   5.9990000e+06   0.0000000e+00
   1.2420000e+03   3.6437988e+01
   1.9040000e+03   4.3640137e+01
   2.4000000e+03   3.9123535e+01
   2.7810000e+03   4.1931152e+01
   2.8900000e+03   3.6682129e+01
   2.9940000e+03   4.4616699e+01
   3.2100000e+03   3.2958984e+01
   3.3210000e+03   3.6071777e+01
   3.5840000e+03   3.5766602e+01
   5.7660000e+03   4.7302246e+01
   5.7780000e+03   4.1625977e+01
   5.7980000e+03   4.5043945e+01
   6.1830000e+03   3.6071777e+01
   6.8330000e+03   3.4545898e+01
   7.7440000e+03   4.2785645e+01
   7.7590000e+03   3.0090332e+01
   7.8740000e+03   3.9489746e+01
   7.9090000e+03   4.6569824e+01
   7.9630000e+03   6.3293457e+01
   7.9800000e+03   2.5329590e+01
   8.0370000e+03   4.3457031e+01
   8.1160000e+03   4.8095703e+01
   8.1350000e+03   4.3212891e+01
   8.1580000e+03   5.0537109e+01
   8.1760000e+03   2.2705078e+01
   8.2200000e+03   3.6193848e+01
   8.2580000e+03   3.9733887e+01
   8.2860000e+03   4.2846680e+01
   8.3090000e+03   2.3803711e+01
   8.3550000e+03   5.3649902e+01
   8.3670000e+03   6.0791016e+01
   8.3920000e+03   3.8513184e+01
   8.4310000e+03   8.7036133e+01
   8.4480000e+03   3.5461426e+01
   8.4740000e+03   3.9855957e+01
   8.4920000e+03   2.7526855e+01
   8.5070000e+03   8.3435059e+01
   8.5560000e+03   4.9560547e+01
   8.5780000e+03   5.7983398e+01
   8.6070000e+03   3.3569336e+01
   8.6190000e+03   3.2043457e+01
   8.6410000e+03   4.3701172e+01
   8.6530000e+03   4.9438477e+01
   8.6790000e+03   3.4851074e+01
   8.7050000e+03   2.8869629e+01
   8.7330000e+03   4.3090820e+01
   8.7650000e+03   2.3376465e+01
   8.7930000e+03   5.1635742e+01
   8.8180000e+03   3.8574219e+01
   8.8570000e+03   2.5573730e+01
   8.8740000e+03   2.2827148e+01
   8.8900000e+03   2.7160645e+01
   8.9200000e+03   3.7292480e+01
   8.9430000e+03   3.8208008e+01
   8.9950000e+03   2.2827148e+01
   9.0260000e+03   3.0639648e+01
   9.0700000e+03   3.7475586e+01
   9.0970000e+03   3.6987305e+01
   9.1170000e+03   3.8513184e+01
   9.1410000e+03   3.4606934e+01
   9.2090000e+03   2.3620605e+01
   9.2390000e+03   4.8278809e+01
   9.3200000e+03   2.2705078e+01
   9.4280000e+03   4.0283203e+01
   9.4780000e+03   3.9916992e+01
   9.4900000e+03   3.0090332e+01
   9.6350000e+03   2.3254395e+01
   9.8160000e+03   2.6123047e+01
   9.9410000e+03   2.3376465e+01
   1.0000000e+04   2.4475098e+01
   1.0025000e+04   2.7954102e+01
   1.0239000e+04   2.9174805e+01
   1.4779000e+04   3.9001465e+01
   1.5354000e+04   3.6621094e+01
   1.5848000e+04   3.7475586e+01
   1.7072000e+04   3.4057617e+01
   1.7536000e+04   3.8574219e+01
   1.8050000e+04   3.5278320e+01
   1.8664000e+04   3.6437988e+01
   1.8965000e+04   3.9978027e+01
   1.9141000e+04   2.8442383e+01
   1.9153000e+04   4.5227051e+01
   1.9327000e+04   5.9570312e+01
   1.9587000e+04   4.8278809e+01
   1.9899000e+04   3.2470703e+01
   2.1908000e+04   4.8767090e+01
   2.1935000e+04   3.7353516e+01
   2.2008000e+04   4.2724609e+01
   2.2200000e+04   3.9489746e+01
   2.2292000e+04   4.4311523e+01
   2.2379000e+04   3.8696289e+01
   2.2498000e+04   3.0090332e+01
   2.4565000e+04   4.4616699e+01
   2.4849000e+04   3.5949707e+01
   2.4902000e+04   4.9804688e+01
   2.5002000e+04   4.5043945e+01
   2.5017000e+04   4.0710449e+01
   2.5116000e+04   7.2875977e+01
   2.5164000e+04   4.6752930e+01
   2.5182000e+04   2.5878906e+01
   2.5226000e+04   4.0344238e+01
   2.5242000e+04   2.6062012e+01
   2.5256000e+04   3.7292480e+01
   2.5284000e+04   4.5104980e+01
   2.5316000e+04   5.2246094e+01
   2.5346000e+04   2.5695801e+01
   2.5374000e+04   4.6813965e+01
   2.5394000e+04   4.3151855e+01
   2.5427000e+04   4.7607422e+01
   2.5440000e+04   6.4575195e+01
   2.5468000e+04   4.1198730e+01
   2.5478000e+04   6.6894531e+01
   2.5522000e+04   6.7565918e+01
   2.5551000e+04   4.8950195e+01
   2.5580000e+04   2.6489258e+01
   2.5603000e+04   4.6875000e+01
   2.5620000e+04   3.4362793e+01
   2.5641000e+04   2.7954102e+01
   2.5656000e+04   5.6884766e+01
   2.5690000e+04   2.8808594e+01
   2.5709000e+04   3.1250000e+01
   2.5722000e+04   3.0517578e+01
   2.5759000e+04   3.9123535e+01
   2.5774000e+04   2.3742676e+01
   2.5794000e+04   2.3559570e+01
   2.5820000e+04   2.9602051e+01
   2.5843000e+04   2.3254395e+01
   2.5864000e+04   3.5156250e+01
   2.5880000e+04   3.0944824e+01
   2.5941000e+04   5.3649902e+01
   2.5964000e+04   3.0456543e+01
   2.6019000e+04   4.9804688e+01
   2.6077000e+04   2.8015137e+01
   2.6112000e+04   3.0090332e+01
   2.6131000e+04   2.4536133e+01
   2.6180000e+04   3.1860352e+01
   2.6193000e+04   2.4047852e+01
   2.6213000e+04   4.3334961e+01
   2.6228000e+04   2.7099609e+01
   2.6312000e+04   2.6489258e+01
   2.6323000e+04   8.4350586e+01
   2.6450000e+04   2.7038574e+01
   2.6527000e+04   2.3132324e+01
   2.6588000e+04   2.3071289e+01
   2.6612000e+04   2.5878906e+01
   2.6670000e+04   2.5207520e+01
   2.6769000e+04   2.5268555e+01
   2.6820000e+04   2.3193359e+01
   2.6906000e+04   2.3071289e+01
   2.6975000e+04   3.1127930e+01
   2.7176000e+04   3.1250000e+01
   2.7392000e+04   3.1860352e+01
   3.3127000e+04   3.4179688e+01
   3.4339000e+04   3.8879395e+01
   3.4776000e+04   3.3325195e+01
   3.4923000e+04   4.9377441e+01
   3.5080000e+04   3.2165527e+01
   3.5784000e+04   3.7231445e+01
   3.6359000e+04   3.5278320e+01
   3.6879000e+04   3.6010742e+01
   3.7126000e+04   4.6508789e+01
   3.7139000e+04   4.2602539e+01
   3.7285000e+04   3.9733887e+01
   3.7316000e+04   3.0883789e+01
   3.7451000e+04   4.7973633e+01
   3.7493000e+04   3.8269043e+01
   3.7550000e+04   2.4475098e+01
   3.7595000e+04   3.2958984e+01
   3.7639000e+04   5.0476074e+01
   3.7652000e+04   2.4475098e+01
   3.7688000e+04   4.0283203e+01
   3.7719000e+04   4.9499512e+01
   3.7761000e+04   2.3254395e+01
   3.7790000e+04   4.8095703e+01
   3.7827000e+04   3.2714844e+01
   3.7857000e+04   4.3029785e+01
   3.7892000e+04   2.8381348e+01
   3.7925000e+04   2.8320312e+01
   3.8006000e+04   4.3334961e+01
   3.8024000e+04   2.4719238e+01
   3.8060000e+04   3.2531738e+01
   3.8082000e+04   5.0842285e+01
   3.8176000e+04   3.7170410e+01
   3.8193000e+04   2.6184082e+01
   3.8228000e+04   4.1687012e+01
   3.8319000e+04   4.0710449e+01
   3.8394000e+04   3.8635254e+01
   3.8443000e+04   3.3081055e+01
   3.8573000e+04   3.7902832e+01
   3.8590000e+04   2.7038574e+01
   3.8744000e+04   2.7099609e+01
   4.2623000e+04   3.1494141e+01
   4.3335000e+04   3.6010742e+01
   4.3501000e+04   5.2062988e+01
   4.3544000e+04   3.7414551e+01
   4.3780000e+04   3.5217285e+01
   4.5945000e+04   3.6071777e+01
   4.6495000e+04   3.4057617e+01
   4.6685000e+04   5.2490234e+01
   4.6707000e+04   4.1259766e+01
   4.6792000e+04   4.8828125e+01
   4.6823000e+04   2.3437500e+01
   4.6849000e+04   4.3457031e+01
   4.6892000e+04   5.5725098e+01
   4.6937000e+04   4.6752930e+01
   4.6963000e+04   3.6865234e+01
   4.7025000e+04   6.9152832e+01
   4.7052000e+04   3.5522461e+01
   4.7069000e+04   4.5410156e+01
   4.7098000e+04   4.3762207e+01
   4.7110000e+04   2.3925781e+01
   4.7137000e+04   4.6447754e+01
   4.7166000e+04   5.4138184e+01
   4.7190000e+04   2.6000977e+01
   4.7217000e+04   3.4118652e+01
   4.7240000e+04   3.3264160e+01
   4.7266000e+04   2.7343750e+01
   4.7286000e+04   4.4250488e+01
   4.7315000e+04   2.6550293e+01
   4.7337000e+04   4.7851562e+01
   4.7355000e+04   6.9580078e+01
   4.7389000e+04   2.3315430e+01
   4.7427000e+04   6.8664551e+01
   4.7439000e+04   6.7077637e+01
   4.7480000e+04   6.5185547e+01
   4.7490000e+04   2.4841309e+01
   4.7514000e+04   5.9936523e+01
   4.7542000e+04   5.1208496e+01
   4.7569000e+04   3.4606934e+01
   4.7582000e+04   4.2053223e+01
   4.7599000e+04   3.8024902e+01
   4.7628000e+04   2.6550293e+01
   4.7652000e+04   3.3386230e+01
   4.7663000e+04   3.9306641e+01
   4.7698000e+04   3.5339355e+01
   4.7724000e+04   3.7719727e+01
   4.7741000e+04   2.3071289e+01
   4.7758000e+04   2.3864746e+01
   4.7788000e+04   4.6081543e+01
   4.7802000e+04   4.6813965e+01
   4.7845000e+04   2.3254395e+01
   4.7875000e+04   3.0273438e+01
   4.7887000e+04   5.5725098e+01
   4.7969000e+04   6.5246582e+01
   4.8037000e+04   2.4841309e+01
   4.8062000e+04   4.6386719e+01
   4.8115000e+04   2.3315430e+01
   4.8172000e+04   4.6020508e+01
   4.8271000e+04   2.3742676e+01
   4.8283000e+04   2.3620605e+01
   4.8308000e+04   2.3010254e+01
   4.8380000e+04   3.2714844e+01
   4.8409000e+04   2.3254395e+01
   4.8532000e+04   2.4414062e+01
   4.8587000e+04   2.5390625e+01
   4.8618000e+04   2.4597168e+01
   4.8749000e+04   2.5512695e+01
   4.8875000e+04   2.3864746e+01
   4.8931000e+04   3.2775879e+01
   5.5533000e+04   3.3813477e+01
   5.6552000e+04   4.0100098e+01
   5.7198000e+04   3.7292480e+01
   5.7785000e+04   3.8146973e+01
   5.8193000e+04   3.9489746e+01
   5.8272000e+04   5.8959961e+01
   5.8377000e+04   4.3640137e+01
   5.8475000e+04   3.8757324e+01
   5.8557000e+04   4.1015625e+01
   5.8610000e+04   4.8767090e+01
   5.8748000e+04   5.5053711e+01
   5.8855000e+04   4.3762207e+01
   5.8916000e+04   4.1625977e+01
   5.9077000e+04   5.5053711e+01
   5.9099000e+04   3.4606934e+01
   6.3444000e+04   3.9733887e+01
   6.3483000e+04   4.8645020e+01
   6.3607000e+04   3.9184570e+01
   6.3685000e+04   4.5837402e+01
   6.3713000e+04   3.4301758e+01
   6.3734000e+04   3.0029297e+01
   6.3746000e+04   4.8706055e+01
   6.3776000e+04   2.3315430e+01
   6.3806000e+04   3.3203125e+01
   6.3822000e+04   5.8715820e+01
   6.3852000e+04   3.9062500e+01
   6.3887000e+04   4.0283203e+01
   6.3921000e+04   4.3151855e+01
   6.3939000e+04   5.0842285e+01
   6.3956000e+04   6.6894531e+01
   6.3976000e+04   2.9663086e+01
   6.4007000e+04   3.4484863e+01
   6.4017000e+04   5.3771973e+01
   6.4031000e+04   8.8500977e+01
   6.4056000e+04   2.3071289e+01
   6.4075000e+04   3.3752441e+01
   6.4107000e+04   3.8330078e+01
   6.4138000e+04   3.5766602e+01
   6.4179000e+04   3.6437988e+01
   6.4198000e+04   4.4311523e+01
   6.4223000e+04   3.7109375e+01
   6.4255000e+04   6.0791016e+01
   6.4278000e+04   2.6855469e+01
   6.4304000e+04   2.3986816e+01
   6.4336000e+04   3.8635254e+01
   6.4352000e+04   2.3925781e+01
   6.4370000e+04   2.4475098e+01
   6.4413000e+04   4.1442871e+01
   6.4452000e+04   2.2949219e+01
   6.4478000e+04   2.6733398e+01
   6.4495000e+04   4.0527344e+01
   6.4533000e+04   2.5390625e+01
   6.4553000e+04   2.8747559e+01
   6.4569000e+04   3.0761719e+01
   6.4603000e+04   2.7587891e+01
   6.4644000e+04   3.6499023e+01
   6.4657000e+04   2.8381348e+01
   6.4746000e+04   3.2470703e+01
   6.4767000e+04   3.5888672e+01
   6.4883000e+04   2.2766113e+01
   6.4910000e+04   2.6245117e+01
   6.5020000e+04   2.4353027e+01
   6.5177000e+04   2.9907227e+01
   6.5284000e+04   2.2583008e+01
   6.5363000e+04   2.5451660e+01
   6.5550000e+04   2.4902344e+01
   6.5769000e+04   2.7465820e+01
   7.2167000e+04   2.7221680e+01
   7.2740000e+04   3.4545898e+01
   7.3237000e+04   3.1738281e+01
   7.4424000e+04   3.1311035e+01
   7.4781000e+04   3.3996582e+01
   7.6506000e+04   3.5217285e+01
   7.7776000e+04   3.3996582e+01
   7.8234000e+04   4.0039062e+01
   7.8341000e+04   4.9377441e+01
   7.8424000e+04   4.1381836e+01
   7.8468000e+04   4.0771484e+01
   7.8527000e+04   6.5673828e+01
   7.8558000e+04   2.6550293e+01
   7.8577000e+04   4.1320801e+01
   7.8599000e+04   2.9235840e+01
   7.8627000e+04   3.1555176e+01
   7.8663000e+04   6.1767578e+01
   7.8679000e+04   3.9184570e+01
   7.8697000e+04   2.6428223e+01
   7.8721000e+04   2.3193359e+01
   7.8767000e+04   3.8024902e+01
   7.8778000e+04   6.6467285e+01
   7.8810000e+04   3.6132812e+01
   7.8837000e+04   4.2968750e+01
   7.8861000e+04   9.0148926e+01
   7.8885000e+04   3.4729004e+01
   7.8903000e+04   2.6855469e+01
   7.8932000e+04   3.9489746e+01
   7.8946000e+04   6.7810059e+01
   7.8984000e+04   3.8574219e+01
   7.9016000e+04   4.7241211e+01
   7.9052000e+04   4.2724609e+01
   7.9091000e+04   5.4443359e+01
   7.9112000e+04   2.4841309e+01
   7.9166000e+04   3.3325195e+01
   7.9177000e+04   3.5217285e+01
   7.9225000e+04   2.9052734e+01
   7.9238000e+04   3.5339355e+01
   7.9269000e+04   2.7770996e+01
   7.9281000e+04   2.4597168e+01
   7.9320000e+04   5.2185059e+01
   7.9381000e+04   2.3864746e+01
   7.9408000e+04   4.0954590e+01
   7.9434000e+04   3.1494141e+01
   7.9513000e+04   3.6987305e+01
   7.9547000e+04   4.4860840e+01
   7.9592000e+04   2.7709961e+01
   7.9662000e+04   3.7048340e+01
   7.9692000e+04   4.2968750e+01
   7.9705000e+04   2.3315430e+01
   7.9812000e+04   2.2827148e+01
   7.9882000e+04   2.7404785e+01
   8.0039000e+04   3.0090332e+01
   8.0219000e+04   2.6550293e+01
   8.7395000e+04   2.4414062e+01
   8.7807000e+04   3.3203125e+01
   8.9828000e+04   3.0517578e+01
   9.0504000e+04   2.7709961e+01
   9.0677000e+04   4.1015625e+01
   9.0744000e+04   3.1494141e+01
   9.0912000e+04   4.6447754e+01
   9.0933000e+04   5.1269531e+01
   9.1051000e+04   3.1005859e+01
   9.1103000e+04   4.3029785e+01
   9.1125000e+04   2.5146484e+01
   9.1165000e+04   2.5329590e+01
   9.1176000e+04   3.0151367e+01
   9.1213000e+04   3.5156250e+01
   9.1257000e+04   5.1086426e+01
   9.1283000e+04   3.2714844e+01
   9.1388000e+04   3.5034180e+01
   9.1403000e+04   4.1992188e+01
   9.1433000e+04   3.9978027e+01
   9.1473000e+04   2.3986816e+01
   9.1553000e+04   3.2592773e+01
   9.1574000e+04   3.8391113e+01
   9.1668000e+04   4.7546387e+01
   9.1698000e+04   2.8259277e+01
   9.1769000e+04   3.3752441e+01
   9.1789000e+04   2.4780273e+01
   9.1837000e+04   3.0334473e+01
   9.1979000e+04   2.2705078e+01
   9.2024000e+04   2.8076172e+01
   9.2061000e+04   2.3132324e+01
   9.2072000e+04   2.9479980e+01
   9.2347000e+04   3.5949707e+01
   9.6461000e+04   3.8757324e+01
   9.6716000e+04   3.9550781e+01
   9.6833000e+04   5.4504395e+01
   9.6923000e+04   3.4362793e+01
   9.6967000e+04   3.9916992e+01
   9.7065000e+04   4.8156738e+01
   9.7094000e+04   3.5827637e+01
   9.7146000e+04   4.2114258e+01
   9.7206000e+04   2.2827148e+01
   9.7237000e+04   5.2368164e+01
   9.7356000e+04   3.1188965e+01
   9.7380000e+04   3.9245605e+01
   9.7402000e+04   3.9062500e+01
   9.7531000e+04   2.9724121e+01
   9.7593000e+04   4.3762207e+01
   9.7624000e+04   3.8024902e+01
   9.7735000e+04   2.7038574e+01
   9.7770000e+04   3.8574219e+01
   9.8081000e+04   2.8259277e+01
   1.0272900e+05   4.4311523e+01
   1.0284900e+05   4.5898438e+01
   1.0289700e+05   4.7363281e+01
   1.0293900e+05   4.6264648e+01
   1.0298100e+05   2.8808594e+01
   1.0301500e+05   4.3151855e+01
   1.0307000e+05   4.2053223e+01
   1.0310900e+05   2.5573730e+01
   1.0313200e+05   3.3447266e+01
   1.0315300e+05   5.3833008e+01
   1.0319500e+05   4.4433594e+01
   1.0322200e+05   2.5451660e+01
   1.0323900e+05   2.9846191e+01
   1.0327000e+05   2.9052734e+01
   1.0328900e+05   2.4902344e+01
   1.0331200e+05   3.1433105e+01
   1.0333600e+05   6.0607910e+01
   1.0336100e+05   6.1584473e+01
   1.0337400e+05   3.3081055e+01
   1.0339500e+05   2.3681641e+01
   1.0341200e+05   7.1411133e+01
   1.0342700e+05   3.5705566e+01
   1.0344800e+05   2.5329590e+01
   1.0348600e+05   4.3762207e+01
   1.0350200e+05   3.1494141e+01
   1.0354000e+05   2.5878906e+01
   1.0356100e+05   5.3161621e+01
   1.0359500e+05   3.0334473e+01
   1.0362700e+05   4.2236328e+01
   1.0366300e+05   3.4057617e+01
   1.0370000e+05   5.9814453e+01
   1.0374500e+05   3.4240723e+01
   1.0375900e+05   2.2766113e+01
   1.0378200e+05   4.3762207e+01
   1.0381400e+05   2.6184082e+01
   1.0384000e+05   2.4963379e+01
   1.0386300e+05   3.3447266e+01
   1.0389100e+05   3.5522461e+01
   1.0395200e+05   2.9785156e+01
   1.0398400e+05   3.7475586e+01
   1.0400200e+05   4.4677734e+01
   1.0412700e+05   4.9865723e+01
   1.0437500e+05   2.3376465e+01
   1.0448500e+05   2.3376465e+01
   1.0453500e+05   2.3864746e+01
   1.1497000e+05   4.0588379e+01
   1.1561900e+05   3.8391113e+01
   1.1750500e+05   3.8085938e+01
   1.1784300e+05   3.9672852e+01
   1.1790300e+05   4.5227051e+01
   1.1793100e+05   2.2949219e+01
   1.1796400e+05   4.4921875e+01
   1.1797900e+05   3.7719727e+01
   1.1805100e+05   2.6489258e+01
   1.1807700e+05   3.5217285e+01
   1.1808700e+05   3.3630371e+01
   1.1814800e+05   2.3742676e+01
   1.1817900e+05   2.8930664e+01
   1.1819100e+05   4.7912598e+01
   1.1824400e+05   2.7648926e+01
   1.1829900e+05   2.6794434e+01
   1.1831000e+05   6.9152832e+01
   1.1833800e+05   3.5400391e+01
   1.1835700e+05   6.0729980e+01
   1.1839900e+05   2.7954102e+01
   1.1841800e+05   3.5339355e+01
   1.1844300e+05   6.0607910e+01
   1.1845300e+05   4.1259766e+01
   1.1847700e+05   2.5329590e+01
   1.1850500e+05   2.4414062e+01
   1.1852400e+05   8.0322266e+01
   1.1855900e+05   2.4719238e+01
   1.1858300e+05   2.8808594e+01
   1.1860300e+05   5.6335449e+01
   1.1862300e+05   2.7832031e+01
   1.1865200e+05   2.6062012e+01
   1.1868200e+05   6.3598633e+01
   1.1870700e+05   2.8686523e+01
   1.1872500e+05   2.5146484e+01
   1.1874400e+05   3.9611816e+01
   1.1876900e+05   4.2663574e+01
   1.1881400e+05   2.6367188e+01
   1.1884100e+05   2.3925781e+01
   1.1885600e+05   4.6813965e+01
   1.1886900e+05   3.2104492e+01
   1.1892900e+05   2.5146484e+01
   1.1894400e+05   2.8320313e+01
   1.1896700e+05   4.0527344e+01
   1.1899200e+05   2.4841309e+01
   1.1903600e+05   3.5766602e+01
   1.1910400e+05   2.2888184e+01
   1.1913500e+05   2.4719238e+01
   1.1929800e+05   2.7038574e+01
   1.1945700e+05   2.7832031e+01
   1.1966000e+05   2.3254395e+01
   1.1986800e+05   2.8625488e+01
   1.1993700e+05   2.8686523e+01
   1.2874500e+05   2.9785156e+01
   1.2935800e+05   3.5034180e+01
   1.3113200e+05   4.2907715e+01
   1.3311700e+05   4.3029785e+01
   1.3425800e+05   4.3518066e+01
   1.3431300e+05   5.3100586e+01
   1.3441200e+05   2.9602051e+01
   1.3443900e+05   2.3010254e+01
   1.3445100e+05   2.3254395e+01
   1.3449000e+05   5.4443359e+01
   1.3452500e+05   3.3508301e+01
   1.3455600e+05   4.0283203e+01
   1.3461300e+05   2.8869629e+01
   1.3462900e+05   6.2194824e+01
   1.3464300e+05   3.0456543e+01
   1.3467000e+05   3.9978027e+01
   1.3470300e+05   2.5024414e+01
   1.3472500e+05   1.1285400e+02
   1.3474300e+05   2.4047852e+01
   1.3477900e+05   3.0334473e+01
   1.3478900e+05   4.2663574e+01
   1.3482700e+05   4.3334961e+01
   1.3485200e+05   3.9001465e+01
   1.3489400e+05   5.9875488e+01
   1.3493000e+05   6.4575195e+01
   1.3496300e+05   4.4677734e+01
   1.3498200e+05   2.2949219e+01
   1.3499800e+05   5.4504395e+01
   1.3502200e+05   4.6386719e+01
   1.3504700e+05   2.2949219e+01
   1.3507800e+05   5.3710937e+01
   1.3511700e+05   2.7282715e+01
   1.3514200e+05   3.7719727e+01
   1.3516200e+05   2.6184082e+01
   1.3519700e+05   2.5451660e+01
   1.3521500e+05   3.8879395e+01
   1.3522900e+05   3.2409668e+01
   1.3528700e+05   2.4353027e+01
   1.3530200e+05   2.3925781e+01
   1.3534700e+05   6.1767578e+01
   1.3545800e+05   2.5634766e+01
   1.3548900e+05   5.7800293e+01
   1.3559000e+05   2.5024414e+01
   1.3562500e+05   2.3254395e+01
   1.3567400e+05   2.5573730e+01
   1.3579700e+05   2.8198242e+01
   1.3595500e+05   2.6062012e+01
   1.3612700e+05   2.6184082e+01
   1.3631900e+05   2.3559570e+01
   1.3649800e+05   3.1677246e+01
   1.3659400e+05   2.3315430e+01
   1.4426700e+05   2.9418945e+01
   1.4586900e+05   3.8818359e+01
   1.4789900e+05   3.5034180e+01
   1.4879100e+05   4.2846680e+01
   1.5031400e+05   3.3081055e+01
   1.5267900e+05   4.1442871e+01
   1.5697900e+05   3.5522461e+01
   1.5922100e+05   4.6569824e+01
   1.5944700e+05   4.6508789e+01
   1.5947200e+05   3.8269043e+01
   1.5954800e+05   5.2795410e+01
   1.5956200e+05   2.7893066e+01
   1.5958700e+05   4.6569824e+01
   1.5961900e+05   3.7597656e+01
   1.5963300e+05   3.2470703e+01
   1.5967600e+05   2.6489258e+01
   1.5968600e+05   4.8278809e+01
   1.5971600e+05   7.9406738e+01
   1.5973300e+05   4.5288086e+01
   1.5975500e+05   2.3864746e+01
   1.5976800e+05   5.2062988e+01
   1.5978700e+05   7.5317383e+01
   1.5981000e+05   3.9306641e+01
   1.5982800e+05   3.5278320e+01
   1.5986200e+05   6.5124512e+01
   1.5988500e+05   3.4240723e+01
   1.5990800e+05   2.8564453e+01
   1.5993800e+05   6.0974121e+01
   1.5994900e+05   2.6855469e+01
   1.6000200e+05   4.4860840e+01
   1.6006400e+05   2.5512695e+01
   1.6008900e+05   2.8747559e+01
   1.6013100e+05   2.8869629e+01
   1.6020000e+05   2.7893066e+01
   1.6021800e+05   4.1198730e+01
   1.6027900e+05   3.3691406e+01
   1.6030200e+05   3.5339355e+01
   1.6035600e+05   3.9733887e+01
   1.6044000e+05   2.5573730e+01
   1.6052600e+05   2.5390625e+01
   1.6056300e+05   2.3254395e+01
   1.6070500e+05   2.9479980e+01
   1.6072500e+05   2.2583008e+01
   1.6074700e+05   3.0090332e+01
   1.6076400e+05   2.5573730e+01
   1.6084800e+05   2.7343750e+01
   1.6109400e+05   2.3803711e+01
   1.6114100e+05   2.2705078e+01
   1.7012200e+05   4.2663574e+01
   1.7343400e+05   4.8828125e+01
   1.7448000e+05   3.6010742e+01
   1.7570500e+05   3.6010742e+01
   1.8675000e+05   4.5349121e+01
   1.8693500e+05   5.6640625e+01
   1.8699300e+05   4.0222168e+01
   1.8706600e+05   4.9743652e+01
   1.8710100e+05   4.7973633e+01
   1.8711700e+05   5.4748535e+01
   1.8713600e+05   3.1738281e+01
   1.8716300e+05   3.8208008e+01
   1.8718400e+05   4.7058105e+01
   1.8719800e+05   3.1555176e+01
   1.8722200e+05   8.4228516e+01
   1.8724500e+05   3.6010742e+01
   1.8725900e+05   3.0822754e+01
   1.8728100e+05   4.3823242e+01
   1.8729600e+05   2.6428223e+01
   1.8730900e+05   9.6984863e+01
   1.8735600e+05   5.7373047e+01
   1.8738400e+05   6.2133789e+01
   1.8740300e+05   3.9611816e+01
   1.8742800e+05   3.0639648e+01
   1.8746200e+05   5.5297852e+01
   1.8748300e+05   3.3813477e+01
   1.8751200e+05   2.4230957e+01
   1.8753300e+05   3.0334473e+01
   1.8757400e+05   2.9479980e+01
   1.8759600e+05   4.2785645e+01
   1.8762800e+05   3.0761719e+01
   1.8766100e+05   3.8269043e+01
   1.8768800e+05   3.4179688e+01
   1.8772100e+05   2.6794434e+01
   1.8774800e+05   4.0710449e+01
   1.8779600e+05   2.6733398e+01
   1.8782100e+05   2.4353027e+01
   1.8786400e+05   4.0039062e+01
   1.8787800e+05   2.8015137e+01
   1.8790400e+05   2.9968262e+01
   1.8793300e+05   2.6550293e+01
   1.8798300e+05   3.3447266e+01
   1.8800200e+05   4.8217773e+01
   1.8808800e+05   3.3081055e+01
   1.8813400e+05   2.4230957e+01
   1.8818600e+05   5.6945801e+01
   1.8820100e+05   2.5634766e+01
   1.8826500e+05   2.7160645e+01
   1.8829100e+05   2.2766113e+01
   1.8831700e+05   2.6184082e+01
   1.8841900e+05   2.3681641e+01
   1.8858800e+05   4.1198730e+01
   1.8875700e+05   3.0090332e+01
   1.8879900e+05   2.3742676e+01
   1.8886000e+05   2.3193359e+01
   2.0358900e+05   4.0100098e+01
   3.5776600e+05   2.2583008e+01
   3.7491600e+05   2.3437500e+01
   4.9938800e+05   4.2907715e+01
   5.0419300e+05   3.6315918e+01
   5.1844800e+05   3.6315918e+01
   5.2570400e+05   3.5705566e+01
   5.3163000e+05   3.7353516e+01
   5.4477900e+05   3.3264160e+01
   5.7087000e+05   3.9245605e+01
   5.8940500e+05   3.5644531e+01
   6.1715600e+05   5.7434082e+01
   6.1720500e+05   4.6630859e+01
   6.1722800e+05   2.2583008e+01
   6.1726100e+05   5.0476074e+01
   6.1728000e+05   3.5095215e+01
   6.1732600e+05   4.7973633e+01
   6.1734500e+05   7.0312500e+01
   6.1736800e+05   7.6354980e+01
   6.1739100e+05   4.4311523e+01
   6.1742100e+05   7.2631836e+01
   6.1744400e+05   4.5593262e+01
   6.1746700e+05   6.4758301e+01
   6.1749200e+05   5.9997559e+01
   6.1750400e+05   2.7160645e+01
   6.1753000e+05   5.9265137e+01
   6.1756900e+05   2.7709961e+01
   6.1760300e+05   3.3264160e+01
   6.1761500e+05   2.9479980e+01
   6.1763400e+05   2.5512695e+01
   6.1768000e+05   2.4047852e+01
   6.1770500e+05   2.9479980e+01
   6.1772000e+05   3.3691406e+01
   6.1775200e+05   2.4047852e+01
   6.1778200e+05   2.6428223e+01
   6.1780900e+05   2.5573730e+01
   6.1783900e+05   2.7954102e+01
   6.1786900e+05   2.2766113e+01
   6.1801800e+05   2.5451660e+01
   6.1803500e+05   3.0212402e+01
   6.1805800e+05   2.4414062e+01
   6.1807600e+05   2.9724121e+01
   6.1809600e+05   3.1005859e+01
   6.1811400e+05   2.3803711e+01
   6.1814200e+05   2.3681641e+01
   6.1818500e+05   2.5390625e+01
   6.1821900e+05   2.6000977e+01
   6.1828400e+05   6.3964844e+01
   6.1829900e+05   2.2766113e+01
   6.1832000e+05   2.3803711e+01
   6.1836100e+05   2.8991699e+01
   6.1837300e+05   2.7893066e+01
   6.1840300e+05   2.4597168e+01
   6.1843500e+05   3.2775879e+01
   6.1845900e+05   2.7832031e+01
   6.1848200e+05   2.7038574e+01
   6.1851500e+05   3.1066895e+01
   6.1853700e+05   4.2663574e+01
   6.1856600e+05   3.2836914e+01
   6.1859200e+05   2.8320312e+01
   6.1864400e+05   3.1982422e+01
   6.1872900e+05   2.5756836e+01
   6.1875600e+05   3.2104492e+01
   6.1876600e+05   2.3559570e+01
   6.1879300e+05   2.4353027e+01
   6.1880900e+05   2.3620605e+01
   6.1885300e+05   3.6682129e+01
   6.1890400e+05   5.2734375e+01
   6.1892100e+05   2.3559570e+01
   6.1897200e+05   2.7526855e+01
   6.1900400e+05   2.6733398e+01
   6.1905500e+05   3.1616211e+01
   6.1907500e+05   3.1860352e+01
   6.1922400e+05   3.1616211e+01
   6.1925500e+05   2.2583008e+01
   6.1944500e+05   2.9479980e+01
   6.1946100e+05   2.2949219e+01
   6.2257700e+05   2.4963379e+01
   6.2653800e+05   3.8879395e+01
   6.2784900e+05   3.8513184e+01
   6.2924100e+05   3.5400391e+01
   6.3074200e+05   4.2724609e+01
   6.3254900e+05   3.8085938e+01
   6.3403200e+05   3.7414551e+01
   6.3609500e+05   4.0405273e+01
   6.3956200e+05   3.4912109e+01
   6.4266900e+05   4.1198730e+01
   6.4630000e+05   4.2419434e+01
   7.7651300e+05   3.1188965e+01
   7.8310000e+05   4.2236328e+01
   7.9655400e+05   5.6823730e+01
   7.9661100e+05   4.5532227e+01
   7.9663500e+05   5.8349609e+01
   7.9665200e+05   3.7231445e+01
   7.9667200e+05   4.2480469e+01
   7.9670300e+05   5.3100586e+01
   7.9673500e+05   6.0180664e+01
   7.9676100e+05   5.6945801e+01
   7.9678500e+05   5.0476074e+01
   7.9680700e+05   4.9255371e+01
   7.9682500e+05   9.1552734e+01
   7.9685800e+05   4.5227051e+01
   7.9686900e+05   4.7607422e+01
   7.9689500e+05   3.6682129e+01
   7.9691500e+05   4.2419434e+01
   7.9696000e+05   3.6010742e+01
   7.9698400e+05   2.3498535e+01
   7.9699800e+05   3.0700684e+01
   7.9703100e+05   2.8503418e+01
   7.9706400e+05   2.4291992e+01
   7.9708000e+05   2.8015137e+01
   7.9710800e+05   2.6550293e+01
   7.9716000e+05   2.6550293e+01
   7.9717500e+05   2.5573730e+01
   7.9724200e+05   2.7343750e+01
   7.9727100e+05   2.4353027e+01
   7.9731100e+05   2.7221680e+01
   7.9734700e+05   3.3691406e+01
   7.9737900e+05   2.7709961e+01
   7.9741600e+05   2.5207520e+01
   7.9744000e+05   2.8076172e+01
   7.9750000e+05   3.9184570e+01
   7.9752600e+05   2.3559570e+01
   7.9754600e+05   3.7048340e+01
   7.9759300e+05   2.6062012e+01
   7.9764800e+05   3.4667969e+01
   7.9767400e+05   3.0639648e+01
   7.9770200e+05   2.4291992e+01
   7.9773100e+05   2.9418945e+01
   7.9775900e+05   4.1320801e+01
   7.9778900e+05   3.4667969e+01
   7.9780100e+05   4.3090820e+01
   7.9783700e+05   2.8747559e+01
   7.9784800e+05   2.4841309e+01
   7.9786300e+05   3.7902832e+01
   7.9790100e+05   2.6977539e+01
   7.9794800e+05   3.8757324e+01
   7.9796800e+05   2.9357910e+01
   7.9802400e+05   3.6804199e+01
   7.9809000e+05   3.1127930e+01
   7.9811200e+05   2.3620605e+01
   7.9813100e+05   3.5827637e+01
   7.9824800e+05   2.5024414e+01
   7.9828600e+05   3.1188965e+01
   7.9831400e+05   2.5390625e+01
   7.9833100e+05   2.5634766e+01
   7.9847800e+05   2.5024414e+01
   7.9849000e+05   4.1015625e+01
   8.0633100e+05   4.1137695e+01
   8.0769600e+05   3.1860352e+01
   8.0863900e+05   3.8085938e+01
   8.0975500e+05   3.9733887e+01
   8.1092800e+05   4.4250488e+01
   8.1115500e+05   5.9020996e+01
   8.1122100e+05   5.8593750e+01
   8.1123700e+05   4.9499512e+01
   8.1129300e+05   6.4819336e+01
   8.1131300e+05   2.5817871e+01
   8.1133200e+05   2.2766113e+01
   8.1136300e+05   3.1066895e+01
   8.1138700e+05   1.3525391e+02
   8.1141600e+05   8.6486816e+01
   8.1144700e+05   7.2204590e+01
   8.1146800e+05   3.4423828e+01
   8.1148000e+05   5.6213379e+01
   8.1150400e+05   5.3710938e+01
   8.1154200e+05   2.6062012e+01
   8.1157400e+05   3.4667969e+01
   8.1160200e+05   2.8991699e+01
   8.1163200e+05   2.6489258e+01
   8.1164400e+05   4.4189453e+01
   8.1167000e+05   2.3559570e+01
   8.1171500e+05   2.2705078e+01
   8.1178300e+05   2.7526855e+01
   8.1181500e+05   2.7160645e+01
   8.1190900e+05   2.2705078e+01
   8.1193300e+05   2.8930664e+01
   8.1195400e+05   2.4658203e+01
   8.1203100e+05   3.1494141e+01
   8.1205900e+05   2.5024414e+01
   8.1209600e+05   2.5695801e+01
   8.1211100e+05   3.4118652e+01
   8.1215000e+05   2.4902344e+01
   8.1218600e+05   2.6000977e+01
   8.1220600e+05   2.5878906e+01
   8.1226700e+05   3.2470703e+01
   8.1228100e+05   2.4047852e+01
   8.1230900e+05   2.7954102e+01
   8.1233300e+05   4.8889160e+01
   8.1237100e+05   3.7536621e+01
   8.1242200e+05   3.0456543e+01
   8.1247300e+05   2.6367188e+01
   8.1250700e+05   3.2409668e+01
   8.1255600e+05   3.8818359e+01
   8.1259000e+05   2.3071289e+01
   8.1261300e+05   6.3049316e+01
   8.1270000e+05   4.7180176e+01
   8.1274700e+05   2.6855469e+01
   8.1278300e+05   3.3630371e+01
   8.1288700e+05   3.3264160e+01
   8.1293700e+05   2.3193359e+01
   8.1295600e+05   2.8137207e+01
   8.1298500e+05   3.1494141e+01
   8.1301200e+05   3.2226562e+01
   8.1307800e+05   2.2888184e+01
   8.1310700e+05   2.5024414e+01
   8.1312700e+05   3.2165527e+01
   8.1318400e+05   3.0334473e+01
   8.1326400e+05   2.3376465e+01
   8.1334000e+05   3.0151367e+01
   8.1349800e+05   2.2644043e+01
   8.2093000e+05   6.2011719e+01
   8.2095300e+05   2.2583008e+01
   8.2100400e+05   3.5217285e+01
   8.2108200e+05   5.2978516e+01
   8.2112200e+05   5.0842285e+01
   8.2117000e+05   4.4189453e+01
   8.2122500e+05   5.1757812e+01
   8.2124600e+05   2.8991699e+01
   8.2128300e+05   3.3508301e+01
   8.2131500e+05   4.6936035e+01
   8.2137300e+05   2.4108887e+01
   8.2139600e+05   4.9926758e+01
   8.2140900e+05   3.3569336e+01
   8.2143800e+05   5.7983398e+01
   8.2147000e+05   4.3579102e+01
   8.2151100e+05   4.4250488e+01
   8.2155300e+05   4.0283203e+01
   8.2158000e+05   2.8625488e+01
   8.2161100e+05   3.0334473e+01
   8.2163600e+05   3.2958984e+01
   8.2166600e+05   4.2541504e+01
   8.2169500e+05   7.7941895e+01
   8.2170800e+05   2.3681641e+01
   8.2174200e+05   3.4912109e+01
   8.2177200e+05   6.8908691e+01
   8.2179100e+05   3.1921387e+01
   8.2181300e+05   2.9541016e+01
   8.2184700e+05   3.6865234e+01
   8.2185900e+05   4.3090820e+01
   8.2187700e+05   3.8513184e+01
   8.2190700e+05   3.5583496e+01
   8.2193800e+05   4.3945312e+01
   8.2195200e+05   2.6062012e+01
   8.2199600e+05   3.1311035e+01
   8.2201200e+05   2.9418945e+01
   8.2203900e+05   2.6611328e+01
   8.2206000e+05   2.8625488e+01
   8.2209200e+05   4.0466309e+01
   8.2213300e+05   3.6132812e+01
   8.2217100e+05   4.0161133e+01
   8.2219900e+05   3.2653809e+01
   8.2221500e+05   2.3803711e+01
   8.2223600e+05   2.9602051e+01
   8.2225700e+05   4.6875000e+01
   8.2227100e+05   2.2766113e+01
   8.2231700e+05   2.3132324e+01
   8.2236900e+05   6.7565918e+01
   8.2246100e+05   2.3437500e+01
   8.2249600e+05   3.2043457e+01
   8.2251300e+05   2.5146484e+01
   8.2258100e+05   2.2583008e+01
   8.2261200e+05   2.8259277e+01
   8.2264600e+05   2.2644043e+01
   8.2273600e+05   2.3132324e+01
   8.2275800e+05   3.2836914e+01
   8.2284100e+05   3.2653809e+01
   8.2291200e+05   2.4902344e+01
   8.2293400e+05   2.7954102e+01
   8.2303200e+05   2.5512695e+01
   8.2311800e+05   2.4230957e+01
   8.2464600e+05   2.4780273e+01
   8.2962600e+05   4.7546387e+01
   8.3143200e+05   4.2358398e+01
   8.3151700e+05   4.3395996e+01
   8.3167100e+05   6.7810059e+01
   8.3178400e+05   4.1564941e+01
   8.3187600e+05   4.8339844e+01
   8.3192900e+05   4.2785645e+01
   8.3207400e+05   4.3334961e+01
   8.3213400e+05   3.8635254e+01
   8.3571100e+05   4.4677734e+01
   8.3628400e+05   3.8940430e+01
   8.3630200e+05   4.9438477e+01
   8.3634900e+05   3.8208008e+01
   8.3639100e+05   2.7343750e+01
   8.3642300e+05   4.3579102e+01
   8.3645700e+05   4.7668457e+01
   8.3649100e+05   4.4555664e+01
   8.3651800e+05   4.2663574e+01
   8.3654000e+05   2.3742676e+01
   8.3657000e+05   2.2583008e+01
   8.3659500e+05   8.2275391e+01
   8.3661400e+05   4.1809082e+01
   8.3663400e+05   2.4536133e+01
   8.3666400e+05   3.2104492e+01
   8.3669800e+05   4.9926758e+01
   8.3673100e+05   5.3283691e+01
   8.3675400e+05   6.6162109e+01
   8.3678300e+05   4.9865723e+01
   8.3680700e+05   3.0883789e+01
   8.3682600e+05   5.2124023e+01
   8.3684100e+05   3.0151367e+01
   8.3685400e+05   3.1066895e+01
   8.3686400e+05   2.4169922e+01
   8.3690000e+05   3.3447266e+01
   8.3691500e+05   4.7180176e+01
   8.3696800e+05   2.4475098e+01
   8.3699500e+05   3.5766602e+01
   8.3701400e+05   3.3325195e+01
   8.3704100e+05   4.7729492e+01
   8.3707200e+05   3.9794922e+01
   8.3709700e+05   3.5522461e+01
   8.3712500e+05   3.2226562e+01
   8.3715900e+05   2.9846191e+01
   8.3717400e+05   3.4545898e+01
   8.3721700e+05   2.8198242e+01
   8.3724700e+05   4.2114258e+01
   8.3727300e+05   2.6672363e+01
   8.3731400e+05   4.3457031e+01
   8.3734200e+05   3.6376953e+01
   8.3735900e+05   2.4719238e+01
   8.3737800e+05   3.9489746e+01
   8.3740800e+05   3.9184570e+01
   8.3742400e+05   2.4719238e+01
   8.3745100e+05   3.7109375e+01
   8.3752200e+05   3.8330078e+01
   8.3753800e+05   3.0212402e+01
   8.3760500e+05   2.3071289e+01
   8.3765400e+05   3.9489746e+01
   8.3780500e+05   3.7414551e+01
   8.3784200e+05   2.9113770e+01
   8.3786500e+05   2.2766113e+01
   8.3797400e+05   2.5512695e+01
   8.3800900e+05   2.7893066e+01
   8.3809600e+05   2.7893066e+01
   8.3817600e+05   3.1494141e+01
   8.3820400e+05   2.4841309e+01
   8.3835200e+05   2.9602051e+01
   8.3857700e+05   2.8625488e+01
   8.3879900e+05   3.2897949e+01
   8.4495300e+05   4.4738770e+01
   8.4771100e+05   4.2297363e+01
   8.4827000e+05   3.5827637e+01
   8.4854500e+05   4.1320801e+01
   8.4864300e+05   4.5227051e+01
   8.4866900e+05   3.4301758e+01
   8.4870600e+05   3.6132812e+01
   8.4882500e+05   6.9946289e+01
   8.4883500e+05   6.4086914e+01
   8.4893400e+05   4.2724609e+01
   8.4894800e+05   3.4912109e+01
   8.4897800e+05   3.6804199e+01
   8.4901700e+05   3.2043457e+01
   8.4903200e+05   3.6560059e+01
   8.4907100e+05   2.5085449e+01
   8.4909500e+05   4.2236328e+01
   8.4910800e+05   3.0639648e+01
   8.4917600e+05   3.2775879e+01
   8.4919900e+05   2.3986816e+01
   8.4920900e+05   3.0151367e+01
   8.4922600e+05   4.0466309e+01
   8.4924500e+05   2.7648926e+01
   8.4929300e+05   2.5817871e+01
   8.4932500e+05   5.7067871e+01
   8.4934800e+05   3.9611816e+01
   8.4936100e+05   5.4382324e+01
   8.4938300e+05   2.4780273e+01
   8.4940500e+05   3.2775879e+01
   8.4943400e+05   5.8227539e+01
   8.4946400e+05   3.9001465e+01
   8.4948100e+05   3.3569336e+01
   8.4950100e+05   3.5034180e+01
   8.4951500e+05   6.8359375e+01
   8.4954800e+05   3.0578613e+01
   8.4955800e+05   2.3986816e+01
   8.4959300e+05   3.4240723e+01
   8.4960400e+05   5.4626465e+01
   8.4963300e+05   2.7282715e+01
   8.4965900e+05   2.6000977e+01
   8.4967100e+05   3.8513184e+01
   8.4970500e+05   4.9194336e+01
   8.4973300e+05   3.1982422e+01
   8.4975700e+05   4.4128418e+01
   8.4979200e+05   5.1879883e+01
   8.4980200e+05   3.2348633e+01
   8.4983700e+05   2.2644043e+01
   8.4990600e+05   4.5532227e+01
   8.4994200e+05   2.7160645e+01
   8.4998500e+05   3.9978027e+01
   8.4999700e+05   3.2409668e+01
   8.5001600e+05   5.5175781e+01
   8.5013200e+05   2.6245117e+01
   8.5020500e+05   3.0822754e+01
   8.5025700e+05   2.4230957e+01
   8.5029400e+05   2.4780273e+01
   8.5043700e+05   2.3925781e+01
   8.5695600e+05   3.4301758e+01
   8.5843700e+05   3.6315918e+01
   8.5894600e+05   3.2775879e+01
   8.5982200e+05   3.8208008e+01
   8.6052100e+05   4.1137695e+01
   8.6055600e+05   4.8767090e+01
   8.6059500e+05   2.3010254e+01
   8.6060800e+05   4.8217773e+01
   8.6067800e+05   3.6499023e+01
   8.6074200e+05   4.6203613e+01
   8.6079300e+05   4.8156738e+01
   8.6081600e+05   2.2583008e+01
   8.6085300e+05   2.2827148e+01
   8.6088600e+05   5.4626465e+01
   8.6090000e+05   4.4067383e+01
   8.6093400e+05   4.7363281e+01
   8.6096500e+05   2.7343750e+01
   8.6098500e+05   3.2104492e+01
   8.6100100e+05   4.3273926e+01
   8.6104300e+05   3.9978027e+01
   8.6107000e+05   5.7373047e+01
   8.6108800e+05   3.3569336e+01
   8.6111700e+05   2.9418945e+01
   8.6114100e+05   2.4353027e+01
   8.6115300e+05   2.3010254e+01
   8.6117800e+05   3.8513184e+01
   8.6119600e+05   3.7109375e+01
   8.6122100e+05   5.2490234e+01
   8.6124900e+05   3.6621094e+01
   8.6126400e+05   2.7465820e+01
   8.6127500e+05   3.1860352e+01
   8.6131600e+05   3.8513184e+01
   8.6133100e+05   5.5114746e+01
   8.6135500e+05   4.3273926e+01
   8.6138500e+05   3.3935547e+01
   8.6141600e+05   5.9326172e+01
   8.6143400e+05   2.9907227e+01
   8.6146500e+05   3.9489746e+01
   8.6149100e+05   3.5461426e+01
   8.6151900e+05   2.9724121e+01
   8.6154400e+05   4.3945312e+01
   8.6155900e+05   2.4230957e+01
   8.6158800e+05   3.3203125e+01
   8.6163600e+05   3.8879395e+01
   8.6167100e+05   4.1992188e+01
   8.6169100e+05   2.4230957e+01
   8.6174200e+05   2.3254395e+01
   8.6175900e+05   5.7678223e+01
   8.6178100e+05   2.4414062e+01
   8.6181800e+05   2.6000977e+01
   8.6185400e+05   2.4169922e+01
   8.6188800e+05   2.2583008e+01
   8.6190600e+05   4.9682617e+01
   8.6198400e+05   3.5583496e+01
   8.6211500e+05   2.7099609e+01
   8.6225800e+05   2.4902344e+01
   8.6236400e+05   2.5695801e+01
   8.6239200e+05   2.2888184e+01
   8.6244400e+05   2.3925781e+01
   8.6247600e+05   2.6062012e+01
   8.6258000e+05   2.4230957e+01
   8.6311100e+05   2.3498535e+01
   8.6863000e+05   3.0273438e+01
   8.6916300e+05   3.4912109e+01
   8.6970500e+05   3.4423828e+01
   8.7019800e+05   3.2470703e+01
   8.7066900e+05   3.5888672e+01
   8.7140400e+05   3.6437988e+01
   8.7214400e+05   2.9296875e+01
   8.7224900e+05   4.5532227e+01
   8.7231500e+05   3.7963867e+01
   8.7236900e+05   3.9184570e+01
   8.7241100e+05   2.6916504e+01
   8.7242700e+05   2.6062012e+01
   8.7244100e+05   6.3476562e+01
   8.7249900e+05   3.1372070e+01
   8.7252400e+05   4.7668457e+01
   8.7253900e+05   3.8574219e+01
   8.7257800e+05   4.5532227e+01
   8.7261000e+05   5.0537109e+01
   8.7264400e+05   3.1311035e+01
   8.7270100e+05   3.9123535e+01
   8.7272700e+05   3.3020020e+01
   8.7274800e+05   3.0090332e+01
   8.7277200e+05   2.3620605e+01
   8.7279000e+05   3.5217285e+01
   8.7281900e+05   4.3151855e+01
   8.7287300e+05   4.2053223e+01
   8.7288800e+05   2.2888184e+01
   8.7291200e+05   3.3630371e+01
   8.7292300e+05   7.6232910e+01
   8.7295200e+05   3.0517578e+01
   8.7302100e+05   5.4992676e+01
   8.7304100e+05   5.7189941e+01
   8.7306100e+05   3.1738281e+01
   8.7308300e+05   2.9174805e+01
   8.7311100e+05   3.3081055e+01
   8.7314500e+05   6.1645508e+01
   8.7322500e+05   5.8776855e+01
   8.7325800e+05   2.4719238e+01
   8.7328900e+05   3.8208008e+01
   8.7332100e+05   4.8156738e+01
   8.7337700e+05   2.7709961e+01
   8.7341400e+05   3.0761719e+01
   8.7343500e+05   5.9936523e+01
   8.7347200e+05   3.0883789e+01
   8.7350700e+05   2.3071289e+01
   8.7353900e+05   2.3071289e+01
   8.7356400e+05   4.8400879e+01
   8.7363000e+05   2.4963379e+01
   8.7374400e+05   2.7160645e+01
   8.7381700e+05   2.5939941e+01
   8.7405700e+05   2.7404785e+01
   8.7425300e+05   2.3864746e+01
   8.7467600e+05   2.3071289e+01
   8.7990600e+05   2.7770996e+01
   8.8089600e+05   3.0761719e+01
   8.8220900e+05   4.1564941e+01
   8.8247600e+05   3.2897949e+01
   8.8306300e+05   2.7282715e+01
   8.8386400e+05   3.3508301e+01
   8.8452300e+05   3.2836914e+01
   8.8482500e+05   3.7231445e+01
   8.8486800e+05   4.2419434e+01
   8.8499800e+05   4.6508789e+01
   8.8501100e+05   5.6396484e+01
   8.8506700e+05   6.0302734e+01
   8.8509700e+05   3.5583496e+01
   8.8512000e+05   3.2653809e+01
   8.8515300e+05   2.5207520e+01
   8.8518500e+05   3.4423828e+01
   8.8519900e+05   2.6550293e+01
   8.8520900e+05   5.3222656e+01
   8.8525200e+05   2.6184082e+01
   8.8530400e+05   2.2644043e+01
   8.8532800e+05   3.4545898e+01
   8.8534100e+05   4.1076660e+01
   8.8536400e+05   7.1166992e+01
   8.8540000e+05   2.3315430e+01
   8.8542900e+05   5.6091309e+01
   8.8544200e+05   2.2827148e+01
   8.8545800e+05   7.7148438e+01
   8.8548900e+05   2.3071289e+01
   8.8552800e+05   5.7922363e+01
   8.8554900e+05   6.2011719e+01
   8.8557100e+05   3.0517578e+01
   8.8559500e+05   2.8015137e+01
   8.8562600e+05   2.7160645e+01
   8.8563700e+05   8.3618164e+01
   8.8566000e+05   2.3193359e+01
   8.8568100e+05   3.4790039e+01
   8.8571400e+05   4.5837402e+01
   8.8572400e+05   3.5400391e+01
   8.8578700e+05   2.6062012e+01
   8.8579800e+05   4.1198730e+01
   8.8584900e+05   3.6682129e+01
   8.8588600e+05   3.9428711e+01
   8.8590200e+05   2.4658203e+01
   8.8593900e+05   2.3132324e+01
   8.8599200e+05   4.4067383e+01
   8.8607200e+05   3.5217285e+01
   8.8610100e+05   4.7363281e+01
   8.8615900e+05   2.2583008e+01
   8.8620100e+05   2.6000977e+01
   8.8630900e+05   2.5756836e+01
   8.8635500e+05   2.3376465e+01
   8.8644900e+05   2.2644043e+01
   8.8661800e+05   2.2705078e+01
   8.8667300e+05   2.3071289e+01
   8.8682200e+05   2.4963379e+01
   8.8718000e+05   2.4841309e+01
   8.8726300e+05   2.2766113e+01
   8.9281400e+05   3.2470703e+01
   8.9400900e+05   3.1921387e+01
   8.9445200e+05   3.7109375e+01
   8.9507800e+05   2.7465820e+01
   8.9543600e+05   3.2287598e+01
   8.9591000e+05   2.9785156e+01
   8.9644300e+05   3.2287598e+01
   8.9679800e+05   3.5034180e+01
   8.9686800e+05   4.3273926e+01
   8.9694100e+05   5.4199219e+01
   8.9697700e+05   2.5329590e+01
   8.9700800e+05   2.2888184e+01
   8.9703500e+05   7.4645996e+01
   8.9706800e+05   2.8564453e+01
   8.9709000e+05   4.7302246e+01
   8.9712600e+05   2.5268555e+01
   8.9716700e+05   3.4484863e+01
   8.9719000e+05   2.5512695e+01
   8.9721000e+05   4.1931152e+01
   8.9722900e+05   2.4475098e+01
   8.9725800e+05   3.7719727e+01
   8.9728800e+05   4.0527344e+01
   8.9730700e+05   3.0761719e+01
   8.9732800e+05   2.4108887e+01
   8.9734700e+05   2.6611328e+01
   8.9737700e+05   3.5888672e+01
   8.9739100e+05   7.5256348e+01
   8.9741800e+05   4.2907715e+01
   8.9743000e+05   2.8259277e+01
   8.9746100e+05   2.3498535e+01
   8.9748300e+05   2.4597168e+01
   8.9749800e+05   5.6518555e+01
   8.9753200e+05   3.2470703e+01
   8.9756400e+05   4.0710449e+01
   8.9757600e+05   3.5522461e+01
   8.9760800e+05   5.7617187e+01
   8.9762400e+05   2.4963379e+01
   8.9766800e+05   4.7729492e+01
   8.9769300e+05   2.5024414e+01
   8.9771900e+05   4.9804688e+01
   8.9773200e+05   3.0395508e+01
   8.9778800e+05   3.9855957e+01
   8.9783700e+05   2.7648926e+01
   8.9784800e+05   2.9907227e+01
   8.9788300e+05   2.5390625e+01
   8.9791900e+05   6.0668945e+01
   8.9794100e+05   2.4536133e+01
   8.9796100e+05   2.3498535e+01
   8.9800200e+05   2.3437500e+01
   8.9814700e+05   2.6489258e+01
   8.9816500e+05   2.6245117e+01
   8.9821400e+05   3.3630371e+01
   8.9829500e+05   2.3193359e+01
   8.9844500e+05   2.5573730e+01
   8.9848200e+05   2.2705078e+01
   8.9863600e+05   2.6916504e+01
   8.9886300e+05   2.8015137e+01
   9.0559900e+05   3.1311035e+01
   9.0631100e+05   2.7038574e+01
   9.0681700e+05   2.5634766e+01
   9.0720100e+05   3.0883789e+01
   9.0793700e+05   3.4057617e+01
   9.0855200e+05   3.5644531e+01
   9.0893900e+05   4.2358398e+01
   9.0903800e+05   5.2185059e+01
   9.0905500e+05   2.9479980e+01
   9.0908700e+05   4.7241211e+01
   9.0910300e+05   3.5827637e+01
   9.0917200e+05   5.3527832e+01
   9.0919300e+05   2.9357910e+01
   9.0923300e+05   4.5532227e+01
   9.0927300e+05   2.3986816e+01
   9.0930200e+05   3.9367676e+01
   9.0934700e+05   4.2541504e+01
   9.0935900e+05   3.5583496e+01
   9.0940600e+05   2.7099609e+01
   9.0944800e+05   4.1809082e+01
   9.0946700e+05   8.1970215e+01
   9.0948000e+05   2.7221680e+01
   9.0951500e+05   2.7587891e+01
   9.0955100e+05   3.2043457e+01
   9.0959200e+05   5.4931641e+01
   9.0961700e+05   4.9072266e+01
   9.0966500e+05   2.5329590e+01
   9.0971200e+05   5.6213379e+01
   9.0972200e+05   2.8137207e+01
   9.0976300e+05   3.2348633e+01
   9.0978700e+05   2.8686523e+01
   9.0981400e+05   7.2326660e+01
   9.0985000e+05   3.3935547e+01
   9.0986800e+05   2.3376465e+01
   9.0989600e+05   3.8452148e+01
   9.0992200e+05   5.8471680e+01
   9.0993300e+05   4.9560547e+01
   9.0996700e+05   2.9052734e+01
   9.1002800e+05   2.7221680e+01
   9.1005100e+05   3.6499023e+01
   9.1006800e+05   2.4780273e+01
   9.1029500e+05   2.8198242e+01
   9.1057900e+05   2.4169922e+01
   9.1061600e+05   2.3010254e+01
   9.1079300e+05   2.6245117e+01
   9.1102100e+05   2.7770996e+01
   9.1674100e+05   3.4606934e+01
   9.1737000e+05   3.7597656e+01
   9.1978300e+05   2.6123047e+01
   9.2028800e+05   3.7536621e+01
   9.2057900e+05   4.6813965e+01
   9.2059500e+05   3.9489746e+01
   9.2065300e+05   2.3498535e+01
   9.2067100e+05   2.2949219e+01
   9.2069300e+05   2.6367188e+01
   9.2072300e+05   5.6335449e+01
   9.2076000e+05   5.3466797e+01
   9.2077500e+05   2.6184082e+01
   9.2084000e+05   2.6367188e+01
   9.2085500e+05   2.8564453e+01
   9.2088400e+05   4.6997070e+01
   9.2090600e+05   2.3010254e+01
   9.2093700e+05   3.0456543e+01
   9.2095300e+05   2.3559570e+01
   9.2097500e+05   3.3996582e+01
   9.2100100e+05   6.3964844e+01
   9.2103500e+05   2.7770996e+01
   9.2111100e+05   4.6203613e+01
   9.2113000e+05   2.4597168e+01
   9.2117500e+05   2.8076172e+01
   9.2119200e+05   2.4291992e+01
   9.2122200e+05   3.2165527e+01
   9.2124200e+05   3.0761719e+01
   9.2126600e+05   3.7048340e+01
   9.2133400e+05   3.7780762e+01
   9.2136700e+05   6.9396973e+01
   9.2140800e+05   3.8574219e+01
   9.2143200e+05   3.3020020e+01
   9.2152000e+05   2.2705078e+01
   9.2155000e+05   4.7790527e+01
   9.2156000e+05   2.3254395e+01
   9.2162600e+05   2.4597168e+01
   9.2165900e+05   3.4912109e+01
   9.2167600e+05   2.7648926e+01
   9.2169100e+05   2.4108887e+01
   9.2172700e+05   2.5756836e+01
   9.2175200e+05   2.3010254e+01
   9.2178300e+05   4.9072266e+01
   9.2180500e+05   2.3315430e+01
   9.2194300e+05   3.3630371e+01
   9.2201900e+05   2.6916504e+01
   9.2209500e+05   2.4780273e+01
   9.2992100e+05   3.3447266e+01
   9.3039300e+05   4.0710449e+01
   9.3077300e+05   3.7475586e+01
   9.3101700e+05   4.4433594e+01
   9.3103900e+05   4.5410156e+01
   9.3112100e+05   2.4597168e+01
   9.3118600e+05   5.5419922e+01
   9.3120300e+05   3.0700684e+01
   9.3121500e+05   3.0151367e+01
   9.3124200e+05   2.5207520e+01
   9.3126200e+05   3.6987305e+01
   9.3128100e+05   3.8940430e+01
   9.3131600e+05   4.9316406e+01
   9.3140400e+05   4.8828125e+01
   9.3144100e+05   3.5888672e+01
   9.3154300e+05   4.3151855e+01
   9.3155800e+05   3.7292480e+01
   9.3158000e+05   2.7404785e+01
   9.3164200e+05   2.3315430e+01
   9.3171500e+05   3.3142090e+01
   9.3176200e+05   3.2958984e+01
   9.3181000e+05   2.5146484e+01
   9.3184100e+05   4.5837402e+01
   9.3185700e+05   2.2583008e+01
   9.3195300e+05   2.3864746e+01
   9.3200300e+05   2.9357910e+01
   9.3206900e+05   2.3498535e+01
   9.3217200e+05   3.0883789e+01
   9.3241400e+05   3.3508301e+01
   9.3262000e+05   2.3254395e+01
   9.3284100e+05   2.6855469e+01
   9.3310600e+05   3.1066895e+01
   9.3900200e+05   3.8513184e+01
   9.3933300e+05   3.3142090e+01
   9.3952200e+05   5.6762695e+01
   9.3953200e+05   3.1250000e+01
   9.3956200e+05   2.3864746e+01
   9.3959500e+05   2.3254395e+01
   9.3960800e+05   4.1381836e+01
   9.3962800e+05   2.8076172e+01
   9.3966400e+05   4.7119141e+01
   9.3970300e+05   4.7729492e+01
   9.3972700e+05   2.5085449e+01
   9.3974700e+05   3.3386230e+01
   9.3979300e+05   3.4118652e+01
   9.3984600e+05   3.2592773e+01
   9.3988600e+05   3.5644531e+01
   9.3992200e+05   3.1860352e+01
   9.3995000e+05   2.7832031e+01
   9.3999000e+05   3.6071777e+01
   9.4003700e+05   4.5166016e+01
   9.4013700e+05   2.3498535e+01
   9.4015500e+05   5.7006836e+01
   9.4020200e+05   3.2287598e+01
   9.4034300e+05   3.2226562e+01
   9.4037700e+05   3.9306641e+01
   9.4050200e+05   2.2888184e+01
   9.4052100e+05   3.9245605e+01
   9.4059300e+05   2.7404785e+01
   9.4066900e+05   2.8442383e+01
   9.4069700e+05   2.4169922e+01
   9.4105200e+05   2.8015137e+01
   9.4127100e+05   2.3132324e+01
   9.4836700e+05   4.5471191e+01
   9.4844500e+05   5.0659180e+01
   9.4851900e+05   4.7119141e+01
   9.4857700e+05   5.5480957e+01
   9.4859600e+05   6.2194824e+01
   9.4861200e+05   3.3203125e+01
   9.4865000e+05   2.7770996e+01
   9.4868200e+05   5.6091309e+01
   9.4870200e+05   3.1066895e+01
   9.4872400e+05   4.5715332e+01
   9.4875800e+05   3.4179688e+01
   9.4879300e+05   3.0212402e+01
   9.4882500e+05   2.3498535e+01
   9.4883800e+05   2.9541016e+01
   9.4885900e+05   3.4545898e+01
   9.4887000e+05   3.4057617e+01
   9.4890000e+05   2.5024414e+01
   9.4893900e+05   3.2714844e+01
   9.4899400e+05   3.2287598e+01
   9.4902400e+05   2.7343750e+01
   9.4904200e+05   2.6000977e+01
   9.4906500e+05   2.8442383e+01
   9.4908500e+05   2.5024414e+01
   9.4911500e+05   3.3508301e+01
   9.4915100e+05   3.5644531e+01
   9.4918600e+05   2.3437500e+01
   9.4925000e+05   2.3498535e+01
   9.4931100e+05   2.4902344e+01
   9.4932500e+05   4.1809082e+01
   9.4938400e+05   2.3864746e+01
   9.4939400e+05   3.6804199e+01
   9.4942600e+05   2.5634766e+01
   9.4951900e+05   2.8869629e+01
   9.4955600e+05   2.7526855e+01
   9.4967500e+05   2.6489258e+01
   9.4985700e+05   2.6611328e+01
   9.5008100e+05   2.7770996e+01
   9.5809400e+05   3.7109375e+01
   9.5830700e+05   4.8522949e+01
   9.5833200e+05   2.8076172e+01
   9.5839900e+05   4.1442871e+01
   9.5841400e+05   3.9428711e+01
   9.5844700e+05   3.9489746e+01
   9.5851800e+05   3.4912109e+01
   9.5854800e+05   4.2663574e+01
   9.5857900e+05   3.6682129e+01
   9.5862900e+05   2.6428223e+01
   9.5870800e+05   5.2429199e+01
   9.5874700e+05   2.5634766e+01
   9.5883400e+05   3.5217285e+01
   9.5885000e+05   2.5695801e+01
   9.5887900e+05   3.6987305e+01
   9.5896300e+05   2.5146484e+01
   9.5897400e+05   2.3071289e+01
   9.5910200e+05   3.4729004e+01
   9.5911200e+05   2.9541016e+01
   9.5925700e+05   2.7038574e+01
   9.5942800e+05   3.5034180e+01
   9.5969300e+05   3.0456543e+01
   9.6711800e+05   4.6813965e+01
   9.6724700e+05   2.2644043e+01
   9.6727300e+05   2.3193359e+01
   9.6728800e+05   9.2041016e+01
   9.6733500e+05   4.8950195e+01
   9.6738800e+05   4.1625977e+01
   9.6740800e+05   3.9123535e+01
   9.6742700e+05   2.5756836e+01
   9.6745700e+05   4.3395996e+01
   9.6748500e+05   4.5166016e+01
   9.6752000e+05   4.6997070e+01
   9.6756900e+05   3.4545898e+01
   9.6757900e+05   3.7353516e+01
   9.6763400e+05   3.4179688e+01
   9.6765200e+05   3.1188965e+01
   9.6769300e+05   4.1442871e+01
   9.6770700e+05   2.4353027e+01
   9.6774000e+05   2.6733398e+01
   9.6777600e+05   3.3752441e+01
   9.6779000e+05   2.6245117e+01
   9.6781500e+05   3.6621094e+01
   9.6784600e+05   2.3864746e+01
   9.6787400e+05   3.2104492e+01
   9.6789000e+05   3.5583496e+01
   9.6793600e+05   3.9428711e+01
   9.6795100e+05   3.5034180e+01
   9.6799100e+05   2.5939941e+01
   9.6801700e+05   3.0761719e+01
   9.6805500e+05   3.1738281e+01
   9.6808400e+05   2.7343750e+01
   9.6812200e+05   2.5207520e+01
   9.6813200e+05   2.8259277e+01
   9.6821300e+05   3.4545898e+01
   9.6825600e+05   2.8564453e+01
   9.6840000e+05   2.7099609e+01
   9.6842400e+05   2.4230957e+01
   9.6847700e+05   2.3864746e+01
   9.6860300e+05   2.8564453e+01
   9.6881200e+05   2.4230957e+01
   9.7871500e+05   4.2541504e+01
   9.7907700e+05   4.2541504e+01
   9.7917100e+05   2.3193359e+01
   9.7920500e+05   5.9509277e+01
   9.7923400e+05   4.1748047e+01
   9.7926700e+05   4.4921875e+01
   9.7933000e+05   6.4758301e+01
   9.7938000e+05   2.2766113e+01
   9.7943500e+05   4.4799805e+01
   9.7944900e+05   4.3212891e+01
   9.7947400e+05   2.4902344e+01
   9.7952800e+05   2.9846191e+01
   9.7955400e+05   4.9011230e+01
   9.7957100e+05   3.6865234e+01
   9.7959600e+05   3.5217285e+01
   9.7960700e+05   3.8940430e+01
   9.7963800e+05   2.4108887e+01
   9.7968000e+05   2.8442383e+01
   9.7972200e+05   3.8574219e+01
   9.7975200e+05   3.4667969e+01
   9.7980500e+05   2.4719238e+01
   9.7983400e+05   2.8076172e+01
   9.7986800e+05   2.3498535e+01
   9.7989500e+05   2.6855469e+01
   9.7993800e+05   4.4433594e+01
   9.7994900e+05   2.9907227e+01
   9.8005200e+05   2.8198242e+01
   9.8008200e+05   2.9907227e+01
   9.8021900e+05   2.4841309e+01
   9.8039400e+05   3.0822754e+01
   9.8879000e+05   4.6325684e+01
   9.8887200e+05   2.3742676e+01
   9.8891500e+05   6.6772461e+01
   9.8893900e+05   5.2612305e+01
   9.8895700e+05   2.3376465e+01
   9.8899300e+05   4.1748047e+01
   9.8902900e+05   3.9794922e+01
   9.8904100e+05   5.4565430e+01
   9.8910100e+05   4.7485352e+01
   9.8912100e+05   3.2348633e+01
   9.8916200e+05   4.6691895e+01
   9.8922400e+05   5.0842285e+01
   9.8925100e+05   2.5329590e+01
   9.8927900e+05   3.6132812e+01
   9.8930200e+05   2.5512695e+01
   9.8931700e+05   2.5817871e+01
   9.8934700e+05   2.5207520e+01
   9.8938500e+05   3.3264160e+01
   9.8940500e+05   2.2888184e+01
   9.8943800e+05   3.6071777e+01
   9.8947000e+05   2.3010254e+01
   9.8950100e+05   4.2663574e+01
   9.8956300e+05   2.9479980e+01
   9.8959500e+05   2.9235840e+01
   9.8964300e+05   2.6733398e+01
   9.8973100e+05   3.3203125e+01
   9.8979600e+05   3.8574219e+01
   9.8986400e+05   2.4719238e+01
   9.8987700e+05   3.0151367e+01
   9.8999500e+05   2.2888184e+01
   9.9005800e+05   2.6489258e+01
   9.9053600e+05   2.4047852e+01
   1.0008570e+06   4.6630859e+01
   1.0009530e+06   6.7199707e+01
   1.0009850e+06   4.8889160e+01
   1.0010120e+06   4.4433594e+01
   1.0010770e+06   8.6425781e+01
   1.0011210e+06   2.4597168e+01
   1.0011630e+06   4.1992188e+01
   1.0011860e+06   6.6406250e+01
   1.0012290e+06   2.6550293e+01
   1.0012520e+06   4.8278809e+01
   1.0012720e+06   4.1870117e+01
   1.0012940e+06   4.1198730e+01
   1.0013170e+06   2.5451660e+01
   1.0013340e+06   2.5390625e+01
   1.0013700e+06   3.3874512e+01
   1.0013920e+06   2.6062012e+01
   1.0014200e+06   4.2968750e+01
   1.0014420e+06   3.1616211e+01
   1.0014630e+06   2.6306152e+01
   1.0015080e+06   3.6376953e+01
   1.0015270e+06   2.6733398e+01
   1.0015540e+06   2.4353027e+01
   1.0016020e+06   2.6367188e+01
   1.0016530e+06   4.9499512e+01
   1.0016780e+06   3.4240723e+01
   1.0017650e+06   2.4353027e+01
   1.0018260e+06   4.0527344e+01
   1.0018520e+06   4.5959473e+01
   1.0019360e+06   2.4597168e+01
   1.0019820e+06   2.6245117e+01
   1.0021580e+06   2.6855469e+01
   1.0185170e+06   3.9123535e+01
   1.0185720e+06   5.8654785e+01
   1.0185870e+06   2.3315430e+01
   1.0186300e+06   4.1503906e+01
   1.0186550e+06   5.1940918e+01
   1.0186870e+06   4.9499512e+01
   1.0187130e+06   2.5939941e+01
   1.0187520e+06   5.5053711e+01
   1.0187680e+06   2.7221680e+01
   1.0187970e+06   7.1716309e+01
   1.0188300e+06   3.4729004e+01
   1.0188410e+06   4.5043945e+01
   1.0188590e+06   2.7038574e+01
   1.0188800e+06   2.5268555e+01
   1.0189410e+06   4.7424316e+01
   1.0189560e+06   2.3437500e+01
   1.0189730e+06   2.9296875e+01
   1.0189860e+06   4.6752930e+01
   1.0190290e+06   3.0639648e+01
   1.0190540e+06   2.2705078e+01
   1.0190660e+06   2.8381348e+01
   1.0191280e+06   4.1198730e+01
   1.0191410e+06   3.3447266e+01
   1.0191520e+06   2.3742676e+01
   1.0191660e+06   2.7465820e+01
   1.0191900e+06   2.6000977e+01
   1.0192000e+06   2.5329590e+01
   1.0192250e+06   3.3386230e+01
   1.0192540e+06   2.9174805e+01
   1.0193030e+06   2.3376465e+01
   1.0193150e+06   2.6611328e+01
   1.0193410e+06   3.5522461e+01
   1.0194060e+06   2.2644043e+01
   1.0194800e+06   2.8503418e+01
   1.0195450e+06   2.3071289e+01
   1.0195870e+06   2.3559570e+01
   1.0196300e+06   2.4047852e+01
   1.0431830e+06   7.0922852e+01
   1.0432190e+06   4.5715332e+01
   1.0432460e+06   2.2949219e+01
   1.0432730e+06   5.2673340e+01
   1.0433150e+06   5.5847168e+01
   1.0433260e+06   2.2583008e+01
   1.0433440e+06   4.7180176e+01
   1.0433660e+06   3.2348633e+01
   1.0434060e+06   8.0627441e+01
   1.0434200e+06   3.4790039e+01
   1.0434540e+06   2.8442383e+01
   1.0434730e+06   3.1860352e+01
   1.0434880e+06   3.0883789e+01
   1.0435000e+06   5.5786133e+01
   1.0435680e+06   5.3894043e+01
   1.0435790e+06   3.8574219e+01
   1.0436210e+06   3.0822754e+01
   1.0436570e+06   4.4555664e+01
   1.0436820e+06   4.3029785e+01
   1.0436990e+06   6.2255859e+01
   1.0437130e+06   2.6245117e+01
   1.0437360e+06   3.0822754e+01
   1.0437690e+06   3.5461426e+01
   1.0437870e+06   2.4169922e+01
   1.0438210e+06   3.2592773e+01
   1.0438450e+06   4.9194336e+01
   1.0438620e+06   2.2766113e+01
   1.0438960e+06   2.6367188e+01
   1.0439170e+06   2.4475098e+01
   1.0439450e+06   2.8442383e+01
   1.0440530e+06   2.3986816e+01
   1.0441400e+06   2.5085449e+01
   1.0441730e+06   2.2827148e+01
   1.0442110e+06   2.6977539e+01
   1.0442850e+06   3.3813477e+01
   1.0443040e+06   3.0334473e+01
   1.0443390e+06   2.4902344e+01
   1.0443560e+06   2.2827148e+01
   1.0444560e+06   2.8808594e+01
   1.0450910e+06   2.2644043e+01
   1.0778520e+06   5.4870605e+01
   1.0778810e+06   6.0424805e+01
   1.0779070e+06   4.6752930e+01
   1.0779590e+06   5.4687500e+01
   1.0779930e+06   5.4870605e+01
   1.0780140e+06   3.8330078e+01
   1.0780360e+06   4.1809082e+01
   1.0780790e+06   2.4108887e+01
   1.0780960e+06   5.0720215e+01
   1.0781070e+06   2.8747559e+01
   1.0781320e+06   3.0334473e+01
   1.0781670e+06   4.4921875e+01
   1.0781900e+06   4.2785645e+01
   1.0782040e+06   5.2062988e+01
   1.0782280e+06   2.7099609e+01
   1.0782530e+06   3.6376953e+01
   1.0782690e+06   2.9907227e+01
   1.0782920e+06   3.7414551e+01
   1.0783020e+06   8.3801270e+01
   1.0783490e+06   6.9885254e+01
   1.0783670e+06   5.3161621e+01
   1.0783880e+06   3.0578613e+01
   1.0784390e+06   2.9907227e+01
   1.0784720e+06   6.8420410e+01
   1.0785110e+06   2.9235840e+01
   1.0785330e+06   2.6428223e+01
   1.0785510e+06   4.7729492e+01
   1.0786300e+06   2.8442383e+01
   1.0786620e+06   2.4597168e+01
   1.0786820e+06   2.3071289e+01
   1.0787040e+06   5.7250977e+01
   1.0787970e+06   2.3132324e+01
   1.0788140e+06   2.3742676e+01
   1.0788390e+06   3.3081055e+01
   1.0789320e+06   2.5512695e+01
   1.0789600e+06   2.4597168e+01
   1.0790420e+06   3.0212402e+01
   1.0791130e+06   2.2705078e+01
   1.0792850e+06   2.2644043e+01
   1.0794490e+06   2.7282715e+01
   1.0795950e+06   2.4902344e+01
   1.2185460e+06   8.0139160e+01
   1.2752180e+06   4.4555664e+01
   1.3192690e+06   3.5644531e+01
   1.3342230e+06   2.3681641e+01
   1.3361430e+06   4.1198730e+01
   1.4696090e+06   4.6630859e+01
   1.4856320e+06   2.2705078e+01
   1.5040750e+06   3.9916992e+01
   1.5300340e+06   6.3049316e+01
   1.5300780e+06   5.8837891e+01
   1.5301100e+06   4.4677734e+01
   1.5301380e+06   6.4819336e+01
   1.5301650e+06   7.4401855e+01
   1.5301830e+06   5.6213379e+01
   1.5302140e+06   5.9570312e+01
   1.5302310e+06   7.4951172e+01
   1.5302610e+06   5.4260254e+01
   1.5302770e+06   8.6669922e+01
   1.5303020e+06   4.8095703e+01
   1.5303240e+06   5.3833008e+01
   1.5303410e+06   2.7404785e+01
   1.5303800e+06   3.9428711e+01
   1.5304070e+06   3.7658691e+01
   1.5304370e+06   3.0395508e+01
   1.5304550e+06   2.7770996e+01
   1.5305630e+06   2.5634766e+01
   1.5306030e+06   2.5878906e+01
   1.5306150e+06   2.6489258e+01
   1.5306360e+06   2.3498535e+01
   1.5306540e+06   2.3315430e+01
   1.5307060e+06   2.3864746e+01
   1.5307310e+06   2.6611328e+01
   1.5307990e+06   2.2583008e+01
   1.5308340e+06   3.3935547e+01
   1.5308640e+06   2.9113770e+01
   1.5309260e+06   3.0395508e+01
   1.5309470e+06   2.6733398e+01
   1.5309920e+06   2.7404785e+01
   1.5310080e+06   2.6000977e+01
   1.5310390e+06   2.4536133e+01
   1.5310640e+06   2.5085449e+01
   1.5310920e+06   2.5207520e+01
   1.5311070e+06   3.0761719e+01
   1.5311300e+06   2.5878906e+01
   1.5311530e+06   2.2888184e+01
   1.5311810e+06   2.4291992e+01
   1.5312310e+06   2.5085449e+01
   1.5312610e+06   8.5327148e+01
   1.5313030e+06   2.4414062e+01
   1.5313450e+06   3.1372070e+01
   1.5313680e+06   2.3986816e+01
   1.5313880e+06   2.4963379e+01
   1.5314010e+06   3.2287598e+01
   1.5314430e+06   2.2888184e+01
   1.5314590e+06   4.5227051e+01
   1.5314770e+06   4.2114258e+01
   1.5314980e+06   2.6367188e+01
   1.5315350e+06   2.6000977e+01
   1.5315510e+06   2.3071289e+01
   1.5315810e+06   4.0161133e+01
   1.5316350e+06   2.5390625e+01
   1.5316570e+06   3.8146973e+01
   1.5317250e+06   2.5573730e+01
   1.5318000e+06   2.3803711e+01
   1.5318400e+06   4.1076660e+01
   1.5318850e+06   2.6794434e+01
   1.5319720e+06   3.7292480e+01
   1.5319840e+06   3.6254883e+01
   1.5320120e+06   2.3193359e+01
   1.5320600e+06   2.7770996e+01
   1.5323820e+06   2.3986816e+01
   1.5324600e+06   2.2583008e+01
   1.5327000e+06   2.4108887e+01
   1.5398130e+06   4.2602539e+01
   1.5409970e+06   4.6813965e+01
   1.5422000e+06   3.7658691e+01
   1.5433780e+06   4.1320801e+01
   1.5447200e+06   3.7536621e+01
   1.5459840e+06   4.7668457e+01
   1.5479990e+06   4.2541504e+01
   1.5500600e+06   3.3935547e+01
   1.5522160e+06   3.7719727e+01
   1.5563820e+06   3.9489746e+01
   1.5598420e+06   3.0822754e+01
   1.5723490e+06   3.9672852e+01
   1.6938530e+06   3.5949707e+01
   1.7200000e+06   7.0007324e+01
   1.7200610e+06   5.1757812e+01
   1.7200810e+06   3.8452148e+01
   1.7201020e+06   2.4475098e+01
   1.7201360e+06   4.0405273e+01
   1.7201490e+06   8.5815430e+01
   1.7201810e+06   6.4208984e+01
   1.7202010e+06   4.5104980e+01
   1.7202160e+06   7.5378418e+01
   1.7202260e+06   7.4340820e+01
   1.7202390e+06   4.1748047e+01
   1.7202610e+06   2.6794434e+01
   1.7202770e+06   7.4951172e+01
   1.7202940e+06   2.8442383e+01
   1.7203110e+06   4.6142578e+01
   1.7203400e+06   2.5756836e+01
   1.7203670e+06   5.0476074e+01
   1.7203800e+06   2.6550293e+01
   1.7204110e+06   3.8452148e+01
   1.7204280e+06   2.6550293e+01
   1.7204760e+06   2.4230957e+01
   1.7205140e+06   2.3254395e+01
   1.7205250e+06   2.7893066e+01
   1.7205650e+06   2.6977539e+01
   1.7205850e+06   3.0578613e+01
   1.7206290e+06   2.5024414e+01
   1.7206550e+06   2.9724121e+01
   1.7207010e+06   2.3864746e+01
   1.7207410e+06   2.3620605e+01
   1.7207750e+06   2.5817871e+01
   1.7208160e+06   3.1921387e+01
   1.7208810e+06   2.4169922e+01
   1.7209390e+06   2.4475098e+01
   1.7209890e+06   2.9113770e+01
   1.7210100e+06   2.4902344e+01
   1.7210480e+06   3.0273438e+01
   1.7210710e+06   2.6794434e+01
   1.7211730e+06   3.9611816e+01
   1.7211900e+06   2.3193359e+01
   1.7212400e+06   3.0456543e+01
   1.7212820e+06   2.3620605e+01
   1.7213080e+06   2.5756836e+01
   1.7213360e+06   4.2358398e+01
   1.7213840e+06   3.3508301e+01
   1.7213980e+06   4.1442871e+01
   1.7214700e+06   4.0771484e+01
   1.7214930e+06   2.2583008e+01
   1.7215250e+06   3.7536621e+01
   1.7215360e+06   3.8330078e+01
   1.7215490e+06   3.9001465e+01
   1.7215720e+06   2.3925781e+01
   1.7216020e+06   4.7363281e+01
   1.7216260e+06   3.8818359e+01
   1.7217170e+06   4.6569824e+01
   1.7217410e+06   2.3986816e+01
   1.7217690e+06   3.1250000e+01
   1.7218280e+06   3.2775879e+01
   1.7218480e+06   2.6367188e+01
   1.7219290e+06   3.4423828e+01
   1.7219520e+06   2.4291992e+01
   1.7220940e+06   2.5573730e+01
   1.7300760e+06   3.6804199e+01
   1.7310120e+06   3.8513184e+01
   1.7310480e+06   6.5795898e+01
   1.7310670e+06   2.3132324e+01
   1.7311470e+06   5.5419922e+01
   1.7311640e+06   4.4555664e+01
   1.7311780e+06   2.3986816e+01
   1.7312120e+06   5.3588867e+01
   1.7312320e+06   5.4199219e+01
   1.7312500e+06   6.9030762e+01
   1.7312780e+06   5.3588867e+01
   1.7312910e+06   3.1433105e+01
   1.7313220e+06   6.8237305e+01
   1.7313470e+06   4.6020508e+01
   1.7313630e+06   4.0283203e+01
   1.7313760e+06   4.8889160e+01
   1.7313970e+06   4.7058105e+01
   1.7314090e+06   3.6499023e+01
   1.7314270e+06   4.3518066e+01
   1.7314600e+06   3.8269043e+01
   1.7314800e+06   2.6000977e+01
   1.7315090e+06   4.3701172e+01
   1.7315270e+06   2.7343750e+01
   1.7315710e+06   2.3010254e+01
   1.7315960e+06   2.6611328e+01
   1.7316260e+06   2.4719238e+01
   1.7316700e+06   2.3193359e+01
   1.7316870e+06   2.4963379e+01
   1.7317470e+06   2.6306152e+01
   1.7318020e+06   3.3203125e+01
   1.7318300e+06   2.3071289e+01
   1.7318780e+06   3.2653809e+01
   1.7319300e+06   2.3193359e+01
   1.7319740e+06   2.5695801e+01
   1.7320310e+06   3.8146973e+01
   1.7320700e+06   2.3010254e+01
   1.7320960e+06   2.9357910e+01
   1.7321150e+06   3.6987305e+01
   1.7321620e+06   2.6855469e+01
   1.7321900e+06   2.4230957e+01
   1.7322030e+06   3.2104492e+01
   1.7322450e+06   2.3986816e+01
   1.7322650e+06   2.8991699e+01
   1.7323230e+06   2.4353027e+01
   1.7323490e+06   4.2114258e+01
   1.7323920e+06   3.1982422e+01
   1.7324080e+06   2.8015137e+01
   1.7325060e+06   3.5278320e+01
   1.7325410e+06   3.0273438e+01
   1.7325670e+06   3.6010742e+01
   1.7326410e+06   4.1625977e+01
   1.7326560e+06   2.7221680e+01
   1.7327410e+06   2.7282715e+01
   1.7327550e+06   3.3264160e+01
   1.7328090e+06   2.7099609e+01
   1.7328440e+06   3.1066895e+01
   1.7329510e+06   2.5268555e+01
   1.7329880e+06   2.6184082e+01
   1.7330150e+06   2.9663086e+01
   1.7330520e+06   2.3559570e+01
   1.7331930e+06   2.3681641e+01
   1.7332220e+06   2.7954102e+01
   1.7332500e+06   2.3010254e+01
   1.7334000e+06   2.3315430e+01
   1.7340610e+06   2.2766113e+01
   1.7400020e+06   4.1015625e+01
   1.7407010e+06   3.5827637e+01
   1.7407760e+06   3.8513184e+01
   1.7410050e+06   4.1687012e+01
   1.7410170e+06   4.8767090e+01
   1.7410330e+06   3.5949707e+01
   1.7412380e+06   5.0476074e+01
   1.7412530e+06   4.4616699e+01
   1.7413400e+06   3.8330078e+01
   1.7414810e+06   4.6081543e+01
   1.7417680e+06   4.4433594e+01
   1.7444540e+06   3.8024902e+01
   1.7444670e+06   5.3588867e+01
   1.7446890e+06   7.9467773e+01
   1.7447310e+06   2.3376465e+01
   1.7448630e+06   4.6875000e+01
   1.7449250e+06   5.1757812e+01
   1.7449380e+06   3.8940430e+01
   1.7450170e+06   4.1320801e+01
   1.7451460e+06   3.7780762e+01
   1.7452210e+06   3.3996582e+01
   1.7454170e+06   3.6682129e+01
   1.7510650e+06   5.0231934e+01
   1.7510790e+06   2.4658203e+01
   1.7511130e+06   4.7058105e+01
   1.7512700e+06   4.0039062e+01
   1.7512820e+06   9.2834473e+01
   1.7514100e+06   4.4860840e+01
   1.7514230e+06   3.8879395e+01
   1.7514380e+06   6.5063477e+01
   1.7515180e+06   3.7414551e+01
   1.7515600e+06   3.3691406e+01
   1.7515720e+06   4.9011230e+01
   1.7516150e+06   3.9062500e+01
   1.7516720e+06   2.5268555e+01
   1.7516950e+06   3.8818359e+01
   1.7517050e+06   2.9602051e+01
   1.7517640e+06   3.8024902e+01
   1.7517980e+06   3.7658691e+01
   1.7518090e+06   2.5451660e+01
   1.7518330e+06   2.9541016e+01
   1.7518550e+06   3.0761719e+01
   1.7518750e+06   9.0515137e+01
   1.7519160e+06   4.2358398e+01
   1.7519420e+06   6.7993164e+01
   1.7519530e+06   3.0273437e+01
   1.7519880e+06   3.8635254e+01
   1.7520080e+06   6.1828613e+01
   1.7520430e+06   5.1391602e+01
   1.7520740e+06   3.2775879e+01
   1.7520850e+06   4.6691895e+01
   1.7521160e+06   2.8564453e+01
   1.7521470e+06   4.4555664e+01
   1.7521660e+06   4.6142578e+01
   1.7522120e+06   2.5756836e+01
   1.7522250e+06   2.8808594e+01
   1.7522510e+06   2.4230957e+01
   1.7522800e+06   3.0944824e+01
   1.7522940e+06   3.8024902e+01
   1.7523270e+06   2.7648926e+01
   1.7523560e+06   3.9062500e+01
   1.7524030e+06   3.5461426e+01
   1.7524510e+06   3.5705566e+01
   1.7524700e+06   2.4658203e+01
   1.7525200e+06   4.1320801e+01
   1.7525850e+06   4.4799805e+01
   1.7526250e+06   3.6132812e+01
   1.7526420e+06   2.5512695e+01
   1.7526620e+06   3.6437988e+01
   1.7526900e+06   2.4475098e+01
   1.7527200e+06   2.5695801e+01
   1.7527300e+06   2.8198242e+01
   1.7527440e+06   4.3762207e+01
   1.7527630e+06   2.4658203e+01
   1.7528480e+06   3.7597656e+01
   1.7528720e+06   7.7270508e+01
   1.7529590e+06   2.4719238e+01
   1.7529890e+06   2.5146484e+01
   1.7530980e+06   3.1860352e+01
   1.7531430e+06   3.2165527e+01
   1.7531900e+06   2.9602051e+01
   1.7532760e+06   2.3559570e+01
   1.7532860e+06   2.9785156e+01
   1.7533410e+06   2.7160645e+01
   1.7533810e+06   3.5644531e+01
   1.7535240e+06   2.6794434e+01
   1.7536960e+06   2.9785156e+01
   1.7604430e+06   2.2583008e+01
   1.7605980e+06   4.1259766e+01
   1.7622300e+06   3.7109375e+01
   1.7626070e+06   3.6682129e+01
   1.7626280e+06   4.3884277e+01
   1.7629550e+06   4.8828125e+01
   1.7629940e+06   4.9133301e+01
   1.7660750e+06   2.3071289e+01
   1.7661290e+06   4.4067383e+01
   1.7662080e+06   4.8828125e+01
   1.7663670e+06   3.1494141e+01
   1.7663930e+06   4.1198730e+01
   1.7664610e+06   2.3925781e+01
   1.7665330e+06   5.2551270e+01
   1.7666210e+06   4.2053223e+01
   1.7666530e+06   4.2541504e+01
   1.7695560e+06   3.3569336e+01
   1.7696140e+06   6.4270020e+01
   1.7697450e+06   2.3132324e+01
   1.7697720e+06   4.2419434e+01
   1.7698770e+06   3.4973145e+01
   1.7700460e+06   4.8767090e+01
   1.7700850e+06   3.9672852e+01
   1.7701150e+06   4.4616699e+01
   1.7702600e+06   4.3701172e+01
   1.7702800e+06   3.0822754e+01
   1.7703410e+06   2.4597168e+01
   1.7704250e+06   4.3640137e+01
   1.7704800e+06   3.7841797e+01
   1.7705270e+06   3.7902832e+01
   1.7706850e+06   4.7058105e+01
   1.7756630e+06   3.9062500e+01
   1.7757160e+06   5.6762695e+01
   1.7758260e+06   5.3100586e+01
   1.7758710e+06   3.9428711e+01
   1.7759400e+06   4.9926758e+01
   1.7759850e+06   4.4738770e+01
   1.7760000e+06   2.7893066e+01
   1.7760580e+06   2.4475098e+01
   1.7761040e+06   5.3527832e+01
   1.7761340e+06   4.1564941e+01
   1.7762430e+06   5.2551270e+01
   1.7762530e+06   4.3273926e+01
   1.7763080e+06   3.9123535e+01
   1.7763370e+06   3.8635254e+01
   1.7763580e+06   3.7963867e+01
   1.7763700e+06   4.2602539e+01
   1.7764280e+06   3.0944824e+01
   1.7764520e+06   3.0273438e+01
   1.7764930e+06   3.7414551e+01
   1.7765040e+06   4.8645020e+01
   1.7765350e+06   2.8991699e+01
   1.7765540e+06   3.3447266e+01
   1.7765640e+06   3.0700684e+01
   1.7766040e+06   3.9855957e+01
   1.7766220e+06   3.5766602e+01
   1.7766390e+06   2.4536133e+01
   1.7766820e+06   2.8320312e+01
   1.7767130e+06   6.1462402e+01
   1.7767240e+06   3.4484863e+01
   1.7767460e+06   2.7832031e+01
   1.7767700e+06   5.6457520e+01
   1.7768010e+06   2.3986816e+01
   1.7768180e+06   5.7250977e+01
   1.7768430e+06   5.2856445e+01
   1.7768680e+06   4.2968750e+01
   1.7769030e+06   4.8767090e+01
   1.7769310e+06   2.8381348e+01
   1.7769680e+06   3.3630371e+01
   1.7770260e+06   2.6000977e+01
   1.7770370e+06   3.4606934e+01
   1.7770690e+06   2.9541016e+01
   1.7771000e+06   3.9794922e+01
   1.7771330e+06   2.7770996e+01
   1.7771620e+06   2.7954102e+01
   1.7771750e+06   3.2775879e+01
   1.7772190e+06   2.4597168e+01
   1.7772310e+06   4.8889160e+01
   1.7773020e+06   4.4494629e+01
   1.7773220e+06   2.3498535e+01
   1.7773440e+06   2.5207520e+01
   1.7773720e+06   2.6306152e+01
   1.7774300e+06   4.2114258e+01
   1.7774580e+06   2.9541016e+01
   1.7774920e+06   2.9785156e+01
   1.7775070e+06   2.8259277e+01
   1.7775190e+06   2.3559570e+01
   1.7775450e+06   4.0771484e+01
   1.7775560e+06   2.2705078e+01
   1.7776090e+06   4.2846680e+01
   1.7776340e+06   2.2827148e+01
   1.7776830e+06   3.9245605e+01
   1.7777280e+06   3.5766602e+01
   1.7777510e+06   2.6672363e+01
   1.7777950e+06   2.6672363e+01
   1.7778060e+06   2.6184082e+01
   1.7779120e+06   2.7954102e+01
   1.7780160e+06   2.5939941e+01
   1.7780660e+06   2.8259277e+01
   1.7782300e+06   3.0517578e+01
   1.7783110e+06   2.3498535e+01
   1.7784130e+06   3.9611816e+01
   1.7872650e+06   4.6875000e+01
   1.7872840e+06   2.2705078e+01
   1.7873030e+06   4.3640137e+01
   1.7874730e+06   5.5786133e+01
   1.7877460e+06   4.0405273e+01
   1.7877630e+06   2.9602051e+01
   1.7897120e+06   3.8146973e+01
   1.7897820e+06   4.5776367e+01
   1.7898850e+06   3.3874512e+01
   1.7899730e+06   4.3273926e+01
   1.7902620e+06   2.6855469e+01
   1.7905570e+06   4.1564941e+01
   1.7933130e+06   4.6936035e+01
   1.7933380e+06   4.0466309e+01
   1.7934030e+06   2.4353027e+01
   1.7934690e+06   5.6884766e+01
   1.7935140e+06   2.4353027e+01
   1.7935480e+06   4.6997070e+01
   1.7935910e+06   4.3579102e+01
   1.7936070e+06   2.3254395e+01
   1.7936280e+06   2.8991699e+01
   1.7937120e+06   6.8054199e+01
   1.7937320e+06   2.5207520e+01
   1.7937590e+06   3.1677246e+01
   1.7938180e+06   3.7963867e+01
   1.7938430e+06   3.7292480e+01
   1.7938960e+06   3.3691406e+01
   1.7939180e+06   2.3071289e+01
   1.7939490e+06   2.9418945e+01
   1.7939630e+06   3.8818359e+01
   1.7940000e+06   2.4353027e+01
   1.7940200e+06   3.8269043e+01
   1.7940890e+06   6.6528320e+01
   1.7941090e+06   3.1005859e+01
   1.7941370e+06   3.3691406e+01
   1.7941580e+06   2.4230957e+01
   1.7941970e+06   4.4189453e+01
   1.7942120e+06   5.9631348e+01
   1.7942390e+06   4.8645020e+01
   1.7942600e+06   2.6489258e+01
   1.7942740e+06   2.8381348e+01
   1.7942970e+06   8.4899902e+01
   1.7943260e+06   3.6376953e+01
   1.7943490e+06   3.1616211e+01
   1.7943820e+06   5.3649902e+01
   1.7944080e+06   2.9663086e+01
   1.7944530e+06   3.5400391e+01
   1.7944650e+06   3.8513184e+01
   1.7945240e+06   6.4208984e+01
   1.7945390e+06   2.8076172e+01
   1.7945800e+06   2.6306152e+01
   1.7946080e+06   2.8991699e+01
   1.7946410e+06   3.7963867e+01
   1.7946610e+06   3.4423828e+01
   1.7947010e+06   3.0456543e+01
   1.7947350e+06   2.3742676e+01
   1.7947570e+06   3.1005859e+01
   1.7947680e+06   3.4851074e+01
   1.7948290e+06   3.4790039e+01
   1.7948390e+06   4.7241211e+01
   1.7949020e+06   3.8818359e+01
   1.7949240e+06   2.8137207e+01
   1.7949670e+06   2.4658203e+01
   1.7949930e+06   2.3925781e+01
   1.7950070e+06   3.0151367e+01
   1.7950540e+06   5.4138184e+01
   1.7950910e+06   3.5095215e+01
   1.7951350e+06   2.8747559e+01
   1.7952400e+06   2.5695801e+01
   1.7953210e+06   2.2583008e+01
   1.7953630e+06   2.3620605e+01
   1.7954150e+06   2.5695801e+01
   1.7956170e+06   3.0456543e+01
   1.7956430e+06   2.3925781e+01
   1.7957890e+06   3.1433105e+01
   1.7958020e+06   2.5451660e+01
   1.7961120e+06   2.2644043e+01
   1.8032390e+06   3.2775879e+01
   1.8045650e+06   3.0456543e+01
   1.8058100e+06   3.1250000e+01
   1.8058530e+06   2.3193359e+01
   1.8059630e+06   4.6508789e+01
   1.8060480e+06   3.4729004e+01
   1.8086290e+06   7.9895020e+01
   1.8087440e+06   3.2714844e+01
   1.8087970e+06   4.0405273e+01
   1.8089850e+06   4.6325684e+01
   1.8090100e+06   3.9001465e+01
   1.8090470e+06   4.3518066e+01
   1.8092980e+06   4.0527344e+01
   1.8117640e+06   4.3395996e+01
   1.8118640e+06   5.7250977e+01
   1.8119510e+06   3.9245605e+01
   1.8120080e+06   4.3579102e+01
   1.8121090e+06   2.3376465e+01
   1.8121190e+06   2.5817871e+01
   1.8121290e+06   6.0791016e+01
   1.8122070e+06   4.1870117e+01
   1.8122670e+06   3.5644531e+01
   1.8123380e+06   4.4250488e+01
   1.8124300e+06   4.1564941e+01
   1.8124410e+06   3.8330078e+01
   1.8125370e+06   4.1931152e+01
   1.8126200e+06   3.5949707e+01
   1.8158970e+06   4.4494629e+01
   1.8159700e+06   5.2490234e+01
   1.8160620e+06   4.5166016e+01
   1.8161140e+06   4.3640137e+01
   1.8162500e+06   3.7658691e+01
   1.8162920e+06   4.5776367e+01
   1.8163270e+06   4.7973633e+01
   1.8163700e+06   2.2827148e+01
   1.8164600e+06   3.8208008e+01
   1.8165520e+06   4.5532227e+01
   1.8166170e+06   5.3161621e+01
   1.8167240e+06   4.2053223e+01
   1.8203700e+06   4.6630859e+01
   1.8204490e+06   5.5358887e+01
   1.8204970e+06   3.7536621e+01
   1.8205340e+06   4.8828125e+01
   1.8206450e+06   4.4982910e+01
   1.8206780e+06   4.2114258e+01
   1.8207210e+06   4.5227051e+01
   1.8208200e+06   3.8085938e+01
   1.8208340e+06   4.8217773e+01
   1.8208620e+06   2.3559570e+01
   1.8209070e+06   3.6499023e+01
   1.8209650e+06   3.4484863e+01
   1.8210200e+06   5.2368164e+01
   1.8210670e+06   3.8818359e+01
   1.8210860e+06   3.8818359e+01
   1.8211060e+06   3.1188965e+01
   1.8211920e+06   4.3029785e+01
   1.8212060e+06   4.0100098e+01
   1.8212430e+06   4.0283203e+01
   1.8213400e+06   3.7841797e+01
   1.8213640e+06   4.0466309e+01
   1.8214310e+06   3.9550781e+01
   1.8214650e+06   3.6560059e+01
   1.8215310e+06   4.3884277e+01
   1.8215830e+06   3.6621094e+01
   1.8215990e+06   3.6071777e+01
   1.8216480e+06   3.8024902e+01
   1.8216940e+06   3.3569336e+01
   1.8217470e+06   3.3630371e+01
   1.8218490e+06   4.2419434e+01
   1.8218680e+06   3.4484863e+01
   1.8219170e+06   2.9479980e+01
   1.8220660e+06   4.0039062e+01
   1.8259770e+06   4.5166016e+01
   1.8260690e+06   5.0903320e+01
   1.8261830e+06   4.9987793e+01
   1.8262200e+06   3.9001465e+01
   1.8300360e+06   4.4067383e+01
   1.8300720e+06   5.7373047e+01
   1.8301970e+06   4.4860840e+01
   1.8304000e+06   4.4067383e+01
   1.8304340e+06   5.6213379e+01
   1.8304550e+06   3.1555176e+01
   1.8306080e+06   4.8217773e+01
   1.8307000e+06   4.6142578e+01
   1.8307380e+06   4.2297363e+01
   1.8310240e+06   4.8645020e+01
   1.8350600e+06   4.3273926e+01
   1.8351220e+06   2.8930664e+01
   1.8351550e+06   3.8269043e+01
   1.8351960e+06   4.5776367e+01
   1.8353470e+06   6.7932129e+01
   1.8353640e+06   3.9733887e+01
   1.8355390e+06   4.4677734e+01
   1.8355650e+06   4.9926758e+01
   1.8356760e+06   4.9804687e+01
   1.8357250e+06   4.4311523e+01
   1.8357360e+06   4.8583984e+01
   1.8358330e+06   5.9570312e+01
   1.8358790e+06   3.9184570e+01
   1.8359060e+06   4.4311523e+01
   1.8359530e+06   3.8513184e+01
   1.8361290e+06   3.4912109e+01
   1.8361830e+06   4.8217773e+01
   1.8400630e+06   4.2236328e+01
   1.8400990e+06   5.0048828e+01
   1.8401830e+06   3.9367676e+01
   1.8402540e+06   4.6691895e+01
   1.8405190e+06   5.1513672e+01
   1.8405440e+06   4.0405273e+01
   1.8448340e+06   4.9011230e+01
   1.8448920e+06   4.6203613e+01
   1.8449770e+06   4.2663574e+01
   1.8449960e+06   4.3884277e+01
   1.8451790e+06   5.0964355e+01
   1.8452060e+06   6.2072754e+01
   1.8453860e+06   4.4311523e+01
   1.8454060e+06   5.5297852e+01
   1.8454680e+06   3.7231445e+01
   1.8492220e+06   4.1809082e+01
   1.8492480e+06   5.9143066e+01
   1.8494210e+06   5.9570312e+01
   1.8497620e+06   4.9926758e+01
   1.8533020e+06   3.7841797e+01
   1.8533420e+06   6.3354492e+01
   1.8533970e+06   4.2297363e+01
   1.8535050e+06   4.8706055e+01
   1.8536050e+06   5.2246094e+01
   1.8540620e+06   4.2663574e+01
   1.8586150e+06   5.6701660e+01
   1.8586710e+06   4.2053223e+01
   1.8586870e+06   2.3132324e+01
   1.8587650e+06   5.4321289e+01
   1.8588110e+06   5.0598145e+01
   1.8588360e+06   3.0517578e+01
   1.8589140e+06   4.0771484e+01
   1.8589370e+06   3.3813477e+01
   1.8589760e+06   5.0842285e+01
   1.8590380e+06   4.4555664e+01
   1.8590710e+06   3.7048340e+01
   1.8591460e+06   4.4006348e+01
   1.8591590e+06   6.2805176e+01
   1.8591930e+06   3.3203125e+01
   1.8592330e+06   3.6560059e+01
   1.8592730e+06   4.0344238e+01
   1.8592860e+06   4.1198730e+01
   1.8593150e+06   2.7343750e+01
   1.8593790e+06   4.8217773e+01
   1.8593920e+06   5.9936523e+01
   1.8594140e+06   3.3020020e+01
   1.8594530e+06   5.7373047e+01
   1.8594840e+06   5.7678223e+01
   1.8594980e+06   3.0456543e+01
   1.8595300e+06   4.8278809e+01
   1.8595480e+06   6.9885254e+01
   1.8595710e+06   3.4240723e+01
   1.8595860e+06   2.9174805e+01
   1.8596100e+06   4.0649414e+01
   1.8596220e+06   6.5673828e+01
   1.8596650e+06   2.9724121e+01
   1.8596800e+06   3.7780762e+01
   1.8597160e+06   2.8015137e+01
   1.8597570e+06   4.7607422e+01
   1.8598290e+06   2.6977539e+01
   1.8598470e+06   3.8757324e+01
   1.8598740e+06   3.3935547e+01
   1.8599180e+06   4.3701172e+01
   1.8599320e+06   2.6916504e+01
   1.8599730e+06   2.7404785e+01
   1.8599830e+06   2.3986816e+01
   1.8599980e+06   3.1127930e+01
   1.8600620e+06   3.4729004e+01
   1.8600900e+06   4.2419434e+01
   1.8601860e+06   3.3508301e+01
   1.8602060e+06   2.5695801e+01
   1.8603000e+06   2.3986816e+01
   1.8603280e+06   2.8503418e+01
   1.8603470e+06   2.7770996e+01
   1.8604800e+06   2.8015137e+01
   1.8605660e+06   2.8381348e+01
   1.8606090e+06   2.5573730e+01
   1.8606410e+06   2.6000977e+01
   1.8608280e+06   2.5573730e+01
   1.8610710e+06   2.3376465e+01
   1.8749840e+06   3.8452148e+01
   1.8750580e+06   5.7373047e+01
   1.8751270e+06   5.0537109e+01
   1.8751640e+06   4.3457031e+01
   1.8753160e+06   5.9570312e+01
   1.8753290e+06   4.9804688e+01
   1.8755040e+06   3.7658691e+01
   1.8755590e+06   4.7607422e+01
   1.8755700e+06   3.7048340e+01
   1.8757110e+06   3.9123535e+01
   1.8757680e+06   4.6203613e+01
   1.8813000e+06   3.8879395e+01
   1.8813410e+06   5.0598145e+01
   1.8813570e+06   3.7414551e+01
   1.8814700e+06   4.5288086e+01
   1.8815000e+06   2.8015137e+01
   1.8815340e+06   4.4189453e+01
   1.8816020e+06   5.4321289e+01
   1.8816240e+06   3.6071777e+01
   1.8816800e+06   4.0649414e+01
   1.8817900e+06   4.8583984e+01
   1.8818060e+06   5.0292969e+01
   1.8818890e+06   3.7170410e+01
   1.8819470e+06   4.2663574e+01
   1.8819570e+06   5.7250977e+01
   1.8820730e+06   3.6437988e+01
   1.8821260e+06   4.4738770e+01
   1.8821560e+06   3.4362793e+01
   1.8822220e+06   3.9184570e+01
   1.8822670e+06   3.1311035e+01
   1.8822770e+06   4.1809082e+01
   1.8823630e+06   4.1137695e+01
   1.8824190e+06   3.7353516e+01
   1.8824350e+06   4.1625977e+01
   1.8825150e+06   6.1523438e+01
   1.8825990e+06   3.4790039e+01
   1.8890280e+06   1.0211182e+02
   1.8890930e+06   3.9855957e+01
   1.8891310e+06   2.3559570e+01
   1.8892180e+06   4.5532227e+01
   1.8892920e+06   5.9631348e+01
   1.8893130e+06   4.0832520e+01
   1.8894090e+06   4.0161133e+01
   1.8895060e+06   3.0639648e+01
   1.8895290e+06   5.1574707e+01
   1.8895900e+06   5.5419922e+01
   1.8897050e+06   3.9794922e+01
   1.8897690e+06   4.3762207e+01
   1.8898490e+06   3.7292480e+01
   1.8900970e+06   4.2175293e+01
   1.8962230e+06   6.8969727e+01
   1.8962750e+06   4.3029785e+01
   1.8964150e+06   6.6528320e+01
   1.8964450e+06   5.6457520e+01
   1.8965460e+06   2.3315430e+01
   1.8965610e+06   7.1655273e+01
   1.8966430e+06   4.8522949e+01
   1.8966960e+06   5.1269531e+01
   1.8967210e+06   4.0527344e+01
   1.8967880e+06   5.2368164e+01
   1.8968060e+06   3.5583496e+01
   1.8968200e+06   3.2470703e+01
   1.8968840e+06   3.7231445e+01
   1.8969320e+06   7.3974609e+01
   1.8969520e+06   3.4912109e+01
   1.8970120e+06   3.5339355e+01
   1.8970340e+06   4.5532227e+01
   1.8970690e+06   4.2724609e+01
   1.8971010e+06   3.3264160e+01
   1.8971190e+06   2.8503418e+01
   1.8971450e+06   2.5390625e+01
   1.8971720e+06   2.6855469e+01
   1.8972090e+06   2.8747559e+01
   1.8972190e+06   4.0283203e+01
   1.8972400e+06   3.1127930e+01
   1.8972700e+06   2.7343750e+01
   1.8972900e+06   2.2644043e+01
   1.8973180e+06   7.5134277e+01
   1.8973330e+06   5.1818848e+01
   1.8973680e+06   4.0527344e+01
   1.8973850e+06   6.6833496e+01
   1.8974000e+06   3.1799316e+01
   1.8974200e+06   3.6315918e+01
   1.8974420e+06   2.8808594e+01
   1.8974550e+06   2.9418945e+01
   1.8974840e+06   3.4912109e+01
   1.8975220e+06   5.1391602e+01
   1.8975340e+06   2.9724121e+01
   1.8975610e+06   2.4047852e+01
   1.8975930e+06   4.9682617e+01
   1.8976140e+06   3.1555176e+01
   1.8976470e+06   2.5451660e+01
   1.8976650e+06   6.4453125e+01
   1.8977200e+06   3.0517578e+01
   1.8977360e+06   4.4799805e+01
   1.8977690e+06   2.4719238e+01
   1.8977860e+06   3.1799316e+01
   1.8978250e+06   5.4321289e+01
   1.8978480e+06   2.4047852e+01
   1.8978700e+06   4.6630859e+01
   1.8979070e+06   2.7770996e+01
   1.8979180e+06   4.8217773e+01
   1.8979560e+06   3.2836914e+01
   1.8980020e+06   3.3996582e+01
   1.8980170e+06   5.1330566e+01
   1.8980340e+06   2.7160645e+01
   1.8981000e+06   2.3620605e+01
   1.8981280e+06   3.6987305e+01
   1.8981770e+06   5.4687500e+01
   1.8983200e+06   3.0578613e+01
   1.8984840e+06   3.2043457e+01
   1.8986850e+06   3.3752441e+01
   1.8988310e+06   2.6306152e+01
   1.9132200e+06   4.1503906e+01
   1.9132470e+06   5.5969238e+01
   1.9132630e+06   2.4658203e+01
   1.9132840e+06   3.9611816e+01
   1.9133980e+06   4.5043945e+01
   1.9134450e+06   4.6752930e+01
   1.9135120e+06   5.2673340e+01
   1.9135760e+06   5.1757812e+01
   1.9136640e+06   3.5461426e+01
   1.9137380e+06   4.9072266e+01
   1.9137640e+06   3.7414551e+01
   1.9138390e+06   2.3620605e+01
   1.9139440e+06   4.2114258e+01
   1.9139580e+06   4.2663574e+01
   1.9140510e+06   3.8513184e+01
   1.9211620e+06   4.3762207e+01
   1.9212110e+06   5.1025391e+01
   1.9212450e+06   4.4860840e+01
   1.9212810e+06   2.3925781e+01
   1.9213380e+06   3.7353516e+01
   1.9214330e+06   6.6284180e+01
   1.9214960e+06   4.3395996e+01
   1.9215890e+06   3.3325195e+01
   1.9216330e+06   5.0720215e+01
   1.9216430e+06   5.5175781e+01
   1.9217420e+06   3.7475586e+01
   1.9217650e+06   4.3823242e+01
   1.9218160e+06   4.3395996e+01
   1.9218660e+06   4.4738770e+01
   1.9218770e+06   3.8818359e+01
   1.9219010e+06   2.4108887e+01
   1.9219460e+06   8.3801270e+01
   1.9219570e+06   3.3508301e+01
   1.9220310e+06   3.0517578e+01
   1.9220510e+06   3.1433105e+01
   1.9220640e+06   2.6733398e+01
   1.9221010e+06   3.5644531e+01
   1.9221150e+06   3.6865234e+01
   1.9221290e+06   3.7048340e+01
   1.9221520e+06   2.7587891e+01
   1.9221670e+06   6.8237305e+01
   1.9221970e+06   4.2663574e+01
   1.9222170e+06   3.0456543e+01
   1.9222430e+06   5.0903320e+01
   1.9222590e+06   2.3254395e+01
   1.9222920e+06   3.7414551e+01
   1.9223130e+06   6.5307617e+01
   1.9223240e+06   3.6926270e+01
   1.9223690e+06   2.5268555e+01
   1.9223830e+06   4.1320801e+01
   1.9224200e+06   2.9479980e+01
   1.9224450e+06   5.6823730e+01
   1.9224910e+06   3.2775879e+01
   1.9225110e+06   4.3701172e+01
   1.9225400e+06   3.2531738e+01
   1.9225720e+06   3.6254883e+01
   1.9226040e+06   3.0334473e+01
   1.9226420e+06   4.1503906e+01
   1.9226670e+06   2.6123047e+01
   1.9227200e+06   4.5410156e+01
   1.9227430e+06   2.3742676e+01
   1.9227680e+06   2.3193359e+01
   1.9227970e+06   2.3193359e+01
   1.9228260e+06   3.0944824e+01
   1.9229210e+06   3.0151367e+01
   1.9230430e+06   7.4340820e+01
   1.9231700e+06   2.5817871e+01
   1.9232350e+06   3.4851074e+01
   1.9234100e+06   2.4230957e+01
   1.9388130e+06   4.1259766e+01
   1.9388550e+06   5.2185059e+01
   1.9389060e+06   3.0334473e+01
   1.9389990e+06   3.9794922e+01
   1.9390850e+06   3.6926270e+01
   1.9391540e+06   4.8583984e+01
   1.9391890e+06   4.2175293e+01
   1.9393580e+06   3.8452148e+01
   1.9394190e+06   3.9001465e+01
   1.9394610e+06   3.9550781e+01
   1.9498080e+06   4.6752930e+01
   1.9498860e+06   5.7006836e+01
   1.9499810e+06   3.8330078e+01
   1.9500160e+06   3.7414551e+01
   1.9501140e+06   5.6396484e+01
   1.9501310e+06   4.0588379e+01
   1.9501480e+06   3.4301758e+01
   1.9501850e+06   2.2949219e+01
   1.9502410e+06   3.9550781e+01
   1.9502520e+06   3.7841797e+01
   1.9502680e+06   6.0180664e+01
   1.9503000e+06   2.5085449e+01
   1.9503180e+06   3.4973145e+01
   1.9503500e+06   4.6630859e+01
   1.9503650e+06   2.3376465e+01
   1.9503810e+06   4.1992188e+01
   1.9504590e+06   6.2744141e+01
   1.9504840e+06   5.2246094e+01
   1.9504990e+06   3.4240723e+01
   1.9505260e+06   3.8452148e+01
   1.9505480e+06   3.6132812e+01
   1.9505580e+06   3.8879395e+01
   1.9505990e+06   6.2316895e+01
   1.9506130e+06   3.6865234e+01
   1.9506450e+06   2.9052734e+01
   1.9506660e+06   5.5664062e+01
   1.9506920e+06   2.8747559e+01
   1.9507200e+06   4.7973633e+01
   1.9507380e+06   2.3010254e+01
   1.9507700e+06   2.6367188e+01
   1.9508320e+06   3.2348633e+01
   1.9508820e+06   2.6611328e+01
   1.9508950e+06   2.5878906e+01
   1.9509420e+06   2.5939941e+01
   1.9509580e+06   2.7343750e+01
   1.9510000e+06   2.6855469e+01
   1.9510390e+06   2.8137207e+01
   1.9511030e+06   2.4169922e+01
   1.9511130e+06   3.4606934e+01
   1.9511540e+06   3.3630371e+01
   1.9512070e+06   4.3518066e+01
   1.9512230e+06   4.8217773e+01
   1.9512880e+06   2.4841309e+01
   1.9513090e+06   3.4057617e+01
   1.9513260e+06   3.3996582e+01
   1.9513510e+06   2.2949219e+01
   1.9514560e+06   2.3986816e+01
   1.9515220e+06   2.3559570e+01
   1.9516750e+06   2.6916504e+01
   1.9517450e+06   2.8320312e+01
   1.9518470e+06   2.6916504e+01
   1.9519180e+06   2.4414062e+01
   1.9519990e+06   3.2409668e+01
   1.9521990e+06   3.0944824e+01
   1.9523040e+06   2.2766113e+01
   1.9708320e+06   4.6081543e+01
   1.9708900e+06   5.9875488e+01
   1.9709680e+06   3.8879395e+01
   1.9710160e+06   3.8818359e+01
   1.9711460e+06   2.8991699e+01
   1.9711640e+06   8.3984375e+01
   1.9712730e+06   4.0283203e+01
   1.9712850e+06   2.9724121e+01
   1.9713360e+06   4.9011230e+01
   1.9713610e+06   2.2949219e+01
   1.9713940e+06   4.1931152e+01
   1.9714100e+06   3.5583496e+01
   1.9714550e+06   3.8391113e+01
   1.9714750e+06   2.2888184e+01
   1.9714870e+06   4.6569824e+01
   1.9715280e+06   4.0161133e+01
   1.9715400e+06   2.2583008e+01
   1.9715760e+06   3.0761719e+01
   1.9715910e+06   4.2846680e+01
   1.9716010e+06   2.3193359e+01
   1.9716260e+06   2.6733398e+01
   1.9716430e+06   2.8808594e+01
   1.9716700e+06   8.6303711e+01
   1.9716930e+06   4.4311523e+01
   1.9717040e+06   3.5705566e+01
   1.9717270e+06   4.7485352e+01
   1.9717490e+06   6.0729980e+01
   1.9717760e+06   4.2480469e+01
   1.9717970e+06   2.5207520e+01
   1.9718270e+06   6.2194824e+01
   1.9718610e+06   2.4230957e+01
   1.9718960e+06   2.2583008e+01
   1.9719140e+06   2.3620605e+01
   1.9719370e+06   3.4301758e+01
   1.9719600e+06   3.8269043e+01
   1.9719700e+06   2.2827148e+01
   1.9720040e+06   2.3315430e+01
   1.9720320e+06   3.0883789e+01
   1.9720640e+06   2.7099609e+01
   1.9720740e+06   2.5146484e+01
   1.9721110e+06   4.6936035e+01
   1.9721730e+06   5.8776855e+01
   1.9721870e+06   2.8686523e+01
   1.9722390e+06   3.2958984e+01
   1.9722590e+06   2.3010254e+01
   1.9723010e+06   3.7109375e+01
   1.9723450e+06   4.2114258e+01
   1.9723740e+06   3.1005859e+01
   1.9724430e+06   2.4658203e+01
   1.9724530e+06   2.6855469e+01
   1.9724660e+06   4.6752930e+01
   1.9726170e+06   2.6672363e+01
   1.9726740e+06   3.5217285e+01
   1.9726880e+06   6.4147949e+01
   1.9727910e+06   2.8442383e+01
   1.9729160e+06   3.0151367e+01
   1.9730830e+06   3.1372070e+01
   1.9732050e+06   2.2644043e+01
   1.9733350e+06   3.0761719e+01
   1.9734320e+06   2.2949219e+01
   1.9827040e+06   4.6569824e+01
   1.9915560e+06   3.3996582e+01
   1.9915830e+06   6.0668945e+01
   1.9916880e+06   3.4729004e+01
   1.9917530e+06   4.1931152e+01
   1.9918900e+06   6.6467285e+01
   1.9919450e+06   3.7353516e+01
   1.9921210e+06   3.8269043e+01
   1.9921320e+06   5.7922363e+01
   1.9923030e+06   3.6376953e+01
   1.9923500e+06   7.1899414e+01
   1.9925530e+06   3.4729004e+01
   2.2532090e+06   3.7841797e+01
   2.2991750e+06   2.3071289e+01
   2.3108450e+06   3.6682129e+01
   2.3840580e+06   2.6672363e+01
   2.3846890e+06   3.7658691e+01
   2.3897040e+06   2.3559570e+01
   2.8268750e+06   2.6184082e+01
   2.8550620e+06   5.9204102e+01
   2.8551130e+06   5.0231934e+01
   2.8551270e+06   4.7668457e+01
   2.8551680e+06   3.6865234e+01
   2.8551780e+06   6.1218262e+01
   2.8551970e+06   6.0974121e+01
   2.8552130e+06   6.7321777e+01
   2.8552470e+06   8.8867188e+01
   2.8552710e+06   5.1574707e+01
   2.8552890e+06   7.9162598e+01
   2.8553120e+06   5.0842285e+01
   2.8553380e+06   5.2795410e+01
   2.8553570e+06   2.9541016e+01
   2.8553790e+06   5.0842285e+01
   2.8554110e+06   2.6855469e+01
   2.8554350e+06   2.6977539e+01
   2.8554540e+06   2.4902344e+01
   2.8554670e+06   2.9357910e+01
   2.8554930e+06   2.3315430e+01
   2.8555210e+06   3.0273438e+01
   2.8555860e+06   2.6733398e+01
   2.8556050e+06   2.2644043e+01
   2.8556680e+06   2.7343750e+01
   2.8557070e+06   2.3132324e+01
   2.8557820e+06   2.4108887e+01
   2.8558060e+06   2.8747559e+01
   2.8558410e+06   2.7893066e+01
   2.8559580e+06   3.0761719e+01
   2.8559730e+06   2.8259277e+01
   2.8559880e+06   2.3681641e+01
   2.8560280e+06   2.4719238e+01
   2.8560620e+06   2.5817871e+01
   2.8561110e+06   2.3315430e+01
   2.8561230e+06   5.0903320e+01
   2.8561700e+06   2.5878906e+01
   2.8561880e+06   3.9123535e+01
   2.8562250e+06   3.8330078e+01
   2.8562600e+06   3.5400391e+01
   2.8562900e+06   2.4047852e+01
   2.8563010e+06   2.7160645e+01
   2.8563330e+06   2.5207520e+01
   2.8563750e+06   4.4555664e+01
   2.8564170e+06   4.4921875e+01
   2.8564480e+06   2.4353027e+01
   2.8564910e+06   3.4973145e+01
   2.8565090e+06   3.1127930e+01
   2.8565410e+06   3.6254883e+01
   2.8565670e+06   4.8339844e+01
   2.8566220e+06   3.3691406e+01
   2.8566410e+06   3.1738281e+01
   2.8566720e+06   2.5146484e+01
   2.8566850e+06   2.6367188e+01
   2.8567220e+06   4.8217773e+01
   2.8567420e+06   3.0273437e+01
   2.8568130e+06   2.2583008e+01
   2.8568480e+06   2.8076172e+01
   2.8568880e+06   4.0100098e+01
   2.8569700e+06   4.4921875e+01
   2.8570020e+06   3.2836914e+01
   2.8571110e+06   3.2348633e+01
   2.8571590e+06   3.1250000e+01
   2.8572270e+06   3.1982422e+01
   2.8654090e+06   4.4860840e+01
   2.8654570e+06   4.6264648e+01
   2.8654980e+06   4.0893555e+01
   2.8655910e+06   4.5410156e+01
   2.8656210e+06   4.4677734e+01
   2.8656480e+06   4.5227051e+01
   2.8656820e+06   5.1208496e+01
   2.8656990e+06   2.3071289e+01
   2.8657100e+06   3.6437988e+01
   2.8657210e+06   3.9916992e+01
   2.8657570e+06   5.6701660e+01
   2.8657780e+06   5.0476074e+01
   2.8657950e+06   2.8015137e+01
   2.8658250e+06   5.5603027e+01
   2.8658370e+06   4.8461914e+01
   2.8658580e+06   4.1076660e+01
   2.8658760e+06   6.0119629e+01
   2.8658900e+06   2.6611328e+01
   2.8659140e+06   3.1616211e+01
   2.8659450e+06   5.8044434e+01
   2.8659620e+06   2.5329590e+01
   2.8659950e+06   3.9916992e+01
   2.8660050e+06   5.9082031e+01
   2.8660380e+06   4.0649414e+01
   2.8660620e+06   3.1494141e+01
   2.8660850e+06   2.3376465e+01
   2.8660990e+06   2.5573730e+01
   2.8661270e+06   3.8391113e+01
   2.8661550e+06   2.3986816e+01
   2.8661880e+06   3.1860352e+01
   2.8662150e+06   2.4536133e+01
   2.8662360e+06   3.6010742e+01
   2.8662860e+06   2.5817871e+01
   2.8662960e+06   2.4658203e+01
   2.8663180e+06   3.4301758e+01
   2.8664240e+06   4.1809082e+01
   2.8664740e+06   2.6977539e+01
   2.8665050e+06   2.8198242e+01
   2.8665200e+06   2.6367188e+01
   2.8665650e+06   3.5522461e+01
   2.8665750e+06   2.6367188e+01
   2.8666090e+06   2.6489258e+01
   2.8666210e+06   2.3193359e+01
   2.8666550e+06   2.9479980e+01
   2.8666890e+06   3.0090332e+01
   2.8667270e+06   2.7526855e+01
   2.8667540e+06   3.2409668e+01
   2.8667890e+06   2.8808594e+01
   2.8668200e+06   2.9418945e+01
   2.8668960e+06   2.9479980e+01
   2.8669270e+06   5.8166504e+01
   2.8669450e+06   2.3193359e+01
   2.8669780e+06   2.6245117e+01
   2.8670520e+06   3.5339355e+01
   2.8671120e+06   5.5053711e+01
   2.8671500e+06   2.7893066e+01
   2.8671870e+06   2.7221680e+01
   2.8672280e+06   2.7160645e+01
   2.8672540e+06   2.2705078e+01
   2.8672830e+06   2.4169922e+01
   2.8673230e+06   3.0883789e+01
   2.8673620e+06   2.4169922e+01
   2.8674200e+06   2.5939941e+01
   2.8674570e+06   3.6621094e+01
   2.8675220e+06   3.4118652e+01
   2.8676190e+06   2.7832031e+01
   2.8677170e+06   2.2949219e+01
   2.8678060e+06   2.9663086e+01
   2.8680040e+06   3.1799316e+01
   2.8748870e+06   4.0344238e+01
   2.8756370e+06   4.1564941e+01
   2.8781250e+06   4.1076660e+01
   2.8808740e+06   3.7292480e+01
   2.8809510e+06   3.6865234e+01
   2.8809900e+06   4.8461914e+01
   2.8810780e+06   3.8513184e+01
   2.8811160e+06   2.3010254e+01
   2.8812000e+06   7.9589844e+01
   2.8812120e+06   5.1025391e+01
   2.8812470e+06   2.4658203e+01
   2.8812740e+06   2.3315430e+01
   2.8813150e+06   6.5490723e+01
   2.8813320e+06   4.5715332e+01
   2.8814130e+06   2.5268555e+01
   2.8814460e+06   5.3649902e+01
   2.8814580e+06   2.6916504e+01
   2.8814730e+06   6.7016602e+01
   2.8815020e+06   7.4096680e+01
   2.8815130e+06   2.2644043e+01
   2.8815380e+06   5.5297852e+01
   2.8815570e+06   2.9846191e+01
   2.8815850e+06   6.2072754e+01
   2.8816050e+06   3.8330078e+01
   2.8816230e+06   2.5390625e+01
   2.8816330e+06   3.9367676e+01
   2.8816430e+06   3.4545898e+01
   2.8816590e+06   5.5114746e+01
   2.8816690e+06   4.2053223e+01
   2.8816920e+06   3.8269043e+01
   2.8817340e+06   6.4941406e+01
   2.8817500e+06   4.0283203e+01
   2.8817710e+06   3.0456543e+01
   2.8818000e+06   5.6091309e+01
   2.8818310e+06   3.5034180e+01
   2.8818520e+06   5.0537109e+01
   2.8818780e+06   3.3142090e+01
   2.8818970e+06   3.0395508e+01
   2.8819330e+06   4.2053223e+01
   2.8819540e+06   2.7282715e+01
   2.8820110e+06   5.8654785e+01
   2.8820770e+06   2.2949219e+01
   2.8821040e+06   3.1066895e+01
   2.8821200e+06   2.9724121e+01
   2.8821400e+06   3.0273438e+01
   2.8821760e+06   4.3273926e+01
   2.8822630e+06   3.7719727e+01
   2.8822940e+06   2.7343750e+01
   2.8823370e+06   3.3203125e+01
   2.8823470e+06   4.3945312e+01
   2.8823800e+06   2.6306152e+01
   2.8824240e+06   3.2958984e+01
   2.8824510e+06   3.5400391e+01
   2.8824920e+06   2.8564453e+01
   2.8825060e+06   2.8320312e+01
   2.8825360e+06   2.9235840e+01
   2.8825860e+06   6.7626953e+01
   2.8826550e+06   2.6977539e+01
   2.8826790e+06   2.8808594e+01
   2.8827900e+06   5.6823730e+01
   2.8828300e+06   3.6621094e+01
   2.8828890e+06   2.5512695e+01
   2.8829330e+06   2.7709961e+01
   2.8829880e+06   3.1005859e+01
   2.8830350e+06   2.6184082e+01
   2.8831260e+06   3.4729004e+01
   2.8831390e+06   3.4729004e+01
   2.8831710e+06   3.0029297e+01
   2.8833280e+06   2.5329590e+01
   2.8833600e+06   2.8320312e+01
   2.8835740e+06   2.4291992e+01
   2.8886480e+06   4.7729492e+01
   2.8893420e+06   3.7780762e+01
   2.8914150e+06   3.8696289e+01
   2.8917400e+06   4.3823242e+01
   2.8922340e+06   3.9855957e+01
   2.8935010e+06   3.6254883e+01
   2.8938810e+06   3.6804199e+01
   2.8943650e+06   4.3395996e+01
   2.8948220e+06   4.3945312e+01
   2.8957380e+06   3.8146973e+01
   2.8961840e+06   3.6804199e+01
   2.8964050e+06   4.8156738e+01
   2.8964910e+06   3.6499023e+01
   2.8965170e+06   5.0048828e+01
   2.8965550e+06   2.5451660e+01
   2.8965790e+06   2.3925781e+01
   2.8966480e+06   3.1860352e+01
   2.8966810e+06   4.2114258e+01
   2.8967220e+06   4.5349121e+01
   2.8967760e+06   4.9255371e+01
   2.8968820e+06   4.7302246e+01
   2.8969040e+06   2.5939941e+01
   2.8969350e+06   2.4475098e+01
   2.8969570e+06   2.5329590e+01
   2.8969910e+06   3.9978027e+01
   2.8970320e+06   5.4687500e+01
   2.8970760e+06   4.4982910e+01
   2.8970910e+06   3.9794922e+01
   2.8971240e+06   2.6672363e+01
   2.8971610e+06   4.7241211e+01
   2.8971830e+06   2.3376465e+01
   2.8972030e+06   2.2644043e+01
   2.8972360e+06   2.9724121e+01
   2.8972510e+06   3.6804199e+01
   2.8972780e+06   4.9133301e+01
   2.8972920e+06   3.1127930e+01
   2.8973130e+06   6.5429688e+01
   2.8973430e+06   4.5104980e+01
   2.8973660e+06   2.3925781e+01
   2.8973780e+06   4.5471191e+01
   2.8974050e+06   6.3110352e+01
   2.8974150e+06   4.9072266e+01
   2.8974820e+06   4.3518066e+01
   2.8974950e+06   5.9143066e+01
   2.8975140e+06   2.5817871e+01
   2.8975250e+06   3.2165527e+01
   2.8975580e+06   5.6945801e+01
   2.8975820e+06   2.3376465e+01
   2.8975930e+06   2.7038574e+01
   2.8976070e+06   2.9235840e+01
   2.8976240e+06   5.2429199e+01
   2.8976490e+06   3.3447266e+01
   2.8976890e+06   5.5297852e+01
   2.8977150e+06   3.2409668e+01
   2.8977450e+06   2.6245117e+01
   2.8977820e+06   3.8574219e+01
   2.8978160e+06   3.5156250e+01
   2.8978540e+06   3.3935547e+01
   2.8978880e+06   2.4353027e+01
   2.8979270e+06   3.7353516e+01
   2.8979390e+06   4.5166016e+01
   2.8979540e+06   3.3081055e+01
   2.8979820e+06   2.6733398e+01
   2.8980330e+06   3.7475586e+01
   2.8980450e+06   2.5939941e+01
   2.8981120e+06   2.5878906e+01
   2.8981330e+06   4.4189453e+01
   2.8981510e+06   2.4169922e+01
   2.8981780e+06   3.0090332e+01
   2.8982450e+06   2.4108887e+01
   2.8983480e+06   2.5756836e+01
   2.8983840e+06   2.2888184e+01
   2.8984310e+06   2.7343750e+01
   2.8985020e+06   2.6184082e+01
   2.8986650e+06   2.3681641e+01
   2.8988480e+06   2.9724121e+01
   2.8990380e+06   2.7954102e+01
   2.8991820e+06   2.3376465e+01
   2.8992350e+06   3.3081055e+01
   2.8994340e+06   2.7709961e+01
   2.9037440e+06   2.8625488e+01
   2.9051930e+06   3.0822754e+01
   2.9059340e+06   3.3996582e+01
   2.9062660e+06   3.9001465e+01
   2.9066000e+06   3.4729004e+01
   2.9075590e+06   3.4729004e+01
   2.9078350e+06   3.4790039e+01
   2.9081380e+06   2.5390625e+01
   2.9085480e+06   3.2470703e+01
   2.9089020e+06   3.0883789e+01
   2.9098200e+06   3.3386230e+01
   2.9115600e+06   3.6560059e+01
   2.9117480e+06   3.2592773e+01
   2.9117920e+06   4.6386719e+01
   2.9118240e+06   4.9499512e+01
   2.9118880e+06   4.4555664e+01
   2.9119850e+06   4.2358398e+01
   2.9120050e+06   3.0578613e+01
   2.9120410e+06   5.0354004e+01
   2.9121080e+06   5.3344727e+01
   2.9121310e+06   3.5461426e+01
   2.9122000e+06   3.5949707e+01
   2.9122130e+06   4.0771484e+01
   2.9122610e+06   4.9133301e+01
   2.9122760e+06   3.9916992e+01
   2.9123050e+06   2.6550293e+01
   2.9123370e+06   4.6875000e+01
   2.9123710e+06   2.3986816e+01
   2.9123960e+06   3.7292480e+01
   2.9124220e+06   3.8940430e+01
   2.9124590e+06   4.1503906e+01
   2.9125000e+06   4.4006348e+01
   2.9125130e+06   7.1350098e+01
   2.9125490e+06   3.8635254e+01
   2.9125710e+06   3.8818359e+01
   2.9125980e+06   3.2165527e+01
   2.9126290e+06   3.3508301e+01
   2.9126440e+06   3.1677246e+01
   2.9126640e+06   4.7668457e+01
   2.9126920e+06   6.0852051e+01
   2.9127110e+06   3.1250000e+01
   2.9127380e+06   3.0456543e+01
   2.9127770e+06   4.7607422e+01
   2.9128080e+06   2.7099609e+01
   2.9128200e+06   2.3986816e+01
   2.9128570e+06   7.4035645e+01
   2.9128780e+06   2.7648926e+01
   2.9129150e+06   2.7832031e+01
   2.9129380e+06   5.1879883e+01
   2.9129480e+06   4.6020508e+01
   2.9130070e+06   2.9296875e+01
   2.9130190e+06   2.3498535e+01
   2.9130300e+06   3.9123535e+01
   2.9130770e+06   3.4973145e+01
   2.9131160e+06   3.3325195e+01
   2.9131390e+06   2.4841309e+01
   2.9131820e+06   3.5949707e+01
   2.9132140e+06   2.8381348e+01
   2.9132650e+06   5.0109863e+01
   2.9132770e+06   2.8625488e+01
   2.9133240e+06   2.8442383e+01
   2.9133430e+06   3.4545898e+01
   2.9133970e+06   4.6752930e+01
   2.9134150e+06   2.6123047e+01
   2.9134700e+06   3.0639648e+01
   2.9136150e+06   2.2888184e+01
   2.9137840e+06   3.0212402e+01
   2.9139360e+06   2.3559570e+01
   2.9142660e+06   2.3803711e+01
   2.9193180e+06   2.9296875e+01
   2.9204500e+06   2.8198242e+01
   2.9207700e+06   2.8320312e+01
   2.9221090e+06   2.9907227e+01
   2.9224320e+06   2.9724121e+01
   2.9227650e+06   2.8442383e+01
   2.9230760e+06   3.4301758e+01
   2.9234340e+06   3.4912109e+01
   2.9237730e+06   3.5278320e+01
   2.9241760e+06   3.9001465e+01
   2.9244910e+06   2.8015137e+01
   2.9248070e+06   3.3508301e+01
   2.9251310e+06   3.8452148e+01
   2.9254450e+06   3.2531738e+01
   2.9268170e+06   2.7038574e+01
   2.9272450e+06   2.5939941e+01
   2.9277040e+06   3.3935547e+01
   2.9279570e+06   3.6499023e+01
   2.9280680e+06   5.4992676e+01
   2.9281180e+06   3.6560059e+01
   2.9281820e+06   4.2663574e+01
   2.9282320e+06   5.3894043e+01
   2.9283240e+06   2.8320312e+01
   2.9283340e+06   2.2644043e+01
   2.9283480e+06   2.9235840e+01
   2.9283860e+06   5.3527832e+01
   2.9283960e+06   4.5227051e+01
   2.9284460e+06   2.5512695e+01
   2.9284630e+06   3.1738281e+01
   2.9284790e+06   2.3315430e+01
   2.9285080e+06   5.4870605e+01
   2.9285250e+06   8.0383301e+01
   2.9285490e+06   2.2949219e+01
   2.9285680e+06   5.0354004e+01
   2.9285790e+06   2.7526855e+01
   2.9285990e+06   2.3559570e+01
   2.9286250e+06   5.4382324e+01
   2.9286450e+06   6.3354492e+01
   2.9286700e+06   7.1533203e+01
   2.9286840e+06   3.9367676e+01
   2.9286940e+06   3.3264160e+01
   2.9287270e+06   5.9204102e+01
   2.9287560e+06   3.5583496e+01
   2.9287730e+06   4.6081543e+01
   2.9288040e+06   5.7250977e+01
   2.9288200e+06   4.4372559e+01
   2.9288640e+06   4.4738770e+01
   2.9288930e+06   5.7556152e+01
   2.9289040e+06   2.4963379e+01
   2.9289360e+06   2.8137207e+01
   2.9289510e+06   3.5217285e+01
   2.9289700e+06   2.8198242e+01
   2.9289960e+06   2.6489258e+01
   2.9290240e+06   2.3742676e+01
   2.9290430e+06   4.5410156e+01
   2.9290620e+06   2.6794434e+01
   2.9290800e+06   2.9663086e+01
   2.9291110e+06   3.4423828e+01
   2.9291420e+06   3.8391113e+01
   2.9291840e+06   5.1574707e+01
   2.9292490e+06   3.6926270e+01
   2.9292620e+06   4.3762207e+01
   2.9293120e+06   3.2165527e+01
   2.9293510e+06   3.3752441e+01
   2.9293840e+06   2.5146484e+01
   2.9294030e+06   2.7160645e+01
   2.9294270e+06   2.4169922e+01
   2.9294500e+06   4.1320801e+01
   2.9294790e+06   2.3315430e+01
   2.9295560e+06   2.6794434e+01
   2.9295680e+06   7.3547363e+01
   2.9296260e+06   2.2644043e+01
   2.9296860e+06   3.6743164e+01
   2.9297120e+06   2.3742676e+01
   2.9297290e+06   2.7465820e+01
   2.9297780e+06   2.7770996e+01
   2.9299340e+06   2.5817871e+01
   2.9301030e+06   2.2583008e+01
   2.9302040e+06   2.7038574e+01
   2.9302980e+06   2.5939941e+01
   2.9305120e+06   2.6184082e+01
   2.9367100e+06   2.5207520e+01
   2.9370760e+06   2.4047852e+01
   2.9374190e+06   2.6245117e+01
   2.9387680e+06   3.3447266e+01
   2.9390370e+06   3.2409668e+01
   2.9393260e+06   3.3569336e+01
   2.9396480e+06   2.8869629e+01
   2.9400680e+06   2.7770996e+01
   2.9404380e+06   3.0334473e+01
   2.9408000e+06   2.7465820e+01
   2.9411820e+06   2.7954102e+01
   2.9415650e+06   2.9968262e+01
   2.9419470e+06   2.7282715e+01
   2.9422570e+06   2.9663086e+01
   2.9424360e+06   4.8461914e+01
   2.9424860e+06   2.5634766e+01
   2.9426350e+06   2.2827148e+01
   2.9426750e+06   3.7475586e+01
   2.9426940e+06   4.1503906e+01
   2.9427280e+06   2.5329590e+01
   2.9427710e+06   2.9418945e+01
   2.9428270e+06   3.4301758e+01
   2.9428490e+06   4.2968750e+01
   2.9428670e+06   4.5349121e+01
   2.9428880e+06   2.6000977e+01
   2.9429610e+06   2.2705078e+01
   2.9429900e+06   3.8574219e+01
   2.9430030e+06   6.4575195e+01
   2.9430320e+06   2.5329590e+01
   2.9430590e+06   2.3803711e+01
   2.9431140e+06   3.3203125e+01
   2.9431470e+06   4.6325684e+01
   2.9431900e+06   2.5634766e+01
   2.9432270e+06   4.8278809e+01
   2.9432850e+06   4.2358398e+01
   2.9433430e+06   2.3437500e+01
   2.9434070e+06   2.2949219e+01
   2.9434420e+06   3.6315918e+01
   2.9435820e+06   3.0212402e+01
   2.9435920e+06   2.9907227e+01
   2.9436140e+06   3.3752441e+01
   2.9437530e+06   3.7780762e+01
   2.9438970e+06   2.6306152e+01
   2.9439380e+06   3.6499023e+01
   2.9439800e+06   2.4047852e+01
   2.9442160e+06   2.3193359e+01
   2.9477080e+06   2.8015137e+01
   2.9482290e+06   3.7597656e+01
   2.9510550e+06   3.3813477e+01
   2.9513470e+06   3.0944824e+01
   2.9514780e+06   5.2124023e+01
   2.9515140e+06   2.6000977e+01
   2.9515550e+06   2.3498535e+01
   2.9516130e+06   4.6997070e+01
   2.9516500e+06   3.4790039e+01
   2.9516690e+06   3.2226562e+01
   2.9516930e+06   3.2287598e+01
   2.9517190e+06   2.4658203e+01
   2.9517370e+06   4.9743652e+01
   2.9517570e+06   2.5817871e+01
   2.9517820e+06   5.4382324e+01
   2.9518230e+06   2.3681641e+01
   2.9518360e+06   7.7697754e+01
   2.9518560e+06   2.8137207e+01
   2.9518760e+06   3.9306641e+01
   2.9519090e+06   3.9001465e+01
   2.9519240e+06   3.3691406e+01
   2.9519360e+06   2.6245117e+01
   2.9519830e+06   3.5766602e+01
   2.9520200e+06   5.2124023e+01
   2.9520440e+06   6.0607910e+01
   2.9520660e+06   2.5207520e+01
   2.9520830e+06   3.9306641e+01
   2.9521060e+06   3.5705566e+01
   2.9521480e+06   2.3071289e+01
   2.9521600e+06   5.8898926e+01
   2.9522050e+06   3.0639648e+01
   2.9522330e+06   4.5837402e+01
   2.9522460e+06   4.4860840e+01
   2.9522760e+06   3.0212402e+01
   2.9522920e+06   2.5207520e+01
   2.9523100e+06   4.3701172e+01
   2.9523360e+06   4.2114258e+01
   2.9523590e+06   2.7404785e+01
   2.9523780e+06   5.0109863e+01
   2.9523920e+06   3.6437988e+01
   2.9524110e+06   2.5268555e+01
   2.9524560e+06   3.7048340e+01
   2.9524820e+06   3.7536621e+01
   2.9525270e+06   3.6499023e+01
   2.9525380e+06   3.0029297e+01
   2.9525770e+06   2.6733398e+01
   2.9526060e+06   4.1992188e+01
   2.9526360e+06   2.3742676e+01
   2.9526470e+06   2.4169922e+01
   2.9526840e+06   2.8625488e+01
   2.9527690e+06   3.3447266e+01
   2.9527970e+06   2.7526855e+01
   2.9528200e+06   2.5085449e+01
   2.9528380e+06   3.1127930e+01
   2.9529140e+06   4.3090820e+01
   2.9529450e+06   3.9062500e+01
   2.9529980e+06   2.4108887e+01
   2.9530430e+06   3.0822754e+01
   2.9530740e+06   2.8869629e+01
   2.9532380e+06   2.3864746e+01
   2.9535830e+06   3.3935547e+01
   2.9537940e+06   2.5756836e+01
   2.9540020e+06   2.8198242e+01
   2.9542280e+06   2.5939941e+01
   2.9614130e+06   2.6550293e+01
   2.9617200e+06   2.3620605e+01
   2.9620670e+06   2.2766113e+01
   2.9624250e+06   3.0639648e+01
   2.9627770e+06   2.4902344e+01
   2.9641730e+06   2.7404785e+01
   2.9646590e+06   2.3925781e+01
   2.9651080e+06   2.5268555e+01
   2.9654530e+06   2.9724121e+01
   2.9656070e+06   5.1269531e+01
   2.9656490e+06   3.8940430e+01
   2.9658350e+06   3.1799316e+01
   2.9659400e+06   3.2287598e+01
   2.9659760e+06   4.1381836e+01
   2.9660220e+06   3.0700684e+01
   2.9661910e+06   4.0466309e+01
   2.9662040e+06   3.2897949e+01
   2.9663760e+06   3.3569336e+01
   2.9664160e+06   4.8583984e+01
   2.9665080e+06   3.6560059e+01
   2.9666330e+06   2.3071289e+01
   2.9667050e+06   4.0100098e+01
   2.9706740e+06   3.5583496e+01
   2.9707130e+06   5.4687500e+01
   2.9708440e+06   3.9184570e+01
   2.9709110e+06   4.0039062e+01
   2.9709520e+06   5.2429199e+01
   2.9709930e+06   3.1433105e+01
   2.9710790e+06   2.6611328e+01
   2.9711130e+06   6.3781738e+01
   2.9712420e+06   2.8381348e+01
   2.9712710e+06   2.5268555e+01
   2.9713040e+06   4.2968750e+01
   2.9713620e+06   2.9052734e+01
   2.9713930e+06   2.3925781e+01
   2.9714260e+06   4.5227051e+01
   2.9714840e+06   4.1015625e+01
   2.9714980e+06   2.5878906e+01
   2.9715290e+06   2.4780273e+01
   2.9715600e+06   3.8879395e+01
   2.9716000e+06   2.5573730e+01
   2.9716200e+06   2.9785156e+01
   2.9716380e+06   4.4982910e+01
   2.9716640e+06   3.0273438e+01
   2.9716870e+06   5.3833008e+01
   2.9716980e+06   2.3132324e+01
   2.9717160e+06   2.6794434e+01
   2.9717370e+06   3.8513184e+01
   2.9717580e+06   7.9467773e+01
   2.9717780e+06   3.0151367e+01
   2.9718090e+06   4.3579102e+01
   2.9718430e+06   6.2255859e+01
   2.9718530e+06   4.0466309e+01
   2.9718750e+06   2.8869629e+01
   2.9718960e+06   2.4536133e+01
   2.9719200e+06   5.6762695e+01
   2.9719310e+06   3.4484863e+01
   2.9719490e+06   2.7404785e+01
   2.9719790e+06   2.7648926e+01
   2.9720040e+06   8.7829590e+01
   2.9720240e+06   2.4536133e+01
   2.9720620e+06   3.3630371e+01
   2.9720920e+06   5.0292969e+01
   2.9721110e+06   2.5817871e+01
   2.9721540e+06   2.9602051e+01
   2.9722010e+06   5.0537109e+01
   2.9722650e+06   2.3498535e+01
   2.9722750e+06   3.5888672e+01
   2.9722880e+06   4.6569824e+01
   2.9723940e+06   4.2297363e+01
   2.9724170e+06   4.5349121e+01
   2.9724500e+06   2.5695801e+01
   2.9724780e+06   2.5207520e+01
   2.9725060e+06   4.1748047e+01
   2.9726180e+06   2.4108887e+01
   2.9726350e+06   2.2705078e+01
   2.9726910e+06   2.4230957e+01
   2.9727670e+06   2.6000977e+01
   2.9727890e+06   2.4108887e+01
   2.9729300e+06   2.3071289e+01
   2.9731120e+06   3.0212402e+01
   2.9817340e+06   2.7038574e+01
   2.9833970e+06   3.1799316e+01
   2.9837550e+06   3.1982422e+01
   2.9842320e+06   2.9541016e+01
   2.9853650e+06   2.9541016e+01
   2.9858520e+06   3.3996582e+01
   2.9881350e+06   3.7231445e+01
   2.9883830e+06   4.0771484e+01
   2.9884350e+06   6.2500000e+01
   2.9885150e+06   3.8940430e+01
   2.9885270e+06   4.5471191e+01
   2.9885970e+06   2.5451660e+01
   2.9886220e+06   5.3833008e+01
   2.9886530e+06   3.3386230e+01
   2.9886770e+06   2.3010254e+01
   2.9887510e+06   3.8269043e+01
   2.9887710e+06   5.3283691e+01
   2.9887930e+06   4.2175293e+01
   2.9888850e+06   3.7414551e+01
   2.9889120e+06   3.3142090e+01
   2.9889300e+06   2.9846191e+01
   2.9889520e+06   2.4291992e+01
   2.9889890e+06   5.3771973e+01
   2.9890230e+06   6.3537598e+01
   2.9890440e+06   3.1982422e+01
   2.9890650e+06   2.3132324e+01
   2.9890800e+06   2.8015137e+01
   2.9890920e+06   2.8991699e+01
   2.9891120e+06   4.9011230e+01
   2.9891300e+06   2.8320312e+01
   2.9891600e+06   4.0039062e+01
   2.9891730e+06   2.5329590e+01
   2.9891940e+06   6.0729980e+01
   2.9892040e+06   2.4169922e+01
   2.9892210e+06   3.4606934e+01
   2.9892540e+06   3.8085938e+01
   2.9892740e+06   4.5715332e+01
   2.9893000e+06   3.3508301e+01
   2.9893110e+06   3.4179688e+01
   2.9893450e+06   4.1625977e+01
   2.9893750e+06   3.8818359e+01
   2.9894260e+06   4.2114258e+01
   2.9894380e+06   2.9785156e+01
   2.9894690e+06   3.2348633e+01
   2.9895280e+06   3.6865234e+01
   2.9895590e+06   3.8146973e+01
   2.9896190e+06   4.5349121e+01
   2.9896370e+06   3.0700684e+01
   2.9896620e+06   2.8381348e+01
   2.9896790e+06   2.5939941e+01
   2.9897010e+06   2.9113770e+01
   2.9897470e+06   3.8452148e+01
   2.9898490e+06   5.0903320e+01
   2.9899080e+06   3.4423828e+01
   2.9899910e+06   5.0109863e+01
   2.9900610e+06   2.6428223e+01
   2.9901540e+06   5.8105469e+01
   2.9902160e+06   2.9113770e+01
   2.9903850e+06   3.0212402e+01
   2.9906010e+06   2.6123047e+01
   2.9908230e+06   2.8442383e+01
   2.9910430e+06   2.8625488e+01
   2.9912610e+06   2.5329590e+01
   2.9989270e+06   2.9968262e+01
   3.0014730e+06   2.7526855e+01
   3.0019400e+06   3.0151367e+01
   3.0024310e+06   2.9357910e+01
   3.0063060e+06   2.4963379e+01
   3.0064400e+06   4.9377441e+01
   3.0064810e+06   3.6682129e+01
   3.0065520e+06   4.1137695e+01
   3.0066010e+06   2.3376465e+01
   3.0066250e+06   2.6977539e+01
   3.0066490e+06   5.0048828e+01
   3.0067260e+06   4.5471191e+01
   3.0067550e+06   4.0039062e+01
   3.0068000e+06   3.9489746e+01
   3.0068210e+06   3.5583496e+01
   3.0068350e+06   2.8930664e+01
   3.0068920e+06   2.7160645e+01
   3.0069110e+06   4.7241211e+01
   3.0069440e+06   2.5268555e+01
   3.0069750e+06   7.9467773e+01
   3.0069960e+06   2.3437500e+01
   3.0070380e+06   3.8024902e+01
   3.0070540e+06   2.4719238e+01
   3.0071080e+06   4.0588379e+01
   3.0071240e+06   2.7709961e+01
   3.0071480e+06   2.5207520e+01
   3.0071650e+06   5.7678223e+01
   3.0071930e+06   2.3498535e+01
   3.0072220e+06   7.5073242e+01
   3.0072550e+06   4.6997070e+01
   3.0072810e+06   2.8442383e+01
   3.0073000e+06   2.2766113e+01
   3.0073280e+06   5.7189941e+01
   3.0073740e+06   2.8015137e+01
   3.0074040e+06   2.3803711e+01
   3.0074170e+06   5.0048828e+01
   3.0074590e+06   3.6437988e+01
   3.0074760e+06   2.3681641e+01
   3.0074970e+06   5.1086426e+01
   3.0075250e+06   2.5756836e+01
   3.0075360e+06   3.0700684e+01
   3.0075730e+06   4.2846680e+01
   3.0076030e+06   3.5095215e+01
   3.0076240e+06   3.5278320e+01
   3.0076450e+06   3.0090332e+01
   3.0076660e+06   5.5175781e+01
   3.0077220e+06   3.7292480e+01
   3.0077630e+06   4.1137695e+01
   3.0077730e+06   3.0822754e+01
   3.0078700e+06   5.4504395e+01
   3.0079160e+06   2.4108887e+01
   3.0080260e+06   2.5207520e+01
   3.0080730e+06   3.2592773e+01
   3.0081730e+06   2.3864746e+01
   3.0082070e+06   2.2888184e+01
   3.0083410e+06   2.4353027e+01
   3.0083670e+06   2.4963379e+01
   3.0085090e+06   2.7526855e+01
   3.0087100e+06   2.5512695e+01
   3.0229300e+06   2.7282715e+01
   3.0231580e+06   3.6010742e+01
   3.0231750e+06   5.8349609e+01
   3.0233510e+06   3.5034180e+01
   3.0234220e+06   3.3447266e+01
   3.0234770e+06   4.7424316e+01
   3.0235480e+06   2.6306152e+01
   3.0237420e+06   4.3701172e+01
   3.0297150e+06   3.4423828e+01
   3.0299390e+06   3.6865234e+01
   3.0299640e+06   4.8583984e+01
   3.0299910e+06   4.0161133e+01
   3.0300910e+06   3.9550781e+01
   3.0301670e+06   8.1359863e+01
   3.0302080e+06   2.5207520e+01
   3.0302740e+06   2.4597168e+01
   3.0303190e+06   3.4057617e+01
   3.0303330e+06   5.9997559e+01
   3.0304350e+06   2.4169922e+01
   3.0304480e+06   3.9550781e+01
   3.0304620e+06   6.2805176e+01
   3.0304820e+06   3.3752441e+01
   3.0305080e+06   2.7160645e+01
   3.0305380e+06   2.7954102e+01
   3.0305520e+06   3.1616211e+01
   3.0305730e+06   9.0393066e+01
   3.0305910e+06   3.3203125e+01
   3.0306320e+06   5.7678223e+01
   3.0306680e+06   4.5715332e+01
   3.0306840e+06   5.7495117e+01
   3.0307020e+06   2.6062012e+01
   3.0307310e+06   3.5644531e+01
   3.0307580e+06   4.4555664e+01
   3.0307690e+06   2.3986816e+01
   3.0308100e+06   2.3742676e+01
   3.0308350e+06   4.8889160e+01
   3.0309110e+06   4.6630859e+01
   3.0309400e+06   2.4108887e+01
   3.0309530e+06   2.2827148e+01
   3.0309870e+06   5.3100586e+01
   3.0309990e+06   4.1748047e+01
   3.0310260e+06   2.3193359e+01
   3.0310930e+06   7.7453613e+01
   3.0311160e+06   2.3925781e+01
   3.0311560e+06   2.2888184e+01
   3.0311740e+06   4.5166016e+01
   3.0312700e+06   4.6875000e+01
   3.0312810e+06   4.3273926e+01
   3.0313560e+06   2.6794434e+01
   3.0314330e+06   2.5024414e+01
   3.0314550e+06   2.4719238e+01
   3.0315620e+06   2.2949219e+01
   3.0315800e+06   2.6672363e+01
   3.0316590e+06   2.2827148e+01
   3.0318180e+06   2.6306152e+01
   3.0319860e+06   2.4597168e+01
   3.0321650e+06   3.3386230e+01
   3.0468740e+06   2.9113770e+01
   3.0496250e+06   2.5573730e+01
   3.0508950e+06   3.1982422e+01
   3.0554840e+06   3.4545898e+01
   3.0577870e+06   4.0405273e+01
   3.0579920e+06   6.1584473e+01
   3.0580200e+06   3.5583496e+01
   3.0580630e+06   4.3273926e+01
   3.0581570e+06   4.2846680e+01
   3.0582130e+06   5.5114746e+01
   3.0582710e+06   3.6804199e+01
   3.0583410e+06   4.3457031e+01
   3.0583640e+06   6.5979004e+01
   3.0583950e+06   2.2949219e+01
   3.0584320e+06   4.8706055e+01
   3.0584540e+06   2.5268555e+01
   3.0584690e+06   4.7973633e+01
   3.0584820e+06   2.5451660e+01
   3.0584970e+06   7.8369141e+01
   3.0585240e+06   3.0456543e+01
   3.0585520e+06   7.1655273e+01
   3.0585770e+06   4.9804688e+01
   3.0586060e+06   5.7739258e+01
   3.0586390e+06   2.3986816e+01
   3.0586570e+06   8.3984375e+01
   3.0587000e+06   3.0517578e+01
   3.0587170e+06   2.9418945e+01
   3.0587400e+06   4.4860840e+01
   3.0587780e+06   3.9794922e+01
   3.0588060e+06   3.7963867e+01
   3.0588440e+06   2.2583008e+01
   3.0588670e+06   4.0466309e+01
   3.0588840e+06   5.4992676e+01
   3.0589070e+06   2.7221680e+01
   3.0589400e+06   2.9968262e+01
   3.0589900e+06   4.6081543e+01
   3.0590000e+06   4.3762207e+01
   3.0590860e+06   6.3049316e+01
   3.0591850e+06   3.2653809e+01
   3.0592400e+06   5.2185059e+01
   3.0593120e+06   2.5878906e+01
   3.0593430e+06   3.2165527e+01
   3.0594550e+06   3.0456543e+01
   3.0595130e+06   2.4475098e+01
   3.0595530e+06   2.3559570e+01
   3.0595830e+06   2.4597168e+01
   3.0597830e+06   2.5146484e+01
   3.0599160e+06   2.5207520e+01
   3.0708260e+06   3.3386230e+01
   3.0789600e+06   4.0222168e+01
   3.0793090e+06   3.6193848e+01
   3.0794430e+06   5.1330566e+01
   3.0795430e+06   3.2958984e+01
   3.0796980e+06   4.2785645e+01
   3.0797460e+06   5.0964355e+01
   3.0797570e+06   3.6376953e+01
   3.0799490e+06   4.4921875e+01
   3.0800090e+06   5.0476074e+01
   3.0800340e+06   3.4667969e+01
   3.0802230e+06   3.6254883e+01
   3.0803480e+06   4.6020508e+01
   3.0877180e+06   3.7963867e+01
   3.0879520e+06   3.2165527e+01
   3.0879710e+06   5.0354004e+01
   3.0881310e+06   3.5156250e+01
   3.0881710e+06   4.0832520e+01
   3.0882140e+06   4.7363281e+01
   3.0882760e+06   3.2836914e+01
   3.0883810e+06   3.9978027e+01
   3.0884230e+06   3.3813477e+01
   3.0884500e+06   4.7302246e+01
   3.0886090e+06   3.4423828e+01
   3.0886480e+06   3.5217285e+01
   3.0886740e+06   4.4006348e+01
   3.0887680e+06   3.6743164e+01
   3.0889290e+06   4.5776367e+01
   3.0944720e+06   3.8879395e+01
   3.0947490e+06   7.5561523e+01
   3.0948260e+06   3.9855957e+01
   3.1006880e+06   4.1748047e+01
   3.1007990e+06   5.1269531e+01
   3.1009060e+06   3.6682129e+01
   3.1009180e+06   4.4982910e+01
   3.1010980e+06   6.0058594e+01
   3.1011190e+06   3.8024902e+01
   3.1011470e+06   4.5410156e+01
   3.1013890e+06   5.5725098e+01
   3.1063650e+06   3.5339355e+01
   3.1064730e+06   4.9804688e+01
   3.1066110e+06   4.2419434e+01
   3.1066360e+06   3.6743164e+01
   3.1068490e+06   3.8818359e+01
   3.1068630e+06   5.9997559e+01
   3.1069190e+06   3.8452148e+01
   3.1119940e+06   4.8095703e+01
   3.1121500e+06   5.6579590e+01
   3.1122680e+06   4.2907715e+01
   3.1123130e+06   4.1809082e+01
   3.1125920e+06   5.9509277e+01
   3.1181880e+06   4.7119141e+01
   3.1182500e+06   5.2185059e+01
   3.1183220e+06   3.9978027e+01
   3.1183770e+06   2.3193359e+01
   3.1183870e+06   4.6203613e+01
   3.1185430e+06   3.3203125e+01
   3.1186090e+06   5.1269531e+01
   3.1189250e+06   5.5419922e+01
   3.1239610e+06   4.1748047e+01
   3.1240010e+06   5.1208496e+01
   3.1241120e+06   3.6865234e+01
   3.1242630e+06   3.5034180e+01
   3.1304920e+06   4.3151855e+01
   3.1305390e+06   4.9438477e+01
   3.1305860e+06   3.7963867e+01
   3.1306950e+06   4.3029785e+01
   3.1308120e+06   6.0668945e+01
   3.1309270e+06   4.2419434e+01
   3.1310190e+06   3.9855957e+01
   3.1312150e+06   4.6630859e+01
   3.1364280e+06   5.1391602e+01
   3.1364570e+06   5.6762695e+01
   3.1365720e+06   4.0466309e+01
   3.1412640e+06   5.1513672e+01
   3.1472020e+06   5.9631348e+01
   3.1472870e+06   3.9855957e+01
   3.1474380e+06   4.6447754e+01
   3.1474980e+06   5.4992676e+01
   3.1527750e+06   5.7495117e+01
   3.1528100e+06   4.3273926e+01
   3.1529480e+06   3.3996582e+01
   3.1588400e+06   4.3579102e+01
   3.1588690e+06   5.9020996e+01
   3.1589370e+06   4.3151855e+01
   3.1593520e+06   4.7424316e+01
   3.1649440e+06   5.8593750e+01
   3.1650230e+06   4.4860840e+01
   3.1650350e+06   4.1015625e+01
   3.1653540e+06   6.1340332e+01
   3.1703970e+06   6.4086914e+01
   3.1705080e+06   4.9499512e+01
   3.1705720e+06   4.2236328e+01
   3.1765980e+06   7.4462891e+01
   3.1766620e+06   3.1860352e+01
   3.1768970e+06   3.7231445e+01
   3.1769120e+06   5.1452637e+01
   3.1832870e+06   5.2001953e+01
   3.1833530e+06   4.4860840e+01
   3.1834570e+06   4.1076660e+01
   3.1836680e+06   6.1035156e+01
   3.1836960e+06   3.6804199e+01
   3.1890960e+06   5.1818848e+01
   3.1891920e+06   4.0649414e+01
   3.1957700e+06   6.3171387e+01
   3.1958500e+06   8.3435059e+01
   3.1960150e+06   4.6875000e+01
   3.1961300e+06   6.1950684e+01
   3.2024560e+06   5.3710938e+01
   3.2025050e+06   3.9794922e+01
   3.2025680e+06   4.5959473e+01
   3.2028210e+06   4.0161133e+01
   3.2083200e+06   5.5725098e+01
   3.2085940e+06   3.7109375e+01
   3.2151260e+06   5.7617188e+01
   3.2151940e+06   4.1076660e+01
   3.2152080e+06   3.7536621e+01
   3.2152720e+06   2.2583008e+01
   3.2154400e+06   5.8349609e+01
   3.2212230e+06   6.1523438e+01
   3.2213100e+06   4.4616699e+01
   3.2213300e+06   3.7170410e+01
   3.2289680e+06   6.0302734e+01
   3.2290300e+06   3.8574219e+01
   3.2292070e+06   7.4401855e+01
   3.2293250e+06   4.4921875e+01
   3.2293630e+06   3.0456543e+01
   3.2293850e+06   3.5583496e+01
   3.2295370e+06   5.4016113e+01
   3.2360740e+06   5.5236816e+01
   3.2361820e+06   4.0710449e+01
   3.2363460e+06   5.4809570e+01
   3.2363730e+06   3.5461426e+01
   3.2365120e+06   2.5451660e+01
   3.2444010e+06   5.6640625e+01
   3.2444420e+06   4.4677734e+01
   3.2444860e+06   4.1198730e+01
   3.2446080e+06   4.0283203e+01
   3.2446910e+06   4.9133301e+01
   3.2447950e+06   3.5827637e+01
   3.2449860e+06   5.2978516e+01
   3.2535410e+06   2.3315430e+01
   3.2535830e+06   4.8278809e+01
   3.2537160e+06   4.9621582e+01
   3.2537430e+06   5.0598145e+01
   3.2537690e+06   4.9011230e+01
   3.2538230e+06   2.4353027e+01
   3.2538810e+06   4.4860840e+01
   3.2539280e+06   4.7424316e+01
   3.2540480e+06   4.6264648e+01
   3.2540990e+06   4.8339844e+01
   3.2542250e+06   3.8269043e+01
   3.2542540e+06   5.2673340e+01
   3.2542960e+06   3.3813477e+01
   3.2613340e+06   5.4260254e+01
   3.2614330e+06   4.0100098e+01
   3.2615640e+06   4.5654297e+01
   3.2615830e+06   5.5297852e+01
   3.2616240e+06   4.2724609e+01
   3.2617950e+06   3.3996582e+01
   3.2618880e+06   5.3527832e+01
   3.2698090e+06   5.6701660e+01
   3.2699140e+06   4.0100098e+01
   3.2699250e+06   3.6804199e+01
   3.2700320e+06   6.5185547e+01
   3.2701170e+06   4.6264648e+01
   3.2701870e+06   3.4729004e+01
   3.2703660e+06   5.4443359e+01
   3.2705920e+06   5.1696777e+01
   3.2780420e+06   5.9082031e+01
   3.2781310e+06   5.9082031e+01
   3.2781430e+06   2.2583008e+01
   3.2782280e+06   5.5541992e+01
   3.2782800e+06   3.3508301e+01
   3.2783520e+06   4.4128418e+01
   3.2784770e+06   5.4199219e+01
   3.2787240e+06   4.9865723e+01
   3.2872390e+06   5.3771973e+01
   3.2873000e+06   4.8950195e+01
   3.2873160e+06   4.7668457e+01
   3.2874130e+06   5.9509277e+01
   3.2874310e+06   2.6428223e+01
   3.2874420e+06   3.8879395e+01
   3.2875450e+06   4.0710449e+01
   3.2875700e+06   4.8034668e+01
   3.2875860e+06   4.8828125e+01
   3.2876660e+06   2.6428223e+01
   3.2876960e+06   6.0180664e+01
   3.2877170e+06   4.4555664e+01
   3.2877710e+06   3.7292480e+01
   3.2878770e+06   3.8818359e+01
   3.2879040e+06   4.9743652e+01
   3.2881400e+06   4.3334961e+01
   3.2955820e+06   5.7250977e+01
   3.2957000e+06   4.4128418e+01
   3.2957470e+06   2.2766113e+01
   3.2957780e+06   6.2011719e+01
   3.2958490e+06   3.4790039e+01
   3.2959320e+06   2.2888184e+01
   3.2959720e+06   4.5959473e+01
   3.2960770e+06   3.6437988e+01
   3.2963410e+06   5.0415039e+01
   3.3042140e+06   5.9204102e+01
   3.3042890e+06   4.2663574e+01
   3.3043040e+06   4.8217773e+01
   3.3043510e+06   2.2888184e+01
   3.3043990e+06   6.7260742e+01
   3.3044320e+06   3.5888672e+01
   3.3044490e+06   4.2846680e+01
   3.3045510e+06   5.1818848e+01
   3.3045660e+06   3.2287598e+01
   3.3047460e+06   4.9133301e+01
   3.3047740e+06   2.8198242e+01
   3.3050150e+06   5.3527832e+01
   3.3051890e+06   2.3010254e+01
   3.3145690e+06   6.0302734e+01
   3.3145810e+06   6.5979004e+01
   3.3146070e+06   5.1940918e+01
   3.3146730e+06   2.3254395e+01
   3.3147100e+06   5.5847168e+01
   3.3147270e+06   5.6762695e+01
   3.3147690e+06   2.4475098e+01
   3.3148530e+06   3.8024902e+01
   3.3149030e+06   3.9184570e+01
   3.3150030e+06   5.4748535e+01
   3.3150380e+06   3.3874512e+01
   3.3150910e+06   4.4067383e+01
   3.3151190e+06   3.4912109e+01
   3.3151420e+06   4.3640137e+01
   3.3152800e+06   3.5034180e+01
   3.3153170e+06   4.3029785e+01
   3.3239310e+06   6.0058594e+01
   3.3239910e+06   4.6630859e+01
   3.3240200e+06   3.9611816e+01
   3.3240980e+06   6.3110352e+01
   3.3241310e+06   4.4250488e+01
   3.3242350e+06   5.6213379e+01
   3.3243110e+06   2.7465820e+01
   3.3244080e+06   4.7851562e+01
   3.3245410e+06   3.5644531e+01
   3.3246480e+06   4.6447754e+01
   3.3329080e+06   5.1757813e+01
   3.3329270e+06   4.4311523e+01
   3.3329610e+06   4.9133301e+01
   3.3330150e+06   2.5207520e+01
   3.3330640e+06   7.2265625e+01
   3.3330930e+06   4.2846680e+01
   3.3331280e+06   4.6081543e+01
   3.3331750e+06   2.2583008e+01
   3.3332780e+06   3.5583496e+01
   3.3332960e+06   5.5480957e+01
   3.3335390e+06   5.6884766e+01
   3.3427960e+06   2.2949219e+01
   3.3428400e+06   6.8298340e+01
   3.3428730e+06   4.9438477e+01
   3.3429010e+06   4.0832520e+01
   3.3429830e+06   5.6213379e+01
   3.3430090e+06   4.1870117e+01
   3.3430220e+06   5.4077148e+01
   3.3431480e+06   4.0710449e+01
   3.3431580e+06   5.9753418e+01
   3.3432040e+06   3.9611816e+01
   3.3432540e+06   2.4047852e+01
   3.3432980e+06   2.3437500e+01
   3.3433140e+06   3.8574219e+01
   3.3434170e+06   2.3010254e+01
   3.3434790e+06   4.0893555e+01
   3.3437130e+06   4.0161133e+01
   3.3551290e+06   2.4230957e+01
   3.3551520e+06   6.0058594e+01
   3.3552010e+06   6.0852051e+01
   3.3552930e+06   5.9265137e+01
   3.3553200e+06   4.7485352e+01
   3.3553320e+06   5.5664063e+01
   3.3553570e+06   3.0395508e+01
   3.3554440e+06   5.0903320e+01
   3.3554630e+06   3.0395508e+01
   3.3554980e+06   4.0527344e+01
   3.3555650e+06   6.1950684e+01
   3.3555830e+06   3.0578613e+01
   3.3557060e+06   4.6325684e+01
   3.3557500e+06   4.2114258e+01
   3.3558370e+06   4.0222168e+01
   3.3558730e+06   3.2592773e+01
   3.3559870e+06   4.3579102e+01
   3.3656770e+06   5.9326172e+01
   3.3657500e+06   4.6813965e+01
   3.3658530e+06   1.0241699e+02
   3.3659000e+06   3.8452148e+01
   3.3660140e+06   4.4921875e+01
   3.3660450e+06   3.5156250e+01
   3.3660960e+06   4.7668457e+01
   3.3661780e+06   5.3588867e+01
   3.3663650e+06   5.2124023e+01
   3.3752400e+06   6.0424805e+01
   3.3752800e+06   4.6020508e+01
   3.3753150e+06   4.4006348e+01
   3.3753940e+06   6.1523438e+01
   3.3754530e+06   3.6132812e+01
   3.3754750e+06   4.9621582e+01
   3.3755390e+06   2.7343750e+01
   3.3755630e+06   5.2917480e+01
   3.3756300e+06   4.0954590e+01
   3.3756890e+06   5.0354004e+01
   3.3757180e+06   4.6936035e+01
   3.3758350e+06   3.6193848e+01
   3.3758870e+06   4.6508789e+01
   3.3761570e+06   4.6081543e+01
   3.3847380e+06   5.7006836e+01
   3.3847530e+06   5.0842285e+01
   3.3847880e+06   5.0781250e+01
   3.3848750e+06   5.9570313e+01
   3.3849450e+06   5.4016113e+01
   3.3850360e+06   4.9072266e+01
   3.3851210e+06   3.8085938e+01
   3.3852020e+06   5.7800293e+01
   3.3949330e+06   7.5866699e+01
   3.3949580e+06   3.8818359e+01
   3.3950810e+06   3.6621094e+01
   3.3950920e+06   6.9702148e+01
   3.3951270e+06   4.0710449e+01
   3.3952310e+06   7.6721191e+01
   3.3953060e+06   2.3071289e+01
   3.3954090e+06   4.6264648e+01
   3.3954400e+06   3.3386230e+01
   3.3955600e+06   2.2583008e+01
   3.3955880e+06   5.2551270e+01
   3.3958860e+06   4.7912598e+01
   3.4055390e+06   5.4443359e+01
   3.4055530e+06   4.5043945e+01
   3.4055920e+06   2.4780273e+01
   3.4056030e+06   5.1574707e+01
   3.4056900e+06   5.6518555e+01
   3.4057300e+06   5.5236816e+01
   3.4057540e+06   3.1982422e+01
   3.4058510e+06   4.7668457e+01
   3.4059190e+06   4.3640137e+01
   3.4059570e+06   4.3395996e+01
   3.4060130e+06   5.2368164e+01
   3.4061840e+06   5.2124023e+01
   3.4064590e+06   4.4189453e+01
   3.4193250e+06   2.3254395e+01
   3.4193540e+06   5.4382324e+01
   3.4193830e+06   5.5786133e+01
   3.4194160e+06   4.6325684e+01
   3.4194930e+06   7.0617676e+01
   3.4195050e+06   5.4870605e+01
   3.4195400e+06   4.8583984e+01
   3.4195870e+06   2.6489258e+01
   3.4196100e+06   5.8288574e+01
   3.4196370e+06   5.0415039e+01
   3.4196780e+06   2.9541016e+01
   3.4197240e+06   5.0964355e+01
   3.4197520e+06   4.9011230e+01
   3.4197630e+06   4.3273926e+01
   3.4198440e+06   5.9570312e+01
   3.4198550e+06   3.2653809e+01
   3.4198910e+06   2.5756836e+01
   3.4199240e+06   3.6437988e+01
   3.4199430e+06   2.7648926e+01
   3.4199800e+06   4.1503906e+01
   3.4199930e+06   5.0415039e+01
   3.4200310e+06   4.2907715e+01
   3.4200520e+06   2.7160645e+01
   3.4200690e+06   3.8513184e+01
   3.4200920e+06   2.6184082e+01
   3.4201220e+06   3.6254883e+01
   3.4201440e+06   2.3559570e+01
   3.4201580e+06   4.2602539e+01
   3.4201690e+06   2.9479980e+01
   3.4202070e+06   4.7424316e+01
   3.4202310e+06   5.1269531e+01
   3.4202500e+06   2.3803711e+01
   3.4202780e+06   5.1818848e+01
   3.4203030e+06   6.5124512e+01
   3.4203330e+06   3.3508301e+01
   3.4203460e+06   2.3986816e+01
   3.4203840e+06   6.6040039e+01
   3.4204110e+06   3.7780762e+01
   3.4204400e+06   4.7241211e+01
   3.4204760e+06   2.9113770e+01
   3.4204920e+06   2.8503418e+01
   3.4205220e+06   3.0029297e+01
   3.4205640e+06   2.3315430e+01
   3.4205760e+06   3.0090332e+01
   3.4205990e+06   4.1381836e+01
   3.4206490e+06   2.5146484e+01
   3.4206750e+06   2.3254395e+01
   3.4206990e+06   3.9855957e+01
   3.4207530e+06   3.5034180e+01
   3.4207650e+06   2.7343750e+01
   3.4207930e+06   2.7893066e+01
   3.4208190e+06   2.6672363e+01
   3.4208710e+06   6.9030762e+01
   3.4209140e+06   3.7109375e+01
   3.4209680e+06   2.7709961e+01
   3.4210830e+06   2.5207520e+01
   3.4211700e+06   2.4414062e+01
   3.4212200e+06   2.3803711e+01
   3.4212320e+06   2.5207520e+01
   3.4212840e+06   2.3132324e+01
   3.4213360e+06   2.4108887e+01
   3.4213890e+06   3.0334473e+01
   3.4214960e+06   2.4108887e+01
   3.4215970e+06   2.9174805e+01
   3.4217740e+06   2.4047852e+01
   3.4219860e+06   2.5085449e+01
   3.6890320e+06   4.8095703e+01
   3.7052070e+06   2.3132324e+01
   3.8115520e+06   4.0893555e+01
   3.8194520e+06   3.6071777e+01
   4.5290820e+06   7.0251465e+01
   4.5291250e+06   4.4372559e+01
   4.5291570e+06   4.8461914e+01
   4.5291810e+06   3.4729004e+01
   4.5291950e+06   6.8603516e+01
   4.5292340e+06   6.0363770e+01
   4.5292650e+06   1.1944580e+02
   4.5292830e+06   3.9428711e+01
   4.5293120e+06   6.2194824e+01
   4.5293290e+06   3.1799316e+01
   4.5293460e+06   3.8696289e+01
   4.5293780e+06   3.5400391e+01
   4.5293910e+06   2.9357910e+01
   4.5294420e+06   2.5146484e+01
   4.5294560e+06   2.7160645e+01
   4.5295040e+06   2.2888184e+01
   4.5295360e+06   2.4108887e+01
   4.5295640e+06   2.3925781e+01
   4.5296160e+06   2.8259277e+01
   4.5296630e+06   2.3742676e+01
   4.5297230e+06   2.4719238e+01
   4.5297840e+06   2.2644043e+01
   4.5297970e+06   2.6306152e+01
   4.5298450e+06   2.4719238e+01
   4.5298830e+06   3.5888672e+01
   4.5299310e+06   2.6184082e+01
   4.5300340e+06   3.8024902e+01
   4.5300690e+06   3.0151367e+01
   4.5301070e+06   2.2949219e+01
   4.5301460e+06   2.6916504e+01
   4.5301730e+06   4.1625977e+01
   4.5301990e+06   2.5146484e+01
   4.5302360e+06   3.1555176e+01
   4.5302540e+06   2.8747559e+01
   4.5302690e+06   2.5268555e+01
   4.5303180e+06   2.5512695e+01
   4.5303510e+06   2.6062012e+01
   4.5303900e+06   6.2072754e+01
   4.5304100e+06   2.3986816e+01
   4.5304410e+06   2.5329590e+01
   4.5304640e+06   3.7231445e+01
   4.5305150e+06   3.2348633e+01
   4.5305440e+06   4.0405273e+01
   4.5305780e+06   2.3315430e+01
   4.5305920e+06   4.3151855e+01
   4.5306440e+06   2.6245117e+01
   4.5306710e+06   2.7709961e+01
   4.5307010e+06   2.3010254e+01
   4.5307310e+06   2.6977539e+01
   4.5308100e+06   4.8583984e+01
   4.5308380e+06   2.7893066e+01
   4.5308710e+06   2.5451660e+01
   4.5308980e+06   3.5461426e+01
   4.5309170e+06   2.5390625e+01
   4.5309660e+06   3.0334473e+01
   4.5309890e+06   4.1320801e+01
   4.5310450e+06   5.4077148e+01
   4.5310550e+06   2.8320312e+01
   4.5310840e+06   5.2429199e+01
   4.5312310e+06   2.3620605e+01
   4.5312420e+06   2.5451660e+01
   4.5313430e+06   3.2287598e+01
   4.5314010e+06   2.3864746e+01
   4.5326470e+06   2.3010254e+01
   4.5334970e+06   2.3803711e+01
   4.5395890e+06   3.6132812e+01
   4.5398440e+06   3.5705566e+01
   4.5399000e+06   3.9672852e+01
   4.5399360e+06   4.2053223e+01
   4.5400690e+06   4.3701172e+01
   4.5400860e+06   3.1921387e+01
   4.5401380e+06   4.6508789e+01
   4.5401630e+06   3.4973145e+01
   4.5401890e+06   5.3100586e+01
   4.5402040e+06   2.6733398e+01
   4.5402280e+06   3.6743164e+01
   4.5402650e+06   8.1481934e+01
   4.5403090e+06   3.7231445e+01
   4.5403350e+06   5.5297852e+01
   4.5403510e+06   3.2287598e+01
   4.5403830e+06   4.8217773e+01
   4.5404020e+06   4.5104980e+01
   4.5404300e+06   6.4514160e+01
   4.5404540e+06   3.5339355e+01
   4.5404700e+06   3.3935547e+01
   4.5405030e+06   9.1918945e+01
   4.5405310e+06   2.9724121e+01
   4.5405490e+06   4.1748047e+01
   4.5405680e+06   2.5085449e+01
   4.5406080e+06   2.6977539e+01
   4.5406190e+06   3.8635254e+01
   4.5406420e+06   3.0761719e+01
   4.5406810e+06   4.4128418e+01
   4.5407330e+06   3.4729004e+01
   4.5407920e+06   2.3620605e+01
   4.5408180e+06   3.3264160e+01
   4.5408720e+06   2.6977539e+01
   4.5408910e+06   3.1311035e+01
   4.5409550e+06   2.4353027e+01
   4.5410230e+06   2.8442383e+01
   4.5410420e+06   2.3071289e+01
   4.5410910e+06   2.3315430e+01
   4.5411350e+06   2.6062012e+01
   4.5411580e+06   2.4780273e+01
   4.5411870e+06   2.4536133e+01
   4.5412380e+06   2.4841309e+01
   4.5412510e+06   3.4423828e+01
   4.5413190e+06   3.5888672e+01
   4.5413570e+06   3.3142090e+01
   4.5413840e+06   3.2531738e+01
   4.5414480e+06   3.2165527e+01
   4.5414610e+06   3.5949707e+01
   4.5414870e+06   2.3254395e+01
   4.5415130e+06   3.2470703e+01
   4.5415370e+06   2.8381348e+01
   4.5416060e+06   3.6499023e+01
   4.5416240e+06   5.3466797e+01
   4.5416490e+06   3.1921387e+01
   4.5417030e+06   2.3864746e+01
   4.5417920e+06   2.5268555e+01
   4.5418240e+06   2.5756836e+01
   4.5419100e+06   2.2705078e+01
   4.5419210e+06   2.8564453e+01
   4.5420060e+06   2.3986816e+01
   4.5420340e+06   2.9235840e+01
   4.5420940e+06   2.4353027e+01
   4.5421950e+06   2.2827148e+01
   4.5424200e+06   3.2043457e+01
   4.5425830e+06   2.6855469e+01
   4.5478090e+06   3.6682129e+01
   4.5492460e+06   2.3437500e+01
   4.5514000e+06   4.5166016e+01
   4.5523670e+06   3.3081055e+01
   4.5528320e+06   3.5278320e+01
   4.5531400e+06   3.8696289e+01
   4.5535240e+06   5.1025391e+01
   4.5545180e+06   3.6437988e+01
   4.5557520e+06   4.0222168e+01
   4.5567380e+06   3.8635254e+01
   4.5575790e+06   4.0893555e+01
   4.5576330e+06   3.6010742e+01
   4.5577860e+06   4.8278809e+01
   4.5578580e+06   6.6162109e+01
   4.5579550e+06   2.2583008e+01
   4.5579810e+06   4.7424316e+01
   4.5580010e+06   3.6010742e+01
   4.5580430e+06   4.4677734e+01
   4.5580720e+06   3.2836914e+01
   4.5581210e+06   4.1870117e+01
   4.5581380e+06   3.9184570e+01
   4.5581770e+06   2.3620605e+01
   4.5581890e+06   2.6367188e+01
   4.5582090e+06   4.7180176e+01
   4.5582660e+06   4.7851563e+01
   4.5582970e+06   4.5288086e+01
   4.5583320e+06   3.0151367e+01
   4.5583490e+06   3.2226562e+01
   4.5583750e+06   5.7067871e+01
   4.5584040e+06   4.3579102e+01
   4.5584290e+06   2.2766113e+01
   4.5584540e+06   5.6274414e+01
   4.5584730e+06   3.6621094e+01
   4.5584970e+06   2.8564453e+01
   4.5585140e+06   3.0639648e+01
   4.5585270e+06   4.8950195e+01
   4.5585400e+06   3.9367676e+01
   4.5585640e+06   6.4575195e+01
   4.5585930e+06   4.8217773e+01
   4.5586060e+06   2.8259277e+01
   4.5586260e+06   3.4912109e+01
   4.5586620e+06   4.8339844e+01
   4.5586760e+06   3.6743164e+01
   4.5586960e+06   2.5573730e+01
   4.5587230e+06   2.2888184e+01
   4.5587520e+06   2.8381348e+01
   4.5587650e+06   3.1494141e+01
   4.5587850e+06   2.6794434e+01
   4.5588100e+06   2.7282715e+01
   4.5588480e+06   3.6560059e+01
   4.5588840e+06   2.3437500e+01
   4.5589040e+06   2.4230957e+01
   4.5589240e+06   2.8930664e+01
   4.5589510e+06   2.9724121e+01
   4.5589800e+06   3.9123535e+01
   4.5590490e+06   2.7770996e+01
   4.5590610e+06   2.3254395e+01
   4.5591120e+06   2.4963379e+01
   4.5591310e+06   3.2409668e+01
   4.5591650e+06   3.5034180e+01
   4.5592090e+06   2.3437500e+01
   4.5592270e+06   3.9550781e+01
   4.5592660e+06   2.6916504e+01
   4.5592780e+06   2.3803711e+01
   4.5593140e+06   2.8747559e+01
   4.5593510e+06   3.2531738e+01
   4.5594160e+06   2.5512695e+01
   4.5594280e+06   5.6396484e+01
   4.5594980e+06   3.8757324e+01
   4.5595420e+06   4.2724609e+01
   4.5595670e+06   2.5817871e+01
   4.5595960e+06   2.4658203e+01
   4.5596530e+06   3.6560059e+01
   4.5597070e+06   2.5573730e+01
   4.5598710e+06   3.4851074e+01
   4.5598840e+06   2.6916504e+01
   4.5599770e+06   3.0700684e+01
   4.5600420e+06   2.9663086e+01
   4.5600850e+06   2.4475098e+01
   4.5601860e+06   2.3437500e+01
   4.5602170e+06   2.7893066e+01
   4.5610620e+06   2.4108887e+01
   4.5617300e+06   2.4230957e+01
   4.5650730e+06   3.4484863e+01
   4.5660880e+06   3.1127930e+01
   4.5665490e+06   2.9357910e+01
   4.5670770e+06   3.6621094e+01
   4.5680710e+06   2.8991699e+01
   4.5684440e+06   3.1005859e+01
   4.5687340e+06   3.0944824e+01
   4.5690820e+06   3.7170410e+01
   4.5693380e+06   2.7526855e+01
   4.5701150e+06   2.7954102e+01
   4.5704810e+06   3.3386230e+01
   4.5711190e+06   3.2775879e+01
   4.5715060e+06   3.4301758e+01
   4.5723380e+06   3.2653809e+01
   4.5726710e+06   4.0222168e+01
   4.5730670e+06   3.6010742e+01
   4.5733990e+06   3.3508301e+01
   4.5737380e+06   3.7658691e+01
   4.5740720e+06   4.5654297e+01
   4.5743980e+06   3.7597656e+01
   4.5747210e+06   3.7109375e+01
   4.5750860e+06   3.8391113e+01
   4.5754410e+06   3.6132813e+01
   4.5757910e+06   3.1250000e+01
   4.5761970e+06   2.9846191e+01
   4.5766120e+06   3.0639648e+01
   4.5768560e+06   3.3630371e+01
   4.5768960e+06   6.8725586e+01
   4.5770240e+06   3.9978027e+01
   4.5771120e+06   4.8095703e+01
   4.5771490e+06   3.9550781e+01
   4.5771610e+06   3.2775879e+01
   4.5771920e+06   2.6611328e+01
   4.5772760e+06   5.1940918e+01
   4.5773000e+06   3.1311035e+01
   4.5773280e+06   3.2531738e+01
   4.5773790e+06   3.0639648e+01
   4.5774000e+06   2.8503418e+01
   4.5774130e+06   4.1198730e+01
   4.5774650e+06   2.8076172e+01
   4.5774950e+06   4.0466309e+01
   4.5775310e+06   5.6213379e+01
   4.5775410e+06   2.2827148e+01
   4.5775790e+06   7.2998047e+01
   4.5776110e+06   2.8442383e+01
   4.5776240e+06   2.5207520e+01
   4.5776420e+06   3.2226562e+01
   4.5776620e+06   4.0466309e+01
   4.5776820e+06   4.0161133e+01
   4.5777040e+06   2.3376465e+01
   4.5777240e+06   3.5827637e+01
   4.5777550e+06   4.9072266e+01
   4.5777850e+06   4.7790527e+01
   4.5778070e+06   5.5297852e+01
   4.5778350e+06   3.4423828e+01
   4.5778620e+06   2.2827148e+01
   4.5778880e+06   5.6091309e+01
   4.5779200e+06   2.4169922e+01
   4.5779450e+06   2.6489258e+01
   4.5779990e+06   3.2165527e+01
   4.5780130e+06   4.0222168e+01
   4.5780430e+06   2.5085449e+01
   4.5780800e+06   2.4169922e+01
   4.5781110e+06   2.9724121e+01
   4.5781250e+06   2.9113770e+01
   4.5781460e+06   2.6977539e+01
   4.5781750e+06   2.4047852e+01
   4.5782170e+06   3.0090332e+01
   4.5782270e+06   2.5451660e+01
   4.5782430e+06   3.9367676e+01
   4.5782940e+06   2.3254395e+01
   4.5783150e+06   3.9062500e+01
   4.5783340e+06   2.3498535e+01
   4.5783830e+06   5.8715820e+01
   4.5784000e+06   2.8320312e+01
   4.5784450e+06   2.6794434e+01
   4.5784690e+06   5.6030273e+01
   4.5784920e+06   2.6977539e+01
   4.5785330e+06   2.8076172e+01
   4.5785690e+06   4.6691895e+01
   4.5786020e+06   2.3559570e+01
   4.5786570e+06   3.5461426e+01
   4.5786780e+06   4.3640137e+01
   4.5787210e+06   2.8808594e+01
   4.5787550e+06   2.3925781e+01
   4.5787960e+06   4.6203613e+01
   4.5788880e+06   3.5400391e+01
   4.5790490e+06   2.8076172e+01
   4.5791120e+06   2.4963379e+01
   4.5791440e+06   2.5817871e+01
   4.5792060e+06   3.3142090e+01
   4.5793090e+06   2.6855469e+01
   4.5793890e+06   2.9602051e+01
   4.5795820e+06   2.7587891e+01
   4.5797610e+06   2.6916504e+01
   4.5799450e+06   3.0334473e+01
   4.5854840e+06   3.3325195e+01
   4.5857670e+06   2.9541016e+01
   4.5861010e+06   2.5451660e+01
   4.5864250e+06   2.6794434e+01
   4.5867090e+06   2.4353027e+01
   4.5881650e+06   3.3203125e+01
   4.5884480e+06   3.4545898e+01
   4.5891800e+06   3.3569336e+01
   4.5894560e+06   3.1433105e+01
   4.5897710e+06   3.4973145e+01
   4.5900730e+06   3.5827637e+01
   4.5903750e+06   3.1250000e+01
   4.5906760e+06   3.3020020e+01
   4.5909660e+06   3.5949707e+01
   4.5913020e+06   2.9724121e+01
   4.5916010e+06   3.7109375e+01
   4.5919890e+06   3.1250000e+01
   4.5922790e+06   3.1799316e+01
   4.5926140e+06   2.8198242e+01
   4.5929010e+06   3.1005859e+01
   4.5932990e+06   3.5339355e+01
   4.5936680e+06   3.4484863e+01
   4.5940370e+06   3.3508301e+01
   4.5942930e+06   3.1311035e+01
   4.5945100e+06   4.7241211e+01
   4.5945300e+06   3.7170410e+01
   4.5946460e+06   4.5593262e+01
   4.5947190e+06   4.1931152e+01
   4.5947590e+06   4.7302246e+01
   4.5948060e+06   2.6977539e+01
   4.5948300e+06   4.2175293e+01
   4.5948540e+06   2.9296875e+01
   4.5948770e+06   2.4291992e+01
   4.5949130e+06   2.5451660e+01
   4.5949260e+06   4.8095703e+01
   4.5949620e+06   2.4414062e+01
   4.5949800e+06   4.0649414e+01
   4.5949980e+06   4.6936035e+01
   4.5950260e+06   2.6611328e+01
   4.5950600e+06   5.6213379e+01
   4.5950830e+06   2.7282715e+01
   4.5951410e+06   2.6000977e+01
   4.5951540e+06   7.5622559e+01
   4.5951880e+06   3.0029297e+01
   4.5952260e+06   3.5766602e+01
   4.5952360e+06   2.5451660e+01
   4.5952670e+06   2.5024414e+01
   4.5952770e+06   2.6306152e+01
   4.5953000e+06   3.0700684e+01
   4.5953370e+06   7.6599121e+01
   4.5953500e+06   3.7536621e+01
   4.5953920e+06   4.4799805e+01
   4.5954090e+06   5.6518555e+01
   4.5954340e+06   2.9296875e+01
   4.5954520e+06   3.3020020e+01
   4.5954670e+06   3.9550781e+01
   4.5954880e+06   6.2683105e+01
   4.5955260e+06   2.4353027e+01
   4.5955530e+06   3.4912109e+01
   4.5955780e+06   3.9001465e+01
   4.5956050e+06   2.3376465e+01
   4.5956150e+06   4.6997070e+01
   4.5956580e+06   2.9907227e+01
   4.5956910e+06   2.3315430e+01
   4.5957220e+06   3.3264160e+01
   4.5957510e+06   2.3254395e+01
   4.5957630e+06   2.7954102e+01
   4.5958010e+06   3.0517578e+01
   4.5958120e+06   3.0151367e+01
   4.5958460e+06   3.0944824e+01
   4.5958730e+06   3.6071777e+01
   4.5959150e+06   3.0822754e+01
   4.5959330e+06   2.7221680e+01
   4.5959750e+06   2.3376465e+01
   4.5960020e+06   4.0771484e+01
   4.5960320e+06   2.3437500e+01
   4.5960860e+06   5.1330566e+01
   4.5961450e+06   2.6184082e+01
   4.5961750e+06   2.3803711e+01
   4.5962040e+06   3.2043457e+01
   4.5962490e+06   4.9499512e+01
   4.5962720e+06   4.8156738e+01
   4.5963600e+06   3.4973145e+01
   4.5963860e+06   2.4047852e+01
   4.5964150e+06   3.1616211e+01
   4.5964360e+06   4.8034668e+01
   4.5965570e+06   2.7465820e+01
   4.5965710e+06   2.4047852e+01
   4.5966390e+06   2.2949219e+01
   4.5966910e+06   2.3071289e+01
   4.5967300e+06   3.4667969e+01
   4.5969150e+06   3.1066895e+01
   4.5970840e+06   2.3620605e+01
   4.6023190e+06   2.4108887e+01
   4.6025730e+06   3.1494141e+01
   4.6028160e+06   2.4169922e+01
   4.6041070e+06   2.7343750e+01
   4.6043700e+06   3.1372070e+01
   4.6046540e+06   2.6855469e+01
   4.6049200e+06   2.7160645e+01
   4.6052610e+06   2.8320312e+01
   4.6056900e+06   2.6184082e+01
   4.6059890e+06   2.8137207e+01
   4.6062710e+06   3.6193848e+01
   4.6065450e+06   2.5451660e+01
   4.6068110e+06   2.9968262e+01
   4.6070950e+06   2.9541016e+01
   4.6074750e+06   3.3386230e+01
   4.6085620e+06   2.8015137e+01
   4.6088530e+06   2.8747559e+01
   4.6092050e+06   2.8991699e+01
   4.6095460e+06   2.6123047e+01
   4.6098410e+06   3.0029297e+01
   4.6101940e+06   2.3925781e+01
   4.6105890e+06   2.7099609e+01
   4.6109600e+06   2.6489258e+01
   4.6113060e+06   2.7465820e+01
   4.6122000e+06   2.6000977e+01
   4.6126570e+06   3.2043457e+01
   4.6130870e+06   3.0334473e+01
   4.6133020e+06   3.8269043e+01
   4.6133540e+06   4.1198730e+01
   4.6134030e+06   4.6203613e+01
   4.6134490e+06   2.9113770e+01
   4.6134880e+06   2.2705078e+01
   4.6135520e+06   4.3457031e+01
   4.6135660e+06   3.5339355e+01
   4.6135830e+06   4.7607422e+01
   4.6136590e+06   4.6081543e+01
   4.6137050e+06   4.2541504e+01
   4.6137150e+06   4.4128418e+01
   4.6137570e+06   2.5085449e+01
   4.6137960e+06   3.2714844e+01
   4.6138210e+06   6.1096191e+01
   4.6138500e+06   6.7993164e+01
   4.6138670e+06   2.7343750e+01
   4.6138800e+06   2.2888184e+01
   4.6139150e+06   5.5603027e+01
   4.6139250e+06   3.8696289e+01
   4.6139470e+06   5.4382324e+01
   4.6139710e+06   3.8940430e+01
   4.6140070e+06   5.7312012e+01
   4.6140190e+06   4.0771484e+01
   4.6140500e+06   2.4536133e+01
   4.6140740e+06   4.5593262e+01
   4.6141110e+06   2.3986816e+01
   4.6141210e+06   4.5898438e+01
   4.6141450e+06   3.9916992e+01
   4.6141770e+06   2.6794434e+01
   4.6142030e+06   2.5024414e+01
   4.6142160e+06   2.4963379e+01
   4.6142350e+06   3.6743164e+01
   4.6142770e+06   3.8269043e+01
   4.6143440e+06   3.3264160e+01
   4.6143760e+06   3.2958984e+01
   4.6144530e+06   2.6367188e+01
   4.6144830e+06   3.1127930e+01
   4.6145070e+06   2.7526855e+01
   4.6145590e+06   5.2490234e+01
   4.6145850e+06   2.5512695e+01
   4.6146360e+06   3.7902832e+01
   4.6146900e+06   2.7770996e+01
   4.6147030e+06   3.2775879e+01
   4.6147290e+06   3.0456543e+01
   4.6147600e+06   3.2592773e+01
   4.6147810e+06   3.2104492e+01
   4.6148260e+06   4.1625977e+01
   4.6148500e+06   2.6733398e+01
   4.6148780e+06   2.7526855e+01
   4.6149040e+06   2.3437500e+01
   4.6149510e+06   3.5095215e+01
   4.6149860e+06   2.9907227e+01
   4.6150020e+06   2.4291992e+01
   4.6150980e+06   4.7058105e+01
   4.6151300e+06   2.4597168e+01
   4.6151440e+06   2.7343750e+01
   4.6152620e+06   4.8461914e+01
   4.6153140e+06   2.3437500e+01
   4.6154320e+06   5.4016113e+01
   4.6156870e+06   2.3254395e+01
   4.6223150e+06   2.3498535e+01
   4.6228190e+06   2.3864746e+01
   4.6231170e+06   2.2827148e+01
   4.6234480e+06   2.6550293e+01
   4.6237240e+06   2.5695801e+01
   4.6240810e+06   2.3193359e+01
   4.6244590e+06   2.3620605e+01
   4.6251230e+06   2.4719238e+01
   4.6254530e+06   2.5634766e+01
   4.6257840e+06   2.4719238e+01
   4.6261360e+06   2.5451660e+01
   4.6264420e+06   2.6184082e+01
   4.6267640e+06   2.4414062e+01
   4.6274640e+06   2.2827148e+01
   4.6277340e+06   2.7648926e+01
   4.6280620e+06   2.6672363e+01
   4.6283840e+06   2.7954102e+01
   4.6286820e+06   2.7770996e+01
   4.6288050e+06   4.6081543e+01
   4.6288870e+06   2.7221680e+01
   4.6290940e+06   2.9724121e+01
   4.6291730e+06   3.9306641e+01
   4.6293210e+06   2.7587891e+01
   4.6295760e+06   2.8930664e+01
   4.6312790e+06   3.2897949e+01
   4.6316510e+06   3.6254883e+01
   4.6320280e+06   3.2287598e+01
   4.6323810e+06   3.1494141e+01
   4.6326510e+06   2.6489258e+01
   4.6330380e+06   2.3986816e+01
   4.6334640e+06   3.0212402e+01
   4.6338480e+06   3.2531738e+01
   4.6341550e+06   2.8625488e+01
   4.6344340e+06   2.8381348e+01
   4.6346350e+06   6.0424805e+01
   4.6346690e+06   4.2663574e+01
   4.6347750e+06   3.6010742e+01
   4.6348190e+06   2.5634766e+01
   4.6348500e+06   2.3742676e+01
   4.6348670e+06   4.4555664e+01
   4.6348940e+06   2.5451660e+01
   4.6349280e+06   3.8146973e+01
   4.6349830e+06   2.8686523e+01
   4.6349990e+06   4.3334961e+01
   4.6350150e+06   4.1503906e+01
   4.6350410e+06   4.0832520e+01
   4.6350610e+06   2.6733398e+01
   4.6350880e+06   3.0151367e+01
   4.6351110e+06   2.4108887e+01
   4.6351330e+06   4.7424316e+01
   4.6351710e+06   5.0292969e+01
   4.6351940e+06   6.7932129e+01
   4.6352050e+06   3.3386230e+01
   4.6352360e+06   4.4372559e+01
   4.6352700e+06   6.5734863e+01
   4.6353010e+06   4.3029785e+01
   4.6353160e+06   3.5034180e+01
   4.6353360e+06   3.4973145e+01
   4.6353600e+06   2.8747559e+01
   4.6353790e+06   2.8991699e+01
   4.6354160e+06   4.1442871e+01
   4.6354270e+06   4.3273926e+01
   4.6354480e+06   2.2583008e+01
   4.6354830e+06   4.7668457e+01
   4.6354980e+06   2.5573730e+01
   4.6355300e+06   2.7099609e+01
   4.6355560e+06   2.8198242e+01
   4.6355860e+06   2.9907227e+01
   4.6356000e+06   3.0334473e+01
   4.6356280e+06   3.5461426e+01
   4.6356630e+06   2.2644043e+01
   4.6357050e+06   3.0151367e+01
   4.6357210e+06   2.4597168e+01
   4.6357470e+06   2.3986816e+01
   4.6357780e+06   2.9663086e+01
   4.6357890e+06   3.5522461e+01
   4.6358530e+06   4.1687012e+01
   4.6358850e+06   2.6123047e+01
   4.6359230e+06   3.2897949e+01
   4.6359440e+06   2.5756836e+01
   4.6359650e+06   2.7465820e+01
   4.6360180e+06   2.5146484e+01
   4.6360330e+06   2.3376465e+01
   4.6360560e+06   3.7780762e+01
   4.6360770e+06   2.6245117e+01
   4.6361260e+06   3.2958984e+01
   4.6361400e+06   2.5085449e+01
   4.6361650e+06   2.9113770e+01
   4.6362300e+06   3.3752441e+01
   4.6362830e+06   4.0283203e+01
   4.6363390e+06   3.4179688e+01
   4.6364950e+06   2.6977539e+01
   4.6366510e+06   2.2888184e+01
   4.6367570e+06   2.2766113e+01
   4.6370750e+06   2.6489258e+01
   4.6372890e+06   2.4169922e+01
   4.6439620e+06   2.2766113e+01
   4.6462910e+06   2.2827148e+01
   4.6466240e+06   2.5085449e+01
   4.6469750e+06   2.6733398e+01
   4.6473160e+06   2.7038574e+01
   4.6476140e+06   2.2827148e+01
   4.6490870e+06   2.4780273e+01
   4.6494050e+06   2.7282715e+01
   4.6497390e+06   2.5390625e+01
   4.6500520e+06   2.4169922e+01
   4.6504270e+06   2.4414062e+01
   4.6508670e+06   2.5756836e+01
   4.6512750e+06   2.4475098e+01
   4.6516100e+06   2.7587891e+01
   4.6518300e+06   4.6997070e+01
   4.6518670e+06   2.9907227e+01
   4.6520480e+06   4.2053223e+01
   4.6520740e+06   3.4851074e+01
   4.6521640e+06   4.1931152e+01
   4.6522470e+06   3.6987305e+01
   4.6523760e+06   4.9499512e+01
   4.6523860e+06   3.4362793e+01
   4.6524940e+06   3.4851074e+01
   4.6525350e+06   3.0151367e+01
   4.6525730e+06   6.4758301e+01
   4.6525930e+06   2.3742676e+01
   4.6526740e+06   2.2644043e+01
   4.6527130e+06   3.4484863e+01
   4.6527300e+06   2.7893066e+01
   4.6528380e+06   4.2846680e+01
   4.6528910e+06   5.4260254e+01
   4.6529330e+06   3.2226562e+01
   4.6530010e+06   2.3010254e+01
   4.6530620e+06   3.8452148e+01
   4.6530790e+06   2.9602051e+01
   4.6531570e+06   3.2592773e+01
   4.6532430e+06   2.8320312e+01
   4.6533090e+06   2.3315430e+01
   4.6534060e+06   2.6794434e+01
   4.6534220e+06   3.4729004e+01
   4.6590730e+06   3.7414551e+01
   4.6593530e+06   2.7832031e+01
   4.6595500e+06   5.0231934e+01
   4.6595600e+06   4.1442871e+01
   4.6597190e+06   2.8137207e+01
   4.6597310e+06   3.8024902e+01
   4.6598010e+06   4.5593262e+01
   4.6598420e+06   2.7648926e+01
   4.6599060e+06   3.0090332e+01
   4.6599910e+06   4.4738770e+01
   4.6600430e+06   3.8940430e+01
   4.6600660e+06   3.1982422e+01
   4.6600950e+06   4.0954590e+01
   4.6601630e+06   4.7912598e+01
   4.6601810e+06   2.3254395e+01
   4.6603890e+06   4.5288086e+01
   4.6604130e+06   3.0090332e+01
   4.6604570e+06   2.3742676e+01
   4.6606490e+06   4.1931152e+01
   4.6651620e+06   2.6000977e+01
   4.6653160e+06   4.7119141e+01
   4.6653490e+06   3.5949707e+01
   4.6654280e+06   4.1076660e+01
   4.6655000e+06   3.2226562e+01
   4.6655240e+06   4.7180176e+01
   4.6656330e+06   2.7038574e+01
   4.6657030e+06   4.6997070e+01
   4.6657580e+06   2.4841309e+01
   4.6657770e+06   3.2165527e+01
   4.6658040e+06   4.0039062e+01
   4.6658560e+06   4.5043945e+01
   4.6658790e+06   2.4719238e+01
   4.6659440e+06   4.6081543e+01
   4.6659890e+06   5.5236816e+01
   4.6660270e+06   7.6293945e+01
   4.6660480e+06   2.4902344e+01
   4.6660640e+06   5.4199219e+01
   4.6660860e+06   3.8879395e+01
   4.6660970e+06   3.5949707e+01
   4.6661210e+06   6.7260742e+01
   4.6661500e+06   3.7536621e+01
   4.6661810e+06   3.6132812e+01
   4.6661960e+06   5.3161621e+01
   4.6662360e+06   3.2531738e+01
   4.6662590e+06   6.5673828e+01
   4.6663180e+06   3.8696289e+01
   4.6663310e+06   3.9367676e+01
   4.6663880e+06   4.3334961e+01
   4.6664060e+06   4.3579102e+01
   4.6664250e+06   2.6123047e+01
   4.6664440e+06   3.3569336e+01
   4.6664690e+06   3.3203125e+01
   4.6664890e+06   2.9113770e+01
   4.6665390e+06   2.8503418e+01
   4.6665610e+06   2.5695801e+01
   4.6666090e+06   3.2470703e+01
   4.6666430e+06   2.4536133e+01
   4.6667110e+06   5.4138184e+01
   4.6667610e+06   3.0212402e+01
   4.6667860e+06   3.3325195e+01
   4.6668150e+06   2.3681641e+01
   4.6668380e+06   3.1066895e+01
   4.6668560e+06   2.9785156e+01
   4.6668970e+06   3.8513184e+01
   4.6669680e+06   2.6367188e+01
   4.6670080e+06   5.3161621e+01
   4.6670260e+06   2.6611328e+01
   4.6671120e+06   2.2705078e+01
   4.6671820e+06   2.5085449e+01
   4.6672130e+06   2.3376465e+01
   4.6672490e+06   2.5024414e+01
   4.6673360e+06   3.1311035e+01
   4.6674070e+06   2.4963379e+01
   4.6674170e+06   2.2949219e+01
   4.6804890e+06   2.6550293e+01
   4.6824380e+06   2.3010254e+01
   4.6829900e+06   2.7770996e+01
   4.6832990e+06   3.0090332e+01
   4.6836750e+06   2.4902344e+01
   4.6873590e+06   2.5451660e+01
   4.6874560e+06   4.5593262e+01
   4.6875350e+06   2.3254395e+01
   4.6875540e+06   5.4260254e+01
   4.6876480e+06   2.3742676e+01
   4.6876710e+06   5.0476074e+01
   4.6876880e+06   2.5146484e+01
   4.6876980e+06   3.9733887e+01
   4.6877510e+06   2.3071289e+01
   4.6877830e+06   2.3742676e+01
   4.6878240e+06   7.0373535e+01
   4.6878390e+06   3.0334473e+01
   4.6878980e+06   3.7963867e+01
   4.6879130e+06   3.1127930e+01
   4.6879590e+06   4.7302246e+01
   4.6879690e+06   6.3232422e+01
   4.6880260e+06   6.4208984e+01
   4.6880540e+06   4.9316406e+01
   4.6880640e+06   5.0354004e+01
   4.6880970e+06   2.5329590e+01
   4.6881130e+06   3.9001465e+01
   4.6881500e+06   3.6193848e+01
   4.6881650e+06   5.8776855e+01
   4.6881760e+06   3.7902832e+01
   4.6882050e+06   2.4108887e+01
   4.6882280e+06   5.7373047e+01
   4.6882410e+06   3.4484863e+01
   4.6882520e+06   4.5654297e+01
   4.6882930e+06   5.7739258e+01
   4.6883380e+06   2.6367188e+01
   4.6883590e+06   5.2917480e+01
   4.6883690e+06   2.7160645e+01
   4.6884120e+06   2.7526855e+01
   4.6884400e+06   2.4780273e+01
   4.6884660e+06   2.3010254e+01
   4.6884770e+06   3.2348633e+01
   4.6885050e+06   3.3935547e+01
   4.6885300e+06   2.4597168e+01
   4.6885620e+06   3.8818359e+01
   4.6886000e+06   4.3212891e+01
   4.6886300e+06   3.9794922e+01
   4.6886680e+06   2.8076172e+01
   4.6886910e+06   3.1433105e+01
   4.6887680e+06   2.7160645e+01
   4.6887780e+06   5.2551270e+01
   4.6888070e+06   2.6367188e+01
   4.6888400e+06   2.4597168e+01
   4.6888700e+06   3.1616211e+01
   4.6889040e+06   2.4597168e+01
   4.6889670e+06   3.5705566e+01
   4.6889840e+06   3.6865234e+01
   4.6889960e+06   3.3447266e+01
   4.6890470e+06   2.5085449e+01
   4.6891950e+06   2.2888184e+01
   4.6893630e+06   2.5817871e+01
   4.6897440e+06   2.6184082e+01
   4.7058360e+06   2.5878906e+01
   4.7074960e+06   2.3925781e+01
   4.7087200e+06   2.6977539e+01
   4.7091500e+06   3.3752441e+01
   4.7095340e+06   7.5195312e+01
   4.7099910e+06   2.7343750e+01
   4.7100200e+06   4.3823242e+01
   4.7139020e+06   2.9663086e+01
   4.7141310e+06   3.4545898e+01
   4.7141650e+06   4.6203613e+01
   4.7141920e+06   3.5217285e+01
   4.7142850e+06   2.9296875e+01
   4.7143490e+06   5.5480957e+01
   4.7143610e+06   4.0893555e+01
   4.7143800e+06   2.6062012e+01
   4.7144050e+06   2.6794434e+01
   4.7144720e+06   2.4902344e+01
   4.7144990e+06   3.1372070e+01
   4.7145090e+06   5.8471680e+01
   4.7145460e+06   3.7719727e+01
   4.7146280e+06   5.5847168e+01
   4.7146490e+06   3.5034180e+01
   4.7146890e+06   4.8767090e+01
   4.7147180e+06   6.4392090e+01
   4.7147280e+06   3.5034180e+01
   4.7147540e+06   4.4982910e+01
   4.7147900e+06   5.8044434e+01
   4.7148050e+06   4.0954590e+01
   4.7148230e+06   3.1127930e+01
   4.7148490e+06   4.2419434e+01
   4.7148750e+06   4.9499512e+01
   4.7149010e+06   2.2949219e+01
   4.7149200e+06   4.1809082e+01
   4.7149720e+06   3.8574219e+01
   4.7149910e+06   3.0273438e+01
   4.7150320e+06   2.7160645e+01
   4.7150520e+06   3.9062500e+01
   4.7151080e+06   3.2287598e+01
   4.7151230e+06   3.1860352e+01
   4.7151760e+06   3.5461426e+01
   4.7151950e+06   3.4790039e+01
   4.7152260e+06   3.2531738e+01
   4.7152470e+06   2.4475098e+01
   4.7153030e+06   4.2846680e+01
   4.7153150e+06   4.6997070e+01
   4.7153380e+06   2.4658203e+01
   4.7153840e+06   2.7893066e+01
   4.7153980e+06   2.5207520e+01
   4.7154090e+06   2.3986816e+01
   4.7154880e+06   4.8217773e+01
   4.7155560e+06   4.2785645e+01
   4.7155830e+06   3.5766602e+01
   4.7156050e+06   3.4606934e+01
   4.7156830e+06   5.0292969e+01
   4.7157250e+06   2.3010254e+01
   4.7157690e+06   2.7099609e+01
   4.7158780e+06   2.5390625e+01
   4.7159090e+06   2.5756836e+01
   4.7160750e+06   3.2653809e+01
   4.7161660e+06   2.2766113e+01
   4.7162350e+06   2.3803711e+01
   4.7162500e+06   3.2226562e+01
   4.7328910e+06   2.3071289e+01
   4.7333330e+06   3.0517578e+01
   4.7365030e+06   3.1799316e+01
   4.7392270e+06   3.0822754e+01
   4.7404380e+06   2.9418945e+01
   4.7432260e+06   3.3386230e+01
   4.7460800e+06   3.5888672e+01
   4.7464900e+06   3.8574219e+01
   4.7480050e+06   3.7414551e+01
   4.7483460e+06   3.6621094e+01
   4.7484230e+06   5.0415039e+01
   4.7484380e+06   5.4687500e+01
   4.7484980e+06   2.4536133e+01
   4.7485700e+06   2.3864746e+01
   4.7485920e+06   4.0405273e+01
   4.7486260e+06   4.8828125e+01
   4.7486530e+06   2.4047852e+01
   4.7487140e+06   6.0974121e+01
   4.7487680e+06   4.9194336e+01
   4.7487830e+06   2.3193359e+01
   4.7488110e+06   4.3762207e+01
   4.7488390e+06   6.4453125e+01
   4.7488680e+06   8.6486816e+01
   4.7488830e+06   2.4353027e+01
   4.7489030e+06   3.9611816e+01
   4.7489170e+06   6.6101074e+01
   4.7489460e+06   4.4494629e+01
   4.7489720e+06   2.4475098e+01
   4.7489890e+06   5.8776855e+01
   4.7490110e+06   3.0639648e+01
   4.7490420e+06   2.5268555e+01
   4.7490540e+06   5.3771973e+01
   4.7490800e+06   2.5329590e+01
   4.7491090e+06   3.1860352e+01
   4.7491340e+06   3.7597656e+01
   4.7491620e+06   2.8869629e+01
   4.7491880e+06   2.8808594e+01
   4.7492180e+06   2.2583008e+01
   4.7492780e+06   2.4047852e+01
   4.7492890e+06   2.6123047e+01
   4.7493220e+06   2.5329590e+01
   4.7493660e+06   4.1870117e+01
   4.7494330e+06   2.5390625e+01
   4.7494970e+06   2.4658203e+01
   4.7495410e+06   4.2175293e+01
   4.7495950e+06   2.9357910e+01
   4.7496070e+06   2.4353027e+01
   4.7496460e+06   3.7231445e+01
   4.7497090e+06   3.0822754e+01
   4.7497310e+06   3.1372070e+01
   4.7498530e+06   2.3498535e+01
   4.7498760e+06   6.1584473e+01
   4.7499040e+06   2.3681641e+01
   4.7499820e+06   3.4118652e+01
   4.7501110e+06   2.9052734e+01
   4.7501370e+06   2.4169922e+01
   4.7504840e+06   2.2888184e+01
   4.7505030e+06   2.3498535e+01
   4.7649360e+06   3.3203125e+01
   4.7677920e+06   3.1982422e+01
   4.7694410e+06   3.3386230e+01
   4.7695810e+06   4.3395996e+01
   4.7745000e+06   3.2287598e+01
   4.7878660e+06   4.4250488e+01
   4.7879530e+06   5.2124023e+01
   4.7881070e+06   5.0231934e+01
   4.7881450e+06   3.6987305e+01
   4.7881940e+06   2.2644043e+01
   4.7882340e+06   5.5480957e+01
   4.7882530e+06   3.2348633e+01
   4.7882960e+06   4.6264648e+01
   4.7883640e+06   4.9987793e+01
   4.7884020e+06   4.1748047e+01
   4.7884250e+06   5.0964355e+01
   4.7884640e+06   3.7841797e+01
   4.7885140e+06   3.8146973e+01
   4.7885400e+06   6.2316895e+01
   4.7885600e+06   2.9541016e+01
   4.7885770e+06   3.0395508e+01
   4.7886110e+06   1.0009766e+02
   4.7886310e+06   4.9987793e+01
   4.7886580e+06   4.8339844e+01
   4.7886710e+06   4.1564941e+01
   4.7886940e+06   4.8828125e+01
   4.7887050e+06   3.3264160e+01
   4.7887540e+06   5.9936523e+01
   4.7888160e+06   6.1035156e+01
   4.7888330e+06   2.8015137e+01
   4.7888780e+06   4.6386719e+01
   4.7889330e+06   4.1015625e+01
   4.7889960e+06   2.7465820e+01
   4.7890270e+06   2.8320312e+01
   4.7890610e+06   2.5817871e+01
   4.7890830e+06   3.1433105e+01
   4.7891350e+06   3.9001465e+01
   4.7891600e+06   2.3864746e+01
   4.7891850e+06   2.5695801e+01
   4.7892160e+06   3.5461426e+01
   4.7892390e+06   2.7954102e+01
   4.7892640e+06   2.3559570e+01
   4.7892940e+06   2.4902344e+01
   4.7893310e+06   2.3864746e+01
   4.7893510e+06   4.3395996e+01
   4.7894120e+06   3.4729004e+01
   4.7894570e+06   6.8115234e+01
   4.7894970e+06   3.4362793e+01
   4.7895640e+06   3.1127930e+01
   4.7897010e+06   2.4353027e+01
   4.7897120e+06   3.3020020e+01
   4.7898430e+06   3.2104492e+01
   4.7899170e+06   2.6855469e+01
   4.7901930e+06   2.3132324e+01
   4.7923410e+06   2.5085449e+01
   4.9853960e+06   3.8269043e+01
   5.1674020e+06   3.9733887e+01
   5.1684990e+06   2.4902344e+01
   5.1685240e+06   4.6752930e+01
   5.1685480e+06   3.6682129e+01
   5.1686060e+06   6.0424805e+01
   5.1686320e+06   4.9682617e+01
   5.1686430e+06   4.1076660e+01
   5.1686710e+06   2.8259277e+01
   5.1686950e+06   4.8706055e+01
   5.1687150e+06   2.6672363e+01
   5.1687250e+06   5.8349609e+01
   5.1687430e+06   3.8635254e+01
   5.1687590e+06   3.1982422e+01
   5.1687910e+06   1.0699463e+02
   5.1688060e+06   3.4301758e+01
   5.1688390e+06   7.4645996e+01
   5.1688680e+06   4.6203613e+01
   5.1688780e+06   3.2836914e+01
   5.1689190e+06   4.0771484e+01
   5.1689450e+06   2.6123047e+01
   5.1689740e+06   3.2287598e+01
   5.1690140e+06   2.8015137e+01
   5.1690290e+06   2.3376465e+01
   5.1690500e+06   2.3437500e+01
   5.1690600e+06   2.8564453e+01
   5.1690880e+06   3.0822754e+01
   5.1691220e+06   2.3071289e+01
   5.1691700e+06   3.4423828e+01
   5.1692230e+06   2.3742676e+01
   5.1692530e+06   2.7954102e+01
   5.1693670e+06   2.5024414e+01
   5.1694060e+06   2.6367188e+01
   5.1694540e+06   2.8137207e+01
   5.1694790e+06   3.5522461e+01
   5.1695250e+06   3.3752441e+01
   5.1695500e+06   2.3559570e+01
   5.1696030e+06   3.2714844e+01
   5.1696340e+06   2.7893066e+01
   5.1696710e+06   4.2114258e+01
   5.1697000e+06   2.6428223e+01
   5.1697130e+06   2.4047852e+01
   5.1697440e+06   5.0354004e+01
   5.1698280e+06   4.0100098e+01
   5.1698420e+06   2.9479980e+01
   5.1698680e+06   3.1616211e+01
   5.1699250e+06   4.2419434e+01
   5.1699450e+06   2.3559570e+01
   5.1700200e+06   3.7841797e+01
   5.1700420e+06   3.0517578e+01
   5.1700610e+06   2.5817871e+01
   5.1700920e+06   2.8198242e+01
   5.1701190e+06   2.2705078e+01
   5.1701530e+06   2.5573730e+01
   5.1701890e+06   3.0151367e+01
   5.1702560e+06   2.3498535e+01
   5.1703120e+06   3.0578613e+01
   5.1703410e+06   2.9724121e+01
   5.1703600e+06   2.6245117e+01
   5.1703980e+06   2.6611328e+01
   5.1704450e+06   2.8503418e+01
   5.1704590e+06   3.7170410e+01
   5.1704790e+06   2.3437500e+01
   5.1705790e+06   2.7282715e+01
   5.1705960e+06   2.3437500e+01
   5.1706360e+06   2.5390625e+01
   5.1707220e+06   2.2644043e+01
   5.1806010e+06   4.0954590e+01
   5.1816030e+06   6.1340332e+01
   5.1816370e+06   4.1625977e+01
   5.1818060e+06   5.0964355e+01
   5.1818400e+06   5.0842285e+01
   5.1818670e+06   3.9855957e+01
   5.1819250e+06   4.9255371e+01
   5.1819700e+06   4.8400879e+01
   5.1820050e+06   4.7058105e+01
   5.1820260e+06   4.8339844e+01
   5.1820750e+06   3.6804199e+01
   5.1821020e+06   3.2775879e+01
   5.1821190e+06   2.4719238e+01
   5.1821390e+06   3.6499023e+01
   5.1821710e+06   4.1381836e+01
   5.1821880e+06   5.9753418e+01
   5.1822010e+06   3.0578613e+01
   5.1822310e+06   3.4606934e+01
   5.1822440e+06   5.1147461e+01
   5.1822700e+06   3.7597656e+01
   5.1822820e+06   3.1005859e+01
   5.1823010e+06   3.4973145e+01
   5.1823220e+06   3.0883789e+01
   5.1823450e+06   2.3437500e+01
   5.1823570e+06   7.2692871e+01
   5.1824070e+06   4.2724609e+01
   5.1824350e+06   2.4780273e+01
   5.1824700e+06   4.7241211e+01
   5.1824960e+06   3.6560059e+01
   5.1825340e+06   3.5949707e+01
   5.1825460e+06   3.0944824e+01
   5.1825960e+06   3.8757324e+01
   5.1826280e+06   2.5634766e+01
   5.1826410e+06   2.4902344e+01
   5.1826720e+06   3.1921387e+01
   5.1827130e+06   2.6550293e+01
   5.1827680e+06   2.4291992e+01
   5.1828060e+06   2.5329590e+01
   5.1828720e+06   3.4606934e+01
   5.1829090e+06   2.2705078e+01
   5.1829400e+06   2.8564453e+01
   5.1829500e+06   5.3344727e+01
   5.1830070e+06   4.2114258e+01
   5.1830270e+06   2.3437500e+01
   5.1830530e+06   5.0109863e+01
   5.1830760e+06   4.5288086e+01
   5.1830890e+06   2.4475098e+01
   5.1831280e+06   2.4230957e+01
   5.1831410e+06   3.5583496e+01
   5.1832520e+06   4.8156738e+01
   5.1832690e+06   4.6203613e+01
   5.1832970e+06   3.0578613e+01
   5.1833100e+06   2.8686523e+01
   5.1833270e+06   2.3803711e+01
   5.1833610e+06   2.6672363e+01
   5.1834030e+06   2.5207520e+01
   5.1834470e+06   2.2949219e+01
   5.1835080e+06   2.7160645e+01
   5.1835210e+06   2.9785156e+01
   5.1835470e+06   2.4963379e+01
   5.1836330e+06   2.2888184e+01
   5.1836460e+06   2.5268555e+01
   5.1836690e+06   2.4841309e+01
   5.1837530e+06   2.6550293e+01
   5.1838570e+06   2.4780273e+01
   5.1840170e+06   2.4291992e+01
   5.1840760e+06   2.4536133e+01
   5.1841880e+06   2.4536133e+01
   5.1843650e+06   2.6916504e+01
   5.1972200e+06   4.8583984e+01
   5.1973720e+06   4.1992188e+01
   5.1975020e+06   4.9804688e+01
   5.1975510e+06   2.2583008e+01
   5.1976270e+06   4.0893555e+01
   5.1976480e+06   3.4484863e+01
   5.1977940e+06   5.7739258e+01
   5.1978210e+06   3.8330078e+01
   5.1979460e+06   3.4118652e+01
   5.1980100e+06   4.2175293e+01
   5.1980240e+06   2.8503418e+01
   5.1980470e+06   4.0710449e+01
   5.1981980e+06   3.6132812e+01
   5.1982410e+06   4.5593262e+01
   5.1983590e+06   3.5644531e+01
   5.1985440e+06   3.8635254e+01
   5.2031650e+06   5.5297852e+01
   5.2031920e+06   4.7119141e+01
   5.2034050e+06   4.4494629e+01
   5.2034320e+06   4.3395996e+01
   5.2034510e+06   4.8034668e+01
   5.2035580e+06   2.6855469e+01
   5.2036390e+06   4.7302246e+01
   5.2036780e+06   3.5644531e+01
   5.2037140e+06   3.7719727e+01
   5.2037440e+06   2.3681641e+01
   5.2038800e+06   3.7231445e+01
   5.2038900e+06   4.1809082e+01
   5.2041330e+06   4.4006348e+01
   5.2107360e+06   5.5419922e+01
   5.2108300e+06   4.7485352e+01
   5.2108570e+06   3.9733887e+01
   5.2109640e+06   4.5410156e+01
   5.2110130e+06   3.8269043e+01
   5.2110380e+06   3.5583496e+01
   5.2110990e+06   2.6306152e+01
   5.2111310e+06   5.5725098e+01
   5.2111490e+06   4.2053223e+01
   5.2112220e+06   6.1218262e+01
   5.2112650e+06   4.4189453e+01
   5.2113830e+06   4.6813965e+01
   5.2114030e+06   5.4809570e+01
   5.2114260e+06   4.4067383e+01
   5.2114980e+06   4.3762207e+01
   5.2115220e+06   2.4108887e+01
   5.2115320e+06   2.8747559e+01
   5.2115510e+06   4.0161133e+01
   5.2115810e+06   2.4108887e+01
   5.2116180e+06   3.6682129e+01
   5.2116400e+06   3.7231445e+01
   5.2117130e+06   2.6733398e+01
   5.2117570e+06   4.1381836e+01
   5.2117900e+06   2.6184082e+01
   5.2118220e+06   3.1677246e+01
   5.2118810e+06   2.5451660e+01
   5.2118930e+06   2.2766113e+01
   5.2119120e+06   3.0334473e+01
   5.2119350e+06   3.0456543e+01
   5.2119910e+06   3.0151367e+01
   5.2120540e+06   4.4494629e+01
   5.2120760e+06   2.4536133e+01
   5.2121220e+06   2.4047852e+01
   5.2121500e+06   2.6672363e+01
   5.2121690e+06   3.3081055e+01
   5.2121850e+06   4.1870117e+01
   5.2122410e+06   2.9907227e+01
   5.2123250e+06   3.1005859e+01
   5.2124040e+06   3.0456543e+01
   5.2217490e+06   4.9560547e+01
   5.2218790e+06   4.2907715e+01
   5.2219860e+06   4.6997070e+01
   5.2220570e+06   5.5725098e+01
   5.2221990e+06   4.6691895e+01
   5.2222320e+06   3.8696289e+01
   5.2223030e+06   5.1208496e+01
   5.2225390e+06   4.7424316e+01
   5.2227770e+06   4.3334961e+01
   5.2267010e+06   5.4931641e+01
   5.2269600e+06   3.5827637e+01
   5.2271900e+06   4.5227051e+01
   5.2305960e+06   4.6325684e+01
   5.2308970e+06   6.0729980e+01
   5.2310650e+06   4.3701172e+01
   5.2311770e+06   5.7739258e+01
   5.2352350e+06   5.1086426e+01
   5.2352600e+06   5.1574707e+01
   5.2354010e+06   4.2419434e+01
   5.2354360e+06   8.2824707e+01
   5.2355950e+06   6.4514160e+01
   5.2356270e+06   3.7658691e+01
   5.2357640e+06   4.4677734e+01
   5.2357800e+06   3.4240723e+01
   5.2358460e+06   4.3151855e+01
   5.2358900e+06   3.4790039e+01
   5.2359160e+06   4.2663574e+01
   5.2359780e+06   3.4545898e+01
   5.2361040e+06   4.6142578e+01
   5.2401200e+06   6.2805176e+01
   5.2446340e+06   4.8522949e+01
   5.2447250e+06   4.3273926e+01
   5.2447410e+06   4.0161133e+01
   5.2448460e+06   5.2307129e+01
   5.2449670e+06   4.4982910e+01
   5.2449920e+06   4.6875000e+01
   5.2450480e+06   4.3273926e+01
   5.2452260e+06   5.6396484e+01
   5.2454960e+06   4.0161133e+01
   5.2493410e+06   4.6569824e+01
   5.2539650e+06   4.5410156e+01
   5.2539860e+06   4.3090820e+01
   5.2541070e+06   4.4799805e+01
   5.2541890e+06   5.6762695e+01
   5.2543490e+06   2.9968262e+01
   5.2543630e+06   6.2927246e+01
   5.2546150e+06   4.8522949e+01
   5.2583180e+06   5.5297852e+01
   5.2585690e+06   5.6152344e+01
   5.2586090e+06   4.2358398e+01
   5.2620360e+06   5.4626465e+01
   5.2624650e+06   5.1025391e+01
   5.2658350e+06   6.6101074e+01
   5.2660390e+06   4.1503906e+01
   5.2660790e+06   5.6091309e+01
   5.2663170e+06   4.7119141e+01
   5.2699710e+06   5.9631348e+01
   5.2700870e+06   4.4555664e+01
   5.2702070e+06   5.1696777e+01
   5.2737080e+06   5.5541992e+01
   5.2737890e+06   5.3588867e+01
   5.2738190e+06   4.4799805e+01
   5.2739790e+06   4.6386719e+01
   5.2745550e+06   4.3212891e+01
   5.2778340e+06   5.4687500e+01
   5.2782300e+06   2.5573730e+01
   5.2783430e+06   4.9316406e+01
   5.2822940e+06   6.4025879e+01
   5.2823590e+06   4.7668457e+01
   5.2823940e+06   3.9306641e+01
   5.2825780e+06   5.2734375e+01
   5.2829620e+06   5.0231934e+01
   5.2861800e+06   4.9804688e+01
   5.2897310e+06   6.1096191e+01
   5.2898690e+06   4.0588379e+01
   5.2899800e+06   5.4565430e+01
   5.2940850e+06   5.7312012e+01
   5.2941570e+06   4.2907715e+01
   5.2942840e+06   4.5532227e+01
   5.2943240e+06   5.2124023e+01
   5.2944570e+06   2.7404785e+01
   5.2945930e+06   4.7668457e+01
   5.2992250e+06   5.5603027e+01
   5.2992980e+06   4.6142578e+01
   5.2993850e+06   4.7424316e+01
   5.2994490e+06   5.9326172e+01
   5.2998310e+06   4.7912598e+01
   5.3047420e+06   4.3029785e+01
   5.3047790e+06   4.7546387e+01
   5.3049760e+06   5.1025391e+01
   5.3051330e+06   3.8146973e+01
   5.3051890e+06   6.0363770e+01
   5.3101280e+06   4.5227051e+01
   5.3102220e+06   4.5471191e+01
   5.3102430e+06   4.3151855e+01
   5.3103900e+06   2.5512695e+01
   5.3104080e+06   4.6020508e+01
   5.3107330e+06   5.6274414e+01
   5.3154840e+06   5.9265137e+01
   5.3155900e+06   3.7353516e+01
   5.3156930e+06   5.2490234e+01
   5.3160960e+06   5.0964355e+01
   5.3206480e+06   5.4138184e+01
   5.3207100e+06   4.2724609e+01
   5.3207500e+06   3.8574219e+01
   5.3208620e+06   4.8767090e+01
   5.3212270e+06   4.7790527e+01
   5.3265830e+06   5.4260254e+01
   5.3266180e+06   4.1137695e+01
   5.3266360e+06   4.4921875e+01
   5.3267820e+06   6.3415527e+01
   5.3268820e+06   4.1198730e+01
   5.3270690e+06   5.4199219e+01
   5.3330940e+06   6.0058594e+01
   5.3331130e+06   4.0710449e+01
   5.3331700e+06   4.7302246e+01
   5.3332910e+06   6.0302734e+01
   5.3333210e+06   3.7597656e+01
   5.3335210e+06   5.4931641e+01
   5.3336370e+06   3.7719727e+01
   5.3395250e+06   5.2001953e+01
   5.3396280e+06   4.0466309e+01
   5.3396650e+06   2.3681641e+01
   5.3396790e+06   5.4260254e+01
   5.3397180e+06   5.9997559e+01
   5.3398710e+06   3.4912109e+01
   5.3399880e+06   4.4799805e+01
   5.3445790e+06   6.0974121e+01
   5.3447540e+06   4.4433594e+01
   5.3449910e+06   5.6945801e+01
   5.3503120e+06   5.2917480e+01
   5.3503880e+06   4.3457031e+01
   5.3504030e+06   3.5888672e+01
   5.3505560e+06   3.9611816e+01
   5.3505840e+06   6.1523438e+01
   5.3507720e+06   4.6691895e+01
   5.3507860e+06   4.2419434e+01
   5.3510270e+06   4.0771484e+01
   5.3574280e+06   5.9387207e+01
   5.3574580e+06   4.6264648e+01
   5.3574780e+06   3.4729004e+01
   5.3576060e+06   5.2917480e+01
   5.3577250e+06   4.1381836e+01
   5.3577410e+06   4.6752930e+01
   5.3578440e+06   4.6264648e+01
   5.3579540e+06   3.2958984e+01
   5.3580970e+06   5.1025391e+01
   5.3638460e+06   5.3405762e+01
   5.3639070e+06   4.7363281e+01
   5.3640280e+06   5.7128906e+01
   5.3643090e+06   8.8317871e+01
   5.3708500e+06   5.6701660e+01
   5.3709060e+06   6.4025879e+01
   5.3710200e+06   2.3376465e+01
   5.3710460e+06   5.0964355e+01
   5.3711250e+06   4.1931152e+01
   5.3712100e+06   4.1687012e+01
   5.3712430e+06   5.7373047e+01
   5.3713410e+06   3.9916992e+01
   5.3714690e+06   4.7180176e+01
   5.3783400e+06   5.6518555e+01
   5.3784180e+06   4.8034668e+01
   5.3785050e+06   6.1218262e+01
   5.3786040e+06   3.9916992e+01
   5.3786420e+06   4.5532227e+01
   5.3787010e+06   5.2307129e+01
   5.3788460e+06   3.1372070e+01
   5.3789140e+06   4.4738770e+01
   5.3859030e+06   5.5908203e+01
   5.3859230e+06   4.1137695e+01
   5.3859580e+06   5.1696777e+01
   5.3860750e+06   5.6396484e+01
   5.3861520e+06   3.2531738e+01
   5.3862380e+06   4.6081543e+01
   5.3862670e+06   5.1208496e+01
   5.3863840e+06   4.1748047e+01
   5.3865880e+06   4.5898438e+01
   5.3942410e+06   5.2124023e+01
   5.3942890e+06   3.5949707e+01
   5.3943070e+06   3.7414551e+01
   5.3943890e+06   6.1950684e+01
   5.3944650e+06   4.4799805e+01
   5.3944760e+06   3.9550781e+01
   5.3945730e+06   4.1076660e+01
   5.3946300e+06   3.8085938e+01
   5.3946920e+06   5.5175781e+01
   5.3947280e+06   4.6752930e+01
   5.3947750e+06   4.0588379e+01
   5.3948910e+06   5.7617188e+01
   5.3949530e+06   3.9428711e+01
   5.3949770e+06   4.2724609e+01
   5.3952300e+06   4.7241211e+01
   5.4011980e+06   5.6884766e+01
   5.4012310e+06   4.5104980e+01
   5.4012700e+06   4.0588379e+01
   5.4014640e+06   4.3823242e+01
   5.4098120e+06   6.0363770e+01
   5.4098560e+06   4.4860840e+01
   5.4098680e+06   4.7851562e+01
   5.4099610e+06   6.0607910e+01
   5.4099980e+06   4.4982910e+01
   5.4100800e+06   4.7912598e+01
   5.4101320e+06   5.8837891e+01
   5.4101500e+06   4.3823242e+01
   5.4102670e+06   4.2785645e+01
   5.4102940e+06   5.2612305e+01
   5.4104530e+06   5.2307129e+01
   5.4104680e+06   5.1757813e+01
   5.4104940e+06   4.2541504e+01
   5.4106690e+06   4.5532227e+01
   5.4183820e+06   5.2734375e+01
   5.4184300e+06   5.4199219e+01
   5.4184500e+06   3.9550781e+01
   5.4186020e+06   5.3222656e+01
   5.4186270e+06   4.3823242e+01
   5.4187310e+06   4.4738770e+01
   5.4187700e+06   5.3466797e+01
   5.4188700e+06   3.6499023e+01
   5.4190200e+06   5.8654785e+01
   5.4270300e+06   6.0852051e+01
   5.4270640e+06   4.4982910e+01
   5.4270880e+06   4.8461914e+01
   5.4272040e+06   3.8085938e+01
   5.4272860e+06   5.5419922e+01
   5.4273860e+06   2.9357910e+01
   5.4274050e+06   5.4687500e+01
   5.4275870e+06   4.7241211e+01
   5.4278090e+06   5.1696777e+01
   5.4360100e+06   5.4992676e+01
   5.4360790e+06   4.4860840e+01
   5.4361700e+06   5.1330566e+01
   5.4362520e+06   3.5949707e+01
   5.4362900e+06   5.2490234e+01
   5.4363500e+06   6.3781738e+01
   5.4364190e+06   3.9978027e+01
   5.4365560e+06   4.5471191e+01
   5.4368100e+06   4.4189453e+01
   5.4454190e+06   5.7250977e+01
   5.4454620e+06   4.4128418e+01
   5.4454970e+06   4.9316406e+01
   5.4456020e+06   3.4301758e+01
   5.4456280e+06   5.5297852e+01
   5.4457180e+06   4.9438477e+01
   5.4457490e+06   3.4729004e+01
   5.4458540e+06   4.9499512e+01
   5.4459950e+06   4.5532227e+01
   5.4460590e+06   4.8339844e+01
   5.4462720e+06   4.2175293e+01
   5.4556940e+06   5.2856445e+01
   5.4557720e+06   4.6630859e+01
   5.4558540e+06   5.4382324e+01
   5.4558940e+06   3.3447266e+01
   5.4559680e+06   5.2978516e+01
   5.4560380e+06   4.1442871e+01
   5.4560530e+06   5.6884766e+01
   5.4561520e+06   4.8706055e+01
   5.4562090e+06   4.1015625e+01
   5.4563900e+06   8.2397461e+01
   5.4564470e+06   3.2958984e+01
   5.4566280e+06   4.6875000e+01
   5.4686400e+06   6.8420410e+01
   5.4687150e+06   6.8725586e+01
   5.4688510e+06   7.5439453e+01
   5.4688760e+06   5.9326172e+01
   5.4689610e+06   3.9428711e+01
   5.4689990e+06   4.0832520e+01
   5.4690400e+06   4.8400879e+01
   5.4690880e+06   3.4729004e+01
   5.4691150e+06   4.7851562e+01
   5.4691630e+06   4.1259766e+01
   5.4691890e+06   2.7221680e+01
   5.4692070e+06   4.5898438e+01
   5.4692390e+06   2.5390625e+01
   5.4692600e+06   3.4729004e+01
   5.4692810e+06   3.6193848e+01
   5.4693200e+06   2.6306152e+01
   5.4693480e+06   3.2836914e+01
   5.4693580e+06   3.8696289e+01
   5.4693740e+06   3.7414551e+01
   5.4694040e+06   4.2480469e+01
   5.4694430e+06   4.7668457e+01
   5.4694760e+06   8.8867188e+01
   5.4694900e+06   4.8828125e+01
   5.4695320e+06   4.9438477e+01
   5.4695560e+06   2.7160645e+01
   5.4695660e+06   3.1005859e+01
   5.4695950e+06   4.0893555e+01
   5.4696100e+06   2.2827148e+01
   5.4696310e+06   2.8320312e+01
   5.4696510e+06   3.2531738e+01
   5.4696740e+06   2.2766113e+01
   5.4696940e+06   3.7475586e+01
   5.4697280e+06   2.8625488e+01
   5.4697390e+06   3.1188965e+01
   5.4697890e+06   2.5329590e+01
   5.4698360e+06   3.3325195e+01
   5.4698660e+06   2.6184082e+01
   5.4699730e+06   3.2226562e+01
   5.4700040e+06   2.7709961e+01
   5.4700220e+06   2.3376465e+01
   5.4700390e+06   2.3986816e+01
   5.4700710e+06   3.1555176e+01
   5.4701060e+06   3.0517578e+01
   5.4701410e+06   2.4963379e+01
   5.4701750e+06   3.7902832e+01
   5.4702210e+06   3.1372070e+01
   5.4703070e+06   6.0363770e+01
   5.4703360e+06   2.4108887e+01
   5.4703530e+06   2.4108887e+01
   5.4703990e+06   2.8442383e+01
   5.4704280e+06   2.4780273e+01
   5.4704760e+06   3.0578613e+01
   5.4704950e+06   3.9978027e+01
   5.4705330e+06   4.3029785e+01
   5.4707090e+06   2.3498535e+01
   5.4708190e+06   5.8288574e+01
   5.4708840e+06   3.2531738e+01
   5.4709990e+06   2.4597168e+01
   5.4711150e+06   2.9479980e+01
   5.4976560e+06   3.6865234e+01
   5.4976680e+06   4.3823242e+01
   5.4976800e+06   5.8715820e+01
   5.5060280e+06   5.3466797e+01
   5.5062400e+06   4.8278809e+01
   5.5062510e+06   3.6254883e+01
   5.5063570e+06   5.4504395e+01
   5.5066850e+06   5.1513672e+01
   5.5159790e+06   7.1533203e+01
   5.5161260e+06   3.9916992e+01
   5.5161480e+06   2.5451660e+01
   5.5163680e+06   5.3161621e+01
   5.5164980e+06   3.6865234e+01
   5.5166430e+06   5.4626465e+01
   5.5290050e+06   5.4931641e+01
   5.5290200e+06   5.3894043e+01
   5.5290690e+06   5.0354004e+01
   5.5292760e+06   3.7536621e+01
   5.5293480e+06   6.2255859e+01
   5.5297420e+06   5.7312012e+01
   5.5384870e+06   6.1279297e+01
   5.5385590e+06   3.6437988e+01
   5.5386010e+06   4.1442871e+01
   5.5388820e+06   6.0852051e+01
   5.5393350e+06   5.5908203e+01
   5.5494720e+06   5.4321289e+01
   5.5495220e+06   3.9672852e+01
   5.5495630e+06   4.8828125e+01
   5.5497610e+06   6.1645508e+01
   5.5498830e+06   4.1137695e+01
   5.5500710e+06   4.6142578e+01
   5.5598750e+06   6.5917969e+01
   5.5599590e+06   4.3579102e+01
   5.5599750e+06   4.4921875e+01
   5.5601260e+06   4.5349121e+01
   5.5603150e+06   3.5278320e+01
   5.5603930e+06   5.2429199e+01
   5.5714570e+06   6.1645508e+01
   5.5715250e+06   4.5166016e+01
   5.5715540e+06   4.3701172e+01
   5.5718120e+06   5.5847168e+01
   5.5718740e+06   3.4484863e+01
   5.5834780e+06   5.6701660e+01
   5.5835320e+06   4.1198730e+01
   5.5838790e+06   6.0607910e+01
   5.5839390e+06   3.7658691e+01
   5.6011540e+06   3.7048340e+01
   5.6012240e+06   6.1645508e+01
   5.6012510e+06   4.5776367e+01
   5.6013920e+06   3.8330078e+01
   5.6015350e+06   4.1320801e+01
   5.6015680e+06   5.1269531e+01
   5.6015800e+06   3.9062500e+01
   5.6017090e+06   4.5715332e+01
   5.6017400e+06   3.9916992e+01
   5.6017580e+06   5.5297852e+01
   5.6018190e+06   4.7912598e+01
   5.6018410e+06   3.0761719e+01
   5.6018630e+06   3.2165527e+01
   5.6018800e+06   6.0363770e+01
   5.6018940e+06   2.7343750e+01
   5.6019070e+06   3.2531738e+01
   5.6019320e+06   2.2705078e+01
   5.6019550e+06   3.7780762e+01
   5.6019830e+06   4.5776367e+01
   5.6020030e+06   2.8869629e+01
   5.6020210e+06   4.9194336e+01
   5.6020410e+06   5.0842285e+01
   5.6020630e+06   8.4594727e+01
   5.6020740e+06   3.2653809e+01
   5.6020870e+06   2.4230957e+01
   5.6021190e+06   7.5195312e+01
   5.6021390e+06   3.1005859e+01
   5.6021530e+06   2.3132324e+01
   5.6021750e+06   2.8137207e+01
   5.6021970e+06   3.7719727e+01
   5.6022240e+06   4.7668457e+01
   5.6022600e+06   2.4658203e+01
   5.6023050e+06   2.3437500e+01
   5.6023370e+06   2.9113770e+01
   5.6023630e+06   3.7597656e+01
   5.6023950e+06   3.1677246e+01
   5.6024200e+06   2.6306152e+01
   5.6024450e+06   2.9663086e+01
   5.6024740e+06   2.4291992e+01
   5.6024860e+06   2.2888184e+01
   5.6025010e+06   2.7282715e+01
   5.6025140e+06   2.6672363e+01
   5.6025490e+06   3.1311035e+01
   5.6026090e+06   2.4597168e+01
   5.6026650e+06   3.0639648e+01
   5.6027480e+06   2.6000977e+01
   5.6027940e+06   2.6672363e+01
   5.6028260e+06   4.1442871e+01
   5.6028530e+06   2.3010254e+01
   5.6028800e+06   2.4414062e+01
   5.6029030e+06   5.2917480e+01
   5.6029610e+06   2.2766113e+01
   5.6029830e+06   3.8024902e+01
   5.6030220e+06   3.2714844e+01
   5.6030520e+06   2.9785156e+01
   5.6030910e+06   5.6884766e+01
   5.6031130e+06   3.3630371e+01
   5.6031620e+06   3.0029297e+01
   5.6032500e+06   5.6335449e+01
   5.6032710e+06   2.5390625e+01
   5.6034400e+06   2.3620605e+01
   5.6034750e+06   2.7770996e+01
   5.6035470e+06   2.3742676e+01
   5.6036430e+06   2.6367188e+01
   5.6036920e+06   2.4230957e+01
   5.6037330e+06   2.4658203e+01
   5.6038150e+06   2.6306152e+01
   5.6039260e+06   3.2775879e+01
   5.6039950e+06   2.3559570e+01
   5.9027830e+06   3.0273438e+01
