   5.9990000e+06   0.0000000e+00
   6.9000000e+02   2.8869629e+01
   2.5490000e+03   4.6386719e+01
   2.6950000e+03   2.4230957e+01
   2.9060000e+03   2.4414062e+01
   2.9300000e+03   3.1677246e+01
   2.9680000e+03   2.6428223e+01
   3.0630000e+03   2.3864746e+01
   3.1630000e+03   2.4414062e+01
   3.2480000e+03   3.6804199e+01
   3.4190000e+03   3.8085938e+01
   3.4510000e+03   2.4353027e+01
   3.8750000e+03   2.4475098e+01
   5.3600000e+03   2.4963379e+01
   5.5420000e+03   4.4311523e+01
   5.7130000e+03   2.7526855e+01
   7.5040000e+03   2.4169922e+01
   7.5910000e+03   2.6428223e+01
   7.6750000e+03   2.6306152e+01
   7.7480000e+03   2.3925781e+01
   7.8240000e+03   3.0944824e+01
   7.8540000e+03   2.9174805e+01
   7.8930000e+03   2.5329590e+01
   7.9470000e+03   2.9052734e+01
   7.9800000e+03   2.3803711e+01
   8.0480000e+03   4.7424316e+01
   8.0630000e+03   2.5817871e+01
   8.1970000e+03   2.8503418e+01
   8.2530000e+03   2.5939941e+01
   8.2740000e+03   2.6855469e+01
   8.3010000e+03   2.3864746e+01
   8.3210000e+03   2.8564453e+01
   8.3570000e+03   3.1433105e+01
   8.3680000e+03   2.6672363e+01
   8.4050000e+03   3.1066895e+01
   8.4330000e+03   2.5451660e+01
   8.4510000e+03   5.2551270e+01
   8.4870000e+03   2.8198242e+01
   8.5200000e+03   3.3996582e+01
   8.5530000e+03   5.1818848e+01
   8.5710000e+03   2.4658203e+01
   8.5890000e+03   2.5817871e+01
   8.6140000e+03   2.6184082e+01
   8.6250000e+03   3.3203125e+01
   8.6370000e+03   3.9916992e+01
   8.6860000e+03   3.2714844e+01
   8.7190000e+03   3.2165527e+01
   8.7500000e+03   2.9785156e+01
   8.7650000e+03   2.5939941e+01
   8.8020000e+03   3.4790039e+01
   8.8240000e+03   2.8625488e+01
   8.8780000e+03   3.7841797e+01
   8.9350000e+03   3.9428711e+01
   8.9500000e+03   2.5512695e+01
   8.9700000e+03   3.3630371e+01
   9.0520000e+03   2.9663086e+01
   9.1000000e+03   2.4902344e+01
   9.1360000e+03   2.5817871e+01
   9.2420000e+03   2.5695801e+01
   9.2850000e+03   2.5268555e+01
   9.3360000e+03   2.5268555e+01
   9.3540000e+03   2.6672363e+01
   9.4550000e+03   3.2897949e+01
   9.7390000e+03   2.4719238e+01
   9.8620000e+03   2.4353027e+01
   1.6665000e+04   2.4536133e+01
   1.8680000e+04   2.6550293e+01
   1.8729000e+04   2.7160645e+01
   1.8811000e+04   2.6245117e+01
   1.8877000e+04   2.7832031e+01
   1.8912000e+04   2.3925781e+01
   1.9022000e+04   2.5268555e+01
   1.9061000e+04   2.6000977e+01
   1.9174000e+04   2.7526855e+01
   1.9287000e+04   2.4658203e+01
   1.9421000e+04   2.7038574e+01
   2.1657000e+04   3.2714844e+01
   2.1826000e+04   2.8381348e+01
   2.1857000e+04   2.5390625e+01
   2.1977000e+04   2.4536133e+01
   2.2078000e+04   2.4597168e+01
   2.2110000e+04   2.7282715e+01
   2.2181000e+04   2.6489258e+01
   2.2403000e+04   2.7893066e+01
   2.4567000e+04   2.5573730e+01
   2.4654000e+04   2.6062012e+01
   2.4678000e+04   2.3803711e+01
   2.4760000e+04   2.6489258e+01
   2.4833000e+04   2.4597168e+01
   2.4949000e+04   2.9479980e+01
   2.4981000e+04   2.7404785e+01
   2.5020000e+04   2.5207520e+01
   2.5052000e+04   6.2011719e+01
   2.5081000e+04   2.4414062e+01
   2.5115000e+04   2.7343750e+01
   2.5173000e+04   2.6611328e+01
   2.5198000e+04   2.8259277e+01
   2.5230000e+04   4.9255371e+01
   2.5257000e+04   2.5817871e+01
   2.5349000e+04   2.9174805e+01
   2.5366000e+04   2.5939941e+01
   2.5392000e+04   5.5908203e+01
   2.5416000e+04   2.9724121e+01
   2.5432000e+04   3.1738281e+01
   2.5455000e+04   3.2287598e+01
   2.5469000e+04   3.0883789e+01
   2.5501000e+04   4.8706055e+01
   2.5538000e+04   4.3090820e+01
   2.5577000e+04   3.9123535e+01
   2.5609000e+04   2.5024414e+01
   2.5627000e+04   5.3588867e+01
   2.5658000e+04   4.7546387e+01
   2.5706000e+04   3.7292480e+01
   2.5740000e+04   2.4780273e+01
   2.5763000e+04   2.7221680e+01
   2.5831000e+04   4.4982910e+01
   2.5870000e+04   3.3264160e+01
   2.5908000e+04   2.7221680e+01
   2.5927000e+04   2.7893066e+01
   2.6000000e+04   4.0100098e+01
   2.6076000e+04   2.9113770e+01
   2.6172000e+04   2.7099609e+01
   2.6191000e+04   2.4780273e+01
   2.6237000e+04   2.7587891e+01
   2.6265000e+04   3.1311035e+01
   2.6306000e+04   3.1127930e+01
   2.6363000e+04   2.4169922e+01
   2.6398000e+04   2.4597168e+01
   2.6594000e+04   2.4597168e+01
   2.6724000e+04   2.5329590e+01
   2.6757000e+04   3.0944824e+01
   2.6915000e+04   2.4658203e+01
   2.7061000e+04   2.9541016e+01
   2.7120000e+04   2.3986816e+01
   2.7489000e+04   2.3925781e+01
   3.4915000e+04   2.8625488e+01
   3.6922000e+04   2.7099609e+01
   3.6975000e+04   2.4719238e+01
   3.7011000e+04   2.5512695e+01
   3.7067000e+04   2.3803711e+01
   3.7113000e+04   3.3142090e+01
   3.7189000e+04   2.8259277e+01
   3.7226000e+04   2.4169922e+01
   3.7244000e+04   3.3203125e+01
   3.7321000e+04   2.6550293e+01
   3.7414000e+04   2.4719238e+01
   3.7452000e+04   2.8503418e+01
   3.7515000e+04   2.5085449e+01
   3.7685000e+04   2.8686523e+01
   3.7711000e+04   2.9968262e+01
   3.7791000e+04   6.0058594e+01
   3.7826000e+04   3.0456543e+01
   3.7940000e+04   2.4230957e+01
   3.7961000e+04   2.5268555e+01
   3.8456000e+04   2.3742676e+01
   3.8495000e+04   2.4841309e+01
   4.1302000e+04   2.5207520e+01
   4.3132000e+04   2.3803711e+01
   4.3257000e+04   3.2043457e+01
   4.3345000e+04   2.5451660e+01
   4.3462000e+04   2.8137207e+01
   4.3613000e+04   2.4291992e+01
   4.3646000e+04   2.5878906e+01
   4.3866000e+04   2.4841309e+01
   4.6490000e+04   3.2897949e+01
   4.6642000e+04   3.3813477e+01
   4.6690000e+04   2.4414062e+01
   4.6703000e+04   2.6367187e+01
   4.6754000e+04   2.3925781e+01
   4.6795000e+04   3.5156250e+01
   4.6849000e+04   2.5634766e+01
   4.6863000e+04   3.1982422e+01
   4.6900000e+04   2.6367188e+01
   4.6927000e+04   2.7893066e+01
   4.6993000e+04   3.0883789e+01
   4.7014000e+04   3.6315918e+01
   4.7040000e+04   2.7648926e+01
   4.7060000e+04   5.9570312e+01
   4.7140000e+04   3.3752441e+01
   4.7166000e+04   2.5878906e+01
   4.7192000e+04   3.4484863e+01
   4.7222000e+04   5.0109863e+01
   4.7251000e+04   2.9418945e+01
   4.7264000e+04   3.1372070e+01
   4.7294000e+04   3.6437988e+01
   4.7327000e+04   4.9560547e+01
   4.7342000e+04   2.5756836e+01
   4.7396000e+04   5.4138184e+01
   4.7424000e+04   3.8452148e+01
   4.7462000e+04   2.6489258e+01
   4.7493000e+04   3.2104492e+01
   4.7505000e+04   3.2653809e+01
   4.7557000e+04   2.7893066e+01
   4.7569000e+04   2.4291992e+01
   4.7587000e+04   3.3264160e+01
   4.7619000e+04   4.7424316e+01
   4.7653000e+04   2.6794434e+01
   4.7669000e+04   2.8747559e+01
   4.7696000e+04   2.6428223e+01
   4.7733000e+04   2.9479980e+01
   4.7787000e+04   2.3925781e+01
   4.7831000e+04   2.7770996e+01
   4.7906000e+04   2.8747559e+01
   4.7987000e+04   2.9357910e+01
   4.8014000e+04   3.1250000e+01
   4.8116000e+04   2.3803711e+01
   4.8193000e+04   2.6123047e+01
   4.8233000e+04   2.7587891e+01
   4.8279000e+04   2.8198242e+01
   4.8451000e+04   2.8076172e+01
   5.8094000e+04   2.7648926e+01
   5.8120000e+04   2.4414062e+01
   5.8274000e+04   3.0944824e+01
   5.8285000e+04   2.5756836e+01
   5.8483000e+04   2.3803711e+01
   5.8534000e+04   2.4047852e+01
   5.8649000e+04   2.4414062e+01
   5.8666000e+04   3.1738281e+01
   5.8796000e+04   2.4841309e+01
   5.8961000e+04   2.4230957e+01
   6.3389000e+04   2.9968262e+01
   6.3404000e+04   2.9846191e+01
   6.3425000e+04   2.4047852e+01
   6.3492000e+04   2.5756836e+01
   6.3584000e+04   2.4169922e+01
   6.3601000e+04   2.5878906e+01
   6.3658000e+04   5.0720215e+01
   6.3674000e+04   2.9907227e+01
   6.3696000e+04   2.6184082e+01
   6.3738000e+04   2.4169922e+01
   6.3777000e+04   3.7658691e+01
   6.3798000e+04   2.5451660e+01
   6.3882000e+04   2.6489258e+01
   6.3907000e+04   2.5024414e+01
   6.3930000e+04   3.1555176e+01
   6.3965000e+04   2.5207520e+01
   6.3990000e+04   3.0639648e+01
   6.4009000e+04   3.9123535e+01
   6.4031000e+04   2.7099609e+01
   6.4053000e+04   3.3142090e+01
   6.4075000e+04   2.6000977e+01
   6.4099000e+04   3.5827637e+01
   6.4145000e+04   3.4790039e+01
   6.4179000e+04   3.6254883e+01
   6.4206000e+04   2.8869629e+01
   6.4248000e+04   2.5329590e+01
   6.4259000e+04   4.4555664e+01
   6.4286000e+04   3.6682129e+01
   6.4329000e+04   3.9978027e+01
   6.4356000e+04   2.6184082e+01
   6.4381000e+04   2.7648926e+01
   6.4410000e+04   3.6010742e+01
   6.4485000e+04   2.9541016e+01
   6.4540000e+04   3.2775879e+01
   6.4560000e+04   2.5573730e+01
   6.4604000e+04   2.4780273e+01
   6.4645000e+04   2.4353027e+01
   6.4669000e+04   2.5756836e+01
   6.4720000e+04   2.6367188e+01
   6.4738000e+04   2.4719238e+01
   6.4859000e+04   2.4475098e+01
   6.4933000e+04   3.2958984e+01
   6.5103000e+04   2.7343750e+01
   6.5290000e+04   2.5634766e+01
   7.8149000e+04   2.9541016e+01
   7.8273000e+04   2.4230957e+01
   7.8369000e+04   3.8085938e+01
   7.8383000e+04   2.9235840e+01
   7.8464000e+04   3.0700684e+01
   7.8511000e+04   3.1799316e+01
   7.8540000e+04   4.3273926e+01
   7.8571000e+04   2.3986816e+01
   7.8620000e+04   4.4311523e+01
   7.8669000e+04   2.5085449e+01
   7.8701000e+04   3.0944824e+01
   7.8744000e+04   2.9113770e+01
   7.8763000e+04   2.8015137e+01
   7.8773000e+04   4.5043945e+01
   7.8790000e+04   2.6367188e+01
   7.8818000e+04   2.6733398e+01
   7.8834000e+04   2.7099609e+01
   7.8870000e+04   4.8828125e+01
   7.8887000e+04   2.8198242e+01
   7.8903000e+04   2.5268555e+01
   7.8924000e+04   4.8339844e+01
   7.8944000e+04   3.2897949e+01
   7.8987000e+04   2.8259277e+01
   7.9020000e+04   6.0241699e+01
   7.9037000e+04   2.7954102e+01
   7.9071000e+04   2.7832031e+01
   7.9098000e+04   2.9113770e+01
   7.9129000e+04   3.0700684e+01
   7.9174000e+04   3.9367676e+01
   7.9195000e+04   2.7282715e+01
   7.9234000e+04   2.8747559e+01
   7.9249000e+04   3.7780762e+01
   7.9338000e+04   4.7607422e+01
   7.9435000e+04   2.4536133e+01
   7.9584000e+04   2.5451660e+01
   7.9612000e+04   3.4179688e+01
   7.9717000e+04   2.4719238e+01
   7.9733000e+04   2.3803711e+01
   7.9841000e+04   2.4230957e+01
   7.9906000e+04   2.4108887e+01
   7.9986000e+04   2.9724121e+01
   8.0530000e+04   2.4230957e+01
   9.0495000e+04   2.4536133e+01
   9.0634000e+04   3.0029297e+01
   9.0696000e+04   2.4536133e+01
   9.0742000e+04   2.6367188e+01
   9.0782000e+04   3.2104492e+01
   9.0943000e+04   3.3020020e+01
   9.1069000e+04   2.5024414e+01
   9.1179000e+04   2.3986816e+01
   9.1230000e+04   5.6335449e+01
   9.1338000e+04   2.5573730e+01
   9.1539000e+04   6.1828613e+01
   9.1620000e+04   2.4047852e+01
   9.1738000e+04   2.5451660e+01
   9.6537000e+04   3.9428711e+01
   9.6717000e+04   3.7597656e+01
   9.6885000e+04   2.6062012e+01
   9.7025000e+04   2.7465820e+01
   9.7094000e+04   2.6916504e+01
   9.7191000e+04   6.3842773e+01
   9.7244000e+04   2.5817871e+01
   9.7383000e+04   2.3986816e+01
   9.7604000e+04   3.0456543e+01
   1.0277200e+05   3.1982422e+01
   1.0282600e+05   4.0466309e+01
   1.0288600e+05   2.3864746e+01
   1.0289600e+05   2.9113770e+01
   1.0292700e+05   3.5034180e+01
   1.0295500e+05   2.9052734e+01
   1.0299500e+05   2.5085449e+01
   1.0301400e+05   2.6000977e+01
   1.0303000e+05   2.4475098e+01
   1.0307700e+05   7.3303223e+01
   1.0311600e+05   4.0710449e+01
   1.0315300e+05   2.7160645e+01
   1.0317600e+05   3.6743164e+01
   1.0319500e+05   3.4729004e+01
   1.0322800e+05   7.8552246e+01
   1.0325400e+05   2.9541016e+01
   1.0326900e+05   2.8259277e+01
   1.0330300e+05   3.4729004e+01
   1.0334100e+05   3.3081055e+01
   1.0335400e+05   2.4658203e+01
   1.0339200e+05   3.8635254e+01
   1.0342300e+05   4.8889160e+01
   1.0343900e+05   4.4494629e+01
   1.0351000e+05   3.9123535e+01
   1.0352700e+05   2.7404785e+01
   1.0357700e+05   4.1870117e+01
   1.0360700e+05   2.3986816e+01
   1.0364500e+05   3.0944824e+01
   1.0367100e+05   2.4597168e+01
   1.0369000e+05   2.9663086e+01
   1.0371300e+05   2.6794434e+01
   1.0384900e+05   2.5329590e+01
   1.0387200e+05   3.0883789e+01
   1.0395600e+05   3.2226562e+01
   1.0400700e+05   2.3925781e+01
   1.0405100e+05   2.5390625e+01
   1.0408400e+05   3.1494141e+01
   1.0418700e+05   2.7038574e+01
   1.0422200e+05   2.4353027e+01
   1.0432200e+05   2.7893066e+01
   1.0453400e+05   2.6184082e+01
   1.0491000e+05   2.4353027e+01
   1.1763400e+05   2.6428223e+01
   1.1766500e+05   3.5034180e+01
   1.1770900e+05   2.6794434e+01
   1.1776300e+05   2.4841309e+01
   1.1779400e+05   2.5390625e+01
   1.1781500e+05   2.5146484e+01
   1.1785400e+05   2.9357910e+01
   1.1789300e+05   2.4108887e+01
   1.1791100e+05   2.4719238e+01
   1.1799900e+05   5.9631348e+01
   1.1803500e+05   2.8259277e+01
   1.1810200e+05   3.0029297e+01
   1.1813400e+05   4.7241211e+01
   1.1814600e+05   2.6855469e+01
   1.1816400e+05   2.4658203e+01
   1.1817900e+05   2.4047852e+01
   1.1821300e+05   2.4597168e+01
   1.1822800e+05   3.2348633e+01
   1.1825900e+05   2.8930664e+01
   1.1826900e+05   3.5278320e+01
   1.1830600e+05   4.2663574e+01
   1.1833100e+05   2.4902344e+01
   1.1834300e+05   2.3803711e+01
   1.1836600e+05   3.7353516e+01
   1.1840300e+05   3.7597656e+01
   1.1841800e+05   3.3447266e+01
   1.1844700e+05   3.3447266e+01
   1.1847700e+05   3.0029297e+01
   1.1849000e+05   4.2358398e+01
   1.1853800e+05   3.0029297e+01
   1.1857100e+05   4.8339844e+01
   1.1858800e+05   3.4301758e+01
   1.1863800e+05   2.4658203e+01
   1.1867100e+05   3.4301758e+01
   1.1871600e+05   3.2043457e+01
   1.1872600e+05   2.4230957e+01
   1.1878000e+05   3.7902832e+01
   1.1885100e+05   3.0578613e+01
   1.1892900e+05   2.7282715e+01
   1.1898600e+05   2.5085449e+01
   1.1912300e+05   3.2958984e+01
   1.1918600e+05   2.4169922e+01
   1.1941200e+05   2.5817871e+01
   1.1955900e+05   2.4047852e+01
   1.3298300e+05   2.4902344e+01
   1.3417600e+05   2.7893066e+01
   1.3423400e+05   2.3742676e+01
   1.3435100e+05   2.6794434e+01
   1.3439300e+05   2.5573730e+01
   1.3447600e+05   3.0395508e+01
   1.3450000e+05   2.8076172e+01
   1.3452100e+05   6.0668945e+01
   1.3455800e+05   3.4423828e+01
   1.3459800e+05   3.1433105e+01
   1.3460800e+05   2.8381348e+01
   1.3462400e+05   3.9916992e+01
   1.3466000e+05   3.8513184e+01
   1.3467700e+05   2.6916504e+01
   1.3472600e+05   4.6936035e+01
   1.3476000e+05   3.4118652e+01
   1.3477400e+05   2.9296875e+01
   1.3480800e+05   2.5329590e+01
   1.3483000e+05   3.3630371e+01
   1.3484500e+05   4.0405273e+01
   1.3490200e+05   4.2663574e+01
   1.3491500e+05   2.8503418e+01
   1.3493000e+05   3.0578613e+01
   1.3497500e+05   3.5583496e+01
   1.3503300e+05   3.3264160e+01
   1.3505500e+05   3.9733887e+01
   1.3507900e+05   2.3986816e+01
   1.3513400e+05   2.8564453e+01
   1.3521100e+05   2.8808594e+01
   1.3527500e+05   2.6306152e+01
   1.3530800e+05   2.6855469e+01
   1.3554100e+05   2.4047852e+01
   1.3576500e+05   2.9968262e+01
   1.3584000e+05   2.5329590e+01
   1.3599600e+05   2.3681641e+01
   1.3614600e+05   2.5817871e+01
   1.3630300e+05   2.4169922e+01
   1.5922400e+05   2.3742676e+01
   1.5929400e+05   3.8269043e+01
   1.5939700e+05   2.7160645e+01
   1.5942900e+05   3.2226562e+01
   1.5944800e+05   2.4597168e+01
   1.5946900e+05   2.5817871e+01
   1.5948300e+05   2.5085449e+01
   1.5952700e+05   6.2072754e+01
   1.5955500e+05   2.8747559e+01
   1.5958600e+05   3.9428711e+01
   1.5961000e+05   2.3864746e+01
   1.5962000e+05   3.7170410e+01
   1.5963700e+05   2.7282715e+01
   1.5966500e+05   2.7160645e+01
   1.5967800e+05   3.2958984e+01
   1.5970700e+05   2.7709961e+01
   1.5973300e+05   6.0913086e+01
   1.5978700e+05   2.4902344e+01
   1.5981400e+05   3.8085938e+01
   1.5983300e+05   2.4902344e+01
   1.5985900e+05   3.5461426e+01
   1.5987600e+05   4.5410156e+01
   1.5993000e+05   3.0212402e+01
   1.5998500e+05   2.3803711e+01
   1.6005800e+05   2.6123047e+01
   1.6008600e+05   2.6184082e+01
   1.6012600e+05   2.4169922e+01
   1.6018300e+05   3.0456543e+01
   1.6027400e+05   2.6367188e+01
   1.6028500e+05   2.7770996e+01
   1.6032000e+05   2.9235840e+01
   1.6049800e+05   2.9724121e+01
   1.6054800e+05   2.4047852e+01
   1.6072900e+05   2.3681641e+01
   1.6087000e+05   2.6733398e+01
   1.6088100e+05   2.4658203e+01
   1.6115000e+05   2.3986816e+01
   1.6121400e+05   2.4108887e+01
   1.6158900e+05   3.3081055e+01
   1.6165300e+05   2.5268555e+01
   1.8676300e+05   2.5939941e+01
   1.8684600e+05   2.4902344e+01
   1.8692900e+05   2.6428223e+01
   1.8694300e+05   3.6560059e+01
   1.8700200e+05   2.6855469e+01
   1.8706400e+05   2.6489258e+01
   1.8707500e+05   2.5512695e+01
   1.8709900e+05   2.5939941e+01
   1.8712000e+05   2.4780273e+01
   1.8714600e+05   5.4687500e+01
   1.8715900e+05   3.2592773e+01
   1.8718800e+05   3.6376953e+01
   1.8720000e+05   4.3029785e+01
   1.8723500e+05   3.1799316e+01
   1.8724900e+05   5.9875488e+01
   1.8728000e+05   3.6010742e+01
   1.8729200e+05   2.7954102e+01
   1.8732200e+05   5.4321289e+01
   1.8733900e+05   4.5532227e+01
   1.8737400e+05   2.5329590e+01
   1.8738400e+05   4.9255371e+01
   1.8740800e+05   2.3925781e+01
   1.8744300e+05   3.6254883e+01
   1.8747900e+05   2.8015137e+01
   1.8749800e+05   2.9052734e+01
   1.8753800e+05   2.3925781e+01
   1.8757000e+05   3.1066895e+01
   1.8758700e+05   2.3681641e+01
   1.8760700e+05   3.0456543e+01
   1.8763500e+05   3.0212402e+01
   1.8769700e+05   2.6367188e+01
   1.8770800e+05   2.7770996e+01
   1.8777900e+05   2.3742676e+01
   1.8780100e+05   2.4353027e+01
   1.8811100e+05   2.5695801e+01
   1.8819300e+05   2.5085449e+01
   1.8842100e+05   3.3508301e+01
   1.8847500e+05   2.5451660e+01
   1.8879300e+05   2.4780273e+01
   1.8894900e+05   2.6550293e+01
   1.8906500e+05   2.5390625e+01
   1.8923000e+05   2.4597168e+01
   1.8928900e+05   2.6489258e+01
   1.9337200e+05   2.5573730e+01
   1.9624400e+05   2.4230957e+01
   6.1696100e+05   2.6916504e+01
   6.1705100e+05   2.9052734e+01
   6.1709100e+05   2.3742676e+01
   6.1714700e+05   3.7292480e+01
   6.1718800e+05   2.9602051e+01
   6.1722100e+05   3.1494141e+01
   6.1724200e+05   3.8574219e+01
   6.1726000e+05   3.7902832e+01
   6.1729000e+05   3.5522461e+01
   6.1731900e+05   5.0231934e+01
   6.1733400e+05   5.5908203e+01
   6.1736800e+05   3.5644531e+01
   6.1737900e+05   3.2165527e+01
   6.1739800e+05   3.6682129e+01
   6.1742800e+05   2.4230957e+01
   6.1744600e+05   6.5063477e+01
   6.1747600e+05   3.5705566e+01
   6.1749900e+05   4.3212891e+01
   6.1752100e+05   3.5766602e+01
   6.1754700e+05   5.2062988e+01
   6.1757400e+05   2.4108887e+01
   6.1759100e+05   4.0100098e+01
   6.1761500e+05   2.8137207e+01
   6.1764300e+05   3.9184570e+01
   6.1767800e+05   4.3090820e+01
   6.1772300e+05   3.4729004e+01
   6.1776200e+05   2.4902344e+01
   6.1778100e+05   2.9174805e+01
   6.1780000e+05   2.4841309e+01
   6.1783900e+05   2.6855469e+01
   6.1805300e+05   3.0334473e+01
   6.1809400e+05   2.5878906e+01
   6.1821800e+05   2.6855469e+01
   6.1824000e+05   2.3742676e+01
   6.1825700e+05   2.4475098e+01
   6.1832600e+05   2.4719238e+01
   6.1839900e+05   3.1250000e+01
   6.1845000e+05   2.4902344e+01
   6.1854200e+05   2.6489258e+01
   6.1861600e+05   2.5573730e+01
   6.1864000e+05   2.6428223e+01
   6.1874800e+05   2.3864746e+01
   6.1877100e+05   2.6123047e+01
   6.1880700e+05   2.5451660e+01
   6.1891000e+05   2.9846191e+01
   6.1894400e+05   2.6062012e+01
   6.1898900e+05   2.5878906e+01
   6.1903900e+05   3.3752441e+01
   6.1908500e+05   2.8137207e+01
   6.1913100e+05   3.1860352e+01
   6.1919100e+05   2.5817871e+01
   6.1927100e+05   2.5024414e+01
   6.1931700e+05   2.6428223e+01
   6.1933100e+05   3.1188965e+01
   6.1935900e+05   2.5634766e+01
   6.1944100e+05   2.8564453e+01
   6.1952300e+05   2.4475098e+01
   6.1960300e+05   3.9062500e+01
   6.1972700e+05   3.1494141e+01
   6.1978500e+05   2.4597168e+01
   6.1986900e+05   2.8259277e+01
   6.1995700e+05   2.4719238e+01
   6.1999300e+05   2.8320312e+01
   6.2016800e+05   3.4057617e+01
   6.2024600e+05   2.5939941e+01
   6.2265400e+05   2.6000977e+01
   7.9640200e+05   3.6376953e+01
   7.9641700e+05   3.2287598e+01
   7.9648600e+05   2.5451660e+01
   7.9650100e+05   2.8686523e+01
   7.9654100e+05   4.6386719e+01
   7.9656700e+05   3.7597656e+01
   7.9657700e+05   2.9113770e+01
   7.9659000e+05   2.7343750e+01
   7.9662700e+05   2.4902344e+01
   7.9665600e+05   4.2663574e+01
   7.9667100e+05   6.2194824e+01
   7.9670400e+05   2.8320313e+01
   7.9671400e+05   6.2500000e+01
   7.9675200e+05   3.5034180e+01
   7.9676300e+05   4.0161133e+01
   7.9679600e+05   3.7414551e+01
   7.9681800e+05   3.6804199e+01
   7.9683900e+05   2.8808594e+01
   7.9685900e+05   2.7221680e+01
   7.9688200e+05   4.4616699e+01
   7.9690200e+05   2.3681641e+01
   7.9691800e+05   3.8513184e+01
   7.9694400e+05   3.6865234e+01
   7.9696500e+05   3.4362793e+01
   7.9699100e+05   3.9245605e+01
   7.9701500e+05   2.6489258e+01
   7.9706800e+05   3.6132812e+01
   7.9709100e+05   2.6428223e+01
   7.9713500e+05   2.6550293e+01
   7.9715000e+05   3.0151367e+01
   7.9719200e+05   2.4902344e+01
   7.9722300e+05   2.8808594e+01
   7.9724100e+05   2.9724121e+01
   7.9727700e+05   2.9174805e+01
   7.9730300e+05   2.3925781e+01
   7.9736500e+05   2.6733398e+01
   7.9737600e+05   3.8574219e+01
   7.9745200e+05   2.3925781e+01
   7.9750600e+05   3.1433105e+01
   7.9773000e+05   2.5573730e+01
   7.9776800e+05   3.0822754e+01
   7.9790400e+05   2.4414062e+01
   7.9799900e+05   2.3864746e+01
   7.9801200e+05   2.3864746e+01
   7.9832300e+05   3.3508301e+01
   7.9841300e+05   3.4851074e+01
   7.9842900e+05   2.6367188e+01
   7.9850300e+05   3.1738281e+01
   7.9851300e+05   2.8686523e+01
   7.9854900e+05   2.6245117e+01
   7.9861000e+05   3.9916992e+01
   7.9864000e+05   2.5024414e+01
   7.9871400e+05   2.6977539e+01
   7.9877800e+05   2.4047852e+01
   7.9881700e+05   2.4536133e+01
   7.9916400e+05   3.0944824e+01
   7.9945800e+05   2.5390625e+01
   8.0591300e+05   2.4475098e+01
   8.0888200e+05   2.6306152e+01
   8.1101600e+05   3.1799316e+01
   8.1110100e+05   2.6916504e+01
   8.1112400e+05   2.7709961e+01
   8.1113600e+05   2.7221680e+01
   8.1115700e+05   2.7587891e+01
   8.1118000e+05   3.0029297e+01
   8.1120300e+05   3.0700684e+01
   8.1122400e+05   4.1503906e+01
   8.1124900e+05   2.9846191e+01
   8.1127300e+05   3.0456543e+01
   8.1129300e+05   3.3935547e+01
   8.1131900e+05   2.4230957e+01
   8.1134100e+05   6.3415527e+01
   8.1136300e+05   7.1594238e+01
   8.1139100e+05   3.6743164e+01
   8.1141800e+05   4.9194336e+01
   8.1144400e+05   5.0659180e+01
   8.1146000e+05   2.6794434e+01
   8.1148300e+05   3.3569336e+01
   8.1150600e+05   2.5329590e+01
   8.1151700e+05   3.3691406e+01
   8.1154400e+05   3.5949707e+01
   8.1156100e+05   4.6020508e+01
   8.1157600e+05   2.5573730e+01
   8.1161500e+05   3.3142090e+01
   8.1165900e+05   2.5756836e+01
   8.1171600e+05   2.6550293e+01
   8.1174900e+05   2.7893066e+01
   8.1177200e+05   2.5695801e+01
   8.1183400e+05   2.3742676e+01
   8.1186900e+05   2.6245117e+01
   8.1189700e+05   2.4047852e+01
   8.1193500e+05   2.5634766e+01
   8.1199100e+05   2.7404785e+01
   8.1202100e+05   2.8381348e+01
   8.1203500e+05   2.9235840e+01
   8.1206500e+05   2.3925781e+01
   8.1210800e+05   2.4841309e+01
   8.1216500e+05   2.3986816e+01
   8.1225800e+05   2.3925781e+01
   8.1232200e+05   2.5024414e+01
   8.1238200e+05   2.7832031e+01
   8.1253000e+05   2.8259277e+01
   8.1261300e+05   3.0944824e+01
   8.1268000e+05   2.5573730e+01
   8.1277000e+05   2.6550293e+01
   8.1279500e+05   2.4536133e+01
   8.1281900e+05   3.0517578e+01
   8.1289300e+05   2.5207520e+01
   8.1298800e+05   2.5756836e+01
   8.1301500e+05   2.4108887e+01
   8.1321300e+05   2.9602051e+01
   8.1331900e+05   2.8747559e+01
   8.1337200e+05   2.6489258e+01
   8.1347100e+05   2.5451660e+01
   8.1351500e+05   2.8198242e+01
   8.1363500e+05   2.3681641e+01
   8.1373800e+05   2.4841309e+01
   8.1397600e+05   2.5451660e+01
   8.1556800e+05   3.0029297e+01
   8.2069500e+05   2.6306152e+01
   8.2071800e+05   3.1311035e+01
   8.2085200e+05   3.3996582e+01
   8.2087400e+05   2.7099609e+01
   8.2092300e+05   2.5268555e+01
   8.2100300e+05   3.2348633e+01
   8.2110000e+05   2.3742676e+01
   8.2112500e+05   4.9255371e+01
   8.2114400e+05   2.4597168e+01
   8.2121800e+05   2.5329590e+01
   8.2123500e+05   2.5329590e+01
   8.2126400e+05   2.5512695e+01
   8.2130600e+05   2.5085449e+01
   8.2134700e+05   3.0151367e+01
   8.2137500e+05   2.8930664e+01
   8.2139600e+05   3.4057617e+01
   8.2144300e+05   2.7770996e+01
   8.2147000e+05   2.6977539e+01
   8.2149900e+05   2.6000977e+01
   8.2151400e+05   4.1198730e+01
   8.2155100e+05   2.6428223e+01
   8.2157300e+05   3.3508301e+01
   8.2159300e+05   2.5756836e+01
   8.2161700e+05   4.3701172e+01
   8.2165000e+05   2.8076172e+01
   8.2168800e+05   2.7587891e+01
   8.2171800e+05   3.1860352e+01
   8.2174000e+05   4.4860840e+01
   8.2176500e+05   3.4118652e+01
   8.2179200e+05   5.0415039e+01
   8.2182100e+05   4.5959473e+01
   8.2185500e+05   2.6977539e+01
   8.2188500e+05   2.6977539e+01
   8.2190400e+05   2.5024414e+01
   8.2192400e+05   2.4047852e+01
   8.2195400e+05   3.2043457e+01
   8.2198800e+05   3.4606934e+01
   8.2202000e+05   2.3803711e+01
   8.2204700e+05   3.2226562e+01
   8.2208300e+05   2.7832031e+01
   8.2212900e+05   2.6123047e+01
   8.2216700e+05   4.5654297e+01
   8.2226300e+05   2.8442383e+01
   8.2229400e+05   2.9724121e+01
   8.2237600e+05   3.4790039e+01
   8.2245100e+05   3.4973145e+01
   8.2247600e+05   2.3742676e+01
   8.2262500e+05   2.4108887e+01
   8.2267000e+05   2.6916504e+01
   8.2276400e+05   3.0212402e+01
   8.2308000e+05   2.6672363e+01
   8.2341900e+05   2.5268555e+01
   8.2780800e+05   2.5146484e+01
   8.2904200e+05   3.8024902e+01
   8.2908700e+05   2.5085449e+01
   8.2925700e+05   2.5207520e+01
   8.3063400e+05   2.3925781e+01
   8.3111400e+05   3.0761719e+01
   8.3126000e+05   2.6245117e+01
   8.3131400e+05   2.3925781e+01
   8.3136800e+05   3.0944824e+01
   8.3138300e+05   3.2836914e+01
   8.3150700e+05   2.8930664e+01
   8.3154300e+05   2.8442383e+01
   8.3163000e+05   2.4291992e+01
   8.3165200e+05   2.7404785e+01
   8.3177800e+05   2.4108887e+01
   8.3200000e+05   2.6245117e+01
   8.3209700e+05   2.3925781e+01
   8.3215000e+05   2.8259277e+01
   8.3223000e+05   2.4902344e+01
   8.3328800e+05   2.3986816e+01
   8.3344200e+05   2.4475098e+01
   8.3610400e+05   3.4423828e+01
   8.3624800e+05   2.9724121e+01
   8.3627500e+05   2.5085449e+01
   8.3637700e+05   3.0822754e+01
   8.3642700e+05   3.4484863e+01
   8.3648500e+05   4.0283203e+01
   8.3649700e+05   3.3508301e+01
   8.3652700e+05   3.2897949e+01
   8.3653800e+05   2.4353027e+01
   8.3659100e+05   4.5043945e+01
   8.3663800e+05   2.3681641e+01
   8.3665500e+05   3.8085938e+01
   8.3666800e+05   4.6081543e+01
   8.3668700e+05   2.6977539e+01
   8.3672300e+05   3.8818359e+01
   8.3673900e+05   5.1940918e+01
   8.3677500e+05   4.8889160e+01
   8.3678600e+05   2.6367188e+01
   8.3681100e+05   3.3142090e+01
   8.3683600e+05   2.6428223e+01
   8.3685700e+05   4.5288086e+01
   8.3686800e+05   2.6916504e+01
   8.3690100e+05   2.3925781e+01
   8.3693700e+05   4.3945312e+01
   8.3698500e+05   3.7658691e+01
   8.3700800e+05   2.7465820e+01
   8.3708000e+05   4.0771484e+01
   8.3710200e+05   2.6611328e+01
   8.3715400e+05   4.5227051e+01
   8.3722400e+05   4.1320801e+01
   8.3726200e+05   2.4414062e+01
   8.3732000e+05   2.6672363e+01
   8.3740600e+05   3.1311035e+01
   8.3742100e+05   3.6499023e+01
   8.3743600e+05   2.5085449e+01
   8.3747600e+05   3.7414551e+01
   8.3752900e+05   2.3742676e+01
   8.3777100e+05   2.4841309e+01
   8.3782500e+05   2.4780273e+01
   8.3786300e+05   2.6489258e+01
   8.3790000e+05   2.9357910e+01
   8.3793000e+05   2.3864746e+01
   8.3798900e+05   2.4108887e+01
   8.3802400e+05   2.6489258e+01
   8.3807000e+05   2.4230957e+01
   8.3813900e+05   2.4108887e+01
   8.4355600e+05   2.3803711e+01
   8.4476600e+05   4.0527344e+01
   8.4497500e+05   2.5939941e+01
   8.4612500e+05   3.3203125e+01
   8.4817700e+05   3.1188965e+01
   8.4828200e+05   2.5207520e+01
   8.4840000e+05   3.6010742e+01
   8.4858600e+05   3.5095215e+01
   8.4873800e+05   3.7841797e+01
   8.4877900e+05   2.8198242e+01
   8.4886400e+05   2.6428223e+01
   8.4888000e+05   2.8686523e+01
   8.4891400e+05   2.7160645e+01
   8.4893900e+05   4.9926758e+01
   8.4895200e+05   2.9113770e+01
   8.4900400e+05   2.9785156e+01
   8.4904500e+05   2.6489258e+01
   8.4906100e+05   3.1311035e+01
   8.4909800e+05   2.5390625e+01
   8.4913600e+05   2.7160645e+01
   8.4916800e+05   3.4729004e+01
   8.4920000e+05   2.5939941e+01
   8.4921300e+05   4.2907715e+01
   8.4923800e+05   2.6977539e+01
   8.4927400e+05   3.0761719e+01
   8.4929300e+05   2.4780273e+01
   8.4930500e+05   4.7790527e+01
   8.4932600e+05   2.8869629e+01
   8.4939800e+05   4.7241211e+01
   8.4942600e+05   2.3864746e+01
   8.4945800e+05   2.4902344e+01
   8.4947600e+05   2.3925781e+01
   8.4950600e+05   4.7058105e+01
   8.4952000e+05   2.7526855e+01
   8.4956200e+05   2.6977539e+01
   8.4958800e+05   4.0832520e+01
   8.4960600e+05   4.0039062e+01
   8.4967300e+05   4.4311523e+01
   8.4972700e+05   3.7292480e+01
   8.4975500e+05   2.6184082e+01
   8.4977900e+05   4.4494629e+01
   8.4984200e+05   2.5146484e+01
   8.4987200e+05   3.7780762e+01
   8.4992000e+05   2.8259277e+01
   8.4994000e+05   2.5390625e+01
   8.4996800e+05   2.4230957e+01
   8.4998300e+05   2.8442383e+01
   8.5009000e+05   2.7038574e+01
   8.5010200e+05   3.1005859e+01
   8.5020000e+05   2.7770996e+01
   8.5047500e+05   2.6794434e+01
   8.5048700e+05   3.1005859e+01
   8.5079900e+05   2.7099609e+01
   8.5104900e+05   3.0334473e+01
   8.5765700e+05   2.6611328e+01
   8.5842000e+05   2.7648926e+01
   8.6005900e+05   2.5329590e+01
   8.6030800e+05   2.4597168e+01
   8.6035000e+05   3.5888672e+01
   8.6051800e+05   2.6062012e+01
   8.6052900e+05   2.9907227e+01
   8.6061100e+05   2.6550293e+01
   8.6069800e+05   3.4912109e+01
   8.6076600e+05   2.8686523e+01
   8.6088000e+05   2.6916504e+01
   8.6106100e+05   2.4658203e+01
   8.6109200e+05   2.5695801e+01
   8.6112400e+05   2.3803711e+01
   8.6114300e+05   5.1330566e+01
   8.6115300e+05   3.9062500e+01
   8.6117500e+05   2.9235840e+01
   8.6120200e+05   2.8381348e+01
   8.6127700e+05   4.6630859e+01
   8.6129900e+05   2.7587891e+01
   8.6133500e+05   2.5390625e+01
   8.6134500e+05   3.5461426e+01
   8.6137000e+05   2.3803711e+01
   8.6140300e+05   3.9855957e+01
   8.6143600e+05   2.3681641e+01
   8.6147300e+05   3.1860352e+01
   8.6151100e+05   2.5695801e+01
   8.6153700e+05   5.0415039e+01
   8.6158000e+05   2.5451660e+01
   8.6162500e+05   2.4353027e+01
   8.6164200e+05   3.3569336e+01
   8.6169800e+05   3.8269043e+01
   8.6172700e+05   3.4790039e+01
   8.6183500e+05   3.7963867e+01
   8.6185200e+05   2.8137207e+01
   8.6188700e+05   2.4841309e+01
   8.6199200e+05   2.3803711e+01
   8.6212200e+05   2.4047852e+01
   8.6229800e+05   2.8320312e+01
   8.6254000e+05   2.3986816e+01
   8.6684300e+05   2.5939941e+01
   8.6854400e+05   2.5085449e+01
   8.6996500e+05   2.5146484e+01
   8.7137500e+05   2.9846191e+01
   8.7221700e+05   2.9663086e+01
   8.7235800e+05   2.5085449e+01
   8.7241000e+05   2.5024414e+01
   8.7242900e+05   3.1311035e+01
   8.7244500e+05   2.5024414e+01
   8.7253800e+05   2.5451660e+01
   8.7254900e+05   2.6794434e+01
   8.7258500e+05   2.8686523e+01
   8.7266900e+05   4.0649414e+01
   8.7267900e+05   2.7099609e+01
   8.7270600e+05   2.4536133e+01
   8.7272600e+05   2.5573730e+01
   8.7275800e+05   2.6123047e+01
   8.7279400e+05   2.5695801e+01
   8.7286100e+05   2.7832031e+01
   8.7287100e+05   2.4780273e+01
   8.7292200e+05   3.5217285e+01
   8.7294600e+05   2.4780273e+01
   8.7296500e+05   5.3039551e+01
   8.7306000e+05   2.5695801e+01
   8.7309600e+05   5.4687500e+01
   8.7310700e+05   2.9052734e+01
   8.7317100e+05   2.8442383e+01
   8.7319600e+05   4.7668457e+01
   8.7330400e+05   2.6306152e+01
   8.7332900e+05   2.4353027e+01
   8.7339300e+05   2.5512695e+01
   8.7342200e+05   3.2409668e+01
   8.7351700e+05   2.4902344e+01
   8.7353400e+05   2.9724121e+01
   8.7365000e+05   2.3742676e+01
   8.7367100e+05   2.5207520e+01
   8.7369500e+05   4.1931152e+01
   8.7377600e+05   2.3681641e+01
   8.7385600e+05   2.4963379e+01
   8.7406700e+05   2.4719238e+01
   8.7437800e+05   2.4047852e+01
   8.7482000e+05   2.4169922e+01
   8.8007000e+05   2.4169922e+01
   8.8242000e+05   2.7221680e+01
   8.8466400e+05   2.7099609e+01
   8.8483700e+05   2.6489258e+01
   8.8490400e+05   2.4108887e+01
   8.8495500e+05   2.3803711e+01
   8.8499400e+05   2.9846191e+01
   8.8504100e+05   2.5329590e+01
   8.8510900e+05   3.0090332e+01
   8.8513400e+05   2.9602051e+01
   8.8516400e+05   2.4597168e+01
   8.8520000e+05   2.6184082e+01
   8.8524900e+05   2.7404785e+01
   8.8526300e+05   3.6499023e+01
   8.8527800e+05   4.7973633e+01
   8.8530300e+05   3.4057617e+01
   8.8533100e+05   5.8288574e+01
   8.8537900e+05   3.1799316e+01
   8.8540100e+05   2.8381348e+01
   8.8542400e+05   3.3081055e+01
   8.8546400e+05   5.9997559e+01
   8.8549400e+05   2.5573730e+01
   8.8550500e+05   2.9479980e+01
   8.8553900e+05   4.3457031e+01
   8.8555200e+05   2.3681641e+01
   8.8558500e+05   4.4921875e+01
   8.8561500e+05   3.0212402e+01
   8.8568400e+05   4.3640137e+01
   8.8571800e+05   3.7841797e+01
   8.8576000e+05   3.4484863e+01
   8.8585400e+05   4.0344238e+01
   8.8588800e+05   2.4353027e+01
   8.8591500e+05   2.4841309e+01
   8.8594000e+05   3.8452148e+01
   8.8600800e+05   2.5207520e+01
   8.8604800e+05   2.7221680e+01
   8.8606700e+05   2.4291992e+01
   8.8616800e+05   3.0761719e+01
   8.8619700e+05   2.6062012e+01
   8.8629500e+05   3.6315918e+01
   8.8633900e+05   3.0761719e+01
   8.8643600e+05   3.0578613e+01
   8.8652700e+05   2.3864746e+01
   8.8655700e+05   2.3742676e+01
   8.9670500e+05   2.3803711e+01
   8.9673900e+05   2.5085449e+01
   8.9695000e+05   2.8564453e+01
   8.9708200e+05   2.7465820e+01
   8.9711400e+05   2.5451660e+01
   8.9716900e+05   2.5756836e+01
   8.9720200e+05   4.1870117e+01
   8.9724400e+05   2.5085449e+01
   8.9727300e+05   4.3212891e+01
   8.9733800e+05   3.0883789e+01
   8.9735200e+05   3.0822754e+01
   8.9737500e+05   4.9072266e+01
   8.9741300e+05   2.6855469e+01
   8.9743500e+05   4.1320801e+01
   8.9745900e+05   3.5339355e+01
   8.9748100e+05   2.5085449e+01
   8.9753400e+05   3.0151367e+01
   8.9756800e+05   3.5644531e+01
   8.9758000e+05   2.7221680e+01
   8.9765600e+05   2.8503418e+01
   8.9769100e+05   3.4301758e+01
   8.9770900e+05   2.6000977e+01
   8.9778100e+05   3.0395508e+01
   8.9779600e+05   3.0151367e+01
   8.9783700e+05   2.7099609e+01
   8.9789000e+05   4.2785645e+01
   8.9791800e+05   3.9184570e+01
   8.9795200e+05   2.5146484e+01
   8.9797400e+05   5.0476074e+01
   8.9805800e+05   2.9113770e+01
   8.9850600e+05   2.3864746e+01
   8.9869100e+05   2.4291992e+01
   9.0895500e+05   2.5878906e+01
   9.0903500e+05   2.4536133e+01
   9.0910500e+05   2.5146484e+01
   9.0915600e+05   3.1494141e+01
   9.0918700e+05   2.6977539e+01
   9.0930000e+05   2.4780273e+01
   9.0932200e+05   3.8146973e+01
   9.0936200e+05   2.4047852e+01
   9.0937400e+05   3.1982422e+01
   9.0945500e+05   3.4545898e+01
   9.0947900e+05   3.2775879e+01
   9.0950100e+05   2.6184082e+01
   9.0951800e+05   2.5756836e+01
   9.0953500e+05   5.3955078e+01
   9.0955000e+05   2.5024414e+01
   9.0957600e+05   3.2165527e+01
   9.0959300e+05   3.6193848e+01
   9.0963000e+05   2.5024414e+01
   9.0965800e+05   4.6081543e+01
   9.0968100e+05   3.4484863e+01
   9.0969200e+05   3.6804199e+01
   9.0976300e+05   2.5207520e+01
   9.0983500e+05   4.0283203e+01
   9.0988100e+05   3.6315918e+01
   9.0990000e+05   2.4902344e+01
   9.0998500e+05   2.4169922e+01
   9.0999900e+05   2.3681641e+01
   9.1001700e+05   3.7780762e+01
   9.1004400e+05   2.5329590e+01
   9.1008400e+05   2.3986816e+01
   9.1010900e+05   3.7902832e+01
   9.1012700e+05   3.9978027e+01
   9.1025900e+05   2.8198242e+01
   9.1028300e+05   2.7832031e+01
   9.1031300e+05   4.4250488e+01
   9.1046000e+05   3.9489746e+01
   9.2054000e+05   3.5339355e+01
   9.2069100e+05   2.4291992e+01
   9.2071100e+05   2.4414062e+01
   9.2075200e+05   3.0578613e+01
   9.2083600e+05   2.7221680e+01
   9.2086600e+05   3.8330078e+01
   9.2095900e+05   2.8625488e+01
   9.2101800e+05   2.6123047e+01
   9.2107200e+05   2.4108887e+01
   9.2112200e+05   2.5939941e+01
   9.2114000e+05   2.8320312e+01
   9.2116900e+05   3.1982422e+01
   9.2123500e+05   5.3649902e+01
   9.2126900e+05   2.4841309e+01
   9.2128900e+05   2.4536133e+01
   9.2132300e+05   2.6550293e+01
   9.2142500e+05   3.0761719e+01
   9.2146000e+05   4.6875000e+01
   9.2154200e+05   2.4353027e+01
   9.2156800e+05   2.6245117e+01
   9.2160700e+05   3.7780762e+01
   9.2166300e+05   2.7832031e+01
   9.2168500e+05   3.3752441e+01
   9.2175400e+05   4.7546387e+01
   9.2184600e+05   3.4301758e+01
   9.2198300e+05   2.4597168e+01
   9.3098400e+05   2.6916504e+01
   9.3103800e+05   2.7648926e+01
   9.3105900e+05   2.7160645e+01
   9.3108600e+05   2.5756836e+01
   9.3111900e+05   2.4047852e+01
   9.3123500e+05   2.5451660e+01
   9.3125500e+05   4.0344238e+01
   9.3128100e+05   2.5329590e+01
   9.3137600e+05   2.6062012e+01
   9.3141300e+05   3.4423828e+01
   9.3142500e+05   3.1860352e+01
   9.3146700e+05   2.6062012e+01
   9.3154200e+05   2.7465820e+01
   9.3155200e+05   2.7221680e+01
   9.3159000e+05   2.8320312e+01
   9.3162300e+05   2.4536133e+01
   9.3169700e+05   2.4841309e+01
   9.3179500e+05   2.8869629e+01
   9.3197100e+05   2.5390625e+01
   9.3287600e+05   2.5268555e+01
   9.3577000e+05   2.4291992e+01
   9.3943700e+05   2.9785156e+01
   9.3950800e+05   3.0822754e+01
   9.3959100e+05   3.4667969e+01
   9.3972000e+05   3.0151367e+01
   9.3973300e+05   3.1005859e+01
   9.3985500e+05   2.4291992e+01
   9.3988300e+05   3.6254883e+01
   9.3991100e+05   2.6672363e+01
   9.3994900e+05   2.6123047e+01
   9.3996600e+05   2.6611328e+01
   9.3999300e+05   2.4658203e+01
   9.4003400e+05   2.4719238e+01
   9.4009300e+05   2.3803711e+01
   9.4011200e+05   2.4230957e+01
   9.4019000e+05   2.7770996e+01
   9.4025900e+05   2.5024414e+01
   9.4026900e+05   2.4597168e+01
   9.4030600e+05   2.4169922e+01
   9.4040100e+05   4.5837402e+01
   9.4042300e+05   2.3681641e+01
   9.4058400e+05   2.7099609e+01
   9.4059400e+05   2.4230957e+01
   9.4065600e+05   2.3986816e+01
   9.4845800e+05   3.0395508e+01
   9.4847300e+05   2.4230957e+01
   9.4854900e+05   2.5146484e+01
   9.4856200e+05   3.0822754e+01
   9.4860700e+05   2.5085449e+01
   9.4864000e+05   2.4414062e+01
   9.4865000e+05   2.3742676e+01
   9.4869500e+05   2.6916504e+01
   9.4873000e+05   2.3864746e+01
   9.4875100e+05   2.4902344e+01
   9.4877100e+05   3.0944824e+01
   9.4881500e+05   3.0883789e+01
   9.4884200e+05   2.4414062e+01
   9.4887300e+05   2.8503418e+01
   9.4892000e+05   3.1127930e+01
   9.4894300e+05   2.5024414e+01
   9.4898000e+05   2.8076172e+01
   9.4904400e+05   2.9907227e+01
   9.4907200e+05   2.9052734e+01
   9.4911400e+05   2.9235840e+01
   9.4916200e+05   6.6101074e+01
   9.4921800e+05   3.8452148e+01
   9.4929200e+05   3.3630371e+01
   9.4933800e+05   2.5451660e+01
   9.4935000e+05   4.3029785e+01
   9.4940600e+05   2.4597168e+01
   9.4944100e+05   3.8452148e+01
   9.4945700e+05   5.5297852e+01
   9.4957900e+05   3.3447266e+01
   9.4965600e+05   2.6672363e+01
   9.4971900e+05   2.5329590e+01
   9.4975400e+05   2.6245117e+01
   9.4989000e+05   2.9357910e+01
   9.5040800e+05   2.6977539e+01
   9.5060900e+05   2.6977539e+01
   9.5831900e+05   2.8686523e+01
   9.5842900e+05   2.4841309e+01
   9.5844100e+05   2.5024414e+01
   9.5848100e+05   3.1372070e+01
   9.5852400e+05   2.5146484e+01
   9.5855200e+05   3.5522461e+01
   9.5858900e+05   2.4230957e+01
   9.5870200e+05   2.3681641e+01
   9.5873900e+05   3.2775879e+01
   9.5888300e+05   2.7526855e+01
   9.5891700e+05   2.6123047e+01
   9.5903000e+05   2.6000977e+01
   9.5950500e+05   2.5329590e+01
   9.5992100e+05   2.6367188e+01
   9.6726200e+05   3.0517578e+01
   9.6729600e+05   3.9489746e+01
   9.6732000e+05   3.0151367e+01
   9.6737200e+05   3.2775879e+01
   9.6741800e+05   2.9541016e+01
   9.6745200e+05   3.0700684e+01
   9.6747800e+05   3.0395508e+01
   9.6749700e+05   2.4963379e+01
   9.6755200e+05   4.0283203e+01
   9.6757700e+05   3.1433105e+01
   9.6759600e+05   2.4597168e+01
   9.6761200e+05   2.5024414e+01
   9.6763600e+05   4.1748047e+01
   9.6770300e+05   3.5522461e+01
   9.6772200e+05   2.8747559e+01
   9.6774400e+05   2.5268555e+01
   9.6780200e+05   2.6245117e+01
   9.6783700e+05   3.9123535e+01
   9.6784700e+05   2.6794434e+01
   9.6787800e+05   5.7861328e+01
   9.6793800e+05   3.5644531e+01
   9.6797900e+05   4.5898438e+01
   9.6799600e+05   2.6611328e+01
   9.6804300e+05   2.3864746e+01
   9.6806100e+05   2.4230957e+01
   9.6808800e+05   4.9682617e+01
   9.6820400e+05   4.0771484e+01
   9.6821600e+05   3.1738281e+01
   9.6824800e+05   2.4230957e+01
   9.6829600e+05   3.1005859e+01
   9.6840200e+05   3.8696289e+01
   9.6852900e+05   4.0222168e+01
   9.6865200e+05   5.6091309e+01
   9.6868900e+05   2.4963379e+01
   9.7919000e+05   2.7160645e+01
   9.7920800e+05   5.0537109e+01
   9.7926500e+05   2.5085449e+01
   9.7928200e+05   2.5390625e+01
   9.7932200e+05   3.2775879e+01
   9.7933700e+05   2.6672363e+01
   9.7935900e+05   2.7160645e+01
   9.7942800e+05   2.6367188e+01
   9.7946900e+05   2.3925781e+01
   9.7949200e+05   2.8137207e+01
   9.7951200e+05   2.4963379e+01
   9.7955400e+05   2.3681641e+01
   9.7959300e+05   2.4841309e+01
   9.7962500e+05   2.6428223e+01
   9.7963500e+05   2.5817871e+01
   9.7969000e+05   2.6733398e+01
   9.7975600e+05   2.9968262e+01
   9.7979400e+05   2.5146484e+01
   9.7981400e+05   2.4414062e+01
   9.7983800e+05   2.7038574e+01
   9.8007200e+05   2.6672363e+01
   9.8886000e+05   2.5329590e+01
   9.8893200e+05   2.4658203e+01
   9.8897500e+05   3.8574219e+01
   9.8899500e+05   3.3508301e+01
   9.8903200e+05   2.3925781e+01
   9.8908100e+05   2.5451660e+01
   9.8910600e+05   2.5024414e+01
   9.8915500e+05   3.0639648e+01
   9.8918500e+05   3.2958984e+01
   9.8921900e+05   2.4597168e+01
   9.8929300e+05   2.6794434e+01
   9.8931500e+05   2.6000977e+01
   9.8934000e+05   2.8686523e+01
   9.8937500e+05   2.5939941e+01
   9.8939900e+05   4.0710449e+01
   9.8944700e+05   2.8991699e+01
   9.8949600e+05   2.6184082e+01
   9.8952900e+05   2.9296875e+01
   9.8966500e+05   3.5095215e+01
   9.8977300e+05   2.6306152e+01
   9.8980200e+05   2.8503418e+01
   9.8981800e+05   3.7902832e+01
   9.8988300e+05   4.8706055e+01
   9.8995800e+05   2.4169922e+01
   9.9016400e+05   2.5756836e+01
   9.9064300e+05   2.5024414e+01
   9.9167600e+05   2.6916504e+01
   1.0009360e+06   2.4169922e+01
   1.0009550e+06   2.5146484e+01
   1.0009750e+06   2.9724121e+01
   1.0009960e+06   2.8198242e+01
   1.0010260e+06   2.6916504e+01
   1.0010420e+06   2.8381348e+01
   1.0010750e+06   2.4658203e+01
   1.0011190e+06   2.5451660e+01
   1.0011480e+06   4.2175293e+01
   1.0011710e+06   2.6672363e+01
   1.0011890e+06   3.1494141e+01
   1.0012220e+06   2.6611328e+01
   1.0012780e+06   3.4118652e+01
   1.0013400e+06   3.6743164e+01
   1.0014010e+06   4.6203613e+01
   1.0014170e+06   2.4047852e+01
   1.0015050e+06   3.8269043e+01
   1.0015340e+06   2.8747559e+01
   1.0016340e+06   2.3742676e+01
   1.0016570e+06   2.8320312e+01
   1.0016920e+06   3.7231445e+01
   1.0017560e+06   3.3203125e+01
   1.0017680e+06   3.0212402e+01
   1.0018090e+06   5.8593750e+01
   1.0018760e+06   2.5756836e+01
   1.0019170e+06   3.0700684e+01
   1.0019700e+06   2.8686523e+01
   1.0019950e+06   2.4047852e+01
   1.0020090e+06   2.7160645e+01
   1.0021780e+06   2.8503418e+01
   1.0022080e+06   3.9733887e+01
   1.0023010e+06   2.4475098e+01
   1.0023450e+06   3.1005859e+01
   1.0027480e+06   2.7587891e+01
   1.0185340e+06   2.6367188e+01
   1.0185660e+06   2.4291992e+01
   1.0186000e+06   3.2470703e+01
   1.0186160e+06   3.4057617e+01
   1.0186370e+06   3.1799316e+01
   1.0186500e+06   2.9113770e+01
   1.0186700e+06   2.7221680e+01
   1.0187130e+06   3.0273437e+01
   1.0187330e+06   2.8381348e+01
   1.0187860e+06   2.4169922e+01
   1.0188050e+06   2.8747559e+01
   1.0188280e+06   4.1076660e+01
   1.0188670e+06   2.8198242e+01
   1.0189020e+06   2.3803711e+01
   1.0189330e+06   2.7954102e+01
   1.0189620e+06   3.2592773e+01
   1.0189930e+06   2.5024414e+01
   1.0190140e+06   2.7404785e+01
   1.0190420e+06   4.0039062e+01
   1.0190570e+06   2.9541016e+01
   1.0190780e+06   5.7922363e+01
   1.0191220e+06   3.1494141e+01
   1.0191370e+06   2.5451660e+01
   1.0191670e+06   2.9602051e+01
   1.0191860e+06   5.6640625e+01
   1.0192130e+06   2.4230957e+01
   1.0192440e+06   2.9602051e+01
   1.0192600e+06   5.8105469e+01
   1.0193240e+06   2.7893066e+01
   1.0193420e+06   4.2724609e+01
   1.0193600e+06   2.5939941e+01
   1.0194020e+06   2.9052734e+01
   1.0194300e+06   3.9916992e+01
   1.0195060e+06   3.8757324e+01
   1.0195880e+06   3.4851074e+01
   1.0196110e+06   2.4169922e+01
   1.0196760e+06   2.7343750e+01
   1.0197750e+06   4.3151855e+01
   1.0199240e+06   2.6855469e+01
   1.0199450e+06   2.6550293e+01
   1.0200400e+06   2.6245117e+01
   1.0200550e+06   2.9907227e+01
   1.0201590e+06   3.0090332e+01
   1.0202510e+06   2.4230957e+01
   1.0202940e+06   3.5705566e+01
   1.0207640e+06   2.5024414e+01
   1.0429440e+06   2.4108887e+01
   1.0430960e+06   3.2470703e+01
   1.0431290e+06   3.1311035e+01
   1.0431470e+06   3.5705566e+01
   1.0432010e+06   2.5878906e+01
   1.0432300e+06   3.7231445e+01
   1.0432760e+06   2.3681641e+01
   1.0433220e+06   2.7526855e+01
   1.0433520e+06   2.4291992e+01
   1.0434050e+06   2.7221680e+01
   1.0434170e+06   4.3762207e+01
   1.0434590e+06   2.6000977e+01
   1.0434720e+06   2.8686523e+01
   1.0435010e+06   4.1137695e+01
   1.0435480e+06   2.7709961e+01
   1.0435780e+06   5.0476074e+01
   1.0435970e+06   2.4841309e+01
   1.0436170e+06   2.5268555e+01
   1.0436540e+06   2.7893066e+01
   1.0436720e+06   2.8991699e+01
   1.0436940e+06   3.3813477e+01
   1.0437270e+06   4.9072266e+01
   1.0437440e+06   2.6306152e+01
   1.0437750e+06   3.0151367e+01
   1.0437970e+06   4.7058105e+01
   1.0438090e+06   3.5095215e+01
   1.0438430e+06   2.6306152e+01
   1.0438760e+06   4.7241211e+01
   1.0439390e+06   3.9733887e+01
   1.0439770e+06   2.7343750e+01
   1.0440280e+06   2.9724121e+01
   1.0440770e+06   2.3925781e+01
   1.0441530e+06   3.0212402e+01
   1.0441820e+06   2.6977539e+01
   1.0442410e+06   3.2226562e+01
   1.0443320e+06   2.6245117e+01
   1.0444180e+06   3.4912109e+01
   1.0445170e+06   3.4240723e+01
   1.0445770e+06   2.6000977e+01
   1.0448150e+06   2.7282715e+01
   1.0449480e+06   2.8564453e+01
   1.0459700e+06   2.5878906e+01
   1.0778370e+06   2.9296875e+01
   1.0778790e+06   3.5827637e+01
   1.0779170e+06   2.4169922e+01
   1.0779600e+06   2.5146484e+01
   1.0779850e+06   2.5878906e+01
   1.0780220e+06   3.4545898e+01
   1.0780490e+06   3.8208008e+01
   1.0780770e+06   2.7343750e+01
   1.0781160e+06   5.2978516e+01
   1.0781370e+06   4.7424316e+01
   1.0781620e+06   2.4108887e+01
   1.0781790e+06   2.7465820e+01
   1.0781980e+06   2.9052734e+01
   1.0782150e+06   3.0700684e+01
   1.0782430e+06   2.4719238e+01
   1.0782550e+06   6.5734863e+01
   1.0782830e+06   2.9113770e+01
   1.0783100e+06   3.8574219e+01
   1.0783350e+06   6.2500000e+01
   1.0783490e+06   2.7160645e+01
   1.0783600e+06   3.1982422e+01
   1.0784020e+06   4.1564941e+01
   1.0784270e+06   2.9907227e+01
   1.0784390e+06   2.4169922e+01
   1.0784650e+06   3.9489746e+01
   1.0785320e+06   4.4372559e+01
   1.0786010e+06   3.6437988e+01
   1.0786610e+06   3.5095215e+01
   1.0787270e+06   3.7536621e+01
   1.0787950e+06   2.6550293e+01
   1.0788080e+06   2.3864746e+01
   1.0788380e+06   2.8625488e+01
   1.0788510e+06   2.7404785e+01
   1.0790050e+06   2.7160645e+01
   1.0791980e+06   3.1799316e+01
   1.0793730e+06   3.2958984e+01
   1.0795760e+06   2.7465820e+01
   1.0797190e+06   2.4475098e+01
   1.0800330e+06   2.3925781e+01
   1.5138060e+06   2.4414062e+01
   1.5297130e+06   2.8381348e+01
   1.5298350e+06   2.5695801e+01
   1.5298510e+06   4.2053223e+01
   1.5299450e+06   2.5146484e+01
   1.5299740e+06   2.9541016e+01
   1.5299900e+06   4.7668457e+01
   1.5300260e+06   3.6865234e+01
   1.5300670e+06   3.0456543e+01
   1.5300890e+06   5.1208496e+01
   1.5301000e+06   3.8208008e+01
   1.5301110e+06   4.9438477e+01
   1.5301410e+06   4.6203613e+01
   1.5301710e+06   2.3864746e+01
   1.5301810e+06   4.1931152e+01
   1.5302070e+06   2.5939941e+01
   1.5302300e+06   4.1931152e+01
   1.5302560e+06   2.7160645e+01
   1.5302770e+06   5.0781250e+01
   1.5303220e+06   3.9550781e+01
   1.5303530e+06   3.5705566e+01
   1.5303690e+06   2.5390625e+01
   1.5303950e+06   2.4230957e+01
   1.5304190e+06   3.5034180e+01
   1.5304370e+06   2.5634766e+01
   1.5304520e+06   5.2062988e+01
   1.5304780e+06   2.4291992e+01
   1.5305420e+06   2.6733398e+01
   1.5305830e+06   2.7221680e+01
   1.5307200e+06   2.6306152e+01
   1.5307420e+06   2.3681641e+01
   1.5308230e+06   2.4169922e+01
   1.5309260e+06   2.5939941e+01
   1.5309660e+06   2.3864746e+01
   1.5310080e+06   2.5085449e+01
   1.5310210e+06   2.6367188e+01
   1.5310740e+06   2.4291992e+01
   1.5312430e+06   2.7526855e+01
   1.5313230e+06   2.3742676e+01
   1.5313620e+06   2.5329590e+01
   1.5314280e+06   2.9724121e+01
   1.5315370e+06   2.6245117e+01
   1.5315890e+06   2.4658203e+01
   1.5316360e+06   2.8076172e+01
   1.5316580e+06   3.3508301e+01
   1.5317830e+06   2.8320312e+01
   1.5319060e+06   3.6010742e+01
   1.5319870e+06   3.0273438e+01
   1.5320890e+06   2.7832031e+01
   1.5321250e+06   2.4353027e+01
   1.5321520e+06   2.7160645e+01
   1.5321860e+06   2.7160645e+01
   1.5322140e+06   2.4780273e+01
   1.5322640e+06   4.3029785e+01
   1.5323990e+06   2.6367188e+01
   1.5324130e+06   2.4230957e+01
   1.5326980e+06   2.9968262e+01
   1.7020120e+06   2.3986816e+01
   1.7198560e+06   3.0090332e+01
   1.7198810e+06   2.7893066e+01
   1.7199220e+06   3.0761719e+01
   1.7199670e+06   2.7038574e+01
   1.7199790e+06   4.3151855e+01
   1.7199890e+06   3.5278320e+01
   1.7200180e+06   4.9072266e+01
   1.7200380e+06   2.4169922e+01
   1.7200650e+06   5.5541992e+01
   1.7200980e+06   3.8757324e+01
   1.7201230e+06   5.6762695e+01
   1.7201540e+06   2.9113770e+01
   1.7201860e+06   2.7221680e+01
   1.7202120e+06   4.4128418e+01
   1.7202290e+06   3.1372070e+01
   1.7202390e+06   3.7597656e+01
   1.7202650e+06   5.4870605e+01
   1.7203010e+06   2.6977539e+01
   1.7203130e+06   5.8349609e+01
   1.7203500e+06   3.0944824e+01
   1.7203610e+06   5.0781250e+01
   1.7203860e+06   3.5156250e+01
   1.7204000e+06   3.4179688e+01
   1.7204160e+06   3.1616211e+01
   1.7204390e+06   3.1127930e+01
   1.7204740e+06   2.8686523e+01
   1.7204960e+06   3.1494141e+01
   1.7205470e+06   3.1188965e+01
   1.7205910e+06   2.5024414e+01
   1.7206220e+06   3.5278320e+01
   1.7206430e+06   2.8991699e+01
   1.7206830e+06   3.9001465e+01
   1.7206990e+06   2.5024414e+01
   1.7207410e+06   2.5939941e+01
   1.7207560e+06   2.6855469e+01
   1.7208630e+06   2.6977539e+01
   1.7209130e+06   3.0822754e+01
   1.7209470e+06   2.4902344e+01
   1.7211120e+06   2.5878906e+01
   1.7212170e+06   3.3508301e+01
   1.7212920e+06   2.5756836e+01
   1.7213180e+06   2.5085449e+01
   1.7213520e+06   3.2043457e+01
   1.7213850e+06   2.8869629e+01
   1.7214400e+06   2.5634766e+01
   1.7215210e+06   2.4047852e+01
   1.7215540e+06   2.4902344e+01
   1.7216340e+06   3.5156250e+01
   1.7216440e+06   2.9602051e+01
   1.7216870e+06   2.4169922e+01
   1.7217110e+06   3.5278320e+01
   1.7218390e+06   2.4047852e+01
   1.7218800e+06   3.1433105e+01
   1.7219110e+06   3.2836914e+01
   1.7219230e+06   2.4902344e+01
   1.7219480e+06   2.4230957e+01
   1.7220410e+06   3.4240723e+01
   1.7220920e+06   2.4047852e+01
   1.7221290e+06   2.5878906e+01
   1.7221580e+06   2.6916504e+01
   1.7221730e+06   2.4108887e+01
   1.7222720e+06   2.5085449e+01
   1.7223100e+06   2.3803711e+01
   1.7224570e+06   2.6611328e+01
   1.7225560e+06   2.9846191e+01
   1.7225960e+06   2.5085449e+01
   1.7226660e+06   3.4973145e+01
   1.7234830e+06   3.4545898e+01
   1.7281480e+06   2.8198242e+01
   1.7308090e+06   2.8564453e+01
   1.7308360e+06   3.9855957e+01
   1.7308930e+06   3.2104492e+01
   1.7309070e+06   2.4353027e+01
   1.7309330e+06   4.5349121e+01
   1.7309480e+06   2.5207520e+01
   1.7309810e+06   3.0944824e+01
   1.7309970e+06   3.3020020e+01
   1.7310230e+06   2.5878906e+01
   1.7310440e+06   2.4169922e+01
   1.7310650e+06   3.3081055e+01
   1.7310820e+06   4.4128418e+01
   1.7311000e+06   4.9438477e+01
   1.7311200e+06   3.1433105e+01
   1.7311530e+06   2.5390625e+01
   1.7311710e+06   3.0883789e+01
   1.7311850e+06   3.4362793e+01
   1.7312060e+06   2.5024414e+01
   1.7312230e+06   3.5400391e+01
   1.7312400e+06   5.4626465e+01
   1.7312560e+06   2.9968262e+01
   1.7312750e+06   3.4545898e+01
   1.7312950e+06   3.6132812e+01
   1.7313230e+06   5.1818848e+01
   1.7313460e+06   4.2114258e+01
   1.7313750e+06   2.4047852e+01
   1.7313940e+06   4.3212891e+01
   1.7314280e+06   4.3640137e+01
   1.7314570e+06   3.8757324e+01
   1.7314780e+06   2.6794434e+01
   1.7314970e+06   3.3935547e+01
   1.7315140e+06   2.8747559e+01
   1.7315340e+06   2.6306152e+01
   1.7315690e+06   2.4475098e+01
   1.7316430e+06   2.5939941e+01
   1.7316580e+06   3.1433105e+01
   1.7316950e+06   2.4780273e+01
   1.7317670e+06   2.5817871e+01
   1.7317950e+06   3.4179688e+01
   1.7319760e+06   2.6733398e+01
   1.7320830e+06   2.4047852e+01
   1.7321930e+06   2.4658203e+01
   1.7322630e+06   3.0883789e+01
   1.7323240e+06   2.4108887e+01
   1.7325550e+06   2.7770996e+01
   1.7327280e+06   3.2043457e+01
   1.7328070e+06   2.7221680e+01
   1.7328310e+06   2.5024414e+01
   1.7329470e+06   3.3203125e+01
   1.7330560e+06   2.7282715e+01
   1.7330910e+06   2.6611328e+01
   1.7331180e+06   2.4475098e+01
   1.7332020e+06   2.4414062e+01
   1.7334970e+06   2.7038574e+01
   1.7335960e+06   2.4169922e+01
   1.7339530e+06   2.3925781e+01
   1.7348200e+06   2.3803711e+01
   1.7367360e+06   2.6062012e+01
   1.7380280e+06   2.5695801e+01
   1.7380420e+06   2.4536133e+01
   1.7380690e+06   2.7526855e+01
   1.7382290e+06   3.0700684e+01
   1.7385490e+06   2.8015137e+01
   1.7395240e+06   2.5024414e+01
   1.7399440e+06   2.8869629e+01
   1.7400550e+06   2.6794434e+01
   1.7402940e+06   2.5390625e+01
   1.7403350e+06   3.0639648e+01
   1.7404570e+06   2.7343750e+01
   1.7404830e+06   3.4790039e+01
   1.7404970e+06   2.7526855e+01
   1.7405280e+06   2.7160645e+01
   1.7406200e+06   4.3090820e+01
   1.7407480e+06   2.5817871e+01
   1.7408770e+06   3.0395508e+01
   1.7409280e+06   2.5878906e+01
   1.7410310e+06   3.8635254e+01
   1.7411320e+06   2.6489258e+01
   1.7411700e+06   2.6184082e+01
   1.7413410e+06   2.5329590e+01
   1.7414790e+06   2.7465820e+01
   1.7416840e+06   2.4169922e+01
   1.7440520e+06   2.5817871e+01
   1.7441210e+06   2.6794434e+01
   1.7441590e+06   2.6184082e+01
   1.7441830e+06   2.3742676e+01
   1.7442290e+06   2.9052734e+01
   1.7443080e+06   2.7770996e+01
   1.7443600e+06   2.3742676e+01
   1.7443860e+06   2.8625488e+01
   1.7444460e+06   2.6245117e+01
   1.7444900e+06   2.8503418e+01
   1.7445740e+06   2.4658203e+01
   1.7446440e+06   2.6794434e+01
   1.7446660e+06   2.6489258e+01
   1.7448720e+06   2.8808594e+01
   1.7450340e+06   2.4230957e+01
   1.7451580e+06   3.5400391e+01
   1.7453470e+06   3.2348633e+01
   1.7453960e+06   2.4719238e+01
   1.7455080e+06   2.6672363e+01
   1.7456010e+06   2.5268555e+01
   1.7458030e+06   2.5512695e+01
   1.7478430e+06   2.8991699e+01
   1.7479220e+06   2.5817871e+01
   1.7480580e+06   2.8259277e+01
   1.7481960e+06   2.4536133e+01
   1.7482430e+06   2.5878906e+01
   1.7482730e+06   2.3925781e+01
   1.7483000e+06   2.4291992e+01
   1.7486420e+06   3.0517578e+01
   1.7487770e+06   2.7526855e+01
   1.7489400e+06   2.6977539e+01
   1.7508460e+06   2.6367188e+01
   1.7508600e+06   3.6560059e+01
   1.7509400e+06   3.0029297e+01
   1.7509980e+06   3.2653809e+01
   1.7510170e+06   2.6672363e+01
   1.7510330e+06   2.5817871e+01
   1.7511000e+06   2.9541016e+01
   1.7511150e+06   4.4128418e+01
   1.7511340e+06   2.9479980e+01
   1.7511850e+06   2.4414062e+01
   1.7512060e+06   2.9663086e+01
   1.7513140e+06   2.9968262e+01
   1.7513550e+06   3.5034180e+01
   1.7513660e+06   4.2053223e+01
   1.7514280e+06   2.9235840e+01
   1.7514380e+06   2.8015137e+01
   1.7515140e+06   2.9296875e+01
   1.7516130e+06   3.1799316e+01
   1.7516360e+06   6.8481445e+01
   1.7516460e+06   3.2836914e+01
   1.7516770e+06   2.7099609e+01
   1.7517270e+06   3.0029297e+01
   1.7517410e+06   2.4108887e+01
   1.7517560e+06   3.1616211e+01
   1.7517860e+06   5.6518555e+01
   1.7518280e+06   3.5766602e+01
   1.7518460e+06   3.9367676e+01
   1.7518790e+06   3.3569336e+01
   1.7519170e+06   3.3630371e+01
   1.7519500e+06   3.2165527e+01
   1.7519820e+06   2.7404785e+01
   1.7519920e+06   2.5451660e+01
   1.7520210e+06   4.6264648e+01
   1.7520630e+06   2.5207520e+01
   1.7520920e+06   6.0607910e+01
   1.7521100e+06   2.8808594e+01
   1.7521240e+06   2.4658203e+01
   1.7521460e+06   3.1494141e+01
   1.7521650e+06   2.6367188e+01
   1.7521950e+06   3.3813477e+01
   1.7522260e+06   3.3203125e+01
   1.7522390e+06   3.3203125e+01
   1.7522850e+06   2.5512695e+01
   1.7523790e+06   2.8076172e+01
   1.7523890e+06   2.4902344e+01
   1.7524860e+06   3.0822754e+01
   1.7525000e+06   2.8320312e+01
   1.7525730e+06   3.1311035e+01
   1.7526580e+06   2.6245117e+01
   1.7527340e+06   2.3803711e+01
   1.7528190e+06   2.3986816e+01
   1.7529800e+06   2.5817871e+01
   1.7529910e+06   2.9174805e+01
   1.7530880e+06   2.8564453e+01
   1.7531580e+06   2.7465820e+01
   1.7532590e+06   2.5268555e+01
   1.7534220e+06   2.4230957e+01
   1.7536080e+06   2.5634766e+01
   1.7538240e+06   2.6428223e+01
   1.7539880e+06   2.4902344e+01
   1.7587040e+06   2.8869629e+01
   1.7588630e+06   2.6550293e+01
   1.7589080e+06   2.3742676e+01
   1.7600450e+06   2.4108887e+01
   1.7602150e+06   2.4414062e+01
   1.7624000e+06   2.5329590e+01
   1.7625460e+06   2.9785156e+01
   1.7625920e+06   2.3742676e+01
   1.7626190e+06   2.4414062e+01
   1.7627220e+06   3.0456543e+01
   1.7628160e+06   2.6184082e+01
   1.7629600e+06   2.6611328e+01
   1.7631200e+06   2.6611328e+01
   1.7632790e+06   2.5756836e+01
   1.7634400e+06   2.5451660e+01
   1.7636470e+06   3.1738281e+01
   1.7638690e+06   2.9724121e+01
   1.7659780e+06   2.4780273e+01
   1.7661260e+06   3.5278320e+01
   1.7662710e+06   2.4780273e+01
   1.7663310e+06   2.8015137e+01
   1.7664750e+06   3.5522461e+01
   1.7665110e+06   2.4475098e+01
   1.7667290e+06   2.7770996e+01
   1.7668190e+06   2.4353027e+01
   1.7669760e+06   2.4902344e+01
   1.7670240e+06   2.5146484e+01
   1.7670790e+06   2.4291992e+01
   1.7673080e+06   2.4780273e+01
   1.7693720e+06   2.7099609e+01
   1.7694000e+06   2.9663086e+01
   1.7694950e+06   2.4230957e+01
   1.7695280e+06   3.1555176e+01
   1.7696450e+06   2.5756836e+01
   1.7696990e+06   2.3681641e+01
   1.7697940e+06   2.4108887e+01
   1.7698640e+06   2.9174805e+01
   1.7700430e+06   5.5847168e+01
   1.7700830e+06   2.4963379e+01
   1.7701790e+06   3.0395508e+01
   1.7703630e+06   5.5114746e+01
   1.7704290e+06   2.5085449e+01
   1.7704610e+06   2.7648926e+01
   1.7706240e+06   2.5878906e+01
   1.7709990e+06   2.9113770e+01
   1.7712350e+06   2.6611328e+01
   1.7729560e+06   2.4414062e+01
   1.7729870e+06   2.8503418e+01
   1.7731410e+06   2.4780273e+01
   1.7734080e+06   2.4475098e+01
   1.7735460e+06   2.6733398e+01
   1.7736870e+06   2.4047852e+01
   1.7754740e+06   3.2897949e+01
   1.7755240e+06   2.3925781e+01
   1.7756000e+06   2.3742676e+01
   1.7756260e+06   3.5827637e+01
   1.7757400e+06   3.0456543e+01
   1.7757680e+06   3.1433105e+01
   1.7759090e+06   2.7404785e+01
   1.7759490e+06   4.7424316e+01
   1.7759970e+06   2.9541016e+01
   1.7760300e+06   2.5817871e+01
   1.7760460e+06   2.5573730e+01
   1.7761000e+06   2.5451660e+01
   1.7761560e+06   2.5512695e+01
   1.7761950e+06   3.1066895e+01
   1.7762160e+06   2.4719238e+01
   1.7762870e+06   2.4230957e+01
   1.7763230e+06   2.4353027e+01
   1.7763450e+06   2.3742676e+01
   1.7763880e+06   2.8686523e+01
   1.7764480e+06   2.5146484e+01
   1.7764840e+06   3.0273438e+01
   1.7765090e+06   3.0517578e+01
   1.7765410e+06   3.0090332e+01
   1.7765770e+06   2.7832031e+01
   1.7766060e+06   4.3334961e+01
   1.7766160e+06   2.4536133e+01
   1.7766440e+06   3.3020020e+01
   1.7766840e+06   3.1188965e+01
   1.7767020e+06   4.1870117e+01
   1.7767250e+06   2.6306152e+01
   1.7767510e+06   3.5949707e+01
   1.7767650e+06   3.6254883e+01
   1.7767960e+06   2.9479980e+01
   1.7768130e+06   7.3242188e+01
   1.7768300e+06   2.9907227e+01
   1.7768500e+06   2.4169922e+01
   1.7768770e+06   2.7832031e+01
   1.7768880e+06   3.2836914e+01
   1.7769320e+06   3.7353516e+01
   1.7769570e+06   3.6437988e+01
   1.7770060e+06   2.4353027e+01
   1.7770230e+06   2.8564453e+01
   1.7770460e+06   3.1677246e+01
   1.7770900e+06   2.4414062e+01
   1.7771020e+06   3.0578613e+01
   1.7771280e+06   5.1025391e+01
   1.7771830e+06   2.4902344e+01
   1.7771940e+06   2.7282715e+01
   1.7772160e+06   2.6489258e+01
   1.7772280e+06   2.7465820e+01
   1.7772550e+06   3.3996582e+01
   1.7772960e+06   2.7526855e+01
   1.7773280e+06   2.3925781e+01
   1.7773740e+06   2.6611328e+01
   1.7774580e+06   2.9357910e+01
   1.7775870e+06   2.9968262e+01
   1.7777020e+06   2.7648926e+01
   1.7778420e+06   2.3681641e+01
   1.7778630e+06   2.4108887e+01
   1.7782160e+06   2.4719238e+01
   1.7782780e+06   3.0822754e+01
   1.7785310e+06   2.3925781e+01
   1.7844320e+06   3.2043457e+01
   1.7851870e+06   2.4169922e+01
   1.7871090e+06   2.4047852e+01
   1.7871370e+06   2.9785156e+01
   1.7871980e+06   3.4423828e+01
   1.7872940e+06   2.8991699e+01
   1.7873500e+06   2.4169922e+01
   1.7874510e+06   2.4353027e+01
   1.7875800e+06   2.8137207e+01
   1.7878430e+06   2.5146484e+01
   1.7895520e+06   2.4597168e+01
   1.7896420e+06   2.7099609e+01
   1.7897080e+06   2.4353027e+01
   1.7898410e+06   3.5949707e+01
   1.7900410e+06   3.1250000e+01
   1.7901490e+06   2.3803711e+01
   1.7902780e+06   2.5573730e+01
   1.7904500e+06   2.5390625e+01
   1.7931860e+06   2.6306152e+01
   1.7932530e+06   2.5695801e+01
   1.7932720e+06   2.6794434e+01
   1.7933290e+06   2.5756836e+01
   1.7933620e+06   2.8930664e+01
   1.7934010e+06   2.6184082e+01
   1.7934910e+06   2.5817871e+01
   1.7935360e+06   4.4616699e+01
   1.7936190e+06   3.4973145e+01
   1.7937030e+06   2.5512695e+01
   1.7937490e+06   3.4729004e+01
   1.7937840e+06   5.6091309e+01
   1.7938080e+06   3.0395508e+01
   1.7939070e+06   3.2592773e+01
   1.7939420e+06   3.0517578e+01
   1.7939620e+06   2.8991699e+01
   1.7940200e+06   3.7841797e+01
   1.7940380e+06   2.5695801e+01
   1.7940610e+06   2.4475098e+01
   1.7941010e+06   2.9479980e+01
   1.7941430e+06   2.3803711e+01
   1.7941680e+06   5.5969238e+01
   1.7941940e+06   3.2836914e+01
   1.7942080e+06   2.5390625e+01
   1.7942460e+06   2.4536133e+01
   1.7942730e+06   2.6794434e+01
   1.7942840e+06   6.0424805e+01
   1.7943120e+06   2.6855469e+01
   1.7943420e+06   2.9479980e+01
   1.7943610e+06   2.7343750e+01
   1.7944120e+06   2.5878906e+01
   1.7944310e+06   2.5878906e+01
   1.7944570e+06   4.1137695e+01
   1.7945040e+06   2.6123047e+01
   1.7945310e+06   4.1503906e+01
   1.7945450e+06   2.8381348e+01
   1.7945790e+06   2.5024414e+01
   1.7946020e+06   2.8320312e+01
   1.7946250e+06   3.5156250e+01
   1.7946370e+06   2.6306152e+01
   1.7947080e+06   2.7648926e+01
   1.7947350e+06   2.7404785e+01
   1.7947510e+06   2.4230957e+01
   1.7948530e+06   2.8015137e+01
   1.7949620e+06   4.2846680e+01
   1.7951380e+06   2.8503418e+01
   1.8056440e+06   2.7404785e+01
   1.8056650e+06   2.6367188e+01
   1.8057340e+06   2.5207520e+01
   1.8058860e+06   2.6855469e+01
   1.8059300e+06   2.5939941e+01
   1.8084070e+06   3.0578613e+01
   1.8084660e+06   2.4963379e+01
   1.8085650e+06   2.6062012e+01
   1.8085940e+06   2.5085449e+01
   1.8086150e+06   4.3212891e+01
   1.8087590e+06   2.8930664e+01
   1.8087990e+06   2.5207520e+01
   1.8088100e+06   2.6062012e+01
   1.8089780e+06   2.8442383e+01
   1.8090030e+06   2.5085449e+01
   1.8091150e+06   2.5024414e+01
   1.8116280e+06   2.3864746e+01
   1.8117750e+06   3.6254883e+01
   1.8118110e+06   2.5268555e+01
   1.8118920e+06   2.5939941e+01
   1.8119110e+06   2.4047852e+01
   1.8119410e+06   2.7038574e+01
   1.8120030e+06   2.7465820e+01
   1.8120380e+06   2.8564453e+01
   1.8121040e+06   2.7648926e+01
   1.8122380e+06   2.7282715e+01
   1.8123530e+06   2.7587891e+01
   1.8124010e+06   3.3691406e+01
   1.8126720e+06   2.8381348e+01
   1.8158070e+06   2.7282715e+01
   1.8158230e+06   2.3803711e+01
   1.8158600e+06   2.4414062e+01
   1.8159190e+06   2.8259277e+01
   1.8160510e+06   2.4353027e+01
   1.8161000e+06   2.3925781e+01
   1.8161670e+06   2.4353027e+01
   1.8162380e+06   2.4719238e+01
   1.8162560e+06   2.5878906e+01
   1.8163800e+06   2.3864746e+01
   1.8164190e+06   2.7587891e+01
   1.8165950e+06   2.5695801e+01
   1.8167830e+06   3.2348633e+01
   1.8170980e+06   2.4658203e+01
   1.8202120e+06   2.4414062e+01
   1.8202900e+06   2.5878906e+01
   1.8203690e+06   2.4047852e+01
   1.8204650e+06   3.1372070e+01
   1.8204850e+06   2.6184082e+01
   1.8206200e+06   2.5329590e+01
   1.8206360e+06   2.7770996e+01
   1.8206630e+06   2.4658203e+01
   1.8207780e+06   3.9794922e+01
   1.8208510e+06   2.4414062e+01
   1.8209370e+06   2.5878906e+01
   1.8209800e+06   2.6123047e+01
   1.8210430e+06   2.7526855e+01
   1.8210850e+06   2.3925781e+01
   1.8210950e+06   3.1860352e+01
   1.8212320e+06   2.6672363e+01
   1.8213290e+06   2.7221680e+01
   1.8216300e+06   2.5634766e+01
   1.8216930e+06   2.3803711e+01
   1.8217770e+06   2.4597168e+01
   1.8218060e+06   2.9479980e+01
   1.8246730e+06   2.6000977e+01
   1.8258740e+06   2.3681641e+01
   1.8258970e+06   2.3803711e+01
   1.8259300e+06   3.4118652e+01
   1.8259430e+06   2.6672363e+01
   1.8260260e+06   2.4108887e+01
   1.8260720e+06   2.5329590e+01
   1.8261170e+06   2.5695801e+01
   1.8261940e+06   4.0161133e+01
   1.8263520e+06   4.0893555e+01
   1.8266120e+06   2.4597168e+01
   1.8267460e+06   2.4169922e+01
   1.8268440e+06   3.1066895e+01
   1.8299090e+06   3.6499023e+01
   1.8299830e+06   2.5878906e+01
   1.8300250e+06   2.6977539e+01
   1.8300350e+06   3.6682129e+01
   1.8300850e+06   2.8930664e+01
   1.8301300e+06   2.7709961e+01
   1.8302060e+06   3.4851074e+01
   1.8303020e+06   2.4658203e+01
   1.8303460e+06   2.4780273e+01
   1.8303650e+06   2.6000977e+01
   1.8303980e+06   2.4353027e+01
   1.8304700e+06   3.4057617e+01
   1.8304990e+06   2.7282715e+01
   1.8305470e+06   2.4291992e+01
   1.8305990e+06   2.4291992e+01
   1.8306470e+06   3.1799316e+01
   1.8306640e+06   2.8930664e+01
   1.8308640e+06   2.7587891e+01
   1.8312900e+06   2.4108887e+01
   1.8349940e+06   2.8015137e+01
   1.8350440e+06   3.9001465e+01
   1.8350980e+06   2.7832031e+01
   1.8352150e+06   2.3925781e+01
   1.8352390e+06   3.0212402e+01
   1.8353270e+06   2.6977539e+01
   1.8353660e+06   2.5329590e+01
   1.8354100e+06   2.4536133e+01
   1.8355360e+06   2.9907227e+01
   1.8355850e+06   3.5095215e+01
   1.8356060e+06   2.5329590e+01
   1.8356720e+06   2.8808594e+01
   1.8356850e+06   2.4291992e+01
   1.8358110e+06   2.5512695e+01
   1.8358540e+06   2.5024414e+01
   1.8359370e+06   2.4169922e+01
   1.8360360e+06   2.3864746e+01
   1.8362060e+06   2.5695801e+01
   1.8362440e+06   2.3986816e+01
   1.8367200e+06   2.7404785e+01
   1.8399260e+06   2.6855469e+01
   1.8399440e+06   3.9916992e+01
   1.8399660e+06   2.8076172e+01
   1.8400080e+06   2.5085449e+01
   1.8400610e+06   2.9602051e+01
   1.8400760e+06   2.7954102e+01
   1.8402310e+06   2.7099609e+01
   1.8402610e+06   2.5390625e+01
   1.8403610e+06   2.6550293e+01
   1.8404100e+06   3.1799316e+01
   1.8404480e+06   3.2165527e+01
   1.8406530e+06   3.8146973e+01
   1.8408800e+06   2.4047852e+01
   1.8410000e+06   2.9418945e+01
   1.8413280e+06   2.5939941e+01
   1.8447280e+06   3.8269043e+01
   1.8447400e+06   2.5024414e+01
   1.8447760e+06   3.8879395e+01
   1.8448020e+06   3.2409668e+01
   1.8448500e+06   2.3925781e+01
   1.8448850e+06   2.6123047e+01
   1.8449560e+06   2.9113770e+01
   1.8449810e+06   3.7597656e+01
   1.8450110e+06   2.9174805e+01
   1.8451600e+06   2.7526855e+01
   1.8451790e+06   2.6428223e+01
   1.8452530e+06   3.0944824e+01
   1.8452680e+06   3.3508301e+01
   1.8453350e+06   2.3681641e+01
   1.8454050e+06   2.6489258e+01
   1.8456040e+06   3.0456543e+01
   1.8490220e+06   2.5024414e+01
   1.8490780e+06   3.2165527e+01
   1.8491070e+06   2.5512695e+01
   1.8491310e+06   2.6367188e+01
   1.8491730e+06   2.7709961e+01
   1.8493460e+06   2.5207520e+01
   1.8494120e+06   2.5268555e+01
   1.8494250e+06   3.0761719e+01
   1.8494640e+06   2.7282715e+01
   1.8496410e+06   3.0883789e+01
   1.8497490e+06   2.4963379e+01
   1.8499450e+06   2.5390625e+01
   1.8500350e+06   2.4169922e+01
   1.8502730e+06   3.4057617e+01
   1.8531630e+06   4.5227051e+01
   1.8532280e+06   3.4973145e+01
   1.8532990e+06   2.9724121e+01
   1.8534560e+06   2.3864746e+01
   1.8534720e+06   2.6794434e+01
   1.8536380e+06   3.2287598e+01
   1.8537620e+06   2.4780273e+01
   1.8538270e+06   3.5095215e+01
   1.8539820e+06   2.5817871e+01
   1.8541970e+06   2.4780273e+01
   1.8584640e+06   3.3081055e+01
   1.8584780e+06   2.4902344e+01
   1.8584980e+06   3.6437988e+01
   1.8585340e+06   4.3212891e+01
   1.8585770e+06   2.5573730e+01
   1.8586550e+06   3.0273438e+01
   1.8587000e+06   3.1982422e+01
   1.8587110e+06   2.4475098e+01
   1.8587830e+06   2.5207520e+01
   1.8588460e+06   4.2053223e+01
   1.8589060e+06   2.6306152e+01
   1.8589240e+06   2.6794434e+01
   1.8589920e+06   3.1982422e+01
   1.8590310e+06   2.7587891e+01
   1.8590810e+06   2.5695801e+01
   1.8591040e+06   2.8137207e+01
   1.8591580e+06   2.7648926e+01
   1.8592240e+06   2.9663086e+01
   1.8592450e+06   3.3874512e+01
   1.8592560e+06   2.4902344e+01
   1.8592720e+06   2.4414062e+01
   1.8592930e+06   3.5095215e+01
   1.8593130e+06   2.7954102e+01
   1.8593410e+06   3.4790039e+01
   1.8593580e+06   3.0456543e+01
   1.8593890e+06   3.7109375e+01
   1.8594070e+06   4.0466309e+01
   1.8594260e+06   3.1616211e+01
   1.8594390e+06   3.6926270e+01
   1.8594610e+06   2.4780273e+01
   1.8594790e+06   5.2429199e+01
   1.8594980e+06   4.7607422e+01
   1.8595170e+06   2.4475098e+01
   1.8595490e+06   2.7343750e+01
   1.8595780e+06   5.0537109e+01
   1.8595920e+06   2.9357910e+01
   1.8596410e+06   4.1687012e+01
   1.8596570e+06   2.4597168e+01
   1.8596720e+06   2.7648926e+01
   1.8596880e+06   3.1555176e+01
   1.8597190e+06   2.4414062e+01
   1.8597410e+06   2.4536133e+01
   1.8597860e+06   2.9357910e+01
   1.8597990e+06   3.7292480e+01
   1.8598180e+06   2.5695801e+01
   1.8598520e+06   2.3681641e+01
   1.8598870e+06   3.9733887e+01
   1.8599160e+06   2.9663086e+01
   1.8599620e+06   4.0893555e+01
   1.8599900e+06   2.7648926e+01
   1.8600250e+06   2.4536133e+01
   1.8600530e+06   4.0100098e+01
   1.8600750e+06   3.0029297e+01
   1.8601340e+06   3.6987305e+01
   1.8602500e+06   3.7902832e+01
   1.8603350e+06   2.9235840e+01
   1.8603620e+06   3.5400391e+01
   1.8604860e+06   3.1188965e+01
   1.8605290e+06   2.6550293e+01
   1.8606040e+06   2.4719238e+01
   1.8610440e+06   2.4230957e+01
   1.8614750e+06   2.3803711e+01
   1.8658470e+06   2.4353027e+01
   1.8661890e+06   2.4597168e+01
   1.8699600e+06   3.0883789e+01
   1.8700670e+06   2.5878906e+01
   1.8748710e+06   4.5166016e+01
   1.8749060e+06   2.5573730e+01
   1.8749210e+06   2.5207520e+01
   1.8749890e+06   2.7893066e+01
   1.8751100e+06   2.4475098e+01
   1.8751320e+06   3.2775879e+01
   1.8751600e+06   2.3681641e+01
   1.8751840e+06   2.9479980e+01
   1.8752210e+06   2.5085449e+01
   1.8752630e+06   2.8137207e+01
   1.8753050e+06   2.8625488e+01
   1.8753280e+06   2.5573730e+01
   1.8753450e+06   2.3803711e+01
   1.8754240e+06   2.4414063e+01
   1.8754560e+06   2.5329590e+01
   1.8755020e+06   2.7038574e+01
   1.8756240e+06   2.7954102e+01
   1.8758130e+06   2.4597168e+01
   1.8759300e+06   2.6000977e+01
   1.8811500e+06   3.5400391e+01
   1.8812090e+06   2.6672363e+01
   1.8812500e+06   2.5207520e+01
   1.8813790e+06   2.4047852e+01
   1.8813940e+06   3.1066895e+01
   1.8814620e+06   2.4353027e+01
   1.8815160e+06   3.2470703e+01
   1.8815540e+06   2.5573730e+01
   1.8815680e+06   2.4230957e+01
   1.8816580e+06   3.1921387e+01
   1.8816840e+06   3.3813477e+01
   1.8817290e+06   2.5390625e+01
   1.8817770e+06   3.1127930e+01
   1.8817970e+06   2.5085449e+01
   1.8818760e+06   2.4719238e+01
   1.8819350e+06   2.4963379e+01
   1.8819510e+06   2.7465820e+01
   1.8821170e+06   2.4414062e+01
   1.8822640e+06   2.8808594e+01
   1.8888070e+06   2.5512695e+01
   1.8888780e+06   3.5217285e+01
   1.8888930e+06   2.9907227e+01
   1.8889470e+06   2.5268555e+01
   1.8890250e+06   3.4423828e+01
   1.8891180e+06   2.6550293e+01
   1.8891610e+06   3.0273438e+01
   1.8893370e+06   2.8015137e+01
   1.8893710e+06   2.5329590e+01
   1.8894600e+06   3.1433105e+01
   1.8895130e+06   3.1616211e+01
   1.8895740e+06   3.1005859e+01
   1.8895840e+06   2.9357910e+01
   1.8896660e+06   2.4597168e+01
   1.8896940e+06   2.3986816e+01
   1.8897140e+06   2.5573730e+01
   1.8897760e+06   3.3935547e+01
   1.8898510e+06   3.5766602e+01
   1.8900300e+06   2.8991699e+01
   1.8900420e+06   2.8808594e+01
   1.8902640e+06   3.3447266e+01
   1.8904740e+06   2.6977539e+01
   1.8960840e+06   5.5603027e+01
   1.8961230e+06   2.6123047e+01
   1.8961520e+06   2.3803711e+01
   1.8962070e+06   3.6499023e+01
   1.8962600e+06   3.0639648e+01
   1.8963050e+06   2.5756836e+01
   1.8963320e+06   3.1921387e+01
   1.8963900e+06   2.5512695e+01
   1.8964330e+06   2.5207520e+01
   1.8964740e+06   2.5634766e+01
   1.8965320e+06   3.3569336e+01
   1.8965500e+06   2.9113770e+01
   1.8966160e+06   2.9479980e+01
   1.8967800e+06   2.7770996e+01
   1.8968050e+06   3.7231445e+01
   1.8968590e+06   3.1188965e+01
   1.8969430e+06   2.9541016e+01
   1.8969550e+06   3.5888672e+01
   1.8969890e+06   3.3874512e+01
   1.8970430e+06   2.9541016e+01
   1.8971170e+06   2.9541016e+01
   1.8971510e+06   5.0354004e+01
   1.8972050e+06   3.0761719e+01
   1.8972520e+06   4.1870117e+01
   1.8973090e+06   4.3518066e+01
   1.8973320e+06   3.9245605e+01
   1.8973480e+06   2.5390625e+01
   1.8973760e+06   2.9541016e+01
   1.8973910e+06   2.6611328e+01
   1.8974270e+06   2.4414062e+01
   1.8974430e+06   5.2062988e+01
   1.8974710e+06   3.6682129e+01
   1.8975080e+06   4.1198730e+01
   1.8975430e+06   2.4230957e+01
   1.8975860e+06   4.6691895e+01
   1.8976440e+06   2.7221680e+01
   1.8976590e+06   4.2236328e+01
   1.8977150e+06   2.5146484e+01
   1.8977580e+06   4.2724609e+01
   1.8977820e+06   2.7282715e+01
   1.8978460e+06   3.5644531e+01
   1.8979200e+06   2.6672363e+01
   1.8979660e+06   3.2043457e+01
   1.8980320e+06   2.9785156e+01
   1.8980690e+06   3.4790039e+01
   1.8981040e+06   2.4780273e+01
   1.8981560e+06   3.0883789e+01
   1.8981810e+06   3.7170410e+01
   1.8982130e+06   2.4169922e+01
   1.8983020e+06   3.9794922e+01
   1.8983250e+06   2.4169922e+01
   1.8986260e+06   2.4291992e+01
   1.8990210e+06   2.6855469e+01
   1.9130590e+06   3.1005859e+01
   1.9130710e+06   3.5644531e+01
   1.9130880e+06   2.7893066e+01
   1.9131110e+06   2.5756836e+01
   1.9132140e+06   3.3691406e+01
   1.9132540e+06   2.4108887e+01
   1.9133340e+06   4.0527344e+01
   1.9133570e+06   2.4230957e+01
   1.9135090e+06   2.6672363e+01
   1.9135590e+06   2.7221680e+01
   1.9135940e+06   2.6367188e+01
   1.9136870e+06   2.5573730e+01
   1.9137400e+06   3.8635254e+01
   1.9139150e+06   3.3142090e+01
   1.9139520e+06   2.5268555e+01
   1.9140300e+06   2.6794434e+01
   1.9141120e+06   2.3986816e+01
   1.9210140e+06   4.1320801e+01
   1.9210420e+06   3.8391113e+01
   1.9210700e+06   2.5390625e+01
   1.9210860e+06   3.5278320e+01
   1.9211520e+06   3.6193848e+01
   1.9212820e+06   2.6000977e+01
   1.9213920e+06   3.3630371e+01
   1.9214260e+06   2.4169922e+01
   1.9214910e+06   2.4597168e+01
   1.9215370e+06   2.8442383e+01
   1.9216070e+06   2.9235840e+01
   1.9217210e+06   2.4230957e+01
   1.9217600e+06   3.1677246e+01
   1.9217920e+06   3.4362793e+01
   1.9218540e+06   3.1250000e+01
   1.9218810e+06   2.5512695e+01
   1.9219040e+06   3.1005859e+01
   1.9219530e+06   3.2226562e+01
   1.9219750e+06   3.0212402e+01
   1.9220270e+06   2.9663086e+01
   1.9220570e+06   3.1188965e+01
   1.9220790e+06   2.7160645e+01
   1.9221010e+06   3.0151367e+01
   1.9221220e+06   2.8198242e+01
   1.9221530e+06   2.8991699e+01
   1.9221630e+06   4.8278809e+01
   1.9221780e+06   3.2226562e+01
   1.9222060e+06   3.0578613e+01
   1.9222380e+06   3.2714844e+01
   1.9222620e+06   2.5512695e+01
   1.9222820e+06   2.8381348e+01
   1.9223100e+06   3.4362793e+01
   1.9223440e+06   5.0109863e+01
   1.9223630e+06   3.0212402e+01
   1.9223900e+06   3.1311035e+01
   1.9224120e+06   3.4057617e+01
   1.9224720e+06   2.7465820e+01
   1.9224860e+06   6.1157227e+01
   1.9225180e+06   2.5878906e+01
   1.9225670e+06   4.2724609e+01
   1.9226470e+06   2.4108887e+01
   1.9227690e+06   4.8950195e+01
   1.9228030e+06   3.0090332e+01
   1.9228580e+06   2.9113770e+01
   1.9228810e+06   2.4658203e+01
   1.9229400e+06   2.7832031e+01
   1.9229500e+06   2.9357910e+01
   1.9230160e+06   2.4353027e+01
   1.9230690e+06   3.3508301e+01
   1.9230920e+06   2.7404785e+01
   1.9232480e+06   2.6184082e+01
   1.9232960e+06   2.6000977e+01
   1.9245000e+06   2.5634766e+01
   1.9386700e+06   2.8564453e+01
   1.9387170e+06   2.4902344e+01
   1.9388130e+06   2.5207520e+01
   1.9388290e+06   2.5390625e+01
   1.9389640e+06   2.4291992e+01
   1.9390210e+06   2.3803711e+01
   1.9391030e+06   2.8015137e+01
   1.9391330e+06   2.4475098e+01
   1.9392550e+06   2.8686523e+01
   1.9393260e+06   2.5756836e+01
   1.9393600e+06   2.6000977e+01
   1.9394680e+06   3.3752441e+01
   1.9395430e+06   2.4291992e+01
   1.9397170e+06   2.7893066e+01
   1.9496610e+06   2.9174805e+01
   1.9496830e+06   2.7954102e+01
   1.9497620e+06   2.6855469e+01
   1.9497810e+06   2.8686523e+01
   1.9498190e+06   3.4545898e+01
   1.9498610e+06   2.5634766e+01
   1.9499040e+06   3.6132812e+01
   1.9499390e+06   3.6926270e+01
   1.9500690e+06   2.4353027e+01
   1.9500980e+06   4.9194336e+01
   1.9501210e+06   2.7343750e+01
   1.9501900e+06   2.3681641e+01
   1.9502390e+06   3.1982422e+01
   1.9502600e+06   2.8625488e+01
   1.9503150e+06   2.8442383e+01
   1.9503400e+06   2.6184082e+01
   1.9503720e+06   3.1127930e+01
   1.9503900e+06   3.2165527e+01
   1.9504070e+06   4.4128418e+01
   1.9504390e+06   3.1188965e+01
   1.9504510e+06   2.7282715e+01
   1.9504770e+06   3.1921387e+01
   1.9505000e+06   4.0222168e+01
   1.9505620e+06   3.1433105e+01
   1.9505820e+06   2.9479980e+01
   1.9505930e+06   2.6123047e+01
   1.9506200e+06   2.4414062e+01
   1.9506550e+06   3.0761719e+01
   1.9506680e+06   2.3864746e+01
   1.9506810e+06   2.7465820e+01
   1.9507540e+06   4.7668457e+01
   1.9507860e+06   2.7343750e+01
   1.9508190e+06   3.1921387e+01
   1.9508510e+06   2.4047852e+01
   1.9508740e+06   2.6306152e+01
   1.9509010e+06   2.6306152e+01
   1.9509330e+06   2.8442383e+01
   1.9509640e+06   3.7536621e+01
   1.9510470e+06   2.6000977e+01
   1.9511460e+06   5.0170898e+01
   1.9512400e+06   3.8940430e+01
   1.9513010e+06   3.0029297e+01
   1.9513180e+06   2.4536133e+01
   1.9513370e+06   2.9602051e+01
   1.9514330e+06   3.3569336e+01
   1.9515790e+06   2.9479980e+01
   1.9517340e+06   3.1005859e+01
   1.9518660e+06   3.0883789e+01
   1.9605810e+06   2.3681641e+01
   1.9706600e+06   2.5146484e+01
   1.9706910e+06   2.9602051e+01
   1.9707090e+06   2.5939941e+01
   1.9707580e+06   2.5817871e+01
   1.9708220e+06   2.3925781e+01
   1.9708480e+06   2.7648926e+01
   1.9709790e+06   3.1982422e+01
   1.9711120e+06   3.9123535e+01
   1.9711450e+06   2.3925781e+01
   1.9711710e+06   2.6245117e+01
   1.9712390e+06   3.0273438e+01
   1.9712910e+06   2.7282715e+01
   1.9713580e+06   2.4780273e+01
   1.9713920e+06   3.5278320e+01
   1.9714320e+06   2.4108887e+01
   1.9714780e+06   3.9489746e+01
   1.9715080e+06   3.1127930e+01
   1.9715440e+06   2.5878906e+01
   1.9715660e+06   2.7587891e+01
   1.9715950e+06   4.8767090e+01
   1.9716140e+06   2.4475098e+01
   1.9716470e+06   2.4902344e+01
   1.9716630e+06   5.7556152e+01
   1.9717020e+06   2.6855469e+01
   1.9717190e+06   2.8015137e+01
   1.9717690e+06   5.6518555e+01
   1.9717810e+06   2.4902344e+01
   1.9718440e+06   2.4047852e+01
   1.9718580e+06   5.6945801e+01
   1.9718890e+06   2.3864746e+01
   1.9719260e+06   4.1564941e+01
   1.9720090e+06   3.2043457e+01
   1.9720290e+06   2.5451660e+01
   1.9720560e+06   2.7343750e+01
   1.9720890e+06   4.0466309e+01
   1.9721720e+06   4.7302246e+01
   1.9722230e+06   2.5512695e+01
   1.9722570e+06   4.1564941e+01
   1.9722780e+06   2.5878906e+01
   1.9723550e+06   3.4057617e+01
   1.9724780e+06   2.3681641e+01
   1.9724890e+06   3.4667969e+01
   1.9726060e+06   2.5268555e+01
   1.9726280e+06   3.1005859e+01
   1.9730320e+06   2.5817871e+01
   1.9735630e+06   2.3864746e+01
   1.9829880e+06   2.4475098e+01
   1.9913690e+06   4.3212891e+01
   1.9913810e+06   2.9113770e+01
   1.9914360e+06   2.5268555e+01
   1.9915480e+06   3.6132812e+01
   1.9915800e+06   2.4841309e+01
   1.9916110e+06   2.8686523e+01
   1.9916360e+06   2.7954102e+01
   1.9916590e+06   2.9418945e+01
   1.9917330e+06   3.4240723e+01
   1.9917740e+06   2.6428223e+01
   1.9917920e+06   2.6733398e+01
   1.9918190e+06   2.4108887e+01
   1.9918760e+06   2.3803711e+01
   1.9920240e+06   2.8503418e+01
   1.9920440e+06   2.8808594e+01
   1.9921200e+06   2.4536133e+01
   1.9922230e+06   3.0273438e+01
   1.9960340e+06   2.3925781e+01
   2.0300890e+06   2.5390625e+01
   2.8037770e+06   2.6855469e+01
   2.8549960e+06   4.6203613e+01
   2.8550400e+06   3.3813477e+01
   2.8550590e+06   2.7099609e+01
   2.8550710e+06   3.2531738e+01
   2.8551020e+06   2.4902344e+01
   2.8551390e+06   4.6447754e+01
   2.8551490e+06   3.1372070e+01
   2.8551640e+06   5.7250977e+01
   2.8551890e+06   4.1442871e+01
   2.8552160e+06   3.2531738e+01
   2.8552410e+06   3.8696289e+01
   2.8552760e+06   7.8857422e+01
   2.8553010e+06   2.5573730e+01
   2.8553180e+06   5.2551270e+01
   2.8553430e+06   3.9001465e+01
   2.8553550e+06   5.1635742e+01
   2.8553870e+06   3.9245605e+01
   2.8554190e+06   2.5939941e+01
   2.8554500e+06   3.2531738e+01
   2.8554760e+06   3.7414551e+01
   2.8555050e+06   2.4414062e+01
   2.8555200e+06   2.5573730e+01
   2.8555340e+06   2.6428223e+01
   2.8555540e+06   2.8198242e+01
   2.8557630e+06   2.4230957e+01
   2.8557950e+06   2.6062012e+01
   2.8558460e+06   3.7048340e+01
   2.8559360e+06   2.4597168e+01
   2.8559820e+06   2.3803711e+01
   2.8560750e+06   3.0517578e+01
   2.8561340e+06   3.2897949e+01
   2.8561950e+06   2.7099609e+01
   2.8562250e+06   2.9357910e+01
   2.8564670e+06   2.8930664e+01
   2.8565520e+06   2.9174805e+01
   2.8566100e+06   2.8198242e+01
   2.8567540e+06   2.4475098e+01
   2.8568260e+06   2.8930664e+01
   2.8569410e+06   3.3142090e+01
   2.8571050e+06   2.5451660e+01
   2.8572740e+06   2.4963379e+01
   2.8573300e+06   2.3681641e+01
   2.8573920e+06   3.0212402e+01
   2.8574500e+06   2.4414062e+01
   2.8575590e+06   2.5939941e+01
   2.8576190e+06   2.8076172e+01
   2.8577680e+06   2.7038574e+01
   2.8580830e+06   2.4475098e+01
   2.8584080e+06   2.6123047e+01
   2.8586290e+06   2.3742676e+01
   2.8586840e+06   2.5268555e+01
   2.8645520e+06   2.3986816e+01
   2.8651910e+06   3.5705566e+01
   2.8652200e+06   3.5034180e+01
   2.8652970e+06   2.4963379e+01
   2.8653320e+06   3.8269043e+01
   2.8653480e+06   2.4047852e+01
   2.8653950e+06   2.9663086e+01
   2.8654440e+06   5.3100586e+01
   2.8654660e+06   2.4414062e+01
   2.8654910e+06   2.8869629e+01
   2.8655180e+06   2.8320312e+01
   2.8655350e+06   2.5573730e+01
   2.8655550e+06   3.3325195e+01
   2.8655850e+06   4.8583984e+01
   2.8656150e+06   3.7170410e+01
   2.8656330e+06   4.0954590e+01
   2.8656810e+06   2.9907227e+01
   2.8656940e+06   3.2287598e+01
   2.8657260e+06   3.8696289e+01
   2.8657500e+06   5.0354004e+01
   2.8657680e+06   2.6428223e+01
   2.8657990e+06   4.4067383e+01
   2.8658160e+06   2.7038574e+01
   2.8658380e+06   3.1250000e+01
   2.8658610e+06   4.2419434e+01
   2.8658860e+06   2.8564453e+01
   2.8659030e+06   3.2104492e+01
   2.8659300e+06   6.0302734e+01
   2.8659470e+06   4.1748047e+01
   2.8659680e+06   3.0029297e+01
   2.8660010e+06   4.3579102e+01
   2.8660370e+06   2.5268555e+01
   2.8660680e+06   4.2358398e+01
   2.8660800e+06   3.6254883e+01
   2.8661260e+06   3.7292480e+01
   2.8661700e+06   2.8198242e+01
   2.8661940e+06   2.5634766e+01
   2.8662180e+06   2.7832031e+01
   2.8662510e+06   2.8259277e+01
   2.8662680e+06   3.0456543e+01
   2.8663320e+06   2.5512695e+01
   2.8663960e+06   2.4047852e+01
   2.8664140e+06   2.5024414e+01
   2.8664760e+06   2.8076172e+01
   2.8665240e+06   2.4169922e+01
   2.8666430e+06   2.8259277e+01
   2.8667110e+06   2.5451660e+01
   2.8667340e+06   2.4719238e+01
   2.8668110e+06   2.8381348e+01
   2.8670260e+06   2.6245117e+01
   2.8672360e+06   2.8808594e+01
   2.8677790e+06   2.6367188e+01
   2.8678630e+06   2.4291992e+01
   2.8679000e+06   2.6062012e+01
   2.8682210e+06   2.4414062e+01
   2.8694100e+06   2.6000977e+01
   2.8696560e+06   2.4108887e+01
   2.8703100e+06   2.4536133e+01
   2.8716950e+06   2.6000977e+01
   2.8720110e+06   2.4475098e+01
   2.8726720e+06   2.4230957e+01
   2.8727290e+06   2.9602051e+01
   2.8743970e+06   2.5390625e+01
   2.8745030e+06   2.8198242e+01
   2.8752740e+06   2.8869629e+01
   2.8755730e+06   2.6672363e+01
   2.8756690e+06   2.5878906e+01
   2.8758460e+06   3.3569336e+01
   2.8761560e+06   2.5085449e+01
   2.8764070e+06   3.2531738e+01
   2.8766450e+06   2.8442383e+01
   2.8768460e+06   3.0395508e+01
   2.8769040e+06   2.6489258e+01
   2.8770240e+06   2.6733398e+01
   2.8786290e+06   3.4057617e+01
   2.8787270e+06   2.3742676e+01
   2.8788990e+06   2.4108887e+01
   2.8789850e+06   2.4597168e+01
   2.8802350e+06   3.1433105e+01
   2.8805040e+06   2.7038574e+01
   2.8805410e+06   3.0273438e+01
   2.8806880e+06   2.4536133e+01
   2.8807080e+06   2.4719238e+01
   2.8807940e+06   2.9663086e+01
   2.8808350e+06   2.3986816e+01
   2.8808550e+06   3.0456543e+01
   2.8809720e+06   2.4108887e+01
   2.8809910e+06   2.4353027e+01
   2.8810820e+06   2.9418945e+01
   2.8811140e+06   2.9235840e+01
   2.8811460e+06   7.1899414e+01
   2.8811600e+06   2.7160645e+01
   2.8812360e+06   3.1555176e+01
   2.8812570e+06   4.7058105e+01
   2.8812830e+06   4.2053223e+01
   2.8813140e+06   2.3681641e+01
   2.8813340e+06   3.2836914e+01
   2.8813740e+06   2.9907227e+01
   2.8814100e+06   2.4902344e+01
   2.8814350e+06   2.7099609e+01
   2.8814450e+06   2.6428223e+01
   2.8814770e+06   3.1677246e+01
   2.8815000e+06   3.1738281e+01
   2.8815260e+06   3.1005859e+01
   2.8815580e+06   5.0964355e+01
   2.8815890e+06   3.8208008e+01
   2.8816080e+06   2.4475098e+01
   2.8816370e+06   3.4606934e+01
   2.8816610e+06   5.6518555e+01
   2.8816910e+06   2.3742676e+01
   2.8817030e+06   3.5522461e+01
   2.8817310e+06   2.6367188e+01
   2.8817430e+06   3.6682129e+01
   2.8817660e+06   2.7832031e+01
   2.8817890e+06   2.6062012e+01
   2.8818080e+06   4.4067383e+01
   2.8818230e+06   2.9663086e+01
   2.8818590e+06   2.8747559e+01
   2.8819040e+06   3.0944824e+01
   2.8819180e+06   2.9663086e+01
   2.8819690e+06   2.4658203e+01
   2.8820060e+06   2.6672363e+01
   2.8821510e+06   2.5268555e+01
   2.8821890e+06   2.4230957e+01
   2.8822200e+06   2.7648926e+01
   2.8823140e+06   2.3803711e+01
   2.8823500e+06   2.7526855e+01
   2.8824120e+06   2.3986816e+01
   2.8824590e+06   2.6428223e+01
   2.8827340e+06   2.7709961e+01
   2.8827850e+06   2.9174805e+01
   2.8829290e+06   2.8747559e+01
   2.8829510e+06   2.3681641e+01
   2.8831820e+06   2.3681641e+01
   2.8833030e+06   2.4230957e+01
   2.8833720e+06   2.5207520e+01
   2.8836060e+06   2.3681641e+01
   2.8838660e+06   2.4108887e+01
   2.8860710e+06   2.9907227e+01
   2.8879480e+06   2.3742676e+01
   2.8904610e+06   2.4658203e+01
   2.8908120e+06   2.5024414e+01
   2.8909100e+06   2.6306152e+01
   2.8912050e+06   2.6489258e+01
   2.8918790e+06   2.9541016e+01
   2.8924200e+06   2.6428223e+01
   2.8931360e+06   2.6672363e+01
   2.8933350e+06   2.4108887e+01
   2.8948620e+06   2.8259277e+01
   2.8949920e+06   2.4169922e+01
   2.8950530e+06   2.5451660e+01
   2.8953810e+06   2.8747559e+01
   2.8959340e+06   3.1616211e+01
   2.8960660e+06   2.5146484e+01
   2.8961330e+06   2.4658203e+01
   2.8963520e+06   3.1982422e+01
   2.8965100e+06   2.4353027e+01
   2.8965690e+06   4.4067383e+01
   2.8966220e+06   2.5939941e+01
   2.8966440e+06   4.2358398e+01
   2.8966840e+06   2.3803711e+01
   2.8967070e+06   3.0639648e+01
   2.8967270e+06   2.7099609e+01
   2.8967590e+06   3.6193848e+01
   2.8967920e+06   4.2053223e+01
   2.8968160e+06   2.4780273e+01
   2.8968420e+06   2.6794434e+01
   2.8968900e+06   2.5634766e+01
   2.8969410e+06   2.7099609e+01
   2.8969890e+06   2.8686523e+01
   2.8970710e+06   3.9306641e+01
   2.8970950e+06   2.8320312e+01
   2.8971120e+06   3.0639648e+01
   2.8971370e+06   3.9062500e+01
   2.8971620e+06   2.3864746e+01
   2.8971970e+06   3.4240723e+01
   2.8972260e+06   2.4169922e+01
   2.8972500e+06   4.0283203e+01
   2.8973110e+06   2.8930664e+01
   2.8973320e+06   3.3935547e+01
   2.8973620e+06   2.9479980e+01
   2.8973910e+06   4.4250488e+01
   2.8974060e+06   2.4597168e+01
   2.8974270e+06   3.1677246e+01
   2.8974820e+06   3.3020020e+01
   2.8974940e+06   3.3813477e+01
   2.8975170e+06   2.6550293e+01
   2.8975720e+06   3.3752441e+01
   2.8975990e+06   3.1250000e+01
   2.8976210e+06   2.5085449e+01
   2.8976580e+06   2.4841309e+01
   2.8976880e+06   2.7221680e+01
   2.8977250e+06   2.6733398e+01
   2.8977680e+06   2.6428223e+01
   2.8978420e+06   2.5939941e+01
   2.8978610e+06   2.3925781e+01
   2.8979070e+06   2.4780273e+01
   2.8979930e+06   2.4108887e+01
   2.8980400e+06   2.4780273e+01
   2.8981100e+06   2.4780273e+01
   2.8981310e+06   2.4475098e+01
   2.8982940e+06   2.5695801e+01
   2.8983240e+06   2.4658203e+01
   2.8983750e+06   2.4719238e+01
   2.8983890e+06   2.6123047e+01
   2.8986010e+06   2.6306152e+01
   2.9041650e+06   2.3681641e+01
   2.9072270e+06   2.3864746e+01
   2.9076430e+06   2.5878906e+01
   2.9079170e+06   2.4719238e+01
   2.9084950e+06   2.5146484e+01
   2.9088390e+06   2.6855469e+01
   2.9101070e+06   2.5512695e+01
   2.9103820e+06   2.8259277e+01
   2.9112000e+06   2.6000977e+01
   2.9114170e+06   3.0578613e+01
   2.9116430e+06   2.6367188e+01
   2.9117810e+06   3.1677246e+01
   2.9117950e+06   2.7709961e+01
   2.9118240e+06   5.0537109e+01
   2.9119120e+06   2.7526855e+01
   2.9119430e+06   5.2307129e+01
   2.9120160e+06   3.0090332e+01
   2.9120890e+06   3.1677246e+01
   2.9121340e+06   2.7343750e+01
   2.9121570e+06   5.3100586e+01
   2.9121900e+06   2.5451660e+01
   2.9122060e+06   2.9113770e+01
   2.9122370e+06   3.3508301e+01
   2.9122970e+06   4.2480469e+01
   2.9123330e+06   3.1372070e+01
   2.9123620e+06   3.2226562e+01
   2.9123730e+06   2.5146484e+01
   2.9123940e+06   3.5400391e+01
   2.9124280e+06   2.4291992e+01
   2.9124560e+06   2.8869629e+01
   2.9125000e+06   2.5695801e+01
   2.9125110e+06   4.2907715e+01
   2.9125280e+06   3.4606934e+01
   2.9125880e+06   2.5878906e+01
   2.9126090e+06   2.7404785e+01
   2.9126370e+06   4.4128418e+01
   2.9126800e+06   2.4658203e+01
   2.9127090e+06   3.0822754e+01
   2.9127440e+06   3.5461426e+01
   2.9127890e+06   3.3691406e+01
   2.9128250e+06   2.4230957e+01
   2.9128550e+06   3.4362793e+01
   2.9129290e+06   2.7221680e+01
   2.9129700e+06   3.1921387e+01
   2.9130550e+06   3.0334473e+01
   2.9130710e+06   2.4169922e+01
   2.9131060e+06   2.4658203e+01
   2.9131640e+06   3.1433105e+01
   2.9133830e+06   2.3925781e+01
   2.9134140e+06   2.5024414e+01
   2.9134580e+06   2.3986816e+01
   2.9135560e+06   2.6062012e+01
   2.9137480e+06   2.5329590e+01
   2.9139210e+06   2.4536133e+01
   2.9165960e+06   2.5512695e+01
   2.9204800e+06   2.5085449e+01
   2.9221590e+06   2.6062012e+01
   2.9222460e+06   2.3864746e+01
   2.9246630e+06   2.3803711e+01
   2.9263880e+06   2.7221680e+01
   2.9276620e+06   2.5939941e+01
   2.9279430e+06   2.6550293e+01
   2.9279690e+06   2.4230957e+01
   2.9281670e+06   5.3283691e+01
   2.9281970e+06   3.4423828e+01
   2.9282350e+06   2.6428223e+01
   2.9282680e+06   4.4921875e+01
   2.9283120e+06   2.7832031e+01
   2.9283250e+06   3.3935547e+01
   2.9283600e+06   4.6325684e+01
   2.9284350e+06   2.3986816e+01
   2.9284490e+06   2.9907227e+01
   2.9284710e+06   4.3701172e+01
   2.9285020e+06   2.4841309e+01
   2.9285220e+06   3.3630371e+01
   2.9285490e+06   4.4067383e+01
   2.9286160e+06   2.4719238e+01
   2.9286530e+06   6.5917969e+01
   2.9286740e+06   2.7954102e+01
   2.9286900e+06   2.4902344e+01
   2.9287100e+06   2.6123047e+01
   2.9287310e+06   3.2348633e+01
   2.9287530e+06   6.0974121e+01
   2.9288230e+06   3.5278320e+01
   2.9288540e+06   3.0151367e+01
   2.9288650e+06   3.5583496e+01
   2.9288960e+06   2.9479980e+01
   2.9289270e+06   2.5085449e+01
   2.9289390e+06   3.1860352e+01
   2.9289650e+06   2.7160645e+01
   2.9289790e+06   3.2775879e+01
   2.9290010e+06   3.0517578e+01
   2.9290440e+06   2.4841309e+01
   2.9290590e+06   2.3925781e+01
   2.9291170e+06   2.3864746e+01
   2.9291410e+06   3.4545898e+01
   2.9291780e+06   2.3803711e+01
   2.9292430e+06   4.0527344e+01
   2.9292930e+06   2.5451660e+01
   2.9294650e+06   2.8320312e+01
   2.9295180e+06   2.7221680e+01
   2.9375070e+06   2.4475098e+01
   2.9395180e+06   2.4169922e+01
   2.9421250e+06   2.4902344e+01
   2.9426310e+06   2.8686523e+01
   2.9427310e+06   2.8930664e+01
   2.9427780e+06   5.9570312e+01
   2.9427910e+06   2.4230957e+01
   2.9428130e+06   2.4780273e+01
   2.9428860e+06   2.3742676e+01
   2.9429120e+06   5.0415039e+01
   2.9429510e+06   2.7343750e+01
   2.9429770e+06   2.4475098e+01
   2.9430060e+06   2.5512695e+01
   2.9430470e+06   4.9926758e+01
   2.9431000e+06   2.4291992e+01
   2.9431370e+06   2.8808594e+01
   2.9431600e+06   2.4047852e+01
   2.9431790e+06   2.3986816e+01
   2.9432270e+06   4.1503906e+01
   2.9432680e+06   2.4353027e+01
   2.9433380e+06   2.3803711e+01
   2.9433930e+06   3.6071777e+01
   2.9434160e+06   2.3681641e+01
   2.9434390e+06   3.6132812e+01
   2.9436040e+06   3.3142090e+01
   2.9436290e+06   3.5644531e+01
   2.9437980e+06   2.6245117e+01
   2.9514320e+06   2.4780273e+01
   2.9515000e+06   2.3925781e+01
   2.9516070e+06   3.1311035e+01
   2.9516250e+06   2.7587891e+01
   2.9516360e+06   6.2622070e+01
   2.9516730e+06   3.4912109e+01
   2.9516880e+06   3.2714844e+01
   2.9517300e+06   3.5888672e+01
   2.9517450e+06   5.6030273e+01
   2.9517690e+06   2.4353027e+01
   2.9518230e+06   3.0090332e+01
   2.9518460e+06   5.0231934e+01
   2.9519240e+06   3.9306641e+01
   2.9519650e+06   5.5236816e+01
   2.9519830e+06   2.5878906e+01
   2.9520060e+06   2.9968262e+01
   2.9520190e+06   4.3090820e+01
   2.9520410e+06   2.9907227e+01
   2.9520550e+06   3.9245605e+01
   2.9520770e+06   3.0639648e+01
   2.9521280e+06   4.9438477e+01
   2.9521480e+06   3.7658691e+01
   2.9522090e+06   4.1748047e+01
   2.9522310e+06   3.9672852e+01
   2.9522820e+06   2.4719238e+01
   2.9523100e+06   2.4902344e+01
   2.9523410e+06   2.4658203e+01
   2.9523650e+06   2.5451660e+01
   2.9524180e+06   2.5878906e+01
   2.9524530e+06   2.5451660e+01
   2.9524950e+06   2.5634766e+01
   2.9525110e+06   2.4536133e+01
   2.9525470e+06   2.7954102e+01
   2.9526020e+06   2.5878906e+01
   2.9526340e+06   2.4658203e+01
   2.9527340e+06   2.7221680e+01
   2.9528150e+06   2.6184082e+01
   2.9528690e+06   3.2043457e+01
   2.9529140e+06   2.6733398e+01
   2.9532060e+06   2.7099609e+01
   2.9551900e+06   2.3742676e+01
   2.9576220e+06   2.4902344e+01
   2.9659190e+06   3.1494141e+01
   2.9659730e+06   2.6062012e+01
   2.9663930e+06   2.4536133e+01
   2.9703500e+06   2.5268555e+01
   2.9704410e+06   2.3986816e+01
   2.9705900e+06   3.4423828e+01
   2.9707680e+06   2.6672363e+01
   2.9708320e+06   2.4047852e+01
   2.9708610e+06   2.4047852e+01
   2.9708960e+06   2.4475098e+01
   2.9709180e+06   2.9113770e+01
   2.9710320e+06   3.2043457e+01
   2.9710720e+06   3.2409668e+01
   2.9711010e+06   2.8625488e+01
   2.9711180e+06   2.8808594e+01
   2.9712090e+06   2.6428223e+01
   2.9712210e+06   2.8564453e+01
   2.9712430e+06   3.7963867e+01
   2.9712670e+06   3.0822754e+01
   2.9713190e+06   2.3864746e+01
   2.9713960e+06   2.5024414e+01
   2.9714160e+06   2.3864746e+01
   2.9714480e+06   2.6123047e+01
   2.9714750e+06   2.6306152e+01
   2.9715170e+06   3.1188965e+01
   2.9715350e+06   3.2775879e+01
   2.9715620e+06   2.9968262e+01
   2.9715860e+06   4.0771484e+01
   2.9716150e+06   4.4677734e+01
   2.9716650e+06   3.0273438e+01
   2.9716990e+06   3.9001465e+01
   2.9717540e+06   2.4902344e+01
   2.9717910e+06   2.5573730e+01
   2.9718010e+06   3.9062500e+01
   2.9718170e+06   2.9235840e+01
   2.9718400e+06   2.7160645e+01
   2.9718870e+06   4.1931152e+01
   2.9719220e+06   3.7414551e+01
   2.9719720e+06   4.1259766e+01
   2.9720140e+06   2.5695801e+01
   2.9720430e+06   2.7587891e+01
   2.9720610e+06   2.6428223e+01
   2.9721300e+06   2.3925781e+01
   2.9721420e+06   3.7170410e+01
   2.9722330e+06   3.0578613e+01
   2.9722430e+06   2.6916504e+01
   2.9723240e+06   4.0771484e+01
   2.9723590e+06   3.1188965e+01
   2.9724270e+06   2.7160645e+01
   2.9724560e+06   2.4963379e+01
   2.9725130e+06   2.4047852e+01
   2.9725490e+06   2.3742676e+01
   2.9726500e+06   2.7404785e+01
   2.9728340e+06   2.5451660e+01
   2.9728560e+06   3.0517578e+01
   2.9732820e+06   2.4780273e+01
   2.9793910e+06   2.4108887e+01
   2.9863900e+06   2.4780273e+01
   2.9881960e+06   3.4851074e+01
   2.9883200e+06   2.4475098e+01
   2.9883980e+06   2.8259277e+01
   2.9885600e+06   4.8095703e+01
   2.9885710e+06   2.9479980e+01
   2.9886670e+06   4.6081543e+01
   2.9886930e+06   2.9296875e+01
   2.9887060e+06   2.7770996e+01
   2.9887270e+06   2.6062012e+01
   2.9887550e+06   2.5390625e+01
   2.9887760e+06   2.6184082e+01
   2.9888350e+06   2.6428223e+01
   2.9888540e+06   4.0649414e+01
   2.9888740e+06   3.3508301e+01
   2.9888850e+06   3.4667969e+01
   2.9889050e+06   2.6855469e+01
   2.9889440e+06   6.1401367e+01
   2.9889750e+06   2.8137207e+01
   2.9889860e+06   2.6245117e+01
   2.9890160e+06   3.9245605e+01
   2.9890700e+06   2.7465820e+01
   2.9890810e+06   3.0212402e+01
   2.9891080e+06   4.0466309e+01
   2.9891440e+06   2.4597168e+01
   2.9891820e+06   4.0893555e+01
   2.9892070e+06   2.8503418e+01
   2.9892200e+06   2.4047852e+01
   2.9892570e+06   3.4790039e+01
   2.9892930e+06   2.5573730e+01
   2.9893360e+06   2.8381348e+01
   2.9893780e+06   2.6672363e+01
   2.9894190e+06   2.4902344e+01
   2.9894460e+06   2.3681641e+01
   2.9894860e+06   3.5522461e+01
   2.9895750e+06   2.5024414e+01
   2.9895880e+06   2.5390625e+01
   2.9896730e+06   2.6367188e+01
   2.9896940e+06   2.4169922e+01
   2.9899920e+06   3.1066895e+01
   2.9900420e+06   2.4597168e+01
   2.9900690e+06   2.4841309e+01
   2.9901470e+06   3.0090332e+01
   2.9903230e+06   2.5695801e+01
   2.9938750e+06   2.3864746e+01
   2.9978710e+06   2.3925781e+01
   2.9983650e+06   2.4291992e+01
   3.0061580e+06   2.3742676e+01
   3.0062780e+06   3.0334473e+01
   3.0063090e+06   2.5085449e+01
   3.0063230e+06   2.4597168e+01
   3.0063480e+06   2.6977539e+01
   3.0063820e+06   2.3803711e+01
   3.0065070e+06   2.4536133e+01
   3.0065580e+06   2.4841309e+01
   3.0065900e+06   2.4902344e+01
   3.0067310e+06   5.3649902e+01
   3.0067490e+06   3.3996582e+01
   3.0068100e+06   2.5268555e+01
   3.0068970e+06   5.5786133e+01
   3.0069340e+06   2.6855469e+01
   3.0069820e+06   2.5573730e+01
   3.0070200e+06   2.9357910e+01
   3.0070330e+06   5.7006836e+01
   3.0070710e+06   2.7099609e+01
   3.0071120e+06   2.5268555e+01
   3.0071520e+06   4.3457031e+01
   3.0071640e+06   2.8686523e+01
   3.0071930e+06   2.5024414e+01
   3.0072290e+06   4.1015625e+01
   3.0072740e+06   2.4047852e+01
   3.0072980e+06   3.0273438e+01
   3.0073290e+06   3.5339355e+01
   3.0073720e+06   2.8747559e+01
   3.0074090e+06   4.1320801e+01
   3.0074400e+06   2.4230957e+01
   3.0074850e+06   2.8015137e+01
   3.0075250e+06   2.9846191e+01
   3.0075500e+06   2.3925781e+01
   3.0075840e+06   3.2409668e+01
   3.0075950e+06   2.6306152e+01
   3.0076520e+06   4.4860840e+01
   3.0077130e+06   2.8503418e+01
   3.0077660e+06   2.9541016e+01
   3.0077960e+06   2.9174805e+01
   3.0079590e+06   2.8686523e+01
   3.0080020e+06   2.5695801e+01
   3.0081350e+06   2.7587891e+01
   3.0082420e+06   2.4414062e+01
   3.0084180e+06   2.4963379e+01
   3.0085500e+06   3.1738281e+01
   3.0228420e+06   2.3681641e+01
   3.0230290e+06   2.3803711e+01
   3.0230920e+06   2.6916504e+01
   3.0233300e+06   2.7099609e+01
   3.0235690e+06   2.6611328e+01
   3.0235890e+06   2.4414062e+01
   3.0237060e+06   2.3681641e+01
   3.0283080e+06   2.3681641e+01
   3.0297060e+06   2.6977539e+01
   3.0298480e+06   2.3681641e+01
   3.0298690e+06   3.0944824e+01
   3.0299550e+06   3.1433105e+01
   3.0300330e+06   5.2001953e+01
   3.0300520e+06   2.5207520e+01
   3.0301750e+06   2.4047852e+01
   3.0302540e+06   2.7709961e+01
   3.0302740e+06   3.3508301e+01
   3.0303210e+06   3.5888672e+01
   3.0303440e+06   5.2062988e+01
   3.0303800e+06   2.6550293e+01
   3.0304090e+06   4.2114258e+01
   3.0304300e+06   3.8940430e+01
   3.0304690e+06   3.2287598e+01
   3.0305170e+06   2.4047852e+01
   3.0305470e+06   4.4189453e+01
   3.0305630e+06   2.9479980e+01
   3.0305960e+06   3.9489746e+01
   3.0306190e+06   2.6916504e+01
   3.0306510e+06   3.3569336e+01
   3.0306790e+06   5.2124023e+01
   3.0306940e+06   3.2531738e+01
   3.0307350e+06   2.3681641e+01
   3.0307510e+06   4.6264648e+01
   3.0307860e+06   2.5390625e+01
   3.0308280e+06   3.7048340e+01
   3.0308540e+06   2.3803711e+01
   3.0308830e+06   3.5705566e+01
   3.0309220e+06   2.7832031e+01
   3.0309440e+06   2.7282715e+01
   3.0309830e+06   3.2104492e+01
   3.0310680e+06   3.3386230e+01
   3.0311220e+06   2.9724121e+01
   3.0312010e+06   2.6611328e+01
   3.0315470e+06   2.8198242e+01
   3.0316340e+06   2.4658203e+01
   3.0317040e+06   2.8137207e+01
   3.0317230e+06   2.8503418e+01
   3.0318280e+06   2.6306152e+01
   3.0326910e+06   2.7038574e+01
   3.0577010e+06   3.5400391e+01
   3.0578710e+06   2.8930664e+01
   3.0579060e+06   2.5024414e+01
   3.0579840e+06   2.5085449e+01
   3.0580060e+06   2.4841309e+01
   3.0580490e+06   2.4047852e+01
   3.0580840e+06   4.3334961e+01
   3.0582000e+06   2.5329590e+01
   3.0582660e+06   2.4597168e+01
   3.0582790e+06   2.8442383e+01
   3.0583190e+06   3.8635254e+01
   3.0583440e+06   5.0231934e+01
   3.0583760e+06   3.9550781e+01
   3.0584160e+06   2.8259277e+01
   3.0584360e+06   4.2053223e+01
   3.0584650e+06   3.1433105e+01
   3.0584890e+06   2.4719238e+01
   3.0585070e+06   3.0517578e+01
   3.0585370e+06   2.4414063e+01
   3.0585560e+06   4.8339844e+01
   3.0585770e+06   2.4353027e+01
   3.0586130e+06   2.6245117e+01
   3.0586340e+06   2.9052734e+01
   3.0586610e+06   3.3020020e+01
   3.0586980e+06   3.4545898e+01
   3.0587660e+06   3.0822754e+01
   3.0587770e+06   3.1127930e+01
   3.0588020e+06   2.4658203e+01
   3.0588950e+06   2.3803711e+01
   3.0589060e+06   2.6123047e+01
   3.0589620e+06   2.4658203e+01
   3.0589920e+06   2.5451660e+01
   3.0590330e+06   3.4606934e+01
   3.0591080e+06   2.5939941e+01
   3.0591650e+06   2.4353027e+01
   3.0591950e+06   2.8442383e+01
   3.0592490e+06   2.4169922e+01
   3.0593140e+06   2.5573730e+01
   3.0593270e+06   2.6855469e+01
   3.0594280e+06   2.8381348e+01
   3.0594850e+06   2.9479980e+01
   3.0595320e+06   2.5573730e+01
   3.0595850e+06   2.4353027e+01
   3.0598090e+06   2.5390625e+01
   3.0599390e+06   2.6000977e+01
   3.0600790e+06   3.5522461e+01
   3.0602130e+06   2.4963379e+01
   3.0790780e+06   2.9724121e+01
   3.0791240e+06   2.5573730e+01
   3.0793650e+06   2.7832031e+01
   3.0795930e+06   2.4047852e+01
   3.0796750e+06   2.6428223e+01
   3.0798040e+06   2.4719238e+01
   3.0798770e+06   2.3742676e+01
   3.0799370e+06   2.7343750e+01
   3.0801360e+06   2.4108887e+01
   3.0803840e+06   2.5390625e+01
   3.0875190e+06   2.4902344e+01
   3.0876300e+06   2.7099609e+01
   3.0876620e+06   2.6611328e+01
   3.0878320e+06   2.7099609e+01
   3.0878670e+06   2.4291992e+01
   3.0879840e+06   2.4841309e+01
   3.0880370e+06   3.9123535e+01
   3.0880790e+06   3.3020020e+01
   3.0881220e+06   2.7709961e+01
   3.0883460e+06   2.3681641e+01
   3.0884600e+06   2.8259277e+01
   3.0886390e+06   2.6000977e+01
   3.0890890e+06   2.9296875e+01
   3.0943420e+06   2.4902344e+01
   3.0943630e+06   2.6123047e+01
   3.0943990e+06   2.3925781e+01
   3.0945650e+06   3.3691406e+01
   3.0946660e+06   2.4414062e+01
   3.0946850e+06   2.3864746e+01
   3.0947210e+06   3.1372070e+01
   3.0948610e+06   2.3925781e+01
   3.0951440e+06   3.6254883e+01
   3.0953060e+06   2.4047852e+01
   3.1005590e+06   2.4230957e+01
   3.1005920e+06   3.1982422e+01
   3.1006740e+06   2.9602051e+01
   3.1007820e+06   3.0822754e+01
   3.1008050e+06   2.4475098e+01
   3.1008870e+06   2.4108887e+01
   3.1009210e+06   2.4414062e+01
   3.1010130e+06   3.0944824e+01
   3.1010480e+06   2.3864746e+01
   3.1010820e+06   3.5461426e+01
   3.1011520e+06   2.7465820e+01
   3.1012060e+06   2.4047852e+01
   3.1012280e+06   5.1147461e+01
   3.1012580e+06   2.3803711e+01
   3.1013740e+06   2.5024414e+01
   3.1014440e+06   2.5024414e+01
   3.1062660e+06   2.7282715e+01
   3.1062890e+06   4.6081543e+01
   3.1063260e+06   2.6916504e+01
   3.1063600e+06   2.6367188e+01
   3.1064540e+06   2.8503418e+01
   3.1066000e+06   2.7832031e+01
   3.1066430e+06   2.4230957e+01
   3.1066970e+06   2.3803711e+01
   3.1067430e+06   2.6855469e+01
   3.1068010e+06   3.2592773e+01
   3.1068120e+06   2.6306152e+01
   3.1068460e+06   2.5756836e+01
   3.1069970e+06   2.7832031e+01
   3.1072610e+06   2.3986816e+01
   3.1118630e+06   3.0334473e+01
   3.1120270e+06   3.5705566e+01
   3.1121820e+06   4.9438477e+01
   3.1123420e+06   3.0090332e+01
   3.1180950e+06   2.6794434e+01
   3.1182460e+06   3.0944824e+01
   3.1184010e+06   4.1687012e+01
   3.1184920e+06   2.4719238e+01
   3.1185800e+06   3.5095215e+01
   3.1186060e+06   2.9052734e+01
   3.1186280e+06   3.1188965e+01
   3.1187310e+06   2.4169922e+01
   3.1188800e+06   2.3986816e+01
   3.1189380e+06   3.0761719e+01
   3.1190550e+06   2.7832031e+01
   3.1237940e+06   2.5512695e+01
   3.1238350e+06   3.2592773e+01
   3.1239180e+06   2.5878906e+01
   3.1239990e+06   2.9357910e+01
   3.1240360e+06   3.5034180e+01
   3.1240900e+06   3.0395508e+01
   3.1241650e+06   3.2470703e+01
   3.1242530e+06   2.6794434e+01
   3.1244460e+06   3.2043457e+01
   3.1246340e+06   2.7404785e+01
   3.1303830e+06   3.2287598e+01
   3.1304120e+06   2.7038574e+01
   3.1304320e+06   3.2348633e+01
   3.1305100e+06   2.5695801e+01
   3.1305250e+06   3.0822754e+01
   3.1305930e+06   2.6489258e+01
   3.1306530e+06   2.8076172e+01
   3.1306720e+06   2.6611328e+01
   3.1306840e+06   2.5512695e+01
   3.1308210e+06   2.7038574e+01
   3.1309140e+06   2.8869629e+01
   3.1310480e+06   3.3081055e+01
   3.1314400e+06   2.7160645e+01
   3.1362800e+06   3.3874512e+01
   3.1363310e+06   2.4475098e+01
   3.1363650e+06   2.8564453e+01
   3.1364030e+06   3.0578613e+01
   3.1364230e+06   2.9296875e+01
   3.1366020e+06   2.7099609e+01
   3.1366860e+06   2.7282715e+01
   3.1367590e+06   2.4475098e+01
   3.1368260e+06   2.4353027e+01
   3.1369370e+06   2.6611328e+01
   3.1370480e+06   3.2348633e+01
   3.1410640e+06   4.2053223e+01
   3.1411030e+06   2.6550293e+01
   3.1411530e+06   3.4179688e+01
   3.1412060e+06   3.1616211e+01
   3.1413700e+06   3.3691406e+01
   3.1414570e+06   2.4230957e+01
   3.1416110e+06   3.0517578e+01
   3.1470490e+06   2.7099609e+01
   3.1470870e+06   2.6123047e+01
   3.1471080e+06   3.1860352e+01
   3.1472700e+06   2.7099609e+01
   3.1473020e+06   2.8930664e+01
   3.1473950e+06   2.8381348e+01
   3.1474470e+06   2.4353027e+01
   3.1475330e+06   2.5817871e+01
   3.1476200e+06   2.9663086e+01
   3.1476970e+06   2.6428223e+01
   3.1477230e+06   2.3864746e+01
   3.1477840e+06   3.4545898e+01
   3.1479150e+06   2.3742676e+01
   3.1525620e+06   2.4108887e+01
   3.1526150e+06   4.2297363e+01
   3.1526660e+06   2.6855469e+01
   3.1527260e+06   2.7954102e+01
   3.1527570e+06   3.7231445e+01
   3.1528650e+06   2.6550293e+01
   3.1528880e+06   3.0029297e+01
   3.1531690e+06   2.4047852e+01
   3.1532550e+06   2.8930664e+01
   3.1535260e+06   2.4230957e+01
   3.1586670e+06   3.0334473e+01
   3.1587060e+06   3.6010742e+01
   3.1587280e+06   3.1982422e+01
   3.1587800e+06   3.3325195e+01
   3.1589360e+06   2.4719238e+01
   3.1590630e+06   2.8320312e+01
   3.1591190e+06   4.5104980e+01
   3.1593880e+06   3.1433105e+01
   3.1597800e+06   2.4353027e+01
   3.1647660e+06   3.3813477e+01
   3.1647900e+06   2.5756836e+01
   3.1648320e+06   2.7282715e+01
   3.1648630e+06   3.1250000e+01
   3.1649690e+06   2.8259277e+01
   3.1650360e+06   2.5634766e+01
   3.1652190e+06   3.1005859e+01
   3.1652860e+06   2.4230957e+01
   3.1655110e+06   2.5024414e+01
   3.1701800e+06   5.3649902e+01
   3.1701930e+06   2.8869629e+01
   3.1702230e+06   2.7832031e+01
   3.1702940e+06   3.0883789e+01
   3.1703110e+06   2.9541016e+01
   3.1703550e+06   2.6611328e+01
   3.1704470e+06   3.1616211e+01
   3.1704610e+06   2.9357910e+01
   3.1706700e+06   3.2836914e+01
   3.1707050e+06   2.8259277e+01
   3.1709670e+06   2.9785156e+01
   3.1763420e+06   2.4108887e+01
   3.1763990e+06   2.9357910e+01
   3.1764370e+06   4.0527344e+01
   3.1764790e+06   2.7832031e+01
   3.1765500e+06   3.5827637e+01
   3.1766150e+06   2.5817871e+01
   3.1766330e+06   2.6794434e+01
   3.1768010e+06   2.4658203e+01
   3.1768480e+06   2.7893066e+01
   3.1769730e+06   3.2531738e+01
   3.1773100e+06   2.7587891e+01
   3.1773610e+06   3.0151367e+01
   3.1831210e+06   2.9846191e+01
   3.1831540e+06   3.9245605e+01
   3.1831780e+06   2.3986816e+01
   3.1832130e+06   2.6672363e+01
   3.1832480e+06   4.1076660e+01
   3.1832900e+06   2.9602051e+01
   3.1833270e+06   2.8930664e+01
   3.1833830e+06   3.0090332e+01
   3.1834130e+06   2.7160645e+01
   3.1834620e+06   2.5207520e+01
   3.1835790e+06   3.1433105e+01
   3.1836240e+06   2.7770996e+01
   3.1837890e+06   3.2226562e+01
   3.1840050e+06   2.7282715e+01
   3.1888440e+06   2.5573730e+01
   3.1889230e+06   4.0039062e+01
   3.1889790e+06   3.0029297e+01
   3.1889990e+06   2.9418945e+01
   3.1890900e+06   2.9052734e+01
   3.1891230e+06   3.4851074e+01
   3.1893140e+06   2.6123047e+01
   3.1895330e+06   2.9174805e+01
   3.1897150e+06   2.7221680e+01
   3.1956050e+06   2.6367188e+01
   3.1956580e+06   2.4047852e+01
   3.1956710e+06   2.4414062e+01
   3.1957060e+06   3.2165527e+01
   3.1957510e+06   3.0883789e+01
   3.1958340e+06   2.6000977e+01
   3.1958440e+06   2.4108887e+01
   3.1958610e+06   2.3925781e+01
   3.1960050e+06   3.7231445e+01
   3.1961670e+06   2.4597168e+01
   3.1962240e+06   2.7221680e+01
   3.2023180e+06   2.5268555e+01
   3.2023390e+06   2.6855469e+01
   3.2023620e+06   4.0954590e+01
   3.2024410e+06   3.1127930e+01
   3.2024600e+06   2.8381348e+01
   3.2025400e+06   3.2775879e+01
   3.2025670e+06   2.9113770e+01
   3.2025910e+06   2.3925781e+01
   3.2026080e+06   2.3681641e+01
   3.2026600e+06   2.7770996e+01
   3.2027330e+06   3.0029297e+01
   3.2027560e+06   3.2531738e+01
   3.2029310e+06   3.6926270e+01
   3.2034510e+06   2.3742676e+01
   3.2081020e+06   3.5095215e+01
   3.2081220e+06   3.2958984e+01
   3.2082370e+06   3.2775879e+01
   3.2084170e+06   2.7526855e+01
   3.2090780e+06   2.5207520e+01
   3.2149800e+06   2.5329590e+01
   3.2150110e+06   3.2836914e+01
   3.2150700e+06   3.4912109e+01
   3.2151370e+06   3.1494141e+01
   3.2151990e+06   3.0212402e+01
   3.2152690e+06   2.4719238e+01
   3.2153710e+06   2.5512695e+01
   3.2155480e+06   4.2663574e+01
   3.2156120e+06   2.4353027e+01
   3.2157750e+06   3.0029297e+01
   3.2210400e+06   2.8320312e+01
   3.2210730e+06   2.5146484e+01
   3.2210970e+06   4.3151855e+01
   3.2211520e+06   2.4902344e+01
   3.2212150e+06   2.4047852e+01
   3.2212670e+06   2.4169922e+01
   3.2212990e+06   2.4475098e+01
   3.2216860e+06   2.8686523e+01
   3.2218550e+06   2.6489258e+01
   3.2288300e+06   4.6203613e+01
   3.2288580e+06   2.7526855e+01
   3.2288870e+06   2.5512695e+01
   3.2289410e+06   2.7770996e+01
   3.2289600e+06   2.3681641e+01
   3.2290300e+06   2.6977539e+01
   3.2290550e+06   3.7109375e+01
   3.2290780e+06   3.5095215e+01
   3.2292070e+06   3.0944824e+01
   3.2292960e+06   2.8198242e+01
   3.2293400e+06   2.4230957e+01
   3.2293660e+06   2.5085449e+01
   3.2293770e+06   2.6977539e+01
   3.2295240e+06   2.3986816e+01
   3.2295730e+06   2.3681641e+01
   3.2359600e+06   2.6367188e+01
   3.2359970e+06   2.9968262e+01
   3.2360370e+06   3.0151367e+01
   3.2360530e+06   2.5634766e+01
   3.2360870e+06   3.4362793e+01
   3.2361930e+06   3.9733887e+01
   3.2362190e+06   2.4169922e+01
   3.2363090e+06   2.4719238e+01
   3.2363450e+06   3.3569336e+01
   3.2364180e+06   2.4353027e+01
   3.2365070e+06   3.0578613e+01
   3.2442140e+06   3.3325195e+01
   3.2442330e+06   2.8076172e+01
   3.2442520e+06   2.5329590e+01
   3.2442870e+06   4.6447754e+01
   3.2443270e+06   2.5695801e+01
   3.2443890e+06   2.6611328e+01
   3.2444170e+06   2.9174805e+01
   3.2444830e+06   3.0456543e+01
   3.2445740e+06   2.8198242e+01
   3.2447310e+06   4.1015625e+01
   3.2448660e+06   2.4353027e+01
   3.2449830e+06   2.9296875e+01
   3.2453730e+06   2.7343750e+01
   3.2533550e+06   3.2226562e+01
   3.2534470e+06   4.2297363e+01
   3.2535030e+06   2.7099609e+01
   3.2535280e+06   3.1433105e+01
   3.2535590e+06   5.0903320e+01
   3.2536170e+06   2.8442383e+01
   3.2536280e+06   3.5034180e+01
   3.2536440e+06   2.3742676e+01
   3.2537420e+06   3.0639648e+01
   3.2537910e+06   2.6977539e+01
   3.2538300e+06   2.8747559e+01
   3.2538550e+06   2.6916504e+01
   3.2539610e+06   3.1799316e+01
   3.2540000e+06   3.0395508e+01
   3.2541180e+06   2.5634766e+01
   3.2541650e+06   3.1921387e+01
   3.2541810e+06   2.4841309e+01
   3.2543470e+06   3.1982422e+01
   3.2611480e+06   3.2958984e+01
   3.2611810e+06   2.3925781e+01
   3.2612690e+06   2.6550293e+01
   3.2613030e+06   2.7526855e+01
   3.2614000e+06   3.1188965e+01
   3.2614440e+06   2.4108887e+01
   3.2614970e+06   3.1005859e+01
   3.2615520e+06   3.4423828e+01
   3.2616330e+06   2.4963379e+01
   3.2619210e+06   3.1066895e+01
   3.2624590e+06   3.0883789e+01
   3.2696850e+06   2.8076172e+01
   3.2697560e+06   2.6000977e+01
   3.2698640e+06   2.4414062e+01
   3.2698930e+06   2.8076172e+01
   3.2699340e+06   2.6184082e+01
   3.2700220e+06   2.6672363e+01
   3.2700900e+06   2.4658203e+01
   3.2701090e+06   2.3742676e+01
   3.2701540e+06   2.9846191e+01
   3.2702140e+06   2.7099609e+01
   3.2703650e+06   3.3508301e+01
   3.2704200e+06   2.4047852e+01
   3.2706070e+06   2.5634766e+01
   3.2706720e+06   2.4963379e+01
   3.2779280e+06   2.6062012e+01
   3.2779500e+06   2.5939941e+01
   3.2780280e+06   3.6926270e+01
   3.2780690e+06   2.6550293e+01
   3.2781130e+06   2.4658203e+01
   3.2781290e+06   2.5146484e+01
   3.2781680e+06   3.2409668e+01
   3.2782400e+06   2.3742676e+01
   3.2782640e+06   3.0517578e+01
   3.2784100e+06   3.9184570e+01
   3.2785610e+06   3.0639648e+01
   3.2787130e+06   2.6245117e+01
   3.2787570e+06   2.9235840e+01
   3.2787900e+06   2.8137207e+01
   3.2789010e+06   2.3925781e+01
   3.2870690e+06   3.6621094e+01
   3.2870900e+06   2.5085449e+01
   3.2871380e+06   2.7526855e+01
   3.2871830e+06   3.9794922e+01
   3.2872950e+06   2.5512695e+01
   3.2873080e+06   2.6977539e+01
   3.2873360e+06   2.7648926e+01
   3.2873600e+06   2.6916504e+01
   3.2874080e+06   3.2104492e+01
   3.2875180e+06   4.1564941e+01
   3.2875340e+06   3.3081055e+01
   3.2876250e+06   2.3742676e+01
   3.2876570e+06   3.7353516e+01
   3.2877090e+06   2.7893066e+01
   3.2877520e+06   2.8381348e+01
   3.2879590e+06   2.8625488e+01
   3.2881700e+06   2.4414062e+01
   3.2954280e+06   2.7954102e+01
   3.2955600e+06   3.2897949e+01
   3.2955870e+06   3.1127930e+01
   3.2956490e+06   4.5166016e+01
   3.2957020e+06   3.2104492e+01
   3.2957220e+06   2.3681641e+01
   3.2957990e+06   2.7954102e+01
   3.2958370e+06   2.4780273e+01
   3.2958820e+06   2.4902344e+01
   3.2960280e+06   2.6550293e+01
   3.2962080e+06   2.4475098e+01
   3.2962420e+06   2.9052734e+01
   3.2963680e+06   2.4719238e+01
   3.3040190e+06   2.5878906e+01
   3.3040320e+06   2.6123047e+01
   3.3040640e+06   3.2653809e+01
   3.3041550e+06   3.0212402e+01
   3.3041670e+06   3.8757324e+01
   3.3042770e+06   2.8381348e+01
   3.3043820e+06   2.5085449e+01
   3.3044050e+06   3.4484863e+01
   3.3045320e+06   2.9663086e+01
   3.3045550e+06   2.9235840e+01
   3.3046210e+06   3.1188965e+01
   3.3046850e+06   2.7587891e+01
   3.3049150e+06   3.3630371e+01
   3.3049760e+06   2.5146484e+01
   3.3144210e+06   4.1137695e+01
   3.3144710e+06   2.5512695e+01
   3.3145200e+06   3.1433105e+01
   3.3146270e+06   2.4963379e+01
   3.3146430e+06   3.5156250e+01
   3.3146960e+06   2.6916504e+01
   3.3147260e+06   2.4841309e+01
   3.3147440e+06   3.3935547e+01
   3.3148090e+06   2.4291992e+01
   3.3148590e+06   2.5329590e+01
   3.3148840e+06   5.0415039e+01
   3.3150220e+06   3.7780762e+01
   3.3151480e+06   3.4484863e+01
   3.3151760e+06   2.7404785e+01
   3.3153530e+06   2.5207520e+01
   3.3237580e+06   2.8442383e+01
   3.3237980e+06   2.6245117e+01
   3.3238390e+06   2.9418945e+01
   3.3238630e+06   2.9479980e+01
   3.3238750e+06   3.0944824e+01
   3.3239180e+06   2.7832031e+01
   3.3240020e+06   2.9052734e+01
   3.3240870e+06   3.6926270e+01
   3.3241100e+06   2.4780273e+01
   3.3241520e+06   2.8015137e+01
   3.3242030e+06   2.4230957e+01
   3.3242880e+06   2.6489258e+01
   3.3242980e+06   2.6306152e+01
   3.3244170e+06   3.1433105e+01
   3.3249860e+06   3.5766602e+01
   3.3253040e+06   3.5461426e+01
   3.3328320e+06   2.8564453e+01
   3.3328760e+06   2.9785156e+01
   3.3329160e+06   2.9968262e+01
   3.3329340e+06   2.4047852e+01
   3.3329880e+06   2.5512695e+01
   3.3330580e+06   3.4973145e+01
   3.3330890e+06   3.2775879e+01
   3.3331290e+06   2.5024414e+01
   3.3332280e+06   2.6550293e+01
   3.3332910e+06   2.4475098e+01
   3.3333130e+06   3.5644531e+01
   3.3334170e+06   3.1433105e+01
   3.3338140e+06   3.0639648e+01
   3.3427030e+06   3.0151367e+01
   3.3427460e+06   3.0578613e+01
   3.3427860e+06   3.4118652e+01
   3.3428090e+06   3.1311035e+01
   3.3428320e+06   3.4240723e+01
   3.3428570e+06   2.4597168e+01
   3.3428950e+06   3.0944824e+01
   3.3429250e+06   2.9418945e+01
   3.3429480e+06   2.6245117e+01
   3.3429700e+06   2.5451660e+01
   3.3430160e+06   4.0588379e+01
   3.3430670e+06   3.5156250e+01
   3.3431360e+06   3.0395508e+01
   3.3431710e+06   2.4841309e+01
   3.3431990e+06   3.3264160e+01
   3.3432180e+06   2.6245117e+01
   3.3432630e+06   2.4536133e+01
   3.3433340e+06   3.3569336e+01
   3.3434480e+06   2.8625488e+01
   3.3434680e+06   2.6977539e+01
   3.3436950e+06   2.7038574e+01
   3.3549780e+06   3.3935547e+01
   3.3550240e+06   2.3681641e+01
   3.3550930e+06   2.8259277e+01
   3.3551160e+06   3.2409668e+01
   3.3551330e+06   4.4982910e+01
   3.3551580e+06   2.7465820e+01
   3.3551750e+06   2.4780273e+01
   3.3552040e+06   2.4658203e+01
   3.3552230e+06   4.2297363e+01
   3.3552480e+06   2.7893066e+01
   3.3552970e+06   2.6489258e+01
   3.3553260e+06   2.5207520e+01
   3.3553410e+06   2.4658203e+01
   3.3553830e+06   2.4230957e+01
   3.3554360e+06   2.7709961e+01
   3.3554560e+06   2.7770996e+01
   3.3555220e+06   2.3803711e+01
   3.3555660e+06   2.9235840e+01
   3.3555870e+06   2.8747559e+01
   3.3556010e+06   2.4475098e+01
   3.3556550e+06   3.7292480e+01
   3.3556740e+06   3.5400391e+01
   3.3557340e+06   2.4291992e+01
   3.3558280e+06   2.8869629e+01
   3.3558520e+06   2.3864746e+01
   3.3560220e+06   2.6184082e+01
   3.3566880e+06   2.3742676e+01
   3.3656160e+06   3.5400391e+01
   3.3656390e+06   2.5146484e+01
   3.3656540e+06   2.8259277e+01
   3.3656930e+06   3.4790039e+01
   3.3657110e+06   5.0537109e+01
   3.3657840e+06   2.8015137e+01
   3.3658310e+06   3.2653809e+01
   3.3658680e+06   3.5949707e+01
   3.3659480e+06   2.3803711e+01
   3.3659730e+06   2.6977539e+01
   3.3660230e+06   2.4475098e+01
   3.3661520e+06   2.5451660e+01
   3.3661840e+06   2.3681641e+01
   3.3662030e+06   3.8696289e+01
   3.3662160e+06   2.3864746e+01
   3.3663410e+06   3.1433105e+01
   3.3665880e+06   2.3803711e+01
   3.3751080e+06   2.8259277e+01
   3.3751910e+06   2.8625488e+01
   3.3752060e+06   2.6977539e+01
   3.3752230e+06   3.4118652e+01
   3.3753190e+06   2.7709961e+01
   3.3753750e+06   4.6020508e+01
   3.3754260e+06   3.4545898e+01
   3.3754900e+06   2.3864746e+01
   3.3755290e+06   4.2480469e+01
   3.3755410e+06   2.7648926e+01
   3.3756300e+06   2.8991699e+01
   3.3756860e+06   3.3874512e+01
   3.3757020e+06   2.6916504e+01
   3.3757330e+06   2.5878906e+01
   3.3758680e+06   2.9907227e+01
   3.3759050e+06   2.3864746e+01
   3.3761200e+06   3.1860352e+01
   3.3846260e+06   3.6621094e+01
   3.3846450e+06   3.2043457e+01
   3.3847130e+06   2.6916504e+01
   3.3847350e+06   3.4912109e+01
   3.3847560e+06   2.4414062e+01
   3.3847870e+06   2.8991699e+01
   3.3848810e+06   2.4719238e+01
   3.3850740e+06   4.1076660e+01
   3.3853910e+06   2.8320312e+01
   3.3948600e+06   2.7770996e+01
   3.3948960e+06   2.6672363e+01
   3.3949250e+06   2.3925781e+01
   3.3949470e+06   4.8767090e+01
   3.3949660e+06   2.9235840e+01
   3.3950040e+06   2.4780273e+01
   3.3951090e+06   2.4414062e+01
   3.3951600e+06   3.4057617e+01
   3.3952160e+06   3.1433105e+01
   3.3952490e+06   3.1372070e+01
   3.3952700e+06   2.5390625e+01
   3.3952940e+06   3.1188965e+01
   3.3953250e+06   2.4597168e+01
   3.3953530e+06   2.5695801e+01
   3.3953720e+06   2.5634766e+01
   3.3955070e+06   2.6428223e+01
   3.3957550e+06   3.5095215e+01
   3.4054350e+06   2.5146484e+01
   3.4054830e+06   2.4414062e+01
   3.4055180e+06   2.4902344e+01
   3.4055340e+06   3.0090332e+01
   3.4055500e+06   3.2043457e+01
   3.4056590e+06   2.6306152e+01
   3.4057240e+06   2.3864746e+01
   3.4057560e+06   4.0771484e+01
   3.4058350e+06   2.6123047e+01
   3.4058970e+06   3.4179688e+01
   3.4059710e+06   2.4963379e+01
   3.4060080e+06   2.6062012e+01
   3.4060850e+06   3.2043457e+01
   3.4063680e+06   2.3925781e+01
   3.4191930e+06   3.3813477e+01
   3.4192230e+06   2.4108887e+01
   3.4193170e+06   3.0700684e+01
   3.4193370e+06   2.4414062e+01
   3.4193700e+06   4.1809082e+01
   3.4194020e+06   3.0212402e+01
   3.4194190e+06   2.5878906e+01
   3.4194760e+06   2.8869629e+01
   3.4195210e+06   4.5715332e+01
   3.4196220e+06   2.5329590e+01
   3.4196510e+06   3.4851074e+01
   3.4196610e+06   3.3081055e+01
   3.4196880e+06   2.3681641e+01
   3.4197740e+06   3.2470703e+01
   3.4198020e+06   2.6733398e+01
   3.4198410e+06   2.4047852e+01
   3.4198640e+06   2.3742676e+01
   3.4198790e+06   4.8828125e+01
   3.4199250e+06   2.5756836e+01
   3.4199540e+06   2.9907227e+01
   3.4199650e+06   2.5207520e+01
   3.4199890e+06   2.6611328e+01
   3.4200310e+06   3.0273438e+01
   3.4200610e+06   2.7282715e+01
   3.4200830e+06   3.9916992e+01
   3.4201150e+06   3.1250000e+01
   3.4201380e+06   3.5949707e+01
   3.4201540e+06   2.5146484e+01
   3.4201700e+06   5.1757813e+01
   3.4201830e+06   3.8574219e+01
   3.4202170e+06   2.7221680e+01
   3.4202450e+06   4.8339844e+01
   3.4202790e+06   3.0944824e+01
   3.4203000e+06   4.7851562e+01
   3.4203180e+06   2.7893066e+01
   3.4203520e+06   4.0771484e+01
   3.4203850e+06   2.6184082e+01
   3.4204010e+06   2.4536133e+01
   3.4204610e+06   4.2907715e+01
   3.4205300e+06   4.0100098e+01
   3.4205670e+06   2.4414062e+01
   3.4206030e+06   2.6062012e+01
   3.4206500e+06   2.5939941e+01
   3.4206780e+06   2.5024414e+01
   3.4207050e+06   2.4108887e+01
   3.4207910e+06   2.6611328e+01
   3.4208340e+06   2.7282715e+01
   3.4208630e+06   3.1188965e+01
   3.4209070e+06   2.3864746e+01
   3.4210750e+06   2.8137207e+01
   3.4211370e+06   2.7954102e+01
   3.4213010e+06   3.0090332e+01
   3.4213600e+06   2.7770996e+01
   3.4214170e+06   2.6672363e+01
   3.4214420e+06   2.9663086e+01
   3.4214880e+06   2.5451660e+01
   3.4215170e+06   2.3742676e+01
   3.4215460e+06   3.0273438e+01
   3.4216050e+06   2.5329590e+01
   3.4216630e+06   3.0578613e+01
   3.4217690e+06   2.6794434e+01
   4.5288600e+06   3.2836914e+01
   4.5289750e+06   3.1982422e+01
   4.5289970e+06   3.2714844e+01
   4.5290180e+06   3.3813477e+01
   4.5290370e+06   3.2348633e+01
   4.5290720e+06   5.1086426e+01
   4.5291030e+06   2.3864746e+01
   4.5291310e+06   4.4311523e+01
   4.5291420e+06   4.4189453e+01
   4.5291640e+06   4.5837402e+01
   4.5291790e+06   3.9306641e+01
   4.5291930e+06   2.7832031e+01
   4.5292200e+06   2.5878906e+01
   4.5292440e+06   4.2419434e+01
   4.5292600e+06   3.1433105e+01
   4.5292800e+06   7.9406738e+01
   4.5293180e+06   4.6997070e+01
   4.5293480e+06   3.8269043e+01
   4.5293750e+06   3.5400391e+01
   4.5293880e+06   4.7302246e+01
   4.5294240e+06   2.8137207e+01
   4.5294640e+06   2.7832031e+01
   4.5294760e+06   2.6489258e+01
   4.5294960e+06   2.7954102e+01
   4.5295180e+06   2.4047852e+01
   4.5295410e+06   2.4841309e+01
   4.5295530e+06   2.4047852e+01
   4.5296230e+06   2.7648926e+01
   4.5296490e+06   3.1127930e+01
   4.5296820e+06   2.7099609e+01
   4.5297570e+06   2.7343750e+01
   4.5298190e+06   2.4597168e+01
   4.5298820e+06   2.4047852e+01
   4.5299470e+06   2.6184082e+01
   4.5302130e+06   2.8076172e+01
   4.5302730e+06   3.1127930e+01
   4.5303790e+06   2.6123047e+01
   4.5304440e+06   2.4291992e+01
   4.5306130e+06   2.4719238e+01
   4.5306290e+06   3.5888672e+01
   4.5307850e+06   2.5939941e+01
   4.5308450e+06   3.1433105e+01
   4.5308760e+06   2.3986816e+01
   4.5309560e+06   2.6062012e+01
   4.5312100e+06   2.7099609e+01
   4.5312340e+06   2.3681641e+01
   4.5312720e+06   2.4169922e+01
   4.5314030e+06   3.0944824e+01
   4.5314750e+06   2.6184082e+01
   4.5316550e+06   3.1616211e+01
   4.5316980e+06   2.4475098e+01
   4.5318040e+06   2.4353027e+01
   4.5320270e+06   3.0029297e+01
   4.5323900e+06   2.4169922e+01
   4.5326410e+06   2.9846191e+01
   4.5332240e+06   2.3681641e+01
   4.5335700e+06   2.7587891e+01
   4.5337490e+06   2.5207520e+01
   4.5361280e+06   2.6672363e+01
   4.5369410e+06   2.3864746e+01
   4.5376200e+06   2.8198242e+01
   4.5381220e+06   2.4230957e+01
   4.5387820e+06   2.5207520e+01
   4.5393230e+06   2.7893066e+01
   4.5393940e+06   2.4719238e+01
   4.5396390e+06   2.6245117e+01
   4.5397060e+06   2.5817871e+01
   4.5398570e+06   3.1677246e+01
   4.5398940e+06   2.6245117e+01
   4.5399820e+06   3.0578613e+01
   4.5400230e+06   3.1616211e+01
   4.5400340e+06   2.5512695e+01
   4.5400840e+06   3.3813477e+01
   4.5401390e+06   2.4108887e+01
   4.5401550e+06   3.2592773e+01
   4.5401760e+06   3.8574219e+01
   4.5402030e+06   2.5207520e+01
   4.5402550e+06   2.6916504e+01
   4.5402960e+06   2.5268555e+01
   4.5403080e+06   4.8217773e+01
   4.5403360e+06   2.5329590e+01
   4.5403550e+06   2.6428223e+01
   4.5403660e+06   3.4484863e+01
   4.5404120e+06   3.5400391e+01
   4.5404220e+06   3.3203125e+01
   4.5404710e+06   4.5471191e+01
   4.5404810e+06   3.0517578e+01
   4.5404980e+06   4.4860840e+01
   4.5405220e+06   2.5573730e+01
   4.5405360e+06   4.3640137e+01
   4.5405540e+06   4.0100098e+01
   4.5405770e+06   3.4057617e+01
   4.5405900e+06   2.4719238e+01
   4.5406070e+06   3.6193848e+01
   4.5406260e+06   2.7954102e+01
   4.5406400e+06   5.6457520e+01
   4.5406890e+06   3.9062500e+01
   4.5407150e+06   2.4780273e+01
   4.5407310e+06   2.6916504e+01
   4.5407860e+06   2.6367188e+01
   4.5408470e+06   3.1066895e+01
   4.5408650e+06   2.6367188e+01
   4.5409000e+06   2.6916504e+01
   4.5409310e+06   2.7526855e+01
   4.5409530e+06   3.7109375e+01
   4.5409870e+06   2.6794434e+01
   4.5410270e+06   2.5390625e+01
   4.5412590e+06   2.5024414e+01
   4.5413970e+06   2.6550293e+01
   4.5414710e+06   2.5451660e+01
   4.5414810e+06   2.3986816e+01
   4.5415690e+06   2.5573730e+01
   4.5417840e+06   2.9724121e+01
   4.5422720e+06   2.6306152e+01
   4.5423450e+06   2.4780273e+01
   4.5427450e+06   2.8137207e+01
   4.5432890e+06   2.9907227e+01
   4.5436610e+06   2.6428223e+01
   4.5470640e+06   2.7160645e+01
   4.5474310e+06   2.6367188e+01
   4.5479100e+06   2.8198242e+01
   4.5480600e+06   2.5146484e+01
   4.5483840e+06   2.5756836e+01
   4.5487360e+06   2.4963379e+01
   4.5488020e+06   2.5024414e+01
   4.5490250e+06   3.2104492e+01
   4.5492180e+06   2.3803711e+01
   4.5497430e+06   2.4169922e+01
   4.5499550e+06   2.9663086e+01
   4.5501380e+06   2.6611328e+01
   4.5503300e+06   2.5817871e+01
   4.5505630e+06   2.4414062e+01
   4.5508130e+06   2.7709961e+01
   4.5510260e+06   2.8991699e+01
   4.5519420e+06   2.5817871e+01
   4.5523950e+06   3.6804199e+01
   4.5524680e+06   2.4841309e+01
   4.5526640e+06   2.6123047e+01
   4.5528260e+06   2.3925781e+01
   4.5528720e+06   2.5512695e+01
   4.5535550e+06   2.3803711e+01
   4.5537120e+06   2.4047852e+01
   4.5543260e+06   2.6428223e+01
   4.5548310e+06   2.4597168e+01
   4.5548630e+06   2.6000977e+01
   4.5551110e+06   2.5939941e+01
   4.5554950e+06   2.4780273e+01
   4.5557870e+06   2.5390625e+01
   4.5568840e+06   2.8808594e+01
   4.5573670e+06   2.4902344e+01
   4.5573930e+06   2.6794434e+01
   4.5574070e+06   2.8442383e+01
   4.5575900e+06   3.0090332e+01
   4.5577560e+06   3.6743164e+01
   4.5578950e+06   2.6977539e+01
   4.5579230e+06   4.4921875e+01
   4.5579670e+06   2.7648926e+01
   4.5580140e+06   2.5695801e+01
   4.5580300e+06   3.1188965e+01
   4.5581140e+06   2.4658203e+01
   4.5581280e+06   2.6611328e+01
   4.5581480e+06   5.0964355e+01
   4.5581690e+06   3.2348633e+01
   4.5582040e+06   2.5695801e+01
   4.5582350e+06   2.6367188e+01
   4.5582450e+06   3.0395508e+01
   4.5582760e+06   3.1555176e+01
   4.5582890e+06   2.7709961e+01
   4.5583260e+06   4.9987793e+01
   4.5583390e+06   3.6437988e+01
   4.5583600e+06   2.6428223e+01
   4.5583880e+06   3.8269043e+01
   4.5584100e+06   3.3264160e+01
   4.5584280e+06   2.8503418e+01
   4.5584450e+06   6.4025879e+01
   4.5584700e+06   4.7668457e+01
   4.5584910e+06   3.0822754e+01
   4.5585130e+06   3.3081055e+01
   4.5585390e+06   6.0302734e+01
   4.5585710e+06   3.3264160e+01
   4.5585820e+06   2.3986816e+01
   4.5586070e+06   4.3334961e+01
   4.5586410e+06   2.6733398e+01
   4.5586840e+06   2.6977539e+01
   4.5587010e+06   2.3864746e+01
   4.5587330e+06   2.4414062e+01
   4.5587830e+06   2.9174805e+01
   4.5588220e+06   3.2775879e+01
   4.5588710e+06   2.4475098e+01
   4.5589180e+06   2.4353027e+01
   4.5590390e+06   2.7160645e+01
   4.5590490e+06   3.2226562e+01
   4.5590700e+06   2.5695801e+01
   4.5590890e+06   2.3803711e+01
   4.5591140e+06   2.3986816e+01
   4.5591370e+06   2.3681641e+01
   4.5595250e+06   2.5695801e+01
   4.5595670e+06   2.4841309e+01
   4.5598140e+06   2.8625488e+01
   4.5602060e+06   2.4597168e+01
   4.5628250e+06   2.4780273e+01
   4.5643430e+06   2.4169922e+01
   4.5662860e+06   2.9968262e+01
   4.5681790e+06   2.4108887e+01
   4.5682800e+06   2.5756836e+01
   4.5687220e+06   2.4902344e+01
   4.5692100e+06   3.3630371e+01
   4.5694650e+06   2.4658203e+01
   4.5704620e+06   2.6672363e+01
   4.5707090e+06   2.3925781e+01
   4.5716650e+06   2.5024414e+01
   4.5725500e+06   2.8259277e+01
   4.5732520e+06   2.6306152e+01
   4.5732840e+06   3.0639648e+01
   4.5736890e+06   2.7160645e+01
   4.5737480e+06   2.3803711e+01
   4.5743430e+06   2.3864746e+01
   4.5743910e+06   2.6794434e+01
   4.5755580e+06   2.4902344e+01
   4.5757000e+06   2.6245117e+01
   4.5758030e+06   2.4414062e+01
   4.5762880e+06   2.3742676e+01
   4.5764980e+06   2.4841309e+01
   4.5765400e+06   2.7099609e+01
   4.5767230e+06   3.1860352e+01
   4.5767500e+06   2.9113770e+01
   4.5767640e+06   2.7282715e+01
   4.5768420e+06   2.9479980e+01
   4.5769280e+06   2.8503418e+01
   4.5769630e+06   4.8522949e+01
   4.5770750e+06   2.4841309e+01
   4.5771310e+06   4.8889160e+01
   4.5771980e+06   2.8869629e+01
   4.5772450e+06   2.4475098e+01
   4.5772840e+06   2.6794434e+01
   4.5773280e+06   5.5297852e+01
   4.5773490e+06   2.7038574e+01
   4.5773770e+06   2.7038574e+01
   4.5774100e+06   2.4047852e+01
   4.5774400e+06   2.5451660e+01
   4.5774680e+06   6.0363770e+01
   4.5774960e+06   2.4291992e+01
   4.5775220e+06   2.5329590e+01
   4.5775470e+06   3.6376953e+01
   4.5775650e+06   3.0639648e+01
   4.5775820e+06   2.4658203e+01
   4.5776060e+06   5.6030273e+01
   4.5776250e+06   2.4780273e+01
   4.5776370e+06   3.0212402e+01
   4.5776780e+06   2.3742676e+01
   4.5776880e+06   3.5827637e+01
   4.5777000e+06   3.2043457e+01
   4.5777520e+06   3.2836914e+01
   4.5777790e+06   4.2541504e+01
   4.5778080e+06   2.9174805e+01
   4.5778230e+06   2.8137207e+01
   4.5778380e+06   2.9357910e+01
   4.5778770e+06   3.3081055e+01
   4.5779080e+06   3.2409668e+01
   4.5779240e+06   2.9663086e+01
   4.5779510e+06   2.5268555e+01
   4.5779750e+06   2.4780273e+01
   4.5780030e+06   2.3803711e+01
   4.5780540e+06   2.3742676e+01
   4.5780660e+06   2.4658203e+01
   4.5781630e+06   3.2531738e+01
   4.5782000e+06   2.8869629e+01
   4.5783300e+06   2.4291992e+01
   4.5783470e+06   2.3864746e+01
   4.5785410e+06   2.5695801e+01
   4.5786610e+06   2.4719238e+01
   4.5787740e+06   2.7221680e+01
   4.5788290e+06   2.4353027e+01
   4.5789150e+06   2.6245117e+01
   4.5789390e+06   2.4291992e+01
   4.5789750e+06   2.4536133e+01
   4.5799740e+06   2.4414062e+01
   4.5846990e+06   2.5390625e+01
   4.5874580e+06   2.3925781e+01
   4.5890240e+06   2.6977539e+01
   4.5891590e+06   2.6916504e+01
   4.5909890e+06   2.4108887e+01
   4.5914480e+06   2.7648926e+01
   4.5915980e+06   2.5451660e+01
   4.5918750e+06   2.5268555e+01
   4.5920660e+06   2.5817871e+01
   4.5924900e+06   2.5695801e+01
   4.5930220e+06   2.4658203e+01
   4.5941540e+06   2.8015137e+01
   4.5943130e+06   2.4719238e+01
   4.5943650e+06   2.3864746e+01
   4.5944060e+06   2.4719238e+01
   4.5944920e+06   2.5268555e+01
   4.5945590e+06   2.4597168e+01
   4.5947160e+06   3.1799316e+01
   4.5947810e+06   3.8024902e+01
   4.5948670e+06   2.7465820e+01
   4.5949060e+06   2.7465820e+01
   4.5949210e+06   4.3762207e+01
   4.5949840e+06   2.8198242e+01
   4.5950280e+06   4.8583984e+01
   4.5950630e+06   2.4475098e+01
   4.5950940e+06   2.6123047e+01
   4.5951230e+06   4.1076660e+01
   4.5952090e+06   3.6682129e+01
   4.5952190e+06   4.7302246e+01
   4.5952380e+06   2.6794434e+01
   4.5952720e+06   2.8259277e+01
   4.5952910e+06   3.8696289e+01
   4.5953090e+06   2.5817871e+01
   4.5953410e+06   4.2907715e+01
   4.5953780e+06   2.6855469e+01
   4.5953990e+06   2.4902344e+01
   4.5954190e+06   2.3925781e+01
   4.5954520e+06   3.5888672e+01
   4.5954680e+06   3.7414551e+01
   4.5955230e+06   2.5573730e+01
   4.5955370e+06   4.5715332e+01
   4.5955710e+06   2.5390625e+01
   4.5955870e+06   3.0517578e+01
   4.5956060e+06   2.4658203e+01
   4.5956570e+06   2.8625488e+01
   4.5956820e+06   3.7719727e+01
   4.5958060e+06   2.7587891e+01
   4.5958520e+06   2.6123047e+01
   4.5959020e+06   3.0517578e+01
   4.5959160e+06   3.2531738e+01
   4.5959710e+06   3.1066895e+01
   4.5960740e+06   2.8869629e+01
   4.5961530e+06   3.0212402e+01
   4.5962160e+06   3.4301758e+01
   4.5963530e+06   2.5939941e+01
   4.5965280e+06   2.8137207e+01
   4.5968150e+06   2.4108887e+01
   4.5970680e+06   2.7954102e+01
   4.6048310e+06   2.3742676e+01
   4.6054980e+06   2.3742676e+01
   4.6105590e+06   2.4841309e+01
   4.6109900e+06   2.4414062e+01
   4.6111220e+06   2.6123047e+01
   4.6115650e+06   2.7465820e+01
   4.6131790e+06   2.3742676e+01
   4.6133850e+06   2.6672363e+01
   4.6134590e+06   3.5888672e+01
   4.6135210e+06   2.6855469e+01
   4.6135750e+06   2.6672363e+01
   4.6135880e+06   2.6245117e+01
   4.6136340e+06   3.0090332e+01
   4.6136870e+06   2.6184082e+01
   4.6136980e+06   2.3864746e+01
   4.6137270e+06   2.7099609e+01
   4.6137520e+06   2.9296875e+01
   4.6137830e+06   4.7180176e+01
   4.6138070e+06   2.7709961e+01
   4.6138210e+06   3.5217285e+01
   4.6138610e+06   3.2287598e+01
   4.6138870e+06   3.2409668e+01
   4.6139020e+06   4.5349121e+01
   4.6139440e+06   3.0151367e+01
   4.6139890e+06   5.1025391e+01
   4.6140010e+06   4.3823242e+01
   4.6140280e+06   2.6550293e+01
   4.6140600e+06   2.5268555e+01
   4.6140880e+06   4.3273926e+01
   4.6141310e+06   3.1494141e+01
   4.6141660e+06   3.5400391e+01
   4.6141800e+06   2.6733398e+01
   4.6142320e+06   2.6977539e+01
   4.6142420e+06   3.1677246e+01
   4.6142680e+06   3.3386230e+01
   4.6143180e+06   2.5695801e+01
   4.6143620e+06   3.1433105e+01
   4.6143990e+06   2.5451660e+01
   4.6144700e+06   2.7770996e+01
   4.6145910e+06   3.2653809e+01
   4.6146210e+06   2.6000977e+01
   4.6147190e+06   3.5156250e+01
   4.6147650e+06   2.7282715e+01
   4.6151090e+06   2.7893066e+01
   4.6245790e+06   2.3986816e+01
   4.6262380e+06   2.5878906e+01
   4.6265580e+06   2.3925781e+01
   4.6323210e+06   2.5329590e+01
   4.6326120e+06   2.5512695e+01
   4.6343520e+06   2.9296875e+01
   4.6345060e+06   2.5146484e+01
   4.6346090e+06   2.4414062e+01
   4.6346240e+06   2.7954102e+01
   4.6346930e+06   2.3925781e+01
   4.6347790e+06   4.6813965e+01
   4.6348720e+06   2.4780273e+01
   4.6349160e+06   2.3986816e+01
   4.6349680e+06   4.7302246e+01
   4.6350040e+06   2.4353027e+01
   4.6350960e+06   4.9804688e+01
   4.6351080e+06   3.7780762e+01
   4.6351440e+06   2.4719238e+01
   4.6352030e+06   3.4545898e+01
   4.6352130e+06   6.1584473e+01
   4.6352360e+06   2.7587891e+01
   4.6352840e+06   5.0048828e+01
   4.6352960e+06   2.3864746e+01
   4.6353130e+06   4.5410156e+01
   4.6353580e+06   5.2062988e+01
   4.6354050e+06   2.9235840e+01
   4.6354200e+06   2.3803711e+01
   4.6354310e+06   3.0700684e+01
   4.6355050e+06   5.1452637e+01
   4.6355300e+06   3.0700684e+01
   4.6355750e+06   2.4047852e+01
   4.6355930e+06   2.7282715e+01
   4.6356140e+06   2.8381348e+01
   4.6356660e+06   3.1982422e+01
   4.6357070e+06   2.4230957e+01
   4.6358150e+06   2.7587891e+01
   4.6358250e+06   3.0700684e+01
   4.6360100e+06   2.3925781e+01
   4.6361150e+06   2.9541016e+01
   4.6362320e+06   2.3742676e+01
   4.6364170e+06   2.5146484e+01
   4.6489640e+06   2.3742676e+01
   4.6516720e+06   2.6611328e+01
   4.6523900e+06   2.4841309e+01
   4.6524900e+06   3.7292480e+01
   4.6527480e+06   2.9907227e+01
   4.6529060e+06   2.4047852e+01
   4.6529160e+06   4.6630859e+01
   4.6532390e+06   2.6672363e+01
   4.6533090e+06   2.3681641e+01
   4.6591120e+06   2.6000977e+01
   4.6593840e+06   2.4841309e+01
   4.6593960e+06   2.4475098e+01
   4.6595600e+06   3.1921387e+01
   4.6597040e+06   4.6447754e+01
   4.6598130e+06   2.6000977e+01
   4.6599110e+06   2.4291992e+01
   4.6599950e+06   3.2409668e+01
   4.6600190e+06   2.6428223e+01
   4.6600470e+06   2.6306152e+01
   4.6602030e+06   2.7038574e+01
   4.6602170e+06   3.8696289e+01
   4.6604450e+06   2.5817871e+01
   4.6643250e+06   2.3925781e+01
   4.6651660e+06   2.5329590e+01
   4.6652730e+06   2.6184082e+01
   4.6653120e+06   2.5146484e+01
   4.6653850e+06   4.5715332e+01
   4.6654920e+06   2.4597168e+01
   4.6655220e+06   2.7770996e+01
   4.6655390e+06   4.9865723e+01
   4.6656420e+06   2.3925781e+01
   4.6656820e+06   2.4597168e+01
   4.6657590e+06   5.1574707e+01
   4.6657730e+06   2.3864746e+01
   4.6658570e+06   3.0944824e+01
   4.6658800e+06   3.0517578e+01
   4.6659240e+06   3.6193848e+01
   4.6659520e+06   2.4108887e+01
   4.6660490e+06   3.6987305e+01
   4.6660620e+06   4.0771484e+01
   4.6660920e+06   3.0456543e+01
   4.6661110e+06   2.6977539e+01
   4.6661440e+06   3.1188965e+01
   4.6662170e+06   2.9357910e+01
   4.6662570e+06   5.0354004e+01
   4.6662930e+06   2.6184082e+01
   4.6663060e+06   2.4902344e+01
   4.6663240e+06   2.8808594e+01
   4.6663470e+06   2.4475098e+01
   4.6663900e+06   2.5024414e+01
   4.6664200e+06   2.5329590e+01
   4.6664990e+06   4.5043945e+01
   4.6665590e+06   2.6245117e+01
   4.6665990e+06   2.7893066e+01
   4.6666990e+06   2.5451660e+01
   4.6668120e+06   2.4719238e+01
   4.6668790e+06   2.4597168e+01
   4.6669970e+06   2.7893066e+01
   4.6670850e+06   2.5512695e+01
   4.6698170e+06   2.4230957e+01
   4.6794270e+06   2.8747559e+01
   4.6813100e+06   2.5207520e+01
   4.6867750e+06   2.4230957e+01
   4.6872860e+06   2.4780273e+01
   4.6875100e+06   2.6062012e+01
   4.6875690e+06   2.6733398e+01
   4.6876310e+06   4.3090820e+01
   4.6876890e+06   3.9611816e+01
   4.6877000e+06   3.0578613e+01
   4.6877930e+06   3.0761719e+01
   4.6878350e+06   3.0822754e+01
   4.6879260e+06   3.6315918e+01
   4.6879360e+06   2.6550293e+01
   4.6879760e+06   3.2653809e+01
   4.6879930e+06   3.6193848e+01
   4.6880140e+06   5.5725098e+01
   4.6880490e+06   3.1555176e+01
   4.6881300e+06   4.6508789e+01
   4.6881590e+06   3.9550781e+01
   4.6882070e+06   4.9011230e+01
   4.6882370e+06   3.7719727e+01
   4.6882810e+06   3.2592773e+01
   4.6883220e+06   3.6071777e+01
   4.6883480e+06   3.5156250e+01
   4.6883790e+06   2.5756836e+01
   4.6884210e+06   3.2592773e+01
   4.6884430e+06   2.3925781e+01
   4.6884900e+06   4.0832520e+01
   4.6885090e+06   2.6062012e+01
   4.6885260e+06   2.4414062e+01
   4.6885490e+06   2.9785156e+01
   4.6885740e+06   3.3081055e+01
   4.6886350e+06   3.5400391e+01
   4.6887450e+06   3.1982422e+01
   4.6887810e+06   2.7404785e+01
   4.6888510e+06   2.3864746e+01
   4.6892630e+06   2.5390625e+01
   4.6894280e+06   2.3864746e+01
   4.6894950e+06   2.5878906e+01
   4.7047760e+06   2.7709961e+01
   4.7084780e+06   2.4414062e+01
   4.7090480e+06   2.9479980e+01
   4.7138020e+06   2.4353027e+01
   4.7138320e+06   2.4597168e+01
   4.7142790e+06   4.3518066e+01
   4.7143580e+06   2.4230957e+01
   4.7144430e+06   2.9724121e+01
   4.7144960e+06   3.9428711e+01
   4.7145310e+06   2.4230957e+01
   4.7145750e+06   4.6203613e+01
   4.7146020e+06   3.1250000e+01
   4.7146370e+06   2.4658203e+01
   4.7146690e+06   3.2958984e+01
   4.7146820e+06   4.3273926e+01
   4.7147200e+06   2.9907227e+01
   4.7147660e+06   2.4475098e+01
   4.7148360e+06   5.2978516e+01
   4.7148770e+06   2.3681641e+01
   4.7149020e+06   3.7231445e+01
   4.7149170e+06   3.5522461e+01
   4.7149460e+06   3.8574219e+01
   4.7149750e+06   2.3864746e+01
   4.7150320e+06   3.6499023e+01
   4.7150730e+06   2.4414062e+01
   4.7151810e+06   3.5217285e+01
   4.7152490e+06   3.0578613e+01
   4.7152740e+06   2.6062012e+01
   4.7153730e+06   2.4353027e+01
   4.7154530e+06   2.6428223e+01
   4.7155230e+06   2.4719238e+01
   4.7156070e+06   3.4973145e+01
   4.7157410e+06   2.8808594e+01
   4.7159120e+06   4.0344238e+01
   4.7160410e+06   2.6916504e+01
   4.7160770e+06   2.6184082e+01
   4.7351750e+06   2.4658203e+01
   4.7391520e+06   2.5634766e+01
   4.7415590e+06   2.3925781e+01
   4.7481250e+06   2.6550293e+01
   4.7482300e+06   2.5939941e+01
   4.7483870e+06   2.5756836e+01
   4.7484240e+06   3.5949707e+01
   4.7485790e+06   2.5695801e+01
   4.7486300e+06   3.0639648e+01
   4.7487320e+06   2.4414062e+01
   4.7487450e+06   5.7006836e+01
   4.7487930e+06   3.3874512e+01
   4.7488220e+06   6.2072754e+01
   4.7488330e+06   3.0090332e+01
   4.7488600e+06   3.5827637e+01
   4.7488840e+06   2.7038574e+01
   4.7489050e+06   5.7617188e+01
   4.7489450e+06   3.3325195e+01
   4.7489730e+06   5.1147461e+01
   4.7490040e+06   3.1433105e+01
   4.7490340e+06   4.5410156e+01
   4.7490530e+06   2.7465820e+01
   4.7490650e+06   2.3681641e+01
   4.7491120e+06   4.1809082e+01
   4.7491390e+06   2.8747559e+01
   4.7491910e+06   3.7292480e+01
   4.7492600e+06   2.7832031e+01
   4.7492970e+06   2.4169922e+01
   4.7493250e+06   2.5634766e+01
   4.7493880e+06   2.6245117e+01
   4.7494550e+06   2.6733398e+01
   4.7496150e+06   2.6000977e+01
   4.7496840e+06   2.7099609e+01
   4.7498150e+06   2.7404785e+01
   4.7499370e+06   2.4658203e+01
   4.7502770e+06   2.4414062e+01
   4.7504090e+06   2.6550293e+01
   4.7510100e+06   2.3986816e+01
   4.7877470e+06   2.8747559e+01
   4.7879420e+06   2.7282715e+01
   4.7879640e+06   2.7709961e+01
   4.7881830e+06   2.4291992e+01
   4.7883210e+06   2.3742676e+01
   4.7883470e+06   2.6489258e+01
   4.7884060e+06   2.6184082e+01
   4.7884520e+06   2.7404785e+01
   4.7884980e+06   3.1494141e+01
   4.7885220e+06   2.9724121e+01
   4.7885460e+06   2.7282715e+01
   4.7885750e+06   4.5654297e+01
   4.7886080e+06   3.9733887e+01
   4.7886370e+06   3.3508301e+01
   4.7886470e+06   2.8320312e+01
   4.7886780e+06   3.7780762e+01
   4.7886900e+06   4.3701172e+01
   4.7887110e+06   2.5146484e+01
   4.7887330e+06   2.4536133e+01
   4.7887580e+06   4.8095703e+01
   4.7888000e+06   2.7648926e+01
   4.7888310e+06   2.5390625e+01
   4.7888540e+06   2.9968262e+01
   4.7889050e+06   4.1564941e+01
   4.7889330e+06   3.1311035e+01
   4.7889670e+06   4.1992188e+01
   4.7889920e+06   2.4108887e+01
   4.7890410e+06   3.5278320e+01
   4.7891060e+06   3.8208008e+01
   4.7891380e+06   2.8137207e+01
   4.7891810e+06   2.7770996e+01
   4.7892210e+06   2.3864746e+01
   4.7892610e+06   3.4118652e+01
   4.7893280e+06   2.7038574e+01
   4.7893400e+06   2.8320312e+01
   4.7894020e+06   3.4545898e+01
   4.7894170e+06   2.3986816e+01
   4.7894830e+06   3.1311035e+01
   4.7896610e+06   2.9724121e+01
   4.7897300e+06   2.5939941e+01
   4.7897550e+06   2.4230957e+01
   4.7899450e+06   2.7465820e+01
   4.7900310e+06   2.6367188e+01
   4.7901860e+06   2.9235840e+01
   4.8042000e+06   2.6794434e+01
   4.8118040e+06   2.4230957e+01
   4.8131270e+06   2.3864746e+01
   4.8650440e+06   2.4353027e+01
   5.1685290e+06   2.8625488e+01
   5.1685910e+06   3.6560059e+01
   5.1686100e+06   2.9785156e+01
   5.1686510e+06   2.6123047e+01
   5.1686750e+06   3.4790039e+01
   5.1686880e+06   4.2602539e+01
   5.1687110e+06   3.2653809e+01
   5.1687420e+06   4.2602539e+01
   5.1687660e+06   2.5085449e+01
   5.1687850e+06   3.9367676e+01
   5.1688240e+06   3.1311035e+01
   5.1688430e+06   3.5949707e+01
   5.1688580e+06   5.0354004e+01
   5.1689030e+06   3.2470703e+01
   5.1689250e+06   2.8564453e+01
   5.1689470e+06   4.2358398e+01
   5.1689830e+06   3.5278320e+01
   5.1689980e+06   2.5207520e+01
   5.1690180e+06   2.4414062e+01
   5.1690300e+06   3.0944824e+01
   5.1690620e+06   2.5634766e+01
   5.1690960e+06   3.6437988e+01
   5.1691160e+06   3.4179688e+01
   5.1692860e+06   2.4658203e+01
   5.1692960e+06   2.6367188e+01
   5.1693400e+06   2.3986816e+01
   5.1693680e+06   2.6184082e+01
   5.1694020e+06   2.5634766e+01
   5.1694720e+06   2.9968262e+01
   5.1696630e+06   2.3803711e+01
   5.1697150e+06   2.4047852e+01
   5.1697540e+06   2.5207520e+01
   5.1697890e+06   2.6000977e+01
   5.1698070e+06   2.4597168e+01
   5.1698600e+06   3.0944824e+01
   5.1699500e+06   2.5146484e+01
   5.1699770e+06   2.6306152e+01
   5.1700480e+06   2.6245117e+01
   5.1700750e+06   2.8503418e+01
   5.1701730e+06   3.2531738e+01
   5.1701900e+06   2.4963379e+01
   5.1702160e+06   2.3925781e+01
   5.1702550e+06   2.5573730e+01
   5.1703410e+06   2.4597168e+01
   5.1703740e+06   2.8259277e+01
   5.1703920e+06   2.5146484e+01
   5.1705420e+06   2.4353027e+01
   5.1705580e+06   2.5695801e+01
   5.1707730e+06   3.4240723e+01
   5.1708920e+06   2.4353027e+01
   5.1709390e+06   2.8991699e+01
   5.1710380e+06   2.4841309e+01
   5.1710840e+06   2.3925781e+01
   5.1813600e+06   2.3864746e+01
   5.1814840e+06   2.5756836e+01
   5.1815560e+06   2.4047852e+01
   5.1815700e+06   3.0578613e+01
   5.1815980e+06   2.6000977e+01
   5.1816170e+06   2.9174805e+01
   5.1816410e+06   3.1433105e+01
   5.1817440e+06   3.0273438e+01
   5.1817750e+06   2.7770996e+01
   5.1818220e+06   3.0151367e+01
   5.1818410e+06   2.6733398e+01
   5.1819000e+06   2.6916504e+01
   5.1819440e+06   3.6254883e+01
   5.1819680e+06   2.4047852e+01
   5.1819780e+06   2.9418945e+01
   5.1820130e+06   2.8686523e+01
   5.1820450e+06   2.8320312e+01
   5.1820670e+06   3.1250000e+01
   5.1821180e+06   3.4057617e+01
   5.1821520e+06   5.2246094e+01
   5.1821800e+06   3.1433105e+01
   5.1822020e+06   2.6062012e+01
   5.1822180e+06   3.5034180e+01
   5.1822440e+06   3.2165527e+01
   5.1822760e+06   7.5500488e+01
   5.1823050e+06   4.3334961e+01
   5.1823300e+06   2.5695801e+01
   5.1823530e+06   4.8339844e+01
   5.1823800e+06   2.6611328e+01
   5.1824180e+06   5.2490234e+01
   5.1824480e+06   2.8076172e+01
   5.1824590e+06   3.3569336e+01
   5.1824880e+06   2.4291992e+01
   5.1825330e+06   2.7404785e+01
   5.1825570e+06   2.7526855e+01
   5.1826170e+06   3.8391113e+01
   5.1826440e+06   2.4414062e+01
   5.1826750e+06   2.7954102e+01
   5.1827560e+06   2.8442383e+01
   5.1827800e+06   2.7160645e+01
   5.1828330e+06   2.3742676e+01
   5.1828740e+06   2.6000977e+01
   5.1828950e+06   2.6000977e+01
   5.1829800e+06   2.6245117e+01
   5.1830320e+06   2.4475098e+01
   5.1830550e+06   2.6489258e+01
   5.1830650e+06   3.6987305e+01
   5.1831350e+06   2.9052734e+01
   5.1831670e+06   3.2653809e+01
   5.1832410e+06   2.4291992e+01
   5.1832710e+06   2.7526855e+01
   5.1833720e+06   2.6916504e+01
   5.1834090e+06   2.4597168e+01
   5.1834870e+06   2.4963379e+01
   5.1835150e+06   2.8320312e+01
   5.1835570e+06   2.7954102e+01
   5.1836040e+06   2.3742676e+01
   5.1837210e+06   2.7893066e+01
   5.1838860e+06   2.6916504e+01
   5.1839530e+06   2.4963379e+01
   5.1841720e+06   2.8991699e+01
   5.1842080e+06   2.5573730e+01
   5.1890620e+06   2.3681641e+01
   5.1926000e+06   2.9174805e+01
   5.1928330e+06   2.4169922e+01
   5.1930390e+06   3.1494141e+01
   5.1931670e+06   2.5573730e+01
   5.1932960e+06   3.1494141e+01
   5.1934620e+06   2.3986816e+01
   5.1934720e+06   2.4780273e+01
   5.1936200e+06   2.3681641e+01
   5.1936770e+06   3.2348633e+01
   5.1962240e+06   2.3925781e+01
   5.1969480e+06   2.4169922e+01
   5.1971370e+06   2.8686523e+01
   5.1971540e+06   2.6245117e+01
   5.1972260e+06   2.6000977e+01
   5.1972700e+06   2.5573730e+01
   5.1972840e+06   3.2592773e+01
   5.1973160e+06   2.6794434e+01
   5.1973660e+06   2.6550293e+01
   5.1973920e+06   2.4780273e+01
   5.1974460e+06   2.4719238e+01
   5.1975650e+06   2.3681641e+01
   5.1975980e+06   4.2480469e+01
   5.1977180e+06   2.6794434e+01
   5.1978370e+06   3.1250000e+01
   5.1979830e+06   3.5400391e+01
   5.1980920e+06   2.4230957e+01
   5.1981970e+06   2.3803711e+01
   5.1984140e+06   3.1372070e+01
   5.2026890e+06   2.4108887e+01
   5.2027470e+06   2.6489258e+01
   5.2028550e+06   2.7954102e+01
   5.2028710e+06   3.1188965e+01
   5.2028940e+06   2.4719238e+01
   5.2030090e+06   2.5939941e+01
   5.2031960e+06   2.7099609e+01
   5.2033250e+06   3.7536621e+01
   5.2033590e+06   2.4353027e+01
   5.2034720e+06   2.4414062e+01
   5.2035940e+06   2.3986816e+01
   5.2037010e+06   2.4536133e+01
   5.2037270e+06   2.8991699e+01
   5.2042640e+06   2.4475098e+01
   5.2043010e+06   2.5024414e+01
   5.2071290e+06   3.6071777e+01
   5.2073130e+06   2.5512695e+01
   5.2074240e+06   2.3864746e+01
   5.2074520e+06   2.5573730e+01
   5.2075480e+06   2.4108887e+01
   5.2077040e+06   2.3742676e+01
   5.2077870e+06   2.6489258e+01
   5.2104700e+06   3.0090332e+01
   5.2105610e+06   2.3864746e+01
   5.2105930e+06   2.5085449e+01
   5.2106080e+06   2.5695801e+01
   5.2106450e+06   2.6794434e+01
   5.2107050e+06   2.5268555e+01
   5.2107290e+06   3.1066895e+01
   5.2107920e+06   3.9367676e+01
   5.2108360e+06   2.9357910e+01
   5.2109030e+06   2.4597168e+01
   5.2109220e+06   3.0273438e+01
   5.2109890e+06   2.3742676e+01
   5.2110040e+06   2.3986816e+01
   5.2110460e+06   3.6071777e+01
   5.2110570e+06   2.7770996e+01
   5.2111090e+06   2.5085449e+01
   5.2111800e+06   3.7780762e+01
   5.2112330e+06   2.5085449e+01
   5.2113040e+06   2.6855469e+01
   5.2113470e+06   2.4841309e+01
   5.2113750e+06   2.5573730e+01
   5.2114040e+06   2.3864746e+01
   5.2114180e+06   2.4475098e+01
   5.2115040e+06   2.6245117e+01
   5.2116020e+06   2.7770996e+01
   5.2116540e+06   2.3986816e+01
   5.2117170e+06   3.1188965e+01
   5.2117590e+06   5.4016113e+01
   5.2118080e+06   2.7282715e+01
   5.2118440e+06   2.6306152e+01
   5.2119580e+06   2.5634766e+01
   5.2120010e+06   2.5146484e+01
   5.2120310e+06   3.3752441e+01
   5.2121250e+06   2.6794434e+01
   5.2121820e+06   2.4719238e+01
   5.2175640e+06   2.4291992e+01
   5.2178750e+06   2.4719238e+01
   5.2178870e+06   2.9357910e+01
   5.2180350e+06   3.5888672e+01
   5.2181690e+06   2.6184082e+01
   5.2184550e+06   3.1555176e+01
   5.2184920e+06   3.0090332e+01
   5.2185440e+06   2.5329590e+01
   5.2187900e+06   2.8320312e+01
   5.2188530e+06   2.4291992e+01
   5.2191320e+06   2.7099609e+01
   5.2215210e+06   4.7424316e+01
   5.2215930e+06   2.3742676e+01
   5.2216580e+06   2.4841309e+01
   5.2216930e+06   2.4597168e+01
   5.2217620e+06   2.6550293e+01
   5.2218520e+06   2.8686523e+01
   5.2218630e+06   4.2724609e+01
   5.2220210e+06   2.9663086e+01
   5.2221710e+06   2.5634766e+01
   5.2222860e+06   2.3925781e+01
   5.2224690e+06   2.6367188e+01
   5.2224980e+06   2.4536133e+01
   5.2226440e+06   3.3996582e+01
   5.2227890e+06   2.4902344e+01
   5.2229450e+06   2.9541016e+01
   5.2231460e+06   2.5390625e+01
   5.2265390e+06   2.4536133e+01
   5.2265650e+06   2.3803711e+01
   5.2267030e+06   2.5634766e+01
   5.2267310e+06   2.4780273e+01
   5.2268920e+06   2.7282715e+01
   5.2269250e+06   2.5512695e+01
   5.2269550e+06   2.4597168e+01
   5.2270680e+06   2.6611328e+01
   5.2273720e+06   2.7526855e+01
   5.2276270e+06   3.1921387e+01
   5.2302800e+06   2.5146484e+01
   5.2304230e+06   3.4912109e+01
   5.2304580e+06   2.6000977e+01
   5.2306150e+06   2.4719238e+01
   5.2306970e+06   2.3864746e+01
   5.2307350e+06   2.7099609e+01
   5.2307870e+06   3.4301758e+01
   5.2309690e+06   2.5451660e+01
   5.2311450e+06   3.0273438e+01
   5.2312700e+06   2.4291992e+01
   5.2350780e+06   2.6855469e+01
   5.2351270e+06   2.7160645e+01
   5.2351690e+06   2.4841309e+01
   5.2352260e+06   3.8085938e+01
   5.2352590e+06   2.8869629e+01
   5.2353420e+06   2.5634766e+01
   5.2353690e+06   2.4841309e+01
   5.2353800e+06   3.0822754e+01
   5.2354050e+06   2.5817871e+01
   5.2354500e+06   2.3925781e+01
   5.2354990e+06   2.9052734e+01
   5.2355660e+06   2.4353027e+01
   5.2355860e+06   2.7160645e+01
   5.2356140e+06   4.0039062e+01
   5.2357110e+06   2.6672363e+01
   5.2357340e+06   2.4780273e+01
   5.2357520e+06   3.0944824e+01
   5.2358600e+06   2.5207520e+01
   5.2359270e+06   6.3659668e+01
   5.2360950e+06   2.8015137e+01
   5.2361850e+06   2.5817871e+01
   5.2363740e+06   2.6245117e+01
   5.2363850e+06   2.5207520e+01
   5.2399560e+06   2.9541016e+01
   5.2400050e+06   2.7832031e+01
   5.2400500e+06   2.6184082e+01
   5.2401060e+06   2.9113770e+01
   5.2402440e+06   2.8015137e+01
   5.2403060e+06   3.1188965e+01
   5.2403350e+06   2.7404785e+01
   5.2405120e+06   2.4963379e+01
   5.2408810e+06   2.6794434e+01
   5.2444930e+06   2.8198242e+01
   5.2445560e+06   4.1259766e+01
   5.2446210e+06   3.1066895e+01
   5.2447400e+06   2.7954102e+01
   5.2447810e+06   2.3803711e+01
   5.2448190e+06   2.6733398e+01
   5.2448600e+06   2.7893066e+01
   5.2449590e+06   2.5817871e+01
   5.2450030e+06   3.0456543e+01
   5.2450360e+06   3.1066895e+01
   5.2451840e+06   3.2165527e+01
   5.2452420e+06   2.7832031e+01
   5.2452930e+06   2.3681641e+01
   5.2453510e+06   2.4475098e+01
   5.2455610e+06   2.9663086e+01
   5.2458200e+06   2.7709961e+01
   5.2462340e+06   2.5573730e+01
   5.2491170e+06   3.1372070e+01
   5.2492190e+06   2.9541016e+01
   5.2492570e+06   2.3803711e+01
   5.2492680e+06   3.7597656e+01
   5.2493670e+06   2.6000977e+01
   5.2494250e+06   2.7099609e+01
   5.2494960e+06   2.5512695e+01
   5.2495390e+06   2.3681641e+01
   5.2496290e+06   2.8137207e+01
   5.2498070e+06   2.9907227e+01
   5.2538310e+06   3.8024902e+01
   5.2538760e+06   2.5573730e+01
   5.2538930e+06   3.5217285e+01
   5.2539160e+06   2.6794434e+01
   5.2539560e+06   3.0639648e+01
   5.2539760e+06   2.4597168e+01
   5.2540950e+06   2.4902344e+01
   5.2542390e+06   2.8930664e+01
   5.2543730e+06   2.7893066e+01
   5.2543870e+06   3.0822754e+01
   5.2545020e+06   2.3925781e+01
   5.2545620e+06   2.8808594e+01
   5.2547190e+06   2.4353027e+01
   5.2547630e+06   3.5949707e+01
   5.2547730e+06   2.5268555e+01
   5.2549440e+06   2.4047852e+01
   5.2581230e+06   4.2053223e+01
   5.2581660e+06   2.4475098e+01
   5.2582180e+06   2.7954102e+01
   5.2582680e+06   2.7770996e+01
   5.2583140e+06   2.5390625e+01
   5.2584150e+06   3.0151367e+01
   5.2584330e+06   2.5939941e+01
   5.2585420e+06   2.6855469e+01
   5.2585730e+06   2.5329590e+01
   5.2588410e+06   2.6733398e+01
   5.2594840e+06   2.5634766e+01
   5.2618960e+06   3.0273438e+01
   5.2620180e+06   2.3925781e+01
   5.2620360e+06   2.5695801e+01
   5.2620580e+06   4.0710449e+01
   5.2620700e+06   2.4963379e+01
   5.2623310e+06   3.0029297e+01
   5.2625090e+06   2.8015137e+01
   5.2628100e+06   2.5756836e+01
   5.2656710e+06   2.5573730e+01
   5.2658120e+06   2.5268555e+01
   5.2658780e+06   2.7404785e+01
   5.2659950e+06   2.5207520e+01
   5.2660220e+06   2.7832031e+01
   5.2661120e+06   2.9052734e+01
   5.2661400e+06   2.6611328e+01
   5.2663820e+06   2.5024414e+01
   5.2664170e+06   2.3864746e+01
   5.2698170e+06   2.4963379e+01
   5.2698270e+06   3.1188965e+01
   5.2699120e+06   3.1799316e+01
   5.2699340e+06   2.5939941e+01
   5.2699730e+06   3.1677246e+01
   5.2701220e+06   4.1259766e+01
   5.2703010e+06   3.1799316e+01
   5.2704600e+06   2.4291992e+01
   5.2735370e+06   2.4353027e+01
   5.2735670e+06   2.6916504e+01
   5.2736050e+06   2.4536133e+01
   5.2736350e+06   2.8625488e+01
   5.2736750e+06   3.6437988e+01
   5.2738250e+06   3.3813477e+01
   5.2739960e+06   3.0761719e+01
   5.2740260e+06   2.6611328e+01
   5.2741670e+06   2.5146484e+01
   5.2742600e+06   2.7099609e+01
   5.2776720e+06   2.7221680e+01
   5.2777000e+06   2.9418945e+01
   5.2777610e+06   2.4475098e+01
   5.2778200e+06   3.4851074e+01
   5.2778650e+06   2.9541016e+01
   5.2780080e+06   2.4841309e+01
   5.2781730e+06   3.1066895e+01
   5.2782500e+06   2.5390625e+01
   5.2784300e+06   2.5390625e+01
   5.2784540e+06   3.0029297e+01
   5.2821480e+06   2.6733398e+01
   5.2821710e+06   2.4902344e+01
   5.2822080e+06   3.0273438e+01
   5.2822810e+06   3.1372070e+01
   5.2822920e+06   3.8757324e+01
   5.2823580e+06   2.3803711e+01
   5.2823820e+06   2.3864746e+01
   5.2824750e+06   3.4912109e+01
   5.2826110e+06   2.5146484e+01
   5.2826880e+06   2.6855469e+01
   5.2828170e+06   2.8198242e+01
   5.2829110e+06   2.4291992e+01
   5.2829870e+06   2.5512695e+01
   5.2830900e+06   2.5756836e+01
   5.2860370e+06   2.8808594e+01
   5.2861940e+06   2.5390625e+01
   5.2862110e+06   3.3386230e+01
   5.2862670e+06   2.4291992e+01
   5.2863370e+06   3.5461426e+01
   5.2863590e+06   2.6733398e+01
   5.2863820e+06   2.4169922e+01
   5.2867690e+06   2.6916504e+01
   5.2897530e+06   3.5522461e+01
   5.2897760e+06   3.0029297e+01
   5.2898680e+06   2.5756836e+01
   5.2898970e+06   2.5268555e+01
   5.2900450e+06   4.1625977e+01
   5.2902690e+06   3.0761719e+01
   5.2905240e+06   3.2470703e+01
   5.2939230e+06   2.9541016e+01
   5.2940490e+06   3.2714844e+01
   5.2941610e+06   2.7709961e+01
   5.2942260e+06   3.5766602e+01
   5.2943780e+06   2.8198242e+01
   5.2944140e+06   2.6123047e+01
   5.2944460e+06   2.4169922e+01
   5.2945060e+06   2.4047852e+01
   5.2946770e+06   2.6733398e+01
   5.2946880e+06   2.5085449e+01
   5.2948290e+06   2.4353027e+01
   5.2948820e+06   2.8076172e+01
   5.2990780e+06   2.8259277e+01
   5.2990960e+06   2.5207520e+01
   5.2991190e+06   2.4230957e+01
   5.2991900e+06   3.3508301e+01
   5.2992170e+06   3.0578613e+01
   5.2992950e+06   2.5146484e+01
   5.2993890e+06   3.0334473e+01
   5.2993990e+06   2.4658203e+01
   5.2994760e+06   2.7282715e+01
   5.2996000e+06   2.4414062e+01
   5.2996910e+06   2.7648926e+01
   5.2997810e+06   2.8991699e+01
   5.2999490e+06   3.4057617e+01
   5.3045920e+06   4.1870117e+01
   5.3046170e+06   2.9479980e+01
   5.3047060e+06   3.1005859e+01
   5.3047190e+06   2.6733398e+01
   5.3047750e+06   2.4780273e+01
   5.3048400e+06   2.6367188e+01
   5.3049020e+06   2.5207520e+01
   5.3049860e+06   3.1188965e+01
   5.3050590e+06   2.5390625e+01
   5.3051310e+06   3.0944824e+01
   5.3051920e+06   2.5451660e+01
   5.3052980e+06   3.6132812e+01
   5.3054950e+06   2.8320312e+01
   5.3099730e+06   3.8269043e+01
   5.3101150e+06   4.3395996e+01
   5.3101300e+06   3.5278320e+01
   5.3102500e+06   2.4719238e+01
   5.3103000e+06   2.6062012e+01
   5.3103340e+06   2.7038574e+01
   5.3104100e+06   2.5939941e+01
   5.3104910e+06   2.4597168e+01
   5.3105240e+06   2.7526855e+01
   5.3105450e+06   3.3203125e+01
   5.3106710e+06   3.4606934e+01
   5.3108290e+06   2.6733398e+01
   5.3153220e+06   2.4902344e+01
   5.3153670e+06   2.6367188e+01
   5.3154650e+06   2.5939941e+01
   5.3155860e+06   2.6916504e+01
   5.3156660e+06   2.4230957e+01
   5.3157140e+06   2.7709961e+01
   5.3158790e+06   3.4851074e+01
   5.3159820e+06   2.5146484e+01
   5.3160450e+06   2.9968262e+01
   5.3161300e+06   2.6428223e+01
   5.3162150e+06   2.4169922e+01
   5.3163360e+06   2.5878906e+01
   5.3204580e+06   3.9733887e+01
   5.3205190e+06   3.1127930e+01
   5.3205830e+06   3.6315918e+01
   5.3206240e+06   2.6611328e+01
   5.3206600e+06   2.6367188e+01
   5.3207060e+06   4.3762207e+01
   5.3207890e+06   3.2775879e+01
   5.3208440e+06   2.6489258e+01
   5.3208610e+06   2.9663086e+01
   5.3209940e+06   2.9663086e+01
   5.3210160e+06   3.3935547e+01
   5.3211920e+06   2.7709961e+01
   5.3214240e+06   2.6000977e+01
   5.3264050e+06   2.6000977e+01
   5.3264310e+06   3.2287598e+01
   5.3264890e+06   2.4475098e+01
   5.3265230e+06   3.3935547e+01
   5.3265540e+06   2.7160645e+01
   5.3266580e+06   2.4902344e+01
   5.3266970e+06   2.4597168e+01
   5.3267250e+06   3.3630371e+01
   5.3267580e+06   2.9052734e+01
   5.3267680e+06   3.1982422e+01
   5.3268130e+06   2.4108887e+01
   5.3268940e+06   3.6926270e+01
   5.3269160e+06   3.3630371e+01
   5.3270360e+06   2.5024414e+01
   5.3272220e+06   2.5146484e+01
   5.3277170e+06   2.4414062e+01
   5.3329530e+06   3.3630371e+01
   5.3329630e+06   3.0029297e+01
   5.3330140e+06   3.0883789e+01
   5.3330260e+06   2.8320312e+01
   5.3331370e+06   2.4108887e+01
   5.3331670e+06   3.6621094e+01
   5.3332250e+06   3.3752441e+01
   5.3332360e+06   5.1391602e+01
   5.3332680e+06   2.8808594e+01
   5.3333850e+06   2.4353027e+01
   5.3334120e+06   2.6611328e+01
   5.3335220e+06   2.4597168e+01
   5.3335580e+06   2.7526855e+01
   5.3336530e+06   2.5451660e+01
   5.3336710e+06   2.8930664e+01
   5.3336940e+06   2.7343750e+01
   5.3338290e+06   2.7404785e+01
   5.3393830e+06   3.6499023e+01
   5.3395260e+06   3.0822754e+01
   5.3395360e+06   3.3142090e+01
   5.3395660e+06   2.4475098e+01
   5.3395820e+06   2.4780273e+01
   5.3396560e+06   3.1982422e+01
   5.3397180e+06   2.6245117e+01
   5.3397610e+06   2.5390625e+01
   5.3397900e+06   3.9123535e+01
   5.3398740e+06   2.5024414e+01
   5.3399330e+06   2.3925781e+01
   5.3399460e+06   3.2897949e+01
   5.3400580e+06   2.9357910e+01
   5.3400880e+06   2.6672363e+01
   5.3402450e+06   2.8015137e+01
   5.3404210e+06   3.0151367e+01
   5.3407960e+06   2.6428223e+01
   5.3439350e+06   2.4353027e+01
   5.3443560e+06   2.4353027e+01
   5.3444180e+06   2.6123047e+01
   5.3444420e+06   2.7404785e+01
   5.3445190e+06   2.4230957e+01
   5.3445430e+06   2.7954102e+01
   5.3445620e+06   3.4790039e+01
   5.3445780e+06   2.9907227e+01
   5.3447020e+06   3.2287598e+01
   5.3447230e+06   2.7404785e+01
   5.3449650e+06   2.6672363e+01
   5.3450030e+06   2.8015137e+01
   5.3452570e+06   2.4230957e+01
   5.3454460e+06   2.5512695e+01
   5.3500920e+06   2.4536133e+01
   5.3501690e+06   2.7893066e+01
   5.3502560e+06   2.7954102e+01
   5.3502740e+06   2.8625488e+01
   5.3502950e+06   2.5329590e+01
   5.3503480e+06   2.6123047e+01
   5.3504190e+06   2.8503418e+01
   5.3504540e+06   2.4719238e+01
   5.3505260e+06   4.0100098e+01
   5.3505520e+06   3.0761719e+01
   5.3506870e+06   4.3884277e+01
   5.3507120e+06   2.6245117e+01
   5.3507580e+06   2.5146484e+01
   5.3508470e+06   3.4912109e+01
   5.3510540e+06   2.5146484e+01
   5.3572780e+06   2.4291992e+01
   5.3573000e+06   3.0151367e+01
   5.3573280e+06   2.5085449e+01
   5.3573710e+06   2.9296875e+01
   5.3573820e+06   2.4536133e+01
   5.3574200e+06   2.8747559e+01
   5.3574420e+06   2.4597168e+01
   5.3574750e+06   2.5085449e+01
   5.3575090e+06   4.2846680e+01
   5.3575920e+06   3.0151367e+01
   5.3576220e+06   3.3081055e+01
   5.3577170e+06   2.4414062e+01
   5.3577400e+06   3.6682129e+01
   5.3578410e+06   3.2714844e+01
   5.3578620e+06   2.4230957e+01
   5.3578950e+06   2.8869629e+01
   5.3579740e+06   2.5207520e+01
   5.3580090e+06   3.2592773e+01
   5.3581670e+06   2.4963379e+01
   5.3583320e+06   2.4108887e+01
   5.3585520e+06   2.4719238e+01
   5.3636760e+06   2.8625488e+01
   5.3637090e+06   2.4291992e+01
   5.3637370e+06   3.1555176e+01
   5.3637820e+06   3.1555176e+01
   5.3637950e+06   3.8818359e+01
   5.3638680e+06   2.4475098e+01
   5.3639060e+06   2.6733398e+01
   5.3639410e+06   2.8503418e+01
   5.3639690e+06   2.8991699e+01
   5.3640730e+06   2.8381348e+01
   5.3642100e+06   3.0212402e+01
   5.3643430e+06   2.9846191e+01
   5.3644000e+06   2.7282715e+01
   5.3647690e+06   2.4047852e+01
   5.3706340e+06   2.3986816e+01
   5.3707100e+06   3.6010742e+01
   5.3707370e+06   3.0212402e+01
   5.3707880e+06   2.6245117e+01
   5.3708130e+06   3.3447266e+01
   5.3708330e+06   3.2165527e+01
   5.3709420e+06   2.5817871e+01
   5.3710110e+06   2.4536133e+01
   5.3710500e+06   2.7404785e+01
   5.3711620e+06   3.0639648e+01
   5.3712150e+06   2.4230957e+01
   5.3712950e+06   4.7363281e+01
   5.3713330e+06   2.6245117e+01
   5.3713820e+06   2.3681641e+01
   5.3714190e+06   2.4536133e+01
   5.3714670e+06   5.0231934e+01
   5.3715280e+06   2.7282715e+01
   5.3716220e+06   2.5939941e+01
   5.3717890e+06   2.7893066e+01
   5.3721820e+06   2.3986816e+01
   5.3782020e+06   4.3579102e+01
   5.3782430e+06   2.4658203e+01
   5.3783000e+06   2.4169922e+01
   5.3783230e+06   2.6794434e+01
   5.3784240e+06   3.5705566e+01
   5.3785000e+06   3.6376953e+01
   5.3785660e+06   2.8259277e+01
   5.3786520e+06   2.3986816e+01
   5.3787010e+06   3.1127930e+01
   5.3787730e+06   2.4475098e+01
   5.3787960e+06   3.5217285e+01
   5.3789620e+06   2.6062012e+01
   5.3791170e+06   3.0273438e+01
   5.3792000e+06   2.6367188e+01
   5.3792800e+06   2.5329590e+01
   5.3795000e+06   2.7954102e+01
   5.3857400e+06   2.5756836e+01
   5.3859140e+06   2.9052734e+01
   5.3859880e+06   2.3925781e+01
   5.3860050e+06   2.8381348e+01
   5.3860430e+06   2.8198242e+01
   5.3860590e+06   2.5329590e+01
   5.3861450e+06   2.3742676e+01
   5.3862090e+06   3.1921387e+01
   5.3862390e+06   3.0700684e+01
   5.3863310e+06   2.6855469e+01
   5.3865040e+06   3.7292480e+01
   5.3940880e+06   4.3701172e+01
   5.3941390e+06   3.3691406e+01
   5.3941820e+06   2.7587891e+01
   5.3942620e+06   3.0090332e+01
   5.3942910e+06   2.8869629e+01
   5.3943450e+06   2.4658203e+01
   5.3944270e+06   2.7282715e+01
   5.3944460e+06   2.9296875e+01
   5.3945100e+06   2.4047852e+01
   5.3945430e+06   3.5339355e+01
   5.3945600e+06   2.7526855e+01
   5.3946430e+06   3.5461426e+01
   5.3947870e+06   2.6306152e+01
   5.3948030e+06   2.3986816e+01
   5.3948780e+06   2.4536133e+01
   5.3949160e+06   3.6010742e+01
   5.3949520e+06   2.5268555e+01
   5.3950750e+06   2.9296875e+01
   5.3952460e+06   2.8930664e+01
   5.3952850e+06   2.7832031e+01
   5.4010140e+06   2.9846191e+01
   5.4011170e+06   2.7709961e+01
   5.4011520e+06   3.2470703e+01
   5.4012090e+06   3.6437988e+01
   5.4013030e+06   2.6306152e+01
   5.4013580e+06   2.5573730e+01
   5.4014430e+06   2.5451660e+01
   5.4014720e+06   2.6428223e+01
   5.4015010e+06   2.4658203e+01
   5.4018710e+06   3.2836914e+01
   5.4020580e+06   3.3325195e+01
   5.4096640e+06   3.0029297e+01
   5.4096780e+06   2.6672363e+01
   5.4097150e+06   2.4230957e+01
   5.4097490e+06   3.8452148e+01
   5.4097590e+06   3.6499023e+01
   5.4098070e+06   2.9724121e+01
   5.4098390e+06   2.7160645e+01
   5.4098790e+06   3.2531738e+01
   5.4099500e+06   3.0334473e+01
   5.4099810e+06   3.3020020e+01
   5.4100470e+06   2.6245117e+01
   5.4101060e+06   4.1076660e+01
   5.4101190e+06   5.2124023e+01
   5.4101780e+06   4.1809082e+01
   5.4102020e+06   3.2104492e+01
   5.4102410e+06   3.1188965e+01
   5.4103610e+06   3.9428711e+01
   5.4103840e+06   2.5695801e+01
   5.4103960e+06   2.5939941e+01
   5.4106040e+06   2.4841309e+01
   5.4106230e+06   2.4780273e+01
   5.4106450e+06   2.7160645e+01
   5.4109180e+06   2.6672363e+01
   5.4182600e+06   3.1982422e+01
   5.4183430e+06   3.1372070e+01
   5.4183920e+06   2.5817871e+01
   5.4184290e+06   2.9968262e+01
   5.4184720e+06   2.9418945e+01
   5.4184880e+06   3.4667969e+01
   5.4185170e+06   3.3752441e+01
   5.4185320e+06   2.6000977e+01
   5.4185770e+06   2.4291992e+01
   5.4186070e+06   2.6733398e+01
   5.4187320e+06   3.1738281e+01
   5.4187820e+06   3.3081055e+01
   5.4189160e+06   2.5512695e+01
   5.4190530e+06   3.2836914e+01
   5.4192320e+06   2.5695801e+01
   5.4195820e+06   2.3681641e+01
   5.4268730e+06   2.7282715e+01
   5.4268860e+06   5.3466797e+01
   5.4269260e+06   2.8381348e+01
   5.4269890e+06   5.0781250e+01
   5.4270620e+06   2.5024414e+01
   5.4270860e+06   4.2663574e+01
   5.4271320e+06   2.8320312e+01
   5.4271500e+06   2.4108887e+01
   5.4272020e+06   3.4790039e+01
   5.4273160e+06   3.7353516e+01
   5.4273490e+06   3.6560059e+01
   5.4273680e+06   2.6184082e+01
   5.4274470e+06   4.9560547e+01
   5.4277720e+06   2.5085449e+01
   5.4277840e+06   2.6855469e+01
   5.4279070e+06   2.8869629e+01
   5.4281100e+06   2.4902344e+01
   5.4282920e+06   2.4047852e+01
   5.4358090e+06   2.6367188e+01
   5.4358740e+06   3.3630371e+01
   5.4358990e+06   2.5878906e+01
   5.4359220e+06   2.7770996e+01
   5.4359610e+06   3.8452148e+01
   5.4359730e+06   3.0273438e+01
   5.4360030e+06   2.4169922e+01
   5.4360950e+06   2.5817871e+01
   5.4361350e+06   2.5756836e+01
   5.4361540e+06   3.1250000e+01
   5.4361850e+06   2.8625488e+01
   5.4362170e+06   2.9602051e+01
   5.4363390e+06   2.3864746e+01
   5.4363590e+06   5.4260254e+01
   5.4364960e+06   3.1188965e+01
   5.4365780e+06   2.5695801e+01
   5.4366370e+06   2.9541016e+01
   5.4366490e+06   3.1433105e+01
   5.4367320e+06   2.7893066e+01
   5.4368020e+06   2.4353027e+01
   5.4370670e+06   2.9663086e+01
   5.4450060e+06   2.5451660e+01
   5.4452410e+06   2.4047852e+01
   5.4452560e+06   2.7832031e+01
   5.4453320e+06   3.0517578e+01
   5.4453730e+06   2.6123047e+01
   5.4453890e+06   2.6184082e+01
   5.4454120e+06   3.6437988e+01
   5.4454420e+06   2.6672363e+01
   5.4454600e+06   3.1188965e+01
   5.4454920e+06   2.8259277e+01
   5.4455850e+06   3.1677246e+01
   5.4456390e+06   2.7160645e+01
   5.4456490e+06   2.5878906e+01
   5.4457080e+06   3.6987305e+01
   5.4457810e+06   2.4658203e+01
   5.4458410e+06   3.2409668e+01
   5.4459870e+06   3.0273438e+01
   5.4460180e+06   2.4108887e+01
   5.4461030e+06   3.0639648e+01
   5.4464380e+06   2.6733398e+01
   5.4468180e+06   2.3742676e+01
   5.4555630e+06   2.3742676e+01
   5.4555730e+06   4.3334961e+01
   5.4555900e+06   2.6123047e+01
   5.4556750e+06   2.7282715e+01
   5.4556860e+06   3.1860352e+01
   5.4557150e+06   3.1555176e+01
   5.4557860e+06   2.5634766e+01
   5.4557970e+06   2.6062012e+01
   5.4558630e+06   3.9428711e+01
   5.4559140e+06   3.8391113e+01
   5.4560460e+06   4.1931152e+01
   5.4560580e+06   5.5725098e+01
   5.4560850e+06   2.3803711e+01
   5.4561610e+06   3.2592773e+01
   5.4562680e+06   3.3874512e+01
   5.4562970e+06   2.4475098e+01
   5.4565430e+06   2.8747559e+01
   5.4567130e+06   2.8503418e+01
   5.4684810e+06   2.7526855e+01
   5.4685350e+06   2.5573730e+01
   5.4685880e+06   2.5939941e+01
   5.4685980e+06   3.8208008e+01
   5.4686260e+06   3.2531738e+01
   5.4686630e+06   3.0883789e+01
   5.4686880e+06   2.4719238e+01
   5.4687150e+06   2.3925781e+01
   5.4687350e+06   3.0944824e+01
   5.4687610e+06   3.6743164e+01
   5.4688310e+06   4.2053223e+01
   5.4689030e+06   3.2653809e+01
   5.4689380e+06   4.8095703e+01
   5.4690340e+06   2.6550293e+01
   5.4690540e+06   2.3986816e+01
   5.4690880e+06   3.0700684e+01
   5.4691060e+06   2.7282715e+01
   5.4691480e+06   2.7160645e+01
   5.4691720e+06   2.4047852e+01
   5.4692000e+06   2.5024414e+01
   5.4692210e+06   2.9541016e+01
   5.4692460e+06   4.1503906e+01
   5.4692780e+06   2.4291992e+01
   5.4692940e+06   2.7709961e+01
   5.4693150e+06   4.6142578e+01
   5.4693450e+06   2.6733398e+01
   5.4693680e+06   4.8828125e+01
   5.4693860e+06   3.1250000e+01
   5.4694080e+06   3.1677246e+01
   5.4694240e+06   2.7893066e+01
   5.4694480e+06   4.6264648e+01
   5.4694750e+06   3.3020020e+01
   5.4694950e+06   2.8564453e+01
   5.4695350e+06   3.7841797e+01
   5.4695520e+06   3.6254883e+01
   5.4695840e+06   4.0283203e+01
   5.4696090e+06   4.7119141e+01
   5.4696250e+06   3.2958984e+01
   5.4696780e+06   3.8757324e+01
   5.4697430e+06   2.6062012e+01
   5.4697660e+06   3.2165527e+01
   5.4698140e+06   2.8137207e+01
   5.4698420e+06   2.9907227e+01
   5.4698880e+06   3.2836914e+01
   5.4699580e+06   3.8146973e+01
   5.4700380e+06   2.9663086e+01
   5.4700740e+06   3.1982422e+01
   5.4701320e+06   3.0090332e+01
   5.4702340e+06   3.0334473e+01
   5.4703100e+06   2.5207520e+01
   5.4704100e+06   2.5085449e+01
   5.4704200e+06   2.4841309e+01
   5.4704640e+06   2.5817871e+01
   5.4705210e+06   2.4719238e+01
   5.4705490e+06   2.4658203e+01
   5.4705640e+06   2.7282715e+01
   5.4706190e+06   2.3986816e+01
   5.4706400e+06   2.4047852e+01
   5.4707330e+06   2.7343750e+01
   5.4707860e+06   2.3681641e+01
   5.4710780e+06   2.4414062e+01
   5.4711300e+06   2.3681641e+01
   5.4883190e+06   2.9602051e+01
   5.4887530e+06   2.7770996e+01
   5.4971700e+06   2.7526855e+01
   5.4972350e+06   2.7465820e+01
   5.4972800e+06   2.5268555e+01
   5.4973990e+06   3.2043457e+01
   5.4974380e+06   4.2358398e+01
   5.4974810e+06   2.5817871e+01
   5.4975270e+06   2.3742676e+01
   5.4975620e+06   2.5573730e+01
   5.4975850e+06   3.4729004e+01
   5.4978470e+06   2.8076172e+01
   5.5058610e+06   3.5522461e+01
   5.5059080e+06   2.5756836e+01
   5.5059370e+06   2.6428223e+01
   5.5059880e+06   2.9785156e+01
   5.5060290e+06   3.6621094e+01
   5.5060400e+06   3.3325195e+01
   5.5061110e+06   2.4353027e+01
   5.5061210e+06   2.7343750e+01
   5.5061740e+06   3.7963867e+01
   5.5063040e+06   3.2714844e+01
   5.5063720e+06   2.5207520e+01
   5.5065660e+06   2.6062012e+01
   5.5069160e+06   2.6184082e+01
   5.5158750e+06   3.3020020e+01
   5.5159110e+06   2.6916504e+01
   5.5159660e+06   2.6428223e+01
   5.5160300e+06   4.2175293e+01
   5.5160580e+06   3.5705566e+01
   5.5161260e+06   3.7902832e+01
   5.5161780e+06   2.9113770e+01
   5.5161880e+06   2.7465820e+01
   5.5163310e+06   2.3803711e+01
   5.5165150e+06   2.7648926e+01
   5.5165640e+06   2.6245117e+01
   5.5168190e+06   2.6672363e+01
   5.5287880e+06   3.0456543e+01
   5.5288510e+06   2.4902344e+01
   5.5288770e+06   2.8747559e+01
   5.5288880e+06   3.5583496e+01
   5.5289590e+06   3.1372070e+01
   5.5289900e+06   3.2958984e+01
   5.5290410e+06   2.5024414e+01
   5.5290810e+06   3.9245605e+01
   5.5291940e+06   2.8259277e+01
   5.5292110e+06   3.1311035e+01
   5.5292560e+06   2.5085449e+01
   5.5293450e+06   3.3386230e+01
   5.5294120e+06   2.4414062e+01
   5.5294610e+06   2.4353027e+01
   5.5294780e+06   3.1982422e+01
   5.5295840e+06   2.6672363e+01
   5.5296920e+06   3.1005859e+01
   5.5383280e+06   3.4790039e+01
   5.5383930e+06   2.9418945e+01
   5.5384450e+06   3.4301758e+01
   5.5385390e+06   2.6062012e+01
   5.5385860e+06   2.5573730e+01
   5.5386280e+06   2.4841309e+01
   5.5386630e+06   2.6245117e+01
   5.5386840e+06   2.6916504e+01
   5.5388300e+06   3.2348633e+01
   5.5388550e+06   2.3864746e+01
   5.5391900e+06   3.1799316e+01
   5.5492930e+06   3.3752441e+01
   5.5493370e+06   2.6367188e+01
   5.5494140e+06   4.2358398e+01
   5.5494550e+06   2.4719238e+01
   5.5495060e+06   2.4169922e+01
   5.5495740e+06   3.4790039e+01
   5.5496270e+06   2.3681641e+01
   5.5497120e+06   2.6000977e+01
   5.5499220e+06   2.6306152e+01
   5.5500690e+06   2.3864746e+01
   5.5501740e+06   3.0151367e+01
   5.5597130e+06   3.1250000e+01
   5.5597970e+06   2.7038574e+01
   5.5598220e+06   2.4597168e+01
   5.5598610e+06   3.1372070e+01
   5.5599420e+06   2.9418945e+01
   5.5600450e+06   2.7160645e+01
   5.5601710e+06   3.9428711e+01
   5.5602260e+06   2.5207520e+01
   5.5603470e+06   3.3325195e+01
   5.5693920e+06   2.6123047e+01
   5.5712340e+06   2.5573730e+01
   5.5712890e+06   4.8828125e+01
   5.5713480e+06   3.4606934e+01
   5.5714190e+06   4.6386719e+01
   5.5715080e+06   2.6855469e+01
   5.5715460e+06   3.2531738e+01
   5.5715810e+06   2.5634766e+01
   5.5716900e+06   2.5024414e+01
   5.5717240e+06   2.7404785e+01
   5.5718660e+06   2.6855469e+01
   5.5719280e+06   2.5695801e+01
   5.5720250e+06   3.2470703e+01
   5.5722910e+06   3.1738281e+01
   5.5832810e+06   2.5024414e+01
   5.5832920e+06   3.0212402e+01
   5.5833550e+06   3.0883789e+01
   5.5833800e+06   2.4719238e+01
   5.5834490e+06   3.5034180e+01
   5.5834860e+06   3.2287598e+01
   5.5836190e+06   2.6000977e+01
   5.5836340e+06   3.2226562e+01
   5.5836860e+06   2.5634766e+01
   5.5837090e+06   2.4047852e+01
   5.5838390e+06   3.3203125e+01
   5.5840100e+06   2.5024414e+01
   5.5841000e+06   3.1982422e+01
   5.6009100e+06   2.7099609e+01
   5.6009340e+06   3.4118652e+01
   5.6009590e+06   2.5573730e+01
   5.6010430e+06   2.5939941e+01
   5.6010550e+06   3.6743164e+01
   5.6011410e+06   2.7648926e+01
   5.6011980e+06   2.4536133e+01
   5.6012090e+06   2.7526855e+01
   5.6012430e+06   3.7353516e+01
   5.6012700e+06   2.7160645e+01
   5.6013580e+06   2.9052734e+01
   5.6014490e+06   2.4536133e+01
   5.6014710e+06   2.4841309e+01
   5.6015530e+06   2.4047852e+01
   5.6015930e+06   2.5329590e+01
   5.6017260e+06   2.6000977e+01
   5.6017620e+06   2.4475098e+01
   5.6017920e+06   2.5939941e+01
   5.6018180e+06   2.6184082e+01
   5.6018490e+06   2.6916504e+01
   5.6018720e+06   3.6254883e+01
   5.6018840e+06   4.3273926e+01
   5.6019150e+06   3.2775879e+01
   5.6019470e+06   5.1635742e+01
   5.6019650e+06   3.4118652e+01
   5.6020080e+06   2.5329590e+01
   5.6020280e+06   2.8442383e+01
   5.6020450e+06   4.5837402e+01
   5.6020850e+06   5.4138184e+01
   5.6021030e+06   3.2653809e+01
   5.6021260e+06   5.0842285e+01
   5.6021380e+06   3.5949707e+01
   5.6021580e+06   3.1433105e+01
   5.6021710e+06   2.8808594e+01
   5.6021940e+06   4.1442871e+01
   5.6022270e+06   2.4353027e+01
   5.6022410e+06   4.8828125e+01
   5.6022680e+06   2.8259277e+01
   5.6023000e+06   4.1992188e+01
   5.6023510e+06   2.7160645e+01
   5.6023630e+06   4.5593262e+01
   5.6023920e+06   2.7282715e+01
   5.6024270e+06   3.0883789e+01
   5.6024410e+06   2.4108887e+01
   5.6024920e+06   3.2165527e+01
   5.6025600e+06   3.4790039e+01
   5.6026240e+06   3.0029297e+01
   5.6027270e+06   3.9001465e+01
   5.6028240e+06   3.3447266e+01
   5.6028410e+06   2.5024414e+01
   5.6029140e+06   3.0578613e+01
   5.6029360e+06   2.4536133e+01
   5.6029980e+06   3.3752441e+01
   5.6030400e+06   2.7954102e+01
   5.6030580e+06   2.4353027e+01
   5.6030830e+06   4.2053223e+01
   5.6031890e+06   2.7709961e+01
   5.6033160e+06   2.3742676e+01
   5.6033500e+06   2.5573730e+01
   5.6033630e+06   2.9907227e+01
   5.6034320e+06   2.9785156e+01
   5.6036130e+06   3.1738281e+01
   5.6036500e+06   2.5146484e+01
   5.6037370e+06   2.4475098e+01
   5.6037610e+06   2.4291992e+01
