   5.9990000e+06   0.0000000e+00
   2.7530000e+03   2.1972656e+01
   2.9510000e+03   2.7954102e+01
   2.9820000e+03   2.3315430e+01
   7.7310000e+03   2.1789551e+01
   7.8560000e+03   2.3498535e+01
   7.9750000e+03   2.5695801e+01
   8.0790000e+03   2.2277832e+01
   8.1350000e+03   5.2673340e+01
   8.2700000e+03   3.2165527e+01
   8.2970000e+03   2.1728516e+01
   8.3450000e+03   2.4841309e+01
   8.3570000e+03   2.2155762e+01
   8.3670000e+03   2.1789551e+01
   8.3780000e+03   2.2155762e+01
   8.4080000e+03   5.7495117e+01
   8.4320000e+03   3.1005859e+01
   8.4630000e+03   3.0395508e+01
   8.4740000e+03   2.2155762e+01
   8.4940000e+03   2.7465820e+01
   8.5400000e+03   3.6682129e+01
   8.5530000e+03   2.6916504e+01
   8.6090000e+03   2.4536133e+01
   8.6230000e+03   2.8137207e+01
   8.6380000e+03   3.1921387e+01
   8.6900000e+03   4.4738770e+01
   8.7130000e+03   3.1494141e+01
   8.7400000e+03   5.4809570e+01
   8.8310000e+03   4.4921875e+01
   8.8420000e+03   3.7475586e+01
   8.8980000e+03   2.4047852e+01
   8.9320000e+03   2.3376465e+01
   8.9540000e+03   2.6611328e+01
   8.9700000e+03   2.2644043e+01
   8.9910000e+03   2.7404785e+01
   9.0330000e+03   2.5756836e+01
   9.1000000e+03   2.4414062e+01
   9.1240000e+03   2.8259277e+01
   9.1790000e+03   2.3986816e+01
   9.2310000e+03   2.4414062e+01
   9.3160000e+03   3.1127930e+01
   9.3590000e+03   2.5878906e+01
   9.3780000e+03   2.3193359e+01
   9.5300000e+03   2.3132324e+01
   9.6890000e+03   2.2766113e+01
   1.9167000e+04   2.3986816e+01
   1.9273000e+04   2.2521973e+01
   1.9468000e+04   2.5512695e+01
   2.1909000e+04   2.6123047e+01
   2.2053000e+04   2.4902344e+01
   2.4663000e+04   2.2094727e+01
   2.4731000e+04   2.5939941e+01
   2.4927000e+04   2.7221680e+01
   2.4970000e+04   2.3132324e+01
   2.5008000e+04   3.2348633e+01
   2.5043000e+04   2.1972656e+01
   2.5188000e+04   3.6437988e+01
   2.5198000e+04   2.3132324e+01
   2.5223000e+04   2.8381348e+01
   2.5259000e+04   2.2521973e+01
   2.5287000e+04   4.3273926e+01
   2.5313000e+04   2.2216797e+01
   2.5353000e+04   4.9621582e+01
   2.5415000e+04   3.8940430e+01
   2.5447000e+04   2.4658203e+01
   2.5473000e+04   5.1879883e+01
   2.5488000e+04   2.2888184e+01
   2.5508000e+04   3.1127930e+01
   2.5534000e+04   2.6367188e+01
   2.5547000e+04   2.4658203e+01
   2.5587000e+04   5.8898926e+01
   2.5626000e+04   2.9602051e+01
   2.5660000e+04   2.7709961e+01
   2.5685000e+04   4.8889160e+01
   2.5710000e+04   2.5207520e+01
   2.5735000e+04   2.7465820e+01
   2.5758000e+04   2.3620605e+01
   2.5784000e+04   3.3630371e+01
   2.5812000e+04   2.3315430e+01
   2.5845000e+04   2.3742676e+01
   2.5885000e+04   4.3457031e+01
   2.5917000e+04   2.2949219e+01
   2.5944000e+04   3.5095215e+01
   2.5997000e+04   2.4414063e+01
   2.6048000e+04   2.1789551e+01
   2.6077000e+04   2.8381348e+01
   2.6114000e+04   2.9357910e+01
   2.6138000e+04   2.3864746e+01
   2.6190000e+04   2.2094727e+01
   2.6243000e+04   2.5268555e+01
   2.6472000e+04   2.2094727e+01
   2.6693000e+04   2.1850586e+01
   2.6960000e+04   2.1850586e+01
   2.7441000e+04   2.5695801e+01
   3.7046000e+04   2.2644043e+01
   3.7543000e+04   2.3864746e+01
   3.7863000e+04   2.6611328e+01
   3.7937000e+04   2.3315430e+01
   3.7976000e+04   2.6245117e+01
   3.8165000e+04   5.7434082e+01
   3.8227000e+04   2.1972656e+01
   3.8306000e+04   2.7038574e+01
   3.8356000e+04   3.4362793e+01
   4.1293000e+04   2.1911621e+01
   4.3320000e+04   2.4719238e+01
   4.3357000e+04   2.1728516e+01
   4.3623000e+04   2.2094727e+01
   4.3894000e+04   2.1972656e+01
   4.6558000e+04   2.3010254e+01
   4.6737000e+04   2.4841309e+01
   4.6774000e+04   3.2714844e+01
   4.6841000e+04   2.3437500e+01
   4.6889000e+04   2.1850586e+01
   4.7030000e+04   3.0212402e+01
   4.7074000e+04   5.1879883e+01
   4.7085000e+04   2.2705078e+01
   4.7146000e+04   2.8137207e+01
   4.7198000e+04   2.1728516e+01
   4.7255000e+04   2.3254395e+01
   4.7313000e+04   2.7160645e+01
   4.7331000e+04   3.0212402e+01
   4.7367000e+04   2.1911621e+01
   4.7382000e+04   2.6489258e+01
   4.7430000e+04   3.2836914e+01
   4.7447000e+04   3.3874512e+01
   4.7465000e+04   5.3588867e+01
   4.7516000e+04   2.7893066e+01
   4.7529000e+04   3.1250000e+01
   4.7551000e+04   2.6367188e+01
   4.7567000e+04   4.2663574e+01
   4.7594000e+04   2.3498535e+01
   4.7616000e+04   2.3559570e+01
   4.7665000e+04   3.6987305e+01
   4.7680000e+04   2.4047852e+01
   4.7709000e+04   2.4414062e+01
   4.7754000e+04   2.3193359e+01
   4.7765000e+04   2.5573730e+01
   4.7785000e+04   3.3630371e+01
   4.7860000e+04   2.5268555e+01
   4.7892000e+04   2.2949219e+01
   4.7912000e+04   2.7954102e+01
   4.7969000e+04   2.2277832e+01
   4.7982000e+04   2.9479980e+01
   4.8039000e+04   2.2277832e+01
   4.8055000e+04   3.7780762e+01
   4.8102000e+04   2.5634766e+01
   4.8114000e+04   2.4475098e+01
   4.8287000e+04   2.2583008e+01
   4.8420000e+04   2.2766113e+01
   5.8323000e+04   2.2277832e+01
   6.3437000e+04   2.2216797e+01
   6.3540000e+04   2.2521973e+01
   6.3602000e+04   4.4067383e+01
   6.3695000e+04   2.6611328e+01
   6.3726000e+04   2.1728516e+01
   6.3796000e+04   5.2246094e+01
   6.3855000e+04   4.2602539e+01
   6.3879000e+04   2.1972656e+01
   6.3897000e+04   2.5451660e+01
   6.3943000e+04   2.3315430e+01
   6.3963000e+04   3.5217285e+01
   6.3986000e+04   2.5512695e+01
   6.3999000e+04   3.5827637e+01
   6.4043000e+04   3.5400391e+01
   6.4053000e+04   3.0212402e+01
   6.4081000e+04   2.3437500e+01
   6.4104000e+04   2.4169922e+01
   6.4125000e+04   3.2287598e+01
   6.4154000e+04   2.8320312e+01
   6.4175000e+04   2.5329590e+01
   6.4188000e+04   3.3691406e+01
   6.4212000e+04   4.7668457e+01
   6.4274000e+04   2.5329590e+01
   6.4318000e+04   3.5095215e+01
   6.4345000e+04   2.1789551e+01
   6.4359000e+04   2.2399902e+01
   6.4397000e+04   2.2644043e+01
   6.4407000e+04   3.1311035e+01
   6.4436000e+04   3.3142090e+01
   6.4448000e+04   2.9968262e+01
   6.4488000e+04   2.4353027e+01
   6.4502000e+04   2.2888184e+01
   6.4540000e+04   2.7770996e+01
   6.4570000e+04   3.0273438e+01
   6.4679000e+04   2.1728516e+01
   6.4725000e+04   2.3193359e+01
   6.4745000e+04   2.4475098e+01
   6.4897000e+04   2.4108887e+01
   7.8252000e+04   2.2338867e+01
   7.8334000e+04   2.4108887e+01
   7.8479000e+04   2.4169922e+01
   7.8650000e+04   4.2053223e+01
   7.8672000e+04   3.1616211e+01
   7.8692000e+04   2.6184082e+01
   7.8717000e+04   2.5024414e+01
   7.8769000e+04   2.5939941e+01
   7.8781000e+04   2.3376465e+01
   7.8820000e+04   5.7312012e+01
   7.8863000e+04   2.4780273e+01
   7.8886000e+04   2.6306152e+01
   7.8910000e+04   2.2338867e+01
   7.8937000e+04   4.5471191e+01
   7.8964000e+04   2.9296875e+01
   7.8981000e+04   2.4291992e+01
   7.9021000e+04   2.3742676e+01
   7.9031000e+04   4.9377441e+01
   7.9063000e+04   2.4108887e+01
   7.9096000e+04   2.2766113e+01
   7.9131000e+04   4.7180176e+01
   7.9162000e+04   3.1433105e+01
   7.9181000e+04   2.5268555e+01
   7.9209000e+04   3.1860352e+01
   7.9229000e+04   3.0944824e+01
   7.9294000e+04   2.2521973e+01
   7.9341000e+04   2.9479980e+01
   7.9375000e+04   2.1789551e+01
   7.9399000e+04   2.7709961e+01
   7.9466000e+04   3.2714844e+01
   7.9489000e+04   2.2827148e+01
   7.9560000e+04   3.0090332e+01
   7.9580000e+04   2.3376465e+01
   7.9663000e+04   2.8930664e+01
   7.9688000e+04   2.2583008e+01
   9.0613000e+04   2.2827148e+01
   9.0716000e+04   2.4169922e+01
   9.1105000e+04   2.1728516e+01
   9.1139000e+04   2.2521973e+01
   9.1262000e+04   2.5695801e+01
   9.1296000e+04   2.5268555e+01
   9.1436000e+04   2.3498535e+01
   9.1619000e+04   2.7404785e+01
   9.1645000e+04   2.3559570e+01
   9.1753000e+04   5.8654785e+01
   9.6613000e+04   2.2033691e+01
   9.7013000e+04   2.2766113e+01
   9.7165000e+04   2.6733398e+01
   1.0283900e+05   2.4719238e+01
   1.0293500e+05   2.4108887e+01
   1.0296300e+05   3.1677246e+01
   1.0303400e+05   2.1911621e+01
   1.0307800e+05   5.6762695e+01
   1.0310600e+05   2.9785156e+01
   1.0317600e+05   2.4536133e+01
   1.0327000e+05   2.4963379e+01
   1.0330000e+05   5.9204102e+01
   1.0335100e+05   3.4301758e+01
   1.0337800e+05   2.5695801e+01
   1.0339700e+05   2.6855469e+01
   1.0342100e+05   5.6274414e+01
   1.0344100e+05   2.7282715e+01
   1.0346000e+05   2.9357910e+01
   1.0347100e+05   2.6245117e+01
   1.0351100e+05   2.2399902e+01
   1.0352800e+05   3.3752441e+01
   1.0354500e+05   2.2277832e+01
   1.0356100e+05   3.3203125e+01
   1.0357200e+05   2.7099609e+01
   1.0361700e+05   3.6865234e+01
   1.0364800e+05   2.3315430e+01
   1.0367200e+05   2.5024414e+01
   1.0371300e+05   5.1391602e+01
   1.0380300e+05   2.2033691e+01
   1.0382200e+05   2.2094727e+01
   1.0392400e+05   2.5878906e+01
   1.0394400e+05   3.3569336e+01
   1.0397500e+05   2.8198242e+01
   1.0401700e+05   2.2338867e+01
   1.0408700e+05   3.0456543e+01
   1.0409800e+05   3.5827637e+01
   1.0415200e+05   2.1972656e+01
   1.0423100e+05   2.3925781e+01
   1.0466200e+05   2.1850586e+01
   1.1784200e+05   2.2277832e+01
   1.1794600e+05   2.2521973e+01
   1.1804000e+05   3.2165527e+01
   1.1816300e+05   3.5522461e+01
   1.1817700e+05   2.4353027e+01
   1.1822000e+05   2.4902344e+01
   1.1823400e+05   2.4108887e+01
   1.1831100e+05   4.2419434e+01
   1.1832800e+05   3.5217285e+01
   1.1834200e+05   2.5390625e+01
   1.1836900e+05   5.5053711e+01
   1.1838300e+05   3.5827637e+01
   1.1843800e+05   2.6733398e+01
   1.1845400e+05   2.6245117e+01
   1.1848200e+05   3.3203125e+01
   1.1849900e+05   3.9123535e+01
   1.1852100e+05   3.0761719e+01
   1.1854900e+05   3.4057617e+01
   1.1860700e+05   4.7546387e+01
   1.1863200e+05   2.6977539e+01
   1.1866600e+05   2.2766113e+01
   1.1868700e+05   3.2531738e+01
   1.1870900e+05   2.7160645e+01
   1.1873700e+05   2.1789551e+01
   1.1880000e+05   2.2583008e+01
   1.1881500e+05   3.4179688e+01
   1.1889900e+05   2.6245117e+01
   1.1894000e+05   3.2836914e+01
   1.1896200e+05   2.2399902e+01
   1.1897700e+05   2.3925781e+01
   1.1904900e+05   2.3620605e+01
   1.1909300e+05   2.9357910e+01
   1.1914800e+05   2.4169922e+01
   1.1923700e+05   2.4108887e+01
   1.1966200e+05   2.1911621e+01
   1.3426400e+05   2.6000977e+01
   1.3433100e+05   2.5878906e+01
   1.3445100e+05   2.6000977e+01
   1.3452400e+05   2.4902344e+01
   1.3453900e+05   2.4353027e+01
   1.3455800e+05   2.9602051e+01
   1.3459100e+05   3.7231445e+01
   1.3460600e+05   3.1250000e+01
   1.3462400e+05   2.1911621e+01
   1.3465600e+05   2.4291992e+01
   1.3466900e+05   2.5024414e+01
   1.3468900e+05   2.4719238e+01
   1.3473400e+05   3.6865234e+01
   1.3476500e+05   5.5786133e+01
   1.3478400e+05   3.0578613e+01
   1.3482000e+05   2.2827148e+01
   1.3484600e+05   3.0334473e+01
   1.3485800e+05   2.8320312e+01
   1.3487700e+05   8.1542969e+01
   1.3491000e+05   3.6254883e+01
   1.3495000e+05   2.6916504e+01
   1.3498100e+05   5.2001953e+01
   1.3500200e+05   3.3874512e+01
   1.3503300e+05   2.2277832e+01
   1.3504300e+05   2.8564453e+01
   1.3507600e+05   3.0639648e+01
   1.3510200e+05   3.5217285e+01
   1.3517400e+05   2.8869629e+01
   1.3520400e+05   2.5695801e+01
   1.3523700e+05   2.4353027e+01
   1.3525500e+05   3.9611816e+01
   1.3529300e+05   2.8076172e+01
   1.3531600e+05   2.8259277e+01
   1.3541100e+05   2.8259277e+01
   1.3545400e+05   2.2155762e+01
   1.3546700e+05   2.6733398e+01
   1.3549300e+05   2.1911621e+01
   1.3557100e+05   2.6000977e+01
   1.3576700e+05   2.5756836e+01
   1.3627500e+05   2.3620605e+01
   1.3632200e+05   2.3315430e+01
   1.5928700e+05   2.3071289e+01
   1.5946200e+05   2.8381348e+01
   1.5950300e+05   2.2277832e+01
   1.5957300e+05   3.5034180e+01
   1.5961800e+05   4.6142578e+01
   1.5967700e+05   3.0456543e+01
   1.5969000e+05   2.3254395e+01
   1.5973000e+05   2.2216797e+01
   1.5974400e+05   2.9418945e+01
   1.5975400e+05   3.7658691e+01
   1.5979700e+05   3.2592773e+01
   1.5983400e+05   3.0639648e+01
   1.5984600e+05   2.9907227e+01
   1.5986300e+05   2.8442383e+01
   1.5988800e+05   2.4169922e+01
   1.5991900e+05   2.6672363e+01
   1.5993500e+05   4.7790527e+01
   1.6002000e+05   4.1320801e+01
   1.6007500e+05   2.3010254e+01
   1.6010200e+05   2.8320312e+01
   1.6016700e+05   2.7526855e+01
   1.6019900e+05   2.8503418e+01
   1.6026000e+05   2.1972656e+01
   1.6027800e+05   2.3986816e+01
   1.6030600e+05   2.7648926e+01
   1.6032100e+05   2.3071289e+01
   1.6041000e+05   2.6062012e+01
   1.6047300e+05   2.2094727e+01
   1.6057200e+05   2.3254395e+01
   1.6066100e+05   2.9174805e+01
   1.6069000e+05   2.4597168e+01
   1.6072400e+05   2.6428223e+01
   1.6076500e+05   2.2521973e+01
   1.6085100e+05   2.8503418e+01
   1.6104300e+05   2.3132324e+01
   1.6138500e+05   2.4719238e+01
   1.8693100e+05   2.6611328e+01
   1.8701100e+05   2.6977539e+01
   1.8709700e+05   2.3010254e+01
   1.8712000e+05   2.4780273e+01
   1.8713000e+05   5.8410645e+01
   1.8722200e+05   3.6437988e+01
   1.8724100e+05   2.5329590e+01
   1.8725800e+05   2.7343750e+01
   1.8727700e+05   4.9560547e+01
   1.8731700e+05   3.2348633e+01
   1.8735700e+05   3.4240723e+01
   1.8737500e+05   5.9692383e+01
   1.8739400e+05   3.2287598e+01
   1.8741900e+05   2.4047852e+01
   1.8743700e+05   2.9052734e+01
   1.8746300e+05   4.5043945e+01
   1.8749700e+05   3.1250000e+01
   1.8751100e+05   2.1911621e+01
   1.8755200e+05   3.7536621e+01
   1.8756300e+05   3.8024902e+01
   1.8763000e+05   2.6977539e+01
   1.8777100e+05   2.3193359e+01
   1.8780600e+05   2.1789551e+01
   1.8787700e+05   2.2460938e+01
   1.8790600e+05   2.8381348e+01
   1.8797500e+05   2.7526855e+01
   1.8800700e+05   2.3620605e+01
   1.8803200e+05   2.1850586e+01
   1.8807700e+05   3.3020020e+01
   1.8812900e+05   2.2033691e+01
   1.8815000e+05   2.2583008e+01
   1.8819500e+05   3.4301758e+01
   1.8828400e+05   2.4597168e+01
   1.8832800e+05   2.1728516e+01
   1.8838100e+05   2.5573730e+01
   1.8840400e+05   2.2521973e+01
   1.8869300e+05   2.4475098e+01
   6.1706500e+05   3.3569336e+01
   6.1708700e+05   2.4780273e+01
   6.1713200e+05   6.2988281e+01
   6.1714200e+05   2.9846191e+01
   6.1718400e+05   2.9113770e+01
   6.1719500e+05   2.4414062e+01
   6.1728500e+05   2.5512695e+01
   6.1730800e+05   2.7160645e+01
   6.1732700e+05   6.0302734e+01
   6.1735600e+05   4.9499512e+01
   6.1738000e+05   3.5339355e+01
   6.1740600e+05   2.8076172e+01
   6.1742700e+05   7.2753906e+01
   6.1744700e+05   2.3437500e+01
   6.1748000e+05   2.2888184e+01
   6.1750100e+05   2.3437500e+01
   6.1755300e+05   2.5207520e+01
   6.1757200e+05   2.6123047e+01
   6.1761700e+05   3.3630371e+01
   6.1763200e+05   2.3498535e+01
   6.1764200e+05   2.3864746e+01
   6.1767500e+05   2.6000977e+01
   6.1768800e+05   2.4353027e+01
   6.1771900e+05   2.3010254e+01
   6.1773600e+05   2.4291992e+01
   6.1780500e+05   2.9174805e+01
   6.1785800e+05   3.0578613e+01
   6.1792000e+05   2.3803711e+01
   6.1802600e+05   2.5756836e+01
   6.1821800e+05   2.4902344e+01
   6.1823000e+05   2.2705078e+01
   6.1834500e+05   2.7282715e+01
   6.1841600e+05   2.1789551e+01
   6.1843800e+05   2.8381348e+01
   6.1847900e+05   2.4230957e+01
   6.1853700e+05   2.1911621e+01
   6.1860500e+05   2.9235840e+01
   6.1877600e+05   2.2766113e+01
   6.1891600e+05   2.2766113e+01
   6.1895200e+05   2.2583008e+01
   6.1925800e+05   2.4047852e+01
   7.9652600e+05   5.5053711e+01
   7.9655500e+05   2.3864746e+01
   7.9658600e+05   2.3437500e+01
   7.9661600e+05   2.3010254e+01
   7.9665500e+05   2.6977539e+01
   7.9666500e+05   3.3996582e+01
   7.9668900e+05   5.7128906e+01
   7.9670700e+05   3.2226562e+01
   7.9673300e+05   2.7343750e+01
   7.9676400e+05   2.8991699e+01
   7.9678900e+05   4.8278809e+01
   7.9679900e+05   2.6977539e+01
   7.9681000e+05   2.6306152e+01
   7.9684700e+05   2.5573730e+01
   7.9686500e+05   2.6977539e+01
   7.9689400e+05   2.5695801e+01
   7.9691700e+05   2.8686523e+01
   7.9695900e+05   2.9724121e+01
   7.9701900e+05   3.5217285e+01
   7.9704300e+05   2.5817871e+01
   7.9705300e+05   2.9296875e+01
   7.9708500e+05   2.5329590e+01
   7.9709900e+05   3.2714844e+01
   7.9717600e+05   2.9846191e+01
   7.9719700e+05   2.2094727e+01
   7.9722600e+05   2.4414062e+01
   7.9730800e+05   2.4169922e+01
   7.9733400e+05   2.3376465e+01
   7.9738400e+05   2.3742676e+01
   7.9745300e+05   2.2399902e+01
   7.9750300e+05   2.3620605e+01
   7.9764800e+05   2.2888184e+01
   7.9776700e+05   2.1972656e+01
   7.9779400e+05   2.3803711e+01
   7.9784300e+05   2.5512695e+01
   7.9788800e+05   2.8015137e+01
   7.9797500e+05   2.1972656e+01
   7.9804200e+05   3.0395508e+01
   7.9816300e+05   2.1972656e+01
   7.9837800e+05   2.1972656e+01
   8.1110200e+05   2.2460938e+01
   8.1118200e+05   3.3081055e+01
   8.1124700e+05   7.5744629e+01
   8.1130100e+05   3.4851074e+01
   8.1133200e+05   2.2460938e+01
   8.1136100e+05   2.7282715e+01
   8.1137500e+05   2.7221680e+01
   8.1140400e+05   5.1086426e+01
   8.1142400e+05   2.4230957e+01
   8.1143700e+05   4.0466309e+01
   8.1146700e+05   2.8076172e+01
   8.1147800e+05   2.3681641e+01
   8.1149700e+05   5.0903320e+01
   8.1152600e+05   2.4536133e+01
   8.1157000e+05   4.7973633e+01
   8.1158600e+05   2.4414062e+01
   8.1161500e+05   3.2409668e+01
   8.1163400e+05   3.3020020e+01
   8.1165400e+05   3.0334473e+01
   8.1167700e+05   3.0029297e+01
   8.1170700e+05   2.5268555e+01
   8.1174200e+05   2.4597168e+01
   8.1177800e+05   2.2155762e+01
   8.1180100e+05   2.1789551e+01
   8.1183800e+05   2.2766113e+01
   8.1185000e+05   2.9174805e+01
   8.1190600e+05   2.3620605e+01
   8.1191600e+05   3.1188965e+01
   8.1194500e+05   2.5268555e+01
   8.1202900e+05   2.4414062e+01
   8.1204700e+05   3.7475586e+01
   8.1209500e+05   2.2888184e+01
   8.1213200e+05   2.8625488e+01
   8.1221200e+05   2.2155762e+01
   8.1228300e+05   2.7160645e+01
   8.1253500e+05   2.2399902e+01
   8.1261300e+05   2.2888184e+01
   8.1265900e+05   2.5634766e+01
   8.1269000e+05   2.3498535e+01
   8.1270300e+05   2.6977539e+01
   8.1278400e+05   2.3315430e+01
   8.1283400e+05   2.1911621e+01
   8.1288900e+05   2.2888184e+01
   8.1316400e+05   2.3071289e+01
   8.1323500e+05   2.4841309e+01
   8.2093500e+05   3.1005859e+01
   8.2106700e+05   2.4902344e+01
   8.2114600e+05   3.0883789e+01
   8.2122400e+05   2.8442383e+01
   8.2127400e+05   2.3071289e+01
   8.2130600e+05   2.3010254e+01
   8.2134600e+05   4.6752930e+01
   8.2136900e+05   2.8320312e+01
   8.2141400e+05   2.6123047e+01
   8.2149200e+05   2.8076172e+01
   8.2152200e+05   2.5207520e+01
   8.2155200e+05   3.2775879e+01
   8.2157700e+05   2.4536133e+01
   8.2161700e+05   2.3254395e+01
   8.2163700e+05   2.7160645e+01
   8.2166300e+05   2.2094727e+01
   8.2167300e+05   2.2033691e+01
   8.2171400e+05   4.4921875e+01
   8.2174600e+05   3.4912109e+01
   8.2178400e+05   3.1311035e+01
   8.2179800e+05   3.7353516e+01
   8.2182300e+05   2.9663086e+01
   8.2185700e+05   2.7954102e+01
   8.2187300e+05   2.2338867e+01
   8.2192400e+05   2.5390625e+01
   8.2196400e+05   2.6123047e+01
   8.2201400e+05   2.3132324e+01
   8.2202400e+05   2.3376465e+01
   8.2206100e+05   2.3132324e+01
   8.2209000e+05   2.1728516e+01
   8.2211300e+05   2.3559570e+01
   8.2214200e+05   2.3742676e+01
   8.2217900e+05   2.4475098e+01
   8.2220500e+05   2.4841309e+01
   8.2222300e+05   2.4719238e+01
   8.2225600e+05   2.4902344e+01
   8.2231100e+05   2.3559570e+01
   8.2236300e+05   2.3071289e+01
   8.2240200e+05   3.1066895e+01
   8.2241800e+05   2.4291992e+01
   8.2243500e+05   2.2521973e+01
   8.2249800e+05   2.4047852e+01
   8.2257600e+05   2.2644043e+01
   8.2292500e+05   2.1911621e+01
   8.3133100e+05   2.1850586e+01
   8.3630200e+05   2.2155762e+01
   8.3632400e+05   3.4912109e+01
   8.3639900e+05   2.4902344e+01
   8.3648000e+05   2.2277832e+01
   8.3651100e+05   2.5390625e+01
   8.3654900e+05   3.8391113e+01
   8.3657500e+05   4.5959473e+01
   8.3659200e+05   2.2216797e+01
   8.3664200e+05   2.2460938e+01
   8.3671800e+05   2.1972656e+01
   8.3673600e+05   2.5634766e+01
   8.3674800e+05   3.5400391e+01
   8.3678900e+05   5.4260254e+01
   8.3683400e+05   3.2714844e+01
   8.3685300e+05   2.6428223e+01
   8.3687300e+05   3.4912109e+01
   8.3689800e+05   2.8808594e+01
   8.3690900e+05   2.7832031e+01
   8.3693400e+05   2.3010254e+01
   8.3697200e+05   3.1860352e+01
   8.3699700e+05   4.6325684e+01
   8.3700700e+05   3.3813477e+01
   8.3705500e+05   2.6489258e+01
   8.3708500e+05   4.1748047e+01
   8.3710500e+05   3.3996582e+01
   8.3718200e+05   2.4963379e+01
   8.3723100e+05   2.2277832e+01
   8.3726600e+05   3.4667969e+01
   8.3727600e+05   3.1433105e+01
   8.3738800e+05   2.6184082e+01
   8.3742600e+05   2.2338867e+01
   8.3744400e+05   3.0700684e+01
   8.3749100e+05   3.8085938e+01
   8.3753100e+05   2.5268555e+01
   8.3754800e+05   2.5329590e+01
   8.3757000e+05   2.6916504e+01
   8.3761500e+05   3.3630371e+01
   8.3764300e+05   2.3254395e+01
   8.3770100e+05   2.4169922e+01
   8.3779600e+05   2.5024414e+01
   8.3798400e+05   2.5634766e+01
   8.3806100e+05   2.2949219e+01
   8.3817300e+05   2.3437500e+01
   8.4876100e+05   2.2277832e+01
   8.4889400e+05   2.4169922e+01
   8.4891500e+05   3.0639648e+01
   8.4906400e+05   2.2216797e+01
   8.4912000e+05   2.2888184e+01
   8.4913400e+05   3.3508301e+01
   8.4915900e+05   2.3376465e+01
   8.4918700e+05   2.2399902e+01
   8.4920900e+05   2.4841309e+01
   8.4922300e+05   2.3681641e+01
   8.4924200e+05   2.3864746e+01
   8.4926100e+05   2.4353027e+01
   8.4929800e+05   2.5451660e+01
   8.4931800e+05   3.0029297e+01
   8.4934200e+05   5.7250977e+01
   8.4935200e+05   2.9357910e+01
   8.4938700e+05   3.3142090e+01
   8.4940900e+05   3.3081055e+01
   8.4944400e+05   2.2094727e+01
   8.4946400e+05   4.0527344e+01
   8.4949500e+05   3.7048340e+01
   8.4953700e+05   2.6062012e+01
   8.4956700e+05   4.1320801e+01
   8.4962600e+05   2.1789551e+01
   8.4965000e+05   2.8015137e+01
   8.4968000e+05   3.9672852e+01
   8.4975800e+05   2.5573730e+01
   8.4979200e+05   3.3325195e+01
   8.4982800e+05   2.8686523e+01
   8.4989600e+05   2.4719238e+01
   8.4991800e+05   3.3813477e+01
   8.4993900e+05   2.2460938e+01
   8.4997000e+05   2.2644043e+01
   8.5001900e+05   2.3193359e+01
   8.5005100e+05   3.8024902e+01
   8.5028500e+05   4.6386719e+01
   8.5038600e+05   2.1728516e+01
   8.5082400e+05   2.2338867e+01
   8.6046700e+05   2.2827148e+01
   8.6057600e+05   2.2644043e+01
   8.6075400e+05   2.2338867e+01
   8.6085300e+05   2.4291992e+01
   8.6086900e+05   2.3925781e+01
   8.6098700e+05   3.3813477e+01
   8.6102400e+05   2.2094727e+01
   8.6106300e+05   2.3254395e+01
   8.6107900e+05   2.2277832e+01
   8.6110200e+05   2.5146484e+01
   8.6115000e+05   3.1066895e+01
   8.6119300e+05   2.2216797e+01
   8.6120300e+05   3.9062500e+01
   8.6123900e+05   2.9052734e+01
   8.6126500e+05   2.2888184e+01
   8.6130400e+05   3.1494141e+01
   8.6134400e+05   4.5715332e+01
   8.6137500e+05   2.4353027e+01
   8.6138900e+05   2.4841309e+01
   8.6141800e+05   2.2827148e+01
   8.6144100e+05   2.9235840e+01
   8.6145200e+05   2.9174805e+01
   8.6149000e+05   3.2653809e+01
   8.6151400e+05   2.4291992e+01
   8.6154300e+05   2.7954102e+01
   8.6160400e+05   5.5603027e+01
   8.6162100e+05   2.3559570e+01
   8.6167100e+05   2.5634766e+01
   8.6170000e+05   2.5146484e+01
   8.6171700e+05   4.5166016e+01
   8.6174400e+05   2.5390625e+01
   8.6178400e+05   2.2460938e+01
   8.6180800e+05   2.3010254e+01
   8.6184300e+05   2.3742676e+01
   8.6186100e+05   2.4475098e+01
   8.6212600e+05   2.5695801e+01
   8.6215000e+05   2.2949219e+01
   8.7236300e+05   2.2949219e+01
   8.7248900e+05   2.3803711e+01
   8.7261300e+05   2.1789551e+01
   8.7265600e+05   2.9479980e+01
   8.7266800e+05   2.4963379e+01
   8.7280200e+05   2.5756836e+01
   8.7283100e+05   5.4870605e+01
   8.7289500e+05   2.2705078e+01
   8.7291700e+05   2.1850586e+01
   8.7295200e+05   2.4841309e+01
   8.7300100e+05   4.0649414e+01
   8.7302000e+05   2.2216797e+01
   8.7303700e+05   3.0334473e+01
   8.7308100e+05   2.3315430e+01
   8.7309700e+05   2.4841309e+01
   8.7313300e+05   2.3315430e+01
   8.7316500e+05   3.0883789e+01
   8.7321500e+05   2.9113770e+01
   8.7324700e+05   2.5024414e+01
   8.7326500e+05   2.3010254e+01
   8.7329400e+05   3.2348633e+01
   8.7332000e+05   2.4230957e+01
   8.7337200e+05   2.7526855e+01
   8.7338200e+05   4.9682617e+01
   8.7340600e+05   2.3376465e+01
   8.7342800e+05   3.6865234e+01
   8.7353100e+05   2.3010254e+01
   8.7354700e+05   3.7109375e+01
   8.7357800e+05   2.1789551e+01
   8.7361300e+05   2.9479980e+01
   8.7371200e+05   2.3437500e+01
   8.8504500e+05   2.4353027e+01
   8.8516200e+05   3.3813477e+01
   8.8531100e+05   2.2277832e+01
   8.8533500e+05   2.8076172e+01
   8.8537600e+05   2.8137207e+01
   8.8539300e+05   2.4780273e+01
   8.8542200e+05   3.0273438e+01
   8.8544500e+05   2.5329590e+01
   8.8547100e+05   4.9011230e+01
   8.8549600e+05   2.6184082e+01
   8.8552500e+05   2.8686523e+01
   8.8554400e+05   2.3376465e+01
   8.8556400e+05   2.1728516e+01
   8.8558600e+05   3.5461426e+01
   8.8560300e+05   4.6997070e+01
   8.8564100e+05   3.0151367e+01
   8.8570500e+05   5.0292969e+01
   8.8572900e+05   3.1188965e+01
   8.8576100e+05   2.8869629e+01
   8.8578100e+05   2.2705078e+01
   8.8580100e+05   3.9245605e+01
   8.8585400e+05   2.3620605e+01
   8.8589300e+05   2.4597168e+01
   8.8591000e+05   3.1311035e+01
   8.8599900e+05   2.1728516e+01
   8.8603300e+05   2.4780273e+01
   8.8606800e+05   2.2766113e+01
   8.8612300e+05   2.4169922e+01
   8.8616900e+05   3.3752441e+01
   8.8621400e+05   2.8381348e+01
   8.8625500e+05   2.4963379e+01
   8.8628300e+05   2.4963379e+01
   8.8630400e+05   2.2399902e+01
   8.8632500e+05   2.7526855e+01
   8.9690100e+05   2.7709961e+01
   8.9717800e+05   3.0090332e+01
   8.9720600e+05   2.5451660e+01
   8.9722500e+05   2.2460938e+01
   8.9732600e+05   2.2094727e+01
   8.9736900e+05   2.4291992e+01
   8.9738400e+05   4.1809082e+01
   8.9741500e+05   2.3254395e+01
   8.9743600e+05   3.4118652e+01
   8.9746500e+05   2.4291992e+01
   8.9749100e+05   2.4230957e+01
   8.9753200e+05   4.1931152e+01
   8.9757100e+05   2.4108887e+01
   8.9758900e+05   3.1250000e+01
   8.9761200e+05   2.2521973e+01
   8.9765900e+05   4.0344238e+01
   8.9770000e+05   2.5390625e+01
   8.9776400e+05   2.6367188e+01
   8.9781000e+05   2.7038574e+01
   8.9784900e+05   2.6733398e+01
   8.9789400e+05   3.5339355e+01
   8.9804000e+05   2.5329590e+01
   8.9817300e+05   2.2094727e+01
   8.9836200e+05   2.4353027e+01
   8.9856600e+05   2.4963379e+01
   9.0922900e+05   2.8259277e+01
   9.0928500e+05   2.3193359e+01
   9.0941200e+05   2.2888184e+01
   9.0942500e+05   3.3203125e+01
   9.0944400e+05   2.3925781e+01
   9.0947000e+05   2.2033691e+01
   9.0953000e+05   2.6855469e+01
   9.0954900e+05   2.5695801e+01
   9.0957000e+05   5.0720215e+01
   9.0958800e+05   2.6306152e+01
   9.0962300e+05   2.3315430e+01
   9.0964000e+05   2.4230957e+01
   9.0968500e+05   2.5390625e+01
   9.0969700e+05   2.3925781e+01
   9.0971800e+05   2.4902344e+01
   9.0975600e+05   2.2338867e+01
   9.0977800e+05   2.6916504e+01
   9.0982000e+05   2.9968262e+01
   9.0985700e+05   2.8747559e+01
   9.0989200e+05   2.4597168e+01
   9.0990200e+05   2.4169922e+01
   9.0993900e+05   3.5766602e+01
   9.0996600e+05   2.4169922e+01
   9.1001000e+05   3.0822754e+01
   9.1003700e+05   2.4780273e+01
   9.1006500e+05   2.4291992e+01
   9.1012300e+05   2.9113770e+01
   9.1024700e+05   2.4963379e+01
   9.2074500e+05   2.9968262e+01
   9.2084100e+05   2.4414062e+01
   9.2096000e+05   2.3681641e+01
   9.2105500e+05   2.2094727e+01
   9.2108300e+05   2.6000977e+01
   9.2110800e+05   4.9377441e+01
   9.2114900e+05   2.3254395e+01
   9.2118500e+05   2.1728516e+01
   9.2127700e+05   3.5339355e+01
   9.2129100e+05   5.2307129e+01
   9.2131400e+05   2.4597168e+01
   9.2135300e+05   2.2949219e+01
   9.2138300e+05   2.3498535e+01
   9.2141000e+05   2.4414062e+01
   9.2144100e+05   4.7424316e+01
   9.2145800e+05   2.3071289e+01
   9.2147800e+05   2.4047852e+01
   9.2150200e+05   2.2583008e+01
   9.2155400e+05   2.5268555e+01
   9.2158300e+05   5.6030273e+01
   9.2160500e+05   3.0456543e+01
   9.2172900e+05   2.6367188e+01
   9.2174800e+05   3.8024902e+01
   9.2177200e+05   2.1728516e+01
   9.2189100e+05   2.1911621e+01
   9.2195500e+05   3.0090332e+01
   9.2211300e+05   2.2705078e+01
   9.3110800e+05   2.7465820e+01
   9.3112900e+05   2.2583008e+01
   9.3133000e+05   2.1972656e+01
   9.3140700e+05   2.2949219e+01
   9.3147700e+05   4.0710449e+01
   9.3156600e+05   3.0029297e+01
   9.3160100e+05   2.4902344e+01
   9.3163900e+05   2.7648926e+01
   9.3172500e+05   2.6306152e+01
   9.3173600e+05   4.9926758e+01
   9.3177800e+05   2.2521973e+01
   9.3180900e+05   2.4902344e+01
   9.3183000e+05   2.2827148e+01
   9.3185900e+05   2.3071289e+01
   9.3188800e+05   2.7893066e+01
   9.3194600e+05   2.4597168e+01
   9.3198700e+05   4.8034668e+01
   9.3203300e+05   2.3681641e+01
   9.3965100e+05   2.5085449e+01
   9.3968400e+05   2.3010254e+01
   9.3972600e+05   2.7465820e+01
   9.3977000e+05   2.7099609e+01
   9.3988300e+05   2.2766113e+01
   9.3992200e+05   2.2277832e+01
   9.3995700e+05   2.9052734e+01
   9.3996800e+05   2.8747559e+01
   9.4000600e+05   2.2033691e+01
   9.4014300e+05   2.2705078e+01
   9.4020100e+05   4.4860840e+01
   9.4031900e+05   3.5156250e+01
   9.4035800e+05   2.3071289e+01
   9.4038700e+05   4.1931152e+01
   9.4042600e+05   2.3986816e+01
   9.4052100e+05   3.0273438e+01
   9.4066600e+05   3.2958984e+01
   9.4073900e+05   2.2949219e+01
   9.4860700e+05   2.5451660e+01
   9.4867000e+05   2.3010254e+01
   9.4874400e+05   2.1789551e+01
   9.4879800e+05   2.7832031e+01
   9.4884700e+05   5.2246094e+01
   9.4887200e+05   2.3010254e+01
   9.4895600e+05   2.4658203e+01
   9.4898200e+05   2.3559570e+01
   9.4902200e+05   2.5817871e+01
   9.4906100e+05   3.3691406e+01
   9.4915200e+05   2.5634766e+01
   9.4917700e+05   2.3071289e+01
   9.4920100e+05   3.8757324e+01
   9.4922600e+05   2.6428223e+01
   9.4929000e+05   2.4108887e+01
   9.4933500e+05   4.2297363e+01
   9.4936900e+05   2.3559570e+01
   9.4940900e+05   2.7648926e+01
   9.4944800e+05   2.3803711e+01
   9.4947600e+05   4.3334961e+01
   9.4954700e+05   2.3498535e+01
   9.4957600e+05   3.0334473e+01
   9.4966000e+05   4.2907715e+01
   9.4975100e+05   2.3986816e+01
   9.5838100e+05   2.8503418e+01
   9.5844300e+05   3.7658691e+01
   9.5915800e+05   4.5593262e+01
   9.6747700e+05   2.3925781e+01
   9.6750600e+05   5.8715820e+01
   9.6756500e+05   2.3803711e+01
   9.6762900e+05   2.2399902e+01
   9.6772500e+05   6.4636230e+01
   9.6773600e+05   3.9611816e+01
   9.6777700e+05   2.2521973e+01
   9.6780100e+05   2.8747559e+01
   9.6784200e+05   2.5634766e+01
   9.6787300e+05   3.0822754e+01
   9.6788300e+05   5.7250977e+01
   9.6791900e+05   2.7832031e+01
   9.6794300e+05   2.2155762e+01
   9.6798000e+05   2.2460938e+01
   9.6800700e+05   2.9907227e+01
   9.6801700e+05   2.9052734e+01
   9.6804500e+05   2.2155762e+01
   9.6810300e+05   2.8503418e+01
   9.6812200e+05   3.7963867e+01
   9.6824600e+05   3.1799316e+01
   9.6830300e+05   2.5878906e+01
   9.6834000e+05   3.6254883e+01
   9.6835800e+05   2.1728516e+01
   9.6840800e+05   2.1728516e+01
   9.6841800e+05   2.4047852e+01
   9.6846600e+05   3.3325195e+01
   9.7933700e+05   2.4230957e+01
   9.7938800e+05   2.2155762e+01
   9.7949900e+05   2.3437500e+01
   9.7959200e+05   2.6000977e+01
   9.7962400e+05   4.6569824e+01
   9.7965000e+05   2.4108887e+01
   9.7968000e+05   2.4414062e+01
   9.7990100e+05   4.6936035e+01
   9.7992000e+05   2.9724121e+01
   9.8008000e+05   2.5390625e+01
   9.8016900e+05   3.2958984e+01
   9.8895700e+05   2.8198242e+01
   9.8901600e+05   2.7465820e+01
   9.8904800e+05   2.4475098e+01
   9.8908500e+05   4.1320801e+01
   9.8915800e+05   2.3193359e+01
   9.8918100e+05   5.3833008e+01
   9.8919200e+05   2.3681641e+01
   9.8932600e+05   3.5339355e+01
   9.8935300e+05   2.1789551e+01
   9.8940100e+05   5.3161621e+01
   9.8942100e+05   2.2705078e+01
   9.8948400e+05   2.7526855e+01
   9.8953700e+05   2.9724121e+01
   9.8954700e+05   2.2644043e+01
   9.8959500e+05   5.3161621e+01
   9.8967900e+05   2.8686523e+01
   9.8975000e+05   3.9611816e+01
   9.8979500e+05   2.2338867e+01
   9.8989800e+05   4.2724609e+01
   9.8996000e+05   2.4536133e+01
   1.0009710e+06   2.8625488e+01
   1.0009810e+06   2.2521973e+01
   1.0010580e+06   3.1372070e+01
   1.0011170e+06   2.8381348e+01
   1.0011890e+06   2.9052734e+01
   1.0012080e+06   2.3315430e+01
   1.0012660e+06   4.0466309e+01
   1.0013310e+06   2.1728516e+01
   1.0013850e+06   2.2583008e+01
   1.0014130e+06   2.3559570e+01
   1.0014280e+06   2.2277832e+01
   1.0014450e+06   4.2236328e+01
   1.0015780e+06   5.5114746e+01
   1.0016190e+06   2.9052734e+01
   1.0016540e+06   2.4597168e+01
   1.0016750e+06   2.6489258e+01
   1.0017060e+06   4.4189453e+01
   1.0017380e+06   3.6682129e+01
   1.0018060e+06   3.3996582e+01
   1.0018310e+06   4.2114258e+01
   1.0019080e+06   2.2277832e+01
   1.0019780e+06   3.0151367e+01
   1.0020290e+06   3.0517578e+01
   1.0021650e+06   3.5522461e+01
   1.0023610e+06   2.1789551e+01
   1.0185880e+06   2.6977539e+01
   1.0186700e+06   2.3925781e+01
   1.0187150e+06   2.4047852e+01
   1.0188220e+06   6.2011719e+01
   1.0188360e+06   2.6489258e+01
   1.0188830e+06   2.2583008e+01
   1.0189040e+06   2.7770996e+01
   1.0189380e+06   2.4353027e+01
   1.0189680e+06   4.7485352e+01
   1.0190030e+06   3.0334473e+01
   1.0190150e+06   2.9663086e+01
   1.0190370e+06   2.4780273e+01
   1.0190720e+06   3.0578613e+01
   1.0190840e+06   4.2053223e+01
   1.0191170e+06   3.2653809e+01
   1.0191480e+06   2.2888184e+01
   1.0191700e+06   2.2888184e+01
   1.0191930e+06   3.8330078e+01
   1.0192670e+06   2.1728516e+01
   1.0192870e+06   3.3691406e+01
   1.0192990e+06   3.2592773e+01
   1.0193330e+06   2.3010254e+01
   1.0193480e+06   2.5329590e+01
   1.0193790e+06   2.4780273e+01
   1.0194020e+06   3.0761719e+01
   1.0194360e+06   2.6489258e+01
   1.0194990e+06   2.4963379e+01
   1.0196050e+06   2.6367188e+01
   1.0196670e+06   2.8747559e+01
   1.0197120e+06   2.1789551e+01
   1.0197340e+06   3.5827637e+01
   1.0198680e+06   2.6000977e+01
   1.0198800e+06   2.9724121e+01
   1.0431360e+06   2.2888184e+01
   1.0432090e+06   2.2094727e+01
   1.0432580e+06   2.8686523e+01
   1.0433600e+06   5.0659180e+01
   1.0434030e+06   2.6855469e+01
   1.0434440e+06   4.1503906e+01
   1.0435000e+06   2.5268555e+01
   1.0435290e+06   3.3447266e+01
   1.0435440e+06   2.8015137e+01
   1.0435620e+06   2.4353027e+01
   1.0435740e+06   3.1494141e+01
   1.0436430e+06   4.3395996e+01
   1.0436670e+06   2.9357910e+01
   1.0437010e+06   2.8686523e+01
   1.0437320e+06   4.0649414e+01
   1.0437520e+06   3.7353516e+01
   1.0437880e+06   2.4047852e+01
   1.0438150e+06   5.9326172e+01
   1.0438790e+06   3.3203125e+01
   1.0439020e+06   3.0578613e+01
   1.0439870e+06   2.6184082e+01
   1.0440070e+06   2.7099609e+01
   1.0440790e+06   2.9418945e+01
   1.0440980e+06   2.7221680e+01
   1.0441170e+06   2.7038574e+01
   1.0441340e+06   2.6977539e+01
   1.0441480e+06   2.7832031e+01
   1.0442020e+06   2.3254395e+01
   1.0442380e+06   4.0283203e+01
   1.0442900e+06   2.3498535e+01
   1.0443180e+06   2.2827148e+01
   1.0443410e+06   2.3315430e+01
   1.0443660e+06   2.4841309e+01
   1.0444060e+06   2.4047852e+01
   1.0444310e+06   2.2949219e+01
   1.0445220e+06   3.4118652e+01
   1.0446830e+06   2.5939941e+01
   1.0449400e+06   2.3437500e+01
   1.0779650e+06   2.5329590e+01
   1.0780090e+06   2.7832031e+01
   1.0780650e+06   5.9326172e+01
   1.0781070e+06   2.7832031e+01
   1.0781260e+06   3.5949707e+01
   1.0781610e+06   2.6855469e+01
   1.0781830e+06   3.0212402e+01
   1.0781930e+06   2.4658203e+01
   1.0782130e+06   5.1147461e+01
   1.0782460e+06   2.6245117e+01
   1.0782650e+06   3.2714844e+01
   1.0782860e+06   2.8869629e+01
   1.0783060e+06   2.5329590e+01
   1.0783190e+06   5.7128906e+01
   1.0783500e+06   2.9663086e+01
   1.0783810e+06   3.2836914e+01
   1.0784070e+06   3.4973145e+01
   1.0784430e+06   2.2033691e+01
   1.0784610e+06   3.5095215e+01
   1.0784770e+06   3.3935547e+01
   1.0785230e+06   2.3620605e+01
   1.0785330e+06   2.2949219e+01
   1.0785590e+06   3.1433105e+01
   1.0786440e+06   3.0090332e+01
   1.0786540e+06   2.3193359e+01
   1.0787420e+06   2.8198242e+01
   1.0787680e+06   2.2766113e+01
   1.0788510e+06   3.1433105e+01
   1.0788830e+06   2.6733398e+01
   1.0789770e+06   3.4545898e+01
   1.0790390e+06   3.2714844e+01
   1.0790550e+06   2.1850586e+01
   1.0791140e+06   2.1972656e+01
   1.0791860e+06   2.3254395e+01
   1.0792670e+06   2.7282715e+01
   1.0794290e+06   2.5451660e+01
   1.0794620e+06   2.8686523e+01
   1.0795010e+06   2.4353027e+01
   1.0796020e+06   2.4719238e+01
   1.0797100e+06   2.1911621e+01
   1.0797790e+06   2.2827148e+01
   1.5299030e+06   3.0944824e+01
   1.5299480e+06   4.5410156e+01
   1.5299770e+06   2.7160645e+01
   1.5299990e+06   2.5451660e+01
   1.5300440e+06   3.1433105e+01
   1.5300580e+06   3.3264160e+01
   1.5300870e+06   2.1850586e+01
   1.5301230e+06   2.3071289e+01
   1.5301360e+06   5.8959961e+01
   1.5301750e+06   3.4667969e+01
   1.5301900e+06   3.7414551e+01
   1.5302040e+06   2.6733398e+01
   1.5302260e+06   2.9602051e+01
   1.5302400e+06   5.5786133e+01
   1.5302590e+06   2.3071289e+01
   1.5302830e+06   2.4291992e+01
   1.5302980e+06   3.7841797e+01
   1.5303100e+06   2.7221680e+01
   1.5303440e+06   2.6123047e+01
   1.5303840e+06   2.1728516e+01
   1.5303980e+06   2.7038574e+01
   1.5304200e+06   2.2216797e+01
   1.5304320e+06   2.2583008e+01
   1.5304580e+06   2.7343750e+01
   1.5304690e+06   2.2094727e+01
   1.5304990e+06   2.2460938e+01
   1.5305380e+06   2.5085449e+01
   1.5305880e+06   2.8442383e+01
   1.5306260e+06   2.2399902e+01
   1.5306690e+06   2.4841309e+01
   1.5307100e+06   2.2338867e+01
   1.5307650e+06   2.2155762e+01
   1.5308380e+06   2.3620605e+01
   1.5308630e+06   2.2766113e+01
   1.5309250e+06   2.4841309e+01
   1.5309420e+06   2.3925781e+01
   1.5310310e+06   2.4230957e+01
   1.5311620e+06   2.4108887e+01
   1.5311880e+06   2.3010254e+01
   1.5312410e+06   2.3559570e+01
   1.5312870e+06   2.4414062e+01
   1.5313150e+06   2.2216797e+01
   1.5313530e+06   2.6855469e+01
   1.5313750e+06   2.5634766e+01
   1.5314190e+06   2.3986816e+01
   1.5315070e+06   2.3132324e+01
   1.5316560e+06   2.1972656e+01
   1.5319190e+06   2.3132324e+01
   1.7199610e+06   2.4597168e+01
   1.7199860e+06   5.4321289e+01
   1.7200020e+06   2.8442383e+01
   1.7200150e+06   3.0151367e+01
   1.7200320e+06   2.2521973e+01
   1.7200520e+06   2.1789551e+01
   1.7201060e+06   2.5268555e+01
   1.7201320e+06   5.0842285e+01
   1.7201500e+06   2.4597168e+01
   1.7201740e+06   2.5024414e+01
   1.7201870e+06   2.9174805e+01
   1.7202250e+06   5.3649902e+01
   1.7202380e+06   2.5878906e+01
   1.7202910e+06   4.9987793e+01
   1.7203270e+06   2.3376465e+01
   1.7203370e+06   3.2836914e+01
   1.7203740e+06   3.7963867e+01
   1.7204050e+06   2.3620605e+01
   1.7204350e+06   2.5390625e+01
   1.7204750e+06   2.6916504e+01
   1.7205060e+06   2.8808594e+01
   1.7205200e+06   2.2521973e+01
   1.7205610e+06   2.6245117e+01
   1.7205790e+06   2.4230957e+01
   1.7206070e+06   2.2155762e+01
   1.7206430e+06   2.5756836e+01
   1.7206640e+06   2.5390625e+01
   1.7206940e+06   2.3010254e+01
   1.7207770e+06   2.4658203e+01
   1.7208080e+06   2.6855469e+01
   1.7208570e+06   2.2583008e+01
   1.7209560e+06   2.7648926e+01
   1.7210360e+06   2.4719238e+01
   1.7210700e+06   2.2583008e+01
   1.7211440e+06   2.9113770e+01
   1.7212110e+06   2.9296875e+01
   1.7212790e+06   3.5888672e+01
   1.7212900e+06   2.5268555e+01
   1.7214180e+06   2.7282715e+01
   1.7220130e+06   2.5146484e+01
   1.7220230e+06   2.5451660e+01
   1.7220710e+06   2.2338867e+01
   1.7308750e+06   3.2104492e+01
   1.7309590e+06   2.5024414e+01
   1.7310050e+06   2.3742676e+01
   1.7310410e+06   4.6508789e+01
   1.7310920e+06   2.2827148e+01
   1.7311240e+06   2.4780273e+01
   1.7311740e+06   2.3010254e+01
   1.7311860e+06   3.5034180e+01
   1.7312060e+06   3.3142090e+01
   1.7312340e+06   3.0212402e+01
   1.7312510e+06   2.5207520e+01
   1.7312770e+06   2.8076172e+01
   1.7312970e+06   6.1340332e+01
   1.7313070e+06   2.2460938e+01
   1.7313260e+06   2.8076172e+01
   1.7313520e+06   2.8320312e+01
   1.7313770e+06   3.5888672e+01
   1.7313910e+06   4.3273926e+01
   1.7314130e+06   2.3620605e+01
   1.7314560e+06   2.4841309e+01
   1.7314690e+06   2.7526855e+01
   1.7315020e+06   2.1911621e+01
   1.7315280e+06   2.7770996e+01
   1.7315550e+06   2.6794434e+01
   1.7315970e+06   2.3376465e+01
   1.7316660e+06   2.6245117e+01
   1.7316900e+06   2.5634766e+01
   1.7317270e+06   2.1728516e+01
   1.7318000e+06   3.0212402e+01
   1.7318360e+06   2.3193359e+01
   1.7320000e+06   2.3193359e+01
   1.7320310e+06   2.4902344e+01
   1.7320820e+06   2.4597168e+01
   1.7321480e+06   2.2338867e+01
   1.7322730e+06   2.2094727e+01
   1.7323630e+06   2.8076172e+01
   1.7323730e+06   2.4963379e+01
   1.7327570e+06   2.7282715e+01
   1.7328380e+06   2.1911621e+01
   1.7328530e+06   2.5451660e+01
   1.7331880e+06   2.3620605e+01
   1.7404900e+06   2.1789551e+01
   1.7408850e+06   2.2766113e+01
   1.7409600e+06   3.3752441e+01
   1.7411440e+06   2.6611328e+01
   1.7440380e+06   2.2094727e+01
   1.7442930e+06   2.1911621e+01
   1.7444450e+06   3.3752441e+01
   1.7445600e+06   2.5573730e+01
   1.7447260e+06   2.3742676e+01
   1.7480420e+06   2.2705078e+01
   1.7482330e+06   2.3864746e+01
   1.7482850e+06   2.6489258e+01
   1.7509170e+06   2.4353027e+01
   1.7511060e+06   3.3081055e+01
   1.7511600e+06   2.2216797e+01
   1.7512930e+06   2.8137207e+01
   1.7513120e+06   4.9682617e+01
   1.7513500e+06   2.4169922e+01
   1.7514280e+06   2.2766113e+01
   1.7515600e+06   2.5085449e+01
   1.7516180e+06   4.5837402e+01
   1.7516300e+06   2.3376465e+01
   1.7516420e+06   2.7404785e+01
   1.7517070e+06   2.5939941e+01
   1.7517750e+06   2.7893066e+01
   1.7517860e+06   2.8503418e+01
   1.7518220e+06   2.7587891e+01
   1.7518420e+06   4.7363281e+01
   1.7518950e+06   2.7038574e+01
   1.7519120e+06   2.8564453e+01
   1.7519380e+06   2.6855469e+01
   1.7519550e+06   2.6794434e+01
   1.7519690e+06   4.2907715e+01
   1.7519910e+06   3.2104492e+01
   1.7520380e+06   3.0090332e+01
   1.7520520e+06   2.8320312e+01
   1.7520750e+06   3.0883789e+01
   1.7520960e+06   2.7099609e+01
   1.7521180e+06   2.4047852e+01
   1.7521450e+06   2.8686523e+01
   1.7521660e+06   2.6489258e+01
   1.7521930e+06   2.3010254e+01
   1.7522050e+06   2.6916504e+01
   1.7522360e+06   2.4353027e+01
   1.7522680e+06   2.2338867e+01
   1.7522780e+06   2.5207520e+01
   1.7522980e+06   2.9724121e+01
   1.7523650e+06   3.7536621e+01
   1.7524330e+06   2.2094727e+01
   1.7524780e+06   2.8564453e+01
   1.7525760e+06   2.1789551e+01
   1.7526090e+06   2.3132324e+01
   1.7527530e+06   2.3193359e+01
   1.7527980e+06   2.3498535e+01
   1.7528280e+06   2.3376465e+01
   1.7529480e+06   2.2888184e+01
   1.7530030e+06   2.3498535e+01
   1.7531030e+06   2.4719238e+01
   1.7531380e+06   2.1728516e+01
   1.7601270e+06   2.3376465e+01
   1.7602100e+06   2.2521973e+01
   1.7628410e+06   2.6428223e+01
   1.7629270e+06   2.6367188e+01
   1.7663300e+06   2.3559570e+01
   1.7665010e+06   2.1789551e+01
   1.7665490e+06   2.1850586e+01
   1.7695470e+06   2.3437500e+01
   1.7696350e+06   3.2592773e+01
   1.7700940e+06   2.4841309e+01
   1.7732280e+06   2.3559570e+01
   1.7755870e+06   2.3803711e+01
   1.7756980e+06   2.2521973e+01
   1.7757630e+06   2.5878906e+01
   1.7759540e+06   2.3803711e+01
   1.7759650e+06   2.9479980e+01
   1.7759860e+06   2.3193359e+01
   1.7760220e+06   3.4301758e+01
   1.7760760e+06   2.2094727e+01
   1.7762790e+06   3.8757324e+01
   1.7763370e+06   6.1401367e+01
   1.7764990e+06   2.2583008e+01
   1.7765530e+06   2.2888184e+01
   1.7766000e+06   2.2460938e+01
   1.7766320e+06   2.6489258e+01
   1.7766520e+06   2.9235840e+01
   1.7766800e+06   2.2705078e+01
   1.7767070e+06   4.9133301e+01
   1.7767220e+06   2.6672363e+01
   1.7767640e+06   2.2277832e+01
   1.7767850e+06   3.4240723e+01
   1.7768200e+06   2.4414062e+01
   1.7768350e+06   4.4921875e+01
   1.7768670e+06   2.1911621e+01
   1.7768770e+06   2.8747559e+01
   1.7769230e+06   3.6560059e+01
   1.7769350e+06   4.3212891e+01
   1.7769740e+06   2.6489258e+01
   1.7770140e+06   2.2033691e+01
   1.7770370e+06   2.7648926e+01
   1.7770480e+06   2.6184082e+01
   1.7770730e+06   2.2827148e+01
   1.7771040e+06   2.2583008e+01
   1.7771450e+06   3.1982422e+01
   1.7772020e+06   2.2949219e+01
   1.7772350e+06   2.4353027e+01
   1.7772630e+06   2.6000977e+01
   1.7773290e+06   3.1250000e+01
   1.7774120e+06   2.4475098e+01
   1.7774680e+06   2.3498535e+01
   1.7775400e+06   2.7832031e+01
   1.7775500e+06   3.1616211e+01
   1.7776210e+06   2.2277832e+01
   1.7777000e+06   2.4169922e+01
   1.7871600e+06   2.1850586e+01
   1.7877430e+06   2.4963379e+01
   1.7897630e+06   2.2338867e+01
   1.7932120e+06   2.6184082e+01
   1.7933450e+06   2.5024414e+01
   1.7934220e+06   2.4353027e+01
   1.7934440e+06   2.2521973e+01
   1.7935830e+06   2.6123047e+01
   1.7938710e+06   5.0964355e+01
   1.7939970e+06   2.3010254e+01
   1.7941380e+06   4.4738770e+01
   1.7941640e+06   2.7770996e+01
   1.7941930e+06   3.2226562e+01
   1.7942060e+06   2.6611328e+01
   1.7942180e+06   3.1555176e+01
   1.7942630e+06   3.3996582e+01
   1.7942880e+06   3.3142090e+01
   1.7943050e+06   2.8015137e+01
   1.7943250e+06   2.1911621e+01
   1.7943720e+06   3.0883789e+01
   1.7943940e+06   4.6264648e+01
   1.7944250e+06   2.3437500e+01
   1.7944370e+06   2.5512695e+01
   1.7944670e+06   3.5522461e+01
   1.7945040e+06   3.4423828e+01
   1.7945540e+06   2.5268555e+01
   1.7945700e+06   3.2287598e+01
   1.7946210e+06   2.4902344e+01
   1.7946310e+06   4.2602539e+01
   1.7946690e+06   2.4169922e+01
   1.7946800e+06   2.3864746e+01
   1.7947330e+06   2.4353027e+01
   1.7947500e+06   3.9428711e+01
   1.7948190e+06   2.2460938e+01
   1.7948620e+06   2.2705078e+01
   1.7949210e+06   2.2705078e+01
   1.7949560e+06   2.2888184e+01
   1.7950910e+06   2.3132324e+01
   1.7955850e+06   2.2644043e+01
   1.8088600e+06   2.7465820e+01
   1.8089710e+06   2.2705078e+01
   1.8117260e+06   2.4230957e+01
   1.8117610e+06   2.2460938e+01
   1.8121150e+06   2.1789551e+01
   1.8122540e+06   2.7404785e+01
   1.8158620e+06   2.4169922e+01
   1.8159300e+06   3.1494141e+01
   1.8159410e+06   2.3132324e+01
   1.8160500e+06   3.5095215e+01
   1.8163840e+06   2.2399902e+01
   1.8163960e+06   2.3437500e+01
   1.8167690e+06   3.4057617e+01
   1.8202960e+06   2.3925781e+01
   1.8205270e+06   2.7893066e+01
   1.8207180e+06   2.9235840e+01
   1.8207610e+06   2.6489258e+01
   1.8208250e+06   2.4047852e+01
   1.8208350e+06   4.6264648e+01
   1.8209540e+06   2.1789551e+01
   1.8259020e+06   2.7099609e+01
   1.8259880e+06   2.7404785e+01
   1.8299530e+06   2.2644043e+01
   1.8300810e+06   2.7770996e+01
   1.8314500e+06   2.1850586e+01
   1.8350310e+06   2.6245117e+01
   1.8351620e+06   3.5156250e+01
   1.8351870e+06   3.0029297e+01
   1.8352030e+06   2.1972656e+01
   1.8352950e+06   4.6386719e+01
   1.8353290e+06   2.4597168e+01
   1.8354300e+06   2.7404785e+01
   1.8354770e+06   2.6855469e+01
   1.8355560e+06   2.5817871e+01
   1.8360320e+06   2.2338867e+01
   1.8399600e+06   2.5939941e+01
   1.8400500e+06   2.6794434e+01
   1.8400720e+06   2.3010254e+01
   1.8404460e+06   2.3376465e+01
   1.8406000e+06   2.6245117e+01
   1.8448380e+06   2.4414062e+01
   1.8448760e+06   2.3986816e+01
   1.8450220e+06   5.0354004e+01
   1.8451070e+06   2.2338867e+01
   1.8451300e+06   2.2827148e+01
   1.8452820e+06   2.2094727e+01
   1.8453110e+06   3.0761719e+01
   1.8454990e+06   2.1972656e+01
   1.8491100e+06   2.2094727e+01
   1.8492440e+06   3.2592773e+01
   1.8493220e+06   2.2888184e+01
   1.8494750e+06   2.4841309e+01
   1.8496180e+06   2.7282715e+01
   1.8500690e+06   2.7404785e+01
   1.8532020e+06   2.4353027e+01
   1.8532910e+06   2.7282715e+01
   1.8535340e+06   2.8259277e+01
   1.8586040e+06   2.3803711e+01
   1.8587000e+06   4.8034668e+01
   1.8589390e+06   2.2277832e+01
   1.8590000e+06   4.3640137e+01
   1.8591550e+06   2.2094727e+01
   1.8592060e+06   2.3010254e+01
   1.8592310e+06   2.4414062e+01
   1.8592860e+06   2.3376465e+01
   1.8593140e+06   2.6062012e+01
   1.8593300e+06   4.4860840e+01
   1.8593480e+06   2.2338867e+01
   1.8593730e+06   2.8198242e+01
   1.8593870e+06   2.3193359e+01
   1.8594370e+06   2.3132324e+01
   1.8594600e+06   3.0212402e+01
   1.8594850e+06   3.9062500e+01
   1.8595050e+06   2.2277832e+01
   1.8595640e+06   2.2216797e+01
   1.8595780e+06   3.9855957e+01
   1.8596300e+06   2.4047852e+01
   1.8596470e+06   2.3681641e+01
   1.8596680e+06   4.0588379e+01
   1.8596900e+06   2.3925781e+01
   1.8597680e+06   3.0273438e+01
   1.8597930e+06   2.5024414e+01
   1.8598300e+06   2.5817871e+01
   1.8598940e+06   3.3935547e+01
   1.8599570e+06   2.3742676e+01
   1.8599850e+06   3.0273438e+01
   1.8600150e+06   2.9235840e+01
   1.8600860e+06   2.8015137e+01
   1.8601290e+06   2.6672363e+01
   1.8601600e+06   3.2226562e+01
   1.8602500e+06   2.5878906e+01
   1.8603910e+06   2.8137207e+01
   1.8749150e+06   2.3132324e+01
   1.8749720e+06   2.4597168e+01
   1.8750000e+06   2.4047852e+01
   1.8750840e+06   2.2216797e+01
   1.8751130e+06   2.1728516e+01
   1.8751660e+06   2.1728516e+01
   1.8751860e+06   4.2846680e+01
   1.8754260e+06   2.3193359e+01
   1.8813150e+06   2.4536133e+01
   1.8813260e+06   4.2419434e+01
   1.8814180e+06   2.4291992e+01
   1.8815320e+06   2.4353027e+01
   1.8815650e+06   4.8950195e+01
   1.8816000e+06   2.3376465e+01
   1.8816930e+06   2.3620605e+01
   1.8818620e+06   2.3986816e+01
   1.8818880e+06   2.4902344e+01
   1.8819990e+06   2.4963379e+01
   1.8820220e+06   5.3588867e+01
   1.8822910e+06   2.3010254e+01
   1.8824060e+06   2.6123047e+01
   1.8889050e+06   2.3437500e+01
   1.8889590e+06   2.6306152e+01
   1.8890540e+06   3.5949707e+01
   1.8890990e+06   2.2155762e+01
   1.8891320e+06   6.2988281e+01
   1.8893360e+06   2.8686523e+01
   1.8895590e+06   3.0334473e+01
   1.8895860e+06   4.5898438e+01
   1.8962150e+06   2.5634766e+01
   1.8962560e+06   2.1850586e+01
   1.8964030e+06   3.7475586e+01
   1.8964200e+06   3.3935547e+01
   1.8965170e+06   2.3071289e+01
   1.8966600e+06   2.9418945e+01
   1.8966880e+06   4.5593262e+01
   1.8967310e+06   2.3071289e+01
   1.8967970e+06   2.6306152e+01
   1.8970180e+06   4.4372559e+01
   1.8970430e+06   2.6733398e+01
   1.8971160e+06   2.7221680e+01
   1.8971780e+06   2.2521973e+01
   1.8972200e+06   5.1696777e+01
   1.8972630e+06   2.1728516e+01
   1.8972890e+06   2.2216797e+01
   1.8973180e+06   2.6000977e+01
   1.8973550e+06   2.8076172e+01
   1.8973730e+06   5.0537109e+01
   1.8973950e+06   3.3264160e+01
   1.8974520e+06   2.1789551e+01
   1.8974790e+06   4.4555664e+01
   1.8974950e+06   2.3681641e+01
   1.8975260e+06   2.1789551e+01
   1.8975400e+06   3.5522461e+01
   1.8975830e+06   2.6672363e+01
   1.8975950e+06   4.0039062e+01
   1.8976300e+06   3.0273438e+01
   1.8976700e+06   2.6489258e+01
   1.8976830e+06   2.2949219e+01
   1.8977080e+06   2.9479980e+01
   1.8977320e+06   2.2094727e+01
   1.8977540e+06   2.3010254e+01
   1.8978370e+06   3.0578613e+01
   1.8978720e+06   2.5817871e+01
   1.8979920e+06   2.2644043e+01
   1.8980180e+06   2.2888184e+01
   1.8980320e+06   2.3620605e+01
   1.8981360e+06   2.4475098e+01
   1.8981800e+06   2.4536133e+01
   1.9132390e+06   2.4108887e+01
   1.9132820e+06   2.2521973e+01
   1.9134180e+06   2.3071289e+01
   1.9135060e+06   3.2592773e+01
   1.9135580e+06   5.1574707e+01
   1.9136510e+06   2.4414062e+01
   1.9139330e+06   2.3681641e+01
   1.9211860e+06   4.0893555e+01
   1.9213830e+06   2.7221680e+01
   1.9213970e+06   2.3742676e+01
   1.9214530e+06   4.3762207e+01
   1.9215840e+06   2.2399902e+01
   1.9218310e+06   4.7912598e+01
   1.9218610e+06   2.1911621e+01
   1.9218850e+06   2.9418945e+01
   1.9219030e+06   2.5146484e+01
   1.9220900e+06   6.2500000e+01
   1.9221220e+06   3.3203125e+01
   1.9221420e+06   2.2827148e+01
   1.9221800e+06   2.2888184e+01
   1.9222030e+06   2.2155762e+01
   1.9222330e+06   4.0344238e+01
   1.9222490e+06   2.3681641e+01
   1.9222710e+06   2.4108887e+01
   1.9222870e+06   2.2094727e+01
   1.9223060e+06   2.8808594e+01
   1.9223170e+06   2.2644043e+01
   1.9223390e+06   4.5166016e+01
   1.9223610e+06   3.1677246e+01
   1.9223990e+06   2.5390625e+01
   1.9224170e+06   2.4536133e+01
   1.9224560e+06   2.7099609e+01
   1.9224930e+06   2.2277832e+01
   1.9225250e+06   2.6123047e+01
   1.9225530e+06   2.5573730e+01
   1.9226040e+06   2.4047852e+01
   1.9226510e+06   3.2592773e+01
   1.9227070e+06   2.4291992e+01
   1.9227200e+06   2.5390625e+01
   1.9228040e+06   3.5644531e+01
   1.9229690e+06   3.5583496e+01
   1.9233020e+06   2.2888184e+01
   1.9387200e+06   2.3864746e+01
   1.9388450e+06   2.6062012e+01
   1.9388830e+06   2.7526855e+01
   1.9396890e+06   2.1789551e+01
   1.9498280e+06   2.4719238e+01
   1.9498570e+06   2.6794434e+01
   1.9499350e+06   4.2724609e+01
   1.9499880e+06   2.6794434e+01
   1.9501640e+06   2.8686523e+01
   1.9502720e+06   4.5837402e+01
   1.9503170e+06   2.4597168e+01
   1.9503560e+06   2.6184082e+01
   1.9503790e+06   2.4230957e+01
   1.9504310e+06   2.1850586e+01
   1.9504620e+06   5.5969238e+01
   1.9504850e+06   4.1625977e+01
   1.9505060e+06   2.1972656e+01
   1.9505350e+06   4.8034668e+01
   1.9505510e+06   2.4902344e+01
   1.9505730e+06   4.7912598e+01
   1.9505880e+06   3.0029297e+01
   1.9506360e+06   2.4658203e+01
   1.9506540e+06   5.4260254e+01
   1.9506710e+06   4.7668457e+01
   1.9507240e+06   3.0883789e+01
   1.9507440e+06   3.7170410e+01
   1.9508440e+06   2.9113770e+01
   1.9508770e+06   2.6367188e+01
   1.9509120e+06   2.4169922e+01
   1.9509730e+06   2.3132324e+01
   1.9509900e+06   2.6489258e+01
   1.9510450e+06   2.3803711e+01
   1.9510560e+06   3.2165527e+01
   1.9511860e+06   2.7404785e+01
   1.9512560e+06   2.1728516e+01
   1.9513190e+06   5.0231934e+01
   1.9514140e+06   2.7587891e+01
   1.9514330e+06   2.5512695e+01
   1.9514590e+06   2.3254395e+01
   1.9515290e+06   2.6611328e+01
   1.9519980e+06   2.2216797e+01
   1.9708730e+06   2.6000977e+01
   1.9709940e+06   2.2155762e+01
   1.9711540e+06   2.5695801e+01
   1.9712490e+06   4.1992188e+01
   1.9714180e+06   2.4291992e+01
   1.9715630e+06   5.2246094e+01
   1.9715980e+06   3.1677246e+01
   1.9716780e+06   2.1972656e+01
   1.9716920e+06   2.2277832e+01
   1.9717080e+06   4.3029785e+01
   1.9717180e+06   2.2155762e+01
   1.9717420e+06   2.7160645e+01
   1.9717550e+06   2.5207520e+01
   1.9717990e+06   3.7780762e+01
   1.9718290e+06   4.0771484e+01
   1.9719040e+06   2.5695801e+01
   1.9719160e+06   2.3254395e+01
   1.9719710e+06   3.8391113e+01
   1.9720040e+06   2.3803711e+01
   1.9720250e+06   2.2644043e+01
   1.9720640e+06   2.3864746e+01
   1.9721770e+06   3.2714844e+01
   1.9722600e+06   2.1789551e+01
   1.9723000e+06   3.6071777e+01
   1.9724540e+06   2.4597168e+01
   1.9725700e+06   2.3132324e+01
   1.9725910e+06   2.9724121e+01
   1.9727010e+06   2.5634766e+01
   1.9727530e+06   2.6611328e+01
   1.9730420e+06   2.5756836e+01
   1.9915900e+06   2.2583008e+01
   1.9916220e+06   2.9846191e+01
   1.9921090e+06   2.6977539e+01
   1.9925930e+06   2.2399902e+01
   2.4176320e+06   2.3010254e+01
   2.8549820e+06   2.5634766e+01
   2.8549990e+06   2.4291992e+01
   2.8550140e+06   4.3823242e+01
   2.8550700e+06   2.9907227e+01
   2.8550880e+06   2.2399902e+01
   2.8551270e+06   2.6062012e+01
   2.8551460e+06   2.8320312e+01
   2.8551670e+06   2.3803711e+01
   2.8551960e+06   2.4780273e+01
   2.8552230e+06   7.7392578e+01
   2.8552360e+06   2.5695801e+01
   2.8552820e+06   4.2480469e+01
   2.8552950e+06   3.5034180e+01
   2.8553050e+06   2.2460938e+01
   2.8553200e+06   2.7893066e+01
   2.8553590e+06   2.6428223e+01
   2.8553820e+06   2.5695801e+01
   2.8554330e+06   3.0029297e+01
   2.8554680e+06   2.1972656e+01
   2.8554930e+06   2.6245117e+01
   2.8555210e+06   3.2897949e+01
   2.8555610e+06   2.6245117e+01
   2.8555880e+06   2.7893066e+01
   2.8556390e+06   2.5573730e+01
   2.8556980e+06   2.1789551e+01
   2.8557360e+06   2.3193359e+01
   2.8557680e+06   2.3376465e+01
   2.8558360e+06   2.9418945e+01
   2.8558780e+06   2.2521973e+01
   2.8559830e+06   2.9907227e+01
   2.8560270e+06   2.4047852e+01
   2.8560960e+06   2.5085449e+01
   2.8561670e+06   2.5573730e+01
   2.8561920e+06   2.5939941e+01
   2.8562520e+06   2.5024414e+01
   2.8563730e+06   2.2399902e+01
   2.8565980e+06   2.4963379e+01
   2.8651250e+06   2.2155762e+01
   2.8652460e+06   2.5146484e+01
   2.8653370e+06   2.3498535e+01
   2.8653560e+06   3.1005859e+01
   2.8653730e+06   2.3864746e+01
   2.8655160e+06   2.3437500e+01
   2.8655440e+06   2.2766113e+01
   2.8655870e+06   5.2551270e+01
   2.8656150e+06   2.2033691e+01
   2.8656810e+06   2.8320312e+01
   2.8656930e+06   2.1972656e+01
   2.8657220e+06   2.3254395e+01
   2.8657620e+06   2.8198242e+01
   2.8657820e+06   5.1513672e+01
   2.8658220e+06   2.3376465e+01
   2.8658460e+06   2.1728516e+01
   2.8659080e+06   4.3457031e+01
   2.8659220e+06   2.7526855e+01
   2.8659590e+06   2.8564453e+01
   2.8659800e+06   3.3203125e+01
   2.8659980e+06   3.4484863e+01
   2.8660160e+06   2.8381348e+01
   2.8660580e+06   3.3691406e+01
   2.8660700e+06   2.7160645e+01
   2.8660920e+06   3.0395508e+01
   2.8661310e+06   3.0456543e+01
   2.8661690e+06   2.3437500e+01
   2.8662380e+06   2.2888184e+01
   2.8662590e+06   3.0517578e+01
   2.8663140e+06   2.2155762e+01
   2.8663860e+06   2.3925781e+01
   2.8664080e+06   2.3498535e+01
   2.8664180e+06   2.4047852e+01
   2.8664530e+06   2.3376465e+01
   2.8665710e+06   2.2705078e+01
   2.8666040e+06   2.4963379e+01
   2.8667300e+06   2.1850586e+01
   2.8667780e+06   2.2827148e+01
   2.8807820e+06   2.2705078e+01
   2.8810980e+06   2.4414062e+01
   2.8811270e+06   2.7954102e+01
   2.8812010e+06   2.2827148e+01
   2.8812590e+06   3.6743164e+01
   2.8813060e+06   2.4169922e+01
   2.8813670e+06   2.5451660e+01
   2.8814520e+06   3.6865234e+01
   2.8814770e+06   5.6091309e+01
   2.8815110e+06   2.2399902e+01
   2.8815330e+06   2.2338867e+01
   2.8815640e+06   2.6550293e+01
   2.8815790e+06   4.7546387e+01
   2.8815930e+06   2.8564453e+01
   2.8816100e+06   4.7119141e+01
   2.8816390e+06   2.6855469e+01
   2.8816570e+06   2.6855469e+01
   2.8816950e+06   3.8024902e+01
   2.8817100e+06   3.9672852e+01
   2.8817410e+06   2.5756836e+01
   2.8817720e+06   2.7709961e+01
   2.8817920e+06   3.1677246e+01
   2.8818140e+06   2.3498535e+01
   2.8818490e+06   3.1860352e+01
   2.8818760e+06   2.9052734e+01
   2.8819860e+06   2.3315430e+01
   2.8820290e+06   2.1911621e+01
   2.8820580e+06   2.8503418e+01
   2.8821350e+06   2.6916504e+01
   2.8821690e+06   2.1850586e+01
   2.8822470e+06   2.2033691e+01
   2.8822650e+06   2.1972656e+01
   2.8823370e+06   2.5146484e+01
   2.8823490e+06   3.1066895e+01
   2.8824480e+06   2.3376465e+01
   2.8825460e+06   2.3681641e+01
   2.8825670e+06   2.9724121e+01
   2.8826150e+06   2.8625488e+01
   2.8826450e+06   2.8747559e+01
   2.8827500e+06   2.7709961e+01
   2.8829080e+06   2.2155762e+01
   2.8830580e+06   2.5207520e+01
   2.8933750e+06   2.1972656e+01
   2.8965670e+06   2.4108887e+01
   2.8966690e+06   2.1850586e+01
   2.8967340e+06   2.3620605e+01
   2.8968550e+06   2.4230957e+01
   2.8968880e+06   3.2043457e+01
   2.8969570e+06   2.6977539e+01
   2.8970260e+06   4.9316406e+01
   2.8970990e+06   2.9907227e+01
   2.8971150e+06   2.4230957e+01
   2.8971930e+06   2.6550293e+01
   2.8972180e+06   3.0761719e+01
   2.8972360e+06   2.9418945e+01
   2.8972640e+06   3.7536621e+01
   2.8973220e+06   2.6062012e+01
   2.8973330e+06   3.0944824e+01
   2.8973550e+06   2.2888184e+01
   2.8973930e+06   5.2673340e+01
   2.8974240e+06   2.7038574e+01
   2.8974410e+06   4.1748047e+01
   2.8974540e+06   2.3925781e+01
   2.8974740e+06   2.2583008e+01
   2.8974960e+06   4.9255371e+01
   2.8975100e+06   2.5268555e+01
   2.8975330e+06   2.2521973e+01
   2.8975700e+06   2.4291992e+01
   2.8976010e+06   4.0649414e+01
   2.8976260e+06   2.2766113e+01
   2.8976500e+06   3.2226562e+01
   2.8976850e+06   2.7587891e+01
   2.8976980e+06   2.8320312e+01
   2.8977240e+06   2.5573730e+01
   2.8977470e+06   2.5329590e+01
   2.8978040e+06   3.3691406e+01
   2.8978760e+06   2.3925781e+01
   2.8979290e+06   2.3864746e+01
   2.8980090e+06   2.1850586e+01
   2.8980240e+06   2.2766113e+01
   2.8982110e+06   2.4841309e+01
   2.8982470e+06   2.3315430e+01
   2.8983440e+06   2.5024414e+01
   2.8986030e+06   2.3193359e+01
   2.8987870e+06   2.6062012e+01
   2.9081030e+06   2.1728516e+01
   2.9119020e+06   2.8076172e+01
   2.9119740e+06   2.2216797e+01
   2.9120630e+06   2.5146484e+01
   2.9121910e+06   3.6132812e+01
   2.9122430e+06   2.9174805e+01
   2.9123240e+06   2.3864746e+01
   2.9123860e+06   2.9907227e+01
   2.9124290e+06   2.9541016e+01
   2.9124420e+06   2.4047852e+01
   2.9124580e+06   2.3620605e+01
   2.9124760e+06   2.5939941e+01
   2.9124880e+06   2.2705078e+01
   2.9125110e+06   5.1818848e+01
   2.9125420e+06   2.1728516e+01
   2.9125600e+06   2.4108887e+01
   2.9126190e+06   3.4240723e+01
   2.9126370e+06   5.1086426e+01
   2.9126860e+06   2.2460938e+01
   2.9127320e+06   2.6306152e+01
   2.9127610e+06   5.0903320e+01
   2.9128280e+06   2.3742676e+01
   2.9128490e+06   2.5756836e+01
   2.9128630e+06   4.4006348e+01
   2.9129700e+06   3.0212402e+01
   2.9129940e+06   2.5817871e+01
   2.9130300e+06   2.8259277e+01
   2.9130820e+06   4.0222168e+01
   2.9130940e+06   2.2460938e+01
   2.9131910e+06   2.4169922e+01
   2.9132140e+06   3.0151367e+01
   2.9133240e+06   2.6062012e+01
   2.9134070e+06   2.5146484e+01
   2.9134470e+06   2.2338867e+01
   2.9135970e+06   2.6794434e+01
   2.9139350e+06   2.3132324e+01
   2.9281190e+06   2.3010254e+01
   2.9281750e+06   2.4536133e+01
   2.9282770e+06   2.1789551e+01
   2.9284220e+06   2.7099609e+01
   2.9285150e+06   2.2888184e+01
   2.9285360e+06   2.4108887e+01
   2.9285540e+06   5.0598145e+01
   2.9285670e+06   2.2155762e+01
   2.9286170e+06   2.3742676e+01
   2.9286300e+06   3.2531738e+01
   2.9286890e+06   4.0039062e+01
   2.9287200e+06   5.0781250e+01
   2.9287380e+06   2.6428223e+01
   2.9287680e+06   2.6550293e+01
   2.9287800e+06   2.8930664e+01
   2.9288310e+06   4.4860840e+01
   2.9288560e+06   2.7526855e+01
   2.9288910e+06   2.6367188e+01
   2.9289210e+06   2.6062012e+01
   2.9289420e+06   3.9855957e+01
   2.9289790e+06   2.8442383e+01
   2.9290470e+06   2.3925781e+01
   2.9290890e+06   2.6489258e+01
   2.9291290e+06   2.1972656e+01
   2.9291640e+06   2.6184082e+01
   2.9291790e+06   2.6855469e+01
   2.9292010e+06   2.9296875e+01
   2.9292210e+06   2.2521973e+01
   2.9292750e+06   2.3010254e+01
   2.9292900e+06   3.2043457e+01
   2.9293990e+06   2.3132324e+01
   2.9294220e+06   2.5085449e+01
   2.9294770e+06   2.1728516e+01
   2.9296660e+06   2.4169922e+01
   2.9298160e+06   2.3071289e+01
   2.9299700e+06   2.2766113e+01
   2.9303300e+06   2.2583008e+01
   2.9426790e+06   2.7770996e+01
   2.9427920e+06   2.1911621e+01
   2.9429380e+06   3.0883789e+01
   2.9429980e+06   2.6489258e+01
   2.9431050e+06   2.2644043e+01
   2.9431280e+06   2.5939941e+01
   2.9432800e+06   2.1728516e+01
   2.9433180e+06   2.3620605e+01
   2.9434770e+06   2.4108887e+01
   2.9516870e+06   2.8686523e+01
   2.9517670e+06   2.5695801e+01
   2.9518400e+06   2.2888184e+01
   2.9518600e+06   2.5024414e+01
   2.9518910e+06   4.7180176e+01
   2.9519260e+06   2.3681641e+01
   2.9519510e+06   2.3132324e+01
   2.9519780e+06   2.8869629e+01
   2.9519990e+06   2.5878906e+01
   2.9520280e+06   3.4790039e+01
   2.9520650e+06   6.1218262e+01
   2.9520800e+06   2.7954102e+01
   2.9520980e+06   3.7597656e+01
   2.9521270e+06   2.2033691e+01
   2.9521550e+06   3.4973145e+01
   2.9521870e+06   4.3762207e+01
   2.9522140e+06   2.4047852e+01
   2.9522460e+06   2.3925781e+01
   2.9522870e+06   4.6081543e+01
   2.9523110e+06   2.6489258e+01
   2.9523730e+06   2.8076172e+01
   2.9523850e+06   3.3264160e+01
   2.9524350e+06   3.0090332e+01
   2.9524610e+06   2.8320312e+01
   2.9524820e+06   3.1250000e+01
   2.9524920e+06   3.0212402e+01
   2.9525380e+06   2.2033691e+01
   2.9525800e+06   2.4230957e+01
   2.9526360e+06   2.5817871e+01
   2.9526560e+06   2.1911621e+01
   2.9526760e+06   2.5390625e+01
   2.9526980e+06   3.2714844e+01
   2.9527380e+06   2.6184082e+01
   2.9528320e+06   3.7231445e+01
   2.9529620e+06   2.4108887e+01
   2.9530240e+06   2.2399902e+01
   2.9530580e+06   2.2460938e+01
   2.9531180e+06   2.5085449e+01
   2.9531540e+06   2.3071289e+01
   2.9533050e+06   2.2338867e+01
   2.9534430e+06   2.2338867e+01
   2.9535960e+06   2.2521973e+01
   2.9539290e+06   2.5939941e+01
   2.9654990e+06   2.8320312e+01
   2.9705100e+06   2.4169922e+01
   2.9713550e+06   2.7038574e+01
   2.9714410e+06   3.1799316e+01
   2.9714930e+06   2.2277832e+01
   2.9715950e+06   3.4851074e+01
   2.9716230e+06   3.0517578e+01
   2.9716380e+06   2.4536133e+01
   2.9716990e+06   2.4353027e+01
   2.9717170e+06   2.3254395e+01
   2.9717390e+06   3.9184570e+01
   2.9717700e+06   5.3344727e+01
   2.9717810e+06   2.2155762e+01
   2.9717960e+06   2.4597168e+01
   2.9718670e+06   2.2766113e+01
   2.9718800e+06   2.3315430e+01
   2.9718950e+06   4.5104980e+01
   2.9719430e+06   2.3559570e+01
   2.9719540e+06   2.3620605e+01
   2.9720060e+06   4.1687012e+01
   2.9720380e+06   2.7770996e+01
   2.9720900e+06   2.3803711e+01
   2.9721120e+06   2.2827148e+01
   2.9721740e+06   2.5756836e+01
   2.9722000e+06   2.4353027e+01
   2.9722370e+06   3.4912109e+01
   2.9722560e+06   2.5024414e+01
   2.9722760e+06   2.3681641e+01
   2.9723170e+06   2.2583008e+01
   2.9723590e+06   2.3315430e+01
   2.9723720e+06   2.5268555e+01
   2.9724060e+06   2.2888184e+01
   2.9724810e+06   2.4780273e+01
   2.9725530e+06   2.1972656e+01
   2.9727520e+06   2.3803711e+01
   2.9729240e+06   2.1972656e+01
   2.9887550e+06   2.3925781e+01
   2.9888230e+06   2.2644043e+01
   2.9888470e+06   2.2583008e+01
   2.9888580e+06   5.8532715e+01
   2.9889020e+06   2.9602051e+01
   2.9889170e+06   2.7893066e+01
   2.9889270e+06   2.2094727e+01
   2.9889970e+06   2.5878906e+01
   2.9890110e+06   2.3071289e+01
   2.9890370e+06   5.8410645e+01
   2.9890670e+06   3.8940430e+01
   2.9891020e+06   2.3254395e+01
   2.9891510e+06   3.0273438e+01
   2.9891900e+06   2.2827148e+01
   2.9892410e+06   3.1738281e+01
   2.9892670e+06   3.3264160e+01
   2.9892980e+06   2.8686523e+01
   2.9893320e+06   2.5207520e+01
   2.9893650e+06   2.8320312e+01
   2.9894350e+06   2.3437500e+01
   2.9894580e+06   2.4658203e+01
   2.9894770e+06   3.9428711e+01
   2.9894980e+06   2.6977539e+01
   2.9895260e+06   2.2338867e+01
   2.9895870e+06   2.8747559e+01
   2.9896050e+06   2.4047852e+01
   2.9896910e+06   2.6062012e+01
   2.9897420e+06   2.3132324e+01
   2.9898690e+06   2.4719238e+01
   2.9900930e+06   2.2094727e+01
   2.9904200e+06   2.4169922e+01
   3.0062170e+06   2.4047852e+01
   3.0065810e+06   2.1789551e+01
   3.0069540e+06   2.2827148e+01
   3.0070240e+06   2.3315430e+01
   3.0070640e+06   2.2827148e+01
   3.0070920e+06   3.2836914e+01
   3.0071040e+06   4.7729492e+01
   3.0071360e+06   2.1850586e+01
   3.0072230e+06   3.4484863e+01
   3.0072340e+06   2.5817871e+01
   3.0072570e+06   4.6752930e+01
   3.0072830e+06   2.6062012e+01
   3.0073140e+06   2.3986816e+01
   3.0073300e+06   2.7587891e+01
   3.0073650e+06   2.1911621e+01
   3.0073820e+06   2.8930664e+01
   3.0073940e+06   2.8259277e+01
   3.0074360e+06   2.5207520e+01
   3.0074530e+06   2.8930664e+01
   3.0074930e+06   4.2419434e+01
   3.0075190e+06   2.8930664e+01
   3.0075920e+06   2.2338867e+01
   3.0076280e+06   2.3132324e+01
   3.0077040e+06   3.3203125e+01
   3.0077410e+06   2.6611328e+01
   3.0078070e+06   4.6203613e+01
   3.0078490e+06   2.4230957e+01
   3.0079390e+06   3.2348633e+01
   3.0079560e+06   3.0700684e+01
   3.0080140e+06   2.4353027e+01
   3.0080740e+06   3.3996582e+01
   3.0082300e+06   2.5207520e+01
   3.0082540e+06   2.4169922e+01
   3.0083520e+06   2.4230957e+01
   3.0233000e+06   2.2644043e+01
   3.0301160e+06   2.7160645e+01
   3.0302400e+06   2.3803711e+01
   3.0303740e+06   2.3254395e+01
   3.0304420e+06   7.0861816e+01
   3.0304570e+06   2.1911621e+01
   3.0305670e+06   2.6245117e+01
   3.0305970e+06   4.6813965e+01
   3.0306190e+06   3.4301758e+01
   3.0306420e+06   2.7587891e+01
   3.0306810e+06   2.3559570e+01
   3.0307090e+06   5.0781250e+01
   3.0307410e+06   2.9479980e+01
   3.0307530e+06   2.2583008e+01
   3.0307950e+06   2.8381348e+01
   3.0308100e+06   2.8686523e+01
   3.0308330e+06   3.1738281e+01
   3.0308520e+06   2.4902344e+01
   3.0308980e+06   4.3457031e+01
   3.0309690e+06   3.0761719e+01
   3.0310030e+06   4.3945312e+01
   3.0310690e+06   2.7221680e+01
   3.0310880e+06   2.4841309e+01
   3.0311100e+06   3.9489746e+01
   3.0311450e+06   2.3315430e+01
   3.0311710e+06   2.8808594e+01
   3.0312070e+06   2.3254395e+01
   3.0312220e+06   3.0090332e+01
   3.0312620e+06   4.2602539e+01
   3.0313290e+06   2.7282715e+01
   3.0313550e+06   2.2277832e+01
   3.0314640e+06   2.2644043e+01
   3.0315020e+06   2.2644043e+01
   3.0315660e+06   2.8503418e+01
   3.0316430e+06   2.3681641e+01
   3.0316920e+06   2.7832031e+01
   3.0318980e+06   2.2460938e+01
   3.0320670e+06   2.7282715e+01
   3.0322360e+06   2.2277832e+01
   3.0578480e+06   2.3498535e+01
   3.0579250e+06   2.2949219e+01
   3.0579790e+06   2.2888184e+01
   3.0581540e+06   2.5207520e+01
   3.0582200e+06   2.4475098e+01
   3.0582900e+06   4.9743652e+01
   3.0583020e+06   2.5390625e+01
   3.0583200e+06   2.1728516e+01
   3.0584060e+06   3.2531738e+01
   3.0584570e+06   3.7597656e+01
   3.0584800e+06   4.1687012e+01
   3.0585010e+06   2.2583008e+01
   3.0585410e+06   2.3254395e+01
   3.0585690e+06   3.2592773e+01
   3.0585940e+06   4.0710449e+01
   3.0586160e+06   2.8869629e+01
   3.0586360e+06   2.2583008e+01
   3.0586640e+06   2.9418945e+01
   3.0586770e+06   2.5634766e+01
   3.0586910e+06   4.1931152e+01
   3.0587560e+06   2.4780273e+01
   3.0587810e+06   3.5034180e+01
   3.0588300e+06   2.2033691e+01
   3.0588830e+06   2.9663086e+01
   3.0589090e+06   3.3386230e+01
   3.0589610e+06   3.4423828e+01
   3.0590100e+06   2.2155762e+01
   3.0590590e+06   2.3010254e+01
   3.0590880e+06   2.2644043e+01
   3.0591570e+06   2.6916504e+01
   3.0591710e+06   2.8625488e+01
   3.0592480e+06   3.8513184e+01
   3.0592840e+06   2.3010254e+01
   3.0593540e+06   2.6489258e+01
   3.0594030e+06   2.8198242e+01
   3.0595480e+06   2.2277832e+01
   3.0596130e+06   2.4414062e+01
   3.0597280e+06   2.3071289e+01
   3.0793860e+06   2.2399902e+01
   3.0879530e+06   2.9479980e+01
   3.0880370e+06   2.3315430e+01
   3.0883090e+06   2.6367188e+01
   3.0883230e+06   4.8767090e+01
   3.0883580e+06   3.1921387e+01
   3.0884510e+06   2.2583008e+01
   3.0887540e+06   2.2399902e+01
   3.0943910e+06   2.2583008e+01
   3.0945810e+06   2.4536133e+01
   3.0948310e+06   2.6184082e+01
   3.1007190e+06   2.2094727e+01
   3.1007940e+06   2.6550293e+01
   3.1008690e+06   2.5207520e+01
   3.1062950e+06   2.5207520e+01
   3.1064900e+06   3.5888672e+01
   3.1065430e+06   2.2583008e+01
   3.1067130e+06   3.0700684e+01
   3.1072360e+06   2.3010254e+01
   3.1120700e+06   2.4230957e+01
   3.1182610e+06   2.4047852e+01
   3.1183780e+06   2.4108887e+01
   3.1184220e+06   4.4738770e+01
   3.1184690e+06   2.3864746e+01
   3.1238540e+06   2.3071289e+01
   3.1241320e+06   2.3742676e+01
   3.1241500e+06   2.1850586e+01
   3.1303960e+06   2.3559570e+01
   3.1304820e+06   2.3376465e+01
   3.1305330e+06   2.8442383e+01
   3.1305570e+06   2.1911621e+01
   3.1305930e+06   2.2460938e+01
   3.1306480e+06   4.9743652e+01
   3.1307280e+06   2.4475098e+01
   3.1310390e+06   2.3437500e+01
   3.1364680e+06   2.2583008e+01
   3.1365820e+06   3.0273438e+01
   3.1410900e+06   2.3132324e+01
   3.1412750e+06   2.8625488e+01
   3.1470600e+06   2.3559570e+01
   3.1471600e+06   2.5939941e+01
   3.1472750e+06   2.7954102e+01
   3.1474230e+06   2.2399902e+01
   3.1474690e+06   2.6977539e+01
   3.1474820e+06   2.8503418e+01
   3.1527910e+06   2.7954102e+01
   3.1587230e+06   2.3742676e+01
   3.1587800e+06   2.6916504e+01
   3.1588950e+06   2.2277832e+01
   3.1589210e+06   3.1616211e+01
   3.1590520e+06   4.6264648e+01
   3.1590740e+06   2.8320312e+01
   3.1647670e+06   2.3437500e+01
   3.1647990e+06   2.3925781e+01
   3.1648950e+06   2.2216797e+01
   3.1649240e+06   2.7770996e+01
   3.1649850e+06   4.8889160e+01
   3.1653700e+06   2.2033691e+01
   3.1656410e+06   2.2583008e+01
   3.1702130e+06   2.1789551e+01
   3.1703750e+06   3.2043457e+01
   3.1707670e+06   2.9296875e+01
   3.1708910e+06   2.3071289e+01
   3.1764290e+06   2.4047852e+01
   3.1764850e+06   2.1789551e+01
   3.1765450e+06   2.3620605e+01
   3.1765980e+06   2.5207520e+01
   3.1766280e+06   2.1850586e+01
   3.1766930e+06   2.7587891e+01
   3.1767120e+06   4.5104980e+01
   3.1767770e+06   2.2399902e+01
   3.1831150e+06   2.2155762e+01
   3.1832140e+06   2.2155762e+01
   3.1832640e+06   2.1728516e+01
   3.1832800e+06   2.5390625e+01
   3.1833850e+06   2.3376465e+01
   3.1837280e+06   2.2277832e+01
   3.1888770e+06   2.3498535e+01
   3.1890200e+06   2.3010254e+01
   3.1890580e+06   2.7526855e+01
   3.1892470e+06   3.2836914e+01
   3.1892650e+06   5.0476074e+01
   3.1956380e+06   2.2033691e+01
   3.1956520e+06   2.4291992e+01
   3.1957030e+06   2.7343750e+01
   3.1957610e+06   3.2104492e+01
   3.1957880e+06   2.8808594e+01
   3.1958520e+06   5.6518555e+01
   3.1959030e+06   2.2827148e+01
   3.1959540e+06   2.8137207e+01
   3.1960520e+06   2.5024414e+01
   3.1965190e+06   2.3681641e+01
   3.2023680e+06   2.1850586e+01
   3.2024910e+06   2.8564453e+01
   3.2027940e+06   2.6000977e+01
   3.2028730e+06   2.4230957e+01
   3.2081670e+06   2.6672363e+01
   3.2082420e+06   2.4291992e+01
   3.2083520e+06   2.2216797e+01
   3.2151290e+06   2.3559570e+01
   3.2151530e+06   4.9804688e+01
   3.2152130e+06   2.6977539e+01
   3.2155230e+06   2.4108887e+01
   3.2210670e+06   3.1555176e+01
   3.2212060e+06   2.3071289e+01
   3.2216490e+06   2.2155762e+01
   3.2218050e+06   3.0822754e+01
   3.2288580e+06   2.4902344e+01
   3.2289500e+06   2.5268555e+01
   3.2289800e+06   5.1940918e+01
   3.2290740e+06   2.1728516e+01
   3.2359550e+06   2.4108887e+01
   3.2360550e+06   2.4230957e+01
   3.2362150e+06   2.2949219e+01
   3.2364070e+06   2.3315430e+01
   3.2368670e+06   2.2827148e+01
   3.2442540e+06   2.7893066e+01
   3.2443630e+06   3.3203125e+01
   3.2444280e+06   5.0354004e+01
   3.2445570e+06   3.1372070e+01
   3.2445730e+06   2.1972656e+01
   3.2450670e+06   2.1728516e+01
   3.2454420e+06   2.3315430e+01
   3.2535180e+06   2.1972656e+01
   3.2535320e+06   2.5451660e+01
   3.2536290e+06   6.1645508e+01
   3.2536990e+06   2.9174805e+01
   3.2538170e+06   2.1789551e+01
   3.2539230e+06   2.6306152e+01
   3.2539970e+06   3.8208008e+01
   3.2540760e+06   2.6245117e+01
   3.2542000e+06   2.9174805e+01
   3.2611980e+06   3.1616211e+01
   3.2613300e+06   3.0944824e+01
   3.2613450e+06   4.6813965e+01
   3.2614260e+06   2.7099609e+01
   3.2619350e+06   2.4963379e+01
   3.2696760e+06   2.1972656e+01
   3.2697690e+06   2.4597168e+01
   3.2698520e+06   2.7893066e+01
   3.2699220e+06   4.9316406e+01
   3.2699320e+06   3.7780762e+01
   3.2701800e+06   3.2409668e+01
   3.2703890e+06   2.1850586e+01
   3.2704360e+06   4.3762207e+01
   3.2779370e+06   2.5939941e+01
   3.2780430e+06   3.2897949e+01
   3.2780720e+06   2.2949219e+01
   3.2780820e+06   6.0791016e+01
   3.2781320e+06   2.4719238e+01
   3.2781710e+06   2.3132324e+01
   3.2782950e+06   2.7282715e+01
   3.2785980e+06   2.5451660e+01
   3.2871140e+06   3.3874512e+01
   3.2872140e+06   3.3935547e+01
   3.2873290e+06   4.7668457e+01
   3.2874570e+06   2.5939941e+01
   3.2876540e+06   2.7282715e+01
   3.2876830e+06   5.2612305e+01
   3.2955830e+06   3.2592773e+01
   3.2957170e+06   2.6184082e+01
   3.2957290e+06   2.2521973e+01
   3.2958520e+06   4.6264648e+01
   3.2959440e+06   2.2766113e+01
   3.3041630e+06   3.0639648e+01
   3.3041820e+06   2.1789551e+01
   3.3042210e+06   4.7424316e+01
   3.3042750e+06   2.2949219e+01
   3.3044090e+06   2.2827148e+01
   3.3046610e+06   4.5715332e+01
   3.3144650e+06   2.3315430e+01
   3.3144830e+06   2.4902344e+01
   3.3145340e+06   2.7526855e+01
   3.3145800e+06   4.3701172e+01
   3.3146150e+06   2.1789551e+01
   3.3147170e+06   2.4658203e+01
   3.3147730e+06   2.2033691e+01
   3.3149250e+06   4.2419434e+01
   3.3149540e+06   2.1911621e+01
   3.3151190e+06   2.3559570e+01
   3.3153160e+06   2.3254395e+01
   3.3238260e+06   2.5207520e+01
   3.3239350e+06   2.9785156e+01
   3.3239710e+06   2.2460938e+01
   3.3240020e+06   4.1931152e+01
   3.3243260e+06   2.9724121e+01
   3.3245290e+06   2.2583008e+01
   3.3248600e+06   2.2827148e+01
   3.3329490e+06   3.0029297e+01
   3.3330070e+06   3.8940430e+01
   3.3330400e+06   2.2338867e+01
   3.3331970e+06   2.4414062e+01
   3.3333720e+06   3.6621094e+01
   3.3333990e+06   2.8137207e+01
   3.3337110e+06   2.2033691e+01
   3.3427660e+06   2.3620605e+01
   3.3428190e+06   2.9541016e+01
   3.3428910e+06   2.1850586e+01
   3.3429280e+06   5.9143066e+01
   3.3429390e+06   2.5634766e+01
   3.3430520e+06   3.0822754e+01
   3.3432180e+06   4.5593262e+01
   3.3432730e+06   2.1850586e+01
   3.3433770e+06   2.6977539e+01
   3.3434350e+06   2.3498535e+01
   3.3550100e+06   2.1850586e+01
   3.3550800e+06   2.5085449e+01
   3.3550900e+06   2.6184082e+01
   3.3551580e+06   4.4616699e+01
   3.3552940e+06   2.2521973e+01
   3.3554390e+06   4.4311523e+01
   3.3554660e+06   2.3132324e+01
   3.3555580e+06   2.9602051e+01
   3.3556710e+06   2.6855469e+01
   3.3556940e+06   5.0598145e+01
   3.3558330e+06   2.5878906e+01
   3.3559200e+06   2.4169922e+01
   3.3560650e+06   2.4841309e+01
   3.3657170e+06   3.9733887e+01
   3.3657670e+06   5.4504395e+01
   3.3657950e+06   2.8198242e+01
   3.3659190e+06   2.2338867e+01
   3.3660600e+06   2.2705078e+01
   3.3662350e+06   2.2155762e+01
   3.3664380e+06   2.3437500e+01
   3.3751960e+06   2.3132324e+01
   3.3752150e+06   2.4047852e+01
   3.3753080e+06   4.8217773e+01
   3.3753910e+06   2.1850586e+01
   3.3757190e+06   4.4616699e+01
   3.3757310e+06   2.4536133e+01
   3.3760570e+06   2.2705078e+01
   3.3846330e+06   2.3071289e+01
   3.3846940e+06   2.6306152e+01
   3.3847180e+06   3.0273438e+01
   3.3848280e+06   3.7658691e+01
   3.3849570e+06   2.3681641e+01
   3.3850890e+06   2.2094727e+01
   3.3853070e+06   3.7597656e+01
   3.3949660e+06   2.5634766e+01
   3.3950280e+06   5.1696777e+01
   3.3950610e+06   2.9541016e+01
   3.3952410e+06   2.2888184e+01
   3.3954830e+06   4.9438477e+01
   3.3958200e+06   2.3193359e+01
   3.4055110e+06   3.7780762e+01
   3.4055210e+06   2.3925781e+01
   3.4056030e+06   2.2705078e+01
   3.4056610e+06   4.2785645e+01
   3.4058150e+06   2.4169922e+01
   3.4058380e+06   2.8198242e+01
   3.4060930e+06   4.7119141e+01
   3.4061050e+06   2.5146484e+01
   3.4193020e+06   2.6489258e+01
   3.4193480e+06   2.8869629e+01
   3.4194130e+06   2.6611328e+01
   3.4195130e+06   2.1972656e+01
   3.4195900e+06   2.6184082e+01
   3.4196940e+06   5.1147461e+01
   3.4197090e+06   2.4169922e+01
   3.4197680e+06   2.4902344e+01
   3.4198720e+06   5.3161621e+01
   3.4198910e+06   2.3925781e+01
   3.4199520e+06   2.5329590e+01
   3.4199940e+06   2.3315430e+01
   3.4200180e+06   5.2307129e+01
   3.4200530e+06   2.6733398e+01
   3.4200650e+06   2.8015137e+01
   3.4201160e+06   2.4658203e+01
   3.4201280e+06   2.7648926e+01
   3.4201420e+06   5.3161621e+01
   3.4201780e+06   2.6550293e+01
   3.4202150e+06   2.1850586e+01
   3.4202470e+06   3.0334473e+01
   3.4202680e+06   2.7832031e+01
   3.4202880e+06   2.4108887e+01
   3.4203070e+06   2.5085449e+01
   3.4203220e+06   2.8808594e+01
   3.4203380e+06   2.2399902e+01
   3.4203750e+06   2.9052734e+01
   3.4204010e+06   2.9846191e+01
   3.4204190e+06   2.7343750e+01
   3.4204340e+06   2.2888184e+01
   3.4204740e+06   2.1728516e+01
   3.4205280e+06   2.2033691e+01
   3.4205650e+06   2.5451660e+01
   3.4206210e+06   2.4841309e+01
   3.4207010e+06   2.6733398e+01
   3.4207990e+06   2.7832031e+01
   3.4208320e+06   2.5268555e+01
   3.4208740e+06   2.4597168e+01
   3.4208890e+06   2.8442383e+01
   3.4210210e+06   2.3071289e+01
   3.4211770e+06   2.1789551e+01
   3.4213380e+06   2.2766113e+01
   3.4216690e+06   2.2094727e+01
   4.5290380e+06   5.7067871e+01
   4.5291230e+06   3.0944824e+01
   4.5291440e+06   2.6489258e+01
   4.5291590e+06   4.5104980e+01
   4.5292020e+06   3.4606934e+01
   4.5292270e+06   2.9296875e+01
   4.5292490e+06   3.3386230e+01
   4.5292710e+06   3.4973145e+01
   4.5292870e+06   5.0964355e+01
   4.5293040e+06   2.9357910e+01
   4.5293400e+06   3.3508301e+01
   4.5293690e+06   2.9663086e+01
   4.5294000e+06   2.7038574e+01
   4.5294100e+06   2.4597168e+01
   4.5294460e+06   2.4414062e+01
   4.5294830e+06   2.2216797e+01
   4.5295260e+06   2.5451660e+01
   4.5295380e+06   3.5949707e+01
   4.5295670e+06   2.5390625e+01
   4.5295810e+06   3.0883789e+01
   4.5296880e+06   2.7832031e+01
   4.5297290e+06   2.2216797e+01
   4.5297700e+06   2.3864746e+01
   4.5298450e+06   2.1789551e+01
   4.5298860e+06   2.4719238e+01
   4.5299840e+06   2.5695801e+01
   4.5301060e+06   2.1972656e+01
   4.5302000e+06   2.3254395e+01
   4.5302690e+06   2.4902344e+01
   4.5303130e+06   2.1728516e+01
   4.5304170e+06   2.2644043e+01
   4.5304670e+06   2.5695801e+01
   4.5304890e+06   2.2583008e+01
   4.5305170e+06   2.5268555e+01
   4.5305680e+06   2.2033691e+01
   4.5306300e+06   2.3315430e+01
   4.5307770e+06   3.0029297e+01
   4.5308070e+06   2.3010254e+01
   4.5308500e+06   2.2888184e+01
   4.5400520e+06   2.5207520e+01
   4.5401000e+06   2.3193359e+01
   4.5401790e+06   4.2968750e+01
   4.5401970e+06   3.0761719e+01
   4.5402410e+06   2.4841309e+01
   4.5402870e+06   3.1921387e+01
   4.5403350e+06   2.8442383e+01
   4.5403490e+06   2.9663086e+01
   4.5403710e+06   4.5959473e+01
   4.5404130e+06   2.5634766e+01
   4.5404510e+06   4.3090820e+01
   4.5404730e+06   2.6062012e+01
   4.5404860e+06   4.1137695e+01
   4.5405170e+06   2.2705078e+01
   4.5405480e+06   3.1005859e+01
   4.5405750e+06   2.4475098e+01
   4.5405880e+06   2.9785156e+01
   4.5406260e+06   2.6428223e+01
   4.5406570e+06   3.8146973e+01
   4.5407010e+06   2.2216797e+01
   4.5407140e+06   3.3142090e+01
   4.5407400e+06   2.3071289e+01
   4.5407890e+06   2.7343750e+01
   4.5408160e+06   2.6550293e+01
   4.5408690e+06   2.4414063e+01
   4.5409250e+06   2.5329590e+01
   4.5409560e+06   2.1972656e+01
   4.5411010e+06   2.8503418e+01
   4.5411190e+06   2.3376465e+01
   4.5411460e+06   2.7221680e+01
   4.5411970e+06   2.4230957e+01
   4.5412110e+06   2.6428223e+01
   4.5412870e+06   2.2338867e+01
   4.5413470e+06   2.5329590e+01
   4.5413870e+06   2.2766113e+01
   4.5414110e+06   2.2094727e+01
   4.5414300e+06   2.2644043e+01
   4.5415840e+06   2.4169922e+01
   4.5417120e+06   2.4108887e+01
   4.5417270e+06   2.7893066e+01
   4.5420310e+06   2.2399902e+01
   4.5579980e+06   2.5573730e+01
   4.5580400e+06   2.3437500e+01
   4.5581320e+06   2.4536133e+01
   4.5581610e+06   2.2644043e+01
   4.5582080e+06   4.2053223e+01
   4.5583240e+06   2.2338867e+01
   4.5583650e+06   2.1850586e+01
   4.5583940e+06   3.0822754e+01
   4.5584050e+06   6.4086914e+01
   4.5584220e+06   2.3315430e+01
   4.5584510e+06   2.7709961e+01
   4.5584640e+06   2.3559570e+01
   4.5584910e+06   2.3498535e+01
   4.5585050e+06   2.2521973e+01
   4.5585230e+06   4.0283203e+01
   4.5585420e+06   2.1789551e+01
   4.5585620e+06   2.3071289e+01
   4.5585760e+06   2.3803711e+01
   4.5586040e+06   2.6428223e+01
   4.5586210e+06   4.4982910e+01
   4.5586400e+06   2.5024414e+01
   4.5586580e+06   2.3498535e+01
   4.5586870e+06   3.6071777e+01
   4.5587090e+06   3.3203125e+01
   4.5587350e+06   2.3925781e+01
   4.5587660e+06   3.3508301e+01
   4.5588000e+06   2.2583008e+01
   4.5588240e+06   2.5146484e+01
   4.5588370e+06   2.3071289e+01
   4.5588930e+06   3.0517578e+01
   4.5589120e+06   2.1911621e+01
   4.5589770e+06   2.5451660e+01
   4.5589960e+06   2.6184082e+01
   4.5590430e+06   3.0456543e+01
   4.5591120e+06   3.4362793e+01
   4.5591600e+06   2.4658203e+01
   4.5592090e+06   3.3325195e+01
   4.5592420e+06   2.4536133e+01
   4.5592520e+06   2.6855469e+01
   4.5593140e+06   2.3742676e+01
   4.5593450e+06   2.3010254e+01
   4.5594260e+06   2.6123047e+01
   4.5594590e+06   2.2583008e+01
   4.5596740e+06   2.3071289e+01
   4.5597600e+06   2.3132324e+01
   4.5769800e+06   2.3254395e+01
   4.5773410e+06   2.1789551e+01
   4.5773800e+06   2.1972656e+01
   4.5774160e+06   2.1911621e+01
   4.5774530e+06   2.2705078e+01
   4.5774850e+06   2.2705078e+01
   4.5775470e+06   3.7109375e+01
   4.5775880e+06   2.9235840e+01
   4.5776330e+06   3.0334473e+01
   4.5776790e+06   2.8564453e+01
   4.5777030e+06   4.5349121e+01
   4.5777240e+06   3.1066895e+01
   4.5777630e+06   2.8015137e+01
   4.5777750e+06   2.7465820e+01
   4.5778110e+06   5.1330566e+01
   4.5778310e+06   3.2287598e+01
   4.5778620e+06   2.1850586e+01
   4.5778730e+06   2.2216797e+01
   4.5779060e+06   5.2856445e+01
   4.5779480e+06   3.2226562e+01
   4.5779760e+06   2.6611328e+01
   4.5780000e+06   4.8095703e+01
   4.5780120e+06   2.2644043e+01
   4.5780730e+06   2.5024414e+01
   4.5780960e+06   2.7099609e+01
   4.5781120e+06   2.2644043e+01
   4.5781580e+06   2.2827148e+01
   4.5781740e+06   2.5146484e+01
   4.5782000e+06   3.1311035e+01
   4.5782320e+06   2.5146484e+01
   4.5782760e+06   2.3742676e+01
   4.5783110e+06   5.5725098e+01
   4.5783750e+06   2.1850586e+01
   4.5784240e+06   2.7526855e+01
   4.5785180e+06   2.2949219e+01
   4.5785560e+06   2.4841309e+01
   4.5787070e+06   3.1616211e+01
   4.5787770e+06   2.2766113e+01
   4.5789100e+06   2.3986816e+01
   4.5789540e+06   2.3803711e+01
   4.5790120e+06   2.4047852e+01
   4.5790600e+06   2.9235840e+01
   4.5791820e+06   2.2644043e+01
   4.5791920e+06   2.2094727e+01
   4.5950270e+06   2.3315430e+01
   4.5950720e+06   2.5817871e+01
   4.5950970e+06   2.3986816e+01
   4.5951770e+06   4.1564941e+01
   4.5952070e+06   2.2399902e+01
   4.5952230e+06   2.5512695e+01
   4.5952730e+06   2.4414062e+01
   4.5952920e+06   2.4047852e+01
   4.5953140e+06   2.2338867e+01
   4.5953400e+06   5.3527832e+01
   4.5953610e+06   2.5329590e+01
   4.5953930e+06   2.4536133e+01
   4.5954210e+06   2.5207520e+01
   4.5954570e+06   5.1513672e+01
   4.5955040e+06   2.1789551e+01
   4.5955380e+06   3.2653809e+01
   4.5955590e+06   3.5522461e+01
   4.5955750e+06   2.4902344e+01
   4.5955950e+06   2.3376465e+01
   4.5956350e+06   2.8686523e+01
   4.5956610e+06   2.8869629e+01
   4.5957110e+06   2.9541016e+01
   4.5957220e+06   3.1311035e+01
   4.5957580e+06   3.4484863e+01
   4.5958360e+06   2.2155762e+01
   4.5958550e+06   2.7038574e+01
   4.5959400e+06   2.2888184e+01
   4.5959650e+06   2.5146484e+01
   4.5959840e+06   2.7893066e+01
   4.5960070e+06   2.9357910e+01
   4.5960660e+06   2.1789551e+01
   4.5961220e+06   2.8686523e+01
   4.5962270e+06   2.3010254e+01
   4.5963170e+06   2.8381348e+01
   4.5963530e+06   2.3071289e+01
   4.5963790e+06   2.3010254e+01
   4.5966160e+06   2.8381348e+01
   4.5967760e+06   2.6306152e+01
   4.6134330e+06   2.1789551e+01
   4.6135760e+06   2.3437500e+01
   4.6137230e+06   2.4291992e+01
   4.6137790e+06   3.0883789e+01
   4.6137980e+06   2.3681641e+01
   4.6138330e+06   2.3559570e+01
   4.6138670e+06   4.2175293e+01
   4.6138980e+06   2.5024414e+01
   4.6139100e+06   3.6193848e+01
   4.6139280e+06   2.9907227e+01
   4.6139380e+06   2.7770996e+01
   4.6139760e+06   2.3315430e+01
   4.6140050e+06   5.4687500e+01
   4.6140490e+06   2.3681641e+01
   4.6140930e+06   2.2277832e+01
   4.6141050e+06   4.1259766e+01
   4.6141470e+06   2.8320312e+01
   4.6141710e+06   2.3132324e+01
   4.6141830e+06   2.4841309e+01
   4.6142010e+06   3.3325195e+01
   4.6142170e+06   2.3010254e+01
   4.6142380e+06   2.5390625e+01
   4.6142980e+06   3.6376953e+01
   4.6143550e+06   2.5573730e+01
   4.6143970e+06   3.0151367e+01
   4.6144180e+06   2.4780273e+01
   4.6145070e+06   4.0649414e+01
   4.6145730e+06   2.4719238e+01
   4.6146060e+06   2.7709961e+01
   4.6146310e+06   3.3569336e+01
   4.6146590e+06   2.7404785e+01
   4.6147190e+06   2.2644043e+01
   4.6147970e+06   2.2827148e+01
   4.6149340e+06   2.9174805e+01
   4.6150640e+06   2.3132324e+01
   4.6152190e+06   2.6123047e+01
   4.6349400e+06   2.4841309e+01
   4.6350590e+06   2.8625488e+01
   4.6350890e+06   4.0100098e+01
   4.6351200e+06   4.0100098e+01
   4.6351630e+06   2.2644043e+01
   4.6351760e+06   2.7648926e+01
   4.6352200e+06   2.1972656e+01
   4.6352360e+06   3.3325195e+01
   4.6352500e+06   4.8950195e+01
   4.6352740e+06   2.8625488e+01
   4.6353120e+06   2.9968262e+01
   4.6353290e+06   2.6977539e+01
   4.6353680e+06   4.4250488e+01
   4.6353800e+06   2.5451660e+01
   4.6354350e+06   2.2033691e+01
   4.6354710e+06   3.6682129e+01
   4.6354940e+06   2.4291992e+01
   4.6355350e+06   2.1972656e+01
   4.6355690e+06   3.7170410e+01
   4.6356160e+06   2.4475098e+01
   4.6356530e+06   2.6184082e+01
   4.6356770e+06   3.2958984e+01
   4.6356990e+06   2.3498535e+01
   4.6357880e+06   3.4790039e+01
   4.6358290e+06   2.2216797e+01
   4.6358840e+06   2.1972656e+01
   4.6359160e+06   2.4780273e+01
   4.6360460e+06   2.8747559e+01
   4.6360780e+06   2.6245117e+01
   4.6361390e+06   2.7648926e+01
   4.6362600e+06   2.6428223e+01
   4.6364000e+06   2.3193359e+01
   4.6365470e+06   2.3925781e+01
   4.6367280e+06   2.3254395e+01
   4.6526350e+06   2.4536133e+01
   4.6531500e+06   2.3193359e+01
   4.6652480e+06   2.1789551e+01
   4.6655250e+06   2.7954102e+01
   4.6657210e+06   2.1972656e+01
   4.6657460e+06   2.2399902e+01
   4.6658080e+06   2.4597168e+01
   4.6658430e+06   4.8767090e+01
   4.6659500e+06   2.4353027e+01
   4.6659650e+06   3.0273438e+01
   4.6659900e+06   2.2399902e+01
   4.6660110e+06   2.3803711e+01
   4.6660290e+06   2.7648926e+01
   4.6660720e+06   5.7312012e+01
   4.6660850e+06   3.3813477e+01
   4.6661310e+06   3.1738281e+01
   4.6661420e+06   3.1066895e+01
   4.6661560e+06   3.1372070e+01
   4.6661910e+06   4.3151855e+01
   4.6662200e+06   4.1259766e+01
   4.6662660e+06   2.5817871e+01
   4.6662870e+06   3.6499023e+01
   4.6663360e+06   2.3925781e+01
   4.6663860e+06   4.2907715e+01
   4.6663960e+06   2.5146484e+01
   4.6664880e+06   4.6020508e+01
   4.6665520e+06   2.7587891e+01
   4.6665750e+06   2.9052734e+01
   4.6665870e+06   2.6550293e+01
   4.6666410e+06   2.3010254e+01
   4.6666620e+06   2.2888184e+01
   4.6666920e+06   2.7465820e+01
   4.6667500e+06   2.3742676e+01
   4.6668110e+06   4.1625977e+01
   4.6668460e+06   2.2155762e+01
   4.6669140e+06   2.6916504e+01
   4.6669730e+06   2.8442383e+01
   4.6670400e+06   2.3864746e+01
   4.6676590e+06   2.5329590e+01
   4.6873740e+06   2.3681641e+01
   4.6878050e+06   2.6977539e+01
   4.6878520e+06   2.2644043e+01
   4.6879180e+06   2.3925781e+01
   4.6879320e+06   5.4626465e+01
   4.6879540e+06   2.2888184e+01
   4.6879950e+06   2.5329590e+01
   4.6880290e+06   2.2155762e+01
   4.6880480e+06   2.4902344e+01
   4.6880580e+06   2.4658203e+01
   4.6880680e+06   3.1005859e+01
   4.6880980e+06   3.6254883e+01
   4.6881180e+06   2.8747559e+01
   4.6881420e+06   2.2216797e+01
   4.6881680e+06   2.8991699e+01
   4.6881920e+06   2.3559570e+01
   4.6882070e+06   4.5410156e+01
   4.6882220e+06   3.1005859e+01
   4.6882700e+06   2.2216797e+01
   4.6882990e+06   6.0485840e+01
   4.6883360e+06   3.5827637e+01
   4.6883840e+06   2.3559570e+01
   4.6883950e+06   4.4067383e+01
   4.6884660e+06   2.4108887e+01
   4.6884930e+06   3.7353516e+01
   4.6885550e+06   3.2348633e+01
   4.6886090e+06   2.5878906e+01
   4.6887260e+06   2.5451660e+01
   4.6888130e+06   2.2583008e+01
   4.6888590e+06   2.8747559e+01
   4.6889130e+06   3.4179688e+01
   4.6889360e+06   2.3254395e+01
   4.6890000e+06   3.1494141e+01
   4.6890760e+06   2.5573730e+01
   4.6891640e+06   2.5573730e+01
   4.7140100e+06   2.5878906e+01
   4.7141500e+06   2.2216797e+01
   4.7144930e+06   2.6428223e+01
   4.7145400e+06   2.4597168e+01
   4.7145620e+06   7.0983887e+01
   4.7146160e+06   2.3925781e+01
   4.7146280e+06   4.1259766e+01
   4.7146860e+06   2.9235840e+01
   4.7146970e+06   2.8320312e+01
   4.7147280e+06   6.4880371e+01
   4.7147540e+06   2.6977539e+01
   4.7147660e+06   3.3264160e+01
   4.7148000e+06   3.0822754e+01
   4.7148290e+06   4.6569824e+01
   4.7148500e+06   2.2155762e+01
   4.7148910e+06   2.1728516e+01
   4.7149200e+06   3.6987305e+01
   4.7149340e+06   2.6123047e+01
   4.7149720e+06   2.1972656e+01
   4.7150030e+06   4.2724609e+01
   4.7150870e+06   2.7770996e+01
   4.7151430e+06   2.3071289e+01
   4.7151630e+06   2.4108887e+01
   4.7151820e+06   2.8564453e+01
   4.7152830e+06   2.7099609e+01
   4.7153530e+06   2.1911621e+01
   4.7153990e+06   3.0151367e+01
   4.7154480e+06   2.9357910e+01
   4.7155230e+06   3.3203125e+01
   4.7156450e+06   3.6926270e+01
   4.7157390e+06   2.2460938e+01
   4.7157550e+06   2.5695801e+01
   4.7158030e+06   2.4108887e+01
   4.7482910e+06   2.5451660e+01
   4.7483460e+06   2.2888184e+01
   4.7484730e+06   2.7282715e+01
   4.7487020e+06   5.3649902e+01
   4.7487890e+06   2.3132324e+01
   4.7488020e+06   2.7038574e+01
   4.7488330e+06   2.6977539e+01
   4.7488630e+06   2.4841309e+01
   4.7488820e+06   6.8237305e+01
   4.7488990e+06   3.4362793e+01
   4.7489270e+06   2.4047852e+01
   4.7489800e+06   5.4870605e+01
   4.7490030e+06   2.4902344e+01
   4.7490340e+06   3.0822754e+01
   4.7490630e+06   4.0100098e+01
   4.7490730e+06   2.9785156e+01
   4.7490960e+06   2.7587891e+01
   4.7491230e+06   2.3315430e+01
   4.7491400e+06   4.4738770e+01
   4.7491740e+06   3.0395508e+01
   4.7492290e+06   4.0527344e+01
   4.7492620e+06   2.2033691e+01
   4.7493140e+06   2.2888184e+01
   4.7493250e+06   3.0883789e+01
   4.7493750e+06   2.5146484e+01
   4.7494210e+06   2.9235840e+01
   4.7494620e+06   2.2521973e+01
   4.7495180e+06   2.6367188e+01
   4.7495470e+06   2.5573730e+01
   4.7496130e+06   2.3925781e+01
   4.7496720e+06   2.4780273e+01
   4.7497350e+06   2.2827148e+01
   4.7498740e+06   2.5390625e+01
   4.7499040e+06   2.4414062e+01
   4.7499370e+06   2.2521973e+01
   4.7500020e+06   2.3132324e+01
   4.7502080e+06   2.8320312e+01
   4.7502830e+06   2.2521973e+01
   4.7503900e+06   2.1911621e+01
   4.7504030e+06   2.2094727e+01
   4.7882180e+06   2.2399902e+01
   4.7882980e+06   2.3071289e+01
   4.7884170e+06   4.4677734e+01
   4.7884890e+06   2.3498535e+01
   4.7885860e+06   2.6306152e+01
   4.7885990e+06   2.5207520e+01
   4.7886240e+06   5.4870605e+01
   4.7886390e+06   2.4169922e+01
   4.7886600e+06   2.3620605e+01
   4.7886830e+06   2.3803711e+01
   4.7887070e+06   2.9052734e+01
   4.7887200e+06   6.6955566e+01
   4.7887500e+06   3.0700684e+01
   4.7887830e+06   3.5217285e+01
   4.7887970e+06   4.7790527e+01
   4.7888400e+06   2.8442383e+01
   4.7888730e+06   2.9968262e+01
   4.7889070e+06   2.6489258e+01
   4.7889190e+06   3.2714844e+01
   4.7889610e+06   3.6376953e+01
   4.7889820e+06   3.4484863e+01
   4.7889930e+06   2.4536133e+01
   4.7890240e+06   2.3925781e+01
   4.7891290e+06   2.7587891e+01
   4.7891850e+06   2.8198242e+01
   4.7892310e+06   2.4597168e+01
   4.7892510e+06   2.6855469e+01
   4.7892810e+06   2.3376465e+01
   4.7893280e+06   3.9916992e+01
   4.7894340e+06   2.2277832e+01
   4.7894540e+06   2.3559570e+01
   4.7894830e+06   2.5024414e+01
   4.7895420e+06   2.3864746e+01
   4.7895930e+06   2.3376465e+01
   4.7896820e+06   2.3864746e+01
   4.7898010e+06   2.7465820e+01
   4.7898270e+06   2.2705078e+01
   4.7898840e+06   2.3071289e+01
   4.7900010e+06   2.2949219e+01
   5.1686510e+06   4.8522949e+01
   5.1686810e+06   2.5573730e+01
   5.1687030e+06   3.1250000e+01
   5.1687330e+06   2.8137207e+01
   5.1687480e+06   2.8747559e+01
   5.1687620e+06   2.4841309e+01
   5.1687800e+06   5.1330566e+01
   5.1688190e+06   3.7475586e+01
   5.1688410e+06   4.7790527e+01
   5.1688510e+06   2.6428223e+01
   5.1688650e+06   3.5461426e+01
   5.1688840e+06   4.1320801e+01
   5.1689000e+06   2.5512695e+01
   5.1689160e+06   3.3569336e+01
   5.1689390e+06   2.7282715e+01
   5.1689610e+06   2.6733398e+01
   5.1689730e+06   3.0700684e+01
   5.1690090e+06   2.5756836e+01
   5.1690300e+06   2.3010254e+01
   5.1690870e+06   3.0761719e+01
   5.1691290e+06   2.8137207e+01
   5.1691560e+06   2.4902344e+01
   5.1692040e+06   2.1728516e+01
   5.1692270e+06   2.4780273e+01
   5.1692520e+06   2.8564453e+01
   5.1693090e+06   2.7343750e+01
   5.1693360e+06   2.3620605e+01
   5.1693680e+06   2.2644043e+01
   5.1693980e+06   2.6184082e+01
   5.1695490e+06   3.5339355e+01
   5.1696260e+06   2.5512695e+01
   5.1697100e+06   2.1911621e+01
   5.1698230e+06   3.2653809e+01
   5.1699190e+06   2.4719238e+01
   5.1699560e+06   2.1972656e+01
   5.1700460e+06   2.7587891e+01
   5.1701060e+06   2.2033691e+01
   5.1702440e+06   2.6916504e+01
   5.1703540e+06   2.2766113e+01
   5.1704560e+06   2.3376465e+01
   5.1708310e+06   2.5512695e+01
   5.1818510e+06   3.1005859e+01
   5.1819070e+06   3.0456543e+01
   5.1819740e+06   2.7038574e+01
   5.1820270e+06   5.2795410e+01
   5.1820690e+06   2.7160645e+01
   5.1821110e+06   2.2888184e+01
   5.1821300e+06   2.6184082e+01
   5.1821560e+06   3.9916992e+01
   5.1821790e+06   3.3569336e+01
   5.1822140e+06   2.3193359e+01
   5.1822260e+06   2.2033691e+01
   5.1822650e+06   5.0292969e+01
   5.1822980e+06   2.7770996e+01
   5.1823170e+06   3.6376953e+01
   5.1823480e+06   4.6813965e+01
   5.1823760e+06   3.3081055e+01
   5.1824000e+06   2.6367188e+01
   5.1824260e+06   4.1687012e+01
   5.1824390e+06   2.5207520e+01
   5.1824550e+06   2.6000977e+01
   5.1824880e+06   3.2775879e+01
   5.1825060e+06   3.2653809e+01
   5.1825440e+06   2.8015137e+01
   5.1825720e+06   2.7954102e+01
   5.1825910e+06   2.2583008e+01
   5.1826420e+06   2.8930664e+01
   5.1827060e+06   2.5756836e+01
   5.1827700e+06   2.6977539e+01
   5.1828160e+06   2.7954102e+01
   5.1828770e+06   2.2644043e+01
   5.1829200e+06   2.3498535e+01
   5.1830750e+06   2.3010254e+01
   5.1831340e+06   2.2460938e+01
   5.1832370e+06   2.1911621e+01
   5.1832830e+06   2.5024414e+01
   5.1833550e+06   2.2460938e+01
   5.1936680e+06   2.4230957e+01
   5.1970950e+06   2.2094727e+01
   5.1973220e+06   2.1728516e+01
   5.1974150e+06   2.6245117e+01
   5.1975280e+06   2.3986816e+01
   5.1977670e+06   2.3010254e+01
   5.2029630e+06   2.3132324e+01
   5.2031010e+06   2.6367188e+01
   5.2032900e+06   3.5034180e+01
   5.2035980e+06   2.4475098e+01
   5.2038060e+06   2.6428223e+01
   5.2038450e+06   2.1850586e+01
   5.2074060e+06   2.3010254e+01
   5.2105940e+06   3.1188965e+01
   5.2107320e+06   3.0273438e+01
   5.2109740e+06   2.8869629e+01
   5.2110580e+06   6.2316895e+01
   5.2112810e+06   2.2338867e+01
   5.2114000e+06   4.4128418e+01
   5.2115760e+06   3.1372070e+01
   5.2117780e+06   2.2338867e+01
   5.2118440e+06   4.5898438e+01
   5.2118570e+06   2.5695801e+01
   5.2118780e+06   2.2277832e+01
   5.2121100e+06   2.2033691e+01
   5.2179850e+06   2.2155762e+01
   5.2181820e+06   2.4291992e+01
   5.2215880e+06   2.5817871e+01
   5.2218670e+06   3.2958984e+01
   5.2221970e+06   2.2033691e+01
   5.2223610e+06   2.3559570e+01
   5.2228100e+06   2.5695801e+01
   5.2265210e+06   2.1911621e+01
   5.2266180e+06   2.3986816e+01
   5.2268050e+06   2.7587891e+01
   5.2268620e+06   2.2399902e+01
   5.2271640e+06   2.2644043e+01
   5.2307070e+06   2.4108887e+01
   5.2313090e+06   2.6428223e+01
   5.2316120e+06   2.2033691e+01
   5.2350950e+06   2.5390625e+01
   5.2352680e+06   3.4545898e+01
   5.2354100e+06   2.3010254e+01
   5.2354400e+06   4.9499512e+01
   5.2354690e+06   2.5268555e+01
   5.2355890e+06   2.4169922e+01
   5.2357980e+06   3.8757324e+01
   5.2358220e+06   5.4931641e+01
   5.2359370e+06   2.4169922e+01
   5.2399880e+06   2.2094727e+01
   5.2400500e+06   2.3132324e+01
   5.2402820e+06   2.6611328e+01
   5.2445230e+06   2.2094727e+01
   5.2447060e+06   2.8015137e+01
   5.2447180e+06   2.6611328e+01
   5.2449600e+06   5.1147461e+01
   5.2449980e+06   2.2583008e+01
   5.2450720e+06   2.5146484e+01
   5.2498700e+06   2.2949219e+01
   5.2538790e+06   2.2033691e+01
   5.2539510e+06   2.2460938e+01
   5.2540020e+06   4.9072266e+01
   5.2540790e+06   2.4230957e+01
   5.2542300e+06   2.6306152e+01
   5.2543270e+06   2.5695801e+01
   5.2544130e+06   2.5878906e+01
   5.2584340e+06   2.4414062e+01
   5.2619380e+06   2.4902344e+01
   5.2620700e+06   2.4658203e+01
   5.2624530e+06   3.0334473e+01
   5.2657110e+06   2.5085449e+01
   5.2658460e+06   2.3742676e+01
   5.2660320e+06   2.4536133e+01
   5.2700200e+06   2.6184082e+01
   5.2700320e+06   2.4597168e+01
   5.2701650e+06   2.3559570e+01
   5.2737460e+06   5.8105469e+01
   5.2777710e+06   2.2338867e+01
   5.2778350e+06   3.9367676e+01
   5.2779380e+06   3.2592773e+01
   5.2827930e+06   2.9663086e+01
   5.2829850e+06   2.3132324e+01
   5.2865800e+06   2.7160645e+01
   5.2897650e+06   2.9052734e+01
   5.2939600e+06   2.2277832e+01
   5.2940800e+06   2.5573730e+01
   5.2941420e+06   5.5053711e+01
   5.2941610e+06   2.6611328e+01
   5.2942070e+06   2.4597168e+01
   5.2944090e+06   2.3986816e+01
   5.2945540e+06   3.6682129e+01
   5.2991660e+06   2.1972656e+01
   5.2992340e+06   2.5207520e+01
   5.2993340e+06   2.6489258e+01
   5.2994130e+06   4.2358398e+01
   5.2994630e+06   2.9479980e+01
   5.3047540e+06   3.3752441e+01
   5.3049230e+06   2.4719238e+01
   5.3049330e+06   2.2155762e+01
   5.3050090e+06   5.2001953e+01
   5.3051900e+06   2.5329590e+01
   5.3101020e+06   2.2033691e+01
   5.3101770e+06   4.4555664e+01
   5.3102260e+06   2.1972656e+01
   5.3104760e+06   2.7099609e+01
   5.3104950e+06   2.2277832e+01
   5.3105640e+06   4.6691895e+01
   5.3106860e+06   3.1799316e+01
   5.3108140e+06   2.2827148e+01
   5.3154910e+06   2.4230957e+01
   5.3156140e+06   4.5959473e+01
   5.3206020e+06   2.2338867e+01
   5.3207330e+06   2.2644043e+01
   5.3207580e+06   4.5837402e+01
   5.3210070e+06   3.0639648e+01
   5.3264140e+06   2.3681641e+01
   5.3265960e+06   4.0466309e+01
   5.3266150e+06   2.4536133e+01
   5.3266850e+06   2.5329590e+01
   5.3330630e+06   2.2338867e+01
   5.3331300e+06   3.4729004e+01
   5.3334870e+06   4.1748047e+01
   5.3338270e+06   2.3742676e+01
   5.3340080e+06   2.4291992e+01
   5.3345190e+06   2.5390625e+01
   5.3395350e+06   2.7404785e+01
   5.3395750e+06   4.0832520e+01
   5.3395850e+06   2.1850586e+01
   5.3396580e+06   2.6794434e+01
   5.3399300e+06   2.1789551e+01
   5.3399590e+06   2.7282715e+01
   5.3446520e+06   4.0893555e+01
   5.3446730e+06   2.1972656e+01
   5.3450470e+06   3.1066895e+01
   5.3502570e+06   2.2338867e+01
   5.3502930e+06   2.3864746e+01
   5.3503110e+06   3.0822754e+01
   5.3504010e+06   5.6213379e+01
   5.3505620e+06   2.4047852e+01
   5.3507260e+06   2.8442383e+01
   5.3507370e+06   5.4443359e+01
   5.3573980e+06   2.4108887e+01
   5.3574080e+06   3.1799316e+01
   5.3574460e+06   4.1076660e+01
   5.3575100e+06   2.7526855e+01
   5.3575450e+06   2.4719238e+01
   5.3576490e+06   2.2399902e+01
   5.3577640e+06   2.3864746e+01
   5.3578050e+06   2.4047852e+01
   5.3579900e+06   2.7038574e+01
   5.3580320e+06   4.0771484e+01
   5.3638070e+06   2.7221680e+01
   5.3638750e+06   2.2399902e+01
   5.3639220e+06   5.3588867e+01
   5.3641240e+06   2.4902344e+01
   5.3641870e+06   2.2949219e+01
   5.3707140e+06   2.1789551e+01
   5.3707430e+06   2.4658203e+01
   5.3707800e+06   2.4719238e+01
   5.3708470e+06   2.6428223e+01
   5.3709390e+06   4.7546387e+01
   5.3709780e+06   2.2644043e+01
   5.3712710e+06   2.7404785e+01
   5.3713090e+06   2.2644043e+01
   5.3782720e+06   2.3437500e+01
   5.3783270e+06   3.6621094e+01
   5.3784180e+06   2.6367188e+01
   5.3784340e+06   4.7729492e+01
   5.3784550e+06   2.2583008e+01
   5.3785900e+06   2.2888184e+01
   5.3788140e+06   2.9602051e+01
   5.3790610e+06   2.3742676e+01
   5.3857450e+06   2.6855469e+01
   5.3858850e+06   2.5207520e+01
   5.3859480e+06   2.6184082e+01
   5.3859580e+06   6.5551758e+01
   5.3860450e+06   2.7893066e+01
   5.3861390e+06   2.3315430e+01
   5.3862350e+06   4.8034668e+01
   5.3862830e+06   2.3376465e+01
   5.3865210e+06   2.7099609e+01
   5.3865920e+06   2.2338867e+01
   5.3940950e+06   2.3315430e+01
   5.3941660e+06   2.2399902e+01
   5.3942020e+06   2.3437500e+01
   5.3942740e+06   5.3222656e+01
   5.3942860e+06   3.3508301e+01
   5.3944040e+06   2.2033691e+01
   5.3944720e+06   2.3010254e+01
   5.3944880e+06   2.2155762e+01
   5.3946790e+06   2.3071289e+01
   5.3947020e+06   4.9804688e+01
   5.3949500e+06   2.1850586e+01
   5.4011560e+06   3.2958984e+01
   5.4012630e+06   2.4353027e+01
   5.4013340e+06   5.0354004e+01
   5.4013490e+06   2.1972656e+01
   5.4017320e+06   3.1372070e+01
   5.4097820e+06   2.8625488e+01
   5.4098110e+06   2.6123047e+01
   5.4098590e+06   5.9692383e+01
   5.4098920e+06   2.4902344e+01
   5.4100650e+06   2.8747559e+01
   5.4102230e+06   3.9916992e+01
   5.4102380e+06   2.3864746e+01
   5.4103200e+06   2.4780273e+01
   5.4104870e+06   4.8645020e+01
   5.4107410e+06   2.3193359e+01
   5.4182800e+06   2.4291992e+01
   5.4183730e+06   2.2644043e+01
   5.4184390e+06   6.2194824e+01
   5.4185370e+06   2.1789551e+01
   5.4185490e+06   2.8564453e+01
   5.4187000e+06   2.2766113e+01
   5.4187660e+06   4.3884277e+01
   5.4190710e+06   2.3010254e+01
   5.4191870e+06   2.5268555e+01
   5.4269900e+06   2.1972656e+01
   5.4270140e+06   2.8381348e+01
   5.4270930e+06   4.8706055e+01
   5.4271810e+06   3.0334473e+01
   5.4273290e+06   3.0822754e+01
   5.4273620e+06   4.5898438e+01
   5.4274470e+06   3.2470703e+01
   5.4276600e+06   2.6123047e+01
   5.4358110e+06   2.2033691e+01
   5.4360010e+06   2.3864746e+01
   5.4361140e+06   5.9265137e+01
   5.4362200e+06   2.2705078e+01
   5.4364070e+06   5.1208496e+01
   5.4364690e+06   2.2705078e+01
   5.4365840e+06   2.3681641e+01
   5.4366610e+06   2.7099609e+01
   5.4454380e+06   3.1188965e+01
   5.4454670e+06   4.3457031e+01
   5.4456060e+06   2.7221680e+01
   5.4457400e+06   4.2175293e+01
   5.4458110e+06   3.2043457e+01
   5.4459560e+06   2.4230957e+01
   5.4460730e+06   3.6254883e+01
   5.4461780e+06   2.9357910e+01
   5.4463760e+06   2.4108887e+01
   5.4466140e+06   2.5390625e+01
   5.4557650e+06   4.4921875e+01
   5.4558160e+06   3.5461426e+01
   5.4558330e+06   2.4291992e+01
   5.4559030e+06   2.2521973e+01
   5.4559610e+06   2.2949219e+01
   5.4559770e+06   2.2705078e+01
   5.4560490e+06   5.9265137e+01
   5.4561350e+06   2.3925781e+01
   5.4563740e+06   4.2907715e+01
   5.4685610e+06   2.5085449e+01
   5.4686260e+06   2.6184082e+01
   5.4687230e+06   4.1442871e+01
   5.4687430e+06   3.1555176e+01
   5.4687910e+06   2.6306152e+01
   5.4688430e+06   2.4047852e+01
   5.4689520e+06   5.0842285e+01
   5.4690940e+06   2.7099609e+01
   5.4691520e+06   2.2949219e+01
   5.4691800e+06   4.1015625e+01
   5.4692590e+06   2.3742676e+01
   5.4693200e+06   3.9733887e+01
   5.4693850e+06   2.3132324e+01
   5.4694060e+06   2.2705078e+01
   5.4694240e+06   2.7526855e+01
   5.4694420e+06   4.8706055e+01
   5.4694660e+06   2.8686523e+01
   5.4694770e+06   3.6987305e+01
   5.4695000e+06   3.0700684e+01
   5.4695230e+06   5.2246094e+01
   5.4695400e+06   2.4780273e+01
   5.4695550e+06   2.9174805e+01
   5.4696120e+06   2.3925781e+01
   5.4696280e+06   2.8869629e+01
   5.4696850e+06   3.0395508e+01
   5.4697900e+06   2.7038574e+01
   5.4698480e+06   3.1494141e+01
   5.4699650e+06   2.7954102e+01
   5.4700240e+06   2.4230957e+01
   5.4700700e+06   2.8259277e+01
   5.4701030e+06   2.2766113e+01
   5.4702360e+06   2.4353027e+01
   5.4702890e+06   2.1789551e+01
   5.4703220e+06   2.9785156e+01
   5.4703450e+06   2.5146484e+01
   5.4703690e+06   2.1850586e+01
   5.4704560e+06   2.6733398e+01
   5.4706870e+06   2.2094727e+01
   5.4978030e+06   2.3071289e+01
   5.5062340e+06   3.4057617e+01
   5.5063260e+06   2.3925781e+01
   5.5064020e+06   2.2399902e+01
   5.5159650e+06   2.2094727e+01
   5.5160950e+06   2.2338867e+01
   5.5161120e+06   2.3498535e+01
   5.5161450e+06   2.1972656e+01
   5.5163340e+06   2.7038574e+01
   5.5163990e+06   2.2277832e+01
   5.5167260e+06   2.7587891e+01
   5.5289430e+06   2.2460938e+01
   5.5289910e+06   2.5817871e+01
   5.5290470e+06   2.2888184e+01
   5.5291620e+06   2.6367188e+01
   5.5292030e+06   3.8940430e+01
   5.5293120e+06   2.4047852e+01
   5.5293440e+06   2.2460938e+01
   5.5296400e+06   2.2155762e+01
   5.5383540e+06   2.1789551e+01
   5.5385010e+06   2.6123047e+01
   5.5386690e+06   2.7160645e+01
   5.5387070e+06   4.6264648e+01
   5.5389480e+06   2.9724121e+01
   5.5389580e+06   2.3193359e+01
   5.5393390e+06   2.2766113e+01
   5.5493100e+06   2.2460938e+01
   5.5494700e+06   2.2583008e+01
   5.5495730e+06   4.6936035e+01
   5.5598010e+06   2.1728516e+01
   5.5599370e+06   2.1728516e+01
   5.5599600e+06   2.2155762e+01
   5.5600500e+06   4.0222168e+01
   5.5600690e+06   2.2155762e+01
   5.5601670e+06   2.4597168e+01
   5.5604870e+06   2.1789551e+01
   5.5714810e+06   2.6367188e+01
   5.5715330e+06   4.2663574e+01
   5.5716870e+06   2.6000977e+01
   5.5717740e+06   2.5878906e+01
   5.5832630e+06   2.3254395e+01
   5.5834230e+06   2.8808594e+01
   5.5835060e+06   4.9621582e+01
   5.5836970e+06   2.7465820e+01
   5.5839750e+06   2.6550293e+01
   5.5840590e+06   2.1789551e+01
   5.6009370e+06   2.2766113e+01
   5.6009980e+06   2.3132324e+01
   5.6010650e+06   2.2521973e+01
   5.6011010e+06   2.1911621e+01
   5.6011820e+06   6.0729980e+01
   5.6012170e+06   2.2583008e+01
   5.6015740e+06   2.2277832e+01
   5.6018360e+06   5.0903320e+01
   5.6019250e+06   3.2348633e+01
   5.6019400e+06   2.5634766e+01
   5.6019720e+06   2.3193359e+01
   5.6019900e+06   2.6306152e+01
   5.6020000e+06   6.7687988e+01
   5.6020170e+06   2.2216797e+01
   5.6020410e+06   2.4536133e+01
   5.6020740e+06   2.6184082e+01
   5.6020950e+06   5.3833008e+01
   5.6021220e+06   3.5522461e+01
   5.6021440e+06   2.4291992e+01
   5.6021590e+06   2.4963379e+01
   5.6021690e+06   4.9377441e+01
   5.6022080e+06   3.1250000e+01
   5.6022480e+06   2.3010254e+01
   5.6022750e+06   2.4902344e+01
   5.6022890e+06   2.2216797e+01
   5.6023140e+06   2.2094727e+01
   5.6023750e+06   2.4475098e+01
   5.6023970e+06   2.2216797e+01
   5.6024350e+06   2.2949219e+01
   5.6024550e+06   3.0639648e+01
   5.6024700e+06   2.3986816e+01
   5.6025160e+06   2.3193359e+01
   5.6025460e+06   2.1911621e+01
   5.6025930e+06   2.6977539e+01
   5.6026190e+06   2.5268555e+01
   5.6026710e+06   2.4780273e+01
   5.6027100e+06   2.5634766e+01
   5.6027640e+06   2.7221680e+01
   5.6028200e+06   2.2583008e+01
   5.6028530e+06   2.2949219e+01
   5.6028910e+06   2.2583008e+01
   5.6029330e+06   2.8320312e+01
   5.6029540e+06   2.4353027e+01
   5.6030110e+06   2.2583008e+01
   5.6031470e+06   2.3193359e+01
   5.6032090e+06   2.1972656e+01
   5.6032510e+06   2.2094727e+01
