   5.9990000e+06   0.0000000e+00
   2.6400000e+03   3.1921387e+01
   2.7410000e+03   4.1564941e+01
   2.9980000e+03   2.8015137e+01
   5.5540000e+03   3.3447266e+01
   5.6710000e+03   2.8259277e+01
   7.6450000e+03   2.7221680e+01
   7.7390000e+03   3.9978027e+01
   7.8190000e+03   3.4362793e+01
   7.8350000e+03   2.4780273e+01
   7.9670000e+03   3.0883789e+01
   8.0030000e+03   3.3203125e+01
   8.0160000e+03   2.3498535e+01
   8.0650000e+03   2.5390625e+01
   8.1210000e+03   2.8625488e+01
   8.1400000e+03   3.6071777e+01
   8.1820000e+03   4.8645020e+01
   8.1970000e+03   3.3752441e+01
   8.2340000e+03   2.8015137e+01
   8.2730000e+03   4.6936035e+01
   8.2870000e+03   2.3742676e+01
   8.3150000e+03   2.4353027e+01
   8.3390000e+03   7.4645996e+01
   8.3580000e+03   2.6367188e+01
   8.3950000e+03   2.5573730e+01
   8.4350000e+03   4.4982910e+01
   8.4600000e+03   3.4179688e+01
   8.4800000e+03   3.0822754e+01
   8.4980000e+03   2.4414062e+01
   8.5260000e+03   2.8076172e+01
   8.5510000e+03   3.0944824e+01
   8.5830000e+03   3.4606934e+01
   8.6280000e+03   2.3620605e+01
   8.6480000e+03   2.5756836e+01
   8.6740000e+03   3.7170410e+01
   8.7130000e+03   3.1433105e+01
   8.7680000e+03   3.7963867e+01
   8.7820000e+03   2.4536133e+01
   8.8000000e+03   2.5512695e+01
   8.8200000e+03   2.5512695e+01
   8.8420000e+03   2.5939941e+01
   8.8760000e+03   2.9968262e+01
   8.9370000e+03   3.7414551e+01
   8.9510000e+03   2.3559570e+01
   9.0000000e+03   3.0639648e+01
   9.0120000e+03   2.5817871e+01
   9.0620000e+03   2.7160645e+01
   9.1510000e+03   3.9916992e+01
   9.1750000e+03   3.6254883e+01
   9.2160000e+03   3.3691406e+01
   9.3170000e+03   3.8085938e+01
   9.4300000e+03   3.4423828e+01
   9.5700000e+03   2.6916504e+01
   9.7490000e+03   3.9001465e+01
   9.8760000e+03   2.8869629e+01
   1.8928000e+04   3.2104492e+01
   1.9070000e+04   3.0212402e+01
   1.9278000e+04   2.5512695e+01
   1.9562000e+04   2.3498535e+01
   2.1834000e+04   3.8757324e+01
   2.1960000e+04   3.1066895e+01
   2.2374000e+04   3.1738281e+01
   2.4816000e+04   3.0822754e+01
   2.4895000e+04   3.5827637e+01
   2.4946000e+04   2.6367188e+01
   2.4995000e+04   2.9174805e+01
   2.5074000e+04   2.6428223e+01
   2.5100000e+04   2.7221680e+01
   2.5118000e+04   2.6000977e+01
   2.5146000e+04   3.6437988e+01
   2.5208000e+04   3.3386230e+01
   2.5254000e+04   3.6987305e+01
   2.5264000e+04   6.6650391e+01
   2.5320000e+04   2.3559570e+01
   2.5362000e+04   3.1250000e+01
   2.5390000e+04   4.9987793e+01
   2.5406000e+04   4.0405273e+01
   2.5450000e+04   2.9418945e+01
   2.5461000e+04   3.0273438e+01
   2.5484000e+04   4.6569824e+01
   2.5508000e+04   3.3142090e+01
   2.5530000e+04   2.4230957e+01
   2.5559000e+04   3.9062500e+01
   2.5584000e+04   2.8198242e+01
   2.5609000e+04   2.4536133e+01
   2.5621000e+04   4.1564941e+01
   2.5658000e+04   3.0578613e+01
   2.5681000e+04   2.6550293e+01
   2.5691000e+04   2.9968262e+01
   2.5712000e+04   2.7404785e+01
   2.5742000e+04   3.4912109e+01
   2.5806000e+04   3.9855957e+01
   2.5859000e+04   2.3864746e+01
   2.5920000e+04   3.4667969e+01
   2.5982000e+04   4.2053223e+01
   2.6055000e+04   2.3864746e+01
   2.6080000e+04   2.5817871e+01
   2.6131000e+04   2.6916504e+01
   2.6154000e+04   2.6550293e+01
   2.6193000e+04   2.8442383e+01
   2.6221000e+04   2.3864746e+01
   2.6311000e+04   2.9602051e+01
   2.6416000e+04   3.1005859e+01
   2.6455000e+04   3.0029297e+01
   2.6545000e+04   2.8137207e+01
   2.6596000e+04   3.5217285e+01
   2.6770000e+04   3.3081055e+01
   2.6958000e+04   3.5156250e+01
   2.7003000e+04   2.3986816e+01
   2.7483000e+04   2.6672363e+01
   3.7110000e+04   2.5207520e+01
   3.7220000e+04   3.2165527e+01
   3.7262000e+04   2.8564453e+01
   3.7413000e+04   3.6376953e+01
   3.7490000e+04   2.8991699e+01
   3.7568000e+04   2.5573730e+01
   3.7633000e+04   2.5146484e+01
   3.7654000e+04   2.4353027e+01
   3.7700000e+04   3.8940430e+01
   3.7762000e+04   2.4780273e+01
   3.7853000e+04   4.1442871e+01
   3.7899000e+04   4.4067383e+01
   3.7978000e+04   2.4169922e+01
   3.8100000e+04   2.9174805e+01
   3.8168000e+04   4.8706055e+01
   3.8213000e+04   2.7526855e+01
   3.8237000e+04   2.5085449e+01
   3.8343000e+04   2.6184082e+01
   3.8423000e+04   2.6489258e+01
   3.8517000e+04   2.4719238e+01
   3.8582000e+04   2.6184082e+01
   4.3346000e+04   3.4423828e+01
   4.3546000e+04   3.3386230e+01
   4.3797000e+04   2.8015137e+01
   4.6566000e+04   2.5939941e+01
   4.6600000e+04   2.6306152e+01
   4.6642000e+04   3.2531738e+01
   4.6709000e+04   3.3752441e+01
   4.6725000e+04   2.6977539e+01
   4.6775000e+04   2.9541016e+01
   4.6910000e+04   4.5471191e+01
   4.6923000e+04   2.4719238e+01
   4.6973000e+04   2.8686523e+01
   4.7034000e+04   5.6274414e+01
   4.7047000e+04   3.3264160e+01
   4.7058000e+04   2.6245117e+01
   4.7090000e+04   2.3498535e+01
   4.7103000e+04   3.0761719e+01
   4.7167000e+04   3.2348633e+01
   4.7219000e+04   4.9194336e+01
   4.7265000e+04   2.8198242e+01
   4.7297000e+04   2.6733398e+01
   4.7314000e+04   3.3630371e+01
   4.7343000e+04   3.7719727e+01
   4.7366000e+04   3.7109375e+01
   4.7396000e+04   2.9541016e+01
   4.7426000e+04   5.2490234e+01
   4.7453000e+04   2.6489258e+01
   4.7477000e+04   3.5400391e+01
   4.7505000e+04   3.9367676e+01
   4.7545000e+04   2.6428223e+01
   4.7565000e+04   2.4291992e+01
   4.7595000e+04   3.1921387e+01
   4.7612000e+04   2.5939941e+01
   4.7664000e+04   3.2348633e+01
   4.7706000e+04   3.1188965e+01
   4.7735000e+04   2.4108887e+01
   4.7787000e+04   2.8259277e+01
   4.7818000e+04   2.6794434e+01
   4.7861000e+04   2.4047852e+01
   4.7888000e+04   4.3640137e+01
   4.7986000e+04   5.6884766e+01
   4.8044000e+04   2.4597168e+01
   4.8077000e+04   2.8808594e+01
   4.8100000e+04   2.9113770e+01
   4.8152000e+04   3.1433105e+01
   4.8239000e+04   3.3386230e+01
   4.8251000e+04   3.6193848e+01
   4.8340000e+04   2.4780273e+01
   4.8400000e+04   3.6010742e+01
   4.8460000e+04   2.8381348e+01
   4.8568000e+04   3.5949707e+01
   4.8731000e+04   3.9855957e+01
   4.8929000e+04   3.7658691e+01
   4.9122000e+04   3.9062500e+01
   5.8276000e+04   3.5400391e+01
   5.8369000e+04   3.5156250e+01
   5.8402000e+04   3.2531738e+01
   5.8558000e+04   3.6376953e+01
   5.8665000e+04   2.6672363e+01
   5.8778000e+04   3.4240723e+01
   5.8850000e+04   3.3447266e+01
   5.8966000e+04   2.3803711e+01
   5.9152000e+04   2.9113770e+01
   6.3453000e+04   3.0090332e+01
   6.3518000e+04   2.9357910e+01
   6.3572000e+04   2.8625488e+01
   6.3595000e+04   2.5878906e+01
   6.3654000e+04   2.3620605e+01
   6.3709000e+04   3.6437988e+01
   6.3746000e+04   3.4973145e+01
   6.3781000e+04   2.3925781e+01
   6.3804000e+04   2.5024414e+01
   6.3825000e+04   3.8452148e+01
   6.3859000e+04   3.7048340e+01
   6.3886000e+04   2.9357910e+01
   6.3904000e+04   2.5268555e+01
   6.3924000e+04   3.7414551e+01
   6.3945000e+04   3.3020020e+01
   6.3957000e+04   4.1748047e+01
   6.4016000e+04   2.9602051e+01
   6.4037000e+04   3.2165527e+01
   6.4060000e+04   2.3681641e+01
   6.4098000e+04   3.4484863e+01
   6.4110000e+04   2.9113770e+01
   6.4142000e+04   2.8259277e+01
   6.4167000e+04   3.1799316e+01
   6.4188000e+04   2.5268555e+01
   6.4220000e+04   3.5217285e+01
   6.4251000e+04   3.0639648e+01
   6.4270000e+04   2.8076172e+01
   6.4324000e+04   2.6245117e+01
   6.4354000e+04   2.9907227e+01
   6.4377000e+04   2.8503418e+01
   6.4431000e+04   3.6926270e+01
   6.4463000e+04   2.5756836e+01
   6.4513000e+04   3.9367676e+01
   6.4563000e+04   4.2663574e+01
   6.4660000e+04   3.3691406e+01
   6.4737000e+04   3.0090332e+01
   6.4797000e+04   2.9785156e+01
   6.4831000e+04   3.0273438e+01
   6.4933000e+04   3.1677246e+01
   6.4943000e+04   2.9052734e+01
   6.5180000e+04   3.1005859e+01
   6.5313000e+04   2.3742676e+01
   6.5460000e+04   3.0761719e+01
   7.8301000e+04   2.9968262e+01
   7.8379000e+04   3.0639648e+01
   7.8433000e+04   3.7475586e+01
   7.8488000e+04   2.7038574e+01
   7.8530000e+04   3.2165527e+01
   7.8557000e+04   3.0212402e+01
   7.8619000e+04   4.0710449e+01
   7.8638000e+04   2.9602051e+01
   7.8660000e+04   2.8564453e+01
   7.8675000e+04   3.4362793e+01
   7.8722000e+04   4.0222168e+01
   7.8743000e+04   3.6682129e+01
   7.8770000e+04   2.9296875e+01
   7.8782000e+04   2.8991699e+01
   7.8809000e+04   2.6672363e+01
   7.8835000e+04   5.5114746e+01
   7.8857000e+04   2.8381348e+01
   7.8900000e+04   2.7099609e+01
   7.8922000e+04   3.4851074e+01
   7.8940000e+04   2.3925781e+01
   7.8965000e+04   2.7954102e+01
   7.8995000e+04   3.3630371e+01
   7.9009000e+04   3.3630371e+01
   7.9039000e+04   2.4658203e+01
   7.9064000e+04   3.5583496e+01
   7.9097000e+04   3.4667969e+01
   7.9203000e+04   3.0456543e+01
   7.9215000e+04   2.5817871e+01
   7.9257000e+04   2.4902344e+01
   7.9286000e+04   2.7099609e+01
   7.9301000e+04   2.7954102e+01
   7.9377000e+04   2.8381348e+01
   7.9387000e+04   2.4414062e+01
   7.9433000e+04   2.5817871e+01
   7.9494000e+04   3.4606934e+01
   7.9553000e+04   2.5634766e+01
   7.9606000e+04   2.8442383e+01
   7.9673000e+04   2.4353027e+01
   7.9809000e+04   3.4179688e+01
   7.9838000e+04   3.3691406e+01
   8.0008000e+04   3.6743164e+01
   8.0050000e+04   2.6306152e+01
   8.0192000e+04   3.3874512e+01
   8.0218000e+04   2.5634766e+01
   8.0600000e+04   2.4047852e+01
   9.0743000e+04   3.3752441e+01
   9.0846000e+04   2.5756836e+01
   9.0856000e+04   4.0649414e+01
   9.0943000e+04   3.1311035e+01
   9.1018000e+04   3.0700684e+01
   9.1132000e+04   3.8085938e+01
   9.1220000e+04   3.8085938e+01
   9.1311000e+04   3.1311035e+01
   9.1384000e+04   3.9916992e+01
   9.1473000e+04   2.4597168e+01
   9.1528000e+04   2.5756836e+01
   9.1583000e+04   2.5939941e+01
   9.1616000e+04   3.1188965e+01
   9.1711000e+04   2.9418945e+01
   9.1776000e+04   2.3986816e+01
   9.1974000e+04   3.3020020e+01
   9.6612000e+04   3.7475586e+01
   9.6748000e+04   3.0944824e+01
   9.6832000e+04   2.6855469e+01
   9.6900000e+04   2.9052734e+01
   9.6968000e+04   3.0822754e+01
   9.7072000e+04   2.8747559e+01
   9.7124000e+04   2.8137207e+01
   9.7200000e+04   2.5512695e+01
   9.7327000e+04   3.8696289e+01
   9.7480000e+04   2.5085449e+01
   9.7562000e+04   3.2836914e+01
   9.7904000e+04   3.6865234e+01
   9.8103000e+04   2.5573730e+01
   1.0281000e+05   3.2104492e+01
   1.0285600e+05   2.7160645e+01
   1.0290500e+05   3.3386230e+01
   1.0296600e+05   2.5390625e+01
   1.0306100e+05   2.5207520e+01
   1.0308900e+05   2.7709961e+01
   1.0314500e+05   4.7851563e+01
   1.0318100e+05   2.8015137e+01
   1.0322900e+05   3.4240723e+01
   1.0325100e+05   2.4841309e+01
   1.0327500e+05   3.9428711e+01
   1.0330500e+05   2.6855469e+01
   1.0333000e+05   2.5695801e+01
   1.0336600e+05   4.2968750e+01
   1.0340100e+05   5.4748535e+01
   1.0344900e+05   3.5766602e+01
   1.0346800e+05   4.9133301e+01
   1.0349000e+05   2.5512695e+01
   1.0351300e+05   2.5085449e+01
   1.0354600e+05   2.5390625e+01
   1.0357700e+05   2.7648926e+01
   1.0360600e+05   2.5573730e+01
   1.0362800e+05   2.6916504e+01
   1.0365900e+05   2.9052734e+01
   1.0368000e+05   2.5817871e+01
   1.0369200e+05   2.6611328e+01
   1.0373500e+05   2.8869629e+01
   1.0375500e+05   3.1005859e+01
   1.0379800e+05   3.6926270e+01
   1.0381700e+05   2.9174805e+01
   1.0387600e+05   2.4230957e+01
   1.0392000e+05   2.6916504e+01
   1.0400500e+05   2.7221680e+01
   1.0404200e+05   3.2226562e+01
   1.0418700e+05   3.0151367e+01
   1.0421800e+05   2.8930664e+01
   1.0433300e+05   4.2785645e+01
   1.0451500e+05   4.3334961e+01
   1.0462900e+05   2.3559570e+01
   1.1779500e+05   3.0151367e+01
   1.1787600e+05   2.8991699e+01
   1.1789800e+05   2.9846191e+01
   1.1794200e+05   2.7099609e+01
   1.1800400e+05   3.5888672e+01
   1.1804300e+05   3.6682129e+01
   1.1809200e+05   2.4353027e+01
   1.1814900e+05   2.7404785e+01
   1.1816600e+05   5.1330566e+01
   1.1820800e+05   2.7099609e+01
   1.1822700e+05   2.8564453e+01
   1.1825600e+05   2.7709961e+01
   1.1828400e+05   2.4047852e+01
   1.1829800e+05   3.8757324e+01
   1.1831200e+05   2.9724121e+01
   1.1832600e+05   4.8461914e+01
   1.1838400e+05   2.3986816e+01
   1.1842000e+05   5.4626465e+01
   1.1843400e+05   3.8757324e+01
   1.1849500e+05   2.7160645e+01
   1.1851800e+05   2.9052734e+01
   1.1853600e+05   2.6062012e+01
   1.1856600e+05   2.7648926e+01
   1.1860700e+05   3.4301758e+01
   1.1862100e+05   2.4658203e+01
   1.1866200e+05   5.3039551e+01
   1.1869600e+05   2.7099609e+01
   1.1872300e+05   2.6611328e+01
   1.1880800e+05   3.3874512e+01
   1.1881900e+05   2.6916504e+01
   1.1885900e+05   2.5451660e+01
   1.1894000e+05   4.0405273e+01
   1.1895100e+05   3.3142090e+01
   1.1900900e+05   2.4108887e+01
   1.1909100e+05   3.0456543e+01
   1.1916600e+05   3.0151367e+01
   1.1927600e+05   3.7170410e+01
   1.1934500e+05   3.2653809e+01
   1.1947000e+05   4.5043945e+01
   1.1950000e+05   3.2470703e+01
   1.1963900e+05   3.5644531e+01
   1.1971600e+05   3.0273438e+01
   1.1984800e+05   4.1564941e+01
   1.2001800e+05   4.1015625e+01
   1.2003500e+05   2.3742676e+01
   1.3428500e+05   3.8146973e+01
   1.3436700e+05   3.8818359e+01
   1.3440900e+05   3.3081055e+01
   1.3443200e+05   2.8930664e+01
   1.3445800e+05   2.5573730e+01
   1.3446800e+05   4.3579102e+01
   1.3453900e+05   2.8930664e+01
   1.3455200e+05   2.7526855e+01
   1.3460500e+05   2.8198242e+01
   1.3462700e+05   4.6813965e+01
   1.3465900e+05   3.8208008e+01
   1.3468400e+05   2.5939941e+01
   1.3472400e+05   5.2124023e+01
   1.3474700e+05   2.4963379e+01
   1.3478300e+05   4.3151855e+01
   1.3481100e+05   4.0283203e+01
   1.3482200e+05   3.5095215e+01
   1.3485500e+05   2.6000977e+01
   1.3488900e+05   3.7719727e+01
   1.3490000e+05   3.6987305e+01
   1.3493300e+05   3.1311035e+01
   1.3496800e+05   2.5268555e+01
   1.3501700e+05   2.5939941e+01
   1.3505100e+05   2.5634766e+01
   1.3506100e+05   3.0212402e+01
   1.3508400e+05   2.4047852e+01
   1.3510900e+05   2.3620605e+01
   1.3514200e+05   3.1005859e+01
   1.3515600e+05   2.5756836e+01
   1.3517700e+05   2.3986816e+01
   1.3521800e+05   3.4606934e+01
   1.3525800e+05   2.8808594e+01
   1.3527900e+05   2.9113770e+01
   1.3536800e+05   2.6977539e+01
   1.3545600e+05   2.5817871e+01
   1.3555000e+05   2.9235840e+01
   1.3559800e+05   2.7099609e+01
   1.3563000e+05   2.4780273e+01
   1.3573200e+05   2.7099609e+01
   1.3576400e+05   3.0639648e+01
   1.3592200e+05   2.7465820e+01
   1.3595500e+05   4.0893555e+01
   1.3606700e+05   2.5817871e+01
   1.5936000e+05   3.0212402e+01
   1.5942200e+05   2.7160645e+01
   1.5946400e+05   3.5644531e+01
   1.5951600e+05   3.7475586e+01
   1.5956400e+05   5.5603027e+01
   1.5960200e+05   3.1677246e+01
   1.5962700e+05   4.7546387e+01
   1.5964100e+05   2.9235840e+01
   1.5966500e+05   3.1738281e+01
   1.5969000e+05   3.6743164e+01
   1.5970600e+05   3.2409668e+01
   1.5973400e+05   2.4169922e+01
   1.5974800e+05   3.3996582e+01
   1.5976300e+05   3.2348633e+01
   1.5980500e+05   2.3864746e+01
   1.5983200e+05   4.4433594e+01
   1.5986000e+05   2.5878906e+01
   1.5988300e+05   3.0273438e+01
   1.5994000e+05   3.9001465e+01
   1.6000000e+05   2.6672363e+01
   1.6004000e+05   2.3498535e+01
   1.6009900e+05   2.5390625e+01
   1.6017500e+05   3.4423828e+01
   1.6022200e+05   2.4963379e+01
   1.6023500e+05   2.4291992e+01
   1.6029100e+05   3.0761719e+01
   1.6038100e+05   2.3864746e+01
   1.6039800e+05   2.5451660e+01
   1.6044700e+05   2.4719238e+01
   1.6049800e+05   2.6611328e+01
   1.6058200e+05   2.7526855e+01
   1.6069400e+05   3.0944824e+01
   1.6074300e+05   2.6855469e+01
   1.6077800e+05   2.9296875e+01
   1.6079300e+05   2.8991699e+01
   1.6094200e+05   3.9794922e+01
   1.6111100e+05   2.6550293e+01
   1.6112200e+05   2.7038574e+01
   1.6124100e+05   2.8869629e+01
   1.8690500e+05   2.3498535e+01
   1.8697800e+05   2.7404785e+01
   1.8700600e+05   3.2897949e+01
   1.8703300e+05   2.4902344e+01
   1.8707200e+05   2.8930664e+01
   1.8709500e+05   2.4719238e+01
   1.8710900e+05   2.3803711e+01
   1.8714100e+05   2.6428223e+01
   1.8717900e+05   3.4545898e+01
   1.8720200e+05   6.1340332e+01
   1.8723000e+05   3.9367676e+01
   1.8726000e+05   4.1198730e+01
   1.8729900e+05   3.5644531e+01
   1.8731200e+05   2.9479980e+01
   1.8733400e+05   3.8696289e+01
   1.8737200e+05   2.9113770e+01
   1.8739500e+05   2.5512695e+01
   1.8740700e+05   3.1738281e+01
   1.8742800e+05   2.4414062e+01
   1.8745600e+05   3.7536621e+01
   1.8747800e+05   2.8747559e+01
   1.8751600e+05   3.4667969e+01
   1.8753800e+05   2.4902344e+01
   1.8756900e+05   3.2775879e+01
   1.8763000e+05   3.0334473e+01
   1.8768600e+05   2.3864746e+01
   1.8775700e+05   3.6437988e+01
   1.8783900e+05   2.8991699e+01
   1.8787600e+05   2.5939941e+01
   1.8795100e+05   3.2958984e+01
   1.8801700e+05   2.5634766e+01
   1.8809400e+05   2.6550293e+01
   1.8818300e+05   2.5878906e+01
   1.8829000e+05   2.9968262e+01
   1.8830100e+05   2.5756836e+01
   1.8839900e+05   3.4973145e+01
   1.8841500e+05   3.0761719e+01
   1.8856200e+05   4.2175293e+01
   1.8868500e+05   3.5217285e+01
   1.8871200e+05   3.0761719e+01
   1.8884700e+05   3.2531738e+01
   6.1705700e+05   3.4851074e+01
   6.1716800e+05   3.5583496e+01
   6.1724000e+05   3.8391113e+01
   6.1725300e+05   3.1066895e+01
   6.1729500e+05   3.1372070e+01
   6.1731600e+05   6.3476562e+01
   6.1733700e+05   3.5461426e+01
   6.1735200e+05   4.4555664e+01
   6.1738800e+05   3.8635254e+01
   6.1742500e+05   2.7648926e+01
   6.1745600e+05   4.1320801e+01
   6.1747100e+05   2.5817871e+01
   6.1750600e+05   3.2409668e+01
   6.1756600e+05   5.4931641e+01
   6.1761400e+05   2.8015137e+01
   6.1762600e+05   2.7954102e+01
   6.1765400e+05   2.5756836e+01
   6.1766400e+05   3.0639648e+01
   6.1770800e+05   4.3762207e+01
   6.1772700e+05   2.3681641e+01
   6.1776200e+05   2.8503418e+01
   6.1779600e+05   2.3986816e+01
   6.1782300e+05   2.4841309e+01
   6.1787200e+05   2.5451660e+01
   6.1788400e+05   2.8198242e+01
   6.1796100e+05   3.9123535e+01
   6.1802700e+05   3.9367676e+01
   6.1808100e+05   2.6000977e+01
   6.1811100e+05   3.3813477e+01
   6.1816000e+05   2.6123047e+01
   6.1819700e+05   2.5634766e+01
   6.1829600e+05   3.1616211e+01
   6.1832400e+05   2.4536133e+01
   6.1835500e+05   2.7954102e+01
   6.1841800e+05   3.5339355e+01
   6.1850400e+05   3.0578613e+01
   6.1854200e+05   3.9672852e+01
   6.1859400e+05   3.2226562e+01
   6.1860400e+05   2.3864746e+01
   6.1870500e+05   2.5573730e+01
   6.1873500e+05   3.4301758e+01
   6.1878800e+05   2.4536133e+01
   6.1896200e+05   2.5390625e+01
   6.1907500e+05   4.0649414e+01
   6.1915000e+05   3.5888672e+01
   6.1929100e+05   2.3559570e+01
   7.9653500e+05   3.3142090e+01
   7.9662100e+05   4.0588379e+01
   7.9666800e+05   2.8259277e+01
   7.9667900e+05   6.3110352e+01
   7.9670500e+05   3.3935547e+01
   7.9671700e+05   4.8400879e+01
   7.9674600e+05   2.3803711e+01
   7.9677500e+05   2.4230957e+01
   7.9678600e+05   2.6794434e+01
   7.9681200e+05   3.6071777e+01
   7.9683500e+05   2.5207520e+01
   7.9685400e+05   3.7353516e+01
   7.9687200e+05   2.9846191e+01
   7.9690200e+05   4.6997070e+01
   7.9691300e+05   4.0771484e+01
   7.9694200e+05   3.8085938e+01
   7.9696300e+05   3.5217285e+01
   7.9699500e+05   2.4047852e+01
   7.9701900e+05   3.0578613e+01
   7.9702900e+05   2.9357910e+01
   7.9707400e+05   3.1494141e+01
   7.9708400e+05   2.4414063e+01
   7.9713000e+05   2.8381348e+01
   7.9719800e+05   3.0395508e+01
   7.9722500e+05   2.3681641e+01
   7.9729700e+05   3.1433105e+01
   7.9734600e+05   2.3925781e+01
   7.9737800e+05   2.3681641e+01
   7.9744200e+05   3.7658691e+01
   7.9750600e+05   2.8137207e+01
   7.9753500e+05   3.6804199e+01
   7.9755900e+05   2.4658203e+01
   7.9759000e+05   3.2836914e+01
   7.9767400e+05   3.1555176e+01
   7.9774500e+05   2.5695801e+01
   7.9779000e+05   3.4057617e+01
   7.9784300e+05   2.3681641e+01
   7.9790300e+05   3.7597656e+01
   7.9797900e+05   2.4108887e+01
   7.9801500e+05   2.9174805e+01
   7.9803300e+05   3.2104492e+01
   7.9808600e+05   2.7282715e+01
   7.9814100e+05   5.2673340e+01
   7.9815500e+05   2.4719238e+01
   7.9819600e+05   2.6428223e+01
   7.9823000e+05   2.5451660e+01
   7.9825700e+05   3.8391113e+01
   7.9828200e+05   2.5756836e+01
   7.9830500e+05   2.5207520e+01
   7.9834000e+05   3.7963867e+01
   7.9843000e+05   3.0456543e+01
   7.9850600e+05   2.5085449e+01
   7.9863600e+05   2.5512695e+01
   7.9886800e+05   2.5390625e+01
   8.1113200e+05   3.1982422e+01
   8.1118600e+05   2.5329590e+01
   8.1121300e+05   2.8137207e+01
   8.1123000e+05   3.1799316e+01
   8.1127200e+05   3.1005859e+01
   8.1128800e+05   4.2358398e+01
   8.1133800e+05   5.8898926e+01
   8.1137100e+05   2.4597168e+01
   8.1140300e+05   4.1809082e+01
   8.1141600e+05   3.1982422e+01
   8.1144200e+05   2.6550293e+01
   8.1147300e+05   3.3691406e+01
   8.1150800e+05   3.0334473e+01
   8.1153400e+05   2.7832031e+01
   8.1157000e+05   2.8869629e+01
   8.1159800e+05   2.7893066e+01
   8.1162600e+05   2.5634766e+01
   8.1166000e+05   2.8076172e+01
   8.1169600e+05   2.5024414e+01
   8.1173300e+05   2.4475098e+01
   8.1175700e+05   2.5512695e+01
   8.1179000e+05   2.4719238e+01
   8.1182600e+05   2.9846191e+01
   8.1185300e+05   2.4475098e+01
   8.1187400e+05   2.4475098e+01
   8.1191800e+05   3.7414551e+01
   8.1199800e+05   2.4841309e+01
   8.1202800e+05   2.6428223e+01
   8.1208100e+05   3.7658691e+01
   8.1212500e+05   3.9855957e+01
   8.1217600e+05   2.9541016e+01
   8.1225900e+05   3.7902832e+01
   8.1231100e+05   2.7587891e+01
   8.1236600e+05   3.3813477e+01
   8.1242100e+05   2.8381348e+01
   8.1247600e+05   3.5583496e+01
   8.1257600e+05   2.6184082e+01
   8.1270100e+05   2.4230957e+01
   8.1271200e+05   3.9550781e+01
   8.1283600e+05   2.7160645e+01
   8.1285400e+05   2.5756836e+01
   8.1293600e+05   2.4719238e+01
   8.1299000e+05   2.9541016e+01
   8.1309400e+05   3.0151367e+01
   8.1321200e+05   2.8198242e+01
   8.1332100e+05   3.5400391e+01
   8.1361100e+05   2.6794434e+01
   8.2080800e+05   3.6376953e+01
   8.2091000e+05   3.2958984e+01
   8.2100200e+05   3.5949707e+01
   8.2106400e+05   2.6000977e+01
   8.2113400e+05   3.1372070e+01
   8.2115900e+05   2.9052734e+01
   8.2120700e+05   2.7770996e+01
   8.2132100e+05   2.7709961e+01
   8.2138100e+05   2.6306152e+01
   8.2140700e+05   2.8869629e+01
   8.2142200e+05   5.1391602e+01
   8.2145900e+05   3.8940430e+01
   8.2150000e+05   2.6000977e+01
   8.2151600e+05   2.9174805e+01
   8.2153600e+05   2.3925781e+01
   8.2156400e+05   4.0161133e+01
   8.2161400e+05   3.7658691e+01
   8.2163800e+05   3.1799316e+01
   8.2166500e+05   5.2246094e+01
   8.2171000e+05   2.5817871e+01
   8.2174900e+05   3.3081055e+01
   8.2176200e+05   2.7404785e+01
   8.2178800e+05   2.7160645e+01
   8.2182200e+05   2.3498535e+01
   8.2184500e+05   2.6123047e+01
   8.2187000e+05   2.9357910e+01
   8.2189500e+05   3.0761719e+01
   8.2191800e+05   3.0212402e+01
   8.2203600e+05   3.6376953e+01
   8.2210300e+05   2.7526855e+01
   8.2215300e+05   2.9846191e+01
   8.2219500e+05   2.9296875e+01
   8.2227600e+05   3.4729004e+01
   8.2229400e+05   2.5634766e+01
   8.2233900e+05   2.8381348e+01
   8.2239400e+05   2.3559570e+01
   8.2242700e+05   2.8869629e+01
   8.2247800e+05   2.3742676e+01
   8.2255900e+05   5.1086426e+01
   8.2266900e+05   3.0456543e+01
   8.2275100e+05   2.8747559e+01
   8.2289100e+05   2.8137207e+01
   8.2294400e+05   3.5278320e+01
   8.3131900e+05   3.1433105e+01
   8.3148400e+05   3.7963867e+01
   8.3166600e+05   2.8198242e+01
   8.3190600e+05   2.6550293e+01
   8.3220600e+05   2.7832031e+01
   8.3622400e+05   3.9733887e+01
   8.3629400e+05   2.8808594e+01
   8.3635300e+05   2.8686523e+01
   8.3638000e+05   2.6489258e+01
   8.3640900e+05   2.4963379e+01
   8.3642400e+05   3.3874512e+01
   8.3646500e+05   3.7109375e+01
   8.3649000e+05   3.4667969e+01
   8.3651400e+05   2.7465820e+01
   8.3655700e+05   4.9133301e+01
   8.3656900e+05   2.4108887e+01
   8.3659400e+05   3.8208008e+01
   8.3660600e+05   2.6794434e+01
   8.3665100e+05   2.9541016e+01
   8.3668900e+05   4.8583984e+01
   8.3669900e+05   5.3649902e+01
   8.3672100e+05   4.7363281e+01
   8.3675800e+05   2.6123047e+01
   8.3678000e+05   4.7302246e+01
   8.3681500e+05   4.3762207e+01
   8.3684900e+05   2.8259277e+01
   8.3686800e+05   3.8879395e+01
   8.3688100e+05   3.6560059e+01
   8.3690000e+05   2.6672363e+01
   8.3693100e+05   2.6977539e+01
   8.3695100e+05   3.3691406e+01
   8.3696500e+05   2.5695801e+01
   8.3701700e+05   3.9062500e+01
   8.3717100e+05   3.2226562e+01
   8.3721400e+05   2.9907227e+01
   8.3726700e+05   2.4291992e+01
   8.3728600e+05   2.9785156e+01
   8.3749100e+05   3.3264160e+01
   8.3754900e+05   2.6916504e+01
   8.3759700e+05   3.5034180e+01
   8.3762800e+05   2.4414062e+01
   8.3770000e+05   3.0944824e+01
   8.3772800e+05   2.6000977e+01
   8.3782300e+05   2.8015137e+01
   8.3786100e+05   2.9724121e+01
   8.3794000e+05   3.5705566e+01
   8.3801300e+05   2.4536133e+01
   8.3809900e+05   2.9357910e+01
   8.3816700e+05   2.5085449e+01
   8.3825500e+05   2.4169922e+01
   8.3834200e+05   3.7048340e+01
   8.3855100e+05   2.3620605e+01
   8.3879700e+05   2.5634766e+01
   8.4854100e+05   2.4230957e+01
   8.4865400e+05   3.8818359e+01
   8.4869800e+05   2.8381348e+01
   8.4875200e+05   3.2592773e+01
   8.4879400e+05   2.6306152e+01
   8.4884700e+05   2.6916504e+01
   8.4890100e+05   2.8625488e+01
   8.4896400e+05   3.4545898e+01
   8.4900400e+05   2.4719238e+01
   8.4904600e+05   2.5634766e+01
   8.4910900e+05   2.9357910e+01
   8.4912200e+05   3.0578613e+01
   8.4915800e+05   2.4902344e+01
   8.4920300e+05   2.8564453e+01
   8.4922500e+05   3.0334473e+01
   8.4924800e+05   3.1921387e+01
   8.4926000e+05   3.1066895e+01
   8.4929700e+05   2.5329590e+01
   8.4934300e+05   3.3752441e+01
   8.4935700e+05   4.1076660e+01
   8.4939000e+05   2.4230957e+01
   8.4941900e+05   2.5146484e+01
   8.4944700e+05   5.8593750e+01
   8.4946800e+05   3.5278320e+01
   8.4953200e+05   3.2897949e+01
   8.4954900e+05   2.9479980e+01
   8.4956900e+05   2.6855469e+01
   8.4961100e+05   3.8940430e+01
   8.4963300e+05   2.6733398e+01
   8.4966900e+05   3.1250000e+01
   8.4972700e+05   4.3029785e+01
   8.4975000e+05   2.7160645e+01
   8.4978800e+05   2.6611328e+01
   8.4984000e+05   3.8085938e+01
   8.4985200e+05   3.1372070e+01
   8.4995700e+05   2.9907227e+01
   8.5001700e+05   3.0273438e+01
   8.5008100e+05   3.5888672e+01
   8.5013500e+05   2.9724121e+01
   8.5024000e+05   2.8625488e+01
   8.5026600e+05   2.6733398e+01
   8.5031000e+05   2.6000977e+01
   8.5039900e+05   3.1982422e+01
   8.5045800e+05   2.4047852e+01
   8.5057900e+05   3.1433105e+01
   8.5078000e+05   3.7719727e+01
   8.5098100e+05   4.3823242e+01
   8.5121500e+05   3.4362793e+01
   8.6049400e+05   4.2297363e+01
   8.6058000e+05   3.1005859e+01
   8.6064600e+05   3.0151367e+01
   8.6071400e+05   2.6611328e+01
   8.6076300e+05   2.5451660e+01
   8.6077500e+05   3.2836914e+01
   8.6080200e+05   3.1799316e+01
   8.6087900e+05   3.1921387e+01
   8.6093900e+05   3.1738281e+01
   8.6097600e+05   4.4860840e+01
   8.6099400e+05   2.6184082e+01
   8.6104100e+05   2.5573730e+01
   8.6108700e+05   2.5939941e+01
   8.6109800e+05   3.6499023e+01
   8.6112600e+05   2.4597168e+01
   8.6114300e+05   2.6000977e+01
   8.6116800e+05   2.8930664e+01
   8.6117800e+05   2.4475098e+01
   8.6122500e+05   5.6823730e+01
   8.6124100e+05   2.6000977e+01
   8.6128200e+05   2.6611328e+01
   8.6131700e+05   3.8940430e+01
   8.6134000e+05   4.4067383e+01
   8.6135100e+05   3.0334473e+01
   8.6137400e+05   2.3864746e+01
   8.6142000e+05   2.5207520e+01
   8.6143900e+05   3.8879395e+01
   8.6146100e+05   2.6550293e+01
   8.6152800e+05   2.9174805e+01
   8.6155200e+05   2.7832031e+01
   8.6158600e+05   2.6977539e+01
   8.6160500e+05   3.6376953e+01
   8.6163000e+05   2.7770996e+01
   8.6165500e+05   3.1250000e+01
   8.6167700e+05   3.3142090e+01
   8.6169400e+05   2.9479980e+01
   8.6176400e+05   3.9001465e+01
   8.6183200e+05   2.6611328e+01
   8.6189000e+05   2.5207520e+01
   8.6191200e+05   4.7668457e+01
   8.6207700e+05   3.9123535e+01
   8.6222500e+05   2.8869629e+01
   8.6225400e+05   3.5400391e+01
   8.6244500e+05   3.7414551e+01
   8.6258200e+05   2.6550293e+01
   8.6262200e+05   3.9733887e+01
   8.7222500e+05   2.8320312e+01
   8.7228900e+05   2.6611328e+01
   8.7231600e+05   2.9968262e+01
   8.7235400e+05   3.3874512e+01
   8.7241400e+05   2.4658203e+01
   8.7243700e+05   2.7587891e+01
   8.7246600e+05   2.9113770e+01
   8.7249300e+05   2.7770996e+01
   8.7253900e+05   3.2226562e+01
   8.7258200e+05   3.1005859e+01
   8.7263400e+05   4.9560547e+01
   8.7269000e+05   2.9846191e+01
   8.7273800e+05   3.5156250e+01
   8.7277000e+05   4.3273926e+01
   8.7279100e+05   3.7414551e+01
   8.7283200e+05   2.6428223e+01
   8.7288100e+05   4.1198730e+01
   8.7289400e+05   4.3945312e+01
   8.7293000e+05   3.1860352e+01
   8.7297500e+05   3.3752441e+01
   8.7298700e+05   3.8452148e+01
   8.7302100e+05   5.4443359e+01
   8.7305200e+05   4.1931152e+01
   8.7308000e+05   4.1381836e+01
   8.7313900e+05   2.8320312e+01
   8.7315800e+05   2.8320312e+01
   8.7318100e+05   2.4291992e+01
   8.7320800e+05   2.9235840e+01
   8.7324200e+05   2.9907227e+01
   8.7330500e+05   2.8259277e+01
   8.7335000e+05   2.4719238e+01
   8.7339000e+05   3.5034180e+01
   8.7346400e+05   2.8686523e+01
   8.7351200e+05   3.2470703e+01
   8.7356000e+05   3.0639648e+01
   8.7358200e+05   2.6733398e+01
   8.7365300e+05   4.0222168e+01
   8.7371000e+05   2.3498535e+01
   8.7388500e+05   4.0893555e+01
   8.7390600e+05   2.6489258e+01
   8.7408300e+05   3.9916992e+01
   8.7423900e+05   2.5939941e+01
   8.7431500e+05   4.0039062e+01
   8.8491200e+05   2.6611328e+01
   8.8496600e+05   3.2592773e+01
   8.8501300e+05   2.4047852e+01
   8.8502300e+05   3.7170410e+01
   8.8507400e+05   2.4353027e+01
   8.8512600e+05   2.8686523e+01
   8.8515400e+05   2.5451660e+01
   8.8516600e+05   5.3955078e+01
   8.8518900e+05   2.5390625e+01
   8.8521100e+05   3.5217285e+01
   8.8526400e+05   2.7587891e+01
   8.8528300e+05   3.2531738e+01
   8.8529600e+05   3.2287598e+01
   8.8531700e+05   5.0109863e+01
   8.8534000e+05   2.5634766e+01
   8.8537100e+05   3.7475586e+01
   8.8540000e+05   2.8015137e+01
   8.8542800e+05   5.9143066e+01
   8.8545300e+05   2.3620605e+01
   8.8547600e+05   3.3081055e+01
   8.8548900e+05   2.3681641e+01
   8.8551400e+05   4.1442871e+01
   8.8553000e+05   3.7719727e+01
   8.8554700e+05   2.9663086e+01
   8.8557100e+05   2.6733398e+01
   8.8560600e+05   4.5166016e+01
   8.8563100e+05   2.4047852e+01
   8.8564700e+05   2.7343750e+01
   8.8567800e+05   3.5766602e+01
   8.8570100e+05   2.8564453e+01
   8.8573300e+05   3.6926270e+01
   8.8580100e+05   4.6875000e+01
   8.8582000e+05   2.9357910e+01
   8.8584600e+05   2.4291992e+01
   8.8587600e+05   2.4291992e+01
   8.8590800e+05   3.6743164e+01
   8.8601300e+05   3.2531738e+01
   8.8612100e+05   2.9479980e+01
   8.8617500e+05   3.7048340e+01
   8.8621800e+05   2.8930664e+01
   8.8631700e+05   2.3742676e+01
   8.8634800e+05   4.1931152e+01
   8.8646400e+05   2.7221680e+01
   8.8661900e+05   2.7770996e+01
   8.8693000e+05   2.3620605e+01
   8.9682100e+05   2.6123047e+01
   8.9689300e+05   3.1494141e+01
   8.9690400e+05   2.4902344e+01
   8.9696000e+05   3.3630371e+01
   8.9700300e+05   2.8686523e+01
   8.9705100e+05   2.7526855e+01
   8.9708300e+05   2.6855469e+01
   8.9713000e+05   2.4169922e+01
   8.9714600e+05   3.8696289e+01
   8.9717900e+05   2.5573730e+01
   8.9720800e+05   2.7099609e+01
   8.9726100e+05   2.9785156e+01
   8.9730200e+05   2.4475098e+01
   8.9731600e+05   3.7109375e+01
   8.9733600e+05   2.4353027e+01
   8.9735300e+05   2.8625488e+01
   8.9736700e+05   3.8879395e+01
   8.9741000e+05   3.0822754e+01
   8.9743400e+05   3.3996582e+01
   8.9745400e+05   3.1860352e+01
   8.9746800e+05   5.3588867e+01
   8.9753200e+05   2.5695801e+01
   8.9755400e+05   3.9367676e+01
   8.9758200e+05   2.4658203e+01
   8.9759500e+05   2.8076172e+01
   8.9762100e+05   2.4414062e+01
   8.9764100e+05   2.9907227e+01
   8.9766100e+05   3.2714844e+01
   8.9771300e+05   2.3681641e+01
   8.9773400e+05   3.0029297e+01
   8.9776200e+05   3.3508301e+01
   8.9779100e+05   2.9663086e+01
   8.9781600e+05   2.9113770e+01
   8.9784400e+05   2.5146484e+01
   8.9788400e+05   3.6437988e+01
   8.9791300e+05   2.9418945e+01
   8.9795600e+05   2.7648926e+01
   8.9798600e+05   2.8930664e+01
   8.9800800e+05   3.8269043e+01
   8.9805700e+05   3.2287598e+01
   8.9808200e+05   2.4841309e+01
   8.9818500e+05   3.6193848e+01
   8.9837400e+05   3.4851074e+01
   8.9840300e+05   3.0700684e+01
   8.9858400e+05   3.6560059e+01
   8.9866600e+05   2.6550293e+01
   8.9877300e+05   4.1931152e+01
   8.9885800e+05   3.1127930e+01
   9.0900200e+05   2.8930664e+01
   9.0904800e+05   3.9367676e+01
   9.0907600e+05   2.9357910e+01
   9.0912300e+05   2.7282715e+01
   9.0913900e+05   2.8259277e+01
   9.0918700e+05   3.1188965e+01
   9.0919900e+05   3.5583496e+01
   9.0923400e+05   3.4606934e+01
   9.0926300e+05   4.1992188e+01
   9.0929800e+05   3.0639648e+01
   9.0932900e+05   3.7353516e+01
   9.0935300e+05   3.1066895e+01
   9.0937300e+05   3.9733887e+01
   9.0938500e+05   3.3020020e+01
   9.0941100e+05   2.3742676e+01
   9.0944300e+05   2.5390625e+01
   9.0946700e+05   3.4484863e+01
   9.0949200e+05   2.5207520e+01
   9.0951200e+05   2.6916504e+01
   9.0953700e+05   2.7709961e+01
   9.0955600e+05   2.7832031e+01
   9.0960800e+05   3.6926270e+01
   9.0962100e+05   3.1494141e+01
   9.0965500e+05   2.9052734e+01
   9.0968700e+05   2.4047852e+01
   9.0970200e+05   3.6193848e+01
   9.0972100e+05   2.4353027e+01
   9.0974200e+05   2.7832031e+01
   9.0977500e+05   2.7587891e+01
   9.0980800e+05   4.2297363e+01
   9.0986500e+05   2.4230957e+01
   9.0990500e+05   2.5085449e+01
   9.0992000e+05   3.6682129e+01
   9.0997100e+05   2.7770996e+01
   9.0998800e+05   3.4667969e+01
   9.1003900e+05   2.8198242e+01
   9.1006400e+05   2.9174805e+01
   9.1016500e+05   2.8991699e+01
   9.1019400e+05   3.8269043e+01
   9.1027300e+05   2.4475098e+01
   9.1034100e+05   3.0151367e+01
   9.1044100e+05   2.4963379e+01
   9.1056700e+05   2.7648926e+01
   9.2056800e+05   3.3020020e+01
   9.2062200e+05   2.8198242e+01
   9.2067200e+05   3.1677246e+01
   9.2068400e+05   3.5278320e+01
   9.2073400e+05   3.5705566e+01
   9.2080500e+05   2.9296875e+01
   9.2082900e+05   2.4414063e+01
   9.2087800e+05   2.9785156e+01
   9.2089300e+05   4.0039062e+01
   9.2092100e+05   2.9785156e+01
   9.2097700e+05   4.3151855e+01
   9.2102200e+05   3.3325195e+01
   9.2103500e+05   4.7607422e+01
   9.2107900e+05   2.3620605e+01
   9.2109800e+05   2.5573730e+01
   9.2111400e+05   2.8320312e+01
   9.2114800e+05   3.1066895e+01
   9.2116900e+05   4.7607422e+01
   9.2118100e+05   2.9785156e+01
   9.2123500e+05   3.6376953e+01
   9.2126800e+05   2.6489258e+01
   9.2128200e+05   5.1879883e+01
   9.2134400e+05   2.5207520e+01
   9.2136400e+05   2.7221680e+01
   9.2140400e+05   2.7160645e+01
   9.2144300e+05   2.5939941e+01
   9.2147100e+05   2.7038574e+01
   9.2152500e+05   3.3142090e+01
   9.2162500e+05   2.9968262e+01
   9.2168400e+05   2.4597168e+01
   9.2172100e+05   5.5908203e+01
   9.2177300e+05   2.5207520e+01
   9.2210700e+05   2.7770996e+01
   9.2217900e+05   2.7526855e+01
   9.2239400e+05   2.5329590e+01
   9.3098400e+05   3.8024902e+01
   9.3102400e+05   2.3620605e+01
   9.3108000e+05   2.4902344e+01
   9.3113400e+05   2.7221680e+01
   9.3114800e+05   2.6000977e+01
   9.3117900e+05   2.3864746e+01
   9.3121400e+05   2.3803711e+01
   9.3123400e+05   2.7709961e+01
   9.3127700e+05   2.5634766e+01
   9.3132000e+05   4.4799805e+01
   9.3140200e+05   2.8442383e+01
   9.3146200e+05   3.7353516e+01
   9.3149200e+05   5.2124023e+01
   9.3152900e+05   2.9052734e+01
   9.3159600e+05   3.0273438e+01
   9.3168700e+05   5.0048828e+01
   9.3180300e+05   2.5939941e+01
   9.3181400e+05   2.7465820e+01
   9.3190800e+05   2.9724121e+01
   9.3196900e+05   2.8137207e+01
   9.3214500e+05   2.5573730e+01
   9.3229900e+05   2.7587891e+01
   9.3948100e+05   3.5522461e+01
   9.3950000e+05   3.2592773e+01
   9.3951900e+05   3.0212402e+01
   9.3955500e+05   4.2053223e+01
   9.3959900e+05   2.6306152e+01
   9.3965000e+05   2.5573730e+01
   9.3970400e+05   2.3864746e+01
   9.3972200e+05   4.5715332e+01
   9.3976100e+05   3.3264160e+01
   9.3981100e+05   2.8259277e+01
   9.3984100e+05   2.4169922e+01
   9.3988500e+05   3.8818359e+01
   9.3993800e+05   4.0893555e+01
   9.3995600e+05   3.1860352e+01
   9.4000900e+05   2.4169922e+01
   9.4002900e+05   3.9611816e+01
   9.4008900e+05   2.9663086e+01
   9.4011900e+05   3.8513184e+01
   9.4014900e+05   3.2714844e+01
   9.4021300e+05   2.8259277e+01
   9.4023500e+05   2.8564453e+01
   9.4028400e+05   2.3864746e+01
   9.4036400e+05   2.7282715e+01
   9.4042700e+05   4.1992188e+01
   9.4044800e+05   3.6926270e+01
   9.4052200e+05   2.4597168e+01
   9.4064200e+05   2.6672363e+01
   9.4069600e+05   4.2846680e+01
   9.4077400e+05   3.4606934e+01
   9.4090100e+05   2.5268555e+01
   9.4133200e+05   2.3681641e+01
   9.4840500e+05   3.1250000e+01
   9.4847000e+05   2.9785156e+01
   9.4850900e+05   3.0090332e+01
   9.4852600e+05   2.5817871e+01
   9.4861900e+05   2.7770996e+01
   9.4866700e+05   2.9357910e+01
   9.4868000e+05   2.8503418e+01
   9.4875100e+05   5.9936523e+01
   9.4880500e+05   2.7832031e+01
   9.4887700e+05   3.7414551e+01
   9.4892200e+05   4.4372559e+01
   9.4894500e+05   3.3813477e+01
   9.4899100e+05   3.0212402e+01
   9.4903600e+05   3.2531738e+01
   9.4907200e+05   4.5043945e+01
   9.4908400e+05   2.4169922e+01
   9.4909800e+05   3.4484863e+01
   9.4916500e+05   2.4230957e+01
   9.4918300e+05   2.5451660e+01
   9.4921300e+05   5.1574707e+01
   9.4926100e+05   3.1494141e+01
   9.4934300e+05   3.1982422e+01
   9.4939800e+05   3.3508301e+01
   9.4941200e+05   3.5400391e+01
   9.4952700e+05   2.4780273e+01
   9.4954900e+05   2.5451660e+01
   9.4960300e+05   4.2419434e+01
   9.4966000e+05   3.1066895e+01
   9.4970800e+05   3.1250000e+01
   9.4986600e+05   2.7587891e+01
   9.5000300e+05   3.2653809e+01
   9.5827100e+05   3.6071777e+01
   9.5830500e+05   3.1127930e+01
   9.5835400e+05   3.9611816e+01
   9.5842100e+05   3.2958984e+01
   9.5849300e+05   2.7587891e+01
   9.5853200e+05   3.0090332e+01
   9.5858000e+05   2.6855469e+01
   9.5859500e+05   5.6884766e+01
   9.5868400e+05   2.8442383e+01
   9.5877700e+05   2.6123047e+01
   9.5884800e+05   2.8442383e+01
   9.5892400e+05   2.5268555e+01
   9.5899700e+05   2.9418945e+01
   9.5923300e+05   2.8442383e+01
   9.5936400e+05   2.7282715e+01
   9.5949100e+05   2.7832031e+01
   9.5964300e+05   2.4963379e+01
   9.5991700e+05   2.8625488e+01
   9.6721000e+05   3.1066895e+01
   9.6724400e+05   2.3803711e+01
   9.6726200e+05   2.4169922e+01
   9.6730000e+05   3.1738281e+01
   9.6731200e+05   2.6306152e+01
   9.6736300e+05   2.7465820e+01
   9.6738800e+05   2.6123047e+01
   9.6740900e+05   3.2287598e+01
   9.6744400e+05   2.9296875e+01
   9.6746400e+05   2.6184082e+01
   9.6748000e+05   5.1757812e+01
   9.6751100e+05   3.2531738e+01
   9.6752400e+05   2.5756836e+01
   9.6755200e+05   3.3264160e+01
   9.6759500e+05   3.0761719e+01
   9.6760600e+05   2.5756836e+01
   9.6767200e+05   4.1259766e+01
   9.6769000e+05   2.3742676e+01
   9.6776400e+05   2.8808594e+01
   9.6779900e+05   4.2480469e+01
   9.6781900e+05   3.2104492e+01
   9.6785000e+05   4.0588379e+01
   9.6787400e+05   2.9663086e+01
   9.6793500e+05   2.9541016e+01
   9.6794700e+05   3.9001465e+01
   9.6800000e+05   3.5522461e+01
   9.6805200e+05   3.1555176e+01
   9.6806600e+05   3.8208008e+01
   9.6811400e+05   2.6916504e+01
   9.6813900e+05   2.3986816e+01
   9.6815600e+05   2.4230957e+01
   9.6818900e+05   3.2714844e+01
   9.6822500e+05   2.5573730e+01
   9.6825500e+05   2.5024414e+01
   9.6832700e+05   2.8015137e+01
   9.6836900e+05   2.8442383e+01
   9.6841600e+05   2.5634766e+01
   9.6844300e+05   2.7587891e+01
   9.6846600e+05   2.5085449e+01
   9.6857000e+05   2.6794434e+01
   9.6870600e+05   3.2165527e+01
   9.6886500e+05   2.4169922e+01
   9.6903600e+05   2.4536133e+01
   9.7913100e+05   3.0944824e+01
   9.7916500e+05   2.4291992e+01
   9.7918700e+05   2.7343750e+01
   9.7921900e+05   2.8015137e+01
   9.7923200e+05   3.3569336e+01
   9.7927100e+05   3.8391113e+01
   9.7933400e+05   2.7221680e+01
   9.7936500e+05   3.2409668e+01
   9.7938400e+05   3.3447266e+01
   9.7948800e+05   3.0029297e+01
   9.7959300e+05   3.2287598e+01
   9.7969700e+05   2.5695801e+01
   9.7971900e+05   4.5715332e+01
   9.7975900e+05   3.7536621e+01
   9.7983400e+05   2.7282715e+01
   9.7991600e+05   3.0822754e+01
   9.7995300e+05   2.4780273e+01
   9.8004000e+05   3.3142090e+01
   9.8014000e+05   3.4301758e+01
   9.8021000e+05   3.1433105e+01
   9.8030900e+05   2.9174805e+01
   9.8040100e+05   2.3742676e+01
   9.8056100e+05   2.8869629e+01
   9.8090200e+05   2.7893066e+01
   9.8883900e+05   3.1188965e+01
   9.8887400e+05   2.5512695e+01
   9.8893000e+05   3.3020020e+01
   9.8895000e+05   3.6437988e+01
   9.8898300e+05   2.8015137e+01
   9.8902500e+05   2.5512695e+01
   9.8907300e+05   2.5817871e+01
   9.8910700e+05   2.5939941e+01
   9.8919600e+05   3.9733887e+01
   9.8921300e+05   2.6550293e+01
   9.8927400e+05   5.4382324e+01
   9.8932400e+05   2.6184082e+01
   9.8933500e+05   2.8015137e+01
   9.8939800e+05   2.8076172e+01
   9.8946600e+05   4.7790527e+01
   9.8947600e+05   4.3212891e+01
   9.8953300e+05   2.8381348e+01
   9.8959500e+05   3.5400391e+01
   9.8962100e+05   3.6621094e+01
   9.8966400e+05   3.9672852e+01
   9.8974200e+05   3.0639648e+01
   9.8975900e+05   3.9855957e+01
   9.8978100e+05   2.8808594e+01
   9.8984400e+05   2.9418945e+01
   9.8987000e+05   2.6123047e+01
   9.8999400e+05   2.4047852e+01
   9.9006700e+05   2.6489258e+01
   9.9035700e+05   2.3803711e+01
   1.0008880e+06   3.2287598e+01
   1.0009230e+06   2.3559570e+01
   1.0009350e+06   3.5949707e+01
   1.0009860e+06   3.2165527e+01
   1.0010060e+06   2.3864746e+01
   1.0010550e+06   2.4169922e+01
   1.0010800e+06   2.5329590e+01
   1.0011000e+06   2.4353027e+01
   1.0011630e+06   2.6245117e+01
   1.0011870e+06   3.0639648e+01
   1.0012600e+06   3.9184570e+01
   1.0013070e+06   2.5268555e+01
   1.0013340e+06   3.9916992e+01
   1.0013850e+06   2.6977539e+01
   1.0014160e+06   4.4982910e+01
   1.0014310e+06   4.7973633e+01
   1.0014680e+06   2.5756836e+01
   1.0014830e+06   2.3803711e+01
   1.0015180e+06   2.4780273e+01
   1.0015550e+06   3.3874512e+01
   1.0015890e+06   3.9916992e+01
   1.0016010e+06   3.4057617e+01
   1.0016490e+06   2.6184082e+01
   1.0016940e+06   2.9296875e+01
   1.0017220e+06   3.2470703e+01
   1.0017760e+06   3.8391113e+01
   1.0018350e+06   2.4230957e+01
   1.0019010e+06   4.0527344e+01
   1.0019140e+06   3.0517578e+01
   1.0019250e+06   3.5522461e+01
   1.0020140e+06   2.6916504e+01
   1.0021120e+06   2.8747559e+01
   1.0021860e+06   3.2043457e+01
   1.0023200e+06   3.4240723e+01
   1.0185430e+06   3.2836914e+01
   1.0185730e+06   2.8747559e+01
   1.0186010e+06   4.0283203e+01
   1.0186150e+06   4.1442871e+01
   1.0186490e+06   2.4658203e+01
   1.0186910e+06   2.9602051e+01
   1.0187280e+06   2.6306152e+01
   1.0187590e+06   2.5268555e+01
   1.0188070e+06   4.6813965e+01
   1.0188300e+06   2.8198242e+01
   1.0188500e+06   2.5268555e+01
   1.0188660e+06   2.7954102e+01
   1.0189030e+06   4.1076660e+01
   1.0189390e+06   3.3691406e+01
   1.0189850e+06   2.9785156e+01
   1.0190010e+06   2.7404785e+01
   1.0190350e+06   3.4973145e+01
   1.0191000e+06   5.2246094e+01
   1.0191260e+06   3.9978027e+01
   1.0191930e+06   3.6193848e+01
   1.0192190e+06   2.6672363e+01
   1.0192380e+06   2.6306152e+01
   1.0192600e+06   2.9602051e+01
   1.0192910e+06   2.6000977e+01
   1.0193200e+06   4.0161133e+01
   1.0193720e+06   2.4414062e+01
   1.0194000e+06   4.5410156e+01
   1.0194390e+06   2.6733398e+01
   1.0195140e+06   3.2104492e+01
   1.0196230e+06   2.9235840e+01
   1.0196370e+06   3.5339355e+01
   1.0196640e+06   2.4108887e+01
   1.0196900e+06   2.6000977e+01
   1.0197030e+06   2.3864746e+01
   1.0197790e+06   3.6437988e+01
   1.0198430e+06   2.4414062e+01
   1.0198860e+06   2.8625488e+01
   1.0199470e+06   2.4169922e+01
   1.0199590e+06   2.9907227e+01
   1.0200080e+06   2.3864746e+01
   1.0201260e+06   2.3559570e+01
   1.0204940e+06   2.4963379e+01
   1.0206590e+06   2.5024414e+01
   1.0431470e+06   3.5034180e+01
   1.0431680e+06   2.6123047e+01
   1.0431900e+06   3.4484863e+01
   1.0432330e+06   3.7780762e+01
   1.0432700e+06   2.5756836e+01
   1.0433070e+06   2.4291992e+01
   1.0433380e+06   3.5278320e+01
   1.0433540e+06   2.7648926e+01
   1.0434070e+06   5.2429199e+01
   1.0434370e+06   3.4057617e+01
   1.0434640e+06   2.9785156e+01
   1.0434840e+06   5.0170898e+01
   1.0434970e+06   3.1311035e+01
   1.0435200e+06   2.4902344e+01
   1.0435570e+06   4.3212891e+01
   1.0435670e+06   2.8564453e+01
   1.0436100e+06   3.8696289e+01
   1.0436280e+06   3.4973145e+01
   1.0436380e+06   3.6987305e+01
   1.0436670e+06   2.5695801e+01
   1.0436850e+06   3.5705566e+01
   1.0437280e+06   3.0700684e+01
   1.0437450e+06   3.3325195e+01
   1.0437840e+06   3.3020020e+01
   1.0438750e+06   2.3803711e+01
   1.0438970e+06   3.4362793e+01
   1.0439110e+06   2.7099609e+01
   1.0439680e+06   2.9541016e+01
   1.0439800e+06   3.8879395e+01
   1.0440380e+06   3.0212402e+01
   1.0440700e+06   3.2653809e+01
   1.0441240e+06   3.0334473e+01
   1.0442170e+06   2.3864746e+01
   1.0442960e+06   3.0029297e+01
   1.0444170e+06   2.9296875e+01
   1.0444670e+06   3.4973145e+01
   1.0445810e+06   3.1066895e+01
   1.0448120e+06   2.9418945e+01
   1.0451890e+06   2.5268555e+01
   1.0778160e+06   2.8503418e+01
   1.0778720e+06   2.5390625e+01
   1.0779140e+06   3.5400391e+01
   1.0779560e+06   2.9663086e+01
   1.0779790e+06   2.6367188e+01
   1.0779980e+06   3.7414551e+01
   1.0780500e+06   3.3752441e+01
   1.0780830e+06   2.9357910e+01
   1.0780980e+06   2.3620605e+01
   1.0781220e+06   2.5878906e+01
   1.0781520e+06   3.3264160e+01
   1.0781760e+06   3.5156250e+01
   1.0781920e+06   2.6123047e+01
   1.0782110e+06   3.5034180e+01
   1.0782350e+06   3.0212402e+01
   1.0782760e+06   2.8198242e+01
   1.0783000e+06   4.7363281e+01
   1.0783510e+06   3.5156250e+01
   1.0784060e+06   3.1066895e+01
   1.0784880e+06   3.6254883e+01
   1.0785130e+06   3.4545898e+01
   1.0785550e+06   2.3681641e+01
   1.0785850e+06   3.3264160e+01
   1.0786320e+06   2.9785156e+01
   1.0787090e+06   2.5512695e+01
   1.0787760e+06   3.5156250e+01
   1.0788020e+06   2.5024414e+01
   1.0788500e+06   2.6245117e+01
   1.0790060e+06   3.1738281e+01
   1.0790170e+06   2.7099609e+01
   1.0790740e+06   2.8503418e+01
   1.0791100e+06   2.4841309e+01
   1.0791310e+06   3.0334473e+01
   1.0792580e+06   2.4353027e+01
   1.0793320e+06   2.3559570e+01
   1.0794920e+06   2.8808594e+01
   1.0795310e+06   3.4851074e+01
   1.0795520e+06   2.9052734e+01
   1.0796600e+06   2.3498535e+01
   1.0799280e+06   2.5695801e+01
   1.5011450e+06   3.3935547e+01
   1.5299200e+06   3.3020020e+01
   1.5300070e+06   3.4973145e+01
   1.5300750e+06   4.3945312e+01
   1.5301160e+06   3.5339355e+01
   1.5301450e+06   3.2043457e+01
   1.5301760e+06   3.1860352e+01
   1.5302030e+06   2.7160645e+01
   1.5302130e+06   2.8015137e+01
   1.5302510e+06   2.8625488e+01
   1.5302860e+06   2.7038574e+01
   1.5303310e+06   6.9152832e+01
   1.5303900e+06   3.6010742e+01
   1.5304020e+06   3.3508301e+01
   1.5304380e+06   4.1809082e+01
   1.5304570e+06   2.8991699e+01
   1.5304790e+06   2.4291992e+01
   1.5305200e+06   2.4719238e+01
   1.5305410e+06   3.2287598e+01
   1.5305780e+06   2.3498535e+01
   1.5305990e+06   2.5878906e+01
   1.5306310e+06   2.8564453e+01
   1.5306730e+06   2.3681641e+01
   1.5306940e+06   3.1921387e+01
   1.5307160e+06   2.6672363e+01
   1.5307670e+06   3.3691406e+01
   1.5308170e+06   2.5207520e+01
   1.5308450e+06   3.8085938e+01
   1.5308920e+06   2.7038574e+01
   1.5309150e+06   3.3874512e+01
   1.5309840e+06   3.2897949e+01
   1.5310190e+06   5.6213379e+01
   1.5311140e+06   2.6550293e+01
   1.5311550e+06   2.6733398e+01
   1.5311910e+06   2.4353027e+01
   1.5312430e+06   3.5949707e+01
   1.5312880e+06   3.3935547e+01
   1.5313610e+06   6.1462402e+01
   1.5313840e+06   2.3925781e+01
   1.5314520e+06   2.9052734e+01
   1.5314820e+06   3.3752441e+01
   1.5315550e+06   2.3742676e+01
   1.5315820e+06   2.3742676e+01
   1.5317440e+06   2.3925781e+01
   1.5319730e+06   2.4719238e+01
   1.7199820e+06   2.6306152e+01
   1.7200380e+06   3.9306641e+01
   1.7200660e+06   3.1005859e+01
   1.7200890e+06   2.6062012e+01
   1.7201230e+06   4.8767090e+01
   1.7201490e+06   3.3691406e+01
   1.7201770e+06   2.4047852e+01
   1.7201970e+06   3.2470703e+01
   1.7202140e+06   3.2043457e+01
   1.7202290e+06   3.5644531e+01
   1.7202410e+06   2.7404785e+01
   1.7202680e+06   4.9438477e+01
   1.7202950e+06   3.3081055e+01
   1.7203080e+06   2.4475098e+01
   1.7203230e+06   3.3569336e+01
   1.7203450e+06   3.0090332e+01
   1.7203750e+06   2.5939941e+01
   1.7203850e+06   4.1687012e+01
   1.7204240e+06   2.4902344e+01
   1.7204340e+06   2.5451660e+01
   1.7204750e+06   4.0039062e+01
   1.7204940e+06   2.4291992e+01
   1.7205240e+06   2.9113770e+01
   1.7205580e+06   2.3986816e+01
   1.7205790e+06   2.6916504e+01
   1.7206340e+06   2.8198242e+01
   1.7206720e+06   3.1188965e+01
   1.7207040e+06   2.9724121e+01
   1.7207690e+06   3.1250000e+01
   1.7208170e+06   2.8991699e+01
   1.7208610e+06   3.1555176e+01
   1.7208730e+06   2.7465820e+01
   1.7209570e+06   3.1066895e+01
   1.7209820e+06   2.6184082e+01
   1.7210790e+06   2.9724121e+01
   1.7211330e+06   2.4108887e+01
   1.7211580e+06   2.3925781e+01
   1.7211780e+06   2.6000977e+01
   1.7211900e+06   2.6794434e+01
   1.7212650e+06   3.3874512e+01
   1.7212870e+06   3.6682129e+01
   1.7214360e+06   3.1738281e+01
   1.7215310e+06   2.9846191e+01
   1.7215730e+06   2.9541016e+01
   1.7216620e+06   2.5390625e+01
   1.7217170e+06   4.8156738e+01
   1.7218970e+06   2.4902344e+01
   1.7222760e+06   2.5573730e+01
   1.7225610e+06   2.4414062e+01
   1.7309320e+06   3.5888672e+01
   1.7310170e+06   2.9052734e+01
   1.7310680e+06   3.3630371e+01
   1.7311100e+06   2.9541016e+01
   1.7311300e+06   3.3203125e+01
   1.7311440e+06   3.0273438e+01
   1.7311830e+06   2.4169922e+01
   1.7312050e+06   5.9082031e+01
   1.7312360e+06   2.8564453e+01
   1.7312490e+06   2.7343750e+01
   1.7312720e+06   5.8105469e+01
   1.7312880e+06   2.5207520e+01
   1.7313070e+06   3.0944824e+01
   1.7313310e+06   3.5827637e+01
   1.7313460e+06   6.1279297e+01
   1.7313850e+06   4.2358398e+01
   1.7314030e+06   3.7231445e+01
   1.7314180e+06   2.3986816e+01
   1.7314580e+06   3.0883789e+01
   1.7314710e+06   2.3498535e+01
   1.7314940e+06   4.1503906e+01
   1.7315540e+06   3.5217285e+01
   1.7315990e+06   2.7954102e+01
   1.7316430e+06   3.5888672e+01
   1.7317290e+06   3.0578613e+01
   1.7317400e+06   2.3742676e+01
   1.7318130e+06   4.4799805e+01
   1.7318620e+06   2.5634766e+01
   1.7319100e+06   2.9724121e+01
   1.7319520e+06   3.0761719e+01
   1.7320240e+06   3.2409668e+01
   1.7320960e+06   3.1494141e+01
   1.7321620e+06   2.4597168e+01
   1.7322480e+06   3.0578613e+01
   1.7322600e+06   2.8991699e+01
   1.7323390e+06   3.1860352e+01
   1.7324260e+06   2.9357910e+01
   1.7324520e+06   2.5451660e+01
   1.7325450e+06   3.3508301e+01
   1.7326590e+06   2.7770996e+01
   1.7326950e+06   3.9245605e+01
   1.7327820e+06   3.7292480e+01
   1.7329090e+06   3.1311035e+01
   1.7330580e+06   2.7343750e+01
   1.7335380e+06   2.6611328e+01
   1.7404960e+06   3.1250000e+01
   1.7407130e+06   3.1066895e+01
   1.7408410e+06   3.1127930e+01
   1.7410400e+06   3.1005859e+01
   1.7412030e+06   2.9418945e+01
   1.7412380e+06   2.8015137e+01
   1.7414280e+06   3.0700684e+01
   1.7442000e+06   3.0944824e+01
   1.7443080e+06   3.4667969e+01
   1.7444590e+06   3.1921387e+01
   1.7444780e+06   3.3630371e+01
   1.7446140e+06   2.4841309e+01
   1.7446940e+06   3.9855957e+01
   1.7448350e+06   3.1982422e+01
   1.7450590e+06   3.3569336e+01
   1.7451740e+06   2.4963379e+01
   1.7453220e+06   3.9062500e+01
   1.7479980e+06   3.3020020e+01
   1.7509650e+06   3.1250000e+01
   1.7510420e+06   3.1433105e+01
   1.7511460e+06   2.8991699e+01
   1.7512440e+06   4.6875000e+01
   1.7513140e+06   2.6428223e+01
   1.7513750e+06   2.6550293e+01
   1.7514170e+06   2.6000977e+01
   1.7514840e+06   3.5217285e+01
   1.7515010e+06   2.8259277e+01
   1.7515510e+06   5.8959961e+01
   1.7516030e+06   2.3559570e+01
   1.7516620e+06   2.7404785e+01
   1.7517020e+06   2.6733398e+01
   1.7517410e+06   5.3833008e+01
   1.7517540e+06   3.9855957e+01
   1.7517840e+06   3.0090332e+01
   1.7517980e+06   2.9479980e+01
   1.7518330e+06   2.9907227e+01
   1.7518440e+06   3.9245605e+01
   1.7518560e+06   4.3334961e+01
   1.7518940e+06   2.5268555e+01
   1.7519150e+06   3.6804199e+01
   1.7519470e+06   4.3029785e+01
   1.7519680e+06   3.9855957e+01
   1.7519830e+06   3.9489746e+01
   1.7520010e+06   2.6428223e+01
   1.7520170e+06   2.8808594e+01
   1.7520280e+06   2.5146484e+01
   1.7520630e+06   3.3508301e+01
   1.7520800e+06   2.3986816e+01
   1.7521110e+06   2.9602051e+01
   1.7521340e+06   2.5573730e+01
   1.7521870e+06   2.5207520e+01
   1.7522020e+06   3.9672852e+01
   1.7522470e+06   3.2958984e+01
   1.7523030e+06   3.6010742e+01
   1.7523520e+06   4.3151855e+01
   1.7524210e+06   3.1494141e+01
   1.7524830e+06   2.6672363e+01
   1.7525900e+06   2.4414063e+01
   1.7526210e+06   2.5878906e+01
   1.7527350e+06   3.1372070e+01
   1.7527600e+06   2.4291992e+01
   1.7527810e+06   2.6794434e+01
   1.7528350e+06   3.1127930e+01
   1.7528990e+06   4.4189453e+01
   1.7529470e+06   3.1127930e+01
   1.7530320e+06   2.8747559e+01
   1.7531630e+06   3.4851074e+01
   1.7532590e+06   2.3681641e+01
   1.7533450e+06   4.2053223e+01
   1.7533720e+06   2.9968262e+01
   1.7535190e+06   2.3925781e+01
   1.7539130e+06   2.4597168e+01
   1.7625200e+06   3.5156250e+01
   1.7626730e+06   3.3264160e+01
   1.7629100e+06   2.7709961e+01
   1.7630490e+06   2.6123047e+01
   1.7634220e+06   2.7221680e+01
   1.7661190e+06   3.0212402e+01
   1.7662210e+06   3.7780762e+01
   1.7664390e+06   3.0822754e+01
   1.7665300e+06   2.5512695e+01
   1.7695310e+06   3.8391113e+01
   1.7697350e+06   3.4912109e+01
   1.7699350e+06   2.9296875e+01
   1.7700380e+06   2.7038574e+01
   1.7700740e+06   3.3142090e+01
   1.7701890e+06   2.7160645e+01
   1.7702720e+06   3.5095215e+01
   1.7703960e+06   3.3325195e+01
   1.7704460e+06   2.6977539e+01
   1.7705230e+06   2.7282715e+01
   1.7707540e+06   3.2897949e+01
   1.7709430e+06   2.9357910e+01
   1.7731100e+06   2.8564453e+01
   1.7756220e+06   2.6367188e+01
   1.7757250e+06   2.6550293e+01
   1.7758020e+06   3.2531738e+01
   1.7758570e+06   3.0761719e+01
   1.7759020e+06   3.3264160e+01
   1.7759820e+06   3.3447266e+01
   1.7759990e+06   2.5085449e+01
   1.7760700e+06   2.8564453e+01
   1.7761180e+06   2.6733398e+01
   1.7761570e+06   4.8461914e+01
   1.7762260e+06   2.3559570e+01
   1.7762990e+06   3.6132812e+01
   1.7763260e+06   4.2968750e+01
   1.7763550e+06   2.4658203e+01
   1.7764490e+06   3.2775879e+01
   1.7765020e+06   2.6062012e+01
   1.7765160e+06   5.2917480e+01
   1.7765600e+06   2.4963379e+01
   1.7765820e+06   2.9113770e+01
   1.7766040e+06   3.3447266e+01
   1.7766230e+06   3.0029297e+01
   1.7766410e+06   4.7424316e+01
   1.7766830e+06   4.1076660e+01
   1.7767190e+06   5.3710938e+01
   1.7767520e+06   3.6376953e+01
   1.7767750e+06   3.4423828e+01
   1.7767850e+06   2.5329590e+01
   1.7767970e+06   2.8381348e+01
   1.7768460e+06   2.8137207e+01
   1.7768880e+06   3.2165527e+01
   1.7768980e+06   4.3823242e+01
   1.7769270e+06   2.8808594e+01
   1.7769500e+06   2.9174805e+01
   1.7770020e+06   2.5268555e+01
   1.7770630e+06   3.0822754e+01
   1.7771510e+06   2.8686523e+01
   1.7771850e+06   2.7160645e+01
   1.7772410e+06   3.6865234e+01
   1.7772950e+06   2.5695801e+01
   1.7773140e+06   2.8320312e+01
   1.7773310e+06   3.1616211e+01
   1.7774010e+06   2.4169922e+01
   1.7774350e+06   2.4047852e+01
   1.7774480e+06   2.5024414e+01
   1.7775320e+06   2.7832031e+01
   1.7775420e+06   2.6794434e+01
   1.7776740e+06   3.6010742e+01
   1.7776970e+06   2.7343750e+01
   1.7778170e+06   3.8879395e+01
   1.7779610e+06   3.6132812e+01
   1.7781290e+06   4.2053223e+01
   1.7782850e+06   3.4362793e+01
   1.7782960e+06   2.4047852e+01
   1.7784530e+06   3.3630371e+01
   1.7786190e+06   4.3762207e+01
   1.7788070e+06   3.9428711e+01
   1.7872950e+06   2.9968262e+01
   1.7876080e+06   2.6123047e+01
   1.7897130e+06   3.3996582e+01
   1.7899000e+06   3.8269043e+01
   1.7903220e+06   2.7648926e+01
   1.7932640e+06   3.0578613e+01
   1.7933430e+06   3.2653809e+01
   1.7934230e+06   3.0761719e+01
   1.7934360e+06   3.6987305e+01
   1.7935140e+06   3.0578613e+01
   1.7936080e+06   3.7597656e+01
   1.7936740e+06   2.6489258e+01
   1.7937700e+06   2.6428223e+01
   1.7938540e+06   3.8879395e+01
   1.7939070e+06   4.0222168e+01
   1.7939210e+06   2.7343750e+01
   1.7939530e+06   5.6152344e+01
   1.7939900e+06   3.3752441e+01
   1.7940210e+06   3.6560059e+01
   1.7940770e+06   2.4230957e+01
   1.7941050e+06   3.9367676e+01
   1.7941260e+06   2.6428223e+01
   1.7941680e+06   3.9672852e+01
   1.7941880e+06   3.8818359e+01
   1.7942170e+06   2.8076172e+01
   1.7942440e+06   2.4414062e+01
   1.7942710e+06   3.9245605e+01
   1.7942910e+06   3.3630371e+01
   1.7943300e+06   2.4291992e+01
   1.7943710e+06   4.6569824e+01
   1.7943930e+06   2.4169922e+01
   1.7944090e+06   2.6855469e+01
   1.7944310e+06   2.4536133e+01
   1.7944530e+06   3.0700684e+01
   1.7944850e+06   3.7780762e+01
   1.7945000e+06   3.8940430e+01
   1.7945170e+06   3.0395508e+01
   1.7945460e+06   2.7954102e+01
   1.7945960e+06   3.9489746e+01
   1.7946390e+06   2.5207520e+01
   1.7946510e+06   3.3874512e+01
   1.7946950e+06   3.1066895e+01
   1.7947450e+06   2.5817871e+01
   1.7947890e+06   3.1921387e+01
   1.7948040e+06   2.7770996e+01
   1.7948210e+06   2.9907227e+01
   1.7949040e+06   2.7587891e+01
   1.7949560e+06   3.7048340e+01
   1.7950440e+06   2.7465820e+01
   1.7951040e+06   3.0578613e+01
   1.7951200e+06   2.5878906e+01
   1.7951620e+06   2.3498535e+01
   1.7952170e+06   3.1311035e+01
   1.7952660e+06   2.9479980e+01
   1.7953380e+06   2.4658203e+01
   1.7954240e+06   3.3752441e+01
   1.7955900e+06   3.3569336e+01
   1.7956800e+06   2.4841309e+01
   1.7957510e+06   3.4179688e+01
   1.7959320e+06   4.5410156e+01
   1.7959640e+06   2.3559570e+01
   1.8058510e+06   2.6733398e+01
   1.8085990e+06   3.4423828e+01
   1.8087320e+06   3.1311035e+01
   1.8090540e+06   3.2226562e+01
   1.8117940e+06   3.1677246e+01
   1.8118100e+06   2.3559570e+01
   1.8118640e+06   3.5705566e+01
   1.8119150e+06   2.4475098e+01
   1.8119820e+06   3.2958984e+01
   1.8120580e+06   2.5939941e+01
   1.8121220e+06   2.4841309e+01
   1.8121970e+06   2.7404785e+01
   1.8123250e+06   3.0334473e+01
   1.8124320e+06   2.5207520e+01
   1.8158870e+06   2.6184082e+01
   1.8159570e+06   3.5766602e+01
   1.8160070e+06   3.2287598e+01
   1.8161590e+06   3.1921387e+01
   1.8163800e+06   3.2958984e+01
   1.8166700e+06   2.8015137e+01
   1.8203330e+06   2.6916504e+01
   1.8204310e+06   4.0039063e+01
   1.8205440e+06   3.4790039e+01
   1.8206480e+06   3.5522461e+01
   1.8207520e+06   2.4291992e+01
   1.8208730e+06   2.7465820e+01
   1.8209120e+06   2.5878906e+01
   1.8209770e+06   2.7404785e+01
   1.8210800e+06   2.4658203e+01
   1.8212390e+06   2.6672363e+01
   1.8212900e+06   2.6062012e+01
   1.8213720e+06   3.3508301e+01
   1.8215040e+06   2.4841309e+01
   1.8215630e+06   2.3864746e+01
   1.8216800e+06   2.5207520e+01
   1.8259460e+06   3.1677246e+01
   1.8260470e+06   2.4475098e+01
   1.8264830e+06   3.1555176e+01
   1.8300040e+06   2.7282715e+01
   1.8300920e+06   3.3081055e+01
   1.8301670e+06   2.4169922e+01
   1.8301870e+06   3.1494141e+01
   1.8303710e+06   2.6733398e+01
   1.8304680e+06   2.8930664e+01
   1.8306330e+06   2.6611328e+01
   1.8309310e+06   2.9296875e+01
   1.8350500e+06   3.3569336e+01
   1.8350960e+06   3.3447266e+01
   1.8351540e+06   2.5756836e+01
   1.8352590e+06   3.5522461e+01
   1.8353630e+06   3.3325195e+01
   1.8355030e+06   2.5939941e+01
   1.8356050e+06   2.8991699e+01
   1.8356260e+06   2.6977539e+01
   1.8358500e+06   2.8747559e+01
   1.8358810e+06   2.7893066e+01
   1.8399940e+06   3.0639648e+01
   1.8400730e+06   3.1860352e+01
   1.8401200e+06   3.2470703e+01
   1.8401650e+06   3.5827637e+01
   1.8404630e+06   3.0273438e+01
   1.8447900e+06   3.1433105e+01
   1.8448610e+06   3.4729004e+01
   1.8449460e+06   3.9367676e+01
   1.8449710e+06   2.5878906e+01
   1.8451730e+06   2.9479980e+01
   1.8452980e+06   2.7160645e+01
   1.8454000e+06   2.6245117e+01
   1.8491420e+06   3.9306641e+01
   1.8492000e+06   2.5085449e+01
   1.8493410e+06   2.7343750e+01
   1.8493550e+06   2.8564453e+01
   1.8496990e+06   3.0822754e+01
   1.8532460e+06   3.5217285e+01
   1.8533040e+06   2.9968262e+01
   1.8534120e+06   3.0822754e+01
   1.8534250e+06   3.3935547e+01
   1.8535410e+06   3.7597656e+01
   1.8585380e+06   3.4301758e+01
   1.8586320e+06   3.0212402e+01
   1.8586620e+06   2.5939941e+01
   1.8587330e+06   2.9602051e+01
   1.8588870e+06   3.9794922e+01
   1.8590530e+06   2.8991699e+01
   1.8590670e+06   3.0212402e+01
   1.8591520e+06   2.4841309e+01
   1.8591770e+06   3.0578613e+01
   1.8592030e+06   2.4841309e+01
   1.8592480e+06   5.2612305e+01
   1.8593080e+06   2.3559570e+01
   1.8593400e+06   4.7790527e+01
   1.8593870e+06   3.1616211e+01
   1.8594010e+06   3.0761719e+01
   1.8594170e+06   3.6926270e+01
   1.8594700e+06   2.6855469e+01
   1.8594880e+06   3.8879395e+01
   1.8595110e+06   2.8198242e+01
   1.8595460e+06   3.4545898e+01
   1.8595650e+06   2.4230957e+01
   1.8596020e+06   3.4545898e+01
   1.8596210e+06   2.4902344e+01
   1.8596640e+06   4.0100098e+01
   1.8596920e+06   3.6437988e+01
   1.8597100e+06   3.3325195e+01
   1.8597630e+06   2.8564453e+01
   1.8598440e+06   4.2846680e+01
   1.8598980e+06   3.9489746e+01
   1.8599140e+06   3.2470703e+01
   1.8599890e+06   3.1738281e+01
   1.8600470e+06   3.8513184e+01
   1.8600990e+06   2.4536133e+01
   1.8601320e+06   3.0700684e+01
   1.8602550e+06   3.5278320e+01
   1.8603690e+06   3.4790039e+01
   1.8605040e+06   3.6560059e+01
   1.8605480e+06   2.4902344e+01
   1.8606500e+06   2.8625488e+01
   1.8612500e+06   2.4597168e+01
   1.8615030e+06   3.0822754e+01
   1.8701870e+06   3.0395508e+01
   1.8749880e+06   2.8991699e+01
   1.8750920e+06   3.6376953e+01
   1.8751040e+06   2.7893066e+01
   1.8752500e+06   3.5583496e+01
   1.8753990e+06   2.4108887e+01
   1.8755440e+06   2.5390625e+01
   1.8812320e+06   3.1005859e+01
   1.8812940e+06   3.0212402e+01
   1.8813690e+06   2.5451660e+01
   1.8813860e+06   2.5817871e+01
   1.8814910e+06   2.8503418e+01
   1.8815610e+06   2.8503418e+01
   1.8816080e+06   2.8747559e+01
   1.8817330e+06   3.1188965e+01
   1.8818290e+06   2.7587891e+01
   1.8818670e+06   2.9418945e+01
   1.8819240e+06   2.6306152e+01
   1.8820290e+06   2.6916504e+01
   1.8820480e+06   2.3925781e+01
   1.8821490e+06   3.1860352e+01
   1.8822660e+06   2.6367188e+01
   1.8823330e+06   4.1015625e+01
   1.8824720e+06   4.3457031e+01
   1.8889590e+06   3.1005859e+01
   1.8890420e+06   3.3264160e+01
   1.8891050e+06   3.3813477e+01
   1.8892350e+06   2.7282715e+01
   1.8893340e+06   3.4973145e+01
   1.8895150e+06   3.1127930e+01
   1.8896460e+06   2.8442383e+01
   1.8898290e+06   2.4536133e+01
   1.8961500e+06   2.7282715e+01
   1.8962070e+06   3.5583496e+01
   1.8962810e+06   3.1555176e+01
   1.8963400e+06   3.0822754e+01
   1.8964300e+06   2.7221680e+01
   1.8964440e+06   2.4047852e+01
   1.8965810e+06   3.3752441e+01
   1.8966550e+06   2.4536133e+01
   1.8967330e+06   2.9907227e+01
   1.8968390e+06   2.3925781e+01
   1.8969020e+06   2.9296875e+01
   1.8969960e+06   2.6733398e+01
   1.8970740e+06   3.7170410e+01
   1.8971330e+06   5.0109863e+01
   1.8971740e+06   2.7832031e+01
   1.8971940e+06   2.7343750e+01
   1.8972320e+06   4.8767090e+01
   1.8972460e+06   3.9245605e+01
   1.8972720e+06   2.7343750e+01
   1.8972960e+06   3.6193848e+01
   1.8973090e+06   2.8320312e+01
   1.8973370e+06   4.7485352e+01
   1.8973650e+06   3.5156250e+01
   1.8974040e+06   3.2104492e+01
   1.8974250e+06   4.4738770e+01
   1.8974630e+06   2.6000977e+01
   1.8974950e+06   6.0119629e+01
   1.8975210e+06   3.2287598e+01
   1.8975700e+06   3.2714844e+01
   1.8975990e+06   3.0517578e+01
   1.8976280e+06   2.8259277e+01
   1.8976410e+06   3.9123535e+01
   1.8976650e+06   2.4902344e+01
   1.8977290e+06   2.4902344e+01
   1.8977490e+06   3.3630371e+01
   1.8978150e+06   3.1860352e+01
   1.8978660e+06   3.2531738e+01
   1.8979550e+06   2.3986816e+01
   1.8979960e+06   3.0029297e+01
   1.8980770e+06   2.5207520e+01
   1.8981180e+06   2.6916504e+01
   1.8982480e+06   3.2897949e+01
   1.8983860e+06   3.6987305e+01
   1.8985400e+06   2.7954102e+01
   1.8993390e+06   2.3803711e+01
   1.9132040e+06   2.9479980e+01
   1.9132620e+06   3.0883789e+01
   1.9133190e+06   2.4230957e+01
   1.9134220e+06   2.5512695e+01
   1.9135150e+06   3.0578613e+01
   1.9135910e+06   2.7893066e+01
   1.9137660e+06   3.1738281e+01
   1.9142070e+06   3.1738281e+01
   1.9211020e+06   3.4423828e+01
   1.9211850e+06   3.0151367e+01
   1.9212610e+06   2.4169922e+01
   1.9212890e+06   2.3925781e+01
   1.9213960e+06   3.6132812e+01
   1.9214230e+06   2.6916504e+01
   1.9214740e+06   3.1066895e+01
   1.9216210e+06   3.9062500e+01
   1.9216350e+06   2.9479980e+01
   1.9217430e+06   2.8076172e+01
   1.9218080e+06   3.8635254e+01
   1.9218440e+06   2.3986816e+01
   1.9219020e+06   2.8259277e+01
   1.9219350e+06   2.7832031e+01
   1.9219470e+06   5.0964355e+01
   1.9219940e+06   3.1311035e+01
   1.9220170e+06   2.6672363e+01
   1.9220450e+06   4.4616699e+01
   1.9220670e+06   2.4719238e+01
   1.9220970e+06   2.7526855e+01
   1.9221160e+06   3.3630371e+01
   1.9221320e+06   3.9428711e+01
   1.9221660e+06   4.8339844e+01
   1.9221980e+06   3.5827637e+01
   1.9222320e+06   2.6794434e+01
   1.9222530e+06   3.3264160e+01
   1.9222780e+06   3.2226562e+01
   1.9222970e+06   4.4433594e+01
   1.9223390e+06   3.4912109e+01
   1.9223640e+06   2.5146484e+01
   1.9224060e+06   3.4973145e+01
   1.9224170e+06   3.4362793e+01
   1.9224730e+06   4.1320801e+01
   1.9225440e+06   3.7170410e+01
   1.9225970e+06   2.5756836e+01
   1.9226220e+06   2.9968262e+01
   1.9226480e+06   2.6306152e+01
   1.9227150e+06   2.5329590e+01
   1.9228090e+06   2.8503418e+01
   1.9228380e+06   2.5146484e+01
   1.9229250e+06   2.7709961e+01
   1.9229420e+06   2.8381348e+01
   1.9230520e+06   3.4606934e+01
   1.9232080e+06   3.5888672e+01
   1.9233930e+06   2.8320313e+01
   1.9388260e+06   2.6489258e+01
   1.9389030e+06   3.2470703e+01
   1.9389410e+06   3.3142090e+01
   1.9391740e+06   2.5207520e+01
   1.9394280e+06   2.6184082e+01
   1.9497930e+06   3.2897949e+01
   1.9498760e+06   3.2958984e+01
   1.9499120e+06   3.3203125e+01
   1.9499330e+06   3.0334473e+01
   1.9500790e+06   3.6926270e+01
   1.9501260e+06   3.1433105e+01
   1.9501760e+06   3.2592773e+01
   1.9502370e+06   3.2653809e+01
   1.9502550e+06   2.3803711e+01
   1.9502730e+06   5.2856445e+01
   1.9503140e+06   2.8686523e+01
   1.9503610e+06   5.1818848e+01
   1.9503730e+06   4.2297363e+01
   1.9504200e+06   5.2612305e+01
   1.9504450e+06   3.3203125e+01
   1.9504640e+06   3.3142090e+01
   1.9504820e+06   2.3803711e+01
   1.9504980e+06   2.6428223e+01
   1.9505140e+06   3.4301758e+01
   1.9505560e+06   3.2165527e+01
   1.9505740e+06   3.5400391e+01
   1.9506050e+06   3.7048340e+01
   1.9506250e+06   3.0029297e+01
   1.9506630e+06   3.3935547e+01
   1.9506880e+06   4.1687012e+01
   1.9507130e+06   3.2958984e+01
   1.9507230e+06   3.3020020e+01
   1.9507710e+06   3.3203125e+01
   1.9508370e+06   2.9541016e+01
   1.9508710e+06   2.3681641e+01
   1.9509110e+06   2.4597168e+01
   1.9509470e+06   3.6743164e+01
   1.9509770e+06   2.4475098e+01
   1.9510120e+06   2.3498535e+01
   1.9510340e+06   3.0395508e+01
   1.9510990e+06   2.5512695e+01
   1.9512720e+06   3.3569336e+01
   1.9513190e+06   3.0700684e+01
   1.9513720e+06   3.1433105e+01
   1.9514950e+06   2.6855469e+01
   1.9515990e+06   3.1799316e+01
   1.9516370e+06   3.6804199e+01
   1.9517750e+06   3.4545898e+01
   1.9519790e+06   2.9418945e+01
   1.9520110e+06   3.3813477e+01
   1.9523910e+06   2.7587891e+01
   1.9708360e+06   4.1259766e+01
   1.9709280e+06   3.0151367e+01
   1.9710050e+06   3.4790039e+01
   1.9711320e+06   2.8625488e+01
   1.9711540e+06   2.6916504e+01
   1.9712570e+06   3.0517578e+01
   1.9713380e+06   2.8869629e+01
   1.9714320e+06   6.0485840e+01
   1.9714770e+06   2.5085449e+01
   1.9715010e+06   3.9184570e+01
   1.9715210e+06   2.7832031e+01
   1.9715580e+06   2.8259277e+01
   1.9715940e+06   2.4108887e+01
   1.9716140e+06   3.7414551e+01
   1.9716260e+06   2.7099609e+01
   1.9716630e+06   4.1687012e+01
   1.9716830e+06   2.4963379e+01
   1.9717040e+06   2.5085449e+01
   1.9717320e+06   4.7668457e+01
   1.9717440e+06   2.4047852e+01
   1.9717620e+06   3.4729004e+01
   1.9717980e+06   3.2958984e+01
   1.9718140e+06   2.5817871e+01
   1.9718530e+06   2.6306152e+01
   1.9718700e+06   3.9611816e+01
   1.9719350e+06   4.8767090e+01
   1.9719500e+06   2.3986816e+01
   1.9720740e+06   2.4047852e+01
   1.9720850e+06   2.3681641e+01
   1.9721190e+06   2.6672363e+01
   1.9721640e+06   2.6428223e+01
   1.9722240e+06   2.6062012e+01
   1.9722400e+06   2.7160645e+01
   1.9722510e+06   2.6916504e+01
   1.9723020e+06   3.1555176e+01
   1.9723540e+06   2.5268555e+01
   1.9723980e+06   4.1198730e+01
   1.9724640e+06   2.5573730e+01
   1.9725530e+06   3.0944824e+01
   1.9725910e+06   2.9968262e+01
   1.9726200e+06   2.4230957e+01
   1.9727120e+06   2.6855469e+01
   1.9727280e+06   3.4179688e+01
   1.9728790e+06   3.4423828e+01
   1.9729820e+06   3.3630371e+01
   1.9730610e+06   3.1494141e+01
   1.9915210e+06   3.0029297e+01
   1.9916070e+06   2.6794434e+01
   1.9916210e+06   3.0273438e+01
   1.9916730e+06   2.8747559e+01
   1.9917400e+06   4.2663574e+01
   1.9918610e+06   3.0151367e+01
   1.9919640e+06   2.7465820e+01
   1.9920330e+06   2.5573730e+01
   1.9921320e+06   2.7709961e+01
   1.9922070e+06   2.7404785e+01
   1.9922640e+06   3.4179688e+01
   2.8366780e+06   3.9062500e+01
   2.8550540e+06   4.1259766e+01
   2.8551080e+06   3.4606934e+01
   2.8551190e+06   3.8208008e+01
   2.8551530e+06   4.5532227e+01
   2.8551740e+06   7.5195312e+01
   2.8551880e+06   2.4230957e+01
   2.8552110e+06   3.6499023e+01
   2.8552290e+06   4.3823242e+01
   2.8552700e+06   3.3142090e+01
   2.8552850e+06   2.7587891e+01
   2.8553080e+06   2.8381348e+01
   2.8553320e+06   3.6682129e+01
   2.8553600e+06   3.3142090e+01
   2.8553750e+06   2.9235840e+01
   2.8553980e+06   2.9357910e+01
   2.8554350e+06   3.2409668e+01
   2.8554660e+06   2.8930664e+01
   2.8554870e+06   2.7709961e+01
   2.8555980e+06   2.6977539e+01
   2.8557140e+06   3.1616211e+01
   2.8557530e+06   2.6855469e+01
   2.8558390e+06   2.8686523e+01
   2.8559050e+06   2.5512695e+01
   2.8559650e+06   2.4902344e+01
   2.8560100e+06   2.5085449e+01
   2.8561110e+06   3.9367676e+01
   2.8561890e+06   3.7109375e+01
   2.8562250e+06   2.5573730e+01
   2.8562670e+06   2.3925781e+01
   2.8563390e+06   3.1860352e+01
   2.8563590e+06   2.6306152e+01
   2.8564170e+06   2.7160645e+01
   2.8564410e+06   3.2470703e+01
   2.8565300e+06   3.7231445e+01
   2.8565490e+06   3.9306641e+01
   2.8566460e+06   2.6000977e+01
   2.8566670e+06   2.9785156e+01
   2.8567660e+06   2.6916504e+01
   2.8567950e+06   4.2419434e+01
   2.8568540e+06   2.4047852e+01
   2.8569420e+06   3.3691406e+01
   2.8570210e+06   3.1066895e+01
   2.8570340e+06   2.8320312e+01
   2.8572020e+06   2.5939941e+01
   2.8573010e+06   3.3691406e+01
   2.8652550e+06   3.3813477e+01
   2.8653490e+06   3.2348633e+01
   2.8654460e+06   3.3447266e+01
   2.8654890e+06   3.6315918e+01
   2.8655220e+06   3.5400391e+01
   2.8655930e+06   3.0578613e+01
   2.8656280e+06   2.4108887e+01
   2.8656630e+06   2.7160645e+01
   2.8657390e+06   3.7292480e+01
   2.8657740e+06   4.9011230e+01
   2.8657860e+06   3.7353516e+01
   2.8658150e+06   3.7170410e+01
   2.8658250e+06   3.6010742e+01
   2.8658640e+06   3.2897949e+01
   2.8658890e+06   4.9316406e+01
   2.8659160e+06   4.4555664e+01
   2.8659390e+06   2.9907227e+01
   2.8659550e+06   2.8747559e+01
   2.8659730e+06   3.8085938e+01
   2.8659910e+06   2.8503418e+01
   2.8660090e+06   2.4108887e+01
   2.8660320e+06   2.7099609e+01
   2.8660570e+06   2.4108887e+01
   2.8660850e+06   3.9123535e+01
   2.8660970e+06   2.5756836e+01
   2.8661350e+06   2.9479980e+01
   2.8661480e+06   2.3925781e+01
   2.8661760e+06   2.5024414e+01
   2.8662200e+06   2.9602051e+01
   2.8662500e+06   2.6916504e+01
   2.8662720e+06   3.8757324e+01
   2.8662970e+06   2.4475098e+01
   2.8663390e+06   3.0395508e+01
   2.8663510e+06   2.7282715e+01
   2.8663970e+06   3.3203125e+01
   2.8664370e+06   2.5573730e+01
   2.8664870e+06   3.5217285e+01
   2.8664990e+06   2.6123047e+01
   2.8665360e+06   3.1494141e+01
   2.8665600e+06   2.6489258e+01
   2.8666370e+06   2.6062012e+01
   2.8667370e+06   3.0944824e+01
   2.8667470e+06   3.5034180e+01
   2.8668020e+06   3.5705566e+01
   2.8668440e+06   2.8930664e+01
   2.8668880e+06   3.0029297e+01
   2.8669730e+06   2.8442383e+01
   2.8670280e+06   2.8930664e+01
   2.8670930e+06   2.3620605e+01
   2.8671110e+06   3.0273438e+01
   2.8672280e+06   3.1616211e+01
   2.8672930e+06   3.0090332e+01
   2.8673710e+06   3.5766602e+01
   2.8675640e+06   3.7719727e+01
   2.8807620e+06   2.6367188e+01
   2.8809150e+06   3.3386230e+01
   2.8810180e+06   3.6437988e+01
   2.8810880e+06   2.9113770e+01
   2.8811190e+06   2.4291992e+01
   2.8811800e+06   2.7709961e+01
   2.8812380e+06   4.0344238e+01
   2.8812820e+06   3.3691406e+01
   2.8812980e+06   2.5024414e+01
   2.8813330e+06   2.4475098e+01
   2.8813430e+06   4.7546387e+01
   2.8813660e+06   2.8686523e+01
   2.8813940e+06   3.5339355e+01
   2.8814260e+06   2.5329590e+01
   2.8814680e+06   2.8015137e+01
   2.8815020e+06   4.4921875e+01
   2.8815290e+06   2.7282715e+01
   2.8815440e+06   3.4667969e+01
   2.8815630e+06   5.3100586e+01
   2.8816040e+06   2.8076172e+01
   2.8816320e+06   3.5888672e+01
   2.8816450e+06   2.6489258e+01
   2.8816900e+06   2.6062012e+01
   2.8817090e+06   3.3752441e+01
   2.8817190e+06   3.0822754e+01
   2.8817370e+06   2.5268555e+01
   2.8817910e+06   2.8930664e+01
   2.8818530e+06   2.4108887e+01
   2.8819090e+06   2.3864746e+01
   2.8819350e+06   2.3559570e+01
   2.8819540e+06   2.7709961e+01
   2.8819710e+06   2.4597168e+01
   2.8820160e+06   2.6550293e+01
   2.8820820e+06   3.2043457e+01
   2.8821760e+06   2.5024414e+01
   2.8821990e+06   2.3742676e+01
   2.8822250e+06   3.6315918e+01
   2.8822790e+06   2.6367188e+01
   2.8823710e+06   3.1921387e+01
   2.8823810e+06   2.4719238e+01
   2.8824800e+06   3.3447266e+01
   2.8824950e+06   2.7526855e+01
   2.8825430e+06   2.7587891e+01
   2.8826230e+06   2.6611328e+01
   2.8826790e+06   2.3925781e+01
   2.8827540e+06   2.3986816e+01
   2.8827690e+06   3.8330078e+01
   2.8828880e+06   2.3742676e+01
   2.8830500e+06   2.5085449e+01
   2.8831710e+06   2.5146484e+01
   2.8832350e+06   3.7048340e+01
   2.8834130e+06   4.0588379e+01
   2.8962920e+06   2.4597168e+01
   2.8964240e+06   3.2409668e+01
   2.8965070e+06   3.9733887e+01
   2.8965890e+06   4.0832520e+01
   2.8966360e+06   3.8879395e+01
   2.8966910e+06   3.6193848e+01
   2.8967610e+06   2.5085449e+01
   2.8967870e+06   2.4291992e+01
   2.8968130e+06   3.3752441e+01
   2.8968630e+06   2.8381348e+01
   2.8969230e+06   5.6213379e+01
   2.8969680e+06   3.3569336e+01
   2.8970040e+06   2.9296875e+01
   2.8970370e+06   3.1188965e+01
   2.8970770e+06   2.6489258e+01
   2.8970990e+06   3.1188965e+01
   2.8971210e+06   3.6315918e+01
   2.8971380e+06   2.4902344e+01
   2.8972030e+06   3.6376953e+01
   2.8972180e+06   2.3559570e+01
   2.8972440e+06   3.6071777e+01
   2.8972580e+06   3.6010742e+01
   2.8973230e+06   3.5583496e+01
   2.8973370e+06   4.9926758e+01
   2.8973610e+06   2.4108887e+01
   2.8973960e+06   2.6062012e+01
   2.8974150e+06   2.6611328e+01
   2.8974350e+06   4.2358398e+01
   2.8974700e+06   3.4973145e+01
   2.8975080e+06   4.7241211e+01
   2.8975200e+06   2.5024414e+01
   2.8975520e+06   2.7221680e+01
   2.8975690e+06   2.5817871e+01
   2.8976040e+06   2.8442383e+01
   2.8976230e+06   3.0944824e+01
   2.8976820e+06   3.1677246e+01
   2.8977450e+06   2.9296875e+01
   2.8977720e+06   2.3803711e+01
   2.8978060e+06   3.0395508e+01
   2.8978260e+06   2.6000977e+01
   2.8979050e+06   4.0954590e+01
   2.8979800e+06   2.3925781e+01
   2.8980020e+06   2.8991699e+01
   2.8980280e+06   2.6672363e+01
   2.8980660e+06   2.5878906e+01
   2.8981400e+06   5.3710938e+01
   2.8982210e+06   2.8686523e+01
   2.8982560e+06   2.4291992e+01
   2.8983220e+06   3.0395508e+01
   2.8983410e+06   2.5146484e+01
   2.8983930e+06   3.2165527e+01
   2.8984300e+06   2.6000977e+01
   2.8985460e+06   3.7963867e+01
   2.8986840e+06   2.6245117e+01
   2.8986990e+06   2.9968262e+01
   2.8988570e+06   3.3935547e+01
   2.8990320e+06   4.6630859e+01
   2.8991930e+06   3.7719727e+01
   2.8993780e+06   4.2358398e+01
   2.8995960e+06   3.8330078e+01
   2.9115140e+06   3.1738281e+01
   2.9116220e+06   3.2470703e+01
   2.9117160e+06   3.2897949e+01
   2.9117680e+06   2.5085449e+01
   2.9117830e+06   2.7221680e+01
   2.9118700e+06   3.4912109e+01
   2.9119290e+06   2.7404785e+01
   2.9119580e+06   2.7832031e+01
   2.9119820e+06   4.5166016e+01
   2.9120030e+06   2.7465820e+01
   2.9120390e+06   2.7648926e+01
   2.9121020e+06   2.7099609e+01
   2.9121230e+06   3.0395508e+01
   2.9121360e+06   3.0090332e+01
   2.9121840e+06   2.8564453e+01
   2.9122230e+06   5.3405762e+01
   2.9122430e+06   2.9174805e+01
   2.9123050e+06   3.3508301e+01
   2.9123680e+06   3.2836914e+01
   2.9123780e+06   4.1320801e+01
   2.9124200e+06   2.9846191e+01
   2.9124530e+06   2.6123047e+01
   2.9124680e+06   4.4433594e+01
   2.9124930e+06   4.6020508e+01
   2.9125150e+06   2.9785156e+01
   2.9125340e+06   2.5573730e+01
   2.9125580e+06   3.5095215e+01
   2.9125830e+06   3.9428711e+01
   2.9125980e+06   4.3151855e+01
   2.9126260e+06   2.7770996e+01
   2.9126540e+06   3.1433105e+01
   2.9126980e+06   3.2592773e+01
   2.9127390e+06   3.3508301e+01
   2.9127910e+06   3.1311035e+01
   2.9128630e+06   2.6855469e+01
   2.9129120e+06   2.4291992e+01
   2.9129700e+06   2.4291992e+01
   2.9129810e+06   3.6071777e+01
   2.9130470e+06   2.4780273e+01
   2.9130800e+06   2.7221680e+01
   2.9131900e+06   4.0954590e+01
   2.9132770e+06   2.4291992e+01
   2.9133030e+06   3.0273438e+01
   2.9133560e+06   2.9296875e+01
   2.9134270e+06   2.9541016e+01
   2.9134970e+06   2.4230957e+01
   2.9135730e+06   3.0212402e+01
   2.9137400e+06   3.8208008e+01
   2.9139180e+06   3.2592773e+01
   2.9139600e+06   2.4230957e+01
   2.9140740e+06   2.3986816e+01
   2.9140930e+06   3.0334473e+01
   2.9142550e+06   4.0100098e+01
   2.9144360e+06   3.5095215e+01
   2.9280150e+06   3.4118652e+01
   2.9280730e+06   2.8137207e+01
   2.9280950e+06   4.0161133e+01
   2.9281160e+06   2.8564453e+01
   2.9281440e+06   3.0700684e+01
   2.9281980e+06   3.1188965e+01
   2.9282500e+06   2.8137207e+01
   2.9282660e+06   2.6123047e+01
   2.9282900e+06   4.8339844e+01
   2.9283120e+06   3.9306641e+01
   2.9283900e+06   3.9978027e+01
   2.9284470e+06   2.4230957e+01
   2.9284750e+06   4.3518066e+01
   2.9284890e+06   3.3813477e+01
   2.9285310e+06   2.3559570e+01
   2.9285510e+06   3.8085938e+01
   2.9285710e+06   4.8889160e+01
   2.9286010e+06   2.6306152e+01
   2.9286270e+06   4.0283203e+01
   2.9286430e+06   4.6203613e+01
   2.9286730e+06   4.1809082e+01
   2.9287030e+06   3.6315918e+01
   2.9287240e+06   2.5817871e+01
   2.9287550e+06   2.5146484e+01
   2.9287730e+06   2.9602051e+01
   2.9287920e+06   2.4414062e+01
   2.9288610e+06   3.0883789e+01
   2.9289150e+06   3.3447266e+01
   2.9289320e+06   2.9174805e+01
   2.9289670e+06   2.5390625e+01
   2.9289980e+06   3.3996582e+01
   2.9290320e+06   4.0954590e+01
   2.9290810e+06   2.6672363e+01
   2.9290930e+06   4.0039062e+01
   2.9291540e+06   2.7832031e+01
   2.9292170e+06   2.3742676e+01
   2.9293250e+06   2.6794434e+01
   2.9294310e+06   2.8137207e+01
   2.9294410e+06   3.1372070e+01
   2.9295530e+06   4.6630859e+01
   2.9296550e+06   3.3996582e+01
   2.9296900e+06   2.5817871e+01
   2.9298580e+06   2.6306152e+01
   2.9298960e+06   3.0639648e+01
   2.9300060e+06   3.3203125e+01
   2.9301210e+06   2.4841309e+01
   2.9301960e+06   3.3020020e+01
   2.9303740e+06   3.0273438e+01
   2.9424200e+06   2.8991699e+01
   2.9425280e+06   2.5634766e+01
   2.9425870e+06   2.7221680e+01
   2.9426110e+06   2.4536133e+01
   2.9426930e+06   3.0029297e+01
   2.9427770e+06   2.5268555e+01
   2.9428820e+06   2.7099609e+01
   2.9429540e+06   2.6428223e+01
   2.9429790e+06   3.7048340e+01
   2.9430460e+06   3.4484863e+01
   2.9431240e+06   3.8574219e+01
   2.9431570e+06   3.2714844e+01
   2.9431930e+06   2.4963379e+01
   2.9432120e+06   2.7160645e+01
   2.9433240e+06   2.5085449e+01
   2.9433580e+06   4.8217773e+01
   2.9434310e+06   2.7282715e+01
   2.9435460e+06   3.1677246e+01
   2.9435950e+06   4.8706055e+01
   2.9436540e+06   2.9785156e+01
   2.9437590e+06   2.4108887e+01
   2.9439110e+06   3.0517578e+01
   2.9514060e+06   3.0212402e+01
   2.9514680e+06   3.1677246e+01
   2.9515370e+06   3.1738281e+01
   2.9515540e+06   2.5085449e+01
   2.9515930e+06   2.8076172e+01
   2.9516650e+06   3.6376953e+01
   2.9516960e+06   4.6997070e+01
   2.9517290e+06   2.3681641e+01
   2.9517570e+06   2.8564453e+01
   2.9518160e+06   2.5146484e+01
   2.9518500e+06   3.9794922e+01
   2.9518700e+06   3.3752441e+01
   2.9519090e+06   2.9541016e+01
   2.9519330e+06   3.3752441e+01
   2.9519620e+06   3.2104492e+01
   2.9519990e+06   6.4086914e+01
   2.9520160e+06   3.4240723e+01
   2.9520520e+06   3.3813477e+01
   2.9520780e+06   2.7526855e+01
   2.9521020e+06   4.9316406e+01
   2.9521140e+06   2.5329590e+01
   2.9521440e+06   2.4353027e+01
   2.9521780e+06   2.6367188e+01
   2.9522090e+06   2.6245117e+01
   2.9522310e+06   2.7343750e+01
   2.9522550e+06   3.4362793e+01
   2.9522850e+06   2.7282715e+01
   2.9523010e+06   2.4291992e+01
   2.9523150e+06   2.5512695e+01
   2.9523510e+06   2.9296875e+01
   2.9523690e+06   2.5085449e+01
   2.9524150e+06   2.5817871e+01
   2.9524580e+06   2.5146484e+01
   2.9524850e+06   2.7832031e+01
   2.9525340e+06   2.4108887e+01
   2.9526240e+06   2.5146484e+01
   2.9526400e+06   2.8137207e+01
   2.9526620e+06   2.3864746e+01
   2.9526950e+06   3.0090332e+01
   2.9527500e+06   2.7709961e+01
   2.9528430e+06   3.1311035e+01
   2.9528550e+06   2.3620605e+01
   2.9529690e+06   2.5329590e+01
   2.9529820e+06   2.6489258e+01
   2.9530820e+06   3.2470703e+01
   2.9531400e+06   3.0944824e+01
   2.9532940e+06   3.5583496e+01
   2.9534620e+06   3.0578613e+01
   2.9536390e+06   3.5339355e+01
   2.9538300e+06   3.8696289e+01
   2.9540100e+06   3.4973145e+01
   2.9541960e+06   4.1198730e+01
   2.9542220e+06   2.4902344e+01
   2.9544210e+06   3.4118652e+01
   2.9655590e+06   3.0944824e+01
   2.9656730e+06   3.0761719e+01
   2.9658110e+06   2.7221680e+01
   2.9660210e+06   3.0822754e+01
   2.9661520e+06   3.0334473e+01
   2.9662040e+06   2.5207520e+01
   2.9662440e+06   3.6193848e+01
   2.9663910e+06   3.2958984e+01
   2.9665150e+06   2.8991699e+01
   2.9705910e+06   3.4973145e+01
   2.9707010e+06   3.4606934e+01
   2.9708070e+06   2.8991699e+01
   2.9708870e+06   3.3447266e+01
   2.9709470e+06   3.0395508e+01
   2.9710110e+06   3.1982422e+01
   2.9710830e+06   2.5268555e+01
   2.9711560e+06   2.4047852e+01
   2.9712600e+06   2.8137207e+01
   2.9713240e+06   3.5400391e+01
   2.9713920e+06   2.4047852e+01
   2.9714050e+06   2.5329590e+01
   2.9714370e+06   2.6977539e+01
   2.9715010e+06   2.8381348e+01
   2.9715340e+06   3.9428711e+01
   2.9715530e+06   2.6672363e+01
   2.9715810e+06   3.0639648e+01
   2.9716000e+06   3.7780762e+01
   2.9716180e+06   2.7770996e+01
   2.9716830e+06   2.3498535e+01
   2.9716980e+06   4.3762207e+01
   2.9717170e+06   3.7536621e+01
   2.9717600e+06   2.3620605e+01
   2.9717890e+06   2.5817871e+01
   2.9718110e+06   4.3579102e+01
   2.9718560e+06   2.5573730e+01
   2.9718850e+06   4.6936035e+01
   2.9719060e+06   3.1066895e+01
   2.9719420e+06   3.2836914e+01
   2.9720020e+06   4.2053223e+01
   2.9720150e+06   2.8564453e+01
   2.9720710e+06   2.3925781e+01
   2.9720930e+06   2.9174805e+01
   2.9721070e+06   3.6071777e+01
   2.9722120e+06   3.0578613e+01
   2.9722370e+06   2.6611328e+01
   2.9723170e+06   2.8747559e+01
   2.9723920e+06   3.4362793e+01
   2.9724240e+06   2.5573730e+01
   2.9725140e+06   2.5207520e+01
   2.9725450e+06   3.5705566e+01
   2.9726900e+06   2.5573730e+01
   2.9728670e+06   2.7038574e+01
   2.9730340e+06   3.5034180e+01
   2.9731180e+06   2.4291992e+01
   2.9732240e+06   3.5339355e+01
   2.9734050e+06   3.9001465e+01
   2.9735940e+06   2.5756836e+01
   2.9883340e+06   2.8869629e+01
   2.9883760e+06   2.3986816e+01
   2.9883870e+06   3.0517578e+01
   2.9884020e+06   2.8808594e+01
   2.9884640e+06   3.1066895e+01
   2.9885190e+06   3.4118652e+01
   2.9885680e+06   2.6062012e+01
   2.9885860e+06   3.1372070e+01
   2.9886620e+06   2.8808594e+01
   2.9886850e+06   2.4780273e+01
   2.9887270e+06   4.8339844e+01
   2.9887860e+06   3.8208008e+01
   2.9888210e+06   2.7038574e+01
   2.9888320e+06   2.3925781e+01
   2.9888660e+06   5.3527832e+01
   2.9888890e+06   2.7465820e+01
   2.9889380e+06   2.6306152e+01
   2.9889790e+06   2.8076172e+01
   2.9889890e+06   3.1616211e+01
   2.9890180e+06   2.4841309e+01
   2.9890400e+06   2.7160645e+01
   2.9890710e+06   3.6254883e+01
   2.9890870e+06   4.2053223e+01
   2.9891210e+06   3.1066895e+01
   2.9891630e+06   3.9550781e+01
   2.9891740e+06   3.8208008e+01
   2.9892070e+06   2.5451660e+01
   2.9892460e+06   2.6000977e+01
   2.9892690e+06   3.0944824e+01
   2.9892950e+06   2.3559570e+01
   2.9893490e+06   2.7282715e+01
   2.9893710e+06   3.6254883e+01
   2.9894260e+06   2.6672363e+01
   2.9894550e+06   2.5268555e+01
   2.9894900e+06   2.3986816e+01
   2.9895430e+06   2.9174805e+01
   2.9896650e+06   2.8564453e+01
   2.9896890e+06   3.4667969e+01
   2.9897830e+06   3.2531738e+01
   2.9898820e+06   2.5512695e+01
   2.9899150e+06   3.8757324e+01
   2.9900540e+06   2.6611328e+01
   2.9900700e+06   2.5390625e+01
   2.9901590e+06   2.6794434e+01
   2.9902310e+06   3.2287598e+01
   2.9904440e+06   3.3325195e+01
   2.9906690e+06   3.7780762e+01
   3.0063810e+06   3.1921387e+01
   3.0064800e+06   2.7160645e+01
   3.0065690e+06   3.3569336e+01
   3.0066430e+06   3.9550781e+01
   3.0066860e+06   2.4719238e+01
   3.0067190e+06   2.6611328e+01
   3.0068040e+06   2.5085449e+01
   3.0068510e+06   5.0415039e+01
   3.0068790e+06   3.9916992e+01
   3.0069380e+06   3.3142090e+01
   3.0070140e+06   2.9052734e+01
   3.0070400e+06   5.2795410e+01
   3.0070600e+06   2.5451660e+01
   3.0071040e+06   4.3579102e+01
   3.0071400e+06   2.4291992e+01
   3.0071740e+06   4.2724609e+01
   3.0071870e+06   3.2348633e+01
   3.0072260e+06   2.6000977e+01
   3.0072600e+06   3.1372070e+01
   3.0072780e+06   3.0090332e+01
   3.0073310e+06   4.0649414e+01
   3.0073560e+06   2.4353027e+01
   3.0073680e+06   4.3884277e+01
   3.0074050e+06   3.9611816e+01
   3.0074220e+06   2.6733398e+01
   3.0074840e+06   3.3142090e+01
   3.0075400e+06   3.6804199e+01
   3.0075570e+06   3.4057617e+01
   3.0076160e+06   2.4658203e+01
   3.0076580e+06   2.5390625e+01
   3.0076860e+06   2.4536133e+01
   3.0077170e+06   3.2653809e+01
   3.0077630e+06   2.9479980e+01
   3.0077990e+06   3.0517578e+01
   3.0079260e+06   3.7109375e+01
   3.0079880e+06   2.5207520e+01
   3.0080150e+06   3.1555176e+01
   3.0080590e+06   2.8625488e+01
   3.0081510e+06   3.8513184e+01
   3.0081930e+06   3.2592773e+01
   3.0082970e+06   3.4729004e+01
   3.0084700e+06   3.0212402e+01
   3.0086970e+06   4.0893555e+01
   3.0230410e+06   3.6499023e+01
   3.0231580e+06   3.5827637e+01
   3.0232820e+06   2.5024414e+01
   3.0232940e+06   2.8076172e+01
   3.0234050e+06   3.4851074e+01
   3.0235250e+06   2.8686523e+01
   3.0237330e+06   2.8259277e+01
   3.0298300e+06   2.5695801e+01
   3.0299150e+06   3.9611816e+01
   3.0299510e+06   3.6315918e+01
   3.0299700e+06   2.5085449e+01
   3.0300410e+06   2.6367188e+01
   3.0301140e+06   2.7160645e+01
   3.0301290e+06   2.3559570e+01
   3.0301960e+06   3.3874512e+01
   3.0302470e+06   2.7221680e+01
   3.0302910e+06   4.2724609e+01
   3.0303620e+06   2.9968262e+01
   3.0304240e+06   3.4179688e+01
   3.0304550e+06   4.3762207e+01
   3.0304730e+06   2.9785156e+01
   3.0304910e+06   2.5268555e+01
   3.0305230e+06   3.1127930e+01
   3.0305440e+06   3.3203125e+01
   3.0305640e+06   4.8706055e+01
   3.0306040e+06   3.3386230e+01
   3.0306400e+06   3.3325195e+01
   3.0306530e+06   3.4179688e+01
   3.0306800e+06   3.7658691e+01
   3.0307140e+06   3.5461426e+01
   3.0307290e+06   2.7954102e+01
   3.0307520e+06   2.9418945e+01
   3.0307750e+06   2.4597168e+01
   3.0307940e+06   2.3986816e+01
   3.0308320e+06   3.0883789e+01
   3.0308440e+06   2.6611328e+01
   3.0308540e+06   2.8503418e+01
   3.0309320e+06   2.7832031e+01
   3.0309480e+06   3.2775879e+01
   3.0310070e+06   2.4841309e+01
   3.0310400e+06   2.6428223e+01
   3.0310660e+06   2.6611328e+01
   3.0311410e+06   3.0883789e+01
   3.0311600e+06   2.3620605e+01
   3.0312340e+06   2.7282715e+01
   3.0312610e+06   2.6672363e+01
   3.0312850e+06   2.6245117e+01
   3.0313440e+06   2.4291992e+01
   3.0313890e+06   3.2592773e+01
   3.0314550e+06   2.5268555e+01
   3.0315190e+06   3.1494141e+01
   3.0316320e+06   2.4658203e+01
   3.0316670e+06   3.5827637e+01
   3.0318460e+06   3.1311035e+01
   3.0320500e+06   3.1372070e+01
   3.0321200e+06   2.3620605e+01
   3.0327320e+06   2.5146484e+01
   3.0578790e+06   2.6367188e+01
   3.0580050e+06   3.2897949e+01
   3.0580420e+06   3.1250000e+01
   3.0580820e+06   3.3813477e+01
   3.0581530e+06   2.7832031e+01
   3.0581970e+06   3.5644531e+01
   3.0582510e+06   3.0517578e+01
   3.0583320e+06   5.1818848e+01
   3.0583910e+06   2.7954102e+01
   3.0584130e+06   2.9724121e+01
   3.0584360e+06   5.3527832e+01
   3.0584480e+06   2.9418945e+01
   3.0584720e+06   3.4973145e+01
   3.0585140e+06   3.1433105e+01
   3.0585400e+06   3.4240723e+01
   3.0585630e+06   4.4799805e+01
   3.0585820e+06   3.4729004e+01
   3.0586040e+06   2.9418945e+01
   3.0586220e+06   3.1188965e+01
   3.0586690e+06   2.6245117e+01
   3.0586980e+06   2.6306152e+01
   3.0587100e+06   2.3681641e+01
   3.0587700e+06   2.4230957e+01
   3.0588080e+06   5.1025391e+01
   3.0588480e+06   2.7648926e+01
   3.0588790e+06   3.1250000e+01
   3.0589250e+06   2.7282715e+01
   3.0590160e+06   3.2958984e+01
   3.0590870e+06   3.9428711e+01
   3.0591340e+06   2.7343750e+01
   3.0591850e+06   2.7832031e+01
   3.0592550e+06   4.1870117e+01
   3.0593240e+06   2.3803711e+01
   3.0593630e+06   4.6386719e+01
   3.0594590e+06   2.4963379e+01
   3.0594920e+06   3.3203125e+01
   3.0596240e+06   3.8024902e+01
   3.0597720e+06   3.5522461e+01
   3.0599270e+06   3.4118652e+01
   3.0600970e+06   3.3325195e+01
   3.0794100e+06   3.2958984e+01
   3.0795200e+06   3.0944824e+01
   3.0795910e+06   2.8259277e+01
   3.0796110e+06   3.0212402e+01
   3.0796860e+06   2.9602051e+01
   3.0797060e+06   3.2287598e+01
   3.0798040e+06   2.6367188e+01
   3.0798350e+06   2.9174805e+01
   3.0799620e+06   3.1738281e+01
   3.0877490e+06   2.9602051e+01
   3.0878640e+06   2.7404785e+01
   3.0879240e+06   3.1250000e+01
   3.0880040e+06   2.8869629e+01
   3.0880450e+06   3.5705566e+01
   3.0881320e+06   2.7465820e+01
   3.0881910e+06   2.6062012e+01
   3.0882460e+06   3.3325195e+01
   3.0883820e+06   3.5461426e+01
   3.0885750e+06   2.7893066e+01
   3.0887630e+06   2.8564453e+01
   3.0945570e+06   3.4484863e+01
   3.0946500e+06   3.0517578e+01
   3.0947570e+06   2.8808594e+01
   3.0948720e+06   3.0761719e+01
   3.0950530e+06   2.8747559e+01
   3.1006970e+06   2.7221680e+01
   3.1007740e+06   4.2297363e+01
   3.1008520e+06   3.0334473e+01
   3.1008690e+06   2.6916504e+01
   3.1009810e+06   2.7343750e+01
   3.1011070e+06   2.5634766e+01
   3.1011390e+06   2.7770996e+01
   3.1013680e+06   2.7221680e+01
   3.1014870e+06   2.3559570e+01
   3.1063320e+06   3.4118652e+01
   3.1064500e+06   3.0517578e+01
   3.1065660e+06   2.8137207e+01
   3.1066060e+06   3.6743164e+01
   3.1067340e+06   2.9724121e+01
   3.1068120e+06   3.6254883e+01
   3.1068800e+06   2.6733398e+01
   3.1070730e+06   2.7832031e+01
   3.1119380e+06   3.2653809e+01
   3.1120120e+06   3.4912109e+01
   3.1120870e+06   2.6062012e+01
   3.1122210e+06   4.2297363e+01
   3.1122750e+06   2.5634766e+01
   3.1123350e+06   2.9541016e+01
   3.1181390e+06   3.1677246e+01
   3.1182110e+06   3.0822754e+01
   3.1183100e+06   2.7648926e+01
   3.1183590e+06   3.0883789e+01
   3.1184390e+06   3.5522461e+01
   3.1185270e+06   2.5634766e+01
   3.1187660e+06   2.7770996e+01
   3.1189180e+06   3.0517578e+01
   3.1238770e+06   3.1860352e+01
   3.1239790e+06   2.7526855e+01
   3.1241330e+06   2.6489258e+01
   3.1304310e+06   2.9235840e+01
   3.1304940e+06   3.0273438e+01
   3.1305620e+06   3.6804199e+01
   3.1305840e+06   2.6123047e+01
   3.1306120e+06   2.3986816e+01
   3.1307070e+06   3.1005859e+01
   3.1308020e+06   3.7841797e+01
   3.1308710e+06   2.6916504e+01
   3.1310400e+06   2.8625488e+01
   3.1311740e+06   2.4475098e+01
   3.1363380e+06   2.7221680e+01
   3.1364010e+06   2.8198242e+01
   3.1365160e+06   2.7709961e+01
   3.1366300e+06   2.9846191e+01
   3.1366410e+06   3.6315918e+01
   3.1411460e+06   2.6123047e+01
   3.1412920e+06   3.8024902e+01
   3.1413870e+06   3.3325195e+01
   3.1415620e+06   3.0639648e+01
   3.1471060e+06   2.7770996e+01
   3.1471820e+06   4.1320801e+01
   3.1472320e+06   2.9907227e+01
   3.1473560e+06   4.0710449e+01
   3.1474710e+06   2.4597168e+01
   3.1478530e+06   2.8869629e+01
   3.1526700e+06   2.6855469e+01
   3.1528110e+06   2.6184082e+01
   3.1530200e+06   3.1860352e+01
   3.1587340e+06   3.1066895e+01
   3.1587910e+06   3.2287598e+01
   3.1589100e+06   3.0456543e+01
   3.1589410e+06   2.9968262e+01
   3.1590280e+06   3.1250000e+01
   3.1591740e+06   2.7404785e+01
   3.1648310e+06   4.1503906e+01
   3.1649350e+06   3.2409668e+01
   3.1650560e+06   2.9846191e+01
   3.1652390e+06   3.0517578e+01
   3.1655760e+06   2.9907227e+01
   3.1702440e+06   2.8869629e+01
   3.1703910e+06   3.5522461e+01
   3.1705480e+06   3.3874512e+01
   3.1764620e+06   3.1188965e+01
   3.1765240e+06   3.5705566e+01
   3.1766550e+06   2.7282715e+01
   3.1767810e+06   3.6560059e+01
   3.1768840e+06   3.0273438e+01
   3.1772560e+06   3.0639648e+01
   3.1831820e+06   3.6987305e+01
   3.1832520e+06   2.4291992e+01
   3.1833290e+06   3.5522461e+01
   3.1834930e+06   2.9235840e+01
   3.1836090e+06   3.0700684e+01
   3.1889300e+06   2.9785156e+01
   3.1890110e+06   3.3020020e+01
   3.1891120e+06   2.6245117e+01
   3.1892890e+06   3.1005859e+01
   3.1894950e+06   3.0029297e+01
   3.1956530e+06   3.0639648e+01
   3.1957400e+06   3.9306641e+01
   3.1958440e+06   3.4790039e+01
   3.1959440e+06   3.0212402e+01
   3.1962870e+06   2.6367188e+01
   3.2023520e+06   2.9296875e+01
   3.2024150e+06   3.8513184e+01
   3.2025070e+06   3.3813477e+01
   3.2025970e+06   3.0883789e+01
   3.2028610e+06   3.4484863e+01
   3.2081610e+06   2.7893066e+01
   3.2082610e+06   3.1860352e+01
   3.2083500e+06   2.7709961e+01
   3.2086550e+06   3.0334473e+01
   3.2150250e+06   3.3264160e+01
   3.2151420e+06   3.0944824e+01
   3.2152760e+06   3.5705566e+01
   3.2153850e+06   2.4841309e+01
   3.2211060e+06   3.4179688e+01
   3.2212420e+06   3.8574219e+01
   3.2212700e+06   2.7526855e+01
   3.2213600e+06   3.2043457e+01
   3.2215490e+06   3.3508301e+01
   3.2219650e+06   3.3264160e+01
   3.2288920e+06   3.1860352e+01
   3.2289810e+06   2.6489258e+01
   3.2290190e+06   3.6315918e+01
   3.2291190e+06   2.7709961e+01
   3.2292560e+06   2.7648926e+01
   3.2293740e+06   2.4414063e+01
   3.2359650e+06   3.9550781e+01
   3.2360700e+06   2.8808594e+01
   3.2362320e+06   3.5705566e+01
   3.2365870e+06   3.4606934e+01
   3.2368880e+06   2.9479980e+01
   3.2442860e+06   3.2287598e+01
   3.2443650e+06   3.2043457e+01
   3.2444960e+06   3.6071777e+01
   3.2445130e+06   3.0151367e+01
   3.2447870e+06   2.8869629e+01
   3.2450040e+06   3.4729004e+01
   3.2451280e+06   3.0883789e+01
   3.2534360e+06   2.7282715e+01
   3.2535240e+06   3.7170410e+01
   3.2535720e+06   2.7465820e+01
   3.2536220e+06   2.3803711e+01
   3.2536400e+06   2.5695801e+01
   3.2537460e+06   2.4291992e+01
   3.2538210e+06   2.7160645e+01
   3.2539460e+06   2.4841309e+01
   3.2540090e+06   2.6000977e+01
   3.2540620e+06   3.0395508e+01
   3.2612280e+06   3.4484863e+01
   3.2613060e+06   2.6977539e+01
   3.2614010e+06   2.6794434e+01
   3.2614920e+06   2.3986816e+01
   3.2615590e+06   2.4047852e+01
   3.2616190e+06   2.9724121e+01
   3.2619450e+06   3.0334473e+01
   3.2621240e+06   3.4973145e+01
   3.2697430e+06   3.0700684e+01
   3.2698160e+06   3.1677246e+01
   3.2698970e+06   3.4851074e+01
   3.2699200e+06   2.6306152e+01
   3.2700540e+06   2.7282715e+01
   3.2700660e+06   2.8747559e+01
   3.2702660e+06   2.7587891e+01
   3.2703570e+06   3.7963867e+01
   3.2705430e+06   2.8442383e+01
   3.2706970e+06   2.9602051e+01
   3.2708990e+06   2.6367188e+01
   3.2779560e+06   3.0334473e+01
   3.2780400e+06   2.7038574e+01
   3.2781010e+06   3.1494141e+01
   3.2781180e+06   2.9052734e+01
   3.2782160e+06   2.8198242e+01
   3.2782340e+06   2.4414062e+01
   3.2783060e+06   2.6184082e+01
   3.2784490e+06   2.5451660e+01
   3.2784980e+06   2.6184082e+01
   3.2786080e+06   2.8625488e+01
   3.2871680e+06   3.2287598e+01
   3.2872290e+06   3.0517578e+01
   3.2872670e+06   3.5095215e+01
   3.2872840e+06   2.9357910e+01
   3.2873790e+06   3.0090332e+01
   3.2874270e+06   2.4475098e+01
   3.2874610e+06   3.6499023e+01
   3.2875910e+06   3.3752441e+01
   3.2876340e+06   3.0334473e+01
   3.2878590e+06   2.6367188e+01
   3.2879270e+06   2.5939941e+01
   3.2880820e+06   2.6489258e+01
   3.2955050e+06   3.5583496e+01
   3.2955820e+06   3.8513184e+01
   3.2956720e+06   3.0151367e+01
   3.2957120e+06   3.6254883e+01
   3.2957670e+06   2.7465820e+01
   3.2958670e+06   2.8625488e+01
   3.2958840e+06   3.9367676e+01
   3.2960200e+06   2.6489258e+01
   3.2961530e+06   2.3742676e+01
   3.2964260e+06   2.7832031e+01
   3.3041300e+06   3.2043457e+01
   3.3041960e+06   3.6376953e+01
   3.3042670e+06   3.6560059e+01
   3.3043300e+06   2.9357910e+01
   3.3044470e+06   3.2470703e+01
   3.3045440e+06   2.4230957e+01
   3.3046230e+06   2.9602051e+01
   3.3047810e+06   2.6550293e+01
   3.3048230e+06   2.6489258e+01
   3.3053200e+06   2.4108887e+01
   3.3144650e+06   2.8259277e+01
   3.3145110e+06   3.3874512e+01
   3.3145790e+06   3.5888672e+01
   3.3146460e+06   2.9968262e+01
   3.3146970e+06   2.6489258e+01
   3.3147290e+06   2.9724121e+01
   3.3148580e+06   2.4108887e+01
   3.3149070e+06   2.3864746e+01
   3.3151520e+06   2.6367188e+01
   3.3153990e+06   2.4230957e+01
   3.3238290e+06   2.7587891e+01
   3.3238970e+06   2.9785156e+01
   3.3240020e+06   3.6071777e+01
   3.3240830e+06   2.4780273e+01
   3.3241900e+06   2.6550293e+01
   3.3244630e+06   2.5024414e+01
   3.3246490e+06   3.1433105e+01
   3.3248620e+06   3.4729004e+01
   3.3328170e+06   3.0761719e+01
   3.3328690e+06   3.5400391e+01
   3.3329150e+06   3.4973145e+01
   3.3329420e+06   2.9052734e+01
   3.3329730e+06   2.7832031e+01
   3.3331040e+06   2.6184082e+01
   3.3331780e+06   2.9968262e+01
   3.3333210e+06   3.0700684e+01
   3.3335350e+06   3.0395508e+01
   3.3337570e+06   4.0832520e+01
   3.3340120e+06   2.6184082e+01
   3.3427680e+06   3.9123535e+01
   3.3428120e+06   3.3508301e+01
   3.3428890e+06   3.1005859e+01
   3.3429790e+06   2.9785156e+01
   3.3429890e+06   3.1982422e+01
   3.3430890e+06   3.5461426e+01
   3.3431990e+06   3.8574219e+01
   3.3432240e+06   2.5207520e+01
   3.3432840e+06   2.8808594e+01
   3.3434060e+06   2.3559570e+01
   3.3435430e+06   2.5024414e+01
   3.3437610e+06   2.6916504e+01
   3.3441220e+06   3.3813477e+01
   3.3512790e+06   3.0761719e+01
   3.3533030e+06   3.4851074e+01
   3.3550660e+06   3.3203125e+01
   3.3551220e+06   3.5461426e+01
   3.3551780e+06   3.2470703e+01
   3.3552090e+06   2.6489258e+01
   3.3552460e+06   3.3630371e+01
   3.3552910e+06   2.8991699e+01
   3.3553140e+06   3.3752441e+01
   3.3554130e+06   3.3752441e+01
   3.3554890e+06   2.8991699e+01
   3.3555610e+06   3.4118652e+01
   3.3556690e+06   2.6855469e+01
   3.3556920e+06   3.1127930e+01
   3.3557740e+06   2.4536133e+01
   3.3559010e+06   2.5268555e+01
   3.3562600e+06   2.6916504e+01
   3.3655960e+06   3.1799316e+01
   3.3656390e+06   2.5695801e+01
   3.3657140e+06   3.6376953e+01
   3.3657500e+06   3.1127930e+01
   3.3658370e+06   3.0883789e+01
   3.3658750e+06   2.8442383e+01
   3.3660080e+06   3.3325195e+01
   3.3660510e+06   2.4169922e+01
   3.3660900e+06   2.7038574e+01
   3.3662970e+06   3.7414551e+01
   3.3668280e+06   2.5451660e+01
   3.3751650e+06   3.0334473e+01
   3.3752200e+06   3.4912109e+01
   3.3752820e+06   2.5451660e+01
   3.3752970e+06   2.5146484e+01
   3.3753620e+06   4.0893555e+01
   3.3754480e+06   3.2470703e+01
   3.3755170e+06   3.4057617e+01
   3.3755290e+06   3.1738281e+01
   3.3756470e+06   2.5695801e+01
   3.3756600e+06   3.9123535e+01
   3.3757910e+06   2.9724121e+01
   3.3759210e+06   2.9479980e+01
   3.3762080e+06   2.8137207e+01
   3.3846560e+06   3.3813477e+01
   3.3846990e+06   2.9724121e+01
   3.3847540e+06   2.8076172e+01
   3.3847660e+06   2.9907227e+01
   3.3848180e+06   3.1127930e+01
   3.3849100e+06   3.1677246e+01
   3.3849460e+06   3.0822754e+01
   3.3850520e+06   3.0761719e+01
   3.3852000e+06   2.6184082e+01
   3.3853910e+06   3.3081055e+01
   3.3855310e+06   2.6916504e+01
   3.3857260e+06   3.3508301e+01
   3.3948380e+06   4.2114258e+01
   3.3948830e+06   3.4667969e+01
   3.3949480e+06   4.1992188e+01
   3.3950660e+06   3.2531738e+01
   3.3950780e+06   2.3803711e+01
   3.3951490e+06   3.3020020e+01
   3.3952570e+06   3.3325195e+01
   3.3953330e+06   3.0212402e+01
   3.3954860e+06   2.5024414e+01
   3.3955680e+06   3.1372070e+01
   3.3956460e+06   3.0944824e+01
   3.3958380e+06   3.3325195e+01
   3.3959830e+06   2.3864746e+01
   3.3965920e+06   3.1188965e+01
   3.4054390e+06   2.4963379e+01
   3.4054950e+06   3.4790039e+01
   3.4055400e+06   2.7343750e+01
   3.4055500e+06   2.8320313e+01
   3.4056080e+06   3.0456543e+01
   3.4056680e+06   2.3498535e+01
   3.4057010e+06   2.6489258e+01
   3.4057220e+06   3.1066895e+01
   3.4057990e+06   3.4057617e+01
   3.4058790e+06   3.3020020e+01
   3.4059050e+06   2.9541016e+01
   3.4060190e+06   3.0761719e+01
   3.4062290e+06   2.8442383e+01
   3.4063920e+06   2.5817871e+01
   3.4192630e+06   3.6499023e+01
   3.4193160e+06   3.9306641e+01
   3.4193560e+06   3.7841797e+01
   3.4193790e+06   3.1738281e+01
   3.4194390e+06   2.6916504e+01
   3.4194560e+06   2.4108887e+01
   3.4195140e+06   3.1799316e+01
   3.4195910e+06   2.9968262e+01
   3.4196760e+06   3.3874512e+01
   3.4197130e+06   2.8930664e+01
   3.4197290e+06   2.5817871e+01
   3.4198280e+06   2.9235840e+01
   3.4198430e+06   2.8808594e+01
   3.4198920e+06   3.2897949e+01
   3.4199650e+06   4.9316406e+01
   3.4199870e+06   5.7434082e+01
   3.4200180e+06   2.6062012e+01
   3.4200370e+06   2.5329590e+01
   3.4200640e+06   2.4108887e+01
   3.4200750e+06   4.1625977e+01
   3.4201030e+06   2.9113770e+01
   3.4201410e+06   4.3090820e+01
   3.4201630e+06   2.8198242e+01
   3.4201790e+06   2.7770996e+01
   3.4202070e+06   3.2348633e+01
   3.4202180e+06   4.1381836e+01
   3.4202810e+06   2.6184082e+01
   3.4203080e+06   2.6062012e+01
   3.4203220e+06   2.7893066e+01
   3.4203440e+06   2.8564453e+01
   3.4203750e+06   2.8869629e+01
   3.4204010e+06   4.0649414e+01
   3.4204150e+06   2.7221680e+01
   3.4204830e+06   3.1799316e+01
   3.4205460e+06   2.7770996e+01
   3.4205590e+06   3.7292480e+01
   3.4206250e+06   3.7658691e+01
   3.4206880e+06   2.5329590e+01
   3.4207290e+06   3.7841797e+01
   3.4208010e+06   3.5095215e+01
   3.4208400e+06   2.3986816e+01
   3.4209350e+06   3.7719727e+01
   3.4209710e+06   3.5888672e+01
   3.4210540e+06   3.7048340e+01
   3.4210860e+06   2.4108887e+01
   3.4212370e+06   4.0893555e+01
   3.4215390e+06   2.4353027e+01
   3.7297040e+06   3.1066895e+01
   4.5290390e+06   3.3203125e+01
   4.5291200e+06   4.2541504e+01
   4.5291440e+06   2.6489258e+01
   4.5291690e+06   3.0395508e+01
   4.5291860e+06   5.2185059e+01
   4.5292010e+06   2.8625488e+01
   4.5292290e+06   4.8034668e+01
   4.5292460e+06   3.4301758e+01
   4.5292640e+06   2.7709961e+01
   4.5292890e+06   3.0883789e+01
   4.5293000e+06   2.9052734e+01
   4.5293260e+06   2.6672363e+01
   4.5293420e+06   3.3691406e+01
   4.5293650e+06   4.4982910e+01
   4.5293870e+06   2.8320312e+01
   4.5294020e+06   3.2409668e+01
   4.5294440e+06   4.2541504e+01
   4.5294860e+06   4.4799805e+01
   4.5295200e+06   3.0090332e+01
   4.5295590e+06   3.6010742e+01
   4.5296010e+06   2.6733398e+01
   4.5296130e+06   2.5573730e+01
   4.5296500e+06   2.6306152e+01
   4.5297450e+06   2.3559570e+01
   4.5297940e+06   2.5756836e+01
   4.5298060e+06   3.1127930e+01
   4.5298580e+06   2.4230957e+01
   4.5299250e+06   2.4230957e+01
   4.5299970e+06   3.2897949e+01
   4.5300210e+06   2.4536133e+01
   4.5300510e+06   2.7343750e+01
   4.5300760e+06   2.4902344e+01
   4.5301020e+06   3.5644531e+01
   4.5301690e+06   2.6550293e+01
   4.5302430e+06   2.4536133e+01
   4.5302780e+06   2.6672363e+01
   4.5302990e+06   2.6245117e+01
   4.5303570e+06   2.6916504e+01
   4.5304520e+06   3.4973145e+01
   4.5304760e+06   2.8381348e+01
   4.5305150e+06   2.9663086e+01
   4.5305710e+06   3.2470703e+01
   4.5306720e+06   3.3264160e+01
   4.5306910e+06   2.6794434e+01
   4.5307750e+06   3.0822754e+01
   4.5308000e+06   2.7160645e+01
   4.5308740e+06   2.8930664e+01
   4.5309160e+06   2.9541016e+01
   4.5309890e+06   3.4729004e+01
   4.5310430e+06   3.4301758e+01
   4.5311190e+06   2.5390625e+01
   4.5313000e+06   2.4658203e+01
   4.5313950e+06   2.5695801e+01
   4.5396630e+06   2.9785156e+01
   4.5398630e+06   3.8757324e+01
   4.5399920e+06   3.4057617e+01
   4.5400700e+06   3.1616211e+01
   4.5401120e+06   2.5390625e+01
   4.5401510e+06   3.5461426e+01
   4.5402190e+06   3.2775879e+01
   4.5402430e+06   2.9357910e+01
   4.5402700e+06   3.5583496e+01
   4.5402970e+06   2.4780273e+01
   4.5403210e+06   3.8879395e+01
   4.5403530e+06   2.5512695e+01
   4.5403800e+06   2.9052734e+01
   4.5403990e+06   3.3813477e+01
   4.5404260e+06   6.2622070e+01
   4.5404620e+06   2.7343750e+01
   4.5404720e+06   2.5329590e+01
   4.5404980e+06   3.5278320e+01
   4.5405180e+06   3.1250000e+01
   4.5405380e+06   3.5766602e+01
   4.5405610e+06   2.4841309e+01
   4.5405900e+06   3.6682129e+01
   4.5406220e+06   2.3498535e+01
   4.5406650e+06   3.2226562e+01
   4.5407090e+06   2.6611328e+01
   4.5408080e+06   2.6245117e+01
   4.5408460e+06   2.3864746e+01
   4.5408800e+06   2.6428223e+01
   4.5409200e+06   2.5207520e+01
   4.5409960e+06   3.2165527e+01
   4.5410500e+06   2.6245117e+01
   4.5410890e+06   2.6672363e+01
   4.5411020e+06   3.9367676e+01
   4.5411640e+06   2.6245117e+01
   4.5412220e+06   2.7770996e+01
   4.5412400e+06   2.3742676e+01
   4.5412870e+06   2.9052734e+01
   4.5413070e+06   2.6184082e+01
   4.5413920e+06   2.9724121e+01
   4.5414930e+06   3.2287598e+01
   4.5415710e+06   2.7160645e+01
   4.5416020e+06   3.2531738e+01
   4.5417390e+06   2.8076172e+01
   4.5418590e+06   3.0334473e+01
   4.5420090e+06   3.2409668e+01
   4.5421620e+06   3.7536621e+01
   4.5575870e+06   3.5400391e+01
   4.5577340e+06   3.5827637e+01
   4.5577620e+06   2.3742676e+01
   4.5578600e+06   3.0944824e+01
   4.5579220e+06   3.3874512e+01
   4.5580180e+06   3.8330078e+01
   4.5580360e+06   2.4047852e+01
   4.5581110e+06   3.1433105e+01
   4.5581290e+06   5.0964355e+01
   4.5581620e+06   4.2236328e+01
   4.5581750e+06   2.4291992e+01
   4.5582340e+06   3.2104492e+01
   4.5582870e+06   5.9448242e+01
   4.5583130e+06   2.3681641e+01
   4.5583310e+06   2.4780273e+01
   4.5583760e+06   6.2866211e+01
   4.5583890e+06   3.0456543e+01
   4.5584270e+06   2.4414062e+01
   4.5584600e+06   3.6254883e+01
   4.5585160e+06   3.0334473e+01
   4.5585350e+06   2.6306152e+01
   4.5585620e+06   2.4475098e+01
   4.5586150e+06   3.1250000e+01
   4.5586520e+06   2.5695801e+01
   4.5586950e+06   2.3925781e+01
   4.5587190e+06   3.4179688e+01
   4.5587420e+06   2.4108887e+01
   4.5587650e+06   2.9418945e+01
   4.5588550e+06   2.4719238e+01
   4.5588700e+06   3.0273438e+01
   4.5588870e+06   2.7709961e+01
   4.5589450e+06   3.0456543e+01
   4.5590000e+06   2.7160645e+01
   4.5590560e+06   2.6306152e+01
   4.5590890e+06   2.6672363e+01
   4.5591180e+06   4.2724609e+01
   4.5591950e+06   2.4536133e+01
   4.5592600e+06   3.3020020e+01
   4.5592700e+06   3.1982422e+01
   4.5593620e+06   2.4230957e+01
   4.5594160e+06   2.4230957e+01
   4.5594480e+06   2.5207520e+01
   4.5594820e+06   4.5959473e+01
   4.5595310e+06   2.3925781e+01
   4.5595750e+06   2.6062012e+01
   4.5596210e+06   3.3752441e+01
   4.5597670e+06   3.1860352e+01
   4.5597900e+06   3.2958984e+01
   4.5598500e+06   2.3620605e+01
   4.5599080e+06   2.7526855e+01
   4.5600700e+06   3.6987305e+01
   4.5602500e+06   3.6621094e+01
   4.5604150e+06   3.6926270e+01
   4.5605800e+06   3.8696289e+01
   4.5607620e+06   3.2104492e+01
   4.5767450e+06   3.1738281e+01
   4.5768630e+06   3.7902832e+01
   4.5769740e+06   4.1015625e+01
   4.5770280e+06   2.4963379e+01
   4.5770790e+06   5.0964355e+01
   4.5771310e+06   2.7587891e+01
   4.5771480e+06   3.6437988e+01
   4.5771970e+06   3.5217285e+01
   4.5772280e+06   4.9377441e+01
   4.5772420e+06   2.9113770e+01
   4.5773100e+06   3.1677246e+01
   4.5773600e+06   2.5146484e+01
   4.5773820e+06   2.3620605e+01
   4.5774130e+06   2.8991699e+01
   4.5774370e+06   4.6020508e+01
   4.5774580e+06   2.9724121e+01
   4.5774880e+06   3.7353516e+01
   4.5775040e+06   3.0273438e+01
   4.5775230e+06   3.6010742e+01
   4.5775530e+06   4.3579102e+01
   4.5775960e+06   2.3620605e+01
   4.5776170e+06   2.8320312e+01
   4.5776360e+06   4.0527344e+01
   4.5776580e+06   3.0822754e+01
   4.5776880e+06   2.7221680e+01
   4.5777120e+06   3.0273438e+01
   4.5777360e+06   3.0822754e+01
   4.5777780e+06   3.0334473e+01
   4.5778060e+06   3.0273438e+01
   4.5778380e+06   3.2470703e+01
   4.5778550e+06   2.7709961e+01
   4.5778990e+06   2.7160645e+01
   4.5779370e+06   2.4230957e+01
   4.5779520e+06   2.7343750e+01
   4.5780090e+06   2.7587891e+01
   4.5780570e+06   2.6184082e+01
   4.5781090e+06   2.9541016e+01
   4.5781900e+06   3.1860352e+01
   4.5782270e+06   2.9602051e+01
   4.5782630e+06   2.6062012e+01
   4.5782970e+06   2.6550293e+01
   4.5783330e+06   2.9846191e+01
   4.5783910e+06   2.5390625e+01
   4.5784290e+06   2.7587891e+01
   4.5784990e+06   2.5207520e+01
   4.5785200e+06   2.9235840e+01
   4.5785880e+06   2.8259277e+01
   4.5786230e+06   4.1015625e+01
   4.5787490e+06   2.4291992e+01
   4.5788090e+06   2.4414062e+01
   4.5788830e+06   3.0395508e+01
   4.5790270e+06   2.4719238e+01
   4.5791810e+06   3.2958984e+01
   4.5793440e+06   2.9785156e+01
   4.5794430e+06   2.3498535e+01
   4.5795630e+06   2.3864746e+01
   4.5945270e+06   3.5400391e+01
   4.5946150e+06   2.8991699e+01
   4.5946880e+06   3.4240723e+01
   4.5947770e+06   3.5644531e+01
   4.5948050e+06   3.0517578e+01
   4.5948280e+06   3.2714844e+01
   4.5948960e+06   2.5512695e+01
   4.5949060e+06   2.5390625e+01
   4.5949290e+06   4.0588379e+01
   4.5949450e+06   2.4414063e+01
   4.5949590e+06   3.1860352e+01
   4.5949810e+06   2.4169922e+01
   4.5950210e+06   3.4851074e+01
   4.5950480e+06   2.4719238e+01
   4.5950660e+06   3.3813477e+01
   4.5950900e+06   6.7687988e+01
   4.5951010e+06   3.3020020e+01
   4.5951750e+06   3.6071777e+01
   4.5952140e+06   2.6733398e+01
   4.5952330e+06   4.0954590e+01
   4.5952500e+06   4.0405273e+01
   4.5952750e+06   2.7832031e+01
   4.5952880e+06   2.3681641e+01
   4.5953090e+06   4.2968750e+01
   4.5953630e+06   3.2409668e+01
   4.5954020e+06   4.4128418e+01
   4.5954380e+06   2.4108887e+01
   4.5954630e+06   3.8330078e+01
   4.5955090e+06   2.6733398e+01
   4.5955670e+06   2.8564453e+01
   4.5956390e+06   2.8869629e+01
   4.5956760e+06   3.0578613e+01
   4.5957300e+06   2.5634766e+01
   4.5957870e+06   2.6428223e+01
   4.5958220e+06   3.3264160e+01
   4.5958350e+06   2.5695801e+01
   4.5959010e+06   2.7160645e+01
   4.5960020e+06   2.4230957e+01
   4.5960260e+06   2.7709961e+01
   4.5961030e+06   3.9489746e+01
   4.5961370e+06   2.4475098e+01
   4.5961900e+06   2.4047852e+01
   4.5962580e+06   2.6672363e+01
   4.5963810e+06   2.8930664e+01
   4.5964280e+06   2.5451660e+01
   4.5965240e+06   2.9296875e+01
   4.5965570e+06   2.4475098e+01
   4.5965730e+06   2.6733398e+01
   4.5966690e+06   3.6621094e+01
   4.5966950e+06   3.1799316e+01
   4.5968460e+06   3.3081055e+01
   4.5970170e+06   3.2409668e+01
   4.5971720e+06   3.4606934e+01
   4.6131920e+06   4.0344238e+01
   4.6133000e+06   3.6193848e+01
   4.6133810e+06   3.1555176e+01
   4.6133980e+06   2.9235840e+01
   4.6134380e+06   3.2531738e+01
   4.6135230e+06   3.6865234e+01
   4.6135570e+06   2.8320313e+01
   4.6135840e+06   2.9785156e+01
   4.6136010e+06   5.0842285e+01
   4.6136330e+06   3.0029297e+01
   4.6137080e+06   3.2104492e+01
   4.6137460e+06   2.5207520e+01
   4.6137610e+06   3.5827637e+01
   4.6137710e+06   2.4414062e+01
   4.6137950e+06   3.6926270e+01
   4.6138200e+06   3.1860352e+01
   4.6138720e+06   5.7067871e+01
   4.6138990e+06   3.5705566e+01
   4.6139120e+06   4.3701172e+01
   4.6139710e+06   6.3598633e+01
   4.6140050e+06   2.6062012e+01
   4.6140200e+06   2.7770996e+01
   4.6140310e+06   3.0700684e+01
   4.6140460e+06   3.0822754e+01
   4.6140850e+06   2.4353027e+01
   4.6141130e+06   2.4230957e+01
   4.6142010e+06   3.8635254e+01
   4.6142610e+06   3.1982422e+01
   4.6143010e+06   2.3559570e+01
   4.6143560e+06   2.8991699e+01
   4.6144360e+06   3.0822754e+01
   4.6144990e+06   2.9663086e+01
   4.6145090e+06   2.9174805e+01
   4.6145640e+06   3.0029297e+01
   4.6146100e+06   2.7099609e+01
   4.6146330e+06   2.5207520e+01
   4.6146880e+06   2.3559570e+01
   4.6147340e+06   3.6560059e+01
   4.6147560e+06   2.3803711e+01
   4.6148450e+06   4.2358398e+01
   4.6148770e+06   2.8869629e+01
   4.6149400e+06   2.6062012e+01
   4.6149820e+06   3.1250000e+01
   4.6150090e+06   2.8076172e+01
   4.6151010e+06   3.2165527e+01
   4.6151130e+06   2.8259277e+01
   4.6152490e+06   2.6916504e+01
   4.6154100e+06   3.0212402e+01
   4.6155660e+06   3.2287598e+01
   4.6288150e+06   3.0639648e+01
   4.6292870e+06   2.8991699e+01
   4.6344210e+06   2.8564453e+01
   4.6346030e+06   3.1250000e+01
   4.6346880e+06   4.4982910e+01
   4.6348510e+06   3.4851074e+01
   4.6348780e+06   4.6752930e+01
   4.6349080e+06   2.9296875e+01
   4.6349330e+06   2.5390625e+01
   4.6349700e+06   3.8940430e+01
   4.6350110e+06   2.4536133e+01
   4.6350470e+06   4.3334961e+01
   4.6350820e+06   2.7709961e+01
   4.6351300e+06   3.0944824e+01
   4.6351460e+06   4.5715332e+01
   4.6351900e+06   3.5278320e+01
   4.6352230e+06   4.3823242e+01
   4.6352380e+06   2.4291992e+01
   4.6352800e+06   2.7038574e+01
   4.6352920e+06   3.3691406e+01
   4.6353520e+06   2.8686523e+01
   4.6353860e+06   2.4047852e+01
   4.6354140e+06   2.6367188e+01
   4.6354280e+06   4.1076660e+01
   4.6354730e+06   2.7404785e+01
   4.6354830e+06   2.8686523e+01
   4.6355650e+06   2.7526855e+01
   4.6356050e+06   4.6386719e+01
   4.6357000e+06   2.5939941e+01
   4.6357110e+06   4.0344238e+01
   4.6357850e+06   3.0456543e+01
   4.6358150e+06   2.8625488e+01
   4.6358350e+06   3.2043457e+01
   4.6359250e+06   4.7851563e+01
   4.6360340e+06   3.3386230e+01
   4.6360720e+06   2.7099609e+01
   4.6361370e+06   2.4169922e+01
   4.6361610e+06   2.8320312e+01
   4.6363200e+06   2.9541016e+01
   4.6363400e+06   2.9418945e+01
   4.6364640e+06   2.9113770e+01
   4.6366430e+06   2.9235840e+01
   4.6372250e+06   2.3498535e+01
   4.6518260e+06   3.0395508e+01
   4.6520100e+06   3.0761719e+01
   4.6520400e+06   2.5573730e+01
   4.6520640e+06   2.4353027e+01
   4.6521020e+06   3.2958984e+01
   4.6521990e+06   3.3447266e+01
   4.6523060e+06   2.6062012e+01
   4.6523910e+06   2.9602051e+01
   4.6525160e+06   2.8137207e+01
   4.6526330e+06   3.7780762e+01
   4.6526610e+06   2.6794434e+01
   4.6527350e+06   2.3498535e+01
   4.6527480e+06   3.1799316e+01
   4.6528170e+06   3.1982422e+01
   4.6528900e+06   2.4108887e+01
   4.6529360e+06   2.6489258e+01
   4.6530420e+06   3.1555176e+01
   4.6532120e+06   3.3081055e+01
   4.6593990e+06   3.5095215e+01
   4.6595300e+06   3.0517578e+01
   4.6595980e+06   2.4902344e+01
   4.6596260e+06   2.7099609e+01
   4.6597170e+06   2.9907227e+01
   4.6597850e+06   3.0700684e+01
   4.6598440e+06   2.7343750e+01
   4.6598870e+06   4.1564941e+01
   4.6599610e+06   3.2409668e+01
   4.6600690e+06   3.3203125e+01
   4.6601760e+06   2.8686523e+01
   4.6603470e+06   2.4108887e+01
   4.6604790e+06   2.7893066e+01
   4.6652350e+06   2.7526855e+01
   4.6652960e+06   2.3681641e+01
   4.6653110e+06   2.8869629e+01
   4.6654020e+06   2.8198242e+01
   4.6654600e+06   2.5085449e+01
   4.6654740e+06   3.1372070e+01
   4.6655400e+06   2.9785156e+01
   4.6655750e+06   3.1250000e+01
   4.6656650e+06   3.7902832e+01
   4.6657000e+06   5.3344727e+01
   4.6657250e+06   2.5512695e+01
   4.6657470e+06   2.5024414e+01
   4.6658270e+06   2.8930664e+01
   4.6658890e+06   3.1066895e+01
   4.6659400e+06   2.4414062e+01
   4.6659580e+06   3.2714844e+01
   4.6659680e+06   2.3803711e+01
   4.6659950e+06   3.4606934e+01
   4.6660160e+06   3.2531738e+01
   4.6660440e+06   2.6428223e+01
   4.6660750e+06   4.9316406e+01
   4.6660900e+06   5.4626465e+01
   4.6661180e+06   2.7526855e+01
   4.6661450e+06   3.8940430e+01
   4.6661750e+06   2.9663086e+01
   4.6662080e+06   3.0700684e+01
   4.6662370e+06   2.5085449e+01
   4.6662790e+06   2.7465820e+01
   4.6663030e+06   2.7832031e+01
   4.6663250e+06   3.6560059e+01
   4.6664180e+06   2.7526855e+01
   4.6664760e+06   2.7526855e+01
   4.6665090e+06   2.7648926e+01
   4.6665390e+06   4.1198730e+01
   4.6665940e+06   2.5512695e+01
   4.6666050e+06   3.2409668e+01
   4.6666450e+06   2.6123047e+01
   4.6666640e+06   2.4536133e+01
   4.6667090e+06   3.3630371e+01
   4.6667490e+06   2.5573730e+01
   4.6667590e+06   2.6000977e+01
   4.6668650e+06   2.5695801e+01
   4.6669200e+06   2.8442383e+01
   4.6669870e+06   3.0212402e+01
   4.6670310e+06   3.4240723e+01
   4.6670610e+06   3.6071777e+01
   4.6671680e+06   3.4973145e+01
   4.6673240e+06   3.0822754e+01
   4.6674720e+06   3.5400391e+01
   4.6873370e+06   3.3020020e+01
   4.6874350e+06   2.4230957e+01
   4.6874860e+06   2.5695801e+01
   4.6875130e+06   2.8320312e+01
   4.6875760e+06   3.0883789e+01
   4.6876650e+06   2.6428223e+01
   4.6876760e+06   3.4423828e+01
   4.6877540e+06   3.2104492e+01
   4.6877880e+06   5.5175781e+01
   4.6878720e+06   2.3742676e+01
   4.6879000e+06   2.4475098e+01
   4.6879240e+06   2.5024414e+01
   4.6879390e+06   4.3151855e+01
   4.6879620e+06   4.6997070e+01
   4.6879950e+06   2.7587891e+01
   4.6880300e+06   4.6875000e+01
   4.6880580e+06   4.0283203e+01
   4.6880930e+06   3.0822754e+01
   4.6881110e+06   2.7099609e+01
   4.6881340e+06   3.7841797e+01
   4.6881540e+06   2.9357910e+01
   4.6881790e+06   2.5939941e+01
   4.6882020e+06   3.0517578e+01
   4.6882130e+06   2.6062012e+01
   4.6882420e+06   2.5390625e+01
   4.6882580e+06   2.7221680e+01
   4.6882790e+06   2.4108887e+01
   4.6882990e+06   2.7160645e+01
   4.6883130e+06   2.4291992e+01
   4.6883410e+06   3.3508301e+01
   4.6883780e+06   2.4780273e+01
   4.6884050e+06   2.7404785e+01
   4.6884630e+06   3.3996582e+01
   4.6884770e+06   2.6306152e+01
   4.6885550e+06   2.6611328e+01
   4.6885730e+06   2.4230957e+01
   4.6886540e+06   2.8076172e+01
   4.6887020e+06   3.0334473e+01
   4.6887200e+06   2.3681641e+01
   4.6888070e+06   3.5705566e+01
   4.6888920e+06   2.9235840e+01
   4.6889220e+06   2.7343750e+01
   4.6890430e+06   6.2866211e+01
   4.6890530e+06   2.7465820e+01
   4.6891790e+06   3.2470703e+01
   4.6893440e+06   3.0639648e+01
   4.6895030e+06   3.2348633e+01
   4.6896860e+06   3.4179688e+01
   4.7095430e+06   3.4240723e+01
   4.7098220e+06   2.4902344e+01
   4.7101110e+06   2.5451660e+01
   4.7140070e+06   2.8808594e+01
   4.7140990e+06   2.4169922e+01
   4.7141630e+06   2.7526855e+01
   4.7141730e+06   2.3498535e+01
   4.7142780e+06   4.0893555e+01
   4.7143100e+06   2.8442383e+01
   4.7143240e+06   3.4179688e+01
   4.7143720e+06   3.5522461e+01
   4.7144560e+06   3.7109375e+01
   4.7144780e+06   2.4475098e+01
   4.7145000e+06   3.8757324e+01
   4.7145130e+06   3.2348633e+01
   4.7145620e+06   2.7038574e+01
   4.7145820e+06   3.5156250e+01
   4.7146130e+06   2.4353027e+01
   4.7146380e+06   4.0344238e+01
   4.7146690e+06   3.1311035e+01
   4.7146810e+06   2.4230957e+01
   4.7147020e+06   3.0334473e+01
   4.7147410e+06   2.4719238e+01
   4.7147650e+06   5.9265137e+01
   4.7147990e+06   2.4719238e+01
   4.7148160e+06   2.3742676e+01
   4.7148290e+06   2.5573730e+01
   4.7148600e+06   3.2226562e+01
   4.7148760e+06   3.3752441e+01
   4.7149070e+06   3.3386230e+01
   4.7149380e+06   2.9602051e+01
   4.7150030e+06   3.5705566e+01
   4.7150570e+06   2.5024414e+01
   4.7150960e+06   2.3681641e+01
   4.7151240e+06   2.6123047e+01
   4.7151830e+06   2.8869629e+01
   4.7152410e+06   2.4780273e+01
   4.7153720e+06   2.9785156e+01
   4.7153950e+06   2.4230957e+01
   4.7154880e+06   2.9968262e+01
   4.7155110e+06   3.0395508e+01
   4.7155800e+06   2.8015137e+01
   4.7156830e+06   2.5207520e+01
   4.7157280e+06   3.3508301e+01
   4.7158670e+06   3.0029297e+01
   4.7160150e+06   2.8442383e+01
   4.7161660e+06   2.4047852e+01
   4.7163690e+06   3.6682129e+01
   4.7483170e+06   3.1494141e+01
   4.7483830e+06   3.0151367e+01
   4.7484160e+06   2.4780273e+01
   4.7484510e+06   2.7709961e+01
   4.7484990e+06   3.0273438e+01
   4.7485680e+06   3.0578613e+01
   4.7486430e+06   2.8808594e+01
   4.7487100e+06   2.8442383e+01
   4.7487240e+06   3.8085938e+01
   4.7487410e+06   2.7954102e+01
   4.7487810e+06   3.5400391e+01
   4.7488050e+06   3.6315918e+01
   4.7488380e+06   4.1625977e+01
   4.7488680e+06   4.6081543e+01
   4.7489090e+06   3.7658691e+01
   4.7489320e+06   2.4841309e+01
   4.7489420e+06   3.0761719e+01
   4.7489660e+06   3.3996582e+01
   4.7489960e+06   2.9724121e+01
   4.7490160e+06   3.1188965e+01
   4.7490260e+06   3.6071777e+01
   4.7490750e+06   3.3569336e+01
   4.7491340e+06   3.6926270e+01
   4.7491750e+06   2.9663086e+01
   4.7492410e+06   2.4597168e+01
   4.7492830e+06   4.3090820e+01
   4.7493310e+06   2.6428223e+01
   4.7494440e+06   3.2653809e+01
   4.7494840e+06   2.9724121e+01
   4.7495430e+06   4.3762207e+01
   4.7495880e+06   2.8076172e+01
   4.7496110e+06   2.5451660e+01
   4.7496630e+06   2.4230957e+01
   4.7497510e+06   4.8461914e+01
   4.7498590e+06   2.6245117e+01
   4.7499310e+06   2.6062012e+01
   4.7499710e+06   2.7343750e+01
   4.7500660e+06   2.4353027e+01
   4.7501000e+06   2.8991699e+01
   4.7501330e+06   2.4536133e+01
   4.7502550e+06   3.3508301e+01
   4.7504600e+06   3.3142090e+01
   4.7879930e+06   2.5634766e+01
   4.7880620e+06   2.5268555e+01
   4.7880800e+06   2.8686523e+01
   4.7881780e+06   2.8076172e+01
   4.7882260e+06   2.4658203e+01
   4.7882410e+06   2.8625488e+01
   4.7883620e+06   3.8391113e+01
   4.7883970e+06   2.3803711e+01
   4.7884150e+06   5.2612305e+01
   4.7884750e+06   2.5451660e+01
   4.7884970e+06   2.9846191e+01
   4.7885260e+06   4.3701172e+01
   4.7885670e+06   2.7954102e+01
   4.7885820e+06   3.3264160e+01
   4.7885990e+06   3.1250000e+01
   4.7886090e+06   3.3447266e+01
   4.7886280e+06   2.7099609e+01
   4.7886420e+06   2.4902344e+01
   4.7886640e+06   3.6376953e+01
   4.7886900e+06   3.7170410e+01
   4.7887100e+06   3.8452148e+01
   4.7887420e+06   3.3630371e+01
   4.7887660e+06   2.6306152e+01
   4.7887930e+06   2.5695801e+01
   4.7888290e+06   3.0395508e+01
   4.7888650e+06   2.5939941e+01
   4.7889160e+06   3.7841797e+01
   4.7889660e+06   2.5207520e+01
   4.7890270e+06   2.5878906e+01
   4.7891020e+06   2.3803711e+01
   4.7891260e+06   2.8076172e+01
   4.7892200e+06   3.2348633e+01
   4.7892490e+06   3.2165527e+01
   4.7892690e+06   2.5146484e+01
   4.7893230e+06   2.6733398e+01
   4.7893560e+06   2.3559570e+01
   4.7894870e+06   2.7465820e+01
   4.7895670e+06   2.9785156e+01
   4.7896510e+06   2.6489258e+01
   4.7896710e+06   2.4169922e+01
   4.7897860e+06   3.5156250e+01
   4.7899210e+06   3.3691406e+01
   4.7900510e+06   3.0029297e+01
   4.7902310e+06   2.8503418e+01
   5.1684300e+06   3.9306641e+01
   5.1685390e+06   2.9174805e+01
   5.1686060e+06   3.0944824e+01
   5.1686210e+06   2.5024414e+01
   5.1686430e+06   2.3742676e+01
   5.1686700e+06   5.7006836e+01
   5.1686850e+06   2.8503418e+01
   5.1687090e+06   3.5583496e+01
   5.1687190e+06   5.1025391e+01
   5.1687310e+06   2.6123047e+01
   5.1687470e+06   3.4851074e+01
   5.1687770e+06   3.4851074e+01
   5.1688040e+06   2.8320312e+01
   5.1688310e+06   2.6733398e+01
   5.1688590e+06   3.1494141e+01
   5.1688690e+06   2.8503418e+01
   5.1689090e+06   4.9743652e+01
   5.1689320e+06   2.8625488e+01
   5.1689640e+06   3.1921387e+01
   5.1689980e+06   2.6245117e+01
   5.1690120e+06   3.6499023e+01
   5.1690400e+06   2.6611328e+01
   5.1690630e+06   3.8085938e+01
   5.1691080e+06   2.6123047e+01
   5.1691560e+06   4.0588379e+01
   5.1692030e+06   2.6123047e+01
   5.1692570e+06   2.3620605e+01
   5.1692750e+06   2.6794434e+01
   5.1693350e+06   3.1127930e+01
   5.1693870e+06   3.0334473e+01
   5.1694310e+06   3.0212402e+01
   5.1694890e+06   3.2104492e+01
   5.1695430e+06   2.5512695e+01
   5.1695950e+06   2.5390625e+01
   5.1696520e+06   3.9916992e+01
   5.1696940e+06   2.7404785e+01
   5.1697280e+06   2.9357910e+01
   5.1697730e+06   2.3498535e+01
   5.1698040e+06   3.4301758e+01
   5.1698720e+06   2.8564453e+01
   5.1698920e+06   3.9428711e+01
   5.1699660e+06   2.5024414e+01
   5.1700030e+06   4.2724609e+01
   5.1701610e+06   3.1921387e+01
   5.1702160e+06   2.9052734e+01
   5.1706800e+06   3.0639648e+01
   5.1711570e+06   2.4291992e+01
   5.1816360e+06   3.3813477e+01
   5.1817480e+06   2.8930664e+01
   5.1817670e+06   3.2592773e+01
   5.1818080e+06   2.9174805e+01
   5.1818880e+06   2.4291992e+01
   5.1819280e+06   2.5695801e+01
   5.1819740e+06   2.8198242e+01
   5.1820020e+06   5.1452637e+01
   5.1820230e+06   3.0883789e+01
   5.1820410e+06   3.3813477e+01
   5.1820660e+06   2.5756836e+01
   5.1821060e+06   2.3681641e+01
   5.1821280e+06   3.5278320e+01
   5.1821650e+06   6.7687988e+01
   5.1821980e+06   4.3273926e+01
   5.1822140e+06   2.9541016e+01
   5.1822400e+06   4.6508789e+01
   5.1822550e+06   4.5104980e+01
   5.1822950e+06   2.5268555e+01
   5.1823140e+06   2.4597168e+01
   5.1823260e+06   3.1250000e+01
   5.1823660e+06   2.8503418e+01
   5.1823760e+06   2.4841309e+01
   5.1824010e+06   2.8991699e+01
   5.1824340e+06   3.4790039e+01
   5.1824630e+06   3.2836914e+01
   5.1824800e+06   2.3925781e+01
   5.1825100e+06   2.9907227e+01
   5.1825360e+06   2.4169922e+01
   5.1825580e+06   3.8024902e+01
   5.1825690e+06   2.4230957e+01
   5.1826150e+06   2.3986816e+01
   5.1826420e+06   4.5104980e+01
   5.1827110e+06   2.5512695e+01
   5.1827520e+06   2.9968262e+01
   5.1827820e+06   2.6123047e+01
   5.1828050e+06   3.1616211e+01
   5.1828180e+06   2.6550293e+01
   5.1828540e+06   3.1066895e+01
   5.1829530e+06   3.2226562e+01
   5.1830050e+06   2.4047852e+01
   5.1830260e+06   3.1311035e+01
   5.1830620e+06   2.8137207e+01
   5.1830980e+06   2.6306152e+01
   5.1831830e+06   2.9174805e+01
   5.1832430e+06   3.7414551e+01
   5.1833490e+06   3.0883789e+01
   5.1833960e+06   2.8991699e+01
   5.1834170e+06   2.9907227e+01
   5.1835220e+06   2.6977539e+01
   5.1835450e+06   2.8808594e+01
   5.1836590e+06   3.2836914e+01
   5.1837040e+06   2.9479980e+01
   5.1838100e+06   2.8503418e+01
   5.1839420e+06   2.3559570e+01
   5.1929750e+06   3.1677246e+01
   5.1971770e+06   2.8381348e+01
   5.1972760e+06   2.6184082e+01
   5.1973770e+06   3.3203125e+01
   5.1975360e+06   2.8137207e+01
   5.1976140e+06   3.1433105e+01
   5.1977110e+06   3.1250000e+01
   5.1977870e+06   3.3874512e+01
   5.1978280e+06   2.8442383e+01
   5.1979190e+06   3.9062500e+01
   5.1980710e+06   2.8625488e+01
   5.1980840e+06   2.4658203e+01
   5.1982400e+06   3.0883789e+01
   5.2028420e+06   3.1005859e+01
   5.2029460e+06   3.4179688e+01
   5.2030430e+06   2.8686523e+01
   5.2031360e+06   3.7414551e+01
   5.2031960e+06   3.5705566e+01
   5.2032090e+06   3.5766602e+01
   5.2033350e+06   3.0944824e+01
   5.2034060e+06   3.3081055e+01
   5.2035770e+06   2.4108887e+01
   5.2037080e+06   3.3813477e+01
   5.2037580e+06   3.4851074e+01
   5.2038120e+06   2.7526855e+01
   5.2039570e+06   2.9663086e+01
   5.2072460e+06   2.6184082e+01
   5.2076440e+06   3.3935547e+01
   5.2105630e+06   3.6071777e+01
   5.2106740e+06   3.2531738e+01
   5.2107790e+06   3.4118652e+01
   5.2108140e+06   2.4475098e+01
   5.2108490e+06   5.4260254e+01
   5.2109110e+06   3.3935547e+01
   5.2109740e+06   3.2836914e+01
   5.2110080e+06   2.8991699e+01
   5.2110640e+06   2.9357910e+01
   5.2111090e+06   3.7902832e+01
   5.2111470e+06   2.9785156e+01
   5.2111650e+06   2.4597168e+01
   5.2112020e+06   3.5278320e+01
   5.2112620e+06   2.5207520e+01
   5.2113010e+06   2.6428223e+01
   5.2113220e+06   4.1625977e+01
   5.2113920e+06   3.9184570e+01
   5.2114350e+06   3.0456543e+01
   5.2114700e+06   3.1555176e+01
   5.2115200e+06   2.5329590e+01
   5.2115600e+06   4.9194336e+01
   5.2115840e+06   2.8381348e+01
   5.2116570e+06   3.1372070e+01
   5.2117130e+06   2.5512695e+01
   5.2117920e+06   5.1208496e+01
   5.2118120e+06   2.4719238e+01
   5.2118710e+06   2.6855469e+01
   5.2119150e+06   3.2653809e+01
   5.2119300e+06   2.6916504e+01
   5.2119920e+06   2.6977539e+01
   5.2120090e+06   4.0527344e+01
   5.2120700e+06   2.4780273e+01
   5.2121240e+06   2.5146484e+01
   5.2122230e+06   5.5114746e+01
   5.2122740e+06   2.9052734e+01
   5.2123140e+06   2.6245117e+01
   5.2124520e+06   2.5207520e+01
   5.2163440e+06   2.3681641e+01
   5.2180080e+06   3.4240723e+01
   5.2183500e+06   2.8442383e+01
   5.2185320e+06   2.6855469e+01
   5.2216280e+06   2.8198242e+01
   5.2217170e+06   3.6621094e+01
   5.2218040e+06   3.0395508e+01
   5.2219580e+06   2.3620605e+01
   5.2220150e+06   2.3498535e+01
   5.2220440e+06   4.0954590e+01
   5.2221710e+06   2.8564453e+01
   5.2221970e+06   2.7648926e+01
   5.2222590e+06   3.1799316e+01
   5.2224380e+06   2.5451660e+01
   5.2226050e+06   3.3935547e+01
   5.2226910e+06   2.3559570e+01
   5.2227910e+06   2.9724121e+01
   5.2266240e+06   3.8024902e+01
   5.2267230e+06   2.6306152e+01
   5.2269080e+06   3.8635254e+01
   5.2270540e+06   3.1982422e+01
   5.2273770e+06   2.6733398e+01
   5.2304460e+06   3.1311035e+01
   5.2305820e+06   3.4362793e+01
   5.2306920e+06   3.1982422e+01
   5.2308170e+06   2.6000977e+01
   5.2309440e+06   2.6550293e+01
   5.2310630e+06   3.0639648e+01
   5.2312630e+06   2.8625488e+01
   5.2351330e+06   3.2958984e+01
   5.2352050e+06   2.8259277e+01
   5.2352630e+06   2.8076172e+01
   5.2353260e+06   4.6508789e+01
   5.2353920e+06   3.2897949e+01
   5.2354540e+06   2.6489258e+01
   5.2355610e+06   3.3203125e+01
   5.2356400e+06   3.4423828e+01
   5.2357050e+06   2.5085449e+01
   5.2357600e+06   3.0212402e+01
   5.2358590e+06   2.6977539e+01
   5.2358780e+06   2.6000977e+01
   5.2360180e+06   3.2958984e+01
   5.2363220e+06   2.4169922e+01
   5.2399820e+06   3.4240723e+01
   5.2401020e+06   3.2104492e+01
   5.2401810e+06   3.1799316e+01
   5.2403290e+06   2.6367188e+01
   5.2405850e+06   2.9296875e+01
   5.2445040e+06   3.3081055e+01
   5.2446020e+06   3.3935547e+01
   5.2447190e+06   3.0639648e+01
   5.2447370e+06   3.3325195e+01
   5.2448170e+06   2.6977539e+01
   5.2449230e+06   2.4047852e+01
   5.2449670e+06   2.7404785e+01
   5.2450120e+06   2.7770996e+01
   5.2451420e+06   3.5400391e+01
   5.2453150e+06   2.8015137e+01
   5.2456200e+06   3.0517578e+01
   5.2491990e+06   3.5644531e+01
   5.2493230e+06   2.9296875e+01
   5.2495290e+06   3.3508301e+01
   5.2498150e+06   3.4423828e+01
   5.2538410e+06   2.6245117e+01
   5.2539180e+06   4.4494629e+01
   5.2540090e+06   4.0039062e+01
   5.2540360e+06   3.9184570e+01
   5.2541310e+06   2.7770996e+01
   5.2542570e+06   3.1433105e+01
   5.2547630e+06   3.4118652e+01
   5.2552170e+06   3.0883789e+01
   5.2581450e+06   3.5461426e+01
   5.2582580e+06   3.0029297e+01
   5.2583910e+06   2.8320312e+01
   5.2585800e+06   2.5634766e+01
   5.2619440e+06   3.2409668e+01
   5.2620240e+06   3.8024902e+01
   5.2622250e+06   3.4057617e+01
   5.2624230e+06   2.6916504e+01
   5.2657060e+06   3.2836914e+01
   5.2658110e+06   3.1616211e+01
   5.2659540e+06   3.4790039e+01
   5.2660610e+06   2.8137207e+01
   5.2666220e+06   2.7099609e+01
   5.2698460e+06   3.3264160e+01
   5.2699380e+06   3.3874512e+01
   5.2701090e+06   2.8930664e+01
   5.2702350e+06   3.6987305e+01
   5.2735770e+06   2.9113770e+01
   5.2736990e+06   2.9785156e+01
   5.2737580e+06   2.3620605e+01
   5.2738020e+06   2.7282715e+01
   5.2739100e+06   3.3264160e+01
   5.2740800e+06   2.8015137e+01
   5.2743350e+06   2.5756836e+01
   5.2776810e+06   3.0761719e+01
   5.2777930e+06   2.4536133e+01
   5.2778960e+06   3.0700684e+01
   5.2782800e+06   3.3081055e+01
   5.2821650e+06   3.4484863e+01
   5.2822520e+06   3.5217285e+01
   5.2823440e+06   2.6306152e+01
   5.2827220e+06   2.5573730e+01
   5.2828860e+06   3.1555176e+01
   5.2860510e+06   3.5827637e+01
   5.2861610e+06   2.9724121e+01
   5.2862760e+06   4.3029785e+01
   5.2896310e+06   3.5888672e+01
   5.2897500e+06   3.8574219e+01
   5.2898520e+06   3.2836914e+01
   5.2939620e+06   3.6804199e+01
   5.2940560e+06   3.1555176e+01
   5.2941730e+06   3.6560059e+01
   5.2942260e+06   2.8930664e+01
   5.2942920e+06   2.7282715e+01
   5.2943850e+06   3.2653809e+01
   5.2945190e+06   2.3559570e+01
   5.2950490e+06   3.0456543e+01
   5.2991000e+06   2.9663086e+01
   5.2991890e+06   3.0456543e+01
   5.2992720e+06   2.5878906e+01
   5.2993960e+06   2.9724121e+01
   5.3046240e+06   2.4169922e+01
   5.3046950e+06   3.6437988e+01
   5.3047670e+06   2.7465820e+01
   5.3048960e+06   2.4047852e+01
   5.3051570e+06   3.1188965e+01
   5.3053970e+06   3.1860352e+01
   5.3100040e+06   2.7770996e+01
   5.3100690e+06   2.5573730e+01
   5.3100980e+06   2.5512695e+01
   5.3102350e+06   3.0700684e+01
   5.3104190e+06   3.1433105e+01
   5.3110470e+06   3.1616211e+01
   5.3153560e+06   3.1677246e+01
   5.3154180e+06   3.4912109e+01
   5.3155960e+06   3.2531738e+01
   5.3157850e+06   2.7893066e+01
   5.3160100e+06   3.0395508e+01
   5.3204830e+06   2.9724121e+01
   5.3205770e+06   2.8015137e+01
   5.3206670e+06   2.9724121e+01
   5.3207480e+06   3.5034180e+01
   5.3210200e+06   2.9724121e+01
   5.3264370e+06   3.4362793e+01
   5.3265510e+06   3.1066895e+01
   5.3266820e+06   3.2836914e+01
   5.3268370e+06   2.4780273e+01
   5.3270080e+06   2.8076172e+01
   5.3271480e+06   2.9296875e+01
   5.3329730e+06   3.5400391e+01
   5.3330340e+06   2.8747559e+01
   5.3330830e+06   2.8747559e+01
   5.3331220e+06   3.3996582e+01
   5.3332160e+06   2.5878906e+01
   5.3333990e+06   2.8320312e+01
   5.3336610e+06   3.7231445e+01
   5.3394170e+06   2.8381348e+01
   5.3394720e+06   3.8330078e+01
   5.3395460e+06   3.3325195e+01
   5.3396820e+06   3.5400391e+01
   5.3397230e+06   2.6611328e+01
   5.3397680e+06   2.9052734e+01
   5.3400350e+06   2.6977539e+01
   5.3404170e+06   2.3498535e+01
   5.3445070e+06   3.9489746e+01
   5.3446170e+06   2.7038574e+01
   5.3448730e+06   3.0456543e+01
   5.3450750e+06   3.3691406e+01
   5.3502090e+06   3.1738281e+01
   5.3502770e+06   2.5695801e+01
   5.3503660e+06   2.6367188e+01
   5.3503840e+06   2.7526855e+01
   5.3505290e+06   3.2592773e+01
   5.3507270e+06   2.7954102e+01
   5.3509010e+06   3.0761719e+01
   5.3573180e+06   3.7780762e+01
   5.3574110e+06   3.1738281e+01
   5.3574810e+06   2.7648926e+01
   5.3575330e+06   2.5817871e+01
   5.3577380e+06   3.1066895e+01
   5.3578680e+06   3.1738281e+01
   5.3580030e+06   3.1066895e+01
   5.3581170e+06   2.8076172e+01
   5.3637110e+06   2.8625488e+01
   5.3637710e+06   2.8747559e+01
   5.3638410e+06   3.1799316e+01
   5.3639570e+06   3.0517578e+01
   5.3640870e+06   3.0456543e+01
   5.3642060e+06   3.4973145e+01
   5.3654330e+06   2.8137207e+01
   5.3707540e+06   2.9235840e+01
   5.3708420e+06   3.0639648e+01
   5.3709110e+06   3.2165527e+01
   5.3709890e+06   3.0639648e+01
   5.3710390e+06   2.7648926e+01
   5.3711890e+06   2.9479980e+01
   5.3713440e+06   3.1250000e+01
   5.3714700e+06   2.3559570e+01
   5.3716820e+06   3.3874512e+01
   5.3782270e+06   3.4484863e+01
   5.3783200e+06   3.1982422e+01
   5.3784210e+06   3.1494141e+01
   5.3785390e+06   2.8991699e+01
   5.3788150e+06   2.4353027e+01
   5.3789220e+06   2.5329590e+01
   5.3857670e+06   3.3142090e+01
   5.3858440e+06   2.5634766e+01
   5.3860130e+06   2.6611328e+01
   5.3860470e+06   4.1809082e+01
   5.3861520e+06   3.3386230e+01
   5.3862910e+06   3.1860352e+01
   5.3864150e+06   2.4353027e+01
   5.3865950e+06   3.0578613e+01
   5.3869660e+06   3.4912109e+01
   5.3941570e+06   2.6184082e+01
   5.3942160e+06   2.6489258e+01
   5.3942940e+06   4.1503906e+01
   5.3943530e+06   2.9846191e+01
   5.3943790e+06   2.3986816e+01
   5.3945130e+06   3.0456543e+01
   5.3946130e+06   3.0944824e+01
   5.3946650e+06   2.4475098e+01
   5.3947090e+06   3.6987305e+01
   5.3949120e+06   3.1616211e+01
   5.3952860e+06   3.5705566e+01
   5.4010730e+06   3.4851074e+01
   5.4011580e+06   3.4179688e+01
   5.4013470e+06   3.4729004e+01
   5.4016240e+06   3.1555176e+01
   5.4019470e+06   2.7038574e+01
   5.4096970e+06   3.1372070e+01
   5.4097860e+06   3.4301758e+01
   5.4098780e+06   3.1372070e+01
   5.4098930e+06   2.8930664e+01
   5.4099900e+06   3.2653809e+01
   5.4100170e+06   3.3508301e+01
   5.4101620e+06   2.6489258e+01
   5.4102090e+06   3.2653809e+01
   5.4102910e+06   3.2836914e+01
   5.4104490e+06   2.6184082e+01
   5.4106710e+06   2.9602051e+01
   5.4182850e+06   2.9968262e+01
   5.4183600e+06   3.0517578e+01
   5.4184610e+06   3.2104492e+01
   5.4184820e+06   3.3996582e+01
   5.4186150e+06   3.2653809e+01
   5.4187590e+06   3.5583496e+01
   5.4189920e+06   2.4414062e+01
   5.4269140e+06   2.9602051e+01
   5.4270060e+06   3.1127930e+01
   5.4271130e+06   3.2043457e+01
   5.4271240e+06   3.1188965e+01
   5.4271720e+06   3.2592773e+01
   5.4273460e+06   2.5329590e+01
   5.4274550e+06   2.6794434e+01
   5.4276240e+06   3.3203125e+01
   5.4359080e+06   3.3752441e+01
   5.4359660e+06   3.3142090e+01
   5.4360260e+06   2.3925781e+01
   5.4360820e+06   3.8269043e+01
   5.4361150e+06   3.5766602e+01
   5.4361890e+06   2.5329590e+01
   5.4363290e+06   2.8686523e+01
   5.4365350e+06   2.5878906e+01
   5.4367500e+06   2.9174805e+01
   5.4453160e+06   2.7832031e+01
   5.4453650e+06   3.0212402e+01
   5.4454340e+06   3.1066895e+01
   5.4455120e+06   3.4484863e+01
   5.4456190e+06   2.6733398e+01
   5.4457710e+06   2.9235840e+01
   5.4458950e+06   2.8076172e+01
   5.4461250e+06   2.5939941e+01
   5.4556090e+06   2.6733398e+01
   5.4556980e+06   3.6743164e+01
   5.4557550e+06   2.3498535e+01
   5.4557830e+06   3.2104492e+01
   5.4558370e+06   3.3386230e+01
   5.4559460e+06   3.2043457e+01
   5.4559930e+06   3.1433105e+01
   5.4561410e+06   3.2104492e+01
   5.4562800e+06   3.3020020e+01
   5.4564390e+06   3.5461426e+01
   5.4567470e+06   3.0944824e+01
   5.4685520e+06   3.6071777e+01
   5.4686060e+06   3.5949707e+01
   5.4686590e+06   2.9907227e+01
   5.4687100e+06   4.1015625e+01
   5.4687770e+06   2.4475098e+01
   5.4688750e+06   3.5583496e+01
   5.4690040e+06   3.3081055e+01
   5.4690900e+06   2.9235840e+01
   5.4692090e+06   2.8442383e+01
   5.4692360e+06   3.5888672e+01
   5.4692630e+06   2.7282715e+01
   5.4692980e+06   2.4963379e+01
   5.4693290e+06   2.5024414e+01
   5.4693440e+06   6.1889648e+01
   5.4693830e+06   2.4902344e+01
   5.4694020e+06   2.4597168e+01
   5.4694160e+06   2.8564453e+01
   5.4694360e+06   2.4353027e+01
   5.4694600e+06   2.5573730e+01
   5.4694710e+06   3.8757324e+01
   5.4694920e+06   3.4240723e+01
   5.4695190e+06   3.3630371e+01
   5.4695480e+06   3.6804199e+01
   5.4695650e+06   2.6733398e+01
   5.4695980e+06   4.2907715e+01
   5.4696330e+06   2.5268555e+01
   5.4696470e+06   2.9235840e+01
   5.4696680e+06   2.7648926e+01
   5.4697000e+06   2.8015137e+01
   5.4697350e+06   3.3752441e+01
   5.4697880e+06   3.1799316e+01
   5.4698100e+06   2.7954102e+01
   5.4698210e+06   2.8930664e+01
   5.4698730e+06   4.0283203e+01
   5.4699250e+06   2.5207520e+01
   5.4699560e+06   2.5085449e+01
   5.4699750e+06   2.7465820e+01
   5.4699910e+06   2.7709961e+01
   5.4700750e+06   2.6672363e+01
   5.4701420e+06   2.5146484e+01
   5.4701880e+06   3.5461426e+01
   5.4702200e+06   2.4047852e+01
   5.4702880e+06   3.4240723e+01
   5.4703150e+06   3.9367676e+01
   5.4704400e+06   3.4179688e+01
   5.4704520e+06   3.5705566e+01
   5.4706020e+06   3.2104492e+01
   5.4706470e+06   2.6733398e+01
   5.4707580e+06   4.0344238e+01
   5.4709200e+06   2.7038574e+01
   5.4712260e+06   2.3925781e+01
   5.4718540e+06   3.3081055e+01
   5.4886040e+06   3.2470703e+01
   5.4973030e+06   2.7954102e+01
   5.4974330e+06   3.0639648e+01
   5.4976310e+06   3.2104492e+01
   5.5059370e+06   2.6245117e+01
   5.5061030e+06   3.6315918e+01
   5.5061840e+06   3.3386230e+01
   5.5063120e+06   3.5522461e+01
   5.5064230e+06   3.4912109e+01
   5.5065650e+06   2.9663086e+01
   5.5159420e+06   2.8930664e+01
   5.5160540e+06   3.1494141e+01
   5.5161740e+06   3.1311035e+01
   5.5164130e+06   2.5939941e+01
   5.5165480e+06   2.3864746e+01
   5.5166620e+06   3.2104492e+01
   5.5169110e+06   2.9663086e+01
   5.5288870e+06   3.2348633e+01
   5.5289730e+06   2.6733398e+01
   5.5290810e+06   2.8137207e+01
   5.5290980e+06   2.9968262e+01
   5.5293260e+06   2.7465820e+01
   5.5295410e+06   3.1799316e+01
   5.5296950e+06   2.9724121e+01
   5.5383690e+06   3.6376953e+01
   5.5384740e+06   2.6855469e+01
   5.5385670e+06   3.1921387e+01
   5.5387030e+06   3.1860352e+01
   5.5388420e+06   2.5756836e+01
   5.5389370e+06   2.8320312e+01
   5.5493690e+06   2.5634766e+01
   5.5494420e+06   3.3447266e+01
   5.5495110e+06   3.1127930e+01
   5.5495600e+06   3.2043457e+01
   5.5496170e+06   3.6437988e+01
   5.5499150e+06   2.9541016e+01
   5.5502150e+06   3.2531738e+01
   5.5504640e+06   3.0578613e+01
   5.5597790e+06   3.9367676e+01
   5.5598460e+06   3.6682129e+01
   5.5600020e+06   3.1372070e+01
   5.5601210e+06   2.3620605e+01
   5.5602690e+06   3.2470703e+01
   5.5713340e+06   3.5766602e+01
   5.5714340e+06   3.1066895e+01
   5.5715370e+06   2.9968262e+01
   5.5716580e+06   3.3081055e+01
   5.5718020e+06   2.9907227e+01
   5.5723950e+06   3.5400391e+01
   5.5833180e+06   2.7770996e+01
   5.5834110e+06   3.2287598e+01
   5.5835690e+06   3.5888672e+01
   5.5837120e+06   2.4047852e+01
   5.5839110e+06   3.2287598e+01
   5.6010280e+06   3.1188965e+01
   5.6011050e+06   2.9479980e+01
   5.6012270e+06   2.8137207e+01
   5.6014080e+06   2.9357910e+01
   5.6015600e+06   2.7221680e+01
   5.6016630e+06   2.4597168e+01
   5.6017300e+06   2.5817871e+01
   5.6017550e+06   2.7282715e+01
   5.6018330e+06   6.5063477e+01
   5.6018980e+06   4.6997070e+01
   5.6019080e+06   3.9550781e+01
   5.6019430e+06   2.9296875e+01
   5.6019660e+06   4.1503906e+01
   5.6019940e+06   3.6132812e+01
   5.6020300e+06   3.7353516e+01
   5.6020520e+06   3.7780762e+01
   5.6020670e+06   2.5207520e+01
   5.6021040e+06   2.5085449e+01
   5.6021380e+06   3.1616211e+01
   5.6021640e+06   3.1799316e+01
   5.6021790e+06   3.9855957e+01
   5.6021920e+06   2.4291992e+01
   5.6022290e+06   2.9968262e+01
   5.6022860e+06   2.7954102e+01
   5.6023190e+06   2.4658203e+01
   5.6023660e+06   2.7343750e+01
   5.6024170e+06   4.4921875e+01
   5.6024710e+06   3.1860352e+01
   5.6025510e+06   2.5695801e+01
   5.6026070e+06   3.3325195e+01
   5.6026770e+06   2.5573730e+01
   5.6027150e+06   2.5390625e+01
   5.6027670e+06   2.9113770e+01
   5.6027970e+06   2.5024414e+01
   5.6028430e+06   2.5024414e+01
   5.6029180e+06   2.4414062e+01
   5.6029410e+06   2.7954102e+01
   5.6029990e+06   2.4475098e+01
   5.6030360e+06   2.3803711e+01
   5.6030790e+06   2.5085449e+01
   5.6031220e+06   2.4719238e+01
   5.6032060e+06   3.5095215e+01
   5.6032510e+06   2.7465820e+01
   5.6033800e+06   2.9052734e+01
   5.6035400e+06   2.9052734e+01
