   5.9990000e+06   0.0000000e+00
   5.9400000e+02   2.5878906e+01
   7.1900000e+02   3.3935547e+01
   8.5700000e+02   2.7648926e+01
   2.4500000e+03   4.1870117e+01
   2.5370000e+03   2.5451660e+01
   2.7650000e+03   3.1677246e+01
   2.8800000e+03   2.6794434e+01
   3.3470000e+03   2.6062012e+01
   3.9660000e+03   2.9296875e+01
   5.0860000e+03   2.9235840e+01
   5.2740000e+03   3.6010742e+01
   5.3920000e+03   3.3142090e+01
   5.6640000e+03   3.0395508e+01
   5.8970000e+03   2.7038574e+01
   7.3710000e+03   2.8564453e+01
   7.5010000e+03   2.6855469e+01
   7.5610000e+03   2.7160645e+01
   7.7750000e+03   2.6489258e+01
   7.8930000e+03   2.7954102e+01
   7.9330000e+03   2.5695801e+01
   7.9880000e+03   2.5695801e+01
   8.2110000e+03   3.0273438e+01
   8.2590000e+03   3.3386230e+01
   8.2690000e+03   2.7709961e+01
   8.3100000e+03   2.6123047e+01
   8.3940000e+03   2.9785156e+01
   8.4150000e+03   2.8015137e+01
   8.4280000e+03   2.6672363e+01
   8.4750000e+03   3.9489746e+01
   8.4980000e+03   3.0273438e+01
   8.5340000e+03   3.1372070e+01
   8.5920000e+03   2.9174805e+01
   8.6030000e+03   2.4902344e+01
   8.7240000e+03   2.5451660e+01
   8.7530000e+03   2.5939941e+01
   8.8920000e+03   2.6794434e+01
   9.3240000e+03   2.5756836e+01
   1.3469000e+04   2.5268555e+01
   1.4475000e+04   2.8259277e+01
   1.5274000e+04   3.0090332e+01
   1.6675000e+04   2.6245117e+01
   1.6806000e+04   2.8137207e+01
   1.6974000e+04   2.4780273e+01
   1.7021000e+04   2.8625488e+01
   1.8599000e+04   4.2358398e+01
   1.8729000e+04   2.8259277e+01
   1.8858000e+04   3.0151367e+01
   1.8961000e+04   2.8198242e+01
   1.9097000e+04   2.6733398e+01
   1.9228000e+04   2.6184082e+01
   2.0081000e+04   2.8320312e+01
   2.1566000e+04   2.8991699e+01
   2.1676000e+04   3.8330078e+01
   2.1808000e+04   3.2653809e+01
   2.2065000e+04   3.3569336e+01
   2.2198000e+04   3.0761719e+01
   2.2591000e+04   2.9479980e+01
   2.4655000e+04   3.4362793e+01
   2.4688000e+04   2.7038574e+01
   2.4746000e+04   2.8320312e+01
   2.4823000e+04   2.9052734e+01
   2.5005000e+04   2.6916504e+01
   2.5035000e+04   2.7709961e+01
   2.5146000e+04   2.7648926e+01
   2.5271000e+04   2.5390625e+01
   2.5333000e+04   2.7832031e+01
   2.5434000e+04   2.7465820e+01
   2.5454000e+04   2.7954102e+01
   2.5491000e+04   3.5522461e+01
   2.5512000e+04   4.0649414e+01
   2.5526000e+04   3.2348633e+01
   2.5584000e+04   2.5207520e+01
   2.5609000e+04   3.0822754e+01
   2.5633000e+04   2.7465820e+01
   2.5657000e+04   3.2226562e+01
   2.5692000e+04   2.5817871e+01
   2.5712000e+04   2.8564453e+01
   2.5750000e+04   2.6306152e+01
   2.5812000e+04   2.9968262e+01
   2.5825000e+04   2.7832031e+01
   2.6721000e+04   2.7954102e+01
   2.7195000e+04   2.6245117e+01
   3.0992000e+04   2.7282715e+01
   3.2643000e+04   3.0761719e+01
   3.2816000e+04   2.7832031e+01
   3.2959000e+04   2.6733398e+01
   3.4697000e+04   2.6306152e+01
   3.5020000e+04   2.4841309e+01
   3.6782000e+04   3.3691406e+01
   3.6901000e+04   2.5329590e+01
   3.7024000e+04   2.7221680e+01
   3.7125000e+04   2.7099609e+01
   3.7225000e+04   2.6916504e+01
   3.7269000e+04   2.9479980e+01
   3.7358000e+04   3.0029297e+01
   3.7685000e+04   2.8320313e+01
   3.7713000e+04   2.5390625e+01
   3.8000000e+04   2.6489258e+01
   3.8179000e+04   2.7160645e+01
   3.8352000e+04   4.8889160e+01
   3.8415000e+04   2.4963379e+01
   3.8599000e+04   2.8015137e+01
   4.1060000e+04   3.3935547e+01
   4.1180000e+04   2.9541016e+01
   4.1357000e+04   3.0029297e+01
   4.3104000e+04   2.5756836e+01
   4.3137000e+04   2.9541016e+01
   4.3244000e+04   2.4780273e+01
   4.3334000e+04   3.5156250e+01
   4.3427000e+04   2.6916504e+01
   4.3561000e+04   2.7832031e+01
   4.3719000e+04   4.5471191e+01
   4.6358000e+04   2.6733398e+01
   4.6461000e+04   3.2470703e+01
   4.6545000e+04   2.5451660e+01
   4.6695000e+04   2.7038574e+01
   4.6819000e+04   2.4963379e+01
   4.7000000e+04   3.6254883e+01
   4.7087000e+04   4.1198730e+01
   4.7114000e+04   2.6367188e+01
   4.7221000e+04   2.9479980e+01
   4.7248000e+04   3.0395508e+01
   4.7311000e+04   2.9418945e+01
   4.7325000e+04   3.0944824e+01
   4.7349000e+04   2.6977539e+01
   4.7392000e+04   2.8625488e+01
   4.7413000e+04   2.6611328e+01
   4.7501000e+04   2.8808594e+01
   4.7534000e+04   2.5634766e+01
   4.7563000e+04   2.5878906e+01
   4.7583000e+04   2.8564453e+01
   4.7636000e+04   2.8442383e+01
   4.7670000e+04   2.5451660e+01
   4.7730000e+04   2.4780273e+01
   5.8029000e+04   3.1555176e+01
   5.8046000e+04   2.6367188e+01
   5.8148000e+04   2.7832031e+01
   5.8249000e+04   2.4963379e+01
   5.8428000e+04   3.0700684e+01
   5.8516000e+04   2.8503418e+01
   5.8600000e+04   3.2165527e+01
   5.8907000e+04   2.6062012e+01
   5.9026000e+04   3.3752441e+01
   6.3269000e+04   3.6071777e+01
   6.3384000e+04   2.9785156e+01
   6.3453000e+04   3.0700684e+01
   6.3535000e+04   2.5817871e+01
   6.3631000e+04   3.0456543e+01
   6.3728000e+04   2.6184082e+01
   6.3751000e+04   2.5878906e+01
   6.3839000e+04   3.4301758e+01
   6.3850000e+04   3.0456543e+01
   6.3882000e+04   2.6306152e+01
   6.3957000e+04   2.6550293e+01
   6.3981000e+04   2.7099609e+01
   6.4040000e+04   3.0761719e+01
   6.4061000e+04   2.7160645e+01
   6.4093000e+04   2.6977539e+01
   6.4135000e+04   3.2287598e+01
   6.4173000e+04   3.1799316e+01
   6.4212000e+04   2.6733398e+01
   6.4266000e+04   2.7465820e+01
   6.4306000e+04   3.1738281e+01
   6.4418000e+04   2.7404785e+01
   6.5036000e+04   2.4841309e+01
   6.5061000e+04   2.8686523e+01
   7.4257000e+04   2.6550293e+01
   7.4461000e+04   2.8198242e+01
   7.4642000e+04   3.6804199e+01
   7.8001000e+04   3.6010742e+01
   7.8186000e+04   3.1311035e+01
   7.8288000e+04   2.5268555e+01
   7.8356000e+04   2.5573730e+01
   7.8373000e+04   2.6184082e+01
   7.8487000e+04   2.8869629e+01
   7.8516000e+04   2.4780273e+01
   7.8565000e+04   2.5817871e+01
   7.8596000e+04   3.0822754e+01
   7.8671000e+04   2.7038574e+01
   7.8706000e+04   2.4780273e+01
   7.8743000e+04   2.5207520e+01
   7.8777000e+04   2.6550293e+01
   7.8806000e+04   2.5268555e+01
   7.8825000e+04   2.4841309e+01
   7.8853000e+04   2.9174805e+01
   7.8872000e+04   3.4057617e+01
   7.8894000e+04   3.1494141e+01
   7.8964000e+04   3.4667969e+01
   7.9000000e+04   3.0456543e+01
   7.9037000e+04   2.9113770e+01
   7.9118000e+04   2.6000977e+01
   7.9195000e+04   2.9907227e+01
   7.9306000e+04   2.7160645e+01
   7.9424000e+04   2.5024414e+01
   7.9514000e+04   2.4841309e+01
   7.9565000e+04   2.7587891e+01
   7.9731000e+04   2.4780273e+01
   9.0440000e+04   3.1677246e+01
   9.0570000e+04   2.9296875e+01
   9.0590000e+04   2.4780273e+01
   9.0690000e+04   2.7282715e+01
   9.0799000e+04   2.5634766e+01
   9.0909000e+04   3.0151367e+01
   9.1075000e+04   2.9846191e+01
   9.1227000e+04   2.8930664e+01
   9.1918000e+04   2.4963379e+01
   9.6472000e+04   3.2775879e+01
   9.6582000e+04   3.5644531e+01
   9.6691000e+04   4.4616699e+01
   9.6804000e+04   2.7954102e+01
   9.6978000e+04   3.1738281e+01
   9.7179000e+04   3.0700684e+01
   9.7401000e+04   2.6000977e+01
   9.7643000e+04   2.8503418e+01
   9.8022000e+04   2.6550293e+01
   1.0266300e+05   3.3996582e+01
   1.0274000e+05   2.8442383e+01
   1.0280900e+05   2.7832031e+01
   1.0289100e+05   2.6184082e+01
   1.0298700e+05   3.7170410e+01
   1.0299900e+05   3.8208008e+01
   1.0310200e+05   2.8686523e+01
   1.0312100e+05   2.5756836e+01
   1.0319500e+05   2.4841309e+01
   1.0322700e+05   2.5573730e+01
   1.0328300e+05   2.7770996e+01
   1.0330700e+05   2.6428223e+01
   1.0333100e+05   3.3630371e+01
   1.0337300e+05   2.9357910e+01
   1.0342400e+05   3.3508301e+01
   1.0343900e+05   3.7719727e+01
   1.0345900e+05   2.9235840e+01
   1.0350600e+05   2.7160645e+01
   1.0352300e+05   2.7099609e+01
   1.0356100e+05   2.6794434e+01
   1.0357500e+05   3.3325195e+01
   1.0359200e+05   2.9174805e+01
   1.0365200e+05   2.5939941e+01
   1.0370100e+05   2.7221680e+01
   1.0428700e+05   2.7832031e+01
   1.0448200e+05   2.7648926e+01
   1.1764500e+05   3.5095215e+01
   1.1766000e+05   2.9113770e+01
   1.1772300e+05   2.9296875e+01
   1.1780300e+05   3.1127930e+01
   1.1787400e+05   2.8747559e+01
   1.1798000e+05   3.0456543e+01
   1.1801600e+05   2.7099609e+01
   1.1810800e+05   2.8930664e+01
   1.1819200e+05   2.9113770e+01
   1.1821500e+05   3.3203125e+01
   1.1825600e+05   2.7648926e+01
   1.1827000e+05   2.8137207e+01
   1.1829300e+05   2.9479980e+01
   1.1833200e+05   2.5512695e+01
   1.1835000e+05   2.7038574e+01
   1.1843100e+05   2.8930664e+01
   1.1851300e+05   2.5634766e+01
   1.1857400e+05   2.7770996e+01
   1.1858700e+05   2.9235840e+01
   1.1878700e+05   2.9174805e+01
   1.1886700e+05   3.3752441e+01
   1.1895700e+05   2.6245117e+01
   1.1898200e+05   2.7709961e+01
   1.1914000e+05   2.7465820e+01
   1.3416200e+05   3.2226562e+01
   1.3417800e+05   2.5329590e+01
   1.3422200e+05   3.2897949e+01
   1.3428500e+05   3.5217285e+01
   1.3435500e+05   3.5522461e+01
   1.3440500e+05   2.5756836e+01
   1.3446800e+05   2.7099609e+01
   1.3451100e+05   2.5878906e+01
   1.3452700e+05   2.9174805e+01
   1.3457500e+05   3.1433105e+01
   1.3464200e+05   3.1188965e+01
   1.3468700e+05   2.4841309e+01
   1.3470000e+05   3.0944824e+01
   1.3476700e+05   3.0395508e+01
   1.3479400e+05   2.9602051e+01
   1.3482700e+05   3.9855957e+01
   1.3485300e+05   2.6672363e+01
   1.3487900e+05   2.5451660e+01
   1.3489600e+05   3.3569336e+01
   1.3496100e+05   2.7709961e+01
   1.3502400e+05   5.2490234e+01
   1.3507900e+05   2.5573730e+01
   1.3534900e+05   2.5634766e+01
   1.3568100e+05   3.0578613e+01
   1.3570500e+05   2.8686523e+01
   1.3640200e+05   2.4963379e+01
   1.5926700e+05   3.7719727e+01
   1.5927900e+05   2.5085449e+01
   1.5932100e+05   3.3874512e+01
   1.5933200e+05   2.4841309e+01
   1.5937200e+05   3.3203125e+01
   1.5943400e+05   3.9855957e+01
   1.5946900e+05   2.7832031e+01
   1.5948600e+05   2.5939941e+01
   1.5954700e+05   2.7099609e+01
   1.5959200e+05   2.7404785e+01
   1.5968600e+05   4.2602539e+01
   1.5972300e+05   2.5207520e+01
   1.5973600e+05   2.6123047e+01
   1.5976000e+05   3.5461426e+01
   1.5982500e+05   3.3325195e+01
   1.5989000e+05   2.9174805e+01
   1.5992100e+05   2.7038574e+01
   1.5995900e+05   2.6306152e+01
   1.5999600e+05   2.4841309e+01
   1.6007900e+05   2.5939941e+01
   1.6017100e+05   2.5268555e+01
   1.6022600e+05   2.6062012e+01
   1.6038800e+05   2.5817871e+01
   1.6067900e+05   2.6672363e+01
   1.6078900e+05   2.5939941e+01
   1.6109800e+05   2.8381348e+01
   1.8683200e+05   4.7485352e+01
   1.8687600e+05   4.4738770e+01
   1.8693100e+05   3.0883789e+01
   1.8698700e+05   4.1809082e+01
   1.8700100e+05   3.0151367e+01
   1.8704800e+05   2.7954102e+01
   1.8706700e+05   2.9235840e+01
   1.8713500e+05   3.0395508e+01
   1.8715400e+05   2.5573730e+01
   1.8718700e+05   2.6672363e+01
   1.8720000e+05   2.9113770e+01
   1.8722000e+05   2.7221680e+01
   1.8726100e+05   3.5583496e+01
   1.8728600e+05   3.2226562e+01
   1.8731400e+05   2.7160645e+01
   1.8733000e+05   2.4902344e+01
   1.8735600e+05   3.3874512e+01
   1.8736700e+05   3.6315918e+01
   1.8739700e+05   2.5268555e+01
   1.8742000e+05   2.8564453e+01
   1.8745300e+05   3.0090332e+01
   1.8747400e+05   2.7709961e+01
   1.8749400e+05   2.5512695e+01
   1.8756400e+05   3.6987305e+01
   1.8760600e+05   2.8869629e+01
   1.8764700e+05   2.5878906e+01
   1.8772000e+05   2.5329590e+01
   1.8777500e+05   2.8869629e+01
   1.8784900e+05   2.6855469e+01
   1.8792300e+05   3.2775879e+01
   1.8824000e+05   2.8320313e+01
   1.8840800e+05   3.0151367e+01
   1.8861500e+05   2.8503418e+01
   1.8880900e+05   2.6184082e+01
   1.8892800e+05   2.6306152e+01
   6.1716000e+05   3.5705566e+01
   6.1718300e+05   4.4555664e+01
   6.1721800e+05   3.0273438e+01
   6.1726400e+05   3.0761719e+01
   6.1727900e+05   3.9306641e+01
   6.1731500e+05   2.5390625e+01
   6.1732800e+05   2.9479980e+01
   6.1734700e+05   2.5390625e+01
   6.1738100e+05   3.9978027e+01
   6.1739800e+05   3.3874512e+01
   6.1741100e+05   2.7587891e+01
   6.1744400e+05   4.8645020e+01
   6.1745700e+05   2.8320312e+01
   6.1748900e+05   4.4006348e+01
   6.1752700e+05   4.7729492e+01
   6.1757000e+05   2.9479980e+01
   6.1760400e+05   4.6203613e+01
   6.1762600e+05   3.3813477e+01
   6.1764200e+05   3.2104492e+01
   6.1767500e+05   2.9602051e+01
   6.1769300e+05   3.2348633e+01
   6.1772000e+05   2.9113770e+01
   6.1773700e+05   3.3264160e+01
   6.1776300e+05   2.6550293e+01
   6.1782100e+05   2.6428223e+01
   6.1785900e+05   3.8391113e+01
   6.1796400e+05   2.8686523e+01
   6.1800500e+05   2.6184082e+01
   6.1804500e+05   2.5695801e+01
   6.1808000e+05   2.8259277e+01
   6.1815900e+05   2.7770996e+01
   6.1818400e+05   2.6672363e+01
   6.1828600e+05   2.7587891e+01
   6.1851400e+05   2.7526855e+01
   6.1863100e+05   2.7587891e+01
   6.1873400e+05   2.5512695e+01
   6.1877600e+05   3.2165527e+01
   6.1890700e+05   2.7099609e+01
   6.1901000e+05   2.4902344e+01
   6.1909000e+05   2.6977539e+01
   6.1925200e+05   2.8503418e+01
   6.1927800e+05   2.6733398e+01
   6.1937600e+05   2.9541016e+01
   6.1947200e+05   2.6977539e+01
   6.1952700e+05   2.4780273e+01
   6.1961800e+05   2.5634766e+01
   6.1977300e+05   2.5512695e+01
   6.1984500e+05   2.7343750e+01
   6.2000200e+05   3.1799316e+01
   6.2018400e+05   2.6306152e+01
   6.2029200e+05   3.2287598e+01
   6.2051700e+05   2.6123047e+01
   6.2132500e+05   3.0029297e+01
   7.9653500e+05   5.6152344e+01
   7.9658500e+05   4.0222168e+01
   7.9660700e+05   4.0954590e+01
   7.9661800e+05   3.5400391e+01
   7.9664900e+05   4.8461914e+01
   7.9666600e+05   2.6611328e+01
   7.9669200e+05   2.7954102e+01
   7.9670800e+05   3.5644531e+01
   7.9672300e+05   2.7770996e+01
   7.9674500e+05   2.6367188e+01
   7.9677200e+05   3.3325195e+01
   7.9679300e+05   3.4545898e+01
   7.9680500e+05   3.2104492e+01
   7.9684200e+05   5.2062988e+01
   7.9688000e+05   5.3649902e+01
   7.9689300e+05   3.3935547e+01
   7.9691900e+05   4.2480469e+01
   7.9694100e+05   3.4057617e+01
   7.9695300e+05   3.8024902e+01
   7.9699000e+05   4.2297363e+01
   7.9701700e+05   3.9428711e+01
   7.9708200e+05   2.8686523e+01
   7.9710200e+05   2.6367188e+01
   7.9715700e+05   2.4841309e+01
   7.9717600e+05   2.5268555e+01
   7.9718600e+05   3.0273438e+01
   7.9721300e+05   2.6916504e+01
   7.9733500e+05   2.5390625e+01
   7.9737700e+05   3.0334473e+01
   7.9746600e+05   2.8076172e+01
   7.9758500e+05   2.4780273e+01
   7.9800300e+05   2.5024414e+01
   7.9808400e+05   2.7038574e+01
   7.9831000e+05   2.6306152e+01
   7.9845400e+05   2.7343750e+01
   7.9848300e+05   2.5695801e+01
   7.9881900e+05   2.5146484e+01
   7.9895800e+05   2.5878906e+01
   7.9917100e+05   3.3203125e+01
   7.9929500e+05   2.6306152e+01
   7.9960600e+05   2.8564453e+01
   7.9975000e+05   2.5207520e+01
   7.9993500e+05   2.5268555e+01
   8.0030700e+05   2.5451660e+01
   8.0077600e+05   2.6306152e+01
   8.0137400e+05   2.6855469e+01
   8.1086000e+05   3.2897949e+01
   8.1101600e+05   3.3386230e+01
   8.1106700e+05   4.5166016e+01
   8.1111600e+05   3.3081055e+01
   8.1115800e+05   3.7170410e+01
   8.1120000e+05   3.6560059e+01
   8.1125600e+05   2.9357910e+01
   8.1130500e+05   3.1005859e+01
   8.1133700e+05   3.5949707e+01
   8.1135400e+05   2.6245117e+01
   8.1138100e+05   2.6000977e+01
   8.1140800e+05   4.5471191e+01
   8.1143700e+05   3.8757324e+01
   8.1146800e+05   5.0048828e+01
   8.1149300e+05   3.7475586e+01
   8.1151200e+05   3.5034180e+01
   8.1152800e+05   2.8015137e+01
   8.1157400e+05   2.7954102e+01
   8.1159100e+05   3.4667969e+01
   8.1169200e+05   2.5695801e+01
   8.1172600e+05   2.5146484e+01
   8.1184400e+05   2.7465820e+01
   8.1195000e+05   2.5695801e+01
   8.1225100e+05   2.6123047e+01
   8.1266400e+05   2.7893066e+01
   8.1457100e+05   2.6367188e+01
   8.1475400e+05   2.6245117e+01
   8.1487600e+05   2.9907227e+01
   8.1505000e+05   2.6733398e+01
   8.1531300e+05   2.8015137e+01
   8.1566600e+05   2.7893066e+01
   8.1585200e+05   2.5146484e+01
   8.1618300e+05   3.0883789e+01
   8.1644500e+05   2.9174805e+01
   8.1659700e+05   2.7404785e+01
   8.1696700e+05   2.8015137e+01
   8.1851300e+05   3.8146973e+01
   8.1907900e+05   3.2775879e+01
   8.1926400e+05   2.7221680e+01
   8.1982000e+05   3.1555176e+01
   8.2059400e+05   3.1555176e+01
   8.2063900e+05   2.5268555e+01
   8.2068700e+05   3.8818359e+01
   8.2085500e+05   2.5878906e+01
   8.2096300e+05   2.7832031e+01
   8.2104700e+05   2.7587891e+01
   8.2115500e+05   3.1372070e+01
   8.2123500e+05   2.4902344e+01
   8.2124900e+05   2.9174805e+01
   8.2135900e+05   2.9907227e+01
   8.2143700e+05   4.3701172e+01
   8.2155400e+05   3.6376953e+01
   8.2157700e+05   2.8808594e+01
   8.2161900e+05   3.3203125e+01
   8.2165000e+05   2.6977539e+01
   8.2174400e+05   2.6306152e+01
   8.2178200e+05   2.9296875e+01
   8.2182000e+05   2.9052734e+01
   8.2184000e+05   2.4780273e+01
   8.2188700e+05   2.8625488e+01
   8.2195800e+05   2.5512695e+01
   8.2200900e+05   3.3142090e+01
   8.2202800e+05   2.5085449e+01
   8.2206100e+05   2.8381348e+01
   8.2209700e+05   2.7038574e+01
   8.2325400e+05   2.6123047e+01
   8.2554500e+05   2.4963379e+01
   8.2580700e+05   3.1494141e+01
   8.2633800e+05   2.4902344e+01
   8.2775400e+05   2.8564453e+01
   8.2814900e+05   2.5451660e+01
   8.2905000e+05   3.2836914e+01
   8.2917000e+05   2.6367188e+01
   8.2927100e+05   3.0822754e+01
   8.2953000e+05   2.5573730e+01
   8.3087400e+05   2.5146484e+01
   8.3105900e+05   2.8137207e+01
   8.3126800e+05   2.8137207e+01
   8.3128500e+05   2.7587891e+01
   8.3138000e+05   3.1860352e+01
   8.3162600e+05   3.0761719e+01
   8.3208900e+05   2.6306152e+01
   8.3321500e+05   3.1188965e+01
   8.3378800e+05   2.9235840e+01
   8.3604200e+05   2.9113770e+01
   8.3614800e+05   2.9846191e+01
   8.3634700e+05   2.6367188e+01
   8.3646000e+05   2.8442383e+01
   8.3655500e+05   4.1687012e+01
   8.3657800e+05   2.7282715e+01
   8.3660100e+05   2.6855469e+01
   8.3663700e+05   2.8686523e+01
   8.3666200e+05   3.1005859e+01
   8.3673300e+05   2.4963379e+01
   8.3677800e+05   3.0334473e+01
   8.3679700e+05   2.7832031e+01
   8.3681200e+05   2.5207520e+01
   8.3684600e+05   4.7607422e+01
   8.3686100e+05   3.6987305e+01
   8.3688700e+05   3.6071777e+01
   8.3691800e+05   2.7038574e+01
   8.3693200e+05   3.2714844e+01
   8.3696500e+05   2.9052734e+01
   8.3701700e+05   3.2226562e+01
   8.3706600e+05   2.5695801e+01
   8.3710600e+05   2.6794434e+01
   8.3716900e+05   2.5268555e+01
   8.3731500e+05   2.6245117e+01
   8.3748000e+05   2.4963379e+01
   8.3759500e+05   2.6123047e+01
   8.4061900e+05   2.7709961e+01
   8.4166500e+05   2.8076172e+01
   8.4239700e+05   2.5085449e+01
   8.4301400e+05   2.5268555e+01
   8.4467500e+05   2.9174805e+01
   8.4470600e+05   2.8564453e+01
   8.4483200e+05   2.4902344e+01
   8.4597900e+05   2.4841309e+01
   8.4663200e+05   2.9907227e+01
   8.4667400e+05   3.1311035e+01
   8.4689300e+05   2.8442383e+01
   8.4808100e+05   2.5878906e+01
   8.4823600e+05   2.5451660e+01
   8.4836900e+05   2.8015137e+01
   8.4849300e+05   2.5512695e+01
   8.4883600e+05   3.1005859e+01
   8.4897500e+05   4.0161133e+01
   8.4908600e+05   2.7221680e+01
   8.4914400e+05   2.9174805e+01
   8.4924500e+05   2.8808594e+01
   8.4929700e+05   2.5207520e+01
   8.4931600e+05   2.4963379e+01
   8.4935800e+05   3.0639648e+01
   8.4939500e+05   2.6245117e+01
   8.4943600e+05   3.0334473e+01
   8.4944900e+05   3.0151367e+01
   8.4950100e+05   3.9306641e+01
   8.4951700e+05   2.8869629e+01
   8.4955800e+05   2.7770996e+01
   8.4963700e+05   2.7221680e+01
   8.4968400e+05   2.9235840e+01
   8.4969400e+05   2.5634766e+01
   8.4976400e+05   2.5329590e+01
   8.4982300e+05   2.5512695e+01
   8.5041700e+05   2.5939941e+01
   8.5469900e+05   2.8930664e+01
   8.5533500e+05   2.6611328e+01
   8.5608000e+05   3.1982422e+01
   8.5641700e+05   3.0090332e+01
   8.5747400e+05   2.5695801e+01
   8.5764000e+05   3.5644531e+01
   8.5853000e+05   2.5390625e+01
   8.5981800e+05   3.2165527e+01
   8.6031400e+05   2.5512695e+01
   8.6043500e+05   2.9296875e+01
   8.6056300e+05   3.4606934e+01
   8.6068600e+05   3.5095215e+01
   8.6072500e+05   2.8442383e+01
   8.6083200e+05   2.5451660e+01
   8.6089700e+05   2.7099609e+01
   8.6095900e+05   2.4902344e+01
   8.6106100e+05   2.5207520e+01
   8.6108600e+05   2.8625488e+01
   8.6118000e+05   2.4780273e+01
   8.6121500e+05   3.7048340e+01
   8.6123000e+05   2.8686523e+01
   8.6131900e+05   2.5329590e+01
   8.6135500e+05   2.8198242e+01
   8.6140100e+05   2.5695801e+01
   8.6142500e+05   3.0212402e+01
   8.6164000e+05   2.7404785e+01
   8.6171200e+05   2.5573730e+01
   8.6175200e+05   2.4780273e+01
   8.6240600e+05   2.6550293e+01
   8.6847200e+05   4.9926758e+01
   8.6986100e+05   3.0334473e+01
   8.7039900e+05   2.8320312e+01
   8.7107500e+05   3.7414551e+01
   8.7175600e+05   3.0334473e+01
   8.7179600e+05   2.9052734e+01
   8.7192200e+05   2.5756836e+01
   8.7207700e+05   3.1921387e+01
   8.7221000e+05   2.5390625e+01
   8.7235700e+05   2.7404785e+01
   8.7246900e+05   2.5451660e+01
   8.7262400e+05   3.1066895e+01
   8.7268300e+05   2.7099609e+01
   8.7279200e+05   2.5329590e+01
   8.7282100e+05   2.7832031e+01
   8.7283200e+05   3.0883789e+01
   8.7286500e+05   2.5024414e+01
   8.7291000e+05   2.9663086e+01
   8.7294100e+05   3.8757324e+01
   8.7302000e+05   3.0761719e+01
   8.7304000e+05   2.4902344e+01
   8.7308200e+05   2.6184082e+01
   8.7309300e+05   2.5939941e+01
   8.7313300e+05   2.6184082e+01
   8.7318000e+05   2.6428223e+01
   8.7322400e+05   2.6306152e+01
   8.7325900e+05   2.8564453e+01
   8.7339000e+05   3.4484863e+01
   8.7348900e+05   2.8259277e+01
   8.8202400e+05   3.2287598e+01
   8.8220200e+05   3.5278320e+01
   8.8443000e+05   2.6550293e+01
   8.8479800e+05   3.4545898e+01
   8.8482500e+05   2.9113770e+01
   8.8493700e+05   3.5278320e+01
   8.8502500e+05   3.2775879e+01
   8.8508000e+05   2.5268555e+01
   8.8517400e+05   2.5878906e+01
   8.8520500e+05   2.8442383e+01
   8.8526700e+05   2.8137207e+01
   8.8532100e+05   4.6325684e+01
   8.8535600e+05   2.8320312e+01
   8.8539100e+05   3.7902832e+01
   8.8541900e+05   2.5512695e+01
   8.8545300e+05   3.3569336e+01
   8.8549400e+05   2.6367188e+01
   8.8551800e+05   3.1555176e+01
   8.8553400e+05   2.8930664e+01
   8.8557900e+05   2.5146484e+01
   8.8562400e+05   2.6062012e+01
   8.8565500e+05   2.8991699e+01
   8.8576000e+05   2.6184082e+01
   8.8578800e+05   2.6489258e+01
   8.9660200e+05   3.4606934e+01
   8.9670500e+05   2.8991699e+01
   8.9679900e+05   2.7282715e+01
   8.9689000e+05   3.1127930e+01
   8.9700500e+05   3.4606934e+01
   8.9703700e+05   2.5207520e+01
   8.9713800e+05   2.7587891e+01
   8.9715100e+05   2.7404785e+01
   8.9722200e+05   3.3203125e+01
   8.9727500e+05   3.1494141e+01
   8.9728800e+05   2.8869629e+01
   8.9734500e+05   2.8747559e+01
   8.9739500e+05   3.0151367e+01
   8.9742200e+05   2.8442383e+01
   8.9747500e+05   3.1433105e+01
   8.9750800e+05   2.8015137e+01
   8.9752100e+05   2.5329590e+01
   8.9753400e+05   2.5878906e+01
   8.9758100e+05   3.0212402e+01
   8.9768700e+05   2.5085449e+01
   8.9769700e+05   2.8808594e+01
   8.9782500e+05   2.5268555e+01
   8.9799700e+05   2.9052734e+01
   8.9801600e+05   2.6428223e+01
   8.9805800e+05   2.5756836e+01
   9.0561700e+05   3.5217285e+01
   9.0839900e+05   3.2287598e+01
   9.0870200e+05   3.1188965e+01
   9.0888500e+05   2.8564453e+01
   9.0899800e+05   4.2785645e+01
   9.0906300e+05   2.4841309e+01
   9.0907600e+05   2.8076172e+01
   9.0918400e+05   2.8747559e+01
   9.0925200e+05   2.8503418e+01
   9.0928800e+05   2.7893066e+01
   9.0932700e+05   3.9123535e+01
   9.0938400e+05   2.4780273e+01
   9.0939700e+05   2.9846191e+01
   9.0944800e+05   3.0273438e+01
   9.0951900e+05   3.5156250e+01
   9.0953200e+05   2.8625488e+01
   9.0956500e+05   2.9602051e+01
   9.0958500e+05   2.5329590e+01
   9.0962600e+05   2.8381348e+01
   9.0966900e+05   2.5878906e+01
   9.0972300e+05   3.2836914e+01
   9.0978800e+05   2.7526855e+01
   9.0980000e+05   2.7709961e+01
   9.0994400e+05   2.5573730e+01
   9.0997200e+05   2.8625488e+01
   9.2041400e+05   3.1799316e+01
   9.2052600e+05   2.7343750e+01
   9.2053600e+05   3.1066895e+01
   9.2060900e+05   3.1555176e+01
   9.2071600e+05   2.7648926e+01
   9.2081500e+05   2.6550293e+01
   9.2087900e+05   2.9968262e+01
   9.2094000e+05   4.3212891e+01
   9.2099900e+05   2.5512695e+01
   9.2105800e+05   3.6743164e+01
   9.2109500e+05   2.6855469e+01
   9.2116500e+05   2.7404785e+01
   9.2129000e+05   2.6733398e+01
   9.2134200e+05   2.7343750e+01
   9.2142700e+05   2.9357910e+01
   9.2144700e+05   2.5817871e+01
   9.2150800e+05   2.5512695e+01
   9.2158400e+05   2.6184082e+01
   9.2167900e+05   2.4902344e+01
   9.2169000e+05   3.2104492e+01
   9.2184600e+05   2.8198242e+01
   9.2193400e+05   2.6245117e+01
   9.3080900e+05   3.1250000e+01
   9.3097900e+05   3.1921387e+01
   9.3102700e+05   2.6733398e+01
   9.3107100e+05   2.5756836e+01
   9.3120500e+05   4.1564941e+01
   9.3121700e+05   2.5329590e+01
   9.3128000e+05   2.8625488e+01
   9.3135300e+05   2.7099609e+01
   9.3137700e+05   2.9724121e+01
   9.3149600e+05   2.9113770e+01
   9.3150600e+05   4.1198730e+01
   9.3153900e+05   2.6245117e+01
   9.3171700e+05   3.9672852e+01
   9.3173900e+05   3.0395508e+01
   9.3176200e+05   2.9235840e+01
   9.3188900e+05   3.2104492e+01
   9.3206400e+05   2.4780273e+01
   9.3928300e+05   3.2348633e+01
   9.3943800e+05   3.2531738e+01
   9.3952700e+05   3.3386230e+01
   9.3961300e+05   3.1494141e+01
   9.3966000e+05   3.2287598e+01
   9.3971700e+05   4.4067383e+01
   9.3982700e+05   2.7526855e+01
   9.3983800e+05   2.7099609e+01
   9.3994500e+05   3.4118652e+01
   9.4006700e+05   2.9418945e+01
   9.4018000e+05   2.8137207e+01
   9.4019000e+05   2.8076172e+01
   9.4026600e+05   2.5268555e+01
   9.4030200e+05   2.7648926e+01
   9.4840300e+05   3.3325195e+01
   9.4842500e+05   3.0029297e+01
   9.4847200e+05   3.0029297e+01
   9.4853900e+05   3.0639648e+01
   9.4861400e+05   2.6855469e+01
   9.4868300e+05   2.7770996e+01
   9.4875400e+05   3.2470703e+01
   9.4877400e+05   2.6123047e+01
   9.4886300e+05   2.6000977e+01
   9.4894200e+05   2.6062012e+01
   9.4898400e+05   2.8503418e+01
   9.4900500e+05   3.3630371e+01
   9.4904200e+05   3.2165527e+01
   9.4909400e+05   2.6123047e+01
   9.4912200e+05   2.6611328e+01
   9.4913500e+05   2.7282715e+01
   9.4917300e+05   2.6855469e+01
   9.4922000e+05   3.3569336e+01
   9.4935700e+05   2.9418945e+01
   9.4946000e+05   3.1127930e+01
   9.4956300e+05   2.8869629e+01
   9.4965600e+05   2.4841309e+01
   9.4977300e+05   3.2043457e+01
   9.5006300e+05   2.5207520e+01
   9.5828000e+05   3.4606934e+01
   9.5829500e+05   3.0273438e+01
   9.5834600e+05   3.8940430e+01
   9.5835600e+05   3.2836914e+01
   9.5842700e+05   2.8625488e+01
   9.5846900e+05   2.6123047e+01
   9.5855000e+05   3.2531738e+01
   9.5870300e+05   2.6062012e+01
   9.5879400e+05   3.3081055e+01
   9.5890700e+05   3.6926270e+01
   9.5903900e+05   2.9235840e+01
   9.5918700e+05   3.7231445e+01
   9.5942500e+05   2.5634766e+01
   9.6041700e+05   3.1127930e+01
   9.6716000e+05   2.9541016e+01
   9.6723000e+05   3.9306641e+01
   9.6724600e+05   3.1372070e+01
   9.6730100e+05   3.4179688e+01
   9.6738100e+05   3.1860352e+01
   9.6741200e+05   2.5146484e+01
   9.6742800e+05   2.7404785e+01
   9.6746800e+05   3.2836914e+01
   9.6756100e+05   4.2785645e+01
   9.6760800e+05   3.2592773e+01
   9.6761800e+05   2.7160645e+01
   9.6764800e+05   2.7770996e+01
   9.6775900e+05   2.4780273e+01
   9.6777300e+05   3.4301758e+01
   9.6778600e+05   2.5268555e+01
   9.6780100e+05   2.8564453e+01
   9.6783900e+05   2.7343750e+01
   9.6786800e+05   3.0029297e+01
   9.6790000e+05   2.5878906e+01
   9.6791400e+05   2.8869629e+01
   9.6796200e+05   2.9602051e+01
   9.6803500e+05   2.7099609e+01
   9.6804800e+05   3.7353516e+01
   9.6813700e+05   2.8381348e+01
   9.6820900e+05   2.8442383e+01
   9.6822600e+05   2.8930664e+01
   9.7918600e+05   3.6987305e+01
   9.7924200e+05   3.8330078e+01
   9.7930800e+05   3.4729004e+01
   9.7932200e+05   3.6621094e+01
   9.7940200e+05   3.2104492e+01
   9.7945000e+05   2.5207520e+01
   9.7950900e+05   2.7587891e+01
   9.7954500e+05   2.5634766e+01
   9.7964400e+05   4.4067383e+01
   9.7965600e+05   2.8625488e+01
   9.7978000e+05   2.5085449e+01
   9.7982200e+05   3.2897949e+01
   9.7987100e+05   2.6916504e+01
   9.7991900e+05   3.1188965e+01
   9.7995600e+05   2.5512695e+01
   9.8012600e+05   2.8503418e+01
   9.8028100e+05   2.8747559e+01
   9.8886000e+05   3.8024902e+01
   9.8891900e+05   3.5339355e+01
   9.8897800e+05   3.0639648e+01
   9.8899100e+05   2.9663086e+01
   9.8908200e+05   3.8574219e+01
   9.8912600e+05   2.9052734e+01
   9.8923600e+05   3.1616211e+01
   9.8934500e+05   3.0639648e+01
   9.8940100e+05   2.8686523e+01
   9.8943200e+05   3.2897949e+01
   9.8949300e+05   2.5451660e+01
   9.8951000e+05   2.5573730e+01
   9.8954700e+05   3.2775879e+01
   9.8966700e+05   3.6865234e+01
   9.8968300e+05   3.0883789e+01
   9.8971300e+05   3.2958984e+01
   9.8977200e+05   2.8137207e+01
   9.8989000e+05   4.4494629e+01
   9.9002600e+05   2.9602051e+01
   1.0008970e+06   4.7851562e+01
   1.0009510e+06   3.6743164e+01
   1.0009650e+06   2.5390625e+01
   1.0010030e+06   3.1372070e+01
   1.0010780e+06   3.3508301e+01
   1.0011220e+06   2.9052734e+01
   1.0011780e+06   3.0822754e+01
   1.0012130e+06   3.7048340e+01
   1.0012760e+06   4.1564941e+01
   1.0013140e+06   3.1799316e+01
   1.0013820e+06   2.7160645e+01
   1.0014240e+06   2.6184082e+01
   1.0014980e+06   3.3874512e+01
   1.0015460e+06   2.6611328e+01
   1.0015720e+06   3.3752441e+01
   1.0015930e+06   3.0334473e+01
   1.0016890e+06   4.0954590e+01
   1.0017680e+06   2.8930664e+01
   1.0018500e+06   2.6977539e+01
   1.0019230e+06   3.0639648e+01
   1.0020120e+06   3.1860352e+01
   1.0020560e+06   2.5390625e+01
   1.0020920e+06   2.5390625e+01
   1.0021310e+06   2.7770996e+01
   1.0185070e+06   3.0700684e+01
   1.0185560e+06   3.3142090e+01
   1.0186190e+06   3.7048340e+01
   1.0186330e+06   2.6855469e+01
   1.0186900e+06   3.6499023e+01
   1.0187260e+06   2.9052734e+01
   1.0187780e+06   2.5512695e+01
   1.0187880e+06   3.5705566e+01
   1.0188590e+06   3.5095215e+01
   1.0188700e+06   4.1259766e+01
   1.0189050e+06   2.7770996e+01
   1.0189180e+06   3.5034180e+01
   1.0189410e+06   3.7170410e+01
   1.0189840e+06   2.6428223e+01
   1.0190190e+06   2.7160645e+01
   1.0190320e+06   4.8889160e+01
   1.0190730e+06   3.2653809e+01
   1.0190970e+06   2.6000977e+01
   1.0191110e+06   4.1137695e+01
   1.0191310e+06   2.4780273e+01
   1.0191470e+06   2.6916504e+01
   1.0191770e+06   2.7954102e+01
   1.0192350e+06   2.6550293e+01
   1.0193820e+06   3.5461426e+01
   1.0194420e+06   2.4902344e+01
   1.0195340e+06   2.9663086e+01
   1.0196390e+06   2.6062012e+01
   1.0197190e+06   2.6428223e+01
   1.0198180e+06   2.6916504e+01
   1.0200840e+06   2.7465820e+01
   1.0430960e+06   2.9052734e+01
   1.0431420e+06   5.0354004e+01
   1.0431820e+06   3.2226562e+01
   1.0431950e+06   2.8137207e+01
   1.0432370e+06   2.9357910e+01
   1.0432980e+06   2.8808594e+01
   1.0433190e+06   3.2897949e+01
   1.0433620e+06   2.5512695e+01
   1.0434160e+06   3.7353516e+01
   1.0434530e+06   2.7587891e+01
   1.0435140e+06   3.8391113e+01
   1.0435400e+06   2.9907227e+01
   1.0435620e+06   2.6000977e+01
   1.0436050e+06   5.3222656e+01
   1.0436300e+06   3.6376953e+01
   1.0436690e+06   3.8391113e+01
   1.0437280e+06   2.5085449e+01
   1.0437890e+06   2.5695801e+01
   1.0438300e+06   2.8747559e+01
   1.0438980e+06   2.6977539e+01
   1.0439570e+06   2.9663086e+01
   1.0439910e+06   2.9785156e+01
   1.0440280e+06   2.9968262e+01
   1.0441440e+06   2.6916504e+01
   1.0444050e+06   3.3081055e+01
   1.0445160e+06   2.8686523e+01
   1.0446000e+06   2.8137207e+01
   1.0446480e+06   2.6123047e+01
   1.0449330e+06   3.3020020e+01
   1.0451590e+06   2.7221680e+01
   1.0777810e+06   3.3203125e+01
   1.0777950e+06   3.2043457e+01
   1.0778330e+06   3.1738281e+01
   1.0778440e+06   3.2775879e+01
   1.0778900e+06   2.6855469e+01
   1.0779510e+06   3.6987305e+01
   1.0779660e+06   3.7719727e+01
   1.0780330e+06   4.0039062e+01
   1.0780960e+06   2.8259277e+01
   1.0781450e+06   5.0476074e+01
   1.0781610e+06   3.1005859e+01
   1.0782080e+06   2.9968262e+01
   1.0782360e+06   3.9062500e+01
   1.0782500e+06   4.0832520e+01
   1.0782780e+06   3.2531738e+01
   1.0782960e+06   2.9235840e+01
   1.0783440e+06   3.6926270e+01
   1.0783790e+06   2.4963379e+01
   1.0784060e+06   3.5583496e+01
   1.0784220e+06   2.7465820e+01
   1.0784600e+06   2.5878906e+01
   1.0784820e+06   3.6315918e+01
   1.0785270e+06   2.5390625e+01
   1.0785590e+06   2.6245117e+01
   1.0785850e+06   2.7587891e+01
   1.0786620e+06   3.1066895e+01
   1.0787190e+06   2.5573730e+01
   1.0788820e+06   2.5512695e+01
   1.0791030e+06   3.0639648e+01
   1.0792050e+06   2.5939941e+01
   1.0792330e+06   2.7099609e+01
   1.0793080e+06   3.4179688e+01
   1.0794110e+06   3.3325195e+01
   1.0794390e+06   2.4841309e+01
   1.0796220e+06   2.5146484e+01
   1.0797600e+06   3.4362793e+01
   1.5299790e+06   4.2114258e+01
   1.5300310e+06   2.4963379e+01
   1.5300540e+06   2.6855469e+01
   1.5300930e+06   3.6987305e+01
   1.5301560e+06   2.6489258e+01
   1.5301840e+06   4.2907715e+01
   1.5302060e+06   2.9479980e+01
   1.5302250e+06   2.6428223e+01
   1.5302530e+06   4.5593262e+01
   1.5302820e+06   2.7954102e+01
   1.5303010e+06   4.9011230e+01
   1.5303270e+06   3.0395508e+01
   1.5303500e+06   3.6865234e+01
   1.5303890e+06   5.0109863e+01
   1.5304230e+06   4.2541504e+01
   1.5304700e+06   3.7658691e+01
   1.5304950e+06   3.5278320e+01
   1.5305090e+06   2.5146484e+01
   1.5305510e+06   2.5756836e+01
   1.5306040e+06   2.4902344e+01
   1.5306350e+06   2.9052734e+01
   1.5306730e+06   2.5695801e+01
   1.5307010e+06   2.5329590e+01
   1.5311510e+06   2.6794434e+01
   1.5312570e+06   2.9479980e+01
   1.5314580e+06   2.6550293e+01
   1.5316630e+06   2.6428223e+01
   1.5316910e+06   2.4902344e+01
   1.5318410e+06   2.9968262e+01
   1.5319600e+06   2.6000977e+01
   1.5319800e+06   2.4963379e+01
   1.5321370e+06   2.8930664e+01
   1.5323090e+06   2.7648926e+01
   1.5323830e+06   3.2653809e+01
   1.5324740e+06   3.3386230e+01
   1.5325930e+06   2.9113770e+01
   1.5328210e+06   2.5817871e+01
   1.5329420e+06   2.6062012e+01
   1.5332420e+06   2.9296875e+01
   1.5342530e+06   2.6062012e+01
   1.7199330e+06   2.6062012e+01
   1.7199820e+06   4.2785645e+01
   1.7200400e+06   4.3884277e+01
   1.7200640e+06   3.3142090e+01
   1.7200870e+06   3.1860352e+01
   1.7201070e+06   5.2551270e+01
   1.7201200e+06   3.0395508e+01
   1.7201380e+06   3.4118652e+01
   1.7201530e+06   3.2714844e+01
   1.7201670e+06   3.2409668e+01
   1.7201830e+06   2.8076172e+01
   1.7202110e+06   3.5156250e+01
   1.7202370e+06   2.8015137e+01
   1.7202590e+06   2.8564453e+01
   1.7202770e+06   2.6733398e+01
   1.7203220e+06   4.1015625e+01
   1.7203490e+06   2.9541016e+01
   1.7203920e+06   3.1311035e+01
   1.7204220e+06   3.5583496e+01
   1.7204730e+06   3.3874512e+01
   1.7205190e+06   3.1250000e+01
   1.7205480e+06   2.5390625e+01
   1.7206080e+06   2.8259277e+01
   1.7206330e+06   2.5939941e+01
   1.7206810e+06   2.7465820e+01
   1.7207990e+06   2.5512695e+01
   1.7210790e+06   2.6000977e+01
   1.7211140e+06   3.0456543e+01
   1.7212220e+06   2.5573730e+01
   1.7215110e+06   2.4963379e+01
   1.7216720e+06   2.6245117e+01
   1.7217560e+06   3.5217285e+01
   1.7219410e+06   2.6123047e+01
   1.7221880e+06   2.6733398e+01
   1.7222910e+06   2.5573730e+01
   1.7224600e+06   3.2653809e+01
   1.7226030e+06   2.9663086e+01
   1.7227190e+06   2.9174805e+01
   1.7228710e+06   3.0456543e+01
   1.7229620e+06   2.4963379e+01
   1.7236120e+06   3.1738281e+01
   1.7239620e+06   2.8808594e+01
   1.7240940e+06   2.6245117e+01
   1.7280030e+06   3.4912109e+01
   1.7306960e+06   3.8879395e+01
   1.7308100e+06   4.1931152e+01
   1.7308290e+06   2.5390625e+01
   1.7308840e+06   2.9541016e+01
   1.7309010e+06   2.4902344e+01
   1.7310080e+06   2.4780273e+01
   1.7310240e+06   2.5146484e+01
   1.7310400e+06   2.7465820e+01
   1.7310880e+06   3.2531738e+01
   1.7311250e+06   2.5939941e+01
   1.7311580e+06   2.5756836e+01
   1.7311990e+06   2.7954102e+01
   1.7312140e+06   2.5024414e+01
   1.7312550e+06   4.3395996e+01
   1.7312670e+06   2.5695801e+01
   1.7312910e+06   2.8503418e+01
   1.7313180e+06   3.2226562e+01
   1.7313450e+06   3.7475586e+01
   1.7313660e+06   2.9846191e+01
   1.7313930e+06   2.5878906e+01
   1.7314170e+06   2.7160645e+01
   1.7314490e+06   3.2226562e+01
   1.7314850e+06   2.4963379e+01
   1.7315340e+06   2.9418945e+01
   1.7316920e+06   2.8686523e+01
   1.7318110e+06   2.5451660e+01
   1.7318780e+06   2.6184082e+01
   1.7319420e+06   2.5085449e+01
   1.7323230e+06   3.2531738e+01
   1.7324070e+06   2.7343750e+01
   1.7325680e+06   2.8259277e+01
   1.7328760e+06   2.9357910e+01
   1.7329830e+06   2.5878906e+01
   1.7330360e+06   2.5573730e+01
   1.7336650e+06   2.5878906e+01
   1.7342690e+06   2.6245117e+01
   1.7346470e+06   2.8442383e+01
   1.7351780e+06   2.6000977e+01
   1.7353350e+06   3.1799316e+01
   1.7359880e+06   2.8381348e+01
   1.7361910e+06   3.2714844e+01
   1.7378300e+06   2.8259277e+01
   1.7379950e+06   3.2653809e+01
   1.7381520e+06   2.6245117e+01
   1.7386380e+06   2.7465820e+01
   1.7399730e+06   3.5522461e+01
   1.7402240e+06   2.5878906e+01
   1.7403610e+06   3.1799316e+01
   1.7404490e+06   2.7526855e+01
   1.7406540e+06   2.5634766e+01
   1.7407810e+06   3.3752441e+01
   1.7408960e+06   2.8137207e+01
   1.7412870e+06   2.8991699e+01
   1.7414400e+06   2.7770996e+01
   1.7437920e+06   3.6621094e+01
   1.7438490e+06   2.5573730e+01
   1.7440190e+06   2.5451660e+01
   1.7440900e+06   2.9357910e+01
   1.7443640e+06   2.6062012e+01
   1.7444700e+06   2.5573730e+01
   1.7448550e+06   2.4902344e+01
   1.7449640e+06   2.5512695e+01
   1.7451040e+06   2.6916504e+01
   1.7454380e+06   2.7832031e+01
   1.7455610e+06   2.6855469e+01
   1.7458250e+06   2.9602051e+01
   1.7459730e+06   2.6123047e+01
   1.7477700e+06   3.3447266e+01
   1.7478550e+06   2.5329590e+01
   1.7478720e+06   3.0578613e+01
   1.7480950e+06   3.4790039e+01
   1.7482190e+06   2.9724121e+01
   1.7483650e+06   3.4301758e+01
   1.7485070e+06   2.7160645e+01
   1.7486860e+06   2.6977539e+01
   1.7488500e+06   3.5766602e+01
   1.7490360e+06   2.5939941e+01
   1.7507250e+06   3.0212402e+01
   1.7508360e+06   3.5949707e+01
   1.7509490e+06   2.6306152e+01
   1.7510210e+06   2.6611328e+01
   1.7510940e+06   3.3203125e+01
   1.7512890e+06   3.7170410e+01
   1.7514300e+06   3.1555176e+01
   1.7516290e+06   2.5756836e+01
   1.7517140e+06   2.6855469e+01
   1.7517390e+06   2.6794434e+01
   1.7517570e+06   2.6000977e+01
   1.7518170e+06   2.9174805e+01
   1.7518340e+06   5.2734375e+01
   1.7518600e+06   2.6428223e+01
   1.7518870e+06   3.8208008e+01
   1.7519230e+06   2.6611328e+01
   1.7519490e+06   3.5339355e+01
   1.7519960e+06   3.2470703e+01
   1.7520180e+06   2.7770996e+01
   1.7520790e+06   2.8503418e+01
   1.7521110e+06   2.7648926e+01
   1.7521970e+06   3.6254883e+01
   1.7522220e+06   2.4780273e+01
   1.7523670e+06   2.4780273e+01
   1.7524350e+06   2.8320312e+01
   1.7524750e+06   2.5024414e+01
   1.7525570e+06   2.5573730e+01
   1.7525680e+06   2.8320312e+01
   1.7530280e+06   2.6062012e+01
   1.7531350e+06   2.5695801e+01
   1.7543280e+06   2.5146484e+01
   1.7555250e+06   3.0090332e+01
   1.7575250e+06   2.7954102e+01
   1.7577520e+06   2.5878906e+01
   1.7586660e+06   2.6489258e+01
   1.7588190e+06   2.8747559e+01
   1.7599020e+06   2.6306152e+01
   1.7600720e+06   3.2775879e+01
   1.7601870e+06   3.1188965e+01
   1.7617620e+06   2.6000977e+01
   1.7623410e+06   3.1005859e+01
   1.7624220e+06   2.8259277e+01
   1.7626250e+06   2.4841309e+01
   1.7629110e+06   2.7770996e+01
   1.7633070e+06   2.6184082e+01
   1.7659460e+06   2.9724121e+01
   1.7660130e+06   3.0090332e+01
   1.7660980e+06   3.2836914e+01
   1.7661590e+06   2.4780273e+01
   1.7662900e+06   2.4780273e+01
   1.7665490e+06   3.0456543e+01
   1.7667440e+06   2.8198242e+01
   1.7669740e+06   2.5817871e+01
   1.7673890e+06   3.0578613e+01
   1.7674020e+06   2.5512695e+01
   1.7693460e+06   3.9733887e+01
   1.7694190e+06   2.9235840e+01
   1.7694940e+06   2.9174805e+01
   1.7696220e+06   3.1127930e+01
   1.7698940e+06   2.9785156e+01
   1.7700200e+06   2.8015137e+01
   1.7704100e+06   4.4006348e+01
   1.7707500e+06   4.0222168e+01
   1.7711750e+06   2.6977539e+01
   1.7713830e+06   2.5878906e+01
   1.7729230e+06   3.9916992e+01
   1.7729920e+06   4.0771484e+01
   1.7730790e+06   2.6550293e+01
   1.7732040e+06   3.6560059e+01
   1.7735610e+06   3.1921387e+01
   1.7737940e+06   2.5268555e+01
   1.7754470e+06   2.5268555e+01
   1.7754670e+06   3.4057617e+01
   1.7755390e+06   3.3630371e+01
   1.7756060e+06   2.6367188e+01
   1.7756940e+06   2.8625488e+01
   1.7758810e+06   2.5756836e+01
   1.7759920e+06   4.1076660e+01
   1.7760790e+06   2.4841309e+01
   1.7762330e+06   3.4179688e+01
   1.7763290e+06   3.5705566e+01
   1.7765490e+06   2.6367188e+01
   1.7765770e+06   2.8381348e+01
   1.7766120e+06   2.5085449e+01
   1.7766480e+06   2.6123047e+01
   1.7766610e+06   2.7099609e+01
   1.7766990e+06   2.7954102e+01
   1.7767150e+06   3.5400391e+01
   1.7767440e+06   2.6550293e+01
   1.7767800e+06   2.6855469e+01
   1.7768010e+06   3.0151367e+01
   1.7768150e+06   3.2409668e+01
   1.7768270e+06   2.5390625e+01
   1.7769060e+06   2.7038574e+01
   1.7769160e+06   2.8503418e+01
   1.7770480e+06   2.6367188e+01
   1.7770720e+06   3.3691406e+01
   1.7771050e+06   3.6132812e+01
   1.7772230e+06   2.6672363e+01
   1.7778560e+06   2.5390625e+01
   1.7837160e+06   2.7954102e+01
   1.7844250e+06   3.3142090e+01
   1.7845270e+06   3.7048340e+01
   1.7859460e+06   2.9602051e+01
   1.7870650e+06   3.5034180e+01
   1.7871560e+06   2.7526855e+01
   1.7872580e+06   3.5278320e+01
   1.7894600e+06   3.0212402e+01
   1.7895670e+06   3.0090332e+01
   1.7896690e+06   2.7587891e+01
   1.7897660e+06   3.1616211e+01
   1.7900090e+06   2.9357910e+01
   1.7901180e+06   3.1616211e+01
   1.7905680e+06   2.8808594e+01
   1.7931130e+06   3.3508301e+01
   1.7931830e+06   3.1921387e+01
   1.7932830e+06   3.8208008e+01
   1.7935890e+06   3.2409668e+01
   1.7937040e+06   3.4118652e+01
   1.7938360e+06   2.7954102e+01
   1.7939190e+06   3.0639648e+01
   1.7940100e+06   3.4240723e+01
   1.7940420e+06   2.6916504e+01
   1.7940520e+06   3.1311035e+01
   1.7941430e+06   2.6184082e+01
   1.7941630e+06   2.8442383e+01
   1.7942050e+06   3.9611816e+01
   1.7942560e+06   3.9550781e+01
   1.7942780e+06   3.7109375e+01
   1.7943210e+06   2.4780273e+01
   1.7943860e+06   3.0761719e+01
   1.7944170e+06   2.6611328e+01
   1.7944470e+06   2.9907227e+01
   1.7944970e+06   2.4780273e+01
   1.7945430e+06   3.0395508e+01
   1.7945890e+06   2.7099609e+01
   1.8024840e+06   3.5888672e+01
   1.8054430e+06   2.8991699e+01
   1.8056220e+06   4.2968750e+01
   1.8071880e+06   3.2043457e+01
   1.8083300e+06   3.5888672e+01
   1.8084560e+06   3.1921387e+01
   1.8085840e+06   3.1066895e+01
   1.8086920e+06   3.3020020e+01
   1.8088740e+06   2.5268555e+01
   1.8115440e+06   3.2592773e+01
   1.8116600e+06   4.2419434e+01
   1.8117550e+06   2.9479980e+01
   1.8118990e+06   3.0883789e+01
   1.8121040e+06   2.6062012e+01
   1.8121230e+06   2.5878906e+01
   1.8122870e+06   3.3325195e+01
   1.8123980e+06   2.4780273e+01
   1.8157840e+06   3.3569336e+01
   1.8158500e+06   2.9174805e+01
   1.8159250e+06   4.2175293e+01
   1.8160220e+06   3.2897949e+01
   1.8162620e+06   2.5878906e+01
   1.8162920e+06   2.4780273e+01
   1.8163570e+06   3.0151367e+01
   1.8166050e+06   3.3813477e+01
   1.8167430e+06   2.9968262e+01
   1.8170880e+06   3.0456543e+01
   1.8172690e+06   2.7282715e+01
   1.8202130e+06   3.5278320e+01
   1.8202670e+06   2.8442383e+01
   1.8203300e+06   2.4841309e+01
   1.8205660e+06   3.1433105e+01
   1.8207150e+06   3.0700684e+01
   1.8209600e+06   2.8747559e+01
   1.8210300e+06   2.6306152e+01
   1.8211220e+06   3.1005859e+01
   1.8214760e+06   2.5390625e+01
   1.8219830e+06   3.0273438e+01
   1.8258170e+06   3.3874512e+01
   1.8258820e+06   2.6489258e+01
   1.8259480e+06   2.6000977e+01
   1.8260480e+06   3.0761719e+01
   1.8261900e+06   2.9418945e+01
   1.8263440e+06   2.7526855e+01
   1.8266230e+06   3.1860352e+01
   1.8267230e+06   3.4667969e+01
   1.8298800e+06   3.2531738e+01
   1.8298930e+06   2.9785156e+01
   1.8299520e+06   3.3508301e+01
   1.8300090e+06   3.0212402e+01
   1.8300790e+06   2.5878906e+01
   1.8302350e+06   2.5024414e+01
   1.8303590e+06   3.4973145e+01
   1.8304970e+06   2.5573730e+01
   1.8306620e+06   2.5634766e+01
   1.8308430e+06   2.8747559e+01
   1.8312670e+06   3.6010742e+01
   1.8349350e+06   3.0700684e+01
   1.8349940e+06   2.6489258e+01
   1.8350530e+06   3.1738281e+01
   1.8351440e+06   2.7648926e+01
   1.8352690e+06   2.6794434e+01
   1.8353510e+06   2.6672363e+01
   1.8354940e+06   2.4841309e+01
   1.8355230e+06   2.9846191e+01
   1.8357110e+06   2.6184082e+01
   1.8358650e+06   2.8930664e+01
   1.8365340e+06   2.8442383e+01
   1.8367280e+06   3.0761719e+01
   1.8398930e+06   4.2907715e+01
   1.8399470e+06   3.3813477e+01
   1.8399620e+06   2.8747559e+01
   1.8400010e+06   2.4963379e+01
   1.8400840e+06   2.9479980e+01
   1.8402980e+06   2.8869629e+01
   1.8404180e+06   2.7221680e+01
   1.8407730e+06   2.7709961e+01
   1.8414000e+06   3.0212402e+01
   1.8447140e+06   3.4912109e+01
   1.8447590e+06   3.9367676e+01
   1.8448230e+06   2.9907227e+01
   1.8449140e+06   2.6428223e+01
   1.8450090e+06   2.7465820e+01
   1.8451170e+06   2.6672363e+01
   1.8451540e+06   2.9968262e+01
   1.8453170e+06   2.6306152e+01
   1.8453860e+06   2.9602051e+01
   1.8456370e+06   3.6193848e+01
   1.8457620e+06   2.7893066e+01
   1.8459580e+06   2.5207520e+01
   1.8490390e+06   3.5522461e+01
   1.8490800e+06   2.8930664e+01
   1.8491320e+06   2.8198242e+01
   1.8491960e+06   2.6916504e+01
   1.8493150e+06   2.7404785e+01
   1.8494190e+06   3.3264160e+01
   1.8496710e+06   2.9418945e+01
   1.8497880e+06   3.1738281e+01
   1.8499540e+06   2.9968262e+01
   1.8531530e+06   3.5888672e+01
   1.8532050e+06   3.6926270e+01
   1.8532640e+06   3.7048340e+01
   1.8533950e+06   3.3447266e+01
   1.8536520e+06   3.1433105e+01
   1.8538640e+06   2.8991699e+01
   1.8539510e+06   2.9479980e+01
   1.8584510e+06   3.8452148e+01
   1.8584990e+06   3.0395508e+01
   1.8585530e+06   3.6254883e+01
   1.8586140e+06   2.6123047e+01
   1.8587040e+06   2.8320312e+01
   1.8588320e+06   2.8686523e+01
   1.8588430e+06   3.5949707e+01
   1.8590230e+06   2.9113770e+01
   1.8590660e+06   2.5451660e+01
   1.8591730e+06   2.8747559e+01
   1.8591880e+06   2.6550293e+01
   1.8592420e+06   2.6000977e+01
   1.8592840e+06   2.5451660e+01
   1.8593220e+06   4.3945312e+01
   1.8593590e+06   3.5827637e+01
   1.8593710e+06   4.3334961e+01
   1.8593840e+06   2.8625488e+01
   1.8594130e+06   2.9479980e+01
   1.8594260e+06   3.5400391e+01
   1.8594530e+06   3.1188965e+01
   1.8594810e+06   2.7893066e+01
   1.8594990e+06   3.3020020e+01
   1.8595490e+06   3.0456543e+01
   1.8595680e+06   2.8137207e+01
   1.8596360e+06   2.6428223e+01
   1.8596610e+06   3.4606934e+01
   1.8596820e+06   2.5451660e+01
   1.8596950e+06   2.7465820e+01
   1.8597490e+06   2.7526855e+01
   1.8600290e+06   2.7282715e+01
   1.8601660e+06   3.2165527e+01
   1.8601770e+06   2.6977539e+01
   1.8606830e+06   3.0273438e+01
   1.8698500e+06   3.1188965e+01
   1.8698730e+06   2.4902344e+01
   1.8699500e+06   3.5217285e+01
   1.8700650e+06   2.9602051e+01
   1.8748520e+06   4.4860840e+01
   1.8749340e+06   5.0964355e+01
   1.8750060e+06   3.0883789e+01
   1.8750730e+06   2.7709961e+01
   1.8750930e+06   2.5695801e+01
   1.8751970e+06   4.2114258e+01
   1.8753360e+06   2.9235840e+01
   1.8754370e+06   2.8686523e+01
   1.8756190e+06   2.6794434e+01
   1.8759660e+06   4.2785645e+01
   1.8811490e+06   3.6926270e+01
   1.8812010e+06   2.6855469e+01
   1.8813280e+06   2.7648926e+01
   1.8814210e+06   2.5878906e+01
   1.8815220e+06   2.5268555e+01
   1.8815510e+06   3.8208008e+01
   1.8816420e+06   2.6428223e+01
   1.8816620e+06   2.5512695e+01
   1.8818460e+06   2.9418945e+01
   1.8819850e+06   2.5390625e+01
   1.8822530e+06   3.2470703e+01
   1.8888620e+06   3.2165527e+01
   1.8889070e+06   2.9907227e+01
   1.8889580e+06   2.5085449e+01
   1.8890220e+06   2.6916504e+01
   1.8891270e+06   3.0517578e+01
   1.8892480e+06   2.6916504e+01
   1.8892640e+06   2.5085449e+01
   1.8894350e+06   3.1555176e+01
   1.8895540e+06   3.9489746e+01
   1.8896890e+06   3.2104492e+01
   1.8898210e+06   2.7770996e+01
   1.8899960e+06   3.4484863e+01
   1.8902020e+06   2.6672363e+01
   1.8904260e+06   2.6672363e+01
   1.8960700e+06   3.5400391e+01
   1.8961140e+06   3.9245605e+01
   1.8961590e+06   2.6245117e+01
   1.8962340e+06   3.1127930e+01
   1.8962590e+06   2.8015137e+01
   1.8963030e+06   3.2897949e+01
   1.8964300e+06   2.4841309e+01
   1.8965190e+06   3.2348633e+01
   1.8965780e+06   2.5329590e+01
   1.8966490e+06   3.3691406e+01
   1.8967880e+06   3.1921387e+01
   1.8968340e+06   2.6794434e+01
   1.8969690e+06   4.0405273e+01
   1.8970350e+06   3.2958984e+01
   1.8971310e+06   3.4423828e+01
   1.8971530e+06   2.5207520e+01
   1.8972000e+06   2.8320312e+01
   1.8972440e+06   4.0771484e+01
   1.8972910e+06   2.5024414e+01
   1.8973270e+06   3.9184570e+01
   1.8973380e+06   2.7282715e+01
   1.8973760e+06   2.9113770e+01
   1.8974160e+06   2.9174805e+01
   1.8974360e+06   3.6437988e+01
   1.8974790e+06   3.2470703e+01
   1.8975590e+06   2.5024414e+01
   1.8975830e+06   2.5817871e+01
   1.8976520e+06   2.6916504e+01
   1.8977900e+06   3.4973145e+01
   1.8979800e+06   2.5634766e+01
   1.8981700e+06   2.8015137e+01
   1.9130800e+06   5.4870605e+01
   1.9131420e+06   3.9672852e+01
   1.9131980e+06   3.0029297e+01
   1.9132730e+06   3.2104492e+01
   1.9133800e+06   3.1799316e+01
   1.9134490e+06   2.7221680e+01
   1.9134780e+06   2.5939941e+01
   1.9135850e+06   3.2104492e+01
   1.9136050e+06   2.5085449e+01
   1.9137920e+06   5.0476074e+01
   1.9210160e+06   3.1188965e+01
   1.9210680e+06   2.8869629e+01
   1.9211310e+06   3.3081055e+01
   1.9212100e+06   3.4545898e+01
   1.9213020e+06   4.4860840e+01
   1.9213850e+06   3.4973145e+01
   1.9214850e+06   2.8259277e+01
   1.9215630e+06   3.1433105e+01
   1.9216840e+06   2.7893066e+01
   1.9217430e+06   2.5817871e+01
   1.9218270e+06   3.2226563e+01
   1.9219020e+06   2.4963379e+01
   1.9219990e+06   3.4301758e+01
   1.9220140e+06   2.8930664e+01
   1.9220340e+06   2.6306152e+01
   1.9220690e+06   2.7832031e+01
   1.9221340e+06   4.0283203e+01
   1.9221580e+06   3.0456543e+01
   1.9221680e+06   3.1555176e+01
   1.9221930e+06   2.6062012e+01
   1.9222280e+06   2.7221680e+01
   1.9222490e+06   2.5634766e+01
   1.9222750e+06   3.9855957e+01
   1.9222910e+06   3.5278320e+01
   1.9223310e+06   2.8625488e+01
   1.9223720e+06   3.5949707e+01
   1.9224370e+06   3.1005859e+01
   1.9225890e+06   2.5024414e+01
   1.9226690e+06   2.9113770e+01
   1.9227220e+06   2.7099609e+01
   1.9228500e+06   2.8869629e+01
   1.9229920e+06   2.5390625e+01
   1.9231030e+06   2.7770996e+01
   1.9386710e+06   3.7536621e+01
   1.9387330e+06   3.1494141e+01
   1.9387600e+06   2.6855469e+01
   1.9387890e+06   3.2104492e+01
   1.9388850e+06   3.6254883e+01
   1.9390060e+06   3.0090332e+01
   1.9390410e+06   2.7465820e+01
   1.9391850e+06   3.6804199e+01
   1.9393120e+06   3.1616211e+01
   1.9393510e+06   2.8625488e+01
   1.9394780e+06   2.8015137e+01
   1.9397820e+06   3.1250000e+01
   1.9496670e+06   4.2480469e+01
   1.9497100e+06   3.5766602e+01
   1.9497550e+06   2.6550293e+01
   1.9497800e+06   2.7770996e+01
   1.9498350e+06   3.6071777e+01
   1.9499250e+06   2.8076172e+01
   1.9500400e+06   2.6794434e+01
   1.9500560e+06   3.0273438e+01
   1.9502210e+06   4.7119141e+01
   1.9502930e+06   3.0517578e+01
   1.9503250e+06   2.5695801e+01
   1.9503670e+06   2.7832031e+01
   1.9504010e+06   3.2226562e+01
   1.9504300e+06   3.6010742e+01
   1.9505160e+06   3.9306641e+01
   1.9505400e+06   3.2836914e+01
   1.9505640e+06   2.7343750e+01
   1.9505870e+06   3.0700684e+01
   1.9506180e+06   3.2714844e+01
   1.9506490e+06   3.9123535e+01
   1.9506780e+06   2.5695801e+01
   1.9507280e+06   3.2348633e+01
   1.9507810e+06   2.5085449e+01
   1.9508080e+06   3.2287598e+01
   1.9508420e+06   2.9174805e+01
   1.9508790e+06   2.7160645e+01
   1.9509520e+06   2.7709961e+01
   1.9509670e+06   2.5207520e+01
   1.9510410e+06   2.6000977e+01
   1.9511190e+06   2.9418945e+01
   1.9511340e+06   3.8024902e+01
   1.9512060e+06   3.5461426e+01
   1.9513010e+06   2.7221680e+01
   1.9513170e+06   2.6855469e+01
   1.9514120e+06   2.5939941e+01
   1.9516410e+06   2.6550293e+01
   1.9518540e+06   2.5634766e+01
   1.9706960e+06   3.3508301e+01
   1.9707070e+06   2.8747559e+01
   1.9707550e+06   3.1494141e+01
   1.9707820e+06   3.0578613e+01
   1.9708400e+06   3.2531738e+01
   1.9708500e+06   2.5329590e+01
   1.9709200e+06   3.9672852e+01
   1.9710070e+06   2.9724121e+01
   1.9710350e+06   2.9968262e+01
   1.9710880e+06   2.8015137e+01
   1.9711640e+06   3.3325195e+01
   1.9712310e+06   2.9479980e+01
   1.9713510e+06   3.0029297e+01
   1.9714400e+06   2.7343750e+01
   1.9714750e+06   3.0700684e+01
   1.9714900e+06   2.9113770e+01
   1.9715940e+06   3.1677246e+01
   1.9716100e+06   3.1127930e+01
   1.9716220e+06   2.8564453e+01
   1.9716520e+06   2.6550293e+01
   1.9716840e+06   3.1799316e+01
   1.9717100e+06   3.1188965e+01
   1.9717320e+06   2.7526855e+01
   1.9717550e+06   3.0212402e+01
   1.9717750e+06   2.5024414e+01
   1.9718220e+06   4.1870117e+01
   1.9718560e+06   2.5817871e+01
   1.9720210e+06   2.8198242e+01
   1.9720750e+06   2.5024414e+01
   1.9722220e+06   2.8137207e+01
   1.9723890e+06   2.7099609e+01
   1.9725140e+06   3.0761719e+01
   1.9725980e+06   2.7038574e+01
   1.9726180e+06   2.6123047e+01
   1.9727960e+06   3.5461426e+01
   1.9728430e+06   2.8808594e+01
   1.9730060e+06   2.5756836e+01
   1.9913760e+06   5.1635742e+01
   1.9914470e+06   3.8757324e+01
   1.9915130e+06   3.5400391e+01
   1.9916050e+06   2.8442383e+01
   1.9916240e+06   2.7770996e+01
   1.9917830e+06   3.3020020e+01
   1.9919340e+06   3.5217285e+01
   1.9920480e+06   2.7954102e+01
   1.9921850e+06   3.3447266e+01
   1.9924980e+06   2.9296875e+01
   2.0851580e+06   2.5390625e+01
   2.8550270e+06   3.4606934e+01
   2.8550380e+06   3.6132812e+01
   2.8550790e+06   4.1992188e+01
   2.8551110e+06   2.7404785e+01
   2.8551360e+06   2.5939941e+01
   2.8551510e+06   4.5959473e+01
   2.8551810e+06   5.5175781e+01
   2.8552020e+06   3.0761719e+01
   2.8552300e+06   5.9509277e+01
   2.8552540e+06   3.1250000e+01
   2.8552750e+06   4.3579102e+01
   2.8552940e+06   4.0405273e+01
   2.8553160e+06   3.4606934e+01
   2.8553290e+06   3.5278320e+01
   2.8553690e+06   4.4311523e+01
   2.8554000e+06   3.0212402e+01
   2.8554860e+06   2.7770996e+01
   2.8555340e+06   2.5268555e+01
   2.8556950e+06   2.8686523e+01
   2.8557670e+06   2.5329590e+01
   2.8561670e+06   2.4841309e+01
   2.8563930e+06   2.8442383e+01
   2.8564610e+06   2.5329590e+01
   2.8567420e+06   2.4963379e+01
   2.8567860e+06   3.0517578e+01
   2.8568100e+06   2.7282715e+01
   2.8570030e+06   2.6855469e+01
   2.8570660e+06   2.7832031e+01
   2.8572810e+06   3.0944824e+01
   2.8575550e+06   2.6611328e+01
   2.8577990e+06   2.5268555e+01
   2.8580050e+06   2.5268555e+01
   2.8582640e+06   2.8198242e+01
   2.8587510e+06   2.5390625e+01
   2.8594430e+06   2.6123047e+01
   2.8595870e+06   2.9296875e+01
   2.8605360e+06   3.1799316e+01
   2.8613280e+06   3.4118652e+01
   2.8623830e+06   4.2480469e+01
   2.8625560e+06   3.0944824e+01
   2.8632150e+06   3.3386230e+01
   2.8633670e+06   2.6550293e+01
   2.8645240e+06   3.7963867e+01
   2.8649890e+06   3.0822754e+01
   2.8650010e+06   2.4902344e+01
   2.8651040e+06   4.2846680e+01
   2.8652030e+06   2.9907227e+01
   2.8652730e+06   2.7893066e+01
   2.8653520e+06   2.8015137e+01
   2.8654990e+06   2.6611328e+01
   2.8656520e+06   2.5085449e+01
   2.8656990e+06   2.8381348e+01
   2.8657120e+06   2.6855469e+01
   2.8657420e+06   3.0212402e+01
   2.8657720e+06   3.0822754e+01
   2.8658010e+06   2.5085449e+01
   2.8658310e+06   3.3325195e+01
   2.8658470e+06   2.6855469e+01
   2.8658700e+06   2.5146484e+01
   2.8659090e+06   2.9602051e+01
   2.8659470e+06   3.0761719e+01
   2.8659930e+06   3.9184570e+01
   2.8660180e+06   3.2470703e+01
   2.8660440e+06   2.9541016e+01
   2.8660650e+06   2.5451660e+01
   2.8661080e+06   2.9296875e+01
   2.8661280e+06   2.6367188e+01
   2.8662400e+06   2.5939941e+01
   2.8666110e+06   2.5024414e+01
   2.8666680e+06   2.7709961e+01
   2.8670020e+06   2.7221680e+01
   2.8676120e+06   2.6367188e+01
   2.8681290e+06   2.6855469e+01
   2.8711100e+06   2.6367188e+01
   2.8718960e+06   2.7587891e+01
   2.8728000e+06   2.6428223e+01
   2.8730180e+06   2.6794434e+01
   2.8735080e+06   2.7343750e+01
   2.8736860e+06   2.6123047e+01
   2.8744050e+06   2.6367188e+01
   2.8745810e+06   2.6306152e+01
   2.8749220e+06   3.2897949e+01
   2.8751370e+06   2.6062012e+01
   2.8757100e+06   3.0151367e+01
   2.8760580e+06   3.8269043e+01
   2.8762190e+06   2.8503418e+01
   2.8763320e+06   2.7282715e+01
   2.8764760e+06   3.1433105e+01
   2.8768580e+06   2.7832031e+01
   2.8770080e+06   3.0273438e+01
   2.8782650e+06   2.9602051e+01
   2.8785520e+06   3.2226562e+01
   2.8788150e+06   2.9602051e+01
   2.8790010e+06   2.8930664e+01
   2.8794680e+06   2.6428223e+01
   2.8805620e+06   3.0944824e+01
   2.8806880e+06   2.8442383e+01
   2.8807970e+06   2.9785156e+01
   2.8809220e+06   2.5207520e+01
   2.8810170e+06   2.5878906e+01
   2.8811160e+06   3.0456543e+01
   2.8812750e+06   2.6916504e+01
   2.8813350e+06   2.5207520e+01
   2.8813690e+06   2.5207520e+01
   2.8813840e+06   2.6794434e+01
   2.8814420e+06   2.5146484e+01
   2.8814890e+06   3.1555176e+01
   2.8815370e+06   2.9174805e+01
   2.8815550e+06   2.5085449e+01
   2.8815870e+06   3.4790039e+01
   2.8816420e+06   2.7343750e+01
   2.8817120e+06   2.6672363e+01
   2.8817330e+06   2.6123047e+01
   2.8817710e+06   2.8869629e+01
   2.8818030e+06   2.5878906e+01
   2.8818140e+06   2.6000977e+01
   2.8818440e+06   2.7099609e+01
   2.8821140e+06   2.6428223e+01
   2.8821540e+06   2.6367188e+01
   2.8824340e+06   2.5451660e+01
   2.8825880e+06   2.9968262e+01
   2.8828600e+06   2.5878906e+01
   2.8849730e+06   3.0273438e+01
   2.8862140e+06   2.6123047e+01
   2.8867990e+06   2.6611328e+01
   2.8876670e+06   2.6611328e+01
   2.8881630e+06   2.4841309e+01
   2.8888390e+06   3.0151367e+01
   2.8894960e+06   2.6733398e+01
   2.8895200e+06   2.6916504e+01
   2.8896930e+06   3.1555176e+01
   2.8898500e+06   2.8442383e+01
   2.8906170e+06   2.6977539e+01
   2.8907690e+06   2.9235840e+01
   2.8910540e+06   3.1005859e+01
   2.8917110e+06   3.0273438e+01
   2.8918810e+06   2.5207520e+01
   2.8920530e+06   2.5512695e+01
   2.8922190e+06   2.7404785e+01
   2.8926340e+06   2.7343750e+01
   2.8930030e+06   4.4616699e+01
   2.8933120e+06   2.4902344e+01
   2.8937620e+06   2.5207520e+01
   2.8949010e+06   2.5390625e+01
   2.8950600e+06   2.8808594e+01
   2.8953170e+06   2.5756836e+01
   2.8958720e+06   4.0466309e+01
   2.8961310e+06   3.3935547e+01
   2.8964450e+06   2.6306152e+01
   2.8965550e+06   2.7832031e+01
   2.8968850e+06   2.5817871e+01
   2.8969250e+06   3.2165527e+01
   2.8969660e+06   3.0456543e+01
   2.8970660e+06   3.2043457e+01
   2.8971170e+06   2.5329590e+01
   2.8971860e+06   2.8015137e+01
   2.8972460e+06   2.6733398e+01
   2.8972770e+06   3.3874512e+01
   2.8973000e+06   2.7893066e+01
   2.8973350e+06   2.7282715e+01
   2.8973470e+06   2.9968262e+01
   2.8973750e+06   3.3569336e+01
   2.8974000e+06   2.5024414e+01
   2.8974140e+06   2.5451660e+01
   2.8974720e+06   2.8442383e+01
   2.8974970e+06   2.7038574e+01
   2.8975310e+06   2.8991699e+01
   2.8975530e+06   2.4841309e+01
   2.8975780e+06   2.6000977e+01
   2.8976890e+06   2.5268555e+01
   2.8978480e+06   2.6000977e+01
   2.8980680e+06   2.5573730e+01
   2.8983080e+06   2.5573730e+01
   2.8983540e+06   2.4902344e+01
   2.8984800e+06   2.4902344e+01
   2.9037760e+06   2.6000977e+01
   2.9041970e+06   2.5451660e+01
   2.9050510e+06   2.8137207e+01
   2.9056440e+06   2.9052734e+01
   2.9060930e+06   2.8076172e+01
   2.9075470e+06   3.4057617e+01
   2.9076670e+06   2.9052734e+01
   2.9084040e+06   2.8686523e+01
   2.9085900e+06   3.0395508e+01
   2.9087670e+06   3.0578613e+01
   2.9097270e+06   2.6550293e+01
   2.9099040e+06   2.7709961e+01
   2.9100940e+06   2.8137207e+01
   2.9102880e+06   2.7038574e+01
   2.9113020e+06   2.7648926e+01
   2.9114730e+06   2.4902344e+01
   2.9117450e+06   2.7954102e+01
   2.9119900e+06   2.7221680e+01
   2.9121100e+06   2.8442383e+01
   2.9121830e+06   3.1311035e+01
   2.9123740e+06   2.5634766e+01
   2.9123900e+06   2.8381348e+01
   2.9124310e+06   3.1921387e+01
   2.9124800e+06   2.8259277e+01
   2.9125020e+06   2.8686523e+01
   2.9125420e+06   2.5024414e+01
   2.9125740e+06   3.1799316e+01
   2.9126040e+06   2.6611328e+01
   2.9126670e+06   3.0395508e+01
   2.9126950e+06   2.7465820e+01
   2.9127170e+06   2.4902344e+01
   2.9127700e+06   2.5390625e+01
   2.9128850e+06   3.0029297e+01
   2.9129410e+06   2.9968262e+01
   2.9130140e+06   2.5024414e+01
   2.9208840e+06   2.4841309e+01
   2.9220270e+06   2.4841309e+01
   2.9222420e+06   2.9052734e+01
   2.9249710e+06   3.1127930e+01
   2.9251540e+06   2.5573730e+01
   2.9257800e+06   3.0029297e+01
   2.9262880e+06   2.6367188e+01
   2.9268000e+06   3.7231445e+01
   2.9275770e+06   2.8991699e+01
   2.9277690e+06   2.7343750e+01
   2.9278880e+06   2.7343750e+01
   2.9280330e+06   2.5817871e+01
   2.9283350e+06   2.7404785e+01
   2.9284180e+06   2.5207520e+01
   2.9284790e+06   2.6428223e+01
   2.9285450e+06   2.5451660e+01
   2.9285620e+06   3.6560059e+01
   2.9285970e+06   2.9968262e+01
   2.9286550e+06   2.6977539e+01
   2.9287150e+06   2.6611328e+01
   2.9287730e+06   2.5939941e+01
   2.9287980e+06   2.5085449e+01
   2.9288310e+06   3.3020020e+01
   2.9289820e+06   2.5634766e+01
   2.9291660e+06   2.9479980e+01
   2.9294300e+06   3.2897949e+01
   2.9296850e+06   2.5085449e+01
   2.9368590e+06   2.5207520e+01
   2.9384300e+06   2.5268555e+01
   2.9393860e+06   2.8991699e+01
   2.9395420e+06   2.7954102e+01
   2.9407110e+06   2.7465820e+01
   2.9412600e+06   2.8320312e+01
   2.9418690e+06   2.8320312e+01
   2.9420010e+06   2.6672363e+01
   2.9426630e+06   2.7526855e+01
   2.9427790e+06   2.4902344e+01
   2.9473040e+06   3.2592773e+01
   2.9479750e+06   2.7343750e+01
   2.9481600e+06   2.5634766e+01
   2.9483450e+06   2.4963379e+01
   2.9494570e+06   2.6977539e+01
   2.9510230e+06   3.6560059e+01
   2.9511740e+06   2.9846191e+01
   2.9514230e+06   2.4841309e+01
   2.9515460e+06   2.5268555e+01
   2.9516910e+06   2.6916504e+01
   2.9517710e+06   2.5817871e+01
   2.9518070e+06   2.6184082e+01
   2.9519090e+06   2.5451660e+01
   2.9519910e+06   2.6855469e+01
   2.9520100e+06   2.6062012e+01
   2.9520710e+06   2.6733398e+01
   2.9520810e+06   3.5583496e+01
   2.9521090e+06   2.4780273e+01
   2.9521330e+06   2.5390625e+01
   2.9521500e+06   3.1066895e+01
   2.9522160e+06   3.0395508e+01
   2.9522370e+06   2.5207520e+01
   2.9522520e+06   2.4963379e+01
   2.9523350e+06   2.6184082e+01
   2.9525060e+06   2.7648926e+01
   2.9529260e+06   2.4963379e+01
   2.9530410e+06   2.5695801e+01
   2.9532800e+06   2.5390625e+01
   2.9631920e+06   2.5512695e+01
   2.9651090e+06   2.6062012e+01
   2.9653220e+06   3.6499023e+01
   2.9654450e+06   2.6000977e+01
   2.9656900e+06   2.9785156e+01
   2.9658360e+06   2.6916504e+01
   2.9659910e+06   2.5512695e+01
   2.9689930e+06   2.5024414e+01
   2.9702160e+06   3.1738281e+01
   2.9703860e+06   3.6682129e+01
   2.9705130e+06   3.2409668e+01
   2.9706120e+06   2.7832031e+01
   2.9709830e+06   2.5390625e+01
   2.9711160e+06   2.9479980e+01
   2.9712670e+06   2.7160645e+01
   2.9713050e+06   2.5207520e+01
   2.9714860e+06   2.5268555e+01
   2.9715390e+06   2.9052734e+01
   2.9715550e+06   2.9296875e+01
   2.9716680e+06   2.8259277e+01
   2.9717730e+06   2.6306152e+01
   2.9718380e+06   2.6184082e+01
   2.9718810e+06   3.2775879e+01
   2.9719110e+06   3.0761719e+01
   2.9719270e+06   2.4963379e+01
   2.9719780e+06   3.0212402e+01
   2.9720500e+06   2.7099609e+01
   2.9722040e+06   2.6916504e+01
   2.9724520e+06   2.6672363e+01
   2.9727730e+06   2.6733398e+01
   2.9731040e+06   2.9113770e+01
   2.9833990e+06   3.0517578e+01
   2.9851530e+06   2.7160645e+01
   2.9879930e+06   3.3874512e+01
   2.9882370e+06   2.8259277e+01
   2.9883400e+06   2.6672363e+01
   2.9884540e+06   2.5756836e+01
   2.9886380e+06   2.5207520e+01
   2.9887070e+06   2.5390625e+01
   2.9887550e+06   2.8503418e+01
   2.9889380e+06   2.4841309e+01
   2.9889960e+06   3.0029297e+01
   2.9890470e+06   2.7221680e+01
   2.9891060e+06   3.1860352e+01
   2.9891520e+06   3.5156250e+01
   2.9893000e+06   2.5878906e+01
   2.9893900e+06   2.5268555e+01
   3.0029750e+06   2.6672363e+01
   3.0055630e+06   2.9357910e+01
   3.0059360e+06   3.0395508e+01
   3.0061860e+06   3.4057617e+01
   3.0063040e+06   2.6611328e+01
   3.0064350e+06   3.6132812e+01
   3.0065740e+06   2.6245117e+01
   3.0065840e+06   2.7343750e+01
   3.0067370e+06   3.5339355e+01
   3.0069710e+06   3.1066895e+01
   3.0071070e+06   3.3752441e+01
   3.0071440e+06   2.5939941e+01
   3.0071780e+06   2.5390625e+01
   3.0072460e+06   2.6123047e+01
   3.0072670e+06   2.8930664e+01
   3.0073100e+06   3.2958984e+01
   3.0073620e+06   2.5207520e+01
   3.0074040e+06   2.5207520e+01
   3.0075730e+06   2.4841309e+01
   3.0078840e+06   2.6306152e+01
   3.0227810e+06   3.0273438e+01
   3.0229210e+06   2.9968262e+01
   3.0230360e+06   2.5817871e+01
   3.0232550e+06   2.7038574e+01
   3.0234080e+06   3.9245605e+01
   3.0235830e+06   3.1982422e+01
   3.0296530e+06   3.9672852e+01
   3.0297560e+06   3.3264160e+01
   3.0297710e+06   2.9052734e+01
   3.0298370e+06   3.3020020e+01
   3.0299330e+06   3.2958984e+01
   3.0301060e+06   2.5146484e+01
   3.0302340e+06   5.7983398e+01
   3.0303970e+06   3.5949707e+01
   3.0304560e+06   2.7038574e+01
   3.0305440e+06   3.0151367e+01
   3.0305800e+06   2.6428223e+01
   3.0306040e+06   3.2226562e+01
   3.0306570e+06   2.6184082e+01
   3.0306690e+06   2.7282715e+01
   3.0307200e+06   2.9174805e+01
   3.0307440e+06   2.9418945e+01
   3.0307560e+06   2.5451660e+01
   3.0308680e+06   3.3142090e+01
   3.0309230e+06   2.7160645e+01
   3.0312180e+06   2.5695801e+01
   3.0312710e+06   2.5024414e+01
   3.0316340e+06   2.7404785e+01
   3.0468820e+06   3.4973145e+01
   3.0507150e+06   3.5400391e+01
   3.0508610e+06   2.5878906e+01
   3.0576530e+06   3.9001465e+01
   3.0577460e+06   2.7770996e+01
   3.0577680e+06   3.5339355e+01
   3.0578440e+06   3.4973145e+01
   3.0579130e+06   3.0456543e+01
   3.0580450e+06   3.2409668e+01
   3.0581330e+06   2.9174805e+01
   3.0582080e+06   2.7282715e+01
   3.0582210e+06   3.2958984e+01
   3.0582730e+06   3.1311035e+01
   3.0582850e+06   2.5939941e+01
   3.0583330e+06   2.5695801e+01
   3.0583490e+06   2.8991699e+01
   3.0583920e+06   3.3752441e+01
   3.0584140e+06   3.4545898e+01
   3.0584920e+06   4.3762207e+01
   3.0585210e+06   2.7648926e+01
   3.0585690e+06   3.1433105e+01
   3.0585850e+06   2.7282715e+01
   3.0586050e+06   2.7648926e+01
   3.0586570e+06   3.4790039e+01
   3.0586760e+06   2.6489258e+01
   3.0586910e+06   2.5390625e+01
   3.0587530e+06   3.5217285e+01
   3.0588230e+06   2.7160645e+01
   3.0589080e+06   2.5207520e+01
   3.0591080e+06   2.6184082e+01
   3.0593600e+06   2.5939941e+01
   3.0790600e+06   4.0893555e+01
   3.0791940e+06   3.6560059e+01
   3.0792870e+06   3.5949707e+01
   3.0793860e+06   3.1860352e+01
   3.0794050e+06   2.6306152e+01
   3.0795190e+06   3.1860352e+01
   3.0796180e+06   2.7343750e+01
   3.0797620e+06   3.2653809e+01
   3.0799460e+06   3.1982422e+01
   3.0802260e+06   3.0151367e+01
   3.0802820e+06   2.6428223e+01
   3.0876280e+06   3.5766602e+01
   3.0876800e+06   3.5583496e+01
   3.0877500e+06   4.5593262e+01
   3.0878380e+06   4.4067383e+01
   3.0879340e+06   3.5095215e+01
   3.0880380e+06   3.2287598e+01
   3.0881810e+06   3.9001465e+01
   3.0882160e+06   2.5878906e+01
   3.0883040e+06   3.3447266e+01
   3.0884470e+06   3.4790039e+01
   3.0886140e+06   3.0578613e+01
   3.0887280e+06   2.5634766e+01
   3.0943260e+06   3.5766602e+01
   3.0943470e+06   2.5024414e+01
   3.0943930e+06   3.3447266e+01
   3.0944220e+06   2.9724121e+01
   3.0944850e+06   3.5583496e+01
   3.0945540e+06   3.2836914e+01
   3.0945700e+06   2.5329590e+01
   3.0946760e+06   2.7526855e+01
   3.0946860e+06   2.6672363e+01
   3.0948770e+06   2.9235840e+01
   3.0950210e+06   3.3752441e+01
   3.0954020e+06   3.4973145e+01
   3.1005680e+06   3.8818359e+01
   3.1006300e+06   2.7099609e+01
   3.1006650e+06   2.6000977e+01
   3.1006840e+06   2.6733398e+01
   3.1008050e+06   2.6306152e+01
   3.1008530e+06   2.5146484e+01
   3.1009000e+06   2.9846191e+01
   3.1010320e+06   3.1921387e+01
   3.1011440e+06   2.6489258e+01
   3.1011780e+06   2.8015137e+01
   3.1013680e+06   3.0578613e+01
   3.1015310e+06   3.5278320e+01
   3.1062560e+06   3.3386230e+01
   3.1062870e+06   2.9663086e+01
   3.1063130e+06   2.9724121e+01
   3.1063720e+06   3.3874512e+01
   3.1064350e+06   2.7709961e+01
   3.1065030e+06   2.4902344e+01
   3.1065370e+06   2.7832031e+01
   3.1066960e+06   3.1921387e+01
   3.1068710e+06   2.7465820e+01
   3.1071030e+06   2.9968262e+01
   3.1075620e+06   2.6428223e+01
   3.1118350e+06   3.4301758e+01
   3.1118930e+06   3.1188965e+01
   3.1119510e+06   3.2470703e+01
   3.1120160e+06   3.0761719e+01
   3.1121370e+06   3.0761719e+01
   3.1121620e+06   3.3508301e+01
   3.1123040e+06   4.5043945e+01
   3.1125150e+06   3.0944824e+01
   3.1180980e+06   3.8330078e+01
   3.1181460e+06   2.7954102e+01
   3.1181960e+06   3.1250000e+01
   3.1182590e+06   2.9235840e+01
   3.1182990e+06   2.8930664e+01
   3.1183560e+06   2.6489258e+01
   3.1184210e+06   2.5634766e+01
   3.1185280e+06   3.1188965e+01
   3.1187210e+06   2.7404785e+01
   3.1188710e+06   2.6855469e+01
   3.1193160e+06   3.3691406e+01
   3.1238160e+06   3.7231445e+01
   3.1238550e+06   3.0212402e+01
   3.1238660e+06   3.2043457e+01
   3.1239100e+06   3.4606934e+01
   3.1239990e+06   3.4179688e+01
   3.1241060e+06   2.8686523e+01
   3.1242380e+06   3.5217285e+01
   3.1245200e+06   3.0029297e+01
   3.1247630e+06   2.8808594e+01
   3.1303380e+06   3.4606934e+01
   3.1303870e+06   2.9663086e+01
   3.1305010e+06   3.2958984e+01
   3.1306260e+06   3.1799316e+01
   3.1306440e+06   2.5451660e+01
   3.1309280e+06   3.9916992e+01
   3.1313650e+06   3.5644531e+01
   3.1362790e+06   4.5471191e+01
   3.1363260e+06   3.7475586e+01
   3.1363950e+06   2.6977539e+01
   3.1364260e+06   2.5146484e+01
   3.1365220e+06   3.8757324e+01
   3.1367850e+06   3.0517578e+01
   3.1368770e+06   3.0212402e+01
   3.1370460e+06   3.4301758e+01
   3.1373170e+06   2.9724121e+01
   3.1410360e+06   4.2236328e+01
   3.1410790e+06   2.6489258e+01
   3.1411490e+06   3.1311035e+01
   3.1412760e+06   2.5939941e+01
   3.1413690e+06   3.6743164e+01
   3.1415180e+06   2.8625488e+01
   3.1470000e+06   3.4484863e+01
   3.1470120e+06   2.7160645e+01
   3.1470530e+06   3.3386230e+01
   3.1470690e+06   2.7282715e+01
   3.1470970e+06   3.2470703e+01
   3.1471790e+06   3.5278320e+01
   3.1472780e+06   3.4484863e+01
   3.1473040e+06   2.6184082e+01
   3.1474160e+06   3.6010742e+01
   3.1474620e+06   2.6916504e+01
   3.1475140e+06   2.8808594e+01
   3.1477660e+06   2.7648926e+01
   3.1478330e+06   3.7841797e+01
   3.1480910e+06   2.5939941e+01
   3.1525800e+06   3.1433105e+01
   3.1526180e+06   3.0456543e+01
   3.1526740e+06   3.1250000e+01
   3.1527570e+06   3.4240723e+01
   3.1527860e+06   2.5878906e+01
   3.1528060e+06   2.4841309e+01
   3.1529440e+06   3.7658691e+01
   3.1530740e+06   2.6123047e+01
   3.1531030e+06   2.5817871e+01
   3.1533910e+06   2.8503418e+01
   3.1586460e+06   3.2470703e+01
   3.1586920e+06   3.4118652e+01
   3.1587180e+06   2.8137207e+01
   3.1587410e+06   2.8747559e+01
   3.1588680e+06   3.2653809e+01
   3.1588790e+06   3.4851074e+01
   3.1589590e+06   2.5634766e+01
   3.1591050e+06   3.5766602e+01
   3.1592850e+06   2.6977539e+01
   3.1593780e+06   2.8198242e+01
   3.1595840e+06   2.5451660e+01
   3.1596870e+06   3.0761719e+01
   3.1647270e+06   3.1250000e+01
   3.1647400e+06   2.4841309e+01
   3.1647720e+06   3.6376953e+01
   3.1647950e+06   2.9357910e+01
   3.1648300e+06   3.2409668e+01
   3.1648530e+06   2.9785156e+01
   3.1649470e+06   3.3386230e+01
   3.1651790e+06   4.0710449e+01
   3.1654450e+06   2.7160645e+01
   3.1656340e+06   3.0456543e+01
   3.1701480e+06   3.8085938e+01
   3.1701930e+06   2.5634766e+01
   3.1702110e+06   2.5268555e+01
   3.1702680e+06   3.2714844e+01
   3.1703680e+06   3.1188965e+01
   3.1705600e+06   3.0700684e+01
   3.1708410e+06   3.0212402e+01
   3.1763540e+06   3.2836914e+01
   3.1763950e+06   2.5268555e+01
   3.1764070e+06   3.2714844e+01
   3.1764410e+06   2.5085449e+01
   3.1764610e+06   2.5207520e+01
   3.1765280e+06   2.8747559e+01
   3.1766190e+06   2.9418945e+01
   3.1767120e+06   3.3874512e+01
   3.1769280e+06   3.0029297e+01
   3.1769570e+06   3.3020020e+01
   3.1772440e+06   3.3142090e+01
   3.1772630e+06   2.7038574e+01
   3.1831000e+06   4.8156738e+01
   3.1831520e+06   3.2775879e+01
   3.1832190e+06   2.9541016e+01
   3.1832720e+06   2.5878906e+01
   3.1833740e+06   3.6010742e+01
   3.1835390e+06   3.2653809e+01
   3.1839230e+06   3.1982422e+01
   3.1840060e+06   2.9296875e+01
   3.1888650e+06   3.0578613e+01
   3.1889100e+06   4.4128418e+01
   3.1889650e+06   3.4973145e+01
   3.1890860e+06   2.8076172e+01
   3.1890960e+06   3.5400391e+01
   3.1892730e+06   2.5085449e+01
   3.1893940e+06   2.5024414e+01
   3.1894370e+06   2.6977539e+01
   3.1898000e+06   3.3386230e+01
   3.1955840e+06   3.4057617e+01
   3.1956400e+06   2.7038574e+01
   3.1957030e+06   3.2470703e+01
   3.1958090e+06   2.9357910e+01
   3.1959590e+06   2.8747559e+01
   3.1961130e+06   3.1921387e+01
   3.1962110e+06   3.2531738e+01
   3.1962330e+06   2.5817871e+01
   3.1964770e+06   4.0710449e+01
   3.1967130e+06   2.8320312e+01
   3.2023000e+06   3.9611816e+01
   3.2023490e+06   5.0659180e+01
   3.2024020e+06   2.6245117e+01
   3.2024410e+06   3.1982422e+01
   3.2026000e+06   3.4912109e+01
   3.2026620e+06   2.4780273e+01
   3.2028200e+06   3.0639648e+01
   3.2030180e+06   3.2653809e+01
   3.2080620e+06   4.0527344e+01
   3.2081190e+06   3.3325195e+01
   3.2081710e+06   3.2470703e+01
   3.2081970e+06   2.6733398e+01
   3.2082660e+06   3.2897949e+01
   3.2083780e+06   2.7648926e+01
   3.2084680e+06   2.6611328e+01
   3.2085150e+06   2.8625488e+01
   3.2086250e+06   2.6123047e+01
   3.2086600e+06   3.1250000e+01
   3.2088230e+06   3.3264160e+01
   3.2090580e+06   3.0822754e+01
   3.2149170e+06   3.7353516e+01
   3.2149820e+06   3.7414551e+01
   3.2150380e+06   3.5583496e+01
   3.2151290e+06   3.6376953e+01
   3.2151710e+06   2.5268555e+01
   3.2153130e+06   3.4118652e+01
   3.2155390e+06   4.0588379e+01
   3.2156650e+06   2.6733398e+01
   3.2156780e+06   2.6550293e+01
   3.2210060e+06   3.8085938e+01
   3.2210160e+06   2.7343750e+01
   3.2210480e+06   3.1127930e+01
   3.2211150e+06   3.5766602e+01
   3.2212380e+06   4.0710449e+01
   3.2212740e+06   3.1860352e+01
   3.2213940e+06   3.5949707e+01
   3.2214610e+06   2.8198242e+01
   3.2214720e+06   3.5888672e+01
   3.2216290e+06   3.5339355e+01
   3.2216650e+06   2.4780273e+01
   3.2288150e+06   3.6437988e+01
   3.2288560e+06   3.2958984e+01
   3.2289130e+06   3.1372070e+01
   3.2290110e+06   2.9541016e+01
   3.2290960e+06   3.2958984e+01
   3.2292070e+06   2.5085449e+01
   3.2292380e+06   3.0639648e+01
   3.2293040e+06   2.5146484e+01
   3.2293380e+06   2.9357910e+01
   3.2295690e+06   3.3691406e+01
   3.2296860e+06   3.1921387e+01
   3.2358680e+06   3.6437988e+01
   3.2358900e+06   2.4902344e+01
   3.2359350e+06   3.0517578e+01
   3.2360150e+06   3.1921387e+01
   3.2360260e+06   2.4902344e+01
   3.2361020e+06   3.1738281e+01
   3.2361170e+06   2.7709961e+01
   3.2362170e+06   3.3020020e+01
   3.2363530e+06   3.0639648e+01
   3.2365400e+06   3.6254883e+01
   3.2367290e+06   2.9785156e+01
   3.2368320e+06   2.5817871e+01
   3.2369980e+06   3.1555176e+01
   3.2371740e+06   2.7526855e+01
   3.2441770e+06   4.1381836e+01
   3.2441870e+06   2.8503418e+01
   3.2442240e+06   2.7526855e+01
   3.2442390e+06   2.5329590e+01
   3.2442910e+06   4.5104980e+01
   3.2443750e+06   3.8513184e+01
   3.2444860e+06   3.3630371e+01
   3.2446050e+06   3.6437988e+01
   3.2447340e+06   2.9724121e+01
   3.2449300e+06   3.7719727e+01
   3.2450830e+06   3.2775879e+01
   3.2453100e+06   3.0639648e+01
   3.2454640e+06   3.5827637e+01
   3.2456980e+06   3.3935547e+01
   3.2533430e+06   3.9123535e+01
   3.2533850e+06   3.5400391e+01
   3.2534420e+06   2.6000977e+01
   3.2534920e+06   4.5410156e+01
   3.2535660e+06   3.1433105e+01
   3.2536860e+06   2.7099609e+01
   3.2537610e+06   3.4973145e+01
   3.2538780e+06   3.9978027e+01
   3.2539840e+06   3.0029297e+01
   3.2541010e+06   2.7770996e+01
   3.2541250e+06   2.9174805e+01
   3.2542850e+06   3.5095215e+01
   3.2544210e+06   2.9541016e+01
   3.2551220e+06   3.3996582e+01
   3.2611210e+06   2.8991699e+01
   3.2611320e+06   3.0090332e+01
   3.2611860e+06   4.0039062e+01
   3.2612380e+06   2.6611328e+01
   3.2613150e+06   2.9052734e+01
   3.2613760e+06   3.6987305e+01
   3.2614490e+06   3.5278320e+01
   3.2615430e+06   4.0344238e+01
   3.2616670e+06   2.6184082e+01
   3.2617890e+06   2.4841309e+01
   3.2618660e+06   2.8198242e+01
   3.2619670e+06   2.6977539e+01
   3.2623700e+06   2.6672363e+01
   3.2624740e+06   2.7343750e+01
   3.2628680e+06   2.8442383e+01
   3.2696540e+06   2.8564453e+01
   3.2697030e+06   4.1625977e+01
   3.2697480e+06   3.9978027e+01
   3.2698220e+06   3.8330078e+01
   3.2699040e+06   3.4057617e+01
   3.2699800e+06   3.0761719e+01
   3.2700640e+06   2.8381348e+01
   3.2701670e+06   3.1311035e+01
   3.2702640e+06   2.6428223e+01
   3.2704090e+06   3.1127930e+01
   3.2705340e+06   2.8991699e+01
   3.2706840e+06   2.5268555e+01
   3.2778770e+06   4.9621582e+01
   3.2779230e+06   4.6020508e+01
   3.2779820e+06   2.5939941e+01
   3.2780250e+06   4.9133301e+01
   3.2780780e+06   2.8198242e+01
   3.2781100e+06   2.5146484e+01
   3.2781410e+06   3.3691406e+01
   3.2782460e+06   3.5156250e+01
   3.2783440e+06   2.9113770e+01
   3.2784620e+06   2.7343750e+01
   3.2785510e+06   2.7038574e+01
   3.2786660e+06   3.4057617e+01
   3.2788560e+06   2.4963379e+01
   3.2790080e+06   2.6306152e+01
   3.2791710e+06   2.5573730e+01
   3.2794680e+06   4.1198730e+01
   3.2870420e+06   3.0151367e+01
   3.2871010e+06   3.2226562e+01
   3.2871200e+06   2.8503418e+01
   3.2871510e+06   3.3691406e+01
   3.2872000e+06   2.8442383e+01
   3.2872720e+06   3.1372070e+01
   3.2873400e+06   2.5512695e+01
   3.2874000e+06   3.0334473e+01
   3.2874950e+06   3.5522461e+01
   3.2875890e+06   2.9235840e+01
   3.2876720e+06   2.8015137e+01
   3.2876950e+06   2.8015137e+01
   3.2879220e+06   2.6916504e+01
   3.2880850e+06   2.7587891e+01
   3.2882670e+06   2.7221680e+01
   3.2884060e+06   2.5939941e+01
   3.2885210e+06   2.4841309e+01
   3.2886760e+06   2.5085449e+01
   3.2954110e+06   3.8024902e+01
   3.2954530e+06   4.1015625e+01
   3.2954960e+06   3.4973145e+01
   3.2955490e+06   3.3569336e+01
   3.2955950e+06   2.8991699e+01
   3.2956950e+06   3.8513184e+01
   3.2959020e+06   2.7160645e+01
   3.2960040e+06   2.7526855e+01
   3.2961270e+06   2.5878906e+01
   3.2962230e+06   2.6306152e+01
   3.2963390e+06   3.2836914e+01
   3.2964490e+06   2.7465820e+01
   3.2966550e+06   3.2714844e+01
   3.2968270e+06   3.0883789e+01
   3.2971940e+06   2.6977539e+01
   3.3039960e+06   3.1127930e+01
   3.3040190e+06   3.6743164e+01
   3.3040640e+06   3.4118652e+01
   3.3041090e+06   3.3813477e+01
   3.3041540e+06   4.4921875e+01
   3.3041970e+06   2.8625488e+01
   3.3042200e+06   2.7404785e+01
   3.3042870e+06   3.5949707e+01
   3.3043520e+06   2.9052734e+01
   3.3044360e+06   2.9541016e+01
   3.3045260e+06   3.2409668e+01
   3.3046440e+06   3.1372070e+01
   3.3047560e+06   2.5512695e+01
   3.3048540e+06   2.5329590e+01
   3.3051160e+06   3.5217285e+01
   3.3054700e+06   2.4841309e+01
   3.3057090e+06   2.7770996e+01
   3.3058270e+06   2.7099609e+01
   3.3143810e+06   2.8625488e+01
   3.3144270e+06   3.9245605e+01
   3.3144670e+06   2.9357910e+01
   3.3145080e+06   2.7160645e+01
   3.3145550e+06   3.0151367e+01
   3.3147610e+06   2.8808594e+01
   3.3148350e+06   3.2104492e+01
   3.3150390e+06   3.9001465e+01
   3.3151810e+06   3.1494141e+01
   3.3152950e+06   2.6611328e+01
   3.3154340e+06   2.7038574e+01
   3.3157470e+06   3.2409668e+01
   3.3158910e+06   3.6682129e+01
   3.3160440e+06   3.1494141e+01
   3.3162690e+06   3.3447266e+01
   3.3237540e+06   3.7780762e+01
   3.3238080e+06   3.1860352e+01
   3.3238660e+06   3.3081055e+01
   3.3239260e+06   3.1616211e+01
   3.3239880e+06   4.0100098e+01
   3.3240550e+06   2.8869629e+01
   3.3241160e+06   2.6367188e+01
   3.3242290e+06   3.3874512e+01
   3.3243180e+06   2.8808594e+01
   3.3244150e+06   2.5024414e+01
   3.3245300e+06   2.9663086e+01
   3.3246660e+06   3.1738281e+01
   3.3248110e+06   2.5207520e+01
   3.3252220e+06   3.0944824e+01
   3.3255590e+06   2.7282715e+01
   3.3327620e+06   2.9174805e+01
   3.3328070e+06   3.2836914e+01
   3.3328420e+06   2.6855469e+01
   3.3328840e+06   3.1311035e+01
   3.3329370e+06   2.6123047e+01
   3.3330020e+06   2.8808594e+01
   3.3330790e+06   2.7526855e+01
   3.3331740e+06   3.1799316e+01
   3.3332650e+06   2.7038574e+01
   3.3333480e+06   3.0761719e+01
   3.3334540e+06   3.1311035e+01
   3.3335510e+06   3.6010742e+01
   3.3336900e+06   2.4841309e+01
   3.3338640e+06   2.6367188e+01
   3.3340410e+06   2.7709961e+01
   3.3341910e+06   2.7221680e+01
   3.3343730e+06   2.6733398e+01
   3.3345890e+06   2.6550293e+01
   3.3348540e+06   2.9479980e+01
   3.3426930e+06   3.7902832e+01
   3.3427330e+06   3.8818359e+01
   3.3427690e+06   3.6315918e+01
   3.3428120e+06   3.4118652e+01
   3.3428640e+06   3.4484863e+01
   3.3429240e+06   2.5451660e+01
   3.3429900e+06   2.7160645e+01
   3.3430810e+06   2.8625488e+01
   3.3431790e+06   4.8278809e+01
   3.3433710e+06   2.5268555e+01
   3.3434840e+06   2.8076172e+01
   3.3436140e+06   3.1372070e+01
   3.3437590e+06   2.7343750e+01
   3.3440810e+06   2.8869629e+01
   3.3442430e+06   2.7832031e+01
   3.3443810e+06   3.2104492e+01
   3.3549520e+06   4.1931152e+01
   3.3550100e+06   3.3569336e+01
   3.3550590e+06   3.6010742e+01
   3.3551050e+06   3.0212402e+01
   3.3551490e+06   2.7648926e+01
   3.3552160e+06   3.4118652e+01
   3.3552760e+06   3.2470703e+01
   3.3553470e+06   2.9663086e+01
   3.3553780e+06   2.5634766e+01
   3.3554410e+06   2.8564453e+01
   3.3555510e+06   3.8513184e+01
   3.3556210e+06   2.9235840e+01
   3.3557200e+06   3.3142090e+01
   3.3558460e+06   3.7353516e+01
   3.3559830e+06   2.6184082e+01
   3.3561180e+06   2.9663086e+01
   3.3562900e+06   3.0944824e+01
   3.3564950e+06   3.2714844e+01
   3.3568790e+06   2.9357910e+01
   3.3573310e+06   3.0151367e+01
   3.3655500e+06   2.5512695e+01
   3.3655680e+06   3.2348633e+01
   3.3656060e+06   2.7221680e+01
   3.3656500e+06   3.3447266e+01
   3.3656950e+06   2.4780273e+01
   3.3657460e+06   2.8198242e+01
   3.3658260e+06   2.5512695e+01
   3.3659320e+06   3.2531738e+01
   3.3660000e+06   3.0944824e+01
   3.3660750e+06   2.5146484e+01
   3.3661540e+06   2.9785156e+01
   3.3662460e+06   2.6733398e+01
   3.3663480e+06   2.4963379e+01
   3.3664570e+06   2.7343750e+01
   3.3665770e+06   2.5939941e+01
   3.3667780e+06   2.6855469e+01
   3.3669220e+06   2.4963379e+01
   3.3671040e+06   3.2775879e+01
   3.3673260e+06   3.1311035e+01
   3.3750670e+06   3.3752441e+01
   3.3751090e+06   3.7963867e+01
   3.3751550e+06   2.8930664e+01
   3.3751980e+06   2.4780273e+01
   3.3752410e+06   2.5390625e+01
   3.3753150e+06   2.9602051e+01
   3.3753840e+06   3.1982422e+01
   3.3754620e+06   3.0212402e+01
   3.3755710e+06   3.0395508e+01
   3.3756820e+06   2.8137207e+01
   3.3759790e+06   2.7526855e+01
   3.3760970e+06   2.9724121e+01
   3.3762630e+06   2.7221680e+01
   3.3765380e+06   2.7221680e+01
   3.3768130e+06   2.5695801e+01
   3.3845810e+06   3.2226562e+01
   3.3846210e+06   3.1616211e+01
   3.3846560e+06   2.6977539e+01
   3.3847000e+06   2.6611328e+01
   3.3847580e+06   2.5390625e+01
   3.3848190e+06   2.8503418e+01
   3.3849260e+06   3.3142090e+01
   3.3850120e+06   3.3020020e+01
   3.3850870e+06   2.7709961e+01
   3.3852770e+06   3.5278320e+01
   3.3853730e+06   2.7404785e+01
   3.3854700e+06   2.5939941e+01
   3.3856800e+06   2.4963379e+01
   3.3859930e+06   3.2104492e+01
   3.3863870e+06   3.2165527e+01
   3.3948010e+06   3.0944824e+01
   3.3948140e+06   3.3630371e+01
   3.3948830e+06   2.5085449e+01
   3.3949770e+06   3.0151367e+01
   3.3950400e+06   3.6132812e+01
   3.3951240e+06   3.2470703e+01
   3.3951950e+06   3.2165527e+01
   3.3952720e+06   3.0639648e+01
   3.3953820e+06   2.6733398e+01
   3.3954840e+06   3.8574219e+01
   3.3955690e+06   2.9113770e+01
   3.3956780e+06   3.0578613e+01
   3.3958990e+06   2.9724121e+01
   3.3961230e+06   3.0334473e+01
   3.3962830e+06   2.8137207e+01
   3.3965720e+06   2.7648926e+01
   3.4054040e+06   2.8076172e+01
   3.4054140e+06   3.6315918e+01
   3.4054530e+06   3.3630371e+01
   3.4054880e+06   2.7526855e+01
   3.4055830e+06   3.2348633e+01
   3.4056640e+06   2.6611328e+01
   3.4057620e+06   3.6376953e+01
   3.4058320e+06   3.0395508e+01
   3.4059180e+06   2.9541016e+01
   3.4060320e+06   2.6306152e+01
   3.4061370e+06   3.5278320e+01
   3.4062670e+06   2.4841309e+01
   3.4064240e+06   3.0395508e+01
   3.4065540e+06   2.6245117e+01
   3.4067150e+06   3.2592773e+01
   3.4070990e+06   2.5878906e+01
   3.4074790e+06   2.9724121e+01
   3.4191850e+06   3.3752441e+01
   3.4192340e+06   2.8076172e+01
   3.4192570e+06   2.8686523e+01
   3.4192700e+06   3.4118652e+01
   3.4193150e+06   2.9479980e+01
   3.4193650e+06   2.6245117e+01
   3.4194230e+06   3.5949707e+01
   3.4195240e+06   3.4118652e+01
   3.4195370e+06   2.8930664e+01
   3.4196080e+06   4.5654297e+01
   3.4196990e+06   3.6682129e+01
   3.4197470e+06   2.7709961e+01
   3.4197990e+06   2.6123047e+01
   3.4198310e+06   2.5207520e+01
   3.4198470e+06   2.9418945e+01
   3.4198680e+06   3.2531738e+01
   3.4199070e+06   2.7038574e+01
   3.4199350e+06   3.6315918e+01
   3.4199590e+06   3.4790039e+01
   3.4200140e+06   2.7099609e+01
   3.4200270e+06   3.7048340e+01
   3.4200710e+06   3.5583496e+01
   3.4200940e+06   2.7282715e+01
   3.4201370e+06   2.8259277e+01
   3.4201930e+06   2.8320312e+01
   3.4202250e+06   3.2348633e+01
   3.4202450e+06   3.1250000e+01
   3.4203020e+06   3.0395508e+01
   3.4205310e+06   2.5024414e+01
   3.4206060e+06   2.7160645e+01
   3.4206550e+06   2.7770996e+01
   3.4210070e+06   2.5024414e+01
   3.4217380e+06   2.4780273e+01
   3.6119830e+06   3.1494141e+01
   3.6120080e+06   2.4780273e+01
   3.6120520e+06   2.6550293e+01
   3.6126360e+06   9.3933105e+01
   3.6126460e+06   1.9372559e+02
   3.6127010e+06   6.0180664e+01
   3.6127540e+06   2.6184082e+01
   4.5291060e+06   5.0537109e+01
   4.5291480e+06   2.7404785e+01
   4.5291590e+06   4.5654297e+01
   4.5291880e+06   3.1372070e+01
   4.5292170e+06   3.9916992e+01
   4.5292500e+06   5.3161621e+01
   4.5292770e+06   3.3630371e+01
   4.5292910e+06   6.2622070e+01
   4.5293260e+06   6.7260742e+01
   4.5293440e+06   5.8105469e+01
   4.5293760e+06   3.2531738e+01
   4.5294090e+06   3.5400391e+01
   4.5294330e+06   4.1198730e+01
   4.5294610e+06   3.1799316e+01
   4.5295120e+06   2.6000977e+01
   4.5296080e+06   3.1005859e+01
   4.5298440e+06   2.6184082e+01
   4.5301340e+06   2.4780273e+01
   4.5303580e+06   2.8137207e+01
   4.5309840e+06   2.9418945e+01
   4.5312830e+06   2.8564453e+01
   4.5315250e+06   2.8991699e+01
   4.5320020e+06   2.6000977e+01
   4.5320850e+06   2.5634766e+01
   4.5321770e+06   2.5695801e+01
   4.5328460e+06   2.4780273e+01
   4.5339240e+06   2.8442383e+01
   4.5341110e+06   2.7954102e+01
   4.5344490e+06   2.5207520e+01
   4.5353090e+06   2.6611328e+01
   4.5358190e+06   2.5024414e+01
   4.5360840e+06   3.6865234e+01
   4.5372910e+06   2.8137207e+01
   4.5373860e+06   2.4780273e+01
   4.5378270e+06   3.7353516e+01
   4.5381550e+06   2.7282715e+01
   4.5391520e+06   3.9306641e+01
   4.5392600e+06   2.4841309e+01
   4.5393890e+06   3.3874512e+01
   4.5395760e+06   2.9296875e+01
   4.5396900e+06   2.6062012e+01
   4.5398880e+06   3.3691406e+01
   4.5400140e+06   3.2348633e+01
   4.5401400e+06   2.7099609e+01
   4.5401530e+06   2.5573730e+01
   4.5401950e+06   2.6367188e+01
   4.5402350e+06   3.2592773e+01
   4.5402460e+06   2.4780273e+01
   4.5403010e+06   2.7282715e+01
   4.5403270e+06   3.7231445e+01
   4.5403800e+06   2.6184082e+01
   4.5404030e+06   2.6672363e+01
   4.5404210e+06   2.6916504e+01
   4.5404530e+06   3.5644531e+01
   4.5404830e+06   2.6611328e+01
   4.5405180e+06   2.5207520e+01
   4.5405440e+06   2.4780273e+01
   4.5405750e+06   2.8198242e+01
   4.5406070e+06   5.1147461e+01
   4.5406170e+06   2.5512695e+01
   4.5406690e+06   2.4780273e+01
   4.5407070e+06   2.4780273e+01
   4.5407510e+06   2.5817871e+01
   4.5407870e+06   2.5573730e+01
   4.5409020e+06   2.6306152e+01
   4.5414110e+06   2.7893066e+01
   4.5414910e+06   2.7587891e+01
   4.5417470e+06   2.5756836e+01
   4.5418100e+06   2.5573730e+01
   4.5438970e+06   2.4963379e+01
   4.5447220e+06   2.5756836e+01
   4.5447740e+06   2.6184082e+01
   4.5462790e+06   2.5451660e+01
   4.5467030e+06   2.5512695e+01
   4.5477470e+06   4.0771484e+01
   4.5480650e+06   3.8085938e+01
   4.5482620e+06   2.6733398e+01
   4.5490520e+06   2.6428223e+01
   4.5497190e+06   3.0212402e+01
   4.5498930e+06   2.6489258e+01
   4.5501800e+06   2.7648926e+01
   4.5505480e+06   2.6794434e+01
   4.5509010e+06   2.7465820e+01
   4.5510890e+06   3.1982422e+01
   4.5513960e+06   3.2775879e+01
   4.5518190e+06   2.8869629e+01
   4.5522290e+06   3.6010742e+01
   4.5524030e+06   2.7648926e+01
   4.5525920e+06   2.6123047e+01
   4.5529320e+06   2.9541016e+01
   4.5531260e+06   2.9907227e+01
   4.5536860e+06   4.0405273e+01
   4.5540540e+06   2.9418945e+01
   4.5545110e+06   2.4841309e+01
   4.5547940e+06   3.1982422e+01
   4.5549690e+06   3.1555176e+01
   4.5551350e+06   2.7282715e+01
   4.5557760e+06   2.7465820e+01
   4.5560590e+06   2.6916504e+01
   4.5562210e+06   2.9663086e+01
   4.5568080e+06   2.5512695e+01
   4.5571600e+06   3.9062500e+01
   4.5573590e+06   3.2775879e+01
   4.5575180e+06   2.9235840e+01
   4.5576660e+06   3.4301758e+01
   4.5578110e+06   3.8879395e+01
   4.5578740e+06   2.5207520e+01
   4.5579310e+06   3.8879395e+01
   4.5580510e+06   2.9724121e+01
   4.5581820e+06   3.4118652e+01
   4.5582400e+06   2.6794434e+01
   4.5582800e+06   3.2958984e+01
   4.5582900e+06   2.7587891e+01
   4.5583270e+06   3.3569336e+01
   4.5583800e+06   4.4616699e+01
   4.5584130e+06   2.7893066e+01
   4.5584360e+06   3.3142090e+01
   4.5584620e+06   3.0029297e+01
   4.5585000e+06   2.9724121e+01
   4.5585180e+06   2.6062012e+01
   4.5585410e+06   2.5146484e+01
   4.5585550e+06   3.1494141e+01
   4.5585900e+06   2.6428223e+01
   4.5586490e+06   2.9357910e+01
   4.5586770e+06   2.8747559e+01
   4.5587250e+06   2.6550293e+01
   4.5590730e+06   2.6977539e+01
   4.5593260e+06   2.7832031e+01
   4.5593900e+06   2.7526855e+01
   4.5594640e+06   2.5939941e+01
   4.5613550e+06   2.4780273e+01
   4.5651570e+06   2.6794434e+01
   4.5655670e+06   2.6855469e+01
   4.5659360e+06   2.6000977e+01
   4.5666620e+06   2.8869629e+01
   4.5669030e+06   2.8442383e+01
   4.5676640e+06   3.1005859e+01
   4.5680500e+06   3.0395508e+01
   4.5683960e+06   2.9479980e+01
   4.5691280e+06   2.9846191e+01
   4.5704920e+06   2.6428223e+01
   4.5708830e+06   2.8137207e+01
   4.5717680e+06   2.7160645e+01
   4.5724720e+06   3.1066895e+01
   4.5729650e+06   4.1625977e+01
   4.5731460e+06   2.9663086e+01
   4.5733170e+06   2.5390625e+01
   4.5735260e+06   2.5207520e+01
   4.5738240e+06   2.7038574e+01
   4.5742220e+06   2.6550293e+01
   4.5744880e+06   2.8930664e+01
   4.5753110e+06   2.5390625e+01
   4.5755830e+06   2.5146484e+01
   4.5757600e+06   2.8015137e+01
   4.5762080e+06   2.6916504e+01
   4.5764400e+06   3.1921387e+01
   4.5766220e+06   3.6682129e+01
   4.5768690e+06   2.8320312e+01
   4.5773680e+06   3.3264160e+01
   4.5774760e+06   2.7038574e+01
   4.5775090e+06   2.9113770e+01
   4.5775690e+06   2.8076172e+01
   4.5775960e+06   3.8940430e+01
   4.5776570e+06   3.3264160e+01
   4.5777360e+06   3.7048340e+01
   4.5777970e+06   2.6000977e+01
   4.5778140e+06   2.6489258e+01
   4.5778510e+06   2.4780273e+01
   4.5779430e+06   2.5573730e+01
   4.5779860e+06   2.8320312e+01
   4.5786460e+06   2.9541016e+01
   4.5788370e+06   2.5146484e+01
   4.5843230e+06   2.5207520e+01
   4.5858760e+06   2.8747559e+01
   4.5867880e+06   2.4841309e+01
   4.5874020e+06   2.9724121e+01
   4.5876220e+06   3.7536621e+01
   4.5878130e+06   2.5390625e+01
   4.5886540e+06   2.8747559e+01
   4.5894390e+06   2.7709961e+01
   4.5899150e+06   3.1738281e+01
   4.5902440e+06   3.2043457e+01
   4.5906180e+06   2.7465820e+01
   4.5915760e+06   2.5329590e+01
   4.5919140e+06   2.7282715e+01
   4.5924080e+06   2.7648926e+01
   4.5926220e+06   3.1188965e+01
   4.5928820e+06   3.3020020e+01
   4.5934840e+06   2.7038574e+01
   4.5942540e+06   3.0151367e+01
   4.5944850e+06   2.5207520e+01
   4.5946150e+06   2.9052734e+01
   4.5946260e+06   3.2043457e+01
   4.5949720e+06   2.6733398e+01
   4.5951150e+06   2.5695801e+01
   4.5951360e+06   2.5207520e+01
   4.5951730e+06   2.7221680e+01
   4.5952420e+06   2.5878906e+01
   4.5953000e+06   3.6560059e+01
   4.5953240e+06   2.5329590e+01
   4.5954110e+06   2.6367188e+01
   4.5954280e+06   2.6977539e+01
   4.5954510e+06   2.5207520e+01
   4.5955570e+06   2.5512695e+01
   4.5955940e+06   2.5024414e+01
   4.5956660e+06   2.5939941e+01
   4.5957830e+06   2.9357910e+01
   4.5958730e+06   2.5390625e+01
   4.6027010e+06   2.7099609e+01
   4.6047000e+06   2.9357910e+01
   4.6059640e+06   3.1555176e+01
   4.6073980e+06   2.7160645e+01
   4.6085050e+06   2.9296875e+01
   4.6098390e+06   2.4780273e+01
   4.6107170e+06   3.4179688e+01
   4.6108770e+06   2.8320312e+01
   4.6119130e+06   2.6733398e+01
   4.6127790e+06   2.6855469e+01
   4.6130030e+06   3.2714844e+01
   4.6132560e+06   2.9052734e+01
   4.6134060e+06   2.9113770e+01
   4.6135940e+06   3.3142090e+01
   4.6137820e+06   3.0090332e+01
   4.6138150e+06   2.5573730e+01
   4.6138500e+06   2.8686523e+01
   4.6138720e+06   3.2531738e+01
   4.6138920e+06   3.0761719e+01
   4.6139110e+06   3.4606934e+01
   4.6139320e+06   2.9113770e+01
   4.6139670e+06   3.1799316e+01
   4.6139820e+06   2.6000977e+01
   4.6140370e+06   2.9968262e+01
   4.6140680e+06   2.9235840e+01
   4.6141240e+06   2.9235840e+01
   4.6142870e+06   2.6062012e+01
   4.6144310e+06   2.4780273e+01
   4.6257790e+06   2.7770996e+01
   4.6264080e+06   3.3874512e+01
   4.6283320e+06   2.8198242e+01
   4.6284540e+06   2.9479980e+01
   4.6285870e+06   3.3325195e+01
   4.6291010e+06   3.0883789e+01
   4.6294020e+06   2.5878906e+01
   4.6307550e+06   3.0151367e+01
   4.6321540e+06   2.9724121e+01
   4.6323820e+06   3.0029297e+01
   4.6340340e+06   2.6428223e+01
   4.6342840e+06   3.1616211e+01
   4.6344390e+06   2.8747559e+01
   4.6345750e+06   2.7587891e+01
   4.6347590e+06   3.0944824e+01
   4.6350590e+06   2.5573730e+01
   4.6350940e+06   3.5888672e+01
   4.6351050e+06   3.1555176e+01
   4.6351530e+06   2.5024414e+01
   4.6351920e+06   3.2165527e+01
   4.6352070e+06   2.9174805e+01
   4.6352610e+06   2.6184082e+01
   4.6354200e+06   2.5512695e+01
   4.6354480e+06   2.9418945e+01
   4.6354670e+06   2.6977539e+01
   4.6358430e+06   2.9296875e+01
   4.6516210e+06   2.5573730e+01
   4.6517800e+06   2.8564453e+01
   4.6520010e+06   2.5390625e+01
   4.6521850e+06   2.7221680e+01
   4.6523150e+06   3.3203125e+01
   4.6524860e+06   2.7465820e+01
   4.6526760e+06   3.0029297e+01
   4.6527710e+06   2.4963379e+01
   4.6589350e+06   2.8259277e+01
   4.6592730e+06   2.4841309e+01
   4.6593860e+06   3.1860352e+01
   4.6594970e+06   2.6855469e+01
   4.6596290e+06   2.4780273e+01
   4.6601920e+06   2.9785156e+01
   4.6605290e+06   2.5451660e+01
   4.6634790e+06   3.0517578e+01
   4.6649840e+06   2.8930664e+01
   4.6651110e+06   2.5085449e+01
   4.6652060e+06   3.3081055e+01
   4.6653450e+06   2.6550293e+01
   4.6654410e+06   2.9174805e+01
   4.6657910e+06   3.1250000e+01
   4.6659360e+06   3.1127930e+01
   4.6659540e+06   2.7343750e+01
   4.6660210e+06   3.5583496e+01
   4.6660640e+06   3.4057617e+01
   4.6660850e+06   2.7893066e+01
   4.6661130e+06   3.0456543e+01
   4.6661830e+06   2.7099609e+01
   4.6662160e+06   3.1616211e+01
   4.6663030e+06   3.0212402e+01
   4.6663350e+06   2.5634766e+01
   4.6663560e+06   2.8442383e+01
   4.6664320e+06   3.0578613e+01
   4.6666590e+06   3.4240723e+01
   4.6809430e+06   2.7404785e+01
   4.6831080e+06   2.9296875e+01
   4.6868610e+06   2.9663086e+01
   4.6870890e+06   2.8442383e+01
   4.6872570e+06   3.4423828e+01
   4.6873500e+06   3.2348633e+01
   4.6874980e+06   3.4729004e+01
   4.6876480e+06   2.7648926e+01
   4.6877680e+06   3.2653809e+01
   4.6878070e+06   2.9052734e+01
   4.6878840e+06   3.8269043e+01
   4.6879340e+06   2.9296875e+01
   4.6879510e+06   2.6428223e+01
   4.6879900e+06   2.7221680e+01
   4.6880010e+06   2.7343750e+01
   4.6880240e+06   3.1005859e+01
   4.6880690e+06   2.8381348e+01
   4.6880960e+06   3.4179688e+01
   4.6881220e+06   2.6672363e+01
   4.6881430e+06   2.9663086e+01
   4.6881670e+06   2.4902344e+01
   4.6882300e+06   2.8320312e+01
   4.6884200e+06   2.5024414e+01
   4.6885620e+06   2.5390625e+01
   4.6886060e+06   2.4902344e+01
   4.6889510e+06   2.5146484e+01
   4.6889960e+06   2.6489258e+01
   4.6891060e+06   2.5268555e+01
   4.7032300e+06   3.6132813e+01
   4.7075650e+06   2.5817871e+01
   4.7089530e+06   3.5217285e+01
   4.7092540e+06   2.6428223e+01
   4.7137280e+06   3.7109375e+01
   4.7139170e+06   2.8991699e+01
   4.7140310e+06   3.5217285e+01
   4.7140490e+06   3.3264160e+01
   4.7141440e+06   3.2165527e+01
   4.7142760e+06   2.8381348e+01
   4.7144800e+06   3.5156250e+01
   4.7145060e+06   2.8320312e+01
   4.7145350e+06   2.5390625e+01
   4.7145880e+06   2.6000977e+01
   4.7146090e+06   3.9428711e+01
   4.7146530e+06   2.7282715e+01
   4.7146810e+06   2.6184082e+01
   4.7147130e+06   3.1494141e+01
   4.7147420e+06   3.2775879e+01
   4.7147610e+06   3.4484863e+01
   4.7147740e+06   2.6428223e+01
   4.7148170e+06   3.1494141e+01
   4.7149980e+06   2.6794434e+01
   4.7150410e+06   2.9724121e+01
   4.7150870e+06   2.5146484e+01
   4.7151860e+06   2.6245117e+01
   4.7152350e+06   2.5207520e+01
   4.7153910e+06   2.4841309e+01
   4.7156850e+06   2.5207520e+01
   4.7435320e+06   3.8208008e+01
   4.7479980e+06   3.1005859e+01
   4.7480320e+06   2.6733398e+01
   4.7481690e+06   2.7160645e+01
   4.7481980e+06   3.1372070e+01
   4.7482750e+06   3.0822754e+01
   4.7483480e+06   3.3081055e+01
   4.7484390e+06   3.4118652e+01
   4.7485100e+06   2.5756836e+01
   4.7485400e+06   4.3823242e+01
   4.7486560e+06   3.0517578e+01
   4.7488060e+06   3.2348633e+01
   4.7488230e+06   3.1738281e+01
   4.7488540e+06   3.0395508e+01
   4.7488770e+06   3.8940430e+01
   4.7489100e+06   2.8991699e+01
   4.7489470e+06   3.0090332e+01
   4.7489630e+06   3.1616211e+01
   4.7490450e+06   2.5268555e+01
   4.7492090e+06   2.8442383e+01
   4.7494450e+06   2.5573730e+01
   4.7496020e+06   2.4902344e+01
   4.7496420e+06   2.8991699e+01
   4.7499700e+06   2.4841309e+01
   4.7500310e+06   2.5878906e+01
   4.7501400e+06   2.5939941e+01
   4.7501910e+06   2.7038574e+01
   4.7877530e+06   3.6560059e+01
   4.7878560e+06   2.6611328e+01
   4.7879100e+06   3.5034180e+01
   4.7879520e+06   2.6245117e+01
   4.7879920e+06   4.1870117e+01
   4.7880120e+06   2.8137207e+01
   4.7880680e+06   3.9672852e+01
   4.7880920e+06   2.7832031e+01
   4.7881360e+06   2.9663086e+01
   4.7882200e+06   3.8024902e+01
   4.7883250e+06   2.9113770e+01
   4.7883420e+06   3.8452148e+01
   4.7884020e+06   3.6804199e+01
   4.7884560e+06   3.1860352e+01
   4.7884690e+06   3.0334473e+01
   4.7885090e+06   3.4118652e+01
   4.7885190e+06   2.6000977e+01
   4.7885470e+06   3.5827637e+01
   4.7885860e+06   3.1799316e+01
   4.7885980e+06   3.1921387e+01
   4.7886250e+06   2.5878906e+01
   4.7886650e+06   4.2114258e+01
   4.7886820e+06   2.8198242e+01
   4.7887440e+06   2.4963379e+01
   4.7887840e+06   2.7648926e+01
   4.7888270e+06   3.1555176e+01
   4.7888460e+06   2.6184082e+01
   4.7889270e+06   2.5146484e+01
   4.7889370e+06   2.5146484e+01
   4.7897850e+06   2.7404785e+01
   4.7899280e+06   2.5512695e+01
   4.7900490e+06   2.6794434e+01
   4.7904380e+06   2.7038574e+01
   5.1685450e+06   3.5705566e+01
   5.1686280e+06   3.1677246e+01
   5.1686530e+06   2.9785156e+01
   5.1686670e+06   2.9846191e+01
   5.1686800e+06   2.6245117e+01
   5.1687040e+06   2.6794434e+01
   5.1687260e+06   2.4902344e+01
   5.1687430e+06   2.9724121e+01
   5.1687780e+06   3.2897949e+01
   5.1687890e+06   2.7404785e+01
   5.1688120e+06   3.2165527e+01
   5.1688270e+06   3.8085938e+01
   5.1688410e+06   2.7770996e+01
   5.1688620e+06   3.6499023e+01
   5.1688810e+06   2.6062012e+01
   5.1688910e+06   2.5756836e+01
   5.1689250e+06   3.7719727e+01
   5.1689480e+06   3.3264160e+01
   5.1690220e+06   3.4606934e+01
   5.1690830e+06   2.4841309e+01
   5.1691300e+06   2.9296875e+01
   5.1693440e+06   2.5451660e+01
   5.1694600e+06   2.6977539e+01
   5.1697280e+06   3.0029297e+01
   5.1698150e+06   2.7221680e+01
   5.1703180e+06   2.7954102e+01
   5.1703750e+06   2.6184082e+01
   5.1710830e+06   2.5207520e+01
   5.1716460e+06   2.8625488e+01
   5.1717500e+06   2.9968262e+01
   5.1733290e+06   3.0151367e+01
   5.1811060e+06   2.9907227e+01
   5.1814090e+06   3.4790039e+01
   5.1814820e+06   3.7475586e+01
   5.1815340e+06   2.5207520e+01
   5.1815530e+06   3.3813477e+01
   5.1816030e+06   2.5207520e+01
   5.1816180e+06   3.2836914e+01
   5.1816800e+06   3.2470703e+01
   5.1817470e+06   3.4362793e+01
   5.1818240e+06   2.8625488e+01
   5.1818340e+06   3.2836914e+01
   5.1819020e+06   3.7353516e+01
   5.1819720e+06   3.2043457e+01
   5.1820210e+06   2.8808594e+01
   5.1820600e+06   3.9550781e+01
   5.1820740e+06   2.8015137e+01
   5.1821450e+06   3.4484863e+01
   5.1821600e+06   2.6733398e+01
   5.1821720e+06   2.6000977e+01
   5.1822050e+06   2.7099609e+01
   5.1822420e+06   2.5390625e+01
   5.1822620e+06   2.9907227e+01
   5.1822720e+06   3.4912109e+01
   5.1823120e+06   2.8869629e+01
   5.1823400e+06   2.9113770e+01
   5.1823930e+06   2.4902344e+01
   5.1825470e+06   2.6245117e+01
   5.1825710e+06   2.7221680e+01
   5.1826760e+06   2.5146484e+01
   5.1827440e+06   2.5329590e+01
   5.1829140e+06   2.5939941e+01
   5.1835960e+06   3.0883789e+01
   5.1837600e+06   3.3996582e+01
   5.1840100e+06   2.6916504e+01
   5.1841650e+06   2.5756836e+01
   5.1856220e+06   2.8991699e+01
   5.1859600e+06   2.5634766e+01
   5.1872360e+06   3.1188965e+01
   5.1879090e+06   2.8564453e+01
   5.1895490e+06   2.9846191e+01
   5.1900420e+06   3.0517578e+01
   5.1902810e+06   2.5146484e+01
   5.1906240e+06   3.2653809e+01
   5.1914880e+06   2.7770996e+01
   5.1924370e+06   2.8320312e+01
   5.1926090e+06   2.8198242e+01
   5.1927540e+06   3.9611816e+01
   5.1929500e+06   2.9907227e+01
   5.1931800e+06   2.8991699e+01
   5.1936010e+06   2.6062012e+01
   5.1949930e+06   3.6865234e+01
   5.1950450e+06   2.5939941e+01
   5.1968320e+06   3.0090332e+01
   5.1969900e+06   2.4963379e+01
   5.1970960e+06   3.1494141e+01
   5.1972030e+06   3.2775879e+01
   5.1972900e+06   2.4841309e+01
   5.1973070e+06   3.7719727e+01
   5.1973940e+06   4.5104980e+01
   5.1975070e+06   2.5329590e+01
   5.1978670e+06   2.5024414e+01
   5.1979990e+06   2.5451660e+01
   5.1982890e+06   3.6071777e+01
   5.1984800e+06   3.4362793e+01
   5.1986560e+06   2.6062012e+01
   5.1988240e+06   2.8381348e+01
   5.2025350e+06   3.6254883e+01
   5.2026520e+06   3.0700684e+01
   5.2027460e+06   2.7832031e+01
   5.2028400e+06   2.6794434e+01
   5.2029310e+06   3.0029297e+01
   5.2030390e+06   2.7404785e+01
   5.2031380e+06   2.8076172e+01
   5.2032500e+06   2.5878906e+01
   5.2033630e+06   3.3508301e+01
   5.2033960e+06   2.7526855e+01
   5.2034890e+06   2.5878906e+01
   5.2036030e+06   2.9113770e+01
   5.2039120e+06   2.7587891e+01
   5.2041670e+06   2.7648926e+01
   5.2043050e+06   2.7709961e+01
   5.2045010e+06   2.5024414e+01
   5.2070090e+06   2.6428223e+01
   5.2070950e+06   3.2714844e+01
   5.2071900e+06   2.5085449e+01
   5.2072820e+06   2.9357910e+01
   5.2074150e+06   2.9724121e+01
   5.2075540e+06   2.5512695e+01
   5.2077030e+06   3.1921387e+01
   5.2078710e+06   2.6000977e+01
   5.2080220e+06   2.5329590e+01
   5.2103790e+06   2.9846191e+01
   5.2105490e+06   2.7404785e+01
   5.2106410e+06   2.5146484e+01
   5.2107390e+06   2.9968262e+01
   5.2108660e+06   3.1494141e+01
   5.2111810e+06   2.6062012e+01
   5.2113150e+06   2.7221680e+01
   5.2114440e+06   2.6977539e+01
   5.2116050e+06   2.6733398e+01
   5.2116420e+06   2.5817871e+01
   5.2117510e+06   3.2714844e+01
   5.2118200e+06   2.7221680e+01
   5.2120690e+06   2.6245117e+01
   5.2120970e+06   2.8747559e+01
   5.2122360e+06   2.9357910e+01
   5.2124100e+06   2.8076172e+01
   5.2126840e+06   2.5268555e+01
   5.2134370e+06   2.9174805e+01
   5.2154900e+06   3.3386230e+01
   5.2156710e+06   3.3264160e+01
   5.2158680e+06   3.2714844e+01
   5.2176870e+06   3.0700684e+01
   5.2178150e+06   3.1066895e+01
   5.2179170e+06   2.9724121e+01
   5.2180010e+06   2.9113770e+01
   5.2181460e+06   2.9052734e+01
   5.2182970e+06   2.5329590e+01
   5.2184230e+06   2.6733398e+01
   5.2185540e+06   2.4963379e+01
   5.2187480e+06   2.5573730e+01
   5.2190060e+06   2.9052734e+01
   5.2213830e+06   3.0883789e+01
   5.2214400e+06   2.4780273e+01
   5.2214940e+06   2.5146484e+01
   5.2215900e+06   3.1982422e+01
   5.2217090e+06   2.4780273e+01
   5.2218220e+06   3.1311035e+01
   5.2219500e+06   3.4790039e+01
   5.2220780e+06   2.6428223e+01
   5.2221890e+06   2.6123047e+01
   5.2222790e+06   2.8625488e+01
   5.2224630e+06   2.6611328e+01
   5.2225920e+06   2.7648926e+01
   5.2227140e+06   2.7160645e+01
   5.2229340e+06   2.6245117e+01
   5.2233850e+06   2.5207520e+01
   5.2264320e+06   2.6611328e+01
   5.2265190e+06   3.0273438e+01
   5.2266140e+06   3.1860352e+01
   5.2267190e+06   3.4912109e+01
   5.2269540e+06   3.5278320e+01
   5.2270840e+06   3.1799316e+01
   5.2272700e+06   3.2836914e+01
   5.2274280e+06   3.4606934e+01
   5.2276050e+06   2.8259277e+01
   5.2279440e+06   3.7414551e+01
   5.2285110e+06   2.6916504e+01
   5.2303230e+06   3.3447266e+01
   5.2304010e+06   3.0944824e+01
   5.2304980e+06   3.0090332e+01
   5.2306460e+06   2.4963379e+01
   5.2310130e+06   3.8146973e+01
   5.2315660e+06   2.5817871e+01
   5.2348780e+06   3.0334473e+01
   5.2349650e+06   2.4902344e+01
   5.2350360e+06   3.4912109e+01
   5.2351170e+06   3.7536621e+01
   5.2352060e+06   3.2043457e+01
   5.2354740e+06   3.0517578e+01
   5.2355890e+06   2.5268555e+01
   5.2357100e+06   2.8808594e+01
   5.2359200e+06   2.5878906e+01
   5.2367320e+06   3.1677246e+01
   5.2397030e+06   3.4851074e+01
   5.2398720e+06   3.2897949e+01
   5.2399610e+06   3.4973145e+01
   5.2401710e+06   3.1494141e+01
   5.2402880e+06   2.9174805e+01
   5.2404080e+06   3.6865234e+01
   5.2405590e+06   3.3691406e+01
   5.2407290e+06   2.5024414e+01
   5.2408720e+06   2.9235840e+01
   5.2412390e+06   2.8320312e+01
   5.2415070e+06   2.9357910e+01
   5.2444350e+06   4.6142578e+01
   5.2444920e+06   2.8076172e+01
   5.2445740e+06   2.6672363e+01
   5.2446340e+06   2.5085449e+01
   5.2447620e+06   3.5461426e+01
   5.2449030e+06   2.6123047e+01
   5.2450490e+06   2.9541016e+01
   5.2451910e+06   3.3447266e+01
   5.2453930e+06   2.7954102e+01
   5.2456160e+06   2.8869629e+01
   5.2458670e+06   2.8076172e+01
   5.2461520e+06   3.3020020e+01
   5.2490640e+06   3.7597656e+01
   5.2491300e+06   3.6010742e+01
   5.2492150e+06   3.3325195e+01
   5.2492900e+06   2.9907227e+01
   5.2494000e+06   3.3691406e+01
   5.2495530e+06   3.3020020e+01
   5.2497350e+06   2.6550293e+01
   5.2500610e+06   2.6611328e+01
   5.2503750e+06   2.5939941e+01
   5.2505440e+06   2.6245117e+01
   5.2537710e+06   3.4118652e+01
   5.2538190e+06   2.7587891e+01
   5.2538800e+06   3.3996582e+01
   5.2539470e+06   2.6184082e+01
   5.2540830e+06   2.5146484e+01
   5.2541810e+06   2.5756836e+01
   5.2544620e+06   2.5512695e+01
   5.2546040e+06   2.9968262e+01
   5.2548550e+06   2.6855469e+01
   5.2550120e+06   3.0883789e+01
   5.2580490e+06   4.5166016e+01
   5.2581200e+06   4.0771484e+01
   5.2581980e+06   2.5756836e+01
   5.2582990e+06   2.7648926e+01
   5.2584350e+06   3.0944824e+01
   5.2587440e+06   3.0029297e+01
   5.2589320e+06   2.7038574e+01
   5.2593510e+06   3.1005859e+01
   5.2618170e+06   2.5939941e+01
   5.2618780e+06   3.1616211e+01
   5.2619450e+06   3.0883789e+01
   5.2620760e+06   2.9724121e+01
   5.2622860e+06   2.7465820e+01
   5.2624100e+06   2.7770996e+01
   5.2627160e+06   2.5390625e+01
   5.2656040e+06   3.5339355e+01
   5.2656630e+06   3.5400391e+01
   5.2657330e+06   2.5024414e+01
   5.2657950e+06   3.2714844e+01
   5.2661180e+06   3.3752441e+01
   5.2663080e+06   2.5085449e+01
   5.2665170e+06   3.2043457e+01
   5.2668780e+06   3.4179688e+01
   5.2697320e+06   3.4667969e+01
   5.2697430e+06   2.7770996e+01
   5.2698130e+06   4.5227051e+01
   5.2698800e+06   3.8269043e+01
   5.2700190e+06   2.6977539e+01
   5.2701490e+06   3.0456543e+01
   5.2703050e+06   3.5095215e+01
   5.2704770e+06   3.1494141e+01
   5.2707090e+06   2.7404785e+01
   5.2709270e+06   2.4963379e+01
   5.2734620e+06   3.1433105e+01
   5.2735190e+06   3.2592773e+01
   5.2735940e+06   3.5461426e+01
   5.2736830e+06   2.5329590e+01
   5.2738460e+06   2.6672363e+01
   5.2740060e+06   2.9602051e+01
   5.2742630e+06   3.8757324e+01
   5.2746950e+06   2.9846191e+01
   5.2776100e+06   4.1687012e+01
   5.2776620e+06   4.1503906e+01
   5.2777330e+06   3.0395508e+01
   5.2778200e+06   3.6315918e+01
   5.2780690e+06   2.8442383e+01
   5.2782070e+06   3.5583496e+01
   5.2783910e+06   2.5451660e+01
   5.2788100e+06   2.7893066e+01
   5.2820890e+06   4.8889160e+01
   5.2821330e+06   3.5827637e+01
   5.2822760e+06   2.5512695e+01
   5.2825340e+06   3.5827637e+01
   5.2826720e+06   2.5878906e+01
   5.2828700e+06   3.7231445e+01
   5.2829710e+06   3.0761719e+01
   5.2859730e+06   3.5583496e+01
   5.2860480e+06   3.0029297e+01
   5.2861280e+06   2.9663086e+01
   5.2862010e+06   3.1188965e+01
   5.2863470e+06   3.1005859e+01
   5.2864960e+06   3.2043457e+01
   5.2866190e+06   2.5268555e+01
   5.2867770e+06   2.6245117e+01
   5.2895420e+06   3.5705566e+01
   5.2896040e+06   3.0578613e+01
   5.2896830e+06   2.8991699e+01
   5.2900080e+06   2.5512695e+01
   5.2903580e+06   3.2409668e+01
   5.2905700e+06   2.7954102e+01
   5.2938580e+06   3.7292480e+01
   5.2939170e+06   3.0639648e+01
   5.2939730e+06   2.7465820e+01
   5.2940420e+06   3.9855957e+01
   5.2941570e+06   2.8015137e+01
   5.2942950e+06   2.7587891e+01
   5.2944070e+06   2.9907227e+01
   5.2945980e+06   2.8137207e+01
   5.2947490e+06   3.0517578e+01
   5.2950150e+06   3.4851074e+01
   5.2990260e+06   4.1625977e+01
   5.2990770e+06   3.1860352e+01
   5.2991530e+06   3.6010742e+01
   5.2992810e+06   3.0639648e+01
   5.2995140e+06   2.9113770e+01
   5.2996590e+06   2.9052734e+01
   5.2998590e+06   3.1494141e+01
   5.3000590e+06   3.2592773e+01
   5.3002910e+06   2.9907227e+01
   5.3005250e+06   3.1250000e+01
   5.3045460e+06   3.4057617e+01
   5.3045930e+06   3.8696289e+01
   5.3046530e+06   4.1259766e+01
   5.3047270e+06   3.2470703e+01
   5.3048660e+06   2.5390625e+01
   5.3049730e+06   2.6184082e+01
   5.3049840e+06   2.5756836e+01
   5.3051490e+06   2.7709961e+01
   5.3052990e+06   2.6550293e+01
   5.3054650e+06   2.6000977e+01
   5.3056590e+06   3.3386230e+01
   5.3058940e+06   2.8442383e+01
   5.3099420e+06   2.8259277e+01
   5.3099880e+06   3.1005859e+01
   5.3100470e+06   3.1372070e+01
   5.3101300e+06   3.7597656e+01
   5.3102480e+06   2.5085449e+01
   5.3104430e+06   2.7465820e+01
   5.3106560e+06   2.6428223e+01
   5.3107880e+06   2.6367188e+01
   5.3110430e+06   2.7404785e+01
   5.3113630e+06   2.7954102e+01
   5.3152950e+06   5.2673340e+01
   5.3153470e+06   4.2358398e+01
   5.3154000e+06   2.8991699e+01
   5.3155000e+06   2.6977539e+01
   5.3155840e+06   3.3569336e+01
   5.3157440e+06   2.9663086e+01
   5.3159190e+06   3.4118652e+01
   5.3161600e+06   3.1250000e+01
   5.3162900e+06   2.9052734e+01
   5.3164090e+06   2.8991699e+01
   5.3168400e+06   2.4963379e+01
   5.3204210e+06   3.9123535e+01
   5.3204730e+06   3.1860352e+01
   5.3205370e+06   2.7404785e+01
   5.3206230e+06   2.7160645e+01
   5.3206350e+06   2.9602051e+01
   5.3207330e+06   3.3325195e+01
   5.3209470e+06   2.8442383e+01
   5.3210830e+06   3.3142090e+01
   5.3212400e+06   2.6000977e+01
   5.3214790e+06   3.0273438e+01
   5.3263890e+06   5.0964355e+01
   5.3264340e+06   3.5461426e+01
   5.3264940e+06   3.3142090e+01
   5.3265930e+06   3.0700684e+01
   5.3267370e+06   3.5644531e+01
   5.3269370e+06   3.4301758e+01
   5.3270840e+06   3.1677246e+01
   5.3273410e+06   2.9418945e+01
   5.3278810e+06   3.4240723e+01
   5.3329340e+06   3.1982422e+01
   5.3329800e+06   3.5888672e+01
   5.3330170e+06   2.5146484e+01
   5.3330480e+06   3.0822754e+01
   5.3331150e+06   3.6560059e+01
   5.3333030e+06   3.8146973e+01
   5.3334210e+06   3.6315918e+01
   5.3335250e+06   2.8564453e+01
   5.3336460e+06   3.3203125e+01
   5.3338260e+06   2.6123047e+01
   5.3340930e+06   3.0212402e+01
   5.3343810e+06   2.4963379e+01
   5.3393500e+06   4.1564941e+01
   5.3394020e+06   3.5644531e+01
   5.3394670e+06   4.5288086e+01
   5.3395580e+06   3.1005859e+01
   5.3396920e+06   2.5512695e+01
   5.3398470e+06   4.1381836e+01
   5.3399650e+06   3.9428711e+01
   5.3401750e+06   2.4780273e+01
   5.3404020e+06   3.3203125e+01
   5.3407640e+06   4.7729492e+01
   5.3443840e+06   2.7343750e+01
   5.3444410e+06   3.4423828e+01
   5.3445060e+06   3.9733887e+01
   5.3445900e+06   2.5390625e+01
   5.3448430e+06   3.0700684e+01
   5.3449810e+06   2.5939941e+01
   5.3453720e+06   2.6855469e+01
   5.3501460e+06   3.6865234e+01
   5.3501930e+06   2.8991699e+01
   5.3502600e+06   3.6926270e+01
   5.3503400e+06   2.8564453e+01
   5.3504870e+06   3.0517578e+01
   5.3506090e+06   3.2531738e+01
   5.3508680e+06   2.9785156e+01
   5.3509700e+06   2.5390625e+01
   5.3511830e+06   3.2470703e+01
   5.3513210e+06   3.6987305e+01
   5.3517210e+06   2.9785156e+01
   5.3572690e+06   5.0292969e+01
   5.3573150e+06   3.9489746e+01
   5.3573560e+06   2.7465820e+01
   5.3574350e+06   3.6193848e+01
   5.3575480e+06   2.6611328e+01
   5.3576950e+06   3.7353516e+01
   5.3578140e+06   3.2043457e+01
   5.3579580e+06   3.2592773e+01
   5.3580750e+06   3.1311035e+01
   5.3583070e+06   3.1311035e+01
   5.3587100e+06   3.6743164e+01
   5.3636650e+06   2.7526855e+01
   5.3637180e+06   4.2602539e+01
   5.3637860e+06   2.6489258e+01
   5.3638630e+06   2.7709961e+01
   5.3638760e+06   2.5512695e+01
   5.3639730e+06   3.5766602e+01
   5.3641190e+06   2.9296875e+01
   5.3642880e+06   4.1137695e+01
   5.3644400e+06   2.8259277e+01
   5.3646710e+06   3.3508301e+01
   5.3649430e+06   2.8381348e+01
   5.3706910e+06   3.7536621e+01
   5.3707390e+06   4.0527344e+01
   5.3708010e+06   2.8991699e+01
   5.3708840e+06   4.2358398e+01
   5.3709640e+06   3.5217285e+01
   5.3710750e+06   3.2165527e+01
   5.3712030e+06   2.5634766e+01
   5.3713120e+06   2.5207520e+01
   5.3713330e+06   2.5329590e+01
   5.3715650e+06   4.2358398e+01
   5.3717390e+06   2.6550293e+01
   5.3722280e+06   2.6245117e+01
   5.3781890e+06   3.0517578e+01
   5.3782120e+06   3.4973145e+01
   5.3782550e+06   2.6367188e+01
   5.3783070e+06   2.8564453e+01
   5.3783890e+06   2.6855469e+01
   5.3784920e+06   2.8625488e+01
   5.3785300e+06   2.6428223e+01
   5.3786440e+06   3.5217285e+01
   5.3787800e+06   3.4973145e+01
   5.3789420e+06   3.4423828e+01
   5.3793250e+06   2.7954102e+01
   5.3795320e+06   2.7648926e+01
   5.3798920e+06   2.8747559e+01
   5.3857290e+06   4.8522949e+01
   5.3857740e+06   4.3334961e+01
   5.3858350e+06   3.4667969e+01
   5.3859450e+06   3.3386230e+01
   5.3860210e+06   4.1503906e+01
   5.3861420e+06   2.8564453e+01
   5.3862740e+06   2.6062012e+01
   5.3863900e+06   3.0395508e+01
   5.3865470e+06   2.6062012e+01
   5.3868000e+06   3.0212402e+01
   5.3940830e+06   4.7668457e+01
   5.3941250e+06   2.8625488e+01
   5.3941850e+06   3.5461426e+01
   5.3942360e+06   3.0761719e+01
   5.3943150e+06   3.3630371e+01
   5.3944440e+06   4.7607422e+01
   5.3945540e+06   3.5461426e+01
   5.3946880e+06   3.1372070e+01
   5.3948310e+06   2.7648926e+01
   5.3949490e+06   2.6611328e+01
   5.3952330e+06   2.9724121e+01
   5.3955730e+06   3.0151367e+01
   5.4009750e+06   3.4851074e+01
   5.4009890e+06   2.5024414e+01
   5.4010280e+06   4.1015625e+01
   5.4011260e+06   4.3579102e+01
   5.4013090e+06   2.9174805e+01
   5.4013400e+06   2.5817871e+01
   5.4014080e+06   3.1005859e+01
   5.4015870e+06   2.6428223e+01
   5.4016640e+06   2.7709961e+01
   5.4018250e+06   3.1738281e+01
   5.4096460e+06   3.8330078e+01
   5.4097020e+06   3.6682129e+01
   5.4097430e+06   2.5024414e+01
   5.4097550e+06   3.6926270e+01
   5.4098170e+06   3.0517578e+01
   5.4098950e+06   4.2541504e+01
   5.4100370e+06   3.1250000e+01
   5.4102070e+06   3.3142090e+01
   5.4103390e+06   2.8015137e+01
   5.4103500e+06   2.7038574e+01
   5.4104940e+06   3.9062500e+01
   5.4106600e+06   2.6367187e+01
   5.4110510e+06   3.5034180e+01
   5.4181990e+06   3.9123535e+01
   5.4182470e+06   3.2470703e+01
   5.4182960e+06   2.4780273e+01
   5.4183250e+06   2.8747559e+01
   5.4183700e+06   3.3203125e+01
   5.4184880e+06   2.9541016e+01
   5.4185970e+06   2.5817871e+01
   5.4186160e+06   3.0822754e+01
   5.4187130e+06   3.7231445e+01
   5.4188540e+06   3.6743164e+01
   5.4189890e+06   3.0517578e+01
   5.4191460e+06   3.1066895e+01
   5.4192810e+06   2.8076172e+01
   5.4195750e+06   3.8635254e+01
   5.4268640e+06   4.8706055e+01
   5.4269230e+06   3.1860352e+01
   5.4269690e+06   2.7160645e+01
   5.4270350e+06   3.2104492e+01
   5.4271650e+06   4.1931152e+01
   5.4272590e+06   3.4057617e+01
   5.4273840e+06   3.3508301e+01
   5.4275630e+06   3.5888672e+01
   5.4277160e+06   2.8564453e+01
   5.4278540e+06   3.6560059e+01
   5.4358370e+06   2.9907227e+01
   5.4358480e+06   3.3264160e+01
   5.4359010e+06   3.0761719e+01
   5.4359690e+06   3.1127930e+01
   5.4360530e+06   3.2836914e+01
   5.4361330e+06   3.0151367e+01
   5.4363100e+06   3.3264160e+01
   5.4364310e+06   3.7170410e+01
   5.4366240e+06   3.4667969e+01
   5.4368060e+06   3.3203125e+01
   5.4370410e+06   2.9113770e+01
   5.4452270e+06   2.6123047e+01
   5.4452490e+06   3.9489746e+01
   5.4453060e+06   3.3203125e+01
   5.4453430e+06   2.5024414e+01
   5.4453530e+06   3.5766602e+01
   5.4454490e+06   2.9602051e+01
   5.4455700e+06   3.3447266e+01
   5.4457180e+06   3.4240723e+01
   5.4458110e+06   3.2775879e+01
   5.4458330e+06   2.6733398e+01
   5.4460490e+06   2.9785156e+01
   5.4461680e+06   2.6245117e+01
   5.4461900e+06   2.8381348e+01
   5.4464710e+06   3.2714844e+01
   5.4466650e+06   3.0639648e+01
   5.4555600e+06   3.5095215e+01
   5.4556100e+06   2.9357910e+01
   5.4556760e+06   3.0456543e+01
   5.4557560e+06   3.8146973e+01
   5.4557860e+06   2.7404785e+01
   5.4558280e+06   2.8991699e+01
   5.4559970e+06   3.8757324e+01
   5.4561720e+06   4.0893555e+01
   5.4563680e+06   3.6621094e+01
   5.4565990e+06   3.3081055e+01
   5.4568590e+06   2.8686523e+01
   5.4684820e+06   3.5156250e+01
   5.4685250e+06   3.3569336e+01
   5.4685740e+06   2.6672363e+01
   5.4687060e+06   3.4484863e+01
   5.4687270e+06   2.9968262e+01
   5.4688530e+06   3.3142090e+01
   5.4689240e+06   2.8442383e+01
   5.4689820e+06   3.7719727e+01
   5.4692290e+06   4.3395996e+01
   5.4692630e+06   2.6611328e+01
   5.4692780e+06   3.5217285e+01
   5.4693410e+06   4.0527344e+01
   5.4693530e+06   4.1137695e+01
   5.4693860e+06   2.7099609e+01
   5.4694170e+06   3.0944824e+01
   5.4694410e+06   2.6245117e+01
   5.4694700e+06   2.8381348e+01
   5.4695020e+06   3.3447266e+01
   5.4695380e+06   3.3569336e+01
   5.4695710e+06   3.7719727e+01
   5.4696040e+06   2.6428223e+01
   5.4696320e+06   2.7526855e+01
   5.4699970e+06   2.5756836e+01
   5.4701830e+06   2.9174805e+01
   5.4709340e+06   2.8381348e+01
   5.4882480e+06   2.8320312e+01
   5.4882810e+06   4.0527344e+01
   5.4883350e+06   2.6672363e+01
   5.4884200e+06   2.9235840e+01
   5.4886320e+06   2.5024414e+01
   5.4886690e+06   3.2714844e+01
   5.4970960e+06   3.0944824e+01
   5.4971780e+06   3.1372070e+01
   5.4972950e+06   2.6000977e+01
   5.4973880e+06   3.3020020e+01
   5.4975250e+06   3.5644531e+01
   5.4977200e+06   3.4912109e+01
   5.4981170e+06   3.1982422e+01
   5.5058390e+06   3.0822754e+01
   5.5059190e+06   4.1137695e+01
   5.5059820e+06   4.4372559e+01
   5.5060770e+06   3.2653809e+01
   5.5061670e+06   3.9062500e+01
   5.5063680e+06   3.8696289e+01
   5.5065050e+06   3.4179688e+01
   5.5066570e+06   2.6916504e+01
   5.5158520e+06   3.8269043e+01
   5.5159210e+06   3.2775879e+01
   5.5159840e+06   3.2592773e+01
   5.5160630e+06   3.1433105e+01
   5.5162380e+06   3.8757324e+01
   5.5163270e+06   3.9306641e+01
   5.5165140e+06   3.5888672e+01
   5.5166510e+06   4.0222168e+01
   5.5168920e+06   2.8015137e+01
   5.5287760e+06   4.5593262e+01
   5.5288240e+06   4.7668457e+01
   5.5289020e+06   4.0405273e+01
   5.5289910e+06   3.3264160e+01
   5.5290680e+06   2.9602051e+01
   5.5292880e+06   3.7780762e+01
   5.5294690e+06   3.4301758e+01
   5.5297560e+06   3.1555176e+01
   5.5301560e+06   2.9663086e+01
   5.5382770e+06   3.3691406e+01
   5.5383400e+06   3.5217285e+01
   5.5384410e+06   2.7954102e+01
   5.5384780e+06   4.0710449e+01
   5.5386480e+06   2.9479980e+01
   5.5388370e+06   3.3935547e+01
   5.5391700e+06   3.2226562e+01
   5.5492690e+06   3.8513184e+01
   5.5493160e+06   3.3203125e+01
   5.5494500e+06   4.4921875e+01
   5.5495640e+06   4.0954590e+01
   5.5497080e+06   3.4240723e+01
   5.5499450e+06   2.8381348e+01
   5.5500940e+06   4.3457031e+01
   5.5504180e+06   2.8930664e+01
   5.5504480e+06   2.5329590e+01
   5.5596840e+06   4.1137695e+01
   5.5597190e+06   2.5329590e+01
   5.5597360e+06   4.0039062e+01
   5.5598230e+06   2.6977539e+01
   5.5599160e+06   3.5217285e+01
   5.5599380e+06   2.5817871e+01
   5.5600930e+06   2.6184082e+01
   5.5604530e+06   4.1442871e+01
   5.5608880e+06   3.1250000e+01
   5.5712680e+06   3.2043457e+01
   5.5713120e+06   2.8564453e+01
   5.5713870e+06   2.7893066e+01
   5.5714060e+06   3.6010742e+01
   5.5715140e+06   2.5634766e+01
   5.5715780e+06   3.6315918e+01
   5.5717880e+06   3.7658691e+01
   5.5717990e+06   2.7221680e+01
   5.5719250e+06   3.0334473e+01
   5.5721620e+06   3.7109375e+01
   5.5832750e+06   4.0222168e+01
   5.5833470e+06   4.2480469e+01
   5.5834200e+06   2.5512695e+01
   5.5834650e+06   3.3569336e+01
   5.5835830e+06   3.0029297e+01
   5.5836470e+06   4.0100098e+01
   5.5836810e+06   3.0212402e+01
   5.5838060e+06   3.6621094e+01
   5.5839500e+06   3.2897949e+01
   5.6008910e+06   3.2165527e+01
   5.6009120e+06   2.5939941e+01
   5.6009640e+06   2.5085449e+01
   5.6009780e+06   4.0588379e+01
   5.6010570e+06   2.9907227e+01
   5.6011840e+06   3.2226562e+01
   5.6012600e+06   3.8146973e+01
   5.6017130e+06   3.8269043e+01
   5.6018310e+06   2.9907227e+01
   5.6018810e+06   2.5085449e+01
   5.6019010e+06   2.5573730e+01
   5.6019550e+06   2.4902344e+01
   5.6019850e+06   3.2409668e+01
   5.6019990e+06   2.8381348e+01
   5.6020240e+06   3.1372070e+01
   5.6020530e+06   2.5146484e+01
   5.6020630e+06   4.0283203e+01
   5.6020990e+06   3.3691406e+01
   5.6021210e+06   4.7363281e+01
   5.6021470e+06   3.6682129e+01
   5.6021770e+06   4.7119141e+01
   5.6022070e+06   2.8686523e+01
   5.6022380e+06   2.6062012e+01
   5.6022770e+06   2.5573730e+01
   5.6023200e+06   2.8076172e+01
   5.6023580e+06   3.1921387e+01
   5.6023930e+06   2.6855469e+01
   5.6024350e+06   2.5451660e+01
   5.6024710e+06   3.3447266e+01
   5.6025270e+06   2.8930664e+01
   5.6025810e+06   2.4902344e+01
   5.6026420e+06   3.8513184e+01
   5.6027110e+06   2.7160645e+01
   5.6027990e+06   2.7832031e+01
   5.6029060e+06   3.2287598e+01
   5.6029380e+06   2.6184082e+01
   5.6030210e+06   2.8198242e+01
   5.6030330e+06   2.5756836e+01
   5.6031110e+06   2.6184082e+01
   5.6031990e+06   2.6672363e+01
   5.6034240e+06   3.8818359e+01
   5.6034900e+06   2.4780273e+01
   5.6039290e+06   2.6550293e+01
