   5.9990000e+06   0.0000000e+00
   9.2700000e+02   3.2653809e+01
   2.4250000e+03   2.8625488e+01
   2.6960000e+03   3.9550781e+01
   2.9030000e+03   3.4484863e+01
   2.9480000e+03   2.6306152e+01
   3.0150000e+03   2.4414062e+01
   3.0960000e+03   2.7770996e+01
   3.4370000e+03   2.5878906e+01
   5.5030000e+03   3.2592773e+01
   5.6030000e+03   2.5390625e+01
   5.7410000e+03   2.8991699e+01
   7.6730000e+03   2.7038574e+01
   7.7270000e+03   2.8930664e+01
   7.8240000e+03   2.8808594e+01
   7.8660000e+03   3.9978027e+01
   7.9520000e+03   3.4484863e+01
   7.9870000e+03   3.5644531e+01
   8.0180000e+03   2.6977539e+01
   8.0450000e+03   2.7709961e+01
   8.1030000e+03   4.0222168e+01
   8.2110000e+03   2.7832031e+01
   8.2660000e+03   2.6428223e+01
   8.3550000e+03   2.7221680e+01
   8.3650000e+03   2.8259277e+01
   8.3880000e+03   2.8442383e+01
   8.4060000e+03   4.2419434e+01
   8.4310000e+03   2.7343750e+01
   8.4410000e+03   2.6794434e+01
   8.4730000e+03   2.7526855e+01
   8.5050000e+03   2.5939941e+01
   8.5280000e+03   2.9235840e+01
   8.5570000e+03   3.0151367e+01
   8.5880000e+03   3.2531738e+01
   8.6090000e+03   2.4597168e+01
   8.6250000e+03   2.6245117e+01
   8.6500000e+03   3.1799316e+01
   8.6900000e+03   2.4169922e+01
   8.7380000e+03   2.7099609e+01
   8.7500000e+03   2.4658203e+01
   8.7850000e+03   2.7770996e+01
   8.8050000e+03   2.4780273e+01
   8.8600000e+03   2.4536133e+01
   8.8900000e+03   2.4658203e+01
   8.9100000e+03   2.4291992e+01
   8.9520000e+03   2.4353027e+01
   9.0110000e+03   2.4047852e+01
   9.2580000e+03   2.6367188e+01
   9.6210000e+03   2.5634766e+01
   1.6895000e+04   3.3447266e+01
   1.8898000e+04   2.6184082e+01
   1.8974000e+04   4.3273926e+01
   1.9088000e+04   2.3986816e+01
   1.9115000e+04   2.9663086e+01
   1.9169000e+04   2.9479980e+01
   1.9329000e+04   3.3569336e+01
   1.9548000e+04   3.7292480e+01
   1.9612000e+04   2.5756836e+01
   2.1871000e+04   2.5085449e+01
   2.2091000e+04   3.1738281e+01
   2.2347000e+04   2.8991699e+01
   2.4844000e+04   3.1677246e+01
   2.4899000e+04   2.6977539e+01
   2.4997000e+04   3.9062500e+01
   2.5039000e+04   2.5329590e+01
   2.5062000e+04   2.5939941e+01
   2.5081000e+04   2.3925781e+01
   2.5128000e+04   2.7893066e+01
   2.5149000e+04   3.8513184e+01
   2.5165000e+04   2.5146484e+01
   2.5194000e+04   2.6245117e+01
   2.5221000e+04   3.6865234e+01
   2.5242000e+04   3.1860352e+01
   2.5284000e+04   2.5329590e+01
   2.5301000e+04   3.0883789e+01
   2.5320000e+04   2.6550293e+01
   2.5355000e+04   3.0456543e+01
   2.5391000e+04   2.8930664e+01
   2.5416000e+04   2.8015137e+01
   2.5428000e+04   3.0883789e+01
   2.5451000e+04   2.6672363e+01
   2.5480000e+04   2.5634766e+01
   2.5497000e+04   2.7709961e+01
   2.5517000e+04   2.4230957e+01
   2.5543000e+04   2.4780273e+01
   2.5574000e+04   3.4362793e+01
   2.5612000e+04   2.6000977e+01
   2.5631000e+04   3.3386230e+01
   2.5649000e+04   2.7709961e+01
   2.5678000e+04   3.8452148e+01
   2.5741000e+04   2.5878906e+01
   2.5840000e+04   2.7221680e+01
   2.5884000e+04   2.6733398e+01
   2.5906000e+04   3.2226562e+01
   2.5940000e+04   2.4047852e+01
   2.6009000e+04   2.4963379e+01
   2.6051000e+04   2.7709961e+01
   2.6225000e+04   2.4597168e+01
   2.6312000e+04   2.6611328e+01
   2.6353000e+04   2.5024414e+01
   2.6369000e+04   2.6306152e+01
   2.6550000e+04   2.7038574e+01
   2.6929000e+04   2.9418945e+01
   2.7806000e+04   3.1738281e+01
   3.4881000e+04   2.9846191e+01
   3.7119000e+04   3.4057617e+01
   3.7156000e+04   2.9418945e+01
   3.7226000e+04   2.8442383e+01
   3.7309000e+04   3.5888672e+01
   3.7416000e+04   2.9113770e+01
   3.7451000e+04   2.8137207e+01
   3.7469000e+04   3.4729004e+01
   3.7597000e+04   4.3945312e+01
   3.7632000e+04   2.4658203e+01
   3.7712000e+04   3.0822754e+01
   3.7742000e+04   3.2653809e+01
   3.7761000e+04   2.4353027e+01
   3.7776000e+04   2.5024414e+01
   3.7814000e+04   2.9968262e+01
   3.7835000e+04   3.2104492e+01
   3.7886000e+04   2.6428223e+01
   3.7907000e+04   2.6306152e+01
   3.8025000e+04   2.5695801e+01
   3.8067000e+04   2.4536133e+01
   3.8098000e+04   3.2226562e+01
   3.8117000e+04   2.6306152e+01
   3.8138000e+04   2.7893066e+01
   3.8198000e+04   2.5268555e+01
   3.8268000e+04   2.4841309e+01
   3.8395000e+04   2.6794434e+01
   3.8460000e+04   2.6245117e+01
   3.8619000e+04   2.5268555e+01
   4.3300000e+04   2.5695801e+01
   4.3323000e+04   2.5878906e+01
   4.3455000e+04   2.5817871e+01
   4.3485000e+04   2.5573730e+01
   4.3541000e+04   3.9062500e+01
   4.3741000e+04   2.5634766e+01
   4.3832000e+04   3.5400391e+01
   4.6669000e+04   3.1677246e+01
   4.6704000e+04   2.5878906e+01
   4.6761000e+04   2.7404785e+01
   4.6792000e+04   3.2348633e+01
   4.6802000e+04   3.7780762e+01
   4.6885000e+04   2.9663086e+01
   4.6900000e+04   3.5766602e+01
   4.6945000e+04   3.1188965e+01
   4.6988000e+04   3.7353516e+01
   4.7004000e+04   3.1311035e+01
   4.7024000e+04   2.5878906e+01
   4.7065000e+04   2.7832031e+01
   4.7092000e+04   3.1372070e+01
   4.7132000e+04   2.8198242e+01
   4.7143000e+04   2.8564453e+01
   4.7153000e+04   4.0771484e+01
   4.7199000e+04   3.2470703e+01
   4.7243000e+04   3.0090332e+01
   4.7254000e+04   2.9968262e+01
   4.7276000e+04   2.8564453e+01
   4.7299000e+04   2.4902344e+01
   4.7332000e+04   3.4301758e+01
   4.7385000e+04   2.7465820e+01
   4.7408000e+04   3.5583496e+01
   4.7438000e+04   2.4841309e+01
   4.7474000e+04   3.0578613e+01
   4.7493000e+04   3.0090332e+01
   4.7517000e+04   2.5451660e+01
   4.7553000e+04   2.7404785e+01
   4.7564000e+04   2.5695801e+01
   4.7615000e+04   2.8442383e+01
   4.7724000e+04   2.8625488e+01
   4.7788000e+04   2.6245117e+01
   4.7799000e+04   3.2531738e+01
   4.7859000e+04   2.9846191e+01
   4.8007000e+04   2.6611328e+01
   4.8034000e+04   2.7404785e+01
   5.8250000e+04   2.6977539e+01
   5.8345000e+04   2.6000977e+01
   5.8441000e+04   2.8320312e+01
   5.8565000e+04   2.6184082e+01
   5.8605000e+04   2.4047852e+01
   5.8624000e+04   2.4230957e+01
   5.8644000e+04   2.6184082e+01
   5.8788000e+04   2.8137207e+01
   5.8812000e+04   3.6987305e+01
   5.8879000e+04   3.9306641e+01
   5.8951000e+04   2.7526855e+01
   5.8983000e+04   3.2531738e+01
   5.9177000e+04   2.9296875e+01
   6.3476000e+04   2.9663086e+01
   6.3493000e+04   3.1799316e+01
   6.3533000e+04   2.7038574e+01
   6.3630000e+04   3.0944824e+01
   6.3663000e+04   2.4475098e+01
   6.3679000e+04   2.5817871e+01
   6.3709000e+04   3.0029297e+01
   6.3727000e+04   2.4597168e+01
   6.3744000e+04   2.9357910e+01
   6.3765000e+04   2.5817871e+01
   6.3787000e+04   2.3986816e+01
   6.3810000e+04   4.6630859e+01
   6.3860000e+04   2.6672363e+01
   6.3877000e+04   3.4301758e+01
   6.3981000e+04   2.5146484e+01
   6.3999000e+04   2.9724121e+01
   6.4012000e+04   3.8085938e+01
   6.4038000e+04   2.4047852e+01
   6.4048000e+04   2.5573730e+01
   6.4074000e+04   3.6071777e+01
   6.4118000e+04   2.8198242e+01
   6.4155000e+04   2.6550293e+01
   6.4298000e+04   2.3864746e+01
   6.4360000e+04   2.3925781e+01
   6.4419000e+04   2.5207520e+01
   6.4550000e+04   3.2043457e+01
   6.4595000e+04   2.6611328e+01
   6.4632000e+04   2.4536133e+01
   6.4702000e+04   3.0090332e+01
   6.4792000e+04   2.5817871e+01
   6.4830000e+04   2.3864746e+01
   6.4865000e+04   2.3864746e+01
   6.5587000e+04   2.5390625e+01
   7.4673000e+04   2.5878906e+01
   7.8284000e+04   2.5390625e+01
   7.8319000e+04   3.6010742e+01
   7.8368000e+04   2.5695801e+01
   7.8441000e+04   2.4291992e+01
   7.8465000e+04   4.6630859e+01
   7.8476000e+04   2.5024414e+01
   7.8502000e+04   2.5085449e+01
   7.8539000e+04   2.4597168e+01
   7.8574000e+04   4.2541504e+01
   7.8646000e+04   3.4057617e+01
   7.8661000e+04   3.4667969e+01
   7.8688000e+04   2.7099609e+01
   7.8742000e+04   2.9907227e+01
   7.8762000e+04   2.8747559e+01
   7.8798000e+04   3.5400391e+01
   7.8827000e+04   2.5268555e+01
   7.8838000e+04   2.9907227e+01
   7.8873000e+04   2.9785156e+01
   7.8914000e+04   2.7709961e+01
   7.8933000e+04   2.5695801e+01
   7.8976000e+04   2.4475098e+01
   7.9008000e+04   2.6000977e+01
   7.9045000e+04   2.4536133e+01
   7.9083000e+04   3.4118652e+01
   7.9108000e+04   2.4414062e+01
   7.9195000e+04   2.4353027e+01
   7.9211000e+04   2.4536133e+01
   7.9231000e+04   2.8198242e+01
   7.9376000e+04   2.5512695e+01
   7.9494000e+04   2.6550293e+01
   7.9617000e+04   3.0517578e+01
   8.0138000e+04   2.9602051e+01
   8.0210000e+04   2.5268555e+01
   8.0302000e+04   2.4719238e+01
   8.0585000e+04   2.7832031e+01
   9.0651000e+04   2.4841309e+01
   9.0695000e+04   2.6306152e+01
   9.0834000e+04   2.4353027e+01
   9.0902000e+04   2.8503418e+01
   9.0916000e+04   2.5024414e+01
   9.0992000e+04   3.9306641e+01
   9.1007000e+04   2.4291992e+01
   9.1045000e+04   3.1250000e+01
   9.1072000e+04   2.7770996e+01
   9.1112000e+04   2.8564453e+01
   9.1124000e+04   2.6794434e+01
   9.1373000e+04   2.6245117e+01
   9.1428000e+04   2.5695801e+01
   9.1464000e+04   3.0456543e+01
   9.1515000e+04   3.5705566e+01
   9.1553000e+04   2.8137207e+01
   9.1604000e+04   2.5817871e+01
   9.1820000e+04   2.5207520e+01
   9.2126000e+04   2.5573730e+01
   9.6721000e+04   3.2714844e+01
   9.6834000e+04   2.6000977e+01
   9.6860000e+04   2.6062012e+01
   9.6896000e+04   3.4118652e+01
   9.6951000e+04   3.1799316e+01
   9.6975000e+04   2.6367188e+01
   9.7062000e+04   2.5878906e+01
   9.7199000e+04   3.5949707e+01
   9.7245000e+04   2.6062012e+01
   9.7327000e+04   3.3447266e+01
   9.7356000e+04   4.3151855e+01
   9.7476000e+04   2.4414062e+01
   9.7624000e+04   2.4169922e+01
   1.0283800e+05   5.6396484e+01
   1.0290600e+05   3.3935547e+01
   1.0292800e+05   2.4780273e+01
   1.0295100e+05   3.9794922e+01
   1.0298900e+05   2.9846191e+01
   1.0305600e+05   2.8320312e+01
   1.0314500e+05   2.4047852e+01
   1.0320500e+05   2.5756836e+01
   1.0321800e+05   2.5695801e+01
   1.0325100e+05   2.9663086e+01
   1.0326600e+05   3.5217285e+01
   1.0330600e+05   2.8259277e+01
   1.0332800e+05   2.9296875e+01
   1.0337100e+05   3.3569336e+01
   1.0340800e+05   2.5329590e+01
   1.0342700e+05   3.1066895e+01
   1.0345700e+05   2.8015137e+01
   1.0349300e+05   2.4353027e+01
   1.0352200e+05   2.7954102e+01
   1.0354400e+05   2.4353027e+01
   1.0358000e+05   2.5512695e+01
   1.0363600e+05   2.8625488e+01
   1.0373700e+05   2.4475098e+01
   1.0383700e+05   2.6428223e+01
   1.0387000e+05   2.8686523e+01
   1.0415400e+05   2.5634766e+01
   1.0419600e+05   2.4291992e+01
   1.0423700e+05   2.5207520e+01
   1.0452300e+05   2.8930664e+01
   1.1781500e+05   3.1555176e+01
   1.1783300e+05   2.5573730e+01
   1.1786300e+05   2.8625488e+01
   1.1794000e+05   2.5085449e+01
   1.1799000e+05   5.1635742e+01
   1.1802200e+05   2.7770996e+01
   1.1803700e+05   3.1005859e+01
   1.1807300e+05   2.6672363e+01
   1.1809700e+05   4.5471191e+01
   1.1811500e+05   3.2714844e+01
   1.1814300e+05   2.6672363e+01
   1.1816000e+05   2.4169922e+01
   1.1818800e+05   3.4667969e+01
   1.1820400e+05   3.3691406e+01
   1.1822000e+05   2.5817871e+01
   1.1833700e+05   2.8503418e+01
   1.1835800e+05   2.4230957e+01
   1.1839800e+05   2.3864746e+01
   1.1843300e+05   2.3803711e+01
   1.1846300e+05   2.5573730e+01
   1.1853100e+05   3.3691406e+01
   1.1856300e+05   2.6000977e+01
   1.1861100e+05   2.9174805e+01
   1.1865800e+05   3.0761719e+01
   1.1866800e+05   2.4291992e+01
   1.1869100e+05   3.0273438e+01
   1.1875400e+05   2.4047852e+01
   1.1895600e+05   2.5024414e+01
   1.1897600e+05   2.4414063e+01
   1.1931200e+05   2.5695801e+01
   1.1962600e+05   2.4719238e+01
   1.1968100e+05   2.4780273e+01
   1.1977300e+05   2.4475098e+01
   1.1994000e+05   2.7465820e+01
   1.3431700e+05   2.4658203e+01
   1.3433900e+05   3.1127930e+01
   1.3436300e+05   4.5471191e+01
   1.3440300e+05   2.5207520e+01
   1.3443400e+05   3.0944824e+01
   1.3445800e+05   2.7404785e+01
   1.3448300e+05   2.3803711e+01
   1.3453500e+05   2.4414062e+01
   1.3456400e+05   2.8076172e+01
   1.3458500e+05   3.4606934e+01
   1.3466600e+05   2.8747559e+01
   1.3467600e+05   2.7343750e+01
   1.3470500e+05   3.3935547e+01
   1.3472400e+05   3.4423828e+01
   1.3476600e+05   2.4353027e+01
   1.3478300e+05   3.0334473e+01
   1.3483700e+05   2.4536133e+01
   1.3485900e+05   2.4291992e+01
   1.3489100e+05   2.5695801e+01
   1.3499800e+05   2.5939941e+01
   1.3502000e+05   2.4230957e+01
   1.3505900e+05   3.0639648e+01
   1.3508900e+05   2.7648926e+01
   1.3520200e+05   2.5573730e+01
   1.3524700e+05   2.6733398e+01
   1.3547500e+05   2.6184082e+01
   1.3549800e+05   2.5390625e+01
   1.3567200e+05   2.4597168e+01
   1.3581000e+05   2.4536133e+01
   1.3587400e+05   2.4230957e+01
   1.3589600e+05   2.5390625e+01
   1.3618600e+05   2.3925781e+01
   1.3620500e+05   2.6184082e+01
   1.3631500e+05   2.6550293e+01
   1.3644400e+05   2.4291992e+01
   1.5939000e+05   2.9846191e+01
   1.5941800e+05   2.5085449e+01
   1.5943200e+05   5.4260254e+01
   1.5946400e+05   3.1860352e+01
   1.5948400e+05   2.3925781e+01
   1.5949500e+05   3.2714844e+01
   1.5951400e+05   3.4301758e+01
   1.5952900e+05   3.9062500e+01
   1.5953900e+05   3.2836914e+01
   1.5957500e+05   2.6977539e+01
   1.5961400e+05   3.9855957e+01
   1.5964600e+05   2.8991699e+01
   1.5968500e+05   4.5593262e+01
   1.5970200e+05   2.9785156e+01
   1.5971500e+05   2.8198242e+01
   1.5973500e+05   4.4738770e+01
   1.5978100e+05   2.6611328e+01
   1.5979100e+05   2.9174805e+01
   1.5985600e+05   2.6123047e+01
   1.5988100e+05   3.2714844e+01
   1.5990000e+05   3.6254883e+01
   1.5996200e+05   3.1188965e+01
   1.6001900e+05   2.4658203e+01
   1.6007700e+05   3.0700684e+01
   1.6019000e+05   2.4169922e+01
   1.6020200e+05   2.7587891e+01
   1.6078500e+05   2.4414062e+01
   1.6082600e+05   2.4902344e+01
   1.6093700e+05   2.4658203e+01
   1.6107300e+05   2.6733398e+01
   1.6124100e+05   2.7160645e+01
   1.6148300e+05   2.3986816e+01
   1.8693000e+05   2.8381348e+01
   1.8695900e+05   3.7292480e+01
   1.8699000e+05   3.4606934e+01
   1.8702900e+05   3.5827637e+01
   1.8706500e+05   2.6489258e+01
   1.8708600e+05   4.9194336e+01
   1.8711100e+05   2.8259277e+01
   1.8716200e+05   2.6977539e+01
   1.8717200e+05   2.6489258e+01
   1.8719200e+05   2.6916504e+01
   1.8724200e+05   3.0578613e+01
   1.8727100e+05   2.3925781e+01
   1.8729000e+05   5.7128906e+01
   1.8732200e+05   3.0334473e+01
   1.8734200e+05   4.3762207e+01
   1.8739600e+05   3.6987305e+01
   1.8741400e+05   2.4047852e+01
   1.8744100e+05   3.3203125e+01
   1.8745100e+05   2.8015137e+01
   1.8747300e+05   2.4353027e+01
   1.8750300e+05   3.6193848e+01
   1.8752900e+05   2.8564453e+01
   1.8755300e+05   2.8442383e+01
   1.8773800e+05   2.6611328e+01
   1.8784200e+05   2.4291992e+01
   1.8789400e+05   2.5939941e+01
   1.8796400e+05   2.3803711e+01
   1.8826600e+05   2.3925781e+01
   1.8871900e+05   2.5085449e+01
   1.8899500e+05   2.6855469e+01
   1.9141600e+05   2.5390625e+01
   5.5911200e+05   2.4169922e+01
   5.9942000e+05   2.3986816e+01
   6.0038700e+05   2.6550293e+01
   6.0425900e+05   2.5695801e+01
   6.0904000e+05   2.3864746e+01
   6.1715900e+05   2.4719238e+01
   6.1719700e+05   3.2592773e+01
   6.1723900e+05   3.8757324e+01
   6.1729400e+05   2.7648926e+01
   6.1732400e+05   3.6987305e+01
   6.1735200e+05   4.1992188e+01
   6.1737000e+05   2.6916504e+01
   6.1738700e+05   3.7597656e+01
   6.1739800e+05   4.9255371e+01
   6.1742100e+05   3.8696289e+01
   6.1744200e+05   4.2358398e+01
   6.1745600e+05   3.6926270e+01
   6.1747300e+05   3.0273438e+01
   6.1749000e+05   2.6367188e+01
   6.1752400e+05   2.3803711e+01
   6.1754300e+05   3.0883789e+01
   6.1757600e+05   3.3264160e+01
   6.1758900e+05   2.6245117e+01
   6.1761600e+05   3.4423828e+01
   6.1765600e+05   2.5024414e+01
   6.1767600e+05   3.0029297e+01
   6.1772700e+05   2.7038574e+01
   6.1779900e+05   3.7353516e+01
   6.1781600e+05   2.4719238e+01
   6.1790700e+05   2.5756836e+01
   6.1795500e+05   2.5634766e+01
   6.1797800e+05   2.6245117e+01
   6.1800400e+05   3.0334473e+01
   6.1804200e+05   3.1982422e+01
   6.1809700e+05   2.8442383e+01
   6.1810700e+05   2.7770996e+01
   6.1818400e+05   2.8198242e+01
   6.1828800e+05   2.5512695e+01
   6.1830100e+05   2.5024414e+01
   6.1842100e+05   2.6000977e+01
   6.1848900e+05   2.5878906e+01
   6.1858300e+05   2.4719238e+01
   6.1859700e+05   3.2043457e+01
   6.1862000e+05   2.6977539e+01
   6.1867200e+05   2.5085449e+01
   6.1869000e+05   2.9174805e+01
   6.1876900e+05   2.3925781e+01
   6.1887100e+05   2.5756836e+01
   6.1896500e+05   3.4057617e+01
   6.1902900e+05   2.4414062e+01
   6.1920100e+05   2.3803711e+01
   6.1930200e+05   2.5512695e+01
   6.1940900e+05   2.8625488e+01
   6.1950900e+05   2.6184082e+01
   6.1982000e+05   2.8564453e+01
   6.2023500e+05   3.5034180e+01
   6.2948900e+05   2.4353027e+01
   6.3510000e+05   2.5634766e+01
   6.4045500e+05   2.4108887e+01
   6.6261600e+05   2.6062012e+01
   6.9814300e+05   2.4291992e+01
   7.3919200e+05   2.3986816e+01
   7.4300800e+05   2.4536133e+01
   7.6399000e+05   2.3803711e+01
   7.9578200e+05   2.3803711e+01
   7.9654500e+05   2.5634766e+01
   7.9659000e+05   3.0395508e+01
   7.9668100e+05   3.1127930e+01
   7.9669100e+05   3.0029297e+01
   7.9672200e+05   4.1137695e+01
   7.9673600e+05   2.5146484e+01
   7.9675900e+05   3.3264160e+01
   7.9677300e+05   4.5898438e+01
   7.9678300e+05   2.3986816e+01
   7.9680100e+05   4.8400879e+01
   7.9682800e+05   2.8747559e+01
   7.9684800e+05   2.4169922e+01
   7.9686700e+05   3.0639648e+01
   7.9690700e+05   3.4667969e+01
   7.9691900e+05   3.9245605e+01
   7.9695900e+05   3.0578613e+01
   7.9698400e+05   2.4780273e+01
   7.9700700e+05   2.4414062e+01
   7.9704900e+05   2.6550293e+01
   7.9713600e+05   2.5268555e+01
   7.9715600e+05   3.3874512e+01
   7.9720900e+05   2.4414062e+01
   7.9723400e+05   2.6306152e+01
   7.9725200e+05   2.4108887e+01
   7.9730800e+05   2.4414062e+01
   7.9737700e+05   2.5573730e+01
   7.9742400e+05   3.5705566e+01
   7.9745400e+05   2.7648926e+01
   7.9748100e+05   2.4841309e+01
   7.9752200e+05   2.6306152e+01
   7.9753800e+05   2.5695801e+01
   7.9758400e+05   2.8320312e+01
   7.9763800e+05   2.7709961e+01
   7.9768300e+05   3.0029297e+01
   7.9769700e+05   3.0456543e+01
   7.9779800e+05   2.5024414e+01
   7.9783300e+05   2.7954102e+01
   7.9789100e+05   2.4047852e+01
   7.9794900e+05   2.7038574e+01
   7.9797500e+05   2.3864746e+01
   7.9799600e+05   2.4230957e+01
   7.9801900e+05   3.0944824e+01
   7.9804300e+05   2.4047852e+01
   7.9806100e+05   2.5207520e+01
   7.9813100e+05   2.3925781e+01
   7.9817200e+05   2.3925781e+01
   7.9821100e+05   3.0151367e+01
   7.9823200e+05   2.9052734e+01
   7.9827100e+05   2.8747559e+01
   7.9828800e+05   2.7038574e+01
   7.9838100e+05   2.5817871e+01
   7.9841100e+05   2.5817871e+01
   7.9849100e+05   2.4963379e+01
   7.9857000e+05   2.7526855e+01
   7.9891300e+05   2.4047852e+01
   7.9921900e+05   2.8991699e+01
   7.9938000e+05   3.0944824e+01
   7.9953500e+05   2.3925781e+01
   8.0009400e+05   2.4597168e+01
   8.1119300e+05   4.0039062e+01
   8.1120300e+05   3.8146973e+01
   8.1124000e+05   2.5268555e+01
   8.1125000e+05   2.3925781e+01
   8.1126600e+05   3.8574219e+01
   8.1128400e+05   2.8259277e+01
   8.1131600e+05   2.6855469e+01
   8.1133200e+05   3.8757324e+01
   8.1136200e+05   4.5410156e+01
   8.1138600e+05   4.1870117e+01
   8.1139900e+05   3.4118652e+01
   8.1142700e+05   2.8808594e+01
   8.1144300e+05   2.8076172e+01
   8.1147300e+05   3.5522461e+01
   8.1150100e+05   3.3447266e+01
   8.1154000e+05   2.6672363e+01
   8.1156800e+05   2.9174805e+01
   8.1159300e+05   3.3447266e+01
   8.1160900e+05   3.1494141e+01
   8.1163300e+05   3.0883789e+01
   8.1171000e+05   2.3925781e+01
   8.1172300e+05   2.8930664e+01
   8.1177100e+05   3.1372070e+01
   8.1179300e+05   2.8442383e+01
   8.1186100e+05   2.5878906e+01
   8.1189800e+05   2.7526855e+01
   8.1209300e+05   2.7099609e+01
   8.1211700e+05   2.5634766e+01
   8.1216300e+05   2.4230957e+01
   8.1217700e+05   2.8564453e+01
   8.1219800e+05   2.9052734e+01
   8.1226500e+05   2.5756836e+01
   8.1227500e+05   2.4536133e+01
   8.1232300e+05   2.4291992e+01
   8.1239300e+05   2.7221680e+01
   8.1242000e+05   2.9418945e+01
   8.1245100e+05   2.8015137e+01
   8.1250200e+05   2.8320312e+01
   8.1258900e+05   2.7343750e+01
   8.1263200e+05   2.5024414e+01
   8.1269200e+05   3.3142090e+01
   8.1272600e+05   2.4108887e+01
   8.1275900e+05   2.4658203e+01
   8.1278700e+05   2.5756836e+01
   8.1286600e+05   2.3925781e+01
   8.1290900e+05   3.2958984e+01
   8.1300500e+05   2.4780273e+01
   8.1304300e+05   3.1799316e+01
   8.1309900e+05   2.7832031e+01
   8.1311900e+05   2.8381348e+01
   8.1356700e+05   2.5756836e+01
   8.1374800e+05   2.9968262e+01
   8.1408400e+05   2.4841309e+01
   8.1675900e+05   2.5024414e+01
   8.2081300e+05   2.7832031e+01
   8.2085800e+05   2.5634766e+01
   8.2097100e+05   2.4719238e+01
   8.2099000e+05   2.7954102e+01
   8.2104700e+05   2.8686523e+01
   8.2109000e+05   2.7038574e+01
   8.2110600e+05   3.3142090e+01
   8.2112700e+05   2.4841309e+01
   8.2115200e+05   2.8991699e+01
   8.2120800e+05   3.1799316e+01
   8.2122700e+05   2.6794434e+01
   8.2126000e+05   2.5573730e+01
   8.2127300e+05   2.7770996e+01
   8.2130000e+05   2.5024414e+01
   8.2131200e+05   3.1921387e+01
   8.2132200e+05   3.5400391e+01
   8.2134600e+05   2.8503418e+01
   8.2137100e+05   3.3874512e+01
   8.2141100e+05   2.9602051e+01
   8.2142600e+05   3.3325195e+01
   8.2146400e+05   2.3864746e+01
   8.2150100e+05   2.7343750e+01
   8.2152300e+05   2.8320312e+01
   8.2154700e+05   2.6184082e+01
   8.2159000e+05   2.6794434e+01
   8.2161100e+05   2.5512695e+01
   8.2163300e+05   3.0395508e+01
   8.2167400e+05   2.4291992e+01
   8.2172100e+05   2.4536133e+01
   8.2174100e+05   2.6062012e+01
   8.2178600e+05   3.4179688e+01
   8.2182700e+05   2.8625488e+01
   8.2186700e+05   3.2897949e+01
   8.2189000e+05   3.4912109e+01
   8.2191300e+05   2.9602051e+01
   8.2194700e+05   2.9541016e+01
   8.2196100e+05   2.4475098e+01
   8.2198200e+05   2.5390625e+01
   8.2210600e+05   2.8869629e+01
   8.2213100e+05   3.2714844e+01
   8.2217300e+05   2.6489258e+01
   8.2218300e+05   2.4841309e+01
   8.2230000e+05   2.7282715e+01
   8.2234100e+05   2.7343750e+01
   8.2241900e+05   2.4719238e+01
   8.2245700e+05   2.4902344e+01
   8.2249200e+05   3.2226562e+01
   8.2258400e+05   2.4108887e+01
   8.2263400e+05   2.8076172e+01
   8.2272700e+05   2.4780273e+01
   8.2289500e+05   2.4902344e+01
   8.2309100e+05   2.3864746e+01
   8.2323500e+05   2.4536133e+01
   8.2514800e+05   2.4169922e+01
   8.2929200e+05   2.4597168e+01
   8.3127400e+05   3.0944824e+01
   8.3135100e+05   2.8381348e+01
   8.3141600e+05   2.4230957e+01
   8.3147400e+05   2.9602051e+01
   8.3148400e+05   2.6733398e+01
   8.3153100e+05   2.5451660e+01
   8.3161300e+05   2.8503418e+01
   8.3165000e+05   2.5573730e+01
   8.3175200e+05   2.7587891e+01
   8.3182700e+05   2.5817871e+01
   8.3185500e+05   2.4169922e+01
   8.3203500e+05   2.8991699e+01
   8.3624100e+05   3.6621094e+01
   8.3626400e+05   2.6367188e+01
   8.3629600e+05   3.1555176e+01
   8.3631400e+05   2.5451660e+01
   8.3636700e+05   4.3579102e+01
   8.3637700e+05   2.7648926e+01
   8.3639400e+05   2.8259277e+01
   8.3641600e+05   2.9052734e+01
   8.3644100e+05   2.9602051e+01
   8.3645400e+05   2.6184082e+01
   8.3646900e+05   4.4067383e+01
   8.3648300e+05   3.0578613e+01
   8.3652100e+05   3.2043457e+01
   8.3655400e+05   4.0466309e+01
   8.3660400e+05   2.5451660e+01
   8.3663500e+05   2.9663086e+01
   8.3665400e+05   4.5654297e+01
   8.3668900e+05   3.4973145e+01
   8.3670500e+05   2.6611328e+01
   8.3672500e+05   2.9296875e+01
   8.3675500e+05   2.4353027e+01
   8.3678800e+05   3.0456543e+01
   8.3679900e+05   2.9418945e+01
   8.3682400e+05   2.5329590e+01
   8.3686200e+05   4.6447754e+01
   8.3689700e+05   2.5268555e+01
   8.3695600e+05   2.4536133e+01
   8.3697900e+05   2.5573730e+01
   8.3699300e+05   3.6254883e+01
   8.3706200e+05   2.9479980e+01
   8.3707500e+05   2.4902344e+01
   8.3710800e+05   2.6367188e+01
   8.3711900e+05   2.4658203e+01
   8.3729700e+05   2.3864746e+01
   8.3736800e+05   2.7709961e+01
   8.3738200e+05   2.4841309e+01
   8.3742400e+05   2.3803711e+01
   8.3763500e+05   2.5512695e+01
   8.3764700e+05   2.6000977e+01
   8.3772100e+05   2.3925781e+01
   8.3778600e+05   3.1066895e+01
   8.3783900e+05   2.3864746e+01
   8.3791600e+05   2.8991699e+01
   8.3797400e+05   2.4658203e+01
   8.3808300e+05   2.4780273e+01
   8.3814000e+05   2.6977539e+01
   8.3830200e+05   2.4963379e+01
   8.3835200e+05   2.5390625e+01
   8.3844100e+05   2.3803711e+01
   8.4495600e+05   3.9184570e+01
   8.4635800e+05   3.0517578e+01
   8.4839200e+05   2.4719238e+01
   8.4861700e+05   2.5268555e+01
   8.4863400e+05   4.1748047e+01
   8.4870500e+05   2.8442383e+01
   8.4874600e+05   2.5573730e+01
   8.4878500e+05   2.8503418e+01
   8.4881500e+05   3.4973145e+01
   8.4883500e+05   2.4536133e+01
   8.4886500e+05   2.7465820e+01
   8.4887600e+05   2.7282715e+01
   8.4890200e+05   3.0395508e+01
   8.4894100e+05   2.7648926e+01
   8.4899400e+05   2.5329590e+01
   8.4906600e+05   2.7832031e+01
   8.4908600e+05   3.6376953e+01
   8.4913700e+05   2.4597168e+01
   8.4917000e+05   3.4667969e+01
   8.4919400e+05   3.0639648e+01
   8.4922700e+05   2.8442383e+01
   8.4924400e+05   2.8320312e+01
   8.4928300e+05   3.6193848e+01
   8.4931200e+05   2.4597168e+01
   8.4933600e+05   2.6184082e+01
   8.4936700e+05   3.4362793e+01
   8.4938500e+05   2.6184082e+01
   8.4943000e+05   3.6987305e+01
   8.4944900e+05   3.6071777e+01
   8.4947400e+05   3.1188965e+01
   8.4951400e+05   2.4353027e+01
   8.4953800e+05   2.4902344e+01
   8.4956100e+05   2.6733398e+01
   8.4962900e+05   2.6184082e+01
   8.4964600e+05   2.3803711e+01
   8.4975100e+05   2.4047852e+01
   8.4981500e+05   2.6367188e+01
   8.5011000e+05   2.4841309e+01
   8.5015000e+05   2.4475098e+01
   8.5036300e+05   2.5085449e+01
   8.5069600e+05   2.5695801e+01
   8.5095100e+05   2.5817871e+01
   8.5780100e+05   2.7709961e+01
   8.6035600e+05   3.0700684e+01
   8.6048100e+05   2.5207520e+01
   8.6059400e+05   2.8442383e+01
   8.6060900e+05   2.7038574e+01
   8.6062100e+05   3.2409668e+01
   8.6069500e+05   2.5085449e+01
   8.6074000e+05   2.9357910e+01
   8.6075600e+05   2.5634766e+01
   8.6082600e+05   3.0090332e+01
   8.6084800e+05   3.9184570e+01
   8.6087700e+05   2.6611328e+01
   8.6092900e+05   2.9541016e+01
   8.6096200e+05   2.4963379e+01
   8.6102400e+05   3.1005859e+01
   8.6104700e+05   2.3986816e+01
   8.6106100e+05   2.3803711e+01
   8.6118600e+05   2.9418945e+01
   8.6121100e+05   2.8991699e+01
   8.6124300e+05   2.8991699e+01
   8.6133100e+05   3.1921387e+01
   8.6135000e+05   2.5512695e+01
   8.6137700e+05   3.0883789e+01
   8.6141500e+05   3.1616211e+01
   8.6145500e+05   2.5390625e+01
   8.6147400e+05   3.7414551e+01
   8.6150900e+05   2.4291992e+01
   8.6153300e+05   2.5695801e+01
   8.6155800e+05   2.3986816e+01
   8.6157200e+05   2.7893066e+01
   8.6162200e+05   3.0029297e+01
   8.6165800e+05   3.1433105e+01
   8.6170500e+05   2.7343750e+01
   8.6174300e+05   2.4047852e+01
   8.6180000e+05   3.3447266e+01
   8.6186500e+05   2.9418945e+01
   8.6207100e+05   2.6916504e+01
   8.6219500e+05   2.5512695e+01
   8.6867100e+05   2.3864746e+01
   8.7212400e+05   2.6611328e+01
   8.7220800e+05   2.7343750e+01
   8.7225800e+05   3.0334473e+01
   8.7229600e+05   2.4475098e+01
   8.7236000e+05   2.9907227e+01
   8.7237500e+05   3.2653809e+01
   8.7242100e+05   2.8503418e+01
   8.7247200e+05   3.5217285e+01
   8.7249900e+05   2.8442383e+01
   8.7253700e+05   3.6437988e+01
   8.7255800e+05   3.3264160e+01
   8.7260200e+05   3.4179688e+01
   8.7264900e+05   3.5644531e+01
   8.7266200e+05   2.6916504e+01
   8.7271500e+05   3.1616211e+01
   8.7273600e+05   2.5634766e+01
   8.7278800e+05   3.1921387e+01
   8.7281000e+05   3.5217285e+01
   8.7283300e+05   3.1494141e+01
   8.7286100e+05   2.5817871e+01
   8.7289600e+05   2.5939941e+01
   8.7291000e+05   2.8686523e+01
   8.7293500e+05   3.1372070e+01
   8.7299000e+05   2.3986816e+01
   8.7300800e+05   3.0212402e+01
   8.7303300e+05   3.3142090e+01
   8.7305400e+05   2.7099609e+01
   8.7309100e+05   3.1555176e+01
   8.7311000e+05   2.4108887e+01
   8.7313100e+05   3.1677246e+01
   8.7315000e+05   2.5390625e+01
   8.7322400e+05   2.6855469e+01
   8.7325300e+05   2.6000977e+01
   8.7328500e+05   2.6672363e+01
   8.7333500e+05   2.4047852e+01
   8.7336900e+05   2.6245117e+01
   8.7339200e+05   2.6611328e+01
   8.7342800e+05   2.7343750e+01
   8.7348000e+05   2.6123047e+01
   8.7358000e+05   2.9785156e+01
   8.7362700e+05   2.9052734e+01
   8.7382700e+05   2.4780273e+01
   8.8253600e+05   2.5207520e+01
   8.8258000e+05   2.6184082e+01
   8.8268600e+05   3.0029297e+01
   8.8489700e+05   2.5146484e+01
   8.8493700e+05   3.3630371e+01
   8.8495300e+05   2.9052734e+01
   8.8498900e+05   2.8076172e+01
   8.8507300e+05   2.5329590e+01
   8.8510200e+05   2.5146484e+01
   8.8514100e+05   2.9968262e+01
   8.8517100e+05   3.4423828e+01
   8.8523800e+05   2.4780273e+01
   8.8525300e+05   2.5573730e+01
   8.8529400e+05   2.5268555e+01
   8.8531100e+05   2.4963379e+01
   8.8532800e+05   2.3864746e+01
   8.8535000e+05   2.8747559e+01
   8.8537900e+05   2.4902344e+01
   8.8540100e+05   2.4353027e+01
   8.8543200e+05   3.0151367e+01
   8.8548200e+05   2.7221680e+01
   8.8550500e+05   2.4108887e+01
   8.8552800e+05   2.9602051e+01
   8.8557000e+05   3.4484863e+01
   8.8560200e+05   2.6123047e+01
   8.8564900e+05   2.4475098e+01
   8.8566700e+05   3.0273438e+01
   8.8569500e+05   2.4353027e+01
   8.8575200e+05   2.4047852e+01
   8.8580600e+05   2.9785156e+01
   8.8582600e+05   2.5268555e+01
   8.8587300e+05   2.9418945e+01
   8.8603300e+05   2.7099609e+01
   8.8612100e+05   2.5695801e+01
   8.8640900e+05   2.6000977e+01
   8.8644200e+05   2.5573730e+01
   8.8674300e+05   2.6306152e+01
   8.9682500e+05   3.5827637e+01
   8.9683500e+05   2.9968262e+01
   8.9686400e+05   2.8747559e+01
   8.9690400e+05   2.6916504e+01
   8.9694400e+05   3.0395508e+01
   8.9697400e+05   3.8452148e+01
   8.9698600e+05   2.4475098e+01
   8.9702300e+05   2.4414062e+01
   8.9709400e+05   2.5207520e+01
   8.9712700e+05   3.3630371e+01
   8.9716400e+05   2.5390625e+01
   8.9720400e+05   2.8564453e+01
   8.9726300e+05   2.8930664e+01
   8.9729200e+05   3.1921387e+01
   8.9731200e+05   3.3508301e+01
   8.9737500e+05   2.4658203e+01
   8.9740400e+05   3.1372070e+01
   8.9741600e+05   3.2287598e+01
   8.9743500e+05   2.4902344e+01
   8.9753600e+05   2.7832031e+01
   8.9763700e+05   2.6428223e+01
   8.9766200e+05   2.4902344e+01
   8.9768900e+05   2.7038574e+01
   8.9775500e+05   2.6306152e+01
   8.9777100e+05   2.6672363e+01
   8.9780200e+05   2.5451660e+01
   8.9783200e+05   2.6672363e+01
   8.9788500e+05   2.4108887e+01
   8.9810100e+05   2.7832031e+01
   8.9817100e+05   2.5390625e+01
   8.9825500e+05   2.6184082e+01
   8.9848200e+05   2.9052734e+01
   9.0222200e+05   2.5939941e+01
   9.0900000e+05   2.7160645e+01
   9.0901400e+05   3.8024902e+01
   9.0904900e+05   2.4597168e+01
   9.0908300e+05   2.7709961e+01
   9.0911700e+05   3.1860352e+01
   9.0914500e+05   2.9052734e+01
   9.0917700e+05   2.7221680e+01
   9.0922300e+05   3.6560059e+01
   9.0926300e+05   2.4047852e+01
   9.0930500e+05   2.9235840e+01
   9.0939200e+05   2.7770996e+01
   9.0942800e+05   3.0639648e+01
   9.0946300e+05   2.6611328e+01
   9.0949800e+05   2.6672363e+01
   9.0952500e+05   3.2470703e+01
   9.0963400e+05   2.8015137e+01
   9.0970100e+05   2.4230957e+01
   9.0972400e+05   2.7893066e+01
   9.0974500e+05   2.4047852e+01
   9.0981200e+05   2.3864746e+01
   9.0984800e+05   2.4414062e+01
   9.0998300e+05   2.5146484e+01
   9.1015100e+05   2.8869629e+01
   9.1047800e+05   2.4841309e+01
   9.1060900e+05   2.3925781e+01
   9.2044500e+05   2.5512695e+01
   9.2058100e+05   2.4108887e+01
   9.2060000e+05   3.8940430e+01
   9.2064900e+05   2.3986816e+01
   9.2069900e+05   3.0273438e+01
   9.2072200e+05   3.4301758e+01
   9.2074200e+05   2.8381348e+01
   9.2082000e+05   3.1250000e+01
   9.2088300e+05   2.6184082e+01
   9.2090200e+05   4.2541504e+01
   9.2092400e+05   2.9235840e+01
   9.2093500e+05   2.5329590e+01
   9.2096700e+05   2.4230957e+01
   9.2098700e+05   2.9602051e+01
   9.2109600e+05   2.5573730e+01
   9.2114000e+05   3.0883789e+01
   9.2117800e+05   2.6245117e+01
   9.2120800e+05   2.4414062e+01
   9.2125000e+05   2.5573730e+01
   9.2127600e+05   2.9357910e+01
   9.2131900e+05   2.6428223e+01
   9.2136500e+05   2.7587891e+01
   9.2140600e+05   2.7282715e+01
   9.2144500e+05   2.9907227e+01
   9.2149400e+05   3.0334473e+01
   9.2155300e+05   4.1625977e+01
   9.2168300e+05   2.6184082e+01
   9.2173200e+05   2.6184082e+01
   9.2174300e+05   2.6794434e+01
   9.2181000e+05   2.4108887e+01
   9.2191800e+05   2.4841309e+01
   9.3094400e+05   2.6306152e+01
   9.3097900e+05   2.4597168e+01
   9.3100100e+05   3.8146973e+01
   9.3104000e+05   2.4597168e+01
   9.3106900e+05   3.2409668e+01
   9.3110100e+05   2.9418945e+01
   9.3112500e+05   4.1381836e+01
   9.3114800e+05   2.5756836e+01
   9.3118100e+05   2.3986816e+01
   9.3121600e+05   2.4841309e+01
   9.3124300e+05   2.4841309e+01
   9.3129400e+05   2.5390625e+01
   9.3131000e+05   2.9418945e+01
   9.3149000e+05   2.7648926e+01
   9.3151400e+05   2.6672363e+01
   9.3166800e+05   2.9174805e+01
   9.3174200e+05   2.5451660e+01
   9.3176100e+05   2.3864746e+01
   9.3181500e+05   2.4780273e+01
   9.3187100e+05   2.6794434e+01
   9.3189000e+05   2.5573730e+01
   9.3193000e+05   2.3864746e+01
   9.3948400e+05   3.6010742e+01
   9.3950300e+05   3.0883789e+01
   9.3952500e+05   2.5756836e+01
   9.3955300e+05   2.4963379e+01
   9.3957700e+05   2.4780273e+01
   9.3959400e+05   4.0893555e+01
   9.3961700e+05   2.6733398e+01
   9.3963900e+05   2.6733398e+01
   9.3966400e+05   3.2897949e+01
   9.3978100e+05   2.9907227e+01
   9.3980900e+05   2.9418945e+01
   9.3984300e+05   2.5512695e+01
   9.3987100e+05   2.9418945e+01
   9.3999400e+05   3.1555176e+01
   9.4008300e+05   2.5024414e+01
   9.4016000e+05   2.3864746e+01
   9.4025700e+05   2.7038574e+01
   9.4043800e+05   2.5878906e+01
   9.4046400e+05   3.1921387e+01
   9.4061400e+05   2.7832031e+01
   9.4063900e+05   2.3986816e+01
   9.4093700e+05   2.5756836e+01
   9.4844600e+05   2.7404785e+01
   9.4847100e+05   4.4433594e+01
   9.4853100e+05   2.5207520e+01
   9.4855500e+05   3.0273438e+01
   9.4856600e+05   3.3081055e+01
   9.4864900e+05   2.3803711e+01
   9.4867000e+05   2.6062012e+01
   9.4873800e+05   3.1982422e+01
   9.4879900e+05   2.4658203e+01
   9.4882200e+05   3.0944824e+01
   9.4889500e+05   2.5695801e+01
   9.4892200e+05   3.2592773e+01
   9.4897700e+05   2.5451660e+01
   9.4907500e+05   2.8930664e+01
   9.4910600e+05   2.7465820e+01
   9.4919800e+05   2.4230957e+01
   9.4926500e+05   2.6672363e+01
   9.4932800e+05   2.3803711e+01
   9.4938700e+05   2.7282715e+01
   9.4939800e+05   2.7038574e+01
   9.4943900e+05   3.0395508e+01
   9.4965100e+05   2.4414062e+01
   9.4970400e+05   2.6062012e+01
   9.5825600e+05   2.8991699e+01
   9.5827200e+05   3.9672852e+01
   9.5831700e+05   3.3020020e+01
   9.5834900e+05   2.8564453e+01
   9.5838100e+05   3.3569336e+01
   9.5840000e+05   2.4963379e+01
   9.5842600e+05   2.5878906e+01
   9.5846700e+05   3.1066895e+01
   9.5849300e+05   3.1982422e+01
   9.5860600e+05   2.4658203e+01
   9.5865700e+05   2.6855469e+01
   9.5867500e+05   2.6550293e+01
   9.5869300e+05   2.5451660e+01
   9.5876400e+05   3.0822754e+01
   9.5877800e+05   2.8442383e+01
   9.5884000e+05   2.4230957e+01
   9.5946200e+05   2.6733398e+01
   9.6723600e+05   2.4047852e+01
   9.6725500e+05   2.9968262e+01
   9.6727100e+05   5.0720215e+01
   9.6729500e+05   2.9174805e+01
   9.6733000e+05   2.7221680e+01
   9.6736000e+05   4.2968750e+01
   9.6737000e+05   2.3925781e+01
   9.6743600e+05   3.4790039e+01
   9.6754900e+05   2.4536133e+01
   9.6757800e+05   2.9052734e+01
   9.6765500e+05   2.4108887e+01
   9.6766800e+05   2.3803711e+01
   9.6775800e+05   2.5451660e+01
   9.6776800e+05   2.4536133e+01
   9.6788800e+05   2.6611328e+01
   9.6790500e+05   3.0517578e+01
   9.6798100e+05   2.5024414e+01
   9.6799300e+05   2.7954102e+01
   9.6801900e+05   2.4597168e+01
   9.6803400e+05   2.6489258e+01
   9.6810000e+05   2.6428223e+01
   9.6813000e+05   2.8320313e+01
   9.6818000e+05   2.4230957e+01
   9.7913900e+05   2.4536133e+01
   9.7916400e+05   4.5715332e+01
   9.7920200e+05   2.5024414e+01
   9.7925800e+05   3.1250000e+01
   9.7929400e+05   2.5756836e+01
   9.7933100e+05   3.3691406e+01
   9.7935500e+05   3.8208008e+01
   9.7943100e+05   3.7658691e+01
   9.7952500e+05   3.1066895e+01
   9.7958000e+05   2.4353027e+01
   9.7959500e+05   2.6306152e+01
   9.7969800e+05   2.4475098e+01
   9.7971100e+05   2.6123047e+01
   9.7974000e+05   3.0273438e+01
   9.7976700e+05   2.6916504e+01
   9.7986200e+05   2.7038574e+01
   9.7996100e+05   2.4658203e+01
   9.8012600e+05   2.7282715e+01
   9.8036600e+05   2.3986816e+01
   9.8108900e+05   2.3986816e+01
   9.8884800e+05   2.4291992e+01
   9.8889300e+05   2.8259277e+01
   9.8896400e+05   2.4047852e+01
   9.8898200e+05   4.0710449e+01
   9.8906300e+05   3.7353516e+01
   9.8910100e+05   2.7221680e+01
   9.8915500e+05   3.1066895e+01
   9.8922500e+05   3.0212402e+01
   9.8930200e+05   2.4536133e+01
   9.8936000e+05   2.4169922e+01
   9.8939200e+05   2.4108887e+01
   9.8951500e+05   2.5390625e+01
   9.8953100e+05   2.7343750e+01
   9.8979500e+05   2.4047852e+01
   9.8987700e+05   2.4475098e+01
   9.9000000e+05   2.5207520e+01
   1.0009330e+06   2.5695801e+01
   1.0009510e+06   3.7170410e+01
   1.0009700e+06   2.9907227e+01
   1.0009870e+06   3.0822754e+01
   1.0010170e+06   3.7536621e+01
   1.0010300e+06   2.9602051e+01
   1.0010810e+06   3.3264160e+01
   1.0011100e+06   4.1076660e+01
   1.0011410e+06   2.8991699e+01
   1.0011550e+06   2.5512695e+01
   1.0011880e+06   4.0100098e+01
   1.0012350e+06   2.6062012e+01
   1.0012580e+06   2.7893066e+01
   1.0013100e+06   2.6367188e+01
   1.0013450e+06   2.5207520e+01
   1.0013620e+06   2.5207520e+01
   1.0014100e+06   2.3925781e+01
   1.0014500e+06   3.0700684e+01
   1.0014740e+06   2.4169922e+01
   1.0015220e+06   2.5024414e+01
   1.0016710e+06   2.4841309e+01
   1.0019020e+06   2.9235840e+01
   1.0185910e+06   4.0527344e+01
   1.0186050e+06   3.8330078e+01
   1.0186350e+06   3.1250000e+01
   1.0186580e+06   4.4616699e+01
   1.0187370e+06   2.9907227e+01
   1.0187890e+06   3.0822754e+01
   1.0188050e+06   3.6437988e+01
   1.0188290e+06   2.5512695e+01
   1.0188710e+06   2.4108887e+01
   1.0189470e+06   2.5573730e+01
   1.0189650e+06   2.6977539e+01
   1.0189930e+06   2.5878906e+01
   1.0190290e+06   2.5756836e+01
   1.0190810e+06   2.6855469e+01
   1.0190920e+06   2.8015137e+01
   1.0191220e+06   3.3020020e+01
   1.0191600e+06   2.8198242e+01
   1.0192130e+06   2.4475098e+01
   1.0192940e+06   2.5512695e+01
   1.0193550e+06   2.5939941e+01
   1.0194320e+06   2.6672363e+01
   1.0194920e+06   2.4719238e+01
   1.0195260e+06   2.4658203e+01
   1.0197530e+06   2.7526855e+01
   1.0197940e+06   2.3986816e+01
   1.0199560e+06   2.4963379e+01
   1.0207720e+06   2.4658203e+01
   1.0220650e+06   2.4353027e+01
   1.0427560e+06   2.5695801e+01
   1.0431170e+06   4.5166016e+01
   1.0431410e+06   2.5451660e+01
   1.0431550e+06   2.3925781e+01
   1.0431970e+06   2.6245117e+01
   1.0432140e+06   4.3884277e+01
   1.0432400e+06   2.4902344e+01
   1.0432520e+06   3.1494141e+01
   1.0432840e+06   4.9499512e+01
   1.0433140e+06   3.2348633e+01
   1.0433550e+06   3.8574219e+01
   1.0433910e+06   3.1738281e+01
   1.0434220e+06   2.7282715e+01
   1.0434680e+06   2.5207520e+01
   1.0434810e+06   2.6000977e+01
   1.0435130e+06   2.6489258e+01
   1.0435500e+06   3.3569336e+01
   1.0435650e+06   2.5024414e+01
   1.0435920e+06   3.0029297e+01
   1.0436050e+06   2.5024414e+01
   1.0436540e+06   3.1066895e+01
   1.0436750e+06   3.0700684e+01
   1.0436890e+06   3.3874512e+01
   1.0437570e+06   2.5695801e+01
   1.0437870e+06   2.7221680e+01
   1.0438760e+06   2.4841309e+01
   1.0438950e+06   2.5512695e+01
   1.0439510e+06   2.4841309e+01
   1.0440140e+06   2.6367188e+01
   1.0440890e+06   2.6794434e+01
   1.0441710e+06   2.4291992e+01
   1.0442250e+06   2.5329590e+01
   1.0442480e+06   2.7099609e+01
   1.0446900e+06   2.5390625e+01
   1.0778670e+06   2.3925781e+01
   1.0779000e+06   3.2409668e+01
   1.0779200e+06   3.2958984e+01
   1.0779320e+06   3.1311035e+01
   1.0779530e+06   2.7526855e+01
   1.0779850e+06   3.4667969e+01
   1.0779990e+06   2.5207520e+01
   1.0780190e+06   2.6733398e+01
   1.0780550e+06   3.9916992e+01
   1.0780880e+06   3.8635254e+01
   1.0780980e+06   2.4597168e+01
   1.0781230e+06   2.4719238e+01
   1.0781670e+06   2.9907227e+01
   1.0781950e+06   2.5451660e+01
   1.0782580e+06   2.5573730e+01
   1.0782710e+06   3.4667969e+01
   1.0782970e+06   2.9724121e+01
   1.0783440e+06   2.7282715e+01
   1.0783570e+06   2.7160645e+01
   1.0783910e+06   3.3325195e+01
   1.0784300e+06   2.7221680e+01
   1.0784610e+06   3.1677246e+01
   1.0784760e+06   3.5583496e+01
   1.0785310e+06   2.3864746e+01
   1.0785540e+06   2.4291992e+01
   1.0785860e+06   2.8076172e+01
   1.0786300e+06   2.8503418e+01
   1.0786860e+06   2.6367188e+01
   1.0787200e+06   2.4841309e+01
   1.0787710e+06   3.0029297e+01
   1.0787980e+06   2.4902344e+01
   1.0788090e+06   2.4230957e+01
   1.0791060e+06   2.8381348e+01
   1.0791960e+06   2.6245117e+01
   1.0792060e+06   2.7404785e+01
   1.0799110e+06   2.7648926e+01
   1.4605510e+06   2.8076172e+01
   1.5077720e+06   2.8686523e+01
   1.5287710e+06   2.4719238e+01
   1.5299900e+06   2.5329590e+01
   1.5300490e+06   5.2734375e+01
   1.5300990e+06   2.5878906e+01
   1.5301230e+06   5.4382324e+01
   1.5301370e+06   3.4973145e+01
   1.5301640e+06   5.8166504e+01
   1.5301820e+06   3.7414551e+01
   1.5302020e+06   4.4738770e+01
   1.5302250e+06   2.4108887e+01
   1.5302370e+06   5.3283691e+01
   1.5302690e+06   3.8452148e+01
   1.5303240e+06   2.3986816e+01
   1.5303510e+06   2.8259277e+01
   1.5303770e+06   3.4606934e+01
   1.5303940e+06   3.4118652e+01
   1.5304180e+06   2.6062012e+01
   1.5304400e+06   2.4291992e+01
   1.5304630e+06   4.4250488e+01
   1.5304990e+06   2.4780273e+01
   1.5305540e+06   2.9968262e+01
   1.5305770e+06   3.6621094e+01
   1.5305920e+06   3.0395508e+01
   1.5306280e+06   3.0029297e+01
   1.5306400e+06   3.1860352e+01
   1.5306630e+06   2.4169922e+01
   1.5307220e+06   2.7282715e+01
   1.5307610e+06   2.4597168e+01
   1.5308030e+06   2.4291992e+01
   1.5308390e+06   2.4353027e+01
   1.5308500e+06   2.9235840e+01
   1.5308940e+06   2.4902344e+01
   1.5309120e+06   2.8015137e+01
   1.5309300e+06   2.4841309e+01
   1.5309580e+06   2.4230957e+01
   1.5309990e+06   3.4484863e+01
   1.5310100e+06   2.8320312e+01
   1.5310890e+06   2.6733398e+01
   1.5311060e+06   2.4597168e+01
   1.5311330e+06   3.1616211e+01
   1.5311720e+06   3.4057617e+01
   1.5312380e+06   2.5268555e+01
   1.5312600e+06   3.5278320e+01
   1.5312770e+06   2.5878906e+01
   1.5313240e+06   2.5329590e+01
   1.5313470e+06   2.3986816e+01
   1.5313800e+06   2.5207520e+01
   1.5315090e+06   2.7770996e+01
   1.5315710e+06   2.4780273e+01
   1.5316650e+06   2.7282715e+01
   1.5318050e+06   2.7160645e+01
   1.5323520e+06   2.9052734e+01
   1.5325130e+06   2.4047852e+01
   1.5327450e+06   2.5390625e+01
   1.5329000e+06   2.6977539e+01
   1.5334630e+06   3.2043457e+01
   1.5543330e+06   2.6855469e+01
   1.5544240e+06   3.0212402e+01
   1.5579730e+06   2.5207520e+01
   1.5956630e+06   2.5329590e+01
   1.6923040e+06   2.5695801e+01
   1.7199910e+06   2.4597168e+01
   1.7200210e+06   2.4536133e+01
   1.7200680e+06   4.9926758e+01
   1.7200930e+06   2.8320313e+01
   1.7201250e+06   4.5837402e+01
   1.7201500e+06   3.2043457e+01
   1.7201690e+06   4.3029785e+01
   1.7201960e+06   2.4963379e+01
   1.7202090e+06   3.0578613e+01
   1.7202270e+06   3.0761719e+01
   1.7202570e+06   3.1860352e+01
   1.7202860e+06   2.6977539e+01
   1.7203100e+06   2.5390625e+01
   1.7203250e+06   2.8808594e+01
   1.7203690e+06   3.0395508e+01
   1.7203790e+06   3.3142090e+01
   1.7204240e+06   3.4729004e+01
   1.7204600e+06   2.4536133e+01
   1.7204980e+06   2.4475098e+01
   1.7205090e+06   3.1738281e+01
   1.7205260e+06   2.6855469e+01
   1.7205720e+06   2.8747559e+01
   1.7206000e+06   3.1127930e+01
   1.7206270e+06   2.8747559e+01
   1.7206480e+06   2.7587891e+01
   1.7206870e+06   2.4291992e+01
   1.7207180e+06   2.4353027e+01
   1.7207290e+06   3.3447266e+01
   1.7207740e+06   2.4230957e+01
   1.7208190e+06   2.4414062e+01
   1.7208480e+06   2.5329590e+01
   1.7209320e+06   2.5695801e+01
   1.7209520e+06   3.1372070e+01
   1.7209790e+06   2.6672363e+01
   1.7211520e+06   3.0517578e+01
   1.7212100e+06   2.9113770e+01
   1.7212730e+06   3.0822754e+01
   1.7213300e+06   2.5329590e+01
   1.7213660e+06   2.6184082e+01
   1.7214410e+06   2.4902344e+01
   1.7215010e+06   2.8259277e+01
   1.7215510e+06   2.3803711e+01
   1.7215890e+06   2.5146484e+01
   1.7216790e+06   2.6611328e+01
   1.7216890e+06   3.2043457e+01
   1.7217140e+06   3.2287598e+01
   1.7217740e+06   2.5146484e+01
   1.7218940e+06   2.4536133e+01
   1.7219840e+06   2.3803711e+01
   1.7220710e+06   2.8686523e+01
   1.7221540e+06   2.4108887e+01
   1.7222370e+06   2.6794434e+01
   1.7223340e+06   2.8015137e+01
   1.7223440e+06   2.5085449e+01
   1.7225810e+06   2.7893066e+01
   1.7230930e+06   2.4780273e+01
   1.7232410e+06   2.5451660e+01
   1.7309550e+06   2.5390625e+01
   1.7309910e+06   4.1625977e+01
   1.7310370e+06   2.5512695e+01
   1.7310870e+06   3.0639648e+01
   1.7310980e+06   4.0344238e+01
   1.7311330e+06   3.2775879e+01
   1.7311660e+06   2.5390625e+01
   1.7311950e+06   3.5400391e+01
   1.7312280e+06   2.4963379e+01
   1.7312450e+06   3.3325195e+01
   1.7312640e+06   2.6428223e+01
   1.7312810e+06   4.6875000e+01
   1.7313110e+06   3.7719727e+01
   1.7313300e+06   3.5034180e+01
   1.7313690e+06   3.2592773e+01
   1.7313790e+06   3.1860352e+01
   1.7313970e+06   3.2653809e+01
   1.7314220e+06   2.8198242e+01
   1.7314320e+06   3.3020020e+01
   1.7314630e+06   3.1555176e+01
   1.7314910e+06   3.0029297e+01
   1.7315190e+06   2.7404785e+01
   1.7315530e+06   2.6000977e+01
   1.7315700e+06   3.0639648e+01
   1.7316150e+06   3.1921387e+01
   1.7316310e+06   2.7526855e+01
   1.7316750e+06   2.8564453e+01
   1.7317240e+06   2.4169922e+01
   1.7317420e+06   3.1372070e+01
   1.7317730e+06   2.4230957e+01
   1.7317960e+06   3.4423828e+01
   1.7318330e+06   2.6733398e+01
   1.7318510e+06   2.4291992e+01
   1.7318750e+06   2.4169922e+01
   1.7318870e+06   2.5207520e+01
   1.7319550e+06   2.6489258e+01
   1.7319660e+06   3.3813477e+01
   1.7320180e+06   3.2165527e+01
   1.7321050e+06   2.5268555e+01
   1.7322100e+06   2.3925781e+01
   1.7322570e+06   2.4597168e+01
   1.7327000e+06   2.4475098e+01
   1.7329560e+06   2.6794434e+01
   1.7405140e+06   2.8991699e+01
   1.7407660e+06   3.8330078e+01
   1.7407910e+06   2.4047852e+01
   1.7409270e+06   4.2602539e+01
   1.7409860e+06   2.7038574e+01
   1.7411160e+06   2.7160645e+01
   1.7411270e+06   2.4169922e+01
   1.7412810e+06   3.2287598e+01
   1.7412960e+06   2.7282715e+01
   1.7414490e+06   3.0639648e+01
   1.7416560e+06   2.8320312e+01
   1.7442190e+06   2.3925781e+01
   1.7442930e+06   2.9541016e+01
   1.7443180e+06   2.4291992e+01
   1.7444340e+06   3.7597656e+01
   1.7444530e+06   2.3864746e+01
   1.7445020e+06   3.2165527e+01
   1.7445410e+06   2.7404785e+01
   1.7445970e+06   3.1555176e+01
   1.7446480e+06   2.4108887e+01
   1.7447290e+06   2.4780273e+01
   1.7447670e+06   3.0029297e+01
   1.7449010e+06   3.9611816e+01
   1.7450320e+06   2.6794434e+01
   1.7451290e+06   2.5817871e+01
   1.7451750e+06   2.7954102e+01
   1.7453390e+06   3.1005859e+01
   1.7455270e+06   2.4658203e+01
   1.7481250e+06   3.6804199e+01
   1.7485410e+06   2.9296875e+01
   1.7487010e+06   2.5390625e+01
   1.7487280e+06   2.5878906e+01
   1.7510120e+06   4.1687012e+01
   1.7511010e+06   2.4291992e+01
   1.7511650e+06   3.4240723e+01
   1.7512130e+06   3.0700684e+01
   1.7512950e+06   2.7343750e+01
   1.7513180e+06   2.5207520e+01
   1.7513600e+06   2.7465820e+01
   1.7514010e+06   3.5461426e+01
   1.7514960e+06   3.5522461e+01
   1.7515360e+06   2.4353027e+01
   1.7515590e+06   2.8869629e+01
   1.7516410e+06   2.8991699e+01
   1.7516520e+06   2.5024414e+01
   1.7517120e+06   2.4658203e+01
   1.7517560e+06   2.6428223e+01
   1.7517680e+06   2.8930664e+01
   1.7517980e+06   2.4780273e+01
   1.7518190e+06   2.4841309e+01
   1.7518500e+06   2.5024414e+01
   1.7519020e+06   2.5451660e+01
   1.7519360e+06   3.1066895e+01
   1.7519530e+06   2.5817871e+01
   1.7519650e+06   4.0527344e+01
   1.7520130e+06   2.7526855e+01
   1.7520240e+06   4.3334961e+01
   1.7520380e+06   2.9052734e+01
   1.7520630e+06   2.5329590e+01
   1.7520920e+06   2.7282715e+01
   1.7521630e+06   2.7099609e+01
   1.7521820e+06   2.7282715e+01
   1.7522050e+06   2.6367188e+01
   1.7522370e+06   2.8686523e+01
   1.7522650e+06   2.7160645e+01
   1.7523030e+06   2.8808594e+01
   1.7523590e+06   3.6376953e+01
   1.7523690e+06   2.7832031e+01
   1.7524200e+06   2.8625488e+01
   1.7524720e+06   2.4841309e+01
   1.7524850e+06   2.7770996e+01
   1.7525180e+06   2.6794434e+01
   1.7525350e+06   2.4658203e+01
   1.7525550e+06   3.3813477e+01
   1.7526630e+06   2.9357910e+01
   1.7527760e+06   3.0822754e+01
   1.7527910e+06   2.7404785e+01
   1.7528370e+06   3.6437988e+01
   1.7528660e+06   2.8320312e+01
   1.7529000e+06   2.5817871e+01
   1.7529590e+06   2.7343750e+01
   1.7529860e+06   2.6794434e+01
   1.7530790e+06   3.0639648e+01
   1.7531140e+06   2.4169922e+01
   1.7531690e+06   2.5268555e+01
   1.7533090e+06   2.5756836e+01
   1.7533820e+06   2.6184082e+01
   1.7536390e+06   2.4230957e+01
   1.7538780e+06   2.5085449e+01
   1.7602390e+06   3.2409668e+01
   1.7625650e+06   3.3386230e+01
   1.7626700e+06   2.7221680e+01
   1.7626960e+06   2.4230957e+01
   1.7627670e+06   3.0090332e+01
   1.7627870e+06   2.4475098e+01
   1.7628120e+06   2.4536133e+01
   1.7629390e+06   3.1127930e+01
   1.7630460e+06   2.6794434e+01
   1.7631300e+06   2.7954102e+01
   1.7631500e+06   2.4719238e+01
   1.7633640e+06   3.3264160e+01
   1.7635340e+06   2.4963379e+01
   1.7661870e+06   3.2958984e+01
   1.7662550e+06   2.7404785e+01
   1.7662690e+06   2.5329590e+01
   1.7663010e+06   3.6132812e+01
   1.7664460e+06   4.9499512e+01
   1.7666380e+06   2.4291992e+01
   1.7669270e+06   2.8686523e+01
   1.7694540e+06   2.7648926e+01
   1.7695670e+06   4.2175293e+01
   1.7697650e+06   5.6579590e+01
   1.7699800e+06   2.4841309e+01
   1.7699950e+06   4.1503906e+01
   1.7700500e+06   2.5512695e+01
   1.7700950e+06   2.5207520e+01
   1.7701550e+06   2.9357910e+01
   1.7702510e+06   3.2897949e+01
   1.7702620e+06   2.5573730e+01
   1.7703030e+06   2.6000977e+01
   1.7704090e+06   2.5695801e+01
   1.7704400e+06   3.4790039e+01
   1.7705590e+06   2.4047852e+01
   1.7705780e+06   2.8991699e+01
   1.7706010e+06   2.4353027e+01
   1.7707890e+06   2.4963379e+01
   1.7708240e+06   3.0456543e+01
   1.7709960e+06   2.4047852e+01
   1.7756410e+06   2.4963379e+01
   1.7757130e+06   3.8696289e+01
   1.7757440e+06   2.7038574e+01
   1.7757830e+06   2.6611328e+01
   1.7758750e+06   3.3691406e+01
   1.7758950e+06   4.9682617e+01
   1.7759530e+06   2.8259277e+01
   1.7759780e+06   4.1442871e+01
   1.7760640e+06   2.4597168e+01
   1.7760900e+06   2.4719238e+01
   1.7761750e+06   2.5268555e+01
   1.7762540e+06   2.6794434e+01
   1.7762760e+06   3.6865234e+01
   1.7763620e+06   2.9174805e+01
   1.7763930e+06   2.3864746e+01
   1.7764530e+06   3.0029297e+01
   1.7765180e+06   2.4658203e+01
   1.7765950e+06   2.6916504e+01
   1.7766230e+06   2.6123047e+01
   1.7766340e+06   2.9418945e+01
   1.7766830e+06   2.4108887e+01
   1.7767180e+06   3.1066895e+01
   1.7767280e+06   2.5451660e+01
   1.7767390e+06   2.6550293e+01
   1.7767800e+06   2.7282715e+01
   1.7767940e+06   3.3630371e+01
   1.7768320e+06   2.9052734e+01
   1.7768550e+06   2.8747559e+01
   1.7769210e+06   2.5756836e+01
   1.7769510e+06   3.2104492e+01
   1.7769650e+06   3.7475586e+01
   1.7770490e+06   2.3925781e+01
   1.7771230e+06   2.3925781e+01
   1.7771970e+06   2.6123047e+01
   1.7774280e+06   2.8259277e+01
   1.7774750e+06   2.4047852e+01
   1.7775230e+06   2.5207520e+01
   1.7776320e+06   2.3925781e+01
   1.7777470e+06   2.7099609e+01
   1.7779460e+06   2.4169922e+01
   1.7782300e+06   2.5817871e+01
   1.7846620e+06   3.2775879e+01
   1.7872480e+06   2.6611328e+01
   1.7874930e+06   3.3081055e+01
   1.7875120e+06   3.2104492e+01
   1.7875720e+06   2.4902344e+01
   1.7897480e+06   3.0517578e+01
   1.7899590e+06   2.7343750e+01
   1.7902840e+06   2.7954102e+01
   1.7904190e+06   3.0334473e+01
   1.7932760e+06   2.5024414e+01
   1.7933180e+06   3.9123535e+01
   1.7933350e+06   2.5695801e+01
   1.7933540e+06   2.9479980e+01
   1.7933930e+06   3.3020020e+01
   1.7934660e+06   2.4291992e+01
   1.7934820e+06   2.6123047e+01
   1.7934930e+06   4.5104980e+01
   1.7936000e+06   2.6550293e+01
   1.7936170e+06   3.8513184e+01
   1.7936630e+06   3.5034180e+01
   1.7937230e+06   2.5207520e+01
   1.7937380e+06   2.9174805e+01
   1.7937750e+06   2.3925781e+01
   1.7938110e+06   3.7902832e+01
   1.7938790e+06   2.6123047e+01
   1.7939450e+06   2.6794434e+01
   1.7939910e+06   2.4169922e+01
   1.7940150e+06   3.3142090e+01
   1.7940590e+06   2.9174805e+01
   1.7941430e+06   2.5146484e+01
   1.7941740e+06   3.1433105e+01
   1.7942090e+06   2.5634766e+01
   1.7942330e+06   2.4353027e+01
   1.7942580e+06   3.1982422e+01
   1.7942900e+06   2.4230957e+01
   1.7943110e+06   3.0456543e+01
   1.7943220e+06   3.5888672e+01
   1.7943560e+06   3.0944824e+01
   1.7943770e+06   2.5573730e+01
   1.7944010e+06   2.4353027e+01
   1.7944360e+06   2.8869629e+01
   1.7944480e+06   2.6916504e+01
   1.7944880e+06   2.9846191e+01
   1.7945170e+06   2.3925781e+01
   1.7945660e+06   2.4475098e+01
   1.7946030e+06   3.2592773e+01
   1.7946370e+06   2.6489258e+01
   1.7946970e+06   2.8076172e+01
   1.7947250e+06   2.6794434e+01
   1.7947660e+06   2.5146484e+01
   1.7947990e+06   2.5756836e+01
   1.7948420e+06   3.0151367e+01
   1.7948530e+06   3.2104492e+01
   1.7949570e+06   2.4597168e+01
   1.7950400e+06   2.7404785e+01
   1.7950820e+06   2.5695801e+01
   1.7951800e+06   2.4780273e+01
   1.7952850e+06   2.6733398e+01
   1.7954300e+06   2.4719238e+01
   1.7955410e+06   2.7648926e+01
   1.7964890e+06   2.6794434e+01
   1.8056560e+06   3.6315918e+01
   1.8059020e+06   2.7099609e+01
   1.8059320e+06   2.3864746e+01
   1.8085960e+06   3.1860352e+01
   1.8086420e+06   2.4291992e+01
   1.8087630e+06   2.3864746e+01
   1.8088030e+06   3.6437988e+01
   1.8090380e+06   2.4230957e+01
   1.8118030e+06   2.4291992e+01
   1.8118480e+06   3.9855957e+01
   1.8120070e+06   3.4667969e+01
   1.8120180e+06   2.5390625e+01
   1.8121780e+06   4.2663574e+01
   1.8122050e+06   2.4902344e+01
   1.8122610e+06   2.5695801e+01
   1.8123010e+06   2.3803711e+01
   1.8123280e+06   2.7587891e+01
   1.8124760e+06   2.4719238e+01
   1.8126490e+06   2.5634766e+01
   1.8159730e+06   3.9001465e+01
   1.8159950e+06   3.7719727e+01
   1.8160510e+06   2.4597168e+01
   1.8161310e+06   2.8137207e+01
   1.8161750e+06   2.5817871e+01
   1.8161910e+06   2.9602051e+01
   1.8163190e+06   3.0456543e+01
   1.8163300e+06   3.2531738e+01
   1.8167680e+06   3.5522461e+01
   1.8204070e+06   2.6062012e+01
   1.8204370e+06   3.2836914e+01
   1.8205460e+06   3.0761719e+01
   1.8207000e+06   2.6489258e+01
   1.8207820e+06   3.1982422e+01
   1.8208120e+06   4.5837402e+01
   1.8209230e+06   3.2043457e+01
   1.8209450e+06   3.3508301e+01
   1.8209750e+06   2.4169922e+01
   1.8210690e+06   3.0761719e+01
   1.8211310e+06   2.3925781e+01
   1.8211740e+06   2.8259277e+01
   1.8212840e+06   3.1311035e+01
   1.8213280e+06   2.6428223e+01
   1.8214060e+06   3.1372070e+01
   1.8216020e+06   2.6489258e+01
   1.8216950e+06   2.7465820e+01
   1.8218900e+06   2.8137207e+01
   1.8220850e+06   2.7709961e+01
   1.8260440e+06   4.2114258e+01
   1.8261150e+06   2.4291992e+01
   1.8263610e+06   2.4963379e+01
   1.8263920e+06   2.9235840e+01
   1.8264210e+06   3.2226562e+01
   1.8300450e+06   2.5634766e+01
   1.8300840e+06   4.0649414e+01
   1.8301470e+06   2.3864746e+01
   1.8302570e+06   3.6865234e+01
   1.8303130e+06   2.4963379e+01
   1.8304290e+06   2.8564453e+01
   1.8305820e+06   3.3325195e+01
   1.8309590e+06   2.6977539e+01
   1.8350440e+06   2.4108887e+01
   1.8351060e+06   2.4230957e+01
   1.8351260e+06   4.3823242e+01
   1.8351400e+06   3.1860352e+01
   1.8351610e+06   2.6367188e+01
   1.8352560e+06   3.4973145e+01
   1.8352750e+06   3.6987305e+01
   1.8353190e+06   2.4719238e+01
   1.8353690e+06   2.9052734e+01
   1.8354210e+06   2.9724121e+01
   1.8355660e+06   2.8137207e+01
   1.8355960e+06   2.5024414e+01
   1.8356100e+06   2.4230957e+01
   1.8356540e+06   2.4963379e+01
   1.8356950e+06   3.0883789e+01
   1.8358280e+06   3.1677246e+01
   1.8359980e+06   2.7160645e+01
   1.8400820e+06   3.5888672e+01
   1.8401140e+06   2.5634766e+01
   1.8402510e+06   3.9611816e+01
   1.8404290e+06   2.4353027e+01
   1.8405270e+06   2.9296875e+01
   1.8448530e+06   2.7160645e+01
   1.8448960e+06   4.3395996e+01
   1.8449280e+06   2.4658203e+01
   1.8449510e+06   2.4658203e+01
   1.8450490e+06   2.6855469e+01
   1.8452200e+06   3.3325195e+01
   1.8452990e+06   2.4291992e+01
   1.8453160e+06   2.3864746e+01
   1.8454110e+06   3.4667969e+01
   1.8491880e+06   2.4719238e+01
   1.8492570e+06   3.2287598e+01
   1.8494620e+06   3.1677246e+01
   1.8496680e+06   2.7526855e+01
   1.8498090e+06   3.5278320e+01
   1.8533300e+06   3.5156250e+01
   1.8533810e+06   2.6000977e+01
   1.8535290e+06   3.0944824e+01
   1.8539010e+06   2.3803711e+01
   1.8586040e+06   2.7587891e+01
   1.8586370e+06   2.4291992e+01
   1.8587480e+06   2.5573730e+01
   1.8588820e+06   2.7526855e+01
   1.8589300e+06   2.8564453e+01
   1.8589950e+06   3.0334473e+01
   1.8590770e+06   3.0090332e+01
   1.8591410e+06   3.2226562e+01
   1.8592180e+06   3.4301758e+01
   1.8592560e+06   2.7587891e+01
   1.8592890e+06   2.5207520e+01
   1.8593380e+06   3.1311035e+01
   1.8593650e+06   2.9907227e+01
   1.8593910e+06   2.5512695e+01
   1.8594590e+06   3.0578613e+01
   1.8594790e+06   3.0395508e+01
   1.8595170e+06   3.2165527e+01
   1.8595320e+06   3.0090332e+01
   1.8595430e+06   3.2592773e+01
   1.8595810e+06   3.3203125e+01
   1.8596460e+06   3.1677246e+01
   1.8596790e+06   2.6733398e+01
   1.8596910e+06   3.3996582e+01
   1.8597240e+06   2.7160645e+01
   1.8597510e+06   2.7099609e+01
   1.8597720e+06   3.4057617e+01
   1.8598200e+06   2.7099609e+01
   1.8598700e+06   2.3986816e+01
   1.8599140e+06   2.3864746e+01
   1.8601430e+06   2.5817871e+01
   1.8601650e+06   2.7832031e+01
   1.8602510e+06   2.4047852e+01
   1.8602690e+06   2.7404785e+01
   1.8604350e+06   2.5390625e+01
   1.8605020e+06   2.4780273e+01
   1.8608100e+06   2.5207520e+01
   1.8749850e+06   2.3803711e+01
   1.8750720e+06   5.1879883e+01
   1.8751390e+06   2.7282715e+01
   1.8752270e+06   3.3325195e+01
   1.8752680e+06   2.9663086e+01
   1.8754120e+06   2.7282715e+01
   1.8755850e+06   2.6306152e+01
   1.8756590e+06   2.5695801e+01
   1.8757280e+06   3.0456543e+01
   1.8812200e+06   2.4536133e+01
   1.8813250e+06   3.7963867e+01
   1.8814280e+06   2.9479980e+01
   1.8814710e+06   3.8818359e+01
   1.8814980e+06   2.4841309e+01
   1.8815110e+06   2.7954102e+01
   1.8816170e+06   3.1677246e+01
   1.8817510e+06   2.6672363e+01
   1.8818830e+06   3.0090332e+01
   1.8819270e+06   2.7587891e+01
   1.8819490e+06   2.6550293e+01
   1.8819850e+06   2.3986816e+01
   1.8820880e+06   3.2043457e+01
   1.8821140e+06   2.8137207e+01
   1.8821880e+06   3.4240723e+01
   1.8822970e+06   2.6428223e+01
   1.8823570e+06   2.5024414e+01
   1.8824050e+06   2.8564453e+01
   1.8825350e+06   3.5217285e+01
   1.8890370e+06   2.7343750e+01
   1.8890520e+06   3.5949707e+01
   1.8891870e+06   3.3203125e+01
   1.8892240e+06   2.5146484e+01
   1.8893450e+06   4.1748047e+01
   1.8893570e+06   2.5268555e+01
   1.8894990e+06   2.6977539e+01
   1.8896210e+06   2.7954102e+01
   1.8898160e+06   3.1188965e+01
   1.8900840e+06   3.2775879e+01
   1.8961600e+06   2.4719238e+01
   1.8961980e+06   2.6000977e+01
   1.8962330e+06   3.6743164e+01
   1.8963810e+06   3.4423828e+01
   1.8964080e+06   2.4780273e+01
   1.8964440e+06   3.5217285e+01
   1.8964820e+06   2.9541016e+01
   1.8964980e+06   3.5705566e+01
   1.8965300e+06   2.4719238e+01
   1.8966250e+06   2.6245117e+01
   1.8966410e+06   2.7954102e+01
   1.8967500e+06   2.4047852e+01
   1.8968460e+06   2.6184082e+01
   1.8969140e+06   3.0151367e+01
   1.8969390e+06   2.7160645e+01
   1.8969690e+06   2.5939941e+01
   1.8969840e+06   2.4047852e+01
   1.8970290e+06   2.8686523e+01
   1.8971050e+06   2.5390625e+01
   1.8971290e+06   2.6733398e+01
   1.8971600e+06   3.1677246e+01
   1.8972130e+06   3.2897949e+01
   1.8972270e+06   2.9296875e+01
   1.8972590e+06   2.8625488e+01
   1.8972890e+06   2.4047852e+01
   1.8973040e+06   2.9724121e+01
   1.8973330e+06   2.4353027e+01
   1.8973480e+06   2.5451660e+01
   1.8973640e+06   3.2836914e+01
   1.8974040e+06   3.1372070e+01
   1.8974370e+06   3.6560059e+01
   1.8974640e+06   2.4719238e+01
   1.8975010e+06   2.5695801e+01
   1.8975360e+06   3.2165527e+01
   1.8975810e+06   2.6245117e+01
   1.8976290e+06   2.4902344e+01
   1.8976600e+06   2.4353027e+01
   1.8977490e+06   3.4851074e+01
   1.8977730e+06   2.7160645e+01
   1.8977970e+06   2.4719238e+01
   1.8978520e+06   2.5634766e+01
   1.8978860e+06   2.3864746e+01
   1.8979090e+06   2.4719238e+01
   1.8979910e+06   2.4169922e+01
   1.8981590e+06   2.4597168e+01
   1.8989020e+06   2.5573730e+01
   1.9132400e+06   3.1250000e+01
   1.9132940e+06   2.6794434e+01
   1.9133870e+06   3.1677246e+01
   1.9135690e+06   4.1992187e+01
   1.9137250e+06   3.0212402e+01
   1.9138290e+06   2.3986816e+01
   1.9138990e+06   2.7221680e+01
   1.9211870e+06   2.9052734e+01
   1.9212670e+06   2.4536133e+01
   1.9213360e+06   3.2165527e+01
   1.9214020e+06   2.6367188e+01
   1.9214200e+06   2.8137207e+01
   1.9214690e+06   3.4973145e+01
   1.9215780e+06   2.7160645e+01
   1.9216720e+06   3.3630371e+01
   1.9216860e+06   2.4719238e+01
   1.9217930e+06   2.8198242e+01
   1.9218670e+06   2.9296875e+01
   1.9218840e+06   3.0395508e+01
   1.9219600e+06   3.9672852e+01
   1.9220160e+06   2.4902344e+01
   1.9220460e+06   4.5898438e+01
   1.9220740e+06   2.4353027e+01
   1.9221370e+06   2.7770996e+01
   1.9221470e+06   3.8452148e+01
   1.9221750e+06   2.5451660e+01
   1.9221920e+06   3.4301758e+01
   1.9222240e+06   3.3630371e+01
   1.9222670e+06   2.5573730e+01
   1.9222840e+06   3.1860352e+01
   1.9223220e+06   3.1311035e+01
   1.9223610e+06   3.1799316e+01
   1.9224170e+06   2.4841309e+01
   1.9224580e+06   2.9479980e+01
   1.9224850e+06   3.4606934e+01
   1.9225330e+06   2.4658203e+01
   1.9225670e+06   2.6184082e+01
   1.9226520e+06   2.6794434e+01
   1.9229590e+06   2.4963379e+01
   1.9234090e+06   2.4108887e+01
   1.9237480e+06   2.6428223e+01
   1.9388190e+06   2.4047852e+01
   1.9388820e+06   4.5227051e+01
   1.9389970e+06   2.6977539e+01
   1.9390280e+06   5.3039551e+01
   1.9391940e+06   2.4658203e+01
   1.9392240e+06   2.9785156e+01
   1.9392440e+06   2.6733398e+01
   1.9394100e+06   3.1250000e+01
   1.9395780e+06   2.5329590e+01
   1.9497430e+06   2.4047852e+01
   1.9498100e+06   2.9357910e+01
   1.9498620e+06   3.6987305e+01
   1.9498880e+06   2.4353027e+01
   1.9499770e+06   2.7709961e+01
   1.9499930e+06   2.4047852e+01
   1.9501070e+06   3.2775879e+01
   1.9501190e+06   2.6916504e+01
   1.9502100e+06   2.5329590e+01
   1.9502570e+06   3.0395508e+01
   1.9502730e+06   2.3864746e+01
   1.9503110e+06   3.6315918e+01
   1.9503690e+06   3.7902832e+01
   1.9503850e+06   2.3925781e+01
   1.9504260e+06   2.4841309e+01
   1.9504510e+06   2.5756836e+01
   1.9504740e+06   3.8635254e+01
   1.9505030e+06   3.4545898e+01
   1.9505270e+06   3.0822754e+01
   1.9505460e+06   4.6569824e+01
   1.9505620e+06   2.5634766e+01
   1.9505900e+06   2.7221680e+01
   1.9506200e+06   4.0832520e+01
   1.9506420e+06   3.7597656e+01
   1.9506840e+06   2.8686523e+01
   1.9507600e+06   2.9113770e+01
   1.9507810e+06   2.4963379e+01
   1.9508150e+06   2.5634766e+01
   1.9508840e+06   2.3986816e+01
   1.9509160e+06   2.6733398e+01
   1.9511020e+06   3.7109375e+01
   1.9511260e+06   2.4597168e+01
   1.9512860e+06   2.4841309e+01
   1.9513080e+06   2.5390625e+01
   1.9513830e+06   2.4108887e+01
   1.9514540e+06   2.7587891e+01
   1.9515190e+06   2.3803711e+01
   1.9708800e+06   3.8940430e+01
   1.9709150e+06   2.4536133e+01
   1.9710450e+06   4.1137695e+01
   1.9711160e+06   2.5329590e+01
   1.9711400e+06   2.5207520e+01
   1.9711950e+06   2.6611328e+01
   1.9712050e+06   2.4719238e+01
   1.9713200e+06   2.8015137e+01
   1.9713730e+06   2.6611328e+01
   1.9714050e+06   3.0151367e+01
   1.9714780e+06   2.8747559e+01
   1.9715430e+06   3.0090332e+01
   1.9715620e+06   2.5451660e+01
   1.9716070e+06   2.8381348e+01
   1.9716170e+06   4.7790527e+01
   1.9716510e+06   2.5878906e+01
   1.9716660e+06   3.6071777e+01
   1.9716880e+06   3.5217285e+01
   1.9717190e+06   2.6062012e+01
   1.9717350e+06   2.4536133e+01
   1.9718090e+06   2.8503418e+01
   1.9718310e+06   2.5756836e+01
   1.9718510e+06   3.1005859e+01
   1.9718770e+06   2.4047852e+01
   1.9718950e+06   2.3986816e+01
   1.9719240e+06   2.4841309e+01
   1.9719970e+06   2.4047852e+01
   1.9720100e+06   2.4780273e+01
   1.9720730e+06   2.4597168e+01
   1.9721110e+06   2.6306152e+01
   1.9721220e+06   2.4169922e+01
   1.9721630e+06   2.4169922e+01
   1.9722230e+06   3.1005859e+01
   1.9723680e+06   2.5207520e+01
   1.9723810e+06   2.4291992e+01
   1.9724610e+06   3.8513184e+01
   1.9725280e+06   2.9296875e+01
   1.9729650e+06   2.3803711e+01
   1.9730430e+06   2.4230957e+01
   1.9915420e+06   4.1015625e+01
   1.9915970e+06   3.1860352e+01
   1.9916740e+06   2.5146484e+01
   1.9917330e+06   4.1748047e+01
   1.9918990e+06   2.9418945e+01
   1.9920410e+06   2.4963379e+01
   1.9920850e+06   2.5024414e+01
   1.9921100e+06   2.4353027e+01
   1.9922470e+06   2.5390625e+01
   1.9924370e+06   3.5278320e+01
   1.9926860e+06   2.4291992e+01
   2.4865360e+06   2.3803711e+01
   2.5730920e+06   2.7893066e+01
   2.5898100e+06   2.4719238e+01
   2.5938540e+06   2.3803711e+01
   2.6046630e+06   2.6550293e+01
   2.6451860e+06   2.3925781e+01
   2.6665090e+06   2.8381348e+01
   2.6820290e+06   2.6245117e+01
   2.6854500e+06   2.3986816e+01
   2.6899460e+06   2.4597168e+01
   2.7426900e+06   2.4780273e+01
   2.8359460e+06   2.4169922e+01
   2.8550320e+06   2.4353027e+01
   2.8550620e+06   2.7587891e+01
   2.8551160e+06   4.1809082e+01
   2.8551370e+06   2.6672363e+01
   2.8551610e+06   5.0292969e+01
   2.8551860e+06   2.4841309e+01
   2.8552020e+06   3.6804199e+01
   2.8552150e+06   4.5593262e+01
   2.8552340e+06   4.7668457e+01
   2.8552610e+06   5.4077148e+01
   2.8552890e+06   2.7709961e+01
   2.8553090e+06   3.4729004e+01
   2.8553370e+06   2.6123047e+01
   2.8553580e+06   3.1311035e+01
   2.8553700e+06   3.0212402e+01
   2.8554030e+06   3.9550781e+01
   2.8554400e+06   2.6123047e+01
   2.8554570e+06   2.5817871e+01
   2.8554880e+06   3.8574219e+01
   2.8555000e+06   3.7780762e+01
   2.8555750e+06   3.2653809e+01
   2.8556090e+06   3.4973145e+01
   2.8556390e+06   2.4047852e+01
   2.8556920e+06   3.4545898e+01
   2.8557250e+06   2.6123047e+01
   2.8557400e+06   2.4719238e+01
   2.8557630e+06   3.0700684e+01
   2.8557910e+06   2.4963379e+01
   2.8558140e+06   2.3864746e+01
   2.8558320e+06   3.0700684e+01
   2.8558740e+06   2.4353027e+01
   2.8559250e+06   2.5512695e+01
   2.8559780e+06   2.4108887e+01
   2.8560350e+06   2.5451660e+01
   2.8560490e+06   2.8869629e+01
   2.8561160e+06   2.9724121e+01
   2.8561630e+06   2.6733398e+01
   2.8561790e+06   2.6550293e+01
   2.8562410e+06   2.6367188e+01
   2.8562650e+06   2.4719238e+01
   2.8563360e+06   2.4169922e+01
   2.8564100e+06   2.9235840e+01
   2.8564860e+06   2.4780273e+01
   2.8565880e+06   2.4230957e+01
   2.8566160e+06   2.6550293e+01
   2.8566510e+06   3.1250000e+01
   2.8566730e+06   2.6550293e+01
   2.8567300e+06   2.5146484e+01
   2.8567770e+06   2.4536133e+01
   2.8568980e+06   2.3864746e+01
   2.8569650e+06   3.0273438e+01
   2.8570980e+06   3.0212402e+01
   2.8573570e+06   2.5573730e+01
   2.8575120e+06   2.8808594e+01
   2.8575870e+06   2.6855469e+01
   2.8576930e+06   2.4780273e+01
   2.8577280e+06   3.1311035e+01
   2.8577850e+06   2.7526855e+01
   2.8580020e+06   2.7770996e+01
   2.8581380e+06   2.7221680e+01
   2.8586950e+06   3.0090332e+01
   2.8652840e+06   3.1738281e+01
   2.8653130e+06   3.1188965e+01
   2.8653300e+06   2.6245117e+01
   2.8653710e+06   2.3864746e+01
   2.8654540e+06   3.8269043e+01
   2.8655150e+06   2.9541016e+01
   2.8655760e+06   4.9438477e+01
   2.8655940e+06   3.2714844e+01
   2.8656260e+06   2.4536133e+01
   2.8656470e+06   2.9235840e+01
   2.8656660e+06   3.5034180e+01
   2.8657120e+06   2.8137207e+01
   2.8657260e+06   3.7780762e+01
   2.8657640e+06   3.1799316e+01
   2.8658210e+06   2.5878906e+01
   2.8658460e+06   5.3344727e+01
   2.8658890e+06   2.7954102e+01
   2.8659050e+06   2.7160645e+01
   2.8659160e+06   2.3986816e+01
   2.8659390e+06   3.3264160e+01
   2.8659530e+06   4.1748047e+01
   2.8659690e+06   3.3020020e+01
   2.8659910e+06   2.3925781e+01
   2.8660260e+06   2.4291992e+01
   2.8660600e+06   2.7893066e+01
   2.8660710e+06   2.6672363e+01
   2.8661280e+06   2.4230957e+01
   2.8661380e+06   2.8076172e+01
   2.8662000e+06   3.5583496e+01
   2.8662230e+06   2.8808594e+01
   2.8662610e+06   2.5695801e+01
   2.8662960e+06   2.6489258e+01
   2.8664170e+06   2.4719238e+01
   2.8664960e+06   2.4353027e+01
   2.8665600e+06   2.4597168e+01
   2.8666510e+06   2.6672363e+01
   2.8670540e+06   3.0212402e+01
   2.8670870e+06   2.5085449e+01
   2.8671140e+06   2.6611328e+01
   2.8671790e+06   2.7770996e+01
   2.8672920e+06   2.3864746e+01
   2.8673130e+06   2.4658203e+01
   2.8673620e+06   2.3925781e+01
   2.8674210e+06   2.7770996e+01
   2.8674470e+06   2.5146484e+01
   2.8675530e+06   2.4597168e+01
   2.8677010e+06   2.4169922e+01
   2.8681000e+06   2.5451660e+01
   2.8729100e+06   2.6306152e+01
   2.8737010e+06   2.7099609e+01
   2.8752790e+06   2.6367188e+01
   2.8765110e+06   2.3986816e+01
   2.8769780e+06   2.7282715e+01
   2.8771870e+06   2.5329590e+01
   2.8791450e+06   3.0212402e+01
   2.8807210e+06   2.9357910e+01
   2.8807400e+06   2.4597168e+01
   2.8807800e+06   3.5705566e+01
   2.8808430e+06   2.7648926e+01
   2.8808940e+06   2.7648926e+01
   2.8809200e+06   2.5268555e+01
   2.8809970e+06   3.6437988e+01
   2.8810820e+06   2.8320312e+01
   2.8811000e+06   2.8869629e+01
   2.8811480e+06   3.2897949e+01
   2.8811650e+06   3.0456543e+01
   2.8812140e+06   2.7770996e+01
   2.8812610e+06   3.6193848e+01
   2.8813120e+06   2.6794434e+01
   2.8813350e+06   2.6062012e+01
   2.8813910e+06   3.0151367e+01
   2.8814140e+06   2.6306152e+01
   2.8814400e+06   2.6184082e+01
   2.8814640e+06   2.7465820e+01
   2.8814740e+06   3.1799316e+01
   2.8815140e+06   3.1250000e+01
   2.8815370e+06   3.0761719e+01
   2.8815640e+06   3.5400391e+01
   2.8815770e+06   3.0334473e+01
   2.8816360e+06   2.3925781e+01
   2.8816570e+06   3.2714844e+01
   2.8817160e+06   2.6794434e+01
   2.8817430e+06   3.0395508e+01
   2.8818120e+06   2.7343750e+01
   2.8820500e+06   2.4169922e+01
   2.8821080e+06   2.3925781e+01
   2.8821360e+06   2.6062012e+01
   2.8824850e+06   2.3864746e+01
   2.8825090e+06   3.0517578e+01
   2.8825830e+06   2.3864746e+01
   2.8828780e+06   2.4230957e+01
   2.8829740e+06   2.6245117e+01
   2.8831060e+06   2.5085449e+01
   2.8831880e+06   2.4353027e+01
   2.8832430e+06   2.6611328e+01
   2.8834870e+06   2.7038574e+01
   2.8839320e+06   2.4047852e+01
   2.8842880e+06   2.6672363e+01
   2.8845740e+06   2.5634766e+01
   2.8857340e+06   2.5878906e+01
   2.8860550e+06   2.6000977e+01
   2.8883280e+06   2.3925781e+01
   2.8896900e+06   2.6062012e+01
   2.8917160e+06   2.8503418e+01
   2.8922160e+06   2.7587891e+01
   2.8932440e+06   2.8259277e+01
   2.8961110e+06   3.7475586e+01
   2.8962710e+06   2.5512695e+01
   2.8963600e+06   2.5817871e+01
   2.8963750e+06   2.9663086e+01
   2.8964070e+06   3.9916992e+01
   2.8964970e+06   3.1005859e+01
   2.8965330e+06   2.9479980e+01
   2.8965750e+06   3.3996582e+01
   2.8966230e+06   2.4230957e+01
   2.8966920e+06   2.7404785e+01
   2.8967060e+06   3.1616211e+01
   2.8967560e+06   2.6550293e+01
   2.8967970e+06   2.7343750e+01
   2.8968070e+06   2.9357910e+01
   2.8968330e+06   2.7099609e+01
   2.8969040e+06   2.4841309e+01
   2.8969310e+06   3.6437988e+01
   2.8969780e+06   2.9296875e+01
   2.8970000e+06   2.6733398e+01
   2.8970230e+06   3.4179688e+01
   2.8970470e+06   2.3864746e+01
   2.8970760e+06   2.4169922e+01
   2.8970870e+06   2.6855469e+01
   2.8971280e+06   2.9785156e+01
   2.8971560e+06   3.2653809e+01
   2.8972070e+06   3.2226562e+01
   2.8972490e+06   2.9785156e+01
   2.8972710e+06   2.7954102e+01
   2.8973230e+06   2.3986816e+01
   2.8973340e+06   4.1809082e+01
   2.8973680e+06   2.5451660e+01
   2.8973890e+06   2.5329590e+01
   2.8974240e+06   2.4230957e+01
   2.8974550e+06   2.9602051e+01
   2.8975190e+06   2.7832031e+01
   2.8975340e+06   2.6245117e+01
   2.8976450e+06   2.3803711e+01
   2.8977870e+06   2.7404785e+01
   2.8978720e+06   2.5634766e+01
   2.8979000e+06   2.8076172e+01
   2.8979330e+06   2.5695801e+01
   2.8979870e+06   2.4353027e+01
   2.8981500e+06   2.4047852e+01
   2.8982430e+06   2.5756836e+01
   2.8982810e+06   2.4780273e+01
   2.8983070e+06   2.4108887e+01
   2.8994130e+06   2.5329590e+01
   2.9044630e+06   2.7160645e+01
   2.9074130e+06   2.9052734e+01
   2.9090970e+06   3.1250000e+01
   2.9102150e+06   2.5756836e+01
   2.9114690e+06   2.4475098e+01
   2.9114880e+06   3.6926270e+01
   2.9116230e+06   2.5939941e+01
   2.9116730e+06   2.6428223e+01
   2.9117090e+06   2.8808594e+01
   2.9117500e+06   2.8869629e+01
   2.9118030e+06   2.8747559e+01
   2.9118130e+06   2.7160645e+01
   2.9118520e+06   2.3864746e+01
   2.9119010e+06   3.1921387e+01
   2.9119650e+06   4.3151855e+01
   2.9119810e+06   2.5390625e+01
   2.9119970e+06   2.6672363e+01
   2.9120300e+06   2.6916504e+01
   2.9120990e+06   2.4536133e+01
   2.9121120e+06   2.8381348e+01
   2.9121460e+06   2.6306152e+01
   2.9121610e+06   2.6489258e+01
   2.9122190e+06   2.5024414e+01
   2.9122650e+06   2.5085449e+01
   2.9122850e+06   2.6123047e+01
   2.9122970e+06   2.9602051e+01
   2.9123190e+06   3.2348633e+01
   2.9123450e+06   2.6367188e+01
   2.9123570e+06   2.5573730e+01
   2.9123830e+06   2.6306152e+01
   2.9124170e+06   3.6376953e+01
   2.9125020e+06   2.4963379e+01
   2.9125150e+06   2.9724121e+01
   2.9126130e+06   2.4475098e+01
   2.9127120e+06   2.4047852e+01
   2.9127470e+06   2.7221680e+01
   2.9127620e+06   3.5766602e+01
   2.9128000e+06   2.3803711e+01
   2.9128150e+06   2.7648926e+01
   2.9128370e+06   2.9602051e+01
   2.9129200e+06   2.4169922e+01
   2.9131550e+06   2.3925781e+01
   2.9134190e+06   2.4902344e+01
   2.9136070e+06   2.7099609e+01
   2.9182850e+06   2.6000977e+01
   2.9248550e+06   2.7343750e+01
   2.9265330e+06   2.5695801e+01
   2.9266190e+06   3.3020020e+01
   2.9278310e+06   2.5085449e+01
   2.9279190e+06   2.5451660e+01
   2.9279830e+06   3.6804199e+01
   2.9280050e+06   2.3803711e+01
   2.9280300e+06   3.3081055e+01
   2.9281120e+06   2.8869629e+01
   2.9281540e+06   3.6621094e+01
   2.9282270e+06   2.4536133e+01
   2.9282460e+06   2.6550293e+01
   2.9282690e+06   3.7597656e+01
   2.9282870e+06   2.4597168e+01
   2.9283180e+06   2.4841309e+01
   2.9283370e+06   3.0883789e+01
   2.9283730e+06   3.0822754e+01
   2.9283890e+06   2.4597168e+01
   2.9284260e+06   2.7465820e+01
   2.9284600e+06   3.4790039e+01
   2.9285190e+06   3.0578613e+01
   2.9285360e+06   3.2775879e+01
   2.9285500e+06   2.5024414e+01
   2.9285780e+06   2.7099609e+01
   2.9285990e+06   3.0639648e+01
   2.9286430e+06   2.3925781e+01
   2.9286570e+06   2.4047852e+01
   2.9286890e+06   2.9724121e+01
   2.9287110e+06   2.3864746e+01
   2.9287420e+06   3.7231445e+01
   2.9287730e+06   3.3203125e+01
   2.9288020e+06   2.7893066e+01
   2.9288150e+06   2.4719238e+01
   2.9288450e+06   2.3803711e+01
   2.9289190e+06   2.4536133e+01
   2.9289320e+06   2.6428223e+01
   2.9289730e+06   2.5268555e+01
   2.9290050e+06   2.7343750e+01
   2.9295480e+06   2.6428223e+01
   2.9298600e+06   2.4047852e+01
   2.9300000e+06   2.7404785e+01
   2.9303090e+06   2.6428223e+01
   2.9391520e+06   2.5085449e+01
   2.9423370e+06   3.1005859e+01
   2.9423830e+06   2.6184082e+01
   2.9425030e+06   2.7587891e+01
   2.9425380e+06   2.7038574e+01
   2.9425730e+06   4.2480469e+01
   2.9426410e+06   3.8391113e+01
   2.9426610e+06   2.4291992e+01
   2.9427210e+06   3.0761719e+01
   2.9427830e+06   2.4658203e+01
   2.9428510e+06   2.8503418e+01
   2.9429450e+06   2.6245117e+01
   2.9429710e+06   2.3925781e+01
   2.9430030e+06   2.5329590e+01
   2.9430310e+06   2.4353027e+01
   2.9430700e+06   2.5085449e+01
   2.9432680e+06   2.7282715e+01
   2.9433510e+06   2.8564453e+01
   2.9435880e+06   2.5817871e+01
   2.9436440e+06   2.4291992e+01
   2.9514310e+06   2.4475098e+01
   2.9515110e+06   2.6000977e+01
   2.9515530e+06   2.9602051e+01
   2.9515900e+06   3.0761719e+01
   2.9516300e+06   2.8320312e+01
   2.9516690e+06   3.4362793e+01
   2.9516980e+06   3.4606934e+01
   2.9517490e+06   2.7404785e+01
   2.9517620e+06   2.5207520e+01
   2.9517980e+06   2.9418945e+01
   2.9518860e+06   2.8442383e+01
   2.9519000e+06   2.6855469e+01
   2.9519470e+06   3.0334473e+01
   2.9519680e+06   2.4841309e+01
   2.9520050e+06   2.7160645e+01
   2.9520300e+06   2.6245117e+01
   2.9520490e+06   2.8076172e+01
   2.9520700e+06   2.6916504e+01
   2.9521180e+06   2.4719238e+01
   2.9521450e+06   2.3864746e+01
   2.9522280e+06   2.8137207e+01
   2.9522510e+06   2.4108887e+01
   2.9522640e+06   3.2775879e+01
   2.9522930e+06   2.4902344e+01
   2.9523540e+06   2.8381348e+01
   2.9523850e+06   2.5207520e+01
   2.9523970e+06   2.8259277e+01
   2.9525440e+06   2.4536133e+01
   2.9525790e+06   2.4169922e+01
   2.9527470e+06   2.3925781e+01
   2.9529020e+06   2.4047852e+01
   2.9532190e+06   2.4658203e+01
   2.9582770e+06   2.6062012e+01
   2.9610290e+06   2.6916504e+01
   2.9654780e+06   2.4902344e+01
   2.9655420e+06   3.2836914e+01
   2.9657640e+06   3.2958984e+01
   2.9658100e+06   3.0517578e+01
   2.9659850e+06   4.3823242e+01
   2.9661110e+06   2.8808594e+01
   2.9661690e+06   2.9968262e+01
   2.9662070e+06   2.6916504e+01
   2.9662760e+06   2.4658203e+01
   2.9663470e+06   2.8930664e+01
   2.9665420e+06   2.8259277e+01
   2.9666530e+06   2.5573730e+01
   2.9706230e+06   4.6325684e+01
   2.9707230e+06   2.4047852e+01
   2.9707880e+06   2.8076172e+01
   2.9708060e+06   3.0334473e+01
   2.9708780e+06   2.5695801e+01
   2.9709300e+06   2.4414062e+01
   2.9709700e+06   3.0090332e+01
   2.9709860e+06   3.5278320e+01
   2.9711140e+06   3.8146973e+01
   2.9711570e+06   2.9846191e+01
   2.9712300e+06   3.0517578e+01
   2.9713240e+06   2.8076172e+01
   2.9714380e+06   2.9907227e+01
   2.9714740e+06   2.8503418e+01
   2.9715140e+06   3.1250000e+01
   2.9715390e+06   2.4536133e+01
   2.9715660e+06   2.9479980e+01
   2.9716350e+06   3.2775879e+01
   2.9716460e+06   2.5268555e+01
   2.9717020e+06   3.0700684e+01
   2.9717550e+06   2.3986816e+01
   2.9717720e+06   3.2409668e+01
   2.9717990e+06   2.7160645e+01
   2.9718250e+06   2.5390625e+01
   2.9718780e+06   2.5268555e+01
   2.9718910e+06   2.4169922e+01
   2.9719300e+06   2.7954102e+01
   2.9720510e+06   3.1372070e+01
   2.9720790e+06   2.5329590e+01
   2.9721130e+06   2.7648926e+01
   2.9722190e+06   2.8320312e+01
   2.9722380e+06   2.7709961e+01
   2.9725360e+06   2.4108887e+01
   2.9882770e+06   2.9174805e+01
   2.9884780e+06   4.0344238e+01
   2.9885520e+06   2.9785156e+01
   2.9885990e+06   2.7832031e+01
   2.9886160e+06   2.8137207e+01
   2.9886360e+06   2.4230957e+01
   2.9886520e+06   2.6367188e+01
   2.9887010e+06   2.4414062e+01
   2.9887110e+06   3.5339355e+01
   2.9888110e+06   2.5268555e+01
   2.9888650e+06   2.8503418e+01
   2.9888990e+06   2.5512695e+01
   2.9889250e+06   2.4902344e+01
   2.9889450e+06   2.6245117e+01
   2.9889750e+06   2.9602051e+01
   2.9889970e+06   2.9113770e+01
   2.9890600e+06   2.5634766e+01
   2.9890960e+06   2.6245117e+01
   2.9891270e+06   2.9479980e+01
   2.9891530e+06   3.0212402e+01
   2.9891840e+06   2.3925781e+01
   2.9892240e+06   2.3986816e+01
   2.9892610e+06   3.1250000e+01
   2.9893480e+06   2.8930664e+01
   2.9893760e+06   2.6000977e+01
   2.9894140e+06   2.7526855e+01
   2.9895460e+06   2.4230957e+01
   2.9898530e+06   2.4536133e+01
   2.9899730e+06   2.6489258e+01
   2.9900300e+06   2.6000977e+01
   2.9977870e+06   2.7404785e+01
   3.0062980e+06   2.7099609e+01
   3.0063910e+06   2.9602051e+01
   3.0064370e+06   2.6367188e+01
   3.0065110e+06   3.0273438e+01
   3.0065510e+06   3.6315918e+01
   3.0066150e+06   3.4240723e+01
   3.0066880e+06   3.2470703e+01
   3.0067800e+06   2.5085449e+01
   3.0068060e+06   3.4790039e+01
   3.0068310e+06   2.4658203e+01
   3.0069110e+06   3.1860352e+01
   3.0070170e+06   2.5207520e+01
   3.0070540e+06   2.5329590e+01
   3.0070700e+06   2.6672363e+01
   3.0070950e+06   2.6977539e+01
   3.0071330e+06   2.6000977e+01
   3.0071440e+06   2.7709961e+01
   3.0072080e+06   2.7221680e+01
   3.0072290e+06   2.5390625e+01
   3.0073780e+06   2.6611328e+01
   3.0074590e+06   2.6794434e+01
   3.0074960e+06   2.5390625e+01
   3.0075190e+06   2.8442383e+01
   3.0075790e+06   3.0822754e+01
   3.0077220e+06   2.8198242e+01
   3.0077510e+06   2.8076172e+01
   3.0081060e+06   2.6245117e+01
   3.0230660e+06   4.3029785e+01
   3.0232180e+06   3.1982422e+01
   3.0232980e+06   3.3874512e+01
   3.0235080e+06   3.0029297e+01
   3.0236310e+06   2.3925781e+01
   3.0237170e+06   3.2470703e+01
   3.0298030e+06   2.5878906e+01
   3.0298770e+06   2.6733398e+01
   3.0299300e+06   3.8208008e+01
   3.0299560e+06   2.4291992e+01
   3.0300800e+06   2.4353027e+01
   3.0300920e+06   2.6245117e+01
   3.0302100e+06   3.6193848e+01
   3.0302760e+06   2.5695801e+01
   3.0303270e+06   3.6804199e+01
   3.0304120e+06   2.6733398e+01
   3.0304590e+06   2.7832031e+01
   3.0304980e+06   2.5207520e+01
   3.0305270e+06   2.7893066e+01
   3.0305920e+06   2.6977539e+01
   3.0306090e+06   2.4719238e+01
   3.0306320e+06   2.5085449e+01
   3.0306820e+06   3.1311035e+01
   3.0307030e+06   3.2592773e+01
   3.0307490e+06   2.8503418e+01
   3.0307640e+06   2.4902344e+01
   3.0308150e+06   2.6611328e+01
   3.0308360e+06   2.9968262e+01
   3.0308900e+06   2.3925781e+01
   3.0309060e+06   2.6489258e+01
   3.0309700e+06   2.3803711e+01
   3.0309940e+06   3.1616211e+01
   3.0310320e+06   2.8503418e+01
   3.0311310e+06   2.4291992e+01
   3.0322190e+06   2.7160645e+01
   3.0578120e+06   2.3986816e+01
   3.0579510e+06   3.1677246e+01
   3.0580140e+06   2.6428223e+01
   3.0580520e+06   2.9602051e+01
   3.0581270e+06   3.6743164e+01
   3.0581660e+06   2.4963379e+01
   3.0581990e+06   2.6062012e+01
   3.0582340e+06   2.4597168e+01
   3.0582550e+06   3.4667969e+01
   3.0582790e+06   3.1982422e+01
   3.0583500e+06   2.5146484e+01
   3.0583980e+06   3.1127930e+01
   3.0584170e+06   2.5817871e+01
   3.0584570e+06   2.5390625e+01
   3.0584900e+06   2.4291992e+01
   3.0585290e+06   2.6977539e+01
   3.0585590e+06   2.8869629e+01
   3.0586030e+06   2.7770996e+01
   3.0586310e+06   2.8930664e+01
   3.0586450e+06   2.4719238e+01
   3.0586670e+06   3.1005859e+01
   3.0586940e+06   3.0090332e+01
   3.0587410e+06   2.8198242e+01
   3.0587580e+06   3.5949707e+01
   3.0588000e+06   3.4240723e+01
   3.0588260e+06   3.2653809e+01
   3.0588830e+06   2.6611328e+01
   3.0589130e+06   2.4230957e+01
   3.0591650e+06   2.8198242e+01
   3.0592730e+06   2.9174805e+01
   3.0593460e+06   2.7282715e+01
   3.0597780e+06   2.3864746e+01
   3.0598590e+06   2.7465820e+01
   3.0600950e+06   3.0700684e+01
   3.0793530e+06   2.4536133e+01
   3.0793630e+06   2.5146484e+01
   3.0794210e+06   4.3579102e+01
   3.0795530e+06   2.6977539e+01
   3.0795810e+06   2.7099609e+01
   3.0796450e+06   3.7048340e+01
   3.0798130e+06   2.6611328e+01
   3.0798330e+06   2.4902344e+01
   3.0798500e+06   2.5634766e+01
   3.0798750e+06   3.2104492e+01
   3.0801460e+06   3.0517578e+01
   3.0876240e+06   2.4658203e+01
   3.0877980e+06   3.0761719e+01
   3.0878250e+06   2.5268555e+01
   3.0878460e+06   2.7893066e+01
   3.0879090e+06   3.8024902e+01
   3.0879970e+06   2.7282715e+01
   3.0880340e+06   2.8015137e+01
   3.0880910e+06   2.5207520e+01
   3.0881250e+06   2.7770996e+01
   3.0881430e+06   2.4169922e+01
   3.0882330e+06   2.4536133e+01
   3.0882680e+06   2.7770996e+01
   3.0883640e+06   3.3874512e+01
   3.0883750e+06   3.5339355e+01
   3.0884540e+06   2.4414062e+01
   3.0886450e+06   2.8442383e+01
   3.0886750e+06   2.6062012e+01
   3.0887370e+06   2.5451660e+01
   3.0943850e+06   2.4230957e+01
   3.0945740e+06   2.7221680e+01
   3.0946150e+06   2.4047852e+01
   3.0946270e+06   3.0517578e+01
   3.0947970e+06   2.7587891e+01
   3.1007320e+06   3.2043457e+01
   3.1008100e+06   2.8564453e+01
   3.1009110e+06   2.5573730e+01
   3.1010370e+06   3.0639648e+01
   3.1010530e+06   2.4902344e+01
   3.1010960e+06   2.4719238e+01
   3.1012180e+06   3.1005859e+01
   3.1012530e+06   3.8452148e+01
   3.1015800e+06   2.8503418e+01
   3.1063540e+06   2.4841309e+01
   3.1064400e+06   2.4658203e+01
   3.1065250e+06   3.3264160e+01
   3.1067660e+06   2.7648926e+01
   3.1067960e+06   2.7221680e+01
   3.1068440e+06   3.3691406e+01
   3.1119700e+06   2.5512695e+01
   3.1119910e+06   2.4658203e+01
   3.1120810e+06   3.0029297e+01
   3.1121080e+06   3.1677246e+01
   3.1122350e+06   3.1921387e+01
   3.1124760e+06   2.5390625e+01
   3.1182150e+06   2.8503418e+01
   3.1182340e+06   2.4169922e+01
   3.1182630e+06   3.9855957e+01
   3.1183010e+06   2.4963379e+01
   3.1183580e+06   2.6123047e+01
   3.1184140e+06   2.4047852e+01
   3.1184730e+06   3.6682129e+01
   3.1185010e+06   2.6611328e+01
   3.1185540e+06   2.6184082e+01
   3.1187670e+06   2.6000977e+01
   3.1239240e+06   2.6611328e+01
   3.1239400e+06   3.0456543e+01
   3.1240060e+06   3.3569336e+01
   3.1241560e+06   2.9968262e+01
   3.1304720e+06   2.7099609e+01
   3.1304900e+06   2.5878906e+01
   3.1305340e+06   2.4597168e+01
   3.1305520e+06   2.7343750e+01
   3.1306350e+06   2.3925781e+01
   3.1307850e+06   3.6376953e+01
   3.1308730e+06   2.6367188e+01
   3.1309930e+06   3.0761719e+01
   3.1311600e+06   2.8747559e+01
   3.1363870e+06   3.4057617e+01
   3.1364810e+06   2.8015137e+01
   3.1365190e+06   3.4423828e+01
   3.1365640e+06   3.6560059e+01
   3.1368800e+06   2.5268555e+01
   3.1370160e+06   2.4108887e+01
   3.1411670e+06   2.6245117e+01
   3.1470860e+06   2.5207520e+01
   3.1471700e+06   2.4353027e+01
   3.1472320e+06   2.3986816e+01
   3.1472470e+06   3.0639648e+01
   3.1473690e+06   2.7038574e+01
   3.1474570e+06   3.5827637e+01
   3.1527580e+06   2.6000977e+01
   3.1528330e+06   2.6123047e+01
   3.1529760e+06   2.4780273e+01
   3.1530930e+06   2.3864746e+01
   3.1589080e+06   3.1738281e+01
   3.1589980e+06   2.5146484e+01
   3.1591620e+06   2.5695801e+01
   3.1648840e+06   2.4108887e+01
   3.1649180e+06   2.3864746e+01
   3.1650070e+06   3.7719727e+01
   3.1652900e+06   2.5451660e+01
   3.1704520e+06   4.0100098e+01
   3.1706280e+06   2.7099609e+01
   3.1706640e+06   2.8015137e+01
   3.1706890e+06   2.8869629e+01
   3.1765000e+06   2.6000977e+01
   3.1766320e+06   3.8391113e+01
   3.1767180e+06   2.3803711e+01
   3.1767970e+06   2.7526855e+01
   3.1769020e+06   2.6611328e+01
   3.1769630e+06   3.5522461e+01
   3.1832460e+06   2.9663086e+01
   3.1833460e+06   3.9855957e+01
   3.1836110e+06   3.0578613e+01
   3.1836710e+06   3.9733887e+01
   3.1840420e+06   2.8686523e+01
   3.1889340e+06   2.3925781e+01
   3.1957130e+06   2.6550293e+01
   3.1957670e+06   2.4780273e+01
   3.1958460e+06   3.6132813e+01
   3.1959130e+06   2.7587891e+01
   3.1960840e+06   3.6254883e+01
   3.2023760e+06   2.7343750e+01
   3.2023920e+06   2.6123047e+01
   3.2024140e+06   2.5634766e+01
   3.2024280e+06   2.4597168e+01
   3.2025220e+06   4.0405273e+01
   3.2026330e+06   3.0578613e+01
   3.2026660e+06   3.0334473e+01
   3.2028060e+06   3.4057617e+01
   3.2082240e+06   2.6367188e+01
   3.2083690e+06   3.3325195e+01
   3.2084210e+06   2.4230957e+01
   3.2084790e+06   3.1005859e+01
   3.2151080e+06   3.0517578e+01
   3.2152360e+06   2.7038574e+01
   3.2152720e+06   2.6367188e+01
   3.2154780e+06   2.7893066e+01
   3.2211370e+06   2.6733398e+01
   3.2214930e+06   2.8503418e+01
   3.2288870e+06   2.7282715e+01
   3.2289550e+06   2.4475098e+01
   3.2290160e+06   3.3508301e+01
   3.2291150e+06   2.8076172e+01
   3.2291360e+06   3.0822754e+01
   3.2291730e+06   2.9663086e+01
   3.2294130e+06   3.7902832e+01
   3.2360270e+06   2.5085449e+01
   3.2361670e+06   2.7343750e+01
   3.2362100e+06   3.3752441e+01
   3.2364280e+06   2.4230957e+01
   3.2442470e+06   2.4719238e+01
   3.2444380e+06   3.9123535e+01
   3.2444900e+06   3.1799316e+01
   3.2445940e+06   2.5817871e+01
   3.2446400e+06   3.4301758e+01
   3.2446650e+06   2.8137207e+01
   3.2448490e+06   2.4902344e+01
   3.2448760e+06   2.9968262e+01
   3.2450760e+06   2.4108887e+01
   3.2451160e+06   2.5756836e+01
   3.2534880e+06   2.4230957e+01
   3.2535020e+06   2.5512695e+01
   3.2535590e+06   2.7038574e+01
   3.2536010e+06   3.3691406e+01
   3.2536670e+06   2.8503418e+01
   3.2537080e+06   2.6306152e+01
   3.2537520e+06   3.1066895e+01
   3.2538090e+06   2.6489258e+01
   3.2538280e+06   2.7282715e+01
   3.2538910e+06   3.8757324e+01
   3.2539380e+06   2.7526855e+01
   3.2540060e+06   3.4240723e+01
   3.2540620e+06   2.3803711e+01
   3.2540990e+06   2.6000977e+01
   3.2541340e+06   3.6315918e+01
   3.2542940e+06   3.1494141e+01
   3.2613770e+06   3.1005859e+01
   3.2614280e+06   3.0029297e+01
   3.2615540e+06   2.8381348e+01
   3.2615800e+06   2.5451660e+01
   3.2616750e+06   2.5939941e+01
   3.2618090e+06   2.4047852e+01
   3.2618930e+06   2.4108887e+01
   3.2619910e+06   3.2592773e+01
   3.2698650e+06   3.5156250e+01
   3.2699090e+06   2.4902344e+01
   3.2699920e+06   4.7973633e+01
   3.2700180e+06   3.0883789e+01
   3.2701050e+06   2.6428223e+01
   3.2701980e+06   2.6367188e+01
   3.2702560e+06   2.9602051e+01
   3.2703320e+06   2.9907227e+01
   3.2703810e+06   4.3395996e+01
   3.2705170e+06   2.4353027e+01
   3.2705610e+06   4.1809082e+01
   3.2780600e+06   2.7282715e+01
   3.2780760e+06   3.9123535e+01
   3.2782190e+06   4.0527344e+01
   3.2783190e+06   3.0273438e+01
   3.2783490e+06   3.0151367e+01
   3.2784190e+06   2.4841309e+01
   3.2784830e+06   3.5705566e+01
   3.2786170e+06   2.6611328e+01
   3.2786660e+06   3.1250000e+01
   3.2871890e+06   2.4108887e+01
   3.2872650e+06   3.2043457e+01
   3.2872930e+06   2.5207520e+01
   3.2873760e+06   2.8747559e+01
   3.2873870e+06   3.0700684e+01
   3.2874220e+06   2.5695801e+01
   3.2875020e+06   3.1188965e+01
   3.2875710e+06   2.7709961e+01
   3.2876110e+06   3.9794922e+01
   3.2876380e+06   2.5268555e+01
   3.2877160e+06   4.1931152e+01
   3.2877530e+06   2.3864746e+01
   3.2877890e+06   2.3925781e+01
   3.2878050e+06   2.5024414e+01
   3.2879210e+06   3.2775879e+01
   3.2880960e+06   2.5695801e+01
   3.2882700e+06   2.4414062e+01
   3.2955550e+06   2.4902344e+01
   3.2956680e+06   4.6630859e+01
   3.2957510e+06   2.8198242e+01
   3.2958040e+06   3.5949707e+01
   3.2959140e+06   2.6733398e+01
   3.2959520e+06   2.4353027e+01
   3.2959840e+06   4.3518066e+01
   3.2961970e+06   4.0466309e+01
   3.3041710e+06   2.4108887e+01
   3.3041870e+06   3.6621094e+01
   3.3042740e+06   5.8044434e+01
   3.3043810e+06   3.5644531e+01
   3.3044600e+06   2.5024414e+01
   3.3045060e+06   4.6325684e+01
   3.3045870e+06   2.4963379e+01
   3.3046120e+06   3.1738281e+01
   3.3047400e+06   3.5400391e+01
   3.3049030e+06   2.6245117e+01
   3.3144940e+06   2.4719238e+01
   3.3145380e+06   2.4841309e+01
   3.3145670e+06   2.9663086e+01
   3.3146520e+06   2.8137207e+01
   3.3146790e+06   3.9733887e+01
   3.3147790e+06   4.4067383e+01
   3.3147890e+06   2.7343750e+01
   3.3148140e+06   2.4597168e+01
   3.3148970e+06   2.5817871e+01
   3.3149980e+06   2.8503418e+01
   3.3150180e+06   3.2348633e+01
   3.3150360e+06   2.6977539e+01
   3.3150660e+06   2.4719238e+01
   3.3151590e+06   3.8635254e+01
   3.3152980e+06   3.1311035e+01
   3.3153970e+06   3.1250000e+01
   3.3238620e+06   2.4658203e+01
   3.3239520e+06   2.6611328e+01
   3.3239700e+06   4.0893555e+01
   3.3239990e+06   3.5705566e+01
   3.3240600e+06   2.4902344e+01
   3.3240800e+06   2.9541016e+01
   3.3241110e+06   3.2043457e+01
   3.3241290e+06   2.6489258e+01
   3.3241860e+06   3.3630371e+01
   3.3242940e+06   2.8442383e+01
   3.3243140e+06   2.9296875e+01
   3.3243600e+06   2.5146484e+01
   3.3244370e+06   3.0334473e+01
   3.3244920e+06   2.5268555e+01
   3.3246120e+06   2.7709961e+01
   3.3246490e+06   2.4353027e+01
   3.3329130e+06   3.4973145e+01
   3.3330050e+06   2.9602051e+01
   3.3330500e+06   3.2714844e+01
   3.3330960e+06   2.9663086e+01
   3.3331780e+06   3.0761719e+01
   3.3332750e+06   3.1127930e+01
   3.3332950e+06   2.7221680e+01
   3.3334410e+06   3.5888672e+01
   3.3336620e+06   3.4118652e+01
   3.3428210e+06   2.8015137e+01
   3.3428620e+06   4.3884277e+01
   3.3428970e+06   2.6062012e+01
   3.3429590e+06   3.0761719e+01
   3.3430080e+06   2.5329590e+01
   3.3430230e+06   2.7282715e+01
   3.3430690e+06   3.2226562e+01
   3.3430910e+06   3.0090332e+01
   3.3431100e+06   3.6499023e+01
   3.3431660e+06   3.4729004e+01
   3.3432840e+06   2.9846191e+01
   3.3433940e+06   3.0822754e+01
   3.3435090e+06   2.5451660e+01
   3.3438230e+06   3.1311035e+01
   3.3438660e+06   2.4475098e+01
   3.3551010e+06   2.9724121e+01
   3.3551360e+06   2.5573730e+01
   3.3551630e+06   2.5756836e+01
   3.3551990e+06   2.8869629e+01
   3.3552290e+06   2.4780273e+01
   3.3552620e+06   3.0334473e+01
   3.3552930e+06   2.8930664e+01
   3.3553380e+06   3.4545898e+01
   3.3553650e+06   3.3874512e+01
   3.3554410e+06   2.8930664e+01
   3.3554570e+06   3.8330078e+01
   3.3555610e+06   3.3386230e+01
   3.3556660e+06   2.6733398e+01
   3.3556780e+06   3.4729004e+01
   3.3557230e+06   2.9785156e+01
   3.3558440e+06   3.4667969e+01
   3.3559510e+06   3.3996582e+01
   3.3559680e+06   2.4169922e+01
   3.3562010e+06   2.6611328e+01
   3.3656390e+06   2.7526855e+01
   3.3656920e+06   5.3405762e+01
   3.3657400e+06   2.6672363e+01
   3.3657850e+06   3.4667969e+01
   3.3658100e+06   2.4475098e+01
   3.3658730e+06   3.4118652e+01
   3.3659220e+06   3.0334473e+01
   3.3660160e+06   3.0578613e+01
   3.3660440e+06   2.6977539e+01
   3.3660740e+06   3.1494141e+01
   3.3661010e+06   2.5207520e+01
   3.3661770e+06   2.5878906e+01
   3.3663440e+06   3.0456543e+01
   3.3664330e+06   3.0944824e+01
   3.3665140e+06   2.8076172e+01
   3.3751560e+06   2.3864746e+01
   3.3752330e+06   2.5756836e+01
   3.3752660e+06   4.3884277e+01
   3.3753250e+06   2.4230957e+01
   3.3753700e+06   2.9357910e+01
   3.3754320e+06   3.5888672e+01
   3.3754640e+06   2.7587891e+01
   3.3755030e+06   3.0395508e+01
   3.3755360e+06   2.4780273e+01
   3.3755570e+06   2.6611328e+01
   3.3756580e+06   3.0883789e+01
   3.3757670e+06   3.2653809e+01
   3.3757800e+06   3.9794922e+01
   3.3759500e+06   2.6733398e+01
   3.3760790e+06   2.7099609e+01
   3.3763740e+06   2.4230957e+01
   3.3846790e+06   2.5756836e+01
   3.3847220e+06   3.0151367e+01
   3.3847450e+06   3.5644531e+01
   3.3847720e+06   2.6000977e+01
   3.3848060e+06   2.4169922e+01
   3.3848330e+06   3.5461426e+01
   3.3848980e+06   2.6916504e+01
   3.3849240e+06   2.9052734e+01
   3.3849590e+06   2.9968262e+01
   3.3850870e+06   3.3081055e+01
   3.3852200e+06   2.6489258e+01
   3.3853700e+06   3.9550781e+01
   3.3948340e+06   2.9296875e+01
   3.3948730e+06   2.5939941e+01
   3.3948950e+06   3.1799316e+01
   3.3949120e+06   4.7973633e+01
   3.3949360e+06   2.6733398e+01
   3.3949530e+06   2.5817871e+01
   3.3949770e+06   3.0151367e+01
   3.3949880e+06   2.6977539e+01
   3.3950320e+06   3.1188965e+01
   3.3950660e+06   2.8442383e+01
   3.3950910e+06   3.1555176e+01
   3.3951540e+06   3.8269043e+01
   3.3952640e+06   3.7963867e+01
   3.3952890e+06   2.4475098e+01
   3.3953920e+06   2.5085449e+01
   3.3954370e+06   2.8625488e+01
   3.3955100e+06   3.6865234e+01
   3.3955410e+06   3.6682129e+01
   3.3956160e+06   2.3803711e+01
   3.3956520e+06   3.0944824e+01
   3.3958400e+06   3.3874512e+01
   3.4055180e+06   3.6437988e+01
   3.4055490e+06   4.4189453e+01
   3.4056040e+06   2.4475098e+01
   3.4056590e+06   3.4667969e+01
   3.4057600e+06   2.8259277e+01
   3.4057760e+06   2.5085449e+01
   3.4058760e+06   3.3142090e+01
   3.4059710e+06   2.3986816e+01
   3.4059840e+06   2.8808594e+01
   3.4061340e+06   3.5827637e+01
   3.4062070e+06   2.4658203e+01
   3.4062610e+06   4.1198730e+01
   3.4063460e+06   2.6184082e+01
   3.4064510e+06   2.8503418e+01
   3.4192960e+06   2.3803711e+01
   3.4193640e+06   4.4006348e+01
   3.4194010e+06   3.4790039e+01
   3.4194380e+06   2.4169922e+01
   3.4194610e+06   2.3864746e+01
   3.4194840e+06   2.4780273e+01
   3.4195130e+06   2.5268555e+01
   3.4195320e+06   4.1198730e+01
   3.4195450e+06   2.5756836e+01
   3.4196060e+06   3.4484863e+01
   3.4196530e+06   2.6977539e+01
   3.4196990e+06   3.2409668e+01
   3.4197220e+06   2.6550293e+01
   3.4197540e+06   3.0334473e+01
   3.4198000e+06   3.2226562e+01
   3.4198730e+06   2.6123047e+01
   3.4199440e+06   2.5634766e+01
   3.4199740e+06   2.4414062e+01
   3.4199880e+06   2.6123047e+01
   3.4200270e+06   2.5634766e+01
   3.4200460e+06   2.7282715e+01
   3.4200970e+06   2.5695801e+01
   3.4201380e+06   3.1860352e+01
   3.4201810e+06   2.7343750e+01
   3.4201930e+06   3.0395508e+01
   3.4202330e+06   3.0517578e+01
   3.4202610e+06   2.4291992e+01
   3.4203020e+06   2.3925781e+01
   3.4203230e+06   2.4169922e+01
   3.4204030e+06   3.2592773e+01
   3.4204540e+06   2.4108887e+01
   3.4204990e+06   2.7221680e+01
   3.4206330e+06   2.5085449e+01
   3.4207880e+06   2.3864746e+01
   3.4208090e+06   2.5817871e+01
   3.4209650e+06   2.5573730e+01
   3.4209910e+06   2.5817871e+01
   3.4210770e+06   3.0334473e+01
   3.4211290e+06   2.8503418e+01
   3.4215920e+06   2.7404785e+01
   3.4222900e+06   2.6855469e+01
   3.4777300e+06   2.3925781e+01
   3.7694890e+06   2.4963379e+01
   3.7981710e+06   2.4353027e+01
   3.9396870e+06   2.4475098e+01
   3.9768930e+06   2.4719238e+01
   4.0479160e+06   2.8503418e+01
   4.0572890e+06   2.5390625e+01
   4.1115930e+06   2.5207520e+01
   4.1149330e+06   2.4169922e+01
   4.1474750e+06   2.3925781e+01
   4.2176450e+06   2.4658203e+01
   4.2600780e+06   2.4475098e+01
   4.2765040e+06   2.4963379e+01
   4.3074860e+06   2.6550293e+01
   4.3641760e+06   2.5329590e+01
   4.4356070e+06   2.4719238e+01
   4.4624530e+06   2.5695801e+01
   4.4839070e+06   2.5939941e+01
   4.5291050e+06   2.4719238e+01
   4.5291250e+06   4.1809082e+01
   4.5291530e+06   2.9418945e+01
   4.5291630e+06   2.4414062e+01
   4.5291840e+06   4.2907715e+01
   4.5292130e+06   3.4118652e+01
   4.5292300e+06   2.7221680e+01
   4.5292600e+06   3.9672852e+01
   4.5292740e+06   2.4414062e+01
   4.5292950e+06   4.0710449e+01
   4.5293050e+06   3.3447266e+01
   4.5293450e+06   3.2287598e+01
   4.5293760e+06   3.1250000e+01
   4.5293940e+06   2.7893066e+01
   4.5294080e+06   3.3386230e+01
   4.5294420e+06   3.6804199e+01
   4.5294990e+06   3.9733887e+01
   4.5295350e+06   2.5268555e+01
   4.5295510e+06   4.0344238e+01
   4.5295900e+06   3.0273438e+01
   4.5296240e+06   2.7770996e+01
   4.5296390e+06   2.4353027e+01
   4.5297070e+06   2.6184082e+01
   4.5297250e+06   2.7099609e+01
   4.5297430e+06   3.0212402e+01
   4.5297980e+06   2.4841309e+01
   4.5298390e+06   2.8381348e+01
   4.5298580e+06   2.6306152e+01
   4.5299320e+06   3.0517578e+01
   4.5299680e+06   2.5451660e+01
   4.5299940e+06   2.5634766e+01
   4.5300330e+06   2.6977539e+01
   4.5300630e+06   2.6062012e+01
   4.5300730e+06   2.4414062e+01
   4.5301010e+06   2.9357910e+01
   4.5301350e+06   2.4719238e+01
   4.5301660e+06   2.9479980e+01
   4.5301930e+06   2.6428223e+01
   4.5302380e+06   2.4536133e+01
   4.5302620e+06   3.0395508e+01
   4.5303340e+06   2.8198242e+01
   4.5305010e+06   2.7343750e+01
   4.5305340e+06   2.4536133e+01
   4.5305630e+06   2.6062012e+01
   4.5306230e+06   2.7587891e+01
   4.5306600e+06   2.9113770e+01
   4.5307550e+06   2.4902344e+01
   4.5308090e+06   2.4719238e+01
   4.5308430e+06   2.4047852e+01
   4.5309870e+06   2.4536133e+01
   4.5310210e+06   2.3986816e+01
   4.5310930e+06   3.0700684e+01
   4.5316540e+06   2.5146484e+01
   4.5317740e+06   2.7648926e+01
   4.5320050e+06   2.3803711e+01
   4.5325850e+06   3.0822754e+01
   4.5331230e+06   2.5817871e+01
   4.5346690e+06   2.5573730e+01
   4.5375280e+06   2.3925781e+01
   4.5394820e+06   2.7709961e+01
   4.5397800e+06   3.2897949e+01
   4.5398940e+06   2.5817871e+01
   4.5399320e+06   2.4658203e+01
   4.5399630e+06   3.3264160e+01
   4.5400700e+06   3.1738281e+01
   4.5400860e+06   3.0090332e+01
   4.5401130e+06   2.8076172e+01
   4.5401370e+06   2.5329590e+01
   4.5401550e+06   2.9296875e+01
   4.5401720e+06   2.5146484e+01
   4.5401940e+06   2.7099609e+01
   4.5402370e+06   4.2114258e+01
   4.5402660e+06   2.4230957e+01
   4.5403050e+06   3.2470703e+01
   4.5403340e+06   3.7658691e+01
   4.5403450e+06   2.5817871e+01
   4.5403760e+06   4.0893555e+01
   4.5404550e+06   2.7038574e+01
   4.5404670e+06   3.4973145e+01
   4.5404980e+06   2.8076172e+01
   4.5405090e+06   2.6367188e+01
   4.5405190e+06   2.9418945e+01
   4.5405590e+06   2.4169922e+01
   4.5405690e+06   3.7170410e+01
   4.5406200e+06   2.7099609e+01
   4.5406410e+06   2.5329590e+01
   4.5406850e+06   3.3691406e+01
   4.5407090e+06   3.9428711e+01
   4.5407240e+06   2.4108887e+01
   4.5408060e+06   2.5451660e+01
   4.5408280e+06   2.4536133e+01
   4.5408480e+06   3.6682129e+01
   4.5408870e+06   3.0456543e+01
   4.5409200e+06   2.6550293e+01
   4.5409470e+06   3.2531738e+01
   4.5409570e+06   2.5268555e+01
   4.5410690e+06   3.0700684e+01
   4.5412100e+06   2.5085449e+01
   4.5412670e+06   2.8564453e+01
   4.5413030e+06   2.8259277e+01
   4.5413540e+06   2.6306152e+01
   4.5413950e+06   2.6306152e+01
   4.5414420e+06   2.5024414e+01
   4.5414760e+06   2.4719238e+01
   4.5415260e+06   2.4475098e+01
   4.5415570e+06   2.5085449e+01
   4.5415980e+06   2.5451660e+01
   4.5416380e+06   2.4108887e+01
   4.5418520e+06   2.4963379e+01
   4.5420610e+06   2.4047852e+01
   4.5421720e+06   2.4658203e+01
   4.5424450e+06   2.4536133e+01
   4.5425550e+06   2.6306152e+01
   4.5453860e+06   2.4169922e+01
   4.5459900e+06   2.7465820e+01
   4.5475130e+06   2.4414062e+01
   4.5478510e+06   2.5939941e+01
   4.5492350e+06   2.7038574e+01
   4.5503060e+06   2.5024414e+01
   4.5506400e+06   2.8198242e+01
   4.5511110e+06   3.5278320e+01
   4.5524490e+06   2.4230957e+01
   4.5524670e+06   2.7160645e+01
   4.5531280e+06   2.3864746e+01
   4.5531730e+06   2.8747559e+01
   4.5533730e+06   2.3925781e+01
   4.5539090e+06   2.5268555e+01
   4.5548390e+06   3.1127930e+01
   4.5549460e+06   2.5085449e+01
   4.5552680e+06   2.6489258e+01
   4.5573600e+06   3.9184570e+01
   4.5574160e+06   2.7404785e+01
   4.5576210e+06   2.6428223e+01
   4.5576430e+06   3.2226562e+01
   4.5577130e+06   2.7832031e+01
   4.5578480e+06   5.0842285e+01
   4.5579600e+06   3.5705566e+01
   4.5579910e+06   4.5043945e+01
   4.5580290e+06   2.5573730e+01
   4.5580700e+06   2.8076172e+01
   4.5581020e+06   3.8269043e+01
   4.5581480e+06   4.0405273e+01
   4.5581610e+06   3.1372070e+01
   4.5581940e+06   4.3029785e+01
   4.5582340e+06   2.7832031e+01
   4.5582550e+06   2.3925781e+01
   4.5582710e+06   3.8940430e+01
   4.5583090e+06   2.5329590e+01
   4.5583270e+06   3.7780762e+01
   4.5583490e+06   2.7343750e+01
   4.5583660e+06   3.3386230e+01
   4.5583840e+06   3.1433105e+01
   4.5584010e+06   2.4353027e+01
   4.5584210e+06   3.9123535e+01
   4.5584520e+06   2.3925781e+01
   4.5584730e+06   2.5573730e+01
   4.5584990e+06   3.1188965e+01
   4.5585100e+06   2.8808594e+01
   4.5585620e+06   2.4047852e+01
   4.5585860e+06   2.7893066e+01
   4.5586160e+06   2.9846191e+01
   4.5586470e+06   2.4536133e+01
   4.5586860e+06   3.2287598e+01
   4.5587260e+06   2.5329590e+01
   4.5587620e+06   3.6193848e+01
   4.5587970e+06   2.8503418e+01
   4.5588160e+06   2.6733398e+01
   4.5588640e+06   2.4536133e+01
   4.5590180e+06   2.5634766e+01
   4.5591050e+06   2.4353027e+01
   4.5591430e+06   2.4597168e+01
   4.5591910e+06   2.5756836e+01
   4.5592330e+06   2.5390625e+01
   4.5593980e+06   2.4658203e+01
   4.5594080e+06   2.4291992e+01
   4.5594360e+06   2.4536133e+01
   4.5595260e+06   2.4108887e+01
   4.5596350e+06   2.6672363e+01
   4.5596920e+06   2.5756836e+01
   4.5598910e+06   2.4780273e+01
   4.5599240e+06   2.5268555e+01
   4.5599520e+06   2.5329590e+01
   4.5601410e+06   2.4536133e+01
   4.5604380e+06   2.4841309e+01
   4.5607380e+06   2.5817871e+01
   4.5655340e+06   2.3864746e+01
   4.5662820e+06   2.5146484e+01
   4.5679030e+06   2.6855469e+01
   4.5683650e+06   2.7832031e+01
   4.5693600e+06   2.6306152e+01
   4.5709070e+06   2.5329590e+01
   4.5720400e+06   2.6916504e+01
   4.5726870e+06   2.4047852e+01
   4.5731160e+06   2.5024414e+01
   4.5732440e+06   2.9907227e+01
   4.5747740e+06   2.4780273e+01
   4.5765630e+06   2.7893066e+01
   4.5766120e+06   3.6682129e+01
   4.5767050e+06   2.7465820e+01
   4.5767690e+06   2.9357910e+01
   4.5768050e+06   3.1005859e+01
   4.5768500e+06   2.4291992e+01
   4.5769140e+06   2.9296875e+01
   4.5770150e+06   3.1311035e+01
   4.5770410e+06   4.8645020e+01
   4.5770950e+06   2.5878906e+01
   4.5771250e+06   2.3864746e+01
   4.5771590e+06   2.7648926e+01
   4.5771760e+06   2.7282715e+01
   4.5772290e+06   2.3864746e+01
   4.5772540e+06   2.3986816e+01
   4.5772920e+06   4.0710449e+01
   4.5773130e+06   2.4536133e+01
   4.5773440e+06   3.6071777e+01
   4.5773580e+06   2.5573730e+01
   4.5773840e+06   3.0334473e+01
   4.5773970e+06   2.9235840e+01
   4.5774260e+06   2.4169922e+01
   4.5774520e+06   3.3935547e+01
   4.5774820e+06   2.5024414e+01
   4.5775090e+06   3.5461426e+01
   4.5775550e+06   3.1616211e+01
   4.5775760e+06   2.5817871e+01
   4.5776080e+06   2.5024414e+01
   4.5776260e+06   2.7709961e+01
   4.5776420e+06   2.7404785e+01
   4.5776910e+06   2.7648926e+01
   4.5777340e+06   2.4902344e+01
   4.5777560e+06   2.6123047e+01
   4.5777780e+06   2.5085449e+01
   4.5778060e+06   3.7841797e+01
   4.5778270e+06   2.9174805e+01
   4.5778750e+06   2.5817871e+01
   4.5778970e+06   2.6184082e+01
   4.5779260e+06   2.5512695e+01
   4.5779730e+06   2.9663086e+01
   4.5780100e+06   2.5695801e+01
   4.5781220e+06   2.5268555e+01
   4.5782900e+06   2.6245117e+01
   4.5783320e+06   2.4108887e+01
   4.5783430e+06   2.4169922e+01
   4.5786790e+06   2.4291992e+01
   4.5787430e+06   2.4536133e+01
   4.5788600e+06   2.4536133e+01
   4.5797140e+06   2.7160645e+01
   4.5852020e+06   2.3925781e+01
   4.5884890e+06   2.5207520e+01
   4.5889860e+06   2.7526855e+01
   4.5910000e+06   2.7954102e+01
   4.5920830e+06   2.4230957e+01
   4.5926900e+06   2.7404785e+01
   4.5942510e+06   2.3925781e+01
   4.5942980e+06   4.4494629e+01
   4.5945910e+06   4.5837402e+01
   4.5946700e+06   3.6682129e+01
   4.5947370e+06   3.2714844e+01
   4.5947570e+06   3.8940430e+01
   4.5948060e+06   3.1250000e+01
   4.5948330e+06   2.7221680e+01
   4.5948610e+06   2.4597168e+01
   4.5948730e+06   3.3264160e+01
   4.5949280e+06   2.5512695e+01
   4.5949520e+06   3.7170410e+01
   4.5949750e+06   2.7465820e+01
   4.5950050e+06   2.6977539e+01
   4.5950430e+06   2.4230957e+01
   4.5950680e+06   2.4536133e+01
   4.5950790e+06   3.6437988e+01
   4.5951180e+06   2.8564453e+01
   4.5951400e+06   3.5888672e+01
   4.5951570e+06   3.6682129e+01
   4.5951770e+06   2.9174805e+01
   4.5951910e+06   2.9663086e+01
   4.5952160e+06   2.7221680e+01
   4.5952330e+06   3.8635254e+01
   4.5952460e+06   2.4902344e+01
   4.5952650e+06   2.7282715e+01
   4.5953020e+06   2.4047852e+01
   4.5953350e+06   2.8442383e+01
   4.5953730e+06   2.7343750e+01
   4.5953990e+06   3.5583496e+01
   4.5954500e+06   2.6611328e+01
   4.5954820e+06   2.9174805e+01
   4.5955350e+06   2.5390625e+01
   4.5955920e+06   2.8320312e+01
   4.5956600e+06   2.4169922e+01
   4.5956970e+06   2.4658203e+01
   4.5957600e+06   2.3864746e+01
   4.5958450e+06   2.4353027e+01
   4.5959560e+06   2.4963379e+01
   4.5960410e+06   2.3986816e+01
   4.5960820e+06   2.4169922e+01
   4.5961220e+06   2.5939941e+01
   4.5963310e+06   2.4108887e+01
   4.5963910e+06   2.6794434e+01
   4.5966860e+06   2.5878906e+01
   4.5971070e+06   2.4658203e+01
   4.6025090e+06   2.6672363e+01
   4.6028220e+06   2.9602051e+01
   4.6031810e+06   2.5390625e+01
   4.6043090e+06   2.4597168e+01
   4.6049740e+06   2.5085449e+01
   4.6086470e+06   2.6489258e+01
   4.6131120e+06   2.5268555e+01
   4.6131510e+06   3.1738281e+01
   4.6132010e+06   2.7221680e+01
   4.6133740e+06   3.5278320e+01
   4.6134300e+06   2.6794434e+01
   4.6135130e+06   5.2673340e+01
   4.6135590e+06   2.7587891e+01
   4.6135790e+06   2.6184082e+01
   4.6136170e+06   2.3803711e+01
   4.6136790e+06   3.1982422e+01
   4.6137230e+06   3.4362793e+01
   4.6137490e+06   3.0212402e+01
   4.6137620e+06   3.1799316e+01
   4.6137900e+06   2.7954102e+01
   4.6138010e+06   2.5085449e+01
   4.6138530e+06   2.3986816e+01
   4.6138980e+06   2.8686523e+01
   4.6139230e+06   2.9052734e+01
   4.6139440e+06   3.1555176e+01
   4.6139880e+06   2.5329590e+01
   4.6140710e+06   2.3864746e+01
   4.6141060e+06   3.4606934e+01
   4.6141840e+06   2.6855469e+01
   4.6142160e+06   2.4780273e+01
   4.6142560e+06   2.4414062e+01
   4.6144320e+06   2.5573730e+01
   4.6145120e+06   2.7160645e+01
   4.6145710e+06   2.5268555e+01
   4.6146380e+06   2.5268555e+01
   4.6151120e+06   2.6489258e+01
   4.6152450e+06   2.7954102e+01
   4.6160410e+06   2.4719238e+01
   4.6236960e+06   2.6550293e+01
   4.6286440e+06   2.3925781e+01
   4.6286840e+06   2.6550293e+01
   4.6287020e+06   2.7343750e+01
   4.6288730e+06   2.4597168e+01
   4.6289270e+06   2.4719238e+01
   4.6292090e+06   2.7404785e+01
   4.6295260e+06   2.8747559e+01
   4.6324470e+06   3.6193848e+01
   4.6325840e+06   2.4902344e+01
   4.6344500e+06   4.1076660e+01
   4.6346240e+06   2.3803711e+01
   4.6346630e+06   2.9296875e+01
   4.6347530e+06   2.7038574e+01
   4.6348100e+06   3.2104492e+01
   4.6348550e+06   3.3386230e+01
   4.6348760e+06   2.4230957e+01
   4.6348930e+06   2.5451660e+01
   4.6349490e+06   2.4841309e+01
   4.6350640e+06   3.0517578e+01
   4.6351150e+06   3.3081055e+01
   4.6351350e+06   2.3986816e+01
   4.6351700e+06   3.0090332e+01
   4.6351910e+06   2.9174805e+01
   4.6352570e+06   3.3447266e+01
   4.6352860e+06   3.0273438e+01
   4.6353020e+06   2.6977539e+01
   4.6353280e+06   2.6794434e+01
   4.6353550e+06   3.1127930e+01
   4.6353860e+06   2.4230957e+01
   4.6354530e+06   3.1433105e+01
   4.6354750e+06   2.5573730e+01
   4.6357640e+06   2.4536133e+01
   4.6358060e+06   3.2409668e+01
   4.6358360e+06   2.4291992e+01
   4.6358730e+06   2.6367188e+01
   4.6358890e+06   2.6855469e+01
   4.6359270e+06   2.5756836e+01
   4.6362610e+06   2.4047852e+01
   4.6363950e+06   2.4597168e+01
   4.6366020e+06   2.5146484e+01
   4.6370200e+06   2.6550293e+01
   4.6517940e+06   2.3803711e+01
   4.6518360e+06   3.3081055e+01
   4.6521180e+06   3.3874512e+01
   4.6521800e+06   2.5817871e+01
   4.6522200e+06   2.3925781e+01
   4.6523040e+06   3.7109375e+01
   4.6523350e+06   2.7343750e+01
   4.6524500e+06   2.6855469e+01
   4.6525000e+06   2.9052734e+01
   4.6525370e+06   2.4841309e+01
   4.6525800e+06   2.4291992e+01
   4.6526560e+06   2.4658203e+01
   4.6526690e+06   2.4353027e+01
   4.6527130e+06   2.8625488e+01
   4.6527650e+06   2.4475098e+01
   4.6528160e+06   3.1433105e+01
   4.6528480e+06   2.6672363e+01
   4.6528670e+06   2.6000977e+01
   4.6529210e+06   2.7893066e+01
   4.6531750e+06   2.5451660e+01
   4.6535460e+06   3.2287598e+01
   4.6593780e+06   2.3925781e+01
   4.6594260e+06   3.2165527e+01
   4.6595020e+06   2.6916504e+01
   4.6595650e+06   2.4108887e+01
   4.6596310e+06   3.6376953e+01
   4.6596590e+06   2.5390625e+01
   4.6597560e+06   2.6550293e+01
   4.6597880e+06   3.2287598e+01
   4.6598960e+06   2.5634766e+01
   4.6599560e+06   2.5878906e+01
   4.6600830e+06   2.4780273e+01
   4.6600960e+06   2.6000977e+01
   4.6602400e+06   2.4902344e+01
   4.6604080e+06   3.2226562e+01
   4.6605120e+06   2.4841309e+01
   4.6606250e+06   3.1372070e+01
   4.6652620e+06   2.5146484e+01
   4.6652760e+06   3.0456543e+01
   4.6653770e+06   2.7526855e+01
   4.6654020e+06   3.1616211e+01
   4.6654330e+06   3.8879395e+01
   4.6654870e+06   2.7099609e+01
   4.6655630e+06   3.6926270e+01
   4.6655910e+06   2.5146484e+01
   4.6656790e+06   3.3020020e+01
   4.6657080e+06   2.6977539e+01
   4.6657800e+06   2.6000977e+01
   4.6657900e+06   2.6306152e+01
   4.6658090e+06   2.5329590e+01
   4.6658510e+06   2.9174805e+01
   4.6658880e+06   3.3325195e+01
   4.6659620e+06   2.7282715e+01
   4.6659930e+06   3.5400391e+01
   4.6660230e+06   2.5268555e+01
   4.6660380e+06   4.7302246e+01
   4.6660910e+06   2.4902344e+01
   4.6661180e+06   2.4353027e+01
   4.6661580e+06   3.0700684e+01
   4.6661890e+06   2.4414062e+01
   4.6662020e+06   2.7221680e+01
   4.6662600e+06   2.5878906e+01
   4.6662970e+06   3.2836914e+01
   4.6663380e+06   2.6062012e+01
   4.6663590e+06   2.4047852e+01
   4.6664160e+06   3.0090332e+01
   4.6664890e+06   2.6428223e+01
   4.6665290e+06   2.5756836e+01
   4.6667200e+06   2.8076172e+01
   4.6668210e+06   2.5390625e+01
   4.6669660e+06   2.5451660e+01
   4.6672690e+06   2.4047852e+01
   4.6673690e+06   2.4108887e+01
   4.6677620e+06   2.4902344e+01
   4.6679400e+06   2.5939941e+01
   4.6820300e+06   3.4118652e+01
   4.6834280e+06   2.4047852e+01
   4.6834690e+06   2.6550293e+01
   4.6873070e+06   2.3986816e+01
   4.6873910e+06   3.2958984e+01
   4.6874580e+06   2.7160645e+01
   4.6875520e+06   2.5451660e+01
   4.6875660e+06   4.6569824e+01
   4.6875910e+06   2.3864746e+01
   4.6876670e+06   2.7038574e+01
   4.6876980e+06   3.8085938e+01
   4.6877250e+06   2.5817871e+01
   4.6878080e+06   2.8259277e+01
   4.6878460e+06   3.0090332e+01
   4.6878750e+06   2.5390625e+01
   4.6879070e+06   3.2531738e+01
   4.6879260e+06   2.4230957e+01
   4.6879640e+06   2.4047852e+01
   4.6879740e+06   2.7832031e+01
   4.6879950e+06   2.4291992e+01
   4.6880420e+06   2.5756836e+01
   4.6880610e+06   3.4667969e+01
   4.6880790e+06   2.3864746e+01
   4.6880990e+06   2.6123047e+01
   4.6881300e+06   2.9296875e+01
   4.6881400e+06   2.9174805e+01
   4.6881820e+06   2.4719238e+01
   4.6882640e+06   2.6062012e+01
   4.6883150e+06   2.7587891e+01
   4.6885670e+06   2.7038574e+01
   4.6886190e+06   2.7160645e+01
   4.6886650e+06   2.7099609e+01
   4.6887690e+06   2.8076172e+01
   4.6889050e+06   2.7282715e+01
   4.6890110e+06   2.8503418e+01
   4.6890650e+06   2.5573730e+01
   4.6891910e+06   2.4658203e+01
   4.6906870e+06   2.3986816e+01
   4.7094500e+06   3.1555176e+01
   4.7096680e+06   2.4780273e+01
   4.7097450e+06   2.5146484e+01
   4.7099060e+06   2.6428223e+01
   4.7099560e+06   2.9357910e+01
   4.7101160e+06   2.7954102e+01
   4.7138520e+06   2.5207520e+01
   4.7139370e+06   2.4291992e+01
   4.7140150e+06   2.6367188e+01
   4.7141300e+06   2.5573730e+01
   4.7141580e+06   3.3386230e+01
   4.7142290e+06   3.3386230e+01
   4.7142890e+06   2.6245117e+01
   4.7143430e+06   2.6123047e+01
   4.7143580e+06   4.4433594e+01
   4.7144810e+06   3.5827637e+01
   4.7145190e+06   3.2409668e+01
   4.7145680e+06   3.1616211e+01
   4.7145890e+06   2.8320313e+01
   4.7146300e+06   2.6489258e+01
   4.7146450e+06   3.9550781e+01
   4.7146690e+06   2.3864746e+01
   4.7147020e+06   3.3874512e+01
   4.7147340e+06   3.0883789e+01
   4.7148710e+06   2.8381348e+01
   4.7149180e+06   2.4658203e+01
   4.7149900e+06   2.8564453e+01
   4.7151880e+06   2.5024414e+01
   4.7153800e+06   2.3986816e+01
   4.7483190e+06   2.8442383e+01
   4.7483380e+06   3.8940430e+01
   4.7483940e+06   4.2114258e+01
   4.7484830e+06   2.5390625e+01
   4.7485520e+06   6.4331055e+01
   4.7485880e+06   2.4902344e+01
   4.7486310e+06   2.8930664e+01
   4.7486630e+06   3.8818359e+01
   4.7486940e+06   2.5817871e+01
   4.7487340e+06   3.1982422e+01
   4.7487800e+06   2.9052734e+01
   4.7488050e+06   3.1860352e+01
   4.7488340e+06   3.1188965e+01
   4.7488570e+06   2.6794434e+01
   4.7488800e+06   3.3508301e+01
   4.7488980e+06   3.1982422e+01
   4.7489130e+06   3.1921387e+01
   4.7489460e+06   3.1738281e+01
   4.7489620e+06   2.6550293e+01
   4.7489820e+06   2.3864746e+01
   4.7490370e+06   2.4047852e+01
   4.7491290e+06   2.4597168e+01
   4.7491510e+06   2.7099609e+01
   4.7492250e+06   2.4902344e+01
   4.7492510e+06   2.4841309e+01
   4.7492770e+06   2.6184082e+01
   4.7493970e+06   2.6672363e+01
   4.7496630e+06   2.4047852e+01
   4.7497880e+06   2.4353027e+01
   4.7499430e+06   2.3986816e+01
   4.7504150e+06   2.3803711e+01
   4.7879360e+06   2.4536133e+01
   4.7880490e+06   2.7770996e+01
   4.7880920e+06   2.9968262e+01
   4.7881310e+06   2.6489258e+01
   4.7881900e+06   2.6306152e+01
   4.7882400e+06   2.8503418e+01
   4.7882770e+06   4.4250488e+01
   4.7883140e+06   2.7770996e+01
   4.7883280e+06   2.3864746e+01
   4.7884040e+06   3.9489746e+01
   4.7884430e+06   3.9855957e+01
   4.7885000e+06   3.4484863e+01
   4.7885340e+06   3.0090332e+01
   4.7885750e+06   3.2470703e+01
   4.7886120e+06   2.5573730e+01
   4.7886320e+06   2.8930664e+01
   4.7886570e+06   2.5268555e+01
   4.7886790e+06   3.0273438e+01
   4.7887060e+06   2.7587891e+01
   4.7887210e+06   2.6000977e+01
   4.7887490e+06   3.5278320e+01
   4.7887730e+06   3.1982422e+01
   4.7888300e+06   4.1503906e+01
   4.7889110e+06   2.9296875e+01
   4.7889610e+06   2.6855469e+01
   4.7889980e+06   2.6062012e+01
   4.7890550e+06   2.4353027e+01
   4.7890940e+06   2.4291992e+01
   4.7893870e+06   3.0578613e+01
   4.7895100e+06   2.8198242e+01
   4.7896330e+06   2.6184082e+01
   4.7896580e+06   2.4719238e+01
   4.7898300e+06   2.9602051e+01
   4.7950020e+06   2.4597168e+01
   5.1685120e+06   2.4047852e+01
   5.1685540e+06   3.6315918e+01
   5.1686000e+06   3.1738281e+01
   5.1686170e+06   3.8696289e+01
   5.1686530e+06   3.0395508e+01
   5.1686790e+06   2.8076172e+01
   5.1687020e+06   3.3264160e+01
   5.1687210e+06   2.9846191e+01
   5.1687500e+06   4.6325684e+01
   5.1687650e+06   3.5339355e+01
   5.1687900e+06   4.1381836e+01
   5.1688130e+06   2.8503418e+01
   5.1688310e+06   4.2968750e+01
   5.1688500e+06   2.5512695e+01
   5.1688790e+06   2.4963379e+01
   5.1689220e+06   2.7099609e+01
   5.1689670e+06   3.0334473e+01
   5.1689930e+06   2.4597168e+01
   5.1690170e+06   3.4790039e+01
   5.1690360e+06   2.6855469e+01
   5.1690470e+06   2.8930664e+01
   5.1690760e+06   3.2409668e+01
   5.1691050e+06   2.8015137e+01
   5.1691220e+06   2.5207520e+01
   5.1691460e+06   2.6916504e+01
   5.1691770e+06   2.9602051e+01
   5.1692010e+06   2.5390625e+01
   5.1692270e+06   2.9663086e+01
   5.1692700e+06   3.0029297e+01
   5.1692820e+06   2.6977539e+01
   5.1693970e+06   2.7832031e+01
   5.1694190e+06   2.4230957e+01
   5.1694690e+06   2.4719238e+01
   5.1694990e+06   2.6000977e+01
   5.1695920e+06   2.4047852e+01
   5.1696090e+06   2.6977539e+01
   5.1696200e+06   2.4597168e+01
   5.1696860e+06   2.5939941e+01
   5.1697490e+06   2.4597168e+01
   5.1698170e+06   2.8442383e+01
   5.1699230e+06   2.6611328e+01
   5.1699480e+06   2.5390625e+01
   5.1699690e+06   2.9479980e+01
   5.1700740e+06   3.1616211e+01
   5.1701160e+06   2.6062012e+01
   5.1701460e+06   2.6367188e+01
   5.1701720e+06   2.5390625e+01
   5.1703130e+06   2.5146484e+01
   5.1703470e+06   2.4597168e+01
   5.1703990e+06   3.1433105e+01
   5.1706230e+06   2.6123047e+01
   5.1707280e+06   2.7343750e+01
   5.1708210e+06   2.4597168e+01
   5.1709140e+06   2.7893066e+01
   5.1710080e+06   3.1494141e+01
   5.1715300e+06   2.4230957e+01
   5.1816400e+06   2.6733398e+01
   5.1817420e+06   2.6123047e+01
   5.1817750e+06   3.2226562e+01
   5.1818010e+06   3.9367676e+01
   5.1818360e+06   2.8686523e+01
   5.1818760e+06   2.8015137e+01
   5.1818930e+06   2.7221680e+01
   5.1819230e+06   2.7160645e+01
   5.1819340e+06   3.6132812e+01
   5.1819750e+06   2.5207520e+01
   5.1820050e+06   3.2104492e+01
   5.1820380e+06   2.4353027e+01
   5.1820770e+06   2.6428223e+01
   5.1821220e+06   3.6193848e+01
   5.1821720e+06   2.6000977e+01
   5.1821900e+06   2.4108887e+01
   5.1822260e+06   2.6733398e+01
   5.1822540e+06   3.2043457e+01
   5.1822710e+06   2.4902344e+01
   5.1822920e+06   3.1616211e+01
   5.1823280e+06   2.5695801e+01
   5.1823520e+06   2.4597168e+01
   5.1823810e+06   3.3630371e+01
   5.1823960e+06   3.6315918e+01
   5.1824570e+06   3.5034180e+01
   5.1824820e+06   3.8085938e+01
   5.1825320e+06   2.4108887e+01
   5.1825630e+06   3.2592773e+01
   5.1825750e+06   2.8808594e+01
   5.1826040e+06   3.2409668e+01
   5.1826900e+06   3.0334473e+01
   5.1828340e+06   2.5695801e+01
   5.1829080e+06   3.0334473e+01
   5.1830530e+06   2.8808594e+01
   5.1830920e+06   2.5146484e+01
   5.1831110e+06   2.3986816e+01
   5.1832290e+06   2.4414063e+01
   5.1833720e+06   3.0029297e+01
   5.1834350e+06   2.4475098e+01
   5.1835650e+06   2.9541016e+01
   5.1835990e+06   2.5268555e+01
   5.1837570e+06   2.9602051e+01
   5.1843290e+06   2.4658203e+01
   5.1845570e+06   2.4169922e+01
   5.1847450e+06   2.6855469e+01
   5.1887680e+06   2.8808594e+01
   5.1896750e+06   2.6184082e+01
   5.1927820e+06   3.4729004e+01
   5.1931340e+06   3.4484863e+01
   5.1934640e+06   2.4475098e+01
   5.1935760e+06   2.4414062e+01
   5.1971470e+06   3.3935547e+01
   5.1972420e+06   2.3925781e+01
   5.1973560e+06   3.6743164e+01
   5.1973800e+06   2.4658203e+01
   5.1974880e+06   2.5085449e+01
   5.1975190e+06   3.7231445e+01
   5.1975670e+06   2.7099609e+01
   5.1976770e+06   2.9418945e+01
   5.1977470e+06   4.3090820e+01
   5.1977820e+06   3.3996582e+01
   5.1978970e+06   2.6428223e+01
   5.1979270e+06   2.9663086e+01
   5.1979520e+06   2.4780273e+01
   5.1980550e+06   3.6743164e+01
   5.1981240e+06   2.4169922e+01
   5.1981900e+06   2.7282715e+01
   5.1983350e+06   2.4291992e+01
   5.1985330e+06   2.4230957e+01
   5.2028820e+06   3.0456543e+01
   5.2029050e+06   3.5644531e+01
   5.2030550e+06   2.9907227e+01
   5.2031100e+06   2.8564453e+01
   5.2031490e+06   2.7526855e+01
   5.2033330e+06   3.8391113e+01
   5.2034060e+06   2.8686523e+01
   5.2034530e+06   2.7038574e+01
   5.2034940e+06   2.8503418e+01
   5.2035850e+06   2.6062012e+01
   5.2035970e+06   3.5583496e+01
   5.2036270e+06   2.5451660e+01
   5.2037080e+06   3.7048340e+01
   5.2037350e+06   2.5268555e+01
   5.2037870e+06   2.4047852e+01
   5.2038390e+06   2.4597168e+01
   5.2038680e+06   2.6489258e+01
   5.2039460e+06   2.5207520e+01
   5.2042100e+06   3.2043457e+01
   5.2106090e+06   2.6184082e+01
   5.2106690e+06   3.8452148e+01
   5.2107150e+06   2.8747559e+01
   5.2107550e+06   2.6916504e+01
   5.2107830e+06   2.4841309e+01
   5.2108130e+06   3.8391113e+01
   5.2108300e+06   3.3569336e+01
   5.2108540e+06   3.6743164e+01
   5.2109820e+06   3.5461426e+01
   5.2109960e+06   3.0029297e+01
   5.2110180e+06   2.5695801e+01
   5.2110670e+06   3.8940430e+01
   5.2110950e+06   3.1677246e+01
   5.2111920e+06   3.9978027e+01
   5.2112600e+06   2.6550293e+01
   5.2112800e+06   3.0822754e+01
   5.2113240e+06   2.5268555e+01
   5.2113660e+06   2.9479980e+01
   5.2113950e+06   2.4658203e+01
   5.2114350e+06   2.4780273e+01
   5.2114830e+06   2.3925781e+01
   5.2115100e+06   2.5329590e+01
   5.2115230e+06   3.6315918e+01
   5.2116230e+06   2.6550293e+01
   5.2116390e+06   3.2531738e+01
   5.2116870e+06   2.4780273e+01
   5.2117300e+06   2.6672363e+01
   5.2117550e+06   2.5024414e+01
   5.2117950e+06   3.0822754e+01
   5.2118050e+06   2.6794434e+01
   5.2118570e+06   2.4047852e+01
   5.2118760e+06   2.3803711e+01
   5.2119080e+06   3.5522461e+01
   5.2119690e+06   2.5207520e+01
   5.2120260e+06   2.4780273e+01
   5.2122100e+06   3.0334473e+01
   5.2124580e+06   2.4780273e+01
   5.2179670e+06   2.5695801e+01
   5.2180500e+06   2.3803711e+01
   5.2181660e+06   3.0517578e+01
   5.2185180e+06   3.6682129e+01
   5.2216760e+06   3.7719727e+01
   5.2217310e+06   3.1433105e+01
   5.2218260e+06   2.5085449e+01
   5.2219390e+06   3.0334473e+01
   5.2219570e+06   3.3813477e+01
   5.2220010e+06   2.5634766e+01
   5.2220660e+06   2.4353027e+01
   5.2220890e+06   2.4902344e+01
   5.2221170e+06   3.1311035e+01
   5.2221460e+06   2.8015137e+01
   5.2222630e+06   3.4301758e+01
   5.2224110e+06   2.4169922e+01
   5.2225660e+06   2.4658203e+01
   5.2225870e+06   2.4780273e+01
   5.2226230e+06   2.3864746e+01
   5.2226800e+06   2.4658203e+01
   5.2227350e+06   3.0761719e+01
   5.2230350e+06   2.6184082e+01
   5.2266880e+06   2.5329590e+01
   5.2266980e+06   3.4545898e+01
   5.2269340e+06   4.1076660e+01
   5.2269440e+06   2.4841309e+01
   5.2271770e+06   3.0883789e+01
   5.2306170e+06   4.1198730e+01
   5.2306270e+06   3.0212402e+01
   5.2308260e+06   3.4240723e+01
   5.2309010e+06   2.6672363e+01
   5.2310430e+06   3.2592773e+01
   5.2311090e+06   2.5939941e+01
   5.2312390e+06   4.3701172e+01
   5.2351450e+06   2.4780273e+01
   5.2352000e+06   2.7465820e+01
   5.2352330e+06   3.3569336e+01
   5.2352660e+06   2.9907227e+01
   5.2352870e+06   2.6855469e+01
   5.2353170e+06   2.4230957e+01
   5.2353540e+06   2.7404785e+01
   5.2353650e+06   2.4475098e+01
   5.2353800e+06   4.5776367e+01
   5.2354050e+06   2.5207520e+01
   5.2354470e+06   3.5095215e+01
   5.2355100e+06   2.6916504e+01
   5.2355610e+06   2.5085449e+01
   5.2355990e+06   2.5329590e+01
   5.2356170e+06   3.2653809e+01
   5.2356530e+06   2.9418945e+01
   5.2357340e+06   3.5278320e+01
   5.2358140e+06   2.5695801e+01
   5.2359530e+06   2.4047852e+01
   5.2360620e+06   2.9418945e+01
   5.2360780e+06   2.4658203e+01
   5.2361730e+06   2.3803711e+01
   5.2362850e+06   3.2470703e+01
   5.2400630e+06   2.6245117e+01
   5.2400740e+06   2.6367188e+01
   5.2401030e+06   3.3264160e+01
   5.2401500e+06   2.4719238e+01
   5.2445860e+06   2.4719238e+01
   5.2446050e+06   2.4108887e+01
   5.2446250e+06   4.7790527e+01
   5.2446770e+06   2.5207520e+01
   5.2447510e+06   2.5695801e+01
   5.2447720e+06   2.8503418e+01
   5.2448000e+06   3.7841797e+01
   5.2448250e+06   2.5085449e+01
   5.2449200e+06   2.8869629e+01
   5.2449410e+06   2.7343750e+01
   5.2450410e+06   2.4963379e+01
   5.2450770e+06   2.6611328e+01
   5.2451330e+06   2.4230957e+01
   5.2452460e+06   3.0395508e+01
   5.2453120e+06   2.7160645e+01
   5.2454200e+06   2.4230957e+01
   5.2455550e+06   2.3925781e+01
   5.2492520e+06   2.6306152e+01
   5.2492700e+06   2.9479980e+01
   5.2493020e+06   3.9001465e+01
   5.2494420e+06   2.6733398e+01
   5.2495530e+06   2.6062012e+01
   5.2497830e+06   2.5512695e+01
   5.2498710e+06   3.0700684e+01
   5.2539410e+06   2.5634766e+01
   5.2539640e+06   2.4291992e+01
   5.2539830e+06   2.7038574e+01
   5.2540130e+06   2.6306152e+01
   5.2540920e+06   2.9724121e+01
   5.2541370e+06   2.4902344e+01
   5.2542970e+06   2.4719238e+01
   5.2545350e+06   2.6855469e+01
   5.2547430e+06   2.4047852e+01
   5.2581770e+06   2.4414062e+01
   5.2582450e+06   2.6489258e+01
   5.2582960e+06   3.2714844e+01
   5.2583430e+06   2.8808594e+01
   5.2585350e+06   3.1250000e+01
   5.2585480e+06   5.1513672e+01
   5.2585830e+06   2.7221680e+01
   5.2587880e+06   2.8991699e+01
   5.2589380e+06   2.4230957e+01
   5.2619410e+06   2.8869629e+01
   5.2620520e+06   3.7780762e+01
   5.2624000e+06   2.4536133e+01
   5.2624520e+06   2.4291992e+01
   5.2625080e+06   2.6916504e+01
   5.2657050e+06   2.3803711e+01
   5.2657600e+06   3.0639648e+01
   5.2658020e+06   2.8869629e+01
   5.2658270e+06   4.1076660e+01
   5.2660160e+06   2.8076172e+01
   5.2660290e+06   3.9855957e+01
   5.2662330e+06   3.1860352e+01
   5.2666120e+06   2.5695801e+01
   5.2698800e+06   2.6306152e+01
   5.2699440e+06   2.6306152e+01
   5.2701140e+06   2.4780273e+01
   5.2701750e+06   3.6804199e+01
   5.2737030e+06   2.6184082e+01
   5.2737360e+06   3.4301758e+01
   5.2739240e+06   2.6611328e+01
   5.2739470e+06   2.3864746e+01
   5.2739720e+06   2.8442383e+01
   5.2739970e+06   4.0771484e+01
   5.2777810e+06   2.4353027e+01
   5.2778290e+06   3.8330078e+01
   5.2778890e+06   2.4780273e+01
   5.2782590e+06   3.4851074e+01
   5.2821750e+06   2.7832031e+01
   5.2822920e+06   4.7119141e+01
   5.2823410e+06   2.4230957e+01
   5.2824710e+06   3.7414551e+01
   5.2827250e+06   2.7954102e+01
   5.2860700e+06   2.5878906e+01
   5.2861160e+06   2.3864746e+01
   5.2862330e+06   3.5949707e+01
   5.2866450e+06   3.4057617e+01
   5.2898110e+06   4.3579102e+01
   5.2898890e+06   2.4108887e+01
   5.2901770e+06   2.9296875e+01
   5.2902070e+06   2.8076172e+01
   5.2940440e+06   2.5390625e+01
   5.2940850e+06   4.3395996e+01
   5.2941020e+06   3.4912109e+01
   5.2942710e+06   2.6855469e+01
   5.2942920e+06   3.0944824e+01
   5.2944450e+06   3.1311035e+01
   5.2945980e+06   2.5085449e+01
   5.2946570e+06   2.9724121e+01
   5.2991940e+06   2.8381348e+01
   5.2992370e+06   2.6245117e+01
   5.2992630e+06   3.4118652e+01
   5.2992930e+06   2.6367188e+01
   5.2993890e+06   2.8259277e+01
   5.2994720e+06   3.6132813e+01
   5.2996880e+06   3.2165527e+01
   5.3046690e+06   2.7160645e+01
   5.3046970e+06   2.3925781e+01
   5.3047620e+06   2.9113770e+01
   5.3047950e+06   2.5024414e+01
   5.3048940e+06   2.7465820e+01
   5.3049440e+06   4.7058105e+01
   5.3051800e+06   4.2602539e+01
   5.3055610e+06   2.7099609e+01
   5.3055950e+06   3.2592773e+01
   5.3100680e+06   3.3142090e+01
   5.3101080e+06   3.7170410e+01
   5.3101640e+06   2.5695801e+01
   5.3101800e+06   2.4414062e+01
   5.3103260e+06   3.8024902e+01
   5.3103750e+06   2.4169922e+01
   5.3104900e+06   3.7597656e+01
   5.3108310e+06   3.5217285e+01
   5.3154990e+06   4.1503906e+01
   5.3157070e+06   4.1503906e+01
   5.3157240e+06   2.4475098e+01
   5.3158120e+06   2.6428223e+01
   5.3158380e+06   2.6489258e+01
   5.3160710e+06   2.6916504e+01
   5.3161020e+06   2.4108887e+01
   5.3205330e+06   2.4780273e+01
   5.3206190e+06   2.5451660e+01
   5.3206450e+06   3.8085938e+01
   5.3208250e+06   3.2043457e+01
   5.3209410e+06   2.3864746e+01
   5.3211020e+06   3.0639648e+01
   5.3211420e+06   2.5512695e+01
   5.3264720e+06   2.4902344e+01
   5.3265580e+06   2.6123047e+01
   5.3265680e+06   2.9541016e+01
   5.3265880e+06   2.9174805e+01
   5.3267230e+06   2.5634766e+01
   5.3267590e+06   3.5949707e+01
   5.3268480e+06   2.3986816e+01
   5.3269830e+06   3.9672852e+01
   5.3270190e+06   2.4414062e+01
   5.3271260e+06   3.1188965e+01
   5.3330360e+06   2.4475098e+01
   5.3330600e+06   3.1311035e+01
   5.3331000e+06   3.7841797e+01
   5.3332130e+06   2.7893066e+01
   5.3332290e+06   2.6367188e+01
   5.3332490e+06   4.3762207e+01
   5.3334050e+06   2.5512695e+01
   5.3334470e+06   3.4667969e+01
   5.3335880e+06   2.6550293e+01
   5.3336180e+06   3.2653809e+01
   5.3339390e+06   2.9479980e+01
   5.3394740e+06   2.9785156e+01
   5.3395500e+06   3.4851074e+01
   5.3396250e+06   2.5695801e+01
   5.3396740e+06   3.0151367e+01
   5.3397160e+06   2.4414062e+01
   5.3398920e+06   3.0334473e+01
   5.3399070e+06   2.6245117e+01
   5.3399330e+06   2.5634766e+01
   5.3400560e+06   2.4597168e+01
   5.3401360e+06   2.7160645e+01
   5.3446360e+06   2.9785156e+01
   5.3446600e+06   2.5695801e+01
   5.3446800e+06   2.6062012e+01
   5.3447250e+06   2.6062012e+01
   5.3450950e+06   3.4240723e+01
   5.3502750e+06   2.5268555e+01
   5.3503440e+06   3.3142090e+01
   5.3503620e+06   2.5939941e+01
   5.3503840e+06   2.8442383e+01
   5.3504120e+06   3.3325195e+01
   5.3504890e+06   2.9968262e+01
   5.3504990e+06   3.3020020e+01
   5.3506700e+06   4.6081543e+01
   5.3506970e+06   2.8259277e+01
   5.3508090e+06   2.7404785e+01
   5.3510300e+06   2.5146484e+01
   5.3516220e+06   2.4108887e+01
   5.3573540e+06   2.5695801e+01
   5.3573870e+06   2.7160645e+01
   5.3574420e+06   3.2104492e+01
   5.3575440e+06   2.4291992e+01
   5.3575860e+06   2.4719238e+01
   5.3576960e+06   2.5878906e+01
   5.3577430e+06   4.0588379e+01
   5.3578720e+06   3.9550781e+01
   5.3578830e+06   2.5512695e+01
   5.3580340e+06   2.6611328e+01
   5.3581170e+06   2.5451660e+01
   5.3582850e+06   3.5156250e+01
   5.3637400e+06   2.3925781e+01
   5.3637920e+06   2.6489258e+01
   5.3638320e+06   3.1066895e+01
   5.3639040e+06   2.7099609e+01
   5.3640290e+06   4.0649414e+01
   5.3640810e+06   2.5146484e+01
   5.3640940e+06   3.2165527e+01
   5.3642270e+06   3.2531738e+01
   5.3644950e+06   2.6062012e+01
   5.3707880e+06   2.4658203e+01
   5.3708430e+06   2.4414062e+01
   5.3708770e+06   3.8024902e+01
   5.3709770e+06   2.9418945e+01
   5.3710150e+06   3.3142090e+01
   5.3711160e+06   2.6611328e+01
   5.3711720e+06   3.9245605e+01
   5.3712840e+06   2.7160645e+01
   5.3713130e+06   3.7048340e+01
   5.3713440e+06   2.9663086e+01
   5.3714390e+06   2.4719238e+01
   5.3714760e+06   4.1259766e+01
   5.3783330e+06   2.4658203e+01
   5.3783670e+06   3.3691406e+01
   5.3783850e+06   2.4169922e+01
   5.3785180e+06   3.6315918e+01
   5.3785780e+06   2.4597168e+01
   5.3786010e+06   2.8564453e+01
   5.3786870e+06   3.1982422e+01
   5.3787400e+06   2.6428223e+01
   5.3787560e+06   2.7709961e+01
   5.3788130e+06   3.5095215e+01
   5.3789130e+06   2.4353027e+01
   5.3789880e+06   4.1381836e+01
   5.3859270e+06   2.6428223e+01
   5.3859400e+06   2.9846191e+01
   5.3859650e+06   2.7526855e+01
   5.3860260e+06   3.0090332e+01
   5.3860710e+06   3.1555176e+01
   5.3861240e+06   2.3803711e+01
   5.3861620e+06   2.4169922e+01
   5.3862230e+06   3.7109375e+01
   5.3862380e+06   2.4108887e+01
   5.3864140e+06   3.3203125e+01
   5.3864850e+06   2.6550293e+01
   5.3866330e+06   3.0029297e+01
   5.3942010e+06   2.9235840e+01
   5.3942560e+06   2.8747559e+01
   5.3942850e+06   2.9418945e+01
   5.3942960e+06   2.4047852e+01
   5.3943890e+06   4.4738770e+01
   5.3944050e+06   2.4658203e+01
   5.3944230e+06   2.4291992e+01
   5.3945270e+06   3.3203125e+01
   5.3946370e+06   2.8503418e+01
   5.3947420e+06   3.1066895e+01
   5.3948080e+06   2.4291992e+01
   5.3948880e+06   2.9602051e+01
   5.3948990e+06   3.7231445e+01
   5.3950580e+06   2.9785156e+01
   5.4012080e+06   4.2907715e+01
   5.4013500e+06   3.0090332e+01
   5.4015850e+06   2.6489258e+01
   5.4016120e+06   3.3020020e+01
   5.4097600e+06   3.2470703e+01
   5.4098060e+06   3.5949707e+01
   5.4098290e+06   3.2592773e+01
   5.4099340e+06   3.4545898e+01
   5.4099450e+06   2.5146484e+01
   5.4100610e+06   3.4301758e+01
   5.4101390e+06   2.8259277e+01
   5.4101610e+06   2.5817871e+01
   5.4101930e+06   2.5390625e+01
   5.4103150e+06   3.5949707e+01
   5.4103990e+06   3.1066895e+01
   5.4104360e+06   2.6428223e+01
   5.4105030e+06   2.6367187e+01
   5.4106000e+06   2.9724121e+01
   5.4106300e+06   3.1188965e+01
   5.4183550e+06   3.7048340e+01
   5.4184050e+06   3.2836914e+01
   5.4184350e+06   3.9550781e+01
   5.4185250e+06   2.4414062e+01
   5.4185420e+06   2.4963379e+01
   5.4186200e+06   2.4780273e+01
   5.4186360e+06   2.4780273e+01
   5.4186640e+06   2.5024414e+01
   5.4186890e+06   3.7231445e+01
   5.4188280e+06   4.6264648e+01
   5.4188590e+06   2.6611328e+01
   5.4190070e+06   3.2897949e+01
   5.4192610e+06   2.9052734e+01
   5.4269660e+06   2.7282715e+01
   5.4269790e+06   2.5085449e+01
   5.4270280e+06   4.2236328e+01
   5.4270480e+06   2.9663086e+01
   5.4271520e+06   3.6926270e+01
   5.4271780e+06   4.3334961e+01
   5.4272090e+06   2.5634766e+01
   5.4273130e+06   3.0090332e+01
   5.4274370e+06   3.2043457e+01
   5.4275730e+06   3.1005859e+01
   5.4276970e+06   2.4108887e+01
   5.4360100e+06   4.4921875e+01
   5.4360310e+06   3.2409668e+01
   5.4360630e+06   2.7343750e+01
   5.4361550e+06   3.5644531e+01
   5.4362210e+06   2.9907227e+01
   5.4362980e+06   3.2043457e+01
   5.4364160e+06   3.3752441e+01
   5.4364970e+06   2.3864746e+01
   5.4365640e+06   2.9907227e+01
   5.4366670e+06   2.4963379e+01
   5.4367320e+06   2.9724121e+01
   5.4369240e+06   3.3874512e+01
   5.4452800e+06   2.3803711e+01
   5.4453620e+06   2.5573730e+01
   5.4453750e+06   3.0639648e+01
   5.4454240e+06   3.5949707e+01
   5.4455500e+06   3.0456543e+01
   5.4455650e+06   3.4729004e+01
   5.4456530e+06   2.8869629e+01
   5.4456890e+06   2.4902344e+01
   5.4457070e+06   3.6071777e+01
   5.4457330e+06   3.5766602e+01
   5.4457800e+06   3.1982422e+01
   5.4458230e+06   3.9123535e+01
   5.4459110e+06   2.9174805e+01
   5.4459630e+06   2.3803711e+01
   5.4461600e+06   3.0151367e+01
   5.4556010e+06   2.6306152e+01
   5.4556830e+06   3.6682129e+01
   5.4557050e+06   2.5146484e+01
   5.4557320e+06   3.0517578e+01
   5.4557700e+06   2.4536133e+01
   5.4558070e+06   2.6428223e+01
   5.4558380e+06   4.5654297e+01
   5.4559660e+06   3.0334473e+01
   5.4560740e+06   3.5034180e+01
   5.4561140e+06   2.3803711e+01
   5.4561420e+06   2.3803711e+01
   5.4561880e+06   3.1555176e+01
   5.4562860e+06   3.8391113e+01
   5.4563020e+06   2.5817871e+01
   5.4563640e+06   3.2104492e+01
   5.4563950e+06   3.3447266e+01
   5.4565330e+06   3.1738281e+01
   5.4567410e+06   2.4047852e+01
   5.4686160e+06   2.5024414e+01
   5.4686350e+06   3.5705566e+01
   5.4686660e+06   2.9602051e+01
   5.4687010e+06   3.1066895e+01
   5.4687120e+06   2.3986816e+01
   5.4687560e+06   2.8747559e+01
   5.4687670e+06   2.5634766e+01
   5.4688020e+06   2.9724121e+01
   5.4688630e+06   3.8513184e+01
   5.4689040e+06   2.8015137e+01
   5.4689520e+06   3.0822754e+01
   5.4690190e+06   3.1127930e+01
   5.4690450e+06   2.4780273e+01
   5.4691040e+06   2.6550293e+01
   5.4691230e+06   2.5817871e+01
   5.4691630e+06   3.0639648e+01
   5.4691770e+06   2.5817871e+01
   5.4692360e+06   2.5024414e+01
   5.4692710e+06   2.7221680e+01
   5.4693080e+06   2.8137207e+01
   5.4693180e+06   4.1809082e+01
   5.4693340e+06   2.8503418e+01
   5.4693740e+06   2.6611328e+01
   5.4694020e+06   2.6672363e+01
   5.4694230e+06   3.8330078e+01
   5.4694540e+06   2.9785156e+01
   5.4694740e+06   2.8015137e+01
   5.4694930e+06   2.5329590e+01
   5.4695120e+06   4.1564941e+01
   5.4695360e+06   2.3864746e+01
   5.4695620e+06   2.7648926e+01
   5.4696010e+06   2.4841309e+01
   5.4696120e+06   2.9907227e+01
   5.4696840e+06   2.7038574e+01
   5.4696990e+06   2.4475098e+01
   5.4697670e+06   2.3864746e+01
   5.4697880e+06   2.4108887e+01
   5.4699090e+06   2.4841309e+01
   5.4699590e+06   3.0456543e+01
   5.4700040e+06   3.1982422e+01
   5.4700590e+06   2.4353027e+01
   5.4700750e+06   2.4291992e+01
   5.4701080e+06   2.9724121e+01
   5.4702460e+06   2.7221680e+01
   5.4702880e+06   2.4291992e+01
   5.4704310e+06   2.7221680e+01
   5.4708430e+06   2.7038574e+01
   5.4715840e+06   2.4658203e+01
   5.4886830e+06   2.6428223e+01
   5.4974410e+06   2.6367188e+01
   5.4975540e+06   2.7221680e+01
   5.4976640e+06   2.6733398e+01
   5.5059830e+06   2.4902344e+01
   5.5060420e+06   2.7404785e+01
   5.5061250e+06   3.2043457e+01
   5.5061920e+06   2.5146484e+01
   5.5062750e+06   2.6794434e+01
   5.5063940e+06   2.8076172e+01
   5.5065770e+06   2.9235840e+01
   5.5066620e+06   3.2775879e+01
   5.5159880e+06   2.6733398e+01
   5.5160160e+06   2.7526855e+01
   5.5160350e+06   2.9113770e+01
   5.5160460e+06   4.2419434e+01
   5.5160700e+06   3.0944824e+01
   5.5161120e+06   3.3569336e+01
   5.5161350e+06   2.8259277e+01
   5.5162740e+06   3.9794922e+01
   5.5165650e+06   3.3996582e+01
   5.5289090e+06   2.5695801e+01
   5.5290240e+06   4.3395996e+01
   5.5290980e+06   2.5573730e+01
   5.5291920e+06   3.6743164e+01
   5.5293010e+06   2.9418945e+01
   5.5293460e+06   2.5146484e+01
   5.5294440e+06   2.6428223e+01
   5.5296860e+06   2.4780273e+01
   5.5297360e+06   3.0883789e+01
   5.5384120e+06   2.8808594e+01
   5.5385220e+06   2.4780273e+01
   5.5385370e+06   4.4677734e+01
   5.5385830e+06   2.4597168e+01
   5.5388240e+06   2.5573730e+01
   5.5389520e+06   3.0151367e+01
   5.5493740e+06   2.4719238e+01
   5.5493960e+06   2.4475098e+01
   5.5494950e+06   4.1320801e+01
   5.5496480e+06   3.4423828e+01
   5.5499590e+06   3.7231445e+01
   5.5597420e+06   3.1616211e+01
   5.5597780e+06   2.3986816e+01
   5.5598980e+06   3.1433105e+01
   5.5599200e+06   3.2958984e+01
   5.5599980e+06   2.5268555e+01
   5.5601220e+06   3.0761719e+01
   5.5601800e+06   2.4597168e+01
   5.5602570e+06   2.5207520e+01
   5.5603590e+06   3.2653809e+01
   5.5607040e+06   2.5207520e+01
   5.5714210e+06   2.4841309e+01
   5.5715010e+06   3.6437988e+01
   5.5716920e+06   3.4362793e+01
   5.5718770e+06   2.4414062e+01
   5.5719730e+06   2.6916504e+01
   5.5720380e+06   2.7404785e+01
   5.5833890e+06   3.1494141e+01
   5.5834090e+06   2.4230957e+01
   5.5834960e+06   3.7170410e+01
   5.5837970e+06   4.7180176e+01
   5.6010350e+06   2.5390625e+01
   5.6010880e+06   2.5756836e+01
   5.6011410e+06   2.4291992e+01
   5.6012370e+06   2.5695801e+01
   5.6013310e+06   3.9001465e+01
   5.6015060e+06   3.6437988e+01
   5.6015760e+06   2.4291992e+01
   5.6016330e+06   4.1381836e+01
   5.6017250e+06   2.5695801e+01
   5.6017480e+06   4.2785645e+01
   5.6018240e+06   3.0090332e+01
   5.6018610e+06   2.4780273e+01
   5.6018970e+06   2.6428223e+01
   5.6019070e+06   3.0273438e+01
   5.6019360e+06   2.5085449e+01
   5.6019480e+06   3.3996582e+01
   5.6019800e+06   2.8198242e+01
   5.6019990e+06   3.4179688e+01
   5.6020240e+06   2.7038574e+01
   5.6020510e+06   2.5390625e+01
   5.6020650e+06   2.6794434e+01
   5.6020780e+06   3.6254883e+01
   5.6020940e+06   2.4780273e+01
   5.6021560e+06   2.8503418e+01
   5.6021920e+06   2.7160645e+01
   5.6022210e+06   2.4353027e+01
   5.6022540e+06   2.7832031e+01
   5.6022740e+06   2.8259277e+01
   5.6022840e+06   3.3813477e+01
   5.6023080e+06   2.6123047e+01
   5.6023340e+06   3.0029297e+01
   5.6023550e+06   3.3142090e+01
   5.6024620e+06   2.4230957e+01
   5.6024800e+06   2.7893066e+01
   5.6026050e+06   2.6245117e+01
   5.6026930e+06   2.7832031e+01
   5.6027610e+06   2.4597168e+01
   5.6028040e+06   2.4963379e+01
   5.6028270e+06   2.7648926e+01
   5.6028500e+06   2.6184082e+01
   5.6029070e+06   2.3986816e+01
   5.6030970e+06   2.5573730e+01
   5.6032530e+06   2.7954102e+01
   5.6033980e+06   2.3803711e+01
   5.6034750e+06   2.4108887e+01
   5.6037660e+06   2.4169922e+01
   5.6038520e+06   2.4475098e+01
   5.8801440e+06   2.4353027e+01
   5.9986510e+06   2.5878906e+01
