   5.9990000e+06   0.0000000e+00
   1.3200000e+02   2.2094727e+01
   9.8460000e+03   3.0639648e+01
   9.9150000e+03   2.7587891e+01
   9.9600000e+03   8.1054688e+01
   9.9930000e+03   3.4484863e+01
   1.0017000e+04   6.5795898e+01
   1.0036000e+04   1.9653320e+01
   1.0054000e+04   4.0466309e+01
   1.0078000e+04   2.6306152e+01
   1.0094000e+04   2.1240234e+01
   1.0115000e+04   4.9377441e+01
   1.0138000e+04   4.2480469e+01
   1.0151000e+04   2.6062012e+01
   1.0163000e+04   2.2216797e+01
   1.0178000e+04   4.6936035e+01
   1.0212000e+04   4.0893555e+01
   1.0230000e+04   3.7170410e+01
   1.0245000e+04   3.3020020e+01
   1.0267000e+04   3.7292480e+01
   1.0280000e+04   2.0324707e+01
   1.0312000e+04   3.3325195e+01
   1.0339000e+04   2.4475098e+01
   1.0360000e+04   2.8808594e+01
   1.0383000e+04   3.3386230e+01
   1.0408000e+04   3.5034180e+01
   1.0446000e+04   4.0771484e+01
   1.0465000e+04   2.4841309e+01
   1.0504000e+04   2.0935059e+01
   1.0517000e+04   1.8798828e+01
   1.0544000e+04   1.9287109e+01
   1.0562000e+04   3.5705566e+01
   1.0599000e+04   2.9785156e+01
   1.0624000e+04   3.2043457e+01
   1.0653000e+04   2.3925781e+01
   1.0676000e+04   3.3386230e+01
   1.0690000e+04   2.4780273e+01
   1.0712000e+04   2.6733398e+01
   1.0734000e+04   2.1728516e+01
   1.0776000e+04   3.0639648e+01
   1.0818000e+04   1.9653320e+01
   1.0849000e+04   3.6132813e+01
   1.0877000e+04   2.5207520e+01
   1.0911000e+04   3.1982422e+01
   1.0922000e+04   1.8676758e+01
   1.0949000e+04   1.8981934e+01
   1.0966000e+04   2.6977539e+01
   1.0980000e+04   2.2399902e+01
   1.0998000e+04   2.8686523e+01
   1.1030000e+04   2.0996094e+01
   1.1046000e+04   3.1311035e+01
   1.1076000e+04   2.8320312e+01
   1.1088000e+04   2.1057129e+01
   1.1110000e+04   2.5207520e+01
   1.1126000e+04   1.8920898e+01
   1.1146000e+04   4.7485352e+01
   1.1175000e+04   3.9306641e+01
   1.1195000e+04   3.1921387e+01
   1.1216000e+04   2.6062012e+01
   1.1245000e+04   1.9714355e+01
   1.1258000e+04   2.3132324e+01
   1.1283000e+04   3.1127930e+01
   1.1307000e+04   2.8686523e+01
   1.1320000e+04   2.8625488e+01
   1.1347000e+04   3.1982422e+01
   1.1379000e+04   3.0395508e+01
   1.1404000e+04   2.6000977e+01
   1.1416000e+04   2.6855469e+01
   1.1463000e+04   3.7109375e+01
   1.1475000e+04   3.7536621e+01
   1.1511000e+04   1.9104004e+01
   1.1537000e+04   4.1870117e+01
   1.1553000e+04   2.1118164e+01
   1.1586000e+04   3.6926270e+01
   1.1611000e+04   2.5695801e+01
   1.1625000e+04   2.2705078e+01
   1.1643000e+04   1.7883301e+01
   1.1664000e+04   3.3203125e+01
   1.1681000e+04   2.1606445e+01
   1.1693000e+04   2.4475098e+01
   1.1731000e+04   3.9672852e+01
   1.1753000e+04   2.7221680e+01
   1.1794000e+04   4.9987793e+01
   1.1814000e+04   2.3010254e+01
   1.1867000e+04   2.8320312e+01
   1.1900000e+04   1.9226074e+01
   1.1941000e+04   2.4597168e+01
   1.1967000e+04   2.3498535e+01
   1.1978000e+04   2.7465820e+01
   1.1993000e+04   3.2409668e+01
   1.2039000e+04   2.0263672e+01
   1.2076000e+04   2.4658203e+01
   1.2147000e+04   2.4353027e+01
   1.2228000e+04   4.7668457e+01
   1.2316000e+04   3.1738281e+01
   1.2330000e+04   4.2419434e+01
   1.2379000e+04   2.6733398e+01
   1.2419000e+04   4.5654297e+01
   1.2432000e+04   3.1494141e+01
   1.2497000e+04   2.8686523e+01
   1.2513000e+04   4.0405273e+01
   1.2595000e+04   2.2094727e+01
   1.2614000e+04   4.1381836e+01
   1.2712000e+04   5.1879883e+01
   1.2734000e+04   2.1911621e+01
   1.2816000e+04   4.7607422e+01
   1.2854000e+04   3.1799316e+01
   1.2911000e+04   4.7668457e+01
   1.2941000e+04   2.3193359e+01
   1.3022000e+04   5.3710938e+01
   1.3145000e+04   4.7363281e+01
   1.3261000e+04   3.9794922e+01
   1.3385000e+04   4.9865723e+01
   1.3531000e+04   5.0842285e+01
   1.3680000e+04   5.1452637e+01
   1.3821000e+04   5.2490234e+01
   1.3973000e+04   5.0720215e+01
   1.4104000e+04   3.1494141e+01
   1.4128000e+04   5.8837891e+01
   1.4311000e+04   5.7678223e+01
   1.4467000e+04   1.8554688e+01
   1.4521000e+04   5.6518555e+01
   1.4793000e+04   5.9753418e+01
   1.5673000e+04   1.8737793e+01
   2.3214000e+04   7.4645996e+01
   4.4818000e+04   2.0507812e+01
   4.4870000e+04   1.7761230e+01
   5.2787000e+04   2.2949219e+01
   1.0815700e+05   2.7465820e+01
   1.3105800e+05   3.7597656e+01
   1.3112600e+05   3.2836914e+01
   1.3117200e+05   2.5085449e+01
   1.3118500e+05   1.0992432e+02
   1.3120800e+05   2.5756836e+01
   1.3122100e+05   2.9724121e+01
   1.3123700e+05   9.3261719e+01
   1.3127800e+05   7.5683594e+01
   1.3129300e+05   2.9296875e+01
   1.3131300e+05   3.5766602e+01
   1.3132600e+05   4.8706055e+01
   1.3134400e+05   6.3537598e+01
   1.3136100e+05   2.8808594e+01
   1.3137500e+05   4.6875000e+01
   1.3140700e+05   3.7658691e+01
   1.3141700e+05   1.7944336e+01
   1.3143800e+05   3.3142090e+01
   1.3144800e+05   2.6916504e+01
   1.3146200e+05   3.0883789e+01
   1.3147400e+05   2.9479980e+01
   1.3149600e+05   3.5339355e+01
   1.3152200e+05   2.8442383e+01
   1.3154400e+05   2.6611328e+01
   1.3156300e+05   3.3691406e+01
   1.3159100e+05   2.7709961e+01
   1.3160800e+05   2.0751953e+01
   1.3162400e+05   2.1972656e+01
   1.3164800e+05   2.6245117e+01
   1.3166000e+05   1.7639160e+01
   1.3167500e+05   1.9042969e+01
   1.3169500e+05   3.6987305e+01
   1.3171100e+05   2.1301270e+01
   1.3174100e+05   2.3681641e+01
   1.3176700e+05   2.3620605e+01
   1.3180300e+05   3.2287598e+01
   1.3183100e+05   2.1606445e+01
   1.3184100e+05   2.2888184e+01
   1.3187200e+05   2.9846191e+01
   1.3190500e+05   3.3203125e+01
   1.3194800e+05   2.4780273e+01
   1.3197900e+05   1.8981934e+01
   1.3199000e+05   2.3559570e+01
   1.3201800e+05   2.5695801e+01
   1.3205600e+05   2.3742676e+01
   1.3207800e+05   2.0812988e+01
   1.3210700e+05   2.5207520e+01
   1.3213200e+05   2.9541016e+01
   1.3215900e+05   2.2155762e+01
   1.3216900e+05   1.7883301e+01
   1.3219300e+05   3.5339355e+01
   1.3223200e+05   2.6123047e+01
   1.3225200e+05   2.2949219e+01
   1.3227000e+05   1.9531250e+01
   1.3230200e+05   3.1066895e+01
   1.3232900e+05   2.6062012e+01
   1.3234500e+05   2.3193359e+01
   1.3236700e+05   2.0019531e+01
   1.3239000e+05   1.8737793e+01
   1.3242300e+05   4.4250488e+01
   1.3245200e+05   2.1240234e+01
   1.3248400e+05   3.7902832e+01
   1.3252000e+05   2.3925781e+01
   1.3256000e+05   3.7841797e+01
   1.3258900e+05   2.0690918e+01
   1.3261400e+05   3.4973145e+01
   1.3263800e+05   2.7160645e+01
   1.3265400e+05   2.4658203e+01
   1.3267100e+05   2.8137207e+01
   1.3272200e+05   4.2114258e+01
   1.3273700e+05   2.1179199e+01
   1.3277200e+05   2.6184082e+01
   1.3279800e+05   2.4108887e+01
   1.3284200e+05   2.4475098e+01
   1.3286300e+05   3.6926270e+01
   1.3287400e+05   2.6000977e+01
   1.3291100e+05   4.1564941e+01
   1.3293000e+05   2.3925781e+01
   1.3294400e+05   2.4169922e+01
   1.3297000e+05   2.6184082e+01
   1.3299900e+05   3.6621094e+01
   1.3301900e+05   2.7526855e+01
   1.3305800e+05   2.3376465e+01
   1.3306900e+05   2.5329590e+01
   1.3309700e+05   2.6550293e+01
   1.3313400e+05   5.9936523e+01
   1.3317000e+05   2.6062012e+01
   1.3318100e+05   2.1911621e+01
   1.3321100e+05   3.7841797e+01
   1.3327400e+05   2.1728516e+01
   1.3328700e+05   2.3315430e+01
   1.3331300e+05   4.2724609e+01
   1.3337200e+05   3.5339355e+01
   1.3341000e+05   3.4790039e+01
   1.3342800e+05   2.6000977e+01
   1.3349300e+05   4.7668457e+01
   1.3350700e+05   2.2949219e+01
   1.3355100e+05   2.6611328e+01
   1.3358600e+05   4.3701172e+01
   1.3360900e+05   2.5207520e+01
   1.3367900e+05   4.5471191e+01
   1.3371400e+05   2.3376465e+01
   1.3379400e+05   4.1809082e+01
   1.3387500e+05   2.7099609e+01
   1.3388600e+05   4.3090820e+01
   1.3395300e+05   2.2949219e+01
   1.3402400e+05   4.1137695e+01
   1.3410700e+05   2.6672363e+01
   1.3413600e+05   5.3100586e+01
   1.3425800e+05   4.4128418e+01
   1.3437800e+05   4.7546387e+01
   1.3450000e+05   5.1269531e+01
   1.3462000e+05   5.4748535e+01
   1.3475800e+05   5.3649902e+01
   1.3492100e+05   5.6213379e+01
   1.3505400e+05   2.0935059e+01
   1.3508700e+05   5.8837891e+01
   1.3523200e+05   1.8188477e+01
   1.3529700e+05   5.5603027e+01
   1.4473500e+05   7.4279785e+01
   1.7122500e+05   2.1118164e+01
   1.7558600e+05   3.1982422e+01
   1.7565000e+05   9.2590332e+01
   1.7566800e+05   2.0996094e+01
   1.7568900e+05   3.5827637e+01
   1.7570700e+05   7.6660156e+01
   1.7572300e+05   5.0720215e+01
   1.7575600e+05   5.9570312e+01
   1.7579900e+05   5.5541992e+01
   1.7581800e+05   2.8320313e+01
   1.7583800e+05   5.6213379e+01
   1.7585700e+05   5.2001953e+01
   1.7588500e+05   1.8493652e+01
   1.7590000e+05   2.1972656e+01
   1.7592700e+05   3.5827637e+01
   1.7594700e+05   2.5756836e+01
   1.7596900e+05   3.7658691e+01
   1.7598800e+05   3.3935547e+01
   1.7601100e+05   1.7822266e+01
   1.7602800e+05   2.1911621e+01
   1.7605700e+05   4.2785645e+01
   1.7609300e+05   2.9357910e+01
   1.7611900e+05   3.3691406e+01
   1.7613400e+05   1.7761230e+01
   1.7614700e+05   3.7902832e+01
   1.7617900e+05   2.5085449e+01
   1.7620400e+05   2.2094727e+01
   1.7622400e+05   2.5878906e+01
   1.7623500e+05   2.5756836e+01
   1.7625900e+05   2.0935059e+01
   1.7629200e+05   2.4108887e+01
   1.7631300e+05   2.1850586e+01
   1.7634200e+05   2.3437500e+01
   1.7635200e+05   1.7761230e+01
   1.7636900e+05   2.7954102e+01
   1.7639600e+05   2.4047852e+01
   1.7642600e+05   3.1372070e+01
   1.7645500e+05   2.8259277e+01
   1.7648000e+05   2.7709961e+01
   1.7649600e+05   2.2033691e+01
   1.7651600e+05   2.0996094e+01
   1.7655000e+05   3.2531738e+01
   1.7657700e+05   3.2348633e+01
   1.7661000e+05   3.3813477e+01
   1.7663100e+05   2.3254395e+01
   1.7664600e+05   2.8503418e+01
   1.7665800e+05   3.0029297e+01
   1.7667600e+05   2.6733398e+01
   1.7671300e+05   3.1860352e+01
   1.7674100e+05   2.6123047e+01
   1.7676000e+05   2.1484375e+01
   1.7678700e+05   3.0029297e+01
   1.7679800e+05   2.1484375e+01
   1.7681900e+05   2.1606445e+01
   1.7684500e+05   1.9836426e+01
   1.7685500e+05   3.4118652e+01
   1.7689100e+05   3.1188965e+01
   1.7690100e+05   2.5207520e+01
   1.7693600e+05   3.6865234e+01
   1.7695600e+05   2.8198242e+01
   1.7697600e+05   2.3864746e+01
   1.7700600e+05   2.5573730e+01
   1.7701600e+05   4.5532227e+01
   1.7704100e+05   1.8798828e+01
   1.7707200e+05   3.8146973e+01
   1.7709800e+05   1.8920898e+01
   1.7711500e+05   3.2836914e+01
   1.7713900e+05   2.2583008e+01
   1.7715400e+05   2.2827148e+01
   1.7718300e+05   4.5104980e+01
   1.7721900e+05   4.1076660e+01
   1.7723700e+05   3.2226562e+01
   1.7727500e+05   2.4353027e+01
   1.7728600e+05   3.7475586e+01
   1.7731400e+05   2.6245117e+01
   1.7733500e+05   2.5573730e+01
   1.7736600e+05   3.9245605e+01
   1.7738500e+05   2.0507812e+01
   1.7739600e+05   1.8371582e+01
   1.7742200e+05   2.0568848e+01
   1.7743900e+05   2.8259277e+01
   1.7746400e+05   1.8676758e+01
   1.7751000e+05   3.7719727e+01
   1.7757200e+05   2.2216797e+01
   1.7758300e+05   4.7485352e+01
   1.7761300e+05   2.7587891e+01
   1.7765500e+05   2.1728516e+01
   1.7771500e+05   2.8869629e+01
   1.7773800e+05   3.9123535e+01
   1.7777400e+05   2.5390625e+01
   1.7781500e+05   3.6560059e+01
   1.7783700e+05   4.4921875e+01
   1.7785900e+05   1.7883301e+01
   1.7790800e+05   3.8818359e+01
   1.7799000e+05   3.8635254e+01
   1.7807900e+05   3.5095215e+01
   1.7818300e+05   4.3334961e+01
   1.7828000e+05   6.5246582e+01
   1.7838600e+05   4.5227051e+01
   1.7840600e+05   2.5329590e+01
   1.7849700e+05   4.5898438e+01
   1.7851200e+05   1.8310547e+01
   1.7861400e+05   5.2490234e+01
   1.7867900e+05   3.2531738e+01
   1.7872700e+05   5.0231934e+01
   1.7886600e+05   5.9875488e+01
   1.7900600e+05   6.0852051e+01
   1.7916200e+05   5.0842285e+01
   1.7935700e+05   5.7189941e+01
   1.7956900e+05   5.7739258e+01
   3.1962100e+05   2.1240234e+01
   3.2263600e+05   1.8737793e+01
   3.3736100e+05   1.9287109e+01
   3.3743100e+05   1.8432617e+01
   3.5354800e+05   2.3925781e+01
   3.6992100e+05   1.8066406e+01
   3.8789200e+05   2.0263672e+01
   3.9602400e+05   1.9775391e+01
   4.0420500e+05   2.9418945e+01
   4.0672600e+05   2.0751953e+01
   4.1779600e+05   2.9602051e+01
   4.2284000e+05   2.2277832e+01
   4.2288300e+05   1.8005371e+01
   4.3277400e+05   2.0935059e+01
   4.3281000e+05   2.1362305e+01
   4.4639400e+05   2.8686523e+01
   4.4819400e+05   2.4841309e+01
   4.4833200e+05   3.2104492e+01
   4.4835600e+05   3.2653809e+01
   4.4838600e+05   8.4411621e+01
   4.4840700e+05   4.7607422e+01
   4.4843000e+05   3.0456543e+01
   4.4844800e+05   7.6843262e+01
   4.4846800e+05   2.1362305e+01
   4.4849000e+05   7.2387695e+01
   4.4850700e+05   2.8625488e+01
   4.4852800e+05   4.8278809e+01
   4.4854600e+05   2.9846191e+01
   4.4855800e+05   3.6010742e+01
   4.4857300e+05   2.3254395e+01
   4.4858900e+05   5.1757812e+01
   4.4860700e+05   3.5644531e+01
   4.4863500e+05   3.0090332e+01
   4.4866800e+05   3.6804199e+01
   4.4869200e+05   2.4108887e+01
   4.4871200e+05   2.0996094e+01
   4.4873800e+05   3.0029297e+01
   4.4876700e+05   1.9287109e+01
   4.4879300e+05   2.1667480e+01
   4.4880400e+05   2.3559570e+01
   4.4883500e+05   3.1921387e+01
   4.4885000e+05   2.2644043e+01
   4.4886400e+05   2.3803711e+01
   4.4888000e+05   2.0507813e+01
   4.4890100e+05   3.3447266e+01
   4.4894800e+05   2.7832031e+01
   4.4896500e+05   1.8554688e+01
   4.4898200e+05   2.3437500e+01
   4.4901200e+05   3.7902832e+01
   4.4904000e+05   3.0761719e+01
   4.4907500e+05   2.3071289e+01
   4.4908600e+05   2.1362305e+01
   4.4910400e+05   3.3874512e+01
   4.4914300e+05   1.8615723e+01
   4.4915600e+05   2.7099609e+01
   4.4918900e+05   2.9174805e+01
   4.4922300e+05   3.8940430e+01
   4.4924600e+05   2.2583008e+01
   4.4925900e+05   2.1240234e+01
   4.4927500e+05   2.8808594e+01
   4.4930900e+05   4.0039062e+01
   4.4933300e+05   1.8432617e+01
   4.4935800e+05   2.8320312e+01
   4.4938200e+05   2.1911621e+01
   4.4939400e+05   3.3020020e+01
   4.4942300e+05   2.8442383e+01
   4.4944000e+05   1.8310547e+01
   4.4945700e+05   3.2287598e+01
   4.4949000e+05   2.4841309e+01
   4.4952300e+05   1.8188477e+01
   4.4955300e+05   3.3752441e+01
   4.4958800e+05   2.3071289e+01
   4.4960100e+05   3.8574219e+01
   4.4965200e+05   4.1015625e+01
   4.4968600e+05   2.9052734e+01
   4.4971800e+05   2.2094727e+01
   4.4975100e+05   3.1982422e+01
   4.4976400e+05   2.4230957e+01
   4.4980700e+05   3.4912109e+01
   4.4981800e+05   3.4912109e+01
   4.4983700e+05   3.0578613e+01
   4.4987800e+05   3.3752441e+01
   4.4990300e+05   2.9663086e+01
   4.4994000e+05   1.7700195e+01
   4.4995500e+05   1.8493652e+01
   4.4999100e+05   2.0507813e+01
   4.5001500e+05   2.7709961e+01
   4.5002800e+05   2.5390625e+01
   4.5005200e+05   2.1667480e+01
   4.5008000e+05   3.2653809e+01
   4.5010000e+05   2.2949219e+01
   4.5015400e+05   2.8991699e+01
   4.5017000e+05   1.8432617e+01
   4.5018800e+05   2.9418945e+01
   4.5022000e+05   2.3986816e+01
   4.5024200e+05   4.0893555e+01
   4.5027700e+05   2.6489258e+01
   4.5031500e+05   2.9907227e+01
   4.5033200e+05   3.4240723e+01
   4.5038900e+05   3.2287598e+01
   4.5041000e+05   2.0996094e+01
   4.5043700e+05   2.7465820e+01
   4.5044700e+05   2.1606445e+01
   4.5047600e+05   1.8859863e+01
   4.5049500e+05   3.3447266e+01
   4.5056000e+05   3.3996582e+01
   4.5058500e+05   1.8432617e+01
   4.5060400e+05   2.8686523e+01
   4.5064700e+05   3.8146973e+01
   4.5065900e+05   2.2399902e+01
   4.5071700e+05   2.9724121e+01
   4.5076700e+05   2.7038574e+01
   4.5081400e+05   3.9978027e+01
   4.5083600e+05   3.2958984e+01
   4.5092600e+05   3.6315918e+01
   4.5093900e+05   3.5339355e+01
   4.5100400e+05   2.6367188e+01
   4.5101600e+05   4.0710449e+01
   4.5110000e+05   4.0771484e+01
   4.5111700e+05   2.6611328e+01
   4.5120200e+05   2.7343750e+01
   4.5121300e+05   4.3518066e+01
   4.5129400e+05   2.6062012e+01
   4.5132100e+05   4.8461914e+01
   4.5140300e+05   3.0517578e+01
   4.5142200e+05   3.9184570e+01
   4.5148500e+05   2.9113770e+01
   4.5153200e+05   4.1137695e+01
   4.5160400e+05   3.0395508e+01
   4.5164200e+05   4.4921875e+01
   4.5174000e+05   4.9926758e+01
   4.5185500e+05   4.7607422e+01
   4.5193900e+05   3.1494141e+01
   4.5197800e+05   4.5227051e+01
   4.5209800e+05   4.9255371e+01
   4.5223700e+05   4.8278809e+01
   4.5238800e+05   5.3894043e+01
   4.5254000e+05   5.4138184e+01
   4.5269900e+05   5.2307129e+01
   4.5293200e+05   5.3588867e+01
   4.5323800e+05   5.8105469e+01
   4.6081200e+05   7.4645996e+01
   4.6332800e+05   7.2753906e+01
   4.7964000e+05   2.0568848e+01
   4.9272900e+05   2.1484375e+01
   5.0589200e+05   1.8676758e+01
   5.2569700e+05   2.0324707e+01
   5.9602300e+05   2.0935059e+01
   6.1079800e+05   3.6254883e+01
   6.1086600e+05   2.6062012e+01
   6.1088200e+05   3.9001465e+01
   6.1090200e+05   4.1015625e+01
   6.1091400e+05   1.1816406e+02
   6.1095700e+05   6.6650391e+01
   6.1097200e+05   7.4340820e+01
   6.1099500e+05   5.0903320e+01
   6.1101200e+05   6.1279297e+01
   6.1102600e+05   4.8461914e+01
   6.1105800e+05   2.9785156e+01
   6.1108300e+05   5.2062988e+01
   6.1109300e+05   2.9541016e+01
   6.1113400e+05   4.2358398e+01
   6.1115200e+05   4.1809082e+01
   6.1117100e+05   3.3935547e+01
   6.1119500e+05   2.7648926e+01
   6.1122400e+05   2.5268555e+01
   6.1125200e+05   3.4545898e+01
   6.1127500e+05   2.2521973e+01
   6.1130000e+05   2.7160645e+01
   6.1131400e+05   2.1728516e+01
   6.1133100e+05   2.4902344e+01
   6.1135800e+05   2.3925781e+01
   6.1137100e+05   3.0395508e+01
   6.1140800e+05   2.6184082e+01
   6.1142700e+05   2.1362305e+01
   6.1146600e+05   1.9897461e+01
   6.1150500e+05   4.3579102e+01
   6.1154900e+05   2.5390625e+01
   6.1156100e+05   1.8127441e+01
   6.1158500e+05   2.9968262e+01
   6.1162000e+05   2.9357910e+01
   6.1164700e+05   1.7822266e+01
   6.1167900e+05   2.5268555e+01
   6.1171000e+05   2.9602051e+01
   6.1174600e+05   2.9296875e+01
   6.1177600e+05   3.6804199e+01
   6.1182200e+05   3.6010742e+01
   6.1183500e+05   2.4291992e+01
   6.1185800e+05   3.3020020e+01
   6.1189300e+05   2.2094727e+01
   6.1192700e+05   3.2836914e+01
   6.1197100e+05   2.7832031e+01
   6.1201600e+05   2.9418945e+01
   6.1206100e+05   2.8442383e+01
   6.1207200e+05   4.3518066e+01
   6.1210300e+05   2.2766113e+01
   6.1212400e+05   3.0578613e+01
   6.1214200e+05   2.0385742e+01
   6.1217400e+05   3.0761719e+01
   6.1220000e+05   2.8686523e+01
   6.1221200e+05   2.5512695e+01
   6.1224300e+05   2.4658203e+01
   6.1228200e+05   4.3029785e+01
   6.1230000e+05   2.0935059e+01
   6.1232700e+05   2.7832031e+01
   6.1234700e+05   2.3498535e+01
   6.1239200e+05   2.9174805e+01
   6.1240400e+05   2.4780273e+01
   6.1243000e+05   2.0507812e+01
   6.1244400e+05   2.0446777e+01
   6.1247100e+05   3.6926270e+01
   6.1253000e+05   3.7414551e+01
   6.1254800e+05   2.6672363e+01
   6.1259200e+05   3.1860352e+01
   6.1260600e+05   3.6010742e+01
   6.1262900e+05   1.9653320e+01
   6.1267800e+05   3.8024902e+01
   6.1274100e+05   3.6254883e+01
   6.1278400e+05   2.4353027e+01
   6.1281900e+05   1.7639160e+01
   6.1285600e+05   2.5268555e+01
   6.1286600e+05   3.5034180e+01
   6.1289000e+05   2.8137207e+01
   6.1294400e+05   3.7719727e+01
   6.1298000e+05   2.6489258e+01
   6.1302200e+05   3.9184570e+01
   6.1306900e+05   2.7832031e+01
   6.1309700e+05   3.2165527e+01
   6.1313400e+05   3.0395508e+01
   6.1317500e+05   2.2338867e+01
   6.1321800e+05   2.3071289e+01
   6.1325800e+05   3.7231445e+01
   6.1332600e+05   2.7465820e+01
   6.1335800e+05   4.5959473e+01
   6.1339400e+05   2.7221680e+01
   6.1343900e+05   4.6386719e+01
   6.1350500e+05   2.6977539e+01
   6.1353400e+05   3.9001465e+01
   6.1354900e+05   3.1311035e+01
   6.1363800e+05   4.6203613e+01
   6.1365000e+05   2.1362305e+01
   6.1375200e+05   7.0312500e+01
   6.1385800e+05   4.4189453e+01
   6.1395900e+05   4.8889160e+01
   6.1406900e+05   4.6508789e+01
   6.1419700e+05   4.9316406e+01
   6.1432500e+05   5.0048828e+01
   6.1445400e+05   4.6752930e+01
   6.1455100e+05   3.4667969e+01
   6.1457600e+05   5.7006836e+01
   6.1470900e+05   4.8767090e+01
   6.1491000e+05   5.3894043e+01
   6.1511200e+05   6.3537598e+01
   6.1535600e+05   5.2856445e+01
   6.1876200e+05   7.9833984e+01
   6.2434400e+05   8.2214355e+01
   6.3480200e+05   2.3681641e+01
   6.3486000e+05   1.7761230e+01
   6.4323100e+05   2.2338867e+01
   6.5429500e+05   1.7944336e+01
   6.6114100e+05   2.0751953e+01
   6.6819200e+05   1.9653320e+01
   6.6826200e+05   1.7700195e+01
   7.0771100e+05   2.1301270e+01
   7.2307900e+05   1.8493652e+01
   7.4737300e+05   3.3020020e+01
   7.4742500e+05   2.3681641e+01
   7.4745800e+05   2.9968262e+01
   7.4747200e+05   2.1606445e+01
   7.4752400e+05   2.8564453e+01
   7.4756100e+05   2.4597168e+01
   7.4758900e+05   1.0369873e+02
   7.4760900e+05   2.4963379e+01
   7.4763900e+05   3.8757324e+01
   7.4765500e+05   2.6367188e+01
   7.4770200e+05   2.4047852e+01
   7.4772000e+05   6.3842773e+01
   7.4774300e+05   3.4118652e+01
   7.4776300e+05   3.7414551e+01
   7.4777900e+05   6.3171387e+01
   7.4780100e+05   2.8564453e+01
   7.4782200e+05   6.3659668e+01
   7.4785100e+05   5.2490234e+01
   7.4787700e+05   2.9357910e+01
   7.4790100e+05   4.2907715e+01
   7.4791800e+05   4.2663574e+01
   7.4794300e+05   2.7526855e+01
   7.4795800e+05   3.4484863e+01
   7.4797500e+05   2.0263672e+01
   7.4799000e+05   3.4057617e+01
   7.4803600e+05   1.7700195e+01
   7.4804900e+05   2.6306152e+01
   7.4808400e+05   3.6743164e+01
   7.4809400e+05   2.0751953e+01
   7.4811400e+05   2.8686523e+01
   7.4813800e+05   2.5573730e+01
   7.4815100e+05   4.1381836e+01
   7.4816500e+05   2.1667480e+01
   7.4818300e+05   2.5146484e+01
   7.4821600e+05   2.7587891e+01
   7.4823400e+05   2.3010254e+01
   7.4824600e+05   4.2114258e+01
   7.4826600e+05   2.6123047e+01
   7.4827600e+05   2.2155762e+01
   7.4830600e+05   2.9235840e+01
   7.4834100e+05   2.6611328e+01
   7.4835400e+05   1.7639160e+01
   7.4836900e+05   3.5339355e+01
   7.4839800e+05   2.7893066e+01
   7.4844200e+05   2.5329590e+01
   7.4845400e+05   3.5644531e+01
   7.4848400e+05   2.5207520e+01
   7.4852600e+05   4.0771484e+01
   7.4855700e+05   2.1362305e+01
   7.4857300e+05   1.8859863e+01
   7.4858300e+05   1.9409180e+01
   7.4862000e+05   2.2583008e+01
   7.4864400e+05   2.5878906e+01
   7.4869800e+05   3.2287598e+01
   7.4872500e+05   3.1677246e+01
   7.4875700e+05   1.8737793e+01
   7.4880300e+05   3.6743164e+01
   7.4882600e+05   1.8310547e+01
   7.4885200e+05   2.4108887e+01
   7.4887100e+05   2.2033691e+01
   7.4888500e+05   2.7893066e+01
   7.4893300e+05   2.1545410e+01
   7.4896200e+05   2.0996094e+01
   7.4898000e+05   2.1911621e+01
   7.4899900e+05   3.0639648e+01
   7.4905900e+05   3.1921387e+01
   7.4910000e+05   3.3447266e+01
   7.4913000e+05   2.3010254e+01
   7.4917900e+05   2.0935059e+01
   7.4919600e+05   2.9479980e+01
   7.4922300e+05   2.3620605e+01
   7.4925300e+05   4.2114258e+01
   7.4930300e+05   2.0812988e+01
   7.4933500e+05   4.1564941e+01
   7.4935900e+05   2.3803711e+01
   7.4939800e+05   4.9621582e+01
   7.4940800e+05   3.1921387e+01
   7.4946800e+05   3.3325195e+01
   7.4950000e+05   2.7160645e+01
   7.4951300e+05   2.3986816e+01
   7.4953900e+05   3.6499023e+01
   7.4955600e+05   2.4353027e+01
   7.4962900e+05   3.9001465e+01
   7.4966000e+05   2.0996094e+01
   7.4971000e+05   4.3457031e+01
   7.4976700e+05   4.1931152e+01
   7.4978400e+05   3.1250000e+01
   7.4981900e+05   3.1127930e+01
   7.4986900e+05   3.2409668e+01
   7.4987900e+05   2.0568848e+01
   7.4992200e+05   2.6550293e+01
   7.4997300e+05   5.4687500e+01
   7.5005900e+05   4.7729492e+01
   7.5014700e+05   4.3029785e+01
   7.5018300e+05   2.2094727e+01
   7.5024000e+05   4.5776367e+01
   7.5035100e+05   5.6823730e+01
   7.5045000e+05   5.3222656e+01
   7.5056300e+05   4.1748047e+01
   7.5058400e+05   2.4841309e+01
   7.5066900e+05   5.2062988e+01
   7.5077300e+05   2.7709961e+01
   7.5079200e+05   3.9550781e+01
   7.5087700e+05   3.0578613e+01
   7.5090200e+05   4.3273926e+01
   7.5103800e+05   5.0170898e+01
   7.5117700e+05   5.3466797e+01
   7.5130400e+05   5.3588867e+01
   7.5134700e+05   2.1606445e+01
   7.5145400e+05   4.6203613e+01
   7.5161000e+05   5.2490234e+01
   7.5176300e+05   5.7067871e+01
   7.5196700e+05   5.5358887e+01
   7.6077000e+05   7.4523926e+01
   7.8119700e+05   2.1484375e+01
   7.9329300e+05   1.8310547e+01
   8.1076500e+05   3.4118652e+01
   8.1093300e+05   2.1057129e+01
   8.1094600e+05   1.8859863e+01
   8.1102100e+05   2.4658203e+01
   8.1103200e+05   8.8684082e+01
   8.1111700e+05   1.8554688e+01
   8.1116400e+05   7.1655273e+01
   8.1119600e+05   4.3395996e+01
   8.1123200e+05   2.2094727e+01
   8.1125800e+05   7.9711914e+01
   8.1127600e+05   3.1433105e+01
   8.1129500e+05   1.9836426e+01
   8.1131400e+05   8.5205078e+01
   8.1134100e+05   4.2480469e+01
   8.1138000e+05   7.2387695e+01
   8.1139500e+05   3.9428711e+01
   8.1141700e+05   2.7709961e+01
   8.1142800e+05   3.1921387e+01
   8.1144100e+05   2.1545410e+01
   8.1145800e+05   3.5339355e+01
   8.1149300e+05   2.7343750e+01
   8.1150400e+05   5.0231934e+01
   8.1152800e+05   2.9174805e+01
   8.1155100e+05   2.3803711e+01
   8.1156300e+05   1.9165039e+01
   8.1158800e+05   2.4536133e+01
   8.1160700e+05   2.7587891e+01
   8.1164000e+05   2.7099609e+01
   8.1167500e+05   3.2775879e+01
   8.1168500e+05   2.5207520e+01
   8.1170900e+05   2.7587891e+01
   8.1172400e+05   2.0690918e+01
   8.1175500e+05   1.9714355e+01
   8.1178500e+05   3.3508301e+01
   8.1181000e+05   1.9775391e+01
   8.1182200e+05   1.8859863e+01
   8.1183500e+05   2.9174805e+01
   8.1186900e+05   3.0151367e+01
   8.1190000e+05   2.5024414e+01
   8.1191200e+05   2.6306152e+01
   8.1195300e+05   2.3742676e+01
   8.1197900e+05   2.1606445e+01
   8.1201100e+05   2.6062012e+01
   8.1204500e+05   1.8310547e+01
   8.1207200e+05   2.7038574e+01
   8.1211300e+05   3.8208008e+01
   8.1213900e+05   3.1127930e+01
   8.1217100e+05   2.3010254e+01
   8.1218400e+05   2.8686523e+01
   8.1221600e+05   2.8259277e+01
   8.1224200e+05   3.4790039e+01
   8.1225600e+05   2.1911621e+01
   8.1228100e+05   2.4780273e+01
   8.1233300e+05   2.7526855e+01
   8.1235900e+05   2.8442383e+01
   8.1237400e+05   1.9348145e+01
   8.1240200e+05   2.0080566e+01
   8.1242900e+05   4.7485352e+01
   8.1247000e+05   2.8015137e+01
   8.1249000e+05   2.3986816e+01
   8.1252100e+05   3.0151367e+01
   8.1254500e+05   2.1728516e+01
   8.1258200e+05   2.3864746e+01
   8.1260700e+05   3.2104492e+01
   8.1263900e+05   2.1484375e+01
   8.1266000e+05   3.0944824e+01
   8.1269800e+05   3.6804199e+01
   8.1272500e+05   2.1301270e+01
   8.1273600e+05   1.8859863e+01
   8.1277400e+05   1.8798828e+01
   8.1279300e+05   2.3559570e+01
   8.1285400e+05   2.7709961e+01
   8.1286500e+05   4.1259766e+01
   8.1290200e+05   2.2766113e+01
   8.1293000e+05   2.0935059e+01
   8.1294400e+05   2.6245117e+01
   8.1297700e+05   3.1250000e+01
   8.1298700e+05   2.2338867e+01
   8.1301200e+05   1.8798828e+01
   8.1304400e+05   4.3518066e+01
   8.1307800e+05   1.9042969e+01
   8.1311600e+05   3.0517578e+01
   8.1314000e+05   2.7160645e+01
   8.1318600e+05   3.4973145e+01
   8.1322300e+05   1.7822266e+01
   8.1323400e+05   2.3559570e+01
   8.1327200e+05   2.5878906e+01
   8.1331700e+05   2.8137207e+01
   8.1333500e+05   2.0629883e+01
   8.1336500e+05   3.0761719e+01
   8.1343100e+05   2.7404785e+01
   8.1344200e+05   4.0222168e+01
   8.1347400e+05   2.8930664e+01
   8.1351100e+05   3.6132812e+01
   8.1353100e+05   2.5451660e+01
   8.1359500e+05   4.1076660e+01
   8.1363500e+05   2.3315430e+01
   8.1367500e+05   2.7160645e+01
   8.1368800e+05   2.6184082e+01
   8.1377100e+05   4.0039062e+01
   8.1385900e+05   4.2907715e+01
   8.1387500e+05   2.8503418e+01
   8.1395700e+05   3.7658691e+01
   8.1397400e+05   2.2766113e+01
   8.1406300e+05   4.2114258e+01
   8.1415900e+05   4.5837402e+01
   8.1426100e+05   5.0109863e+01
   8.1436900e+05   2.7954102e+01
   8.1438000e+05   2.1118164e+01
   8.1449300e+05   5.3100586e+01
   8.1462900e+05   5.5664063e+01
   8.1477400e+05   5.8410645e+01
   8.1486100e+05   3.5400391e+01
   8.1493700e+05   5.2673340e+01
   8.1513600e+05   5.4687500e+01
   8.1537300e+05   6.4758301e+01
   8.4836800e+05   2.8137207e+01
   8.4842500e+05   5.4199219e+01
   8.4845000e+05   8.2763672e+01
   8.4846400e+05   9.3933105e+01
   8.4847700e+05   2.3437500e+01
   8.4850000e+05   8.3679199e+01
   8.4851100e+05   2.3254395e+01
   8.4852500e+05   4.0527344e+01
   8.4855200e+05   4.3884277e+01
   8.4857000e+05   2.7038574e+01
   8.4859500e+05   3.8330078e+01
   8.4861900e+05   4.1381836e+01
   8.4864100e+05   3.8269043e+01
   8.4865600e+05   4.4860840e+01
   8.4869100e+05   3.0151367e+01
   8.4872000e+05   3.8024902e+01
   8.4873600e+05   2.1118164e+01
   8.4876000e+05   3.4057617e+01
   8.4878200e+05   5.2978516e+01
   8.4880800e+05   2.9113770e+01
   8.4883400e+05   2.8625488e+01
   8.4885200e+05   3.2409668e+01
   8.4887300e+05   3.0212402e+01
   8.4890000e+05   1.7883301e+01
   8.4892000e+05   2.0751953e+01
   8.4893700e+05   2.0568848e+01
   8.4896300e+05   2.6672363e+01
   8.4897800e+05   1.9287109e+01
   8.4899700e+05   2.8076172e+01
   8.4902500e+05   2.2399902e+01
   8.4903700e+05   3.0883789e+01
   8.4906300e+05   3.6682129e+01
   8.4909500e+05   3.4790039e+01
   8.4912700e+05   3.5034180e+01
   8.4916600e+05   2.9541016e+01
   8.4919900e+05   2.4047852e+01
   8.4923800e+05   2.5939941e+01
   8.4926400e+05   3.1433105e+01
   8.4928200e+05   1.9958496e+01
   8.4930100e+05   3.2775879e+01
   8.4933500e+05   2.8259277e+01
   8.4935800e+05   1.7761230e+01
   8.4938100e+05   2.8015137e+01
   8.4940400e+05   2.6733398e+01
   8.4943400e+05   2.0202637e+01
   8.4945500e+05   3.1188965e+01
   8.4948200e+05   2.9907227e+01
   8.4951200e+05   3.4301758e+01
   8.4953900e+05   1.8249512e+01
   8.4956500e+05   3.1677246e+01
   8.4958700e+05   2.1301270e+01
   8.4961800e+05   3.6987305e+01
   8.4964400e+05   2.9846191e+01
   8.4967500e+05   3.0395508e+01
   8.4970400e+05   2.6245117e+01
   8.4973300e+05   3.1738281e+01
   8.4975300e+05   2.2705078e+01
   8.4976400e+05   2.3132324e+01
   8.4979000e+05   3.1066895e+01
   8.4981800e+05   2.7038574e+01
   8.4983400e+05   2.1179199e+01
   8.4985400e+05   4.0588379e+01
   8.4987700e+05   2.0385742e+01
   8.4990200e+05   2.2399902e+01
   8.4994500e+05   2.9174805e+01
   8.4995900e+05   2.2277832e+01
   8.4997900e+05   2.3681641e+01
   8.5002100e+05   2.9541016e+01
   8.5005700e+05   3.9550781e+01
   8.5009300e+05   4.8217773e+01
   8.5012500e+05   3.0334473e+01
   8.5015500e+05   2.0690918e+01
   8.5016600e+05   2.8259277e+01
   8.5020900e+05   2.6794434e+01
   8.5022900e+05   4.1381836e+01
   8.5024500e+05   2.5085449e+01
   8.5030500e+05   3.1188965e+01
   8.5032800e+05   1.9409180e+01
   8.5037400e+05   1.9104004e+01
   8.5039600e+05   3.8879395e+01
   8.5043800e+05   3.2165527e+01
   8.5045400e+05   2.3010254e+01
   8.5047900e+05   2.8503418e+01
   8.5050600e+05   2.2705078e+01
   8.5056100e+05   3.6071777e+01
   8.5062300e+05   3.2104492e+01
   8.5064300e+05   3.4057617e+01
   8.5068500e+05   3.1188965e+01
   8.5072000e+05   4.2175293e+01
   8.5076300e+05   2.2094727e+01
   8.5080200e+05   4.6325684e+01
   8.5086400e+05   2.8625488e+01
   8.5088500e+05   3.7048340e+01
   8.5097300e+05   2.4169922e+01
   8.5098300e+05   4.1748047e+01
   8.5106800e+05   2.6062012e+01
   8.5107800e+05   4.3090820e+01
   8.5118200e+05   4.6875000e+01
   8.5127700e+05   6.7199707e+01
   8.5137800e+05   4.0771484e+01
   8.5148800e+05   5.3100586e+01
   8.5160400e+05   5.1818848e+01
   8.5172700e+05   5.0170898e+01
   8.5185500e+05   4.9865723e+01
   8.5200700e+05   4.8400879e+01
   8.5216500e+05   5.3833008e+01
   8.5217600e+05   1.9226074e+01
   8.5236000e+05   5.3955078e+01
   8.5257100e+05   5.7250977e+01
   8.5286000e+05   6.2744141e+01
   1.0138760e+06   1.8981934e+01
   1.0139350e+06   1.9958496e+01
   1.0418160e+06   1.9226074e+01
   1.0418510e+06   2.0751953e+01
   1.0540530e+06   2.1911621e+01
   1.0612760e+06   3.1066895e+01
   1.0622220e+06   3.2470703e+01
   1.0622770e+06   3.1250000e+01
   1.0622990e+06   2.6977539e+01
   1.0623320e+06   3.3996582e+01
   1.0623580e+06   8.3129883e+01
   1.0623800e+06   4.3273926e+01
   1.0623930e+06   2.1789551e+01
   1.0624270e+06   3.6071777e+01
   1.0624550e+06   9.0393066e+01
   1.0624810e+06   5.0476074e+01
   1.0625100e+06   1.0076904e+02
   1.0625490e+06   5.8654785e+01
   1.0625590e+06   2.6000977e+01
   1.0625810e+06   4.0893555e+01
   1.0626030e+06   5.9936523e+01
   1.0626340e+06   3.3142090e+01
   1.0626480e+06   2.1240234e+01
   1.0626760e+06   5.1574707e+01
   1.0627030e+06   3.0090332e+01
   1.0627260e+06   2.1972656e+01
   1.0627440e+06   3.5888672e+01
   1.0627630e+06   2.8442383e+01
   1.0627760e+06   2.0996094e+01
   1.0627980e+06   2.7343750e+01
   1.0628210e+06   3.8330078e+01
   1.0628480e+06   2.0080566e+01
   1.0628640e+06   2.6733398e+01
   1.0628900e+06   3.1677246e+01
   1.0629180e+06   3.1677246e+01
   1.0629450e+06   2.2583008e+01
   1.0629830e+06   1.8371582e+01
   1.0629970e+06   2.9724121e+01
   1.0630320e+06   1.9531250e+01
   1.0630510e+06   1.8676758e+01
   1.0630830e+06   2.0690918e+01
   1.0631060e+06   2.5024414e+01
   1.0631360e+06   2.5634766e+01
   1.0631480e+06   2.0141602e+01
   1.0631940e+06   2.9602051e+01
   1.0632200e+06   3.3691406e+01
   1.0632730e+06   2.4597168e+01
   1.0632850e+06   1.9287109e+01
   1.0633050e+06   2.7709961e+01
   1.0633370e+06   3.2897949e+01
   1.0633560e+06   1.8188477e+01
   1.0634090e+06   3.5156250e+01
   1.0634290e+06   2.0568848e+01
   1.0634840e+06   2.0751953e+01
   1.0635110e+06   2.6367188e+01
   1.0635210e+06   4.0222168e+01
   1.0635580e+06   4.0710449e+01
   1.0635840e+06   2.6000977e+01
   1.0636110e+06   3.7902832e+01
   1.0636280e+06   1.9042969e+01
   1.0636490e+06   2.5451660e+01
   1.0636800e+06   3.4057617e+01
   1.0637260e+06   2.6184082e+01
   1.0637400e+06   3.5095215e+01
   1.0637880e+06   2.3071289e+01
   1.0637990e+06   2.2827148e+01
   1.0638670e+06   2.3620605e+01
   1.0639030e+06   2.1911621e+01
   1.0639140e+06   3.1799316e+01
   1.0639650e+06   2.4047852e+01
   1.0639940e+06   1.8859863e+01
   1.0640340e+06   3.9916992e+01
   1.0640670e+06   4.2480469e+01
   1.0641050e+06   2.6733398e+01
   1.0641170e+06   1.8249512e+01
   1.0641450e+06   3.1616211e+01
   1.0641630e+06   2.7587891e+01
   1.0642040e+06   2.5939941e+01
   1.0642350e+06   3.7597656e+01
   1.0642620e+06   2.4047852e+01
   1.0642980e+06   3.4973145e+01
   1.0643240e+06   3.3508301e+01
   1.0643700e+06   3.3386230e+01
   1.0643830e+06   2.2521973e+01
   1.0644360e+06   5.1513672e+01
   1.0644650e+06   1.9287109e+01
   1.0644880e+06   2.3315430e+01
   1.0645210e+06   3.8940430e+01
   1.0645500e+06   2.8686523e+01
   1.0645930e+06   3.1433105e+01
   1.0646190e+06   2.5939941e+01
   1.0646770e+06   3.4179688e+01
   1.0647010e+06   2.6367188e+01
   1.0647190e+06   2.0874023e+01
   1.0647560e+06   3.3447266e+01
   1.0647820e+06   3.2226562e+01
   1.0648310e+06   3.2043457e+01
   1.0648810e+06   3.5217285e+01
   1.0648910e+06   2.8076172e+01
   1.0649730e+06   4.1748047e+01
   1.0650070e+06   2.5939941e+01
   1.0650740e+06   4.0405273e+01
   1.0651580e+06   2.7832031e+01
   1.0651700e+06   5.0720215e+01
   1.0652550e+06   2.6489258e+01
   1.0652670e+06   4.3884277e+01
   1.0653700e+06   3.7536621e+01
   1.0654840e+06   4.4616699e+01
   1.0654980e+06   2.5024414e+01
   1.0655930e+06   4.4311523e+01
   1.0656770e+06   2.2338867e+01
   1.0657080e+06   4.8034668e+01
   1.0658250e+06   4.9804687e+01
   1.0659480e+06   5.1086426e+01
   1.0659780e+06   2.6977539e+01
   1.0660770e+06   4.7485352e+01
   1.0662210e+06   5.2124023e+01
   1.0663810e+06   5.1757813e+01
   1.0665800e+06   5.1269531e+01
   1.0667850e+06   5.6274414e+01
   1.0670830e+06   6.0729980e+01
   1.0742300e+06   8.2519531e+01
   1.0746940e+06   8.0017090e+01
   1.0789060e+06   7.4707031e+01
   1.0869610e+06   2.0996094e+01
   1.1331010e+06   2.1972656e+01
   1.1857730e+06   1.9531250e+01
   1.2081550e+06   2.1667480e+01
   1.2082110e+06   1.8798828e+01
   1.2242630e+06   1.8188477e+01
   1.2242850e+06   2.0141602e+01
   1.2243350e+06   2.3559570e+01
   1.2243600e+06   3.4606934e+01
   1.2244110e+06   3.2104492e+01
   1.2244210e+06   2.1789551e+01
   1.2244510e+06   2.3132324e+01
   1.2244700e+06   9.2224121e+01
   1.2244860e+06   2.5939941e+01
   1.2245050e+06   2.0935059e+01
   1.2245250e+06   1.8127441e+01
   1.2245480e+06   2.9724121e+01
   1.2245770e+06   9.9548340e+01
   1.2245940e+06   4.2846680e+01
   1.2246180e+06   4.7485352e+01
   1.2246360e+06   2.4047852e+01
   1.2246490e+06   2.7465820e+01
   1.2246800e+06   5.9692383e+01
   1.2246990e+06   4.3457031e+01
   1.2247210e+06   7.6538086e+01
   1.2247470e+06   4.4616699e+01
   1.2247690e+06   3.0090332e+01
   1.2247810e+06   3.4240723e+01
   1.2248080e+06   3.7658691e+01
   1.2248200e+06   2.2949219e+01
   1.2248410e+06   2.9418945e+01
   1.2248620e+06   3.6682129e+01
   1.2248840e+06   1.7883301e+01
   1.2249010e+06   3.0151367e+01
   1.2249280e+06   3.6743164e+01
   1.2249590e+06   3.1127930e+01
   1.2249820e+06   2.7893066e+01
   1.2250130e+06   2.7343750e+01
   1.2250260e+06   1.7639160e+01
   1.2250480e+06   2.8747559e+01
   1.2250770e+06   2.5451660e+01
   1.2251000e+06   2.8564453e+01
   1.2251130e+06   1.7761230e+01
   1.2251450e+06   2.2094727e+01
   1.2251800e+06   3.3813477e+01
   1.2252050e+06   2.9235840e+01
   1.2252250e+06   2.2766113e+01
   1.2252710e+06   2.9357910e+01
   1.2253010e+06   2.5085449e+01
   1.2253280e+06   3.5034180e+01
   1.2253650e+06   2.2216797e+01
   1.2253780e+06   1.8554688e+01
   1.2253890e+06   2.2338867e+01
   1.2254020e+06   2.1362305e+01
   1.2254290e+06   2.2949219e+01
   1.2254470e+06   2.2338867e+01
   1.2254730e+06   2.6123047e+01
   1.2255090e+06   2.3132324e+01
   1.2255400e+06   2.6306152e+01
   1.2255770e+06   1.9775391e+01
   1.2255960e+06   1.8371582e+01
   1.2256070e+06   3.1677246e+01
   1.2256350e+06   2.4780273e+01
   1.2256630e+06   3.0517578e+01
   1.2256760e+06   1.8188477e+01
   1.2257100e+06   2.8564453e+01
   1.2257380e+06   2.5085449e+01
   1.2257570e+06   2.3437500e+01
   1.2257700e+06   2.9724121e+01
   1.2258040e+06   1.8920898e+01
   1.2258170e+06   2.8442383e+01
   1.2258400e+06   2.6977539e+01
   1.2258660e+06   2.6123047e+01
   1.2258990e+06   2.3620605e+01
   1.2259330e+06   3.1860352e+01
   1.2259460e+06   3.9306641e+01
   1.2259810e+06   3.2409668e+01
   1.2259940e+06   3.4545898e+01
   1.2260050e+06   3.9978027e+01
   1.2260240e+06   3.6499023e+01
   1.2260520e+06   2.7038574e+01
   1.2260870e+06   2.7099609e+01
   1.2261050e+06   2.9235840e+01
   1.2261300e+06   4.7302246e+01
   1.2261780e+06   3.0212402e+01
   1.2261890e+06   3.7414551e+01
   1.2262310e+06   3.2043457e+01
   1.2262420e+06   2.5146484e+01
   1.2262640e+06   2.0568848e+01
   1.2263050e+06   5.0476074e+01
   1.2263430e+06   3.1372070e+01
   1.2263770e+06   3.2592773e+01
   1.2263890e+06   2.6611328e+01
   1.2264210e+06   2.1911621e+01
   1.2264590e+06   3.2409668e+01
   1.2264880e+06   1.8249512e+01
   1.2265390e+06   2.8198242e+01
   1.2265730e+06   2.2460938e+01
   1.2266240e+06   3.4667969e+01
   1.2266630e+06   2.5756836e+01
   1.2266780e+06   1.7639160e+01
   1.2267280e+06   4.2358398e+01
   1.2267390e+06   3.1005859e+01
   1.2267880e+06   2.7282715e+01
   1.2268220e+06   3.4729004e+01
   1.2268970e+06   6.5185547e+01
   1.2269660e+06   2.8442383e+01
   1.2269780e+06   3.9245605e+01
   1.2270520e+06   2.2888184e+01
   1.2270660e+06   2.9907227e+01
   1.2271530e+06   4.9682617e+01
   1.2272270e+06   3.1066895e+01
   1.2272840e+06   3.9062500e+01
   1.2273580e+06   3.3752441e+01
   1.2273810e+06   4.2297363e+01
   1.2274740e+06   4.6936035e+01
   1.2275230e+06   2.5207520e+01
   1.2275850e+06   4.5593262e+01
   1.2276190e+06   3.3569336e+01
   1.2276910e+06   5.0659180e+01
   1.2277980e+06   5.6213379e+01
   1.2279160e+06   4.4799805e+01
   1.2280920e+06   4.7241211e+01
   1.2282560e+06   5.0415039e+01
   1.2284030e+06   5.4504395e+01
   1.2285840e+06   5.9814453e+01
   1.2288030e+06   6.0058594e+01
   1.2352360e+06   8.6547852e+01
   1.2375600e+06   7.3486328e+01
   1.2379230e+06   6.8969727e+01
   1.2684640e+06   2.1789551e+01
   1.2685060e+06   1.8920898e+01
   1.3115720e+06   1.8920898e+01
   1.3347650e+06   2.7038574e+01
   1.3350020e+06   3.5949707e+01
   1.3350910e+06   2.7526855e+01
   1.3457880e+06   3.4240723e+01
   1.3533560e+06   2.3315430e+01
   1.3577520e+06   2.6306152e+01
   1.3579100e+06   2.1850586e+01
   1.3579220e+06   3.1616211e+01
   1.3579330e+06   8.5205078e+01
   1.3579520e+06   5.3710938e+01
   1.3579880e+06   3.1616211e+01
   1.3580020e+06   1.1572266e+02
   1.3580170e+06   3.0639648e+01
   1.3580440e+06   8.8928223e+01
   1.3580550e+06   3.2104492e+01
   1.3580840e+06   5.9143066e+01
   1.3581030e+06   3.1738281e+01
   1.3581170e+06   5.5053711e+01
   1.3581370e+06   2.7282715e+01
   1.3581500e+06   3.2226562e+01
   1.3581610e+06   1.9958496e+01
   1.3582010e+06   5.0781250e+01
   1.3582330e+06   4.5227051e+01
   1.3582650e+06   5.6762695e+01
   1.3582970e+06   3.9733887e+01
   1.3583120e+06   1.9226074e+01
   1.3583370e+06   3.2836914e+01
   1.3583560e+06   3.2531738e+01
   1.3584260e+06   3.8391113e+01
   1.3584500e+06   2.7648926e+01
   1.3584760e+06   2.4780273e+01
   1.3584880e+06   1.9836426e+01
   1.3585060e+06   3.2470703e+01
   1.3585490e+06   2.9785156e+01
   1.3585920e+06   3.0822754e+01
   1.3586280e+06   2.4108887e+01
   1.3586670e+06   3.1982422e+01
   1.3587160e+06   3.2165527e+01
   1.3587270e+06   2.0690918e+01
   1.3587410e+06   2.3315430e+01
   1.3587540e+06   2.0690918e+01
   1.3587690e+06   1.9165039e+01
   1.3587840e+06   2.6306152e+01
   1.3588100e+06   2.0935059e+01
   1.3588360e+06   1.7944336e+01
   1.3588610e+06   2.3925781e+01
   1.3588880e+06   2.7099609e+01
   1.3589170e+06   3.6315918e+01
   1.3589470e+06   2.7587891e+01
   1.3589820e+06   2.8381348e+01
   1.3590030e+06   1.9775391e+01
   1.3590370e+06   1.9348145e+01
   1.3590620e+06   2.7343750e+01
   1.3590780e+06   2.3437500e+01
   1.3591000e+06   3.9550781e+01
   1.3591170e+06   2.0996094e+01
   1.3591340e+06   1.9897461e+01
   1.3591630e+06   2.5756836e+01
   1.3591880e+06   3.3569336e+01
   1.3592210e+06   3.1616211e+01
   1.3592360e+06   1.8310547e+01
   1.3592570e+06   3.1311035e+01
   1.3592850e+06   3.6071777e+01
   1.3593070e+06   3.0700684e+01
   1.3593280e+06   2.8320312e+01
   1.3593600e+06   3.2226562e+01
   1.3593870e+06   3.8330078e+01
   1.3594290e+06   2.3620605e+01
   1.3594500e+06   2.4230957e+01
   1.3594670e+06   2.7282715e+01
   1.3594800e+06   2.9479980e+01
   1.3595050e+06   3.0395508e+01
   1.3595370e+06   3.5339355e+01
   1.3595620e+06   3.2287598e+01
   1.3595860e+06   2.5756836e+01
   1.3596010e+06   2.2766113e+01
   1.3596170e+06   2.5085449e+01
   1.3596610e+06   3.8513184e+01
   1.3596740e+06   2.2827148e+01
   1.3597140e+06   3.3996582e+01
   1.3597240e+06   1.9104004e+01
   1.3597340e+06   2.9907227e+01
   1.3597620e+06   2.1240234e+01
   1.3597910e+06   2.1850586e+01
   1.3598030e+06   3.4545898e+01
   1.3598340e+06   2.2216797e+01
   1.3598560e+06   3.0883789e+01
   1.3598720e+06   2.4780273e+01
   1.3598860e+06   1.9592285e+01
   1.3599020e+06   2.2521973e+01
   1.3599340e+06   2.6550293e+01
   1.3599440e+06   3.1616211e+01
   1.3600000e+06   3.6071777e+01
   1.3600200e+06   2.9296875e+01
   1.3601010e+06   4.9011230e+01
   1.3601220e+06   2.6916504e+01
   1.3601780e+06   3.1677246e+01
   1.3602550e+06   3.5522461e+01
   1.3603150e+06   2.8991699e+01
   1.3603560e+06   4.5837402e+01
   1.3603880e+06   2.6733398e+01
   1.3604350e+06   4.3457031e+01
   1.3604560e+06   2.0568848e+01
   1.3605110e+06   2.8564453e+01
   1.3605300e+06   4.0649414e+01
   1.3605780e+06   2.8320313e+01
   1.3605930e+06   1.8981934e+01
   1.3606340e+06   3.9916992e+01
   1.3606750e+06   2.7343750e+01
   1.3607310e+06   4.3273926e+01
   1.3607490e+06   2.0751953e+01
   1.3608330e+06   5.8898926e+01
   1.3609330e+06   2.6062012e+01
   1.3609470e+06   4.6813965e+01
   1.3610650e+06   4.6142578e+01
   1.3611820e+06   4.5837402e+01
   1.3613080e+06   4.9987793e+01
   1.3614500e+06   2.2399902e+01
   1.3616170e+06   4.9926758e+01
   1.3618320e+06   4.3212891e+01
   1.3620180e+06   5.6579590e+01
   1.3696450e+06   8.4777832e+01
   1.3772030e+06   2.0629883e+01
   1.3867770e+06   2.2277832e+01
   1.3868160e+06   2.1423340e+01
   1.3969680e+06   1.9470215e+01
   1.3970050e+06   1.8981934e+01
   1.4667480e+06   2.0568848e+01
   1.4713590e+06   1.9714355e+01
   1.4713950e+06   2.0263672e+01
   1.5100290e+06   3.1127930e+01
   1.5100540e+06   2.4353027e+01
   1.5100770e+06   2.4597168e+01
   1.5101200e+06   2.3803711e+01
   1.5101300e+06   2.3803711e+01
   1.5101600e+06   1.7639160e+01
   1.5101780e+06   3.3935547e+01
   1.5101960e+06   1.8737793e+01
   1.5102240e+06   5.6396484e+01
   1.5102480e+06   9.8815918e+01
   1.5102790e+06   2.9846191e+01
   1.5102900e+06   8.0017090e+01
   1.5103150e+06   4.4067383e+01
   1.5103300e+06   2.8869629e+01
   1.5103600e+06   6.0974121e+01
   1.5103700e+06   3.2958984e+01
   1.5103880e+06   2.0812988e+01
   1.5104110e+06   2.8198242e+01
   1.5104370e+06   2.7709961e+01
   1.5104480e+06   2.8503418e+01
   1.5104730e+06   3.3691406e+01
   1.5104880e+06   2.7770996e+01
   1.5105150e+06   3.6254883e+01
   1.5105380e+06   3.1250000e+01
   1.5105530e+06   2.4719238e+01
   1.5105740e+06   2.2949219e+01
   1.5105970e+06   2.5024414e+01
   1.5106210e+06   2.5817871e+01
   1.5106320e+06   1.9165039e+01
   1.5106460e+06   2.4230957e+01
   1.5106680e+06   2.3010254e+01
   1.5106780e+06   2.1118164e+01
   1.5107180e+06   2.5451660e+01
   1.5107380e+06   2.8625488e+01
   1.5107480e+06   2.0141602e+01
   1.5107860e+06   3.5156250e+01
   1.5108240e+06   2.8503418e+01
   1.5108350e+06   2.3620605e+01
   1.5108640e+06   2.7954102e+01
   1.5108920e+06   3.8574219e+01
   1.5109180e+06   2.1301270e+01
   1.5109320e+06   3.5461426e+01
   1.5109520e+06   2.2338867e+01
   1.5109760e+06   2.7221680e+01
   1.5109920e+06   2.4353027e+01
   1.5110160e+06   1.8981934e+01
   1.5110380e+06   3.4301758e+01
   1.5110740e+06   2.6977539e+01
   1.5110910e+06   1.9348145e+01
   1.5111080e+06   3.4790039e+01
   1.5111420e+06   2.1545410e+01
   1.5111610e+06   1.8249512e+01
   1.5111860e+06   3.6926270e+01
   1.5111960e+06   2.3498535e+01
   1.5112230e+06   3.4362793e+01
   1.5112390e+06   1.8432617e+01
   1.5112490e+06   3.4790039e+01
   1.5112820e+06   2.6123047e+01
   1.5112950e+06   2.4230957e+01
   1.5113200e+06   2.2888184e+01
   1.5113480e+06   2.2033691e+01
   1.5113590e+06   2.9235840e+01
   1.5113990e+06   3.3386230e+01
   1.5114260e+06   3.0273438e+01
   1.5114440e+06   3.1616211e+01
   1.5114800e+06   2.2888184e+01
   1.5115110e+06   3.2592773e+01
   1.5115350e+06   2.4291992e+01
   1.5115510e+06   3.1066895e+01
   1.5115800e+06   2.8198242e+01
   1.5116210e+06   2.1606445e+01
   1.5116390e+06   1.9042969e+01
   1.5116730e+06   3.0456543e+01
   1.5117090e+06   2.4841309e+01
   1.5117220e+06   3.0273438e+01
   1.5117480e+06   2.7954102e+01
   1.5117700e+06   1.7761230e+01
   1.5117900e+06   2.4658203e+01
   1.5118050e+06   2.5756836e+01
   1.5118380e+06   2.7221680e+01
   1.5118680e+06   2.9296875e+01
   1.5118880e+06   2.8320312e+01
   1.5119030e+06   1.9348145e+01
   1.5119420e+06   2.8503418e+01
   1.5119690e+06   1.8493652e+01
   1.5119820e+06   3.0090332e+01
   1.5120200e+06   2.5268555e+01
   1.5120360e+06   2.7709961e+01
   1.5120680e+06   2.4963379e+01
   1.5121130e+06   3.0212402e+01
   1.5121600e+06   3.4606934e+01
   1.5121830e+06   2.7770996e+01
   1.5122150e+06   2.0080566e+01
   1.5122380e+06   3.1860352e+01
   1.5122560e+06   2.4475098e+01
   1.5122810e+06   3.1066895e+01
   1.5123310e+06   3.8635254e+01
   1.5123950e+06   2.6672363e+01
   1.5124170e+06   3.7780762e+01
   1.5124380e+06   3.6254883e+01
   1.5124820e+06   2.9357910e+01
   1.5125050e+06   3.8391113e+01
   1.5125500e+06   2.9235840e+01
   1.5125870e+06   3.8024902e+01
   1.5126510e+06   2.1606445e+01
   1.5126770e+06   3.6621094e+01
   1.5127390e+06   2.6916504e+01
   1.5127570e+06   3.5339355e+01
   1.5128270e+06   3.0700684e+01
   1.5128570e+06   4.1137695e+01
   1.5129470e+06   3.2348633e+01
   1.5130490e+06   4.2846680e+01
   1.5131260e+06   2.7709961e+01
   1.5131540e+06   4.2480469e+01
   1.5132560e+06   5.0903320e+01
   1.5133840e+06   4.6813965e+01
   1.5135090e+06   4.5593262e+01
   1.5136240e+06   5.0903320e+01
   1.5137760e+06   4.7790527e+01
   1.5139390e+06   4.7546387e+01
   1.5141210e+06   5.4748535e+01
   1.5143210e+06   5.6945801e+01
   1.5215810e+06   8.4655762e+01
   1.5243260e+06   8.2946777e+01
   1.5361180e+06   2.1789551e+01
   1.5419510e+06   1.9470215e+01
   1.5476120e+06   2.0935059e+01
   1.5511210e+06   2.0324707e+01
   1.5511730e+06   1.8066406e+01
   1.5576050e+06   2.9174805e+01
   1.5576980e+06   3.4851074e+01
   1.5577320e+06   8.3679199e+01
   1.5577550e+06   2.6489258e+01
   1.5577780e+06   2.3559570e+01
   1.5578150e+06   4.4311523e+01
   1.5578310e+06   5.0598145e+01
   1.5578500e+06   2.0141602e+01
   1.5578690e+06   3.0273438e+01
   1.5578800e+06   5.0048828e+01
   1.5579070e+06   4.5288086e+01
   1.5579290e+06   4.0039062e+01
   1.5579510e+06   5.4321289e+01
   1.5579720e+06   3.4545898e+01
   1.5580080e+06   4.3334961e+01
   1.5580320e+06   3.4545898e+01
   1.5580490e+06   2.7465820e+01
   1.5580630e+06   2.4230957e+01
   1.5580890e+06   2.4902344e+01
   1.5581000e+06   3.7170410e+01
   1.5581230e+06   3.5705566e+01
   1.5581440e+06   1.9348145e+01
   1.5581610e+06   2.6916504e+01
   1.5581750e+06   3.2104492e+01
   1.5581980e+06   2.6733398e+01
   1.5582220e+06   3.2592773e+01
   1.5582440e+06   1.9653320e+01
   1.5582810e+06   2.5451660e+01
   1.5582950e+06   2.5024414e+01
   1.5583130e+06   1.8188477e+01
   1.5583410e+06   2.3254395e+01
   1.5583660e+06   3.6254883e+01
   1.5583970e+06   2.9479980e+01
   1.5584230e+06   2.5085449e+01
   1.5584400e+06   2.7648926e+01
   1.5584690e+06   2.3010254e+01
   1.5584840e+06   1.8554688e+01
   1.5585030e+06   3.6437988e+01
   1.5585300e+06   3.1555176e+01
   1.5585580e+06   2.2155762e+01
   1.5585810e+06   4.3823242e+01
   1.5586050e+06   1.8676758e+01
   1.5586300e+06   2.3498535e+01
   1.5586420e+06   2.0629883e+01
   1.5586550e+06   3.5095215e+01
   1.5586910e+06   3.3935547e+01
   1.5587020e+06   1.8615723e+01
   1.5587210e+06   3.7902832e+01
   1.5587540e+06   2.6611328e+01
   1.5587790e+06   2.4841309e+01
   1.5588040e+06   1.8859863e+01
   1.5588410e+06   3.4729004e+01
   1.5588820e+06   2.2583008e+01
   1.5589030e+06   1.8249512e+01
   1.5589130e+06   3.8879395e+01
   1.5589430e+06   2.6489258e+01
   1.5589760e+06   2.8198242e+01
   1.5590070e+06   2.8198242e+01
   1.5590270e+06   3.2836914e+01
   1.5590480e+06   2.1301270e+01
   1.5590610e+06   2.6855469e+01
   1.5590910e+06   2.2888184e+01
   1.5591330e+06   2.0507812e+01
   1.5591530e+06   1.8432617e+01
   1.5591710e+06   1.9165039e+01
   1.5592000e+06   1.7700195e+01
   1.5592150e+06   2.8869629e+01
   1.5592360e+06   2.3437500e+01
   1.5592720e+06   4.6325684e+01
   1.5593020e+06   2.5878906e+01
   1.5593220e+06   3.4667969e+01
   1.5593610e+06   2.2399902e+01
   1.5593890e+06   2.7099609e+01
   1.5594080e+06   1.9287109e+01
   1.5594510e+06   3.6193848e+01
   1.5594820e+06   3.6132812e+01
   1.5595180e+06   2.1667480e+01
   1.5595300e+06   2.1301270e+01
   1.5595570e+06   2.4169922e+01
   1.5595920e+06   4.0527344e+01
   1.5596090e+06   2.3010254e+01
   1.5596480e+06   2.5268555e+01
   1.5596630e+06   3.1311035e+01
   1.5596910e+06   2.4841309e+01
   1.5597260e+06   3.4484863e+01
   1.5597610e+06   2.2399902e+01
   1.5597790e+06   1.9653320e+01
   1.5598000e+06   3.4790039e+01
   1.5598190e+06   3.1188965e+01
   1.5598600e+06   2.7893066e+01
   1.5598780e+06   2.7648926e+01
   1.5598970e+06   2.1545410e+01
   1.5599380e+06   2.1789551e+01
   1.5599540e+06   3.4729004e+01
   1.5599880e+06   2.3864746e+01
   1.5600360e+06   3.4667969e+01
   1.5600620e+06   2.2521973e+01
   1.5601040e+06   1.9714355e+01
   1.5601240e+06   3.9672852e+01
   1.5601640e+06   2.1911621e+01
   1.5602050e+06   2.2399902e+01
   1.5602150e+06   3.9794922e+01
   1.5602650e+06   2.3498535e+01
   1.5603040e+06   4.1931152e+01
   1.5603220e+06   2.7770996e+01
   1.5604040e+06   3.8208008e+01
   1.5604190e+06   2.7587891e+01
   1.5605140e+06   4.7485352e+01
   1.5605570e+06   3.1433105e+01
   1.5606180e+06   4.5532227e+01
   1.5607230e+06   4.0649414e+01
   1.5607490e+06   2.6916504e+01
   1.5608380e+06   4.7851563e+01
   1.5609780e+06   4.8156738e+01
   1.5610010e+06   2.6672363e+01
   1.5611450e+06   5.1025391e+01
   1.5612220e+06   2.9174805e+01
   1.5613150e+06   5.4626465e+01
   1.5615420e+06   5.5114746e+01
   1.6874200e+06   2.0324707e+01
   1.7063650e+06   2.5329590e+01
   1.7063920e+06   3.5583496e+01
   1.7064080e+06   9.0393066e+01
   1.7064270e+06   3.8574219e+01
   1.7064520e+06   3.1494141e+01
   1.7064660e+06   9.3872070e+01
   1.7065030e+06   7.4401855e+01
   1.7065200e+06   2.2216797e+01
   1.7065420e+06   5.8776855e+01
   1.7065610e+06   5.9204102e+01
   1.7065950e+06   3.7353516e+01
   1.7066220e+06   4.6936035e+01
   1.7066420e+06   1.7944336e+01
   1.7066580e+06   2.2583008e+01
   1.7066740e+06   3.8330078e+01
   1.7066990e+06   2.8625488e+01
   1.7067360e+06   4.2297363e+01
   1.7067580e+06   3.1738281e+01
   1.7067730e+06   2.3376465e+01
   1.7067840e+06   2.9113770e+01
   1.7067980e+06   2.3132324e+01
   1.7068140e+06   3.1860352e+01
   1.7068260e+06   1.8188477e+01
   1.7068560e+06   2.9174805e+01
   1.7068670e+06   2.0446777e+01
   1.7068840e+06   2.7709961e+01
   1.7069100e+06   2.2827148e+01
   1.7069420e+06   2.8015137e+01
   1.7069870e+06   4.1381836e+01
   1.7069990e+06   2.1545410e+01
   1.7070230e+06   3.2592773e+01
   1.7070390e+06   2.3071289e+01
   1.7070610e+06   3.0578613e+01
   1.7071020e+06   2.3681641e+01
   1.7071240e+06   3.5766602e+01
   1.7071540e+06   3.7048340e+01
   1.7071900e+06   3.1616211e+01
   1.7072200e+06   2.8259277e+01
   1.7072510e+06   3.2409668e+01
   1.7072650e+06   2.0996094e+01
   1.7072910e+06   3.0456543e+01
   1.7073170e+06   2.7770996e+01
   1.7073300e+06   2.2888184e+01
   1.7073730e+06   3.1127930e+01
   1.7074040e+06   3.2592773e+01
   1.7074240e+06   2.0263672e+01
   1.7074560e+06   3.1799316e+01
   1.7074810e+06   2.3864746e+01
   1.7074910e+06   2.4230957e+01
   1.7075160e+06   2.5634766e+01
   1.7075430e+06   2.9785156e+01
   1.7075680e+06   2.4353027e+01
   1.7075930e+06   2.4963379e+01
   1.7076180e+06   3.0578613e+01
   1.7076300e+06   3.1250000e+01
   1.7076600e+06   2.9418945e+01
   1.7076770e+06   2.6855469e+01
   1.7077140e+06   2.7526855e+01
   1.7077410e+06   4.4799805e+01
   1.7077560e+06   3.1860352e+01
   1.7077860e+06   2.3254395e+01
   1.7078090e+06   2.5390625e+01
   1.7078270e+06   1.7761230e+01
   1.7078500e+06   2.1118164e+01
   1.7078600e+06   2.2155762e+01
   1.7078910e+06   3.0517578e+01
   1.7079170e+06   1.8615723e+01
   1.7079360e+06   3.1005859e+01
   1.7079670e+06   2.9541016e+01
   1.7079820e+06   1.9409180e+01
   1.7079920e+06   2.0080566e+01
   1.7080140e+06   2.9174805e+01
   1.7080430e+06   5.4626465e+01
   1.7080540e+06   1.8798828e+01
   1.7080890e+06   4.0283203e+01
   1.7081340e+06   2.6000977e+01
   1.7081600e+06   3.2653809e+01
   1.7081810e+06   2.7099609e+01
   1.7081920e+06   1.8066406e+01
   1.7082160e+06   2.3498535e+01
   1.7082260e+06   3.6315918e+01
   1.7082610e+06   2.7404785e+01
   1.7082790e+06   2.0141602e+01
   1.7083120e+06   3.7658691e+01
   1.7083330e+06   1.7944336e+01
   1.7083700e+06   3.7536621e+01
   1.7083800e+06   3.5339355e+01
   1.7084160e+06   2.5634766e+01
   1.7084410e+06   3.2897949e+01
   1.7084710e+06   3.5827637e+01
   1.7085250e+06   2.1911621e+01
   1.7085840e+06   2.8259277e+01
   1.7086100e+06   3.9184570e+01
   1.7086320e+06   2.9296875e+01
   1.7086910e+06   4.0344238e+01
   1.7087250e+06   2.8320312e+01
   1.7087730e+06   3.9123535e+01
   1.7088150e+06   2.7587891e+01
   1.7088570e+06   4.7424316e+01
   1.7088960e+06   2.7770996e+01
   1.7089390e+06   3.8452148e+01
   1.7090410e+06   4.4494629e+01
   1.7091330e+06   4.2114258e+01
   1.7092330e+06   4.5471191e+01
   1.7092710e+06   3.0151367e+01
   1.7093340e+06   4.9621582e+01
   1.7094410e+06   4.3823242e+01
   1.7095480e+06   4.5959473e+01
   1.7096680e+06   4.6142578e+01
   1.7097150e+06   3.3447266e+01
   1.7098040e+06   4.4006348e+01
   1.7099380e+06   5.1391602e+01
   1.7100770e+06   5.1879883e+01
   1.7102300e+06   5.6091309e+01
   1.7104220e+06   5.2917480e+01
   1.7106650e+06   5.9387207e+01
   1.7177720e+06   8.7768555e+01
   1.7213300e+06   7.6110840e+01
   1.7226200e+06   8.6669922e+01
   1.7226500e+06   2.7648926e+01
   1.7226900e+06   2.5329590e+01
   1.7227250e+06   8.1604004e+01
   1.7227550e+06   3.1860352e+01
   1.7227680e+06   4.1625977e+01
   1.7227890e+06   4.8034668e+01
   1.7228000e+06   7.9223633e+01
   1.7228230e+06   4.9560547e+01
   1.7228530e+06   6.4270020e+01
   1.7228690e+06   4.1076660e+01
   1.7229090e+06   5.4199219e+01
   1.7229210e+06   2.3315430e+01
   1.7229450e+06   4.9682617e+01
   1.7229650e+06   3.3264160e+01
   1.7229800e+06   3.6315918e+01
   1.7229990e+06   3.0517578e+01
   1.7230280e+06   3.7292480e+01
   1.7230490e+06   3.4606934e+01
   1.7230770e+06   2.3193359e+01
   1.7230960e+06   3.3935547e+01
   1.7231190e+06   2.4291992e+01
   1.7231380e+06   3.2775879e+01
   1.7231690e+06   4.1198730e+01
   1.7231970e+06   2.0385742e+01
   1.7232180e+06   2.1484375e+01
   1.7232380e+06   2.0751953e+01
   1.7232670e+06   4.0588379e+01
   1.7232820e+06   2.2827148e+01
   1.7233080e+06   2.8137207e+01
   1.7233340e+06   2.5024414e+01
   1.7233600e+06   2.1057129e+01
   1.7233880e+06   1.9714355e+01
   1.7234230e+06   2.9296875e+01
   1.7234540e+06   3.6499023e+01
   1.7235060e+06   2.6245117e+01
   1.7235260e+06   2.6367188e+01
   1.7235370e+06   2.6977539e+01
   1.7235660e+06   1.8920898e+01
   1.7236100e+06   3.7231445e+01
   1.7236370e+06   3.0639648e+01
   1.7236520e+06   1.9958496e+01
   1.7236730e+06   2.5817871e+01
   1.7237110e+06   2.2705078e+01
   1.7237310e+06   3.7597656e+01
   1.7237500e+06   2.9113770e+01
   1.7237820e+06   1.8798828e+01
   1.7237970e+06   2.0141602e+01
   1.7238230e+06   2.8747559e+01
   1.7238400e+06   1.7883301e+01
   1.7238500e+06   2.5512695e+01
   1.7238930e+06   2.4353027e+01
   1.7239250e+06   3.9245605e+01
   1.7239410e+06   2.7587891e+01
   1.7239660e+06   1.8005371e+01
   1.7239830e+06   1.7700195e+01
   1.7240010e+06   4.2968750e+01
   1.7240380e+06   3.5644531e+01
   1.7240710e+06   2.0812988e+01
   1.7240810e+06   2.2277832e+01
   1.7241010e+06   2.9357910e+01
   1.7241440e+06   4.9560547e+01
   1.7241760e+06   1.9287109e+01
   1.7242260e+06   3.3874512e+01
   1.7242620e+06   1.9104004e+01
   1.7242880e+06   1.8310547e+01
   1.7243040e+06   4.5898438e+01
   1.7243150e+06   2.6489258e+01
   1.7243330e+06   2.2888184e+01
   1.7243810e+06   4.4311523e+01
   1.7244090e+06   2.3498535e+01
   1.7244300e+06   2.2399902e+01
   1.7244840e+06   2.5207520e+01
   1.7245070e+06   2.0996094e+01
   1.7245300e+06   3.2348633e+01
   1.7245760e+06   2.8442383e+01
   1.7245920e+06   1.8554688e+01
   1.7246500e+06   2.3071289e+01
   1.7246850e+06   2.6184082e+01
   1.7246970e+06   1.9104004e+01
   1.7247560e+06   4.1992188e+01
   1.7248060e+06   1.8798828e+01
   1.7248410e+06   4.8767090e+01
   1.7248520e+06   3.9062500e+01
   1.7248970e+06   2.7770996e+01
   1.7249540e+06   4.1809082e+01
   1.7249850e+06   2.9602051e+01
   1.7250600e+06   2.5756836e+01
   1.7250740e+06   4.9926758e+01
   1.7251090e+06   2.3742676e+01
   1.7251190e+06   2.4230957e+01
   1.7251840e+06   1.7944336e+01
   1.7252150e+06   4.5410156e+01
   1.7253540e+06   4.6508789e+01
   1.7253760e+06   3.0761719e+01
   1.7254750e+06   5.2612305e+01
   1.7255330e+06   2.9968262e+01
   1.7255900e+06   4.7607422e+01
   1.7257420e+06   4.6630859e+01
   1.7258830e+06   5.1940918e+01
   1.7260330e+06   4.8828125e+01
   1.7262170e+06   4.5593262e+01
   1.7264050e+06   1.9775391e+01
   1.7264180e+06   4.7363281e+01
   1.7265990e+06   5.2856445e+01
   1.7268000e+06   5.9082031e+01
   1.7271770e+06   6.1645508e+01
   1.7363580e+06   8.7951660e+01
   1.7364240e+06   1.1145020e+02
   1.7364360e+06   3.8940430e+01
   1.7364640e+06   3.7109375e+01
   1.7364770e+06   2.9785156e+01
   1.7364870e+06   1.1712646e+02
   1.7365020e+06   4.2907715e+01
   1.7365320e+06   2.8076172e+01
   1.7365460e+06   5.4260254e+01
   1.7365740e+06   4.1320801e+01
   1.7365880e+06   2.6550293e+01
   1.7366110e+06   3.4362793e+01
   1.7366270e+06   3.9916992e+01
   1.7366380e+06   2.7160645e+01
   1.7366590e+06   4.2175293e+01
   1.7366720e+06   4.0466309e+01
   1.7366830e+06   3.6437988e+01
   1.7367010e+06   2.7709961e+01
   1.7367260e+06   4.2907715e+01
   1.7367400e+06   4.0161133e+01
   1.7367620e+06   3.2470703e+01
   1.7367910e+06   2.9541016e+01
   1.7368030e+06   2.4108887e+01
   1.7368420e+06   2.0202637e+01
   1.7368550e+06   4.6691895e+01
   1.7368870e+06   3.2775879e+01
   1.7369000e+06   2.2827148e+01
   1.7369160e+06   2.9785156e+01
   1.7369450e+06   1.8249512e+01
   1.7369800e+06   3.9062500e+01
   1.7370060e+06   2.8015137e+01
   1.7370280e+06   3.5461426e+01
   1.7370520e+06   3.2592773e+01
   1.7370790e+06   2.4963379e+01
   1.7370950e+06   3.0029297e+01
   1.7371090e+06   2.0385742e+01
   1.7371250e+06   2.2705078e+01
   1.7371370e+06   2.4047852e+01
   1.7371580e+06   2.9785156e+01
   1.7371880e+06   5.0781250e+01
   1.7371980e+06   3.1921387e+01
   1.7372250e+06   3.0029297e+01
   1.7372410e+06   2.6123047e+01
   1.7372750e+06   2.7099609e+01
   1.7372850e+06   2.3254395e+01
   1.7373040e+06   2.1179199e+01
   1.7373390e+06   1.7944336e+01
   1.7373580e+06   2.6245117e+01
   1.7373920e+06   4.1015625e+01
   1.7374220e+06   5.2307129e+01
   1.7374520e+06   2.4963379e+01
   1.7374880e+06   3.1005859e+01
   1.7375250e+06   2.5268555e+01
   1.7375700e+06   2.1972656e+01
   1.7375850e+06   2.7587891e+01
   1.7376270e+06   3.0334473e+01
   1.7376370e+06   3.5583496e+01
   1.7376610e+06   3.2897949e+01
   1.7376950e+06   2.0263672e+01
   1.7377220e+06   3.1616211e+01
   1.7377720e+06   2.7038574e+01
   1.7378000e+06   3.3813477e+01
   1.7378300e+06   1.8798828e+01
   1.7378510e+06   5.2917480e+01
   1.7378810e+06   3.7658691e+01
   1.7379140e+06   1.9409180e+01
   1.7379290e+06   3.7719727e+01
   1.7380230e+06   2.8930664e+01
   1.7380470e+06   1.7944336e+01
   1.7380790e+06   2.1606445e+01
   1.7381240e+06   4.2236328e+01
   1.7381380e+06   1.9836426e+01
   1.7381620e+06   2.4047852e+01
   1.7382070e+06   4.4006348e+01
   1.7382820e+06   3.5095215e+01
   1.7383880e+06   4.6691895e+01
   1.7384050e+06   2.9113770e+01
   1.7384780e+06   4.6142578e+01
   1.7385640e+06   2.6245117e+01
   1.7386770e+06   4.4433594e+01
   1.7388990e+06   4.7180176e+01
   1.7390100e+06   4.3334961e+01
   1.7391290e+06   4.9438477e+01
   1.7392510e+06   4.3518066e+01
   1.7393750e+06   4.5532227e+01
   1.7395000e+06   5.1025391e+01
   1.7396450e+06   5.0109863e+01
   1.7397980e+06   5.1330566e+01
   1.7399630e+06   5.7556152e+01
   1.7401300e+06   6.1157227e+01
   1.7403720e+06   5.5603027e+01
   1.7963970e+06   2.8320312e+01
   1.7964190e+06   1.9531250e+01
   1.7964440e+06   4.3395996e+01
   1.7964540e+06   8.2092285e+01
   1.7964770e+06   5.3283691e+01
   1.7964900e+06   7.6660156e+01
   1.7965020e+06   3.4912109e+01
   1.7965240e+06   4.8583984e+01
   1.7965400e+06   2.6550293e+01
   1.7965600e+06   3.1311035e+01
   1.7965880e+06   2.7343750e+01
   1.7966130e+06   2.9113770e+01
   1.7966390e+06   3.5949707e+01
   1.7966530e+06   3.7475586e+01
   1.7966690e+06   2.5878906e+01
   1.7966830e+06   3.8757324e+01
   1.7966980e+06   2.7343750e+01
   1.7967140e+06   2.5939941e+01
   1.7967310e+06   2.5634766e+01
   1.7967570e+06   2.7282715e+01
   1.7967760e+06   3.0639648e+01
   1.7968010e+06   2.6733398e+01
   1.7968300e+06   3.7292480e+01
   1.7968570e+06   3.1494141e+01
   1.7968780e+06   2.7465820e+01
   1.7969090e+06   2.0874023e+01
   1.7969340e+06   2.1606445e+01
   1.7969440e+06   1.9409180e+01
   1.7969670e+06   2.2094727e+01
   1.7969990e+06   3.4179688e+01
   1.7970230e+06   2.6977539e+01
   1.7970440e+06   3.7109375e+01
   1.7970980e+06   3.8146973e+01
   1.7971120e+06   1.7761230e+01
   1.7971250e+06   3.1555176e+01
   1.7971540e+06   2.2705078e+01
   1.7971820e+06   4.1931152e+01
   1.7972330e+06   3.1555176e+01
   1.7972490e+06   2.2155762e+01
   1.7972650e+06   3.7109375e+01
   1.7973000e+06   2.6000977e+01
   1.7973340e+06   3.4851074e+01
   1.7973480e+06   1.8188477e+01
   1.7973770e+06   3.2592773e+01
   1.7974030e+06   2.7465820e+01
   1.7974450e+06   2.6733398e+01
   1.7974750e+06   3.4973145e+01
   1.7975080e+06   3.1127930e+01
   1.7975210e+06   1.8432617e+01
   1.7975430e+06   2.0996094e+01
   1.7975690e+06   2.9479980e+01
   1.7975880e+06   1.7822266e+01
   1.7976120e+06   3.8208008e+01
   1.7976220e+06   2.2094727e+01
   1.7976570e+06   4.2236328e+01
   1.7976720e+06   1.8249512e+01
   1.7977030e+06   3.8513184e+01
   1.7977390e+06   3.9855957e+01
   1.7977730e+06   3.5034180e+01
   1.7977970e+06   1.7822266e+01
   1.7978230e+06   3.1433105e+01
   1.7978530e+06   2.0812988e+01
   1.7978770e+06   4.1259766e+01
   1.7979160e+06   2.9235840e+01
   1.7979390e+06   1.8127441e+01
   1.7979590e+06   3.1860352e+01
   1.7980050e+06   2.4047852e+01
   1.7980150e+06   2.5573730e+01
   1.7980410e+06   2.4658203e+01
   1.7980800e+06   3.6987305e+01
   1.7981070e+06   2.2827148e+01
   1.7981380e+06   2.1423340e+01
   1.7981670e+06   3.3935547e+01
   1.7981910e+06   3.0700684e+01
   1.7982280e+06   2.8625488e+01
   1.7983040e+06   3.9978027e+01
   1.7983310e+06   1.9836426e+01
   1.7983530e+06   3.4118652e+01
   1.7984050e+06   2.7648926e+01
   1.7984320e+06   4.2663574e+01
   1.7984530e+06   2.8381348e+01
   1.7985040e+06   2.9846191e+01
   1.7985690e+06   3.6987305e+01
   1.7985870e+06   2.4414062e+01
   1.7986580e+06   4.0161133e+01
   1.7986740e+06   2.7221680e+01
   1.7987090e+06   2.0080566e+01
   1.7987460e+06   1.8859863e+01
   1.7987620e+06   4.2053223e+01
   1.7988750e+06   2.7770996e+01
   1.7990020e+06   2.7648926e+01
   1.7990170e+06   1.8310547e+01
   1.7990970e+06   5.1147461e+01
   1.7992000e+06   4.8583984e+01
   1.7992130e+06   3.1860352e+01
   1.7992970e+06   4.6936035e+01
   1.7993320e+06   2.8442383e+01
   1.7994090e+06   5.1818848e+01
   1.7995150e+06   4.4433594e+01
   1.7996320e+06   4.5898438e+01
   1.7997510e+06   2.3498535e+01
   1.7998710e+06   2.5939941e+01
   1.7998820e+06   5.0720215e+01
   1.8000130e+06   5.1513672e+01
   1.8001230e+06   2.5939941e+01
   1.8001560e+06   5.2246094e+01
   1.8002940e+06   5.1635742e+01
   1.8004760e+06   5.6762695e+01
   1.8006790e+06   5.7678223e+01
   1.8008680e+06   5.8349609e+01
   1.8011850e+06   5.2490234e+01
   1.8306930e+06   2.7709961e+01
   1.8307210e+06   3.2653809e+01
   1.8307580e+06   1.2756348e+02
   1.8307810e+06   4.4860840e+01
   1.8307990e+06   8.5571289e+01
   1.8308300e+06   3.2470703e+01
   1.8308500e+06   2.4841309e+01
   1.8308750e+06   6.0546875e+01
   1.8308930e+06   3.9672852e+01
   1.8309080e+06   3.4790039e+01
   1.8309340e+06   4.0527344e+01
   1.8309600e+06   5.4443359e+01
   1.8309760e+06   2.6550293e+01
   1.8310060e+06   2.9663086e+01
   1.8310290e+06   3.9184570e+01
   1.8310510e+06   2.2766113e+01
   1.8310780e+06   2.4047852e+01
   1.8311080e+06   1.8615723e+01
   1.8311280e+06   2.2766113e+01
   1.8311460e+06   2.4719238e+01
   1.8311790e+06   2.9052734e+01
   1.8312090e+06   3.4606934e+01
   1.8312210e+06   2.1789551e+01
   1.8312460e+06   3.3020020e+01
   1.8312800e+06   3.0822754e+01
   1.8313180e+06   3.4118652e+01
   1.8313290e+06   2.9541016e+01
   1.8313480e+06   2.0996094e+01
   1.8313850e+06   3.5705566e+01
   1.8314010e+06   2.5878906e+01
   1.8314140e+06   1.8432617e+01
   1.8314530e+06   2.8259277e+01
   1.8314840e+06   3.1005859e+01
   1.8315180e+06   3.5827637e+01
   1.8315470e+06   2.4780273e+01
   1.8315790e+06   2.4169922e+01
   1.8316050e+06   3.8085938e+01
   1.8316270e+06   2.9968262e+01
   1.8316570e+06   2.5817871e+01
   1.8316740e+06   1.9653320e+01
   1.8316890e+06   2.3010254e+01
   1.8316990e+06   2.2949219e+01
   1.8317390e+06   3.4423828e+01
   1.8317670e+06   3.2775879e+01
   1.8317980e+06   4.1381836e+01
   1.8318310e+06   3.7414551e+01
   1.8318650e+06   3.0822754e+01
   1.8318880e+06   2.5329590e+01
   1.8319030e+06   3.8146973e+01
   1.8319440e+06   3.5461426e+01
   1.8319710e+06   2.5878906e+01
   1.8319870e+06   1.9836426e+01
   1.8320140e+06   3.0212402e+01
   1.8320660e+06   4.0222168e+01
   1.8321210e+06   4.0832520e+01
   1.8321310e+06   3.4179688e+01
   1.8321570e+06   2.7282715e+01
   1.8322050e+06   3.7353516e+01
   1.8322200e+06   1.8066406e+01
   1.8322530e+06   3.1250000e+01
   1.8322630e+06   3.4667969e+01
   1.8322920e+06   4.6020508e+01
   1.8323660e+06   2.7099609e+01
   1.8324040e+06   2.9479980e+01
   1.8324610e+06   3.5827637e+01
   1.8324910e+06   2.1789551e+01
   1.8325030e+06   3.4423828e+01
   1.8325200e+06   2.2094727e+01
   1.8325500e+06   3.9550781e+01
   1.8325740e+06   2.3498535e+01
   1.8326000e+06   1.8798828e+01
   1.8326140e+06   2.7526855e+01
   1.8326600e+06   5.7983398e+01
   1.8326990e+06   1.9226074e+01
   1.8327130e+06   1.9592285e+01
   1.8327520e+06   3.6926270e+01
   1.8327750e+06   2.6245117e+01
   1.8328040e+06   2.7587891e+01
   1.8328550e+06   3.2836914e+01
   1.8328700e+06   2.1972656e+01
   1.8329560e+06   3.4179688e+01
   1.8329830e+06   2.6123047e+01
   1.8330180e+06   2.9785156e+01
   1.8330940e+06   4.3701172e+01
   1.8331190e+06   2.8137207e+01
   1.8331820e+06   4.1687012e+01
   1.8332260e+06   3.0151367e+01
   1.8332820e+06   4.3701172e+01
   1.8333740e+06   4.2602539e+01
   1.8333850e+06   3.6743164e+01
   1.8334810e+06   4.8156738e+01
   1.8335020e+06   2.9785156e+01
   1.8335910e+06   4.3518066e+01
   1.8337030e+06   4.6386719e+01
   1.8338130e+06   4.8034668e+01
   1.8339190e+06   4.5776367e+01
   1.8340370e+06   4.6569824e+01
   1.8341690e+06   4.4494629e+01
   1.8342980e+06   4.7180176e+01
   1.8344420e+06   5.1940918e+01
   1.8345800e+06   5.2001953e+01
   1.8347270e+06   4.5715332e+01
   1.8348920e+06   4.9682617e+01
   1.8350980e+06   5.9692383e+01
   1.8353590e+06   5.5114746e+01
   1.8463010e+06   8.6547852e+01
   1.8463670e+06   7.5622559e+01
   1.8463930e+06   2.9174805e+01
   1.8464200e+06   3.2714844e+01
   1.8464390e+06   6.4697266e+01
   1.8464650e+06   3.1860352e+01
   1.8464770e+06   3.1066895e+01
   1.8465010e+06   7.8063965e+01
   1.8465180e+06   2.6550293e+01
   1.8465390e+06   3.5461426e+01
   1.8465490e+06   4.3945312e+01
   1.8465710e+06   2.5390625e+01
   1.8465990e+06   4.8645020e+01
   1.8466100e+06   2.3620605e+01
   1.8466420e+06   5.9936523e+01
   1.8466630e+06   1.9897461e+01
   1.8466860e+06   3.3264160e+01
   1.8467030e+06   3.6743164e+01
   1.8467260e+06   3.5522461e+01
   1.8467430e+06   3.2775879e+01
   1.8467640e+06   2.1789551e+01
   1.8467810e+06   1.9287109e+01
   1.8468040e+06   3.1250000e+01
   1.8468250e+06   2.8381348e+01
   1.8468520e+06   2.8991699e+01
   1.8468830e+06   2.3071289e+01
   1.8469090e+06   3.1616211e+01
   1.8469310e+06   3.5217285e+01
   1.8469640e+06   3.2043457e+01
   1.8469910e+06   2.4230957e+01
   1.8470210e+06   2.8625488e+01
   1.8470440e+06   2.9785156e+01
   1.8470540e+06   3.3508301e+01
   1.8470930e+06   2.7465820e+01
   1.8471040e+06   1.8127441e+01
   1.8471280e+06   2.7221680e+01
   1.8471580e+06   2.5451660e+01
   1.8471760e+06   2.8625488e+01
   1.8472080e+06   2.1484375e+01
   1.8472290e+06   3.1372070e+01
   1.8472560e+06   2.6428223e+01
   1.8472890e+06   2.5878906e+01
   1.8473130e+06   1.7944336e+01
   1.8473280e+06   2.6184082e+01
   1.8473450e+06   2.2094727e+01
   1.8473720e+06   2.8869629e+01
   1.8474060e+06   1.9653320e+01
   1.8474170e+06   2.9296875e+01
   1.8474300e+06   1.7883301e+01
   1.8474510e+06   2.2644043e+01
   1.8474830e+06   2.0935059e+01
   1.8475090e+06   1.9348145e+01
   1.8475280e+06   2.6367188e+01
   1.8475640e+06   2.2888184e+01
   1.8475750e+06   2.3193359e+01
   1.8476030e+06   2.7404785e+01
   1.8476420e+06   2.1118164e+01
   1.8476820e+06   2.7404785e+01
   1.8477020e+06   1.9714355e+01
   1.8477170e+06   2.6428223e+01
   1.8477640e+06   2.9785156e+01
   1.8478070e+06   3.0090332e+01
   1.8478350e+06   3.8330078e+01
   1.8478610e+06   2.1911621e+01
   1.8479290e+06   3.0578613e+01
   1.8479760e+06   3.5339355e+01
   1.8480430e+06   1.8371582e+01
   1.8480620e+06   1.9226074e+01
   1.8480750e+06   1.8493652e+01
   1.8481280e+06   2.6123047e+01
   1.8481980e+06   2.4230957e+01
   1.8482430e+06   3.8452148e+01
   1.8482860e+06   3.1677246e+01
   1.8483350e+06   3.8146973e+01
   1.8483530e+06   2.9357910e+01
   1.8484320e+06   4.8278809e+01
   1.8485020e+06   3.0273438e+01
   1.8485830e+06   1.7883301e+01
   1.8486290e+06   4.0771484e+01
   1.8487290e+06   3.2409668e+01
   1.8489690e+06   3.9123535e+01
   1.8490700e+06   3.6804199e+01
   1.8491780e+06   4.4677734e+01
   1.8492820e+06   2.9724121e+01
   1.8494230e+06   4.6997070e+01
   1.8495450e+06   4.6142578e+01
   1.8496680e+06   4.4555664e+01
   1.8498030e+06   5.3039551e+01
   1.8499290e+06   4.3334961e+01
   1.8500740e+06   5.0048828e+01
   1.8502480e+06   4.9194336e+01
   1.8504090e+06   5.3588867e+01
   1.8506210e+06   5.0537109e+01
   1.8508860e+06   5.5541992e+01
   1.8582940e+06   8.5693359e+01
   1.8583790e+06   7.0190430e+01
   1.8583990e+06   3.3447266e+01
   1.8584230e+06   1.9714355e+01
   1.8584490e+06   6.3537598e+01
   1.8584660e+06   8.4655762e+01
   1.8584820e+06   5.0415039e+01
   1.8585110e+06   6.6955566e+01
   1.8585270e+06   3.3325195e+01
   1.8585420e+06   3.6621094e+01
   1.8585670e+06   6.1218262e+01
   1.8585850e+06   6.0852051e+01
   1.8586090e+06   4.1076660e+01
   1.8586250e+06   2.3559570e+01
   1.8586460e+06   5.1574707e+01
   1.8586850e+06   5.1391602e+01
   1.8586950e+06   3.8757324e+01
   1.8587290e+06   3.6193848e+01
   1.8587400e+06   3.6132812e+01
   1.8587800e+06   2.7770996e+01
   1.8588140e+06   2.4536133e+01
   1.8588390e+06   3.4423828e+01
   1.8588600e+06   2.6916504e+01
   1.8588820e+06   2.9418945e+01
   1.8588960e+06   2.0629883e+01
   1.8589110e+06   3.3325195e+01
   1.8589310e+06   1.8615723e+01
   1.8589420e+06   2.2888184e+01
   1.8589810e+06   3.7902832e+01
   1.8589920e+06   3.4851074e+01
   1.8590170e+06   2.3498535e+01
   1.8590370e+06   3.5827637e+01
   1.8590770e+06   1.8981934e+01
   1.8590870e+06   3.2775879e+01
   1.8591150e+06   3.5156250e+01
   1.8591490e+06   3.2531738e+01
   1.8591710e+06   2.2094727e+01
   1.8591980e+06   3.1738281e+01
   1.8592360e+06   2.2766113e+01
   1.8592700e+06   3.7719727e+01
   1.8593090e+06   2.3742676e+01
   1.8593550e+06   2.5024414e+01
   1.8593670e+06   3.5156250e+01
   1.8594110e+06   2.7038574e+01
   1.8594240e+06   2.5634766e+01
   1.8594630e+06   1.9042969e+01
   1.8594880e+06   1.9042969e+01
   1.8595410e+06   2.2521973e+01
   1.8595520e+06   2.8137207e+01
   1.8595920e+06   1.9958496e+01
   1.8596230e+06   3.1494141e+01
   1.8596550e+06   3.4729004e+01
   1.8596660e+06   2.9174805e+01
   1.8597340e+06   2.9113770e+01
   1.8597640e+06   2.0263672e+01
   1.8598130e+06   3.1250000e+01
   1.8598240e+06   3.5156250e+01
   1.8598480e+06   3.2775879e+01
   1.8599130e+06   3.8085938e+01
   1.8599550e+06   3.1127930e+01
   1.8599660e+06   1.8432617e+01
   1.8601070e+06   3.3142090e+01
   1.8601390e+06   1.8859863e+01
   1.8601860e+06   2.6489258e+01
   1.8603040e+06   1.8188477e+01
   1.8603320e+06   2.6184082e+01
   1.8606740e+06   3.6804199e+01
   1.8607820e+06   4.1870117e+01
   1.8608050e+06   2.3437500e+01
   1.8608940e+06   4.5349121e+01
   1.8609930e+06   4.6081543e+01
   1.8611020e+06   4.3518066e+01
   1.8612200e+06   4.5349121e+01
   1.8613540e+06   4.2297363e+01
   1.8614850e+06   4.5410156e+01
   1.8616220e+06   4.1137695e+01
   1.8617770e+06   4.6997070e+01
   1.8619530e+06   5.3710938e+01
   1.8621530e+06   5.0415039e+01
   1.8624900e+06   5.5419922e+01
   1.8692120e+06   1.7639160e+01
   1.8692650e+06   7.1472168e+01
   1.8693260e+06   6.3110352e+01
   1.8693560e+06   2.9968262e+01
   1.8693950e+06   6.6162109e+01
   1.8694250e+06   6.1767578e+01
   1.8694430e+06   4.2846680e+01
   1.8694600e+06   5.1757812e+01
   1.8694850e+06   2.8198242e+01
   1.8695090e+06   8.3374023e+01
   1.8695200e+06   4.5227051e+01
   1.8695410e+06   3.8757324e+01
   1.8695610e+06   2.9357910e+01
   1.8695750e+06   5.7922363e+01
   1.8695940e+06   4.0283203e+01
   1.8696260e+06   5.0781250e+01
   1.8696510e+06   3.5095215e+01
   1.8696830e+06   6.9091797e+01
   1.8697110e+06   1.9042969e+01
   1.8697300e+06   3.5095215e+01
   1.8697610e+06   4.0405273e+01
   1.8697860e+06   4.7546387e+01
   1.8698140e+06   3.1616211e+01
   1.8698280e+06   2.9541016e+01
   1.8698400e+06   2.2521973e+01
   1.8698560e+06   2.5939941e+01
   1.8698800e+06   1.8005371e+01
   1.8699010e+06   2.7160645e+01
   1.8699200e+06   3.2409668e+01
   1.8699380e+06   2.9846191e+01
   1.8699530e+06   2.0812988e+01
   1.8699890e+06   2.9785156e+01
   1.8700170e+06   3.2043457e+01
   1.8700380e+06   2.5695801e+01
   1.8700590e+06   2.9846191e+01
   1.8701030e+06   3.0273438e+01
   1.8701170e+06   3.2897949e+01
   1.8701360e+06   2.7954102e+01
   1.8701680e+06   1.7700195e+01
   1.8701800e+06   3.3203125e+01
   1.8701910e+06   2.2155762e+01
   1.8702450e+06   1.8127441e+01
   1.8702750e+06   2.7099609e+01
   1.8702940e+06   2.1972656e+01
   1.8703170e+06   2.2094727e+01
   1.8703620e+06   3.1433105e+01
   1.8703920e+06   3.4179688e+01
   1.8704210e+06   2.8564453e+01
   1.8704680e+06   2.7160645e+01
   1.8704810e+06   2.8564453e+01
   1.8705370e+06   3.3325195e+01
   1.8705680e+06   1.8127441e+01
   1.8706030e+06   1.7883301e+01
   1.8706200e+06   1.8920898e+01
   1.8706430e+06   1.8859863e+01
   1.8707020e+06   3.3325195e+01
   1.8707310e+06   1.9897461e+01
   1.8707990e+06   3.7902832e+01
   1.8708280e+06   2.5573730e+01
   1.8709260e+06   2.9541016e+01
   1.8710050e+06   3.4545898e+01
   1.8710960e+06   4.2175293e+01
   1.8711190e+06   2.4353027e+01
   1.8711870e+06   4.3273926e+01
   1.8712430e+06   2.7709961e+01
   1.8713030e+06   3.8269043e+01
   1.8714020e+06   4.9255371e+01
   1.8714930e+06   3.5644531e+01
   1.8716130e+06   4.3640137e+01
   1.8717250e+06   4.1381836e+01
   1.8718460e+06   4.6081543e+01
   1.8718800e+06   2.9663086e+01
   1.8719580e+06   4.4921875e+01
   1.8720800e+06   2.1728516e+01
   1.8722050e+06   4.5410156e+01
   1.8723000e+06   3.0395508e+01
   1.8723460e+06   4.3395996e+01
   1.8724880e+06   4.7546387e+01
   1.8726450e+06   5.2429199e+01
   1.8728220e+06   5.2062988e+01
   1.8730560e+06   5.7434082e+01
   1.8733550e+06   5.7495117e+01
   1.8789630e+06   1.7944336e+01
   1.8789740e+06   3.2287598e+01
   1.8790020e+06   8.3129883e+01
   1.8790400e+06   6.0729980e+01
   1.8790670e+06   3.5644531e+01
   1.8790840e+06   7.0739746e+01
   1.8790970e+06   2.2827148e+01
   1.8791070e+06   4.6081543e+01
   1.8791390e+06   5.2917480e+01
   1.8791520e+06   5.0781250e+01
   1.8791830e+06   8.0078125e+01
   1.8791990e+06   1.9958496e+01
   1.8792230e+06   5.1574707e+01
   1.8792450e+06   3.4606934e+01
   1.8792730e+06   3.1188965e+01
   1.8792990e+06   2.0263672e+01
   1.8793290e+06   4.1137695e+01
   1.8793510e+06   2.8686523e+01
   1.8793700e+06   3.2775879e+01
   1.8794020e+06   2.1484375e+01
   1.8794380e+06   4.4616699e+01
   1.8794690e+06   3.5156250e+01
   1.8794940e+06   3.1066895e+01
   1.8795080e+06   3.8635254e+01
   1.8795310e+06   2.4597168e+01
   1.8795600e+06   6.2133789e+01
   1.8796070e+06   3.3203125e+01
   1.8796450e+06   1.7700195e+01
   1.8796730e+06   2.5634766e+01
   1.8796840e+06   2.0690918e+01
   1.8797100e+06   3.0273438e+01
   1.8797500e+06   3.1127930e+01
   1.8797910e+06   3.6193848e+01
   1.8798060e+06   4.2358398e+01
   1.8798650e+06   2.9174805e+01
   1.8798750e+06   3.4484863e+01
   1.8799360e+06   3.9916992e+01
   1.8799510e+06   3.7414551e+01
   1.8799840e+06   2.5390625e+01
   1.8800300e+06   3.5461426e+01
   1.8800490e+06   2.7893066e+01
   1.8801040e+06   4.2114258e+01
   1.8801190e+06   2.3559570e+01
   1.8801850e+06   3.8024902e+01
   1.8801950e+06   1.8249512e+01
   1.8802300e+06   3.3630371e+01
   1.8802890e+06   3.8208008e+01
   1.8803140e+06   2.1728516e+01
   1.8803940e+06   3.6437988e+01
   1.8804060e+06   2.3071289e+01
   1.8804890e+06   3.4423828e+01
   1.8805040e+06   3.0029297e+01
   1.8805970e+06   3.6926270e+01
   1.8806290e+06   2.5634766e+01
   1.8806980e+06   3.9672852e+01
   1.8807930e+06   4.3212891e+01
   1.8808820e+06   2.6000977e+01
   1.8808950e+06   4.0954590e+01
   1.8810150e+06   4.5898438e+01
   1.8811310e+06   4.1809082e+01
   1.8811950e+06   3.0456543e+01
   1.8812560e+06   4.2541504e+01
   1.8813740e+06   4.5043945e+01
   1.8815100e+06   4.5227051e+01
   1.8816540e+06   5.2062988e+01
   1.8818020e+06   5.4016113e+01
   1.8819740e+06   5.0781250e+01
   1.8821950e+06   5.3833008e+01
   2.0890530e+06   2.0080566e+01
   2.1143520e+06   1.8981934e+01
   2.1209140e+06   2.1545410e+01
   2.1368580e+06   2.1972656e+01
   2.1404200e+06   2.4536133e+01
   2.1539890e+06   1.9226074e+01
   2.1722330e+06   1.8981934e+01
   2.1817410e+06   2.0751953e+01
   2.1904870e+06   2.0324707e+01
   2.2012160e+06   2.0019531e+01
   2.2012490e+06   2.0629883e+01
   2.2111670e+06   1.9775391e+01
   2.2181120e+06   1.7639160e+01
   2.2269700e+06   1.7761230e+01
   2.2270190e+06   1.9409180e+01
   2.2380480e+06   1.8554687e+01
   2.2443930e+06   1.7761230e+01
   2.2550810e+06   2.9479980e+01
   2.2551340e+06   2.0812988e+01
   2.2647230e+06   2.1911621e+01
   2.2647540e+06   1.9104004e+01
   2.2711410e+06   2.0874023e+01
   2.2825440e+06   2.1301270e+01
   2.3001450e+06   1.8676758e+01
   2.3077110e+06   1.8310547e+01
   2.3077610e+06   1.9897461e+01
   2.3159430e+06   2.2338867e+01
   2.3159920e+06   1.7883301e+01
   2.3317510e+06   2.0446777e+01
   2.3405680e+06   2.0385742e+01
   2.3469250e+06   1.9958496e+01
   2.3620690e+06   2.1301270e+01
   2.3645240e+06   1.9104004e+01
   2.3718650e+06   2.3681641e+01
   2.3767440e+06   2.1606445e+01
   2.3879840e+06   2.4841309e+01
   2.3929350e+06   2.2644043e+01
   2.3991530e+06   1.9226074e+01
   2.3992150e+06   3.9184570e+01
   2.3992670e+06   2.5207520e+01
   2.3992770e+06   3.9855957e+01
   2.3993070e+06   3.4606934e+01
   2.3993360e+06   4.4494629e+01
   2.3993500e+06   8.7158203e+01
   2.3993810e+06   5.3710938e+01
   2.3993950e+06   8.1237793e+01
   2.3994210e+06   3.4057617e+01
   2.3994350e+06   7.5561523e+01
   2.3994680e+06   4.4677734e+01
   2.3994880e+06   2.5390625e+01
   2.3994980e+06   2.7038574e+01
   2.3995230e+06   3.7902832e+01
   2.3995520e+06   4.6325684e+01
   2.3995620e+06   3.9855957e+01
   2.3995800e+06   3.0883789e+01
   2.3995970e+06   2.3376465e+01
   2.3996170e+06   2.9357910e+01
   2.3996360e+06   1.8432617e+01
   2.3996670e+06   4.4555664e+01
   2.3996980e+06   2.9785156e+01
   2.3997330e+06   2.5634766e+01
   2.3997610e+06   2.6123047e+01
   2.3997890e+06   4.0527344e+01
   2.3998050e+06   2.4719238e+01
   2.3998400e+06   2.8381348e+01
   2.3998860e+06   2.2521973e+01
   2.3999200e+06   2.4963379e+01
   2.3999320e+06   2.1667480e+01
   2.3999540e+06   3.9184570e+01
   2.3999980e+06   2.8625488e+01
   2.4000280e+06   2.4414063e+01
   2.4000990e+06   3.6499023e+01
   2.4001280e+06   1.8371582e+01
   2.4001540e+06   2.6916504e+01
   2.4001740e+06   1.7639160e+01
   2.4001860e+06   2.5878906e+01
   2.4002240e+06   3.0700684e+01
   2.4002450e+06   2.4658203e+01
   2.4002570e+06   2.9235840e+01
   2.4002880e+06   2.1179199e+01
   2.4003050e+06   1.9348145e+01
   2.4003220e+06   2.8991699e+01
   2.4003420e+06   2.3925781e+01
   2.4003530e+06   2.8320312e+01
   2.4003910e+06   2.4963379e+01
   2.4004210e+06   2.8198242e+01
   2.4004480e+06   2.5329590e+01
   2.4004590e+06   2.4597168e+01
   2.4005000e+06   4.6142578e+01
   2.4005350e+06   3.4484863e+01
   2.4005570e+06   3.7353516e+01
   2.4005700e+06   2.7770996e+01
   2.4005970e+06   2.4291992e+01
   2.4006090e+06   2.4230957e+01
   2.4006400e+06   2.5024414e+01
   2.4006570e+06   2.8198242e+01
   2.4006700e+06   2.7893066e+01
   2.4007060e+06   2.3620605e+01
   2.4007220e+06   2.9296875e+01
   2.4007520e+06   3.5034180e+01
   2.4007660e+06   3.5278320e+01
   2.4007930e+06   2.8259277e+01
   2.4008230e+06   3.0822754e+01
   2.4008530e+06   3.1494141e+01
   2.4008840e+06   3.2531738e+01
   2.4009040e+06   2.5939941e+01
   2.4009360e+06   5.0476074e+01
   2.4009640e+06   2.4902344e+01
   2.4009990e+06   4.3457031e+01
   2.4010270e+06   2.4719238e+01
   2.4010440e+06   2.9785156e+01
   2.4010760e+06   2.7160645e+01
   2.4010940e+06   2.3742676e+01
   2.4011040e+06   1.9042969e+01
   2.4011290e+06   3.2348633e+01
   2.4011740e+06   2.9174805e+01
   2.4012000e+06   2.6428223e+01
   2.4012120e+06   2.6672363e+01
   2.4012490e+06   2.6062012e+01
   2.4012660e+06   3.5461426e+01
   2.4012830e+06   2.5817871e+01
   2.4012990e+06   2.7099609e+01
   2.4013360e+06   4.6447754e+01
   2.4013990e+06   4.1564941e+01
   2.4014090e+06   3.1127930e+01
   2.4014840e+06   3.7841797e+01
   2.4015000e+06   2.4414062e+01
   2.4015390e+06   3.1005859e+01
   2.4015600e+06   3.5339355e+01
   2.4015890e+06   2.5756836e+01
   2.4016240e+06   3.2897949e+01
   2.4016520e+06   3.4484863e+01
   2.4016980e+06   2.6489258e+01
   2.4017290e+06   3.1005859e+01
   2.4017550e+06   2.4230957e+01
   2.4018080e+06   4.4738770e+01
   2.4018600e+06   3.0822754e+01
   2.4018880e+06   4.0344238e+01
   2.4019170e+06   2.7038574e+01
   2.4019730e+06   2.9479980e+01
   2.4019860e+06   2.1606445e+01
   2.4020650e+06   3.9184570e+01
   2.4021630e+06   4.1137695e+01
   2.4022560e+06   4.4677734e+01
   2.4023550e+06   4.1870117e+01
   2.4024040e+06   3.3325195e+01
   2.4024750e+06   4.8767090e+01
   2.4025840e+06   3.7963867e+01
   2.4026040e+06   3.1127930e+01
   2.4026910e+06   4.8889160e+01
   2.4028090e+06   5.0231934e+01
   2.4029590e+06   4.7424316e+01
   2.4031070e+06   5.3161621e+01
   2.4032780e+06   5.6762695e+01
   2.4034570e+06   5.2917480e+01
   2.4036820e+06   6.3110352e+01
   2.4040020e+06   6.1645508e+01
   2.4099400e+06   8.3129883e+01
   2.4122800e+06   8.5388184e+01
   2.4152990e+06   7.1228027e+01
   2.4278860e+06   2.0080566e+01
   2.4354720e+06   2.1301270e+01
   2.4375510e+06   2.1423340e+01
   2.4511240e+06   1.9348145e+01
   2.5243410e+06   2.0568848e+01
   2.5244010e+06   2.0690918e+01
   2.5323650e+06   2.8503418e+01
   2.5324480e+06   3.2226562e+01
   2.5324880e+06   3.6437988e+01
   2.5325030e+06   2.0507812e+01
   2.5325340e+06   4.2419434e+01
   2.5325460e+06   1.0192871e+02
   2.5325820e+06   6.2316895e+01
   2.5325930e+06   6.4453125e+01
   2.5326030e+06   1.0180664e+02
   2.5326390e+06   5.5908203e+01
   2.5326560e+06   6.6528320e+01
   2.5326750e+06   5.3283691e+01
   2.5326870e+06   2.5695801e+01
   2.5326990e+06   4.8156738e+01
   2.5327300e+06   5.1147461e+01
   2.5327540e+06   3.4423828e+01
   2.5327660e+06   3.5217285e+01
   2.5327930e+06   2.5756836e+01
   2.5328120e+06   2.8442383e+01
   2.5328380e+06   3.4118652e+01
   2.5328500e+06   2.2155762e+01
   2.5328740e+06   3.0639648e+01
   2.5329020e+06   3.6682129e+01
   2.5329240e+06   2.4108887e+01
   2.5329340e+06   1.8981934e+01
   2.5329520e+06   3.0639648e+01
   2.5329890e+06   3.1066895e+01
   2.5330260e+06   1.7944336e+01
   2.5330420e+06   4.0161133e+01
   2.5330770e+06   3.9001465e+01
   2.5331080e+06   2.5024414e+01
   2.5331470e+06   2.6184082e+01
   2.5331730e+06   2.8930664e+01
   2.5332140e+06   2.9479980e+01
   2.5332240e+06   2.2888184e+01
   2.5332520e+06   2.7343750e+01
   2.5332720e+06   1.9042969e+01
   2.5332850e+06   2.6733398e+01
   2.5333080e+06   1.8981934e+01
   2.5333370e+06   2.1362305e+01
   2.5333670e+06   2.5451660e+01
   2.5334070e+06   2.5573730e+01
   2.5334400e+06   2.7893066e+01
   2.5334750e+06   2.5512695e+01
   2.5335060e+06   1.8371582e+01
   2.5335220e+06   2.4475098e+01
   2.5335410e+06   2.0507812e+01
   2.5335510e+06   2.1545410e+01
   2.5335890e+06   3.2653809e+01
   2.5336070e+06   2.1606445e+01
   2.5336490e+06   2.5939941e+01
   2.5336870e+06   2.6306152e+01
   2.5337040e+06   2.0996094e+01
   2.5337260e+06   2.4353027e+01
   2.5337460e+06   1.9042969e+01
   2.5337560e+06   2.7587891e+01
   2.5338050e+06   3.0029297e+01
   2.5338350e+06   2.6123047e+01
   2.5338670e+06   2.3742676e+01
   2.5338930e+06   2.7587891e+01
   2.5339180e+06   2.3986816e+01
   2.5339330e+06   2.1972656e+01
   2.5339510e+06   3.7109375e+01
   2.5339710e+06   1.9836426e+01
   2.5340110e+06   3.6743164e+01
   2.5340430e+06   2.8991699e+01
   2.5340640e+06   1.9836426e+01
   2.5340820e+06   2.8442383e+01
   2.5341250e+06   3.7841797e+01
   2.5341540e+06   2.9846191e+01
   2.5341880e+06   4.0954590e+01
   2.5342170e+06   2.3620605e+01
   2.5342440e+06   2.3620605e+01
   2.5342690e+06   1.8249512e+01
   2.5343000e+06   1.8920898e+01
   2.5343200e+06   2.3742676e+01
   2.5343620e+06   2.7465820e+01
   2.5343720e+06   2.7893066e+01
   2.5344120e+06   2.0141602e+01
   2.5344420e+06   3.0212402e+01
   2.5345010e+06   2.9602051e+01
   2.5345170e+06   2.8808594e+01
   2.5345460e+06   2.6428223e+01
   2.5345800e+06   3.0883789e+01
   2.5345940e+06   1.9958496e+01
   2.5346290e+06   2.2827148e+01
   2.5346570e+06   3.5827637e+01
   2.5346830e+06   1.9531250e+01
   2.5347200e+06   1.9104004e+01
   2.5347370e+06   3.2409668e+01
   2.5347550e+06   4.1076660e+01
   2.5347940e+06   2.3498535e+01
   2.5348070e+06   3.4240723e+01
   2.5348390e+06   2.5512695e+01
   2.5348750e+06   2.3437500e+01
   2.5348880e+06   3.9550781e+01
   2.5349170e+06   2.5512695e+01
   2.5349500e+06   2.5878906e+01
   2.5349690e+06   3.6499023e+01
   2.5350100e+06   2.8564453e+01
   2.5350510e+06   5.9509277e+01
   2.5350910e+06   2.7954102e+01
   2.5351380e+06   4.1625977e+01
   2.5351610e+06   2.0629883e+01
   2.5352190e+06   3.1127930e+01
   2.5352450e+06   4.1503906e+01
   2.5352970e+06   2.8198242e+01
   2.5353590e+06   4.0954590e+01
   2.5353790e+06   3.2958984e+01
   2.5354620e+06   4.8889160e+01
   2.5354840e+06   2.4841309e+01
   2.5355800e+06   4.8889160e+01
   2.5356030e+06   2.1484375e+01
   2.5356890e+06   5.3771973e+01
   2.5357820e+06   2.4414063e+01
   2.5358140e+06   5.1208496e+01
   2.5359500e+06   5.5114746e+01
   2.5361010e+06   5.4687500e+01
   2.5362710e+06   5.3039551e+01
   2.5364990e+06   5.9814453e+01
   2.5423040e+06   7.8918457e+01
   2.5448030e+06   8.8623047e+01
   2.5540230e+06   1.9775391e+01
   2.5682270e+06   2.1179199e+01
   2.5702470e+06   2.2644043e+01
   2.5852760e+06   2.0507812e+01
   2.6473180e+06   2.3071289e+01
   2.6473690e+06   1.8188477e+01
   2.6672470e+06   1.9165039e+01
   2.6926390e+06   2.1179199e+01
   2.7133320e+06   1.8066406e+01
   2.7224730e+06   1.8127441e+01
   2.7225400e+06   2.2766113e+01
   2.7319490e+06   1.7944336e+01
   2.7357490e+06   3.0700684e+01
   2.7466870e+06   2.0141602e+01
   2.7467690e+06   1.8981934e+01
   2.7554270e+06   2.0874023e+01
   2.7555610e+06   2.1423340e+01
   2.7618320e+06   2.9235840e+01
   2.7618810e+06   1.8188477e+01
   2.7619230e+06   3.3264160e+01
   2.7619460e+06   9.8083496e+01
   2.7619680e+06   4.8339844e+01
   2.7619810e+06   4.3518066e+01
   2.7619960e+06   8.9294434e+01
   2.7620330e+06   6.1645508e+01
   2.7620590e+06   3.5339355e+01
   2.7620800e+06   4.1992188e+01
   2.7620940e+06   5.0720215e+01
   2.7621150e+06   3.8818359e+01
   2.7621330e+06   4.4799805e+01
   2.7621460e+06   3.0944824e+01
   2.7621660e+06   2.8991699e+01
   2.7621820e+06   2.6123047e+01
   2.7622070e+06   3.4484863e+01
   2.7622320e+06   3.5461426e+01
   2.7622430e+06   3.2409668e+01
   2.7622700e+06   3.4912109e+01
   2.7622910e+06   2.2399902e+01
   2.7623010e+06   2.7221680e+01
   2.7623370e+06   1.9897461e+01
   2.7623480e+06   1.8615723e+01
   2.7623840e+06   2.7648926e+01
   2.7624210e+06   2.4963379e+01
   2.7624310e+06   2.2460938e+01
   2.7624700e+06   3.1311035e+01
   2.7624860e+06   1.8127441e+01
   2.7625160e+06   3.1860352e+01
   2.7625530e+06   1.9775391e+01
   2.7625870e+06   2.1850586e+01
   2.7626060e+06   2.5146484e+01
   2.7626500e+06   2.5085449e+01
   2.7626680e+06   2.1972656e+01
   2.7626820e+06   2.4169922e+01
   2.7627060e+06   2.6245117e+01
   2.7627370e+06   2.8564453e+01
   2.7627500e+06   1.8188477e+01
   2.7627750e+06   3.7963867e+01
   2.7628210e+06   2.7648926e+01
   2.7628350e+06   2.1484375e+01
   2.7628590e+06   3.3508301e+01
   2.7628690e+06   2.7038574e+01
   2.7628910e+06   2.9235840e+01
   2.7629300e+06   1.9165039e+01
   2.7629640e+06   2.9479980e+01
   2.7629970e+06   3.3691406e+01
   2.7630250e+06   2.1301270e+01
   2.7630400e+06   2.5207520e+01
   2.7630870e+06   2.0874023e+01
   2.7631160e+06   2.1179199e+01
   2.7631410e+06   2.2521973e+01
   2.7631640e+06   4.0344238e+01
   2.7631790e+06   3.9794922e+01
   2.7632100e+06   3.5461426e+01
   2.7632280e+06   2.2338867e+01
   2.7632540e+06   3.2226562e+01
   2.7632910e+06   4.3518066e+01
   2.7633280e+06   2.7770996e+01
   2.7633390e+06   2.2644043e+01
   2.7633640e+06   1.8615723e+01
   2.7633860e+06   3.3264160e+01
   2.7634220e+06   2.7282715e+01
   2.7634520e+06   3.5461426e+01
   2.7634690e+06   4.7485352e+01
   2.7635260e+06   3.4179688e+01
   2.7635480e+06   2.0568848e+01
   2.7635940e+06   3.1494141e+01
   2.7636140e+06   2.4475098e+01
   2.7636260e+06   2.4414062e+01
   2.7636540e+06   3.0151367e+01
   2.7636710e+06   2.7343750e+01
   2.7637000e+06   1.8127441e+01
   2.7637280e+06   4.0649414e+01
   2.7637920e+06   2.5512695e+01
   2.7638300e+06   2.7832031e+01
   2.7638400e+06   2.2949219e+01
   2.7638700e+06   3.0639648e+01
   2.7639120e+06   2.2460938e+01
   2.7639240e+06   1.8859863e+01
   2.7639500e+06   5.1391602e+01
   2.7639910e+06   2.5756836e+01
   2.7640350e+06   2.4658203e+01
   2.7640450e+06   3.6865234e+01
   2.7640730e+06   1.9226074e+01
   2.7641150e+06   3.5949707e+01
   2.7641250e+06   3.8085938e+01
   2.7641700e+06   2.5695801e+01
   2.7642070e+06   4.2114258e+01
   2.7642270e+06   3.7170410e+01
   2.7642840e+06   3.2714844e+01
   2.7643090e+06   3.1188965e+01
   2.7643710e+06   4.6936035e+01
   2.7644240e+06   2.5756836e+01
   2.7644570e+06   4.2175293e+01
   2.7644820e+06   3.7231445e+01
   2.7645490e+06   4.1259766e+01
   2.7645640e+06   2.1362305e+01
   2.7646370e+06   3.0822754e+01
   2.7646500e+06   2.4291992e+01
   2.7647180e+06   2.5390625e+01
   2.7647460e+06   4.2846680e+01
   2.7647990e+06   2.7832031e+01
   2.7648530e+06   4.8583984e+01
   2.7649080e+06   2.7893066e+01
   2.7649440e+06   4.2358398e+01
   2.7650520e+06   4.2602539e+01
   2.7651020e+06   2.5024414e+01
   2.7651630e+06   4.9499512e+01
   2.7653000e+06   4.9255371e+01
   2.7654520e+06   5.1086426e+01
   2.7656170e+06   5.4565430e+01
   2.7657770e+06   5.5236816e+01
   2.7659990e+06   5.1330566e+01
   2.7660190e+06   1.7761230e+01
   2.7719170e+06   7.8674316e+01
   2.7745320e+06   8.6547852e+01
   2.7775470e+06   7.9895020e+01
   2.7886610e+06   1.7944336e+01
   2.8009420e+06   1.8981934e+01
   2.8085570e+06   2.3925781e+01
   2.8148650e+06   1.7944336e+01
   2.8149550e+06   1.8676758e+01
   2.8286620e+06   2.0202637e+01
   2.8653340e+06   1.9897461e+01
   2.8951180e+06   2.1423340e+01
   2.9167950e+06   3.1005859e+01
   2.9170360e+06   2.1179199e+01
   2.9301810e+06   2.2521973e+01
   2.9498160e+06   2.1972656e+01
   2.9688890e+06   1.8493652e+01
   2.9713960e+06   8.6486816e+01
   2.9715520e+06   1.7761230e+01
   2.9715920e+06   3.9001465e+01
   2.9716100e+06   2.5512695e+01
   2.9716290e+06   4.2114258e+01
   2.9716640e+06   3.4423828e+01
   2.9717480e+06   3.3447266e+01
   2.9717710e+06   3.0517578e+01
   2.9717810e+06   3.3996582e+01
   2.9718000e+06   1.7700195e+01
   2.9718220e+06   2.8808594e+01
   2.9718530e+06   5.7495117e+01
   2.9718780e+06   7.6416016e+01
   2.9718980e+06   4.1259766e+01
   2.9719130e+06   4.4067383e+01
   2.9719350e+06   7.0983887e+01
   2.9719590e+06   6.3659668e+01
   2.9719780e+06   4.9987793e+01
   2.9719960e+06   2.4414062e+01
   2.9720070e+06   4.1259766e+01
   2.9720270e+06   4.1931152e+01
   2.9720440e+06   3.7414551e+01
   2.9720720e+06   3.0517578e+01
   2.9720970e+06   3.9367676e+01
   2.9721070e+06   3.3142090e+01
   2.9721200e+06   2.0751953e+01
   2.9721380e+06   2.3559570e+01
   2.9721520e+06   1.8432617e+01
   2.9721640e+06   3.1188965e+01
   2.9721910e+06   2.6977539e+01
   2.9722130e+06   2.3803711e+01
   2.9722470e+06   2.9541016e+01
   2.9722780e+06   2.7709961e+01
   2.9722900e+06   1.7944336e+01
   2.9723230e+06   2.7648926e+01
   2.9723660e+06   3.3020020e+01
   2.9723960e+06   2.7282715e+01
   2.9724300e+06   1.9653320e+01
   2.9724530e+06   2.2888184e+01
   2.9724650e+06   2.7099609e+01
   2.9725100e+06   2.1972656e+01
   2.9725200e+06   3.0822754e+01
   2.9725540e+06   3.1127930e+01
   2.9725670e+06   1.8859863e+01
   2.9725850e+06   2.2399902e+01
   2.9726250e+06   2.6672363e+01
   2.9726600e+06   2.2705078e+01
   2.9726790e+06   2.8564453e+01
   2.9727100e+06   2.6428223e+01
   2.9727210e+06   1.7700195e+01
   2.9727570e+06   1.8981934e+01
   2.9728160e+06   3.2714844e+01
   2.9728340e+06   2.2033691e+01
   2.9728600e+06   1.7761230e+01
   2.9728820e+06   2.2644043e+01
   2.9729270e+06   4.1259766e+01
   2.9729720e+06   1.8127441e+01
   2.9730080e+06   3.1433105e+01
   2.9730300e+06   1.9042969e+01
   2.9730450e+06   3.1372070e+01
   2.9730650e+06   3.6071777e+01
   2.9730770e+06   3.6926270e+01
   2.9731020e+06   1.7639160e+01
   2.9731450e+06   3.0700684e+01
   2.9731830e+06   1.9775391e+01
   2.9732070e+06   2.9724121e+01
   2.9732320e+06   2.3986816e+01
   2.9732690e+06   5.8288574e+01
   2.9732870e+06   2.8442383e+01
   2.9733280e+06   2.8747559e+01
   2.9733530e+06   2.5756836e+01
   2.9733650e+06   2.9113770e+01
   2.9733960e+06   3.8024902e+01
   2.9734370e+06   3.6499023e+01
   2.9734510e+06   4.0588379e+01
   2.9734800e+06   2.4230957e+01
   2.9735180e+06   3.1005859e+01
   2.9735330e+06   3.5461426e+01
   2.9735650e+06   2.8564453e+01
   2.9736090e+06   3.5034180e+01
   2.9736700e+06   3.5705566e+01
   2.9736920e+06   1.8066406e+01
   2.9737160e+06   2.8991699e+01
   2.9737370e+06   2.8808594e+01
   2.9737540e+06   2.3071289e+01
   2.9737820e+06   2.5024414e+01
   2.9738130e+06   3.9794922e+01
   2.9738450e+06   2.8808594e+01
   2.9738820e+06   2.6306152e+01
   2.9738990e+06   2.4963379e+01
   2.9739350e+06   3.1555176e+01
   2.9739660e+06   3.6865234e+01
   2.9740020e+06   2.7343750e+01
   2.9740700e+06   3.6010742e+01
   2.9741260e+06   3.0212402e+01
   2.9741370e+06   3.8635254e+01
   2.9742400e+06   3.3264160e+01
   2.9742970e+06   4.2297363e+01
   2.9743770e+06   2.9052734e+01
   2.9744080e+06   1.9165039e+01
   2.9744690e+06   4.4738770e+01
   2.9744790e+06   3.5095215e+01
   2.9745660e+06   4.6813965e+01
   2.9745920e+06   2.3925781e+01
   2.9746670e+06   4.8095703e+01
   2.9747670e+06   4.9743652e+01
   2.9748610e+06   4.4982910e+01
   2.9748930e+06   2.6489258e+01
   2.9749750e+06   4.5104980e+01
   2.9750860e+06   5.1757812e+01
   2.9752040e+06   4.7363281e+01
   2.9753670e+06   4.8828125e+01
   2.9755070e+06   5.4199219e+01
   2.9756810e+06   5.8105469e+01
   2.9758970e+06   5.4504395e+01
   2.9762110e+06   5.9936523e+01
   2.9829430e+06   7.9345703e+01
   2.9844800e+06   7.2998047e+01
   2.9863670e+06   5.6762695e+01
   2.9884550e+06   7.3669434e+01
   2.9993870e+06   1.7883301e+01
   3.0055550e+06   2.3132324e+01
   3.0265770e+06   2.1606445e+01
   3.0515910e+06   2.0996094e+01
   3.0549750e+06   2.7709961e+01
   3.0550390e+06   3.1127930e+01
   3.0550560e+06   1.8310547e+01
   3.0550690e+06   1.9287109e+01
   3.0550880e+06   1.2988281e+02
   3.0551090e+06   6.0485840e+01
   3.0551300e+06   9.3383789e+01
   3.0551650e+06   6.7810059e+01
   3.0551830e+06   3.4118652e+01
   3.0551960e+06   2.4108887e+01
   3.0552220e+06   3.0517578e+01
   3.0552360e+06   2.8930664e+01
   3.0552530e+06   4.6752930e+01
   3.0552890e+06   4.6752930e+01
   3.0552990e+06   2.6123047e+01
   3.0553130e+06   2.6062012e+01
   3.0553280e+06   3.2836914e+01
   3.0553440e+06   5.6457520e+01
   3.0553570e+06   3.6132812e+01
   3.0553780e+06   2.7709961e+01
   3.0553970e+06   2.5512695e+01
   3.0554110e+06   3.4301758e+01
   3.0554560e+06   4.1381836e+01
   3.0554840e+06   3.8024902e+01
   3.0555060e+06   2.3010254e+01
   3.0555190e+06   2.6123047e+01
   3.0555580e+06   3.0700684e+01
   3.0555790e+06   1.8127441e+01
   3.0555940e+06   2.3010254e+01
   3.0556360e+06   2.8930664e+01
   3.0556500e+06   1.7700195e+01
   3.0556750e+06   2.2277832e+01
   3.0557230e+06   3.6499023e+01
   3.0557470e+06   3.4545898e+01
   3.0557880e+06   3.2043457e+01
   3.0558010e+06   2.1545410e+01
   3.0558130e+06   5.5541992e+01
   3.0558670e+06   2.7099609e+01
   3.0558990e+06   2.3437500e+01
   3.0559320e+06   2.8076172e+01
   3.0559690e+06   2.7770996e+01
   3.0559930e+06   3.0822754e+01
   3.0560210e+06   2.6245117e+01
   3.0560510e+06   2.6977539e+01
   3.0560830e+06   3.0822754e+01
   3.0561130e+06   2.6916504e+01
   3.0561400e+06   3.3996582e+01
   3.0561700e+06   3.1555176e+01
   3.0561930e+06   2.6367188e+01
   3.0562150e+06   2.1972656e+01
   3.0562400e+06   2.9602051e+01
   3.0562690e+06   3.6926270e+01
   3.0562990e+06   2.2888184e+01
   3.0563240e+06   3.2531738e+01
   3.0563370e+06   2.6611328e+01
   3.0563590e+06   2.6367188e+01
   3.0564020e+06   3.3447266e+01
   3.0564430e+06   1.8554688e+01
   3.0564620e+06   2.3620605e+01
   3.0564980e+06   2.1179199e+01
   3.0565250e+06   2.8015137e+01
   3.0565730e+06   3.9733887e+01
   3.0566070e+06   2.2583008e+01
   3.0566200e+06   2.2277832e+01
   3.0566500e+06   2.7038574e+01
   3.0566780e+06   2.0629883e+01
   3.0567080e+06   2.1911621e+01
   3.0567190e+06   2.9174805e+01
   3.0567390e+06   1.8615723e+01
   3.0567560e+06   2.8686523e+01
   3.0568040e+06   2.9663086e+01
   3.0568220e+06   2.9479980e+01
   3.0568420e+06   2.6428223e+01
   3.0568610e+06   1.7822266e+01
   3.0568840e+06   3.6376953e+01
   3.0569190e+06   2.4902344e+01
   3.0569440e+06   2.7099609e+01
   3.0569550e+06   2.9541016e+01
   3.0569870e+06   2.5756836e+01
   3.0570200e+06   4.7729492e+01
   3.0570370e+06   2.6062012e+01
   3.0570860e+06   4.3151855e+01
   3.0571440e+06   2.6184082e+01
   3.0571580e+06   3.4667969e+01
   3.0571830e+06   2.2949219e+01
   3.0572260e+06   3.3142090e+01
   3.0572410e+06   3.8696289e+01
   3.0572590e+06   2.5817871e+01
   3.0573210e+06   5.4870605e+01
   3.0573640e+06   3.2836914e+01
   3.0573990e+06   3.6804199e+01
   3.0574230e+06   2.2033691e+01
   3.0574460e+06   2.0446777e+01
   3.0574890e+06   2.7709961e+01
   3.0575150e+06   2.1972656e+01
   3.0575590e+06   3.1738281e+01
   3.0575790e+06   4.1076660e+01
   3.0576190e+06   2.3254395e+01
   3.0576680e+06   2.3010254e+01
   3.0577670e+06   4.9987793e+01
   3.0577920e+06   2.4719238e+01
   3.0578620e+06   4.6997070e+01
   3.0579010e+06   2.4291992e+01
   3.0579710e+06   5.1696777e+01
   3.0580210e+06   2.5268555e+01
   3.0580900e+06   4.9865723e+01
   3.0582180e+06   5.0048828e+01
   3.0582710e+06   2.5207520e+01
   3.0582900e+06   1.8005371e+01
   3.0583510e+06   4.0283203e+01
   3.0585200e+06   4.8217773e+01
   3.0587030e+06   5.5725098e+01
   3.0589380e+06   5.7617188e+01
   3.0660360e+06   8.4289551e+01
   3.1004990e+06   2.2094727e+01
   3.1114860e+06   2.0996094e+01
   3.1564650e+06   2.8686523e+01
   3.1566850e+06   3.2958984e+01
   3.1566980e+06   5.5603027e+01
   3.1567090e+06   8.3007812e+01
   3.1567250e+06   4.7912598e+01
   3.1567420e+06   7.4218750e+01
   3.1567570e+06   2.0874023e+01
   3.1567770e+06   6.4392090e+01
   3.1567900e+06   2.9296875e+01
   3.1568000e+06   6.0485840e+01
   3.1568310e+06   4.3090820e+01
   3.1568640e+06   2.8320312e+01
   3.1568930e+06   6.5185547e+01
   3.1569090e+06   3.7170410e+01
   3.1569410e+06   2.6000977e+01
   3.1569730e+06   4.1442871e+01
   3.1569990e+06   4.2114258e+01
   3.1570120e+06   4.1137695e+01
   3.1570380e+06   3.6437988e+01
   3.1570650e+06   2.2338867e+01
   3.1571040e+06   2.8198242e+01
   3.1571150e+06   2.2949219e+01
   3.1571340e+06   4.1320801e+01
   3.1571590e+06   3.1127930e+01
   3.1572010e+06   4.4006348e+01
   3.1572320e+06   3.2836914e+01
   3.1572630e+06   2.8686523e+01
   3.1573220e+06   2.8076172e+01
   3.1573520e+06   3.2287598e+01
   3.1573890e+06   3.5339355e+01
   3.1574060e+06   3.0578613e+01
   3.1574280e+06   1.8188477e+01
   3.1574500e+06   2.0446777e+01
   3.1574640e+06   2.9052734e+01
   3.1574740e+06   2.0629883e+01
   3.1574950e+06   1.9958496e+01
   3.1575200e+06   3.1433105e+01
   3.1575400e+06   2.1911621e+01
   3.1575710e+06   2.7709961e+01
   3.1575980e+06   1.9042969e+01
   3.1576560e+06   2.0141602e+01
   3.1576830e+06   3.2531738e+01
   3.1577030e+06   2.1484375e+01
   3.1577150e+06   3.2592773e+01
   3.1577540e+06   2.5634766e+01
   3.1577710e+06   2.3559570e+01
   3.1577860e+06   1.9592285e+01
   3.1578180e+06   2.5146484e+01
   3.1578520e+06   3.1372070e+01
   3.1578700e+06   1.8249512e+01
   3.1578980e+06   2.9907227e+01
   3.1579090e+06   2.7404785e+01
   3.1579250e+06   2.7465820e+01
   3.1579450e+06   1.9836426e+01
   3.1579740e+06   2.7832031e+01
   3.1580060e+06   2.3254395e+01
   3.1580410e+06   3.1372070e+01
   3.1580590e+06   2.3620605e+01
   3.1580910e+06   3.1433105e+01
   3.1581100e+06   2.9907227e+01
   3.1581420e+06   2.8198242e+01
   3.1581680e+06   2.2399902e+01
   3.1582090e+06   3.7231445e+01
   3.1582330e+06   2.8869629e+01
   3.1582640e+06   1.8432617e+01
   3.1582790e+06   3.0822754e+01
   3.1582950e+06   3.9550781e+01
   3.1583270e+06   3.0273438e+01
   3.1583420e+06   2.9602051e+01
   3.1584060e+06   2.8198242e+01
   3.1584340e+06   1.7639160e+01
   3.1584650e+06   5.0109863e+01
   3.1584930e+06   1.9531250e+01
   3.1585200e+06   3.2470703e+01
   3.1585520e+06   2.9602051e+01
   3.1585680e+06   1.7822266e+01
   3.1585980e+06   2.7770996e+01
   3.1586260e+06   3.5217285e+01
   3.1586490e+06   2.4108887e+01
   3.1586810e+06   1.8798828e+01
   3.1586930e+06   2.0568848e+01
   3.1587160e+06   1.8005371e+01
   3.1587540e+06   2.3071289e+01
   3.1587790e+06   1.8432617e+01
   3.1588050e+06   3.1738281e+01
   3.1588190e+06   2.5878906e+01
   3.1588890e+06   4.1625977e+01
   3.1589200e+06   2.0568848e+01
   3.1589790e+06   4.3029785e+01
   3.1590150e+06   2.9602051e+01
   3.1590710e+06   4.9438477e+01
   3.1591230e+06   2.3254395e+01
   3.1591520e+06   4.1015625e+01
   3.1592390e+06   2.6245117e+01
   3.1592550e+06   4.1076660e+01
   3.1593100e+06   2.1057129e+01
   3.1593490e+06   7.0312500e+01
   3.1593720e+06   2.3925781e+01
   3.1594440e+06   2.5329590e+01
   3.1595500e+06   2.6550293e+01
   3.1595600e+06   3.3020020e+01
   3.1596650e+06   4.8156738e+01
   3.1597880e+06   3.5278320e+01
   3.1598280e+06   2.0568848e+01
   3.1598510e+06   3.2287598e+01
   3.1599060e+06   5.2612305e+01
   3.1600360e+06   4.6875000e+01
   3.1601890e+06   5.3771973e+01
   3.1604100e+06   5.6945801e+01
   3.1605550e+06   2.0996094e+01
   3.1605960e+06   5.1696777e+01
   3.1608100e+06   5.8898926e+01
   3.1610000e+06   1.9775391e+01
   3.1610240e+06   6.1950684e+01
   3.1610410e+06   2.3254395e+01
   3.1611750e+06   2.7221680e+01
   3.1613690e+06   6.4025879e+01
   3.1814040e+06   2.7770996e+01
   3.1814410e+06   8.2519531e+01
   3.1814640e+06   3.0456543e+01
   3.1814830e+06   4.8034668e+01
   3.1815110e+06   8.9965820e+01
   3.1815420e+06   8.1909180e+01
   3.1815710e+06   3.7719727e+01
   3.1815830e+06   5.3588867e+01
   3.1816210e+06   3.8635254e+01
   3.1816350e+06   2.6489258e+01
   3.1816530e+06   3.5156250e+01
   3.1816860e+06   3.6499023e+01
   3.1817230e+06   3.0517578e+01
   3.1817540e+06   3.2714844e+01
   3.1817720e+06   2.4719238e+01
   3.1817990e+06   2.1606445e+01
   3.1818250e+06   3.0944824e+01
   3.1818560e+06   2.6550293e+01
   3.1818900e+06   3.4118652e+01
   3.1819160e+06   2.7343750e+01
   3.1819420e+06   3.2470703e+01
   3.1819520e+06   1.9592285e+01
   3.1819720e+06   2.6489258e+01
   3.1819840e+06   2.0568848e+01
   3.1820060e+06   4.8400879e+01
   3.1820270e+06   2.2460938e+01
   3.1820440e+06   2.0141602e+01
   3.1820550e+06   1.9592285e+01
   3.1820740e+06   3.6193848e+01
   3.1820910e+06   2.3254395e+01
   3.1821120e+06   2.6062012e+01
   3.1821460e+06   4.4555664e+01
   3.1821580e+06   1.9531250e+01
   3.1821710e+06   3.1372070e+01
   3.1822040e+06   2.1850586e+01
   3.1822240e+06   3.3264160e+01
   3.1822490e+06   3.4362793e+01
   3.1822730e+06   2.8991699e+01
   3.1822910e+06   3.2226562e+01
   3.1823330e+06   3.8574219e+01
   3.1823610e+06   2.4475098e+01
   3.1823910e+06   4.5166016e+01
   3.1824080e+06   1.9836426e+01
   3.1824370e+06   2.6794434e+01
   3.1824810e+06   3.2165527e+01
   3.1825060e+06   2.5390625e+01
   3.1825370e+06   2.9724121e+01
   3.1825530e+06   1.7822266e+01
   3.1825900e+06   2.4108887e+01
   3.1826020e+06   2.9357910e+01
   3.1826290e+06   2.1972656e+01
   3.1826590e+06   2.2705078e+01
   3.1826860e+06   2.7648926e+01
   3.1827280e+06   4.2358398e+01
   3.1827640e+06   2.2521973e+01
   3.1827970e+06   4.9377441e+01
   3.1828190e+06   2.3071289e+01
   3.1828430e+06   2.2766113e+01
   3.1828620e+06   2.4841309e+01
   3.1828900e+06   3.2714844e+01
   3.1829240e+06   3.0456543e+01
   3.1829570e+06   3.5400391e+01
   3.1829900e+06   2.3498535e+01
   3.1830000e+06   2.5451660e+01
   3.1830230e+06   2.2949219e+01
   3.1830520e+06   3.7963867e+01
   3.1830730e+06   3.0639648e+01
   3.1831330e+06   4.0832520e+01
   3.1831720e+06   2.9968262e+01
   3.1832050e+06   2.2644043e+01
   3.1832210e+06   4.3823242e+01
   3.1832680e+06   3.2775879e+01
   3.1833280e+06   2.6489258e+01
   3.1833570e+06   2.2094727e+01
   3.1834300e+06   2.8076172e+01
   3.1834780e+06   2.0141602e+01
   3.1835450e+06   3.0578613e+01
   3.1836340e+06   2.6489258e+01
   3.1836720e+06   4.7241211e+01
   3.1836820e+06   2.3437500e+01
   3.1837720e+06   5.6213379e+01
   3.1838900e+06   3.0700684e+01
   3.1839020e+06   3.1799316e+01
   3.1840540e+06   2.7038574e+01
   3.1841080e+06   4.5715332e+01
   3.1843450e+06   4.8950195e+01
   3.1843560e+06   3.4545898e+01
   3.1844790e+06   5.0964355e+01
   3.1846020e+06   4.5410156e+01
   3.1847330e+06   5.2124023e+01
   3.1848880e+06   6.0363770e+01
   3.1850440e+06   5.2612305e+01
   3.1852360e+06   5.2429199e+01
   3.1855540e+06   4.7851562e+01
   3.1916960e+06   2.9907227e+01
   3.1917340e+06   1.8066406e+01
   3.1917770e+06   3.0700684e+01
   3.1918070e+06   2.8137207e+01
   3.1918210e+06   4.9072266e+01
   3.1918470e+06   5.6823730e+01
   3.1918690e+06   8.2519531e+01
   3.1918990e+06   4.5410156e+01
   3.1919190e+06   2.5329590e+01
   3.1919320e+06   2.1850586e+01
   3.1919500e+06   4.7912598e+01
   3.1919720e+06   5.1086426e+01
   3.1919990e+06   2.4230957e+01
   3.1920180e+06   5.1086426e+01
   3.1920350e+06   2.8015137e+01
   3.1920650e+06   5.6640625e+01
   3.1920880e+06   3.4179688e+01
   3.1921120e+06   4.6386719e+01
   3.1921290e+06   2.8320313e+01
   3.1921580e+06   3.6987305e+01
   3.1921790e+06   2.8991699e+01
   3.1922070e+06   3.4423828e+01
   3.1922210e+06   2.3010254e+01
   3.1922380e+06   3.0700684e+01
   3.1922690e+06   1.8493652e+01
   3.1922930e+06   2.9296875e+01
   3.1923050e+06   2.5756836e+01
   3.1923300e+06   4.4616699e+01
   3.1923530e+06   3.6499023e+01
   3.1923740e+06   2.3559570e+01
   3.1923950e+06   2.4169922e+01
   3.1924140e+06   2.4108887e+01
   3.1924310e+06   1.9348145e+01
   3.1924570e+06   2.6733398e+01
   3.1924840e+06   2.2521973e+01
   3.1924960e+06   1.8676758e+01
   3.1925250e+06   2.2277832e+01
   3.1925540e+06   3.2287598e+01
   3.1926010e+06   3.4301758e+01
   3.1926310e+06   3.2714844e+01
   3.1926570e+06   2.0690918e+01
   3.1926670e+06   2.9113770e+01
   3.1927000e+06   2.5146484e+01
   3.1927330e+06   3.2104492e+01
   3.1927740e+06   2.6794434e+01
   3.1928080e+06   3.0334473e+01
   3.1928430e+06   2.8564453e+01
   3.1928840e+06   4.2785645e+01
   3.1929130e+06   1.9348145e+01
   3.1929260e+06   1.9897461e+01
   3.1929610e+06   2.5512695e+01
   3.1929990e+06   2.1850586e+01
   3.1930700e+06   2.4291992e+01
   3.1931060e+06   2.3010254e+01
   3.1931630e+06   2.6184082e+01
   3.1931860e+06   2.6794434e+01
   3.1932050e+06   3.7231445e+01
   3.1932530e+06   2.5512695e+01
   3.1933110e+06   2.3071289e+01
   3.1934040e+06   2.8625488e+01
   3.1934260e+06   3.1188965e+01
   3.1934610e+06   4.0954590e+01
   3.1934730e+06   2.9479980e+01
   3.1935490e+06   3.0578613e+01
   3.1936190e+06   4.4860840e+01
   3.1936510e+06   3.1066895e+01
   3.1937130e+06   3.9367676e+01
   3.1937910e+06   2.6306152e+01
   3.1938230e+06   4.2968750e+01
   3.1938450e+06   2.7770996e+01
   3.1939210e+06   4.5288086e+01
   3.1939430e+06   2.5634766e+01
   3.1940370e+06   4.9316406e+01
   3.1942480e+06   4.4189453e+01
   3.1943560e+06   2.6062012e+01
   3.1943710e+06   4.3579102e+01
   3.1944950e+06   5.4626465e+01
   3.1946340e+06   4.7424316e+01
   3.1947800e+06   5.0354004e+01
   3.1949200e+06   5.2368164e+01
   3.1950730e+06   5.0964355e+01
   3.1952500e+06   4.9255371e+01
   3.1954640e+06   5.7556152e+01
   3.1957400e+06   5.6945801e+01
   3.2012890e+06   3.3264160e+01
   3.2013280e+06   8.9782715e+01
   3.2013530e+06   3.0212402e+01
   3.2013630e+06   2.3681641e+01
   3.2013730e+06   1.0614014e+02
   3.2014000e+06   5.0048828e+01
   3.2014230e+06   4.8339844e+01
   3.2014380e+06   2.9174805e+01
   3.2014710e+06   5.6274414e+01
   3.2014850e+06   4.5898438e+01
   3.2015180e+06   4.9377441e+01
   3.2015450e+06   5.0476074e+01
   3.2015770e+06   5.0292969e+01
   3.2016030e+06   2.8320312e+01
   3.2016310e+06   3.5156250e+01
   3.2016580e+06   2.3132324e+01
   3.2016680e+06   2.4475098e+01
   3.2017030e+06   3.9611816e+01
   3.2017180e+06   3.3996582e+01
   3.2017310e+06   2.3437500e+01
   3.2017440e+06   3.2348633e+01
   3.2017790e+06   3.0700684e+01
   3.2018100e+06   3.2348633e+01
   3.2018260e+06   1.9042969e+01
   3.2018560e+06   3.1433105e+01
   3.2018790e+06   2.2521973e+01
   3.2019210e+06   3.7231445e+01
   3.2019490e+06   2.2155762e+01
   3.2019690e+06   3.9611816e+01
   3.2020170e+06   3.9733887e+01
   3.2020440e+06   2.9235840e+01
   3.2020730e+06   2.3803711e+01
   3.2020910e+06   2.3437500e+01
   3.2021250e+06   3.1250000e+01
   3.2021560e+06   2.3132324e+01
   3.2021860e+06   2.2460938e+01
   3.2022190e+06   1.9836426e+01
   3.2022540e+06   2.7038574e+01
   3.2022640e+06   4.0344238e+01
   3.2022980e+06   1.8798828e+01
   3.2023350e+06   4.1015625e+01
   3.2023680e+06   2.2583008e+01
   3.2023910e+06   2.0202637e+01
   3.2024220e+06   2.4047852e+01
   3.2024470e+06   3.8269043e+01
   3.2024800e+06   2.5390625e+01
   3.2025180e+06   2.2399902e+01
   3.2025610e+06   2.3803711e+01
   3.2025730e+06   2.2460938e+01
   3.2026480e+06   2.6916504e+01
   3.2026950e+06   2.3925781e+01
   3.2027500e+06   2.2827148e+01
   3.2027940e+06   4.1992188e+01
   3.2028350e+06   2.5695801e+01
   3.2028950e+06   3.7902832e+01
   3.2029210e+06   2.6550293e+01
   3.2029930e+06   3.4973145e+01
   3.2030300e+06   2.4047852e+01
   3.2030820e+06   4.2724609e+01
   3.2031290e+06   2.6611328e+01
   3.2032240e+06   1.8188477e+01
   3.2033100e+06   2.9907227e+01
   3.2034000e+06   4.1748047e+01
   3.2034240e+06   2.2705078e+01
   3.2035170e+06   4.6447754e+01
   3.2036230e+06   4.4006348e+01
   3.2037340e+06   4.4616699e+01
   3.2038630e+06   5.0292969e+01
   3.2039880e+06   4.6691895e+01
   3.2040770e+06   2.4963379e+01
   3.2041160e+06   4.1320801e+01
   3.2042730e+06   5.1391602e+01
   3.2044260e+06   4.9682617e+01
   3.2045930e+06   5.2795410e+01
   3.2048330e+06   5.4260254e+01
   3.2096110e+06   3.4973145e+01
   3.2096220e+06   2.1118164e+01
   3.2096350e+06   3.9550781e+01
   3.2096670e+06   7.0556641e+01
   3.2096820e+06   4.2114258e+01
   3.2096970e+06   4.1259766e+01
   3.2097250e+06   5.8044434e+01
   3.2097400e+06   3.9306641e+01
   3.2097720e+06   7.6171875e+01
   3.2097840e+06   1.9958496e+01
   3.2097960e+06   3.7414551e+01
   3.2098240e+06   4.5288086e+01
   3.2098470e+06   1.9592285e+01
   3.2098760e+06   4.9926758e+01
   3.2098990e+06   1.9958496e+01
   3.2099220e+06   4.1687012e+01
   3.2099530e+06   6.3232422e+01
   3.2099790e+06   3.2226562e+01
   3.2100070e+06   2.6306152e+01
   3.2100330e+06   5.1269531e+01
   3.2100540e+06   3.0700684e+01
   3.2100880e+06   5.0720215e+01
   3.2101050e+06   2.4047852e+01
   3.2101160e+06   2.2033691e+01
   3.2101470e+06   2.9724121e+01
   3.2101880e+06   2.4414062e+01
   3.2102170e+06   2.8869629e+01
   3.2102290e+06   2.7343750e+01
   3.2102730e+06   3.6926270e+01
   3.2103040e+06   3.2897949e+01
   3.2103170e+06   3.0456543e+01
   3.2103280e+06   2.5451660e+01
   3.2103410e+06   3.0517578e+01
   3.2103820e+06   2.6062012e+01
   3.2104010e+06   1.8432617e+01
   3.2104150e+06   2.2460938e+01
   3.2104730e+06   3.5827637e+01
   3.2104840e+06   2.0202637e+01
   3.2105420e+06   3.6499023e+01
   3.2105820e+06   1.8676758e+01
   3.2106120e+06   2.7770996e+01
   3.2106280e+06   3.2348633e+01
   3.2106770e+06   2.1850586e+01
   3.2106940e+06   3.5827637e+01
   3.2107230e+06   2.3681641e+01
   3.2107340e+06   2.0629883e+01
   3.2107610e+06   1.8310547e+01
   3.2107780e+06   4.1809082e+01
   3.2107940e+06   3.1982422e+01
   3.2108980e+06   3.4240723e+01
   3.2109080e+06   2.8503418e+01
   3.2109840e+06   3.9123535e+01
   3.2110340e+06   3.1616211e+01
   3.2110810e+06   3.2714844e+01
   3.2111100e+06   1.8493652e+01
   3.2111810e+06   3.9062500e+01
   3.2112220e+06   2.8686523e+01
   3.2112780e+06   3.6071777e+01
   3.2113760e+06   4.2175293e+01
   3.2114810e+06   4.2419434e+01
   3.2115920e+06   3.6743164e+01
   3.2117070e+06   4.0100098e+01
   3.2118160e+06   4.0588379e+01
   3.2119420e+06   4.7424316e+01
   3.2119540e+06   3.0883789e+01
   3.2120680e+06   4.5593262e+01
   3.2122010e+06   4.8095703e+01
   3.2123490e+06   5.1208496e+01
   3.2124980e+06   4.4494629e+01
   3.2126830e+06   3.4301758e+01
   3.2129550e+06   6.6101074e+01
   3.2196230e+06   2.3742676e+01
   3.2196450e+06   8.7768555e+01
   3.2196570e+06   4.1198730e+01
   3.2196780e+06   3.7841797e+01
   3.2196900e+06   7.5744629e+01
   3.2197340e+06   6.2255859e+01
   3.2197610e+06   6.3781738e+01
   3.2197800e+06   6.2438965e+01
   3.2197920e+06   4.2358398e+01
   3.2198100e+06   2.7954102e+01
   3.2198230e+06   2.7832031e+01
   3.2198390e+06   3.0090332e+01
   3.2198530e+06   4.9804688e+01
   3.2198750e+06   4.2968750e+01
   3.2199060e+06   3.3691406e+01
   3.2199250e+06   3.8513184e+01
   3.2199480e+06   3.1005859e+01
   3.2199690e+06   3.6804199e+01
   3.2199810e+06   1.9287109e+01
   3.2200050e+06   3.6926270e+01
   3.2200150e+06   3.3813477e+01
   3.2200520e+06   2.9479980e+01
   3.2200620e+06   4.1442871e+01
   3.2200860e+06   3.5339355e+01
   3.2201240e+06   4.4372559e+01
   3.2201460e+06   1.8554688e+01
   3.2201740e+06   3.1005859e+01
   3.2202080e+06   3.8085938e+01
   3.2202290e+06   3.1127930e+01
   3.2202470e+06   3.0700684e+01
   3.2202580e+06   1.9226074e+01
   3.2202700e+06   1.9958496e+01
   3.2202920e+06   2.8381348e+01
   3.2203200e+06   3.5522461e+01
   3.2203510e+06   2.1850586e+01
   3.2203660e+06   2.0568848e+01
   3.2203960e+06   2.3193359e+01
   3.2204370e+06   2.2094727e+01
   3.2204530e+06   2.1789551e+01
   3.2204790e+06   2.1545410e+01
   3.2205000e+06   2.9235840e+01
   3.2205370e+06   2.5756836e+01
   3.2205680e+06   2.4230957e+01
   3.2205910e+06   1.8249512e+01
   3.2206210e+06   2.6916504e+01
   3.2206670e+06   2.6733398e+01
   3.2207580e+06   2.7038574e+01
   3.2207900e+06   2.4108887e+01
   3.2208340e+06   3.3752441e+01
   3.2208570e+06   1.8371582e+01
   3.2209100e+06   2.7343750e+01
   3.2209660e+06   2.8869629e+01
   3.2210180e+06   2.7160645e+01
   3.2210550e+06   2.1057129e+01
   3.2210820e+06   3.0822754e+01
   3.2211210e+06   2.2766113e+01
   3.2211800e+06   3.0639648e+01
   3.2212360e+06   2.7282715e+01
   3.2213440e+06   2.4841309e+01
   3.2213570e+06   4.0039062e+01
   3.2214480e+06   3.2043457e+01
   3.2215790e+06   2.4108887e+01
   3.2216660e+06   3.6254883e+01
   3.2217160e+06   2.5451660e+01
   3.2217600e+06   3.0090332e+01
   3.2218550e+06   2.6733398e+01
   3.2218790e+06   4.3945312e+01
   3.2219830e+06   2.9968262e+01
   3.2220880e+06   2.6306152e+01
   3.2221980e+06   4.3762207e+01
   3.2223120e+06   5.0781250e+01
   3.2224390e+06   4.2297363e+01
   3.2225650e+06   4.1870117e+01
   3.2227080e+06   4.5104980e+01
   3.2228510e+06   5.0598145e+01
   3.2229830e+06   4.9865723e+01
   3.2231350e+06   5.7189941e+01
   3.2232980e+06   5.2856445e+01
   3.2235130e+06   5.5541992e+01
   3.2294280e+06   3.7963867e+01
   3.2294380e+06   7.1228027e+01
   3.2294570e+06   4.2907715e+01
   3.2294810e+06   8.6486816e+01
   3.2295130e+06   6.2194824e+01
   3.2295230e+06   6.0852051e+01
   3.2295380e+06   2.3437500e+01
   3.2295670e+06   7.5317383e+01
   3.2295880e+06   5.3771973e+01
   3.2296090e+06   2.8198242e+01
   3.2296300e+06   5.0476074e+01
   3.2296430e+06   2.1911621e+01
   3.2296690e+06   4.6630859e+01
   3.2296990e+06   4.8461914e+01
   3.2297150e+06   4.2358398e+01
   3.2297280e+06   2.3498535e+01
   3.2297640e+06   5.6396484e+01
   3.2297780e+06   2.6184082e+01
   3.2298080e+06   3.9916992e+01
   3.2298290e+06   2.9724121e+01
   3.2298540e+06   2.9296875e+01
   3.2298750e+06   1.8127441e+01
   3.2298870e+06   2.5756836e+01
   3.2299190e+06   2.8747559e+01
   3.2299480e+06   2.1118164e+01
   3.2299580e+06   2.3803711e+01
   3.2299980e+06   2.3010254e+01
   3.2300250e+06   3.2531738e+01
   3.2300390e+06   1.8798828e+01
   3.2300500e+06   1.9409180e+01
   3.2300740e+06   3.3264160e+01
   3.2300910e+06   1.9104004e+01
   3.2301100e+06   2.4475098e+01
   3.2301640e+06   2.3803711e+01
   3.2301750e+06   4.6081543e+01
   3.2302120e+06   2.9418945e+01
   3.2302300e+06   3.6499023e+01
   3.2302450e+06   1.8127441e+01
   3.2302660e+06   2.7099609e+01
   3.2303090e+06   2.4353027e+01
   3.2303410e+06   2.6367188e+01
   3.2303730e+06   2.4963379e+01
   3.2304320e+06   2.7282715e+01
   3.2304830e+06   3.1860352e+01
   3.2305540e+06   3.3935547e+01
   3.2306320e+06   3.3752441e+01
   3.2307060e+06   2.6245117e+01
   3.2307280e+06   3.6621094e+01
   3.2307650e+06   2.8747559e+01
   3.2308160e+06   3.8269043e+01
   3.2308390e+06   2.8137207e+01
   3.2309430e+06   3.5766602e+01
   3.2309740e+06   2.3986816e+01
   3.2310260e+06   4.1809082e+01
   3.2311240e+06   4.1687012e+01
   3.2312250e+06   3.6499023e+01
   3.2312370e+06   3.0883789e+01
   3.2313340e+06   4.3212891e+01
   3.2314330e+06   4.6386719e+01
   3.2315530e+06   3.9306641e+01
   3.2316590e+06   4.0100098e+01
   3.2317650e+06   4.8522949e+01
   3.2318860e+06   4.2114258e+01
   3.2320150e+06   4.3701172e+01
   3.2321420e+06   4.2968750e+01
   3.2322760e+06   4.9621582e+01
   3.2324220e+06   4.7973633e+01
   3.2325970e+06   5.0903320e+01
   3.2327720e+06   5.7739258e+01
   3.2330330e+06   5.5175781e+01
   3.2468540e+06   1.8676758e+01
   3.2468810e+06   8.9660645e+01
   3.2469420e+06   7.6110840e+01
   3.2469520e+06   2.3986816e+01
   3.2469700e+06   2.1423340e+01
   3.2469990e+06   5.9265137e+01
   3.2470190e+06   4.0893555e+01
   3.2470450e+06   2.9235840e+01
   3.2470610e+06   7.0861816e+01
   3.2470750e+06   5.3955078e+01
   3.2471100e+06   6.1340332e+01
   3.2471300e+06   5.0476074e+01
   3.2471540e+06   2.8015137e+01
   3.2471650e+06   2.8930664e+01
   3.2472010e+06   3.4362793e+01
   3.2472430e+06   4.0466309e+01
   3.2472640e+06   1.8676758e+01
   3.2472750e+06   1.8493652e+01
   3.2472990e+06   3.7353516e+01
   3.2473170e+06   1.9104004e+01
   3.2473550e+06   2.5451660e+01
   3.2473670e+06   2.7954102e+01
   3.2473840e+06   2.0812988e+01
   3.2474080e+06   2.1484375e+01
   3.2474350e+06   2.2155762e+01
   3.2474660e+06   2.4353027e+01
   3.2474780e+06   1.9042969e+01
   3.2474960e+06   2.8137207e+01
   3.2475310e+06   2.6000977e+01
   3.2475670e+06   3.5217285e+01
   3.2476000e+06   3.6865234e+01
   3.2476290e+06   1.9104004e+01
   3.2476600e+06   2.0202637e+01
   3.2476820e+06   2.9907227e+01
   3.2476960e+06   2.7770996e+01
   3.2477420e+06   2.8503418e+01
   3.2478040e+06   2.7770996e+01
   3.2478270e+06   2.1240234e+01
   3.2478380e+06   3.2958984e+01
   3.2478490e+06   1.7944336e+01
   3.2478810e+06   2.0996094e+01
   3.2479010e+06   2.7038574e+01
   3.2479180e+06   3.5034180e+01
   3.2479910e+06   2.9724121e+01
   3.2480300e+06   2.4353027e+01
   3.2480830e+06   1.9714355e+01
   3.2480950e+06   3.0700684e+01
   3.2481310e+06   2.7587891e+01
   3.2481730e+06   2.8198242e+01
   3.2481860e+06   2.2033691e+01
   3.2482250e+06   2.7832031e+01
   3.2482680e+06   3.0944824e+01
   3.2483180e+06   2.6428223e+01
   3.2483950e+06   2.5329590e+01
   3.2485140e+06   2.3437500e+01
   3.2485610e+06   2.8564453e+01
   3.2486180e+06   2.8564453e+01
   3.2486720e+06   2.5268555e+01
   3.2487700e+06   2.5451660e+01
   3.2488050e+06   1.8066406e+01
   3.2488800e+06   2.8442383e+01
   3.2489550e+06   3.2958984e+01
   3.2489780e+06   2.5878906e+01
   3.2490500e+06   3.1005859e+01
   3.2493880e+06   3.2653809e+01
   3.2494760e+06   4.0954590e+01
   3.2495880e+06   4.2114258e+01
   3.2496240e+06   2.3559570e+01
   3.2496950e+06   4.4494629e+01
   3.2498070e+06   3.9306641e+01
   3.2499260e+06   3.5461426e+01
   3.2500230e+06   4.5715332e+01
   3.2501300e+06   4.1442871e+01
   3.2502440e+06   4.4616699e+01
   3.2503680e+06   4.1809082e+01
   3.2504950e+06   4.4189453e+01
   3.2506100e+06   4.2846680e+01
   3.2507420e+06   4.4494629e+01
   3.2508750e+06   4.5104980e+01
   3.2510240e+06   4.5288086e+01
   3.2511860e+06   5.1208496e+01
   3.2513500e+06   4.8156738e+01
   3.2515300e+06   4.9560547e+01
   3.2517340e+06   5.4443359e+01
   3.2520840e+06   5.7861328e+01
   3.4676810e+06   2.5817871e+01
   3.4677440e+06   1.9470215e+01
   3.4857060e+06   3.1127930e+01
   3.4857690e+06   2.6855469e+01
   3.4857870e+06   2.5939941e+01
   3.4858420e+06   4.3029785e+01
   3.4858660e+06   2.8808594e+01
   3.4858830e+06   3.3142090e+01
   3.4859090e+06   9.5886230e+01
   3.4859490e+06   3.2470703e+01
   3.4859610e+06   4.0344238e+01
   3.4859880e+06   7.2631836e+01
   3.4860090e+06   2.6306152e+01
   3.4860350e+06   8.1726074e+01
   3.4860530e+06   2.1911621e+01
   3.4860640e+06   5.6823730e+01
   3.4860980e+06   6.1950684e+01
   3.4861130e+06   4.5898438e+01
   3.4861460e+06   4.9682617e+01
   3.4861640e+06   3.7719727e+01
   3.4861790e+06   2.6855469e+01
   3.4861990e+06   2.7648926e+01
   3.4862180e+06   3.1311035e+01
   3.4862390e+06   2.7954102e+01
   3.4862620e+06   2.5268555e+01
   3.4862780e+06   3.1982422e+01
   3.4863020e+06   3.9672852e+01
   3.4863320e+06   3.5400391e+01
   3.4863540e+06   2.4291992e+01
   3.4863780e+06   3.3508301e+01
   3.4864050e+06   1.9226074e+01
   3.4864250e+06   3.0700684e+01
   3.4864380e+06   1.9714355e+01
   3.4864550e+06   2.0507813e+01
   3.4864930e+06   2.7160645e+01
   3.4865210e+06   3.0822754e+01
   3.4865440e+06   2.0324707e+01
   3.4865770e+06   2.0202637e+01
   3.4865890e+06   1.7822266e+01
   3.4866140e+06   2.0141602e+01
   3.4866450e+06   3.0395508e+01
   3.4866730e+06   1.9836426e+01
   3.4867180e+06   2.5878906e+01
   3.4867470e+06   3.2043457e+01
   3.4867650e+06   2.0935059e+01
   3.4867970e+06   1.8554688e+01
   3.4868100e+06   2.0935059e+01
   3.4868290e+06   3.0883789e+01
   3.4868580e+06   2.9785156e+01
   3.4868810e+06   2.7893066e+01
   3.4869180e+06   2.1972656e+01
   3.4869580e+06   2.7526855e+01
   3.4869850e+06   3.8513184e+01
   3.4869960e+06   2.8930664e+01
   3.4870320e+06   2.6855469e+01
   3.4870610e+06   2.5939941e+01
   3.4870940e+06   2.7465820e+01
   3.4871170e+06   2.6000977e+01
   3.4871560e+06   3.4484863e+01
   3.4871690e+06   1.9775391e+01
   3.4871910e+06   2.2460938e+01
   3.4872080e+06   3.0151367e+01
   3.4872260e+06   2.4597168e+01
   3.4872510e+06   2.2460938e+01
   3.4872640e+06   2.0019531e+01
   3.4873200e+06   2.6123047e+01
   3.4873330e+06   2.3010254e+01
   3.4873740e+06   3.4851074e+01
   3.4873850e+06   1.8859863e+01
   3.4874030e+06   2.5695801e+01
   3.4874380e+06   2.1240234e+01
   3.4874530e+06   2.9724121e+01
   3.4874910e+06   2.1850586e+01
   3.4875190e+06   2.4169922e+01
   3.4875680e+06   2.4780273e+01
   3.4876200e+06   4.2541504e+01
   3.4876700e+06   4.0954590e+01
   3.4876970e+06   2.6855469e+01
   3.4877220e+06   2.3132324e+01
   3.4877580e+06   1.7700195e+01
   3.4877680e+06   2.4291992e+01
   3.4877970e+06   1.9287109e+01
   3.4878100e+06   3.3996582e+01
   3.4878520e+06   3.3630371e+01
   3.4878940e+06   2.9235840e+01
   3.4879100e+06   2.7282715e+01
   3.4879270e+06   2.6733398e+01
   3.4879480e+06   3.1982422e+01
   3.4879940e+06   3.1494141e+01
   3.4880040e+06   2.2338867e+01
   3.4880410e+06   2.3742676e+01
   3.4880700e+06   2.9235840e+01
   3.4881040e+06   2.5634766e+01
   3.4881430e+06   3.1677246e+01
   3.4882070e+06   3.0761719e+01
   3.4882250e+06   3.3691406e+01
   3.4882580e+06   2.9479980e+01
   3.4883030e+06   2.7343750e+01
   3.4883810e+06   3.7902832e+01
   3.4883910e+06   3.8269043e+01
   3.4884630e+06   5.3588867e+01
   3.4885160e+06   2.4414062e+01
   3.4885470e+06   3.7353516e+01
   3.4886030e+06   3.2897949e+01
   3.4886370e+06   4.4311523e+01
   3.4887120e+06   2.7038574e+01
   3.4887420e+06   3.9245605e+01
   3.4888330e+06   2.9663086e+01
   3.4888480e+06   3.9489746e+01
   3.4889460e+06   4.9133301e+01
   3.4890650e+06   4.6813965e+01
   3.4891830e+06   4.5715332e+01
   3.4893070e+06   3.3081055e+01
   3.4894480e+06   5.4260254e+01
   3.4896250e+06   5.7373047e+01
   3.4898810e+06   5.6457520e+01
   3.4965420e+06   8.6486816e+01
   3.4968110e+06   7.9101562e+01
   3.5019490e+06   2.0996094e+01
   3.5052390e+06   8.3190918e+01
   3.5071180e+06   1.7700195e+01
   3.5134040e+06   1.7822266e+01
   3.5185250e+06   2.1118164e+01
   3.5185840e+06   1.7761230e+01
   3.5225620e+06   1.9897461e+01
   3.5385870e+06   1.8127441e+01
   3.5525700e+06   2.0324707e+01
   3.5711700e+06   2.2521973e+01
   3.5845330e+06   1.8188477e+01
   3.6058490e+06   2.3681641e+01
   3.6179840e+06   1.9165039e+01
   3.6348520e+06   1.8981934e+01
   3.6349540e+06   1.7761230e+01
   3.6515380e+06   2.2216797e+01
   3.6645140e+06   2.0019531e+01
   3.6692720e+06   1.7822266e+01
   3.6769690e+06   1.7883301e+01
   3.6928540e+06   1.9836426e+01
   3.6964390e+06   1.8859863e+01
   3.7070210e+06   2.1301270e+01
   3.7158240e+06   2.3193359e+01
   3.7194910e+06   1.8249512e+01
   3.7196050e+06   1.9714355e+01
   3.7315430e+06   2.3071289e+01
   3.7445910e+06   2.0446777e+01
   3.7546020e+06   1.8554688e+01
   3.7684590e+06   2.0812988e+01
   3.7804110e+06   2.2521973e+01
   3.7846360e+06   1.9287109e+01
   3.7846770e+06   1.8737793e+01
   3.7940820e+06   1.9287109e+01
   3.7994390e+06   1.9165039e+01
   3.8122630e+06   1.8432617e+01
   3.8189220e+06   1.7944336e+01
   3.8249340e+06   2.0446777e+01
   3.8373490e+06   1.9409180e+01
   3.8451840e+06   1.9531250e+01
   3.8452930e+06   1.7700195e+01
   3.8469680e+06   2.4841309e+01
   3.8470120e+06   2.5024414e+01
   3.8470440e+06   4.2358398e+01
   3.8470710e+06   3.9367676e+01
   3.8470870e+06   2.3742676e+01
   3.8471120e+06   1.8554688e+01
   3.8471240e+06   2.7465820e+01
   3.8471340e+06   4.5532227e+01
   3.8471670e+06   7.6965332e+01
   3.8471850e+06   2.4230957e+01
   3.8472050e+06   5.6030273e+01
   3.8472190e+06   2.5634766e+01
   3.8472350e+06   3.8391113e+01
   3.8472560e+06   3.7414551e+01
   3.8472810e+06   2.2827148e+01
   3.8473000e+06   3.4790039e+01
   3.8473270e+06   4.0954590e+01
   3.8473500e+06   4.0832520e+01
   3.8473720e+06   2.7404785e+01
   3.8473940e+06   2.9846191e+01
   3.8474120e+06   2.5024414e+01
   3.8474410e+06   4.2846680e+01
   3.8474570e+06   2.4780273e+01
   3.8474740e+06   3.4179688e+01
   3.8475020e+06   3.1494141e+01
   3.8475180e+06   2.8015137e+01
   3.8475330e+06   1.8920898e+01
   3.8475560e+06   2.5085449e+01
   3.8475830e+06   2.9174805e+01
   3.8475960e+06   2.4780273e+01
   3.8476150e+06   2.1118164e+01
   3.8476420e+06   3.3691406e+01
   3.8476800e+06   3.5949707e+01
   3.8477160e+06   3.0334473e+01
   3.8477310e+06   1.7761230e+01
   3.8477500e+06   2.7099609e+01
   3.8477970e+06   1.7639160e+01
   3.8478080e+06   3.6987305e+01
   3.8478380e+06   2.5634766e+01
   3.8478720e+06   2.4902344e+01
   3.8478950e+06   1.7883301e+01
   3.8479190e+06   3.0395508e+01
   3.8479490e+06   3.6010742e+01
   3.8480050e+06   2.4780273e+01
   3.8480380e+06   2.7099609e+01
   3.8480780e+06   1.7700195e+01
   3.8481090e+06   4.1198730e+01
   3.8481490e+06   2.0385742e+01
   3.8481830e+06   2.6062012e+01
   3.8481940e+06   1.8676758e+01
   3.8482160e+06   3.3142090e+01
   3.8482260e+06   2.9724121e+01
   3.8482700e+06   3.4301758e+01
   3.8482810e+06   2.0263672e+01
   3.8483040e+06   2.5817871e+01
   3.8483400e+06   2.8747559e+01
   3.8483700e+06   1.8249512e+01
   3.8483950e+06   2.9663086e+01
   3.8484210e+06   2.4719238e+01
   3.8484550e+06   2.6062012e+01
   3.8484820e+06   2.7587891e+01
   3.8485050e+06   3.9001465e+01
   3.8485150e+06   2.6672363e+01
   3.8485500e+06   3.0517578e+01
   3.8485620e+06   2.6855469e+01
   3.8485820e+06   2.6184082e+01
   3.8486220e+06   2.6916504e+01
   3.8486410e+06   2.6794434e+01
   3.8486660e+06   4.9743652e+01
   3.8486800e+06   3.3020020e+01
   3.8487240e+06   3.6315918e+01
   3.8487510e+06   2.1911621e+01
   3.8487690e+06   2.1911621e+01
   3.8488060e+06   4.9804687e+01
   3.8488450e+06   2.0324707e+01
   3.8488790e+06   2.0751953e+01
   3.8489220e+06   2.8564453e+01
   3.8489440e+06   1.9592285e+01
   3.8489580e+06   2.2216797e+01
   3.8489890e+06   2.1911621e+01
   3.8490380e+06   3.3996582e+01
   3.8490700e+06   3.0273438e+01
   3.8491140e+06   5.2001953e+01
   3.8491410e+06   2.0629883e+01
   3.8491650e+06   2.6245117e+01
   3.8491910e+06   3.8391113e+01
   3.8492210e+06   3.9733887e+01
   3.8492630e+06   3.9123535e+01
   3.8493120e+06   2.8442383e+01
   3.8493300e+06   1.8066406e+01
   3.8493530e+06   3.2653809e+01
   3.8493760e+06   2.2888184e+01
   3.8494330e+06   2.8259277e+01
   3.8494430e+06   2.4658203e+01
   3.8494970e+06   2.9235840e+01
   3.8495280e+06   3.3203125e+01
   3.8496090e+06   3.2348633e+01
   3.8496310e+06   4.6813965e+01
   3.8496670e+06   2.5085449e+01
   3.8497330e+06   2.9357910e+01
   3.8497890e+06   4.7302246e+01
   3.8498470e+06   3.2531738e+01
   3.8499000e+06   4.5837402e+01
   3.8499510e+06   2.6611328e+01
   3.8499910e+06   4.8278809e+01
   3.8501030e+06   3.9611816e+01
   3.8501840e+06   2.9968262e+01
   3.8501940e+06   4.9255371e+01
   3.8503050e+06   4.6569824e+01
   3.8503470e+06   2.7221680e+01
   3.8504160e+06   4.1564941e+01
   3.8505180e+06   4.9560547e+01
   3.8505320e+06   2.8442383e+01
   3.8506450e+06   5.3100586e+01
   3.8507600e+06   5.2490234e+01
   3.8509040e+06   6.0119629e+01
   3.8510800e+06   5.3100586e+01
   3.8512580e+06   5.7373047e+01
   3.8515810e+06   5.6518555e+01
   3.8577630e+06   8.6669922e+01
   3.8600560e+06   7.3791504e+01
   3.8618690e+06   7.9406738e+01
   3.8670660e+06   2.0141602e+01
   3.8726660e+06   1.8310547e+01
   3.8813240e+06   1.9409180e+01
   3.8856050e+06   2.1118164e+01
   3.8975480e+06   1.8310547e+01
   3.9049150e+06   1.9531250e+01
   3.9183500e+06   2.1057129e+01
   3.9253070e+06   2.0874023e+01
   3.9530340e+06   2.1179199e+01
   3.9673710e+06   1.7822266e+01
   3.9796450e+06   1.8310547e+01
   4.0083030e+06   1.7883301e+01
   4.0239090e+06   2.1789551e+01
   4.0561510e+06   1.8493652e+01
   4.0589080e+06   3.4545898e+01
   4.0589490e+06   2.6123047e+01
   4.0589810e+06   3.0334473e+01
   4.0589940e+06   4.3579102e+01
   4.0590310e+06   9.1674805e+01
   4.0590580e+06   4.9377441e+01
   4.0590790e+06   1.0644531e+02
   4.0591180e+06   5.3833008e+01
   4.0591290e+06   2.5390625e+01
   4.0591540e+06   5.3283691e+01
   4.0591850e+06   5.4931641e+01
   4.0592070e+06   5.7617188e+01
   4.0592260e+06   2.5573730e+01
   4.0592400e+06   3.5156250e+01
   4.0592670e+06   2.9602051e+01
   4.0592860e+06   3.9733887e+01
   4.0593040e+06   3.5888672e+01
   4.0593260e+06   2.2521973e+01
   4.0593540e+06   3.3813477e+01
   4.0593770e+06   2.3315430e+01
   4.0593940e+06   3.9428711e+01
   4.0594230e+06   2.7221680e+01
   4.0594360e+06   2.5939941e+01
   4.0594620e+06   3.6865234e+01
   4.0594770e+06   1.7883301e+01
   4.0594890e+06   1.8493652e+01
   4.0595100e+06   2.9418945e+01
   4.0595500e+06   2.4169922e+01
   4.0595610e+06   2.2460938e+01
   4.0595800e+06   3.4423828e+01
   4.0595990e+06   1.8798828e+01
   4.0596350e+06   2.3803711e+01
   4.0596480e+06   2.2949219e+01
   4.0596640e+06   2.2277832e+01
   4.0596930e+06   1.8737793e+01
   4.0597070e+06   1.9897461e+01
   4.0597370e+06   3.0517578e+01
   4.0597730e+06   3.5522461e+01
   4.0598330e+06   2.2399902e+01
   4.0598660e+06   3.1311035e+01
   4.0599210e+06   3.0883789e+01
   4.0599500e+06   3.6132812e+01
   4.0599800e+06   1.9836426e+01
   4.0600000e+06   2.8503418e+01
   4.0600320e+06   2.1118164e+01
   4.0600670e+06   5.0476074e+01
   4.0600860e+06   2.0568848e+01
   4.0601110e+06   2.1301270e+01
   4.0601320e+06   1.8249512e+01
   4.0601520e+06   3.1799316e+01
   4.0601820e+06   3.0639648e+01
   4.0602090e+06   2.7221680e+01
   4.0602350e+06   1.7883301e+01
   4.0602500e+06   2.7038574e+01
   4.0602750e+06   1.8737793e+01
   4.0603000e+06   2.4902344e+01
   4.0603460e+06   2.5695801e+01
   4.0603730e+06   2.9296875e+01
   4.0604070e+06   1.7700195e+01
   4.0604250e+06   4.8767090e+01
   4.0604560e+06   1.8920898e+01
   4.0604830e+06   1.8859863e+01
   4.0604970e+06   1.9165039e+01
   4.0605270e+06   3.4667969e+01
   4.0605560e+06   3.1066895e+01
   4.0605810e+06   2.6000977e+01
   4.0606080e+06   4.4006348e+01
   4.0606690e+06   5.2917480e+01
   4.0607220e+06   4.1564941e+01
   4.0607350e+06   3.1738281e+01
   4.0607600e+06   2.4841309e+01
   4.0607930e+06   2.9052734e+01
   4.0608050e+06   3.4179688e+01
   4.0608420e+06   3.1127930e+01
   4.0608690e+06   3.2287598e+01
   4.0608960e+06   2.3193359e+01
   4.0609430e+06   3.5766602e+01
   4.0609600e+06   3.1311035e+01
   4.0609750e+06   1.9470215e+01
   4.0609960e+06   2.3559570e+01
   4.0610240e+06   1.9104004e+01
   4.0610440e+06   3.3691406e+01
   4.0610690e+06   3.0944824e+01
   4.0611030e+06   1.9104004e+01
   4.0611290e+06   4.1015625e+01
   4.0611400e+06   3.0700684e+01
   4.0611830e+06   3.5217285e+01
   4.0612130e+06   3.4851074e+01
   4.0612560e+06   2.9541016e+01
   4.0613030e+06   3.6437988e+01
   4.0613160e+06   2.8076172e+01
   4.0613840e+06   2.9663086e+01
   4.0615030e+06   3.9611816e+01
   4.0615210e+06   3.0334473e+01
   4.0616220e+06   4.1625977e+01
   4.0616560e+06   2.7770996e+01
   4.0617200e+06   4.2114258e+01
   4.0617650e+06   3.1005859e+01
   4.0618080e+06   3.7475586e+01
   4.0618650e+06   2.9785156e+01
   4.0619060e+06   4.4006348e+01
   4.0619400e+06   3.1188965e+01
   4.0620020e+06   4.4616699e+01
   4.0620650e+06   2.8625488e+01
   4.0621250e+06   4.9804688e+01
   4.0622360e+06   4.7363281e+01
   4.0623670e+06   4.7424316e+01
   4.0625030e+06   4.4616699e+01
   4.0625450e+06   3.3081055e+01
   4.0625800e+06   2.1301270e+01
   4.0626260e+06   5.0781250e+01
   4.0627730e+06   5.1391602e+01
   4.0629450e+06   5.5114746e+01
   4.0631410e+06   5.2978516e+01
   4.0633440e+06   5.4809570e+01
   4.0633790e+06   1.8005371e+01
   4.0636360e+06   5.8471680e+01
   4.0711020e+06   7.8613281e+01
   4.0734870e+06   8.2763672e+01
   4.0840220e+06   2.8076172e+01
   4.0840800e+06   1.8371582e+01
   4.0842570e+06   2.8259277e+01
   4.0842860e+06   8.5205078e+01
   4.0843910e+06   2.9052734e+01
   4.0844410e+06   2.8930664e+01
   4.0844910e+06   7.1594238e+01
   4.0845220e+06   3.1982422e+01
   4.0845330e+06   2.1606445e+01
   4.0845570e+06   2.8381348e+01
   4.0845880e+06   2.4719238e+01
   4.0846110e+06   1.8920898e+01
   4.0846230e+06   8.8867188e+01
   4.0846390e+06   5.4626465e+01
   4.0846720e+06   5.1330566e+01
   4.0846940e+06   8.0444336e+01
   4.0847230e+06   3.1066895e+01
   4.0847440e+06   6.3659668e+01
   4.0847730e+06   3.8208008e+01
   4.0847930e+06   5.1818848e+01
   4.0848090e+06   1.9165039e+01
   4.0848320e+06   3.9123535e+01
   4.0848490e+06   2.4475098e+01
   4.0848740e+06   3.3325195e+01
   4.0848950e+06   2.1667480e+01
   4.0849180e+06   4.0710449e+01
   4.0849320e+06   1.8188477e+01
   4.0849470e+06   3.8452148e+01
   4.0849790e+06   2.3437500e+01
   4.0850010e+06   2.2155762e+01
   4.0850130e+06   2.5573730e+01
   4.0850470e+06   1.9897461e+01
   4.0850600e+06   2.0690918e+01
   4.0850940e+06   3.5339355e+01
   4.0851310e+06   2.5695801e+01
   4.0851610e+06   2.5939941e+01
   4.0851890e+06   2.4536133e+01
   4.0852040e+06   1.8005371e+01
   4.0852150e+06   2.9907227e+01
   4.0852360e+06   3.1005859e+01
   4.0852800e+06   3.0944824e+01
   4.0853030e+06   2.5146484e+01
   4.0853240e+06   1.8859863e+01
   4.0853590e+06   2.3437500e+01
   4.0853920e+06   2.9907227e+01
   4.0854210e+06   3.9001465e+01
   4.0854550e+06   3.0883789e+01
   4.0854740e+06   2.6000977e+01
   4.0855080e+06   2.7648926e+01
   4.0855320e+06   2.8076172e+01
   4.0855710e+06   2.5329590e+01
   4.0855890e+06   1.9714355e+01
   4.0856060e+06   2.3010254e+01
   4.0856160e+06   1.9714355e+01
   4.0856430e+06   2.3498535e+01
   4.0856620e+06   3.2775879e+01
   4.0856850e+06   3.1188965e+01
   4.0857200e+06   3.9550781e+01
   4.0857500e+06   3.0517578e+01
   4.0857850e+06   3.6804199e+01
   4.0858010e+06   2.2338867e+01
   4.0858110e+06   2.8503418e+01
   4.0858270e+06   2.1728516e+01
   4.0858510e+06   2.6916504e+01
   4.0858710e+06   2.9602051e+01
   4.0859030e+06   3.4912109e+01
   4.0859170e+06   2.4475098e+01
   4.0859410e+06   2.6062012e+01
   4.0859510e+06   1.9714355e+01
   4.0859770e+06   2.2583008e+01
   4.0860030e+06   5.9082031e+01
   4.0860190e+06   2.1240234e+01
   4.0860430e+06   1.8981934e+01
   4.0860650e+06   3.6682129e+01
   4.0860790e+06   2.0751953e+01
   4.0861090e+06   3.0395508e+01
   4.0861340e+06   3.9489746e+01
   4.0861440e+06   2.3559570e+01
   4.0861650e+06   2.5695801e+01
   4.0862160e+06   3.6132812e+01
   4.0862350e+06   5.0292969e+01
   4.0862750e+06   3.3020020e+01
   4.0863260e+06   2.9541016e+01
   4.0863410e+06   5.7495117e+01
   4.0863640e+06   2.3559570e+01
   4.0863750e+06   1.8432617e+01
   4.0864240e+06   3.8085938e+01
   4.0864680e+06   2.6062012e+01
   4.0865000e+06   2.2338867e+01
   4.0865220e+06   1.7700195e+01
   4.0865390e+06   2.9785156e+01
   4.0865740e+06   2.7893066e+01
   4.0865980e+06   2.1423340e+01
   4.0866100e+06   4.9011230e+01
   4.0866990e+06   2.5512695e+01
   4.0867230e+06   1.8005371e+01
   4.0867840e+06   2.4780273e+01
   4.0868180e+06   2.4108887e+01
   4.0868370e+06   2.2460938e+01
   4.0868910e+06   2.0141602e+01
   4.0869210e+06   2.5390625e+01
   4.0869850e+06   4.8583984e+01
   4.0870060e+06   2.5268555e+01
   4.0870750e+06   2.6977539e+01
   4.0871260e+06   4.8339844e+01
   4.0871640e+06   2.6794434e+01
   4.0876360e+06   5.1208496e+01
   4.0877770e+06   5.2612305e+01
   4.0879220e+06   5.9570312e+01
   4.0880630e+06   5.3283691e+01
   4.0882180e+06   5.3466797e+01
   4.0884030e+06   5.6457520e+01
   4.0886190e+06   5.7922363e+01
   4.0890050e+06   1.7639160e+01
   4.1059680e+06   3.0761719e+01
   4.1060040e+06   1.7761230e+01
   4.1060260e+06   3.6376953e+01
   4.1060480e+06   3.1433105e+01
   4.1060740e+06   8.6975098e+01
   4.1060870e+06   6.5246582e+01
   4.1061220e+06   8.2458496e+01
   4.1061360e+06   2.5878906e+01
   4.1061600e+06   5.4199219e+01
   4.1061840e+06   3.2653809e+01
   4.1062050e+06   5.2001953e+01
   4.1062200e+06   3.3508301e+01
   4.1062390e+06   5.5969238e+01
   4.1062530e+06   2.9052734e+01
   4.1062790e+06   3.4729004e+01
   4.1063010e+06   3.3569336e+01
   4.1063220e+06   4.2114258e+01
   4.1063390e+06   3.8574219e+01
   4.1063620e+06   4.5471191e+01
   4.1063860e+06   2.0568848e+01
   4.1064000e+06   3.6926270e+01
   4.1064390e+06   4.2663574e+01
   4.1064570e+06   2.5146484e+01
   4.1064690e+06   3.2531738e+01
   4.1064930e+06   3.0029297e+01
   4.1065230e+06   2.9907227e+01
   4.1065390e+06   2.0935059e+01
   4.1065540e+06   2.6489258e+01
   4.1065780e+06   2.0568848e+01
   4.1066020e+06   1.8371582e+01
   4.1066320e+06   4.4372559e+01
   4.1066570e+06   3.1799316e+01
   4.1066830e+06   3.3752441e+01
   4.1067090e+06   4.0893555e+01
   4.1067350e+06   3.4790039e+01
   4.1067590e+06   2.3071289e+01
   4.1067830e+06   1.8188477e+01
   4.1068010e+06   2.5085449e+01
   4.1068240e+06   2.3803711e+01
   4.1068460e+06   1.9836426e+01
   4.1068630e+06   3.1738281e+01
   4.1068980e+06   3.3508301e+01
   4.1069340e+06   2.6062012e+01
   4.1069580e+06   3.7780762e+01
   4.1069890e+06   3.1311035e+01
   4.1070190e+06   3.0761719e+01
   4.1070520e+06   2.3681641e+01
   4.1070760e+06   2.5329590e+01
   4.1070980e+06   2.4047852e+01
   4.1071120e+06   2.3742676e+01
   4.1071420e+06   3.6010742e+01
   4.1071710e+06   2.7038574e+01
   4.1072330e+06   2.6245117e+01
   4.1072670e+06   4.1137695e+01
   4.1073000e+06   2.6184082e+01
   4.1073140e+06   2.1423340e+01
   4.1073680e+06   2.8442383e+01
   4.1074070e+06   1.8432617e+01
   4.1074210e+06   2.8320312e+01
   4.1074640e+06   3.8574219e+01
   4.1074850e+06   1.8188477e+01
   4.1075070e+06   3.0700684e+01
   4.1075340e+06   3.2531738e+01
   4.1075510e+06   1.9897461e+01
   4.1075790e+06   2.9113770e+01
   4.1076220e+06   4.2175293e+01
   4.1076430e+06   2.5878906e+01
   4.1076690e+06   1.9104004e+01
   4.1076980e+06   4.1687012e+01
   4.1077370e+06   2.6977539e+01
   4.1078290e+06   3.7353516e+01
   4.1078810e+06   2.6611328e+01
   4.1078930e+06   4.0222168e+01
   4.1079530e+06   3.1982422e+01
   4.1079840e+06   4.8400879e+01
   4.1080260e+06   3.2531738e+01
   4.1080500e+06   2.1972656e+01
   4.1080910e+06   2.7221680e+01
   4.1081520e+06   3.0639648e+01
   4.1081980e+06   2.7099609e+01
   4.1082320e+06   4.1442871e+01
   4.1082770e+06   1.9836426e+01
   4.1082940e+06   2.1057129e+01
   4.1083710e+06   4.4189453e+01
   4.1084660e+06   4.1687012e+01
   4.1085970e+06   2.5085449e+01
   4.1087450e+06   5.0781250e+01
   4.1089310e+06   4.0100098e+01
   4.1090530e+06   4.9377441e+01
   4.1091810e+06   4.7119141e+01
   4.1093450e+06   4.5471191e+01
   4.1094900e+06   4.1198730e+01
   4.1096280e+06   5.1757812e+01
   4.1097650e+06   5.5419922e+01
   4.1099030e+06   5.2246094e+01
   4.1100540e+06   5.8105469e+01
   4.1102450e+06   5.4565430e+01
   4.1104390e+06   5.9509277e+01
   4.1107990e+06   5.8593750e+01
   4.1171960e+06   8.3007812e+01
   4.1174630e+06   7.3059082e+01
   4.1175700e+06   2.7282715e+01
   4.1175970e+06   2.3559570e+01
   4.1176090e+06   8.4411621e+01
   4.1176340e+06   3.3874512e+01
   4.1176630e+06   4.0405273e+01
   4.1176790e+06   6.4636230e+01
   4.1176890e+06   5.1086426e+01
   4.1177200e+06   5.6152344e+01
   4.1177340e+06   7.6354980e+01
   4.1177590e+06   3.5644531e+01
   4.1177850e+06   5.1513672e+01
   4.1178170e+06   3.2653809e+01
   4.1178470e+06   4.1809082e+01
   4.1178650e+06   3.0883789e+01
   4.1178890e+06   3.4973145e+01
   4.1179180e+06   4.7119141e+01
   4.1179370e+06   3.2592773e+01
   4.1179510e+06   1.9531250e+01
   4.1179680e+06   2.5695801e+01
   4.1179920e+06   2.0568848e+01
   4.1180070e+06   2.1850586e+01
   4.1180400e+06   2.2277832e+01
   4.1180660e+06   2.5634766e+01
   4.1180900e+06   3.0090332e+01
   4.1181120e+06   1.9836426e+01
   4.1181430e+06   3.3996582e+01
   4.1181530e+06   3.5156250e+01
   4.1181730e+06   2.5207520e+01
   4.1181990e+06   3.2653809e+01
   4.1182150e+06   1.8615723e+01
   4.1182520e+06   3.9550781e+01
   4.1182820e+06   2.8320312e+01
   4.1183010e+06   2.0446777e+01
   4.1183300e+06   2.1118164e+01
   4.1183640e+06   4.0588379e+01
   4.1184060e+06   2.6794434e+01
   4.1184320e+06   2.1240234e+01
   4.1184430e+06   2.3803711e+01
   4.1184780e+06   2.5573730e+01
   4.1185140e+06   3.1921387e+01
   4.1185400e+06   2.3437500e+01
   4.1185770e+06   3.1433105e+01
   4.1185900e+06   3.1799316e+01
   4.1186140e+06   2.6855469e+01
   4.1186510e+06   3.0090332e+01
   4.1186840e+06   3.0090332e+01
   4.1186970e+06   2.4414062e+01
   4.1187330e+06   3.3691406e+01
   4.1187600e+06   2.5756836e+01
   4.1188050e+06   3.6499023e+01
   4.1188260e+06   4.1748047e+01
   4.1188550e+06   3.7902832e+01
   4.1188810e+06   2.1972656e+01
   4.1189000e+06   3.5461426e+01
   4.1189200e+06   1.8676758e+01
   4.1189400e+06   2.2949219e+01
   4.1189510e+06   1.8493652e+01
   4.1189950e+06   3.1799316e+01
   4.1190070e+06   2.5146484e+01
   4.1190600e+06   2.6672363e+01
   4.1190990e+06   3.6621094e+01
   4.1191160e+06   2.3071289e+01
   4.1191380e+06   1.9287109e+01
   4.1192310e+06   2.7770996e+01
   4.1192720e+06   3.1555176e+01
   4.1193420e+06   2.8198242e+01
   4.1193960e+06   3.8146973e+01
   4.1194230e+06   2.8320312e+01
   4.1194840e+06   1.8371582e+01
   4.1195140e+06   2.5634766e+01
   4.1195950e+06   3.6682129e+01
   4.1196720e+06   4.2968750e+01
   4.1196920e+06   2.3986816e+01
   4.1197630e+06   4.4555664e+01
   4.1198600e+06   4.5898438e+01
   4.1199660e+06   3.8330078e+01
   4.1203330e+06   4.3395996e+01
   4.1204490e+06   4.3029785e+01
   4.1205700e+06   4.3151855e+01
   4.1206840e+06   5.3222656e+01
   4.1208060e+06   5.2124023e+01
   4.1209400e+06   5.0170898e+01
   4.1210960e+06   5.6457520e+01
   4.1212580e+06   5.3100586e+01
   4.1214540e+06   4.9133301e+01
   4.1216380e+06   5.6091309e+01
   4.1218880e+06   5.8532715e+01
   4.1269560e+06   1.8188477e+01
   4.1269840e+06   8.6547852e+01
   4.1270240e+06   3.1005859e+01
   4.1270560e+06   6.9030762e+01
   4.1270730e+06   2.9541016e+01
   4.1270970e+06   5.5358887e+01
   4.1271160e+06   7.3669434e+01
   4.1271370e+06   4.2602539e+01
   4.1271650e+06   4.3029785e+01
   4.1271850e+06   2.7404785e+01
   4.1271990e+06   3.2531738e+01
   4.1272270e+06   5.3283691e+01
   4.1272460e+06   2.0446777e+01
   4.1272790e+06   5.0842285e+01
   4.1273000e+06   4.3762207e+01
   4.1273210e+06   2.6611328e+01
   4.1273350e+06   3.0944824e+01
   4.1273610e+06   3.2287598e+01
   4.1273740e+06   4.4250488e+01
   4.1273980e+06   3.7963867e+01
   4.1274240e+06   4.7180176e+01
   4.1274550e+06   3.5400391e+01
   4.1274710e+06   4.0161133e+01
   4.1275110e+06   3.1677246e+01
   4.1275360e+06   4.8950195e+01
   4.1275630e+06   2.6916504e+01
   4.1275870e+06   2.6916504e+01
   4.1276110e+06   1.8676758e+01
   4.1276280e+06   1.7883301e+01
   4.1276390e+06   2.6367188e+01
   4.1276730e+06   2.2827148e+01
   4.1276980e+06   2.7954102e+01
   4.1277350e+06   2.5268555e+01
   4.1277680e+06   3.0944824e+01
   4.1277960e+06   1.8676758e+01
   4.1278250e+06   3.2287598e+01
   4.1278480e+06   1.8188477e+01
   4.1278630e+06   3.1799316e+01
   4.1278930e+06   2.5756836e+01
   4.1279180e+06   2.0568848e+01
   4.1279320e+06   3.8208008e+01
   4.1279640e+06   3.9062500e+01
   4.1279910e+06   2.9663086e+01
   4.1280290e+06   2.6184082e+01
   4.1280510e+06   1.8920898e+01
   4.1280820e+06   3.5827637e+01
   4.1281120e+06   2.7282715e+01
   4.1281550e+06   2.2644043e+01
   4.1281750e+06   3.6499023e+01
   4.1281940e+06   2.0385742e+01
   4.1282450e+06   2.9846191e+01
   4.1282710e+06   1.8859863e+01
   4.1283030e+06   2.7709961e+01
   4.1283240e+06   3.1982422e+01
   4.1283850e+06   2.5512695e+01
   4.1284060e+06   4.1992188e+01
   4.1284480e+06   1.8859863e+01
   4.1284640e+06   1.9226074e+01
   4.1284840e+06   4.0039062e+01
   4.1285270e+06   2.8320312e+01
   4.1286040e+06   2.7099609e+01
   4.1286540e+06   2.9357910e+01
   4.1286960e+06   5.5419922e+01
   4.1287940e+06   4.3151855e+01
   4.1288790e+06   2.2155762e+01
   4.1288910e+06   4.1442871e+01
   4.1290010e+06   4.8400879e+01
   4.1290950e+06   2.9479980e+01
   4.1291060e+06   4.5227051e+01
   4.1292080e+06   4.0832520e+01
   4.1293190e+06   3.7780762e+01
   4.1294230e+06   3.1738281e+01
   4.1294350e+06   4.2541504e+01
   4.1295550e+06   4.4128418e+01
   4.1296700e+06   4.4799805e+01
   4.1297900e+06   4.9865723e+01
   4.1299180e+06   4.3457031e+01
   4.1300520e+06   4.4738770e+01
   4.1301910e+06   4.8645020e+01
   4.1303320e+06   5.2246094e+01
   4.1304790e+06   4.4372559e+01
   4.1306630e+06   5.1391602e+01
   4.1308600e+06   4.8767090e+01
   4.1312320e+06   5.2062988e+01
   4.1385960e+06   2.9174805e+01
   4.1386150e+06   9.2346191e+01
   4.1386370e+06   7.6293945e+01
   4.1386610e+06   1.0662842e+02
   4.1386750e+06   4.9011230e+01
   4.1386940e+06   2.9113770e+01
   4.1387100e+06   6.1096191e+01
   4.1387200e+06   5.1086426e+01
   4.1387530e+06   4.5715332e+01
   4.1387740e+06   2.1972656e+01
   4.1388040e+06   4.3151855e+01
   4.1388180e+06   3.6071777e+01
   4.1388400e+06   5.2307129e+01
   4.1388710e+06   2.2766113e+01
   4.1388840e+06   2.0019531e+01
   4.1388990e+06   2.1301270e+01
   4.1389110e+06   3.0029297e+01
   4.1389320e+06   1.9287109e+01
   4.1389530e+06   2.5085449e+01
   4.1389810e+06   3.0212402e+01
   4.1389920e+06   2.6977539e+01
   4.1390100e+06   2.2338867e+01
   4.1390380e+06   3.4851074e+01
   4.1390650e+06   3.2104492e+01
   4.1390810e+06   2.5390625e+01
   4.1391070e+06   2.5939941e+01
   4.1391300e+06   2.3376465e+01
   4.1391480e+06   1.8249512e+01
   4.1391710e+06   2.5268555e+01
   4.1392040e+06   2.0080566e+01
   4.1392160e+06   2.0080566e+01
   4.1392420e+06   2.9296875e+01
   4.1392630e+06   1.9165039e+01
   4.1392780e+06   2.6062012e+01
   4.1393070e+06   3.0090332e+01
   4.1393170e+06   1.9958496e+01
   4.1393600e+06   4.3640137e+01
   4.1393840e+06   2.4169922e+01
   4.1394140e+06   2.9968262e+01
   4.1394450e+06   3.0090332e+01
   4.1394740e+06   2.0202637e+01
   4.1395060e+06   3.6926270e+01
   4.1395290e+06   2.5512695e+01
   4.1395470e+06   2.0874023e+01
   4.1395870e+06   2.0996094e+01
   4.1396170e+06   2.5268555e+01
   4.1396340e+06   2.0080566e+01
   4.1396660e+06   2.3925781e+01
   4.1396770e+06   1.8676758e+01
   4.1397000e+06   2.2888184e+01
   4.1397430e+06   2.6123047e+01
   4.1397590e+06   2.2155762e+01
   4.1397690e+06   2.0568848e+01
   4.1397840e+06   2.9785156e+01
   4.1398300e+06   2.8015137e+01
   4.1398720e+06   2.1423340e+01
   4.1399200e+06   2.8320313e+01
   4.1399380e+06   4.6875000e+01
   4.1399820e+06   2.2827148e+01
   4.1400120e+06   1.8249512e+01
   4.1400470e+06   2.3315430e+01
   4.1401030e+06   3.4362793e+01
   4.1401510e+06   2.7587891e+01
   4.1402240e+06   2.3986816e+01
   4.1402960e+06   2.6123047e+01
   4.1403420e+06   2.5146484e+01
   4.1404250e+06   3.0700684e+01
   4.1405120e+06   3.6682129e+01
   4.1405280e+06   2.6184082e+01
   4.1406110e+06   3.7353516e+01
   4.1406380e+06   2.5207520e+01
   4.1407090e+06   2.0080566e+01
   4.1408050e+06   4.3090820e+01
   4.1409000e+06   3.9062500e+01
   4.1409320e+06   2.3193359e+01
   4.1411010e+06   3.6987305e+01
   4.1412050e+06   4.1687012e+01
   4.1413070e+06   4.4067383e+01
   4.1414030e+06   4.2785645e+01
   4.1415060e+06   4.2297363e+01
   4.1416370e+06   3.4301758e+01
   4.1417470e+06   4.1259766e+01
   4.1418730e+06   4.3273926e+01
   4.1420020e+06   4.3884277e+01
   4.1421350e+06   4.6020508e+01
   4.1422780e+06   4.7485352e+01
   4.1423050e+06   1.8554688e+01
   4.1424280e+06   4.4433594e+01
   4.1425870e+06   4.6508789e+01
   4.1427630e+06   5.3100586e+01
   4.1429490e+06   5.1635742e+01
   4.1431940e+06   4.9255371e+01
   4.1470410e+06   2.0446777e+01
   4.1470670e+06   3.2043457e+01
   4.1470790e+06   7.9345703e+01
   4.1471130e+06   3.0029297e+01
   4.1471300e+06   1.0375977e+02
   4.1471580e+06   2.7221680e+01
   4.1471870e+06   7.3425293e+01
   4.1472070e+06   3.7597656e+01
   4.1472410e+06   5.8715820e+01
   4.1472710e+06   5.9631348e+01
   4.1472960e+06   5.3527832e+01
   4.1473120e+06   2.1423340e+01
   4.1473280e+06   4.0100098e+01
   4.1473500e+06   4.3273926e+01
   4.1473650e+06   3.0273438e+01
   4.1473810e+06   3.4484863e+01
   4.1474120e+06   6.1096191e+01
   4.1474440e+06   2.6489258e+01
   4.1474590e+06   1.7761230e+01
   4.1474970e+06   3.2043457e+01
   4.1475230e+06   3.4606934e+01
   4.1475420e+06   2.8625488e+01
   4.1475580e+06   2.6733398e+01
   4.1475810e+06   3.0822754e+01
   4.1475920e+06   3.2287598e+01
   4.1476130e+06   2.6062012e+01
   4.1476230e+06   2.4414062e+01
   4.1476390e+06   2.2949219e+01
   4.1476600e+06   3.3630371e+01
   4.1476900e+06   3.8940430e+01
   4.1477270e+06   3.3996582e+01
   4.1477470e+06   2.1301270e+01
   4.1477760e+06   4.2114258e+01
   4.1477960e+06   2.4169922e+01
   4.1478130e+06   2.4230957e+01
   4.1478530e+06   2.0812988e+01
   4.1478760e+06   1.9348145e+01
   4.1478860e+06   1.9042969e+01
   4.1479340e+06   1.7639160e+01
   4.1479490e+06   3.2409668e+01
   4.1479660e+06   1.9409180e+01
   4.1479960e+06   3.8574219e+01
   4.1480180e+06   2.2277832e+01
   4.1480520e+06   2.6916504e+01
   4.1481260e+06   2.5878906e+01
   4.1481380e+06   1.9348145e+01
   4.1481730e+06   2.2766113e+01
   4.1481960e+06   2.5451660e+01
   4.1482380e+06   3.2958984e+01
   4.1482630e+06   2.9663086e+01
   4.1483020e+06   2.3559570e+01
   4.1483330e+06   3.9733887e+01
   4.1483680e+06   2.4841309e+01
   4.1484330e+06   3.6621094e+01
   4.1484580e+06   2.2094727e+01
   4.1485250e+06   3.8818359e+01
   4.1486080e+06   2.8137207e+01
   4.1486210e+06   2.3498535e+01
   4.1487120e+06   4.3212891e+01
   4.1487360e+06   2.9602051e+01
   4.1488110e+06   3.6804199e+01
   4.1488980e+06   2.9296875e+01
   4.1489440e+06   3.5583496e+01
   4.1490660e+06   4.2846680e+01
   4.1491860e+06   3.9794922e+01
   4.1492420e+06   2.6123047e+01
   4.1493080e+06   3.7597656e+01
   4.1494410e+06   4.8950195e+01
   4.1495730e+06   4.2358398e+01
   4.1497190e+06   4.4982910e+01
   4.1498910e+06   5.1147461e+01
   4.1500800e+06   5.7067871e+01
   4.1503370e+06   5.5236816e+01
   4.1554150e+06   3.1616211e+01
   4.1554470e+06   8.6975098e+01
   4.1554590e+06   3.1921387e+01
   4.1554730e+06   2.9052734e+01
   4.1554920e+06   7.0739746e+01
   4.1555150e+06   2.7587891e+01
   4.1555390e+06   6.5795898e+01
   4.1555550e+06   2.2766113e+01
   4.1555690e+06   6.8847656e+01
   4.1555950e+06   4.5166016e+01
   4.1556330e+06   3.4240723e+01
   4.1556520e+06   2.0202637e+01
   4.1556670e+06   3.6743164e+01
   4.1556940e+06   3.3081055e+01
   4.1557130e+06   2.3803711e+01
   4.1557260e+06   3.4057617e+01
   4.1557450e+06   3.1433105e+01
   4.1557760e+06   4.1687012e+01
   4.1557990e+06   4.0100098e+01
   4.1558170e+06   2.8991699e+01
   4.1558490e+06   4.3029785e+01
   4.1558670e+06   1.8859863e+01
   4.1558820e+06   2.4230957e+01
   4.1559100e+06   3.3630371e+01
   4.1559310e+06   2.2521973e+01
   4.1559560e+06   3.7048340e+01
   4.1559780e+06   3.7109375e+01
   4.1559950e+06   2.4108887e+01
   4.1560290e+06   2.8808594e+01
   4.1560520e+06   3.6926270e+01
   4.1560710e+06   2.1545410e+01
   4.1560960e+06   2.6245117e+01
   4.1561110e+06   2.5878906e+01
   4.1561420e+06   4.3945312e+01
   4.1561530e+06   2.2949219e+01
   4.1561890e+06   4.2236328e+01
   4.1562080e+06   2.7404785e+01
   4.1562340e+06   2.1362305e+01
   4.1562730e+06   2.4291992e+01
   4.1563060e+06   2.2644043e+01
   4.1563390e+06   2.9907227e+01
   4.1563890e+06   2.4414062e+01
   4.1564220e+06   3.2836914e+01
   4.1564500e+06   2.1423340e+01
   4.1564950e+06   2.8015137e+01
   4.1565150e+06   3.2653809e+01
   4.1565740e+06   2.4719238e+01
   4.1566080e+06   3.1311035e+01
   4.1566510e+06   2.3193359e+01
   4.1567310e+06   2.4353027e+01
   4.1568280e+06   3.1494141e+01
   4.1569280e+06   2.5329590e+01
   4.1569440e+06   3.7048340e+01
   4.1570320e+06   3.4606934e+01
   4.1570740e+06   2.7160645e+01
   4.1571280e+06   3.5278320e+01
   4.1572090e+06   2.9907227e+01
   4.1572370e+06   3.6865234e+01
   4.1573370e+06   4.1931152e+01
   4.1574390e+06   3.5583496e+01
   4.1574800e+06   2.7648926e+01
   4.1575460e+06   4.1381836e+01
   4.1576590e+06   4.0466309e+01
   4.1577630e+06   4.2663574e+01
   4.1578860e+06   3.9978027e+01
   4.1579960e+06   2.7709961e+01
   4.1581350e+06   4.3273926e+01
   4.1582650e+06   4.8156738e+01
   4.1584140e+06   4.1442871e+01
   4.1585670e+06   4.7851562e+01
   4.1587280e+06   4.7363281e+01
   4.1589290e+06   5.4016113e+01
   4.1592450e+06   5.7678223e+01
   4.3759960e+06   2.4230957e+01
   4.4166430e+06   1.9531250e+01
   4.4264790e+06   1.8127441e+01
   4.4475690e+06   1.8554688e+01
   4.4573880e+06   1.9958496e+01
   4.4659580e+06   1.7944336e+01
   4.4660170e+06   2.2338867e+01
   4.4759700e+06   1.9714355e+01
   4.4760160e+06   1.7944336e+01
   4.4846100e+06   1.8127441e+01
   4.5045590e+06   2.0324707e+01
   4.5046210e+06   1.7944336e+01
   4.5096770e+06   1.8981934e+01
   4.5097130e+06   1.8920898e+01
   4.5196550e+06   1.9104004e+01
   4.5234890e+06   1.8615723e+01
   4.5362160e+06   1.8188477e+01
   4.5579460e+06   2.0141602e+01
   4.5640190e+06   2.0324707e+01
   4.5728710e+06   1.7944336e+01
   4.5748430e+06   2.1606445e+01
   4.5812960e+06   1.9653320e+01
   4.5903250e+06   2.2460938e+01
   4.5903920e+06   1.8066406e+01
   4.5961900e+06   1.8371582e+01
   4.6029940e+06   2.0446777e+01
   4.6107500e+06   1.9897461e+01
   4.6150020e+06   2.4902344e+01
   4.6162660e+06   2.0080566e+01
   4.6163410e+06   2.0568848e+01
   4.6244340e+06   2.1057129e+01
   4.6332710e+06   2.1545410e+01
   4.6534000e+06   1.9409180e+01
   4.6611690e+06   2.3254395e+01
   4.6612330e+06   2.5268555e+01
   4.6612660e+06   2.4963379e+01
   4.6612810e+06   1.8798828e+01
   4.6613130e+06   2.8808594e+01
   4.6613540e+06   4.4616699e+01
   4.6613760e+06   8.7524414e+01
   4.6613960e+06   3.7597656e+01
   4.6614150e+06   6.5612793e+01
   4.6614330e+06   3.1372070e+01
   4.6614500e+06   7.0983887e+01
   4.6614780e+06   5.2185059e+01
   4.6614960e+06   7.6293945e+01
   4.6615100e+06   3.8208008e+01
   4.6615370e+06   6.3171387e+01
   4.6615570e+06   5.5175781e+01
   4.6615860e+06   3.9306641e+01
   4.6616010e+06   3.0639648e+01
   4.6616170e+06   3.1555176e+01
   4.6616490e+06   3.8940430e+01
   4.6616660e+06   2.3925781e+01
   4.6616840e+06   3.1066895e+01
   4.6617040e+06   3.9489746e+01
   4.6617210e+06   1.9653320e+01
   4.6617400e+06   2.5207520e+01
   4.6617660e+06   3.4423828e+01
   4.6617970e+06   3.9733887e+01
   4.6618220e+06   2.8259277e+01
   4.6618340e+06   2.9968262e+01
   4.6618560e+06   2.5268555e+01
   4.6618900e+06   3.7841797e+01
   4.6619080e+06   2.4047852e+01
   4.6619310e+06   3.2165527e+01
   4.6619610e+06   3.0639648e+01
   4.6619740e+06   1.9348145e+01
   4.6620020e+06   3.0151367e+01
   4.6620330e+06   3.4240723e+01
   4.6620690e+06   3.3386230e+01
   4.6620820e+06   1.9165039e+01
   4.6621130e+06   4.0100098e+01
   4.6621280e+06   2.0690918e+01
   4.6621460e+06   2.1057129e+01
   4.6621590e+06   2.2338867e+01
   4.6621770e+06   3.5766602e+01
   4.6622110e+06   3.1982422e+01
   4.6622440e+06   2.6672363e+01
   4.6622950e+06   2.5451660e+01
   4.6623060e+06   1.8188477e+01
   4.6623290e+06   2.7648926e+01
   4.6623660e+06   1.7822266e+01
   4.6623930e+06   3.6804199e+01
   4.6624380e+06   2.9541016e+01
   4.6624690e+06   3.3691406e+01
   4.6624960e+06   1.9287109e+01
   4.6625570e+06   2.6550293e+01
   4.6625800e+06   2.0568848e+01
   4.6626040e+06   2.4841309e+01
   4.6626420e+06   1.9714355e+01
   4.6626610e+06   2.8442383e+01
   4.6626750e+06   1.7639160e+01
   4.6626850e+06   2.8442383e+01
   4.6627120e+06   2.2338867e+01
   4.6627330e+06   2.7954102e+01
   4.6627760e+06   1.8005371e+01
   4.6627950e+06   2.9113770e+01
   4.6628340e+06   2.3742676e+01
   4.6628650e+06   4.0954590e+01
   4.6629030e+06   2.3559570e+01
   4.6629300e+06   2.3498535e+01
   4.6629560e+06   2.0874023e+01
   4.6629760e+06   2.5695801e+01
   4.6629950e+06   2.3010254e+01
   4.6630410e+06   2.5878906e+01
   4.6630650e+06   2.1118164e+01
   4.6630800e+06   3.4545898e+01
   4.6631120e+06   5.1330566e+01
   4.6631610e+06   2.8564453e+01
   4.6631720e+06   3.1677246e+01
   4.6631940e+06   3.6193848e+01
   4.6632290e+06   3.4301758e+01
   4.6632650e+06   2.2644043e+01
   4.6632800e+06   2.9846191e+01
   4.6633030e+06   4.5104980e+01
   4.6633370e+06   3.0761719e+01
   4.6633700e+06   2.6062012e+01
   4.6633850e+06   3.7902832e+01
   4.6634130e+06   2.1301270e+01
   4.6634480e+06   4.0283203e+01
   4.6634700e+06   2.2033691e+01
   4.6635070e+06   3.3142090e+01
   4.6635230e+06   2.7526855e+01
   4.6635770e+06   2.9968262e+01
   4.6635880e+06   3.1738281e+01
   4.6636190e+06   2.5024414e+01
   4.6636710e+06   2.5695801e+01
   4.6636900e+06   3.3447266e+01
   4.6637230e+06   3.1127930e+01
   4.6637650e+06   3.0456543e+01
   4.6638110e+06   3.8818359e+01
   4.6638410e+06   2.2888184e+01
   4.6638960e+06   6.6040039e+01
   4.6639660e+06   3.0517578e+01
   4.6640080e+06   6.1889648e+01
   4.6640820e+06   2.9663086e+01
   4.6641060e+06   2.1545410e+01
   4.6641510e+06   2.6611328e+01
   4.6641840e+06   4.0466309e+01
   4.6642240e+06   2.8808594e+01
   4.6642730e+06   3.4729004e+01
   4.6642980e+06   2.6123047e+01
   4.6643650e+06   3.8574219e+01
   4.6643880e+06   2.6794434e+01
   4.6644620e+06   4.3884277e+01
   4.6644810e+06   1.8493652e+01
   4.6645740e+06   4.4067383e+01
   4.6646680e+06   4.6386719e+01
   4.6646820e+06   2.8991699e+01
   4.6647550e+06   3.4179688e+01
   4.6647680e+06   4.7973633e+01
   4.6648670e+06   4.6142578e+01
   4.6649790e+06   4.5471191e+01
   4.6651020e+06   4.2114258e+01
   4.6652350e+06   4.7668457e+01
   4.6653630e+06   4.6997070e+01
   4.6654310e+06   1.8432617e+01
   4.6655160e+06   5.0109863e+01
   4.6656700e+06   4.7729492e+01
   4.6658470e+06   5.5480957e+01
   4.6661300e+06   5.7312012e+01
   4.6732640e+06   8.1726074e+01
   4.6749240e+06   8.5998535e+01
   4.6771040e+06   7.0800781e+01
   4.6791620e+06   7.6843262e+01
   4.6824810e+06   8.1481934e+01
   4.6991580e+06   1.9592285e+01
   4.7021350e+06   1.8554688e+01
   4.7021870e+06   1.7944336e+01
   4.7156460e+06   2.0141602e+01
   4.7286920e+06   1.7883301e+01
   4.7380670e+06   2.2277832e+01
   4.7436880e+06   2.0996094e+01
   4.7637040e+06   1.9470215e+01
   4.8034240e+06   2.0812988e+01
   4.8375140e+06   1.8737793e+01
   4.8466970e+06   2.2155762e+01
   4.8467710e+06   2.0812988e+01
   4.8564630e+06   2.1484375e+01
   4.8653070e+06   2.2583008e+01
   4.8653530e+06   2.1362305e+01
   4.8741510e+06   2.8625488e+01
   4.8742340e+06   3.4484863e+01
   4.8742510e+06   2.4475098e+01
   4.8742820e+06   3.7292480e+01
   4.8743080e+06   3.3691406e+01
   4.8743470e+06   2.4597168e+01
   4.8743670e+06   4.1992188e+01
   4.8743820e+06   7.7453613e+01
   4.8744070e+06   2.9846191e+01
   4.8744270e+06   2.7709961e+01
   4.8744420e+06   5.4748535e+01
   4.8744630e+06   8.3251953e+01
   4.8744940e+06   5.8532715e+01
   4.8745150e+06   6.7749023e+01
   4.8745300e+06   3.0578613e+01
   4.8745570e+06   5.2490234e+01
   4.8745950e+06   6.1462402e+01
   4.8746130e+06   2.8930664e+01
   4.8746250e+06   2.8259277e+01
   4.8746410e+06   5.5358887e+01
   4.8746760e+06   5.2001953e+01
   4.8746860e+06   2.3864746e+01
   4.8747070e+06   3.2043457e+01
   4.8747210e+06   2.5451660e+01
   4.8747340e+06   2.2583008e+01
   4.8747510e+06   3.1799316e+01
   4.8747670e+06   2.9418945e+01
   4.8747970e+06   3.4729004e+01
   4.8748290e+06   3.3447266e+01
   4.8748420e+06   2.0629883e+01
   4.8748570e+06   2.0874023e+01
   4.8748920e+06   2.9296875e+01
   4.8749200e+06   3.3081055e+01
   4.8749580e+06   2.0507813e+01
   4.8749880e+06   3.0090332e+01
   4.8750190e+06   2.5512695e+01
   4.8750470e+06   2.1850586e+01
   4.8750910e+06   2.4719238e+01
   4.8751320e+06   2.7465820e+01
   4.8751570e+06   3.3874512e+01
   4.8752160e+06   3.6560059e+01
   4.8752410e+06   2.0874023e+01
   4.8752890e+06   2.9113770e+01
   4.8753230e+06   3.6010742e+01
   4.8753540e+06   3.9123535e+01
   4.8753700e+06   2.7954102e+01
   4.8753920e+06   3.3142090e+01
   4.8754260e+06   2.6062012e+01
   4.8754420e+06   2.2338867e+01
   4.8754600e+06   2.9479980e+01
   4.8754990e+06   3.9367676e+01
   4.8755320e+06   3.0212402e+01
   4.8755660e+06   3.7475586e+01
   4.8755870e+06   1.8981934e+01
   4.8756170e+06   3.7414551e+01
   4.8756520e+06   2.3498535e+01
   4.8756760e+06   3.4179688e+01
   4.8757060e+06   2.3132324e+01
   4.8757210e+06   3.3081055e+01
   4.8757520e+06   2.0629883e+01
   4.8757980e+06   2.0629883e+01
   4.8758380e+06   1.8859863e+01
   4.8758810e+06   2.0446777e+01
   4.8759220e+06   2.4047852e+01
   4.8759360e+06   2.1606445e+01
   4.8759730e+06   3.2714844e+01
   4.8759870e+06   3.1250000e+01
   4.8760430e+06   2.2338867e+01
   4.8760610e+06   2.3864746e+01
   4.8760910e+06   4.1687012e+01
   4.8761050e+06   3.6010742e+01
   4.8761300e+06   2.5329590e+01
   4.8761630e+06   3.2104492e+01
   4.8762170e+06   3.3081055e+01
   4.8762420e+06   3.5339355e+01
   4.8762630e+06   2.4536133e+01
   4.8762970e+06   2.9724121e+01
   4.8763270e+06   3.1982422e+01
   4.8763470e+06   3.8940430e+01
   4.8763590e+06   2.6672363e+01
   4.8763810e+06   2.1728516e+01
   4.8764170e+06   1.7883301e+01
   4.8764280e+06   3.6254883e+01
   4.8764960e+06   3.4729004e+01
   4.8765060e+06   2.9296875e+01
   4.8765370e+06   2.1240234e+01
   4.8765680e+06   3.3142090e+01
   4.8765840e+06   2.3437500e+01
   4.8766290e+06   2.6428223e+01
   4.8766410e+06   3.3447266e+01
   4.8767200e+06   4.1564941e+01
   4.8767480e+06   2.1118164e+01
   4.8768060e+06   2.2277832e+01
   4.8768290e+06   3.1616211e+01
   4.8768900e+06   3.1982422e+01
   4.8769740e+06   2.7526855e+01
   4.8769850e+06   1.8737793e+01
   4.8770460e+06   4.2724609e+01
   4.8771370e+06   4.2541504e+01
   4.8772210e+06   4.7058105e+01
   4.8772590e+06   2.9724121e+01
   4.8773090e+06   4.3212891e+01
   4.8773380e+06   1.7761230e+01
   4.8774030e+06   2.1240234e+01
   4.8774300e+06   1.8493652e+01
   4.8775080e+06   4.4250488e+01
   4.8775530e+06   2.5390625e+01
   4.8776050e+06   4.7241211e+01
   4.8776540e+06   3.0151367e+01
   4.8777390e+06   4.1015625e+01
   4.8778000e+06   2.9724121e+01
   4.8778480e+06   4.7363281e+01
   4.8779690e+06   4.7058105e+01
   4.8780170e+06   2.6062012e+01
   4.8780880e+06   4.6081543e+01
   4.8782030e+06   4.9743652e+01
   4.8783580e+06   4.8645020e+01
   4.8783940e+06   2.5695801e+01
   4.8785140e+06   4.7241211e+01
   4.8786770e+06   5.4382324e+01
   4.8790680e+06   4.6813965e+01
   4.8793530e+06   5.5358887e+01
   4.8854700e+06   8.4472656e+01
   4.8881780e+06   6.9885254e+01
   4.8978770e+06   1.9104004e+01
   4.9034550e+06   1.9836426e+01
   4.9035310e+06   1.7944336e+01
   4.9088790e+06   2.6000977e+01
   4.9180790e+06   1.7944336e+01
   4.9208720e+06   2.0324707e+01
   4.9272960e+06   2.2521973e+01
   4.9359630e+06   1.9653320e+01
   4.9656530e+06   2.0385742e+01
   4.9885880e+06   2.0141602e+01
   4.9939730e+06   2.9724121e+01
   4.9941010e+06   2.1545410e+01
   4.9941110e+06   2.2766113e+01
   4.9941260e+06   4.5043945e+01
   4.9941450e+06   7.7087402e+01
   4.9941790e+06   2.6367188e+01
   4.9941910e+06   6.0363770e+01
   4.9942080e+06   6.7260742e+01
   4.9942300e+06   2.7160645e+01
   4.9942440e+06   4.8767090e+01
   4.9942650e+06   3.1311035e+01
   4.9942770e+06   4.9072266e+01
   4.9942980e+06   3.9916992e+01
   4.9943220e+06   2.7709961e+01
   4.9943450e+06   4.0466309e+01
   4.9943560e+06   4.0710449e+01
   4.9943750e+06   2.1728516e+01
   4.9943940e+06   1.9897461e+01
   4.9944080e+06   2.7221680e+01
   4.9944250e+06   4.2785645e+01
   4.9944430e+06   2.0629883e+01
   4.9944570e+06   3.8879395e+01
   4.9944750e+06   2.3254395e+01
   4.9945050e+06   4.1137695e+01
   4.9945160e+06   1.8554688e+01
   4.9945370e+06   2.7038574e+01
   4.9945590e+06   3.5461426e+01
   4.9945900e+06   3.7414551e+01
   4.9946140e+06   3.4057617e+01
   4.9946500e+06   4.1015625e+01
   4.9946850e+06   1.9653320e+01
   4.9947210e+06   2.7465820e+01
   4.9947470e+06   3.2348633e+01
   4.9947790e+06   4.0832520e+01
   4.9948140e+06   2.7587891e+01
   4.9948600e+06   2.7954102e+01
   4.9948850e+06   2.8137207e+01
   4.9949340e+06   2.0507812e+01
   4.9949460e+06   3.2653809e+01
   4.9949730e+06   2.6000977e+01
   4.9950110e+06   1.8554688e+01
   4.9950350e+06   2.4108887e+01
   4.9950650e+06   2.1423340e+01
   4.9950960e+06   2.7893066e+01
   4.9951240e+06   2.2094727e+01
   4.9951350e+06   1.8371582e+01
   4.9951580e+06   2.6000977e+01
   4.9951880e+06   3.0883789e+01
   4.9952190e+06   3.2775879e+01
   4.9952360e+06   2.1362305e+01
   4.9952490e+06   2.8076172e+01
   4.9952780e+06   2.0507813e+01
   4.9953090e+06   2.5634766e+01
   4.9953350e+06   2.8320312e+01
   4.9953580e+06   3.0395508e+01
   4.9953700e+06   2.4414062e+01
   4.9954010e+06   4.1442871e+01
   4.9954280e+06   2.2094727e+01
   4.9954700e+06   2.0935059e+01
   4.9954880e+06   2.4169922e+01
   4.9955170e+06   2.0019531e+01
   4.9955430e+06   2.4719238e+01
   4.9955620e+06   2.7648926e+01
   4.9955850e+06   1.8554688e+01
   4.9956160e+06   3.4545898e+01
   4.9956410e+06   2.6306152e+01
   4.9956720e+06   3.0395508e+01
   4.9957170e+06   2.3010254e+01
   4.9957490e+06   3.3813477e+01
   4.9957750e+06   1.8127441e+01
   4.9958050e+06   3.3203125e+01
   4.9958360e+06   2.4047852e+01
   4.9958550e+06   3.7902832e+01
   4.9958660e+06   2.2155762e+01
   4.9958920e+06   2.2583008e+01
   4.9959180e+06   2.6062012e+01
   4.9959400e+06   2.9541016e+01
   4.9959570e+06   1.9348145e+01
   4.9960100e+06   2.5207520e+01
   4.9960260e+06   2.9846191e+01
   4.9960520e+06   1.8859863e+01
   4.9960800e+06   4.9072266e+01
   4.9961290e+06   2.9785156e+01
   4.9961560e+06   1.8249512e+01
   4.9961660e+06   2.7526855e+01
   4.9962270e+06   3.9428711e+01
   4.9962410e+06   2.5268555e+01
   4.9962610e+06   2.0202637e+01
   4.9962910e+06   3.1616211e+01
   4.9963250e+06   3.0273438e+01
   4.9963660e+06   3.6010742e+01
   4.9964120e+06   3.1555176e+01
   4.9964480e+06   4.3212891e+01
   4.9964590e+06   2.7160645e+01
   4.9964970e+06   2.5024414e+01
   4.9965220e+06   3.0334473e+01
   4.9965610e+06   2.7465820e+01
   4.9966010e+06   3.3752441e+01
   4.9966150e+06   3.2653809e+01
   4.9966730e+06   2.2827148e+01
   4.9966880e+06   4.3334961e+01
   4.9967440e+06   2.3925781e+01
   4.9967740e+06   3.8452148e+01
   4.9968340e+06   3.7841797e+01
   4.9968650e+06   3.2531738e+01
   4.9969100e+06   2.6733398e+01
   4.9969700e+06   4.1564941e+01
   4.9969910e+06   2.6184082e+01
   4.9970460e+06   3.6865234e+01
   4.9970710e+06   4.0954590e+01
   4.9971380e+06   2.8442383e+01
   4.9971760e+06   4.3090820e+01
   4.9972160e+06   3.6865234e+01
   4.9972820e+06   4.3701172e+01
   4.9974030e+06   4.2114258e+01
   4.9975220e+06   4.9255371e+01
   4.9976390e+06   4.7790527e+01
   4.9977690e+06   4.8156738e+01
   4.9979190e+06   5.3833008e+01
   4.9980810e+06   5.6823730e+01
   4.9982640e+06   5.6518555e+01
   4.9984380e+06   5.4443359e+01
   5.0052240e+06   7.1960449e+01
   5.0075220e+06   7.6660156e+01
   5.0105840e+06   8.5266113e+01
   5.0214670e+06   1.8554688e+01
   5.0215180e+06   1.9409180e+01
   5.0249420e+06   1.8737793e+01
   5.0392710e+06   1.8859863e+01
   5.0435890e+06   1.8188477e+01
   5.0580350e+06   1.8737793e+01
   5.1102250e+06   1.9470215e+01
   5.1247940e+06   1.8310547e+01
   5.1389800e+06   1.9348145e+01
   5.1592020e+06   1.8737793e+01
   5.1638680e+06   1.8615723e+01
   5.1706250e+06   1.8615723e+01
   5.1748810e+06   2.0629883e+01
   5.1749430e+06   1.7761230e+01
   5.1815870e+06   1.8737793e+01
   5.1939900e+06   2.0385742e+01
   5.2055730e+06   2.1911621e+01
   5.2115700e+06   1.8798828e+01
   5.2175310e+06   1.9836426e+01
   5.2244920e+06   1.9531250e+01
   5.2289370e+06   1.9592285e+01
   5.2345750e+06   1.8127441e+01
   5.2485320e+06   1.9531250e+01
   5.2521930e+06   1.8676758e+01
   5.2564950e+06   2.2033691e+01
   5.2648410e+06   1.7944336e+01
   5.2705890e+06   2.1423340e+01
   5.2753350e+06   1.9897461e+01
   5.2753720e+06   2.0263672e+01
   5.2852770e+06   1.9958496e+01
   5.2933240e+06   1.8676758e+01
   5.3055520e+06   1.9897461e+01
   5.3120260e+06   1.8127441e+01
   5.3229000e+06   1.8066406e+01
   5.3229310e+06   2.7954102e+01
   5.3229680e+06   3.9611816e+01
   5.3229800e+06   2.9052734e+01
   5.3230050e+06   2.7893066e+01
   5.3230290e+06   4.4799805e+01
   5.3230430e+06   8.6547852e+01
   5.3230560e+06   2.3498535e+01
   5.3230700e+06   2.1240234e+01
   5.3230850e+06   4.9987793e+01
   5.3230990e+06   4.3334961e+01
   5.3231120e+06   8.2336426e+01
   5.3231420e+06   2.4047852e+01
   5.3231560e+06   6.6101074e+01
   5.3231920e+06   6.0119629e+01
   5.3232130e+06   4.4128418e+01
   5.3232420e+06   3.7231445e+01
   5.3232540e+06   2.9541016e+01
   5.3232740e+06   3.0334473e+01
   5.3233100e+06   4.7973633e+01
   5.3233320e+06   3.1494141e+01
   5.3233470e+06   2.2399902e+01
   5.3233720e+06   3.3203125e+01
   5.3233940e+06   2.4108887e+01
   5.3234170e+06   3.1982422e+01
   5.3234470e+06   2.7770996e+01
   5.3234570e+06   2.8259277e+01
   5.3234710e+06   2.6489258e+01
   5.3235110e+06   2.7160645e+01
   5.3235420e+06   2.0263672e+01
   5.3235610e+06   1.9165039e+01
   5.3235830e+06   2.4108887e+01
   5.3236060e+06   1.9775391e+01
   5.3236320e+06   2.9113770e+01
   5.3236680e+06   3.2287598e+01
   5.3236880e+06   1.8676758e+01
   5.3237110e+06   2.3864746e+01
   5.3237390e+06   2.9785156e+01
   5.3238030e+06   2.4353027e+01
   5.3238500e+06   3.8330078e+01
   5.3238750e+06   2.3925781e+01
   5.3239270e+06   3.0944824e+01
   5.3239590e+06   1.9042969e+01
   5.3240170e+06   2.3803711e+01
   5.3240560e+06   2.3132324e+01
   5.3240880e+06   2.8747559e+01
   5.3241120e+06   2.5024414e+01
   5.3241250e+06   3.0090332e+01
   5.3241580e+06   3.0395508e+01
   5.3241980e+06   2.5207520e+01
   5.3242310e+06   4.2968750e+01
   5.3242630e+06   1.7883301e+01
   5.3242930e+06   1.8737793e+01
   5.3243280e+06   3.2043457e+01
   5.3243610e+06   3.6499023e+01
   5.3243810e+06   2.4719238e+01
   5.3243980e+06   3.7475586e+01
   5.3244390e+06   3.1677246e+01
   5.3244500e+06   2.6977539e+01
   5.3244670e+06   1.9409180e+01
   5.3244960e+06   4.0161133e+01
   5.3245310e+06   3.3142090e+01
   5.3245650e+06   2.4719238e+01
   5.3245780e+06   2.6306152e+01
   5.3245990e+06   2.0874023e+01
   5.3246120e+06   2.1362305e+01
   5.3246410e+06   2.9541016e+01
   5.3246800e+06   3.4118652e+01
   5.3247020e+06   3.0456543e+01
   5.3247450e+06   4.0466309e+01
   5.3247580e+06   2.2155762e+01
   5.3247860e+06   2.1118164e+01
   5.3248210e+06   4.8583984e+01
   5.3248580e+06   2.8869629e+01
   5.3248940e+06   3.4240723e+01
   5.3249220e+06   2.1789551e+01
   5.3249480e+06   2.9479980e+01
   5.3249800e+06   3.7719727e+01
   5.3250010e+06   2.9418945e+01
   5.3250470e+06   3.4851074e+01
   5.3250970e+06   2.4902344e+01
   5.3251370e+06   2.1057129e+01
   5.3251510e+06   2.2705078e+01
   5.3251850e+06   3.2836914e+01
   5.3251990e+06   2.4353027e+01
   5.3252490e+06   2.4719238e+01
   5.3252950e+06   3.1860352e+01
   5.3253100e+06   3.8024902e+01
   5.3253410e+06   2.2644043e+01
   5.3253550e+06   1.8371582e+01
   5.3253980e+06   3.6437988e+01
   5.3254190e+06   2.0996094e+01
   5.3254330e+06   2.0324707e+01
   5.3254790e+06   3.5766602e+01
   5.3254970e+06   2.4658203e+01
   5.3255260e+06   2.5939941e+01
   5.3255640e+06   3.5583496e+01
   5.3255800e+06   2.8137207e+01
   5.3256870e+06   3.5400391e+01
   5.3257640e+06   3.0700684e+01
   5.3258120e+06   2.7404785e+01
   5.3259370e+06   2.6000977e+01
   5.3260560e+06   3.8269043e+01
   5.3260820e+06   2.5634766e+01
   5.3261490e+06   3.9978027e+01
   5.3262440e+06   5.5786133e+01
   5.3263900e+06   3.4057617e+01
   5.3264100e+06   3.6682129e+01
   5.3265100e+06   4.5532227e+01
   5.3265960e+06   2.7343750e+01
   5.3266430e+06   4.4982910e+01
   5.3267470e+06   4.9316406e+01
   5.3268600e+06   5.1574707e+01
   5.3269880e+06   4.6508789e+01
   5.3270300e+06   3.0151367e+01
   5.3271030e+06   4.9377441e+01
   5.3271220e+06   1.7761230e+01
   5.3272430e+06   4.7851562e+01
   5.3273790e+06   5.2062988e+01
   5.3275100e+06   6.1828613e+01
   5.3276770e+06   5.4321289e+01
   5.3278840e+06   5.5297852e+01
   5.3281250e+06   5.2612305e+01
   5.3283770e+06   6.0424805e+01
   5.3351370e+06   8.3801270e+01
   5.3370090e+06   8.4899902e+01
   5.3389130e+06   8.5083008e+01
   5.3418400e+06   7.2753906e+01
   5.3561810e+06   1.8066406e+01
   5.3652730e+06   1.9042969e+01
   5.3653370e+06   1.7761230e+01
   5.3725980e+06   2.1301270e+01
   5.3807390e+06   1.7700195e+01
   5.3808080e+06   1.8188477e+01
   5.3888970e+06   1.8310547e+01
   5.3889560e+06   1.9897461e+01
   5.3933630e+06   2.0324707e+01
   5.4050130e+06   2.2460938e+01
   5.4160980e+06   2.2216797e+01
   5.4533050e+06   1.7883301e+01
   5.4533560e+06   1.8737793e+01
   5.4610710e+06   1.8676758e+01
   5.4930310e+06   1.9836426e+01
   5.4967840e+06   1.7822266e+01
   5.5038710e+06   2.0507812e+01
   5.5039120e+06   2.1545410e+01
   5.5039360e+06   2.6611328e+01
   5.5039660e+06   2.9113770e+01
   5.5039880e+06   3.0944824e+01
   5.5040120e+06   4.3090820e+01
   5.5040350e+06   7.2326660e+01
   5.5040530e+06   3.9001465e+01
   5.5040730e+06   6.7687988e+01
   5.5040840e+06   3.9245605e+01
   5.5040980e+06   6.2377930e+01
   5.5041120e+06   2.6733398e+01
   5.5041410e+06   6.4147949e+01
   5.5041610e+06   3.0761719e+01
   5.5041770e+06   4.6752930e+01
   5.5041930e+06   3.7414551e+01
   5.5042040e+06   4.0100098e+01
   5.5042330e+06   2.6123047e+01
   5.5042640e+06   2.7282715e+01
   5.5042870e+06   2.8808594e+01
   5.5043150e+06   3.9489746e+01
   5.5043620e+06   2.9785156e+01
   5.5043850e+06   4.7607422e+01
   5.5043980e+06   2.9052734e+01
   5.5044350e+06   1.8493652e+01
   5.5044470e+06   3.2104492e+01
   5.5044970e+06   1.7639160e+01
   5.5045160e+06   2.5024414e+01
   5.5045600e+06   3.2653809e+01
   5.5045970e+06   2.2949219e+01
   5.5046150e+06   1.9165039e+01
   5.5046290e+06   2.5817871e+01
   5.5046640e+06   2.2827148e+01
   5.5047150e+06   3.7719727e+01
   5.5047690e+06   2.3376465e+01
   5.5048030e+06   2.3986816e+01
   5.5048420e+06   1.9836426e+01
   5.5048760e+06   2.3864746e+01
   5.5049020e+06   1.8310547e+01
   5.5049250e+06   2.7526855e+01
   5.5049610e+06   2.6794434e+01
   5.5049940e+06   3.5034180e+01
   5.5050310e+06   2.2155762e+01
   5.5050690e+06   4.7973633e+01
   5.5050990e+06   1.9287109e+01
   5.5051330e+06   3.0761719e+01
   5.5051670e+06   3.0578613e+01
   5.5052100e+06   2.9174805e+01
   5.5052520e+06   2.9174805e+01
   5.5052950e+06   3.1860352e+01
   5.5053060e+06   3.2287598e+01
   5.5053720e+06   3.3630371e+01
   5.5053890e+06   1.9042969e+01
   5.5054170e+06   3.2531738e+01
   5.5054430e+06   2.9296875e+01
   5.5054780e+06   3.2165527e+01
   5.5054950e+06   2.2216797e+01
   5.5055230e+06   3.0212402e+01
   5.5055840e+06   4.7119141e+01
   5.5056250e+06   3.6743164e+01
   5.5056540e+06   2.9357910e+01
   5.5056720e+06   2.8259277e+01
   5.5057190e+06   3.4790039e+01
   5.5057620e+06   1.8005371e+01
   5.5057760e+06   3.4057617e+01
   5.5058100e+06   2.7160645e+01
   5.5058440e+06   4.5166016e+01
   5.5058990e+06   2.9846191e+01
   5.5059160e+06   2.5939941e+01
   5.5059350e+06   3.6499023e+01
   5.5059940e+06   4.5471191e+01
   5.5060180e+06   1.9104004e+01
   5.5060320e+06   2.1057129e+01
   5.5060630e+06   3.8146973e+01
   5.5060810e+06   2.7648926e+01
   5.5060930e+06   2.0568848e+01
   5.5061260e+06   2.1850586e+01
   5.5061360e+06   2.5817871e+01
   5.5061620e+06   2.5329590e+01
   5.5062010e+06   2.3986816e+01
   5.5062270e+06   2.0019531e+01
   5.5062710e+06   2.0996094e+01
   5.5062910e+06   1.9165039e+01
   5.5063560e+06   3.6499023e+01
   5.5063760e+06   3.2348633e+01
   5.5064130e+06   1.9775391e+01
   5.5064340e+06   4.1381836e+01
   5.5064510e+06   3.1921387e+01
   5.5064990e+06   2.3071289e+01
   5.5065210e+06   3.6499023e+01
   5.5065350e+06   3.4606934e+01
   5.5065670e+06   2.5268555e+01
   5.5066160e+06   3.7597656e+01
   5.5067490e+06   2.4291992e+01
   5.5067940e+06   4.1870117e+01
   5.5068290e+06   2.6733398e+01
   5.5069050e+06   4.1931152e+01
   5.5069460e+06   2.5512695e+01
   5.5069930e+06   4.4067383e+01
   5.5070490e+06   3.0273438e+01
   5.5070920e+06   4.1442871e+01
   5.5071440e+06   2.7465820e+01
   5.5072000e+06   4.1564941e+01
   5.5072730e+06   2.9846191e+01
   5.5073130e+06   4.1320801e+01
   5.5074120e+06   4.1931152e+01
   5.5074290e+06   3.1555176e+01
   5.5075200e+06   4.7119141e+01
   5.5076290e+06   2.9418945e+01
   5.5076390e+06   4.4555664e+01
   5.5077530e+06   5.0109863e+01
   5.5078840e+06   4.6142578e+01
   5.5080110e+06   4.3518066e+01
   5.5081390e+06   4.8461914e+01
   5.5082760e+06   4.8889160e+01
   5.5084350e+06   5.2001953e+01
   5.5086030e+06   4.7729492e+01
   5.5087860e+06   3.9550781e+01
   5.5089890e+06   6.1584473e+01
   5.5093050e+06   6.2133789e+01
   5.5112020e+06   4.2846680e+01
   5.5163090e+06   7.7209473e+01
   5.5185000e+06   7.6049805e+01
   5.5195910e+06   2.8015137e+01
   5.5196730e+06   8.5510254e+01
   5.5197760e+06   3.0578613e+01
   5.5198070e+06   8.0322266e+01
   5.5198350e+06   2.5878906e+01
   5.5199020e+06   3.1311035e+01
   5.5199120e+06   1.0461426e+02
   5.5199260e+06   2.8564453e+01
   5.5199360e+06   4.0283203e+01
   5.5199710e+06   4.8645020e+01
   5.5199900e+06   4.8706055e+01
   5.5200170e+06   4.9499512e+01
   5.5200400e+06   4.7119141e+01
   5.5200630e+06   4.1931152e+01
   5.5200910e+06   4.2053223e+01
   5.5201130e+06   5.2490234e+01
   5.5201240e+06   4.4250488e+01
   5.5201450e+06   3.7475586e+01
   5.5201860e+06   2.6977539e+01
   5.5202180e+06   3.5888672e+01
   5.5202320e+06   3.2043457e+01
   5.5202620e+06   4.5776367e+01
   5.5202820e+06   2.6977539e+01
   5.5203030e+06   2.3071289e+01
   5.5203130e+06   2.3620605e+01
   5.5203420e+06   2.5634766e+01
   5.5203590e+06   3.2226562e+01
   5.5203700e+06   1.9714355e+01
   5.5204120e+06   2.9785156e+01
   5.5204410e+06   2.8259277e+01
   5.5204670e+06   2.1362305e+01
   5.5205050e+06   2.7770996e+01
   5.5205360e+06   1.7822266e+01
   5.5205940e+06   2.0263672e+01
   5.5206300e+06   2.3620605e+01
   5.5206620e+06   2.2521973e+01
   5.5206900e+06   2.4108887e+01
   5.5207180e+06   3.3935547e+01
   5.5207500e+06   2.5634766e+01
   5.5207780e+06   2.7282715e+01
   5.5207880e+06   2.3559570e+01
   5.5208210e+06   2.2277832e+01
   5.5208520e+06   1.8554688e+01
   5.5208860e+06   3.9733887e+01
   5.5209230e+06   2.9479980e+01
   5.5209440e+06   2.0324707e+01
   5.5209670e+06   2.5634766e+01
   5.5209950e+06   2.0690918e+01
   5.5210340e+06   2.5207520e+01
   5.5210580e+06   1.9897461e+01
   5.5210690e+06   2.9174805e+01
   5.5211000e+06   2.2094727e+01
   5.5211290e+06   2.2583008e+01
   5.5211440e+06   2.9663086e+01
   5.5211690e+06   2.2888184e+01
   5.5212090e+06   3.7841797e+01
   5.5212530e+06   1.8005371e+01
   5.5212810e+06   3.3386230e+01
   5.5213150e+06   2.1545410e+01
   5.5213290e+06   2.3681641e+01
   5.5213520e+06   2.3376465e+01
   5.5213720e+06   2.3071289e+01
   5.5213960e+06   2.5573730e+01
   5.5214100e+06   2.0446777e+01
   5.5214390e+06   2.0507812e+01
   5.5214520e+06   3.9306641e+01
   5.5214740e+06   2.0812988e+01
   5.5214930e+06   1.9042969e+01
   5.5215190e+06   2.5756836e+01
   5.5215600e+06   2.3254395e+01
   5.5216190e+06   2.1789551e+01
   5.5216520e+06   3.0273438e+01
   5.5216990e+06   2.5573730e+01
   5.5217510e+06   1.8920898e+01
   5.5218010e+06   4.1687012e+01
   5.5218150e+06   2.9785156e+01
   5.5218650e+06   2.7954102e+01
   5.5218970e+06   3.9611816e+01
   5.5219420e+06   2.8320312e+01
   5.5220120e+06   2.9907227e+01
   5.5220270e+06   2.2827148e+01
   5.5220770e+06   2.5878906e+01
   5.5221410e+06   3.1372070e+01
   5.5221550e+06   1.9653320e+01
   5.5221840e+06   1.8066406e+01
   5.5222060e+06   2.1423340e+01
   5.5222810e+06   4.1870117e+01
   5.5223900e+06   4.8461914e+01
   5.5224360e+06   2.9541016e+01
   5.5224930e+06   4.4128418e+01
   5.5226270e+06   3.1250000e+01
   5.5227090e+06   1.7944336e+01
   5.5227480e+06   2.0629883e+01
   5.5227620e+06   2.3132324e+01
   5.5228280e+06   3.3081055e+01
   5.5228710e+06   4.3701172e+01
   5.5229960e+06   4.7851562e+01
   5.5231180e+06   4.4433594e+01
   5.5232450e+06   5.1818848e+01
   5.5233940e+06   4.6997070e+01
   5.5235410e+06   5.0964355e+01
   5.5236870e+06   5.4016113e+01
   5.5238610e+06   5.0170898e+01
   5.5240730e+06   5.1330566e+01
   5.5244430e+06   5.2551270e+01
   5.5325190e+06   8.6669922e+01
   5.5371840e+06   2.5634766e+01
   5.5372250e+06   7.1838379e+01
   5.5372990e+06   2.9541016e+01
   5.5373110e+06   6.6162109e+01
   5.5373280e+06   3.5217285e+01
   5.5373550e+06   5.2551270e+01
   5.5373750e+06   9.3383789e+01
   5.5373870e+06   3.5888672e+01
   5.5374230e+06   6.2255859e+01
   5.5374440e+06   3.0456543e+01
   5.5374720e+06   6.1279297e+01
   5.5374830e+06   3.3813477e+01
   5.5375160e+06   6.0668945e+01
   5.5375290e+06   1.8493652e+01
   5.5375600e+06   5.5664062e+01
   5.5375760e+06   2.0263672e+01
   5.5376030e+06   4.3518066e+01
   5.5376170e+06   2.2949219e+01
   5.5376460e+06   3.8757324e+01
   5.5376710e+06   2.5268555e+01
   5.5377000e+06   3.0456543e+01
   5.5377250e+06   3.5156250e+01
   5.5377350e+06   2.6794434e+01
   5.5377650e+06   1.9470215e+01
   5.5377840e+06   3.5156250e+01
   5.5378130e+06   2.6428223e+01
   5.5378410e+06   3.0151367e+01
   5.5378630e+06   1.9042969e+01
   5.5378940e+06   2.2949219e+01
   5.5379230e+06   2.9357910e+01
   5.5379510e+06   2.2033691e+01
   5.5379770e+06   2.9846191e+01
   5.5380050e+06   3.0517578e+01
   5.5380180e+06   2.7282715e+01
   5.5380420e+06   1.8859863e+01
   5.5380550e+06   1.8798828e+01
   5.5380950e+06   2.9113770e+01
   5.5381300e+06   2.9541016e+01
   5.5381570e+06   2.6977539e+01
   5.5381860e+06   3.0273438e+01
   5.5382200e+06   2.3864746e+01
   5.5382500e+06   2.4658203e+01
   5.5382800e+06   2.6977539e+01
   5.5383130e+06   2.3620605e+01
   5.5383330e+06   2.2827148e+01
   5.5383590e+06   3.4301758e+01
   5.5383830e+06   2.2827148e+01
   5.5384130e+06   3.0334473e+01
   5.5384230e+06   2.2644043e+01
   5.5384700e+06   1.8432617e+01
   5.5384910e+06   3.6437988e+01
   5.5385310e+06   3.8391113e+01
   5.5385790e+06   4.1503906e+01
   5.5385960e+06   1.7700195e+01
   5.5386480e+06   2.3559570e+01
   5.5386840e+06   4.2419434e+01
   5.5387210e+06   2.6062012e+01
   5.5387570e+06   2.9479980e+01
   5.5387930e+06   2.9724121e+01
   5.5388050e+06   2.2216797e+01
   5.5388590e+06   4.3823242e+01
   5.5388990e+06   2.0263672e+01
   5.5389320e+06   3.9550781e+01
   5.5389540e+06   2.1301270e+01
   5.5389790e+06   2.5695801e+01
   5.5390060e+06   2.1179199e+01
   5.5390600e+06   2.5146484e+01
   5.5390900e+06   1.7944336e+01
   5.5391590e+06   3.4118652e+01
   5.5392150e+06   2.0141602e+01
   5.5392850e+06   2.4902344e+01
   5.5392980e+06   1.7822266e+01
   5.5393310e+06   2.6855469e+01
   5.5393780e+06   3.8696289e+01
   5.5394350e+06   3.2348633e+01
   5.5395780e+06   3.5278320e+01
   5.5397110e+06   3.9306641e+01
   5.5397720e+06   2.9052734e+01
   5.5398130e+06   4.0649414e+01
   5.5400500e+06   3.2409668e+01
   5.5401540e+06   3.9550781e+01
   5.5402670e+06   3.5461426e+01
   5.5403660e+06   4.9255371e+01
   5.5404720e+06   4.2114258e+01
   5.5405770e+06   3.6376953e+01
   5.5406890e+06   4.3090820e+01
   5.5408030e+06   5.0781250e+01
   5.5409240e+06   4.9499512e+01
   5.5410520e+06   5.0964355e+01
   5.5411880e+06   5.1086426e+01
   5.5413250e+06   5.1330566e+01
   5.5414820e+06   4.9316406e+01
   5.5416450e+06   4.8339844e+01
   5.5418290e+06   5.3161621e+01
   5.5420310e+06   5.2368164e+01
   5.5423160e+06   5.9387207e+01
   5.5481650e+06   8.7646484e+01
   5.5481850e+06   2.1789551e+01
   5.5482060e+06   4.2724609e+01
   5.5482170e+06   6.9396973e+01
   5.5482420e+06   6.1523438e+01
   5.5482570e+06   4.7729492e+01
   5.5482710e+06   5.8227539e+01
   5.5482880e+06   2.8625488e+01
   5.5482990e+06   4.4982910e+01
   5.5483210e+06   3.4973145e+01
   5.5483530e+06   5.3466797e+01
   5.5483710e+06   4.0344238e+01
   5.5483920e+06   3.4606934e+01
   5.5484200e+06   6.7077637e+01
   5.5484440e+06   3.8696289e+01
   5.5484680e+06   4.9011230e+01
   5.5484900e+06   2.5939941e+01
   5.5485160e+06   4.2419434e+01
   5.5485350e+06   2.7099609e+01
   5.5485530e+06   4.4982910e+01
   5.5485750e+06   4.2907715e+01
   5.5485930e+06   3.4790039e+01
   5.5486130e+06   2.7770996e+01
   5.5486250e+06   2.5939941e+01
   5.5486600e+06   4.4616699e+01
   5.5486820e+06   3.1127930e+01
   5.5487020e+06   3.3813477e+01
   5.5487170e+06   2.9907227e+01
   5.5487480e+06   2.4597168e+01
   5.5487830e+06   2.3681641e+01
   5.5488170e+06   2.0690918e+01
   5.5488430e+06   2.6184082e+01
   5.5488580e+06   1.8737793e+01
   5.5488690e+06   4.2114258e+01
   5.5489190e+06   2.5085449e+01
   5.5489480e+06   2.7587891e+01
   5.5489810e+06   3.1005859e+01
   5.5489910e+06   2.0141602e+01
   5.5490310e+06   2.5817871e+01
   5.5490480e+06   3.0822754e+01
   5.5490610e+06   3.5034180e+01
   5.5490910e+06   2.4414062e+01
   5.5491280e+06   2.8381348e+01
   5.5491580e+06   1.9531250e+01
   5.5492120e+06   2.8442383e+01
   5.5492250e+06   4.7241211e+01
   5.5492830e+06   2.6733398e+01
   5.5493010e+06   2.9174805e+01
   5.5493370e+06   2.4536133e+01
   5.5493470e+06   1.8005371e+01
   5.5493840e+06   3.1982422e+01
   5.5494110e+06   1.9653320e+01
   5.5494290e+06   2.5207520e+01
   5.5494770e+06   2.0690918e+01
   5.5495240e+06   3.6560059e+01
   5.5495650e+06   2.2705078e+01
   5.5496260e+06   3.4667969e+01
   5.5496800e+06   2.4047852e+01
   5.5497100e+06   4.5898438e+01
   5.5497320e+06   2.5634766e+01
   5.5498140e+06   2.1972656e+01
   5.5498830e+06   2.8381348e+01
   5.5499690e+06   3.6926270e+01
   5.5499820e+06   3.0273438e+01
   5.5500560e+06   1.9409180e+01
   5.5500820e+06   2.0568848e+01
   5.5501470e+06   3.8757324e+01
   5.5502430e+06   4.1625977e+01
   5.5503350e+06   3.9428711e+01
   5.5504050e+06   3.1982422e+01
   5.5504360e+06   3.8879395e+01
   5.5505430e+06   1.8188477e+01
   5.5506520e+06   4.3029785e+01
   5.5507720e+06   4.3334961e+01
   5.5508820e+06   4.1809082e+01
   5.5509880e+06   4.3151855e+01
   5.5510990e+06   4.3579102e+01
   5.5512100e+06   4.4250488e+01
   5.5513300e+06   4.1137695e+01
   5.5514580e+06   4.6813965e+01
   5.5515940e+06   5.3100586e+01
   5.5517360e+06   4.9438477e+01
   5.5518850e+06   4.6813965e+01
   5.5520410e+06   5.2124023e+01
   5.5522250e+06   5.8105469e+01
   5.5524710e+06   4.7729492e+01
   5.5528410e+06   6.0363770e+01
   5.5567320e+06   3.1738281e+01
   5.5567470e+06   1.7761230e+01
   5.5567750e+06   8.0200195e+01
   5.5567910e+06   3.7109375e+01
   5.5568210e+06   1.0467529e+02
   5.5568390e+06   5.1391602e+01
   5.5568490e+06   4.7912598e+01
   5.5568740e+06   6.1340332e+01
   5.5568900e+06   3.8146973e+01
   5.5569260e+06   7.5988770e+01
   5.5569410e+06   3.0212402e+01
   5.5569550e+06   3.0090332e+01
   5.5569760e+06   4.8583984e+01
   5.5569990e+06   3.3386230e+01
   5.5570310e+06   4.9865723e+01
   5.5570500e+06   3.2958984e+01
   5.5570640e+06   3.0090332e+01
   5.5570940e+06   2.9113770e+01
   5.5571120e+06   3.1799316e+01
   5.5571340e+06   3.3813477e+01
   5.5571490e+06   2.1606445e+01
   5.5571670e+06   3.2958984e+01
   5.5571940e+06   3.4851074e+01
   5.5572330e+06   2.5634766e+01
   5.5572450e+06   4.8400879e+01
   5.5572680e+06   3.2592773e+01
   5.5572820e+06   2.8137207e+01
   5.5573010e+06   2.6550293e+01
   5.5573220e+06   3.9001465e+01
   5.5573540e+06   2.0935059e+01
   5.5573890e+06   2.9602051e+01
   5.5574180e+06   4.0161133e+01
   5.5574340e+06   3.3203125e+01
   5.5574590e+06   1.9531250e+01
   5.5574730e+06   1.8615723e+01
   5.5574930e+06   3.4912109e+01
   5.5575230e+06   2.5268555e+01
   5.5575400e+06   2.0874023e+01
   5.5575740e+06   1.9897461e+01
   5.5575840e+06   2.6428223e+01
   5.5576000e+06   4.0405273e+01
   5.5576260e+06   3.3386230e+01
   5.5576520e+06   2.8442383e+01
   5.5576800e+06   2.1423340e+01
   5.5577130e+06   3.2836914e+01
   5.5577360e+06   1.9165039e+01
   5.5577670e+06   2.3742676e+01
   5.5577910e+06   2.3437500e+01
   5.5578130e+06   5.9509277e+01
   5.5578670e+06   2.2949219e+01
   5.5578830e+06   1.9104004e+01
   5.5579170e+06   2.6672363e+01
   5.5579480e+06   2.6123047e+01
   5.5579600e+06   4.1503906e+01
   5.5580250e+06   3.0883789e+01
   5.5580730e+06   2.6306152e+01
   5.5581210e+06   2.5085449e+01
   5.5581860e+06   3.5766602e+01
   5.5582410e+06   3.6743164e+01
   5.5583240e+06   3.1494141e+01
   5.5583560e+06   2.6733398e+01
   5.5584250e+06   3.4118652e+01
   5.5584460e+06   2.3376465e+01
   5.5585240e+06   1.7761230e+01
   5.5585510e+06   2.5573730e+01
   5.5586390e+06   3.2226562e+01
   5.5587430e+06   4.5593262e+01
   5.5587780e+06   2.0996094e+01
   5.5588600e+06   3.7292480e+01
   5.5589600e+06   4.2175293e+01
   5.5591220e+06   3.7658691e+01
   5.5592310e+06   3.4973145e+01
   5.5593470e+06   4.1687012e+01
   5.5594730e+06   4.4982910e+01
   5.5596050e+06   4.4128418e+01
   5.5597370e+06   4.0710449e+01
   5.5598760e+06   4.8645020e+01
   5.5600010e+06   4.5776367e+01
   5.5601670e+06   4.5593262e+01
   5.5603660e+06   5.1818848e+01
   5.5606110e+06   5.0720215e+01
   5.5609550e+06   5.5358887e+01
   5.5664200e+06   3.1738281e+01
   5.5664580e+06   9.1491699e+01
   5.5664770e+06   4.1076660e+01
   5.5665010e+06   8.1298828e+01
   5.5665200e+06   4.1564941e+01
   5.5665300e+06   4.4982910e+01
   5.5665530e+06   7.0495605e+01
   5.5665670e+06   2.5634766e+01
   5.5665940e+06   2.6977539e+01
   5.5666100e+06   4.4738770e+01
   5.5666340e+06   2.8991699e+01
   5.5666480e+06   2.8137207e+01
   5.5666620e+06   3.5461426e+01
   5.5666960e+06   5.6396484e+01
   5.5667140e+06   1.8127441e+01
   5.5667320e+06   2.2766113e+01
   5.5667450e+06   3.6499023e+01
   5.5667660e+06   5.2124023e+01
   5.5667970e+06   4.6142578e+01
   5.5668150e+06   2.8381348e+01
   5.5668490e+06   3.4545898e+01
   5.5668820e+06   3.5034180e+01
   5.5669030e+06   3.9062500e+01
   5.5669450e+06   2.3742676e+01
   5.5669650e+06   4.1137695e+01
   5.5669960e+06   2.5756836e+01
   5.5670220e+06   2.4353027e+01
   5.5670490e+06   2.2888184e+01
   5.5670740e+06   2.3742676e+01
   5.5671190e+06   2.0996094e+01
   5.5671530e+06   2.9479980e+01
   5.5671860e+06   2.7221680e+01
   5.5672040e+06   2.4353027e+01
   5.5672480e+06   2.6428223e+01
   5.5672820e+06   2.3376465e+01
   5.5672950e+06   2.9357910e+01
   5.5673440e+06   2.3254395e+01
   5.5673580e+06   2.3071289e+01
   5.5673930e+06   2.4291992e+01
   5.5674200e+06   2.9602051e+01
   5.5674520e+06   2.3254395e+01
   5.5674870e+06   2.2460938e+01
   5.5675150e+06   2.8625488e+01
   5.5675430e+06   2.9174805e+01
   5.5676280e+06   2.9479980e+01
   5.5676750e+06   2.6245117e+01
   5.5677000e+06   2.1606445e+01
   5.5677230e+06   2.8198242e+01
   5.5677350e+06   1.8310547e+01
   5.5677870e+06   2.4719238e+01
   5.5678250e+06   1.9165039e+01
   5.5678720e+06   2.5756836e+01
   5.5679200e+06   3.4057617e+01
   5.5679550e+06   2.7465820e+01
   5.5680000e+06   2.1850586e+01
   5.5680400e+06   3.3813477e+01
   5.5680840e+06   2.4719238e+01
   5.5681320e+06   3.4301758e+01
   5.5681970e+06   3.5888672e+01
   5.5683190e+06   2.9052734e+01
   5.5684060e+06   3.6010742e+01
   5.5684480e+06   2.2338867e+01
   5.5685320e+06   3.0883789e+01
   5.5686540e+06   3.7231445e+01
   5.5687500e+06   3.8330078e+01
   5.5688560e+06   4.0344238e+01
   5.5689140e+06   2.4719238e+01
   5.5689650e+06   3.9001465e+01
   5.5690750e+06   3.5278320e+01
   5.5691890e+06   3.7170410e+01
   5.5693040e+06   4.0832520e+01
   5.5694080e+06   4.3334961e+01
   5.5695440e+06   3.3142090e+01
   5.5696670e+06   2.0019531e+01
   5.5697920e+06   4.0710449e+01
   5.5699360e+06   4.0100098e+01
   5.5700770e+06   4.1748047e+01
   5.5702350e+06   5.2795410e+01
   5.5704030e+06   4.8950195e+01
   5.5705710e+06   4.7851562e+01
   5.5707990e+06   5.0048828e+01
   5.5711480e+06   5.5603027e+01
   5.5769760e+06   2.5451660e+01
   5.5769970e+06   8.4350586e+01
   5.5770180e+06   3.1433105e+01
   5.5770290e+06   2.9541016e+01
   5.5770410e+06   9.4177246e+01
   5.5770850e+06   4.4006348e+01
   5.5770990e+06   5.8471680e+01
   5.5771310e+06   3.6254883e+01
   5.5771440e+06   4.4372559e+01
   5.5771780e+06   4.3640137e+01
   5.5771950e+06   3.7536621e+01
   5.5772110e+06   3.7658691e+01
   5.5772480e+06   6.2194824e+01
   5.5772590e+06   4.0527344e+01
   5.5772730e+06   2.7038574e+01
   5.5772960e+06   4.7058105e+01
   5.5773230e+06   2.3620605e+01
   5.5773380e+06   3.3996582e+01
   5.5773580e+06   2.5512695e+01
   5.5773830e+06   2.4047852e+01
   5.5774130e+06   2.8747559e+01
   5.5774280e+06   2.5695801e+01
   5.5774570e+06   2.3498535e+01
   5.5774790e+06   1.9958496e+01
   5.5775100e+06   3.7231445e+01
   5.5775200e+06   3.1921387e+01
   5.5775410e+06   2.8137207e+01
   5.5775700e+06   3.3325195e+01
   5.5775860e+06   1.9470215e+01
   5.5776100e+06   2.4230957e+01
   5.5776230e+06   2.1972656e+01
   5.5776350e+06   2.8076172e+01
   5.5776670e+06   2.6733398e+01
   5.5776800e+06   2.1118164e+01
   5.5777050e+06   2.2766113e+01
   5.5777310e+06   2.0019531e+01
   5.5777610e+06   3.3813477e+01
   5.5777980e+06   2.1728516e+01
   5.5778180e+06   2.5451660e+01
   5.5778480e+06   2.2399902e+01
   5.5778630e+06   3.5583496e+01
   5.5778930e+06   2.4414063e+01
   5.5779330e+06   3.2287598e+01
   5.5779970e+06   2.6062012e+01
   5.5780200e+06   1.8554688e+01
   5.5780300e+06   4.2968750e+01
   5.5780880e+06   3.3691406e+01
   5.5781460e+06   2.0080566e+01
   5.5782360e+06   3.5339355e+01
   5.5782700e+06   2.4291992e+01
   5.5782970e+06   2.2094727e+01
   5.5783520e+06   3.3691406e+01
   5.5784160e+06   2.6123047e+01
   5.5785440e+06   2.5329590e+01
   5.5785690e+06   2.9968262e+01
   5.5786000e+06   2.7038574e+01
   5.5786460e+06   2.8259277e+01
   5.5786600e+06   1.9287109e+01
   5.5787510e+06   3.3203125e+01
   5.5787830e+06   2.4658203e+01
   5.5789610e+06   2.9479980e+01
   5.5791150e+06   3.8391113e+01
   5.5791810e+06   3.1127930e+01
   5.5792310e+06   3.8513184e+01
   5.5793310e+06   3.9245605e+01
   5.5793520e+06   2.2827148e+01
   5.5794250e+06   3.5339355e+01
   5.5795340e+06   3.6743164e+01
   5.5795470e+06   3.4667969e+01
   5.5796350e+06   3.7353516e+01
   5.5797450e+06   3.4973145e+01
   5.5798580e+06   3.9428711e+01
   5.5799800e+06   3.9550781e+01
   5.5800950e+06   4.2907715e+01
   5.5802250e+06   4.1931152e+01
   5.5803440e+06   4.3273926e+01
   5.5804900e+06   4.5227051e+01
   5.5806280e+06   4.4006348e+01
   5.5807720e+06   4.9072266e+01
   5.5809360e+06   5.0170898e+01
   5.5811360e+06   5.3955078e+01
   5.5813470e+06   4.8645020e+01
   5.5816500e+06   4.8583984e+01
   5.5859880e+06   3.1066895e+01
   5.5860230e+06   8.1420898e+01
   5.5860480e+06   3.0334473e+01
   5.5860640e+06   2.2094727e+01
   5.5860780e+06   9.3872070e+01
   5.5860980e+06   1.8432617e+01
   5.5861170e+06   4.5898438e+01
   5.5861400e+06   5.6335449e+01
   5.5861640e+06   3.3996582e+01
   5.5861750e+06   2.7587891e+01
   5.5862010e+06   1.9958496e+01
   5.5862210e+06   4.3640137e+01
   5.5862320e+06   4.6142578e+01
   5.5862510e+06   3.3874512e+01
   5.5862740e+06   3.4667969e+01
   5.5862930e+06   3.2165527e+01
   5.5863130e+06   4.7424316e+01
   5.5863300e+06   3.1311035e+01
   5.5863470e+06   1.9348145e+01
   5.5863740e+06   5.9387207e+01
   5.5863860e+06   3.1311035e+01
   5.5864310e+06   5.6640625e+01
   5.5864580e+06   2.6245117e+01
   5.5864740e+06   4.6936035e+01
   5.5864960e+06   4.0161133e+01
   5.5865230e+06   2.8564453e+01
   5.5865490e+06   3.1921387e+01
   5.5865600e+06   4.4555664e+01
   5.5865780e+06   2.4230957e+01
   5.5866080e+06   2.5024414e+01
   5.5866340e+06   4.2358398e+01
   5.5866480e+06   2.7221680e+01
   5.5866760e+06   3.8146973e+01
   5.5867040e+06   2.6489258e+01
   5.5867410e+06   3.9855957e+01
   5.5867890e+06   4.3395996e+01
   5.5868410e+06   2.6367188e+01
   5.5868920e+06   2.8564453e+01
   5.5869260e+06   3.0090332e+01
   5.5869420e+06   2.6733398e+01
   5.5869760e+06   2.5390625e+01
   5.5870160e+06   2.7404785e+01
   5.5870540e+06   2.7282715e+01
   5.5871080e+06   3.2470703e+01
   5.5871360e+06   2.8869629e+01
   5.5871930e+06   2.9968262e+01
   5.5872170e+06   2.1667480e+01
   5.5872970e+06   3.1311035e+01
   5.5873170e+06   2.4291992e+01
   5.5873910e+06   4.2175293e+01
   5.5874820e+06   4.7790527e+01
   5.5875750e+06   3.7719727e+01
   5.5876040e+06   1.9592285e+01
   5.5876700e+06   3.5217285e+01
   5.5876960e+06   2.8503418e+01
   5.5877680e+06   3.6254883e+01
   5.5878610e+06   2.4719238e+01
   5.5878750e+06   3.5827637e+01
   5.5879800e+06   3.8879395e+01
   5.5880930e+06   4.2480469e+01
   5.5881850e+06   2.7160645e+01
   5.5882100e+06   3.8879395e+01
   5.5883220e+06   3.9306641e+01
   5.5884410e+06   3.9184570e+01
   5.5885700e+06   4.1870117e+01
   5.5887040e+06   4.5532227e+01
   5.5888330e+06   4.0771484e+01
   5.5889700e+06   4.5532227e+01
   5.5891280e+06   4.6325684e+01
   5.5893030e+06   3.5644531e+01
   5.5895360e+06   5.0537109e+01
   5.5899190e+06   5.3710938e+01
   5.8094670e+06   1.8432617e+01
   5.8095130e+06   1.7822266e+01
   5.8197390e+06   1.8859863e+01
   5.8261270e+06   2.4658203e+01
   5.8301330e+06   2.0812988e+01
   5.8433500e+06   2.1301270e+01
   5.8515970e+06   1.9592285e+01
   5.8528280e+06   2.6794434e+01
   5.8528660e+06   2.8808594e+01
   5.8529080e+06   1.8737793e+01
   5.8529220e+06   2.3498535e+01
   5.8529510e+06   1.9592285e+01
   5.8529700e+06   1.9592285e+01
   5.8529810e+06   1.1761475e+02
   5.8530040e+06   2.9357910e+01
   5.8530300e+06   4.0649414e+01
   5.8530540e+06   9.5153809e+01
   5.8530890e+06   4.7546387e+01
   5.8531060e+06   6.8115234e+01
   5.8531430e+06   4.3701172e+01
   5.8531600e+06   3.7780762e+01
   5.8531830e+06   4.1625977e+01
   5.8531950e+06   1.8615723e+01
   5.8532050e+06   4.1564941e+01
   5.8532360e+06   4.2541504e+01
   5.8532460e+06   2.7221680e+01
   5.8532700e+06   2.3986816e+01
   5.8532800e+06   2.8869629e+01
   5.8533190e+06   3.4545898e+01
   5.8533300e+06   4.0466309e+01
   5.8533500e+06   2.4963379e+01
   5.8533800e+06   1.9775391e+01
   5.8534100e+06   2.7770996e+01
   5.8534410e+06   1.8920898e+01
   5.8534890e+06   3.1860352e+01
   5.8535090e+06   1.9470215e+01
   5.8535230e+06   2.7282715e+01
   5.8535460e+06   3.5949707e+01
   5.8535720e+06   1.7761230e+01
   5.8535860e+06   2.0324707e+01
   5.8536170e+06   2.4597168e+01
   5.8536450e+06   3.4484863e+01
   5.8536720e+06   1.9042969e+01
   5.8536930e+06   3.7353516e+01
   5.8537070e+06   1.8859863e+01
   5.8537320e+06   2.3010254e+01
   5.8537610e+06   2.6733398e+01
   5.8537710e+06   2.0751953e+01
   5.8538000e+06   2.9479980e+01
   5.8538260e+06   2.4597168e+01
   5.8538540e+06   1.9104004e+01
   5.8538650e+06   3.5766602e+01
   5.8538980e+06   2.4047852e+01
   5.8539250e+06   3.3020020e+01
   5.8539460e+06   2.2277832e+01
   5.8539580e+06   2.9846191e+01
   5.8539840e+06   2.2460938e+01
   5.8540150e+06   2.5695801e+01
   5.8540470e+06   3.1555176e+01
   5.8540840e+06   2.1972656e+01
   5.8541000e+06   2.0019531e+01
   5.8541100e+06   3.0456543e+01
   5.8541470e+06   2.8625488e+01
   5.8541660e+06   1.8066406e+01
   5.8541950e+06   2.6306152e+01
   5.8542270e+06   1.9348145e+01
   5.8542540e+06   2.2033691e+01
   5.8542810e+06   2.7343750e+01
   5.8543160e+06   2.9541016e+01
   5.8543470e+06   4.1198730e+01
   5.8543580e+06   2.2705078e+01
   5.8543810e+06   2.4291992e+01
   5.8544160e+06   3.6315918e+01
   5.8544450e+06   2.1301270e+01
   5.8544590e+06   1.7700195e+01
   5.8544880e+06   2.6428223e+01
   5.8545200e+06   2.0446777e+01
   5.8545350e+06   2.5024414e+01
   5.8545560e+06   1.9226074e+01
   5.8545700e+06   2.9357910e+01
   5.8545910e+06   2.2827148e+01
   5.8546080e+06   2.4780273e+01
   5.8546270e+06   1.9409180e+01
   5.8546480e+06   3.4240723e+01
   5.8546840e+06   2.0568848e+01
   5.8547120e+06   2.3681641e+01
   5.8547430e+06   2.1728516e+01
   5.8547840e+06   3.0395508e+01
   5.8547940e+06   2.4841309e+01
   5.8548390e+06   2.4475098e+01
   5.8548890e+06   2.8076172e+01
   5.8549190e+06   2.3620605e+01
   5.8549480e+06   2.0019531e+01
   5.8549580e+06   2.1545410e+01
   5.8550050e+06   2.9052734e+01
   5.8550360e+06   2.7770996e+01
   5.8550730e+06   2.7648926e+01
   5.8551100e+06   3.3935547e+01
   5.8551450e+06   2.0874023e+01
   5.8551620e+06   1.9104004e+01
   5.8551780e+06   2.4047852e+01
   5.8552090e+06   1.8066406e+01
   5.8552190e+06   1.9348145e+01
   5.8552300e+06   2.9235840e+01
   5.8552620e+06   2.2521973e+01
   5.8553000e+06   2.8991699e+01
   5.8553310e+06   2.0385742e+01
   5.8553760e+06   2.8137207e+01
   5.8554290e+06   2.1850586e+01
   5.8554590e+06   3.4301758e+01
   5.8554710e+06   2.3498535e+01
   5.8555150e+06   3.1616211e+01
   5.8555300e+06   3.1677246e+01
   5.8555560e+06   2.6123047e+01
   5.8556090e+06   4.0039062e+01
   5.8556880e+06   3.2165527e+01
   5.8557040e+06   3.2775879e+01
   5.8557290e+06   2.4291992e+01
   5.8557810e+06   3.5034180e+01
   5.8558020e+06   2.2155762e+01
   5.8558570e+06   3.9001465e+01
   5.8558680e+06   2.8991699e+01
   5.8559210e+06   2.5329590e+01
   5.8559400e+06   3.2531738e+01
   5.8559710e+06   2.4902344e+01
   5.8560270e+06   3.6804199e+01
   5.8560780e+06   2.7770996e+01
   5.8561270e+06   3.7231445e+01
   5.8561630e+06   2.6123047e+01
   5.8562170e+06   2.7099609e+01
   5.8562620e+06   2.9174805e+01
   5.8563170e+06   4.2541504e+01
   5.8564320e+06   3.9611816e+01
   5.8564640e+06   2.3010254e+01
   5.8565380e+06   4.0710449e+01
   5.8566430e+06   3.9306641e+01
   5.8567570e+06   4.5776367e+01
   5.8568050e+06   2.9113770e+01
   5.8568800e+06   3.7597656e+01
   5.8570330e+06   4.6020508e+01
   5.8571820e+06   5.0109863e+01
   5.8573500e+06   4.7912598e+01
   5.8576290e+06   5.5480957e+01
   5.8646030e+06   8.6425781e+01
   5.8649870e+06   7.3486328e+01
   5.8673140e+06   7.0190430e+01
   5.8707920e+06   8.3374023e+01
   5.8765410e+06   1.9958496e+01
   5.8826460e+06   2.0751953e+01
   5.8877700e+06   1.8249512e+01
   5.8981130e+06   1.7822266e+01
   5.9048070e+06   2.1484375e+01
   5.9130190e+06   1.9592285e+01
   5.9192160e+06   2.3010254e+01
   5.9193100e+06   2.2583008e+01
   5.9193530e+06   2.1606445e+01
   5.9193970e+06   3.4240723e+01
   5.9194250e+06   8.0871582e+01
   5.9194470e+06   3.0883789e+01
   5.9195040e+06   2.7709961e+01
   5.9195320e+06   3.7963867e+01
   5.9195640e+06   2.7709961e+01
   5.9195930e+06   7.2570801e+01
   5.9196140e+06   3.7902832e+01
   5.9196520e+06   2.9235840e+01
   5.9196860e+06   3.1677246e+01
   5.9197180e+06   7.3181152e+01
   5.9197440e+06   4.7851562e+01
   5.9197740e+06   4.2053223e+01
   5.9197910e+06   6.8786621e+01
   5.9198090e+06   2.2766113e+01
   5.9198300e+06   4.5288086e+01
   5.9198400e+06   5.7189941e+01
   5.9198610e+06   5.2978516e+01
   5.9198920e+06   4.5227051e+01
   5.9199090e+06   3.9245605e+01
   5.9199340e+06   2.7587891e+01
   5.9199600e+06   4.2236328e+01
   5.9199720e+06   2.8259277e+01
   5.9199820e+06   3.6499023e+01
   5.9199960e+06   2.1728516e+01
   5.9200090e+06   3.8391113e+01
   5.9200340e+06   4.0283203e+01
   5.9200500e+06   2.4414062e+01
   5.9200820e+06   2.7343750e+01
   5.9201030e+06   2.8259277e+01
   5.9201330e+06   2.2705078e+01
   5.9201680e+06   3.4362793e+01
   5.9201830e+06   2.2705078e+01
   5.9201930e+06   2.5207520e+01
   5.9202080e+06   2.2644043e+01
   5.9202540e+06   2.6367188e+01
   5.9202750e+06   3.9611816e+01
   5.9203020e+06   2.9296875e+01
   5.9203180e+06   2.0324707e+01
   5.9203530e+06   4.1076660e+01
   5.9203710e+06   1.7639160e+01
   5.9203890e+06   2.8991699e+01
   5.9204180e+06   1.7700195e+01
   5.9204370e+06   2.5207520e+01
   5.9204510e+06   2.6123047e+01
   5.9204760e+06   3.1372070e+01
   5.9205000e+06   2.1850586e+01
   5.9205320e+06   3.0517578e+01
   5.9205690e+06   2.8625488e+01
   5.9206010e+06   3.0151367e+01
   5.9206330e+06   2.3071289e+01
   5.9206430e+06   2.0019531e+01
   5.9206650e+06   3.3142090e+01
   5.9206930e+06   3.4118652e+01
   5.9207170e+06   2.2827148e+01
   5.9207450e+06   2.1789551e+01
   5.9207730e+06   2.3986816e+01
   5.9208030e+06   2.3681641e+01
   5.9208330e+06   3.2348633e+01
   5.9208470e+06   2.8564453e+01
   5.9208650e+06   2.4414062e+01
   5.9208930e+06   2.0629883e+01
   5.9209140e+06   2.0996094e+01
   5.9209490e+06   2.2888184e+01
   5.9209730e+06   3.5034180e+01
   5.9209990e+06   2.0751953e+01
   5.9210310e+06   3.4851074e+01
   5.9210540e+06   1.8371582e+01
   5.9210700e+06   2.3315430e+01
   5.9210960e+06   3.7048340e+01
   5.9211120e+06   2.7648926e+01
   5.9211500e+06   3.0822754e+01
   5.9211780e+06   3.8146973e+01
   5.9211940e+06   2.0141602e+01
   5.9212170e+06   2.7954102e+01
   5.9212420e+06   2.4963379e+01
   5.9212700e+06   2.2949219e+01
   5.9213090e+06   2.8442383e+01
   5.9213330e+06   2.4047852e+01
   5.9213510e+06   1.9287109e+01
   5.9213860e+06   2.6916504e+01
   5.9214340e+06   4.3395996e+01
   5.9214600e+06   2.5207520e+01
   5.9214950e+06   1.9165039e+01
   5.9215260e+06   2.5085449e+01
   5.9215560e+06   3.7536621e+01
   5.9215850e+06   3.3142090e+01
   5.9216160e+06   2.1728516e+01
   5.9216530e+06   2.8564453e+01
   5.9216670e+06   2.1484375e+01
   5.9216860e+06   3.0334473e+01
   5.9217180e+06   2.8503418e+01
   5.9217490e+06   1.8371582e+01
   5.9217640e+06   2.4536133e+01
   5.9218020e+06   2.9785156e+01
   5.9218370e+06   2.2094727e+01
   5.9218820e+06   2.2338867e+01
   5.9219070e+06   1.9775391e+01
   5.9219240e+06   2.4230957e+01
   5.9219620e+06   3.9611816e+01
   5.9220060e+06   2.2338867e+01
   5.9220330e+06   3.1372070e+01
   5.9220860e+06   2.1972656e+01
   5.9221110e+06   2.9785156e+01
   5.9221280e+06   2.1667480e+01
   5.9221850e+06   2.6489258e+01
   5.9221970e+06   3.2531738e+01
   5.9222270e+06   2.5146484e+01
   5.9222760e+06   4.5959473e+01
   5.9223280e+06   2.7099609e+01
   5.9223650e+06   3.0517578e+01
   5.9224210e+06   3.1066895e+01
   5.9224680e+06   4.3212891e+01
   5.9224800e+06   3.2165527e+01
   5.9225620e+06   6.2316895e+01
   5.9226750e+06   4.5837402e+01
   5.9227820e+06   3.7353516e+01
   5.9228060e+06   1.9165039e+01
   5.9229000e+06   4.2663574e+01
   5.9229400e+06   2.4902344e+01
   5.9230210e+06   4.8828125e+01
   5.9230950e+06   2.8930664e+01
   5.9231710e+06   4.4067383e+01
   5.9233210e+06   5.1452637e+01
   5.9234940e+06   5.0170898e+01
   5.9237870e+06   5.2490234e+01
   5.9301950e+06   7.4401855e+01
   5.9877130e+06   2.0629883e+01
   5.9901470e+06   2.9724121e+01
