   5.9990000e+06   0.0000000e+00
   9.9500000e+02   1.9226074e+01
   9.3410000e+03   1.9042969e+01
   9.8950000e+03   2.0751953e+01
   9.9380000e+03   2.2399902e+01
   9.9970000e+03   2.0080566e+01
   1.0033000e+04   2.1423340e+01
   1.0070000e+04   5.1269531e+01
   1.0083000e+04   2.4047852e+01
   1.0113000e+04   3.1677246e+01
   1.0148000e+04   2.0019531e+01
   1.0176000e+04   4.1137695e+01
   1.0201000e+04   2.7099609e+01
   1.0227000e+04   3.1066895e+01
   1.0254000e+04   4.3884277e+01
   1.0275000e+04   2.7587891e+01
   1.0303000e+04   2.8381348e+01
   1.0324000e+04   3.0578613e+01
   1.0353000e+04   2.4719238e+01
   1.0381000e+04   3.3996582e+01
   1.0408000e+04   2.0019531e+01
   1.0441000e+04   2.3132324e+01
   1.0472000e+04   2.8869629e+01
   1.0499000e+04   1.9165039e+01
   1.0528000e+04   3.9062500e+01
   1.0560000e+04   3.0456543e+01
   1.0581000e+04   2.6916504e+01
   1.0632000e+04   3.7597656e+01
   1.0663000e+04   3.2043457e+01
   1.0707000e+04   2.9174805e+01
   1.0749000e+04   3.3325195e+01
   1.0775000e+04   2.8259277e+01
   1.0816000e+04   2.2888184e+01
   1.0843000e+04   2.0812988e+01
   1.0857000e+04   2.7343750e+01
   1.0883000e+04   2.0019531e+01
   1.0921000e+04   2.5024414e+01
   1.0945000e+04   2.2399902e+01
   1.1005000e+04   2.2705078e+01
   1.1066000e+04   1.9470215e+01
   1.1116000e+04   2.5634766e+01
   1.1189000e+04   2.5207520e+01
   1.1228000e+04   2.2521973e+01
   1.1275000e+04   1.9226074e+01
   1.1308000e+04   2.0629883e+01
   1.1366000e+04   1.9287109e+01
   1.1381000e+04   1.8493652e+01
   1.1438000e+04   2.7221680e+01
   1.1510000e+04   1.9836426e+01
   1.1629000e+04   2.6184082e+01
   1.1840000e+04   2.0751953e+01
   1.1897000e+04   2.1789551e+01
   1.1995000e+04   2.3620605e+01
   1.2006000e+04   2.0751953e+01
   1.5573000e+04   2.0935059e+01
   1.6363000e+04   1.9470215e+01
   1.7199000e+04   1.8920898e+01
   2.2160000e+04   2.5634766e+01
   2.2886000e+04   2.4047852e+01
   2.3995000e+04   2.4597168e+01
   2.7215000e+04   1.9287109e+01
   2.8440000e+04   2.1057129e+01
   3.1514000e+04   2.0263672e+01
   3.5686000e+04   2.2827148e+01
   3.9150000e+04   2.3376465e+01
   4.2458000e+04   2.3254395e+01
   4.6907000e+04   2.5390625e+01
   5.1972000e+04   2.2094727e+01
   5.5318000e+04   2.1545410e+01
   7.0897000e+04   1.8432617e+01
   7.9669000e+04   2.4963379e+01
   8.2490000e+04   2.0019531e+01
   1.3118800e+05   1.8432617e+01
   1.3121900e+05   2.0385742e+01
   1.3125200e+05   1.9226074e+01
   1.3127800e+05   3.0395508e+01
   1.3129200e+05   2.2827148e+01
   1.3131100e+05   3.4484863e+01
   1.3133800e+05   4.1381836e+01
   1.3136200e+05   3.0944824e+01
   1.3137400e+05   2.6428223e+01
   1.3139100e+05   2.1118164e+01
   1.3142500e+05   3.6865234e+01
   1.3144200e+05   2.2216797e+01
   1.3145200e+05   2.6184082e+01
   1.3147400e+05   4.0161133e+01
   1.3148500e+05   2.0629883e+01
   1.3150400e+05   1.9836426e+01
   1.3153300e+05   3.4606934e+01
   1.3154800e+05   1.9165039e+01
   1.3157100e+05   2.1240234e+01
   1.3159600e+05   1.9348145e+01
   1.3162600e+05   2.3559570e+01
   1.3165300e+05   3.0090332e+01
   1.3167900e+05   2.8625488e+01
   1.3170100e+05   1.9042969e+01
   1.3173800e+05   2.2766113e+01
   1.3177000e+05   4.3395996e+01
   1.3179600e+05   1.9165039e+01
   1.3181900e+05   2.4414062e+01
   1.3185500e+05   2.4047852e+01
   1.3189000e+05   2.6855469e+01
   1.3190400e+05   1.8615723e+01
   1.3192300e+05   3.5888672e+01
   1.3196300e+05   2.9357910e+01
   1.3200500e+05   2.3925781e+01
   1.3206100e+05   1.9165039e+01
   1.3207200e+05   1.9226074e+01
   1.3212100e+05   2.2338867e+01
   1.3214200e+05   1.9958496e+01
   1.3218000e+05   1.9348145e+01
   1.3220800e+05   2.2460938e+01
   1.3225500e+05   1.8798828e+01
   1.3226500e+05   2.7770996e+01
   1.3229700e+05   2.7160645e+01
   1.3233700e+05   2.5573730e+01
   1.3239500e+05   2.0141602e+01
   1.3246600e+05   2.0812988e+01
   1.3258800e+05   1.9592285e+01
   1.3265500e+05   2.0141602e+01
   1.3272600e+05   2.5146484e+01
   1.3278600e+05   1.8554688e+01
   1.3287000e+05   2.2705078e+01
   1.3303600e+05   2.2583008e+01
   1.3320200e+05   1.9714355e+01
   1.3334000e+05   2.5512695e+01
   1.3335200e+05   2.0812988e+01
   1.3350500e+05   1.9287109e+01
   1.3365200e+05   2.2827148e+01
   1.3434900e+05   2.3132324e+01
   1.3756000e+05   2.1667480e+01
   1.3831900e+05   2.0080566e+01
   1.3858400e+05   2.3986816e+01
   1.4270500e+05   2.5817871e+01
   1.4588200e+05   2.5939941e+01
   1.4882100e+05   2.3071289e+01
   1.5113900e+05   2.2460938e+01
   1.5298200e+05   2.5451660e+01
   1.5775800e+05   2.4963379e+01
   1.6907600e+05   2.5024414e+01
   1.7573800e+05   2.4963379e+01
   1.7574900e+05   2.4719238e+01
   1.7578800e+05   3.3325195e+01
   1.7580400e+05   3.4240723e+01
   1.7582700e+05   4.4738770e+01
   1.7585800e+05   4.8583984e+01
   1.7587800e+05   2.1972656e+01
   1.7589400e+05   2.7832031e+01
   1.7592100e+05   3.5217285e+01
   1.7594400e+05   3.1372070e+01
   1.7597200e+05   2.8259277e+01
   1.7598700e+05   2.8076172e+01
   1.7601400e+05   2.6245117e+01
   1.7603800e+05   2.4169922e+01
   1.7606600e+05   2.6977539e+01
   1.7609200e+05   2.3132324e+01
   1.7611700e+05   2.9479980e+01
   1.7614400e+05   4.1381836e+01
   1.7616900e+05   2.4536133e+01
   1.7622900e+05   3.0456543e+01
   1.7624000e+05   2.1118164e+01
   1.7627700e+05   2.1301270e+01
   1.7631100e+05   1.8432617e+01
   1.7632200e+05   2.0629883e+01
   1.7636800e+05   2.4841309e+01
   1.7638700e+05   1.9531250e+01
   1.7641300e+05   3.4179688e+01
   1.7644600e+05   2.5329590e+01
   1.7646800e+05   1.9897461e+01
   1.7649700e+05   2.0751953e+01
   1.7652200e+05   2.8686523e+01
   1.7653800e+05   2.5512695e+01
   1.7663700e+05   2.6123047e+01
   1.7668700e+05   2.8198242e+01
   1.7670700e+05   1.8737793e+01
   1.7672100e+05   2.5695801e+01
   1.7676200e+05   2.3010254e+01
   1.7678000e+05   2.1057129e+01
   1.7684900e+05   2.8808594e+01
   1.7692500e+05   2.0629883e+01
   1.7698100e+05   2.7648926e+01
   1.7703300e+05   1.9775391e+01
   1.7705600e+05   1.8920898e+01
   1.7709300e+05   2.1911621e+01
   1.7716700e+05   3.1433105e+01
   1.7722200e+05   2.2033691e+01
   1.7730200e+05   1.8493652e+01
   1.7741700e+05   2.3376465e+01
   1.7751100e+05   2.5207520e+01
   1.7761800e+05   3.0761719e+01
   1.7766300e+05   1.8432617e+01
   1.7785700e+05   1.8554688e+01
   1.7790900e+05   2.0568848e+01
   1.7798900e+05   2.0263672e+01
   1.7809100e+05   2.3986816e+01
   1.8054100e+05   2.4169922e+01
   1.8102100e+05   2.0874023e+01
   1.8147100e+05   1.9470215e+01
   1.8266800e+05   2.2644043e+01
   1.8378900e+05   1.9042969e+01
   1.8411700e+05   2.4536133e+01
   1.8757200e+05   2.0202637e+01
   1.8981500e+05   2.1057129e+01
   1.9225200e+05   1.8737793e+01
   1.9294800e+05   2.5634766e+01
   1.9453900e+05   2.1179199e+01
   2.0037300e+05   2.2155762e+01
   2.0287900e+05   2.1972656e+01
   2.0746500e+05   1.8920898e+01
   2.1540200e+05   2.3254395e+01
   2.1816800e+05   2.7160645e+01
   2.2150400e+05   2.1179199e+01
   2.2725900e+05   2.0202637e+01
   2.3675200e+05   2.3864746e+01
   2.4686700e+05   1.9836426e+01
   2.5356900e+05   1.8798828e+01
   3.9608200e+05   1.8737793e+01
   4.4634000e+05   2.0141602e+01
   4.4811600e+05   1.8493652e+01
   4.4826200e+05   2.0385742e+01
   4.4829600e+05   2.0202637e+01
   4.4832200e+05   2.0324707e+01
   4.4837400e+05   2.6672363e+01
   4.4839400e+05   1.9042969e+01
   4.4845900e+05   3.4545898e+01
   4.4847100e+05   3.0639648e+01
   4.4850000e+05   2.4902344e+01
   4.4852900e+05   4.8583984e+01
   4.4854700e+05   4.2785645e+01
   4.4856300e+05   2.3132324e+01
   4.4858100e+05   3.0944824e+01
   4.4860800e+05   2.1972656e+01
   4.4863900e+05   2.4353027e+01
   4.4866800e+05   3.1494141e+01
   4.4869300e+05   2.7099609e+01
   4.4870300e+05   2.1118164e+01
   4.4871800e+05   4.1137695e+01
   4.4874400e+05   3.3813477e+01
   4.4877200e+05   2.2338867e+01
   4.4880300e+05   3.9001465e+01
   4.4883500e+05   1.9836426e+01
   4.4886400e+05   3.5644531e+01
   4.4891800e+05   1.9531250e+01
   4.4893000e+05   2.3437500e+01
   4.4897100e+05   2.0446777e+01
   4.4904900e+05   3.0456543e+01
   4.4906800e+05   2.2827148e+01
   4.4908800e+05   2.3559570e+01
   4.4912300e+05   2.7770996e+01
   4.4915700e+05   1.9775391e+01
   4.4917800e+05   2.1972656e+01
   4.4919000e+05   2.4047852e+01
   4.4923000e+05   3.2653809e+01
   4.4928100e+05   2.0751953e+01
   4.4930600e+05   1.9836426e+01
   4.4934300e+05   2.2827148e+01
   4.4936000e+05   2.8015137e+01
   4.4942500e+05   3.3142090e+01
   4.4946100e+05   1.8981934e+01
   4.4948000e+05   1.9104004e+01
   4.4954900e+05   2.8564453e+01
   4.4963500e+05   1.8737793e+01
   4.4968000e+05   2.5817871e+01
   4.4977700e+05   2.0141602e+01
   4.4988000e+05   2.3437500e+01
   4.4994200e+05   2.4902344e+01
   4.4996800e+05   1.8554688e+01
   4.5001700e+05   2.1545410e+01
   4.5004100e+05   1.8859863e+01
   4.5020700e+05   1.9226074e+01
   4.5025900e+05   2.2399902e+01
   4.5032900e+05   2.1667480e+01
   4.5039800e+05   1.8859863e+01
   4.5699500e+05   2.1057129e+01
   4.6168300e+05   2.3742676e+01
   4.6396000e+05   2.1850586e+01
   4.6821000e+05   2.6611328e+01
   4.6977300e+05   1.9653320e+01
   4.7197300e+05   2.3498535e+01
   4.7666100e+05   2.0019531e+01
   4.8314300e+05   2.8686523e+01
   4.8412400e+05   2.1911621e+01
   4.8499200e+05   2.1728516e+01
   4.8597800e+05   1.9897461e+01
   4.8702500e+05   2.4047852e+01
   4.8891800e+05   2.0202637e+01
   4.8931300e+05   2.5024414e+01
   4.8977300e+05   2.1301270e+01
   5.6422000e+05   2.0080566e+01
   6.1084400e+05   2.5573730e+01
   6.1087200e+05   2.0507812e+01
   6.1092600e+05   2.5512695e+01
   6.1093700e+05   1.9348145e+01
   6.1095400e+05   3.1250000e+01
   6.1097900e+05   3.4240723e+01
   6.1099900e+05   1.8798828e+01
   6.1102400e+05   5.2368164e+01
   6.1104500e+05   2.7465820e+01
   6.1107100e+05   2.3193359e+01
   6.1108800e+05   3.3813477e+01
   6.1111400e+05   1.8615723e+01
   6.1113900e+05   3.3569336e+01
   6.1119300e+05   3.2714844e+01
   6.1121900e+05   2.9296875e+01
   6.1124400e+05   2.4780273e+01
   6.1127700e+05   2.5024414e+01
   6.1130700e+05   2.4169922e+01
   6.1133500e+05   1.8493652e+01
   6.1136400e+05   3.4240723e+01
   6.1138900e+05   2.3010254e+01
   6.1141600e+05   2.3742676e+01
   6.1143500e+05   2.2827148e+01
   6.1145900e+05   2.1789551e+01
   6.1150400e+05   1.9409180e+01
   6.1151400e+05   2.1972656e+01
   6.1153500e+05   2.3193359e+01
   6.1156900e+05   2.8564453e+01
   6.1160600e+05   2.9296875e+01
   6.1164000e+05   2.8503418e+01
   6.1166600e+05   2.4719238e+01
   6.1169700e+05   2.1911621e+01
   6.1173800e+05   2.4291992e+01
   6.1179900e+05   2.5085449e+01
   6.1184200e+05   1.8676758e+01
   6.1186000e+05   2.2277832e+01
   6.1188600e+05   2.0690918e+01
   6.1192700e+05   2.1423340e+01
   6.1197800e+05   2.5451660e+01
   6.1200100e+05   1.9775391e+01
   6.1205300e+05   1.8432617e+01
   6.1207300e+05   1.9775391e+01
   6.1212500e+05   2.5634766e+01
   6.1217700e+05   2.1057129e+01
   6.1222200e+05   2.1240234e+01
   6.1224500e+05   1.9226074e+01
   6.1240900e+05   1.8798828e+01
   6.1250600e+05   3.1127930e+01
   6.1258600e+05   2.1789551e+01
   6.1267100e+05   2.6428223e+01
   6.1279800e+05   3.1127930e+01
   6.1298300e+05   2.0080566e+01
   6.1328600e+05   1.8859863e+01
   6.1745000e+05   2.7526855e+01
   6.1782800e+05   2.0690918e+01
   6.1848800e+05   2.0080566e+01
   6.1886100e+05   2.0507812e+01
   6.1933800e+05   2.3315430e+01
   6.1966500e+05   2.6123047e+01
   6.2288000e+05   2.5207520e+01
   6.2348500e+05   1.8676758e+01
   6.2548400e+05   2.3864746e+01
   6.2831200e+05   2.5085449e+01
   6.3021200e+05   2.4169922e+01
   6.3372700e+05   1.9653320e+01
   6.3823000e+05   2.2644043e+01
   6.4206400e+05   2.5512695e+01
   6.4617600e+05   1.9287109e+01
   6.5105600e+05   1.9470215e+01
   6.6003600e+05   2.6306152e+01
   7.4755000e+05   1.8432617e+01
   7.4760400e+05   1.9287109e+01
   7.4762200e+05   2.0874023e+01
   7.4769000e+05   2.4414063e+01
   7.4773100e+05   1.9531250e+01
   7.4774800e+05   3.7963867e+01
   7.4776300e+05   2.6000977e+01
   7.4778600e+05   2.5939941e+01
   7.4780900e+05   2.7954102e+01
   7.4783700e+05   5.5358887e+01
   7.4784800e+05   2.6550293e+01
   7.4786900e+05   3.3874512e+01
   7.4789400e+05   3.7048340e+01
   7.4791600e+05   2.5695801e+01
   7.4794900e+05   3.3386230e+01
   7.4798200e+05   2.9357910e+01
   7.4800300e+05   3.0151367e+01
   7.4802900e+05   2.6000977e+01
   7.4805700e+05   2.7587891e+01
   7.4808500e+05   2.9663086e+01
   7.4811100e+05   2.4658203e+01
   7.4812500e+05   2.2460938e+01
   7.4814100e+05   2.4047852e+01
   7.4816900e+05   2.5817871e+01
   7.4819600e+05   4.2480469e+01
   7.4822200e+05   2.0935059e+01
   7.4825300e+05   2.5085449e+01
   7.4829300e+05   2.0263672e+01
   7.4834700e+05   1.9226074e+01
   7.4836000e+05   3.2531738e+01
   7.4837900e+05   2.4780273e+01
   7.4840100e+05   1.9531250e+01
   7.4841600e+05   1.8737793e+01
   7.4844900e+05   2.7221680e+01
   7.4849000e+05   1.9836426e+01
   7.4850800e+05   2.3071289e+01
   7.4853300e+05   2.3498535e+01
   7.4858000e+05   3.4729004e+01
   7.4859700e+05   1.9470215e+01
   7.4863200e+05   2.2583008e+01
   7.4868500e+05   2.6855469e+01
   7.4873800e+05   3.3996582e+01
   7.4881000e+05   2.8198242e+01
   7.4885100e+05   2.0385742e+01
   7.4890800e+05   2.2521973e+01
   7.4892000e+05   1.9348145e+01
   7.4897600e+05   2.2583008e+01
   7.4903200e+05   1.8737793e+01
   7.4919800e+05   1.9836426e+01
   7.4929900e+05   1.9104004e+01
   7.4936600e+05   1.9226074e+01
   7.4944300e+05   1.9592285e+01
   7.4960100e+05   2.1911621e+01
   7.4962700e+05   2.3193359e+01
   7.4971900e+05   2.3498535e+01
   7.4981800e+05   1.9714355e+01
   7.5007800e+05   2.2216797e+01
   7.5029400e+05   1.9775391e+01
   7.5297400e+05   2.6123047e+01
   7.5387500e+05   1.8615723e+01
   7.5454800e+05   2.0996094e+01
   7.5556400e+05   1.9714355e+01
   7.5614300e+05   2.2155762e+01
   7.5891100e+05   1.9226074e+01
   7.6056700e+05   1.9470215e+01
   7.6183000e+05   2.0446777e+01
   7.6338800e+05   2.3071289e+01
   7.6578600e+05   1.8615723e+01
   7.6780800e+05   2.1789551e+01
   7.6950400e+05   1.8432617e+01
   7.7263500e+05   2.3620605e+01
   7.7566600e+05   1.9531250e+01
   7.7857200e+05   2.0874023e+01
   7.8320800e+05   2.1911621e+01
   7.8501600e+05   2.2827148e+01
   7.9493900e+05   2.3559570e+01
   8.1080200e+05   2.1423340e+01
   8.1118700e+05   2.2338867e+01
   8.1120900e+05   1.9409180e+01
   8.1126400e+05   2.1972656e+01
   8.1127700e+05   2.7526855e+01
   8.1131400e+05   4.2541504e+01
   8.1134600e+05   2.7587891e+01
   8.1135800e+05   3.9611816e+01
   8.1138300e+05   3.3752441e+01
   8.1141400e+05   3.6499023e+01
   8.1145100e+05   2.8747559e+01
   8.1147600e+05   2.5817871e+01
   8.1150500e+05   2.0263672e+01
   8.1152900e+05   2.5024414e+01
   8.1155200e+05   2.8930664e+01
   8.1157700e+05   1.8859863e+01
   8.1160600e+05   2.1667480e+01
   8.1163700e+05   1.8432617e+01
   8.1167300e+05   2.9357910e+01
   8.1170500e+05   2.5390625e+01
   8.1172900e+05   2.4902344e+01
   8.1174500e+05   2.0263672e+01
   8.1178600e+05   2.9846191e+01
   8.1182500e+05   1.8981934e+01
   8.1185200e+05   1.9165039e+01
   8.1190100e+05   1.8432617e+01
   8.1194900e+05   2.0935059e+01
   8.1197100e+05   2.0141602e+01
   8.1204500e+05   2.5024414e+01
   8.1211000e+05   1.9165039e+01
   8.1214900e+05   2.8686523e+01
   8.1217100e+05   1.8737793e+01
   8.1220700e+05   2.0568848e+01
   8.1225200e+05   2.5207520e+01
   8.1226800e+05   1.8615723e+01
   8.1230000e+05   2.4536133e+01
   8.1231400e+05   1.8554688e+01
   8.1237400e+05   1.8981934e+01
   8.1241200e+05   2.6062012e+01
   8.1247000e+05   2.6306152e+01
   8.1253900e+05   2.4353027e+01
   8.1261500e+05   2.2827148e+01
   8.1268600e+05   1.9897461e+01
   8.1276800e+05   2.2094727e+01
   8.1285900e+05   2.7648926e+01
   8.1293800e+05   2.9113770e+01
   8.1299000e+05   2.3925781e+01
   8.1308900e+05   2.9724121e+01
   8.1317900e+05   2.1667480e+01
   8.1326900e+05   2.2583008e+01
   8.1791700e+05   2.1667480e+01
   8.2221500e+05   2.1057129e+01
   8.2497300e+05   2.1118164e+01
   8.2704600e+05   2.0019531e+01
   8.2785000e+05   2.0935059e+01
   8.3027400e+05   2.1606445e+01
   8.3219800e+05   2.3559570e+01
   8.3457700e+05   1.9104004e+01
   8.4077700e+05   1.9104004e+01
   8.4421000e+05   1.9775391e+01
   8.4828200e+05   1.8859863e+01
   8.4834200e+05   1.8554688e+01
   8.4836600e+05   2.4658203e+01
   8.4839500e+05   2.7038574e+01
   8.4844200e+05   2.5634766e+01
   8.4847100e+05   4.9743652e+01
   8.4849700e+05   4.0649414e+01
   8.4851300e+05   2.6794434e+01
   8.4853400e+05   1.9470215e+01
   8.4854700e+05   2.1728516e+01
   8.4856300e+05   2.7893066e+01
   8.4858200e+05   2.4047852e+01
   8.4859900e+05   3.2897949e+01
   8.4862200e+05   3.7841797e+01
   8.4864800e+05   2.7038574e+01
   8.4866600e+05   2.4475098e+01
   8.4868300e+05   2.8442383e+01
   8.4871400e+05   2.6977539e+01
   8.4874000e+05   3.3203125e+01
   8.4876900e+05   3.1250000e+01
   8.4879500e+05   2.2460938e+01
   8.4882100e+05   2.2521973e+01
   8.4884500e+05   2.4536133e+01
   8.4887700e+05   2.0446777e+01
   8.4894200e+05   2.9541016e+01
   8.4897700e+05   2.7526855e+01
   8.4899700e+05   2.3803711e+01
   8.4901200e+05   1.8432617e+01
   8.4903700e+05   2.1118164e+01
   8.4905300e+05   2.1057129e+01
   8.4907800e+05   2.3315430e+01
   8.4910700e+05   1.9897461e+01
   8.4916600e+05   2.3681641e+01
   8.4918000e+05   2.0324707e+01
   8.4921700e+05   1.9653320e+01
   8.4923200e+05   2.0996094e+01
   8.4926100e+05   2.0935059e+01
   8.4927900e+05   1.8554688e+01
   8.4929200e+05   1.9836426e+01
   8.4933600e+05   2.5329590e+01
   8.4934600e+05   3.3142090e+01
   8.4938500e+05   2.8747559e+01
   8.4941600e+05   2.1972656e+01
   8.4946200e+05   3.4912109e+01
   8.4950300e+05   2.3620605e+01
   8.4954700e+05   1.9409180e+01
   8.4959300e+05   2.3376465e+01
   8.4965400e+05   3.1188965e+01
   8.4970500e+05   2.3681641e+01
   8.4977400e+05   2.6428223e+01
   8.4983600e+05   2.3681641e+01
   8.4990300e+05   1.8493652e+01
   8.4993900e+05   1.8737793e+01
   8.4999500e+05   2.1972656e+01
   8.5014000e+05   2.1301270e+01
   8.5022600e+05   2.3010254e+01
   8.5026300e+05   1.8737793e+01
   8.5038700e+05   1.8493652e+01
   8.5040600e+05   2.3681641e+01
   8.5056500e+05   1.9409180e+01
   8.5101000e+05   1.9592285e+01
   8.5164700e+05   2.3864746e+01
   8.5179800e+05   2.2033691e+01
   8.5206700e+05   1.8859863e+01
   8.5355500e+05   2.2888184e+01
   8.5389900e+05   1.9775391e+01
   8.5414700e+05   1.8920898e+01
   8.5586700e+05   2.2338867e+01
   8.5617900e+05   2.0996094e+01
   8.5639200e+05   2.2460938e+01
   8.5733100e+05   2.2033691e+01
   8.5935800e+05   2.4780273e+01
   8.6464000e+05   2.2705078e+01
   8.6645800e+05   2.0019531e+01
   8.6884000e+05   2.3864746e+01
   8.6934700e+05   2.2094727e+01
   8.7350800e+05   2.1484375e+01
   8.7756100e+05   2.2155762e+01
   8.8765900e+05   1.9958496e+01
   8.9343500e+05   2.2644043e+01
   9.3883700e+05   2.0935059e+01
   1.0460620e+06   1.9165039e+01
   1.0623690e+06   2.1667480e+01
   1.0624270e+06   1.8920898e+01
   1.0624720e+06   2.3071289e+01
   1.0624920e+06   3.2409668e+01
   1.0625090e+06   2.9174805e+01
   1.0625260e+06   1.8615723e+01
   1.0625710e+06   2.0874023e+01
   1.0625900e+06   3.7292480e+01
   1.0626190e+06   2.7954102e+01
   1.0626350e+06   3.9123535e+01
   1.0626600e+06   3.2958984e+01
   1.0626920e+06   4.1381836e+01
   1.0627130e+06   2.1789551e+01
   1.0627240e+06   2.2827148e+01
   1.0627480e+06   3.3203125e+01
   1.0627750e+06   2.4597168e+01
   1.0627940e+06   1.9226074e+01
   1.0628280e+06   2.8808594e+01
   1.0628500e+06   2.4841309e+01
   1.0628600e+06   2.2216797e+01
   1.0628810e+06   3.4545898e+01
   1.0629130e+06   2.7221680e+01
   1.0629350e+06   2.1118164e+01
   1.0629540e+06   2.2888184e+01
   1.0629870e+06   2.9602051e+01
   1.0630210e+06   1.9042969e+01
   1.0630550e+06   1.9592285e+01
   1.0631030e+06   3.0395508e+01
   1.0631430e+06   3.2470703e+01
   1.0631730e+06   2.4841309e+01
   1.0631940e+06   2.1545410e+01
   1.0632140e+06   2.4719238e+01
   1.0632380e+06   2.6489258e+01
   1.0632790e+06   2.4780273e+01
   1.0633170e+06   3.1982422e+01
   1.0633490e+06   2.0751953e+01
   1.0633760e+06   2.5695801e+01
   1.0634140e+06   2.2705078e+01
   1.0634550e+06   2.1179199e+01
   1.0634790e+06   3.1127930e+01
   1.0635280e+06   2.6184082e+01
   1.0636280e+06   2.3864746e+01
   1.0637210e+06   2.6245117e+01
   1.0639500e+06   2.7587891e+01
   1.0640360e+06   2.2766113e+01
   1.0640610e+06   1.9409180e+01
   1.0640860e+06   2.0446777e+01
   1.0643000e+06   1.8676758e+01
   1.0643750e+06   1.9653320e+01
   1.0645190e+06   2.6000977e+01
   1.0648600e+06   2.0324707e+01
   1.0685270e+06   2.0507812e+01
   1.0703650e+06   2.2155762e+01
   1.0758060e+06   2.3254395e+01
   1.0773840e+06   2.9724121e+01
   1.0802740e+06   2.2583008e+01
   1.0886430e+06   2.4108887e+01
   1.1038840e+06   2.5451660e+01
   1.2096860e+06   1.9165039e+01
   1.2244810e+06   1.9714355e+01
   1.2245430e+06   2.2277832e+01
   1.2245670e+06   3.1433105e+01
   1.2246110e+06   2.3803711e+01
   1.2246260e+06   2.3010254e+01
   1.2246480e+06   2.3986816e+01
   1.2246760e+06   4.6569824e+01
   1.2246900e+06   2.1240234e+01
   1.2247200e+06   2.5573730e+01
   1.2247340e+06   3.9916992e+01
   1.2247580e+06   2.5268555e+01
   1.2247710e+06   2.6000977e+01
   1.2247910e+06   2.6733398e+01
   1.2248160e+06   3.4545898e+01
   1.2248410e+06   2.8076172e+01
   1.2248660e+06   2.5695801e+01
   1.2248880e+06   2.6123047e+01
   1.2249090e+06   2.9357910e+01
   1.2249380e+06   3.6254883e+01
   1.2249620e+06   2.0874023e+01
   1.2249890e+06   2.1057129e+01
   1.2250030e+06   1.8554688e+01
   1.2250250e+06   2.6306152e+01
   1.2250550e+06   2.7221680e+01
   1.2250830e+06   2.8869629e+01
   1.2250970e+06   2.0507812e+01
   1.2251160e+06   2.0324707e+01
   1.2251550e+06   2.3071289e+01
   1.2251810e+06   2.1667480e+01
   1.2252350e+06   2.0629883e+01
   1.2252730e+06   1.8615723e+01
   1.2252970e+06   2.3071289e+01
   1.2253280e+06   1.9104004e+01
   1.2253390e+06   2.6367188e+01
   1.2253620e+06   1.9409180e+01
   1.2254000e+06   2.0690918e+01
   1.2254380e+06   2.3742676e+01
   1.2254830e+06   2.0690918e+01
   1.2255310e+06   1.9714355e+01
   1.2256020e+06   2.4414062e+01
   1.2256330e+06   1.9409180e+01
   1.2256780e+06   2.0996094e+01
   1.2257200e+06   2.1911621e+01
   1.2257720e+06   1.9042969e+01
   1.2257940e+06   2.3803711e+01
   1.2258320e+06   2.3742676e+01
   1.2258890e+06   2.2644043e+01
   1.2259330e+06   2.0507812e+01
   1.2261000e+06   2.4291992e+01
   1.2262340e+06   2.3620605e+01
   1.2263000e+06   2.1362305e+01
   1.2263660e+06   3.0456543e+01
   1.2264640e+06   1.9470215e+01
   1.2265930e+06   2.2888184e+01
   1.2279940e+06   2.1362305e+01
   1.2300540e+06   2.3376465e+01
   1.2368720e+06   2.0568848e+01
   1.2376040e+06   2.3620605e+01
   1.2422950e+06   1.9836426e+01
   1.2451940e+06   2.2094727e+01
   1.2512500e+06   2.2216797e+01
   1.2550460e+06   1.8554688e+01
   1.2571100e+06   2.0568848e+01
   1.2634400e+06   2.2338867e+01
   1.2817340e+06   2.2888184e+01
   1.3108390e+06   2.0263672e+01
   1.3576300e+06   1.9348145e+01
   1.3576830e+06   1.9226074e+01
   1.3577340e+06   1.8737793e+01
   1.3580080e+06   2.0141602e+01
   1.3580190e+06   3.0578613e+01
   1.3580430e+06   2.1850586e+01
   1.3580690e+06   3.9611816e+01
   1.3580860e+06   3.3020020e+01
   1.3581270e+06   2.7160645e+01
   1.3581500e+06   4.2907715e+01
   1.3581620e+06   2.7770996e+01
   1.3581850e+06   3.0334473e+01
   1.3582080e+06   4.1992187e+01
   1.3582370e+06   2.8686523e+01
   1.3582600e+06   1.8615723e+01
   1.3582860e+06   2.5756836e+01
   1.3582990e+06   2.7221680e+01
   1.3583110e+06   2.0690918e+01
   1.3583330e+06   2.7526855e+01
   1.3583690e+06   3.4301758e+01
   1.3583980e+06   3.9855957e+01
   1.3584270e+06   4.4311523e+01
   1.3584700e+06   3.3752441e+01
   1.3584860e+06   2.0019531e+01
   1.3585120e+06   2.9968262e+01
   1.3585490e+06   2.4963379e+01
   1.3585750e+06   1.9042969e+01
   1.3586010e+06   1.8615723e+01
   1.3586190e+06   2.4963379e+01
   1.3586540e+06   2.2094727e+01
   1.3586950e+06   3.1311035e+01
   1.3587110e+06   2.6245117e+01
   1.3587340e+06   1.9470215e+01
   1.3587580e+06   1.9409180e+01
   1.3587790e+06   2.0080566e+01
   1.3588150e+06   2.8259277e+01
   1.3588510e+06   2.2460938e+01
   1.3588890e+06   2.5695801e+01
   1.3589330e+06   2.6489258e+01
   1.3589810e+06   2.7893066e+01
   1.3590420e+06   2.2827148e+01
   1.3590920e+06   1.8859863e+01
   1.3591020e+06   2.6367188e+01
   1.3591520e+06   3.5034180e+01
   1.3591650e+06   1.8798828e+01
   1.3591850e+06   1.8737793e+01
   1.3592280e+06   2.3681641e+01
   1.3592900e+06   1.8615723e+01
   1.3593640e+06   2.1545410e+01
   1.3595770e+06   2.4291992e+01
   1.3596730e+06   2.0080566e+01
   1.3597450e+06   1.8798828e+01
   1.3598590e+06   1.9042969e+01
   1.3599840e+06   2.0996094e+01
   1.3600260e+06   1.8859863e+01
   1.3601510e+06   1.9470215e+01
   1.3601780e+06   1.9592285e+01
   1.3706880e+06   2.0996094e+01
   1.3713720e+06   2.0629883e+01
   1.3767940e+06   2.5024414e+01
   1.3796670e+06   2.2583008e+01
   1.3843030e+06   2.2033691e+01
   1.3881420e+06   2.6000977e+01
   1.3976420e+06   2.3376465e+01
   1.4074360e+06   2.2583008e+01
   1.4281640e+06   2.0080566e+01
   1.5100680e+06   2.3132324e+01
   1.5101520e+06   3.3020020e+01
   1.5102100e+06   2.8930664e+01
   1.5102300e+06   2.1545410e+01
   1.5102670e+06   4.5898438e+01
   1.5103010e+06   4.3884277e+01
   1.5103280e+06   3.4912109e+01
   1.5103510e+06   4.0649414e+01
   1.5103610e+06   2.3681641e+01
   1.5103890e+06   2.8564453e+01
   1.5104110e+06   2.5085449e+01
   1.5104290e+06   2.2521973e+01
   1.5104440e+06   1.8859863e+01
   1.5104640e+06   4.3823242e+01
   1.5104880e+06   4.1564941e+01
   1.5105130e+06   1.9592285e+01
   1.5105360e+06   3.2653809e+01
   1.5105640e+06   2.3803711e+01
   1.5105840e+06   2.3864746e+01
   1.5105960e+06   2.0751953e+01
   1.5106240e+06   2.3864746e+01
   1.5106550e+06   2.9296875e+01
   1.5106830e+06   2.4597168e+01
   1.5107240e+06   2.9785156e+01
   1.5107430e+06   1.9470215e+01
   1.5107620e+06   2.1423340e+01
   1.5107770e+06   1.9042969e+01
   1.5108170e+06   1.8981934e+01
   1.5108350e+06   1.9592285e+01
   1.5108600e+06   2.4963379e+01
   1.5109200e+06   2.0629883e+01
   1.5109300e+06   2.2216797e+01
   1.5110180e+06   2.0751953e+01
   1.5110880e+06   2.7099609e+01
   1.5111150e+06   2.5085449e+01
   1.5111490e+06   1.8493652e+01
   1.5112090e+06   2.5939941e+01
   1.5112580e+06   2.3681641e+01
   1.5112880e+06   2.0874023e+01
   1.5113170e+06   2.6000977e+01
   1.5113620e+06   2.3864746e+01
   1.5113800e+06   1.8554688e+01
   1.5114060e+06   2.9663086e+01
   1.5114610e+06   1.9653320e+01
   1.5115540e+06   1.8676758e+01
   1.5115840e+06   1.9226074e+01
   1.5116500e+06   1.9470215e+01
   1.5116800e+06   2.1362305e+01
   1.5118170e+06   2.1057129e+01
   1.5118800e+06   1.8554688e+01
   1.5119800e+06   2.3742676e+01
   1.5120630e+06   2.4475098e+01
   1.5121240e+06   1.9592285e+01
   1.5122950e+06   1.9653320e+01
   1.5124030e+06   2.5817871e+01
   1.5218560e+06   1.8737793e+01
   1.5229970e+06   1.9042969e+01
   1.5235390e+06   1.9042969e+01
   1.5273480e+06   2.2949219e+01
   1.5281500e+06   2.1362305e+01
   1.5342170e+06   2.1057129e+01
   1.5396360e+06   2.5024414e+01
   1.5444530e+06   1.9592285e+01
   1.5578430e+06   3.1738281e+01
   1.5578650e+06   2.9907227e+01
   1.5578810e+06   3.2409668e+01
   1.5578990e+06   5.0231934e+01
   1.5579190e+06   2.1362305e+01
   1.5579390e+06   4.0527344e+01
   1.5579640e+06   3.5095215e+01
   1.5579860e+06   2.1240234e+01
   1.5580110e+06   2.1118164e+01
   1.5580320e+06   3.5156250e+01
   1.5580470e+06   1.9409180e+01
   1.5580580e+06   4.3518066e+01
   1.5580860e+06   2.0629883e+01
   1.5581070e+06   2.3498535e+01
   1.5581360e+06   2.5939941e+01
   1.5581610e+06   2.1545410e+01
   1.5581880e+06   2.5024414e+01
   1.5582020e+06   2.1057129e+01
   1.5582190e+06   2.0080566e+01
   1.5582470e+06   2.8198242e+01
   1.5582740e+06   2.0568848e+01
   1.5583060e+06   2.9541016e+01
   1.5583330e+06   2.5329590e+01
   1.5583620e+06   2.1423340e+01
   1.5583920e+06   2.2705078e+01
   1.5584150e+06   2.1667480e+01
   1.5584270e+06   1.9836426e+01
   1.5584560e+06   1.9653320e+01
   1.5584980e+06   1.8859863e+01
   1.5585330e+06   3.4240723e+01
   1.5585430e+06   2.1362305e+01
   1.5585820e+06   3.1372070e+01
   1.5586160e+06   2.6245117e+01
   1.5586860e+06   2.1057129e+01
   1.5587130e+06   1.9775391e+01
   1.5587940e+06   2.3437500e+01
   1.5588480e+06   2.3315430e+01
   1.5588850e+06   2.2949219e+01
   1.5589060e+06   1.9042969e+01
   1.5589310e+06   2.2827148e+01
   1.5589910e+06   2.3803711e+01
   1.5590360e+06   2.8564453e+01
   1.5591460e+06   2.0751953e+01
   1.5591810e+06   2.3925781e+01
   1.5592380e+06   3.0029297e+01
   1.5593170e+06   2.6794434e+01
   1.5594080e+06   2.4353027e+01
   1.5594210e+06   2.0874023e+01
   1.5596000e+06   1.9897461e+01
   1.5596240e+06   2.0935059e+01
   1.5596790e+06   1.8432617e+01
   1.5598690e+06   1.9104004e+01
   1.5598940e+06   1.8493652e+01
   1.5600990e+06   2.3315430e+01
   1.5622470e+06   2.7526855e+01
   1.5636870e+06   2.0202637e+01
   1.5655270e+06   1.9653320e+01
   1.5663160e+06   2.0507812e+01
   1.5700920e+06   2.2583008e+01
   1.5719830e+06   2.1545410e+01
   1.5740360e+06   2.5695801e+01
   1.5772480e+06   1.9836426e+01
   1.5811630e+06   2.0751953e+01
   1.5848740e+06   2.3193359e+01
   1.5856930e+06   1.8859863e+01
   1.5920250e+06   2.1484375e+01
   1.5936600e+06   2.2277832e+01
   1.6028990e+06   1.9531250e+01
   1.6261110e+06   2.0324707e+01
   1.6271580e+06   2.4841309e+01
   1.6630380e+06   2.2705078e+01
   1.7064650e+06   2.1118164e+01
   1.7064910e+06   2.9052734e+01
   1.7065240e+06   3.4118652e+01
   1.7065340e+06   3.8146973e+01
   1.7065700e+06   2.8869629e+01
   1.7065960e+06   3.1738281e+01
   1.7066100e+06   3.3569336e+01
   1.7066460e+06   2.6611328e+01
   1.7066740e+06   3.1066895e+01
   1.7067010e+06   3.8879395e+01
   1.7067230e+06   4.2663574e+01
   1.7067480e+06   3.3752441e+01
   1.7067780e+06   2.0568848e+01
   1.7068060e+06   3.2348633e+01
   1.7068310e+06   2.0141602e+01
   1.7068610e+06   2.7526855e+01
   1.7068870e+06   2.0385742e+01
   1.7069250e+06   3.2348633e+01
   1.7069610e+06   2.0996094e+01
   1.7070020e+06   2.0324707e+01
   1.7070550e+06   2.5634766e+01
   1.7070790e+06   2.2277832e+01
   1.7071160e+06   2.3315430e+01
   1.7071460e+06   1.9226074e+01
   1.7071730e+06   2.3437500e+01
   1.7072190e+06   3.5095215e+01
   1.7072790e+06   2.3376465e+01
   1.7073430e+06   3.2165527e+01
   1.7073910e+06   2.1789551e+01
   1.7074430e+06   1.8615723e+01
   1.7074580e+06   2.1606445e+01
   1.7075150e+06   2.5512695e+01
   1.7075820e+06   2.1606445e+01
   1.7076050e+06   2.2888184e+01
   1.7076400e+06   2.1972656e+01
   1.7076740e+06   1.9104004e+01
   1.7079270e+06   2.6916504e+01
   1.7081370e+06   1.9104004e+01
   1.7081690e+06   2.0812988e+01
   1.7082560e+06   2.2399902e+01
   1.7085220e+06   2.1545410e+01
   1.7086330e+06   2.3132324e+01
   1.7142870e+06   1.8859863e+01
   1.7185070e+06   2.5451660e+01
   1.7204190e+06   2.0446777e+01
   1.7227960e+06   2.1240234e+01
   1.7228240e+06   2.4353027e+01
   1.7228400e+06   4.6813965e+01
   1.7228590e+06   3.3630371e+01
   1.7228940e+06   3.0944824e+01
   1.7229090e+06   2.9235840e+01
   1.7229350e+06   2.9296875e+01
   1.7229550e+06   3.1494141e+01
   1.7229730e+06   4.1320801e+01
   1.7230040e+06   4.3273926e+01
   1.7230290e+06   3.2592773e+01
   1.7230550e+06   4.6264648e+01
   1.7230790e+06   2.1118164e+01
   1.7231050e+06   4.0039062e+01
   1.7231310e+06   1.8676758e+01
   1.7231440e+06   2.2033691e+01
   1.7231880e+06   2.1850586e+01
   1.7232160e+06   2.8747559e+01
   1.7232390e+06   1.9470215e+01
   1.7232710e+06   2.4169922e+01
   1.7232930e+06   2.1484375e+01
   1.7233290e+06   3.1372070e+01
   1.7233600e+06   1.8981934e+01
   1.7233960e+06   2.1606445e+01
   1.7234060e+06   2.1484375e+01
   1.7234310e+06   2.1545410e+01
   1.7234420e+06   1.9470215e+01
   1.7234700e+06   1.9226074e+01
   1.7234870e+06   2.6611328e+01
   1.7235080e+06   2.2644043e+01
   1.7236020e+06   2.8076172e+01
   1.7236650e+06   2.7770996e+01
   1.7237080e+06   2.3254395e+01
   1.7237220e+06   2.0263672e+01
   1.7237560e+06   2.2094727e+01
   1.7238430e+06   2.6489258e+01
   1.7238860e+06   1.9226074e+01
   1.7239260e+06   2.7343750e+01
   1.7239640e+06   1.8920898e+01
   1.7239970e+06   2.1301270e+01
   1.7240310e+06   2.9235840e+01
   1.7240900e+06   2.1850586e+01
   1.7241020e+06   2.3193359e+01
   1.7241510e+06   2.6245117e+01
   1.7241910e+06   2.4902344e+01
   1.7242570e+06   2.8747559e+01
   1.7243290e+06   3.8879395e+01
   1.7243980e+06   2.0996094e+01
   1.7245480e+06   1.9226074e+01
   1.7247350e+06   2.1179199e+01
   1.7248810e+06   1.9409180e+01
   1.7252480e+06   2.0874023e+01
   1.7252950e+06   2.1789551e+01
   1.7259250e+06   2.2094727e+01
   1.7260710e+06   2.0812988e+01
   1.7268650e+06   2.0812988e+01
   1.7300680e+06   2.6123047e+01
   1.7303570e+06   2.0019531e+01
   1.7352430e+06   2.0141602e+01
   1.7364150e+06   1.8920898e+01
   1.7364740e+06   1.9104004e+01
   1.7364910e+06   2.0507812e+01
   1.7365230e+06   2.6794434e+01
   1.7365430e+06   2.5146484e+01
   1.7365700e+06   2.5878906e+01
   1.7366070e+06   4.2358398e+01
   1.7366220e+06   2.1545410e+01
   1.7366320e+06   1.9226074e+01
   1.7366600e+06   2.4353027e+01
   1.7366860e+06   3.0883789e+01
   1.7367180e+06   2.9113770e+01
   1.7367330e+06   2.1667480e+01
   1.7367570e+06   2.4475098e+01
   1.7367790e+06   2.0507812e+01
   1.7368200e+06   2.2155762e+01
   1.7368350e+06   2.3742676e+01
   1.7368620e+06   2.1240234e+01
   1.7368940e+06   2.7282715e+01
   1.7369220e+06   3.5217285e+01
   1.7369470e+06   2.5817871e+01
   1.7369770e+06   1.9836426e+01
   1.7370080e+06   2.1911621e+01
   1.7370750e+06   3.9123535e+01
   1.7371100e+06   2.7526855e+01
   1.7371370e+06   2.5146484e+01
   1.7371720e+06   2.5817871e+01
   1.7371870e+06   2.0996094e+01
   1.7372310e+06   2.1789551e+01
   1.7372700e+06   2.0690918e+01
   1.7373030e+06   3.5583496e+01
   1.7373450e+06   2.6306152e+01
   1.7373870e+06   2.3437500e+01
   1.7374180e+06   2.0446777e+01
   1.7374840e+06   2.1728516e+01
   1.7375450e+06   2.0263672e+01
   1.7375890e+06   2.4230957e+01
   1.7376260e+06   1.9042969e+01
   1.7376950e+06   2.2399902e+01
   1.7377650e+06   2.6123047e+01
   1.7378520e+06   2.1850586e+01
   1.7379720e+06   2.5634766e+01
   1.7380620e+06   1.9531250e+01
   1.7381400e+06   2.9785156e+01
   1.7382360e+06   2.2521973e+01
   1.7383200e+06   2.0629883e+01
   1.7384420e+06   2.2033691e+01
   1.7399470e+06   2.2033691e+01
   1.7468330e+06   1.9714355e+01
   1.7494720e+06   2.4536133e+01
   1.7519950e+06   1.9592285e+01
   1.7562540e+06   2.2705078e+01
   1.7603620e+06   1.8493652e+01
   1.7609760e+06   2.0751953e+01
   1.7663240e+06   1.9226074e+01
   1.7964340e+06   1.8981934e+01
   1.7964820e+06   3.1860352e+01
   1.7965040e+06   5.9265137e+01
   1.7965140e+06   2.4414062e+01
   1.7965290e+06   2.8442383e+01
   1.7965400e+06   3.8330078e+01
   1.7965560e+06   4.2968750e+01
   1.7965680e+06   2.0263672e+01
   1.7965840e+06   2.5024414e+01
   1.7966100e+06   4.0222168e+01
   1.7966350e+06   3.9855957e+01
   1.7966650e+06   2.3376465e+01
   1.7966880e+06   2.1606445e+01
   1.7966980e+06   1.8798828e+01
   1.7967090e+06   2.4963379e+01
   1.7967340e+06   2.7648926e+01
   1.7967620e+06   3.3508301e+01
   1.7967760e+06   1.9836426e+01
   1.7967910e+06   2.4597168e+01
   1.7968170e+06   2.5634766e+01
   1.7968450e+06   2.2399902e+01
   1.7968750e+06   2.5756836e+01
   1.7969040e+06   3.0273438e+01
   1.7969380e+06   2.5939941e+01
   1.7969680e+06   1.9836426e+01
   1.7969970e+06   2.5512695e+01
   1.7970310e+06   2.0568848e+01
   1.7970610e+06   2.7587891e+01
   1.7970900e+06   3.1921387e+01
   1.7971110e+06   2.0690918e+01
   1.7971330e+06   1.8920898e+01
   1.7971550e+06   2.5634766e+01
   1.7971900e+06   2.4902344e+01
   1.7972460e+06   2.1179199e+01
   1.7973170e+06   1.9409180e+01
   1.7973420e+06   3.5766602e+01
   1.7974040e+06   2.0019531e+01
   1.7974620e+06   2.3376465e+01
   1.7975450e+06   2.9418945e+01
   1.7976020e+06   2.3010254e+01
   1.7977010e+06   2.0507812e+01
   1.7977790e+06   2.2827148e+01
   1.7978520e+06   2.0019531e+01
   1.7979120e+06   2.9479980e+01
   1.7979360e+06   2.0263672e+01
   1.7980170e+06   1.8981934e+01
   1.7980350e+06   1.9653320e+01
   1.7981660e+06   3.1982422e+01
   1.7982610e+06   2.4902344e+01
   1.7984740e+06   2.2766113e+01
   1.7986780e+06   2.1606445e+01
   1.8017610e+06   2.0446777e+01
   1.8032020e+06   2.3132324e+01
   1.8037700e+06   2.5817871e+01
   1.8169820e+06   2.2033691e+01
   1.8307870e+06   2.2033691e+01
   1.8308230e+06   3.4362793e+01
   1.8308380e+06   2.5878906e+01
   1.8308480e+06   3.5583496e+01
   1.8308720e+06   3.2531738e+01
   1.8308830e+06   2.7587891e+01
   1.8309040e+06   4.1381836e+01
   1.8309250e+06   3.0944824e+01
   1.8309360e+06   2.0568848e+01
   1.8309590e+06   2.5573730e+01
   1.8309800e+06   2.1789551e+01
   1.8309910e+06   2.3986816e+01
   1.8310080e+06   4.1198730e+01
   1.8310200e+06   2.5939941e+01
   1.8310380e+06   2.1423340e+01
   1.8310620e+06   2.7099609e+01
   1.8310850e+06   2.9907227e+01
   1.8311070e+06   3.0029297e+01
   1.8311300e+06   2.9357910e+01
   1.8311590e+06   2.2888184e+01
   1.8312010e+06   1.9104004e+01
   1.8312120e+06   2.2949219e+01
   1.8312460e+06   2.8198242e+01
   1.8312730e+06   2.3132324e+01
   1.8313010e+06   2.6611328e+01
   1.8313260e+06   2.9052734e+01
   1.8313570e+06   1.9775391e+01
   1.8314260e+06   2.3254395e+01
   1.8314580e+06   1.9470215e+01
   1.8314920e+06   2.4841309e+01
   1.8315250e+06   2.1667480e+01
   1.8315470e+06   1.9470215e+01
   1.8316060e+06   2.1728516e+01
   1.8316840e+06   1.9653320e+01
   1.8317120e+06   2.6184082e+01
   1.8317880e+06   1.9653320e+01
   1.8318080e+06   1.8798828e+01
   1.8318440e+06   2.4719238e+01
   1.8319550e+06   1.8981934e+01
   1.8320000e+06   2.0263672e+01
   1.8320380e+06   2.5878906e+01
   1.8321390e+06   2.0019531e+01
   1.8321710e+06   1.9165039e+01
   1.8321830e+06   1.8920898e+01
   1.8322190e+06   2.3925781e+01
   1.8323070e+06   2.0996094e+01
   1.8324620e+06   1.8920898e+01
   1.8324750e+06   1.9409180e+01
   1.8324960e+06   1.8981934e+01
   1.8325660e+06   2.3864746e+01
   1.8326350e+06   1.8554688e+01
   1.8327930e+06   1.8676758e+01
   1.8330400e+06   2.0996094e+01
   1.8332300e+06   2.1301270e+01
   1.8339340e+06   2.2949219e+01
   1.8340660e+06   2.6550293e+01
   1.8350240e+06   1.9775391e+01
   1.8363360e+06   1.9836426e+01
   1.8372880e+06   2.1057129e+01
   1.8382270e+06   2.3742676e+01
   1.8385070e+06   2.2338867e+01
   1.8391200e+06   2.4108887e+01
   1.8396160e+06   2.3681641e+01
   1.8463700e+06   1.9470215e+01
   1.8464000e+06   2.1118164e+01
   1.8464170e+06   2.1667480e+01
   1.8464430e+06   3.2348633e+01
   1.8464810e+06   2.3254395e+01
   1.8464980e+06   5.6518555e+01
   1.8465240e+06   3.0517578e+01
   1.8465380e+06   2.4902344e+01
   1.8465520e+06   4.8767090e+01
   1.8465730e+06   2.2338867e+01
   1.8466010e+06   2.6733398e+01
   1.8466250e+06   2.8686523e+01
   1.8466360e+06   2.5451660e+01
   1.8466680e+06   3.1127930e+01
   1.8466960e+06   2.4475098e+01
   1.8467340e+06   2.2094727e+01
   1.8467470e+06   2.5390625e+01
   1.8467750e+06   3.2958984e+01
   1.8468060e+06   3.1005859e+01
   1.8468410e+06   2.5695801e+01
   1.8468580e+06   2.2644043e+01
   1.8468870e+06   2.9602051e+01
   1.8469150e+06   3.3752441e+01
   1.8469430e+06   2.4719238e+01
   1.8469720e+06   2.5085449e+01
   1.8469840e+06   2.0629883e+01
   1.8470080e+06   2.0812988e+01
   1.8470830e+06   1.8615723e+01
   1.8471300e+06   1.9714355e+01
   1.8471490e+06   2.3315430e+01
   1.8471870e+06   2.1911621e+01
   1.8472180e+06   2.7221680e+01
   1.8472960e+06   1.9958496e+01
   1.8473140e+06   2.5878906e+01
   1.8473710e+06   2.0385742e+01
   1.8474110e+06   1.9836426e+01
   1.8474390e+06   2.2949219e+01
   1.8475220e+06   3.0700684e+01
   1.8475580e+06   1.8981934e+01
   1.8475760e+06   2.2827148e+01
   1.8477230e+06   2.0751953e+01
   1.8477400e+06   2.6123047e+01
   1.8477850e+06   1.8737793e+01
   1.8478640e+06   2.3254395e+01
   1.8479130e+06   1.9409180e+01
   1.8479700e+06   2.3437500e+01
   1.8480680e+06   2.2644043e+01
   1.8483480e+06   1.8554688e+01
   1.8493270e+06   1.9226074e+01
   1.8501770e+06   1.8493652e+01
   1.8508960e+06   1.9531250e+01
   1.8574950e+06   1.9348145e+01
   1.8584740e+06   1.9042969e+01
   1.8585000e+06   2.8686523e+01
   1.8585230e+06   2.9235840e+01
   1.8585550e+06   3.2348633e+01
   1.8585830e+06   3.9733887e+01
   1.8585930e+06   3.4057617e+01
   1.8586070e+06   2.2827148e+01
   1.8586330e+06   3.0334473e+01
   1.8586600e+06   2.0324707e+01
   1.8586780e+06   2.0568848e+01
   1.8587230e+06   2.0263672e+01
   1.8587460e+06   2.8564453e+01
   1.8587910e+06   3.4484863e+01
   1.8588190e+06   2.0935059e+01
   1.8588570e+06   2.1118164e+01
   1.8588870e+06   2.0874023e+01
   1.8589200e+06   2.4536133e+01
   1.8589450e+06   2.6184082e+01
   1.8589800e+06   2.0080566e+01
   1.8590170e+06   3.4179688e+01
   1.8590550e+06   2.1972656e+01
   1.8591040e+06   2.2644043e+01
   1.8591510e+06   2.4780273e+01
   1.8591950e+06   1.9470215e+01
   1.8592080e+06   2.6855469e+01
   1.8592300e+06   2.8198242e+01
   1.8592780e+06   2.5573730e+01
   1.8593120e+06   2.5085449e+01
   1.8593610e+06   2.1362305e+01
   1.8594410e+06   2.0751953e+01
   1.8595000e+06   2.1301270e+01
   1.8595100e+06   2.2888184e+01
   1.8595430e+06   1.9409180e+01
   1.8595910e+06   2.5146484e+01
   1.8597080e+06   2.0690918e+01
   1.8598240e+06   1.8981934e+01
   1.8599540e+06   2.3559570e+01
   1.8600890e+06   2.1484375e+01
   1.8602470e+06   1.8432617e+01
   1.8619630e+06   2.0629883e+01
   1.8693600e+06   2.0751953e+01
   1.8693810e+06   2.5451660e+01
   1.8694210e+06   2.2399902e+01
   1.8694350e+06   2.3925781e+01
   1.8694480e+06   2.9663086e+01
   1.8694740e+06   2.4169922e+01
   1.8695110e+06   1.9836426e+01
   1.8695220e+06   3.4179688e+01
   1.8695510e+06   2.1667480e+01
   1.8695610e+06   3.2287598e+01
   1.8695790e+06   2.4475098e+01
   1.8695980e+06   2.2216797e+01
   1.8696130e+06   2.6916504e+01
   1.8696250e+06   2.3559570e+01
   1.8696570e+06   1.9042969e+01
   1.8696750e+06   3.9123535e+01
   1.8696970e+06   1.9470215e+01
   1.8697220e+06   2.2949219e+01
   1.8697330e+06   2.0019531e+01
   1.8697680e+06   2.8076172e+01
   1.8697910e+06   1.9287109e+01
   1.8698230e+06   2.4414062e+01
   1.8698460e+06   3.1311035e+01
   1.8698860e+06   1.9836426e+01
   1.8699250e+06   2.5146484e+01
   1.8699610e+06   1.9165039e+01
   1.8699830e+06   1.8432617e+01
   1.8700080e+06   2.6977539e+01
   1.8700390e+06   2.1606445e+01
   1.8700870e+06   2.5634766e+01
   1.8701330e+06   3.4362793e+01
   1.8702310e+06   1.9470215e+01
   1.8702980e+06   2.2094727e+01
   1.8703570e+06   2.1484375e+01
   1.8704300e+06   2.4780273e+01
   1.8705140e+06   2.5573730e+01
   1.8706290e+06   2.0812988e+01
   1.8707290e+06   2.2949219e+01
   1.8709690e+06   2.6245117e+01
   1.8730840e+06   2.1728516e+01
   1.8788450e+06   1.8432617e+01
   1.8788790e+06   3.4545898e+01
   1.8789160e+06   1.9714355e+01
   1.8789440e+06   2.2949219e+01
   1.8789880e+06   1.9226074e+01
   1.8790090e+06   1.8981934e+01
   1.8790260e+06   2.1850586e+01
   1.8790630e+06   2.6123047e+01
   1.8790850e+06   2.6916504e+01
   1.8791000e+06   1.9287109e+01
   1.8791420e+06   2.0019531e+01
   1.8791640e+06   3.6071777e+01
   1.8791890e+06   1.9348145e+01
   1.8792070e+06   2.4108887e+01
   1.8792430e+06   4.2175293e+01
   1.8792670e+06   2.1484375e+01
   1.8792850e+06   1.9104004e+01
   1.8793210e+06   2.1362305e+01
   1.8793650e+06   2.8259277e+01
   1.8793970e+06   4.1320801e+01
   1.8794480e+06   2.0080566e+01
   1.8794870e+06   2.1972656e+01
   1.8795350e+06   2.6306152e+01
   1.8796040e+06   2.2583008e+01
   1.8796330e+06   2.1972656e+01
   1.8797020e+06   2.5207520e+01
   1.8797780e+06   2.0629883e+01
   1.8798750e+06   2.2705078e+01
   1.8799750e+06   2.7648926e+01
   1.8800810e+06   2.1057129e+01
   1.8801360e+06   2.2949219e+01
   1.8803700e+06   1.8859863e+01
   1.8809320e+06   2.3254395e+01
   2.3992290e+06   2.4597168e+01
   2.3992630e+06   1.8493652e+01
   2.3992980e+06   2.2277832e+01
   2.3993350e+06   1.9287109e+01
   2.3993610e+06   2.1606445e+01
   2.3993770e+06   2.7526855e+01
   2.3994080e+06   2.1545410e+01
   2.3994300e+06   3.2165527e+01
   2.3994560e+06   3.8818359e+01
   2.3994830e+06   3.4729004e+01
   2.3995090e+06   3.2287598e+01
   2.3995240e+06   2.9357910e+01
   2.3995430e+06   2.7038574e+01
   2.3995670e+06   2.5451660e+01
   2.3995930e+06   2.2583008e+01
   2.3996180e+06   2.0019531e+01
   2.3996470e+06   3.1677246e+01
   2.3996580e+06   2.2216797e+01
   2.3997070e+06   2.1789551e+01
   2.3997290e+06   3.4118652e+01
   2.3997620e+06   1.8676758e+01
   2.3997730e+06   3.3691406e+01
   2.3998060e+06   2.8137207e+01
   2.3998460e+06   2.3498535e+01
   2.3998780e+06   2.3071289e+01
   2.3999190e+06   1.8798828e+01
   2.3999450e+06   2.8320312e+01
   2.3999840e+06   2.1423340e+01
   2.4000030e+06   2.4536133e+01
   2.4000250e+06   2.5329590e+01
   2.4000810e+06   2.3010254e+01
   2.4001120e+06   2.5329590e+01
   2.4001410e+06   2.0080566e+01
   2.4001650e+06   2.2277832e+01
   2.4002070e+06   2.6489258e+01
   2.4002210e+06   2.3925781e+01
   2.4002650e+06   2.4597168e+01
   2.4003220e+06   2.5939941e+01
   2.4003330e+06   1.8798828e+01
   2.4004020e+06   2.2583008e+01
   2.4004190e+06   2.0324707e+01
   2.4004430e+06   1.8676758e+01
   2.4004580e+06   2.0812988e+01
   2.4005420e+06   2.7099609e+01
   2.4006050e+06   1.9226074e+01
   2.4006270e+06   2.1301270e+01
   2.4006610e+06   1.8676758e+01
   2.4007450e+06   2.5207520e+01
   2.4008550e+06   2.2155762e+01
   2.4009480e+06   1.9592285e+01
   2.4010540e+06   2.1972656e+01
   2.4011860e+06   2.0874023e+01
   2.4012620e+06   2.4963379e+01
   2.4013780e+06   2.6123047e+01
   2.4014610e+06   1.8493652e+01
   2.4016810e+06   2.4963379e+01
   2.4022480e+06   1.9042969e+01
   2.4105730e+06   2.1972656e+01
   2.4110070e+06   2.0812988e+01
   2.4124990e+06   2.7160645e+01
   2.4133780e+06   1.9470215e+01
   2.4138360e+06   2.2583008e+01
   2.4157100e+06   2.2521973e+01
   2.4163570e+06   2.1118164e+01
   2.4193890e+06   2.3620605e+01
   2.4202150e+06   2.1362305e+01
   2.4212020e+06   1.8798828e+01
   2.4233690e+06   2.5634766e+01
   2.4265080e+06   1.9348145e+01
   2.4289100e+06   2.7587891e+01
   2.4365760e+06   2.1362305e+01
   2.4456070e+06   2.3376465e+01
   2.4483250e+06   2.7404785e+01
   2.4578050e+06   2.0446777e+01
   2.4595380e+06   2.3132324e+01
   2.4647910e+06   2.0446777e+01
   2.5324490e+06   1.8737793e+01
   2.5324890e+06   2.1301270e+01
   2.5325000e+06   2.1789551e+01
   2.5325430e+06   3.8330078e+01
   2.5325680e+06   2.1240234e+01
   2.5325780e+06   2.0812988e+01
   2.5326050e+06   2.5695801e+01
   2.5326260e+06   4.1992188e+01
   2.5326590e+06   4.1748047e+01
   2.5326720e+06   2.1606445e+01
   2.5326940e+06   5.7189941e+01
   2.5327150e+06   3.6804199e+01
   2.5327400e+06   5.3222656e+01
   2.5327670e+06   3.1311035e+01
   2.5327910e+06   3.5949707e+01
   2.5328200e+06   2.9479980e+01
   2.5328460e+06   3.5644531e+01
   2.5328730e+06   2.4047852e+01
   2.5328910e+06   2.4475098e+01
   2.5329360e+06   2.9357910e+01
   2.5329530e+06   1.9226074e+01
   2.5329700e+06   1.9775391e+01
   2.5329950e+06   2.0446777e+01
   2.5330240e+06   3.7048340e+01
   2.5330580e+06   2.6428223e+01
   2.5331040e+06   2.3681641e+01
   2.5331460e+06   1.9714355e+01
   2.5331860e+06   3.3691406e+01
   2.5332090e+06   2.4230957e+01
   2.5332260e+06   2.7770996e+01
   2.5332540e+06   2.2888184e+01
   2.5332760e+06   2.1057129e+01
   2.5332920e+06   2.2338867e+01
   2.5333080e+06   2.3376465e+01
   2.5333680e+06   1.9531250e+01
   2.5333940e+06   2.2094727e+01
   2.5334410e+06   2.5451660e+01
   2.5334830e+06   1.9042969e+01
   2.5335310e+06   1.9287109e+01
   2.5335870e+06   2.8442383e+01
   2.5336070e+06   2.1057129e+01
   2.5336440e+06   3.2409668e+01
   2.5336610e+06   2.1911621e+01
   2.5337020e+06   2.6916504e+01
   2.5337590e+06   2.6794434e+01
   2.5338030e+06   2.0874023e+01
   2.5338350e+06   2.5451660e+01
   2.5339710e+06   2.7404785e+01
   2.5340300e+06   1.9714355e+01
   2.5341030e+06   2.4169922e+01
   2.5341850e+06   2.0080566e+01
   2.5342160e+06   2.0751953e+01
   2.5343240e+06   1.8493652e+01
   2.5344420e+06   2.8442383e+01
   2.5346000e+06   2.0202637e+01
   2.5351260e+06   1.9531250e+01
   2.5436090e+06   2.6367188e+01
   2.5440950e+06   2.3193359e+01
   2.5454710e+06   2.1606445e+01
   2.5464800e+06   1.8493652e+01
   2.5490020e+06   1.8432617e+01
   2.5508680e+06   2.1911621e+01
   2.5521370e+06   2.3254395e+01
   2.5527230e+06   2.3620605e+01
   2.5579570e+06   2.1911621e+01
   2.5590710e+06   2.0019531e+01
   2.5639430e+06   1.8859863e+01
   2.5673240e+06   2.3071289e+01
   2.5710010e+06   1.9714355e+01
   2.5752710e+06   2.1606445e+01
   2.5988900e+06   2.1606445e+01
   2.6010480e+06   2.5085449e+01
   2.6082140e+06   2.3376465e+01
   2.6112350e+06   2.4353027e+01
   2.7617830e+06   2.3620605e+01
   2.7618690e+06   1.9653320e+01
   2.7618990e+06   2.2888184e+01
   2.7619360e+06   3.3447266e+01
   2.7619550e+06   2.3254395e+01
   2.7619880e+06   2.9968262e+01
   2.7620170e+06   3.2104492e+01
   2.7620370e+06   2.7770996e+01
   2.7620610e+06   2.3864746e+01
   2.7620750e+06   1.9287109e+01
   2.7620860e+06   3.9489746e+01
   2.7621200e+06   4.2053223e+01
   2.7621420e+06   4.3762207e+01
   2.7621730e+06   1.8554688e+01
   2.7622030e+06   2.7526855e+01
   2.7622130e+06   2.0019531e+01
   2.7622380e+06   3.0029297e+01
   2.7622650e+06   2.0263672e+01
   2.7622830e+06   2.0019531e+01
   2.7623010e+06   3.3630371e+01
   2.7623290e+06   2.9602051e+01
   2.7623620e+06   2.2277832e+01
   2.7624010e+06   2.0019531e+01
   2.7624540e+06   2.0263672e+01
   2.7624940e+06   2.0629883e+01
   2.7625110e+06   2.5695801e+01
   2.7625970e+06   2.8015137e+01
   2.7626140e+06   1.8737793e+01
   2.7626350e+06   2.2155762e+01
   2.7626590e+06   1.8798828e+01
   2.7627340e+06   1.8615723e+01
   2.7627680e+06   2.1118164e+01
   2.7627940e+06   2.0935059e+01
   2.7628550e+06   1.9958496e+01
   2.7628750e+06   1.9348145e+01
   2.7629100e+06   1.8737793e+01
   2.7629260e+06   2.2949219e+01
   2.7630020e+06   3.2409668e+01
   2.7630680e+06   2.6184082e+01
   2.7631340e+06   2.4230957e+01
   2.7631830e+06   2.5573730e+01
   2.7632310e+06   1.9592285e+01
   2.7632490e+06   2.0263672e+01
   2.7633000e+06   1.8981934e+01
   2.7633750e+06   1.9897461e+01
   2.7634000e+06   2.3315430e+01
   2.7634290e+06   2.0507812e+01
   2.7634940e+06   2.2766113e+01
   2.7636290e+06   2.1728516e+01
   2.7638200e+06   1.8554688e+01
   2.7638660e+06   1.8737793e+01
   2.7639030e+06   2.2644043e+01
   2.7642810e+06   1.8920898e+01
   2.7646510e+06   1.8432617e+01
   2.7723580e+06   2.2277832e+01
   2.7745810e+06   2.3010254e+01
   2.7758880e+06   1.9714355e+01
   2.7788490e+06   2.5268555e+01
   2.7824180e+06   2.1667480e+01
   2.7834700e+06   2.3376465e+01
   2.7866930e+06   2.1118164e+01
   2.7893810e+06   2.0874023e+01
   2.7916280e+06   2.5146484e+01
   2.7957170e+06   2.5268555e+01
   2.7998380e+06   2.3071289e+01
   2.8028940e+06   2.2949219e+01
   2.8070890e+06   2.0385742e+01
   2.8144350e+06   2.1240234e+01
   2.9566680e+06   2.4108887e+01
   2.9593680e+06   3.5949707e+01
   2.9598740e+06   2.2644043e+01
   2.9717630e+06   2.0446777e+01
   2.9718140e+06   2.0080566e+01
   2.9718510e+06   1.8676758e+01
   2.9718660e+06   2.4963379e+01
   2.9719010e+06   1.9958496e+01
   2.9719360e+06   3.0944824e+01
   2.9719520e+06   2.0874023e+01
   2.9719960e+06   3.0151367e+01
   2.9720220e+06   2.3315430e+01
   2.9720450e+06   2.2521973e+01
   2.9720630e+06   2.3986816e+01
   2.9720750e+06   2.8564453e+01
   2.9721170e+06   3.2775879e+01
   2.9721460e+06   4.0588379e+01
   2.9721730e+06   3.4362793e+01
   2.9722090e+06   3.7841797e+01
   2.9722410e+06   3.0151367e+01
   2.9722560e+06   1.8676758e+01
   2.9722820e+06   2.4658203e+01
   2.9723140e+06   2.6062012e+01
   2.9723400e+06   2.1789551e+01
   2.9723530e+06   2.1179199e+01
   2.9723740e+06   2.0996094e+01
   2.9724020e+06   2.2888184e+01
   2.9724770e+06   3.2470703e+01
   2.9725150e+06   2.0874023e+01
   2.9725330e+06   1.9409180e+01
   2.9725700e+06   2.3132324e+01
   2.9725940e+06   1.9348145e+01
   2.9726320e+06   1.9836426e+01
   2.9726590e+06   1.9958496e+01
   2.9726900e+06   3.0639648e+01
   2.9727190e+06   2.0141602e+01
   2.9728190e+06   2.9296875e+01
   2.9728920e+06   2.0996094e+01
   2.9729540e+06   3.0578613e+01
   2.9730150e+06   1.9958496e+01
   2.9730340e+06   2.1301270e+01
   2.9731950e+06   3.4912109e+01
   2.9732820e+06   2.2399902e+01
   2.9733090e+06   2.4230957e+01
   2.9734060e+06   2.1667480e+01
   2.9734160e+06   2.3376465e+01
   2.9735770e+06   1.8920898e+01
   2.9736390e+06   1.9775391e+01
   2.9736850e+06   2.0629883e+01
   2.9739330e+06   2.0751953e+01
   2.9739970e+06   2.2888184e+01
   2.9741240e+06   2.1545410e+01
   2.9743230e+06   1.8493652e+01
   2.9824600e+06   2.6550293e+01
   2.9848780e+06   2.2338867e+01
   2.9863210e+06   1.9531250e+01
   2.9870310e+06   2.2705078e+01
   2.9912090e+06   2.9296875e+01
   2.9925380e+06   2.0751953e+01
   2.9930720e+06   2.2644043e+01
   2.9950850e+06   2.4841309e+01
   2.9990990e+06   2.2521973e+01
   3.0017500e+06   2.6794434e+01
   3.0024600e+06   2.1362305e+01
   3.0050530e+06   2.0690918e+01
   3.0071520e+06   2.3132324e+01
   3.0137150e+06   2.4475098e+01
   3.0205180e+06   2.2583008e+01
   3.0265500e+06   2.2644043e+01
   3.0545330e+06   2.2155762e+01
   3.0545820e+06   2.2338867e+01
   3.0548640e+06   2.1667480e+01
   3.0548980e+06   1.8920898e+01
   3.0549130e+06   1.8554688e+01
   3.0549520e+06   3.3935547e+01
   3.0549770e+06   2.0080566e+01
   3.0550070e+06   2.3376465e+01
   3.0550320e+06   2.8503418e+01
   3.0550650e+06   3.3752441e+01
   3.0550830e+06   2.0874023e+01
   3.0551150e+06   2.9785156e+01
   3.0551290e+06   5.7861328e+01
   3.0551480e+06   2.2399902e+01
   3.0551670e+06   3.0822754e+01
   3.0552030e+06   3.2775879e+01
   3.0552220e+06   4.6447754e+01
   3.0552360e+06   2.1545410e+01
   3.0552660e+06   2.6245117e+01
   3.0552910e+06   2.3376465e+01
   3.0553150e+06   2.8808594e+01
   3.0553410e+06   2.7832031e+01
   3.0553650e+06   3.4179688e+01
   3.0554030e+06   1.9531250e+01
   3.0554270e+06   2.4780273e+01
   3.0554650e+06   2.6000977e+01
   3.0554870e+06   1.8798828e+01
   3.0555110e+06   2.5024414e+01
   3.0555350e+06   2.3681641e+01
   3.0555570e+06   2.1789551e+01
   3.0555820e+06   2.7160645e+01
   3.0556300e+06   2.2399902e+01
   3.0556540e+06   1.8920898e+01
   3.0556980e+06   2.6000977e+01
   3.0557340e+06   1.8859863e+01
   3.0557590e+06   2.0202637e+01
   3.0557890e+06   2.0263672e+01
   3.0558550e+06   2.1301270e+01
   3.0558770e+06   2.1118164e+01
   3.0559050e+06   2.4841309e+01
   3.0559490e+06   1.8676758e+01
   3.0559640e+06   1.8554688e+01
   3.0559920e+06   2.6062012e+01
   3.0560540e+06   1.8615723e+01
   3.0560900e+06   2.8625488e+01
   3.0561360e+06   2.6123047e+01
   3.0561650e+06   2.2399902e+01
   3.0561830e+06   2.8259277e+01
   3.0562200e+06   2.5085449e+01
   3.0562670e+06   2.3132324e+01
   3.0563380e+06   2.2277832e+01
   3.0564010e+06   2.8869629e+01
   3.0564650e+06   2.4780273e+01
   3.0565910e+06   1.8981934e+01
   3.0566250e+06   2.2460938e+01
   3.0566520e+06   2.8076172e+01
   3.0567210e+06   2.7343750e+01
   3.0568210e+06   1.8493652e+01
   3.0568960e+06   2.6672363e+01
   3.0569850e+06   2.1179199e+01
   3.0573070e+06   1.8737793e+01
   3.0573960e+06   1.9165039e+01
   3.0580720e+06   2.2216797e+01
   3.0588850e+06   2.0690918e+01
   3.0658890e+06   2.5268555e+01
   3.0663490e+06   2.0751953e+01
   3.0673990e+06   1.9653320e+01
   3.0691200e+06   2.3254395e+01
   3.0697690e+06   1.8859863e+01
   3.0738100e+06   2.6733398e+01
   3.0743190e+06   2.1118164e+01
   3.0762390e+06   2.0080566e+01
   3.0800780e+06   1.9104004e+01
   3.0811030e+06   2.4658203e+01
   3.0825770e+06   2.1728516e+01
   3.0837520e+06   2.5390625e+01
   3.0873800e+06   2.1118164e+01
   3.0882620e+06   1.9653320e+01
   3.0925340e+06   2.6367187e+01
   3.0952260e+06   2.2338867e+01
   3.0994180e+06   2.4902344e+01
   3.1051450e+06   2.0141602e+01
   3.1093800e+06   2.1118164e+01
   3.1151150e+06   2.2644043e+01
   3.1564900e+06   2.0446777e+01
   3.1565810e+06   2.0263672e+01
   3.1566610e+06   1.9958496e+01
   3.1566920e+06   2.2094727e+01
   3.1567160e+06   2.9907227e+01
   3.1567370e+06   5.8410645e+01
   3.1567590e+06   2.3925781e+01
   3.1567810e+06   2.9785156e+01
   3.1567970e+06   2.0385742e+01
   3.1568150e+06   4.0100098e+01
   3.1568280e+06   3.0578613e+01
   3.1568520e+06   2.2644043e+01
   3.1568850e+06   2.4719238e+01
   3.1569070e+06   3.2531738e+01
   3.1569190e+06   1.9775391e+01
   3.1569360e+06   3.0639648e+01
   3.1569890e+06   2.9907227e+01
   3.1570180e+06   2.6367188e+01
   3.1570430e+06   2.4169922e+01
   3.1570760e+06   3.5278320e+01
   3.1571090e+06   2.8625488e+01
   3.1571390e+06   3.4790039e+01
   3.1571700e+06   2.6000977e+01
   3.1571840e+06   2.2094727e+01
   3.1572270e+06   3.0944824e+01
   3.1572840e+06   1.8920898e+01
   3.1573460e+06   2.1240234e+01
   3.1573670e+06   2.0874023e+01
   3.1573860e+06   1.8493652e+01
   3.1574150e+06   2.2216797e+01
   3.1574560e+06   2.3193359e+01
   3.1574820e+06   2.2094727e+01
   3.1574940e+06   2.3498535e+01
   3.1575460e+06   2.8991699e+01
   3.1575690e+06   2.8869629e+01
   3.1575810e+06   2.7099609e+01
   3.1576260e+06   2.8747559e+01
   3.1576810e+06   2.0935059e+01
   3.1577650e+06   2.1789551e+01
   3.1578100e+06   3.1860352e+01
   3.1578200e+06   1.9348145e+01
   3.1578760e+06   2.8320312e+01
   3.1579090e+06   3.5644531e+01
   3.1580010e+06   1.9104004e+01
   3.1581450e+06   2.3986816e+01
   3.1583150e+06   1.8493652e+01
   3.1583460e+06   1.8737793e+01
   3.1584720e+06   2.3681641e+01
   3.1588760e+06   2.5878906e+01
   3.1593080e+06   2.2521973e+01
   3.1608540e+06   2.2766113e+01
   3.1667470e+06   2.2644043e+01
   3.1672710e+06   2.4169922e+01
   3.1686940e+06   2.2155762e+01
   3.1693550e+06   2.3620605e+01
   3.1715120e+06   1.9531250e+01
   3.1721860e+06   2.1118164e+01
   3.1753840e+06   2.4475098e+01
   3.1771070e+06   2.3132324e+01
   3.1800970e+06   2.0507813e+01
   3.1811140e+06   2.2094727e+01
   3.1812140e+06   1.8798828e+01
   3.1812690e+06   2.1606445e+01
   3.1813230e+06   2.0385742e+01
   3.1813450e+06   2.0629883e+01
   3.1813720e+06   3.6437988e+01
   3.1814020e+06   2.8198242e+01
   3.1814310e+06   2.3315430e+01
   3.1814590e+06   3.1188965e+01
   3.1814790e+06   3.0944824e+01
   3.1815040e+06   3.1311035e+01
   3.1815230e+06   3.0029297e+01
   3.1815590e+06   2.7099609e+01
   3.1815740e+06   4.0710449e+01
   3.1815940e+06   2.2888184e+01
   3.1816110e+06   2.1972656e+01
   3.1816240e+06   2.1545410e+01
   3.1816420e+06   2.0996094e+01
   3.1816650e+06   2.9846191e+01
   3.1816930e+06   2.5268555e+01
   3.1817230e+06   2.3986816e+01
   3.1817500e+06   2.9907227e+01
   3.1817820e+06   2.1179199e+01
   3.1818060e+06   2.3864746e+01
   3.1818330e+06   2.0080566e+01
   3.1818600e+06   1.9775391e+01
   3.1818730e+06   1.9287109e+01
   3.1818980e+06   2.7648926e+01
   3.1819270e+06   2.4108887e+01
   3.1819520e+06   2.4230957e+01
   3.1819800e+06   1.8737793e+01
   3.1820120e+06   2.1301270e+01
   3.1820250e+06   2.3864746e+01
   3.1820930e+06   3.4729004e+01
   3.1821110e+06   2.1118164e+01
   3.1821680e+06   1.9592285e+01
   3.1821940e+06   1.9897461e+01
   3.1822150e+06   2.5024414e+01
   3.1822610e+06   2.7099609e+01
   3.1823040e+06   2.4353027e+01
   3.1823260e+06   2.1545410e+01
   3.1823690e+06   2.6916504e+01
   3.1823990e+06   2.3803711e+01
   3.1824830e+06   2.3376465e+01
   3.1825790e+06   2.1667480e+01
   3.1826150e+06   2.1179199e+01
   3.1826500e+06   1.9653320e+01
   3.1827910e+06   2.6550293e+01
   3.1828590e+06   2.2033691e+01
   3.1828790e+06   1.8737793e+01
   3.1829400e+06   2.1728516e+01
   3.1830140e+06   2.4475098e+01
   3.1830520e+06   1.8615723e+01
   3.1834460e+06   2.2094727e+01
   3.1836570e+06   1.8493652e+01
   3.1837370e+06   2.8198242e+01
   3.1838650e+06   2.3071289e+01
   3.1839830e+06   2.0263672e+01
   3.1841170e+06   1.8493652e+01
   3.1843340e+06   1.8554688e+01
   3.1845590e+06   2.0874023e+01
   3.1849220e+06   2.1728516e+01
   3.1854910e+06   2.0874023e+01
   3.1882740e+06   2.3681641e+01
   3.1893000e+06   2.1301270e+01
   3.1896960e+06   2.1179199e+01
   3.1917600e+06   1.8981934e+01
   3.1918710e+06   2.6611328e+01
   3.1918920e+06   2.1057129e+01
   3.1919050e+06   2.0507812e+01
   3.1919330e+06   4.6264648e+01
   3.1919440e+06   3.4606934e+01
   3.1919860e+06   3.5095215e+01
   3.1919970e+06   2.5390625e+01
   3.1920150e+06   3.5644531e+01
   3.1920390e+06   2.6977539e+01
   3.1920580e+06   2.8015137e+01
   3.1920760e+06   2.1301270e+01
   3.1921010e+06   2.6672363e+01
   3.1921310e+06   2.6000977e+01
   3.1921590e+06   3.3996582e+01
   3.1921890e+06   2.3132324e+01
   3.1922210e+06   3.3874512e+01
   3.1922500e+06   2.9113770e+01
   3.1922790e+06   3.2897949e+01
   3.1923140e+06   1.8554688e+01
   3.1923420e+06   2.3925781e+01
   3.1923720e+06   2.7038574e+01
   3.1923950e+06   1.8798828e+01
   3.1924090e+06   2.2583008e+01
   3.1924270e+06   2.3193359e+01
   3.1924690e+06   2.4963379e+01
   3.1925040e+06   2.6428223e+01
   3.1925380e+06   1.9836426e+01
   3.1925730e+06   2.7160645e+01
   3.1926050e+06   3.6804199e+01
   3.1926440e+06   2.6245117e+01
   3.1926820e+06   2.3376465e+01
   3.1927060e+06   1.9348145e+01
   3.1927390e+06   2.1972656e+01
   3.1927810e+06   1.9470215e+01
   3.1928140e+06   2.1118164e+01
   3.1928810e+06   2.7343750e+01
   3.1929080e+06   1.9165039e+01
   3.1929510e+06   2.0324707e+01
   3.1930010e+06   2.0141602e+01
   3.1930720e+06   2.3132324e+01
   3.1931430e+06   1.9836426e+01
   3.1932250e+06   2.2216797e+01
   3.1932830e+06   1.9226074e+01
   3.1933270e+06   2.3681641e+01
   3.1934390e+06   1.9470215e+01
   3.1936260e+06   1.9653320e+01
   3.1938400e+06   1.9775391e+01
   3.1939290e+06   1.9775391e+01
   3.1940760e+06   2.0324707e+01
   3.1943070e+06   2.0812988e+01
   3.1947390e+06   2.3071289e+01
   3.1950100e+06   2.1179199e+01
   3.1951980e+06   2.1179199e+01
   3.1955000e+06   2.0812988e+01
   3.1976540e+06   2.5329590e+01
   3.1991170e+06   1.8737793e+01
   3.2013530e+06   2.0812988e+01
   3.2013960e+06   3.1311035e+01
   3.2014070e+06   1.9653320e+01
   3.2014270e+06   3.2104492e+01
   3.2014470e+06   2.9418945e+01
   3.2014570e+06   2.0996094e+01
   3.2014690e+06   2.4108887e+01
   3.2014830e+06   3.2714844e+01
   3.2015330e+06   4.8400879e+01
   3.2015640e+06   3.1616211e+01
   3.2015860e+06   1.9531250e+01
   3.2016030e+06   2.5390625e+01
   3.2016200e+06   2.3498535e+01
   3.2016400e+06   2.7404785e+01
   3.2016640e+06   2.5390625e+01
   3.2016820e+06   2.5085449e+01
   3.2017120e+06   2.9296875e+01
   3.2017330e+06   2.2888184e+01
   3.2017610e+06   2.9479980e+01
   3.2017790e+06   1.9226074e+01
   3.2017990e+06   2.6611328e+01
   3.2018160e+06   2.8259277e+01
   3.2018280e+06   2.9968262e+01
   3.2018570e+06   1.8432617e+01
   3.2019020e+06   2.8137207e+01
   3.2019420e+06   2.5024414e+01
   3.2020060e+06   1.9348145e+01
   3.2020700e+06   1.9958496e+01
   3.2021310e+06   2.2705078e+01
   3.2021660e+06   2.8320312e+01
   3.2021790e+06   2.6367188e+01
   3.2022370e+06   2.8991699e+01
   3.2023020e+06   2.0324707e+01
   3.2023490e+06   2.0080566e+01
   3.2023860e+06   2.1240234e+01
   3.2024820e+06   2.7038574e+01
   3.2025510e+06   2.3010254e+01
   3.2026380e+06   2.4536133e+01
   3.2027150e+06   2.4658203e+01
   3.2027310e+06   2.2094727e+01
   3.2028170e+06   2.2949219e+01
   3.2029880e+06   2.1240234e+01
   3.2031370e+06   2.1728516e+01
   3.2035500e+06   2.3742676e+01
   3.2040590e+06   1.9409180e+01
   3.2044780e+06   2.3742676e+01
   3.2049430e+06   1.8859863e+01
   3.2053000e+06   2.3071289e+01
   3.2090640e+06   2.3254395e+01
   3.2094460e+06   2.0568848e+01
   3.2095520e+06   3.0639648e+01
   3.2095850e+06   2.7648926e+01
   3.2096310e+06   1.9592285e+01
   3.2096460e+06   3.2043457e+01
   3.2096850e+06   2.4536133e+01
   3.2097010e+06   2.4230957e+01
   3.2097240e+06   2.2155762e+01
   3.2097430e+06   3.7780762e+01
   3.2097740e+06   2.1911621e+01
   3.2097880e+06   2.0202637e+01
   3.2098120e+06   4.0832520e+01
   3.2098330e+06   2.3742676e+01
   3.2098490e+06   4.5227051e+01
   3.2098740e+06   2.0141602e+01
   3.2098900e+06   1.9714355e+01
   3.2099040e+06   2.8930664e+01
   3.2099640e+06   3.1799316e+01
   3.2099940e+06   2.3315430e+01
   3.2100550e+06   2.6794434e+01
   3.2101100e+06   2.5573730e+01
   3.2101510e+06   1.9226074e+01
   3.2101830e+06   2.2949219e+01
   3.2101970e+06   2.8015137e+01
   3.2102070e+06   2.3803711e+01
   3.2103020e+06   2.5634766e+01
   3.2103700e+06   2.5573730e+01
   3.2105500e+06   2.9174805e+01
   3.2106260e+06   2.6428223e+01
   3.2107280e+06   2.3010254e+01
   3.2108340e+06   2.5878906e+01
   3.2108860e+06   2.0629883e+01
   3.2111870e+06   2.1423340e+01
   3.2113430e+06   2.7648926e+01
   3.2121780e+06   1.9226074e+01
   3.2128260e+06   2.4291992e+01
   3.2194570e+06   2.3620605e+01
   3.2194900e+06   3.9978027e+01
   3.2195280e+06   2.5573730e+01
   3.2195630e+06   2.1789551e+01
   3.2196110e+06   4.0710449e+01
   3.2196510e+06   2.9968262e+01
   3.2196680e+06   2.0751953e+01
   3.2196780e+06   2.1850586e+01
   3.2196950e+06   2.9479980e+01
   3.2197220e+06   2.6794434e+01
   3.2197490e+06   2.4353027e+01
   3.2197750e+06   3.6499023e+01
   3.2198010e+06   2.7099609e+01
   3.2198130e+06   2.3437500e+01
   3.2198600e+06   2.6062012e+01
   3.2198940e+06   2.4902344e+01
   3.2199290e+06   3.2165527e+01
   3.2199480e+06   1.8737793e+01
   3.2199600e+06   2.8015137e+01
   3.2199900e+06   2.4536133e+01
   3.2200190e+06   2.3315430e+01
   3.2200950e+06   2.4536133e+01
   3.2201470e+06   2.1118164e+01
   3.2201600e+06   2.0507812e+01
   3.2201860e+06   2.8930664e+01
   3.2202150e+06   2.1118164e+01
   3.2202700e+06   2.9418945e+01
   3.2203150e+06   1.9165039e+01
   3.2203520e+06   2.4780273e+01
   3.2204080e+06   2.4658203e+01
   3.2206050e+06   1.9836426e+01
   3.2206550e+06   1.8432617e+01
   3.2207200e+06   1.8859863e+01
   3.2208170e+06   1.9226074e+01
   3.2209200e+06   2.3376465e+01
   3.2210560e+06   1.8981934e+01
   3.2211530e+06   1.9897461e+01
   3.2214930e+06   1.8920898e+01
   3.2216390e+06   2.0263672e+01
   3.2217640e+06   1.8554688e+01
   3.2222910e+06   2.1972656e+01
   3.2231490e+06   2.0568848e+01
   3.2234820e+06   2.3437500e+01
   3.2237530e+06   1.9836426e+01
   3.2290730e+06   2.1423340e+01
   3.2292730e+06   2.0629883e+01
   3.2292910e+06   3.0151367e+01
   3.2293080e+06   2.7648926e+01
   3.2293490e+06   2.0629883e+01
   3.2293630e+06   2.0690918e+01
   3.2293870e+06   4.5104980e+01
   3.2294120e+06   2.1728516e+01
   3.2294510e+06   2.6306152e+01
   3.2294750e+06   2.2338867e+01
   3.2294940e+06   2.8930664e+01
   3.2295070e+06   3.3996582e+01
   3.2295520e+06   2.2583008e+01
   3.2296010e+06   2.8808594e+01
   3.2296240e+06   2.8869629e+01
   3.2296420e+06   3.8818359e+01
   3.2296730e+06   3.8574219e+01
   3.2296930e+06   2.5817871e+01
   3.2297370e+06   2.6245117e+01
   3.2297730e+06   1.8981934e+01
   3.2297900e+06   2.3620605e+01
   3.2298620e+06   2.3315430e+01
   3.2298950e+06   2.9968262e+01
   3.2300320e+06   2.9907227e+01
   3.2300560e+06   1.9348145e+01
   3.2301130e+06   1.8798828e+01
   3.2302150e+06   2.0690918e+01
   3.2302730e+06   2.6672363e+01
   3.2303690e+06   2.3803711e+01
   3.2304740e+06   2.1057129e+01
   3.2306320e+06   2.0507812e+01
   3.2307760e+06   2.1362305e+01
   3.2311990e+06   1.9348145e+01
   3.2315060e+06   2.0507812e+01
   3.2334150e+06   1.9897461e+01
   3.2469790e+06   2.4169922e+01
   3.2470200e+06   2.4291992e+01
   3.2470530e+06   2.3620605e+01
   3.2470800e+06   2.8686523e+01
   3.2470980e+06   3.7475586e+01
   3.2471150e+06   4.3762207e+01
   3.2471500e+06   2.4291992e+01
   3.2471900e+06   2.6123047e+01
   3.2472270e+06   3.0700684e+01
   3.2472380e+06   1.9653320e+01
   3.2472550e+06   3.1372070e+01
   3.2472830e+06   2.4353027e+01
   3.2473140e+06   3.5461426e+01
   3.2473420e+06   2.6306152e+01
   3.2473710e+06   2.6184082e+01
   3.2473990e+06   2.1606445e+01
   3.2474330e+06   2.5878906e+01
   3.2474630e+06   2.8503418e+01
   3.2474870e+06   2.0507812e+01
   3.2474980e+06   2.5756836e+01
   3.2475250e+06   1.9714355e+01
   3.2475360e+06   2.1057129e+01
   3.2475610e+06   2.2338867e+01
   3.2476170e+06   2.5451660e+01
   3.2476470e+06   2.2033691e+01
   3.2476680e+06   1.8737793e+01
   3.2477090e+06   3.3935547e+01
   3.2477290e+06   1.9409180e+01
   3.2477650e+06   1.9470215e+01
   3.2478240e+06   1.8737793e+01
   3.2478800e+06   2.0507812e+01
   3.2479390e+06   2.5085449e+01
   3.2479890e+06   2.1728516e+01
   3.2480500e+06   2.4658203e+01
   3.2481360e+06   1.8981934e+01
   3.2482210e+06   2.5146484e+01
   3.2482910e+06   2.1423340e+01
   3.2483860e+06   2.3498535e+01
   3.2484810e+06   2.3437500e+01
   3.2486150e+06   1.9531250e+01
   3.2489170e+06   2.0202637e+01
   3.2504950e+06   2.0385742e+01
   3.2512140e+06   1.8554688e+01
   3.2514020e+06   2.1240234e+01
   3.2519340e+06   2.1850586e+01
   3.4858440e+06   1.9592285e+01
   3.4858550e+06   2.4597168e+01
   3.4859120e+06   2.1728516e+01
   3.4859800e+06   2.3010254e+01
   3.4860000e+06   2.1423340e+01
   3.4860180e+06   2.5329590e+01
   3.4860490e+06   2.1362305e+01
   3.4860600e+06   3.2592773e+01
   3.4860770e+06   2.0202637e+01
   3.4860920e+06   2.8869629e+01
   3.4861060e+06   2.0568848e+01
   3.4861320e+06   3.0151367e+01
   3.4861690e+06   3.3630371e+01
   3.4861910e+06   2.7648926e+01
   3.4862040e+06   2.2033691e+01
   3.4862180e+06   2.4658203e+01
   3.4862300e+06   2.7343750e+01
   3.4862420e+06   2.3376465e+01
   3.4862620e+06   2.9602051e+01
   3.4862810e+06   2.0507812e+01
   3.4863290e+06   2.4963379e+01
   3.4863410e+06   2.6855469e+01
   3.4863660e+06   2.5512695e+01
   3.4864060e+06   3.0212402e+01
   3.4864370e+06   2.5146484e+01
   3.4864600e+06   2.0446777e+01
   3.4864760e+06   3.0822754e+01
   3.4865060e+06   3.6315918e+01
   3.4865330e+06   2.4536133e+01
   3.4865940e+06   2.5451660e+01
   3.4866340e+06   2.4658203e+01
   3.4866760e+06   2.7587891e+01
   3.4867060e+06   1.8798828e+01
   3.4867560e+06   2.4658203e+01
   3.4868000e+06   2.6489258e+01
   3.4868510e+06   1.9592285e+01
   3.4868920e+06   2.0385742e+01
   3.4869160e+06   2.0263672e+01
   3.4869560e+06   3.1005859e+01
   3.4869760e+06   2.1972656e+01
   3.4870110e+06   1.8432617e+01
   3.4870950e+06   2.1240234e+01
   3.4871540e+06   1.8432617e+01
   3.4871840e+06   1.8493652e+01
   3.4872600e+06   2.0385742e+01
   3.4872750e+06   2.5512695e+01
   3.4873770e+06   2.0263672e+01
   3.4883800e+06   2.0324707e+01
   3.8470260e+06   1.9775391e+01
   3.8470400e+06   2.1240234e+01
   3.8470990e+06   1.8737793e+01
   3.8471130e+06   2.6245117e+01
   3.8471260e+06   2.0202637e+01
   3.8471470e+06   3.1799316e+01
   3.8471680e+06   4.6813965e+01
   3.8471920e+06   2.3620605e+01
   3.8472230e+06   3.9367676e+01
   3.8472510e+06   3.6682129e+01
   3.8472700e+06   2.0507812e+01
   3.8472800e+06   3.6926270e+01
   3.8473030e+06   4.9011230e+01
   3.8473300e+06   3.4057617e+01
   3.8473430e+06   1.9653320e+01
   3.8473570e+06   2.6306152e+01
   3.8473800e+06   3.2836914e+01
   3.8474130e+06   2.8686523e+01
   3.8474330e+06   2.0568848e+01
   3.8474430e+06   2.6489258e+01
   3.8474690e+06   2.5634766e+01
   3.8475080e+06   2.8076172e+01
   3.8475460e+06   2.9541016e+01
   3.8475740e+06   3.6987305e+01
   3.8475840e+06   1.8798828e+01
   3.8476120e+06   2.1728516e+01
   3.8476370e+06   1.9287109e+01
   3.8476900e+06   2.8076172e+01
   3.8477290e+06   2.0263672e+01
   3.8477570e+06   2.4963379e+01
   3.8477980e+06   2.3742676e+01
   3.8478320e+06   2.5024414e+01
   3.8478700e+06   1.9592285e+01
   3.8478930e+06   1.9104004e+01
   3.8479290e+06   2.3437500e+01
   3.8480130e+06   1.9958496e+01
   3.8480520e+06   2.5268555e+01
   3.8480850e+06   2.7770996e+01
   3.8481440e+06   2.5329590e+01
   3.8481630e+06   1.8981934e+01
   3.8482140e+06   2.8442383e+01
   3.8482690e+06   2.1789551e+01
   3.8482790e+06   3.3752441e+01
   3.8483460e+06   2.5817871e+01
   3.8483600e+06   2.6000977e+01
   3.8484070e+06   2.3010254e+01
   3.8484920e+06   3.0395508e+01
   3.8486040e+06   2.0202637e+01
   3.8486900e+06   2.1179199e+01
   3.8487510e+06   2.0690918e+01
   3.8487740e+06   1.8432617e+01
   3.8488200e+06   2.2521973e+01
   3.8489030e+06   2.5329590e+01
   3.8495820e+06   2.5695801e+01
   3.8562880e+06   2.7770996e+01
   3.8574360e+06   2.2583008e+01
   3.8579160e+06   2.7221680e+01
   3.8599600e+06   2.0385742e+01
   3.8606070e+06   2.1972656e+01
   3.8610820e+06   1.8615723e+01
   3.8632770e+06   2.1179199e+01
   3.8643640e+06   2.3681641e+01
   3.8648030e+06   2.0202637e+01
   3.8659220e+06   1.8554688e+01
   3.8667420e+06   2.3437500e+01
   3.8689550e+06   2.2155762e+01
   3.8701410e+06   2.2949219e+01
   3.8731480e+06   2.0507812e+01
   3.8748700e+06   2.0446777e+01
   3.8769760e+06   2.0385742e+01
   3.8796780e+06   2.2216797e+01
   3.8856050e+06   2.6855469e+01
   3.8873760e+06   2.5634766e+01
   3.8906610e+06   2.5146484e+01
   3.8931070e+06   2.5390625e+01
   3.8944630e+06   2.3986816e+01
   3.9078610e+06   2.1179199e+01
   3.9082800e+06   2.2644043e+01
   3.9644060e+06   2.3071289e+01
   4.0589230e+06   2.0751953e+01
   4.0589390e+06   2.0202637e+01
   4.0590290e+06   1.8676758e+01
   4.0590590e+06   3.7353516e+01
   4.0590690e+06   2.1301270e+01
   4.0590810e+06   3.4362793e+01
   4.0590910e+06   3.1127930e+01
   4.0591270e+06   4.2297363e+01
   4.0591370e+06   2.3437500e+01
   4.0591530e+06   2.8869629e+01
   4.0591720e+06   2.4780273e+01
   4.0591820e+06   3.9489746e+01
   4.0592130e+06   3.5278320e+01
   4.0592270e+06   2.7282715e+01
   4.0592690e+06   3.5583496e+01
   4.0593000e+06   2.0385742e+01
   4.0593280e+06   2.8686523e+01
   4.0593550e+06   2.6123047e+01
   4.0593820e+06   4.1442871e+01
   4.0594290e+06   2.5268555e+01
   4.0594510e+06   2.0446777e+01
   4.0594970e+06   2.8869629e+01
   4.0595180e+06   2.8015137e+01
   4.0595670e+06   2.0080566e+01
   4.0595930e+06   1.9226074e+01
   4.0596290e+06   2.2399902e+01
   4.0596520e+06   1.9775391e+01
   4.0596670e+06   2.1911621e+01
   4.0597210e+06   2.0690918e+01
   4.0597820e+06   2.1240234e+01
   4.0598080e+06   2.3193359e+01
   4.0598760e+06   2.4414062e+01
   4.0599280e+06   2.5451660e+01
   4.0600200e+06   2.4475098e+01
   4.0600600e+06   3.0700684e+01
   4.0600890e+06   1.8920898e+01
   4.0601810e+06   2.2033691e+01
   4.0602060e+06   2.0568848e+01
   4.0603000e+06   2.2216797e+01
   4.0603870e+06   3.2348633e+01
   4.0604480e+06   2.0141602e+01
   4.0605050e+06   3.1738281e+01
   4.0605810e+06   2.3437500e+01
   4.0606480e+06   1.8554688e+01
   4.0606990e+06   2.6733398e+01
   4.0608340e+06   1.9775391e+01
   4.0609530e+06   1.9104004e+01
   4.0610290e+06   2.7343750e+01
   4.0612330e+06   2.2338867e+01
   4.0616060e+06   1.8798828e+01
   4.0688950e+06   2.2705078e+01
   4.0698390e+06   2.2583008e+01
   4.0712560e+06   1.9653320e+01
   4.0718520e+06   2.0751953e+01
   4.0728140e+06   2.0141602e+01
   4.0733240e+06   1.9042969e+01
   4.0741740e+06   1.9226074e+01
   4.0760460e+06   2.6611328e+01
   4.0770490e+06   2.1240234e+01
   4.0784780e+06   2.3742676e+01
   4.0788380e+06   2.5329590e+01
   4.0796320e+06   2.2277832e+01
   4.0815790e+06   2.0324707e+01
   4.0844020e+06   2.3376465e+01
   4.0846550e+06   2.4291992e+01
   4.0846770e+06   2.3742676e+01
   4.0847080e+06   3.0029297e+01
   4.0847190e+06   3.5705566e+01
   4.0847390e+06   3.0273438e+01
   4.0847600e+06   4.2236328e+01
   4.0847870e+06   4.0405273e+01
   4.0848150e+06   2.8564453e+01
   4.0848360e+06   3.7597656e+01
   4.0848590e+06   3.4362793e+01
   4.0848810e+06   3.4118652e+01
   4.0849060e+06   2.0812988e+01
   4.0849360e+06   4.0466309e+01
   4.0849620e+06   2.1728516e+01
   4.0849880e+06   2.9113770e+01
   4.0850120e+06   2.5817871e+01
   4.0850390e+06   2.4597168e+01
   4.0850660e+06   2.3925781e+01
   4.0850960e+06   2.3315430e+01
   4.0851090e+06   2.3925781e+01
   4.0851420e+06   2.0080566e+01
   4.0851530e+06   2.2399902e+01
   4.0851630e+06   2.2949219e+01
   4.0851790e+06   2.1362305e+01
   4.0852160e+06   2.2766113e+01
   4.0852450e+06   2.3559570e+01
   4.0852780e+06   1.9165039e+01
   4.0853040e+06   1.8554688e+01
   4.0853330e+06   1.8554688e+01
   4.0853860e+06   3.3935547e+01
   4.0854470e+06   1.9409180e+01
   4.0854730e+06   2.3864746e+01
   4.0855010e+06   2.4780273e+01
   4.0855420e+06   2.3010254e+01
   4.0855590e+06   1.9348145e+01
   4.0855800e+06   2.1911621e+01
   4.0856390e+06   2.4414062e+01
   4.0856770e+06   2.0385742e+01
   4.0857550e+06   2.1423340e+01
   4.0858310e+06   2.0690918e+01
   4.0858480e+06   2.1301270e+01
   4.0858760e+06   1.8798828e+01
   4.0859110e+06   2.9418945e+01
   4.0859680e+06   3.1372070e+01
   4.0860210e+06   2.5390625e+01
   4.0860350e+06   2.0080566e+01
   4.0861020e+06   1.8737793e+01
   4.0861750e+06   2.8320312e+01
   4.0861960e+06   1.8859863e+01
   4.0862640e+06   2.3437500e+01
   4.0862860e+06   1.9165039e+01
   4.0864180e+06   3.0395508e+01
   4.0864970e+06   1.9470215e+01
   4.0865570e+06   2.3193359e+01
   4.0866780e+06   2.1362305e+01
   4.0867790e+06   1.8676758e+01
   4.0871070e+06   1.8981934e+01
   4.0871240e+06   1.9775391e+01
   4.0872020e+06   2.2521973e+01
   4.0876380e+06   2.3010254e+01
   4.0880050e+06   1.9104004e+01
   4.0903840e+06   2.6733398e+01
   4.0917510e+06   2.0874023e+01
   4.0921030e+06   2.3620605e+01
   4.0924200e+06   2.1728516e+01
   4.0941340e+06   1.9897461e+01
   4.0945910e+06   2.3986816e+01
   4.0950120e+06   2.0019531e+01
   4.0954030e+06   2.1301270e+01
   4.0959820e+06   1.8615723e+01
   4.0964120e+06   2.0507812e+01
   4.0969750e+06   1.8493652e+01
   4.0975160e+06   2.1728516e+01
   4.0980810e+06   2.2827148e+01
   4.0990240e+06   2.8503418e+01
   4.0994680e+06   2.7099609e+01
   4.1000240e+06   2.4719238e+01
   4.1004550e+06   2.2521973e+01
   4.1013830e+06   2.4108887e+01
   4.1018270e+06   2.2827148e+01
   4.1023300e+06   2.1362305e+01
   4.1030240e+06   2.4169922e+01
   4.1036170e+06   1.9714355e+01
   4.1041730e+06   2.1667480e+01
   4.1048240e+06   2.1179199e+01
   4.1054260e+06   2.3742676e+01
   4.1059600e+06   1.9104004e+01
   4.1060270e+06   2.2949219e+01
   4.1060520e+06   2.7587891e+01
   4.1060770e+06   2.5085449e+01
   4.1060930e+06   2.3986816e+01
   4.1061150e+06   2.0568848e+01
   4.1061410e+06   3.1127930e+01
   4.1061530e+06   1.8432617e+01
   4.1061740e+06   3.1433105e+01
   4.1061870e+06   1.8798828e+01
   4.1062060e+06   2.0751953e+01
   4.1062270e+06   1.8981934e+01
   4.1062500e+06   3.0334473e+01
   4.1062870e+06   2.7282715e+01
   4.1063040e+06   2.7343750e+01
   4.1063250e+06   3.3020020e+01
   4.1063580e+06   2.5695801e+01
   4.1063850e+06   2.6367188e+01
   4.1064100e+06   2.7221680e+01
   4.1064370e+06   3.2348633e+01
   4.1064620e+06   3.3691406e+01
   4.1064920e+06   2.0751953e+01
   4.1065160e+06   2.6000977e+01
   4.1065420e+06   2.2277832e+01
   4.1065670e+06   1.9042969e+01
   4.1066040e+06   2.1118164e+01
   4.1066280e+06   2.4230957e+01
   4.1066500e+06   2.3376465e+01
   4.1066740e+06   2.4475098e+01
   4.1066850e+06   2.0324707e+01
   4.1067440e+06   2.1728516e+01
   4.1067960e+06   1.9409180e+01
   4.1068240e+06   2.2644043e+01
   4.1068560e+06   1.9165039e+01
   4.1069010e+06   2.1850586e+01
   4.1069410e+06   2.4841309e+01
   4.1069570e+06   2.3620605e+01
   4.1070350e+06   2.3376465e+01
   4.1070850e+06   3.2836914e+01
   4.1071410e+06   1.9775391e+01
   4.1072150e+06   1.9836426e+01
   4.1072720e+06   2.1728516e+01
   4.1073410e+06   2.2766113e+01
   4.1074570e+06   3.1311035e+01
   4.1076210e+06   1.9653320e+01
   4.1077050e+06   2.5695801e+01
   4.1078580e+06   3.3081055e+01
   4.1079550e+06   1.9531250e+01
   4.1081080e+06   2.4719238e+01
   4.1081750e+06   1.9348145e+01
   4.1083280e+06   1.8676758e+01
   4.1085000e+06   2.6611328e+01
   4.1086460e+06   1.8676758e+01
   4.1088640e+06   2.5817871e+01
   4.1090330e+06   1.8981934e+01
   4.1093180e+06   2.1972656e+01
   4.1096290e+06   2.0568848e+01
   4.1105480e+06   2.1606445e+01
   4.1115550e+06   2.0690918e+01
   4.1122650e+06   2.1667480e+01
   4.1125590e+06   2.4475098e+01
   4.1132920e+06   2.0751953e+01
   4.1144320e+06   2.1972656e+01
   4.1147380e+06   2.3437500e+01
   4.1150080e+06   2.4658203e+01
   4.1155470e+06   2.2277832e+01
   4.1172070e+06   2.8686523e+01
   4.1174690e+06   1.9287109e+01
   4.1175330e+06   2.0385742e+01
   4.1175630e+06   2.9052734e+01
   4.1175900e+06   2.1728516e+01
   4.1176120e+06   2.3559570e+01
   4.1176320e+06   2.3620605e+01
   4.1176610e+06   2.2216797e+01
   4.1176710e+06   2.1179199e+01
   4.1176940e+06   2.8930664e+01
   4.1177160e+06   2.5390625e+01
   4.1177310e+06   1.9958496e+01
   4.1177590e+06   4.2663574e+01
   4.1177990e+06   2.7099609e+01
   4.1178160e+06   2.2888184e+01
   4.1178420e+06   2.6916504e+01
   4.1178710e+06   2.7832031e+01
   4.1179040e+06   3.7292480e+01
   4.1179370e+06   2.3376465e+01
   4.1179730e+06   2.0263672e+01
   4.1180180e+06   1.9714355e+01
   4.1180320e+06   2.1606445e+01
   4.1180590e+06   2.6550293e+01
   4.1181330e+06   2.4963379e+01
   4.1181440e+06   1.8554688e+01
   4.1181690e+06   2.2155762e+01
   4.1181990e+06   2.5634766e+01
   4.1182430e+06   2.8381348e+01
   4.1182780e+06   2.5268555e+01
   4.1183260e+06   2.0324707e+01
   4.1183770e+06   2.3437500e+01
   4.1184700e+06   2.8991699e+01
   4.1185850e+06   2.8381348e+01
   4.1185990e+06   1.9836426e+01
   4.1187040e+06   3.7536621e+01
   4.1188020e+06   1.8798828e+01
   4.1188500e+06   2.4536133e+01
   4.1189100e+06   2.1240234e+01
   4.1189260e+06   2.1423340e+01
   4.1190620e+06   2.4108887e+01
   4.1191480e+06   2.7526855e+01
   4.1192630e+06   2.2216797e+01
   4.1195690e+06   2.6245117e+01
   4.1207680e+06   2.3193359e+01
   4.1210820e+06   2.3498535e+01
   4.1215630e+06   2.4047852e+01
   4.1219730e+06   2.6184082e+01
   4.1242710e+06   2.7221680e+01
   4.1248380e+06   1.9226074e+01
   4.1252640e+06   2.0385742e+01
   4.1265680e+06   2.3498535e+01
   4.1268680e+06   2.6123047e+01
   4.1269610e+06   4.0100098e+01
   4.1270150e+06   2.2277832e+01
   4.1270370e+06   1.8737793e+01
   4.1270570e+06   2.0080566e+01
   4.1270880e+06   3.5522461e+01
   4.1271120e+06   2.2521973e+01
   4.1271280e+06   3.3020020e+01
   4.1271440e+06   2.0935059e+01
   4.1271570e+06   2.4414062e+01
   4.1271950e+06   3.3813477e+01
   4.1272100e+06   2.3498535e+01
   4.1272250e+06   3.2348633e+01
   4.1272800e+06   1.9409180e+01
   4.1273030e+06   1.8981934e+01
   4.1273410e+06   2.0568848e+01
   4.1273630e+06   2.2216797e+01
   4.1273760e+06   1.8981934e+01
   4.1274400e+06   2.2460938e+01
   4.1274780e+06   2.0935059e+01
   4.1275140e+06   3.0639648e+01
   4.1275480e+06   3.1005859e+01
   4.1275680e+06   1.9470215e+01
   4.1275880e+06   2.5695801e+01
   4.1276320e+06   1.9531250e+01
   4.1276730e+06   3.0944824e+01
   4.1277030e+06   2.9296875e+01
   4.1277650e+06   1.9775391e+01
   4.1278240e+06   3.1005859e+01
   4.1278860e+06   2.1545410e+01
   4.1279950e+06   2.7221680e+01
   4.1280880e+06   2.1850586e+01
   4.1281320e+06   2.5085449e+01
   4.1282050e+06   2.3803711e+01
   4.1283080e+06   1.9836426e+01
   4.1284360e+06   2.0874023e+01
   4.1285450e+06   1.9531250e+01
   4.1288870e+06   2.3010254e+01
   4.1290100e+06   2.4841309e+01
   4.1293870e+06   2.1484375e+01
   4.1300900e+06   2.0080566e+01
   4.1302320e+06   1.8676758e+01
   4.1303900e+06   1.9470215e+01
   4.1308580e+06   1.8798828e+01
   4.1310300e+06   2.0568848e+01
   4.1312380e+06   2.1606445e+01
   4.1320670e+06   1.8920898e+01
   4.1337630e+06   2.0263672e+01
   4.1380820e+06   2.1240234e+01
   4.1384040e+06   2.5085449e+01
   4.1384340e+06   1.8859863e+01
   4.1384950e+06   2.5756836e+01
   4.1385280e+06   2.1423340e+01
   4.1385640e+06   2.1545410e+01
   4.1385760e+06   2.9479980e+01
   4.1385990e+06   1.9348145e+01
   4.1386300e+06   2.1728516e+01
   4.1386510e+06   3.5827637e+01
   4.1386750e+06   3.6743164e+01
   4.1386960e+06   2.0385742e+01
   4.1387130e+06   2.4291992e+01
   4.1387360e+06   3.7048340e+01
   4.1387490e+06   2.5085449e+01
   4.1387610e+06   1.8554688e+01
   4.1387860e+06   3.6804199e+01
   4.1388140e+06   2.0385742e+01
   4.1388410e+06   2.9235840e+01
   4.1388520e+06   3.1250000e+01
   4.1388790e+06   2.4353027e+01
   4.1389190e+06   2.4719238e+01
   4.1389660e+06   2.8747559e+01
   4.1389950e+06   3.3203125e+01
   4.1390290e+06   3.1494141e+01
   4.1390650e+06   2.2521973e+01
   4.1390960e+06   3.2287598e+01
   4.1391480e+06   2.3681641e+01
   4.1391850e+06   3.0578613e+01
   4.1392410e+06   2.3376465e+01
   4.1392910e+06   2.7648926e+01
   4.1393430e+06   2.3193359e+01
   4.1394250e+06   2.2766113e+01
   4.1394900e+06   2.2766113e+01
   4.1395070e+06   1.8798828e+01
   4.1395250e+06   2.1118164e+01
   4.1395440e+06   1.9165039e+01
   4.1396360e+06   2.7648926e+01
   4.1397170e+06   1.8981934e+01
   4.1398120e+06   2.0080566e+01
   4.1399010e+06   2.0385742e+01
   4.1399720e+06   2.1911621e+01
   4.1400920e+06   2.1850586e+01
   4.1402830e+06   2.0751953e+01
   4.1406560e+06   1.8554688e+01
   4.1417670e+06   2.1240234e+01
   4.1421300e+06   1.9104004e+01
   4.1423260e+06   2.3742676e+01
   4.1431110e+06   2.2216797e+01
   4.1434790e+06   2.1179199e+01
   4.1463140e+06   1.9226074e+01
   4.1464280e+06   2.1850586e+01
   4.1465740e+06   2.1423340e+01
   4.1467650e+06   1.8432617e+01
   4.1467760e+06   1.9714355e+01
   4.1469120e+06   2.9418945e+01
   4.1470180e+06   2.6550293e+01
   4.1470680e+06   2.1545410e+01
   4.1470840e+06   2.6977539e+01
   4.1471180e+06   2.1179199e+01
   4.1471440e+06   3.3874512e+01
   4.1471630e+06   3.4301758e+01
   4.1471750e+06   2.1057129e+01
   4.1471990e+06   3.0822754e+01
   4.1472290e+06   2.8259277e+01
   4.1472580e+06   1.9348145e+01
   4.1472790e+06   2.6306152e+01
   4.1472930e+06   2.0446777e+01
   4.1473500e+06   2.3498535e+01
   4.1473620e+06   2.2888184e+01
   4.1473860e+06   1.9714355e+01
   4.1473960e+06   1.8432617e+01
   4.1474420e+06   2.3071289e+01
   4.1474750e+06   3.2043457e+01
   4.1475170e+06   2.3376465e+01
   4.1475690e+06   2.8564453e+01
   4.1475970e+06   2.0446777e+01
   4.1476980e+06   2.4963379e+01
   4.1477170e+06   2.0263672e+01
   4.1478260e+06   2.2338867e+01
   4.1479710e+06   2.0263672e+01
   4.1480410e+06   2.5085449e+01
   4.1482650e+06   2.1362305e+01
   4.1484760e+06   1.8676758e+01
   4.1486030e+06   2.0751953e+01
   4.1488100e+06   1.9287109e+01
   4.1502270e+06   1.8432617e+01
   4.1531900e+06   2.1667480e+01
   4.1547850e+06   1.9165039e+01
   4.1552730e+06   1.9348145e+01
   4.1552970e+06   2.7221680e+01
   4.1553770e+06   1.8737793e+01
   4.1553900e+06   3.8208008e+01
   4.1554110e+06   1.9836426e+01
   4.1554540e+06   2.3437500e+01
   4.1554790e+06   3.7658691e+01
   4.1555030e+06   2.4414062e+01
   4.1555240e+06   1.8615723e+01
   4.1555450e+06   3.1433105e+01
   4.1555650e+06   2.5024414e+01
   4.1555890e+06   3.1616211e+01
   4.1556340e+06   3.5705566e+01
   4.1556730e+06   4.1931152e+01
   4.1557040e+06   2.3925781e+01
   4.1557160e+06   2.9357910e+01
   4.1557880e+06   2.4597168e+01
   4.1558070e+06   2.0996094e+01
   4.1558670e+06   1.9409180e+01
   4.1558980e+06   2.1972656e+01
   4.1559080e+06   2.9235840e+01
   4.1559650e+06   2.6916504e+01
   4.1559950e+06   1.8615723e+01
   4.1560510e+06   2.2216797e+01
   4.1560620e+06   2.2277832e+01
   4.1560980e+06   2.8503418e+01
   4.1561730e+06   3.0822754e+01
   4.1562120e+06   1.8798828e+01
   4.1562620e+06   1.8981934e+01
   4.1562990e+06   3.3203125e+01
   4.1563730e+06   2.0263672e+01
   4.1564220e+06   2.4719238e+01
   4.1565810e+06   1.8737793e+01
   4.1570250e+06   2.0324707e+01
   4.1573060e+06   1.8981934e+01
   4.1587690e+06   1.9470215e+01
   4.1592830e+06   2.2399902e+01
   4.1602050e+06   2.3498535e+01
   4.1648640e+06   2.1972656e+01
   4.1713210e+06   2.0080566e+01
   4.2953890e+06   2.3437500e+01
   4.3194360e+06   1.9958496e+01
   4.6613440e+06   3.1188965e+01
   4.6613650e+06   1.8554688e+01
   4.6614020e+06   2.5329590e+01
   4.6614390e+06   1.9653320e+01
   4.6614570e+06   3.3508301e+01
   4.6614780e+06   3.8085938e+01
   4.6614890e+06   3.5461426e+01
   4.6614990e+06   2.5573730e+01
   4.6615340e+06   3.7658691e+01
   4.6615650e+06   2.5817871e+01
   4.6615920e+06   2.3376465e+01
   4.6616120e+06   3.7902832e+01
   4.6616420e+06   3.7719727e+01
   4.6616690e+06   2.8747559e+01
   4.6616940e+06   3.4240723e+01
   4.6617230e+06   3.0639648e+01
   4.6617500e+06   3.1372070e+01
   4.6617850e+06   2.7526855e+01
   4.6618140e+06   2.6733398e+01
   4.6618490e+06   3.2897949e+01
   4.6618750e+06   2.0507812e+01
   4.6619490e+06   2.4047852e+01
   4.6619780e+06   1.9592285e+01
   4.6620030e+06   1.9958496e+01
   4.6620270e+06   1.9226074e+01
   4.6620380e+06   2.1972656e+01
   4.6620900e+06   2.7709961e+01
   4.6621660e+06   2.2277832e+01
   4.6622270e+06   1.8493652e+01
   4.6622510e+06   2.3376465e+01
   4.6623040e+06   2.5024414e+01
   4.6623340e+06   2.0263672e+01
   4.6623510e+06   2.6306152e+01
   4.6623800e+06   1.8798828e+01
   4.6624070e+06   3.1738281e+01
   4.6624540e+06   2.7770996e+01
   4.6624770e+06   1.8493652e+01
   4.6624910e+06   2.8747559e+01
   4.6625010e+06   2.7587891e+01
   4.6625230e+06   2.2338867e+01
   4.6626010e+06   2.9785156e+01
   4.6626720e+06   1.9348145e+01
   4.6627300e+06   2.5695801e+01
   4.6628200e+06   1.8920898e+01
   4.6629290e+06   2.1240234e+01
   4.6629570e+06   1.8676758e+01
   4.6630280e+06   2.4230957e+01
   4.6630460e+06   2.2827148e+01
   4.6632810e+06   2.0507812e+01
   4.6633650e+06   2.5024414e+01
   4.6634340e+06   2.2827148e+01
   4.6635970e+06   1.9653320e+01
   4.6641210e+06   2.3925781e+01
   4.6677590e+06   2.4353027e+01
   4.6706850e+06   2.3376465e+01
   4.6712570e+06   2.2216797e+01
   4.6722550e+06   2.6123047e+01
   4.6726760e+06   1.9165039e+01
   4.6736550e+06   2.4902344e+01
   4.6742930e+06   2.4108887e+01
   4.6750480e+06   1.8554688e+01
   4.6759520e+06   2.1789551e+01
   4.6766770e+06   2.2583008e+01
   4.6771040e+06   2.5085449e+01
   4.6778310e+06   2.1179199e+01
   4.6784250e+06   2.5024414e+01
   4.6794210e+06   1.9409180e+01
   4.6817690e+06   2.3498535e+01
   4.6838330e+06   2.0263672e+01
   4.6845260e+06   2.3620605e+01
   4.6866590e+06   2.3498535e+01
   4.6870570e+06   2.2521973e+01
   4.6878100e+06   2.2460938e+01
   4.6889470e+06   2.0935059e+01
   4.6900040e+06   2.4475098e+01
   4.6912060e+06   2.0141602e+01
   4.6934090e+06   2.5390625e+01
   4.6943590e+06   2.0935059e+01
   4.6975270e+06   2.2888184e+01
   4.6995110e+06   2.3254395e+01
   4.7026460e+06   1.8615723e+01
   4.7063960e+06   2.8991699e+01
   4.7082890e+06   1.8615723e+01
   4.7112490e+06   2.1362305e+01
   4.7182340e+06   2.3010254e+01
   4.7249330e+06   2.3071289e+01
   4.7318820e+06   2.1850586e+01
   4.7502150e+06   1.9226074e+01
   4.7681250e+06   2.0812988e+01
   4.8011100e+06   2.0935059e+01
   4.8744310e+06   2.9052734e+01
   4.8744530e+06   2.3071289e+01
   4.8744650e+06   2.0019531e+01
   4.8745010e+06   1.8676758e+01
   4.8745180e+06   3.1127930e+01
   4.8745550e+06   3.2775879e+01
   4.8745720e+06   2.4841309e+01
   4.8745850e+06   2.4719238e+01
   4.8746180e+06   2.8564453e+01
   4.8746450e+06   2.9174805e+01
   4.8746680e+06   2.7893066e+01
   4.8746900e+06   2.1240234e+01
   4.8747280e+06   1.9104004e+01
   4.8747710e+06   1.8615723e+01
   4.8747970e+06   3.1066895e+01
   4.8748280e+06   2.6916504e+01
   4.8748540e+06   2.7770996e+01
   4.8748770e+06   2.4963379e+01
   4.8748930e+06   1.8981934e+01
   4.8749050e+06   2.8198242e+01
   4.8749360e+06   2.3376465e+01
   4.8749700e+06   2.3315430e+01
   4.8749950e+06   2.3681641e+01
   4.8750250e+06   1.9042969e+01
   4.8750570e+06   2.2949219e+01
   4.8750950e+06   2.9785156e+01
   4.8751250e+06   2.0080566e+01
   4.8751510e+06   2.6733398e+01
   4.8751790e+06   2.3376465e+01
   4.8752300e+06   2.0446777e+01
   4.8752970e+06   3.1066895e+01
   4.8753190e+06   1.9348145e+01
   4.8753470e+06   2.8442383e+01
   4.8754240e+06   2.1179199e+01
   4.8754900e+06   2.0080566e+01
   4.8755400e+06   2.0996094e+01
   4.8755660e+06   2.0080566e+01
   4.8755920e+06   2.5085449e+01
   4.8756350e+06   1.9653320e+01
   4.8756530e+06   3.7048340e+01
   4.8757260e+06   2.0996094e+01
   4.8757920e+06   1.9042969e+01
   4.8758980e+06   2.4353027e+01
   4.8759340e+06   2.1057129e+01
   4.8759750e+06   2.2705078e+01
   4.8760890e+06   2.4414062e+01
   4.8761960e+06   1.8615723e+01
   4.8762080e+06   2.1850586e+01
   4.8762290e+06   1.8859863e+01
   4.8765220e+06   3.0944824e+01
   4.8768100e+06   2.0996094e+01
   4.8805260e+06   2.3620605e+01
   4.8807850e+06   2.4597168e+01
   4.8813140e+06   2.4108887e+01
   4.8831340e+06   2.2033691e+01
   4.8850940e+06   2.3132324e+01
   4.8854840e+06   2.3254395e+01
   4.8876480e+06   2.2216797e+01
   4.8882690e+06   2.2338867e+01
   4.8886470e+06   2.3437500e+01
   4.8904210e+06   2.2399902e+01
   4.8910250e+06   2.7526855e+01
   4.8926600e+06   1.9714355e+01
   4.8931470e+06   2.2094727e+01
   4.8942340e+06   1.9958496e+01
   4.8960120e+06   1.8859863e+01
   4.8975580e+06   1.9775391e+01
   4.8985220e+06   2.1545410e+01
   4.9003610e+06   2.7587891e+01
   4.9016450e+06   1.8981934e+01
   4.9022640e+06   2.0202637e+01
   4.9032670e+06   2.2705078e+01
   4.9056630e+06   2.0874023e+01
   4.9062970e+06   2.3254395e+01
   4.9074990e+06   2.7099609e+01
   4.9098650e+06   2.6367188e+01
   4.9104450e+06   2.4414062e+01
   4.9129020e+06   2.2521973e+01
   4.9155610e+06   2.0446777e+01
   4.9188380e+06   2.3681641e+01
   4.9310640e+06   2.3803711e+01
   4.9576230e+06   2.2338867e+01
   4.9939980e+06   2.4963379e+01
   4.9940600e+06   2.0996094e+01
   4.9940870e+06   2.2583008e+01
   4.9941050e+06   2.4169922e+01
   4.9941540e+06   2.2521973e+01
   4.9941660e+06   2.8320312e+01
   4.9941890e+06   2.3803711e+01
   4.9942130e+06   2.5085449e+01
   4.9942410e+06   2.3437500e+01
   4.9942770e+06   2.1789551e+01
   4.9942980e+06   2.9235840e+01
   4.9943140e+06   2.2705078e+01
   4.9943520e+06   3.4667969e+01
   4.9943860e+06   2.3498535e+01
   4.9944100e+06   2.4963379e+01
   4.9944270e+06   1.9714355e+01
   4.9944570e+06   2.1484375e+01
   4.9944710e+06   1.8676758e+01
   4.9945050e+06   3.3813477e+01
   4.9945370e+06   2.7160645e+01
   4.9945610e+06   2.2277832e+01
   4.9945810e+06   3.0639648e+01
   4.9946180e+06   2.4047852e+01
   4.9946430e+06   2.3193359e+01
   4.9946630e+06   2.0446777e+01
   4.9946990e+06   2.2094727e+01
   4.9947300e+06   2.0996094e+01
   4.9947990e+06   1.8676758e+01
   4.9948260e+06   2.3742676e+01
   4.9948580e+06   2.6855469e+01
   4.9948700e+06   2.4230957e+01
   4.9949470e+06   2.2277832e+01
   4.9949760e+06   1.8615723e+01
   4.9950400e+06   2.0874023e+01
   4.9951030e+06   2.3071289e+01
   4.9951190e+06   2.2033691e+01
   4.9951530e+06   2.3864746e+01
   4.9951870e+06   2.9113770e+01
   4.9952210e+06   1.9104004e+01
   4.9952490e+06   2.3803711e+01
   4.9952910e+06   2.9052734e+01
   4.9953510e+06   3.3325195e+01
   4.9953740e+06   1.9775391e+01
   4.9954040e+06   2.2216797e+01
   4.9954290e+06   2.0629883e+01
   4.9954880e+06   2.1545410e+01
   4.9955090e+06   2.2583008e+01
   4.9955730e+06   2.1057129e+01
   4.9956410e+06   2.0690918e+01
   4.9956940e+06   2.7770996e+01
   4.9957740e+06   2.7282715e+01
   4.9958660e+06   2.4902344e+01
   4.9959290e+06   2.1789551e+01
   4.9962840e+06   1.9531250e+01
   4.9963480e+06   1.8859863e+01
   4.9964600e+06   2.7465820e+01
   4.9966740e+06   2.3071289e+01
   4.9970140e+06   1.8554688e+01
   5.0004170e+06   2.1606445e+01
   5.0013710e+06   1.8615723e+01
   5.0026040e+06   2.2705078e+01
   5.0042730e+06   2.0996094e+01
   5.0050690e+06   2.0324707e+01
   5.0054960e+06   2.1484375e+01
   5.0062210e+06   2.0629883e+01
   5.0079360e+06   1.9531250e+01
   5.0097990e+06   1.9836426e+01
   5.0104810e+06   2.0874023e+01
   5.0122350e+06   2.0141602e+01
   5.0140160e+06   2.0263672e+01
   5.0160760e+06   2.7465820e+01
   5.0190090e+06   1.9287109e+01
   5.0213660e+06   2.1423340e+01
   5.0238210e+06   1.9287109e+01
   5.0274340e+06   1.9348145e+01
   5.0303820e+06   2.1728516e+01
   5.0323990e+06   2.4108887e+01
   5.0422870e+06   1.8676758e+01
   5.0681350e+06   2.4414062e+01
   5.3231280e+06   2.1728516e+01
   5.3231550e+06   5.0476074e+01
   5.3231830e+06   3.5461426e+01
   5.3232020e+06   2.8137207e+01
   5.3232170e+06   2.3681641e+01
   5.3232340e+06   3.0822754e+01
   5.3232460e+06   1.9165039e+01
   5.3232670e+06   3.7170410e+01
   5.3232940e+06   3.9611816e+01
   5.3233190e+06   3.4667969e+01
   5.3233400e+06   3.5339355e+01
   5.3233510e+06   2.7709961e+01
   5.3233690e+06   2.9541016e+01
   5.3233790e+06   3.4179688e+01
   5.3234120e+06   2.4536133e+01
   5.3234250e+06   2.4780273e+01
   5.3234370e+06   2.7099609e+01
   5.3234610e+06   2.0690918e+01
   5.3234920e+06   2.8381348e+01
   5.3235240e+06   2.7404785e+01
   5.3235560e+06   3.4118652e+01
   5.3235750e+06   3.1250000e+01
   5.3236230e+06   2.9663086e+01
   5.3236370e+06   2.4780273e+01
   5.3236590e+06   2.4719238e+01
   5.3236870e+06   1.9958496e+01
   5.3237320e+06   1.9531250e+01
   5.3237580e+06   1.9470215e+01
   5.3238040e+06   2.9846191e+01
   5.3238450e+06   1.9165039e+01
   5.3238570e+06   2.2094727e+01
   5.3238940e+06   1.8493652e+01
   5.3239280e+06   2.0263672e+01
   5.3239730e+06   1.8737793e+01
   5.3240230e+06   2.9907227e+01
   5.3240870e+06   2.4597168e+01
   5.3241380e+06   2.3498535e+01
   5.3241880e+06   1.9104004e+01
   5.3243300e+06   2.5817871e+01
   5.3243650e+06   1.9470215e+01
   5.3244110e+06   2.0080566e+01
   5.3244820e+06   1.9226074e+01
   5.3245360e+06   2.6428223e+01
   5.3245520e+06   2.4963379e+01
   5.3247040e+06   1.9836426e+01
   5.3247650e+06   1.9042969e+01
   5.3248010e+06   1.8676758e+01
   5.3248370e+06   1.9531250e+01
   5.3249120e+06   2.1606445e+01
   5.3250330e+06   2.2949219e+01
   5.3250460e+06   2.0385742e+01
   5.3251840e+06   2.0629883e+01
   5.3252000e+06   2.5634766e+01
   5.3252300e+06   2.0507812e+01
   5.3254490e+06   2.0141602e+01
   5.3267390e+06   2.2521973e+01
   5.3281830e+06   2.3376465e+01
   5.3299840e+06   2.0263672e+01
   5.3304020e+06   2.0629883e+01
   5.3309750e+06   1.8554688e+01
   5.3312590e+06   2.0080566e+01
   5.3323890e+06   2.4291992e+01
   5.3348740e+06   2.3498535e+01
   5.3354920e+06   2.2338867e+01
   5.3361100e+06   2.2338867e+01
   5.3375570e+06   2.0568848e+01
   5.3390230e+06   2.2033691e+01
   5.3393970e+06   2.1606445e+01
   5.3408190e+06   2.2644043e+01
   5.3434690e+06   2.6306152e+01
   5.3440820e+06   2.2338867e+01
   5.3450370e+06   2.5451660e+01
   5.3461490e+06   2.3071289e+01
   5.3475390e+06   2.2216797e+01
   5.3498450e+06   2.0935059e+01
   5.3502650e+06   2.3254395e+01
   5.3529920e+06   2.1667480e+01
   5.3557770e+06   2.6489258e+01
   5.3581470e+06   2.3071289e+01
   5.3610040e+06   2.3681641e+01
   5.3632000e+06   2.4414062e+01
   5.3667750e+06   2.3742676e+01
   5.3716730e+06   2.0141602e+01
   5.3776730e+06   2.1423340e+01
   5.5040400e+06   1.8737793e+01
   5.5040950e+06   2.0019531e+01
   5.5041270e+06   3.3386230e+01
   5.5041500e+06   3.8024902e+01
   5.5041820e+06   2.2827148e+01
   5.5042170e+06   4.0161133e+01
   5.5042310e+06   3.3264160e+01
   5.5042570e+06   2.9479980e+01
   5.5042760e+06   2.3864746e+01
   5.5043040e+06   2.3315430e+01
   5.5043180e+06   2.0874023e+01
   5.5043440e+06   3.0334473e+01
   5.5043730e+06   2.9357910e+01
   5.5043830e+06   2.0935059e+01
   5.5044030e+06   2.8808594e+01
   5.5044320e+06   2.9785156e+01
   5.5044620e+06   3.6865234e+01
   5.5044830e+06   2.3559570e+01
   5.5044990e+06   2.7587891e+01
   5.5045260e+06   1.8615723e+01
   5.5045510e+06   2.2705078e+01
   5.5045750e+06   2.8076172e+01
   5.5046110e+06   2.6306152e+01
   5.5046300e+06   1.9042969e+01
   5.5046760e+06   3.0517578e+01
   5.5046980e+06   1.9409180e+01
   5.5047220e+06   2.8015137e+01
   5.5047340e+06   2.1362305e+01
   5.5047830e+06   2.3620605e+01
   5.5048170e+06   2.7282715e+01
   5.5048750e+06   2.7465820e+01
   5.5049310e+06   2.3254395e+01
   5.5049490e+06   1.9958496e+01
   5.5049810e+06   2.4597168e+01
   5.5050100e+06   2.0385742e+01
   5.5050400e+06   2.1972656e+01
   5.5050730e+06   2.7526855e+01
   5.5051050e+06   2.5268555e+01
   5.5052330e+06   2.9602051e+01
   5.5052710e+06   2.0996094e+01
   5.5053210e+06   1.9287109e+01
   5.5053910e+06   1.8432617e+01
   5.5054010e+06   2.3498535e+01
   5.5054850e+06   2.7832031e+01
   5.5055800e+06   2.4475098e+01
   5.5056740e+06   1.9531250e+01
   5.5058940e+06   3.4729004e+01
   5.5059880e+06   1.8920898e+01
   5.5060580e+06   1.8920898e+01
   5.5061680e+06   2.3254395e+01
   5.5065550e+06   2.2705078e+01
   5.5097060e+06   2.0080566e+01
   5.5100070e+06   1.9042969e+01
   5.5105730e+06   2.4597168e+01
   5.5109780e+06   2.1789551e+01
   5.5122860e+06   2.2216797e+01
   5.5135960e+06   2.3010254e+01
   5.5154610e+06   1.9836426e+01
   5.5166830e+06   1.8676758e+01
   5.5172320e+06   2.9235840e+01
   5.5189780e+06   1.9653320e+01
   5.5193520e+06   2.2460937e+01
   5.5196080e+06   1.9348145e+01
   5.5196570e+06   2.1484375e+01
   5.5197720e+06   2.3010254e+01
   5.5197830e+06   2.7954102e+01
   5.5198340e+06   1.8920898e+01
   5.5198470e+06   2.8442383e+01
   5.5198800e+06   3.1311035e+01
   5.5199170e+06   1.9042969e+01
   5.5199350e+06   2.3864746e+01
   5.5199620e+06   3.3813477e+01
   5.5199850e+06   3.9550781e+01
   5.5199990e+06   2.6367188e+01
   5.5200240e+06   3.4606934e+01
   5.5200360e+06   2.8137207e+01
   5.5200470e+06   3.9001465e+01
   5.5200780e+06   2.9968262e+01
   5.5201060e+06   2.6916504e+01
   5.5201390e+06   3.0761719e+01
   5.5201660e+06   3.4362793e+01
   5.5201790e+06   2.1728516e+01
   5.5201910e+06   1.8554688e+01
   5.5202090e+06   2.4475098e+01
   5.5202400e+06   2.3132324e+01
   5.5202640e+06   2.7587891e+01
   5.5202970e+06   2.7709961e+01
   5.5203240e+06   2.7587891e+01
   5.5203510e+06   2.7099609e+01
   5.5203810e+06   2.6184082e+01
   5.5203910e+06   1.8737793e+01
   5.5204240e+06   2.5146484e+01
   5.5204570e+06   3.1738281e+01
   5.5204700e+06   2.0080566e+01
   5.5204950e+06   2.8808594e+01
   5.5205200e+06   3.1372070e+01
   5.5205500e+06   1.8493652e+01
   5.5205600e+06   2.1240234e+01
   5.5206070e+06   2.2644043e+01
   5.5206230e+06   1.8554688e+01
   5.5206730e+06   2.0080566e+01
   5.5207020e+06   1.9531250e+01
   5.5207180e+06   2.2216797e+01
   5.5207410e+06   2.8564453e+01
   5.5207770e+06   2.3437500e+01
   5.5208160e+06   2.0874023e+01
   5.5208840e+06   2.9174805e+01
   5.5209630e+06   2.5207520e+01
   5.5210550e+06   2.7709961e+01
   5.5211310e+06   3.9733887e+01
   5.5211840e+06   2.3681641e+01
   5.5212870e+06   3.0273438e+01
   5.5214730e+06   1.9042969e+01
   5.5215160e+06   2.5085449e+01
   5.5215920e+06   2.2705078e+01
   5.5216740e+06   2.0446777e+01
   5.5218000e+06   2.0507812e+01
   5.5219900e+06   1.9287109e+01
   5.5223950e+06   1.8920898e+01
   5.5225120e+06   2.2583008e+01
   5.5227240e+06   2.3925781e+01
   5.5230590e+06   2.2583008e+01
   5.5232270e+06   2.0812988e+01
   5.5239500e+06   1.8493652e+01
   5.5241620e+06   2.3376465e+01
   5.5255140e+06   1.9836426e+01
   5.5258060e+06   2.3986816e+01
   5.5260910e+06   2.2094727e+01
   5.5272180e+06   1.9470215e+01
   5.5275440e+06   1.9165039e+01
   5.5277470e+06   2.5512695e+01
   5.5293940e+06   2.2460937e+01
   5.5297760e+06   2.1606445e+01
   5.5311160e+06   1.9714355e+01
   5.5315180e+06   1.8554688e+01
   5.5320740e+06   2.5268555e+01
   5.5323690e+06   2.0568848e+01
   5.5326740e+06   1.9836426e+01
   5.5342840e+06   2.1484375e+01
   5.5357170e+06   2.3559570e+01
   5.5370280e+06   2.4291992e+01
   5.5373050e+06   3.2897949e+01
   5.5373360e+06   2.4963379e+01
   5.5373680e+06   4.5654297e+01
   5.5373820e+06   3.1494141e+01
   5.5374180e+06   3.9489746e+01
   5.5374580e+06   2.8076172e+01
   5.5374860e+06   2.2949219e+01
   5.5374970e+06   3.3020020e+01
   5.5375250e+06   2.8869629e+01
   5.5375560e+06   2.9968262e+01
   5.5375920e+06   2.5512695e+01
   5.5376150e+06   3.1982422e+01
   5.5376450e+06   2.7893066e+01
   5.5376740e+06   3.5461426e+01
   5.5376880e+06   2.0263672e+01
   5.5377150e+06   2.2888184e+01
   5.5377450e+06   2.2827148e+01
   5.5377560e+06   2.5756836e+01
   5.5377810e+06   2.4475098e+01
   5.5377910e+06   2.2888184e+01
   5.5378140e+06   2.5756836e+01
   5.5378400e+06   2.2460938e+01
   5.5378780e+06   2.4230957e+01
   5.5378880e+06   2.2216797e+01
   5.5379180e+06   2.1972656e+01
   5.5379480e+06   1.9958496e+01
   5.5379850e+06   2.3620605e+01
   5.5380030e+06   2.4780273e+01
   5.5380480e+06   2.5634766e+01
   5.5380720e+06   1.9470215e+01
   5.5380850e+06   2.4963379e+01
   5.5381190e+06   2.1606445e+01
   5.5381430e+06   2.4536133e+01
   5.5381540e+06   2.3376465e+01
   5.5381840e+06   2.1850586e+01
   5.5382230e+06   2.1850586e+01
   5.5382400e+06   2.1667480e+01
   5.5382740e+06   1.9653320e+01
   5.5383130e+06   1.9897461e+01
   5.5383750e+06   2.2033691e+01
   5.5384210e+06   2.4108887e+01
   5.5384360e+06   1.9104004e+01
   5.5384760e+06   2.2399902e+01
   5.5385300e+06   2.0324707e+01
   5.5386560e+06   2.5573730e+01
   5.5387250e+06   2.3620605e+01
   5.5387920e+06   1.8554688e+01
   5.5388720e+06   1.8554688e+01
   5.5389970e+06   2.1728516e+01
   5.5391920e+06   2.4353027e+01
   5.5393040e+06   2.1545410e+01
   5.5394800e+06   2.0446777e+01
   5.5395800e+06   2.1972656e+01
   5.5397730e+06   1.9104004e+01
   5.5401130e+06   2.3376465e+01
   5.5402450e+06   2.0568848e+01
   5.5406370e+06   2.0202637e+01
   5.5411360e+06   2.0629883e+01
   5.5419200e+06   2.1362305e+01
   5.5441280e+06   2.2094727e+01
   5.5451590e+06   2.2949219e+01
   5.5456840e+06   1.9836426e+01
   5.5459880e+06   2.1728516e+01
   5.5464890e+06   2.1789551e+01
   5.5468750e+06   1.9531250e+01
   5.5471670e+06   2.0751953e+01
   5.5477970e+06   2.3193359e+01
   5.5482590e+06   2.4536133e+01
   5.5482860e+06   2.4719238e+01
   5.5483020e+06   2.3803711e+01
   5.5483130e+06   3.0944824e+01
   5.5483430e+06   4.2541504e+01
   5.5483770e+06   1.9775391e+01
   5.5484040e+06   1.8737793e+01
   5.5484300e+06   3.5827637e+01
   5.5484500e+06   2.5329590e+01
   5.5484730e+06   3.1311035e+01
   5.5484980e+06   3.3508301e+01
   5.5485380e+06   2.0812988e+01
   5.5485580e+06   2.2583008e+01
   5.5485690e+06   1.9714355e+01
   5.5485990e+06   3.0273438e+01
   5.5486530e+06   2.2705078e+01
   5.5486810e+06   2.3254395e+01
   5.5486950e+06   1.8798828e+01
   5.5487680e+06   2.3498535e+01
   5.5488060e+06   2.8198242e+01
   5.5488380e+06   2.3376465e+01
   5.5488840e+06   3.7231445e+01
   5.5489340e+06   2.2033691e+01
   5.5489670e+06   3.1921387e+01
   5.5490110e+06   3.0639648e+01
   5.5490450e+06   3.0883789e+01
   5.5490900e+06   1.8432617e+01
   5.5492010e+06   2.2949219e+01
   5.5492300e+06   2.2094727e+01
   5.5492770e+06   2.3254395e+01
   5.5493920e+06   2.2521973e+01
   5.5494470e+06   1.9409180e+01
   5.5495050e+06   2.3437500e+01
   5.5496010e+06   1.9226074e+01
   5.5497830e+06   2.1484375e+01
   5.5500510e+06   2.0202637e+01
   5.5503940e+06   1.9897461e+01
   5.5506420e+06   1.8981934e+01
   5.5514250e+06   2.1484375e+01
   5.5515940e+06   2.1789551e+01
   5.5517490e+06   2.2949219e+01
   5.5523670e+06   2.1972656e+01
   5.5555580e+06   2.0324707e+01
   5.5568070e+06   2.5634766e+01
   5.5568510e+06   2.9113770e+01
   5.5568720e+06   2.0385742e+01
   5.5568910e+06   2.7709961e+01
   5.5569080e+06   2.7160645e+01
   5.5569190e+06   2.0874023e+01
   5.5569340e+06   5.1513672e+01
   5.5569530e+06   2.1545410e+01
   5.5569790e+06   1.9653320e+01
   5.5569930e+06   2.0751953e+01
   5.5570180e+06   2.4169922e+01
   5.5570480e+06   3.5461426e+01
   5.5570650e+06   1.9592285e+01
   5.5571000e+06   2.6428223e+01
   5.5571220e+06   2.3498535e+01
   5.5571440e+06   2.1606445e+01
   5.5571720e+06   2.0690918e+01
   5.5571850e+06   2.3376465e+01
   5.5572120e+06   3.6254883e+01
   5.5572330e+06   2.1301270e+01
   5.5572510e+06   3.1005859e+01
   5.5572650e+06   2.2338867e+01
   5.5573360e+06   1.8981934e+01
   5.5573680e+06   3.7353516e+01
   5.5574020e+06   2.8259277e+01
   5.5574600e+06   2.0263672e+01
   5.5574930e+06   2.4841309e+01
   5.5575270e+06   2.0874023e+01
   5.5577140e+06   2.2644043e+01
   5.5577670e+06   1.8676758e+01
   5.5577860e+06   2.4169922e+01
   5.5579180e+06   2.0202637e+01
   5.5580200e+06   2.3376465e+01
   5.5581210e+06   2.3681641e+01
   5.5585700e+06   1.8615723e+01
   5.5587990e+06   2.3193359e+01
   5.5589610e+06   1.8920898e+01
   5.5591790e+06   2.2033691e+01
   5.5594620e+06   1.9287109e+01
   5.5595470e+06   2.4841309e+01
   5.5603350e+06   1.8920898e+01
   5.5605230e+06   2.0446777e+01
   5.5615580e+06   1.8737793e+01
   5.5631870e+06   2.1728516e+01
   5.5664710e+06   2.1545410e+01
   5.5665150e+06   2.3376465e+01
   5.5665430e+06   3.2775879e+01
   5.5665610e+06   3.0395508e+01
   5.5665830e+06   3.7353516e+01
   5.5665960e+06   3.1921387e+01
   5.5666320e+06   2.1240234e+01
   5.5666570e+06   1.9653320e+01
   5.5666820e+06   2.5695801e+01
   5.5667130e+06   3.8757324e+01
   5.5667490e+06   3.6437988e+01
   5.5667800e+06   2.8747559e+01
   5.5668080e+06   2.4414062e+01
   5.5668190e+06   3.3874512e+01
   5.5668670e+06   2.6733398e+01
   5.5669110e+06   2.8625488e+01
   5.5669430e+06   2.4291992e+01
   5.5669850e+06   3.3630371e+01
   5.5670130e+06   3.1555176e+01
   5.5670560e+06   2.0874023e+01
   5.5671010e+06   2.5939941e+01
   5.5671470e+06   2.4169922e+01
   5.5671900e+06   1.9836426e+01
   5.5672220e+06   2.8747559e+01
   5.5672770e+06   2.4902344e+01
   5.5673310e+06   2.2827148e+01
   5.5673860e+06   2.4536133e+01
   5.5674290e+06   1.8676758e+01
   5.5674960e+06   1.9592285e+01
   5.5675900e+06   2.5146484e+01
   5.5676430e+06   2.1484375e+01
   5.5676970e+06   3.1616211e+01
   5.5678250e+06   2.3376465e+01
   5.5679360e+06   2.0263672e+01
   5.5684440e+06   1.8737793e+01
   5.5687950e+06   2.0874023e+01
   5.5692040e+06   1.8615723e+01
   5.5697050e+06   2.2949219e+01
   5.5699270e+06   2.4719238e+01
   5.5702090e+06   2.0141602e+01
   5.5716690e+06   1.8981934e+01
   5.5765210e+06   2.0568848e+01
   5.5767500e+06   2.2521973e+01
   5.5767790e+06   2.1667480e+01
   5.5768450e+06   1.9714355e+01
   5.5769150e+06   1.9531250e+01
   5.5769260e+06   3.2531738e+01
   5.5769760e+06   3.6437988e+01
   5.5770370e+06   3.6376953e+01
   5.5770530e+06   1.8615723e+01
   5.5770860e+06   4.5593262e+01
   5.5771010e+06   2.2766113e+01
   5.5771190e+06   2.1850586e+01
   5.5771360e+06   2.3559570e+01
   5.5771600e+06   2.2460938e+01
   5.5771950e+06   2.1728516e+01
   5.5772110e+06   2.4047852e+01
   5.5772440e+06   2.9846191e+01
   5.5772990e+06   2.1301270e+01
   5.5773110e+06   3.2043457e+01
   5.5773450e+06   2.1118164e+01
   5.5773750e+06   2.5878906e+01
   5.5773860e+06   1.8981934e+01
   5.5773990e+06   2.8869629e+01
   5.5774650e+06   2.9602051e+01
   5.5775090e+06   1.9226074e+01
   5.5775400e+06   1.9409180e+01
   5.5776020e+06   2.4902344e+01
   5.5776470e+06   2.6672363e+01
   5.5777210e+06   2.5634766e+01
   5.5778050e+06   2.0751953e+01
   5.5778260e+06   2.1179199e+01
   5.5779020e+06   3.2226562e+01
   5.5780300e+06   1.8798828e+01
   5.5781860e+06   2.2827148e+01
   5.5782790e+06   1.9042969e+01
   5.5784400e+06   2.1179199e+01
   5.5794170e+06   2.3071289e+01
   5.5801760e+06   2.1728516e+01
   5.5803710e+06   2.2277832e+01
   5.5811230e+06   2.2827148e+01
   5.5813270e+06   1.8493652e+01
   5.5825160e+06   2.6245117e+01
   5.5855600e+06   2.3864746e+01
   5.5859080e+06   1.8920898e+01
   5.5859760e+06   2.3986816e+01
   5.5860020e+06   1.8798828e+01
   5.5860290e+06   2.8503418e+01
   5.5860830e+06   3.2043457e+01
   5.5861330e+06   1.9287109e+01
   5.5861890e+06   3.5583496e+01
   5.5862030e+06   3.1127930e+01
   5.5862580e+06   3.2714844e+01
   5.5862940e+06   2.6184082e+01
   5.5863120e+06   1.9958496e+01
   5.5863470e+06   2.2277832e+01
   5.5863870e+06   2.4780273e+01
   5.5864080e+06   2.0202637e+01
   5.5864280e+06   2.3681641e+01
   5.5864390e+06   2.4597168e+01
   5.5864720e+06   2.4108887e+01
   5.5865240e+06   3.0700684e+01
   5.5865730e+06   2.0690918e+01
   5.5866190e+06   1.8493652e+01
   5.5866450e+06   2.0324707e+01
   5.5866710e+06   2.1423340e+01
   5.5867180e+06   1.9409180e+01
   5.5867560e+06   1.9653320e+01
   5.5867940e+06   1.8554688e+01
   5.5868250e+06   2.3071289e+01
   5.5869200e+06   3.1250000e+01
   5.5870400e+06   1.9653320e+01
   5.5872060e+06   2.2766113e+01
   5.5875620e+06   1.9348145e+01
   5.5877000e+06   2.3742676e+01
   5.5878770e+06   1.9409180e+01
   5.5880560e+06   1.8737793e+01
   5.5893060e+06   2.1118164e+01
   5.5897350e+06   2.5634766e+01
   5.5899830e+06   2.5573730e+01
   5.8529550e+06   2.0629883e+01
   5.8530500e+06   2.0263672e+01
   5.8530710e+06   2.2644043e+01
   5.8531110e+06   4.1442871e+01
   5.8531340e+06   2.1789551e+01
   5.8531540e+06   2.3864746e+01
   5.8531640e+06   2.4780273e+01
   5.8531870e+06   2.8442383e+01
   5.8531970e+06   1.9592285e+01
   5.8532180e+06   2.9479980e+01
   5.8532430e+06   2.8747559e+01
   5.8532550e+06   2.0996094e+01
   5.8532810e+06   2.1362305e+01
   5.8533150e+06   1.8554688e+01
   5.8533470e+06   2.0141602e+01
   5.8533790e+06   2.3620605e+01
   5.8534100e+06   3.8452148e+01
   5.8534450e+06   2.6000977e+01
   5.8534680e+06   3.3935547e+01
   5.8534930e+06   3.1311035e+01
   5.8535160e+06   2.0812988e+01
   5.8535500e+06   1.9226074e+01
   5.8535800e+06   2.7221680e+01
   5.8536070e+06   2.6367188e+01
   5.8536410e+06   2.1179199e+01
   5.8536710e+06   2.3315430e+01
   5.8537620e+06   2.3437500e+01
   5.8538150e+06   2.2094727e+01
   5.8538280e+06   1.8981934e+01
   5.8538430e+06   2.1423340e+01
   5.8538930e+06   1.8737793e+01
   5.8539460e+06   2.6489258e+01
   5.8540160e+06   2.3193359e+01
   5.8540760e+06   1.9042969e+01
   5.8541330e+06   2.2033691e+01
   5.8541680e+06   1.8676758e+01
   5.8542240e+06   1.8554688e+01
   5.8542840e+06   2.6245117e+01
   5.8543350e+06   2.2033691e+01
   5.8543940e+06   2.8686523e+01
   5.8544580e+06   2.0019531e+01
   5.8544960e+06   2.3925781e+01
   5.8545530e+06   2.4169922e+01
   5.8546450e+06   2.1301270e+01
   5.8547160e+06   2.9785156e+01
   5.8548590e+06   2.1362305e+01
   5.8552410e+06   2.9235840e+01
   5.8557200e+06   2.4963379e+01
   5.8592300e+06   2.2399902e+01
   5.8899890e+06   2.5695801e+01
   5.9192310e+06   2.1789551e+01
   5.9195540e+06   2.5329590e+01
   5.9196320e+06   1.9531250e+01
   5.9197120e+06   2.4047852e+01
   5.9197540e+06   2.1789551e+01
   5.9197680e+06   1.9775391e+01
   5.9197940e+06   1.8920898e+01
   5.9198130e+06   2.1667480e+01
   5.9198500e+06   2.5085449e+01
   5.9198600e+06   3.9428711e+01
   5.9199000e+06   2.0812988e+01
   5.9199280e+06   2.2277832e+01
   5.9199580e+06   2.5939941e+01
   5.9199740e+06   1.9104004e+01
   5.9199950e+06   3.1250000e+01
   5.9200240e+06   3.9855957e+01
   5.9200520e+06   2.2460938e+01
   5.9200790e+06   3.6621094e+01
   5.9200990e+06   2.8625488e+01
   5.9201270e+06   2.0751953e+01
   5.9201650e+06   3.2836914e+01
   5.9201900e+06   3.8635254e+01
   5.9202300e+06   2.0324707e+01
   5.9202580e+06   2.1850586e+01
   5.9202870e+06   2.4963379e+01
   5.9203270e+06   2.0263672e+01
   5.9203690e+06   2.4047852e+01
   5.9203960e+06   2.0812988e+01
   5.9204400e+06   2.2155762e+01
   5.9204600e+06   2.0019531e+01
   5.9205070e+06   2.1728516e+01
   5.9205400e+06   2.7160645e+01
   5.9205810e+06   2.3681641e+01
   5.9206140e+06   3.5766602e+01
   5.9206430e+06   2.2644043e+01
   5.9206600e+06   2.4536133e+01
   5.9207060e+06   2.7038574e+01
   5.9207330e+06   2.6733398e+01
   5.9207650e+06   1.8798828e+01
   5.9207750e+06   3.1005859e+01
   5.9208170e+06   3.5888672e+01
   5.9209390e+06   2.1789551e+01
   5.9210040e+06   2.2094727e+01
   5.9210240e+06   1.9287109e+01
   5.9210830e+06   2.5939941e+01
   5.9211460e+06   1.9348145e+01
   5.9211820e+06   2.2155762e+01
   5.9212550e+06   2.3620605e+01
   5.9214340e+06   2.1362305e+01
   5.9216070e+06   2.2399902e+01
   5.9217300e+06   1.8676758e+01
   5.9218490e+06   2.6977539e+01
   5.9219520e+06   2.4780273e+01
   5.9253090e+06   2.3986816e+01
   5.9259410e+06   2.3437500e+01
   5.9273420e+06   2.0080566e+01
   5.9334080e+06   2.5024414e+01
   5.9396290e+06   2.3559570e+01
   5.9429480e+06   2.1911621e+01
