   5.9990000e+06   0.0000000e+00
   4.0040000e+03   1.8615723e+01
   9.8200000e+03   1.8615723e+01
   9.8490000e+03   5.0903320e+01
   9.9050000e+03   2.2460938e+01
   9.9300000e+03   2.0202637e+01
   9.9910000e+03   5.2612305e+01
   1.0013000e+04   3.2653809e+01
   1.0045000e+04   4.1564941e+01
   1.0059000e+04   2.1423340e+01
   1.0069000e+04   5.0415039e+01
   1.0081000e+04   1.9775391e+01
   1.0091000e+04   2.3986816e+01
   1.0116000e+04   1.7272949e+01
   1.0131000e+04   2.1484375e+01
   1.0142000e+04   3.1066895e+01
   1.0161000e+04   5.3955078e+01
   1.0172000e+04   2.4230957e+01
   1.0185000e+04   2.9357910e+01
   1.0216000e+04   2.1911621e+01
   1.0232000e+04   1.8798828e+01
   1.0250000e+04   5.3161621e+01
   1.0273000e+04   2.6550293e+01
   1.0298000e+04   2.9541016e+01
   1.0326000e+04   4.8828125e+01
   1.0356000e+04   1.8432617e+01
   1.0370000e+04   2.2399902e+01
   1.0400000e+04   3.2348633e+01
   1.0423000e+04   2.4780273e+01
   1.0448000e+04   1.9165039e+01
   1.0464000e+04   2.3193359e+01
   1.0508000e+04   2.1667480e+01
   1.0538000e+04   4.3212891e+01
   1.0595000e+04   3.1066895e+01
   1.0609000e+04   2.2094727e+01
   1.0660000e+04   3.2958984e+01
   1.0673000e+04   2.1484375e+01
   1.0712000e+04   2.6794434e+01
   1.0726000e+04   3.1433105e+01
   1.0791000e+04   2.3803711e+01
   1.0852000e+04   2.3681641e+01
   1.0909000e+04   1.8859863e+01
   1.0921000e+04   2.1728516e+01
   1.1001000e+04   3.0639648e+01
   1.1095000e+04   3.1250000e+01
   1.1125000e+04   1.8615723e+01
   1.1159000e+04   1.8554688e+01
   1.1195000e+04   2.0019531e+01
   1.1227000e+04   2.5146484e+01
   1.1269000e+04   2.6672363e+01
   1.1289000e+04   2.2827148e+01
   1.1339000e+04   1.7211914e+01
   1.1443000e+04   1.9836426e+01
   1.1467000e+04   2.4414062e+01
   1.1547000e+04   2.2277832e+01
   1.1663000e+04   2.2644043e+01
   1.1691000e+04   2.4108887e+01
   1.1763000e+04   1.7639160e+01
   1.1786000e+04   2.2460938e+01
   1.2238000e+04   2.4841309e+01
   1.2485000e+04   2.4902344e+01
   1.2639000e+04   1.7822266e+01
   1.3333000e+04   1.7028809e+01
   1.3674000e+04   1.8554688e+01
   1.3943000e+04   3.3508301e+01
   1.4128000e+04   1.7639160e+01
   1.4179000e+04   3.8391113e+01
   1.4343000e+04   1.7089844e+01
   1.4384000e+04   3.2348633e+01
   1.4502000e+04   1.7578125e+01
   1.4530000e+04   2.3498535e+01
   1.4693000e+04   3.4423828e+01
   1.4879000e+04   3.7719727e+01
   1.4959000e+04   4.0405273e+01
   1.4999000e+04   1.9714355e+01
   1.5074000e+04   3.1372070e+01
   1.5175000e+04   1.9592285e+01
   1.5324000e+04   3.0151367e+01
   1.5361000e+04   1.7578125e+01
   1.5520000e+04   1.8493652e+01
   1.5705000e+04   2.1972656e+01
   1.5839000e+04   1.7395020e+01
   1.5986000e+04   1.9104004e+01
   1.6400000e+04   1.7700195e+01
   8.5528000e+04   1.7272949e+01
   1.0563400e+05   1.7578125e+01
   1.1692900e+05   2.4475098e+01
   1.3095000e+05   2.0935059e+01
   1.3097800e+05   2.2216797e+01
   1.3101000e+05   1.7333984e+01
   1.3106100e+05   5.3649902e+01
   1.3108800e+05   1.9897461e+01
   1.3112700e+05   4.5166016e+01
   1.3114200e+05   2.6000977e+01
   1.3116600e+05   1.9165039e+01
   1.3118100e+05   6.1157227e+01
   1.3120300e+05   2.3376465e+01
   1.3122500e+05   4.9316406e+01
   1.3124500e+05   2.1606445e+01
   1.3127100e+05   2.3559570e+01
   1.3128600e+05   1.9714355e+01
   1.3130300e+05   2.6916504e+01
   1.3133000e+05   2.5390625e+01
   1.3135400e+05   3.3142090e+01
   1.3138400e+05   2.7954102e+01
   1.3140600e+05   1.9104004e+01
   1.3142800e+05   2.2827148e+01
   1.3143900e+05   1.7700195e+01
   1.3145800e+05   5.9265137e+01
   1.3149400e+05   1.9165039e+01
   1.3151600e+05   3.4301758e+01
   1.3153500e+05   2.0935059e+01
   1.3156400e+05   2.0751953e+01
   1.3158500e+05   4.2602539e+01
   1.3160900e+05   1.8310547e+01
   1.3162800e+05   2.3742676e+01
   1.3166100e+05   3.5156250e+01
   1.3168800e+05   2.0263672e+01
   1.3172700e+05   4.1198730e+01
   1.3175900e+05   1.7089844e+01
   1.3176900e+05   1.9287109e+01
   1.3178100e+05   2.2766113e+01
   1.3180800e+05   2.6062012e+01
   1.3185300e+05   3.1677246e+01
   1.3192100e+05   1.8188477e+01
   1.3193700e+05   2.1972656e+01
   1.3196400e+05   1.7883301e+01
   1.3200900e+05   4.2785645e+01
   1.3206100e+05   1.7272949e+01
   1.3209100e+05   2.6000977e+01
   1.3210300e+05   1.8371582e+01
   1.3212700e+05   1.9470215e+01
   1.3216100e+05   1.7822266e+01
   1.3219500e+05   1.9531250e+01
   1.3222900e+05   2.8442383e+01
   1.3226200e+05   1.7333984e+01
   1.3230400e+05   2.0202637e+01
   1.3233900e+05   1.9348145e+01
   1.3235000e+05   1.8432617e+01
   1.3237500e+05   2.6855469e+01
   1.3240300e+05   1.8066406e+01
   1.3242700e+05   2.0812988e+01
   1.3248000e+05   2.3132324e+01
   1.3250000e+05   1.9531250e+01
   1.3255600e+05   1.9409180e+01
   1.3267400e+05   1.8188477e+01
   1.3273100e+05   1.7395020e+01
   1.3284400e+05   1.8127441e+01
   1.3298400e+05   1.7211914e+01
   1.3338700e+05   1.7822266e+01
   1.6385100e+05   1.9287109e+01
   1.7542500e+05   6.6040039e+01
   1.7545600e+05   5.2307129e+01
   1.7552400e+05   2.0263672e+01
   1.7555200e+05   2.6672363e+01
   1.7556600e+05   1.8066406e+01
   1.7560200e+05   2.0141602e+01
   1.7561600e+05   2.0507812e+01
   1.7562600e+05   5.6518555e+01
   1.7565800e+05   2.8442383e+01
   1.7567200e+05   3.0517578e+01
   1.7569100e+05   2.0507812e+01
   1.7571500e+05   6.4453125e+01
   1.7572900e+05   5.5969238e+01
   1.7575700e+05   2.1606445e+01
   1.7577800e+05   2.7587891e+01
   1.7580000e+05   2.1240234e+01
   1.7583300e+05   4.0039062e+01
   1.7586400e+05   1.7761230e+01
   1.7588900e+05   2.8686523e+01
   1.7590900e+05   5.0842285e+01
   1.7592200e+05   1.7211914e+01
   1.7595100e+05   2.2460938e+01
   1.7596300e+05   1.8737793e+01
   1.7598600e+05   2.8381348e+01
   1.7600500e+05   2.0874023e+01
   1.7603600e+05   2.6062012e+01
   1.7605300e+05   4.7058105e+01
   1.7609100e+05   3.0395508e+01
   1.7611400e+05   1.7028809e+01
   1.7613300e+05   3.3508301e+01
   1.7615100e+05   2.8625488e+01
   1.7619700e+05   2.6672363e+01
   1.7622000e+05   1.8859863e+01
   1.7625200e+05   2.0446777e+01
   1.7629200e+05   3.6254883e+01
   1.7633000e+05   2.5024414e+01
   1.7637100e+05   2.5573730e+01
   1.7640400e+05   2.0202637e+01
   1.7644200e+05   2.8869629e+01
   1.7648400e+05   2.0446777e+01
   1.7649800e+05   2.4475098e+01
   1.7652600e+05   2.2155762e+01
   1.7657500e+05   3.9062500e+01
   1.7658600e+05   1.8066406e+01
   1.7661300e+05   2.1972656e+01
   1.7664600e+05   2.4108887e+01
   1.7667300e+05   2.3132324e+01
   1.7671800e+05   1.9104004e+01
   1.7672800e+05   2.7954102e+01
   1.7678300e+05   1.9042969e+01
   1.7680500e+05   2.1545410e+01
   1.7683000e+05   2.5390625e+01
   1.7685700e+05   1.7517090e+01
   1.7687400e+05   1.9165039e+01
   1.7692900e+05   1.8493652e+01
   1.7694300e+05   1.7822266e+01
   1.7701000e+05   3.0029297e+01
   1.7702900e+05   1.7272949e+01
   1.7711400e+05   1.7639160e+01
   1.7733700e+05   1.9348145e+01
   1.7741000e+05   1.7028809e+01
   1.7772200e+05   1.7822266e+01
   1.7776400e+05   1.8005371e+01
   2.9921800e+05   1.7028809e+01
   3.0726500e+05   2.1484375e+01
   3.2070100e+05   1.7761230e+01
   3.2531500e+05   1.9287109e+01
   3.2895600e+05   2.1667480e+01
   3.3798800e+05   1.7089844e+01
   3.4988700e+05   2.2033691e+01
   3.5561300e+05   1.7089844e+01
   3.7313000e+05   2.3315430e+01
   3.9650600e+05   1.8737793e+01
   3.9973100e+05   1.9409180e+01
   4.4834000e+05   1.9958496e+01
   4.4837200e+05   2.7221680e+01
   4.4839400e+05   1.7456055e+01
   4.4841000e+05   6.6833496e+01
   4.4843000e+05   5.6823730e+01
   4.4844700e+05   5.3161621e+01
   4.4846100e+05   3.0517578e+01
   4.4847300e+05   3.7597656e+01
   4.4849400e+05   2.4291992e+01
   4.4851000e+05   2.7099609e+01
   4.4853900e+05   1.7456055e+01
   4.4856100e+05   2.3254395e+01
   4.4857500e+05   3.8269043e+01
   4.4860200e+05   2.5878906e+01
   4.4861600e+05   4.6569824e+01
   4.4864700e+05   1.9714355e+01
   4.4866400e+05   1.8737793e+01
   4.4868200e+05   7.9528809e+01
   4.4870500e+05   1.9104004e+01
   4.4873600e+05   2.3315430e+01
   4.4876400e+05   4.1564941e+01
   4.4882500e+05   3.4118652e+01
   4.4887400e+05   1.9042969e+01
   4.4889000e+05   4.6264648e+01
   4.4892400e+05   1.8432617e+01
   4.4895200e+05   3.3081055e+01
   4.4898400e+05   2.3254395e+01
   4.4900400e+05   2.4230957e+01
   4.4903700e+05   1.9042969e+01
   4.4905900e+05   1.8371582e+01
   4.4907100e+05   2.1362305e+01
   4.4908800e+05   1.7333984e+01
   4.4909900e+05   1.7089844e+01
   4.4915100e+05   1.9714355e+01
   4.4921300e+05   2.0568848e+01
   4.4923100e+05   2.5085449e+01
   4.4929300e+05   1.9592285e+01
   4.4931900e+05   2.2583008e+01
   4.4937100e+05   3.0151367e+01
   4.4943900e+05   2.1850586e+01
   4.4947800e+05   2.1545410e+01
   4.4952000e+05   1.7761230e+01
   4.4954100e+05   2.2094727e+01
   4.4956900e+05   1.8737793e+01
   4.4962700e+05   2.2949219e+01
   4.4965100e+05   2.6184082e+01
   4.4972300e+05   2.3132324e+01
   4.4978900e+05   1.7395020e+01
   4.4981600e+05   2.8869629e+01
   4.4983700e+05   1.7395020e+01
   4.4992100e+05   1.8249512e+01
   4.5002800e+05   1.7272949e+01
   4.5024400e+05   1.8615723e+01
   4.5031100e+05   2.0874023e+01
   4.5037100e+05   2.1057129e+01
   4.5050100e+05   1.9104004e+01
   5.1858900e+05   1.7639160e+01
   5.5558200e+05   2.0141602e+01
   5.5844700e+05   1.9958496e+01
   5.6921200e+05   1.7272949e+01
   5.8536600e+05   2.0996094e+01
   5.8875300e+05   2.0019531e+01
   5.9497600e+05   1.8188477e+01
   6.0695400e+05   1.7272949e+01
   6.1080100e+05   1.8066406e+01
   6.1082400e+05   2.0019531e+01
   6.1086000e+05   1.7028809e+01
   6.1090800e+05   2.0446777e+01
   6.1092000e+05   2.0019531e+01
   6.1093500e+05   6.0119629e+01
   6.1095600e+05   4.2175293e+01
   6.1097500e+05   4.1442871e+01
   6.1100200e+05   4.7790527e+01
   6.1102900e+05   2.2888184e+01
   6.1104900e+05   1.9042969e+01
   6.1107600e+05   2.8503418e+01
   6.1109500e+05   2.1972656e+01
   6.1110900e+05   2.7404785e+01
   6.1112200e+05   1.7272949e+01
   6.1115200e+05   5.4992676e+01
   6.1117000e+05   2.4230957e+01
   6.1118000e+05   2.9479980e+01
   6.1119000e+05   1.8005371e+01
   6.1120300e+05   1.8371582e+01
   6.1121600e+05   5.0537109e+01
   6.1123900e+05   3.6682129e+01
   6.1125400e+05   2.0202637e+01
   6.1128300e+05   2.2521973e+01
   6.1129500e+05   2.3193359e+01
   6.1130600e+05   2.0080566e+01
   6.1132900e+05   1.7211914e+01
   6.1135100e+05   3.5766602e+01
   6.1137100e+05   2.1118164e+01
   6.1139600e+05   3.6071777e+01
   6.1142600e+05   2.0751953e+01
   6.1143900e+05   3.0212402e+01
   6.1149900e+05   3.8452148e+01
   6.1152300e+05   1.8127441e+01
   6.1155400e+05   2.9357910e+01
   6.1157300e+05   1.8737793e+01
   6.1162000e+05   3.0029297e+01
   6.1167600e+05   2.0019531e+01
   6.1168800e+05   2.3437500e+01
   6.1172700e+05   1.8249512e+01
   6.1177600e+05   2.3498535e+01
   6.1179200e+05   2.0080566e+01
   6.1184500e+05   2.1179199e+01
   6.1189800e+05   2.1057129e+01
   6.1193400e+05   2.1301270e+01
   6.1198100e+05   2.8015137e+01
   6.1201900e+05   1.9714355e+01
   6.1205900e+05   2.1118164e+01
   6.1212600e+05   2.7587891e+01
   6.1220600e+05   1.8005371e+01
   6.1222700e+05   1.9775391e+01
   6.1224300e+05   1.9897461e+01
   6.1233000e+05   2.5207520e+01
   6.1238900e+05   1.8554688e+01
   6.1247600e+05   2.0874023e+01
   6.1250900e+05   2.0141602e+01
   6.1270800e+05   1.9104004e+01
   6.1297000e+05   2.5695801e+01
   6.1309600e+05   1.7272949e+01
   6.1721900e+05   1.7272949e+01
   6.1732400e+05   2.0812988e+01
   6.1742600e+05   1.8432617e+01
   6.1757300e+05   1.7822266e+01
   6.1781400e+05   5.2490234e+01
   6.1803600e+05   1.7700195e+01
   6.1804900e+05   4.6447754e+01
   6.1807300e+05   4.8950195e+01
   6.1816200e+05   2.3864746e+01
   6.1891300e+05   1.7089844e+01
   6.9850600e+05   1.8005371e+01
   7.0056100e+05   1.7211914e+01
   7.0192000e+05   1.8310547e+01
   7.0925200e+05   2.4169922e+01
   7.1165400e+05   1.7700195e+01
   7.2097500e+05   2.0629883e+01
   7.2447700e+05   1.7211914e+01
   7.2912000e+05   1.9470215e+01
   7.4613400e+05   1.8615723e+01
   7.4751600e+05   2.2338867e+01
   7.4765000e+05   2.0996094e+01
   7.4766200e+05   5.3100586e+01
   7.4768500e+05   2.9296875e+01
   7.4770600e+05   4.7485352e+01
   7.4771900e+05   1.7456055e+01
   7.4774200e+05   4.4860840e+01
   7.4776100e+05   2.6367188e+01
   7.4778500e+05   2.0629883e+01
   7.4781500e+05   3.1616211e+01
   7.4784000e+05   4.7302246e+01
   7.4787100e+05   2.2277832e+01
   7.4789900e+05   2.3376465e+01
   7.4791000e+05   1.8188477e+01
   7.4793300e+05   2.0996094e+01
   7.4794400e+05   2.8991699e+01
   7.4797900e+05   4.6813965e+01
   7.4799900e+05   2.9479980e+01
   7.4803000e+05   5.2429199e+01
   7.4804800e+05   2.0446777e+01
   7.4807400e+05   2.7709961e+01
   7.4809400e+05   1.8798828e+01
   7.4811600e+05   4.4433594e+01
   7.4814000e+05   1.7761230e+01
   7.4817000e+05   3.4973145e+01
   7.4821700e+05   1.9836426e+01
   7.4823900e+05   3.6437988e+01
   7.4825800e+05   2.3010254e+01
   7.4828100e+05   2.3803711e+01
   7.4830200e+05   3.3142090e+01
   7.4834800e+05   1.8371582e+01
   7.4837500e+05   2.7221680e+01
   7.4838900e+05   1.9348145e+01
   7.4842800e+05   2.4597168e+01
   7.4846600e+05   1.8432617e+01
   7.4848600e+05   2.5390625e+01
   7.4849800e+05   1.8920898e+01
   7.4853800e+05   2.6306152e+01
   7.4857600e+05   2.1667480e+01
   7.4861400e+05   1.7700195e+01
   7.4863500e+05   2.0141602e+01
   7.4868800e+05   1.7333984e+01
   7.4872000e+05   1.7089844e+01
   7.4874400e+05   1.7639160e+01
   7.4876100e+05   1.9836426e+01
   7.4880400e+05   1.9714355e+01
   7.4886300e+05   3.1066895e+01
   7.4887600e+05   1.7944336e+01
   7.4889000e+05   1.7761230e+01
   7.4890700e+05   1.7272949e+01
   7.4898300e+05   2.6184082e+01
   7.4899700e+05   1.8371582e+01
   7.4905200e+05   1.8127441e+01
   7.4909400e+05   2.2888184e+01
   7.4914600e+05   1.7822266e+01
   7.4922200e+05   2.0385742e+01
   7.4924600e+05   1.7333984e+01
   7.4942400e+05   1.7395020e+01
   7.4964600e+05   2.0019531e+01
   7.4990300e+05   1.7700195e+01
   7.5004900e+05   1.7211914e+01
   7.5029300e+05   3.0517578e+01
   8.1098300e+05   2.1667480e+01
   8.1120400e+05   2.2338867e+01
   8.1121500e+05   5.5236816e+01
   8.1125300e+05   1.8798828e+01
   8.1128300e+05   8.4106445e+01
   8.1129900e+05   2.9663086e+01
   8.1133300e+05   4.5043945e+01
   8.1134400e+05   5.0170898e+01
   8.1138200e+05   2.7221680e+01
   8.1140900e+05   3.1250000e+01
   8.1141900e+05   1.9042969e+01
   8.1143100e+05   6.0668945e+01
   8.1145700e+05   2.6672363e+01
   8.1148300e+05   2.9113770e+01
   8.1150100e+05   1.9592285e+01
   8.1152500e+05   2.6123047e+01
   8.1154000e+05   1.7761230e+01
   8.1155300e+05   1.7333984e+01
   8.1157400e+05   5.4382324e+01
   8.1158500e+05   2.0568848e+01
   8.1163300e+05   2.1179199e+01
   8.1165600e+05   4.5349121e+01
   8.1168900e+05   1.7639160e+01
   8.1170500e+05   3.1616211e+01
   8.1174300e+05   4.5349121e+01
   8.1178100e+05   1.8188477e+01
   8.1179300e+05   2.5268555e+01
   8.1185000e+05   4.5166016e+01
   8.1188300e+05   2.8625488e+01
   8.1195400e+05   2.8076172e+01
   8.1197900e+05   1.7822266e+01
   8.1201700e+05   4.1015625e+01
   8.1204000e+05   2.2338867e+01
   8.1208900e+05   1.9653320e+01
   8.1212300e+05   2.2583008e+01
   8.1217900e+05   2.7404785e+01
   8.1221800e+05   1.8371582e+01
   8.1237400e+05   1.7578125e+01
   8.1241400e+05   2.3925781e+01
   8.1244700e+05   2.0202637e+01
   8.1247500e+05   2.6672363e+01
   8.1257700e+05   1.9226074e+01
   8.1264600e+05   1.9104004e+01
   8.1271000e+05   1.8310547e+01
   8.1275900e+05   1.9348145e+01
   8.1278300e+05   1.7700195e+01
   8.1283700e+05   2.7832031e+01
   8.1291800e+05   1.8005371e+01
   8.1296900e+05   1.8371582e+01
   8.1310100e+05   1.7089844e+01
   8.1333400e+05   2.6611328e+01
   8.4840000e+05   1.7639160e+01
   8.4841800e+05   5.9936523e+01
   8.4843300e+05   4.9743652e+01
   8.4845200e+05   2.9113770e+01
   8.4847500e+05   2.9418945e+01
   8.4850600e+05   3.0883789e+01
   8.4853100e+05   3.6254883e+01
   8.4854800e+05   4.0771484e+01
   8.4857000e+05   2.1606445e+01
   8.4858800e+05   2.4047852e+01
   8.4860900e+05   2.4291992e+01
   8.4863200e+05   2.6489258e+01
   8.4865100e+05   4.2114258e+01
   8.4867600e+05   1.8615723e+01
   8.4870600e+05   2.4780273e+01
   8.4873400e+05   1.7883301e+01
   8.4874500e+05   3.1982422e+01
   8.4876300e+05   5.2856445e+01
   8.4878600e+05   3.0639648e+01
   8.4881000e+05   2.3010254e+01
   8.4884400e+05   4.2297363e+01
   8.4886000e+05   3.2775879e+01
   8.4889100e+05   2.1484375e+01
   8.4893900e+05   3.9001465e+01
   8.4898300e+05   2.2460938e+01
   8.4899600e+05   1.9226074e+01
   8.4905600e+05   4.4860840e+01
   8.4909700e+05   2.4658203e+01
   8.4912300e+05   1.7150879e+01
   8.4913300e+05   3.5461426e+01
   8.4916700e+05   2.2033691e+01
   8.4919000e+05   2.3864746e+01
   8.4921300e+05   2.5268555e+01
   8.4925900e+05   2.6733398e+01
   8.4932300e+05   2.3132324e+01
   8.4935000e+05   2.2094727e+01
   8.4938600e+05   2.6855469e+01
   8.4944800e+05   2.2399902e+01
   8.4946600e+05   1.8493652e+01
   8.4950600e+05   1.7517090e+01
   8.4957100e+05   2.1118164e+01
   8.4959400e+05   1.7333984e+01
   8.4966200e+05   2.6489258e+01
   8.4971400e+05   1.8859863e+01
   8.4973600e+05   2.5756836e+01
   8.4974800e+05   1.7333984e+01
   8.4982200e+05   1.7700195e+01
   8.4985900e+05   1.7395020e+01
   8.4989400e+05   1.9592285e+01
   8.5001500e+05   1.9470215e+01
   8.5021500e+05   2.1057129e+01
   8.5027300e+05   2.0080566e+01
   8.5032000e+05   1.8493652e+01
   8.5056400e+05   1.8615723e+01
   9.4055900e+05   1.7944336e+01
   1.0621410e+06   2.3315430e+01
   1.0621510e+06   2.3742676e+01
   1.0621780e+06   5.5236816e+01
   1.0622170e+06   1.7333984e+01
   1.0622310e+06   5.3588867e+01
   1.0623520e+06   1.7517090e+01
   1.0623680e+06   2.8137207e+01
   1.0623920e+06   5.6945801e+01
   1.0624100e+06   1.7517090e+01
   1.0624360e+06   5.7067871e+01
   1.0624650e+06   4.1076660e+01
   1.0624780e+06   2.6489258e+01
   1.0625060e+06   3.6865234e+01
   1.0625340e+06   3.1066895e+01
   1.0625640e+06   4.6264648e+01
   1.0625740e+06   2.2216797e+01
   1.0626170e+06   2.5329590e+01
   1.0626430e+06   2.2827148e+01
   1.0626690e+06   3.7353516e+01
   1.0626900e+06   4.4433594e+01
   1.0627180e+06   2.5512695e+01
   1.0627340e+06   1.9287109e+01
   1.0627600e+06   2.7160645e+01
   1.0627700e+06   1.7883301e+01
   1.0627810e+06   1.8310547e+01
   1.0628090e+06   1.7395020e+01
   1.0628340e+06   4.4616699e+01
   1.0628780e+06   1.8310547e+01
   1.0628950e+06   3.7292480e+01
   1.0629110e+06   1.7578125e+01
   1.0629280e+06   2.0019531e+01
   1.0629470e+06   2.4353027e+01
   1.0629630e+06   4.4799805e+01
   1.0629900e+06   2.0141602e+01
   1.0630100e+06   2.9663086e+01
   1.0630360e+06   3.7170410e+01
   1.0630990e+06   2.9418945e+01
   1.0631200e+06   2.7465820e+01
   1.0631310e+06   1.9714355e+01
   1.0631690e+06   1.7089844e+01
   1.0631820e+06   3.5888672e+01
   1.0632410e+06   3.3813477e+01
   1.0633050e+06   1.8554688e+01
   1.0633200e+06   2.0690918e+01
   1.0634070e+06   2.9785156e+01
   1.0634450e+06   1.7883301e+01
   1.0634760e+06   1.9348145e+01
   1.0634950e+06   1.7456055e+01
   1.0635450e+06   1.8981934e+01
   1.0635620e+06   2.3498535e+01
   1.0635950e+06   1.8493652e+01
   1.0636270e+06   1.8859863e+01
   1.0636510e+06   2.0324707e+01
   1.0637160e+06   2.4658203e+01
   1.0637610e+06   2.2888184e+01
   1.0638690e+06   2.6855469e+01
   1.0638910e+06   1.7028809e+01
   1.0640780e+06   1.9104004e+01
   1.0641890e+06   2.1362305e+01
   1.0644010e+06   2.1789551e+01
   1.1524120e+06   1.9470215e+01
   1.1550220e+06   1.9042969e+01
   1.1624920e+06   1.7150879e+01
   1.1634750e+06   2.0568848e+01
   1.1946290e+06   1.7272949e+01
   1.1962860e+06   2.0507812e+01
   1.2243750e+06   1.8615723e+01
   1.2243890e+06   1.7272949e+01
   1.2244270e+06   2.2827148e+01
   1.2244680e+06   2.0080566e+01
   1.2245530e+06   2.4536133e+01
   1.2245830e+06   4.7180176e+01
   1.2246040e+06   6.1340332e+01
   1.2246210e+06   3.0883789e+01
   1.2246520e+06   3.8696289e+01
   1.2246660e+06   2.0019531e+01
   1.2246810e+06   2.7099609e+01
   1.2246970e+06   2.0996094e+01
   1.2247150e+06   7.2509766e+01
   1.2247260e+06   2.3864746e+01
   1.2247510e+06   2.4353027e+01
   1.2247630e+06   2.7404785e+01
   1.2247910e+06   1.9897461e+01
   1.2248200e+06   5.1696777e+01
   1.2248340e+06   2.9235840e+01
   1.2248610e+06   2.7526855e+01
   1.2248840e+06   2.5695801e+01
   1.2249130e+06   2.1118164e+01
   1.2249290e+06   2.0751953e+01
   1.2249490e+06   2.1972656e+01
   1.2249610e+06   1.8859863e+01
   1.2249840e+06   3.5705566e+01
   1.2250210e+06   2.0812988e+01
   1.2250440e+06   3.6376953e+01
   1.2250650e+06   1.8005371e+01
   1.2250810e+06   3.5644531e+01
   1.2251120e+06   4.7302246e+01
   1.2251400e+06   3.2958984e+01
   1.2251780e+06   2.1301270e+01
   1.2251940e+06   3.5034180e+01
   1.2252110e+06   2.1240234e+01
   1.2252740e+06   2.7465820e+01
   1.2253490e+06   2.4719238e+01
   1.2253700e+06   1.7211914e+01
   1.2254180e+06   2.3315430e+01
   1.2254870e+06   2.1057129e+01
   1.2255000e+06   2.2277832e+01
   1.2255580e+06   1.8127441e+01
   1.2255880e+06   2.4047852e+01
   1.2256040e+06   2.1606445e+01
   1.2256400e+06   1.7700195e+01
   1.2256890e+06   1.7272949e+01
   1.2257580e+06   4.0161133e+01
   1.2257790e+06   2.0507812e+01
   1.2258310e+06   1.9897461e+01
   1.2258940e+06   2.0996094e+01
   1.2259320e+06   2.0690918e+01
   1.2259930e+06   1.7333984e+01
   1.2260090e+06   1.7089844e+01
   1.2260410e+06   1.9104004e+01
   1.2260890e+06   1.7028809e+01
   1.2261230e+06   1.7822266e+01
   1.2261810e+06   2.2155762e+01
   1.2262350e+06   1.8981934e+01
   1.2265300e+06   2.0141602e+01
   1.2266450e+06   2.7343750e+01
   1.3436710e+06   2.2155762e+01
   1.3471670e+06   1.7333984e+01
   1.3571270e+06   1.8981934e+01
   1.3579030e+06   1.7211914e+01
   1.3579620e+06   2.0080566e+01
   1.3579970e+06   4.1748047e+01
   1.3580270e+06   5.9997559e+01
   1.3580460e+06   3.1982422e+01
   1.3580760e+06   4.6936035e+01
   1.3580950e+06   2.4230957e+01
   1.3581230e+06   3.7109375e+01
   1.3581410e+06   2.2155762e+01
   1.3581600e+06   1.9042969e+01
   1.3581760e+06   2.9418945e+01
   1.3581980e+06   2.1118164e+01
   1.3582190e+06   4.9865723e+01
   1.3582470e+06   2.4719238e+01
   1.3582760e+06   1.7944336e+01
   1.3583200e+06   4.1381836e+01
   1.3583740e+06   2.2583008e+01
   1.3584030e+06   4.6142578e+01
   1.3584690e+06   3.8696289e+01
   1.3585300e+06   4.8339844e+01
   1.3585650e+06   1.7272949e+01
   1.3586040e+06   2.6550293e+01
   1.3586170e+06   3.6376953e+01
   1.3586460e+06   1.8127441e+01
   1.3586910e+06   2.9296875e+01
   1.3587290e+06   2.4291992e+01
   1.3587690e+06   2.7893066e+01
   1.3587950e+06   2.0507812e+01
   1.3588250e+06   1.8981934e+01
   1.3588610e+06   2.7587891e+01
   1.3588970e+06   1.9897461e+01
   1.3589450e+06   1.8554688e+01
   1.3589550e+06   2.5146484e+01
   1.3590380e+06   2.6855469e+01
   1.3590490e+06   3.4118652e+01
   1.3591250e+06   2.1423340e+01
   1.3592190e+06   2.8747559e+01
   1.3593090e+06   2.0568848e+01
   1.3593380e+06   2.0874023e+01
   1.3593930e+06   1.9897461e+01
   1.3594260e+06   3.2958984e+01
   1.3594770e+06   1.8249512e+01
   1.3595240e+06   2.1118164e+01
   1.3597230e+06   1.7456055e+01
   1.3601410e+06   2.3681641e+01
   1.4570920e+06   1.7578125e+01
   1.5099480e+06   2.0324707e+01
   1.5101430e+06   2.3559570e+01
   1.5101940e+06   2.8564453e+01
   1.5102110e+06   2.6428223e+01
   1.5102240e+06   4.8278809e+01
   1.5102390e+06   2.8320312e+01
   1.5102600e+06   4.6325684e+01
   1.5102720e+06   4.1198730e+01
   1.5102900e+06   2.4108887e+01
   1.5103140e+06   4.9499512e+01
   1.5103250e+06   3.1616211e+01
   1.5103510e+06   2.5634766e+01
   1.5103750e+06   3.2958984e+01
   1.5103880e+06   3.6376953e+01
   1.5104210e+06   2.3437500e+01
   1.5104350e+06   4.4067383e+01
   1.5104610e+06   1.7456055e+01
   1.5104800e+06   2.3559570e+01
   1.5105130e+06   4.0954590e+01
   1.5105440e+06   2.1179199e+01
   1.5105560e+06   1.8493652e+01
   1.5105910e+06   5.3100586e+01
   1.5106250e+06   2.2766113e+01
   1.5106560e+06   4.4128418e+01
   1.5106940e+06   1.7211914e+01
   1.5107200e+06   2.3986816e+01
   1.5107450e+06   1.9348145e+01
   1.5107560e+06   2.7648926e+01
   1.5108060e+06   1.9226074e+01
   1.5108420e+06   2.6367188e+01
   1.5108710e+06   3.8757324e+01
   1.5109120e+06   2.9602051e+01
   1.5109250e+06   2.0568848e+01
   1.5109550e+06   1.7333984e+01
   1.5109980e+06   1.8676758e+01
   1.5110170e+06   2.8808594e+01
   1.5110310e+06   1.8676758e+01
   1.5110580e+06   1.8920898e+01
   1.5110900e+06   2.3986816e+01
   1.5111440e+06   2.9418945e+01
   1.5111590e+06   2.1362305e+01
   1.5111790e+06   2.0812988e+01
   1.5112070e+06   1.8005371e+01
   1.5112300e+06   2.1972656e+01
   1.5112810e+06   1.7822266e+01
   1.5113500e+06   2.1301270e+01
   1.5114100e+06   1.9470215e+01
   1.5114340e+06   1.8249512e+01
   1.5114690e+06   1.8737793e+01
   1.5116190e+06   2.5512695e+01
   1.5116570e+06   2.1789551e+01
   1.5116870e+06   2.7099609e+01
   1.5117420e+06   2.1057129e+01
   1.5120220e+06   1.9836426e+01
   1.5122230e+06   1.8432617e+01
   1.5156500e+06   1.8310547e+01
   1.5162420e+06   1.7028809e+01
   1.5162620e+06   1.7272949e+01
   1.5163570e+06   1.9165039e+01
   1.5165640e+06   1.7761230e+01
   1.5170420e+06   4.2724609e+01
   1.5170910e+06   1.8310547e+01
   1.5172640e+06   3.5156250e+01
   1.5173440e+06   1.8920898e+01
   1.5174530e+06   1.9470215e+01
   1.5174750e+06   3.9855957e+01
   1.5176470e+06   2.0507812e+01
   1.5176750e+06   4.5410156e+01
   1.5178050e+06   1.7700195e+01
   1.5178870e+06   3.5644531e+01
   1.5179200e+06   5.5114746e+01
   1.5181020e+06   3.2287598e+01
   1.5182130e+06   1.9287109e+01
   1.5182730e+06   3.5949707e+01
   1.5574400e+06   1.8920898e+01
   1.5574760e+06   2.0812988e+01
   1.5575180e+06   2.6184082e+01
   1.5575510e+06   1.8249512e+01
   1.5575770e+06   5.3955078e+01
   1.5576230e+06   2.0996094e+01
   1.5576820e+06   2.0690918e+01
   1.5577090e+06   6.2683105e+01
   1.5577350e+06   1.8676758e+01
   1.5577900e+06   1.7578125e+01
   1.5578010e+06   4.7302246e+01
   1.5578310e+06   3.5888672e+01
   1.5578500e+06   3.4362793e+01
   1.5578750e+06   3.1738281e+01
   1.5578950e+06   5.0659180e+01
   1.5579200e+06   3.0395508e+01
   1.5579530e+06   2.6062012e+01
   1.5579640e+06   1.9531250e+01
   1.5579900e+06   2.2705078e+01
   1.5580080e+06   3.1066895e+01
   1.5580240e+06   4.5104980e+01
   1.5580510e+06   2.0507812e+01
   1.5580710e+06   2.5878906e+01
   1.5580890e+06   4.3273926e+01
   1.5581200e+06   2.9174805e+01
   1.5581480e+06   2.2094727e+01
   1.5581610e+06   2.2705078e+01
   1.5581910e+06   2.0507812e+01
   1.5582270e+06   2.3010254e+01
   1.5582540e+06   1.8676758e+01
   1.5582650e+06   2.3437500e+01
   1.5582820e+06   3.9978027e+01
   1.5582920e+06   2.3986816e+01
   1.5583180e+06   2.0629883e+01
   1.5583480e+06   1.7517090e+01
   1.5583740e+06   3.3508301e+01
   1.5584010e+06   1.9470215e+01
   1.5584470e+06   1.8676758e+01
   1.5584750e+06   3.5888672e+01
   1.5585350e+06   1.9775391e+01
   1.5585860e+06   2.0080566e+01
   1.5586280e+06   3.8024902e+01
   1.5586590e+06   2.0446777e+01
   1.5587210e+06   2.1484375e+01
   1.5587710e+06   1.7272949e+01
   1.5587950e+06   1.8493652e+01
   1.5588430e+06   2.0202637e+01
   1.5588580e+06   1.7639160e+01
   1.5589190e+06   1.9165039e+01
   1.5589580e+06   2.0263672e+01
   1.5589810e+06   2.7893066e+01
   1.5590120e+06   1.7028809e+01
   1.5590520e+06   1.9409180e+01
   1.5590640e+06   2.2338867e+01
   1.5590900e+06   1.7395020e+01
   1.5592080e+06   2.6428223e+01
   1.5592640e+06   1.9470215e+01
   1.5592990e+06   1.7395020e+01
   1.5593230e+06   1.8554688e+01
   1.5593970e+06   1.7272949e+01
   1.5595030e+06   1.9836426e+01
   1.5596670e+06   1.7639160e+01
   1.7061470e+06   1.7150879e+01
   1.7062190e+06   2.0080566e+01
   1.7062620e+06   5.1757813e+01
   1.7062840e+06   1.8066406e+01
   1.7062960e+06   1.7883301e+01
   1.7063220e+06   1.8005371e+01
   1.7063360e+06   5.3833008e+01
   1.7063590e+06   5.0292969e+01
   1.7063740e+06   2.9479980e+01
   1.7064120e+06   2.4108887e+01
   1.7064230e+06   5.2734375e+01
   1.7064490e+06   4.2297363e+01
   1.7064860e+06   4.8095703e+01
   1.7065030e+06   2.8076172e+01
   1.7065210e+06   2.5451660e+01
   1.7065430e+06   3.1616211e+01
   1.7065620e+06   2.1545410e+01
   1.7065900e+06   2.8930664e+01
   1.7066140e+06   1.9897461e+01
   1.7066280e+06   2.6306152e+01
   1.7066830e+06   2.3132324e+01
   1.7066970e+06   2.4963379e+01
   1.7067140e+06   1.7211914e+01
   1.7067260e+06   2.6428223e+01
   1.7067490e+06   5.1330566e+01
   1.7067770e+06   1.7944336e+01
   1.7067900e+06   2.7465820e+01
   1.7068040e+06   4.1931152e+01
   1.7068340e+06   2.3498535e+01
   1.7068540e+06   1.8554688e+01
   1.7068700e+06   3.5522461e+01
   1.7068870e+06   2.3986816e+01
   1.7069030e+06   2.1911621e+01
   1.7069800e+06   4.1381836e+01
   1.7070070e+06   1.7517090e+01
   1.7070590e+06   4.1320801e+01
   1.7070770e+06   2.1118164e+01
   1.7071130e+06   2.9235840e+01
   1.7071530e+06   1.9714355e+01
   1.7071840e+06   4.2968750e+01
   1.7072120e+06   1.8310547e+01
   1.7072360e+06   2.0263672e+01
   1.7072570e+06   3.7292480e+01
   1.7073460e+06   3.1677246e+01
   1.7074080e+06   1.7089844e+01
   1.7074320e+06   2.8625488e+01
   1.7074540e+06   1.8859863e+01
   1.7075440e+06   1.9470215e+01
   1.7075570e+06   1.9042969e+01
   1.7075770e+06   2.3010254e+01
   1.7076010e+06   1.8005371e+01
   1.7076340e+06   2.4963379e+01
   1.7076790e+06   3.2836914e+01
   1.7076960e+06   1.8493652e+01
   1.7077160e+06   1.7456055e+01
   1.7077910e+06   1.7700195e+01
   1.7079500e+06   1.7517090e+01
   1.7081120e+06   2.1728516e+01
   1.7081700e+06   2.1179199e+01
   1.7083700e+06   1.7272949e+01
   1.7223150e+06   1.7272949e+01
   1.7224170e+06   4.9865723e+01
   1.7224850e+06   2.1667480e+01
   1.7225050e+06   2.3132324e+01
   1.7225870e+06   4.0405273e+01
   1.7226080e+06   2.2949219e+01
   1.7226280e+06   5.9753418e+01
   1.7226510e+06   1.7578125e+01
   1.7226880e+06   1.7456055e+01
   1.7227130e+06   4.2602539e+01
   1.7227420e+06   6.2072754e+01
   1.7228060e+06   6.4270020e+01
   1.7228200e+06   3.9184570e+01
   1.7228330e+06   2.0690918e+01
   1.7228660e+06   3.8269043e+01
   1.7228840e+06   2.0385742e+01
   1.7229100e+06   4.9316406e+01
   1.7229310e+06   3.5156250e+01
   1.7229580e+06   2.3864746e+01
   1.7229880e+06   2.3803711e+01
   1.7230200e+06   3.0944824e+01
   1.7230490e+06   4.6020508e+01
   1.7230620e+06   2.0263672e+01
   1.7230800e+06   1.9165039e+01
   1.7230940e+06   1.8371582e+01
   1.7231040e+06   3.8208008e+01
   1.7231520e+06   3.1250000e+01
   1.7231880e+06   2.1789551e+01
   1.7232220e+06   1.9714355e+01
   1.7232450e+06   2.3132324e+01
   1.7232690e+06   1.8554688e+01
   1.7232990e+06   1.9531250e+01
   1.7233380e+06   1.9836426e+01
   1.7233670e+06   1.7028809e+01
   1.7234520e+06   2.2521973e+01
   1.7234640e+06   1.8249512e+01
   1.7235010e+06   1.7211914e+01
   1.7235330e+06   1.7822266e+01
   1.7235850e+06   2.0263672e+01
   1.7236280e+06   1.9165039e+01
   1.7236680e+06   2.8320312e+01
   1.7236830e+06   1.7272949e+01
   1.7237480e+06   1.7333984e+01
   1.7237680e+06   1.9348145e+01
   1.7237940e+06   1.8310547e+01
   1.7239140e+06   3.1005859e+01
   1.7239570e+06   1.7639160e+01
   1.7240930e+06   1.8249512e+01
   1.7241430e+06   2.4230957e+01
   1.7242600e+06   1.8371582e+01
   1.7243220e+06   2.0080566e+01
   1.7244310e+06   1.7089844e+01
   1.7244690e+06   2.0935059e+01
   1.7244840e+06   1.9958496e+01
   1.7245330e+06   1.9470215e+01
   1.7245610e+06   1.8676758e+01
   1.7246250e+06   2.4353027e+01
   1.7246570e+06   1.7028809e+01
   1.7362140e+06   2.3132324e+01
   1.7362520e+06   5.4443359e+01
   1.7363130e+06   3.4240723e+01
   1.7363310e+06   6.1218262e+01
   1.7363490e+06   4.8950195e+01
   1.7363800e+06   5.5908203e+01
   1.7364130e+06   5.8776855e+01
   1.7364380e+06   4.1259766e+01
   1.7364550e+06   2.0202637e+01
   1.7364750e+06   2.3681641e+01
   1.7364930e+06   3.9367676e+01
   1.7365190e+06   4.1137695e+01
   1.7365490e+06   4.2663574e+01
   1.7365650e+06   3.3691406e+01
   1.7365920e+06   3.8696289e+01
   1.7366050e+06   3.8024902e+01
   1.7366440e+06   1.8798828e+01
   1.7366560e+06   3.2958984e+01
   1.7366800e+06   1.8188477e+01
   1.7366920e+06   2.0080566e+01
   1.7367060e+06   4.3334961e+01
   1.7367340e+06   2.0446777e+01
   1.7367580e+06   2.5329590e+01
   1.7367690e+06   3.3935547e+01
   1.7368030e+06   1.9470215e+01
   1.7368230e+06   2.9602051e+01
   1.7368350e+06   2.0996094e+01
   1.7368760e+06   2.1728516e+01
   1.7368990e+06   2.0935059e+01
   1.7369430e+06   2.7526855e+01
   1.7369630e+06   2.5878906e+01
   1.7369990e+06   2.0996094e+01
   1.7370250e+06   2.7282715e+01
   1.7370470e+06   2.5512695e+01
   1.7370860e+06   1.9897461e+01
   1.7371190e+06   2.9357910e+01
   1.7371300e+06   1.8432617e+01
   1.7371970e+06   2.0080566e+01
   1.7372300e+06   1.8920898e+01
   1.7372620e+06   1.7822266e+01
   1.7372950e+06   1.8371582e+01
   1.7373060e+06   1.9653320e+01
   1.7373480e+06   3.2775879e+01
   1.7373660e+06   1.7395020e+01
   1.7375070e+06   1.8737793e+01
   1.7375190e+06   1.8981934e+01
   1.7376150e+06   1.8493652e+01
   1.7376480e+06   2.1118164e+01
   1.7376660e+06   1.9897461e+01
   1.7376780e+06   1.7883301e+01
   1.7378200e+06   1.7944336e+01
   1.7379500e+06   1.7395020e+01
   1.7379670e+06   1.7211914e+01
   1.7381220e+06   2.5329590e+01
   1.7963200e+06   1.7700195e+01
   1.7963360e+06   5.3710938e+01
   1.7963610e+06   2.6489258e+01
   1.7963720e+06   1.7761230e+01
   1.7963870e+06   5.0720215e+01
   1.7964090e+06   3.7597656e+01
   1.7964370e+06   3.9367676e+01
   1.7964480e+06   5.2246094e+01
   1.7964750e+06   2.9541016e+01
   1.7965080e+06   3.9489746e+01
   1.7965280e+06   2.6489258e+01
   1.7965550e+06   2.3254395e+01
   1.7965780e+06   1.8493652e+01
   1.7965970e+06   3.9855957e+01
   1.7966140e+06   2.4475098e+01
   1.7966310e+06   1.9226074e+01
   1.7966410e+06   2.5573730e+01
   1.7966630e+06   5.3649902e+01
   1.7967060e+06   2.5329590e+01
   1.7967270e+06   4.6508789e+01
   1.7967460e+06   1.8066406e+01
   1.7967690e+06   2.3071289e+01
   1.7967810e+06   1.8798828e+01
   1.7968310e+06   3.6437988e+01
   1.7968470e+06   2.2277832e+01
   1.7968740e+06   2.3742676e+01
   1.7968860e+06   3.1494141e+01
   1.7969360e+06   2.7038574e+01
   1.7969970e+06   1.7639160e+01
   1.7970310e+06   2.3620605e+01
   1.7970680e+06   2.0690918e+01
   1.7970870e+06   1.8432617e+01
   1.7971040e+06   2.7404785e+01
   1.7971510e+06   1.8737793e+01
   1.7971700e+06   2.3803711e+01
   1.7971870e+06   1.8127441e+01
   1.7972320e+06   2.0812988e+01
   1.7972480e+06   2.2827148e+01
   1.7972800e+06   2.1728516e+01
   1.7973090e+06   2.4047852e+01
   1.7973220e+06   1.8737793e+01
   1.7973460e+06   1.8249512e+01
   1.7973720e+06   1.9226074e+01
   1.7973910e+06   2.0629883e+01
   1.7974100e+06   2.1301270e+01
   1.7974420e+06   1.7578125e+01
   1.7974580e+06   1.8371582e+01
   1.7974880e+06   2.1911621e+01
   1.7975200e+06   1.9653320e+01
   1.7975600e+06   3.3508301e+01
   1.7975720e+06   1.8920898e+01
   1.7975910e+06   1.7395020e+01
   1.7976640e+06   1.9897461e+01
   1.7976870e+06   1.9592285e+01
   1.7977180e+06   2.1118164e+01
   1.7977340e+06   1.7150879e+01
   1.7978140e+06   1.8432617e+01
   1.7980530e+06   1.9470215e+01
   1.7981190e+06   2.0263672e+01
   1.7983380e+06   1.9165039e+01
   1.8305490e+06   1.9165039e+01
   1.8305620e+06   2.0629883e+01
   1.8305830e+06   2.6672363e+01
   1.8305940e+06   4.2236328e+01
   1.8306350e+06   5.3649902e+01
   1.8306590e+06   3.2165527e+01
   1.8306760e+06   1.7211914e+01
   1.8307000e+06   3.4973145e+01
   1.8307310e+06   4.3029785e+01
   1.8307610e+06   3.4729004e+01
   1.8307840e+06   5.4931641e+01
   1.8308010e+06   2.8686523e+01
   1.8308310e+06   2.7099609e+01
   1.8308590e+06   2.5573730e+01
   1.8308920e+06   4.8645020e+01
   1.8309050e+06   1.9775391e+01
   1.8309220e+06   2.2521973e+01
   1.8309380e+06   3.1555176e+01
   1.8309520e+06   1.7333984e+01
   1.8309650e+06   4.8522949e+01
   1.8310070e+06   4.2358398e+01
   1.8310550e+06   1.7211914e+01
   1.8310680e+06   2.0507812e+01
   1.8310900e+06   1.9531250e+01
   1.8311020e+06   2.3315430e+01
   1.8311170e+06   2.8015137e+01
   1.8311370e+06   1.9958496e+01
   1.8311530e+06   1.7456055e+01
   1.8311940e+06   2.3376465e+01
   1.8312310e+06   2.1728516e+01
   1.8312530e+06   2.1850586e+01
   1.8312750e+06   1.8310547e+01
   1.8313010e+06   2.4230957e+01
   1.8313450e+06   2.3010254e+01
   1.8313800e+06   1.7395020e+01
   1.8314080e+06   2.6184082e+01
   1.8314810e+06   2.0812988e+01
   1.8315350e+06   1.9348145e+01
   1.8315650e+06   2.2827148e+01
   1.8316130e+06   1.7089844e+01
   1.8316350e+06   1.9042969e+01
   1.8316660e+06   1.7089844e+01
   1.8316830e+06   2.3498535e+01
   1.8317590e+06   1.9958496e+01
   1.8317880e+06   1.7700195e+01
   1.8318280e+06   2.5085449e+01
   1.8318400e+06   1.7272949e+01
   1.8318980e+06   1.7211914e+01
   1.8319530e+06   2.0324707e+01
   1.8319670e+06   2.6489258e+01
   1.8320050e+06   1.8676758e+01
   1.8320260e+06   2.0263672e+01
   1.8320910e+06   2.3132324e+01
   1.8321820e+06   2.1850586e+01
   1.8322010e+06   1.7272949e+01
   1.8323930e+06   1.9592285e+01
   1.8326560e+06   1.8493652e+01
   1.8329610e+06   1.7578125e+01
   1.8464000e+06   2.2521973e+01
   1.8464370e+06   2.2460938e+01
   1.8464550e+06   5.3222656e+01
   1.8464740e+06   2.0751953e+01
   1.8465030e+06   5.2307129e+01
   1.8465200e+06   2.6611328e+01
   1.8465430e+06   6.0485840e+01
   1.8465560e+06   2.7893066e+01
   1.8465690e+06   2.3864746e+01
   1.8465880e+06   3.6499023e+01
   1.8466170e+06   6.0546875e+01
   1.8466280e+06   3.4118652e+01
   1.8466570e+06   2.6000977e+01
   1.8466770e+06   2.6611328e+01
   1.8466990e+06   1.7028809e+01
   1.8467240e+06   3.7475586e+01
   1.8467370e+06   2.2460938e+01
   1.8467470e+06   2.2888184e+01
   1.8467710e+06   2.6367188e+01
   1.8467900e+06   1.9897461e+01
   1.8468090e+06   1.8310547e+01
   1.8468290e+06   2.4108887e+01
   1.8468470e+06   1.9042969e+01
   1.8468830e+06   1.7883301e+01
   1.8469020e+06   1.9653320e+01
   1.8469200e+06   1.8249512e+01
   1.8469430e+06   2.3864746e+01
   1.8469630e+06   2.0751953e+01
   1.8469830e+06   2.1667480e+01
   1.8470040e+06   2.7404785e+01
   1.8470310e+06   2.1484375e+01
   1.8470600e+06   2.0080566e+01
   1.8470810e+06   1.7395020e+01
   1.8471170e+06   2.1484375e+01
   1.8471730e+06   1.7578125e+01
   1.8472060e+06   2.0141602e+01
   1.8472410e+06   1.7211914e+01
   1.8473110e+06   2.1423340e+01
   1.8473880e+06   1.9226074e+01
   1.8474030e+06   2.1179199e+01
   1.8474150e+06   1.8310547e+01
   1.8474430e+06   2.1545410e+01
   1.8475090e+06   1.8188477e+01
   1.8475520e+06   1.8310547e+01
   1.8475990e+06   1.9470215e+01
   1.8476180e+06   1.7456055e+01
   1.8476410e+06   1.7883301e+01
   1.8476890e+06   1.8005371e+01
   1.8477030e+06   1.8310547e+01
   1.8477760e+06   2.0019531e+01
   1.8478400e+06   1.8310547e+01
   1.8479140e+06   1.8554688e+01
   1.8480790e+06   1.8920898e+01
   1.8483420e+06   2.5939941e+01
   1.8484450e+06   1.7822266e+01
   1.8489610e+06   1.7578125e+01
   1.8504590e+06   3.8085938e+01
   1.8582570e+06   2.2949219e+01
   1.8582830e+06   1.8066406e+01
   1.8583100e+06   5.1757812e+01
   1.8583400e+06   6.0241699e+01
   1.8583590e+06   2.6611328e+01
   1.8583880e+06   4.1259766e+01
   1.8584020e+06   1.8005371e+01
   1.8584330e+06   5.1757812e+01
   1.8584430e+06   4.4372559e+01
   1.8584770e+06   4.3334961e+01
   1.8584940e+06   5.1330566e+01
   1.8585310e+06   1.8981934e+01
   1.8585440e+06   2.2521973e+01
   1.8585830e+06   2.4108887e+01
   1.8585990e+06   2.5939941e+01
   1.8586240e+06   4.2785645e+01
   1.8586500e+06   2.3376465e+01
   1.8586600e+06   1.9592285e+01
   1.8586830e+06   2.5939941e+01
   1.8586970e+06   2.0996094e+01
   1.8587130e+06   1.8676758e+01
   1.8587350e+06   1.7761230e+01
   1.8587630e+06   4.0649414e+01
   1.8587730e+06   2.1911621e+01
   1.8587860e+06   2.2888184e+01
   1.8588140e+06   2.8198242e+01
   1.8588330e+06   2.3803711e+01
   1.8588680e+06   2.1606445e+01
   1.8588860e+06   2.1240234e+01
   1.8589220e+06   2.8320312e+01
   1.8589580e+06   2.2583008e+01
   1.8589870e+06   2.1362305e+01
   1.8590150e+06   2.0080566e+01
   1.8590560e+06   1.9287109e+01
   1.8590760e+06   2.3315430e+01
   1.8591090e+06   1.8493652e+01
   1.8591400e+06   2.2827148e+01
   1.8591650e+06   3.1982422e+01
   1.8591810e+06   1.8981934e+01
   1.8592090e+06   1.9409180e+01
   1.8592270e+06   2.2155762e+01
   1.8592680e+06   1.8249512e+01
   1.8593440e+06   1.9897461e+01
   1.8594920e+06   2.1972656e+01
   1.8596580e+06   1.7944336e+01
   1.8597410e+06   1.7395020e+01
   1.8598400e+06   1.8859863e+01
   1.8693990e+06   1.7761230e+01
   1.8694290e+06   5.0415039e+01
   1.8694510e+06   5.0537109e+01
   1.8694620e+06   2.1728516e+01
   1.8694820e+06   2.4597168e+01
   1.8695030e+06   4.0161133e+01
   1.8695160e+06   1.9592285e+01
   1.8695390e+06   2.5085449e+01
   1.8695580e+06   2.5207520e+01
   1.8695710e+06   3.9184570e+01
   1.8695970e+06   6.3720703e+01
   1.8696100e+06   3.2592773e+01
   1.8696230e+06   1.9409180e+01
   1.8696530e+06   2.9113770e+01
   1.8696680e+06   6.1035156e+01
   1.8696950e+06   1.8920898e+01
   1.8697120e+06   2.0019531e+01
   1.8697300e+06   3.5583496e+01
   1.8697500e+06   1.7456055e+01
   1.8697610e+06   1.8737793e+01
   1.8697980e+06   2.8930664e+01
   1.8698270e+06   1.9714355e+01
   1.8698430e+06   1.7700195e+01
   1.8698590e+06   2.0324707e+01
   1.8698830e+06   2.1118164e+01
   1.8698960e+06   2.9602051e+01
   1.8699240e+06   2.2155762e+01
   1.8699850e+06   2.7832031e+01
   1.8700150e+06   1.9042969e+01
   1.8700590e+06   2.3864746e+01
   1.8700820e+06   1.8005371e+01
   1.8701580e+06   2.0812988e+01
   1.8701710e+06   2.2216797e+01
   1.8702330e+06   2.1850586e+01
   1.8702460e+06   2.2521973e+01
   1.8702860e+06   1.8798828e+01
   1.8703010e+06   1.7028809e+01
   1.8703680e+06   1.7639160e+01
   1.8703910e+06   1.7883301e+01
   1.8704260e+06   1.9836426e+01
   1.8704370e+06   3.6621094e+01
   1.8705090e+06   2.4169922e+01
   1.8705360e+06   2.2644043e+01
   1.8706370e+06   2.5512695e+01
   1.8706740e+06   1.7822266e+01
   1.8789610e+06   1.7883301e+01
   1.8789890e+06   1.8920898e+01
   1.8790090e+06   5.3344727e+01
   1.8790290e+06   1.8798828e+01
   1.8790590e+06   5.7006836e+01
   1.8790860e+06   3.0944824e+01
   1.8790980e+06   3.4484863e+01
   1.8791220e+06   4.1076660e+01
   1.8791580e+06   3.5278320e+01
   1.8791870e+06   3.5156250e+01
   1.8792110e+06   2.0935059e+01
   1.8792490e+06   2.8259277e+01
   1.8792610e+06   2.0996094e+01
   1.8792870e+06   3.3203125e+01
   1.8793130e+06   2.1789551e+01
   1.8793460e+06   2.9846191e+01
   1.8793600e+06   2.7221680e+01
   1.8793840e+06   2.0996094e+01
   1.8794160e+06   1.9836426e+01
   1.8794280e+06   2.7282715e+01
   1.8794580e+06   2.6000977e+01
   1.8794780e+06   2.5085449e+01
   1.8795290e+06   2.1972656e+01
   1.8795390e+06   3.4179688e+01
   1.8796120e+06   2.4230957e+01
   1.8796350e+06   2.7954102e+01
   1.8796710e+06   2.0446777e+01
   1.8797000e+06   2.3986816e+01
   1.8797190e+06   1.7150879e+01
   1.8797390e+06   2.1667480e+01
   1.8797660e+06   1.7639160e+01
   1.8798390e+06   2.3254395e+01
   1.8799260e+06   1.7944336e+01
   1.8799490e+06   1.7639160e+01
   1.8799810e+06   2.2583008e+01
   1.8800250e+06   1.7028809e+01
   1.8800780e+06   1.7639160e+01
   1.8801040e+06   1.8798828e+01
   1.8801390e+06   2.1606445e+01
   2.1805360e+06   1.8798828e+01
   2.2262060e+06   2.0507812e+01
   2.3993440e+06   2.7282715e+01
   2.3993550e+06   6.8664551e+01
   2.3993770e+06   5.7006836e+01
   2.3994180e+06   5.0720215e+01
   2.3994340e+06   3.3996582e+01
   2.3994450e+06   1.9470215e+01
   2.3994600e+06   1.9409180e+01
   2.3994800e+06   2.5756836e+01
   2.3995050e+06   5.6213379e+01
   2.3995310e+06   2.4597168e+01
   2.3995560e+06   2.0996094e+01
   2.3995890e+06   3.6743164e+01
   2.3996000e+06   1.7578125e+01
   2.3996120e+06   1.8188477e+01
   2.3996450e+06   3.0700684e+01
   2.3996820e+06   4.7668457e+01
   2.3997070e+06   2.4475098e+01
   2.3997270e+06   1.9104004e+01
   2.3997460e+06   3.0090332e+01
   2.3997730e+06   4.0832520e+01
   2.3997970e+06   2.1850586e+01
   2.3998190e+06   2.7343750e+01
   2.3998580e+06   3.4484863e+01
   2.3998830e+06   2.3132324e+01
   2.3999160e+06   2.8503418e+01
   2.3999760e+06   2.0996094e+01
   2.3999980e+06   2.3559570e+01
   2.4000480e+06   2.1118164e+01
   2.4000910e+06   2.0446777e+01
   2.4001060e+06   1.7822266e+01
   2.4001550e+06   2.1545410e+01
   2.4001780e+06   2.0629883e+01
   2.4001940e+06   2.1850586e+01
   2.4002210e+06   2.0935059e+01
   2.4002580e+06   2.4291992e+01
   2.4002850e+06   2.1850586e+01
   2.4003040e+06   1.7028809e+01
   2.4003570e+06   2.8381348e+01
   2.4004280e+06   2.0568848e+01
   2.4004760e+06   2.1606445e+01
   2.4004880e+06   2.0080566e+01
   2.4005390e+06   2.0202637e+01
   2.4005700e+06   1.9897461e+01
   2.4005810e+06   2.0446777e+01
   2.4006140e+06   1.8127441e+01
   2.4006420e+06   1.9042969e+01
   2.4006770e+06   2.6245117e+01
   2.4006980e+06   3.2775879e+01
   2.4007080e+06   2.4475098e+01
   2.4007320e+06   1.7272949e+01
   2.4007780e+06   2.3193359e+01
   2.4008050e+06   2.5512695e+01
   2.4008850e+06   2.5817871e+01
   2.4009370e+06   2.0629883e+01
   2.4009730e+06   1.9470215e+01
   2.4010200e+06   2.1179199e+01
   2.4010690e+06   1.7883301e+01
   2.4011360e+06   2.2583008e+01
   2.4011840e+06   2.1423340e+01
   2.4012400e+06   1.7639160e+01
   2.4014250e+06   1.8676758e+01
   2.4017460e+06   1.7944336e+01
   2.5129880e+06   1.7395020e+01
   2.5159750e+06   1.8859863e+01
   2.5174070e+06   1.8127441e+01
   2.5218460e+06   1.8249512e+01
   2.5324240e+06   2.5512695e+01
   2.5325160e+06   2.2827148e+01
   2.5325420e+06   5.8044434e+01
   2.5325630e+06   2.0080566e+01
   2.5325740e+06   3.3569336e+01
   2.5325900e+06   6.3232422e+01
   2.5326110e+06   5.1086426e+01
   2.5326290e+06   4.6447754e+01
   2.5326490e+06   2.8259277e+01
   2.5326780e+06   4.6264648e+01
   2.5326950e+06   2.0080566e+01
   2.5327300e+06   2.4291992e+01
   2.5327610e+06   2.1606445e+01
   2.5327790e+06   2.4414062e+01
   2.5327950e+06   5.1391602e+01
   2.5328130e+06   2.1484375e+01
   2.5328390e+06   4.0710449e+01
   2.5328550e+06   2.9479980e+01
   2.5328800e+06   2.3254395e+01
   2.5328980e+06   1.9836426e+01
   2.5329450e+06   3.4362793e+01
   2.5329850e+06   1.9348145e+01
   2.5329950e+06   2.1667480e+01
   2.5330070e+06   1.9042969e+01
   2.5330490e+06   1.7150879e+01
   2.5330660e+06   2.3986816e+01
   2.5330870e+06   3.9611816e+01
   2.5331030e+06   1.7944336e+01
   2.5331160e+06   1.7700195e+01
   2.5331270e+06   2.0080566e+01
   2.5331520e+06   1.7211914e+01
   2.5331650e+06   1.7272949e+01
   2.5331850e+06   2.2888184e+01
   2.5332050e+06   1.8310547e+01
   2.5332360e+06   2.0202637e+01
   2.5332540e+06   2.5573730e+01
   2.5333220e+06   3.0090332e+01
   2.5333600e+06   1.7089844e+01
   2.5333700e+06   2.8076172e+01
   2.5334550e+06   1.7761230e+01
   2.5334860e+06   1.8432617e+01
   2.5335420e+06   1.7822266e+01
   2.5335680e+06   2.4658203e+01
   2.5335900e+06   2.1301270e+01
   2.5336390e+06   1.7028809e+01
   2.5336860e+06   3.4301758e+01
   2.5337210e+06   2.1362305e+01
   2.5337490e+06   1.9409180e+01
   2.5338010e+06   1.7639160e+01
   2.5338320e+06   2.0080566e+01
   2.5338690e+06   1.8249512e+01
   2.5339000e+06   1.8249512e+01
   2.5340440e+06   2.0568848e+01
   2.5340900e+06   2.4841309e+01
   2.5341020e+06   2.3254395e+01
   2.5342600e+06   1.8493652e+01
   2.5342840e+06   2.0080566e+01
   2.5343570e+06   1.9836426e+01
   2.5348100e+06   1.9165039e+01
   2.5951340e+06   1.7089844e+01
   2.6514510e+06   1.7028809e+01
   2.6716480e+06   2.1240234e+01
   2.7092690e+06   1.8249512e+01
   2.7197140e+06   2.2216797e+01
   2.7586150e+06   1.7333984e+01
   2.7618770e+06   3.0761719e+01
   2.7618880e+06   2.0996094e+01
   2.7619020e+06   2.0812988e+01
   2.7619380e+06   5.0537109e+01
   2.7619520e+06   2.8747559e+01
   2.7619680e+06   4.4250488e+01
   2.7619840e+06   4.9560547e+01
   2.7620040e+06   2.6916504e+01
   2.7620290e+06   2.6367188e+01
   2.7620540e+06   3.0090332e+01
   2.7620730e+06   1.8005371e+01
   2.7620930e+06   2.1850586e+01
   2.7621060e+06   2.4108887e+01
   2.7621170e+06   2.3315430e+01
   2.7621440e+06   2.0141602e+01
   2.7621690e+06   5.2062988e+01
   2.7621840e+06   2.3193359e+01
   2.7622230e+06   2.2827148e+01
   2.7622330e+06   3.9550781e+01
   2.7622500e+06   1.7822266e+01
   2.7622810e+06   3.2958984e+01
   2.7623010e+06   1.8066406e+01
   2.7623300e+06   2.1789551e+01
   2.7623410e+06   1.9409180e+01
   2.7623570e+06   4.6386719e+01
   2.7623680e+06   1.8249512e+01
   2.7624080e+06   3.3630371e+01
   2.7624710e+06   4.3395996e+01
   2.7625190e+06   2.2766113e+01
   2.7625640e+06   2.6855469e+01
   2.7626130e+06   2.0996094e+01
   2.7626400e+06   2.3132324e+01
   2.7627190e+06   3.4484863e+01
   2.7627680e+06   1.8493652e+01
   2.7627790e+06   2.0385742e+01
   2.7628120e+06   2.1301270e+01
   2.7628550e+06   1.8188477e+01
   2.7628720e+06   1.7761230e+01
   2.7629380e+06   2.7526855e+01
   2.7629750e+06   2.0141602e+01
   2.7630150e+06   1.7089844e+01
   2.7630310e+06   2.1606445e+01
   2.7630600e+06   1.7883301e+01
   2.7630810e+06   2.7343750e+01
   2.7631080e+06   1.7150879e+01
   2.7631890e+06   1.9409180e+01
   2.7631990e+06   1.7089844e+01
   2.7632520e+06   2.2949219e+01
   2.7632800e+06   2.1484375e+01
   2.7633230e+06   2.0874023e+01
   2.7634350e+06   1.7089844e+01
   2.7634450e+06   3.1860352e+01
   2.7634710e+06   1.7089844e+01
   2.7634940e+06   1.9409180e+01
   2.7635300e+06   1.7028809e+01
   2.7635870e+06   2.5817871e+01
   2.7636650e+06   2.1545410e+01
   2.7637350e+06   1.7211914e+01
   2.7638730e+06   2.0202637e+01
   2.7640240e+06   1.7944336e+01
   2.7642700e+06   2.2033691e+01
   2.7813370e+06   1.7517090e+01
   2.8544980e+06   1.7883301e+01
   2.8763370e+06   1.7761230e+01
   2.8790840e+06   1.7517090e+01
   2.8819800e+06   1.7944336e+01
   2.8942050e+06   1.8188477e+01
   2.9141560e+06   1.7822266e+01
   2.9408150e+06   1.7639160e+01
   2.9494690e+06   2.0690918e+01
   2.9706880e+06   1.8676758e+01
   2.9708870e+06   2.1423340e+01
   2.9714700e+06   2.2399902e+01
   2.9716710e+06   1.8981934e+01
   2.9718490e+06   2.8625488e+01
   2.9718700e+06   7.5317383e+01
   2.9719020e+06   3.7170410e+01
   2.9719250e+06   3.7963867e+01
   2.9719410e+06   4.3090820e+01
   2.9719600e+06   7.4218750e+01
   2.9719770e+06   3.0639648e+01
   2.9719950e+06   2.1606445e+01
   2.9720240e+06   3.8574219e+01
   2.9720340e+06   2.6184082e+01
   2.9720510e+06   3.0517578e+01
   2.9720610e+06   2.3559570e+01
   2.9721030e+06   2.4902344e+01
   2.9721280e+06   6.5429688e+01
   2.9721430e+06   1.9042969e+01
   2.9721900e+06   1.8493652e+01
   2.9722120e+06   4.3212891e+01
   2.9722390e+06   1.7578125e+01
   2.9722640e+06   4.3579102e+01
   2.9723080e+06   2.0874023e+01
   2.9723340e+06   2.1972656e+01
   2.9723530e+06   3.1372070e+01
   2.9723850e+06   2.0629883e+01
   2.9724310e+06   2.6245117e+01
   2.9725140e+06   3.0090332e+01
   2.9725450e+06   1.9287109e+01
   2.9725720e+06   1.7700195e+01
   2.9725910e+06   2.3681641e+01
   2.9726500e+06   2.2521973e+01
   2.9726900e+06   2.6916504e+01
   2.9727570e+06   3.1555176e+01
   2.9728080e+06   1.8005371e+01
   2.9728590e+06   3.8269043e+01
   2.9728720e+06   1.9714355e+01
   2.9729500e+06   2.5390625e+01
   2.9729850e+06   1.7944336e+01
   2.9729980e+06   1.7700195e+01
   2.9730960e+06   2.6794434e+01
   2.9731060e+06   2.3193359e+01
   2.9731200e+06   1.7822266e+01
   2.9731750e+06   4.3334961e+01
   2.9731940e+06   1.9714355e+01
   2.9732140e+06   1.8493652e+01
   2.9732440e+06   1.7028809e+01
   2.9732920e+06   1.7578125e+01
   2.9733290e+06   1.7211914e+01
   2.9733620e+06   1.7272949e+01
   2.9734620e+06   1.9592285e+01
   2.9735580e+06   1.9287109e+01
   2.9737660e+06   1.9836426e+01
   2.9738590e+06   1.8615723e+01
   2.9739040e+06   1.7272949e+01
   3.0409980e+06   2.1545410e+01
   3.0550280e+06   2.8503418e+01
   3.0550400e+06   1.8310547e+01
   3.0550960e+06   6.9702148e+01
   3.0551130e+06   4.3945312e+01
   3.0551440e+06   3.6193848e+01
   3.0551700e+06   3.9184570e+01
   3.0552030e+06   3.3020020e+01
   3.0552320e+06   3.9916992e+01
   3.0552430e+06   2.2338867e+01
   3.0552600e+06   2.1240234e+01
   3.0552830e+06   3.2958984e+01
   3.0553110e+06   1.8310547e+01
   3.0553320e+06   2.8808594e+01
   3.0553460e+06   5.6518555e+01
   3.0553790e+06   2.2216797e+01
   3.0553990e+06   3.1677246e+01
   3.0554210e+06   1.9104004e+01
   3.0554390e+06   2.7038574e+01
   3.0554550e+06   4.2541504e+01
   3.0555270e+06   4.2724609e+01
   3.0555690e+06   2.0690918e+01
   3.0555880e+06   4.2236328e+01
   3.0556270e+06   2.0263672e+01
   3.0556600e+06   2.5512695e+01
   3.0556790e+06   2.0385742e+01
   3.0557450e+06   1.8249512e+01
   3.0558070e+06   2.1911621e+01
   3.0558190e+06   3.9123535e+01
   3.0558440e+06   1.9409180e+01
   3.0558710e+06   3.1494141e+01
   3.0558890e+06   2.0874023e+01
   3.0559310e+06   5.7250977e+01
   3.0559610e+06   2.2583008e+01
   3.0560090e+06   1.9897461e+01
   3.0560220e+06   1.7761230e+01
   3.0560770e+06   2.0446777e+01
   3.0561030e+06   3.1250000e+01
   3.0561650e+06   1.9165039e+01
   3.0562020e+06   1.8615723e+01
   3.0562590e+06   3.1860352e+01
   3.0562770e+06   2.3803711e+01
   3.0563530e+06   2.6062012e+01
   3.0563710e+06   1.8798828e+01
   3.0564100e+06   1.7456055e+01
   3.0564310e+06   2.4047852e+01
   3.0565100e+06   2.1606445e+01
   3.0565350e+06   1.9775391e+01
   3.0565650e+06   1.9104004e+01
   3.0565860e+06   1.7150879e+01
   3.0566250e+06   1.7700195e+01
   3.0566580e+06   1.7456055e+01
   3.0567480e+06   1.7883301e+01
   3.0569010e+06   1.9226074e+01
   3.0569550e+06   1.8310547e+01
   3.0571430e+06   1.7822266e+01
   3.1444070e+06   1.9653320e+01
   3.1482990e+06   1.8188477e+01
   3.1566900e+06   7.0007324e+01
   3.1567090e+06   4.1442871e+01
   3.1567390e+06   3.7841797e+01
   3.1567510e+06   4.4738770e+01
   3.1567850e+06   1.9714355e+01
   3.1568210e+06   1.8981934e+01
   3.1568420e+06   3.5583496e+01
   3.1568620e+06   2.1667480e+01
   3.1568720e+06   2.5207520e+01
   3.1568850e+06   1.9775391e+01
   3.1569070e+06   3.3813477e+01
   3.1569170e+06   2.4230957e+01
   3.1569460e+06   4.9011230e+01
   3.1569560e+06   2.0751953e+01
   3.1569710e+06   2.1667480e+01
   3.1569880e+06   1.9897461e+01
   3.1570190e+06   4.1625977e+01
   3.1570540e+06   2.5024414e+01
   3.1570680e+06   2.2521973e+01
   3.1570800e+06   4.3762207e+01
   3.1571320e+06   2.1484375e+01
   3.1571560e+06   1.8127441e+01
   3.1571770e+06   1.7456055e+01
   3.1572040e+06   2.2888184e+01
   3.1572680e+06   3.4851074e+01
   3.1573070e+06   2.0446777e+01
   3.1573390e+06   3.5461426e+01
   3.1573800e+06   2.1850586e+01
   3.1574050e+06   1.7395020e+01
   3.1574360e+06   2.4353027e+01
   3.1574770e+06   2.1118164e+01
   3.1574990e+06   2.8320313e+01
   3.1575470e+06   1.7822266e+01
   3.1575580e+06   2.4353027e+01
   3.1576030e+06   1.9165039e+01
   3.1576210e+06   2.0019531e+01
   3.1576740e+06   2.9724121e+01
   3.1577220e+06   1.9836426e+01
   3.1577680e+06   2.2583008e+01
   3.1578000e+06   2.0202637e+01
   3.1578490e+06   2.3010254e+01
   3.1578600e+06   2.0141602e+01
   3.1579250e+06   4.2358398e+01
   3.1579920e+06   1.7028809e+01
   3.1580130e+06   1.7089844e+01
   3.1580460e+06   1.8127441e+01
   3.1581250e+06   1.8188477e+01
   3.1581540e+06   1.8249512e+01
   3.1582020e+06   2.2399902e+01
   3.1582130e+06   2.1911621e+01
   3.1583600e+06   2.9357910e+01
   3.1585030e+06   1.7333984e+01
   3.1586640e+06   1.9287109e+01
   3.1589140e+06   2.1789551e+01
   3.1590770e+06   1.8066406e+01
   3.1593890e+06   1.8188477e+01
   3.1595190e+06   1.8981934e+01
   3.1600800e+06   1.7211914e+01
   3.1607470e+06   4.1442871e+01
   3.1612010e+06   1.8005371e+01
   3.1612980e+06   3.8818359e+01
   3.1615430e+06   3.6499023e+01
   3.1617280e+06   2.9296875e+01
   3.1617670e+06   2.0874023e+01
   3.1618560e+06   3.2226562e+01
   3.1619700e+06   5.2368164e+01
   3.1620830e+06   2.8259277e+01
   3.1621760e+06   1.8554688e+01
   3.1621910e+06   4.6997070e+01
   3.1624160e+06   3.1127930e+01
   3.1626290e+06   2.7893066e+01
   3.1628430e+06   4.4982910e+01
   3.1814790e+06   1.8981934e+01
   3.1814990e+06   7.5439453e+01
   3.1815330e+06   5.7067871e+01
   3.1815470e+06   2.9846191e+01
   3.1815600e+06   3.5034180e+01
   3.1815780e+06   3.0395508e+01
   3.1815960e+06   3.1311035e+01
   3.1816220e+06   5.9082031e+01
   3.1816340e+06   2.6000977e+01
   3.1816700e+06   2.2827148e+01
   3.1816990e+06   2.7160645e+01
   3.1817180e+06   3.4484863e+01
   3.1817420e+06   1.8005371e+01
   3.1817630e+06   2.9663086e+01
   3.1818060e+06   2.1484375e+01
   3.1818200e+06   1.8676758e+01
   3.1818850e+06   1.9409180e+01
   3.1819160e+06   2.6977539e+01
   3.1819620e+06   2.2460938e+01
   3.1820080e+06   2.6916504e+01
   3.1820480e+06   1.8554688e+01
   3.1820660e+06   2.6123047e+01
   3.1820920e+06   2.3986816e+01
   3.1821370e+06   2.4475098e+01
   3.1821570e+06   1.8066406e+01
   3.1821860e+06   1.8188477e+01
   3.1822050e+06   2.9052734e+01
   3.1822840e+06   1.7333984e+01
   3.1823420e+06   3.2409668e+01
   3.1823830e+06   2.2216797e+01
   3.1824170e+06   3.1188965e+01
   3.1824620e+06   2.0446777e+01
   3.1824840e+06   1.9104004e+01
   3.1825090e+06   1.7944336e+01
   3.1825230e+06   1.9287109e+01
   3.1825360e+06   1.8615723e+01
   3.1825760e+06   3.2714844e+01
   3.1826200e+06   2.2033691e+01
   3.1826600e+06   2.0324707e+01
   3.1826800e+06   2.9357910e+01
   3.1827510e+06   1.7883301e+01
   3.1827680e+06   1.8310547e+01
   3.1828050e+06   1.7272949e+01
   3.1828290e+06   2.3925781e+01
   3.1828950e+06   2.5512695e+01
   3.1829620e+06   2.2705078e+01
   3.1829870e+06   2.0385742e+01
   3.1830390e+06   1.8493652e+01
   3.1830720e+06   1.7333984e+01
   3.1830950e+06   1.8066406e+01
   3.1831420e+06   1.7028809e+01
   3.1832580e+06   2.4536133e+01
   3.1833790e+06   2.0202637e+01
   3.1835230e+06   2.9418945e+01
   3.1837010e+06   1.7700195e+01
   3.1845640e+06   3.7414551e+01
   3.1914520e+06   1.8554688e+01
   3.1915260e+06   2.0874023e+01
   3.1915480e+06   5.3344727e+01
   3.1915690e+06   4.0283203e+01
   3.1916020e+06   2.0141602e+01
   3.1916700e+06   2.0141602e+01
   3.1916900e+06   4.7729492e+01
   3.1917170e+06   4.2480469e+01
   3.1917330e+06   2.2155762e+01
   3.1917540e+06   2.2399902e+01
   3.1917740e+06   3.7170410e+01
   3.1917900e+06   4.4433594e+01
   3.1918140e+06   2.0446777e+01
   3.1918270e+06   2.1362305e+01
   3.1918640e+06   5.9020996e+01
   3.1918840e+06   2.4902344e+01
   3.1919100e+06   1.9775391e+01
   3.1919270e+06   2.7343750e+01
   3.1919450e+06   4.5043945e+01
   3.1919610e+06   2.5024414e+01
   3.1919780e+06   5.4443359e+01
   3.1920130e+06   3.6987305e+01
   3.1920310e+06   2.9785156e+01
   3.1920470e+06   4.3518066e+01
   3.1920770e+06   4.0100098e+01
   3.1921030e+06   3.0944824e+01
   3.1921410e+06   3.1860352e+01
   3.1921570e+06   3.5156250e+01
   3.1921920e+06   2.1057129e+01
   3.1922270e+06   3.1433105e+01
   3.1922390e+06   2.0080566e+01
   3.1922510e+06   1.9653320e+01
   3.1922810e+06   2.2155762e+01
   3.1922930e+06   1.9104004e+01
   3.1923270e+06   2.2033691e+01
   3.1923460e+06   1.9226074e+01
   3.1923770e+06   1.8066406e+01
   3.1923900e+06   1.7944336e+01
   3.1924660e+06   1.7456055e+01
   3.1925010e+06   1.7944336e+01
   3.1925390e+06   1.7333984e+01
   3.1925620e+06   2.9357910e+01
   3.1925790e+06   1.9470215e+01
   3.1926200e+06   1.8615723e+01
   3.1926350e+06   2.4963379e+01
   3.1926480e+06   2.4230957e+01
   3.1927040e+06   2.2644043e+01
   3.1927210e+06   2.6306152e+01
   3.1927710e+06   2.9541016e+01
   3.1928210e+06   1.7395020e+01
   3.1928700e+06   1.8737793e+01
   3.1929850e+06   1.7089844e+01
   3.1931250e+06   1.9470215e+01
   3.2010720e+06   2.0141602e+01
   3.2011700e+06   1.8188477e+01
   3.2011920e+06   6.2561035e+01
   3.2012320e+06   2.0874023e+01
   3.2012670e+06   3.2653809e+01
   3.2012780e+06   4.8156738e+01
   3.2013020e+06   1.7883301e+01
   3.2013380e+06   2.5268555e+01
   3.2013520e+06   4.6752930e+01
   3.2013810e+06   2.2094727e+01
   3.2014010e+06   4.2419434e+01
   3.2014160e+06   3.4179688e+01
   3.2014370e+06   2.9052734e+01
   3.2014710e+06   3.3874512e+01
   3.2014880e+06   2.7343750e+01
   3.2015010e+06   6.3903809e+01
   3.2015240e+06   2.0568848e+01
   3.2015450e+06   2.5512695e+01
   3.2015660e+06   2.6855469e+01
   3.2015880e+06   3.0517578e+01
   3.2016030e+06   2.1179199e+01
   3.2016180e+06   3.4729004e+01
   3.2016500e+06   1.7822266e+01
   3.2016840e+06   2.6062012e+01
   3.2016940e+06   2.3254395e+01
   3.2017320e+06   2.3559570e+01
   3.2017460e+06   2.7709961e+01
   3.2017560e+06   2.6428223e+01
   3.2017740e+06   2.6855469e+01
   3.2018340e+06   2.2583008e+01
   3.2018760e+06   2.0385742e+01
   3.2019020e+06   2.4047852e+01
   3.2019130e+06   2.7587891e+01
   3.2019340e+06   1.7089844e+01
   3.2019620e+06   1.8310547e+01
   3.2019730e+06   3.1982422e+01
   3.2020230e+06   1.8432617e+01
   3.2020570e+06   2.5207520e+01
   3.2020740e+06   2.0080566e+01
   3.2021250e+06   2.2705078e+01
   3.2021900e+06   2.5024414e+01
   3.2023130e+06   1.7395020e+01
   3.2024050e+06   1.8493652e+01
   3.2030350e+06   1.7639160e+01
   3.2095890e+06   1.7211914e+01
   3.2096480e+06   2.7343750e+01
   3.2096680e+06   6.0607910e+01
   3.2096860e+06   2.4902344e+01
   3.2097220e+06   4.6142578e+01
   3.2097320e+06   1.7761230e+01
   3.2097430e+06   3.7109375e+01
   3.2097870e+06   4.6630859e+01
   3.2097990e+06   2.2277832e+01
   3.2098140e+06   2.8015137e+01
   3.2098360e+06   4.6875000e+01
   3.2098530e+06   1.8981934e+01
   3.2098640e+06   2.1240234e+01
   3.2098820e+06   3.7109375e+01
   3.2098980e+06   1.7944336e+01
   3.2099180e+06   2.1789551e+01
   3.2099450e+06   3.5217285e+01
   3.2099570e+06   2.1911621e+01
   3.2099840e+06   3.4484863e+01
   3.2099960e+06   2.8808594e+01
   3.2100330e+06   3.5339355e+01
   3.2100500e+06   2.6977539e+01
   3.2100800e+06   2.9602051e+01
   3.2101110e+06   3.3447266e+01
   3.2101340e+06   2.5878906e+01
   3.2102040e+06   2.3437500e+01
   3.2102260e+06   1.8188477e+01
   3.2102470e+06   1.8981934e+01
   3.2102740e+06   3.4484863e+01
   3.2103090e+06   1.7761230e+01
   3.2103330e+06   2.6733398e+01
   3.2103560e+06   2.1240234e+01
   3.2104290e+06   2.0629883e+01
   3.2104400e+06   1.8432617e+01
   3.2104860e+06   2.1118164e+01
   3.2105730e+06   3.7109375e+01
   3.2106560e+06   1.7089844e+01
   3.2107420e+06   1.7395020e+01
   3.2107740e+06   1.8432617e+01
   3.2112780e+06   1.7089844e+01
   3.2115360e+06   1.7333984e+01
   3.2122380e+06   1.7456055e+01
   3.2196510e+06   1.7700195e+01
   3.2196820e+06   7.6477051e+01
   3.2197020e+06   2.9357910e+01
   3.2197340e+06   5.0598145e+01
   3.2197490e+06   2.5634766e+01
   3.2197910e+06   3.4790039e+01
   3.2198160e+06   2.4719238e+01
   3.2198370e+06   2.5573730e+01
   3.2198690e+06   3.9428711e+01
   3.2198960e+06   2.4780273e+01
   3.2199280e+06   4.1870117e+01
   3.2199380e+06   1.9409180e+01
   3.2199720e+06   1.9958496e+01
   3.2199830e+06   3.5583496e+01
   3.2200150e+06   2.9663086e+01
   3.2200310e+06   1.7822266e+01
   3.2200570e+06   3.4423828e+01
   3.2200760e+06   1.8615723e+01
   3.2201030e+06   3.0090332e+01
   3.2201130e+06   3.2104492e+01
   3.2201480e+06   2.3315430e+01
   3.2201580e+06   1.9958496e+01
   3.2201690e+06   1.9042969e+01
   3.2201930e+06   2.4780273e+01
   3.2202150e+06   1.7089844e+01
   3.2202360e+06   2.4963379e+01
   3.2202580e+06   1.7272949e+01
   3.2202970e+06   1.8005371e+01
   3.2203300e+06   2.1423340e+01
   3.2203660e+06   1.9470215e+01
   3.2203790e+06   2.2094727e+01
   3.2204270e+06   1.9226074e+01
   3.2204620e+06   1.8371582e+01
   3.2205150e+06   1.8981934e+01
   3.2205280e+06   2.2399902e+01
   3.2205500e+06   2.1118164e+01
   3.2205730e+06   1.8310547e+01
   3.2206900e+06   1.8066406e+01
   3.2208340e+06   1.7517090e+01
   3.2208750e+06   1.7517090e+01
   3.2209900e+06   1.9165039e+01
   3.2294520e+06   1.9531250e+01
   3.2294650e+06   5.8349609e+01
   3.2294830e+06   2.1179199e+01
   3.2295130e+06   4.9682617e+01
   3.2295300e+06   2.0385742e+01
   3.2295430e+06   3.5888672e+01
   3.2295760e+06   5.3283691e+01
   3.2295920e+06   1.9409180e+01
   3.2296230e+06   4.1564941e+01
   3.2296350e+06   2.1301270e+01
   3.2296510e+06   4.2358398e+01
   3.2296780e+06   1.7700195e+01
   3.2296930e+06   1.9592285e+01
   3.2297190e+06   2.8503418e+01
   3.2297420e+06   1.9470215e+01
   3.2297730e+06   3.4057617e+01
   3.2298030e+06   1.7700195e+01
   3.2298280e+06   2.7526855e+01
   3.2298780e+06   2.8198242e+01
   3.2298930e+06   1.9714355e+01
   3.2299310e+06   2.3071289e+01
   3.2299460e+06   2.1423340e+01
   3.2299830e+06   1.9531250e+01
   3.2299970e+06   1.8005371e+01
   3.2300200e+06   1.9409180e+01
   3.2300380e+06   2.1301270e+01
   3.2301340e+06   2.0446777e+01
   3.2301910e+06   1.7883301e+01
   3.2302070e+06   1.8737793e+01
   3.2302620e+06   1.8188477e+01
   3.2302780e+06   2.0141602e+01
   3.2304190e+06   1.8737793e+01
   3.2304310e+06   2.0263672e+01
   3.2305050e+06   1.8310547e+01
   3.2305210e+06   1.7883301e+01
   3.2306140e+06   2.0019531e+01
   3.2469390e+06   1.7944336e+01
   3.2469850e+06   2.1057129e+01
   3.2469960e+06   6.3720703e+01
   3.2470180e+06   1.8371582e+01
   3.2470280e+06   2.1057129e+01
   3.2470450e+06   5.7556152e+01
   3.2470720e+06   3.0700684e+01
   3.2470820e+06   2.7832031e+01
   3.2471060e+06   1.9897461e+01
   3.2471230e+06   4.7119141e+01
   3.2471470e+06   2.6428223e+01
   3.2471670e+06   2.1301270e+01
   3.2471810e+06   2.8503418e+01
   3.2471910e+06   2.0263672e+01
   3.2472300e+06   3.0273438e+01
   3.2472480e+06   1.7272949e+01
   3.2472660e+06   2.1362305e+01
   3.2473520e+06   1.7578125e+01
   3.2473930e+06   2.3559570e+01
   3.2474200e+06   2.0446777e+01
   3.2474640e+06   1.7028809e+01
   3.2474820e+06   2.2338867e+01
   3.2475000e+06   3.4790039e+01
   3.2475430e+06   2.0202637e+01
   3.2475750e+06   2.1301270e+01
   3.2476290e+06   1.9409180e+01
   3.2476570e+06   2.6794434e+01
   3.2476740e+06   1.9165039e+01
   3.2477200e+06   1.7883301e+01
   3.2477300e+06   2.1179199e+01
   3.2477910e+06   1.7272949e+01
   3.2478230e+06   2.0080566e+01
   3.2478370e+06   2.2399902e+01
   3.2479010e+06   1.9958496e+01
   3.2479330e+06   2.0812988e+01
   3.2479680e+06   2.0629883e+01
   3.2480340e+06   1.7089844e+01
   3.2480630e+06   1.7517090e+01
   3.2482060e+06   1.7028809e+01
   3.2484530e+06   1.7883301e+01
   3.2485030e+06   1.7089844e+01
   3.2486430e+06   2.1545410e+01
   3.3235070e+06   1.7272949e+01
   3.4783490e+06   1.7028809e+01
   3.4857980e+06   2.1423340e+01
   3.4858190e+06   3.2165527e+01
   3.4858810e+06   1.8005371e+01
   3.4859110e+06   1.8737793e+01
   3.4859530e+06   1.8066406e+01
   3.4859850e+06   6.3903809e+01
   3.4859980e+06   2.3498535e+01
   3.4860250e+06   3.5705566e+01
   3.4860360e+06   4.8950195e+01
   3.4860510e+06   2.6062012e+01
   3.4860860e+06   2.3071289e+01
   3.4861000e+06   3.0578613e+01
   3.4861150e+06   2.0141602e+01
   3.4861270e+06   2.5390625e+01
   3.4861460e+06   4.6875000e+01
   3.4861560e+06   2.6733398e+01
   3.4861850e+06   1.8798828e+01
   3.4861980e+06   2.5878906e+01
   3.4862320e+06   1.9775391e+01
   3.4862470e+06   2.5146484e+01
   3.4862820e+06   1.9287109e+01
   3.4862980e+06   1.8249512e+01
   3.4863150e+06   4.4982910e+01
   3.4863450e+06   2.2094727e+01
   3.4863680e+06   3.0029297e+01
   3.4863920e+06   2.3925781e+01
   3.4864050e+06   2.0629883e+01
   3.4864260e+06   2.1179199e+01
   3.4864770e+06   4.2968750e+01
   3.4865590e+06   1.7272949e+01
   3.4866600e+06   1.8798828e+01
   3.4866920e+06   3.3081055e+01
   3.4867290e+06   2.1179199e+01
   3.4867490e+06   1.7456055e+01
   3.4867640e+06   1.8798828e+01
   3.4868020e+06   1.7639160e+01
   3.4868510e+06   2.1545410e+01
   3.4869840e+06   2.3864746e+01
   3.4870270e+06   2.6733398e+01
   3.4870510e+06   1.9958496e+01
   3.4871310e+06   1.7822266e+01
   3.4871670e+06   2.0263672e+01
   3.4872230e+06   2.0874023e+01
   3.4872710e+06   1.8981934e+01
   3.4873920e+06   2.0751953e+01
   3.4874140e+06   2.3376465e+01
   3.4875580e+06   1.8066406e+01
   3.4875910e+06   2.3132324e+01
   3.4876750e+06   1.7883301e+01
   3.5716290e+06   2.0019531e+01
   3.5886030e+06   1.7944336e+01
   3.5985430e+06   2.1972656e+01
   3.6115540e+06   1.9226074e+01
   3.6634890e+06   1.8554688e+01
   3.7580720e+06   1.8920898e+01
   3.7855440e+06   1.7395020e+01
   3.8469680e+06   1.9287109e+01
   3.8470010e+06   1.9287109e+01
   3.8470590e+06   1.7333984e+01
   3.8470780e+06   1.7395020e+01
   3.8471000e+06   2.0202637e+01
   3.8471220e+06   6.3537598e+01
   3.8471430e+06   4.1259766e+01
   3.8471610e+06   4.1564941e+01
   3.8471870e+06   6.9213867e+01
   3.8472020e+06   2.4169922e+01
   3.8472240e+06   8.2580566e+01
   3.8472420e+06   1.8066406e+01
   3.8472640e+06   2.6306152e+01
   3.8472870e+06   2.8198242e+01
   3.8473000e+06   2.1789551e+01
   3.8473340e+06   4.0466309e+01
   3.8473490e+06   3.5034180e+01
   3.8473640e+06   2.0507812e+01
   3.8473790e+06   4.6936035e+01
   3.8473920e+06   1.9958496e+01
   3.8474020e+06   1.7883301e+01
   3.8474200e+06   2.3193359e+01
   3.8474360e+06   5.0537109e+01
   3.8474470e+06   1.7578125e+01
   3.8474620e+06   1.8493652e+01
   3.8475000e+06   3.4790039e+01
   3.8475140e+06   1.8432617e+01
   3.8475570e+06   3.6743164e+01
   3.8475980e+06   2.2888184e+01
   3.8476240e+06   2.7770996e+01
   3.8476420e+06   2.8320312e+01
   3.8476840e+06   2.3986816e+01
   3.8477210e+06   3.5156250e+01
   3.8477920e+06   1.8310547e+01
   3.8478790e+06   2.3437500e+01
   3.8479170e+06   2.4536133e+01
   3.8479510e+06   1.8554688e+01
   3.8479720e+06   2.6977539e+01
   3.8480310e+06   1.7822266e+01
   3.8480550e+06   2.4353027e+01
   3.8481220e+06   2.7770996e+01
   3.8481810e+06   2.2216797e+01
   3.8481930e+06   2.1362305e+01
   3.8482540e+06   1.9653320e+01
   3.8482750e+06   2.4963379e+01
   3.8482990e+06   2.0446777e+01
   3.8483280e+06   2.4719238e+01
   3.8483460e+06   1.8493652e+01
   3.8483720e+06   2.0874023e+01
   3.8483940e+06   1.8310547e+01
   3.8484180e+06   2.7221680e+01
   3.8484870e+06   1.8615723e+01
   3.8485220e+06   1.8127441e+01
   3.8485850e+06   1.7578125e+01
   3.8486500e+06   1.8127441e+01
   3.8486730e+06   2.1301270e+01
   3.8487110e+06   1.7089844e+01
   3.8487750e+06   2.3193359e+01
   3.8488330e+06   1.7211914e+01
   3.8488570e+06   2.4230957e+01
   3.8488830e+06   1.7639160e+01
   3.8489010e+06   1.8676758e+01
   3.8489480e+06   1.7456055e+01
   3.8489800e+06   1.8188477e+01
   3.9161550e+06   1.9165039e+01
   3.9735650e+06   1.7944336e+01
   3.9777760e+06   1.9531250e+01
   3.9908860e+06   2.0202637e+01
   4.0370280e+06   1.7517090e+01
   4.0483980e+06   2.2827148e+01
   4.0588660e+06   1.9348145e+01
   4.0589170e+06   2.5329590e+01
   4.0589420e+06   2.6000977e+01
   4.0589590e+06   3.0029297e+01
   4.0589920e+06   5.9753418e+01
   4.0590220e+06   5.6335449e+01
   4.0590530e+06   7.0617676e+01
   4.0590860e+06   5.1879883e+01
   4.0591190e+06   4.5471191e+01
   4.0591340e+06   2.9479980e+01
   4.0591500e+06   2.4719238e+01
   4.0591640e+06   5.5480957e+01
   4.0591750e+06   2.3925781e+01
   4.0591870e+06   4.1259766e+01
   4.0592200e+06   2.3864746e+01
   4.0592320e+06   3.6560059e+01
   4.0592540e+06   2.0324707e+01
   4.0592670e+06   1.7028809e+01
   4.0592820e+06   1.7150879e+01
   4.0593150e+06   4.7668457e+01
   4.0593740e+06   4.1076660e+01
   4.0594180e+06   2.1789551e+01
   4.0594470e+06   3.4301758e+01
   4.0594750e+06   1.8127441e+01
   4.0595590e+06   1.8188477e+01
   4.0595700e+06   2.0507813e+01
   4.0595940e+06   2.0751953e+01
   4.0596890e+06   3.0273438e+01
   4.0598010e+06   1.8432617e+01
   4.0598540e+06   2.4780273e+01
   4.0598820e+06   1.7333984e+01
   4.0599780e+06   2.6062012e+01
   4.0600260e+06   1.9165039e+01
   4.0600440e+06   2.8137207e+01
   4.0601060e+06   2.0324707e+01
   4.0601370e+06   2.5817871e+01
   4.0601680e+06   1.7883301e+01
   4.0601940e+06   1.9042969e+01
   4.0602060e+06   2.8381348e+01
   4.0602660e+06   2.0263672e+01
   4.0602900e+06   3.1860352e+01
   4.0603080e+06   2.4780273e+01
   4.0603180e+06   1.7211914e+01
   4.0603710e+06   2.6367188e+01
   4.0604130e+06   1.7028809e+01
   4.0604730e+06   1.9409180e+01
   4.0604950e+06   1.7089844e+01
   4.0605420e+06   1.8310547e+01
   4.0605740e+06   2.1606445e+01
   4.0606180e+06   1.7517090e+01
   4.0606490e+06   1.7089844e+01
   4.0606800e+06   1.8371582e+01
   4.0607600e+06   1.8859863e+01
   4.0608020e+06   2.1667480e+01
   4.0608550e+06   2.0812988e+01
   4.0609970e+06   1.8493652e+01
   4.0610440e+06   2.0935059e+01
   4.0610890e+06   1.8615723e+01
   4.0837930e+06   3.8757324e+01
   4.0841240e+06   1.7211914e+01
   4.0841850e+06   1.8005371e+01
   4.0842620e+06   1.7578125e+01
   4.0842810e+06   2.0202637e+01
   4.0843160e+06   5.4138184e+01
   4.0843280e+06   3.4973145e+01
   4.0843520e+06   2.5939941e+01
   4.0843820e+06   2.2949219e+01
   4.0844190e+06   4.7119141e+01
   4.0844400e+06   4.3945312e+01
   4.0844670e+06   3.6071777e+01
   4.0845250e+06   1.7028809e+01
   4.0845350e+06   2.0935059e+01
   4.0845510e+06   1.8859863e+01
   4.0845860e+06   5.2246094e+01
   4.0846140e+06   2.3010254e+01
   4.0846240e+06   2.0812988e+01
   4.0846580e+06   4.0283203e+01
   4.0846890e+06   2.5634766e+01
   4.0847030e+06   3.1188965e+01
   4.0847320e+06   2.6428223e+01
   4.0847420e+06   4.4860840e+01
   4.0847660e+06   1.9165039e+01
   4.0847810e+06   4.5227051e+01
   4.0848080e+06   3.0456543e+01
   4.0848330e+06   1.8493652e+01
   4.0848540e+06   3.0151367e+01
   4.0848670e+06   2.2583008e+01
   4.0848980e+06   3.0517578e+01
   4.0849300e+06   2.6977539e+01
   4.0849410e+06   2.7770996e+01
   4.0849610e+06   1.8310547e+01
   4.0849840e+06   2.7099609e+01
   4.0850270e+06   2.5390625e+01
   4.0850610e+06   2.0385742e+01
   4.0850810e+06   2.5024414e+01
   4.0851010e+06   1.9287109e+01
   4.0851320e+06   2.0385742e+01
   4.0851630e+06   2.1972656e+01
   4.0851760e+06   1.7456055e+01
   4.0852230e+06   1.9104004e+01
   4.0852890e+06   2.1423340e+01
   4.0853140e+06   2.1911621e+01
   4.0853280e+06   1.7639160e+01
   4.0853580e+06   2.3864746e+01
   4.0854130e+06   2.1789551e+01
   4.0854780e+06   1.7639160e+01
   4.0855200e+06   2.2338867e+01
   4.0855380e+06   1.8920898e+01
   4.0856030e+06   1.8127441e+01
   4.0856180e+06   2.1850586e+01
   4.0856610e+06   2.1789551e+01
   4.0857010e+06   2.0812988e+01
   4.0857870e+06   2.3254395e+01
   4.0858150e+06   1.8432617e+01
   4.0858420e+06   2.3864746e+01
   4.0858680e+06   2.9785156e+01
   4.0859180e+06   1.7211914e+01
   4.0859400e+06   2.4841309e+01
   4.0860020e+06   2.0935059e+01
   4.0860230e+06   1.9287109e+01
   4.0860510e+06   1.7272949e+01
   4.0860720e+06   2.4414062e+01
   4.0862300e+06   1.8920898e+01
   4.0862900e+06   1.9226074e+01
   4.0863600e+06   1.8493652e+01
   4.0864510e+06   2.2705078e+01
   4.0865350e+06   1.8493652e+01
   4.0867320e+06   1.7395020e+01
   4.0867570e+06   1.9042969e+01
   4.0870620e+06   1.8188477e+01
   4.1059500e+06   2.3315430e+01
   4.1059970e+06   1.8005371e+01
   4.1060490e+06   5.8654785e+01
   4.1060700e+06   4.4067383e+01
   4.1060920e+06   3.7902832e+01
   4.1061070e+06   2.3193359e+01
   4.1061240e+06   4.1076660e+01
   4.1061400e+06   3.3081055e+01
   4.1061550e+06   4.6142578e+01
   4.1061680e+06   2.7587891e+01
   4.1061840e+06   3.1616211e+01
   4.1061950e+06   2.4597168e+01
   4.1062160e+06   3.3508301e+01
   4.1062280e+06   2.0751953e+01
   4.1062560e+06   2.1057129e+01
   4.1062750e+06   5.4016113e+01
   4.1062860e+06   2.1362305e+01
   4.1063190e+06   3.5522461e+01
   4.1063590e+06   1.8249512e+01
   4.1063710e+06   3.4851074e+01
   4.1064130e+06   1.8005371e+01
   4.1064230e+06   1.9104004e+01
   4.1064440e+06   2.1301270e+01
   4.1064710e+06   2.5268555e+01
   4.1064810e+06   2.5939941e+01
   4.1065110e+06   2.1179199e+01
   4.1065800e+06   1.8859863e+01
   4.1065910e+06   2.0935059e+01
   4.1066190e+06   1.9958496e+01
   4.1066370e+06   1.7883301e+01
   4.1066810e+06   2.3681641e+01
   4.1067120e+06   1.8127441e+01
   4.1067500e+06   2.5878906e+01
   4.1067710e+06   1.8554688e+01
   4.1067910e+06   1.7639160e+01
   4.1068910e+06   1.8310547e+01
   4.1069260e+06   2.4169922e+01
   4.1069920e+06   2.5085449e+01
   4.1070110e+06   2.0996094e+01
   4.1070440e+06   2.0812988e+01
   4.1070590e+06   1.8554688e+01
   4.1070920e+06   1.7883301e+01
   4.1071130e+06   1.9531250e+01
   4.1071640e+06   1.7822266e+01
   4.1071880e+06   1.8005371e+01
   4.1072290e+06   1.9165039e+01
   4.1072430e+06   2.9602051e+01
   4.1073020e+06   1.7639160e+01
   4.1073720e+06   1.7578125e+01
   4.1073950e+06   1.9714355e+01
   4.1074410e+06   2.2033691e+01
   4.1074580e+06   1.8615723e+01
   4.1074830e+06   2.4902344e+01
   4.1075130e+06   2.1667480e+01
   4.1076260e+06   1.8798828e+01
   4.1076580e+06   2.7587891e+01
   4.1077130e+06   1.9958496e+01
   4.1077960e+06   2.3925781e+01
   4.1078910e+06   1.9592285e+01
   4.1079790e+06   1.9775391e+01
   4.1081950e+06   1.8737793e+01
   4.1083170e+06   1.8615723e+01
   4.1176140e+06   2.0996094e+01
   4.1176410e+06   7.3547363e+01
   4.1176700e+06   2.8808594e+01
   4.1176870e+06   3.7780762e+01
   4.1177010e+06   5.6030273e+01
   4.1177410e+06   3.0395508e+01
   4.1177730e+06   4.9194336e+01
   4.1177950e+06   3.1860352e+01
   4.1178050e+06   2.8747559e+01
   4.1178170e+06   1.9226074e+01
   4.1178340e+06   4.2602539e+01
   4.1178460e+06   2.8869629e+01
   4.1178730e+06   1.8615723e+01
   4.1179000e+06   3.5278320e+01
   4.1179310e+06   2.7648926e+01
   4.1179590e+06   3.0395508e+01
   4.1179730e+06   2.0874023e+01
   4.1179940e+06   2.2094727e+01
   4.1180230e+06   2.5207520e+01
   4.1180330e+06   2.6672363e+01
   4.1180560e+06   1.9470215e+01
   4.1180910e+06   2.1972656e+01
   4.1181160e+06   2.4841309e+01
   4.1181330e+06   1.8005371e+01
   4.1181560e+06   2.4719238e+01
   4.1182000e+06   2.5817871e+01
   4.1182250e+06   2.1606445e+01
   4.1182550e+06   2.5451660e+01
   4.1182810e+06   1.7517090e+01
   4.1183120e+06   2.4902344e+01
   4.1183550e+06   1.7333984e+01
   4.1183820e+06   1.9836426e+01
   4.1184000e+06   2.1545410e+01
   4.1184340e+06   2.3498535e+01
   4.1184670e+06   2.3559570e+01
   4.1184930e+06   2.4902344e+01
   4.1185460e+06   1.8493652e+01
   4.1185680e+06   1.7761230e+01
   4.1186090e+06   1.9958496e+01
   4.1186400e+06   2.7160645e+01
   4.1187970e+06   1.7578125e+01
   4.1188090e+06   2.6000977e+01
   4.1189180e+06   2.0751953e+01
   4.1189790e+06   2.1850586e+01
   4.1190510e+06   1.7089844e+01
   4.1190710e+06   1.8249512e+01
   4.1192250e+06   1.8066406e+01
   4.1270350e+06   2.0080566e+01
   4.1270810e+06   7.7087402e+01
   4.1271060e+06   2.7893066e+01
   4.1271290e+06   4.4433594e+01
   4.1271490e+06   4.9682617e+01
   4.1271650e+06   2.0019531e+01
   4.1271830e+06   4.0588379e+01
   4.1272070e+06   5.0659180e+01
   4.1272200e+06   4.5227051e+01
   4.1272490e+06   3.2287598e+01
   4.1272800e+06   3.2775879e+01
   4.1273050e+06   3.8391113e+01
   4.1273270e+06   2.7282715e+01
   4.1273550e+06   1.9165039e+01
   4.1273690e+06   3.9428711e+01
   4.1274000e+06   2.0874023e+01
   4.1274270e+06   3.7292480e+01
   4.1274490e+06   2.4780273e+01
   4.1274740e+06   2.2644043e+01
   4.1275020e+06   2.6306152e+01
   4.1275180e+06   2.1728516e+01
   4.1275630e+06   1.9287109e+01
   4.1275780e+06   1.7150879e+01
   4.1276070e+06   1.8310547e+01
   4.1276200e+06   2.3010254e+01
   4.1276500e+06   2.2277832e+01
   4.1276890e+06   1.7395020e+01
   4.1277050e+06   1.7761230e+01
   4.1277400e+06   2.2094727e+01
   4.1277610e+06   2.5268555e+01
   4.1277920e+06   1.8127441e+01
   4.1278090e+06   1.9287109e+01
   4.1278210e+06   1.9226074e+01
   4.1278730e+06   2.8076172e+01
   4.1279050e+06   2.1850586e+01
   4.1280040e+06   2.1301270e+01
   4.1280280e+06   1.8249512e+01
   4.1280520e+06   1.9714355e+01
   4.1280950e+06   1.8310547e+01
   4.1281350e+06   1.8493652e+01
   4.1282000e+06   1.8188477e+01
   4.1283170e+06   1.9592285e+01
   4.1283340e+06   2.1667480e+01
   4.1284320e+06   1.8493652e+01
   4.1386210e+06   2.1545410e+01
   4.1386520e+06   6.5612793e+01
   4.1386630e+06   5.3588867e+01
   4.1386900e+06   2.7954102e+01
   4.1387020e+06   4.6020508e+01
   4.1387350e+06   3.0517578e+01
   4.1387520e+06   4.4067383e+01
   4.1387830e+06   2.2277832e+01
   4.1387940e+06   2.0324707e+01
   4.1388090e+06   3.2653809e+01
   4.1388430e+06   2.3498535e+01
   4.1388630e+06   1.7456055e+01
   4.1388750e+06   2.5756836e+01
   4.1388930e+06   1.8798828e+01
   4.1389320e+06   2.2766113e+01
   4.1389850e+06   2.3071289e+01
   4.1390160e+06   2.0019531e+01
   4.1390460e+06   2.3559570e+01
   4.1390560e+06   2.6000977e+01
   4.1391010e+06   2.4108887e+01
   4.1391120e+06   2.4230957e+01
   4.1391320e+06   2.0202637e+01
   4.1391880e+06   1.8249512e+01
   4.1392080e+06   1.7333984e+01
   4.1392460e+06   2.3620605e+01
   4.1392890e+06   1.8737793e+01
   4.1393120e+06   1.8981934e+01
   4.1393270e+06   1.9592285e+01
   4.1393590e+06   1.7395020e+01
   4.1394010e+06   2.2094727e+01
   4.1394140e+06   2.1545410e+01
   4.1394910e+06   1.8249512e+01
   4.1395290e+06   1.9287109e+01
   4.1395650e+06   2.5146484e+01
   4.1397120e+06   1.8432617e+01
   4.1398280e+06   1.9104004e+01
   4.1470540e+06   1.8798828e+01
   4.1470780e+06   4.1809082e+01
   4.1470990e+06   6.7565918e+01
   4.1471140e+06   2.3315430e+01
   4.1471350e+06   3.7109375e+01
   4.1471510e+06   3.4667969e+01
   4.1471740e+06   3.3203125e+01
   4.1472090e+06   3.6926270e+01
   4.1472350e+06   2.6367188e+01
   4.1472660e+06   2.2277832e+01
   4.1472880e+06   2.5756836e+01
   4.1473010e+06   2.0629883e+01
   4.1473180e+06   1.7089844e+01
   4.1473420e+06   2.1179199e+01
   4.1473650e+06   2.0629883e+01
   4.1473790e+06   1.9836426e+01
   4.1474060e+06   2.4658203e+01
   4.1474350e+06   3.7841797e+01
   4.1474640e+06   2.9846191e+01
   4.1475270e+06   2.4108887e+01
   4.1475390e+06   3.0395508e+01
   4.1476360e+06   2.0751953e+01
   4.1476640e+06   1.8371582e+01
   4.1477820e+06   1.8188477e+01
   4.1477930e+06   2.0324707e+01
   4.1478150e+06   2.0080566e+01
   4.1478530e+06   1.9165039e+01
   4.1479250e+06   1.7395020e+01
   4.1484230e+06   1.7578125e+01
   4.1489150e+06   1.7639160e+01
   4.1554420e+06   1.8005371e+01
   4.1554630e+06   2.0446777e+01
   4.1554740e+06   6.0180664e+01
   4.1555090e+06   2.3376465e+01
   4.1555230e+06   7.1594238e+01
   4.1555340e+06   6.6955566e+01
   4.1555500e+06   3.4545898e+01
   4.1555790e+06   2.4597168e+01
   4.1556040e+06   3.1494141e+01
   4.1556290e+06   2.5268555e+01
   4.1556560e+06   2.8137207e+01
   4.1556770e+06   1.7272949e+01
   4.1556930e+06   3.1066895e+01
   4.1557130e+06   2.8808594e+01
   4.1557250e+06   2.7893066e+01
   4.1557680e+06   2.2094727e+01
   4.1557790e+06   2.0812988e+01
   4.1558200e+06   1.8066406e+01
   4.1558310e+06   2.3132324e+01
   4.1558450e+06   3.5278320e+01
   4.1559120e+06   1.9042969e+01
   4.1559260e+06   1.7761230e+01
   4.1559920e+06   3.1616211e+01
   4.1560100e+06   1.9531250e+01
   4.1560710e+06   1.9897461e+01
   4.1561180e+06   2.0263672e+01
   4.1561540e+06   1.8493652e+01
   4.1561640e+06   3.4973145e+01
   4.1561880e+06   1.7150879e+01
   4.1562290e+06   2.0019531e+01
   4.1562440e+06   2.3010254e+01
   4.1563860e+06   1.9470215e+01
   4.1564870e+06   2.0874023e+01
   4.1566180e+06   2.0751953e+01
   4.1572990e+06   1.7150879e+01
   4.6056570e+06   1.7517090e+01
   4.6216770e+06   1.8493652e+01
   4.6612820e+06   1.7761230e+01
   4.6613320e+06   1.9165039e+01
   4.6613480e+06   1.7517090e+01
   4.6613700e+06   2.6123047e+01
   4.6614360e+06   5.8837891e+01
   4.6614690e+06   4.5776367e+01
   4.6614820e+06   4.5776367e+01
   4.6615130e+06   8.1359863e+01
   4.6615270e+06   2.3803711e+01
   4.6615570e+06   3.8208008e+01
   4.6615760e+06   2.2094727e+01
   4.6616110e+06   2.8137207e+01
   4.6616280e+06   2.6000977e+01
   4.6616410e+06   1.7639160e+01
   4.6616560e+06   2.4536133e+01
   4.6617040e+06   5.1696777e+01
   4.6617360e+06   1.9836426e+01
   4.6617560e+06   2.1545410e+01
   4.6617750e+06   5.9936523e+01
   4.6618010e+06   2.5573730e+01
   4.6618420e+06   5.4138184e+01
   4.6618870e+06   3.3630371e+01
   4.6619200e+06   2.5268555e+01
   4.6619330e+06   2.6123047e+01
   4.6619790e+06   1.9104004e+01
   4.6619900e+06   2.9663086e+01
   4.6620240e+06   2.3315430e+01
   4.6620690e+06   1.8615723e+01
   4.6621040e+06   2.2705078e+01
   4.6621500e+06   2.1362305e+01
   4.6622080e+06   2.3193359e+01
   4.6622260e+06   2.3498535e+01
   4.6622720e+06   1.7761230e+01
   4.6622820e+06   2.7099609e+01
   4.6623260e+06   1.8920898e+01
   4.6623430e+06   1.9348145e+01
   4.6623560e+06   2.5207520e+01
   4.6624200e+06   2.2277832e+01
   4.6624360e+06   1.7333984e+01
   4.6624880e+06   2.1118164e+01
   4.6625130e+06   1.7150879e+01
   4.6625920e+06   2.0080566e+01
   4.6626350e+06   1.9226074e+01
   4.6626710e+06   1.7944336e+01
   4.6626840e+06   2.1484375e+01
   4.6627320e+06   2.2827148e+01
   4.6627660e+06   1.9165039e+01
   4.6628210e+06   2.9418945e+01
   4.6628840e+06   1.9592285e+01
   4.6629470e+06   1.9226074e+01
   4.6630330e+06   1.7883301e+01
   4.6630870e+06   1.7089844e+01
   4.6631550e+06   2.3071289e+01
   4.6636060e+06   1.7456055e+01
   4.6638380e+06   1.8310547e+01
   4.6640320e+06   2.0141602e+01
   4.7531960e+06   2.1484375e+01
   4.7861280e+06   1.8310547e+01
   4.8161450e+06   2.0446777e+01
   4.8728070e+06   1.7944336e+01
   4.8743090e+06   1.9470215e+01
   4.8743460e+06   2.0263672e+01
   4.8743880e+06   2.0507812e+01
   4.8744320e+06   5.4870605e+01
   4.8744440e+06   2.5024414e+01
   4.8744800e+06   4.6264648e+01
   4.8744900e+06   5.1940918e+01
   4.8745140e+06   2.2766113e+01
   4.8745330e+06   6.7504883e+01
   4.8745510e+06   2.1301270e+01
   4.8745640e+06   1.8920898e+01
   4.8745870e+06   3.7170410e+01
   4.8746080e+06   2.0751953e+01
   4.8746560e+06   2.7465820e+01
   4.8746910e+06   3.4790039e+01
   4.8747110e+06   4.9499512e+01
   4.8747360e+06   1.8066406e+01
   4.8747680e+06   3.9245605e+01
   4.8747880e+06   1.7028809e+01
   4.8748200e+06   1.9042969e+01
   4.8748330e+06   4.4494629e+01
   4.8748810e+06   2.7038574e+01
   4.8749020e+06   2.4902344e+01
   4.8749330e+06   2.4963379e+01
   4.8749740e+06   3.2653809e+01
   4.8750150e+06   1.9592285e+01
   4.8750270e+06   1.9165039e+01
   4.8750390e+06   2.0812988e+01
   4.8751400e+06   2.1057129e+01
   4.8752100e+06   1.9470215e+01
   4.8752260e+06   2.2827148e+01
   4.8753530e+06   1.8615723e+01
   4.8753660e+06   1.7028809e+01
   4.8754070e+06   1.7517090e+01
   4.8754540e+06   1.7333984e+01
   4.8754810e+06   2.3254395e+01
   4.8755050e+06   1.7883301e+01
   4.8755270e+06   2.0568848e+01
   4.8755750e+06   1.7700195e+01
   4.8755970e+06   1.7639160e+01
   4.8756210e+06   2.1911621e+01
   4.8756600e+06   1.8615723e+01
   4.8756950e+06   1.7089844e+01
   4.8757080e+06   2.4475098e+01
   4.8758040e+06   1.9836426e+01
   4.8758420e+06   1.8554688e+01
   4.8758970e+06   1.7272949e+01
   4.8759400e+06   2.5878906e+01
   4.8760080e+06   1.8005371e+01
   4.8760330e+06   1.8798828e+01
   4.8760920e+06   2.6367188e+01
   4.8761970e+06   1.9409180e+01
   4.8762090e+06   1.7028809e+01
   4.8763940e+06   1.7028809e+01
   4.8765760e+06   2.1057129e+01
   4.9449420e+06   1.9042969e+01
   4.9797190e+06   2.1667480e+01
   4.9940800e+06   1.9958496e+01
   4.9941440e+06   5.1696777e+01
   4.9941790e+06   4.5837402e+01
   4.9941960e+06   3.3325195e+01
   4.9942190e+06   3.6071777e+01
   4.9942380e+06   9.4177246e+01
   4.9942730e+06   3.2714844e+01
   4.9942900e+06   3.7414551e+01
   4.9943110e+06   3.1372070e+01
   4.9943360e+06   3.5827637e+01
   4.9943590e+06   2.1240234e+01
   4.9943760e+06   3.8940430e+01
   4.9943980e+06   3.7231445e+01
   4.9944180e+06   1.9714355e+01
   4.9944500e+06   5.8410645e+01
   4.9944720e+06   1.8554688e+01
   4.9944910e+06   1.7761230e+01
   4.9945020e+06   2.8869629e+01
   4.9945250e+06   1.8554688e+01
   4.9945610e+06   3.4362793e+01
   4.9945860e+06   2.0263672e+01
   4.9946100e+06   1.9042969e+01
   4.9946290e+06   3.8818359e+01
   4.9946750e+06   2.2155762e+01
   4.9947050e+06   2.2155762e+01
   4.9947280e+06   2.2216797e+01
   4.9947610e+06   1.8676758e+01
   4.9947930e+06   2.2338867e+01
   4.9948440e+06   2.3193359e+01
   4.9948970e+06   1.8859863e+01
   4.9949210e+06   1.9104004e+01
   4.9949710e+06   1.8676758e+01
   4.9950200e+06   1.9714355e+01
   4.9950460e+06   2.0996094e+01
   4.9950770e+06   2.0080566e+01
   4.9951090e+06   1.8676758e+01
   4.9951380e+06   2.7099609e+01
   4.9951830e+06   1.7272949e+01
   4.9952160e+06   2.3010254e+01
   4.9952450e+06   1.7333984e+01
   4.9952640e+06   1.8920898e+01
   4.9952800e+06   2.1423340e+01
   4.9953600e+06   1.8859863e+01
   4.9954020e+06   2.0080566e+01
   4.9954260e+06   2.2155762e+01
   4.9954390e+06   1.7639160e+01
   4.9954690e+06   1.7272949e+01
   4.9954820e+06   2.0629883e+01
   4.9955150e+06   2.2644043e+01
   4.9955310e+06   1.8432617e+01
   4.9955870e+06   2.2705078e+01
   4.9955970e+06   2.3071289e+01
   4.9956190e+06   1.7578125e+01
   4.9956820e+06   1.8249512e+01
   4.9957940e+06   1.8432617e+01
   4.9958520e+06   1.7639160e+01
   4.9959260e+06   1.7639160e+01
   5.1718030e+06   1.7761230e+01
   5.1730510e+06   2.1240234e+01
   5.2010150e+06   1.7211914e+01
   5.2699690e+06   1.7150879e+01
   5.3228470e+06   1.7517090e+01
   5.3228570e+06   1.7333984e+01
   5.3229130e+06   2.0446777e+01
   5.3229340e+06   5.0231934e+01
   5.3230030e+06   4.8767090e+01
   5.3230220e+06   2.1423340e+01
   5.3230530e+06   2.8808594e+01
   5.3230770e+06   1.7456055e+01
   5.3231150e+06   7.5622559e+01
   5.3231260e+06   2.0080566e+01
   5.3231530e+06   2.8076172e+01
   5.3231720e+06   3.9733887e+01
   5.3231900e+06   2.5939941e+01
   5.3232040e+06   2.1362305e+01
   5.3232300e+06   3.8208008e+01
   5.3232500e+06   2.6794434e+01
   5.3232790e+06   2.3132324e+01
   5.3232950e+06   2.9968262e+01
   5.3233220e+06   1.8310547e+01
   5.3233360e+06   2.4475098e+01
   5.3233470e+06   1.8005371e+01
   5.3233730e+06   2.1484375e+01
   5.3234020e+06   5.0109863e+01
   5.3234140e+06   1.7089844e+01
   5.3234580e+06   3.2409668e+01
   5.3234690e+06   2.5878906e+01
   5.3234800e+06   2.3803711e+01
   5.3235120e+06   2.3437500e+01
   5.3235490e+06   2.1850586e+01
   5.3235620e+06   1.7272949e+01
   5.3235950e+06   2.4902344e+01
   5.3236380e+06   1.7517090e+01
   5.3236800e+06   2.2888184e+01
   5.3236940e+06   1.8310547e+01
   5.3237450e+06   2.0751953e+01
   5.3237630e+06   1.8249512e+01
   5.3238110e+06   1.8371582e+01
   5.3239070e+06   2.3498535e+01
   5.3239510e+06   1.9165039e+01
   5.3240130e+06   3.0517578e+01
   5.3240920e+06   1.8676758e+01
   5.3241230e+06   2.2155762e+01
   5.3241680e+06   1.8615723e+01
   5.3241820e+06   2.0080566e+01
   5.3241930e+06   1.8859863e+01
   5.3242300e+06   1.8493652e+01
   5.3242430e+06   1.7150879e+01
   5.3243390e+06   1.9592285e+01
   5.3243820e+06   2.7221680e+01
   5.3244340e+06   1.7395020e+01
   5.3244470e+06   1.8310547e+01
   5.3245250e+06   2.0751953e+01
   5.3245500e+06   1.9287109e+01
   5.3246440e+06   1.8005371e+01
   5.3246620e+06   2.2888184e+01
   5.3247330e+06   2.4169922e+01
   5.3247860e+06   1.7944336e+01
   5.3248790e+06   1.8066406e+01
   5.3249790e+06   1.9409180e+01
   5.3252830e+06   1.7272949e+01
   5.3255280e+06   2.0202637e+01
   5.3258070e+06   1.8981934e+01
   5.3268050e+06   1.8371582e+01
   5.4007290e+06   1.9104004e+01
   5.4069360e+06   1.9653320e+01
   5.4125650e+06   2.0996094e+01
   5.4162940e+06   2.1179199e+01
   5.4184390e+06   1.8920898e+01
   5.4222900e+06   1.9653320e+01
   5.4240040e+06   2.3620605e+01
   5.4377320e+06   1.8310547e+01
   5.4392520e+06   1.8676758e+01
   5.4418990e+06   1.7395020e+01
   5.4446610e+06   1.8798828e+01
   5.4470630e+06   1.7028809e+01
   5.4571870e+06   1.7089844e+01
   5.4687030e+06   2.0935059e+01
   5.5038530e+06   1.8310547e+01
   5.5039050e+06   2.6000977e+01
   5.5039330e+06   1.8249512e+01
   5.5039430e+06   6.4697266e+01
   5.5039620e+06   1.7272949e+01
   5.5039780e+06   2.0385742e+01
   5.5039970e+06   5.2551270e+01
   5.5040150e+06   1.7272949e+01
   5.5040270e+06   2.0263672e+01
   5.5040540e+06   3.6132812e+01
   5.5040650e+06   7.2937012e+01
   5.5040880e+06   2.1606445e+01
   5.5041160e+06   4.2419434e+01
   5.5041330e+06   3.3386230e+01
   5.5041590e+06   3.2287598e+01
   5.5041870e+06   4.2053223e+01
   5.5042000e+06   2.4353027e+01
   5.5042320e+06   1.8554688e+01
   5.5042530e+06   2.3193359e+01
   5.5042830e+06   2.1423340e+01
   5.5042960e+06   5.8044434e+01
   5.5043350e+06   1.8066406e+01
   5.5043710e+06   2.3620605e+01
   5.5043890e+06   2.8198242e+01
   5.5044190e+06   3.9672852e+01
   5.5044340e+06   2.6733398e+01
   5.5044640e+06   2.6977539e+01
   5.5044780e+06   2.4169922e+01
   5.5044990e+06   2.2277832e+01
   5.5045630e+06   1.9042969e+01
   5.5045890e+06   2.1789551e+01
   5.5046230e+06   1.7883301e+01
   5.5046520e+06   2.3681641e+01
   5.5046670e+06   2.5268555e+01
   5.5047220e+06   2.1240234e+01
   5.5047690e+06   2.0202637e+01
   5.5047960e+06   2.3498535e+01
   5.5048060e+06   2.4475098e+01
   5.5048680e+06   3.0151367e+01
   5.5049300e+06   1.8432617e+01
   5.5049560e+06   1.8615723e+01
   5.5050040e+06   1.7822266e+01
   5.5050680e+06   2.0446777e+01
   5.5050890e+06   2.7465820e+01
   5.5051370e+06   1.8371582e+01
   5.5051530e+06   4.6203613e+01
   5.5052110e+06   1.7333984e+01
   5.5052340e+06   2.9846191e+01
   5.5052990e+06   1.8554688e+01
   5.5053290e+06   2.4047852e+01
   5.5053760e+06   2.0935059e+01
   5.5053940e+06   2.0874023e+01
   5.5054200e+06   1.8981934e+01
   5.5054740e+06   1.8432617e+01
   5.5055270e+06   2.2155762e+01
   5.5055460e+06   1.8554688e+01
   5.5056130e+06   2.1118164e+01
   5.5057030e+06   1.8920898e+01
   5.5058120e+06   1.8188477e+01
   5.5058670e+06   2.0385742e+01
   5.5060960e+06   2.1240234e+01
   5.5074370e+06   1.7761230e+01
   5.5095920e+06   3.7231445e+01
   5.5097570e+06   1.7333984e+01
   5.5099750e+06   1.8432617e+01
   5.5099970e+06   4.6386719e+01
   5.5100550e+06   1.7150879e+01
   5.5101170e+06   3.4057617e+01
   5.5102630e+06   1.7395020e+01
   5.5105160e+06   4.1870117e+01
   5.5108550e+06   3.4301758e+01
   5.5109030e+06   1.8005371e+01
   5.5199320e+06   7.0739746e+01
   5.5199450e+06   2.2705078e+01
   5.5199710e+06   4.0100098e+01
   5.5199940e+06   2.7832031e+01
   5.5200150e+06   3.0090332e+01
   5.5200430e+06   4.4128418e+01
   5.5200700e+06   4.8156738e+01
   5.5200940e+06   2.7282715e+01
   5.5201050e+06   3.3325195e+01
   5.5201410e+06   4.3823242e+01
   5.5201630e+06   1.8981934e+01
   5.5201740e+06   2.3315430e+01
   5.5201870e+06   2.3254395e+01
   5.5202020e+06   3.4423828e+01
   5.5202320e+06   2.2399902e+01
   5.5202480e+06   2.6000977e+01
   5.5202710e+06   2.3376465e+01
   5.5202950e+06   2.7343750e+01
   5.5203220e+06   2.3742676e+01
   5.5203490e+06   2.3986816e+01
   5.5203710e+06   1.8005371e+01
   5.5204370e+06   1.9042969e+01
   5.5204750e+06   2.2277832e+01
   5.5204850e+06   2.2766113e+01
   5.5205500e+06   1.9287109e+01
   5.5206270e+06   2.8442383e+01
   5.5206410e+06   2.5329590e+01
   5.5206820e+06   2.1850586e+01
   5.5207120e+06   2.0202637e+01
   5.5207660e+06   2.0690918e+01
   5.5208280e+06   1.9836426e+01
   5.5208550e+06   2.0385742e+01
   5.5209020e+06   2.4719238e+01
   5.5209320e+06   2.0324707e+01
   5.5209640e+06   1.9287109e+01
   5.5210200e+06   1.7028809e+01
   5.5210370e+06   2.0202637e+01
   5.5210900e+06   1.9531250e+01
   5.5211050e+06   1.8127441e+01
   5.5211460e+06   2.7221680e+01
   5.5211900e+06   1.9592285e+01
   5.5212610e+06   2.2033691e+01
   5.5213520e+06   1.8981934e+01
   5.5213630e+06   2.9602051e+01
   5.5214030e+06   2.7404785e+01
   5.5214520e+06   1.7150879e+01
   5.5214860e+06   1.7700195e+01
   5.5215810e+06   1.9592285e+01
   5.5216030e+06   1.8432617e+01
   5.5216830e+06   1.7700195e+01
   5.5217060e+06   2.6672363e+01
   5.5218070e+06   2.0263672e+01
   5.5221250e+06   1.8249512e+01
   5.5372550e+06   4.8461914e+01
   5.5372680e+06   1.9287109e+01
   5.5372960e+06   2.4230957e+01
   5.5373100e+06   4.6386719e+01
   5.5373340e+06   3.4973145e+01
   5.5373620e+06   5.4382324e+01
   5.5373780e+06   6.2011719e+01
   5.5374030e+06   5.0109863e+01
   5.5374130e+06   4.2358398e+01
   5.5374290e+06   1.8371582e+01
   5.5374550e+06   2.8747559e+01
   5.5374820e+06   4.9255371e+01
   5.5375050e+06   2.5512695e+01
   5.5375290e+06   1.8798828e+01
   5.5375430e+06   5.1391602e+01
   5.5375660e+06   2.0385742e+01
   5.5375880e+06   3.5583496e+01
   5.5376010e+06   1.7944336e+01
   5.5376200e+06   1.9958496e+01
   5.5376440e+06   3.3386230e+01
   5.5376740e+06   1.8798828e+01
   5.5376890e+06   2.4475098e+01
   5.5377120e+06   1.9470215e+01
   5.5377460e+06   3.1982422e+01
   5.5377620e+06   1.9409180e+01
   5.5377720e+06   1.8798828e+01
   5.5378140e+06   1.9775391e+01
   5.5378770e+06   2.4475098e+01
   5.5379310e+06   1.8493652e+01
   5.5379470e+06   2.1850586e+01
   5.5379760e+06   1.8798828e+01
   5.5379990e+06   1.8127441e+01
   5.5380280e+06   1.7517090e+01
   5.5380410e+06   2.3132324e+01
   5.5380650e+06   1.8310547e+01
   5.5381190e+06   1.8981934e+01
   5.5381410e+06   2.3803711e+01
   5.5381820e+06   2.3681641e+01
   5.5382410e+06   2.8076172e+01
   5.5383320e+06   2.2094727e+01
   5.5383480e+06   1.9287109e+01
   5.5383930e+06   2.3010254e+01
   5.5384550e+06   1.9165039e+01
   5.5384680e+06   2.3681641e+01
   5.5384870e+06   1.8127441e+01
   5.5385180e+06   1.8737793e+01
   5.5385360e+06   1.9165039e+01
   5.5386720e+06   1.7395020e+01
   5.5386880e+06   1.7456055e+01
   5.5387290e+06   1.9958496e+01
   5.5387890e+06   2.1911621e+01
   5.5388320e+06   1.8493652e+01
   5.5389070e+06   1.7395020e+01
   5.5389340e+06   1.9897461e+01
   5.5392630e+06   1.7517090e+01
   5.5479700e+06   1.8676758e+01
   5.5479980e+06   1.8615723e+01
   5.5480430e+06   4.4250488e+01
   5.5480560e+06   3.1982422e+01
   5.5480660e+06   2.4414062e+01
   5.5480900e+06   3.1127930e+01
   5.5481230e+06   5.1269531e+01
   5.5481360e+06   2.7160645e+01
   5.5481600e+06   5.4870605e+01
   5.5481860e+06   5.1635742e+01
   5.5482000e+06   2.4963379e+01
   5.5482260e+06   2.9602051e+01
   5.5482430e+06   3.5949707e+01
   5.5482580e+06   1.7517090e+01
   5.5482840e+06   3.0334473e+01
   5.5483110e+06   2.3742676e+01
   5.5483290e+06   2.7709961e+01
   5.5483550e+06   2.2888184e+01
   5.5483680e+06   4.0100098e+01
   5.5484030e+06   2.6977539e+01
   5.5484330e+06   1.9653320e+01
   5.5484530e+06   2.9541016e+01
   5.5484770e+06   3.3081055e+01
   5.5485450e+06   3.0456543e+01
   5.5485620e+06   2.9296875e+01
   5.5485880e+06   1.9409180e+01
   5.5486050e+06   2.2460938e+01
   5.5486460e+06   2.6916504e+01
   5.5486800e+06   1.8981934e+01
   5.5487380e+06   1.7272949e+01
   5.5487620e+06   2.0874023e+01
   5.5487770e+06   2.2583008e+01
   5.5488410e+06   2.5329590e+01
   5.5488730e+06   1.8371582e+01
   5.5489210e+06   1.9042969e+01
   5.5489730e+06   1.7944336e+01
   5.5489940e+06   2.0019531e+01
   5.5490560e+06   2.4597168e+01
   5.5491300e+06   1.9287109e+01
   5.5492540e+06   1.8493652e+01
   5.5492840e+06   3.0700684e+01
   5.5494070e+06   1.7089844e+01
   5.5495250e+06   1.7456055e+01
   5.5502210e+06   1.9653320e+01
   5.5509370e+06   1.8432617e+01
   5.5565810e+06   1.9287109e+01
   5.5566190e+06   5.1269531e+01
   5.5566520e+06   4.9987793e+01
   5.5566720e+06   2.2583008e+01
   5.5566990e+06   3.5949707e+01
   5.5567220e+06   4.8828125e+01
   5.5567440e+06   2.1789551e+01
   5.5567740e+06   3.8879395e+01
   5.5567910e+06   6.5368652e+01
   5.5568390e+06   2.2399902e+01
   5.5568550e+06   5.0537109e+01
   5.5568750e+06   3.3508301e+01
   5.5568970e+06   4.3151855e+01
   5.5569070e+06   2.1545410e+01
   5.5569550e+06   2.4230957e+01
   5.5569670e+06   2.3864746e+01
   5.5569870e+06   2.1667480e+01
   5.5570060e+06   2.2033691e+01
   5.5570410e+06   2.9235840e+01
   5.5570540e+06   5.4260254e+01
   5.5570750e+06   2.5634766e+01
   5.5570990e+06   2.1118164e+01
   5.5571330e+06   2.4719238e+01
   5.5571460e+06   3.1677246e+01
   5.5571680e+06   2.6000977e+01
   5.5571820e+06   2.9602051e+01
   5.5572320e+06   1.8798828e+01
   5.5572660e+06   2.2644043e+01
   5.5573270e+06   3.0761719e+01
   5.5573510e+06   2.6123047e+01
   5.5574480e+06   2.5634766e+01
   5.5574680e+06   2.2888184e+01
   5.5575350e+06   2.5817871e+01
   5.5575610e+06   1.8249512e+01
   5.5576710e+06   2.0080566e+01
   5.5577040e+06   1.7639160e+01
   5.5577180e+06   2.1789551e+01
   5.5577820e+06   2.0324707e+01
   5.5578160e+06   1.7395020e+01
   5.5662740e+06   1.7761230e+01
   5.5662890e+06   1.8127441e+01
   5.5663150e+06   3.8818359e+01
   5.5663360e+06   2.9235840e+01
   5.5663490e+06   5.6579590e+01
   5.5663610e+06   3.3386230e+01
   5.5663860e+06   3.7048340e+01
   5.5663980e+06   4.0710449e+01
   5.5664240e+06   5.1391602e+01
   5.5664520e+06   5.2612305e+01
   5.5664800e+06   2.3986816e+01
   5.5664900e+06   2.1362305e+01
   5.5665070e+06   2.4230957e+01
   5.5665190e+06   3.5888672e+01
   5.5665470e+06   3.7963867e+01
   5.5665610e+06   2.1423340e+01
   5.5665890e+06   3.9672852e+01
   5.5666130e+06   4.1809082e+01
   5.5666360e+06   1.7028809e+01
   5.5666500e+06   1.8005371e+01
   5.5666860e+06   4.0771484e+01
   5.5667000e+06   2.2033691e+01
   5.5667370e+06   1.8981934e+01
   5.5667580e+06   3.6010742e+01
   5.5667830e+06   2.1850586e+01
   5.5668030e+06   2.6000977e+01
   5.5668330e+06   2.6916504e+01
   5.5668600e+06   2.2888184e+01
   5.5668810e+06   3.1616211e+01
   5.5669050e+06   1.8493652e+01
   5.5669550e+06   1.7333984e+01
   5.5669690e+06   1.8005371e+01
   5.5669870e+06   2.5207520e+01
   5.5670220e+06   2.3559570e+01
   5.5670390e+06   2.2216797e+01
   5.5670580e+06   2.2460938e+01
   5.5670860e+06   1.7150879e+01
   5.5671250e+06   2.0385742e+01
   5.5671780e+06   2.0507813e+01
   5.5672080e+06   2.1179199e+01
   5.5672750e+06   2.0812988e+01
   5.5672990e+06   1.7028809e+01
   5.5674430e+06   1.7639160e+01
   5.5674660e+06   1.9042969e+01
   5.5675190e+06   1.8310547e+01
   5.5676030e+06   1.9470215e+01
   5.5678200e+06   1.8615723e+01
   5.5678480e+06   1.9531250e+01
   5.5770310e+06   1.7639160e+01
   5.5770590e+06   1.7700195e+01
   5.5770920e+06   6.5673828e+01
   5.5771230e+06   4.1015625e+01
   5.5771380e+06   5.1330566e+01
   5.5771670e+06   2.4597168e+01
   5.5771900e+06   2.0141602e+01
   5.5772000e+06   3.5278320e+01
   5.5772110e+06   4.5593262e+01
   5.5772340e+06   2.7954102e+01
   5.5772500e+06   2.0507812e+01
   5.5772650e+06   2.1606445e+01
   5.5772890e+06   4.1198730e+01
   5.5773290e+06   1.7211914e+01
   5.5773510e+06   3.2775879e+01
   5.5773740e+06   3.0517578e+01
   5.5773840e+06   2.6367188e+01
   5.5774320e+06   2.5268555e+01
   5.5774470e+06   2.2094727e+01
   5.5774920e+06   2.2888184e+01
   5.5775150e+06   3.1127930e+01
   5.5775420e+06   2.0446777e+01
   5.5775760e+06   3.2531738e+01
   5.5776240e+06   1.9409180e+01
   5.5776590e+06   2.7221680e+01
   5.5777190e+06   1.9409180e+01
   5.5777410e+06   1.7272949e+01
   5.5777730e+06   1.9897461e+01
   5.5778270e+06   1.9165039e+01
   5.5778720e+06   1.9165039e+01
   5.5778820e+06   1.8554688e+01
   5.5779130e+06   1.9226074e+01
   5.5779310e+06   1.8005371e+01
   5.5779710e+06   2.1423340e+01
   5.5780060e+06   2.0812988e+01
   5.5780920e+06   1.9714355e+01
   5.5783000e+06   1.7028809e+01
   5.5783370e+06   1.7761230e+01
   5.5783940e+06   1.7700195e+01
   5.5785700e+06   1.9775391e+01
   5.5796640e+06   1.7211914e+01
   5.5860830e+06   1.7456055e+01
   5.5861010e+06   1.9409180e+01
   5.5861450e+06   5.7739258e+01
   5.5861560e+06   2.2583008e+01
   5.5861880e+06   4.6630859e+01
   5.5862010e+06   2.0202637e+01
   5.5862220e+06   1.9836426e+01
   5.5862470e+06   3.4667969e+01
   5.5862750e+06   4.4433594e+01
   5.5863070e+06   2.7893066e+01
   5.5863270e+06   2.1545410e+01
   5.5863780e+06   3.0273438e+01
   5.5863970e+06   2.1911621e+01
   5.5864170e+06   2.2216797e+01
   5.5864450e+06   2.9846191e+01
   5.5864780e+06   2.6000977e+01
   5.5864970e+06   2.0446777e+01
   5.5865090e+06   1.7089844e+01
   5.5865440e+06   2.1240234e+01
   5.5865550e+06   3.5156250e+01
   5.5866020e+06   1.9042969e+01
   5.5866360e+06   3.0090332e+01
   5.5866510e+06   1.9592285e+01
   5.5867030e+06   2.3376465e+01
   5.5867990e+06   2.3681641e+01
   5.5868510e+06   2.3803711e+01
   5.5869740e+06   1.8066406e+01
   5.5872130e+06   2.2460938e+01
   5.8529510e+06   2.7099609e+01
   5.8530280e+06   2.6733398e+01
   5.8530630e+06   2.3132324e+01
   5.8530750e+06   1.0522461e+02
   5.8531170e+06   3.1494141e+01
   5.8531320e+06   5.0659180e+01
   5.8531610e+06   5.8349609e+01
   5.8531760e+06   2.7343750e+01
   5.8532030e+06   2.1179199e+01
   5.8532280e+06   2.8503418e+01
   5.8532410e+06   2.1118164e+01
   5.8532700e+06   2.3864746e+01
   5.8532920e+06   2.3193359e+01
   5.8533100e+06   3.1555176e+01
   5.8533220e+06   5.1635742e+01
   5.8533530e+06   1.9592285e+01
   5.8533780e+06   2.7282715e+01
   5.8534050e+06   3.5034180e+01
   5.8534160e+06   2.3010254e+01
   5.8534290e+06   2.4658203e+01
   5.8534550e+06   1.8432617e+01
   5.8534970e+06   3.3630371e+01
   5.8535090e+06   2.1667480e+01
   5.8535640e+06   2.2094727e+01
   5.8535820e+06   3.6499023e+01
   5.8536440e+06   2.8747559e+01
   5.8536550e+06   2.9296875e+01
   5.8537300e+06   2.0141602e+01
   5.8537780e+06   1.8432617e+01
   5.8538410e+06   3.3752441e+01
   5.8539300e+06   1.9226074e+01
   5.8539720e+06   3.0639648e+01
   5.8540410e+06   2.0935059e+01
   5.8540630e+06   2.1911621e+01
   5.8541010e+06   2.0812988e+01
   5.8541350e+06   1.8371582e+01
   5.8542230e+06   1.7456055e+01
   5.8542750e+06   2.0202637e+01
   5.8543090e+06   2.0324707e+01
   5.8543370e+06   1.7517090e+01
   5.8543980e+06   1.9653320e+01
   5.8544440e+06   1.7211914e+01
   5.8545810e+06   1.9592285e+01
   5.8546000e+06   2.4597168e+01
   5.8549020e+06   2.0141602e+01
   5.8549990e+06   1.9775391e+01
   5.8551050e+06   1.7517090e+01
   5.8554280e+06   1.8493652e+01
   5.9195850e+06   1.8310547e+01
   5.9196150e+06   1.7517090e+01
   5.9197360e+06   2.5085449e+01
   5.9197620e+06   4.1015625e+01
   5.9197820e+06   2.2583008e+01
   5.9198010e+06   4.9743652e+01
   5.9198280e+06   5.0781250e+01
   5.9198460e+06   4.7851562e+01
   5.9198590e+06   2.2033691e+01
   5.9198860e+06   4.6813965e+01
   5.9198990e+06   2.5939941e+01
   5.9199160e+06   2.1972656e+01
   5.9199420e+06   2.7770996e+01
   5.9199580e+06   2.0935059e+01
   5.9199760e+06   1.7456055e+01
   5.9199900e+06   1.8859863e+01
   5.9200030e+06   2.1484375e+01
   5.9200240e+06   2.0751953e+01
   5.9200340e+06   2.2888184e+01
   5.9200960e+06   2.2216797e+01
   5.9201090e+06   1.8981934e+01
   5.9201240e+06   6.2194824e+01
   5.9201450e+06   1.9470215e+01
   5.9201810e+06   1.8188477e+01
   5.9202040e+06   2.5268555e+01
   5.9202450e+06   4.5227051e+01
   5.9203160e+06   2.5451660e+01
   5.9203470e+06   2.0629883e+01
   5.9203790e+06   1.8737793e+01
   5.9204080e+06   2.7099609e+01
   5.9204390e+06   3.6865234e+01
   5.9205040e+06   2.0080566e+01
   5.9205280e+06   2.4108887e+01
   5.9205600e+06   1.7700195e+01
   5.9205800e+06   1.7395020e+01
   5.9206160e+06   2.0751953e+01
   5.9206670e+06   2.2155762e+01
   5.9207020e+06   2.1362305e+01
   5.9207770e+06   2.1179199e+01
   5.9207940e+06   1.7272949e+01
   5.9208490e+06   1.7761230e+01
   5.9208800e+06   2.5268555e+01
   5.9208980e+06   1.7089844e+01
   5.9209610e+06   2.0324707e+01
   5.9209750e+06   2.3132324e+01
   5.9210050e+06   1.9409180e+01
   5.9210210e+06   1.8859863e+01
   5.9211240e+06   2.0874023e+01
   5.9211650e+06   2.1179199e+01
   5.9212460e+06   1.7150879e+01
   5.9213740e+06   1.7578125e+01
   5.9215120e+06   2.2705078e+01
   5.9215910e+06   1.7272949e+01
   5.9216850e+06   2.4353027e+01
   5.9219810e+06   1.7395020e+01
