   3.0000000e+06   0.0000000e+00
   2.6338000e+04   2.0080566e+01
   7.5233000e+04   1.5625000e+01
   1.6707600e+05   1.5930176e+01
   1.9567200e+05   1.9897461e+01
   1.9575900e+05   7.3303223e+01
   1.9577500e+05   2.3925781e+01
   1.9583900e+05   5.8593750e+01
   1.9585700e+05   5.1208496e+01
   1.9588100e+05   3.8452148e+01
   1.9589400e+05   2.8137207e+01
   1.9591400e+05   2.9968262e+01
   1.9592800e+05   1.9592285e+01
   1.9594600e+05   1.7028809e+01
   1.9596100e+05   1.8310547e+01
   1.9599400e+05   2.0080566e+01
   1.9604300e+05   1.9531250e+01
   1.9606000e+05   1.8798828e+01
   1.9610800e+05   2.3742676e+01
   1.9612400e+05   1.9653320e+01
   1.9615300e+05   1.7089844e+01
   1.9620100e+05   1.8005371e+01
   1.9624700e+05   2.1728516e+01
   1.9629100e+05   1.8432617e+01
   1.9631300e+05   1.6540527e+01
   1.9635800e+05   1.7822266e+01
   1.9637800e+05   1.7822266e+01
   1.9639900e+05   1.5991211e+01
   1.9645800e+05   1.7578125e+01
   1.9649600e+05   1.7333984e+01
   1.9652800e+05   1.6845703e+01
   1.9654700e+05   1.6479492e+01
   1.9657300e+05   1.8371582e+01
   1.9669000e+05   1.6113281e+01
   1.9672200e+05   1.9287109e+01
   1.9674400e+05   1.6784668e+01
   1.9678200e+05   2.2399902e+01
   1.9685100e+05   1.5930176e+01
   1.9696700e+05   1.8859863e+01
   1.9699700e+05   1.9409180e+01
   1.9707400e+05   1.6540527e+01
   1.9713400e+05   1.6967773e+01
   1.9720100e+05   1.8249512e+01
   1.9724100e+05   1.9042969e+01
   1.9727700e+05   2.0690918e+01
   1.9732200e+05   1.8493652e+01
   1.9735100e+05   2.0568848e+01
   1.9738300e+05   1.7272949e+01
   1.9743000e+05   2.3071289e+01
   1.9746200e+05   1.6418457e+01
   1.9749200e+05   1.6052246e+01
   1.9753900e+05   1.5991211e+01
   1.9755700e+05   1.5625000e+01
   1.9759400e+05   1.6601562e+01
   1.9761600e+05   1.7456055e+01
   1.9768000e+05   1.8737793e+01
   1.9771100e+05   1.9165039e+01
   1.9775600e+05   1.7700195e+01
   1.9779400e+05   2.1423340e+01
   1.9781800e+05   2.2094727e+01
   1.9784100e+05   1.5930176e+01
   1.9788100e+05   1.6784668e+01
   1.9790800e+05   1.8615723e+01
   1.9792200e+05   1.9958496e+01
   1.9794900e+05   1.7761230e+01
   1.9797200e+05   1.6113281e+01
   1.9799500e+05   1.8066406e+01
   1.9800900e+05   1.7700195e+01
   1.9804400e+05   1.7211914e+01
   1.9810500e+05   1.8676758e+01
   1.9814500e+05   1.7639160e+01
   1.9815500e+05   1.6479492e+01
   1.9822600e+05   2.1728516e+01
   1.9824200e+05   1.7639160e+01
   1.9836900e+05   2.2033691e+01
   1.9841800e+05   1.9714355e+01
   1.9849800e+05   2.1179199e+01
   1.9852300e+05   1.8127441e+01
   1.9860900e+05   1.8615723e+01
   1.9862400e+05   2.0935059e+01
   1.9864600e+05   1.5563965e+01
   1.9871200e+05   1.8249512e+01
   1.9879000e+05   2.0690918e+01
   1.9885400e+05   1.8920898e+01
   1.9889400e+05   2.8808594e+01
   1.9896400e+05   1.9897461e+01
   1.9898900e+05   1.5686035e+01
   1.9904600e+05   2.2644043e+01
   1.9915100e+05   1.7761230e+01
   1.9918000e+05   1.8188477e+01
   1.9925100e+05   2.6428223e+01
   1.9928800e+05   2.5146484e+01
   1.9933400e+05   1.7028809e+01
   1.9937700e+05   1.9958496e+01
   1.9941400e+05   2.0568848e+01
   1.9947700e+05   2.1362305e+01
   1.9953300e+05   1.8310547e+01
   1.9962200e+05   1.6418457e+01
   1.9968700e+05   1.7272949e+01
   1.9974500e+05   1.7395020e+01
   1.9988300e+05   1.6784668e+01
   1.9991300e+05   1.6540527e+01
   2.0000500e+05   1.7822266e+01
   2.0013300e+05   1.8859863e+01
   2.0027000e+05   1.9714355e+01
   2.0039100e+05   1.9592285e+01
   2.0058900e+05   2.7404785e+01
   2.0062000e+05   1.5808105e+01
   2.0066900e+05   1.8005371e+01
   2.0074600e+05   1.6296387e+01
   2.0101600e+05   2.3071289e+01
   2.0103500e+05   1.6967773e+01
   2.0114700e+05   1.7211914e+01
   2.0154700e+05   2.1362305e+01
   2.0163600e+05   2.8869629e+01
   2.0171700e+05   2.7404785e+01
   2.0179800e+05   2.7587891e+01
   2.0183100e+05   1.9958496e+01
   2.0194900e+05   2.3986816e+01
   2.0197200e+05   1.8981934e+01
   2.0202300e+05   2.7160645e+01
   2.0210100e+05   2.7465820e+01
   2.0218500e+05   2.6245117e+01
   2.0228400e+05   2.2644043e+01
   2.0245500e+05   1.8127441e+01
   2.0253200e+05   2.6245117e+01
   2.0257900e+05   1.8554688e+01
   2.0261000e+05   2.5451660e+01
   2.0271300e+05   2.0446777e+01
   2.0279800e+05   2.6000977e+01
   2.0283300e+05   2.1301270e+01
   2.0287900e+05   2.8442383e+01
   2.0296300e+05   2.5939941e+01
   2.0304000e+05   2.6306152e+01
   2.0306900e+05   1.7395020e+01
   2.0312000e+05   2.7526855e+01
   2.0321500e+05   3.9001465e+01
   2.0329500e+05   2.2094727e+01
   2.0340400e+05   2.0141602e+01
   2.0349200e+05   1.8615723e+01
   2.0357900e+05   2.3620605e+01
   2.0366500e+05   2.4230957e+01
   2.0371100e+05   1.6357422e+01
   2.0375400e+05   2.1972656e+01
   2.0384100e+05   2.3193359e+01
   2.0393200e+05   2.4108887e+01
   2.0402400e+05   2.2949219e+01
   2.0411500e+05   2.0629883e+01
   2.0414000e+05   2.1545410e+01
   2.0421300e+05   2.2521973e+01
   2.0430600e+05   2.8015137e+01
   2.0439700e+05   2.1240234e+01
   2.0448500e+05   2.5817871e+01
   2.0457200e+05   2.6550293e+01
   2.0466600e+05   2.5085449e+01
   2.0467700e+05   2.0996094e+01
   2.0476600e+05   2.4475098e+01
   2.0485900e+05   2.0690918e+01
   2.0487500e+05   1.9653320e+01
   2.0497500e+05   2.3498535e+01
   2.0508600e+05   2.6733398e+01
   2.0521300e+05   2.3132324e+01
   2.0534100e+05   2.6977539e+01
   2.0549600e+05   3.1311035e+01
   2.0566000e+05   3.3020020e+01
   2.0601500e+05   2.1118164e+01
   2.0621100e+05   2.1972656e+01
   2.0641000e+05   2.1972656e+01
   2.0664700e+05   1.8127441e+01
   2.0686300e+05   1.6845703e+01
   2.0739700e+05   2.2277832e+01
   2.0768500e+05   1.8920898e+01
   2.0896500e+05   1.9348145e+01
   2.0921700e+05   1.9042969e+01
   2.0947100e+05   2.5451660e+01
   2.1021000e+05   1.8920898e+01
   2.1047100e+05   2.0324707e+01
   2.1154600e+05   1.7517090e+01
   2.1178000e+05   1.7700195e+01
   2.1237500e+05   2.2155762e+01
   2.1268000e+05   1.9958496e+01
   2.1349700e+05   1.8005371e+01
   2.1372800e+05   2.3498535e+01
   2.1447300e+05   1.6174316e+01
   2.1539400e+05   1.6113281e+01
   2.1570600e+05   1.7639160e+01
   2.1596900e+05   1.8005371e+01
   2.1644400e+05   1.8615723e+01
   2.1677300e+05   2.0019531e+01
   2.1862100e+05   2.1118164e+01
   2.1945400e+05   1.9409180e+01
   2.2048100e+05   2.0141602e+01
   2.2138400e+05   2.0202637e+01
   2.2312800e+05   2.2949219e+01
   2.2343100e+05   2.1667480e+01
   2.2415600e+05   2.1972656e+01
   2.2520800e+05   2.2521973e+01
   2.2562800e+05   2.0019531e+01
   2.2596800e+05   1.9409180e+01
   2.2626300e+05   2.4536133e+01
   2.2800100e+05   1.7272949e+01
   2.2870700e+05   1.8432617e+01
   2.2877300e+05   5.5175781e+01
   2.2880800e+05   4.0832520e+01
   2.2883900e+05   2.2094727e+01
   2.2886800e+05   4.5104980e+01
   2.2889700e+05   2.2766113e+01
   2.2892100e+05   4.9377441e+01
   2.2894100e+05   2.6611328e+01
   2.2895700e+05   1.7517090e+01
   2.2897100e+05   5.4626465e+01
   2.2899700e+05   3.1311035e+01
   2.2902400e+05   2.9541016e+01
   2.2903400e+05   2.2399902e+01
   2.2905000e+05   2.5512695e+01
   2.2908600e+05   1.6601562e+01
   2.2910200e+05   2.1484375e+01
   2.2912300e+05   1.9897461e+01
   2.2914800e+05   2.2521973e+01
   2.2916700e+05   1.9165039e+01
   2.2919000e+05   1.6967773e+01
   2.2922000e+05   1.7761230e+01
   2.2925700e+05   1.9836426e+01
   2.2931400e+05   1.7822266e+01
   2.2939400e+05   1.9470215e+01
   2.2945800e+05   1.9775391e+01
   2.2948200e+05   1.7028809e+01
   2.2954300e+05   1.6357422e+01
   2.2957300e+05   2.3559570e+01
   2.2965200e+05   2.2888184e+01
   2.2968800e+05   2.3010254e+01
   2.2971500e+05   1.6540527e+01
   2.2977000e+05   2.1545410e+01
   2.2982500e+05   1.8005371e+01
   2.2986400e+05   1.5930176e+01
   2.2995700e+05   1.5686035e+01
   2.2998600e+05   1.9226074e+01
   2.3001900e+05   1.8371582e+01
   2.3005700e+05   1.6357422e+01
   2.3008300e+05   1.5808105e+01
   2.3009400e+05   1.5930176e+01
   2.3020300e+05   2.4841309e+01
   2.3021300e+05   2.1911621e+01
   2.3030800e+05   1.8127441e+01
   2.3032900e+05   2.4780273e+01
   2.3034100e+05   1.8005371e+01
   2.3040400e+05   1.5930176e+01
   2.3045800e+05   1.8188477e+01
   2.3049500e+05   1.6601562e+01
   2.3053400e+05   2.1179199e+01
   2.3057300e+05   1.5930176e+01
   2.3060000e+05   1.9226074e+01
   2.3067300e+05   1.8188477e+01
   2.3070100e+05   1.5808105e+01
   2.3071900e+05   1.6723633e+01
   2.3077700e+05   2.0080566e+01
   2.3079000e+05   1.6113281e+01
   2.3086000e+05   2.1667480e+01
   2.3088400e+05   1.7211914e+01
   2.3089900e+05   1.8249512e+01
   2.3096300e+05   1.7089844e+01
   2.3099300e+05   1.6479492e+01
   2.3102600e+05   1.5563965e+01
   2.3108500e+05   1.7700195e+01
   2.3117600e+05   2.1423340e+01
   2.3119000e+05   1.9409180e+01
   2.3143500e+05   1.8920898e+01
   2.3148800e+05   1.7333984e+01
   2.3157400e+05   1.5869141e+01
   2.3166400e+05   1.5808105e+01
   2.3169900e+05   1.6723633e+01
   2.3178900e+05   1.9104004e+01
   2.3185900e+05   2.0446777e+01
   2.3194300e+05   1.7395020e+01
   2.3199800e+05   1.5563965e+01
   2.3207500e+05   1.7150879e+01
   2.3214100e+05   2.0996094e+01
   2.3222000e+05   1.7517090e+01
   2.3235500e+05   1.5991211e+01
   2.3244300e+05   1.6296387e+01
   2.3256000e+05   1.9775391e+01
   2.3264900e+05   1.9653320e+01
   2.3266100e+05   1.8737793e+01
   2.3276900e+05   1.5563965e+01
   2.3287000e+05   1.7211914e+01
   2.3294300e+05   1.6479492e+01
   2.3302400e+05   1.5991211e+01
   2.3310100e+05   2.7221680e+01
   2.3317300e+05   1.6906738e+01
   2.3322400e+05   1.7028809e+01
   2.3330000e+05   1.6662598e+01
   2.3348600e+05   2.2521973e+01
   2.3353600e+05   2.2094727e+01
   2.3357500e+05   2.0324707e+01
   2.3366300e+05   2.1972656e+01
   2.3374900e+05   2.4230957e+01
   2.3381500e+05   1.8249512e+01
   2.3385800e+05   1.7333984e+01
   2.3396600e+05   2.3437500e+01
   2.3400800e+05   1.9226074e+01
   2.3405300e+05   2.2949219e+01
   2.3413100e+05   2.3376465e+01
   2.3420100e+05   2.2583008e+01
   2.3422800e+05   2.0507813e+01
   2.3439400e+05   2.1789551e+01
   2.3444100e+05   1.5869141e+01
   2.3449700e+05   1.9531250e+01
   2.3456500e+05   1.8005371e+01
   2.3458800e+05   2.3620605e+01
   2.3468000e+05   2.1423340e+01
   2.3477100e+05   1.8432617e+01
   2.3478900e+05   1.7211914e+01
   2.3488000e+05   2.2644043e+01
   2.3493900e+05   1.9104004e+01
   2.3498700e+05   2.5573730e+01
   2.3508700e+05   2.5939941e+01
   2.3519800e+05   2.5207520e+01
   2.3531000e+05   2.1972656e+01
   2.3542500e+05   2.1728516e+01
   2.3553900e+05   2.1667480e+01
   2.3564800e+05   2.3010254e+01
   2.3572400e+05   2.0690918e+01
   2.3577000e+05   2.3986816e+01
   2.3588000e+05   2.8198242e+01
   2.3599900e+05   2.5573730e+01
   2.3610100e+05   2.5878906e+01
   2.3623300e+05   2.5085449e+01
   2.3639700e+05   2.2888184e+01
   2.3653600e+05   2.7587891e+01
   2.3666800e+05   1.6174316e+01
   2.3691500e+05   1.7761230e+01
   2.3740200e+05   2.1362305e+01
   2.3760400e+05   1.8188477e+01
   2.3915500e+05   1.6967773e+01
   2.3945100e+05   2.0080566e+01
   2.3967700e+05   2.2827148e+01
   2.3987000e+05   1.9714355e+01
   2.4119200e+05   2.2827148e+01
   2.4151900e+05   1.8920898e+01
   2.4187300e+05   1.8798828e+01
   2.4225500e+05   1.9897461e+01
   2.4241300e+05   4.9743652e+01
   2.4246300e+05   1.5686035e+01
   2.4251700e+05   5.5786133e+01
   2.4254800e+05   3.2348633e+01
   2.4258300e+05   1.5930176e+01
   2.4259400e+05   3.5034180e+01
   2.4262200e+05   1.5808105e+01
   2.4264000e+05   2.0751953e+01
   2.4265600e+05   6.2683105e+01
   2.4267600e+05   1.9042969e+01
   2.4270500e+05   2.7587891e+01
   2.4272300e+05   2.2705078e+01
   2.4275400e+05   3.1494141e+01
   2.4277900e+05   3.7292480e+01
   2.4280800e+05   3.5095215e+01
   2.4282400e+05   1.6723633e+01
   2.4284400e+05   2.4658203e+01
   2.4286100e+05   2.6000977e+01
   2.4288100e+05   2.2705078e+01
   2.4290900e+05   2.7343750e+01
   2.4292600e+05   1.9531250e+01
   2.4295500e+05   3.0029297e+01
   2.4297900e+05   1.7639160e+01
   2.4300600e+05   2.5573730e+01
   2.4302800e+05   1.7578125e+01
   2.4305000e+05   1.9531250e+01
   2.4306500e+05   1.7211914e+01
   2.4310100e+05   1.5930176e+01
   2.4311400e+05   1.9775391e+01
   2.4313500e+05   2.1362305e+01
   2.4317300e+05   1.8859863e+01
   2.4319800e+05   1.9348145e+01
   2.4323100e+05   1.8066406e+01
   2.4330200e+05   1.6113281e+01
   2.4332900e+05   2.9113770e+01
   2.4337600e+05   1.5625000e+01
   2.4340700e+05   1.7395020e+01
   2.4347300e+05   2.3559570e+01
   2.4348300e+05   1.8066406e+01
   2.4356300e+05   1.8554688e+01
   2.4371700e+05   1.9836426e+01
   2.4375500e+05   1.8310547e+01
   2.4379100e+05   2.1057129e+01
   2.4383300e+05   1.5930176e+01
   2.4393900e+05   2.6916504e+01
   2.4401600e+05   1.5625000e+01
   2.4412300e+05   1.6052246e+01
   2.4416800e+05   1.7089844e+01
   2.4422000e+05   1.6357422e+01
   2.4426700e+05   2.2949219e+01
   2.4436700e+05   2.5939941e+01
   2.4443600e+05   1.6723633e+01
   2.4446000e+05   1.5808105e+01
   2.4471300e+05   1.7028809e+01
   2.4488600e+05   1.6845703e+01
   2.4497400e+05   1.9409180e+01
   2.4509100e+05   1.6967773e+01
   2.4533700e+05   2.0996094e+01
   2.4549400e+05   1.7089844e+01
   2.4564500e+05   1.6479492e+01
   2.4576600e+05   1.7028809e+01
   2.4593700e+05   1.7028809e+01
   2.4609800e+05   2.1118164e+01
   2.4623800e+05   1.9042969e+01
   2.4640900e+05   2.4047852e+01
   2.4649900e+05   1.7700195e+01
   2.4662000e+05   2.1118164e+01
   2.4676900e+05   1.7883301e+01
   2.4694100e+05   1.6418457e+01
   2.4697400e+05   1.9897461e+01
   2.4706000e+05   1.8798828e+01
   2.4714700e+05   2.0141602e+01
   2.4723000e+05   2.1240234e+01
   2.4732600e+05   1.6418457e+01
   2.4741600e+05   1.9409180e+01
   2.4750600e+05   1.7395020e+01
   2.4760100e+05   1.9836426e+01
   2.4769200e+05   1.9104004e+01
   2.4779600e+05   1.8676758e+01
   2.4789800e+05   2.9052734e+01
   2.4800800e+05   1.9592285e+01
   2.4812300e+05   1.8676758e+01
   2.4824800e+05   1.9165039e+01
   2.4835800e+05   2.0690918e+01
   2.4846600e+05   2.0202637e+01
   2.4854700e+05   1.7700195e+01
   2.4858900e+05   1.9348145e+01
   2.4869800e+05   2.2888184e+01
   2.4874100e+05   2.1423340e+01
   2.4881300e+05   1.8432617e+01
   2.5031700e+05   1.5563965e+01
   2.5108500e+05   1.6113281e+01
   2.5216900e+05   4.0832520e+01
   2.5219100e+05   1.8066406e+01
   2.5231800e+05   1.5869141e+01
   2.5234900e+05   2.6184082e+01
   2.5240600e+05   3.6376953e+01
   2.5245300e+05   4.4372559e+01
   2.5253400e+05   2.9418945e+01
   2.5256400e+05   3.7109375e+01
   2.5258200e+05   1.6723633e+01
   2.5260900e+05   2.4414062e+01
   2.5264500e+05   2.0080566e+01
   2.5267400e+05   4.2175293e+01
   2.5272400e+05   1.9653320e+01
   2.5276300e+05   2.6550293e+01
   2.5277300e+05   2.3742676e+01
   2.5279100e+05   1.9775391e+01
   2.5282500e+05   1.9287109e+01
   2.5283800e+05   2.6794434e+01
   2.5286500e+05   2.2399902e+01
   2.5290900e+05   2.0385742e+01
   2.5292200e+05   4.3518066e+01
   2.5295300e+05   2.0690918e+01
   2.5298600e+05   1.7395020e+01
   2.5302000e+05   2.2460938e+01
   2.5306100e+05   1.6845703e+01
   2.5309400e+05   1.6418457e+01
   2.5312800e+05   1.8371582e+01
   2.5314600e+05   2.6062012e+01
   2.5317000e+05   1.9531250e+01
   2.5320100e+05   2.1606445e+01
   2.5322500e+05   2.3193359e+01
   2.5327400e+05   1.7089844e+01
   2.5328500e+05   1.5563965e+01
   2.5332100e+05   2.1728516e+01
   2.5335200e+05   1.7395020e+01
   2.5338200e+05   2.4597168e+01
   2.5339700e+05   2.1179199e+01
   2.5345200e+05   2.1057129e+01
   2.5348500e+05   1.9775391e+01
   2.5349900e+05   2.7526855e+01
   2.5354600e+05   1.9653320e+01
   2.5358000e+05   1.8615723e+01
   2.5361200e+05   1.5686035e+01
   2.5363200e+05   1.6601562e+01
   2.5369100e+05   1.5686035e+01
   2.5372100e+05   1.6662598e+01
   2.5378400e+05   2.0324707e+01
   2.5386600e+05   1.6418457e+01
   2.5398400e+05   1.5869141e+01
   2.5402200e+05   1.5563965e+01
   2.5407900e+05   1.9714355e+01
   2.5415700e+05   1.8737793e+01
   2.5423800e+05   1.6662598e+01
   2.5431800e+05   1.9592285e+01
   2.5436200e+05   1.6967773e+01
   2.5441900e+05   1.9775391e+01
   2.5454300e+05   1.8249512e+01
   2.5466700e+05   1.7089844e+01
   2.5481600e+05   2.1606445e+01
   2.5504700e+05   1.7211914e+01
   2.5518200e+05   1.9348145e+01
   2.5533900e+05   1.8615723e+01
   2.5540000e+05   1.6906738e+01
   2.5549800e+05   1.8798828e+01
   2.5552200e+05   1.7211914e+01
   2.5559100e+05   1.6235352e+01
   2.5569900e+05   1.5686035e+01
   2.5580600e+05   1.9897461e+01
   2.5592800e+05   1.5563965e+01
   2.5604100e+05   1.7395020e+01
   2.5615400e+05   1.9165039e+01
   2.5630500e+05   1.7150879e+01
   2.5644800e+05   3.0456543e+01
   2.5660200e+05   2.0202637e+01
   2.6012100e+05   1.8310547e+01
   2.6039900e+05   1.8920898e+01
   2.6219900e+05   1.9653320e+01
   2.6236500e+05   4.3029785e+01
   2.6239300e+05   2.0751953e+01
   2.6246100e+05   4.2968750e+01
   2.6248000e+05   3.9489746e+01
   2.6250000e+05   2.0568848e+01
   2.6252900e+05   1.8310547e+01
   2.6254700e+05   3.3447266e+01
   2.6257700e+05   2.3803711e+01
   2.6258900e+05   4.0893555e+01
   2.6261100e+05   2.3315430e+01
   2.6263000e+05   1.8127441e+01
   2.6266900e+05   5.4626465e+01
   2.6269300e+05   1.8005371e+01
   2.6272500e+05   1.6784668e+01
   2.6274400e+05   2.8320312e+01
   2.6275800e+05   1.7761230e+01
   2.6279400e+05   1.7944336e+01
   2.6280800e+05   2.6550293e+01
   2.6284000e+05   1.7517090e+01
   2.6287100e+05   2.0263672e+01
   2.6291900e+05   1.8737793e+01
   2.6293000e+05   2.9663086e+01
   2.6296200e+05   2.9052734e+01
   2.6299100e+05   2.9174805e+01
   2.6301200e+05   1.8371582e+01
   2.6304600e+05   1.5686035e+01
   2.6306700e+05   2.4475098e+01
   2.6308100e+05   1.7944336e+01
   2.6310300e+05   2.1118164e+01
   2.6313500e+05   1.8127441e+01
   2.6318600e+05   2.0080566e+01
   2.6320900e+05   2.4963379e+01
   2.6324700e+05   1.8737793e+01
   2.6327500e+05   2.7282715e+01
   2.6329000e+05   1.9897461e+01
   2.6333400e+05   1.8249512e+01
   2.6336000e+05   1.5747070e+01
   2.6337100e+05   1.7578125e+01
   2.6344300e+05   1.6235352e+01
   2.6347700e+05   1.7089844e+01
   2.6351100e+05   1.6052246e+01
   2.6352700e+05   1.6174316e+01
   2.6357600e+05   1.5563965e+01
   2.6361100e+05   2.1423340e+01
   2.6368400e+05   1.8981934e+01
   2.6375300e+05   1.6540527e+01
   2.6378100e+05   1.7883301e+01
   2.6384000e+05   1.7333984e+01
   2.6391100e+05   1.7822266e+01
   2.6392700e+05   1.9592285e+01
   2.6399300e+05   1.6174316e+01
   2.6403000e+05   1.6723633e+01
   2.6413500e+05   1.5563965e+01
   2.6419100e+05   1.5625000e+01
   2.6423900e+05   1.7089844e+01
   2.6428500e+05   1.6967773e+01
   2.6439100e+05   1.8798828e+01
   2.6447500e+05   2.1484375e+01
   2.6450200e+05   1.7395020e+01
   2.6454500e+05   1.9348145e+01
   2.6461000e+05   1.7761230e+01
   2.6472200e+05   2.0019531e+01
   2.6475500e+05   1.5930176e+01
   2.6489100e+05   1.5686035e+01
   2.6494300e+05   1.6479492e+01
   2.6505200e+05   1.9348145e+01
   2.6515000e+05   1.6052246e+01
   2.6523300e+05   1.7883301e+01
   2.6536700e+05   1.6357422e+01
   2.6550300e+05   2.0202637e+01
   2.6582400e+05   1.6113281e+01
   2.6599900e+05   2.3010254e+01
   2.6624100e+05   1.5869141e+01
   2.6665500e+05   1.5747070e+01
   2.6706200e+05   1.9104004e+01
   2.6733600e+05   1.6662598e+01
   2.6757400e+05   2.2155762e+01
   2.6774200e+05   1.6784668e+01
   2.6793000e+05   1.8554688e+01
   2.6861500e+05   1.5808105e+01
   2.6876500e+05   2.2888184e+01
   2.6890700e+05   1.9348145e+01
   2.6955900e+05   1.9042969e+01
   2.7083600e+05   2.0019531e+01
   2.7214100e+05   1.6906738e+01
   2.7230700e+05   3.2287598e+01
   2.7237800e+05   2.2644043e+01
   2.7241000e+05   2.9113770e+01
   2.7244700e+05   3.1005859e+01
   2.7247700e+05   2.3376465e+01
   2.7250600e+05   2.0446777e+01
   2.7258400e+05   2.6367188e+01
   2.7261100e+05   2.2583008e+01
   2.7265100e+05   1.8737793e+01
   2.7269100e+05   1.6601562e+01
   2.7273500e+05   2.2888184e+01
   2.7277300e+05   1.8615723e+01
   2.7279400e+05   1.8798828e+01
   2.7282300e+05   1.6906738e+01
   2.7285600e+05   1.9104004e+01
   2.7288500e+05   2.7343750e+01
   2.7289800e+05   1.8005371e+01
   2.7293800e+05   1.9409180e+01
   2.7294800e+05   1.8920898e+01
   2.7297100e+05   1.7028809e+01
   2.7300900e+05   1.5625000e+01
   2.7303200e+05   1.8005371e+01
   2.7306500e+05   1.9165039e+01
   2.7311400e+05   2.0141602e+01
   2.7314900e+05   1.8310547e+01
   2.7316200e+05   1.8127441e+01
   2.7320800e+05   1.7395020e+01
   2.7329700e+05   1.8798828e+01
   2.7336900e+05   1.7822266e+01
   2.7340000e+05   1.7456055e+01
   2.7341400e+05   1.9775391e+01
   2.7350900e+05   1.6540527e+01
   2.7352500e+05   1.6967773e+01
   2.7362400e+05   1.5869141e+01
   2.7371200e+05   1.8127441e+01
   2.7376000e+05   1.6052246e+01
   2.7396700e+05   1.6906738e+01
   2.7682200e+05   1.9836426e+01
   2.7794900e+05   1.6479492e+01
   2.7881200e+05   2.0080566e+01
   2.8002100e+05   1.9836426e+01
   2.8060900e+05   4.7424316e+01
   2.8062600e+05   1.8737793e+01
   2.8066300e+05   3.6193848e+01
   2.8069300e+05   4.5227051e+01
   2.8072700e+05   2.1057129e+01
   2.8076700e+05   3.5705566e+01
   2.8078400e+05   3.3935547e+01
   2.8080900e+05   2.5573730e+01
   2.8083100e+05   4.4860840e+01
   2.8084600e+05   2.8503418e+01
   2.8087000e+05   3.9001465e+01
   2.8089300e+05   2.5268555e+01
   2.8092300e+05   2.7954102e+01
   2.8094600e+05   2.6184082e+01
   2.8095800e+05   1.6052246e+01
   2.8096800e+05   1.7944336e+01
   2.8100300e+05   2.7465820e+01
   2.8103400e+05   2.5268555e+01
   2.8105700e+05   2.7954102e+01
   2.8111000e+05   3.6254883e+01
   2.8113400e+05   1.8798828e+01
   2.8115400e+05   1.8920898e+01
   2.8117100e+05   1.6601562e+01
   2.8120100e+05   1.7639160e+01
   2.8122600e+05   2.2888184e+01
   2.8123900e+05   2.5939941e+01
   2.8128100e+05   1.5563965e+01
   2.8130300e+05   1.7822266e+01
   2.8133300e+05   1.7944336e+01
   2.8134900e+05   1.5808105e+01
   2.8136600e+05   1.6662598e+01
   2.8143800e+05   1.9897461e+01
   2.8148200e+05   1.9775391e+01
   2.8151600e+05   1.9714355e+01
   2.8158500e+05   1.8859863e+01
   2.8161700e+05   2.5146484e+01
   2.8165900e+05   1.6906738e+01
   2.8169600e+05   1.6723633e+01
   2.8171500e+05   1.7822266e+01
   2.8172700e+05   1.6418457e+01
   2.8174900e+05   1.6174316e+01
   2.8178700e+05   2.1301270e+01
   2.8185200e+05   1.9042969e+01
   2.8187800e+05   1.7333984e+01
   2.8191100e+05   1.8432617e+01
   2.8195400e+05   1.9653320e+01
   2.8199100e+05   1.5686035e+01
   2.8204000e+05   2.0019531e+01
   2.8209100e+05   1.6662598e+01
   2.8210900e+05   1.9287109e+01
   2.8214700e+05   1.9226074e+01
   2.8219100e+05   2.1606445e+01
   2.8223100e+05   1.9470215e+01
   2.8231600e+05   1.7089844e+01
   2.8232800e+05   1.9104004e+01
   2.8244300e+05   1.5686035e+01
   2.8261100e+05   1.7333984e+01
   2.8266500e+05   1.6601562e+01
   2.8273600e+05   1.9348145e+01
   2.8277700e+05   2.8381348e+01
   2.8296800e+05   2.9235840e+01
   2.8306600e+05   1.6418457e+01
   2.8315600e+05   1.8005371e+01
   2.8327700e+05   1.7761230e+01
   2.8342600e+05   1.7089844e+01
   2.8353100e+05   1.7578125e+01
   2.8365100e+05   1.9653320e+01
   2.8383700e+05   1.7456055e+01
   2.8407000e+05   1.5808105e+01
   2.8422400e+05   1.7028809e+01
   2.8440700e+05   1.9287109e+01
   2.8456500e+05   1.8493652e+01
   2.8482500e+05   1.7639160e+01
   2.8511800e+05   2.0751953e+01
   2.8527100e+05   1.8798828e+01
   2.8550000e+05   1.8615723e+01
   2.8646500e+05   2.1362305e+01
   2.8666000e+05   1.6784668e+01
   2.8746000e+05   2.1118164e+01
   2.8791400e+05   1.9165039e+01
   2.8797800e+05   2.1240234e+01
   2.8820600e+05   1.8737793e+01
   2.8854400e+05   1.7639160e+01
   2.8935100e+05   1.6723633e+01
   2.9032900e+05   1.6296387e+01
   2.9104200e+05   2.1362305e+01
   2.9188000e+05   1.6906738e+01
   2.9232300e+05   1.8859863e+01
   2.9290000e+05   1.9104004e+01
   2.9332800e+05   4.0466309e+01
   2.9335700e+05   2.0996094e+01
   2.9340000e+05   3.3325195e+01
   2.9342100e+05   3.2653809e+01
   2.9347800e+05   2.6550293e+01
   2.9350000e+05   3.3996582e+01
   2.9353000e+05   3.6437988e+01
   2.9356100e+05   2.4719238e+01
   2.9357900e+05   2.0507812e+01
   2.9361900e+05   3.2958984e+01
   2.9363000e+05   2.3803711e+01
   2.9365800e+05   1.7272949e+01
   2.9368400e+05   2.0507812e+01
   2.9370900e+05   2.9113770e+01
   2.9371900e+05   3.8574219e+01
   2.9373700e+05   1.7089844e+01
   2.9377100e+05   2.0690918e+01
   2.9379200e+05   3.3325195e+01
   2.9383300e+05   1.6296387e+01
   2.9385300e+05   2.4047852e+01
   2.9388200e+05   4.1931152e+01
   2.9389800e+05   1.7211914e+01
   2.9396600e+05   1.8432617e+01
   2.9399800e+05   2.1911621e+01
   2.9404300e+05   2.3620605e+01
   2.9406100e+05   2.1728516e+01
   2.9410600e+05   2.0080566e+01
   2.9417600e+05   2.4475098e+01
   2.9424500e+05   1.7883301e+01
   2.9425600e+05   1.5747070e+01
   2.9427800e+05   2.7099609e+01
   2.9435000e+05   1.7944336e+01
   2.9439700e+05   2.1789551e+01
   2.9444800e+05   1.7883301e+01
   2.9453700e+05   1.8432617e+01
   2.9457100e+05   1.6418457e+01
   2.9459100e+05   2.7770996e+01
   2.9474900e+05   1.7822266e+01
   2.9477300e+05   1.7944336e+01
   2.9486900e+05   1.9714355e+01
   2.9496100e+05   1.7700195e+01
   2.9500400e+05   1.8310547e+01
   2.9506700e+05   1.6113281e+01
   2.9509600e+05   1.5747070e+01
   2.9521400e+05   1.9165039e+01
   2.9524100e+05   1.9836426e+01
   2.9542200e+05   2.0812988e+01
   2.9559600e+05   1.8127441e+01
   2.9581500e+05   1.5930176e+01
   2.9799500e+05   1.7822266e+01
   2.9900700e+05   1.9042969e+01
   2.9991300e+05   1.8554688e+01
   3.0034700e+05   2.1667480e+01
   3.0217100e+05   1.5869141e+01
   3.0245700e+05   2.0812988e+01
   3.0290400e+05   1.6723633e+01
   3.0398000e+05   1.6967773e+01
   3.0523200e+05   2.0996094e+01
   3.0552100e+05   2.0080566e+01
   3.0664600e+05   1.8127441e+01
   3.0749800e+05   1.6235352e+01
   3.0835300e+05   1.9958496e+01
   3.0838200e+05   4.2175293e+01
   3.0842300e+05   4.9804688e+01
   3.0845200e+05   5.0537109e+01
   3.0849000e+05   1.5991211e+01
   3.0851600e+05   3.4240723e+01
   3.0852700e+05   4.5837402e+01
   3.0855300e+05   2.0202637e+01
   3.0857200e+05   2.2338867e+01
   3.0859100e+05   2.8320312e+01
   3.0860800e+05   3.2897949e+01
   3.0863300e+05   1.7028809e+01
   3.0866100e+05   2.8625488e+01
   3.0868700e+05   3.1311035e+01
   3.0873900e+05   3.3691406e+01
   3.0877600e+05   1.6540527e+01
   3.0878900e+05   1.9775391e+01
   3.0882000e+05   1.7089844e+01
   3.0885500e+05   1.6479492e+01
   3.0888700e+05   2.4841309e+01
   3.0891500e+05   1.7639160e+01
   3.0894600e+05   1.7822266e+01
   3.0897000e+05   2.9357910e+01
   3.0900300e+05   1.7639160e+01
   3.0903000e+05   1.6296387e+01
   3.0906700e+05   2.1972656e+01
   3.0910900e+05   1.7028809e+01
   3.0912600e+05   1.6235352e+01
   3.0915700e+05   1.5747070e+01
   3.0917900e+05   2.6000977e+01
   3.0919500e+05   1.6296387e+01
   3.0921800e+05   1.8554688e+01
   3.0926500e+05   1.6113281e+01
   3.0930800e+05   1.5930176e+01
   3.0933900e+05   1.6174316e+01
   3.0937500e+05   2.0874023e+01
   3.0940000e+05   2.2338867e+01
   3.0948400e+05   1.5747070e+01
   3.0953800e+05   1.6540527e+01
   3.0956900e+05   1.6235352e+01
   3.0958600e+05   2.6855469e+01
   3.0969300e+05   1.9470215e+01
   3.0971600e+05   1.6784668e+01
   3.0976000e+05   1.8249512e+01
   3.0980300e+05   1.9592285e+01
   3.0985700e+05   2.0935059e+01
   3.0991800e+05   1.6723633e+01
   3.0995300e+05   1.6357422e+01
   3.1002000e+05   2.5207520e+01
   3.1008600e+05   1.9775391e+01
   3.1013800e+05   1.8676758e+01
   3.1023300e+05   1.8310547e+01
   3.1030300e+05   2.4414062e+01
   3.1037300e+05   1.7944336e+01
   3.1045200e+05   1.8615723e+01
   3.1047600e+05   1.6906738e+01
   3.1057500e+05   1.7150879e+01
   3.1075800e+05   1.6174316e+01
   3.1082000e+05   1.8432617e+01
   3.1093200e+05   1.8981934e+01
   3.1105500e+05   1.6357422e+01
   3.1118800e+05   1.6601562e+01
   3.1137300e+05   2.4047852e+01
   3.1148000e+05   1.9653320e+01
   3.1159000e+05   1.8554688e+01
   3.1182400e+05   1.5808105e+01
   3.1225500e+05   2.0263672e+01
   3.1246000e+05   1.5991211e+01
   3.1292300e+05   1.9897461e+01
   3.1311300e+05   1.7089844e+01
   3.1334000e+05   1.6479492e+01
   3.1353500e+05   1.9409180e+01
   3.1392700e+05   1.6662598e+01
   3.1415000e+05   1.6723633e+01
   3.1545600e+05   2.3620605e+01
   3.1613400e+05   1.6113281e+01
   3.1637900e+05   1.9897461e+01
   3.1707500e+05   1.9042969e+01
   3.1731200e+05   1.8371582e+01
   3.1788400e+05   1.5563965e+01
   3.1820500e+05   1.7028809e+01
   3.1997600e+05   2.0935059e+01
   3.2056400e+05   1.7639160e+01
   3.2096500e+05   1.6845703e+01
   3.2126200e+05   2.0568848e+01
   3.2205200e+05   1.8127441e+01
   3.2252400e+05   2.0324707e+01
   3.2292200e+05   1.7944336e+01
   3.2449300e+05   1.6662598e+01
   3.2524300e+05   2.2094727e+01
   3.2560800e+05   2.0935059e+01
   3.2684200e+05   2.0324707e+01
   3.2932300e+05   1.5991211e+01
   3.3247900e+05   2.0935059e+01
   3.3636200e+05   2.0874023e+01
   3.3883200e+05   1.8737793e+01
   3.4440400e+05   1.7333984e+01
   3.4973700e+05   1.7517090e+01
   3.5397000e+05   2.2216797e+01
   3.6394700e+05   1.7883301e+01
   3.6572800e+05   1.9958496e+01
   3.7359800e+05   1.7578125e+01
   3.8507700e+05   1.7578125e+01
   3.9054800e+05   2.1606445e+01
   3.9730500e+05   1.7761230e+01
   4.0133300e+05   1.9165039e+01
   4.0165800e+05   1.7822266e+01
   4.0956000e+05   2.2888184e+01
   4.1077500e+05   1.7822266e+01
   4.1568700e+05   1.8066406e+01
   4.1843800e+05   2.0385742e+01
   4.2666300e+05   1.8127441e+01
   4.2815300e+05   1.9226074e+01
   4.3571000e+05   2.2277832e+01
   4.3756000e+05   1.7456055e+01
   4.4233400e+05   1.8188477e+01
   4.4361900e+05   2.1118164e+01
   4.4669300e+05   2.2521973e+01
   4.4698200e+05   1.8798828e+01
   4.4968700e+05   2.2216797e+01
   4.5262400e+05   1.7700195e+01
   4.5290900e+05   1.5808105e+01
   4.5315300e+05   2.2521973e+01
   4.5853100e+05   1.8249512e+01
   4.6051800e+05   1.7456055e+01
   4.6225400e+05   1.8371582e+01
   4.6521000e+05   2.3620605e+01
   4.6944400e+05   2.6184082e+01
   4.7284900e+05   1.6479492e+01
   4.7623100e+05   2.2094727e+01
   4.7801000e+05   2.1545410e+01
   4.7898200e+05   1.6662598e+01
   4.8081800e+05   2.1423340e+01
   4.8486900e+05   1.8310547e+01
   4.8680200e+05   1.8798828e+01
   4.8894800e+05   1.9836426e+01
   4.9119100e+05   2.0202637e+01
   4.9266000e+05   2.0751953e+01
   4.9410900e+05   1.5869141e+01
   4.9758700e+05   1.7089844e+01
   4.9840000e+05   1.9775391e+01
   5.0080000e+05   1.9958496e+01
   5.0153700e+05   1.6662598e+01
   5.0420600e+05   1.9775391e+01
   5.0599300e+05   1.8798828e+01
   5.0769200e+05   2.0629883e+01
   5.0945400e+05   2.0019531e+01
   5.1135900e+05   1.8310547e+01
   5.1467900e+05   1.8859863e+01
   5.1492700e+05   1.7639160e+01
   5.1622500e+05   1.8127441e+01
   5.2013500e+05   1.9531250e+01
   5.2150700e+05   2.2155762e+01
   5.2448300e+05   1.9226074e+01
   5.2671200e+05   1.6906738e+01
   5.2762500e+05   2.1484375e+01
   5.2969400e+05   2.5268555e+01
   5.3355100e+05   1.8981934e+01
   5.3497000e+05   2.7954102e+01
   5.3633400e+05   1.8615723e+01
   5.3712700e+05   2.6794434e+01
   5.3864400e+05   2.2888184e+01
   5.4110100e+05   2.6855469e+01
   5.4354500e+05   1.5563965e+01
   5.4455600e+05   2.1179199e+01
   5.4698200e+05   1.8127441e+01
   5.4845600e+05   1.7089844e+01
   5.4986700e+05   1.8127441e+01
   5.5159700e+05   1.6784668e+01
   5.5642700e+05   1.9409180e+01
   5.6038400e+05   1.9897461e+01
   5.6469900e+05   2.5207520e+01
   5.6669000e+05   1.5869141e+01
   5.6962100e+05   1.5930176e+01
   5.7084800e+05   2.1667480e+01
   5.7221400e+05   1.8859863e+01
   5.7451300e+05   1.6784668e+01
   5.7554000e+05   2.0812988e+01
   5.7653400e+05   2.2399902e+01
   5.7706000e+05   2.4475098e+01
   5.8019300e+05   1.8310547e+01
   5.8128900e+05   1.9104004e+01
   5.8329900e+05   2.2277832e+01
   5.8486000e+05   1.5991211e+01
   5.8601300e+05   1.6296387e+01
   5.8876700e+05   1.9287109e+01
   5.9078800e+05   1.8554688e+01
   5.9360000e+05   1.6113281e+01
   5.9685600e+05   1.6357422e+01
   5.9827700e+05   1.6906738e+01
   5.9993900e+05   2.0141602e+01
   6.0172400e+05   1.9958496e+01
   6.0224700e+05   2.1057129e+01
   6.0354700e+05   1.9409180e+01
   6.0527300e+05   1.9104004e+01
   6.0580600e+05   2.3437500e+01
   6.0752200e+05   2.1545410e+01
   6.0942700e+05   2.3193359e+01
   6.1182300e+05   2.0202637e+01
   6.1453400e+05   1.7333984e+01
   6.1646300e+05   1.8493652e+01
   6.1765200e+05   2.2583008e+01
   6.2019600e+05   2.3254395e+01
   6.2064800e+05   1.7456055e+01
   6.2245300e+05   1.6479492e+01
   6.2381200e+05   1.5808105e+01
   6.2742900e+05   1.9165039e+01
   6.2854500e+05   1.7456055e+01
   6.3056000e+05   2.0996094e+01
   6.3111000e+05   1.6967773e+01
   6.3201500e+05   2.2033691e+01
   6.3587100e+05   1.9653320e+01
   6.3647100e+05   2.1057129e+01
   6.4017800e+05   1.6967773e+01
   6.4203000e+05   2.2644043e+01
   6.4512200e+05   1.6479492e+01
   6.4578900e+05   2.2949219e+01
   6.4918000e+05   1.9409180e+01
   6.5125600e+05   2.2399902e+01
   6.5164400e+05   1.5808105e+01
   6.5190600e+05   1.7883301e+01
   6.5242900e+05   2.0996094e+01
   6.5269400e+05   2.1667480e+01
   6.5297900e+05   2.1118164e+01
   6.5376500e+05   1.9409180e+01
   6.5406800e+05   1.5563965e+01
   6.5458400e+05   2.1850586e+01
   6.5491700e+05   1.6418457e+01
   6.5527400e+05   1.8615723e+01
   6.5550100e+05   2.0324707e+01
   6.5636100e+05   1.6906738e+01
   6.5679500e+05   1.8249512e+01
   6.5762100e+05   2.4475098e+01
   6.6031400e+05   1.8127441e+01
   6.6327700e+05   2.0935059e+01
   6.6786300e+05   1.9592285e+01
   6.7188800e+05   2.0446777e+01
   6.7485400e+05   1.8798828e+01
   6.7629100e+05   2.2521973e+01
   6.7798100e+05   1.8676758e+01
   6.7997600e+05   1.6296387e+01
   6.8210800e+05   1.8493652e+01
   6.8617100e+05   2.0141602e+01
   6.8802800e+05   2.0263672e+01
   6.9085300e+05   1.7150879e+01
   6.9200600e+05   1.5686035e+01
   6.9341400e+05   2.5268555e+01
   6.9647400e+05   1.7822266e+01
   6.9969900e+05   2.1057129e+01
   7.0058100e+05   1.7578125e+01
   7.0432900e+05   1.9653320e+01
   7.1040900e+05   2.1606445e+01
   7.1239300e+05   2.3864746e+01
   7.1761500e+05   2.0080566e+01
   7.1941800e+05   1.9775391e+01
   7.2170500e+05   1.9958496e+01
   7.2697800e+05   1.7761230e+01
   7.2874100e+05   1.5869141e+01
   7.3937200e+05   1.5808105e+01
   7.4579800e+05   2.0751953e+01
   7.4933500e+05   1.8676758e+01
   7.6157300e+05   2.4047852e+01
   7.8185800e+05   1.7517090e+01
   7.8954900e+05   2.0812988e+01
   8.1417100e+05   2.0507813e+01
   8.9119000e+05   1.5747070e+01
   9.1066000e+05   1.6662598e+01
   9.2034900e+05   2.2094727e+01
   9.3059800e+05   1.9226074e+01
   9.3070800e+05   1.6906738e+01
   9.3073400e+05   1.6540527e+01
   9.3079800e+05   1.9287109e+01
   9.3081900e+05   1.8859863e+01
   9.3086400e+05   5.6213379e+01
   9.3089700e+05   4.1198730e+01
   9.3092800e+05   1.8432617e+01
   9.3095600e+05   1.8981934e+01
   9.3097400e+05   5.8593750e+01
   9.3098900e+05   4.2114258e+01
   9.3102500e+05   5.1513672e+01
   9.3104100e+05   1.9775391e+01
   9.3106600e+05   3.5522461e+01
   9.3108600e+05   1.6723633e+01
   9.3113200e+05   1.6052246e+01
   9.3116600e+05   1.8554688e+01
   9.3118300e+05   1.9226074e+01
   9.3119400e+05   1.5869141e+01
   9.3121900e+05   1.9714355e+01
   9.3123900e+05   1.8737793e+01
   9.3126800e+05   1.8188477e+01
   9.3128900e+05   1.9958496e+01
   9.3130800e+05   1.8432617e+01
   9.3133000e+05   1.6357422e+01
   9.3135800e+05   1.8249512e+01
   9.3138400e+05   1.6052246e+01
   9.3140300e+05   2.0935059e+01
   9.3145800e+05   1.5686035e+01
   9.3148200e+05   1.9714355e+01
   9.3156100e+05   1.6174316e+01
   9.3161400e+05   2.2644043e+01
   9.3168000e+05   1.7028809e+01
   9.3172300e+05   1.7395020e+01
   9.3175400e+05   2.0935059e+01
   9.3177900e+05   1.6662598e+01
   9.3181100e+05   2.1057129e+01
   9.3186300e+05   2.0141602e+01
   9.3189500e+05   1.5686035e+01
   9.3204200e+05   1.6174316e+01
   9.3213300e+05   1.8737793e+01
   9.3218500e+05   2.0690918e+01
   9.3220400e+05   1.9897461e+01
   9.3226900e+05   1.8798828e+01
   9.3229100e+05   1.6845703e+01
   9.3235800e+05   1.7761230e+01
   9.3240700e+05   1.9042969e+01
   9.3242200e+05   1.7883301e+01
   9.3249600e+05   1.6601562e+01
   9.3251700e+05   1.6174316e+01
   9.3253700e+05   1.9470215e+01
   9.3257000e+05   2.0324707e+01
   9.3260000e+05   1.7639160e+01
   9.3262000e+05   2.0690918e+01
   9.3264600e+05   1.6113281e+01
   9.3269500e+05   1.6723633e+01
   9.3271900e+05   1.5625000e+01
   9.3272900e+05   1.6174316e+01
   9.3275600e+05   2.9602051e+01
   9.3282500e+05   1.7028809e+01
   9.3283800e+05   1.5625000e+01
   9.3286900e+05   1.7028809e+01
   9.3290200e+05   1.9287109e+01
   9.3295300e+05   1.9165039e+01
   9.3296600e+05   1.8554688e+01
   9.3300300e+05   2.1850586e+01
   9.3304500e+05   2.6123047e+01
   9.3314800e+05   1.6723633e+01
   9.3322500e+05   1.8615723e+01
   9.3325900e+05   1.7272949e+01
   9.3331200e+05   1.6662598e+01
   9.3339500e+05   1.8127441e+01
   9.3341600e+05   1.6601562e+01
   9.3346500e+05   1.7639160e+01
   9.3353300e+05   2.4780273e+01
   9.3359300e+05   1.7700195e+01
   9.3365300e+05   1.6296387e+01
   9.3366700e+05   1.7639160e+01
   9.3383400e+05   1.6784668e+01
   9.3388200e+05   1.6174316e+01
   9.3391800e+05   1.6479492e+01
   9.3401200e+05   1.9042969e+01
   9.3417000e+05   1.6296387e+01
   9.3423700e+05   1.8432617e+01
   9.3430400e+05   1.6784668e+01
   9.3437900e+05   2.2216797e+01
   9.3441700e+05   2.0202637e+01
   9.3452000e+05   1.6662598e+01
   9.3461400e+05   2.2644043e+01
   9.3472000e+05   1.7028809e+01
   9.3476100e+05   2.2949219e+01
   9.3480900e+05   1.7272949e+01
   9.3489800e+05   2.2216797e+01
   9.3496200e+05   1.6906738e+01
   9.3500300e+05   1.9958496e+01
   9.3511300e+05   2.0507812e+01
   9.3521200e+05   1.7395020e+01
   9.3528500e+05   1.5747070e+01
   9.3545100e+05   2.1789551e+01
   9.3559600e+05   1.5747070e+01
   9.3576200e+05   1.8066406e+01
   9.3583100e+05   2.8015137e+01
   9.3588100e+05   1.9348145e+01
   9.3614300e+05   1.9958496e+01
   9.3626500e+05   1.9104004e+01
   9.3645400e+05   1.6845703e+01
   9.3661200e+05   2.0202637e+01
   9.3687700e+05   1.5563965e+01
   9.3721300e+05   2.0263672e+01
   9.3731600e+05   1.9165039e+01
   9.3746800e+05   1.6479492e+01
   9.3764200e+05   1.6662598e+01
   9.3783300e+05   2.3437500e+01
   9.3817100e+05   3.9550781e+01
   9.3867300e+05   1.5686035e+01
   9.3931500e+05   2.3132324e+01
   9.4051600e+05   2.4353027e+01
   9.4072100e+05   1.9470215e+01
   9.4172800e+05   1.8005371e+01
   9.4207900e+05   2.2949219e+01
   9.4242500e+05   2.1667480e+01
   9.4309600e+05   1.8798828e+01
   9.4337000e+05   1.6601562e+01
   9.4367600e+05   1.5747070e+01
   9.4409700e+05   2.0446777e+01
   9.4437500e+05   1.6540527e+01
   9.4473300e+05   1.6357422e+01
   9.4556700e+05   2.2094727e+01
   9.4580500e+05   1.9042969e+01
   9.4618100e+05   2.2888184e+01
   9.4655300e+05   2.6611328e+01
   9.4678600e+05   1.8249512e+01
   9.4700800e+05   1.7944336e+01
   9.4740800e+05   2.5146484e+01
   9.4778800e+05   1.6906738e+01
   9.4867200e+05   1.5991211e+01
   9.4905200e+05   1.7517090e+01
   9.4936800e+05   1.9226074e+01
   9.4968300e+05   1.6174316e+01
   9.5008000e+05   1.6967773e+01
   9.5044900e+05   2.1911621e+01
   9.5078100e+05   1.8554688e+01
   9.5111000e+05   1.6479492e+01
   9.5152600e+05   1.6052246e+01
   9.5226400e+05   1.7272949e+01
   9.5263600e+05   1.9531250e+01
   9.5303400e+05   1.8798828e+01
   9.5378700e+05   2.0141602e+01
   9.5414400e+05   1.9714355e+01
   9.5503300e+05   2.1484375e+01
   9.5554100e+05   1.5563965e+01
   9.5641400e+05   1.5808105e+01
   9.5732800e+05   2.4658203e+01
   9.5770800e+05   1.5747070e+01
   9.5804300e+05   2.0141602e+01
   9.5842100e+05   1.7883301e+01
   9.6017600e+05   2.2583008e+01
   9.6050200e+05   1.9165039e+01
   9.6204200e+05   1.7211914e+01
   9.6245600e+05   2.1911621e+01
   9.6282200e+05   2.3620605e+01
   9.6432400e+05   1.5991211e+01
   9.6550700e+05   2.1301270e+01
   9.6692200e+05   2.1301270e+01
   9.6783800e+05   1.9775391e+01
   9.6855400e+05   2.0690918e+01
   9.6984600e+05   1.6418457e+01
   9.7022600e+05   2.3681641e+01
   9.7094500e+05   2.0996094e+01
   9.7141600e+05   2.2827148e+01
   9.7187300e+05   1.5930176e+01
   9.7323200e+05   2.2827148e+01
   9.7388800e+05   1.6601562e+01
   9.7480700e+05   2.0629883e+01
   9.7526300e+05   2.0385742e+01
   9.7597500e+05   2.1057129e+01
   9.7685600e+05   2.0874023e+01
   9.7757900e+05   1.8188477e+01
   9.7808300e+05   2.4230957e+01
   9.7922100e+05   2.1057129e+01
   9.8017200e+05   2.3132324e+01
   9.8049800e+05   1.8371582e+01
   9.8083400e+05   1.6723633e+01
   9.8209300e+05   1.8127441e+01
   9.8327100e+05   1.9226074e+01
   9.8367400e+05   1.8371582e+01
   9.8400700e+05   2.1362305e+01
   9.8489500e+05   2.1484375e+01
   9.8529200e+05   1.5686035e+01
   9.8631100e+05   2.3986816e+01
   9.8804500e+05   1.8371582e+01
   9.8860200e+05   2.0629883e+01
   9.8894900e+05   1.9409180e+01
   9.8928700e+05   2.1484375e+01
   9.9057600e+05   1.7639160e+01
   9.9115100e+05   2.0690918e+01
   9.9209300e+05   2.3193359e+01
   9.9263300e+05   2.1423340e+01
   9.9321600e+05   2.0324707e+01
   9.9451300e+05   1.8310547e+01
   9.9511800e+05   1.6723633e+01
   9.9566600e+05   1.7028809e+01
   9.9610500e+05   2.0629883e+01
   9.9795400e+05   1.8859863e+01
   9.9837400e+05   1.7089844e+01
   9.9934700e+05   1.8249512e+01
   9.9992100e+05   2.0874023e+01
   1.0013000e+06   2.1972656e+01
   1.0027040e+06   2.7526855e+01
   1.0033160e+06   1.6906738e+01
   1.0038810e+06   1.8249512e+01
   1.0061000e+06   1.7517090e+01
   1.0064740e+06   1.7761230e+01
   1.0072150e+06   1.8005371e+01
   1.0083810e+06   1.8554688e+01
   1.0096800e+06   1.5808105e+01
   1.0102930e+06   2.0751953e+01
   1.0113450e+06   2.0324707e+01
   1.0129990e+06   2.1545410e+01
   1.0140060e+06   2.0324707e+01
   1.0146520e+06   2.4169922e+01
   1.0157930e+06   1.9409180e+01
   1.0180570e+06   1.7089844e+01
   1.0186840e+06   1.7822266e+01
   1.0193140e+06   1.8249512e+01
   1.0218740e+06   2.1972656e+01
   1.0232940e+06   1.8920898e+01
   1.0240290e+06   2.2094727e+01
   1.0249630e+06   1.6906738e+01
   1.0257250e+06   2.1789551e+01
   1.0261530e+06   2.1972656e+01
   1.0270000e+06   1.9592285e+01
   1.0286720e+06   1.9470215e+01
   1.0308010e+06   1.8798828e+01
   1.0316300e+06   2.0446777e+01
   1.0323130e+06   1.7211914e+01
   1.0341710e+06   1.9897461e+01
   1.0349740e+06   1.9653320e+01
   1.0356170e+06   2.2644043e+01
   1.0375790e+06   2.5207520e+01
   1.0383290e+06   1.8371582e+01
   1.0394820e+06   1.7700195e+01
   1.0410730e+06   2.4230957e+01
   1.0418200e+06   1.9226074e+01
   1.0438920e+06   1.6540527e+01
   1.0464560e+06   1.9714355e+01
   1.0473270e+06   1.7272949e+01
   1.0488500e+06   2.3010254e+01
   1.0505190e+06   1.8371582e+01
   1.0520080e+06   2.1057129e+01
   1.0535570e+06   2.1240234e+01
   1.0552650e+06   1.6601562e+01
   1.0569370e+06   2.5573730e+01
   1.0588830e+06   2.0263672e+01
   1.0610320e+06   1.7333984e+01
   1.0622680e+06   1.5563965e+01
   1.0633930e+06   1.9165039e+01
   1.0655890e+06   2.0996094e+01
   1.0693550e+06   2.0507812e+01
   1.0707880e+06   1.7395020e+01
   1.0723640e+06   1.6479492e+01
   1.0754230e+06   2.0263672e+01
   1.0791010e+06   1.9653320e+01
   1.0797040e+06   2.2827148e+01
   1.0885000e+06   1.6784668e+01
   1.0967130e+06   1.9165039e+01
   1.0982560e+06   1.7700195e+01
   1.1218310e+06   2.2949219e+01
   1.1540930e+06   1.8737793e+01
   1.1555510e+06   4.6142578e+01
   1.1556420e+06   5.2429199e+01
   1.1556700e+06   2.3986816e+01
   1.1557220e+06   4.7912598e+01
   1.1557500e+06   4.4311523e+01
   1.1557680e+06   3.2775879e+01
   1.1558040e+06   2.0690918e+01
   1.1558510e+06   1.7150879e+01
   1.1558700e+06   2.4353027e+01
   1.1558810e+06   2.0629883e+01
   1.1559050e+06   2.0690918e+01
   1.1559230e+06   1.6113281e+01
   1.1559370e+06   1.6662598e+01
   1.1559750e+06   1.7089844e+01
   1.1559990e+06   1.6540527e+01
   1.1560220e+06   1.9409180e+01
   1.1561030e+06   2.2094727e+01
   1.1561240e+06   1.7211914e+01
   1.1561970e+06   2.3498535e+01
   1.1562450e+06   2.0690918e+01
   1.1562770e+06   2.0507812e+01
   1.1563250e+06   1.7517090e+01
   1.1563780e+06   1.7822266e+01
   1.1564570e+06   1.6418457e+01
   1.1565130e+06   1.7150879e+01
   1.1565300e+06   2.0935059e+01
   1.1565630e+06   1.7944336e+01
   1.1566090e+06   1.9104004e+01
   1.1566950e+06   1.6296387e+01
   1.1568910e+06   1.9165039e+01
   1.1570230e+06   1.7761230e+01
   1.1570450e+06   1.9348145e+01
   1.1570990e+06   2.0812988e+01
   1.1571430e+06   1.7639160e+01
   1.1571870e+06   1.8798828e+01
   1.1572090e+06   1.6113281e+01
   1.1572490e+06   2.1484375e+01
   1.1572910e+06   2.0263672e+01
   1.1573180e+06   1.7211914e+01
   1.1573300e+06   1.8676758e+01
   1.1573680e+06   1.5625000e+01
   1.1573840e+06   2.4719238e+01
   1.1574180e+06   1.9836426e+01
   1.1574440e+06   1.6845703e+01
   1.1575020e+06   2.6855469e+01
   1.1575470e+06   1.5625000e+01
   1.1575790e+06   1.8981934e+01
   1.1576480e+06   1.5991211e+01
   1.1576890e+06   1.9470215e+01
   1.1577260e+06   2.3132324e+01
   1.1577570e+06   1.6296387e+01
   1.1578770e+06   3.9001465e+01
   1.1578950e+06   1.8188477e+01
   1.1579350e+06   1.6296387e+01
   1.1579770e+06   1.6418457e+01
   1.1580170e+06   1.6296387e+01
   1.1580500e+06   1.7211914e+01
   1.1580970e+06   2.8808594e+01
   1.1581500e+06   1.6662598e+01
   1.1581700e+06   1.7395020e+01
   1.1582670e+06   1.6906738e+01
   1.1583230e+06   1.7639160e+01
   1.1583700e+06   1.7028809e+01
   1.1584510e+06   2.0202637e+01
   1.1586050e+06   2.0263672e+01
   1.1586470e+06   1.7639160e+01
   1.1586980e+06   1.8859863e+01
   1.1587980e+06   2.8991699e+01
   1.1588860e+06   2.4353027e+01
   1.1589580e+06   2.3559570e+01
   1.1589810e+06   1.5625000e+01
   1.1590770e+06   1.9714355e+01
   1.1591610e+06   1.7639160e+01
   1.1592500e+06   1.7639160e+01
   1.1592610e+06   1.5808105e+01
   1.1592900e+06   1.6662598e+01
   1.1593720e+06   1.7822266e+01
   1.1594840e+06   1.6418457e+01
   1.1595870e+06   1.8676758e+01
   1.1599010e+06   1.6662598e+01
   1.1600680e+06   2.4719238e+01
   1.1602020e+06   2.2644043e+01
   1.1602910e+06   1.6357422e+01
   1.1603960e+06   1.8188477e+01
   1.1607300e+06   2.1362305e+01
   1.1610960e+06   1.5930176e+01
   1.1612430e+06   2.0568848e+01
   1.1613830e+06   1.9042969e+01
   1.1615550e+06   1.9836426e+01
   1.1616940e+06   2.0568848e+01
   1.1622810e+06   2.0263672e+01
   1.1629080e+06   1.9531250e+01
   1.1643790e+06   2.0996094e+01
   1.1649450e+06   1.9042969e+01
   1.1652040e+06   1.7517090e+01
   1.1658300e+06   2.1057129e+01
   1.1666720e+06   2.1057129e+01
   1.1670630e+06   2.1484375e+01
   1.1675680e+06   1.7700195e+01
   1.1680840e+06   1.7395020e+01
   1.1688150e+06   1.6113281e+01
   1.1690510e+06   1.8188477e+01
   1.1693560e+06   1.9104004e+01
   1.1696550e+06   1.6784668e+01
   1.1700500e+06   2.1240234e+01
   1.1705220e+06   1.8737793e+01
   1.1710580e+06   1.5991211e+01
   1.1715570e+06   1.8920898e+01
   1.1720640e+06   1.5808105e+01
   1.1726220e+06   2.0019531e+01
   1.1728620e+06   1.6906738e+01
   1.1730940e+06   1.9165039e+01
   1.1735240e+06   2.3010254e+01
   1.1738660e+06   1.5563965e+01
   1.1740980e+06   2.2827148e+01
   1.1747240e+06   1.9409180e+01
   1.1751820e+06   2.0812988e+01
   1.1756360e+06   1.7700195e+01
   1.1766720e+06   1.6662598e+01
   1.1771460e+06   1.5930176e+01
   1.1777910e+06   2.0507812e+01
   1.1783740e+06   1.7944336e+01
   1.1787920e+06   2.2399902e+01
   1.1793040e+06   2.0751953e+01
   1.1797960e+06   2.0629883e+01
   1.1805510e+06   2.3193359e+01
   1.1817540e+06   2.0690918e+01
   1.1824050e+06   1.8920898e+01
   1.1831960e+06   2.0751953e+01
   1.1850770e+06   1.9165039e+01
   1.1863760e+06   2.1728516e+01
   1.1875720e+06   1.7700195e+01
   1.1882370e+06   2.0263672e+01
   1.1894050e+06   1.7272949e+01
   1.1906500e+06   1.6479492e+01
   1.1914270e+06   2.2033691e+01
   1.1922140e+06   2.1789551e+01
   1.1931900e+06   1.6967773e+01
   1.1940210e+06   1.8066406e+01
   1.1949910e+06   2.0874023e+01
   1.1956680e+06   2.3315430e+01
   1.1982360e+06   1.6601562e+01
   1.1989070e+06   1.7761230e+01
   1.1997240e+06   2.1667480e+01
   1.2010890e+06   1.9714355e+01
   1.2018830e+06   1.5747070e+01
   1.2027090e+06   1.7883301e+01
   1.2038290e+06   2.5878906e+01
   1.2048930e+06   1.9287109e+01
   1.2056400e+06   1.6052246e+01
   1.2063390e+06   1.9897461e+01
   1.2071960e+06   2.0080566e+01
   1.2082380e+06   1.6845703e+01
   1.2097170e+06   2.0874023e+01
   1.2132240e+06   1.6296387e+01
   1.2151040e+06   2.0080566e+01
   1.2159630e+06   1.8859863e+01
   1.2196230e+06   2.0385742e+01
   1.2206250e+06   1.8737793e+01
   1.2220970e+06   1.6906738e+01
   1.2247460e+06   1.8127441e+01
   1.2279810e+06   2.0812988e+01
   1.2372860e+06   2.0263672e+01
   1.2481210e+06   2.4658203e+01
   1.2689010e+06   1.7761230e+01
   1.4604740e+06   1.8798828e+01
   1.4605380e+06   4.7729492e+01
   1.4605560e+06   3.8879395e+01
   1.4606310e+06   5.4626465e+01
   1.4606530e+06   4.3090820e+01
   1.4606680e+06   3.9428711e+01
   1.4606940e+06   3.4423828e+01
   1.4607130e+06   1.8066406e+01
   1.4607290e+06   2.6245117e+01
   1.4607550e+06   2.0385742e+01
   1.4607730e+06   2.0996094e+01
   1.4608090e+06   1.6235352e+01
   1.4608610e+06   2.0690918e+01
   1.4608830e+06   1.6845703e+01
   1.4609170e+06   2.1972656e+01
   1.4609590e+06   1.8676758e+01
   1.4609920e+06   1.6601563e+01
   1.4610810e+06   1.8981934e+01
   1.4611740e+06   1.8615723e+01
   1.4612260e+06   1.7517090e+01
   1.4612850e+06   2.0874023e+01
   1.4613080e+06   1.8737793e+01
   1.4613280e+06   1.5930176e+01
   1.4613980e+06   1.5808105e+01
   1.4615480e+06   1.8859863e+01
   1.4615910e+06   1.5930176e+01
   1.4616330e+06   2.4169922e+01
   1.4616810e+06   1.6052246e+01
   1.4617150e+06   1.8676758e+01
   1.4617330e+06   1.5686035e+01
   1.4617780e+06   1.9470215e+01
   1.4618110e+06   2.4902344e+01
   1.4618610e+06   1.8310547e+01
   1.4619310e+06   1.7333984e+01
   1.4619530e+06   1.6784668e+01
   1.4619680e+06   1.8371582e+01
   1.4620310e+06   1.6418457e+01
   1.4620570e+06   1.6296387e+01
   1.4621110e+06   1.9531250e+01
   1.4621860e+06   1.6418457e+01
   1.4622340e+06   2.0812988e+01
   1.4622610e+06   2.1484375e+01
   1.4623120e+06   2.1606445e+01
   1.4623580e+06   2.1850586e+01
   1.4624060e+06   1.8310547e+01
   1.4624160e+06   2.2094727e+01
   1.4624650e+06   3.1311035e+01
   1.4624880e+06   1.7211914e+01
   1.4625100e+06   1.7700195e+01
   1.4625470e+06   1.9897461e+01
   1.4625620e+06   1.5563965e+01
   1.4626090e+06   2.8808594e+01
   1.4626950e+06   2.3437500e+01
   1.4627540e+06   1.8737793e+01
   1.4629130e+06   2.3681641e+01
   1.4629520e+06   1.6418457e+01
   1.4630110e+06   1.5808105e+01
   1.4630800e+06   2.0507813e+01
   1.4631730e+06   1.6662598e+01
   1.4632650e+06   1.6662598e+01
   1.4633250e+06   2.1118164e+01
   1.4634040e+06   1.5869141e+01
   1.4634360e+06   2.3437500e+01
   1.4635180e+06   1.6662598e+01
   1.4635490e+06   1.9042969e+01
   1.4636040e+06   1.6296387e+01
   1.4636800e+06   1.7639160e+01
   1.4637420e+06   1.7089844e+01
   1.4638540e+06   1.6845703e+01
   1.4639570e+06   1.6723633e+01
   1.4642210e+06   1.6845703e+01
   1.4643010e+06   1.5808105e+01
   1.4643660e+06   2.6611328e+01
   1.4643980e+06   2.2399902e+01
   1.4645370e+06   1.9653320e+01
   1.4646680e+06   1.8737793e+01
   1.4649990e+06   1.9287109e+01
   1.4651400e+06   2.4047852e+01
   1.4653890e+06   1.8371582e+01
   1.4656740e+06   2.0874023e+01
   1.4658790e+06   2.2766113e+01
   1.4665120e+06   1.9836426e+01
   1.4669600e+06   1.8798828e+01
   1.4671400e+06   1.8066406e+01
   1.4683150e+06   1.7517090e+01
   1.4693120e+06   1.8249512e+01
   1.4700270e+06   1.6479492e+01
   1.4708440e+06   1.7333984e+01
   1.4710480e+06   1.8920898e+01
   1.4712400e+06   2.0385742e+01
   1.4724760e+06   1.9653320e+01
   1.4729260e+06   2.2705078e+01
   1.4731510e+06   1.6479492e+01
   1.4742840e+06   1.8798828e+01
   1.4745020e+06   1.7333984e+01
   1.4747380e+06   2.0812988e+01
   1.4750850e+06   1.5563965e+01
   1.4753860e+06   2.0812988e+01
   1.4757160e+06   2.1728516e+01
   1.4764970e+06   1.8737793e+01
   1.4767470e+06   2.0324707e+01
   1.4774770e+06   2.1545410e+01
   1.4777180e+06   1.7944336e+01
   1.4781230e+06   2.1789551e+01
   1.4786050e+06   2.0996094e+01
   1.4788770e+06   1.7578125e+01
   1.4799740e+06   1.5930176e+01
   1.4803560e+06   1.7639160e+01
   1.4812820e+06   2.2216797e+01
   1.4821990e+06   1.8188477e+01
   1.4824410e+06   2.1789551e+01
   1.4844690e+06   2.0385742e+01
   1.4847710e+06   1.6906738e+01
   1.4861710e+06   1.8920898e+01
   1.4888350e+06   2.1545410e+01
   1.4905200e+06   1.9531250e+01
   1.4916700e+06   1.5686035e+01
   1.4946290e+06   2.1972656e+01
   1.4959390e+06   2.3742676e+01
   1.4962450e+06   2.2338867e+01
   1.4985370e+06   1.8981934e+01
   1.4998550e+06   1.7639160e+01
   1.5001010e+06   1.6967773e+01
   1.5003880e+06   1.6418457e+01
   1.5037160e+06   1.9104004e+01
   1.5059430e+06   1.8798828e+01
   1.5114460e+06   1.9348145e+01
   1.5158830e+06   1.6723633e+01
   1.5175640e+06   1.8127441e+01
   1.5190540e+06   1.9287109e+01
   1.5213300e+06   2.0019531e+01
   1.5227990e+06   2.2460938e+01
   1.5243040e+06   2.0690918e+01
   1.5264500e+06   2.1301270e+01
   1.5301990e+06   2.3010254e+01
   1.5354660e+06   1.8676758e+01
   1.5357230e+06   2.3132324e+01
   1.5397830e+06   1.6418457e+01
   1.5401160e+06   1.8127441e+01
   1.5420840e+06   1.8737793e+01
   1.5560050e+06   1.7700195e+01
   1.5600050e+06   1.8920898e+01
   1.5650420e+06   1.9653320e+01
   1.5703560e+06   2.0019531e+01
   1.5808630e+06   1.6357422e+01
   1.5861340e+06   2.0996094e+01
   1.5927650e+06   2.1728516e+01
   1.6116970e+06   1.6723633e+01
   1.6117090e+06   5.2612305e+01
   1.6117310e+06   1.6967773e+01
   1.6117800e+06   4.3640137e+01
   1.6118000e+06   5.1025391e+01
   1.6118330e+06   5.8776855e+01
   1.6118520e+06   2.7832031e+01
   1.6118790e+06   2.7099609e+01
   1.6119100e+06   1.9897461e+01
   1.6119450e+06   2.4230957e+01
   1.6119580e+06   1.9958496e+01
   1.6119750e+06   2.0202637e+01
   1.6120090e+06   2.2583008e+01
   1.6120690e+06   1.9836426e+01
   1.6120890e+06   1.9714355e+01
   1.6121290e+06   1.7639160e+01
   1.6121470e+06   1.7761230e+01
   1.6121830e+06   2.2827148e+01
   1.6122350e+06   1.8920898e+01
   1.6122640e+06   2.0935059e+01
   1.6122930e+06   1.9409180e+01
   1.6123340e+06   1.5991211e+01
   1.6123900e+06   1.8371582e+01
   1.6124120e+06   2.3620605e+01
   1.6124650e+06   1.8798828e+01
   1.6125050e+06   1.7456055e+01
   1.6125790e+06   2.0080566e+01
   1.6126560e+06   1.8737793e+01
   1.6127140e+06   1.9836426e+01
   1.6127670e+06   1.8005371e+01
   1.6128310e+06   1.6052246e+01
   1.6129790e+06   1.6052246e+01
   1.6129890e+06   1.9714355e+01
   1.6130170e+06   1.5625000e+01
   1.6130570e+06   1.8554688e+01
   1.6130690e+06   2.6306152e+01
   1.6130940e+06   1.7883301e+01
   1.6131360e+06   1.8127441e+01
   1.6131910e+06   1.5563965e+01
   1.6132180e+06   1.7944336e+01
   1.6132650e+06   2.4169922e+01
   1.6132790e+06   1.7028809e+01
   1.6133290e+06   2.0690918e+01
   1.6133480e+06   1.7578125e+01
   1.6134160e+06   2.5939941e+01
   1.6134590e+06   1.7822266e+01
   1.6134690e+06   2.0019531e+01
   1.6135040e+06   2.4719238e+01
   1.6135260e+06   1.7150879e+01
   1.6135860e+06   1.8066406e+01
   1.6136350e+06   1.6723633e+01
   1.6136890e+06   2.5207520e+01
   1.6137970e+06   1.6357422e+01
   1.6138440e+06   1.6235352e+01
   1.6138640e+06   1.5625000e+01
   1.6139170e+06   2.1789551e+01
   1.6139330e+06   2.0019531e+01
   1.6139760e+06   1.7028809e+01
   1.6140060e+06   3.0151367e+01
   1.6140490e+06   1.8676758e+01
   1.6140700e+06   1.7944336e+01
   1.6141560e+06   1.9042969e+01
   1.6141760e+06   1.6418457e+01
   1.6142400e+06   1.7944336e+01
   1.6143400e+06   1.6296387e+01
   1.6143890e+06   2.0996094e+01
   1.6144040e+06   2.6367188e+01
   1.6145050e+06   2.4108887e+01
   1.6145620e+06   1.7150879e+01
   1.6147180e+06   1.8798828e+01
   1.6148860e+06   2.0324707e+01
   1.6151320e+06   1.8432617e+01
   1.6153190e+06   1.8005371e+01
   1.6154420e+06   1.6113281e+01
   1.6155920e+06   1.7700195e+01
   1.6157260e+06   1.5930176e+01
   1.6158540e+06   1.9409180e+01
   1.6161320e+06   1.8859863e+01
   1.6162530e+06   1.6784668e+01
   1.6164060e+06   2.2277832e+01
   1.6166910e+06   1.8615723e+01
   1.6168610e+06   1.6479492e+01
   1.6170580e+06   2.2583008e+01
   1.6172250e+06   1.7883301e+01
   1.6188080e+06   1.8981934e+01
   1.6189830e+06   2.0080566e+01
   1.6204830e+06   1.6967773e+01
   1.6222740e+06   1.9958496e+01
   1.6225400e+06   1.6723633e+01
   1.6233520e+06   1.8432617e+01
   1.6238930e+06   1.8798828e+01
   1.6240910e+06   1.5747070e+01
   1.6244930e+06   1.6418457e+01
   1.6247200e+06   1.5808105e+01
   1.6253000e+06   2.3620605e+01
   1.6255550e+06   2.2399902e+01
   1.6257890e+06   1.8920898e+01
   1.6265580e+06   2.0812988e+01
   1.6273270e+06   1.6052246e+01
   1.6275490e+06   2.1179199e+01
   1.6280520e+06   2.1301270e+01
   1.6286940e+06   1.6357422e+01
   1.6290980e+06   1.6418457e+01
   1.6294700e+06   1.8920898e+01
   1.6307980e+06   1.9836426e+01
   1.6310130e+06   2.1118164e+01
   1.6312900e+06   2.1118164e+01
   1.6316880e+06   1.5930176e+01
   1.6319890e+06   1.9836426e+01
   1.6340010e+06   1.9714355e+01
   1.6343440e+06   2.4536133e+01
   1.6351770e+06   2.1423340e+01
   1.6364090e+06   1.8310547e+01
   1.6379030e+06   1.9042969e+01
   1.6408500e+06   1.7944336e+01
   1.6411040e+06   1.7578125e+01
   1.6419500e+06   1.5747070e+01
   1.6433030e+06   1.7028809e+01
   1.6446850e+06   1.7456055e+01
   1.6480540e+06   2.1118164e+01
   1.6499950e+06   1.8066406e+01
   1.6525650e+06   1.5563965e+01
   1.6550670e+06   1.9836426e+01
   1.6571300e+06   2.3193359e+01
   1.6590140e+06   1.9042969e+01
   1.6604260e+06   1.9287109e+01
   1.6604750e+06   5.2062988e+01
   1.6605400e+06   4.1137695e+01
   1.6605640e+06   2.7832031e+01
   1.6605820e+06   2.2644043e+01
   1.6605990e+06   5.3710938e+01
   1.6606240e+06   2.0874023e+01
   1.6606400e+06   3.2897949e+01
   1.6606560e+06   2.9357910e+01
   1.6606660e+06   2.9113770e+01
   1.6607010e+06   2.8381348e+01
   1.6607250e+06   2.2338867e+01
   1.6607360e+06   1.9836426e+01
   1.6607660e+06   2.3132324e+01
   1.6607880e+06   1.9287109e+01
   1.6608090e+06   1.8127441e+01
   1.6608330e+06   1.6906738e+01
   1.6608740e+06   2.0690918e+01
   1.6609140e+06   1.8005371e+01
   1.6609560e+06   2.0812988e+01
   1.6610010e+06   2.0324707e+01
   1.6610250e+06   1.9165039e+01
   1.6610650e+06   2.1057129e+01
   1.6611570e+06   1.5747070e+01
   1.6611970e+06   1.8981934e+01
   1.6612650e+06   1.9104004e+01
   1.6612990e+06   1.5563965e+01
   1.6613220e+06   1.6113281e+01
   1.6613550e+06   1.6601562e+01
   1.6613930e+06   1.7089844e+01
   1.6614120e+06   1.5808105e+01
   1.6614510e+06   1.6906738e+01
   1.6614950e+06   1.8798828e+01
   1.6615310e+06   1.7456055e+01
   1.6615550e+06   1.7028809e+01
   1.6616040e+06   1.5625000e+01
   1.6616340e+06   2.8503418e+01
   1.6616600e+06   2.0812988e+01
   1.6617080e+06   1.5930176e+01
   1.6617430e+06   1.6235352e+01
   1.6617690e+06   1.6662598e+01
   1.6618000e+06   2.4169922e+01
   1.6618140e+06   1.6418457e+01
   1.6618480e+06   1.7211914e+01
   1.6618900e+06   2.3010254e+01
   1.6619670e+06   1.7578125e+01
   1.6619940e+06   1.9714355e+01
   1.6620180e+06   3.2287598e+01
   1.6620360e+06   1.8737793e+01
   1.6620560e+06   1.8798828e+01
   1.6620680e+06   1.7944336e+01
   1.6621010e+06   1.8615723e+01
   1.6621390e+06   1.6113281e+01
   1.6621740e+06   2.3620605e+01
   1.6622010e+06   2.0507812e+01
   1.6622200e+06   2.0996094e+01
   1.6622520e+06   2.1789551e+01
   1.6622710e+06   1.8920898e+01
   1.6623030e+06   2.1911621e+01
   1.6623530e+06   2.1545410e+01
   1.6623630e+06   1.9348145e+01
   1.6625290e+06   1.7761230e+01
   1.6625570e+06   2.2827148e+01
   1.6625890e+06   1.6662598e+01
   1.6626060e+06   1.9348145e+01
   1.6626320e+06   1.5747070e+01
   1.6627140e+06   1.5625000e+01
   1.6627300e+06   1.6967773e+01
   1.6628080e+06   1.8127441e+01
   1.6628940e+06   1.7272949e+01
   1.6629170e+06   1.9775391e+01
   1.6630000e+06   1.8127441e+01
   1.6630740e+06   2.1240234e+01
   1.6631720e+06   1.8371582e+01
   1.6632350e+06   2.0324707e+01
   1.6633290e+06   1.7883301e+01
   1.6634650e+06   1.8493652e+01
   1.6635550e+06   1.5747070e+01
   1.6636390e+06   1.5930176e+01
   1.6638090e+06   1.6113281e+01
   1.6639390e+06   1.6479492e+01
   1.6640500e+06   1.6052246e+01
   1.6640670e+06   1.8310547e+01
   1.6643490e+06   1.7028809e+01
   1.6647150e+06   1.8615723e+01
   1.6650890e+06   1.6113281e+01
   1.6652880e+06   1.6052246e+01
   1.6655720e+06   2.2277832e+01
   1.6657780e+06   2.0385742e+01
   1.6664160e+06   1.6540527e+01
   1.6666140e+06   1.8676758e+01
   1.6676270e+06   2.1728516e+01
   1.6683460e+06   1.7272949e+01
   1.6697400e+06   2.2766113e+01
   1.6703430e+06   2.3315430e+01
   1.6707520e+06   2.1118164e+01
   1.6712400e+06   1.7395020e+01
   1.6718650e+06   2.3193359e+01
   1.6725010e+06   1.6052246e+01
   1.6727370e+06   2.0812988e+01
   1.6729430e+06   1.8920898e+01
   1.6731790e+06   1.7456055e+01
   1.6735910e+06   1.7822266e+01
   1.6738410e+06   1.8615723e+01
   1.6742840e+06   1.6235352e+01
   1.6748200e+06   1.6784668e+01
   1.6755000e+06   1.9531250e+01
   1.6757080e+06   1.7028809e+01
   1.6762860e+06   2.1667480e+01
   1.6765400e+06   2.0080566e+01
   1.6767790e+06   1.8554688e+01
   1.6772370e+06   2.0751953e+01
   1.6779450e+06   1.9897461e+01
   1.6785960e+06   1.9287109e+01
   1.6792340e+06   2.2399902e+01
   1.6799480e+06   1.8432617e+01
   1.6805070e+06   2.0996094e+01
   1.6810570e+06   2.2216797e+01
   1.6815350e+06   1.6662598e+01
   1.6827780e+06   2.2827148e+01
   1.6833390e+06   1.7761230e+01
   1.6838260e+06   2.0935059e+01
   1.6849130e+06   1.7883301e+01
   1.6854870e+06   1.9165039e+01
   1.6865930e+06   1.7333984e+01
   1.6871680e+06   1.9592285e+01
   1.6881530e+06   1.8188477e+01
   1.6887150e+06   1.7578125e+01
   1.6892490e+06   5.3955078e+01
   1.6892710e+06   4.2114258e+01
   1.6893090e+06   2.0507812e+01
   1.6893200e+06   5.4321289e+01
   1.6893480e+06   2.7832031e+01
   1.6893650e+06   4.6447754e+01
   1.6893860e+06   2.5024414e+01
   1.6894070e+06   3.3996582e+01
   1.6894190e+06   1.5991211e+01
   1.6894450e+06   5.6091309e+01
   1.6894820e+06   2.6855469e+01
   1.6895050e+06   1.5991211e+01
   1.6895500e+06   1.5930176e+01
   1.6895730e+06   1.7944336e+01
   1.6895900e+06   1.7272949e+01
   1.6896100e+06   1.8127441e+01
   1.6896770e+06   2.3193359e+01
   1.6897130e+06   2.0629883e+01
   1.6897690e+06   1.5991211e+01
   1.6898310e+06   1.9958496e+01
   1.6898750e+06   1.7395020e+01
   1.6899000e+06   1.6235352e+01
   1.6899620e+06   1.6723633e+01
   1.6899850e+06   2.1118164e+01
   1.6900160e+06   1.8615723e+01
   1.6900550e+06   2.3315430e+01
   1.6900980e+06   1.8066406e+01
   1.6901690e+06   1.6845703e+01
   1.6902610e+06   1.6113281e+01
   1.6902940e+06   1.7700195e+01
   1.6903360e+06   1.5686035e+01
   1.6903650e+06   1.6235352e+01
   1.6903980e+06   1.6479492e+01
   1.6904450e+06   1.6418457e+01
   1.6905040e+06   1.5625000e+01
   1.6905190e+06   1.5625000e+01
   1.6905770e+06   1.9775391e+01
   1.6905960e+06   1.7028809e+01
   1.6906340e+06   1.8432617e+01
   1.6906690e+06   2.3681641e+01
   1.6907260e+06   1.9836426e+01
   1.6907400e+06   2.6245117e+01
   1.6908370e+06   1.5747070e+01
   1.6908500e+06   1.6540527e+01
   1.6908710e+06   2.4414062e+01
   1.6909180e+06   1.6357422e+01
   1.6909660e+06   1.7761230e+01
   1.6909970e+06   1.9104004e+01
   1.6910410e+06   1.6174316e+01
   1.6910830e+06   2.2766113e+01
   1.6911070e+06   1.6662598e+01
   1.6911530e+06   1.7517090e+01
   1.6911720e+06   1.6845703e+01
   1.6912480e+06   1.6357422e+01
   1.6913750e+06   1.9226074e+01
   1.6914030e+06   1.7333984e+01
   1.6914620e+06   1.6906738e+01
   1.6915060e+06   1.7395020e+01
   1.6915660e+06   1.6784668e+01
   1.6916280e+06   1.8737793e+01
   1.6917020e+06   1.9470215e+01
   1.6917750e+06   1.6113281e+01
   1.6918200e+06   1.5991211e+01
   1.6919030e+06   2.4658203e+01
   1.6920660e+06   1.5808105e+01
   1.6922200e+06   1.7211914e+01
   1.6926860e+06   1.5808105e+01
   1.6927980e+06   1.5625000e+01
   1.6929400e+06   1.9958496e+01
   1.6930750e+06   1.5869141e+01
   1.6932050e+06   1.7333984e+01
   1.6933870e+06   1.7333984e+01
   1.6935270e+06   1.6418457e+01
   1.6936850e+06   1.5869141e+01
   1.6941920e+06   1.8920898e+01
   1.6944380e+06   2.0202637e+01
   1.6945970e+06   1.8127441e+01
   1.6951270e+06   1.9287109e+01
   1.6953000e+06   1.8920898e+01
   1.6960800e+06   2.4780273e+01
   1.6970220e+06   1.7639160e+01
   1.6982640e+06   1.8554688e+01
   1.6984250e+06   2.2521973e+01
   1.6993700e+06   1.7883301e+01
   1.6998460e+06   1.8615723e+01
   1.7000830e+06   2.2705078e+01
   1.7003340e+06   2.3986816e+01
   1.7008530e+06   2.0324707e+01
   1.7013540e+06   1.7211914e+01
   1.7015720e+06   1.7761230e+01
   1.7019240e+06   2.0507813e+01
   1.7022730e+06   2.0690918e+01
   1.7025380e+06   2.1240234e+01
   1.7027480e+06   2.0568848e+01
   1.7029620e+06   2.1789551e+01
   1.7038380e+06   2.0019531e+01
   1.7040670e+06   1.7272949e+01
   1.7043540e+06   2.0751953e+01
   1.7049210e+06   1.8798828e+01
   1.7052240e+06   1.9470215e+01
   1.7055300e+06   1.7639160e+01
   1.7057510e+06   2.0141602e+01
   1.7073530e+06   1.5930176e+01
   1.7075830e+06   2.1057129e+01
   1.7078200e+06   1.6418457e+01
   1.7080990e+06   2.0202637e+01
   1.7083630e+06   1.7272949e+01
   1.7084910e+06   4.9438477e+01
   1.7085160e+06   3.3020020e+01
   1.7085760e+06   4.9804688e+01
   1.7086160e+06   4.5349121e+01
   1.7086400e+06   3.0883789e+01
   1.7086700e+06   2.5939941e+01
   1.7086860e+06   3.4118652e+01
   1.7086980e+06   1.8493652e+01
   1.7087350e+06   2.2460938e+01
   1.7087530e+06   2.3864746e+01
   1.7087700e+06   2.1545410e+01
   1.7087910e+06   1.8249512e+01
   1.7088150e+06   1.8981934e+01
   1.7088530e+06   1.8005371e+01
   1.7088980e+06   1.8066406e+01
   1.7089260e+06   1.6418457e+01
   1.7089730e+06   1.9470215e+01
   1.7089960e+06   1.7883301e+01
   1.7090420e+06   2.1057129e+01
   1.7090910e+06   1.7089844e+01
   1.7091710e+06   1.9714355e+01
   1.7092690e+06   1.6235352e+01
   1.7093540e+06   2.2521973e+01
   1.7094650e+06   1.5686035e+01
   1.7095170e+06   1.6662598e+01
   1.7095440e+06   1.6967773e+01
   1.7095880e+06   1.5991211e+01
   1.7096030e+06   1.8310547e+01
   1.7096870e+06   1.7456055e+01
   1.7097360e+06   1.7333984e+01
   1.7097630e+06   2.1545410e+01
   1.7099030e+06   1.6967773e+01
   1.7099340e+06   1.8005371e+01
   1.7099930e+06   1.8249512e+01
   1.7101010e+06   2.2399902e+01
   1.7101680e+06   1.6784668e+01
   1.7102080e+06   1.9348145e+01
   1.7102960e+06   1.8371582e+01
   1.7103910e+06   1.7578125e+01
   1.7104480e+06   1.8798828e+01
   1.7104680e+06   1.6113281e+01
   1.7105120e+06   1.5686035e+01
   1.7105590e+06   1.6601562e+01
   1.7107120e+06   1.6418457e+01
   1.7108570e+06   2.0935059e+01
   1.7109030e+06   1.7028809e+01
   1.7109790e+06   1.7517090e+01
   1.7111050e+06   1.9348145e+01
   1.7112180e+06   1.7089844e+01
   1.7112870e+06   1.5747070e+01
   1.7114080e+06   1.7883301e+01
   1.7115480e+06   1.7272949e+01
   1.7117840e+06   2.0446777e+01
   1.7119230e+06   2.0263672e+01
   1.7120590e+06   2.4841309e+01
   1.7122650e+06   1.7944336e+01
   1.7124200e+06   2.0446777e+01
   1.7132310e+06   1.6967773e+01
   1.7135270e+06   1.9653320e+01
   1.7137170e+06   1.5625000e+01
   1.7140030e+06   1.6967773e+01
   1.7144340e+06   1.7883301e+01
   1.7154900e+06   2.1423340e+01
   1.7162130e+06   2.0202637e+01
   1.7168250e+06   2.0080566e+01
   1.7173710e+06   1.8615723e+01
   1.7176470e+06   2.2827148e+01
   1.7186600e+06   1.5625000e+01
   1.7190210e+06   1.8493652e+01
   1.7192880e+06   1.6174316e+01
   1.7199200e+06   1.8493652e+01
   1.7205810e+06   1.8310547e+01
   1.7211390e+06   2.0263672e+01
   1.7215210e+06   1.9042969e+01
   1.7217750e+06   1.8249512e+01
   1.7223800e+06   2.1057129e+01
   1.7226050e+06   3.4912109e+01
   1.7226500e+06   1.5563965e+01
   1.7226760e+06   4.5654297e+01
   1.7227040e+06   1.7822266e+01
   1.7227250e+06   4.2602539e+01
   1.7227380e+06   3.5156250e+01
   1.7227660e+06   1.9470215e+01
   1.7227920e+06   4.8156738e+01
   1.7228050e+06   2.2949219e+01
   1.7228350e+06   2.0446777e+01
   1.7228480e+06   2.6550293e+01
   1.7228630e+06   2.7343750e+01
   1.7228770e+06   2.0263672e+01
   1.7228890e+06   3.1982422e+01
   1.7229160e+06   1.8920898e+01
   1.7229320e+06   2.4536133e+01
   1.7229790e+06   2.1362305e+01
   1.7230110e+06   2.3193359e+01
   1.7230330e+06   1.9042969e+01
   1.7230730e+06   1.9104004e+01
   1.7231080e+06   2.2338867e+01
   1.7231990e+06   1.7028809e+01
   1.7232340e+06   1.6357422e+01
   1.7232600e+06   1.6296387e+01
   1.7232840e+06   2.0812988e+01
   1.7233600e+06   1.7272949e+01
   1.7233980e+06   1.7272949e+01
   1.7234520e+06   1.6601562e+01
   1.7235260e+06   1.8310547e+01
   1.7235510e+06   1.7883301e+01
   1.7235960e+06   1.7028809e+01
   1.7236080e+06   2.3559570e+01
   1.7237420e+06   1.6357422e+01
   1.7237640e+06   1.7700195e+01
   1.7238030e+06   1.7761230e+01
   1.7238320e+06   1.8371582e+01
   1.7238680e+06   1.5563965e+01
   1.7239160e+06   1.6235352e+01
   1.7239580e+06   1.8493652e+01
   1.7240150e+06   1.6052246e+01
   1.7240520e+06   1.7578125e+01
   1.7240710e+06   2.4536133e+01
   1.7241330e+06   1.8432617e+01
   1.7242170e+06   1.8066406e+01
   1.7242880e+06   1.8066406e+01
   1.7243900e+06   1.6662598e+01
   1.7244720e+06   1.9348145e+01
   1.7245130e+06   1.5625000e+01
   1.7245730e+06   1.6113281e+01
   1.7246490e+06   1.9226074e+01
   1.7246620e+06   1.9165039e+01
   1.7248830e+06   1.7639160e+01
   1.7250160e+06   1.7822266e+01
   1.7251270e+06   1.5930176e+01
   1.7254680e+06   1.9775391e+01
   1.7256080e+06   1.8371582e+01
   1.7258260e+06   1.9042969e+01
   1.7263380e+06   1.8127441e+01
   1.7265650e+06   1.7639160e+01
   1.7267820e+06   2.1301270e+01
   1.7273980e+06   1.6540527e+01
   1.7277220e+06   1.8310547e+01
   1.7296800e+06   2.1484375e+01
   1.7305990e+06   1.5869141e+01
   1.7311880e+06   1.9165039e+01
   1.7319180e+06   1.9348145e+01
   1.7323720e+06   1.7822266e+01
   1.7327490e+06   1.6296387e+01
   1.7334600e+06   1.6418457e+01
   1.7337020e+06   1.7456055e+01
   1.7337900e+06   4.6997070e+01
   1.7338200e+06   1.8615723e+01
   1.7338460e+06   3.4179688e+01
   1.7338650e+06   4.4311523e+01
   1.7339030e+06   1.5930176e+01
   1.7339330e+06   4.9377441e+01
   1.7339610e+06   3.7536621e+01
   1.7339850e+06   2.1118164e+01
   1.7339960e+06   3.9611816e+01
   1.7340190e+06   1.8127441e+01
   1.7340480e+06   3.3996582e+01
   1.7340640e+06   2.0507812e+01
   1.7340890e+06   2.9602051e+01
   1.7341210e+06   4.4006348e+01
   1.7341770e+06   1.9287109e+01
   1.7341980e+06   3.4667969e+01
   1.7342220e+06   2.6672363e+01
   1.7342330e+06   1.7333984e+01
   1.7342720e+06   1.8798828e+01
   1.7342920e+06   1.8554688e+01
   1.7343330e+06   2.5024414e+01
   1.7343530e+06   1.9348145e+01
   1.7344180e+06   3.3935547e+01
   1.7344420e+06   3.2714844e+01
   1.7344770e+06   2.1789551e+01
   1.7345070e+06   1.7944336e+01
   1.7345170e+06   1.7517090e+01
   1.7345550e+06   2.1789551e+01
   1.7345870e+06   1.6601562e+01
   1.7346670e+06   1.6113281e+01
   1.7346770e+06   2.7282715e+01
   1.7346990e+06   1.8920898e+01
   1.7347380e+06   1.7089844e+01
   1.7347800e+06   2.0324707e+01
   1.7348210e+06   1.9836426e+01
   1.7349040e+06   2.0751953e+01
   1.7349680e+06   1.8859863e+01
   1.7350630e+06   1.7150879e+01
   1.7351700e+06   1.6357422e+01
   1.7352150e+06   1.8615723e+01
   1.7352390e+06   1.9470215e+01
   1.7353460e+06   1.6967773e+01
   1.7354160e+06   1.6174316e+01
   1.7354330e+06   2.6855469e+01
   1.7355100e+06   1.6357422e+01
   1.7357790e+06   1.7578125e+01
   1.7359160e+06   2.0019531e+01
   1.7361070e+06   2.1179199e+01
   1.7362980e+06   1.8554688e+01
   1.7365310e+06   1.9531250e+01
   1.7369660e+06   1.9897461e+01
   1.7372060e+06   2.0446777e+01
   1.7377760e+06   1.8066406e+01
   1.7402070e+06   1.9714355e+01
   1.7411410e+06   1.5930176e+01
   1.7417310e+06   1.6174316e+01
   1.7421290e+06   2.0385742e+01
   1.7424370e+06   2.2644043e+01
   1.7445220e+06   1.9775391e+01
   1.7450170e+06   1.9470215e+01
   1.7450420e+06   5.1391602e+01
   1.7450770e+06   3.4973145e+01
   1.7450960e+06   2.1545410e+01
   1.7451210e+06   4.4799805e+01
   1.7451570e+06   1.8920898e+01
   1.7451730e+06   4.4250488e+01
   1.7451940e+06   2.0446777e+01
   1.7452220e+06   1.6357422e+01
   1.7452560e+06   2.2155762e+01
   1.7452800e+06   3.0334473e+01
   1.7452990e+06   2.0202637e+01
   1.7453340e+06   3.9733887e+01
   1.7453620e+06   2.1484375e+01
   1.7453980e+06   5.7739258e+01
   1.7454320e+06   2.5451660e+01
   1.7454450e+06   2.5634766e+01
   1.7454710e+06   3.1066895e+01
   1.7455150e+06   2.5390625e+01
   1.7455310e+06   2.0446777e+01
   1.7455860e+06   1.8432617e+01
   1.7456040e+06   2.0568848e+01
   1.7456490e+06   2.3742676e+01
   1.7456590e+06   2.2460938e+01
   1.7456990e+06   1.6479492e+01
   1.7457260e+06   1.8310547e+01
   1.7457390e+06   1.7944336e+01
   1.7457820e+06   1.6113281e+01
   1.7458070e+06   1.6479492e+01
   1.7458680e+06   1.6845703e+01
   1.7458790e+06   1.5808105e+01
   1.7459420e+06   2.2277832e+01
   1.7460030e+06   2.1240234e+01
   1.7460280e+06   1.9104004e+01
   1.7460620e+06   2.0385742e+01
   1.7461520e+06   2.1667480e+01
   1.7461680e+06   1.5747070e+01
   1.7462130e+06   1.5563965e+01
   1.7462790e+06   1.6174316e+01
   1.7463020e+06   1.8798828e+01
   1.7463470e+06   1.5930176e+01
   1.7464440e+06   1.5991211e+01
   1.7466890e+06   2.1423340e+01
   1.7467760e+06   1.5991211e+01
   1.7469490e+06   2.0568848e+01
   1.7471540e+06   1.7639160e+01
   1.7473100e+06   1.6479492e+01
   1.7474160e+06   1.8127441e+01
   1.7476480e+06   1.7211914e+01
   1.7479220e+06   1.5625000e+01
   1.7480980e+06   1.6235352e+01
   1.7483010e+06   1.9714355e+01
   1.7486310e+06   1.9836426e+01
   1.7491060e+06   1.8005371e+01
   1.7492620e+06   1.6784668e+01
   1.7500120e+06   1.7211914e+01
   1.7503920e+06   1.7700195e+01
   1.7508700e+06   1.8615723e+01
   1.7511200e+06   1.5869141e+01
   1.7519090e+06   1.6174316e+01
   1.7537720e+06   1.9409180e+01
   1.7540580e+06   2.1972656e+01
   1.7554020e+06   1.8920898e+01
   1.7555760e+06   1.7578125e+01
   1.7568460e+06   2.1240234e+01
   1.7585920e+06   1.7578125e+01
   1.7600020e+06   1.8920898e+01
   1.7606240e+06   1.8554688e+01
   1.7607350e+06   5.4748535e+01
   1.7607600e+06   4.7973633e+01
   1.7608160e+06   4.9194336e+01
   1.7608320e+06   1.8127441e+01
   1.7608700e+06   4.4006348e+01
   1.7608880e+06   3.6132812e+01
   1.7608980e+06   2.2460938e+01
   1.7609330e+06   2.9357910e+01
   1.7609550e+06   1.8127441e+01
   1.7609830e+06   3.1860352e+01
   1.7610050e+06   1.5625000e+01
   1.7610250e+06   1.9104004e+01
   1.7610440e+06   2.7954102e+01
   1.7610740e+06   2.6306152e+01
   1.7610940e+06   2.8747559e+01
   1.7611390e+06   1.9165039e+01
   1.7611590e+06   1.5991211e+01
   1.7611760e+06   1.8371582e+01
   1.7612090e+06   1.6967773e+01
   1.7612390e+06   1.7822266e+01
   1.7612680e+06   2.0446777e+01
   1.7612930e+06   2.0263672e+01
   1.7613260e+06   1.5563965e+01
   1.7613360e+06   1.6845703e+01
   1.7613530e+06   1.9348145e+01
   1.7613820e+06   1.5991211e+01
   1.7614200e+06   1.8493652e+01
   1.7614740e+06   2.0568848e+01
   1.7615020e+06   1.7456055e+01
   1.7615390e+06   1.8432617e+01
   1.7615730e+06   1.8310547e+01
   1.7616020e+06   2.3193359e+01
   1.7616670e+06   1.5808105e+01
   1.7616950e+06   1.8249512e+01
   1.7617670e+06   2.4414062e+01
   1.7617940e+06   1.5686035e+01
   1.7618400e+06   1.5625000e+01
   1.7619120e+06   1.5991211e+01
   1.7619800e+06   2.2216797e+01
   1.7620250e+06   1.9226074e+01
   1.7620590e+06   1.6540527e+01
   1.7621020e+06   1.6113281e+01
   1.7621760e+06   1.8249512e+01
   1.7622970e+06   1.7578125e+01
   1.7624370e+06   1.7089844e+01
   1.7624480e+06   1.5686035e+01
   1.7625770e+06   1.5625000e+01
   1.7626080e+06   1.5869141e+01
   1.7627990e+06   1.5625000e+01
   1.7629550e+06   1.8432617e+01
   1.7631060e+06   1.7456055e+01
   1.7632780e+06   1.7883301e+01
   1.7634400e+06   1.6296387e+01
   1.7636950e+06   1.8798828e+01
   1.7640580e+06   1.6601562e+01
   1.7646010e+06   1.8066406e+01
   1.7647900e+06   2.0507813e+01
   1.7653320e+06   1.5747070e+01
   1.7656530e+06   1.7944336e+01
   1.7669080e+06   1.9042969e+01
   1.7692910e+06   1.5747070e+01
   1.7701390e+06   2.0507813e+01
   1.7710820e+06   1.5625000e+01
   1.7721130e+06   2.0751953e+01
   1.7728810e+06   1.6235352e+01
   1.7735980e+06   1.6540527e+01
   1.7739480e+06   2.2399902e+01
   1.7750380e+06   1.7456055e+01
   1.7764810e+06   1.8249512e+01
   1.7783840e+06   1.5869141e+01
   1.7793610e+06   1.9897461e+01
   1.7802050e+06   1.7272949e+01
   1.7821060e+06   1.6784668e+01
   1.7828930e+06   1.5563965e+01
   1.7830670e+06   1.6418457e+01
   1.7830910e+06   4.7180176e+01
   1.7831280e+06   3.4606934e+01
   1.7831380e+06   2.1850586e+01
   1.7831650e+06   4.8034668e+01
   1.7831830e+06   1.6784668e+01
   1.7832140e+06   1.9409180e+01
   1.7832350e+06   3.9611816e+01
   1.7832650e+06   1.7089844e+01
   1.7832860e+06   2.1667480e+01
   1.7833000e+06   3.7353516e+01
   1.7833290e+06   3.0822754e+01
   1.7833580e+06   3.6315918e+01
   1.7833780e+06   1.9531250e+01
   1.7834140e+06   2.2338867e+01
   1.7834240e+06   2.0507812e+01
   1.7834450e+06   1.7883301e+01
   1.7834620e+06   1.8920898e+01
   1.7834870e+06   1.8676758e+01
   1.7835190e+06   1.8371582e+01
   1.7835420e+06   2.2277832e+01
   1.7835930e+06   2.4902344e+01
   1.7836360e+06   1.9714355e+01
   1.7836630e+06   2.0874023e+01
   1.7837140e+06   1.5625000e+01
   1.7837830e+06   1.9104004e+01
   1.7838560e+06   1.6479492e+01
   1.7838940e+06   1.6723633e+01
   1.7839130e+06   1.8493652e+01
   1.7839640e+06   1.8310547e+01
   1.7840510e+06   1.6540527e+01
   1.7840850e+06   1.7639160e+01
   1.7841280e+06   1.9165039e+01
   1.7841680e+06   1.9104004e+01
   1.7841950e+06   1.6113281e+01
   1.7842120e+06   1.7639160e+01
   1.7842710e+06   2.2338867e+01
   1.7843020e+06   1.5563965e+01
   1.7843950e+06   1.6967773e+01
   1.7844500e+06   1.6479492e+01
   1.7844640e+06   1.6357422e+01
   1.7845430e+06   1.6540527e+01
   1.7845840e+06   2.0446777e+01
   1.7847310e+06   2.0751953e+01
   1.7848170e+06   1.6052246e+01
   1.7848940e+06   1.8981934e+01
   1.7849510e+06   1.8737793e+01
   1.7850110e+06   1.6235352e+01
   1.7850940e+06   1.7089844e+01
   1.7851750e+06   1.6479492e+01
   1.7852970e+06   1.9714355e+01
   1.7853840e+06   1.6296387e+01
   1.7855410e+06   2.2094727e+01
   1.7856440e+06   1.7456055e+01
   1.7857320e+06   1.5991211e+01
   1.7859310e+06   1.7517090e+01
   1.7860680e+06   2.1789551e+01
   1.7862650e+06   1.5808105e+01
   1.7864760e+06   1.6967773e+01
   1.7869190e+06   1.8615723e+01
   1.7871990e+06   1.8554688e+01
   1.7876300e+06   2.0019531e+01
   1.7878150e+06   1.8127441e+01
   1.7879580e+06   1.6845703e+01
   1.7886500e+06   1.9287109e+01
   1.7888160e+06   1.9287109e+01
   1.7892470e+06   1.9653320e+01
   1.7898930e+06   1.8737793e+01
   1.7906090e+06   1.6845703e+01
   1.7910580e+06   1.6967773e+01
   1.7918920e+06   1.8066406e+01
   1.7926540e+06   2.0446777e+01
   1.7937480e+06   1.6235352e+01
   1.7939680e+06   2.3803711e+01
   1.7951430e+06   1.8249512e+01
   1.7955880e+06   1.6540527e+01
   1.7965810e+06   1.8127441e+01
   1.7975940e+06   1.6357422e+01
   1.7979800e+06   1.6174316e+01
   1.7985110e+06   2.1057129e+01
   1.8003720e+06   1.7333984e+01
   1.8006850e+06   2.0385742e+01
   1.8027620e+06   2.1179199e+01
   1.8042300e+06   1.8005371e+01
   1.8050530e+06   1.9775391e+01
   1.8058620e+06   2.0568848e+01
   1.8112420e+06   2.0080566e+01
   1.8145780e+06   1.8615723e+01
   1.8174420e+06   1.6357422e+01
   1.8259330e+06   2.1728516e+01
   1.8275740e+06   1.6174316e+01
   1.8381590e+06   1.5686035e+01
   1.8419030e+06   2.2399902e+01
   1.8477700e+06   1.8615723e+01
   1.8533800e+06   1.9653320e+01
   1.8643300e+06   1.9104004e+01
   1.8695330e+06   2.0263672e+01
   1.8714620e+06   2.0812988e+01
   1.8748580e+06   1.8920898e+01
   1.8817100e+06   2.3376465e+01
   1.8863690e+06   2.1179199e+01
   1.8883460e+06   2.2155762e+01
   1.8896780e+06   1.9775391e+01
   1.8910880e+06   1.8737793e+01
   1.8941910e+06   1.8737793e+01
   1.8983910e+06   1.6845703e+01
   1.9001320e+06   1.7944336e+01
   1.9018080e+06   1.9348145e+01
   1.9045650e+06   1.8859863e+01
   1.9074110e+06   1.6784668e+01
   1.9096170e+06   2.1179199e+01
   1.9152730e+06   2.0141602e+01
   1.9178220e+06   1.7211914e+01
   1.9242470e+06   1.8188477e+01
   1.9253750e+06   1.7761230e+01
   1.9296350e+06   2.2216797e+01
   1.9317070e+06   1.9775391e+01
   1.9345330e+06   2.3620605e+01
   1.9360480e+06   1.7150879e+01
   1.9374270e+06   1.7150879e+01
   1.9415750e+06   2.1667480e+01
   1.9433190e+06   1.9531250e+01
   1.9496890e+06   1.7883301e+01
   1.9500880e+06   1.9042969e+01
   1.9512240e+06   2.1362305e+01
   1.9554710e+06   1.8005371e+01
   1.9573150e+06   1.8127441e+01
   1.9611210e+06   1.8615723e+01
   1.9626090e+06   1.8005371e+01
   1.9651370e+06   2.0812988e+01
   1.9697490e+06   1.6662598e+01
   1.9749670e+06   1.6052246e+01
   1.9776670e+06   1.9104004e+01
   1.9788350e+06   1.5808105e+01
   1.9810180e+06   2.2338867e+01
   1.9819390e+06   1.7639160e+01
   1.9858250e+06   1.7089844e+01
   1.9874630e+06   2.1667480e+01
   1.9892050e+06   1.8310547e+01
   1.9922580e+06   1.8676758e+01
   1.9946970e+06   2.1789551e+01
   1.9970420e+06   1.9348145e+01
   1.9989780e+06   2.4291992e+01
   1.9999300e+06   2.0019531e+01
   2.0013770e+06   1.8249512e+01
   2.0025530e+06   1.7272949e+01
   2.0044570e+06   1.7700195e+01
   2.0062990e+06   1.6113281e+01
   2.0072650e+06   2.2521973e+01
   2.0092290e+06   2.3742676e+01
   2.0116390e+06   1.8554688e+01
   2.0149290e+06   1.8493652e+01
   2.0193840e+06   1.7211914e+01
   2.0205820e+06   2.3376465e+01
   2.0252020e+06   2.0446777e+01
   2.0257290e+06   1.8371582e+01
   2.0277920e+06   1.6418457e+01
   2.0309120e+06   1.9592285e+01
   2.0348860e+06   1.8859863e+01
   2.0382100e+06   1.9836426e+01
   2.0396040e+06   2.0507813e+01
   2.0415260e+06   1.7395020e+01
   2.0425850e+06   2.2399902e+01
   2.0435610e+06   2.2460938e+01
   2.0467210e+06   1.5747070e+01
   2.0482260e+06   1.7395020e+01
   2.0493380e+06   1.7089844e+01
   2.0510370e+06   2.3620605e+01
   2.0530680e+06   2.2705078e+01
   2.0548000e+06   1.8981934e+01
   2.0579550e+06   1.8676758e+01
   2.0586940e+06   1.6479492e+01
   2.0608430e+06   1.5991211e+01
   2.0652360e+06   1.8432617e+01
   2.0670600e+06   1.7028809e+01
   2.0684230e+06   1.7028809e+01
   2.0690600e+06   1.6845703e+01
   2.0737400e+06   1.6052246e+01
   2.0760620e+06   1.8920898e+01
   2.0805680e+06   2.2644043e+01
   2.0837990e+06   1.5991211e+01
   2.0850530e+06   2.0751953e+01
   2.0864340e+06   1.6967773e+01
   2.0922520e+06   1.7150879e+01
   2.0950610e+06   1.6601562e+01
   2.0983120e+06   1.7944336e+01
   2.1005950e+06   2.0874023e+01
   2.1018080e+06   2.0812988e+01
   2.1069050e+06   1.7089844e+01
   2.1100040e+06   2.0568848e+01
   2.1131070e+06   2.2338867e+01
   2.1137500e+06   1.8859863e+01
   2.1168310e+06   1.5991211e+01
   2.1211460e+06   1.6967773e+01
   2.1242440e+06   1.6906738e+01
   2.1268480e+06   1.8615723e+01
   2.1290870e+06   1.7089844e+01
   2.1356190e+06   2.1789551e+01
   2.1419040e+06   2.2033691e+01
   2.1454910e+06   1.6540527e+01
   2.1491200e+06   1.9775391e+01
   2.1542080e+06   1.8249512e+01
   2.1570960e+06   2.0874023e+01
   2.1613050e+06   1.5991211e+01
   2.1649900e+06   1.9042969e+01
   2.1656370e+06   1.6845703e+01
   2.1679920e+06   1.9897461e+01
   2.1697860e+06   2.0996094e+01
   2.1835210e+06   5.9326172e+01
   2.1872260e+06   1.7944336e+01
   2.1913510e+06   1.5991211e+01
   2.1945780e+06   2.1667480e+01
   2.1991810e+06   1.9592285e+01
   2.2020340e+06   2.5939941e+01
   2.2035390e+06   1.9958496e+01
   2.2062570e+06   2.3559570e+01
   2.2142220e+06   2.2155762e+01
   2.2182550e+06   1.9042969e+01
   2.2288930e+06   2.4780273e+01
   2.2392110e+06   1.6601562e+01
   2.2460270e+06   2.0507813e+01
   2.2564420e+06   1.7150879e+01
   2.2642130e+06   1.9958496e+01
   2.3011320e+06   2.2521973e+01
   2.3941760e+06   2.2766113e+01
   2.4126590e+06   2.3193359e+01
   2.4313220e+06   2.0446777e+01
   2.4382640e+06   1.6418457e+01
   2.4383010e+06   5.8715820e+01
   2.4383280e+06   1.6662598e+01
   2.4383690e+06   4.0954590e+01
   2.4383970e+06   2.4169922e+01
   2.4384340e+06   4.9194336e+01
   2.4384590e+06   2.2094727e+01
   2.4384900e+06   3.9184570e+01
   2.4385010e+06   4.4982910e+01
   2.4385220e+06   2.4291992e+01
   2.4385380e+06   6.1340332e+01
   2.4385770e+06   3.7475586e+01
   2.4385900e+06   2.0263672e+01
   2.4386180e+06   1.9470215e+01
   2.4386420e+06   1.6235352e+01
   2.4386600e+06   1.9287109e+01
   2.4386740e+06   1.6540527e+01
   2.4387190e+06   1.6357422e+01
   2.4387630e+06   1.9409180e+01
   2.4387870e+06   2.7343750e+01
   2.4388070e+06   1.8493652e+01
   2.4388360e+06   1.7700195e+01
   2.4388670e+06   1.6906738e+01
   2.4389130e+06   1.6235352e+01
   2.4389310e+06   1.8188477e+01
   2.4390040e+06   1.5747070e+01
   2.4390970e+06   1.6113281e+01
   2.4391770e+06   1.7822266e+01
   2.4392000e+06   1.8798828e+01
   2.4393140e+06   1.7639160e+01
   2.4393400e+06   1.9470215e+01
   2.4394110e+06   1.8249512e+01
   2.4394520e+06   2.3132324e+01
   2.4394940e+06   1.5625000e+01
   2.4395200e+06   1.6296387e+01
   2.4395830e+06   1.6662598e+01
   2.4396190e+06   1.5686035e+01
   2.4396480e+06   1.9714355e+01
   2.4396890e+06   1.6662598e+01
   2.4397340e+06   1.7395020e+01
   2.4397660e+06   1.7150879e+01
   2.4398390e+06   1.6357422e+01
   2.4398690e+06   2.1057129e+01
   2.4399940e+06   1.5686035e+01
   2.4400120e+06   1.8066406e+01
   2.4400550e+06   1.7028809e+01
   2.4401130e+06   1.6601562e+01
   2.4401490e+06   1.8676758e+01
   2.4401750e+06   2.1911621e+01
   2.4401850e+06   1.7089844e+01
   2.4402140e+06   1.7883301e+01
   2.4402440e+06   1.6662598e+01
   2.4402560e+06   1.8859863e+01
   2.4403270e+06   2.0690918e+01
   2.4403400e+06   1.8981934e+01
   2.4404160e+06   1.7517090e+01
   2.4404470e+06   2.5329590e+01
   2.4404760e+06   1.7211914e+01
   2.4404970e+06   1.6113281e+01
   2.4405290e+06   2.1057129e+01
   2.4405950e+06   2.4536133e+01
   2.4406280e+06   2.0996094e+01
   2.4406630e+06   2.2705078e+01
   2.4406750e+06   2.7038574e+01
   2.4407360e+06   1.6174316e+01
   2.4407770e+06   2.1911621e+01
   2.4408210e+06   3.2531738e+01
   2.4408740e+06   1.5686035e+01
   2.4409020e+06   1.6845703e+01
   2.4410080e+06   2.2155762e+01
   2.4410540e+06   1.5869141e+01
   2.4411000e+06   2.0446777e+01
   2.4411260e+06   1.9226074e+01
   2.4411740e+06   2.3193359e+01
   2.4413170e+06   1.6906738e+01
   2.4414480e+06   1.7578125e+01
   2.4416150e+06   2.4719238e+01
   2.4416550e+06   1.6113281e+01
   2.4417150e+06   1.9592285e+01
   2.4417890e+06   1.5686035e+01
   2.4418630e+06   2.3071289e+01
   2.4420220e+06   1.8188477e+01
   2.4420690e+06   3.3996582e+01
   2.4420910e+06   1.8615723e+01
   2.4421620e+06   1.5991211e+01
   2.4421980e+06   1.6601562e+01
   2.4423150e+06   1.6052246e+01
   2.4423880e+06   1.7883301e+01
   2.4424700e+06   2.0080566e+01
   2.4425730e+06   1.8615723e+01
   2.4426980e+06   1.5686035e+01
   2.4429960e+06   1.7883301e+01
   2.4431810e+06   1.7272949e+01
   2.4433380e+06   1.6479492e+01
   2.4436330e+06   1.6357422e+01
   2.4438150e+06   1.9836426e+01
   2.4438520e+06   3.7414551e+01
   2.4443110e+06   2.1484375e+01
   2.4445510e+06   1.7761230e+01
   2.4447000e+06   1.8615723e+01
   2.4459350e+06   2.0507813e+01
   2.4481510e+06   2.2338867e+01
   2.4484750e+06   2.2460938e+01
   2.4486730e+06   1.8371582e+01
   2.4488750e+06   2.0690918e+01
   2.4495190e+06   1.7517090e+01
   2.4497620e+06   2.2888184e+01
   2.4500050e+06   1.8676758e+01
   2.4503650e+06   1.6906738e+01
   2.4506600e+06   1.8432617e+01
   2.4509500e+06   1.7333984e+01
   2.4513350e+06   1.9836426e+01
   2.4516240e+06   2.2155762e+01
   2.4519020e+06   2.1362305e+01
   2.4522090e+06   2.2094727e+01
   2.4524770e+06   1.8188477e+01
   2.4527970e+06   1.8737793e+01
   2.4530460e+06   2.0507812e+01
   2.4533890e+06   1.6967773e+01
   2.4536630e+06   1.5808105e+01
   2.4539570e+06   2.0324707e+01
   2.4542900e+06   1.7822266e+01
   2.4545900e+06   2.0751953e+01
   2.4548630e+06   1.7456055e+01
   2.4551120e+06   2.1545410e+01
   2.4556140e+06   1.6601562e+01
   2.4559820e+06   1.7700195e+01
   2.4562880e+06   2.0263672e+01
   2.4566500e+06   1.5808105e+01
   2.4569770e+06   1.6174316e+01
   2.4574720e+06   2.1118164e+01
   2.4577960e+06   1.9348145e+01
   2.4581160e+06   1.9165039e+01
   2.4584340e+06   1.8249512e+01
   2.4587530e+06   1.9287109e+01
   2.4590780e+06   2.1301270e+01
   2.4593660e+06   1.6540527e+01
   2.4599230e+06   2.0446777e+01
   2.4602680e+06   1.6601562e+01
   2.4606070e+06   1.6540527e+01
   2.4609210e+06   2.0141602e+01
   2.4615210e+06   1.8188477e+01
   2.4618190e+06   2.2338867e+01
   2.4621510e+06   2.0385742e+01
   2.4627000e+06   1.6784668e+01
   2.4629670e+06   1.9226074e+01
   2.4638600e+06   2.2460938e+01
   2.4641960e+06   1.8493652e+01
   2.4645490e+06   1.7944336e+01
   2.4653900e+06   1.8554688e+01
   2.4663970e+06   1.6113281e+01
   2.4669060e+06   1.7944336e+01
   2.4673810e+06   1.8371582e+01
   2.4686500e+06   2.0935059e+01
   2.4695260e+06   1.8493652e+01
   2.4700770e+06   1.7944336e+01
   2.4704210e+06   1.8981934e+01
   2.4717820e+06   2.4353027e+01
   2.4735240e+06   1.8371582e+01
   2.4742420e+06   2.0202637e+01
   2.4751860e+06   2.5024414e+01
   2.4755270e+06   1.9775391e+01
   2.4768100e+06   1.7700195e+01
   2.4773640e+06   2.2216797e+01
   2.4776900e+06   2.1545410e+01
   2.4782060e+06   2.0019531e+01
   2.4799220e+06   1.7150879e+01
   2.4802820e+06   2.1423340e+01
   2.4816560e+06   1.7456055e+01
   2.4821650e+06   1.6357422e+01
   2.4842590e+06   2.1789551e+01
   2.4847770e+06   2.0324707e+01
   2.4857120e+06   2.1240234e+01
   2.4868620e+06   2.3071289e+01
   2.4872490e+06   2.3071289e+01
   2.4882370e+06   1.5747070e+01
   2.4893020e+06   1.7578125e+01
   2.4896950e+06   1.8554688e+01
   2.4918530e+06   1.8493652e+01
   2.4927810e+06   2.0141602e+01
   2.4930970e+06   2.1423340e+01
   2.4948290e+06   2.0446777e+01
   2.4952260e+06   1.9897461e+01
   2.4961460e+06   2.1362305e+01
   2.4975450e+06   1.6784668e+01
   2.4980090e+06   1.8798828e+01
   2.4989520e+06   1.9836426e+01
   2.4995120e+06   1.7150879e+01
   2.5011970e+06   1.6479492e+01
   2.5020940e+06   2.2094727e+01
   2.5027000e+06   2.0507812e+01
   2.5032290e+06   2.1362305e+01
   2.5044630e+06   2.0568848e+01
   2.5054030e+06   1.9042969e+01
   2.5057860e+06   2.0263672e+01
   2.5064290e+06   2.3315430e+01
   2.5070540e+06   2.5024414e+01
   2.5075210e+06   2.2644043e+01
   2.5081330e+06   1.5747070e+01
   2.5086810e+06   2.3376465e+01
   2.5101520e+06   2.1545410e+01
   2.5105340e+06   1.9531250e+01
   2.5115140e+06   1.8432617e+01
   2.5120720e+06   2.0996094e+01
   2.5124430e+06   2.2521973e+01
   2.5134760e+06   1.6906738e+01
   2.5140620e+06   2.4475098e+01
   2.5146810e+06   1.6723633e+01
   2.5164230e+06   2.0690918e+01
   2.5167800e+06   1.7883301e+01
   2.5185940e+06   2.0446777e+01
   2.5197410e+06   1.5686035e+01
   2.5204680e+06   1.8798828e+01
   2.5217180e+06   1.9531250e+01
   2.5220700e+06   2.2216797e+01
   2.5227620e+06   2.1362305e+01
   2.5233920e+06   2.1362305e+01
   2.5239890e+06   1.8371582e+01
   2.5255550e+06   2.0019531e+01
   2.5259310e+06   1.9653320e+01
   2.5274790e+06   1.8371582e+01
   2.5280530e+06   1.9897461e+01
   2.5297450e+06   1.9897461e+01
   2.5304820e+06   2.3071289e+01
   2.5323580e+06   1.8737793e+01
   2.5330850e+06   2.1057129e+01
   2.5342040e+06   2.5268555e+01
   2.5353570e+06   1.9226074e+01
   2.5363420e+06   1.5747070e+01
   2.5370990e+06   1.8005371e+01
   2.5383700e+06   1.9042969e+01
   2.5398610e+06   2.0446777e+01
   2.5406210e+06   2.2705078e+01
   2.5422800e+06   1.8798828e+01
   2.5429960e+06   2.3620605e+01
   2.5441780e+06   2.3376465e+01
   2.5459340e+06   1.7333984e+01
   2.5467250e+06   1.7456055e+01
   2.5478380e+06   2.2705078e+01
   2.5488460e+06   1.9836426e+01
   2.5495510e+06   1.5686035e+01
   2.5503420e+06   2.0263672e+01
   2.5523130e+06   2.2338867e+01
   2.5537350e+06   1.6723633e+01
   2.5547920e+06   1.7517090e+01
   2.5562560e+06   1.8310547e+01
   2.5582010e+06   1.8737793e+01
   2.5588650e+06   1.8493652e+01
   2.5603470e+06   1.6052246e+01
   2.5611880e+06   1.7089844e+01
   2.5657460e+06   1.6845703e+01
   2.5669920e+06   2.2338867e+01
   2.5677020e+06   2.1484375e+01
   2.5682140e+06   1.5869141e+01
   2.5697480e+06   1.9104004e+01
   2.5705700e+06   2.3681641e+01
   2.5743510e+06   1.8615723e+01
   2.5770900e+06   1.6479492e+01
   2.5780120e+06   2.0507813e+01
   2.5796020e+06   1.6906738e+01
   2.5811210e+06   1.8676758e+01
   2.5826450e+06   1.6174316e+01
   2.5832410e+06   1.9409180e+01
   2.5866610e+06   2.2094727e+01
   2.5880330e+06   2.3315430e+01
   2.5931420e+06   2.2155762e+01
   2.5974080e+06   1.8554688e+01
   2.5991310e+06   1.8737793e+01
   2.6139550e+06   2.2216797e+01
   2.7712370e+06   2.0019531e+01
   2.7713220e+06   2.0996094e+01
   2.7713500e+06   3.2043457e+01
   2.7713740e+06   5.5786133e+01
   2.7713840e+06   4.6508789e+01
   2.7714360e+06   1.6174316e+01
   2.7714470e+06   5.7312012e+01
   2.7714940e+06   4.7363281e+01
   2.7715040e+06   4.4128418e+01
   2.7715350e+06   1.8554688e+01
   2.7715480e+06   2.6672363e+01
   2.7715700e+06   2.3193359e+01
   2.7716170e+06   1.5563965e+01
   2.7716290e+06   1.8554688e+01
   2.7716780e+06   2.0507812e+01
   2.7717130e+06   2.0996094e+01
   2.7717500e+06   1.5563965e+01
   2.7718010e+06   1.5808105e+01
   2.7718290e+06   1.6235352e+01
   2.7718900e+06   1.7272949e+01
   2.7719710e+06   1.5808105e+01
   2.7719900e+06   1.6418457e+01
   2.7720150e+06   1.8920898e+01
   2.7720540e+06   1.8066406e+01
   2.7721090e+06   1.5991211e+01
   2.7721450e+06   1.7883301e+01
   2.7721950e+06   1.5808105e+01
   2.7722660e+06   1.5869141e+01
   2.7722960e+06   1.6662598e+01
   2.7723780e+06   1.7272949e+01
   2.7724710e+06   1.7456055e+01
   2.7725300e+06   1.6906738e+01
   2.7725570e+06   1.7089844e+01
   2.7726260e+06   2.0141602e+01
   2.7726820e+06   2.0751953e+01
   2.7727130e+06   1.5625000e+01
   2.7727700e+06   2.2583008e+01
   2.7728390e+06   2.3071289e+01
   2.7728610e+06   2.0690918e+01
   2.7729080e+06   2.7160645e+01
   2.7729280e+06   2.8686523e+01
   2.7729710e+06   1.8127441e+01
   2.7729820e+06   2.0812988e+01
   2.7730120e+06   1.6601562e+01
   2.7730410e+06   1.6052246e+01
   2.7730790e+06   3.0456543e+01
   2.7730960e+06   2.0141602e+01
   2.7731350e+06   2.0996094e+01
   2.7731450e+06   1.8188477e+01
   2.7731780e+06   1.7028809e+01
   2.7732070e+06   1.6357422e+01
   2.7732460e+06   2.6916504e+01
   2.7732670e+06   1.5563965e+01
   2.7732860e+06   1.8615723e+01
   2.7733270e+06   1.8920898e+01
   2.7733450e+06   1.8371582e+01
   2.7733720e+06   1.7517090e+01
   2.7733900e+06   1.6296387e+01
   2.7734480e+06   1.6113281e+01
   2.7735040e+06   1.8432617e+01
   2.7735420e+06   2.9479980e+01
   2.7735830e+06   1.8249512e+01
   2.7736070e+06   1.7395020e+01
   2.7737310e+06   1.8127441e+01
   2.7737470e+06   1.8005371e+01
   2.7737760e+06   1.5747070e+01
   2.7738080e+06   2.0263672e+01
   2.7738860e+06   1.7089844e+01
   2.7739620e+06   1.5808105e+01
   2.7740240e+06   2.0080566e+01
   2.7740990e+06   1.8432617e+01
   2.7741420e+06   2.2949219e+01
   2.7741870e+06   1.6967773e+01
   2.7742150e+06   1.7272949e+01
   2.7742960e+06   2.0690918e+01
   2.7743660e+06   1.5747070e+01
   2.7744130e+06   1.7944336e+01
   2.7744550e+06   1.6418457e+01
   2.7745590e+06   1.6723633e+01
   2.7746430e+06   1.6357422e+01
   2.7746700e+06   1.6235352e+01
   2.7747310e+06   1.6662598e+01
   2.7748650e+06   2.1911621e+01
   2.7749890e+06   1.6601562e+01
   2.7750730e+06   2.0874023e+01
   2.7751440e+06   1.7639160e+01
   2.7752460e+06   2.2216797e+01
   2.7753740e+06   2.0507813e+01
   2.7755100e+06   1.6235352e+01
   2.7756390e+06   3.3447266e+01
   2.7756880e+06   1.9226074e+01
   2.7758720e+06   1.5686035e+01
   2.7759950e+06   1.7517090e+01
   2.7761240e+06   1.6418457e+01
   2.7762700e+06   1.7211914e+01
   2.7767730e+06   1.9348145e+01
   2.7769690e+06   2.3864746e+01
   2.7771490e+06   2.1545410e+01
   2.7777350e+06   1.8920898e+01
   2.7782510e+06   2.5390625e+01
   2.7803560e+06   1.6540527e+01
   2.7809920e+06   1.5563965e+01
   2.7813280e+06   2.0629883e+01
   2.7827180e+06   1.6845703e+01
   2.7835270e+06   1.5930176e+01
   2.7838150e+06   2.0812988e+01
   2.7840660e+06   2.6794434e+01
   2.7843580e+06   2.1850586e+01
   2.7848090e+06   1.6235352e+01
   2.7849980e+06   1.8127441e+01
   2.7851810e+06   1.7089844e+01
   2.7854820e+06   2.0263672e+01
   2.7858570e+06   1.8554688e+01
   2.7862230e+06   2.1118164e+01
   2.7866150e+06   1.9897461e+01
   2.7870370e+06   2.0812988e+01
   2.7873900e+06   2.0812988e+01
   2.7877430e+06   1.8066406e+01
   2.7881580e+06   2.4230957e+01
   2.7885650e+06   1.7944336e+01
   2.7894050e+06   2.0751953e+01
   2.7897690e+06   1.6296387e+01
   2.7905940e+06   1.6601562e+01
   2.7910040e+06   1.7639160e+01
   2.7913810e+06   2.2094727e+01
   2.7917690e+06   1.9409180e+01
   2.7922780e+06   2.2949219e+01
   2.7927230e+06   1.6784668e+01
   2.7931030e+06   1.7456055e+01
   2.7935610e+06   2.0507812e+01
   2.7940220e+06   1.7883301e+01
   2.7947140e+06   1.6540527e+01
   2.7951630e+06   2.0690918e+01
   2.7956620e+06   2.1179199e+01
   2.7965710e+06   1.9165039e+01
   2.7971450e+06   1.5747070e+01
   2.7976360e+06   1.8127441e+01
   2.7981110e+06   1.6479492e+01
   2.7984160e+06   1.5808105e+01
   2.7988100e+06   1.7089844e+01
   2.7999030e+06   1.5869141e+01
   2.8003170e+06   1.7456055e+01
   2.8007240e+06   1.7211914e+01
   2.8023960e+06   1.9653320e+01
   2.8028680e+06   1.6845703e+01
   2.8037570e+06   1.9653320e+01
   2.8043710e+06   2.4230957e+01
   2.8064810e+06   1.6174316e+01
   2.8076710e+06   1.8493652e+01
   2.8087750e+06   1.6052246e+01
   2.8091620e+06   2.0202637e+01
   2.8096040e+06   2.1850586e+01
   2.8113220e+06   1.7822266e+01
   2.8117030e+06   2.1484375e+01
   2.8126930e+06   1.9287109e+01
   2.8144040e+06   1.8005371e+01
   2.8153170e+06   2.3315430e+01
   2.8169030e+06   2.1240234e+01
   2.8175610e+06   1.7700195e+01
   2.8183730e+06   1.5625000e+01
   2.8196690e+06   1.9348145e+01
   2.8209680e+06   2.0568848e+01
   2.8212980e+06   1.6906738e+01
   2.8217290e+06   1.9836426e+01
   2.8229420e+06   2.3742676e+01
   2.8234760e+06   1.9226074e+01
   2.8244890e+06   1.7211914e+01
   2.8249120e+06   1.7272949e+01
   2.8262780e+06   1.8981934e+01
   2.8269490e+06   2.4291992e+01
   2.8276670e+06   1.8676758e+01
   2.8282880e+06   2.1484375e+01
   2.8287420e+06   1.9104004e+01
   2.8293640e+06   2.5451660e+01
   2.8306530e+06   1.7211914e+01
   2.8327890e+06   1.8249512e+01
   2.8338120e+06   1.7395020e+01
   2.8351700e+06   2.3742676e+01
   2.8357670e+06   1.8066406e+01
   2.8370310e+06   1.7150879e+01
   2.8379130e+06   2.1606445e+01
   2.8384450e+06   1.6174316e+01
   2.8388610e+06   2.0202637e+01
   2.8393010e+06   1.7578125e+01
   2.8405420e+06   1.6662598e+01
   2.8416190e+06   1.6662598e+01
   2.8426890e+06   1.6723633e+01
   2.8433150e+06   1.5563965e+01
   2.8441780e+06   2.1545410e+01
   2.8451160e+06   1.8127441e+01
   2.8460680e+06   2.1301270e+01
   2.8464680e+06   1.7211914e+01
   2.8471080e+06   1.8676758e+01
   2.8488890e+06   1.6784668e+01
   2.8500050e+06   1.9165039e+01
   2.8507090e+06   2.1667480e+01
   2.8524400e+06   1.8127441e+01
   2.8529350e+06   1.7944336e+01
   2.8533510e+06   1.6052246e+01
   2.8547780e+06   1.8981934e+01
   2.8561580e+06   1.5869141e+01
   2.8570510e+06   1.9104004e+01
   2.8578100e+06   1.9470215e+01
   2.8591460e+06   2.1911621e+01
   2.8598440e+06   2.0080566e+01
   2.8602820e+06   2.0324707e+01
   2.8607830e+06   2.0080566e+01
   2.8621170e+06   2.1484375e+01
   2.8632740e+06   1.9592285e+01
   2.8651100e+06   2.3071289e+01
   2.8657730e+06   2.0568848e+01
   2.8662300e+06   2.5817871e+01
   2.8667770e+06   1.7272949e+01
   2.8679640e+06   1.6235352e+01
   2.8694220e+06   1.6113281e+01
   2.8710560e+06   1.8310547e+01
   2.8716650e+06   1.9531250e+01
   2.8745940e+06   2.1728516e+01
   2.8751190e+06   1.7211914e+01
   2.8756820e+06   1.8493652e+01
   2.8770970e+06   1.6906738e+01
   2.8775800e+06   2.1179199e+01
   2.8781120e+06   2.0568848e+01
   2.8789700e+06   1.7822266e+01
   2.8799450e+06   1.8188477e+01
   2.8823190e+06   1.8798828e+01
   2.8840940e+06   2.1484375e+01
   2.8885700e+06   1.9897461e+01
   2.8905420e+06   2.1972656e+01
   2.8920040e+06   1.6540527e+01
   2.8935700e+06   2.0507813e+01
   2.8957730e+06   1.8371582e+01
   2.8966490e+06   2.1789551e+01
   2.8995940e+06   2.4475098e+01
   2.9002570e+06   2.1301270e+01
   2.9016440e+06   1.6113281e+01
   2.9037140e+06   1.8310547e+01
   2.9067100e+06   2.0874023e+01
   2.9081110e+06   1.8981934e+01
   2.9097720e+06   1.6845703e+01
   2.9112780e+06   1.6357422e+01
   2.9118810e+06   1.7578125e+01
   2.9134410e+06   1.6540527e+01
   2.9155630e+06   1.8981934e+01
   2.9212590e+06   2.1240234e+01
   2.9221540e+06   2.3254395e+01
   2.9316070e+06   1.8737793e+01
   2.9340720e+06   1.6845703e+01
   2.9438390e+06   2.1179199e+01
   2.9512890e+06   1.9104004e+01
   2.9540040e+06   2.6184082e+01
   2.9701350e+06   1.5869141e+01
