   5.9990000e+06   0.0000000e+00
   5.1560000e+03   1.8066406e+01
   7.7670000e+03   1.7089844e+01
   3.5834000e+04   1.6906738e+01
   3.5883000e+04   2.7099609e+01
   3.5914000e+04   2.1057129e+01
   3.5926000e+04   3.0822754e+01
   3.5952000e+04   3.4057617e+01
   3.5984000e+04   5.7800293e+01
   3.6001000e+04   3.5583496e+01
   3.6020000e+04   3.0456543e+01
   3.6038000e+04   2.7709961e+01
   3.6070000e+04   2.9052734e+01
   3.6097000e+04   2.4169922e+01
   3.6142000e+04   2.1789551e+01
   3.6201000e+04   2.3376465e+01
   3.6211000e+04   2.2216797e+01
   3.6260000e+04   2.7404785e+01
   3.6283000e+04   1.9348145e+01
   3.6321000e+04   3.3508301e+01
   3.6392000e+04   2.7099609e+01
   3.6426000e+04   1.9042969e+01
   3.6479000e+04   1.9592285e+01
   3.6498000e+04   1.8310547e+01
   3.6567000e+04   1.8005371e+01
   3.6622000e+04   1.7517090e+01
   3.6668000e+04   2.4108887e+01
   3.6721000e+04   1.8005371e+01
   3.6791000e+04   1.9897461e+01
   3.6841000e+04   1.7211914e+01
   3.6930000e+04   2.1911621e+01
   3.6966000e+04   2.0812988e+01
   3.7060000e+04   1.9042969e+01
   3.7116000e+04   2.4780273e+01
   3.7130000e+04   1.9409180e+01
   3.7163000e+04   1.8066406e+01
   3.7194000e+04   1.7700195e+01
   3.7211000e+04   1.9042969e+01
   3.7240000e+04   1.7089844e+01
   3.7333000e+04   1.9409180e+01
   3.7350000e+04   1.9958496e+01
   3.7422000e+04   1.8798828e+01
   3.7571000e+04   1.9653320e+01
   3.7699000e+04   1.8005371e+01
   3.7823000e+04   1.9653320e+01
   3.7967000e+04   1.8371582e+01
   3.8038000e+04   1.7944336e+01
   3.8202000e+04   1.8676758e+01
   3.8277000e+04   2.2399902e+01
   3.8337000e+04   1.7700195e+01
   3.8432000e+04   1.8981934e+01
   3.8512000e+04   2.0263672e+01
   3.8541000e+04   2.4475098e+01
   3.8650000e+04   4.4250488e+01
   3.8766000e+04   1.9531250e+01
   3.8977000e+04   1.7639160e+01
   3.9220000e+04   2.3681641e+01
   3.9471000e+04   2.1118164e+01
   3.9623000e+04   2.3071289e+01
   3.9668000e+04   1.9531250e+01
   3.9698000e+04   1.7578125e+01
   3.9819000e+04   1.7028809e+01
   3.9925000e+04   2.9907227e+01
   4.0161000e+04   1.7211914e+01
   7.1376000e+04   1.9470215e+01
   8.8092000e+04   1.6906738e+01
   9.7823000e+04   2.0568848e+01
   1.0616800e+05   1.8188477e+01
   1.0718100e+05   1.8554688e+01
   1.1761400e+05   1.7150879e+01
   1.2289700e+05   1.7944336e+01
   1.2628100e+05   1.7272949e+01
   1.3353500e+05   1.7944336e+01
   1.3489700e+05   1.8249512e+01
   1.3491600e+05   2.0751953e+01
   1.4468600e+05   1.9165039e+01
   1.4858000e+05   1.7272949e+01
   1.5208800e+05   2.0629883e+01
   1.5742800e+05   2.3315430e+01
   1.6295700e+05   3.4973145e+01
   1.6720900e+05   2.3071289e+01
   1.6723200e+05   1.8310547e+01
   1.7445900e+05   2.4597168e+01
   1.7479600e+05   3.2775879e+01
   1.7482600e+05   2.5756836e+01
   1.7484700e+05   2.0385742e+01
   1.7486600e+05   1.8249512e+01
   1.7490000e+05   1.8188477e+01
   1.7491900e+05   5.4626465e+01
   1.7494500e+05   2.7709961e+01
   1.7497400e+05   4.5593262e+01
   1.7499300e+05   2.1789551e+01
   1.7502500e+05   1.9165039e+01
   1.7504000e+05   1.8859863e+01
   1.7507200e+05   1.9958496e+01
   1.7509700e+05   1.9104004e+01
   1.7511300e+05   2.9357910e+01
   1.7513800e+05   1.7272949e+01
   1.7516800e+05   2.5268555e+01
   1.7518500e+05   1.7944336e+01
   1.7520700e+05   1.9042969e+01
   1.7527500e+05   2.4780273e+01
   1.7532700e+05   1.8432617e+01
   1.7534500e+05   2.2033691e+01
   1.7540900e+05   2.6794434e+01
   1.7544400e+05   1.7089844e+01
   1.7546500e+05   1.9653320e+01
   1.7549100e+05   1.8859863e+01
   1.7554900e+05   2.6733398e+01
   1.7556200e+05   1.9470215e+01
   1.7559200e+05   2.0996094e+01
   1.7564700e+05   2.0263672e+01
   1.7571600e+05   2.7893066e+01
   1.7580000e+05   1.8310547e+01
   1.7581000e+05   2.8747559e+01
   1.7582500e+05   2.2583008e+01
   1.7586100e+05   1.7944336e+01
   1.7593200e+05   1.8554688e+01
   1.7598200e+05   1.9470215e+01
   1.7601200e+05   1.9836426e+01
   1.7608200e+05   1.8188477e+01
   1.7611100e+05   2.1606445e+01
   1.7620300e+05   1.8981934e+01
   1.7630600e+05   1.8493652e+01
   1.7649900e+05   1.7028809e+01
   1.7654700e+05   2.3132324e+01
   1.7659400e+05   1.7822266e+01
   1.7660400e+05   2.8930664e+01
   1.7670900e+05   1.7578125e+01
   1.7698000e+05   2.0507813e+01
   1.7704900e+05   1.9348145e+01
   1.7711400e+05   1.6906738e+01
   1.7724400e+05   1.6967773e+01
   1.7725500e+05   1.7028809e+01
   1.7729000e+05   1.6906738e+01
   1.7735400e+05   1.8859863e+01
   1.7740000e+05   2.6000977e+01
   1.7742000e+05   2.0263672e+01
   1.7746200e+05   1.9470215e+01
   1.7749400e+05   1.7272949e+01
   1.7778200e+05   1.7761230e+01
   1.7781600e+05   1.8127441e+01
   2.0929400e+05   2.9724121e+01
   2.1757800e+05   1.7517090e+01
   2.2383700e+05   2.4108887e+01
   2.3886800e+05   1.9226074e+01
   2.3891900e+05   2.8991699e+01
   2.3894700e+05   2.4047852e+01
   2.3895900e+05   2.1545410e+01
   2.3897700e+05   3.2531738e+01
   2.3899300e+05   5.3588867e+01
   2.3901600e+05   2.1728516e+01
   2.3903400e+05   3.6621094e+01
   2.3905200e+05   4.3945313e+01
   2.3907300e+05   4.6997070e+01
   2.3908600e+05   3.7109375e+01
   2.3912800e+05   1.8127441e+01
   2.3915100e+05   4.0832520e+01
   2.3921900e+05   2.7099609e+01
   2.3927800e+05   2.4108887e+01
   2.3929700e+05   2.1606445e+01
   2.3931200e+05   2.2583008e+01
   2.3936500e+05   1.6967773e+01
   2.3939200e+05   2.0507813e+01
   2.3940400e+05   1.9775391e+01
   2.3944900e+05   1.7333984e+01
   2.3947200e+05   1.8676758e+01
   2.3953000e+05   1.8310547e+01
   2.3954200e+05   2.4719238e+01
   2.3957200e+05   2.0629883e+01
   2.3960800e+05   1.8371582e+01
   2.3962800e+05   1.7150879e+01
   2.3965000e+05   2.3742676e+01
   2.3968900e+05   1.9226074e+01
   2.3970000e+05   1.8798828e+01
   2.3974500e+05   1.7761230e+01
   2.3980900e+05   1.7456055e+01
   2.3982800e+05   2.0996094e+01
   2.3984600e+05   1.8981934e+01
   2.3990400e+05   2.1911621e+01
   2.3999800e+05   1.8920898e+01
   2.4006800e+05   2.1667480e+01
   2.4013100e+05   1.8981934e+01
   2.4014400e+05   1.9287109e+01
   2.4017100e+05   1.7700195e+01
   2.4019700e+05   2.1484375e+01
   2.4027600e+05   1.8920898e+01
   2.4036600e+05   1.9165039e+01
   2.4039300e+05   2.2949219e+01
   2.4046400e+05   1.7395020e+01
   2.4053400e+05   1.7944336e+01
   2.4054800e+05   2.0629883e+01
   2.4056300e+05   1.8859863e+01
   2.4077500e+05   2.6367188e+01
   2.4080900e+05   2.4963379e+01
   2.4095500e+05   2.7709961e+01
   2.4101000e+05   1.7883301e+01
   2.4104500e+05   2.0812988e+01
   2.4110300e+05   1.7150879e+01
   2.4112900e+05   2.1667480e+01
   2.4116200e+05   1.8249512e+01
   2.4118600e+05   1.8859863e+01
   2.4128000e+05   1.7089844e+01
   2.4140900e+05   1.6967773e+01
   2.4142700e+05   2.1301270e+01
   2.4151900e+05   1.7944336e+01
   2.4156900e+05   1.7028809e+01
   2.4170200e+05   1.7456055e+01
   2.4184200e+05   2.1362305e+01
   2.4206500e+05   1.7578125e+01
   2.4222600e+05   1.7333984e+01
   2.4234000e+05   2.0996094e+01
   2.4243700e+05   2.1240234e+01
   2.4247500e+05   2.0141602e+01
   2.4267000e+05   2.4841309e+01
   2.4281600e+05   1.7150879e+01
   2.4293800e+05   1.8432617e+01
   2.4307300e+05   2.2338867e+01
   2.4333700e+05   2.0507813e+01
   2.4348200e+05   2.0446777e+01
   2.4350800e+05   1.9042969e+01
   2.4368000e+05   1.8737793e+01
   2.4389400e+05   1.7944336e+01
   2.4401000e+05   2.0263672e+01
   2.4405900e+05   2.8808594e+01
   2.4419000e+05   2.1667480e+01
   2.4421000e+05   1.9165039e+01
   2.4423200e+05   3.8757324e+01
   2.4442600e+05   1.7272949e+01
   2.4444200e+05   2.7099609e+01
   2.4446400e+05   1.8493652e+01
   2.4451900e+05   2.0507812e+01
   2.4459900e+05   2.1606445e+01
   2.4466900e+05   1.7944336e+01
   2.4472600e+05   1.8554688e+01
   2.4477500e+05   2.1545410e+01
   2.4510700e+05   1.8066406e+01
   2.4522700e+05   1.7333984e+01
   2.4524200e+05   1.6967773e+01
   2.4538200e+05   2.5268555e+01
   2.4539500e+05   1.7517090e+01
   2.4555700e+05   2.1850586e+01
   2.9033300e+05   1.8005371e+01
   2.9045400e+05   1.8432617e+01
   2.9046600e+05   2.9541016e+01
   2.9049600e+05   4.4189453e+01
   2.9052200e+05   2.2888184e+01
   2.9053800e+05   1.8005371e+01
   2.9055600e+05   5.7983398e+01
   2.9057500e+05   5.4443359e+01
   2.9059800e+05   2.8015137e+01
   2.9062000e+05   3.5583496e+01
   2.9065200e+05   1.8493652e+01
   2.9067100e+05   3.0456543e+01
   2.9069500e+05   2.2399902e+01
   2.9072900e+05   3.4912109e+01
   2.9079800e+05   3.5827637e+01
   2.9081700e+05   1.7028809e+01
   2.9087200e+05   1.7883301e+01
   2.9089400e+05   1.9409180e+01
   2.9097400e+05   2.8930664e+01
   2.9100300e+05   1.8737793e+01
   2.9103400e+05   2.3925781e+01
   2.9104800e+05   1.8005371e+01
   2.9106300e+05   2.4291992e+01
   2.9109600e+05   1.7517090e+01
   2.9117600e+05   2.3437500e+01
   2.9119700e+05   2.5451660e+01
   2.9129600e+05   3.4973145e+01
   2.9137600e+05   1.9165039e+01
   2.9141000e+05   2.2033691e+01
   2.9144900e+05   1.8798828e+01
   2.9146200e+05   1.9226074e+01
   2.9148400e+05   1.7517090e+01
   2.9151800e+05   2.1484375e+01
   2.9161300e+05   2.0751953e+01
   2.9170700e+05   1.8005371e+01
   2.9175000e+05   1.7944336e+01
   2.9178700e+05   2.3315430e+01
   2.9179800e+05   1.8798828e+01
   2.9196200e+05   1.7456055e+01
   2.9197500e+05   2.0019531e+01
   2.9206600e+05   1.6906738e+01
   2.9217700e+05   2.9541016e+01
   2.9219500e+05   1.7333984e+01
   2.9226800e+05   2.1972656e+01
   2.9237500e+05   1.8493652e+01
   2.9239000e+05   1.7028809e+01
   2.9246500e+05   2.4414062e+01
   2.9248700e+05   2.0141602e+01
   2.9253000e+05   1.7700195e+01
   2.9261100e+05   1.7150879e+01
   2.9266300e+05   2.1301270e+01
   2.9284200e+05   1.7028809e+01
   2.9289700e+05   1.7089844e+01
   2.9300100e+05   2.5512695e+01
   2.9312000e+05   1.8981934e+01
   2.9325500e+05   1.7761230e+01
   2.9328100e+05   1.9836426e+01
   2.9338000e+05   1.7028809e+01
   2.9348500e+05   2.2583008e+01
   2.9373400e+05   1.7883301e+01
   2.9382900e+05   2.2644043e+01
   2.9385000e+05   2.5024414e+01
   2.9395400e+05   1.8066406e+01
   2.9409200e+05   1.7150879e+01
   2.9413700e+05   2.3986816e+01
   2.9418300e+05   1.7395020e+01
   2.9430000e+05   1.8798828e+01
   2.9434900e+05   2.0385742e+01
   2.9449600e+05   1.8615723e+01
   2.9461000e+05   1.7150879e+01
   2.9470200e+05   1.7028809e+01
   2.9478300e+05   2.2521973e+01
   2.9479700e+05   2.1057129e+01
   2.9487900e+05   1.8859863e+01
   2.9489900e+05   2.3315430e+01
   2.9494200e+05   1.7211914e+01
   2.9502000e+05   1.9104004e+01
   2.9503800e+05   2.8381348e+01
   2.9535200e+05   2.2033691e+01
   2.9537900e+05   2.9846191e+01
   2.9547200e+05   1.9531250e+01
   2.9550300e+05   1.8676758e+01
   2.9553900e+05   3.6315918e+01
   2.9563000e+05   1.9958496e+01
   2.9590500e+05   1.8493652e+01
   2.9604400e+05   1.8188477e+01
   2.9606800e+05   1.7272949e+01
   2.9620600e+05   1.8737793e+01
   2.9639300e+05   2.0629883e+01
   2.9655400e+05   1.7028809e+01
   2.9707800e+05   2.0690918e+01
   3.2061900e+05   1.8432617e+01
   3.2984000e+05   1.8005371e+01
   3.3044200e+05   1.8066406e+01
   3.3045300e+05   2.3315430e+01
   3.3048600e+05   3.6071777e+01
   3.3049700e+05   2.0446777e+01
   3.3051200e+05   2.3986816e+01
   3.3053400e+05   5.0720215e+01
   3.3054900e+05   2.4780273e+01
   3.3057700e+05   5.0292969e+01
   3.3060700e+05   6.6711426e+01
   3.3061900e+05   3.5827637e+01
   3.3064400e+05   2.4291992e+01
   3.3068000e+05   2.8015137e+01
   3.3069400e+05   3.6560059e+01
   3.3072300e+05   1.7028809e+01
   3.3078300e+05   1.9897461e+01
   3.3079600e+05   1.8676758e+01
   3.3089000e+05   1.7211914e+01
   3.3090800e+05   2.0202637e+01
   3.3093500e+05   2.2338867e+01
   3.3098600e+05   2.6916504e+01
   3.3103300e+05   2.3742676e+01
   3.3104500e+05   2.0446777e+01
   3.3106300e+05   2.6855469e+01
   3.3117100e+05   2.3010254e+01
   3.3120700e+05   1.8432617e+01
   3.3128100e+05   1.8920898e+01
   3.3135700e+05   2.1179199e+01
   3.3137600e+05   2.2766113e+01
   3.3142400e+05   2.2460938e+01
   3.3143800e+05   2.8503418e+01
   3.3145900e+05   1.6967773e+01
   3.3155200e+05   1.8371582e+01
   3.3157300e+05   1.8371582e+01
   3.3160500e+05   1.6967773e+01
   3.3172400e+05   1.8005371e+01
   3.3174500e+05   1.8371582e+01
   3.3176800e+05   2.0263672e+01
   3.3185600e+05   1.7944336e+01
   3.3197000e+05   2.2949219e+01
   3.3199300e+05   2.1789551e+01
   3.3207300e+05   1.9897461e+01
   3.3218700e+05   1.9287109e+01
   3.3220500e+05   1.7517090e+01
   3.3228600e+05   2.3315430e+01
   3.3239900e+05   2.4902344e+01
   3.3241500e+05   1.8127441e+01
   3.3256500e+05   2.3010254e+01
   3.3261000e+05   1.7211914e+01
   3.3262700e+05   1.7578125e+01
   3.3272500e+05   1.8615723e+01
   3.3290600e+05   1.6967773e+01
   3.3292700e+05   1.9226074e+01
   3.3298700e+05   1.7639160e+01
   3.3312300e+05   1.8249512e+01
   3.3317800e+05   1.7517090e+01
   3.3328800e+05   2.0385742e+01
   3.3343000e+05   1.8249512e+01
   3.3344800e+05   2.4658203e+01
   3.3350700e+05   2.1423340e+01
   3.3356600e+05   1.8981934e+01
   3.3359500e+05   1.8066406e+01
   3.3370800e+05   2.1423340e+01
   3.3377600e+05   1.7150879e+01
   3.3399900e+05   2.7526855e+01
   3.3401300e+05   3.9123535e+01
   3.3409200e+05   1.6967773e+01
   3.3411400e+05   2.2888184e+01
   3.3414100e+05   4.0222168e+01
   3.3427600e+05   1.7639160e+01
   3.3430200e+05   1.8859863e+01
   3.3439900e+05   3.0883789e+01
   3.3441100e+05   1.7150879e+01
   3.3453600e+05   4.4372559e+01
   3.3464200e+05   2.2277832e+01
   3.3465500e+05   2.0080566e+01
   3.3476000e+05   2.6245117e+01
   3.3479900e+05   1.7272949e+01
   3.3495900e+05   1.7150879e+01
   3.3497200e+05   2.9052734e+01
   3.3510800e+05   1.7761230e+01
   3.3513600e+05   2.7404785e+01
   3.3520600e+05   1.9042969e+01
   3.3523100e+05   1.7822266e+01
   3.3541400e+05   2.0263672e+01
   3.3542700e+05   2.4841309e+01
   3.6140900e+05   1.7028809e+01
   3.7640400e+05   1.6906738e+01
   3.7643700e+05   1.7517090e+01
   3.7649700e+05   1.8798828e+01
   3.7652000e+05   1.7089844e+01
   3.7653300e+05   2.0446777e+01
   3.7656100e+05   2.9235840e+01
   3.7658900e+05   4.0527344e+01
   3.7661200e+05   6.1889648e+01
   3.7662700e+05   1.9287109e+01
   3.7665000e+05   6.2255859e+01
   3.7666700e+05   7.3547363e+01
   3.7668300e+05   2.7404785e+01
   3.7670900e+05   3.9489746e+01
   3.7672100e+05   1.7272949e+01
   3.7674900e+05   2.1118164e+01
   3.7683100e+05   2.2888184e+01
   3.7684100e+05   1.9287109e+01
   3.7691600e+05   3.4545898e+01
   3.7697700e+05   1.9165039e+01
   3.7699600e+05   1.8676758e+01
   3.7704900e+05   2.3315430e+01
   3.7707600e+05   2.0996094e+01
   3.7709100e+05   1.7700195e+01
   3.7713400e+05   2.1667480e+01
   3.7714900e+05   2.6550293e+01
   3.7721000e+05   2.3376465e+01
   3.7722000e+05   2.0019531e+01
   3.7725500e+05   1.7700195e+01
   3.7727300e+05   1.9042969e+01
   3.7729100e+05   2.2949219e+01
   3.7733500e+05   1.9226074e+01
   3.7735200e+05   1.8920898e+01
   3.7742800e+05   1.9348145e+01
   3.7744000e+05   2.0202637e+01
   3.7749100e+05   1.7395020e+01
   3.7752600e+05   2.3681641e+01
   3.7758800e+05   2.2888184e+01
   3.7770200e+05   1.7089844e+01
   3.7774900e+05   2.3559570e+01
   3.7777000e+05   2.6550293e+01
   3.7784500e+05   1.9165039e+01
   3.7787100e+05   2.0385742e+01
   3.7798600e+05   1.7089844e+01
   3.7799900e+05   2.1057129e+01
   3.7815900e+05   1.8066406e+01
   3.7837600e+05   1.8249512e+01
   3.7841200e+05   1.7883301e+01
   3.7858400e+05   1.7700195e+01
   3.7861100e+05   2.1789551e+01
   3.7869100e+05   2.3986816e+01
   3.7879400e+05   2.1484375e+01
   3.7881200e+05   1.9226074e+01
   3.7893300e+05   1.7578125e+01
   3.7899200e+05   3.7658691e+01
   3.7906400e+05   1.8127441e+01
   3.7915900e+05   1.8615723e+01
   3.7921000e+05   1.8554688e+01
   3.7928400e+05   2.9541016e+01
   3.7932200e+05   1.8188477e+01
   3.7939200e+05   2.5451660e+01
   3.7949400e+05   1.7089844e+01
   3.7952200e+05   3.5827637e+01
   3.7965700e+05   1.8188477e+01
   3.7974400e+05   1.7517090e+01
   3.7986600e+05   3.9367676e+01
   3.7989600e+05   1.7883301e+01
   3.7992800e+05   1.7456055e+01
   3.7996900e+05   1.8615723e+01
   3.8006900e+05   2.5695801e+01
   3.8008000e+05   4.2419434e+01
   3.8019100e+05   1.7333984e+01
   3.8022000e+05   2.7404785e+01
   3.8029900e+05   2.1972656e+01
   3.8034800e+05   3.1616211e+01
   3.8039500e+05   1.7639160e+01
   3.8048800e+05   1.7578125e+01
   3.8058300e+05   2.8320312e+01
   3.8060500e+05   2.1484375e+01
   3.8069200e+05   2.0324707e+01
   3.8088400e+05   2.4536133e+01
   3.8114300e+05   2.7038574e+01
   3.8116000e+05   2.1728516e+01
   3.8133100e+05   3.3691406e+01
   3.8146000e+05   1.7211914e+01
   3.8155000e+05   2.6000977e+01
   3.8163800e+05   2.6672363e+01
   3.8166600e+05   2.4108887e+01
   3.8178100e+05   2.6550293e+01
   3.8191700e+05   2.2766113e+01
   3.8193700e+05   2.1789551e+01
   3.8201100e+05   2.4597168e+01
   3.8203400e+05   2.0935059e+01
   3.8207400e+05   1.7456055e+01
   3.8216500e+05   1.9714355e+01
   3.8227000e+05   1.7272949e+01
   3.8231800e+05   1.8432617e+01
   3.8240200e+05   4.2114258e+01
   3.8252000e+05   1.7456055e+01
   3.8260700e+05   1.7333984e+01
   3.8262700e+05   2.7832031e+01
   3.8274400e+05   2.1179199e+01
   3.8296200e+05   2.6062012e+01
   3.8298200e+05   1.9714355e+01
   3.8311900e+05   1.7883301e+01
   3.8315900e+05   1.7700195e+01
   3.8327600e+05   1.8188477e+01
   3.8356500e+05   1.7150879e+01
   4.1766700e+05   1.7395020e+01
   4.1813600e+05   1.9653320e+01
   4.1858800e+05   2.3254395e+01
   4.1862000e+05   3.4790039e+01
   4.1865000e+05   7.7087402e+01
   4.1866000e+05   2.2033691e+01
   4.1867800e+05   2.6855469e+01
   4.1868800e+05   4.2114258e+01
   4.1872000e+05   2.7648926e+01
   4.1873300e+05   7.1105957e+01
   4.1877100e+05   4.9682617e+01
   4.1880800e+05   2.0507812e+01
   4.1883300e+05   1.8127441e+01
   4.1893500e+05   3.0212402e+01
   4.1900800e+05   3.4484863e+01
   4.1903100e+05   2.3376465e+01
   4.1906300e+05   2.1972656e+01
   4.1908300e+05   1.7150879e+01
   4.1910400e+05   1.8798828e+01
   4.1914300e+05   2.6184082e+01
   4.1921500e+05   2.2827148e+01
   4.1930300e+05   3.9367676e+01
   4.1938000e+05   1.7028809e+01
   4.1946500e+05   1.9836426e+01
   4.1952300e+05   1.9592285e+01
   4.1958800e+05   1.7150879e+01
   4.1966900e+05   1.9653320e+01
   4.1969700e+05   3.6132812e+01
   4.1979800e+05   1.7272949e+01
   4.1994500e+05   1.8432617e+01
   4.2024900e+05   2.3620605e+01
   4.2026200e+05   1.8127441e+01
   4.4891100e+05   1.7578125e+01
   4.6326700e+05   1.8493652e+01
   4.6616600e+05   2.0324707e+01
   4.7426000e+05   1.8432617e+01
   4.7616300e+05   2.1911621e+01
   4.7791100e+05   1.7089844e+01
   4.7819700e+05   1.7761230e+01
   4.7876400e+05   1.8676758e+01
   4.8148300e+05   1.9714355e+01
   4.8182600e+05   1.7456055e+01
   4.8473900e+05   1.7089844e+01
   4.8707800e+05   1.9775391e+01
   4.9239600e+05   1.9958496e+01
   4.9357100e+05   1.8249512e+01
   4.9665300e+05   2.0690918e+01
   4.9711300e+05   1.9470215e+01
   5.0138000e+05   1.7883301e+01
   5.0158900e+05   2.0263672e+01
   5.0162000e+05   2.5390625e+01
   5.0163000e+05   2.1789551e+01
   5.0629200e+05   1.7395020e+01
   5.1173100e+05   1.7822266e+01
   5.1211200e+05   1.8737793e+01
   5.2242500e+05   1.8371582e+01
   5.2780400e+05   1.8432617e+01
   5.2786100e+05   1.8554688e+01
   5.2903000e+05   1.8737793e+01
   5.2934200e+05   1.9409180e+01
   5.3315400e+05   1.7150879e+01
   5.3316400e+05   1.7272949e+01
   5.3452600e+05   1.9165039e+01
   5.3631000e+05   1.6906738e+01
   5.3778400e+05   2.4047852e+01
   5.3911400e+05   1.7028809e+01
   5.4064500e+05   2.5939941e+01
   5.4114400e+05   1.7395020e+01
   5.4678500e+05   2.2155762e+01
   5.5731500e+05   1.9653320e+01
   5.5733800e+05   1.8615723e+01
   5.5937000e+05   1.7822266e+01
   5.6027000e+05   2.5512695e+01
   5.6698400e+05   2.0446777e+01
   5.6709600e+05   2.0568848e+01
   5.6743700e+05   1.7089844e+01
   5.7064400e+05   2.1545410e+01
   5.7066400e+05   1.7944336e+01
   5.7538900e+05   1.9592285e+01
   5.7558700e+05   1.7272949e+01
   5.7680300e+05   1.8066406e+01
   5.7687300e+05   1.7517090e+01
   5.7797400e+05   2.1057129e+01
   5.8470800e+05   1.9042969e+01
   5.9259100e+05   1.7944336e+01
   5.9286700e+05   1.6906738e+01
   5.9770100e+05   1.7150879e+01
   5.9771200e+05   2.3925781e+01
   5.9772700e+05   2.0935059e+01
   5.9776000e+05   1.7883301e+01
   6.0392100e+05   1.8127441e+01
   6.0487700e+05   1.8432617e+01
   6.0489300e+05   2.2216797e+01
   6.0490600e+05   1.9348145e+01
   6.0952900e+05   1.7028809e+01
   6.1155400e+05   2.8015137e+01
   6.1333200e+05   1.7822266e+01
   6.1335900e+05   4.8889160e+01
   6.1996300e+05   2.8747559e+01
   6.2730900e+05   2.1728516e+01
   6.2733400e+05   1.8371582e+01
   6.3097500e+05   1.8920898e+01
   6.3556800e+05   1.7578125e+01
   6.3863400e+05   1.7517090e+01
   6.4033400e+05   1.7089844e+01
   6.4243100e+05   2.0385742e+01
   6.4311000e+05   2.0935059e+01
   6.4430700e+05   1.7333984e+01
   6.4434200e+05   1.7517090e+01
   6.4973200e+05   1.7150879e+01
   6.5030900e+05   3.1311035e+01
   6.5032000e+05   1.8676758e+01
   6.5034400e+05   1.7089844e+01
   6.5036100e+05   2.0202637e+01
   6.5224200e+05   1.8920898e+01
   6.5565500e+05   2.0812988e+01
   6.5808500e+05   1.9226074e+01
   6.5812600e+05   2.3132324e+01
   6.5820000e+05   1.9653320e+01
   6.5821800e+05   2.8808594e+01
   6.6368700e+05   1.8493652e+01
   6.6371300e+05   2.0324707e+01
   6.6574000e+05   1.6967773e+01
   6.6581400e+05   2.0324707e+01
   6.6586100e+05   2.1118164e+01
   6.6587400e+05   1.7578125e+01
   6.7175600e+05   1.9531250e+01
   6.7205100e+05   2.9357910e+01
   6.7225400e+05   1.7822266e+01
   6.7519700e+05   1.7089844e+01
   6.7808300e+05   2.4230957e+01
   6.7814900e+05   1.8188477e+01
   6.7899000e+05   1.7822266e+01
   6.8287700e+05   1.8249512e+01
   6.8289400e+05   2.4230957e+01
   6.8791300e+05   2.4475098e+01
   6.8802100e+05   1.7517090e+01
   6.9193600e+05   1.9287109e+01
   6.9313800e+05   1.7639160e+01
   6.9836000e+05   1.8188477e+01
   6.9837900e+05   2.2216797e+01
   6.9841100e+05   1.7211914e+01
   6.9844000e+05   1.7517090e+01
   7.0299900e+05   2.3010254e+01
   7.0303100e+05   2.3681641e+01
   7.0310200e+05   2.1301270e+01
   7.0366500e+05   1.9409180e+01
   7.0368300e+05   1.8981934e+01
   7.0574500e+05   3.0456543e+01
   7.0905800e+05   2.0141602e+01
   7.0907700e+05   2.1728516e+01
   7.1418600e+05   3.2653809e+01
   7.1424900e+05   1.8371582e+01
   7.1954800e+05   1.6967773e+01
   7.1957700e+05   2.2399902e+01
   7.2150600e+05   1.7150879e+01
   7.2603200e+05   2.5329590e+01
   7.2605100e+05   2.0324707e+01
   7.2730700e+05   2.5451660e+01
   7.2732400e+05   2.1057129e+01
   7.2733700e+05   2.3986816e+01
   7.3050100e+05   3.6560059e+01
   7.3058700e+05   1.8737793e+01
   7.3533700e+05   2.1545410e+01
   7.3562000e+05   1.7028809e+01
   7.3759900e+05   1.8371582e+01
   7.3763300e+05   1.8249512e+01
   7.4332300e+05   2.3498535e+01
   7.4345000e+05   1.6967773e+01
   7.4415600e+05   2.7832031e+01
   7.4418800e+05   3.0578613e+01
   7.4421300e+05   1.7211914e+01
   7.5357100e+05   2.1179199e+01
   7.5359300e+05   1.9775391e+01
   7.5361900e+05   1.7150879e+01
   7.6060900e+05   1.7639160e+01
   7.6062100e+05   2.0874023e+01
   7.6063500e+05   1.7822266e+01
   7.6148600e+05   2.3803711e+01
   7.6165900e+05   2.1789551e+01
   7.6211200e+05   1.9042969e+01
   7.6769000e+05   1.9653320e+01
   7.6781000e+05   2.0385742e+01
   7.7291100e+05   2.0568848e+01
   7.7486900e+05   1.7028809e+01
   7.7533300e+05   1.6906738e+01
   7.8058000e+05   1.7211914e+01
   7.8061500e+05   1.7761230e+01
   7.8167700e+05   2.0141602e+01
   7.8171600e+05   1.8371582e+01
   7.8699100e+05   2.1118164e+01
   7.8878300e+05   2.0080566e+01
   7.9103400e+05   1.7150879e+01
   7.9105600e+05   1.8432617e+01
   7.9450200e+05   2.0996094e+01
   8.0263300e+05   2.0629883e+01
   8.0411800e+05   1.8066406e+01
   8.0643100e+05   1.8920898e+01
   8.1077100e+05   1.7211914e+01
   8.1174900e+05   1.9531250e+01
   8.1870400e+05   1.8554688e+01
   8.1873500e+05   1.8920898e+01
   8.2118400e+05   2.0385742e+01
   8.2120900e+05   2.1789551e+01
   8.2445600e+05   1.7211914e+01
   8.2448500e+05   1.6967773e+01
   8.2488100e+05   2.0629883e+01
   8.2993000e+05   2.5878906e+01
   8.3059300e+05   1.9470215e+01
   8.3096100e+05   2.1362305e+01
   8.3132100e+05   2.0629883e+01
   8.3503300e+05   2.3681641e+01
   8.3689800e+05   1.8005371e+01
   8.3833400e+05   1.9897461e+01
   8.3840100e+05   1.7211914e+01
   8.4488100e+05   2.1423340e+01
   8.4725400e+05   1.7333984e+01
   8.4730100e+05   1.8554688e+01
   8.4731600e+05   1.8127441e+01
   8.4782200e+05   1.6906738e+01
   8.4783400e+05   2.9785156e+01
   8.4786500e+05   2.4291992e+01
   8.4792000e+05   1.9042969e+01
   8.5472300e+05   2.8381348e+01
   8.5474900e+05   4.1259766e+01
   8.5476200e+05   2.7893066e+01
   8.5479300e+05   4.6875000e+01
   8.5481300e+05   3.5400391e+01
   8.5483200e+05   3.2775879e+01
   8.5484500e+05   3.5583496e+01
   8.5486200e+05   2.2644043e+01
   8.5488200e+05   2.0202637e+01
   8.5490500e+05   3.9245605e+01
   8.5498900e+05   4.0527344e+01
   8.5506100e+05   2.0080566e+01
   8.5515600e+05   2.9846191e+01
   8.5524100e+05   3.1250000e+01
   8.5533600e+05   2.0324707e+01
   8.5534600e+05   1.9836426e+01
   8.5539400e+05   1.8249512e+01
   8.5540700e+05   2.2705078e+01
   8.5543100e+05   1.7639160e+01
   8.5544400e+05   2.5756836e+01
   8.5547900e+05   1.7028809e+01
   8.5549600e+05   3.3020020e+01
   8.5553500e+05   1.7089844e+01
   8.5556300e+05   2.7709961e+01
   8.5559700e+05   1.7761230e+01
   8.5562100e+05   1.8676758e+01
   8.5564600e+05   1.9836426e+01
   8.5567300e+05   1.7944336e+01
   8.5573100e+05   2.1667480e+01
   8.5579400e+05   3.1494141e+01
   8.5582200e+05   2.9357910e+01
   8.5588800e+05   2.0996094e+01
   8.5597300e+05   1.9714355e+01
   8.5598600e+05   2.1606445e+01
   8.5612500e+05   1.7883301e+01
   8.6870400e+05   1.7150879e+01
   8.6941500e+05   2.0751953e+01
   8.7067000e+05   1.9958496e+01
   8.7613000e+05   4.2053223e+01
   8.7732400e+05   1.9775391e+01
   8.7875600e+05   1.8005371e+01
   8.7962900e+05   1.8676758e+01
   8.7965400e+05   1.8554688e+01
   8.7966600e+05   1.7639160e+01
   8.8643900e+05   2.2583008e+01
   8.8975600e+05   2.3071289e+01
   8.9016500e+05   1.9470215e+01
   8.9540700e+05   1.8615723e+01
   8.9591700e+05   1.7089844e+01
   8.9878100e+05   2.1240234e+01
   9.0272100e+05   2.9418945e+01
   9.0273300e+05   1.9042969e+01
   9.0303900e+05   1.8737793e+01
   9.0331900e+05   1.7456055e+01
   9.0832100e+05   1.7517090e+01
   9.0900000e+05   2.2399902e+01
   9.1124600e+05   1.9165039e+01
   9.1129700e+05   1.6967773e+01
   9.1165300e+05   2.0019531e+01
   9.1199900e+05   1.8310547e+01
   9.1392800e+05   1.7272949e+01
   9.1442400e+05   1.8615723e+01
   9.1837600e+05   2.4475098e+01
   9.2368700e+05   2.8991699e+01
   9.2371500e+05   1.8493652e+01
   9.2501000e+05   1.9470215e+01
   9.2502700e+05   3.3630371e+01
   9.2506000e+05   4.1870117e+01
   9.2509100e+05   2.3925781e+01
   9.2510800e+05   5.5236816e+01
   9.2512300e+05   2.8076172e+01
   9.2515300e+05   1.2908936e+02
   9.2517000e+05   2.7526855e+01
   9.2520000e+05   3.0090332e+01
   9.2521200e+05   2.5390625e+01
   9.2524300e+05   1.8005371e+01
   9.3809600e+05   1.7639160e+01
   9.3812700e+05   1.7456055e+01
   9.3815000e+05   1.7883301e+01
   9.4220200e+05   3.3996582e+01
   9.4223300e+05   2.1362305e+01
   9.4594000e+05   2.1667480e+01
   9.4636900e+05   1.8127441e+01
   9.4664100e+05   2.0568848e+01
   9.4667100e+05   2.1911621e+01
   9.4715500e+05   1.7761230e+01
   9.4843700e+05   2.0629883e+01
   9.4847000e+05   2.6123047e+01
   9.5858200e+05   1.8554688e+01
   9.5932400e+05   1.9836426e+01
   9.6059500e+05   1.6906738e+01
   9.6063400e+05   2.1728516e+01
   9.6637800e+05   1.7456055e+01
   9.6654800e+05   1.8188477e+01
   9.6667500e+05   2.0202637e+01
   9.6739400e+05   1.8432617e+01
   9.6745700e+05   2.4230957e+01
   9.6748400e+05   1.7944336e+01
   9.7638400e+05   1.7456055e+01
   9.7838100e+05   1.7272949e+01
   9.8112700e+05   2.4475098e+01
   9.8219700e+05   2.1057129e+01
   9.8739800e+05   1.7578125e+01
   9.8744200e+05   2.0507812e+01
   9.8800900e+05   1.7578125e+01
   9.8812200e+05   1.9592285e+01
   9.9302500e+05   1.8615723e+01
   9.9362600e+05   1.7700195e+01
   9.9364200e+05   2.0141602e+01
   9.9818800e+05   1.7822266e+01
   1.0028070e+06   2.0690918e+01
   1.0028420e+06   2.3864746e+01
   1.0028740e+06   3.1127930e+01
   1.0028950e+06   4.2846680e+01
   1.0029060e+06   5.6518555e+01
   1.0029210e+06   2.8625488e+01
   1.0029350e+06   4.0832520e+01
   1.0029540e+06   1.0064697e+02
   1.0029790e+06   2.4108887e+01
   1.0030090e+06   2.0568848e+01
   1.0145650e+06   1.7089844e+01
   1.0145820e+06   1.9348145e+01
   1.0146110e+06   1.7639160e+01
   1.0194460e+06   1.7517090e+01
   1.0204900e+06   2.0996094e+01
   1.0211930e+06   1.8310547e+01
   1.0218900e+06   2.0019531e+01
   1.0266820e+06   1.8310547e+01
   1.0268890e+06   1.7456055e+01
   1.0270010e+06   1.9592285e+01
   1.0271870e+06   1.7028809e+01
   1.0276750e+06   1.9409180e+01
   1.0283570e+06   1.7089844e+01
   1.0322050e+06   2.1545410e+01
   1.0323490e+06   1.7761230e+01
   1.0323870e+06   1.7761230e+01
   1.0324910e+06   2.2033691e+01
   1.0368530e+06   1.9714355e+01
   1.0370440e+06   1.7089844e+01
   1.0377570e+06   1.8798828e+01
   1.0378580e+06   1.9470215e+01
   1.0402760e+06   2.1667480e+01
   1.0403030e+06   2.2705078e+01
   1.0465490e+06   1.9226074e+01
   1.0467290e+06   1.7395020e+01
   1.0470570e+06   2.1362305e+01
   1.0470980e+06   1.8981934e+01
   1.0523270e+06   1.8737793e+01
   1.0527270e+06   2.0141602e+01
   1.0559310e+06   1.7639160e+01
   1.0561780e+06   2.8991699e+01
   1.0564100e+06   1.7028809e+01
   1.0570500e+06   1.8188477e+01
   1.0625610e+06   1.8371582e+01
   1.0625970e+06   1.7272949e+01
   1.0664830e+06   2.1728516e+01
   1.0722650e+06   1.9470215e+01
   1.0725520e+06   2.0568848e+01
   1.0726860e+06   1.7089844e+01
   1.0744370e+06   2.2460938e+01
   1.0744520e+06   1.7761230e+01
   1.0787390e+06   1.8554688e+01
   1.0788570e+06   2.1728516e+01
   1.0789550e+06   1.6967773e+01
   1.0792500e+06   1.7395020e+01
   1.0796320e+06   2.7160645e+01
   1.0797780e+06   1.8798828e+01
   1.0798000e+06   1.9775391e+01
   1.0808220e+06   1.7211914e+01
   1.0852360e+06   1.7944336e+01
   1.0898620e+06   2.9724121e+01
   1.0899050e+06   1.9714355e+01
   1.0941770e+06   1.7150879e+01
   1.0945290e+06   1.8005371e+01
   1.0989090e+06   2.6733398e+01
   1.0989680e+06   1.9348145e+01
   1.1017080e+06   1.7089844e+01
   1.1053270e+06   2.0324707e+01
   1.1071490e+06   1.7150879e+01
   1.1100630e+06   1.6906738e+01
   1.1145700e+06   2.0263672e+01
   1.1158900e+06   2.5085449e+01
   1.1163560e+06   1.7822266e+01
   1.1209320e+06   2.7404785e+01
   1.1209420e+06   1.8493652e+01
   1.1214640e+06   2.0202637e+01
   1.1215030e+06   1.8920898e+01
   1.1215820e+06   1.9470215e+01
   1.1216030e+06   1.9592285e+01
   1.1251410e+06   1.9958496e+01
   1.1251630e+06   1.7822266e+01
   1.1252000e+06   1.8310547e+01
   1.1274900e+06   1.6967773e+01
   1.1295010e+06   1.8493652e+01
   1.1376300e+06   2.3803711e+01
   1.1381390e+06   1.8798828e+01
   1.1402780e+06   1.7700195e+01
   1.1402890e+06   1.7333984e+01
   1.1406120e+06   1.9958496e+01
   1.1407010e+06   2.3193359e+01
   1.1463560e+06   1.9714355e+01
   1.1466550e+06   1.8127441e+01
   1.1471530e+06   2.3681641e+01
   1.1530980e+06   2.0812988e+01
   1.1531220e+06   2.1667480e+01
   1.1531570e+06   1.7028809e+01
   1.1614600e+06   2.0812988e+01
   1.1616060e+06   2.0812988e+01
   1.1616190e+06   1.7211914e+01
   1.1696440e+06   1.8005371e+01
   1.1696770e+06   1.9165039e+01
   1.1736630e+06   1.7639160e+01
   1.1747940e+06   1.9348145e+01
   1.1757580e+06   2.2155762e+01
   1.1776570e+06   1.8127441e+01
   1.1840390e+06   2.0446777e+01
   1.1841960e+06   2.1789551e+01
   1.1842100e+06   1.9714355e+01
   1.1845590e+06   1.6967773e+01
   1.1869300e+06   2.6184082e+01
   1.1869580e+06   1.8676758e+01
   1.1869850e+06   1.8920898e+01
   1.1874660e+06   1.7822266e+01
   1.1879210e+06   1.7517090e+01
   1.1879530e+06   1.7028809e+01
   1.1879690e+06   2.6611328e+01
   1.1879960e+06   1.9287109e+01
   1.1880280e+06   2.3803711e+01
   1.1978580e+06   1.7150879e+01
   1.1989480e+06   2.0690918e+01
   1.1989740e+06   2.5512695e+01
   1.2049250e+06   1.7822266e+01
   1.2072810e+06   1.8920898e+01
   1.2079030e+06   2.3193359e+01
   1.2148120e+06   2.1789551e+01
   1.2173570e+06   1.7395020e+01
   1.2179260e+06   1.7578125e+01
   1.2179500e+06   2.0629883e+01
   1.2179610e+06   1.8432617e+01
   1.2179910e+06   1.8859863e+01
   1.2180170e+06   2.0202637e+01
   1.2180620e+06   1.9409180e+01
   1.2261250e+06   1.7822266e+01
   1.2264660e+06   2.0202637e+01
   1.2266320e+06   1.8066406e+01
   1.2280550e+06   1.7761230e+01
   1.2373240e+06   1.8676758e+01
   1.2374390e+06   1.7883301e+01
   1.2375300e+06   1.8127441e+01
   1.2427710e+06   1.6967773e+01
   1.2431760e+06   2.2094727e+01
   1.2432760e+06   1.7517090e+01
   1.2437710e+06   1.8127441e+01
   1.2443180e+06   1.7578125e+01
   1.2488990e+06   2.0324707e+01
   1.2530490e+06   1.7028809e+01
   1.2532380e+06   1.7822266e+01
   1.2592740e+06   2.0812988e+01
   1.2593300e+06   1.7089844e+01
   1.2593410e+06   1.8554688e+01
   1.2611290e+06   1.8249512e+01
   1.2613360e+06   2.0202637e+01
   1.2662390e+06   2.0568848e+01
   1.2662680e+06   1.7944336e+01
   1.2662870e+06   1.7517090e+01
   1.2663140e+06   2.3986816e+01
   1.2663410e+06   2.1057129e+01
   1.2734950e+06   2.1423340e+01
   1.2735840e+06   1.7883301e+01
   1.2738050e+06   1.9531250e+01
   1.2753520e+06   1.7578125e+01
   1.2753810e+06   1.6906738e+01
   1.2754130e+06   1.8554688e+01
   1.2835820e+06   1.8188477e+01
   1.2836670e+06   1.8493652e+01
   1.2848250e+06   1.6967773e+01
   1.2855530e+06   1.9104004e+01
   1.2855910e+06   2.1362305e+01
   1.2932550e+06   2.1972656e+01
   1.2937360e+06   2.1606445e+01
   1.2978520e+06   1.6967773e+01
   1.2982570e+06   1.7517090e+01
   1.2990270e+06   1.7456055e+01
   1.3016870e+06   1.8005371e+01
   1.3025880e+06   1.7761230e+01
   1.3044360e+06   1.7944336e+01
   1.3112820e+06   2.0507813e+01
   1.3114320e+06   2.0874023e+01
   1.3118490e+06   2.1057129e+01
   1.3141850e+06   1.8798828e+01
   1.3152570e+06   1.9714355e+01
   1.3152860e+06   2.4291992e+01
   1.3253980e+06   1.8798828e+01
   1.3290460e+06   1.7761230e+01
   1.3293200e+06   2.7038574e+01
   1.3299460e+06   2.0263672e+01
   1.3305570e+06   1.8127441e+01
   1.3334130e+06   2.3681641e+01
   1.3335210e+06   2.0751953e+01
   1.3335370e+06   2.1972656e+01
   1.3353110e+06   1.8127441e+01
   1.3361040e+06   2.6428223e+01
   1.3361390e+06   2.0996094e+01
   1.3424520e+06   1.7700195e+01
   1.3424920e+06   2.8137207e+01
   1.3425210e+06   1.7700195e+01
   1.3436000e+06   2.3437500e+01
   1.3436130e+06   2.2827148e+01
   1.3469850e+06   1.8493652e+01
   1.3530160e+06   1.7456055e+01
   1.3533190e+06   2.0568848e+01
   1.3551160e+06   1.7578125e+01
   1.3553550e+06   2.1972656e+01
   1.3555710e+06   2.1301270e+01
   1.3568270e+06   2.1484375e+01
   1.3568510e+06   1.8005371e+01
   1.3647280e+06   1.9042969e+01
   1.3710400e+06   1.7456055e+01
   1.3710960e+06   2.0324707e+01
   1.3754900e+06   1.8432617e+01
   1.3755020e+06   1.7822266e+01
   1.3760190e+06   1.7517090e+01
   1.3801580e+06   1.9042969e+01
   1.3815140e+06   1.9470215e+01
   1.3816810e+06   2.5695801e+01
   1.3830810e+06   1.8615723e+01
   1.3880060e+06   1.7150879e+01
   1.3880190e+06   1.9042969e+01
   1.3927940e+06   1.8066406e+01
   1.3928490e+06   1.8005371e+01
   1.3949370e+06   1.8005371e+01
   1.3952220e+06   1.7333984e+01
   1.3952440e+06   1.8554688e+01
   1.3952580e+06   1.9470215e+01
   1.3952980e+06   1.7456055e+01
   1.4039710e+06   1.8310547e+01
   1.4046860e+06   2.0019531e+01
   1.4077360e+06   2.3742676e+01
   1.4078160e+06   1.9836426e+01
   1.4099590e+06   2.2583008e+01
   1.4099990e+06   1.7883301e+01
   1.4133120e+06   1.7333984e+01
   1.4133480e+06   1.8676758e+01
   1.4148180e+06   1.9836426e+01
   1.4154520e+06   1.9531250e+01
   1.4158750e+06   1.9226074e+01
   1.4159360e+06   1.7272949e+01
   1.4159810e+06   1.8737793e+01
   1.4160980e+06   1.7211914e+01
   1.4231320e+06   1.7150879e+01
   1.4233790e+06   1.8615723e+01
   1.4289580e+06   2.1667480e+01
   1.4292660e+06   1.8798828e+01
   1.4293730e+06   1.7211914e+01
   1.4296040e+06   1.7700195e+01
   1.4304450e+06   2.4841309e+01
   1.4304720e+06   2.9968262e+01
   1.4304910e+06   5.8044434e+01
   1.4305070e+06   2.5207520e+01
   1.4305200e+06   2.8015137e+01
   1.4305450e+06   2.2766113e+01
   1.4411580e+06   1.8066406e+01
   1.4454680e+06   1.7150879e+01
   1.4485010e+06   1.7395020e+01
   1.4485980e+06   1.8615723e+01
   1.4487370e+06   1.9714355e+01
   1.4487940e+06   2.3925781e+01
   1.4494770e+06   2.3559570e+01
   1.4531540e+06   2.5756836e+01
   1.4533150e+06   1.9897461e+01
   1.4571880e+06   1.6906738e+01
   1.4579430e+06   1.7150879e+01
   1.4580080e+06   1.7272949e+01
   1.4635910e+06   1.7700195e+01
   1.4636220e+06   1.7456055e+01
   1.4641470e+06   1.7150879e+01
   1.4681330e+06   1.7944336e+01
   1.4682280e+06   1.8615723e+01
   1.4710270e+06   2.2094727e+01
   1.4710420e+06   1.7150879e+01
   1.4710730e+06   1.7944336e+01
   1.4762360e+06   1.8249512e+01
   1.4763950e+06   2.1850586e+01
   1.4770110e+06   2.0019531e+01
   1.4774680e+06   1.9470215e+01
   1.4774940e+06   2.0324707e+01
   1.4776060e+06   1.7883301e+01
   1.4791160e+06   2.1362305e+01
   1.4791400e+06   2.8747559e+01
   1.4791770e+06   1.9165039e+01
   1.4792100e+06   2.0080566e+01
   1.4851620e+06   1.8554688e+01
   1.4852070e+06   2.4230957e+01
   1.4852480e+06   1.8310547e+01
   1.4852720e+06   2.4047852e+01
   1.4852830e+06   1.7944336e+01
   1.4852980e+06   1.9836426e+01
   1.4853160e+06   1.7944336e+01
   1.4853430e+06   6.9885254e+01
   1.4853590e+06   3.1677246e+01
   1.4853720e+06   2.0263672e+01
   1.4853900e+06   4.0832520e+01
   1.4854070e+06   5.2490234e+01
   1.4854240e+06   1.7272949e+01
   1.4854690e+06   2.6550293e+01
   1.4981690e+06   1.7150879e+01
   1.4995450e+06   1.7822266e+01
   1.4997930e+06   2.1728516e+01
   1.5057430e+06   2.2460938e+01
   1.5058690e+06   2.1301270e+01
   1.5058920e+06   1.8432617e+01
   1.5076760e+06   1.7944336e+01
   1.5081370e+06   1.8249512e+01
   1.5082170e+06   1.9287109e+01
   1.5082340e+06   2.3986816e+01
   1.5159680e+06   1.7089844e+01
   1.5159790e+06   1.9775391e+01
   1.5198120e+06   1.7028809e+01
   1.5198420e+06   1.8615723e+01
   1.5198860e+06   1.7272949e+01
   1.5204440e+06   1.8859863e+01
   1.5209440e+06   1.7761230e+01
   1.5209590e+06   2.1667480e+01
   1.5268140e+06   1.7333984e+01
   1.5289490e+06   2.1789551e+01
   1.5289720e+06   2.3559570e+01
   1.5290010e+06   1.8615723e+01
   1.5290280e+06   1.9287109e+01
   1.5370990e+06   1.8066406e+01
   1.5371090e+06   2.8564453e+01
   1.5374690e+06   1.9592285e+01
   1.5378440e+06   2.2827148e+01
   1.5378800e+06   2.0996094e+01
   1.5428470e+06   1.7150879e+01
   1.5428910e+06   1.7089844e+01
   1.5429680e+06   1.7211914e+01
   1.5432490e+06   1.7578125e+01
   1.5442990e+06   1.7822266e+01
   1.5443220e+06   2.7465820e+01
   1.5443450e+06   2.7954102e+01
   1.5443560e+06   1.9775391e+01
   1.5539980e+06   1.7211914e+01
   1.5548030e+06   2.2155762e+01
   1.5549210e+06   1.9165039e+01
   1.5615890e+06   1.9592285e+01
   1.5617100e+06   2.9357910e+01
   1.5620770e+06   2.3376465e+01
   1.5621350e+06   1.9409180e+01
   1.5622340e+06   1.8737793e+01
   1.5623280e+06   1.7639160e+01
   1.5633410e+06   2.0202637e+01
   1.5646240e+06   1.9042969e+01
   1.5709500e+06   2.0629883e+01
   1.5710540e+06   2.0080566e+01
   1.5719310e+06   1.8310547e+01
   1.5719530e+06   2.7832031e+01
   1.5719670e+06   1.8554688e+01
   1.5804360e+06   1.7578125e+01
   1.5806170e+06   1.9897461e+01
   1.5807200e+06   2.0751953e+01
   1.5808120e+06   1.8310547e+01
   1.5809380e+06   1.7456055e+01
   1.5817380e+06   1.7883301e+01
   1.5817690e+06   1.6967773e+01
   1.5843460e+06   1.7944336e+01
   1.5843570e+06   1.7089844e+01
   1.5848700e+06   1.8920898e+01
   1.5849060e+06   1.8310547e+01
   1.5856820e+06   1.8066406e+01
   1.5857670e+06   1.6967773e+01
   1.5920040e+06   1.7028809e+01
   1.5920400e+06   1.9531250e+01
   1.5924230e+06   1.7944336e+01
   1.5931870e+06   2.0874023e+01
   1.5932940e+06   1.8859863e+01
   1.5933240e+06   1.7028809e+01
   1.5948520e+06   1.8920898e+01
   1.5948840e+06   3.3630371e+01
   1.5949630e+06   1.9226074e+01
   1.5950270e+06   1.8554688e+01
   1.6042160e+06   1.8005371e+01
   1.6048230e+06   2.0568848e+01
   1.6050840e+06   2.0690918e+01
   1.6057020e+06   2.2216797e+01
   1.6114710e+06   1.7333984e+01
   1.6119490e+06   1.9897461e+01
   1.6184240e+06   1.7089844e+01
   1.6185180e+06   1.8554688e+01
   1.6186050e+06   2.0751953e+01
   1.6187960e+06   1.7700195e+01
   1.6193620e+06   2.1057129e+01
   1.6198700e+06   1.7639160e+01
   1.6198920e+06   1.7272949e+01
   1.6199800e+06   1.7639160e+01
   1.6204250e+06   1.7272949e+01
   1.6204770e+06   1.8920898e+01
   1.6205250e+06   2.7770996e+01
   1.6205390e+06   1.9714355e+01
   1.6283770e+06   1.8798828e+01
   1.6295340e+06   2.0263672e+01
   1.6297790e+06   1.7395020e+01
   1.6298550e+06   1.8249512e+01
   1.6329300e+06   1.8798828e+01
   1.6329970e+06   2.1789551e+01
   1.6398660e+06   2.3864746e+01
   1.6400060e+06   2.0996094e+01
   1.6412060e+06   2.0080566e+01
   1.6413220e+06   2.1484375e+01
   1.6414200e+06   3.5583496e+01
   1.6414460e+06   1.7028809e+01
   1.6475210e+06   1.8249512e+01
   1.6475340e+06   1.7211914e+01
   1.6503710e+06   2.3010254e+01
   1.6505720e+06   1.7028809e+01
   1.6516590e+06   1.7395020e+01
   1.6516770e+06   1.7883301e+01
   1.6590430e+06   1.8554688e+01
   1.6590890e+06   2.0080566e+01
   1.6596560e+06   2.1728516e+01
   1.6597220e+06   1.7089844e+01
   1.6603290e+06   2.1240234e+01
   1.6603390e+06   2.0019531e+01
   1.6605060e+06   2.1057129e+01
   1.6618710e+06   2.0568848e+01
   1.6675120e+06   1.7150879e+01
   1.6688140e+06   1.7211914e+01
   1.6689360e+06   1.6967773e+01
   1.6689670e+06   1.7456055e+01
   1.6690740e+06   1.8615723e+01
   1.6692410e+06   2.2216797e+01
   1.6696730e+06   1.7395020e+01
   1.6729910e+06   2.3376465e+01
   1.6730320e+06   1.9287109e+01
   1.6730460e+06   1.7517090e+01
   1.6730990e+06   2.5634766e+01
   1.6797010e+06   2.2033691e+01
   1.6802100e+06   2.0629883e+01
   1.6846520e+06   2.1118164e+01
   1.6846820e+06   2.0935059e+01
   1.6852770e+06   2.0202637e+01
   1.6853680e+06   2.1301270e+01
   1.6873220e+06   1.7517090e+01
   1.6889130e+06   1.6906738e+01
   1.6890430e+06   1.9226074e+01
   1.6940080e+06   2.4536133e+01
   1.6943040e+06   1.7639160e+01
   1.6943320e+06   2.6000977e+01
   1.6948580e+06   2.0385742e+01
   1.6948840e+06   2.0507812e+01
   1.7019380e+06   2.4169922e+01
   1.7030590e+06   1.7700195e+01
   1.7031000e+06   2.0141602e+01
   1.7098580e+06   1.7578125e+01
   1.7101270e+06   2.0507812e+01
   1.7102180e+06   1.9042969e+01
   1.7102410e+06   1.7517090e+01
   1.7112340e+06   2.6672363e+01
   1.7112890e+06   2.2094727e+01
   1.7113120e+06   1.8188477e+01
   1.7179020e+06   1.9348145e+01
   1.7182100e+06   2.2583008e+01
   1.7183050e+06   1.8066406e+01
   1.7190910e+06   1.8920898e+01
   1.7191300e+06   2.0812988e+01
   1.7260620e+06   1.9409180e+01
   1.7264080e+06   2.1667480e+01
   1.7271010e+06   1.7944336e+01
   1.7271650e+06   1.8432617e+01
   1.7271950e+06   1.9287109e+01
   1.7333890e+06   1.9470215e+01
   1.7334910e+06   2.1789551e+01
   1.7336820e+06   1.8737793e+01
   1.7342480e+06   1.7761230e+01
   1.7389760e+06   1.8005371e+01
   1.7390000e+06   2.4902344e+01
   1.7390110e+06   2.6489258e+01
   1.7440900e+06   2.0202637e+01
   1.7441310e+06   1.7456055e+01
   1.7441430e+06   1.7456055e+01
   1.7447440e+06   2.3498535e+01
   1.7448170e+06   1.7028809e+01
   1.7507540e+06   2.1728516e+01
   1.7512990e+06   1.7150879e+01
   1.7513130e+06   2.5573730e+01
   1.7513250e+06   2.1423340e+01
   1.7513520e+06   2.9907227e+01
   1.7574830e+06   1.7822266e+01
   1.7578040e+06   1.8371582e+01
   1.7581110e+06   1.8493652e+01
   1.7581340e+06   1.8737793e+01
   1.7615430e+06   1.7028809e+01
   1.7629510e+06   2.8991699e+01
   1.7629770e+06   2.3620605e+01
   1.7629950e+06   2.1667480e+01
   1.7630170e+06   1.8432617e+01
   1.7630630e+06   1.7944336e+01
   1.7703720e+06   1.8188477e+01
   1.7704970e+06   2.0690918e+01
   1.7707030e+06   1.6906738e+01
   1.7711500e+06   1.8920898e+01
   1.7768410e+06   1.7456055e+01
   1.7772390e+06   2.1179199e+01
   1.7821370e+06   1.8676758e+01
   1.7827870e+06   1.7883301e+01
   1.7828690e+06   4.0893555e+01
   1.7851990e+06   1.9836426e+01
   1.7853860e+06   1.8127441e+01
   1.7854320e+06   2.4780273e+01
   1.7856580e+06   1.7150879e+01
   1.7930670e+06   2.8991699e+01
   1.7931640e+06   1.7272949e+01
   1.7936220e+06   1.7028809e+01
   1.7985750e+06   2.7343750e+01
   1.8056310e+06   2.4047852e+01
   1.8056870e+06   1.9042969e+01
   1.8068490e+06   2.0263672e+01
   1.8068700e+06   2.0446777e+01
   1.8118730e+06   2.1179199e+01
   1.8119370e+06   2.0385742e+01
   1.8119940e+06   1.8066406e+01
   1.8124670e+06   2.2827148e+01
   1.8125170e+06   2.0141602e+01
   1.8172000e+06   1.7944336e+01
   1.8175460e+06   1.9104004e+01
   1.8180310e+06   1.9592285e+01
   1.8180850e+06   2.6245117e+01
   1.8186050e+06   2.0629883e+01
   1.8186180e+06   3.2104492e+01
   1.8186380e+06   1.7395020e+01
   1.8186500e+06   1.9897461e+01
   1.8253620e+06   1.8920898e+01
   1.8256010e+06   2.4719238e+01
   1.8256420e+06   1.9958496e+01
   1.8258300e+06   1.7028809e+01
   1.8329730e+06   1.7333984e+01
   1.8344920e+06   2.0324707e+01
   1.8345480e+06   1.8005371e+01
   1.8350000e+06   2.1667480e+01
   1.8352710e+06   1.7700195e+01
   1.8352840e+06   1.9836426e+01
   1.8369770e+06   1.7272949e+01
   1.8370020e+06   3.2958984e+01
   1.8370220e+06   3.6926270e+01
   1.8370470e+06   2.2521973e+01
   1.8370570e+06   2.7099609e+01
   1.8370770e+06   2.4780273e+01
   1.8485130e+06   1.7761230e+01
   1.8488500e+06   2.3193359e+01
   1.8490680e+06   2.2521973e+01
   1.8492300e+06   1.9470215e+01
   1.8492600e+06   1.9531250e+01
   1.8542410e+06   2.0202637e+01
   1.8548420e+06   1.9775391e+01
   1.8549050e+06   1.7089844e+01
   1.8627190e+06   1.7150879e+01
   1.8628360e+06   1.7883301e+01
   1.8628950e+06   1.8798828e+01
   1.8629170e+06   2.0324707e+01
   1.8651830e+06   2.3498535e+01
   1.8652780e+06   2.0019531e+01
   1.8656340e+06   1.7333984e+01
   1.8690650e+06   2.2521973e+01
   1.8693780e+06   1.9897461e+01
   1.8727510e+06   2.5878906e+01
   1.8731810e+06   1.7150879e+01
   1.8757680e+06   2.5512695e+01
   1.8758180e+06   1.8798828e+01
   1.8758470e+06   4.3701172e+01
   1.8758570e+06   2.1789551e+01
   1.8758950e+06   2.8015137e+01
   1.8759300e+06   1.9958496e+01
   1.8859310e+06   2.3803711e+01
   1.8860790e+06   2.3315430e+01
   1.8861020e+06   2.1179199e+01
   1.8861170e+06   2.3620605e+01
   1.8862310e+06   1.7089844e+01
   1.8883130e+06   2.0263672e+01
   1.8883310e+06   2.8625488e+01
   1.8883550e+06   1.8249512e+01
   1.8972950e+06   1.7944336e+01
   1.8974950e+06   1.7333984e+01
   1.8975270e+06   1.8127441e+01
   1.8984930e+06   1.6906738e+01
   1.9022740e+06   1.8554688e+01
   1.9022890e+06   1.7578125e+01
   1.9023290e+06   3.5217285e+01
   1.9023780e+06   2.0996094e+01
   1.9089480e+06   1.8493652e+01
   1.9090310e+06   2.4719238e+01
   1.9093480e+06   2.0202637e+01
   1.9093620e+06   1.8737793e+01
   1.9134900e+06   2.1179199e+01
   1.9135390e+06   2.1301270e+01
   1.9199420e+06   2.4108887e+01
   1.9199670e+06   1.8493652e+01
   1.9224290e+06   1.7211914e+01
   1.9233650e+06   1.8676758e+01
   1.9251050e+06   2.7038574e+01
   1.9251340e+06   4.6569824e+01
   1.9251450e+06   2.0568848e+01
   1.9251660e+06   2.0080566e+01
   1.9251900e+06   2.6245117e+01
   1.9252540e+06   1.7395020e+01
   1.9330720e+06   1.8798828e+01
   1.9331700e+06   1.7578125e+01
   1.9336480e+06   2.1789551e+01
   1.9341380e+06   2.3254395e+01
   1.9359790e+06   1.7333984e+01
   1.9364090e+06   2.4658203e+01
   1.9364680e+06   2.0385742e+01
   1.9419640e+06   1.7089844e+01
   1.9420470e+06   1.7883301e+01
   1.9420680e+06   1.8249512e+01
   1.9421070e+06   1.7700195e+01
   1.9443520e+06   2.1789551e+01
   1.9455380e+06   1.9042969e+01
   1.9457730e+06   2.5573730e+01
   1.9458240e+06   1.8615723e+01
   1.9525530e+06   1.9226074e+01
   1.9526800e+06   1.7150879e+01
   1.9528680e+06   1.7456055e+01
   1.9535560e+06   1.8737793e+01
   1.9535810e+06   1.6967773e+01
   1.9536240e+06   2.0629883e+01
   1.9536390e+06   1.8005371e+01
   1.9536760e+06   1.7395020e+01
   1.9614470e+06   1.9348145e+01
   1.9614840e+06   2.1301270e+01
   1.9618670e+06   1.9165039e+01
   1.9638880e+06   2.0568848e+01
   1.9639680e+06   1.8554688e+01
   1.9642380e+06   1.7517090e+01
   1.9642590e+06   1.8310547e+01
   1.9643160e+06   1.8798828e+01
   1.9694320e+06   2.1301270e+01
   1.9694590e+06   1.8005371e+01
   1.9762070e+06   2.6733398e+01
   1.9762180e+06   1.8554688e+01
   1.9764850e+06   1.8676758e+01
   1.9765400e+06   2.0324707e+01
   1.9775910e+06   1.8432617e+01
   1.9832490e+06   1.9104004e+01
   1.9836830e+06   2.2460938e+01
   1.9837520e+06   1.7944336e+01
   1.9837730e+06   1.8981934e+01
   1.9837850e+06   1.8066406e+01
   1.9838040e+06   1.9165039e+01
   1.9881170e+06   2.3742676e+01
   1.9881770e+06   1.8737793e+01
   1.9892800e+06   1.7822266e+01
   1.9934390e+06   2.4536133e+01
   1.9941800e+06   2.0568848e+01
   1.9966580e+06   2.1362305e+01
   1.9966850e+06   2.1484375e+01
   1.9966950e+06   2.1118164e+01
   1.9967260e+06   2.1789551e+01
   1.9967730e+06   2.3803711e+01
   1.9968530e+06   1.6906738e+01
   2.0067780e+06   1.9836426e+01
   2.0071630e+06   2.4719238e+01
   2.0109510e+06   1.7883301e+01
   2.0118920e+06   1.9592285e+01
   2.0120520e+06   2.1728516e+01
   2.0120670e+06   1.8554688e+01
   2.0121010e+06   1.8737793e+01
   2.0172750e+06   1.8371582e+01
   2.0174060e+06   1.7517090e+01
   2.0178270e+06   2.6062012e+01
   2.0190340e+06   1.7150879e+01
   2.0190680e+06   1.7578125e+01
   2.0241650e+06   2.3925781e+01
   2.0242220e+06   1.7028809e+01
   2.0247340e+06   1.7395020e+01
   2.0290360e+06   2.0568848e+01
   2.0290510e+06   2.2705078e+01
   2.0290800e+06   2.2583008e+01
   2.0290980e+06   2.7038574e+01
   2.0291120e+06   2.1606445e+01
   2.0361570e+06   2.3681641e+01
   2.0362090e+06   1.7944336e+01
   2.0362400e+06   2.0935059e+01
   2.0362610e+06   1.6906738e+01
   2.0367210e+06   1.9226074e+01
   2.0367700e+06   1.7761230e+01
   2.0368050e+06   2.5817871e+01
   2.0368520e+06   1.8493652e+01
   2.0389010e+06   2.2155762e+01
   2.0390350e+06   1.8066406e+01
   2.0403650e+06   1.6967773e+01
   2.0406100e+06   1.6967773e+01
   2.0409580e+06   1.9165039e+01
   2.0441120e+06   2.0080566e+01
   2.0442120e+06   1.8371582e+01
   2.0444820e+06   1.8188477e+01
   2.0496370e+06   1.7272949e+01
   2.0500830e+06   1.7517090e+01
   2.0501090e+06   1.7517090e+01
   2.0525310e+06   2.9907227e+01
   2.0525470e+06   1.8554688e+01
   2.0525720e+06   4.3090820e+01
   2.0525890e+06   1.8554688e+01
   2.0526320e+06   1.9653320e+01
   2.0622660e+06   2.0385742e+01
   2.0624180e+06   1.7517090e+01
   2.0628990e+06   1.7761230e+01
   2.0629500e+06   2.0202637e+01
   2.0629600e+06   1.9653320e+01
   2.0670530e+06   1.8249512e+01
   2.0674610e+06   2.5390625e+01
   2.0674930e+06   2.2583008e+01
   2.0675040e+06   1.7211914e+01
   2.0739740e+06   1.8981934e+01
   2.0742300e+06   2.1911621e+01
   2.0742520e+06   2.0202637e+01
   2.0744880e+06   1.7333984e+01
   2.0800750e+06   1.7333984e+01
   2.0806270e+06   1.7211914e+01
   2.0845860e+06   1.6967773e+01
   2.0847310e+06   1.7333984e+01
   2.0852240e+06   1.6906738e+01
   2.0852970e+06   2.1057129e+01
   2.0894980e+06   3.1188965e+01
   2.0895220e+06   1.7883301e+01
   2.0900560e+06   2.0874023e+01
   2.0900830e+06   2.2338867e+01
   2.0901010e+06   1.9531250e+01
   2.0901170e+06   1.7272949e+01
   2.0901750e+06   2.1484375e+01
   2.0980730e+06   1.8615723e+01
   2.0981140e+06   1.9470215e+01
   2.0981340e+06   1.9775391e+01
   2.0981550e+06   2.0446777e+01
   2.0982210e+06   1.8554688e+01
   2.1067020e+06   1.8920898e+01
   2.1067840e+06   1.7944336e+01
   2.1085060e+06   1.8737793e+01
   2.1085370e+06   3.5644531e+01
   2.1085750e+06   2.0446777e+01
   2.1085980e+06   1.9409180e+01
   2.1086190e+06   1.6906738e+01
   2.1086450e+06   1.9409180e+01
   2.1172550e+06   2.4047852e+01
   2.1172910e+06   1.7761230e+01
   2.1186550e+06   1.8859863e+01
   2.1186910e+06   2.0019531e+01
   2.1187050e+06   1.8981934e+01
   2.1187400e+06   1.8432617e+01
   2.1268850e+06   1.9836426e+01
   2.1269100e+06   1.9409180e+01
   2.1269290e+06   1.7517090e+01
   2.1279030e+06   1.7272949e+01
   2.1310030e+06   2.2033691e+01
   2.1310320e+06   2.3498535e+01
   2.1310620e+06   2.0446777e+01
   2.1311030e+06   1.9104004e+01
   2.1378430e+06   2.3559570e+01
   2.1378720e+06   1.7700195e+01
   2.1378960e+06   1.7456055e+01
   2.1387040e+06   2.0446777e+01
   2.1387350e+06   1.7150879e+01
   2.1387640e+06   2.1545410e+01
   2.1388290e+06   1.8371582e+01
   2.1406360e+06   1.7822266e+01
   2.1406570e+06   2.3376465e+01
   2.1406800e+06   3.3996582e+01
   2.1406970e+06   2.0324707e+01
   2.1407190e+06   2.4719238e+01
   2.1409640e+06   1.7822266e+01
   2.1514520e+06   1.7089844e+01
   2.1516430e+06   1.8920898e+01
   2.1519930e+06   2.4658203e+01
   2.1520220e+06   2.0019531e+01
   2.1520680e+06   1.8005371e+01
   2.1558170e+06   2.0080566e+01
   2.1559400e+06   2.2399902e+01
   2.1559670e+06   2.2583008e+01
   2.1567100e+06   2.1850586e+01
   2.1624100e+06   2.2399902e+01
   2.1625280e+06   2.2460938e+01
   2.1625400e+06   1.7333984e+01
   2.1625780e+06   2.2888184e+01
   2.1631050e+06   2.2949219e+01
   2.1678920e+06   2.3193359e+01
   2.1679140e+06   2.9052734e+01
   2.1679370e+06   1.8798828e+01
   2.1679470e+06   2.2399902e+01
   2.1679720e+06   2.0324707e+01
   2.1760390e+06   2.1423340e+01
   2.1760810e+06   1.9226074e+01
   2.1771260e+06   1.9165039e+01
   2.1771530e+06   1.7272949e+01
   2.1839990e+06   2.0935059e+01
   2.1840220e+06   2.0629883e+01
   2.1841210e+06   2.6062012e+01
   2.1841810e+06   1.8127441e+01
   2.1866360e+06   1.8005371e+01
   2.1866480e+06   1.6906738e+01
   2.1866810e+06   2.4230957e+01
   2.1867010e+06   2.2644043e+01
   2.1942960e+06   2.2827148e+01
   2.1943210e+06   1.8554688e+01
   2.1945600e+06   2.4536133e+01
   2.1948020e+06   2.0812988e+01
   2.1957090e+06   1.7883301e+01
   2.1976650e+06   2.3376465e+01
   2.1978130e+06   2.5817871e+01
   2.1978750e+06   1.9287109e+01
   2.2042660e+06   1.9226074e+01
   2.2044080e+06   2.1606445e+01
   2.2052730e+06   2.6977539e+01
   2.2053190e+06   1.8981934e+01
   2.2053530e+06   2.2521973e+01
   2.2068420e+06   1.7150879e+01
   2.2068650e+06   2.6000977e+01
   2.2134130e+06   2.4169922e+01
   2.2141400e+06   2.6489258e+01
   2.2144580e+06   1.9226074e+01
   2.2145120e+06   2.6062012e+01
   2.2145510e+06   1.9348145e+01
   2.2147340e+06   1.7456055e+01
   2.2156230e+06   2.3986816e+01
   2.2156460e+06   2.9174805e+01
   2.2156670e+06   4.3212891e+01
   2.2156900e+06   3.1677246e+01
   2.2157000e+06   2.9174805e+01
   2.2157180e+06   3.3691406e+01
   2.2157320e+06   3.9611816e+01
   2.2157430e+06   2.1118164e+01
   2.2157810e+06   3.7658691e+01
   2.2158050e+06   4.7363281e+01
   2.2158360e+06   2.6794434e+01
   2.2158990e+06   2.0385742e+01
   2.2159430e+06   1.7089844e+01
   2.2275160e+06   1.9226074e+01
   2.2276130e+06   2.5634766e+01
   2.2277670e+06   1.7578125e+01
   2.2282300e+06   2.0751953e+01
   2.2282720e+06   2.1728516e+01
   2.2313750e+06   1.8127441e+01
   2.2314450e+06   2.0690918e+01
   2.2315000e+06   2.1057129e+01
   2.2315580e+06   1.8615723e+01
   2.2316310e+06   1.8066406e+01
   2.2385090e+06   1.7028809e+01
   2.2386990e+06   1.9226074e+01
   2.2387820e+06   1.9042969e+01
   2.2429530e+06   1.9836426e+01
   2.2430230e+06   2.5207520e+01
   2.2502150e+06   2.1606445e+01
   2.2503040e+06   2.1728516e+01
   2.2503530e+06   2.0019531e+01
   2.2503730e+06   2.2277832e+01
   2.2504680e+06   1.8066406e+01
   2.2558790e+06   1.7272949e+01
   2.2559660e+06   1.7883301e+01
   2.2600610e+06   2.1118164e+01
   2.2600730e+06   2.4597168e+01
   2.2600910e+06   3.1921387e+01
   2.2601080e+06   4.9865723e+01
   2.2601340e+06   3.1066895e+01
   2.2601440e+06   2.9174805e+01
   2.2601660e+06   2.0507812e+01
   2.2601780e+06   5.4199219e+01
   2.2602100e+06   4.9499512e+01
   2.2602410e+06   3.4301758e+01
   2.2602620e+06   1.9836426e+01
   2.2602830e+06   3.4423828e+01
   2.2602990e+06   2.4536133e+01
   2.2603090e+06   2.0507813e+01
   2.2603390e+06   5.4077148e+01
   2.2603490e+06   4.4067383e+01
   2.2603730e+06   2.9479980e+01
   2.2603960e+06   2.0019531e+01
   2.2604190e+06   3.7841797e+01
   2.2604490e+06   1.7944336e+01
   2.2604670e+06   2.2155762e+01
   2.2604900e+06   2.0935059e+01
   2.2605160e+06   1.9653320e+01
   2.2605710e+06   2.3986816e+01
   2.2606000e+06   1.8371582e+01
   2.2606950e+06   1.8066406e+01
   2.2725960e+06   2.2949219e+01
   2.2727090e+06   2.6611328e+01
   2.2727250e+06   1.6967773e+01
   2.2727690e+06   4.4555664e+01
   2.2727930e+06   3.4729004e+01
   2.2728090e+06   3.7414551e+01
   2.2728260e+06   6.2133789e+01
   2.2728460e+06   2.1850586e+01
   2.2728630e+06   8.1176758e+01
   2.2728990e+06   5.4016113e+01
   2.2729210e+06   4.1320801e+01
   2.2729370e+06   3.0944824e+01
   2.2729490e+06   2.1484375e+01
   2.2729660e+06   3.1188965e+01
   2.2729960e+06   2.8686523e+01
   2.2730220e+06   2.3193359e+01
   2.2730370e+06   2.0751953e+01
   2.2730640e+06   2.3498535e+01
   2.2730790e+06   2.0202637e+01
   2.2731020e+06   2.0202637e+01
   2.2731190e+06   1.9287109e+01
   2.2731500e+06   2.2583008e+01
   2.2731660e+06   2.8930664e+01
   2.2731930e+06   1.7944336e+01
   2.2732120e+06   2.4536133e+01
   2.2732400e+06   2.0751953e+01
   2.2732540e+06   1.9714355e+01
   2.2732810e+06   2.0690918e+01
   2.2732960e+06   1.9714355e+01
   2.2733260e+06   2.0019531e+01
   2.2733530e+06   3.7780762e+01
   2.2733740e+06   1.8615723e+01
   2.2733870e+06   2.0629883e+01
   2.2734150e+06   2.5817871e+01
   2.2734350e+06   1.9348145e+01
   2.2734750e+06   3.4301758e+01
   2.2735100e+06   2.8930664e+01
   2.2735210e+06   2.2033691e+01
   2.2735750e+06   1.6906738e+01
   2.2736330e+06   1.6967773e+01
   2.2736730e+06   1.9531250e+01
   2.2736840e+06   1.8493652e+01
   2.2737450e+06   2.5634766e+01
   2.2738860e+06   1.7517090e+01
   2.2765590e+06   1.9104004e+01
   2.2795380e+06   1.7211914e+01
   2.2796960e+06   1.8615723e+01
   2.2798380e+06   2.0812988e+01
   2.2799070e+06   2.4291992e+01
   2.2799380e+06   2.4108887e+01
   2.2799600e+06   3.2470703e+01
   2.2799830e+06   1.9958496e+01
   2.2800040e+06   2.1423340e+01
   2.2800250e+06   1.7944336e+01
   2.2800440e+06   3.2958984e+01
   2.2800700e+06   5.3405762e+01
   2.2800840e+06   4.3945313e+01
   2.2800980e+06   3.6254883e+01
   2.2801120e+06   4.5898438e+01
   2.2801250e+06   6.1584473e+01
   2.2801550e+06   4.6142578e+01
   2.2801680e+06   2.3315430e+01
   2.2801860e+06   3.3386230e+01
   2.2802020e+06   2.4353027e+01
   2.2802200e+06   4.1137695e+01
   2.2802340e+06   2.2216797e+01
   2.2802700e+06   3.1188965e+01
   2.2803010e+06   2.3620605e+01
   2.2803110e+06   3.4606934e+01
   2.2803430e+06   2.5939941e+01
   2.2803700e+06   3.4301758e+01
   2.2803890e+06   2.1362305e+01
   2.2804210e+06   2.7343750e+01
   2.2804580e+06   2.5085449e+01
   2.2804700e+06   2.0568848e+01
   2.2804970e+06   3.8391113e+01
   2.2805500e+06   2.1789551e+01
   2.2805710e+06   1.6906738e+01
   2.2805930e+06   2.2827148e+01
   2.2806150e+06   1.7028809e+01
   2.2806300e+06   2.6489258e+01
   2.2806920e+06   3.6743164e+01
   2.2807170e+06   2.4597168e+01
   2.2807330e+06   1.8920898e+01
   2.2807630e+06   1.8249512e+01
   2.2807930e+06   1.8859863e+01
   2.2808690e+06   1.7089844e+01
   2.2809970e+06   2.6245117e+01
   2.2811400e+06   1.8432617e+01
   2.2813460e+06   1.9409180e+01
   2.2842920e+06   1.9775391e+01
   2.2846630e+06   1.7272949e+01
   2.2856070e+06   1.7578125e+01
   2.2861030e+06   1.7456055e+01
   2.2863280e+06   1.8005371e+01
   2.2864320e+06   2.3254395e+01
   2.2864750e+06   1.7089844e+01
   2.2864920e+06   3.0761719e+01
   2.2865610e+06   2.4841309e+01
   2.2865720e+06   1.7700195e+01
   2.2865970e+06   3.1738281e+01
   2.2866250e+06   1.7944336e+01
   2.2866380e+06   1.7211914e+01
   2.2866650e+06   1.9653320e+01
   2.2866850e+06   3.1555176e+01
   2.2867070e+06   3.9733887e+01
   2.2867250e+06   3.6315918e+01
   2.2867520e+06   4.3151855e+01
   2.2867860e+06   5.8349609e+01
   2.2868160e+06   5.7495117e+01
   2.2868410e+06   3.1372070e+01
   2.2868580e+06   2.6977539e+01
   2.2868740e+06   2.5329590e+01
   2.2868990e+06   1.9470215e+01
   2.2869160e+06   2.4597168e+01
   2.2869440e+06   3.0395508e+01
   2.2869720e+06   2.1057129e+01
   2.2869990e+06   2.7160645e+01
   2.2870540e+06   3.5034180e+01
   2.2871070e+06   2.2460938e+01
   2.2871290e+06   2.6062012e+01
   2.2871450e+06   3.7902832e+01
   2.2872240e+06   2.3620605e+01
   2.2872380e+06   2.7587891e+01
   2.2872600e+06   1.8310547e+01
   2.2873110e+06   2.0935059e+01
   2.2873450e+06   2.4475098e+01
   2.2874070e+06   3.0029297e+01
   2.2874270e+06   1.8676758e+01
   2.2875090e+06   1.7028809e+01
   2.2901410e+06   2.0812988e+01
   2.2907020e+06   2.2705078e+01
   2.2907940e+06   1.8615723e+01
   2.2910660e+06   1.9348145e+01
   2.2912900e+06   1.7395020e+01
   2.2913970e+06   2.7893066e+01
   2.2916500e+06   1.9104004e+01
   2.2923490e+06   1.9897461e+01
   2.2923600e+06   2.1301270e+01
   2.2926820e+06   1.8859863e+01
   2.2927150e+06   1.8859863e+01
   2.2928660e+06   2.2766113e+01
   2.2937340e+06   1.7089844e+01
   2.2943690e+06   1.7883301e+01
   2.2945290e+06   2.2583008e+01
   2.2947500e+06   1.7883301e+01
   2.2948150e+06   1.7395020e+01
   2.2948430e+06   2.1972656e+01
   2.2948750e+06   4.0588379e+01
   2.2948910e+06   2.9479980e+01
   2.2949170e+06   2.4414062e+01
   2.2949470e+06   3.7475586e+01
   2.2949710e+06   3.8330078e+01
   2.2949860e+06   2.0751953e+01
   2.2950030e+06   3.5400391e+01
   2.2950210e+06   2.6428223e+01
   2.2950470e+06   3.4973145e+01
   2.2950610e+06   3.6743164e+01
   2.2950720e+06   2.1118164e+01
   2.2951020e+06   2.3437500e+01
   2.2951630e+06   1.9287109e+01
   2.2952520e+06   1.8066406e+01
   2.2952690e+06   2.2888184e+01
   2.2953010e+06   2.7526855e+01
   2.2953130e+06   2.3681641e+01
   2.2953280e+06   4.1198730e+01
   2.2953660e+06   2.4536133e+01
   2.2953940e+06   3.2409668e+01
   2.2954040e+06   2.1423340e+01
   2.2954340e+06   2.0202637e+01
   2.2954620e+06   4.1442871e+01
   2.2954820e+06   2.6794434e+01
   2.2955490e+06   2.2277832e+01
   2.2955700e+06   1.9714355e+01
   2.2955830e+06   1.7028809e+01
   2.2956070e+06   2.0385742e+01
   2.2956560e+06   1.7822266e+01
   2.2981260e+06   1.8249512e+01
   2.2983370e+06   1.9958496e+01
   2.2988130e+06   1.8371582e+01
   2.2988680e+06   1.9042969e+01
   2.2993750e+06   2.3315430e+01
   2.2994160e+06   1.7150879e+01
   2.2994350e+06   2.3986816e+01
   2.2998210e+06   2.3193359e+01
   2.2998470e+06   1.8188477e+01
   2.2998880e+06   2.0690918e+01
   2.2999140e+06   2.2094727e+01
   2.3000100e+06   2.0080566e+01
   2.3004100e+06   1.9409180e+01
   2.3004850e+06   2.5817871e+01
   2.3005630e+06   1.8737793e+01
   2.3011600e+06   2.0080566e+01
   2.3013820e+06   2.9541016e+01
   2.3014530e+06   3.5644531e+01
   2.3014660e+06   1.9897461e+01
   2.3015200e+06   2.2766113e+01
   2.3015520e+06   2.5390625e+01
   2.3015640e+06   2.9296875e+01
   2.3015940e+06   4.9133301e+01
   2.3016090e+06   2.5329590e+01
   2.3016190e+06   4.0405273e+01
   2.3016610e+06   5.2185059e+01
   2.3016800e+06   3.9306641e+01
   2.3017150e+06   4.5532227e+01
   2.3017470e+06   3.4362793e+01
   2.3017840e+06   2.9479980e+01
   2.3018110e+06   2.4963379e+01
   2.3018490e+06   2.3376465e+01
   2.3018630e+06   4.3151855e+01
   2.3019790e+06   1.9775391e+01
   2.3020290e+06   1.6967773e+01
   2.3020740e+06   1.8737793e+01
   2.3021790e+06   1.8737793e+01
   2.3022640e+06   1.7395020e+01
   2.3022740e+06   2.2094727e+01
   2.3027650e+06   1.9104004e+01
   2.3046690e+06   1.7211914e+01
   2.3049170e+06   2.1972656e+01
   2.3051010e+06   1.8188477e+01
   2.3052240e+06   1.6906738e+01
   2.3055140e+06   1.8493652e+01
   2.3056180e+06   1.9104004e+01
   2.3056470e+06   2.3071289e+01
   2.3056910e+06   2.0690918e+01
   2.3057090e+06   1.9714355e+01
   2.3057740e+06   2.1301270e+01
   2.3057950e+06   2.0385742e+01
   2.3058400e+06   2.1301270e+01
   2.3058670e+06   1.8310547e+01
   2.3069070e+06   2.2888184e+01
   2.3072300e+06   2.3376465e+01
   2.3072680e+06   1.7028809e+01
   2.3073670e+06   1.7028809e+01
   2.3074710e+06   2.0385742e+01
   2.3074990e+06   2.1118164e+01
   2.3075360e+06   1.9775391e+01
   2.3075730e+06   2.0751953e+01
   2.3076230e+06   3.0334473e+01
   2.3076530e+06   6.2805176e+01
   2.3076650e+06   4.0161133e+01
   2.3077050e+06   4.6508789e+01
   2.3077390e+06   3.4118652e+01
   2.3077520e+06   4.1198730e+01
   2.3077750e+06   3.6254883e+01
   2.3077970e+06   2.7526855e+01
   2.3078230e+06   4.3579102e+01
   2.3078420e+06   2.4291992e+01
   2.3078560e+06   1.9409180e+01
   2.3078870e+06   2.7099609e+01
   2.3079220e+06   1.7639160e+01
   2.3103800e+06   1.9409180e+01
   2.3107770e+06   1.9104004e+01
   2.3111030e+06   1.7578125e+01
   2.3111790e+06   1.7089844e+01
   2.3112600e+06   2.1606445e+01
   2.3113190e+06   1.7761230e+01
   2.3113480e+06   1.7700195e+01
   2.3116800e+06   1.7089844e+01
   2.3119620e+06   1.7089844e+01
   2.3122420e+06   1.9409180e+01
   2.3123090e+06   1.7272949e+01
   2.3123210e+06   1.9531250e+01
   2.3123400e+06   3.0944824e+01
   2.3124180e+06   2.5268555e+01
   2.3124520e+06   1.8066406e+01
   2.3124630e+06   2.3925781e+01
   2.3124860e+06   2.1240234e+01
   2.3125460e+06   3.3935547e+01
   2.3125710e+06   1.8920898e+01
   2.3126100e+06   2.2460938e+01
   2.3126270e+06   2.6428223e+01
   2.3126510e+06   2.4169922e+01
   2.3126650e+06   2.1057129e+01
   2.3127390e+06   1.8676758e+01
   2.3127680e+06   1.7272949e+01
   2.3147070e+06   2.0019531e+01
   2.3151180e+06   1.7578125e+01
   2.3151420e+06   1.8859863e+01
   2.3152090e+06   1.9042969e+01
   2.3152450e+06   1.8066406e+01
   2.3152560e+06   2.2827148e+01
   2.3152750e+06   1.7517090e+01
   2.3153380e+06   2.1240234e+01
   2.3153680e+06   2.0812988e+01
   2.3153810e+06   2.7832031e+01
   2.3154030e+06   2.3071289e+01
   2.3154230e+06   5.4931641e+01
   2.3154480e+06   3.8085938e+01
   2.3154640e+06   2.0690918e+01
   2.3154990e+06   6.0058594e+01
   2.3155300e+06   6.0058594e+01
   2.3155500e+06   4.0893555e+01
   2.3155640e+06   3.7048340e+01
   2.3155810e+06   2.3132324e+01
   2.3155990e+06   3.2104492e+01
   2.3156160e+06   2.4719238e+01
   2.3156370e+06   3.2653809e+01
   2.3156690e+06   2.2277832e+01
   2.3156800e+06   2.3132324e+01
   2.3157100e+06   2.6245117e+01
   2.3181110e+06   1.7761230e+01
   2.3187900e+06   1.7578125e+01
   2.3188130e+06   2.3254395e+01
   2.3188730e+06   1.8676758e+01
   2.3189340e+06   2.3559570e+01
   2.3189560e+06   1.7333984e+01
   2.3189970e+06   2.0996094e+01
   2.3191110e+06   1.8249512e+01
   2.3191270e+06   2.3193359e+01
   2.3191490e+06   3.9062500e+01
   2.3201160e+06   2.8930664e+01
   2.3201440e+06   1.8371582e+01
   2.3201570e+06   2.6367188e+01
   2.3202460e+06   1.7639160e+01
   2.3202570e+06   2.6794434e+01
   2.3202870e+06   2.1423340e+01
   2.3203010e+06   2.2644043e+01
   2.3203280e+06   4.0344238e+01
   2.3203400e+06   3.7963867e+01
   2.3203680e+06   2.0324707e+01
   2.3203860e+06   4.1931152e+01
   2.3204170e+06   7.4462891e+01
   2.3204270e+06   3.1433105e+01
   2.3204430e+06   1.9165039e+01
   2.3204670e+06   4.8706055e+01
   2.3204780e+06   1.8005371e+01
   2.3205230e+06   4.2236328e+01
   2.3205480e+06   2.6184082e+01
   2.3205610e+06   2.0874023e+01
   2.3205870e+06   1.9042969e+01
   2.3207310e+06   3.5949707e+01
   2.3209220e+06   2.2766113e+01
   2.3233210e+06   1.7395020e+01
   2.3233810e+06   1.8432617e+01
   2.3236510e+06   1.7333984e+01
   2.3236620e+06   1.9531250e+01
   2.3239480e+06   1.8005371e+01
   2.3239760e+06   2.6916504e+01
   2.3239980e+06   4.2053223e+01
   2.3240150e+06   2.0263672e+01
   2.3240550e+06   2.0019531e+01
   2.3240850e+06   3.4118652e+01
   2.3241240e+06   4.9133301e+01
   2.3241380e+06   2.3986816e+01
   2.3241590e+06   1.7089844e+01
   2.3241880e+06   2.3620605e+01
   2.3241990e+06   2.1057129e+01
   2.3242240e+06   2.3193359e+01
   2.3242380e+06   2.2521973e+01
   2.3267670e+06   1.8920898e+01
   2.3268070e+06   2.2033691e+01
   2.3268240e+06   2.5268555e+01
   2.3268550e+06   4.1015625e+01
   2.3268710e+06   4.3212891e+01
   2.3268840e+06   2.0996094e+01
   2.3269020e+06   6.9030762e+01
   2.3269300e+06   5.9631348e+01
   2.3269460e+06   3.6254883e+01
   2.3269680e+06   5.2795410e+01
   2.3269880e+06   2.4780273e+01
   2.3269990e+06   2.3071289e+01
   2.3270150e+06   2.2827148e+01
   2.3270390e+06   2.3742676e+01
   2.3270640e+06   2.3315430e+01
   2.3270840e+06   2.0507812e+01
   2.3270990e+06   1.9714355e+01
   2.3271250e+06   2.2155762e+01
   2.3271600e+06   1.9836426e+01
   2.3271790e+06   1.9531250e+01
   2.3272090e+06   2.2583008e+01
   2.3272760e+06   2.3498535e+01
   2.3272920e+06   1.7089844e+01
   2.3273870e+06   1.9470215e+01
   2.3273970e+06   2.0263672e+01
   2.3275470e+06   2.0568848e+01
   2.3299590e+06   1.7578125e+01
   2.3301430e+06   2.2949219e+01
   2.3301720e+06   2.0751953e+01
   2.3302650e+06   2.7587891e+01
   2.3303310e+06   2.0385742e+01
   2.3303760e+06   2.4963379e+01
   2.3303980e+06   1.9531250e+01
   2.3304250e+06   1.9775391e+01
   2.3305370e+06   3.1250000e+01
   2.3307150e+06   1.8798828e+01
   2.3319430e+06   2.2399902e+01
   2.3319950e+06   1.6906738e+01
   2.3320430e+06   2.3681641e+01
   2.3320640e+06   3.0639648e+01
   2.3321030e+06   2.3681641e+01
   2.3321150e+06   4.6875000e+01
   2.3321340e+06   4.1381836e+01
   2.3321450e+06   1.8310547e+01
   2.3321690e+06   4.3273926e+01
   2.3321880e+06   4.7180176e+01
   2.3322350e+06   4.0710449e+01
   2.3322490e+06   4.4982910e+01
   2.3322780e+06   2.7893066e+01
   2.3322880e+06   1.7883301e+01
   2.3323040e+06   2.9235840e+01
   2.3323360e+06   2.5085449e+01
   2.3323580e+06   1.8920898e+01
   2.3324960e+06   1.6967773e+01
   2.3326100e+06   2.3193359e+01
   2.3328210e+06   1.8981934e+01
   2.3353640e+06   1.8859863e+01
   2.3354170e+06   2.1118164e+01
   2.3354910e+06   3.0151367e+01
   2.3355260e+06   1.9897461e+01
   2.3355470e+06   1.8005371e+01
   2.3356110e+06   1.7089844e+01
   2.3356390e+06   3.4423828e+01
   2.3356710e+06   1.7578125e+01
   2.3357100e+06   2.1911621e+01
   2.3357650e+06   1.9653320e+01
   2.3358760e+06   2.0080566e+01
   2.3358910e+06   4.2236328e+01
   2.3359080e+06   1.7517090e+01
   2.3359570e+06   2.1179199e+01
   2.3360190e+06   2.5207520e+01
   2.3360450e+06   2.1667480e+01
   2.3383530e+06   1.9897461e+01
   2.3384000e+06   3.4729004e+01
   2.3384100e+06   2.2216797e+01
   2.3384430e+06   4.3884277e+01
   2.3384650e+06   3.6071777e+01
   2.3384770e+06   5.9082031e+01
   2.3384970e+06   2.5024414e+01
   2.3385130e+06   4.9072266e+01
   2.3385280e+06   3.9733887e+01
   2.3385640e+06   2.6062012e+01
   2.3385910e+06   2.0874023e+01
   2.3386230e+06   2.5451660e+01
   2.3386580e+06   2.5268555e+01
   2.3386880e+06   2.2888184e+01
   2.3387040e+06   1.7578125e+01
   2.3387600e+06   1.8859863e+01
   2.3388620e+06   1.8249512e+01
   2.3388770e+06   2.5756836e+01
   2.3389300e+06   1.8615723e+01
   2.3389660e+06   2.5085449e+01
   2.3389830e+06   2.3559570e+01
   2.3390070e+06   2.0080566e+01
   2.3391200e+06   1.9226074e+01
   2.3417340e+06   1.7333984e+01
   2.3417520e+06   1.8554688e+01
   2.3421470e+06   1.8371582e+01
   2.3421760e+06   2.7343750e+01
   2.3422810e+06   4.1564941e+01
   2.3422970e+06   1.8859863e+01
   2.3423180e+06   4.7546387e+01
   2.3423600e+06   1.8859863e+01
   2.3423710e+06   4.0100098e+01
   2.3423860e+06   2.0629883e+01
   2.3423980e+06   2.3193359e+01
   2.3424220e+06   4.4982910e+01
   2.3424420e+06   5.2917480e+01
   2.3424630e+06   4.5532227e+01
   2.3424820e+06   3.1127930e+01
   2.3425140e+06   1.9714355e+01
   2.3425260e+06   2.6550293e+01
   2.3452710e+06   2.7099609e+01
   2.3453210e+06   3.2714844e+01
   2.3453500e+06   4.7546387e+01
   2.3453650e+06   2.4353027e+01
   2.3453760e+06   2.6916504e+01
   2.3454030e+06   2.1789551e+01
   2.3454320e+06   2.0202637e+01
   2.3454560e+06   2.9968262e+01
   2.3454780e+06   3.9184570e+01
   2.3454930e+06   3.6132812e+01
   2.3455110e+06   2.3437500e+01
   2.3455210e+06   2.6245117e+01
   2.3455420e+06   2.5024414e+01
   2.3455650e+06   2.1728516e+01
   2.3455780e+06   3.2226562e+01
   2.3484120e+06   1.8493652e+01
   2.3484260e+06   1.7211914e+01
   2.3484470e+06   4.7546387e+01
   2.3484730e+06   1.8676758e+01
   2.3484870e+06   1.8371582e+01
   2.3485100e+06   6.6955566e+01
   2.3485320e+06   2.0141602e+01
   2.3485580e+06   2.3376465e+01
   2.3485680e+06   2.8076172e+01
   2.3485830e+06   5.8532715e+01
   2.3486080e+06   5.4687500e+01
   2.3486240e+06   3.7780762e+01
   2.3486420e+06   2.7893066e+01
   2.3486610e+06   5.9570312e+01
   2.3486960e+06   1.9104004e+01
   2.3487200e+06   3.7841797e+01
   2.3487360e+06   4.7668457e+01
   2.3487790e+06   1.7883301e+01
   2.3516170e+06   1.8066406e+01
   2.3516420e+06   2.7282715e+01
   2.3516630e+06   3.2836914e+01
   2.3516820e+06   2.2766113e+01
   2.3516950e+06   2.1667480e+01
   2.3517180e+06   2.2399902e+01
   2.3517480e+06   3.1738281e+01
   2.3517820e+06   2.4047852e+01
   2.3518100e+06   3.4606934e+01
   2.3518350e+06   1.9653320e+01
   2.3518530e+06   2.1911621e+01
   2.3518650e+06   2.0812988e+01
   2.3519030e+06   1.9775391e+01
   2.3543930e+06   1.8859863e+01
   2.3544050e+06   2.7526855e+01
   2.3544210e+06   2.5207520e+01
   2.3544320e+06   5.5847168e+01
   2.3544510e+06   4.0588379e+01
   2.3544660e+06   3.0151367e+01
   2.3544810e+06   3.6254883e+01
   2.3544970e+06   2.4414062e+01
   2.3545070e+06   4.8950195e+01
   2.3545310e+06   3.1799316e+01
   2.3545450e+06   6.2927246e+01
   2.3545700e+06   2.3681641e+01
   2.3545910e+06   4.3395996e+01
   2.3546350e+06   5.1086426e+01
   2.3546460e+06   2.2521973e+01
   2.3546780e+06   3.3691406e+01
   2.3549640e+06   2.0629883e+01
   2.3550840e+06   1.8432617e+01
   2.3576380e+06   2.0080566e+01
   2.3576570e+06   2.2888184e+01
   2.3576700e+06   3.0456543e+01
   2.3576870e+06   1.9165039e+01
   2.3577220e+06   1.8127441e+01
   2.3577670e+06   3.9916992e+01
   2.3577960e+06   2.2216797e+01
   2.3579560e+06   2.2705078e+01
   2.3599990e+06   2.1301270e+01
   2.3600250e+06   2.8991699e+01
   2.3600360e+06   2.7282715e+01
   2.3600470e+06   2.9174805e+01
   2.3600650e+06   5.8227539e+01
   2.3600790e+06   3.3813477e+01
   2.3601080e+06   6.2866211e+01
   2.3601430e+06   3.7658691e+01
   2.3601770e+06   2.6733398e+01
   2.3602170e+06   2.5573730e+01
   2.3602660e+06   2.1545410e+01
   2.3603700e+06   1.8981934e+01
   2.3604420e+06   2.8381348e+01
   2.3605000e+06   1.8249512e+01
   2.3605290e+06   2.5878906e+01
   2.3606240e+06   2.1362305e+01
   2.3636310e+06   4.8767090e+01
   2.3636430e+06   2.4291992e+01
   2.3636570e+06   2.5390625e+01
   2.3636930e+06   3.1494141e+01
   2.3637150e+06   2.6428223e+01
   2.3637290e+06   6.0546875e+01
   2.3637510e+06   2.1362305e+01
   2.3637620e+06   1.9958496e+01
   2.3637750e+06   2.2949219e+01
   2.3637940e+06   2.2521973e+01
   2.3638150e+06   3.2287598e+01
   2.3638630e+06   2.1728516e+01
   2.3638950e+06   2.1789551e+01
   2.3670010e+06   1.8066406e+01
   2.3670340e+06   1.8005371e+01
   2.3670750e+06   2.2888184e+01
   2.3670880e+06   4.7424316e+01
   2.3671120e+06   5.4687500e+01
   2.3671270e+06   2.4353027e+01
   2.3671480e+06   5.8105469e+01
   2.3671580e+06   1.7395020e+01
   2.3671710e+06   5.7189941e+01
   2.3671950e+06   4.5532227e+01
   2.3672130e+06   4.6813965e+01
   2.3672450e+06   5.4199219e+01
   2.3672650e+06   3.1921387e+01
   2.3672910e+06   2.1057129e+01
   2.3673310e+06   4.5898438e+01
   2.3674010e+06   1.7211914e+01
   2.3675130e+06   1.8676758e+01
   2.3702670e+06   2.6733398e+01
   2.3703190e+06   1.7822266e+01
   2.3704140e+06   1.7150879e+01
   2.3704400e+06   3.1311035e+01
   2.3704550e+06   1.9165039e+01
   2.3705070e+06   1.6906738e+01
   2.3705310e+06   1.9897461e+01
   2.3705550e+06   1.8981934e+01
   2.3705950e+06   1.7089844e+01
   2.3706390e+06   2.3925781e+01
   2.3706680e+06   1.9226074e+01
   2.3706960e+06   2.0751953e+01
   2.3707540e+06   3.3691406e+01
   2.3707850e+06   1.6906738e+01
   2.3708460e+06   2.0690918e+01
   2.3735920e+06   1.7272949e+01
   2.3736360e+06   3.4545898e+01
   2.3736530e+06   3.4362793e+01
   2.3736710e+06   2.7343750e+01
   2.3736930e+06   6.0913086e+01
   2.3737040e+06   3.2714844e+01
   2.3737350e+06   4.9499512e+01
   2.3737570e+06   2.9602051e+01
   2.3737670e+06   2.3742676e+01
   2.3737810e+06   4.5349121e+01
   2.3738090e+06   2.7465820e+01
   2.3738220e+06   3.2470703e+01
   2.3738400e+06   2.1728516e+01
   2.3738570e+06   2.9357910e+01
   2.3738680e+06   1.7944336e+01
   2.3739080e+06   2.0446777e+01
   2.3739410e+06   1.7150879e+01
   2.3740000e+06   1.7089844e+01
   2.3740180e+06   2.0874023e+01
   2.3741080e+06   1.8493652e+01
   2.3742060e+06   1.9653320e+01
   2.3742980e+06   1.9104004e+01
   2.3743450e+06   2.8686523e+01
   2.3772330e+06   2.6428223e+01
   2.3772500e+06   4.0588379e+01
   2.3772720e+06   3.6071777e+01
   2.3772840e+06   2.0446777e+01
   2.3773020e+06   6.2622070e+01
   2.3773190e+06   3.6437988e+01
   2.3773530e+06   3.6010742e+01
   2.3773700e+06   4.3334961e+01
   2.3773800e+06   3.7109375e+01
   2.3774170e+06   2.4658203e+01
   2.3774470e+06   2.2644043e+01
   2.3774840e+06   2.0812988e+01
   2.3775040e+06   1.7517090e+01
   2.3805930e+06   1.7028809e+01
   2.3806370e+06   1.6967773e+01
   2.3806630e+06   5.6274414e+01
   2.3806730e+06   3.2348633e+01
   2.3806840e+06   3.9367676e+01
   2.3807080e+06   2.8625488e+01
   2.3807290e+06   3.1433105e+01
   2.3807460e+06   3.6315918e+01
   2.3807570e+06   2.3498535e+01
   2.3807740e+06   2.5878906e+01
   2.3807950e+06   4.2297363e+01
   2.3808090e+06   2.5085449e+01
   2.3808370e+06   3.3813477e+01
   2.3808580e+06   2.3803711e+01
   2.3808870e+06   2.9235840e+01
   2.3809040e+06   1.9897461e+01
   2.3811370e+06   1.9287109e+01
   2.3811530e+06   2.3010254e+01
   2.3811630e+06   2.1484375e+01
   2.3838850e+06   1.8493652e+01
   2.3839290e+06   3.2104492e+01
   2.3839450e+06   4.1564941e+01
   2.3839730e+06   4.2053223e+01
   2.3839850e+06   2.1301270e+01
   2.3839960e+06   2.9541016e+01
   2.3840410e+06   3.2165527e+01
   2.3840680e+06   1.8737793e+01
   2.3840780e+06   2.4108887e+01
   2.3841050e+06   2.2521973e+01
   2.3841580e+06   1.7883301e+01
   2.3871800e+06   2.3864746e+01
   2.3872020e+06   3.8452148e+01
   2.3872150e+06   5.2368164e+01
   2.3872350e+06   6.3049316e+01
   2.3872540e+06   2.9541016e+01
   2.3872660e+06   4.0588379e+01
   2.3872820e+06   3.6926270e+01
   2.3872960e+06   2.4658203e+01
   2.3873140e+06   3.9306641e+01
   2.3873390e+06   2.3254395e+01
   2.3873710e+06   2.1179199e+01
   2.3873960e+06   2.2705078e+01
   2.3874460e+06   2.4597168e+01
   2.3874970e+06   2.5024414e+01
   2.3875460e+06   1.8676758e+01
   2.3875710e+06   1.7272949e+01
   2.3876850e+06   2.2521973e+01
   2.3877130e+06   1.6906738e+01
   2.3878520e+06   1.7822266e+01
   2.3879390e+06   1.9042969e+01
   2.3884530e+06   2.1179199e+01
   2.3909510e+06   1.8737793e+01
   2.3909660e+06   1.8188477e+01
   2.3909960e+06   3.7048340e+01
   2.3910210e+06   3.3996582e+01
   2.3910350e+06   3.3630371e+01
   2.3910530e+06   4.6691895e+01
   2.3910750e+06   3.9245605e+01
   2.3910900e+06   5.3955078e+01
   2.3911040e+06   4.6325684e+01
   2.3911270e+06   3.3142090e+01
   2.3911560e+06   4.1198730e+01
   2.3911750e+06   1.7028809e+01
   2.3912090e+06   3.4729004e+01
   2.3912340e+06   2.2277832e+01
   2.3912970e+06   1.8310547e+01
   2.3945840e+06   1.7639160e+01
   2.3946100e+06   5.4748535e+01
   2.3946240e+06   4.9621582e+01
   2.3946470e+06   5.0354004e+01
   2.3946680e+06   5.5480957e+01
   2.3946910e+06   5.7006836e+01
   2.3947080e+06   2.9296875e+01
   2.3947450e+06   3.6010742e+01
   2.3947690e+06   2.1362305e+01
   2.3947850e+06   2.0202637e+01
   2.3947970e+06   2.3498535e+01
   2.3948220e+06   3.6437988e+01
   2.3961580e+06   1.7761230e+01
   2.3984480e+06   2.0812988e+01
   2.3984810e+06   4.8645020e+01
   2.3985070e+06   4.4250488e+01
   2.3985190e+06   1.7639160e+01
   2.3985370e+06   2.3071289e+01
   2.3985640e+06   2.5390625e+01
   2.3985740e+06   4.0466309e+01
   2.3986010e+06   3.2897949e+01
   2.3986300e+06   4.2602539e+01
   2.3986560e+06   1.9836426e+01
   2.3986860e+06   5.3466797e+01
   2.3987210e+06   2.0324707e+01
   2.3987860e+06   1.7700195e+01
   2.4020280e+06   2.7526855e+01
   2.4020480e+06   4.2907715e+01
   2.4020580e+06   4.0954590e+01
   2.4020790e+06   2.6367188e+01
   2.4020970e+06   3.8085938e+01
   2.4021210e+06   3.4484863e+01
   2.4021410e+06   2.3498535e+01
   2.4021690e+06   4.2968750e+01
   2.4022060e+06   3.9978027e+01
   2.4022230e+06   3.1555176e+01
   2.4056100e+06   2.8137207e+01
   2.4056230e+06   4.4555664e+01
   2.4056540e+06   4.5715332e+01
   2.4056720e+06   3.8269043e+01
   2.4056940e+06   5.2673340e+01
   2.4057170e+06   4.3701172e+01
   2.4057420e+06   3.4484863e+01
   2.4057640e+06   3.3447266e+01
   2.4057840e+06   1.9042969e+01
   2.4058090e+06   1.9104004e+01
   2.4058210e+06   3.3447266e+01
   2.4058570e+06   2.6245117e+01
   2.4058860e+06   1.8066406e+01
   2.4061500e+06   1.7150879e+01
   2.4061630e+06   1.7456055e+01
   2.4098500e+06   2.2216797e+01
   2.4098840e+06   5.0048828e+01
   2.4099090e+06   4.7851562e+01
   2.4099260e+06   3.4362793e+01
   2.4099500e+06   3.5461426e+01
   2.4099680e+06   3.8757324e+01
   2.4099820e+06   1.8249512e+01
   2.4099970e+06   3.5949707e+01
   2.4100290e+06   2.6062012e+01
   2.4100530e+06   2.2094727e+01
   2.4100710e+06   2.2949219e+01
   2.4102130e+06   2.0874023e+01
   2.4102860e+06   1.7639160e+01
   2.4103260e+06   1.8066406e+01
   2.4105800e+06   1.7456055e+01
   2.4143170e+06   1.9592285e+01
   2.4143460e+06   3.8024902e+01
   2.4143680e+06   4.5043945e+01
   2.4143940e+06   3.1738281e+01
   2.4144060e+06   5.7922363e+01
   2.4144450e+06   6.1035156e+01
   2.4144730e+06   2.1911621e+01
   2.4144950e+06   2.9907227e+01
   2.4145280e+06   3.6010742e+01
   2.4145680e+06   2.5146484e+01
   2.4146160e+06   2.6000977e+01
   2.4147160e+06   1.7578125e+01
   2.4147320e+06   1.7639160e+01
   2.4186630e+06   2.2827148e+01
   2.4187070e+06   1.8127441e+01
   2.4187170e+06   5.7861328e+01
   2.4187530e+06   3.5827637e+01
   2.4187730e+06   3.3752441e+01
   2.4188040e+06   4.6936035e+01
   2.4188360e+06   4.8217773e+01
   2.4188640e+06   3.4301758e+01
   2.4188810e+06   1.7639160e+01
   2.4188940e+06   3.0944824e+01
   2.4189230e+06   2.0507812e+01
   2.4189330e+06   1.7150879e+01
   2.4190070e+06   2.0141602e+01
   2.4192440e+06   1.9592285e+01
   2.4233210e+06   2.0568848e+01
   2.4233460e+06   5.1086426e+01
   2.4233650e+06   3.9550781e+01
   2.4233850e+06   3.4484863e+01
   2.4234150e+06   6.0241699e+01
   2.4234460e+06   5.3527832e+01
   2.4234640e+06   2.9846191e+01
   2.4234940e+06   1.8188477e+01
   2.4235180e+06   1.9042969e+01
   2.4235500e+06   2.2521973e+01
   2.4235630e+06   2.1667480e+01
   2.4236340e+06   1.9531250e+01
   2.4236980e+06   1.7761230e+01
   2.4237590e+06   1.7333984e+01
   2.4237790e+06   2.0812988e+01
   2.4238630e+06   1.9653320e+01
   2.4240460e+06   1.8310547e+01
   2.4280490e+06   1.8127441e+01
   2.4280920e+06   2.3803711e+01
   2.4281060e+06   5.3649902e+01
   2.4281260e+06   2.2033691e+01
   2.4281370e+06   3.9855957e+01
   2.4281560e+06   4.0466309e+01
   2.4281760e+06   5.3710938e+01
   2.4282030e+06   2.5573730e+01
   2.4282230e+06   4.7546387e+01
   2.4282510e+06   2.5085449e+01
   2.4282710e+06   4.1137695e+01
   2.4283080e+06   1.7395020e+01
   2.4283250e+06   1.8127441e+01
   2.4283460e+06   1.7150879e+01
   2.4284300e+06   2.2033691e+01
   2.4284640e+06   2.0202637e+01
   2.4284790e+06   1.7211914e+01
   2.4329990e+06   2.2583008e+01
   2.4330300e+06   5.1269531e+01
   2.4330540e+06   4.7241211e+01
   2.4330700e+06   3.7841797e+01
   2.4331030e+06   5.8898926e+01
   2.4331280e+06   2.3986816e+01
   2.4331380e+06   2.7038574e+01
   2.4331500e+06   3.5339355e+01
   2.4331860e+06   3.8757324e+01
   2.4332140e+06   2.3498535e+01
   2.4332440e+06   1.7822266e+01
   2.4332580e+06   1.7456055e+01
   2.4334110e+06   1.7700195e+01
   2.4334680e+06   3.4240723e+01
   2.4335440e+06   1.9348145e+01
   2.4336460e+06   2.1484375e+01
   2.4338410e+06   1.8188477e+01
   2.4381770e+06   4.7607422e+01
   2.4381890e+06   5.3649902e+01
   2.4382140e+06   6.2500000e+01
   2.4382250e+06   1.8920898e+01
   2.4382380e+06   4.5410156e+01
   2.4382590e+06   5.7189941e+01
   2.4382790e+06   3.7597656e+01
   2.4383010e+06   2.8320312e+01
   2.4383170e+06   2.8503418e+01
   2.4383460e+06   1.7944336e+01
   2.4383740e+06   1.8859863e+01
   2.4384060e+06   1.9104004e+01
   2.4384160e+06   2.6184082e+01
   2.4384950e+06   2.0080566e+01
   2.4385250e+06   1.8005371e+01
   2.4385830e+06   1.8371582e+01
   2.4386080e+06   2.4291992e+01
   2.4386680e+06   1.8310547e+01
   2.4387140e+06   2.1118164e+01
   2.4387280e+06   1.7639160e+01
   2.4388130e+06   1.7211914e+01
   2.4437800e+06   1.9409180e+01
   2.4438080e+06   4.4311523e+01
   2.4438230e+06   3.2714844e+01
   2.4438360e+06   3.8330078e+01
   2.4438650e+06   3.6071777e+01
   2.4438750e+06   3.9489746e+01
   2.4438940e+06   3.5034180e+01
   2.4439170e+06   3.4973145e+01
   2.4439400e+06   3.1555176e+01
   2.4439610e+06   1.9409180e+01
   2.4439800e+06   3.1311035e+01
   2.4440170e+06   1.9042969e+01
   2.4440310e+06   1.8737793e+01
   2.4440960e+06   1.8737793e+01
   2.4441210e+06   2.0996094e+01
   2.4441480e+06   2.1728516e+01
   2.4441810e+06   2.4841309e+01
   2.4442640e+06   4.0588379e+01
   2.4443760e+06   1.8432617e+01
   2.4444270e+06   2.0446777e+01
   2.4451950e+06   3.3203125e+01
   2.4484540e+06   2.2583008e+01
   2.4484700e+06   2.1423340e+01
   2.4484970e+06   5.0781250e+01
   2.4485280e+06   5.7006836e+01
   2.4485620e+06   4.1137695e+01
   2.4485740e+06   3.5705566e+01
   2.4486070e+06   2.9907227e+01
   2.4486250e+06   4.2907715e+01
   2.4486450e+06   3.6254883e+01
   2.4486610e+06   3.5644531e+01
   2.4486820e+06   5.0292969e+01
   2.4486980e+06   2.9418945e+01
   2.4537270e+06   1.7272949e+01
   2.4537600e+06   3.5217285e+01
   2.4537700e+06   4.2663574e+01
   2.4537840e+06   4.4311523e+01
   2.4537990e+06   6.1279297e+01
   2.4538230e+06   6.0852051e+01
   2.4538550e+06   3.4240723e+01
   2.4538810e+06   3.5156250e+01
   2.4539100e+06   3.1066895e+01
   2.4539420e+06   3.8879395e+01
   2.4539980e+06   1.6906738e+01
   2.4540480e+06   2.1362305e+01
   2.4541270e+06   1.9531250e+01
   2.4541760e+06   3.0883789e+01
   2.4542060e+06   2.8808594e+01
   2.4542300e+06   1.9226074e+01
   2.4542970e+06   1.9714355e+01
   2.4544950e+06   1.8493652e+01
   2.4545480e+06   1.6906738e+01
   2.4600420e+06   2.0874023e+01
   2.4600600e+06   7.9467773e+01
   2.4600840e+06   4.6813965e+01
   2.4601120e+06   5.6213379e+01
   2.4601260e+06   2.1850586e+01
   2.4601440e+06   3.0700684e+01
   2.4601620e+06   3.0761719e+01
   2.4601800e+06   3.0761719e+01
   2.4601950e+06   1.9531250e+01
   2.4602050e+06   2.0080566e+01
   2.4602330e+06   1.9592285e+01
   2.4602700e+06   1.7883301e+01
   2.4602910e+06   3.0822754e+01
   2.4603100e+06   1.7639160e+01
   2.4604120e+06   2.1789551e+01
   2.4604700e+06   1.7944336e+01
   2.4604820e+06   2.7770996e+01
   2.4605100e+06   2.1423340e+01
   2.4605270e+06   1.9165039e+01
   2.4605860e+06   2.9113770e+01
   2.4606130e+06   3.0334473e+01
   2.4606940e+06   1.7456055e+01
   2.4607660e+06   1.7883301e+01
   2.4665570e+06   1.7333984e+01
   2.4665780e+06   3.2775879e+01
   2.4665950e+06   6.0058594e+01
   2.4666170e+06   4.7241211e+01
   2.4666430e+06   4.6936035e+01
   2.4666590e+06   3.7231445e+01
   2.4666710e+06   4.4128418e+01
   2.4666880e+06   2.4719238e+01
   2.4667070e+06   4.2602539e+01
   2.4667350e+06   3.7292480e+01
   2.4667520e+06   2.7221680e+01
   2.4667680e+06   2.3925781e+01
   2.4668190e+06   2.9296875e+01
   2.4668360e+06   2.6306152e+01
   2.4668580e+06   1.8310547e+01
   2.4668690e+06   1.6967773e+01
   2.4669420e+06   2.2338867e+01
   2.4669750e+06   2.4047852e+01
   2.4670370e+06   3.0761719e+01
   2.4670710e+06   1.7883301e+01
   2.4671570e+06   2.4414062e+01
   2.4671740e+06   2.3437500e+01
   2.4672880e+06   1.9287109e+01
   2.4727460e+06   1.7517090e+01
   2.4727620e+06   3.3630371e+01
   2.4727790e+06   7.7575684e+01
   2.4728000e+06   2.4169922e+01
   2.4728250e+06   3.0578613e+01
   2.4728420e+06   6.2683105e+01
   2.4728580e+06   4.6447754e+01
   2.4728680e+06   2.6977539e+01
   2.4728840e+06   4.6508789e+01
   2.4729010e+06   5.0781250e+01
   2.4729240e+06   2.2705078e+01
   2.4729540e+06   1.9958496e+01
   2.4729660e+06   2.3742676e+01
   2.4730010e+06   3.1372070e+01
   2.4730190e+06   2.9296875e+01
   2.4730550e+06   1.9470215e+01
   2.4730750e+06   2.1789551e+01
   2.4731240e+06   2.6184082e+01
   2.4731660e+06   1.7578125e+01
   2.4732300e+06   2.0507813e+01
   2.4732480e+06   2.1667480e+01
   2.4732700e+06   2.2216797e+01
   2.4733950e+06   1.9470215e+01
   2.4734180e+06   2.4047852e+01
   2.4735700e+06   1.7089844e+01
   2.4736240e+06   1.9653320e+01
   2.4796700e+06   2.3254395e+01
   2.4796820e+06   2.9296875e+01
   2.4797020e+06   9.0576172e+01
   2.4797290e+06   4.7180176e+01
   2.4797490e+06   3.6621094e+01
   2.4797620e+06   4.1137695e+01
   2.4797770e+06   4.0161133e+01
   2.4798010e+06   5.0659180e+01
   2.4798290e+06   4.0405273e+01
   2.4798490e+06   3.0883789e+01
   2.4798880e+06   2.8137207e+01
   2.4799190e+06   2.7832031e+01
   2.4799590e+06   2.1423340e+01
   2.4799750e+06   1.7883301e+01
   2.4800180e+06   1.7333984e+01
   2.4800330e+06   3.2226562e+01
   2.4800480e+06   1.7333984e+01
   2.4800620e+06   1.7822266e+01
   2.4800790e+06   2.0874023e+01
   2.4801220e+06   3.2104492e+01
   2.4801400e+06   1.7211914e+01
   2.4801770e+06   2.5634766e+01
   2.4802120e+06   2.1545410e+01
   2.4802630e+06   2.0812988e+01
   2.4803030e+06   2.0629883e+01
   2.4803670e+06   1.9958496e+01
   2.4804260e+06   1.8859863e+01
   2.4817410e+06   1.8432617e+01
   2.4873240e+06   1.8188477e+01
   2.4873440e+06   2.5634766e+01
   2.4873570e+06   5.9692383e+01
   2.4873840e+06   4.2297363e+01
   2.4873990e+06   5.2551270e+01
   2.4874130e+06   3.2958984e+01
   2.4874260e+06   2.0507812e+01
   2.4874370e+06   1.7150879e+01
   2.4874530e+06   4.4860840e+01
   2.4874850e+06   2.9357910e+01
   2.4875110e+06   2.3986816e+01
   2.4875310e+06   3.1982422e+01
   2.4875500e+06   2.9174805e+01
   2.4875690e+06   1.8005371e+01
   2.4875860e+06   2.2094727e+01
   2.4876710e+06   2.2216797e+01
   2.4876950e+06   2.5817871e+01
   2.4877410e+06   4.4433594e+01
   2.4878070e+06   2.8686523e+01
   2.4878330e+06   4.4738770e+01
   2.4878870e+06   2.6306152e+01
   2.4879030e+06   1.8188477e+01
   2.4879420e+06   2.2155762e+01
   2.4879720e+06   1.7089844e+01
   2.4880260e+06   2.2644043e+01
   2.4881910e+06   1.8859863e+01
   2.4883580e+06   2.2460938e+01
   2.4940390e+06   1.9653320e+01
   2.4940640e+06   2.9418945e+01
   2.4940890e+06   5.1818848e+01
   2.4941190e+06   2.8137207e+01
   2.4941390e+06   8.0322266e+01
   2.4941540e+06   4.5654297e+01
   2.4941880e+06   3.4545898e+01
   2.4942060e+06   3.4667969e+01
   2.4942270e+06   3.4240723e+01
   2.4942450e+06   3.3630371e+01
   2.4942780e+06   3.2836914e+01
   2.4943090e+06   3.6254883e+01
   2.4943570e+06   2.5878906e+01
   2.4943720e+06   2.1972656e+01
   2.4944490e+06   2.6062012e+01
   2.4945210e+06   1.8310547e+01
   2.4945390e+06   2.1484375e+01
   2.4945610e+06   2.3620605e+01
   2.4947660e+06   1.7761230e+01
   2.4947920e+06   3.2897949e+01
   2.4954360e+06   1.8371582e+01
   2.5017660e+06   2.0996094e+01
   2.5017870e+06   4.1137695e+01
   2.5018040e+06   6.2683105e+01
   2.5018180e+06   7.6904297e+01
   2.5018480e+06   3.9428711e+01
   2.5018590e+06   5.6213379e+01
   2.5018970e+06   4.3395996e+01
   2.5019200e+06   3.3203125e+01
   2.5019400e+06   1.9287109e+01
   2.5019840e+06   2.5634766e+01
   2.5020000e+06   1.7150879e+01
   2.5020560e+06   2.1911621e+01
   2.5020680e+06   3.0822754e+01
   2.5021360e+06   2.0629883e+01
   2.5021620e+06   3.2958984e+01
   2.5021860e+06   2.2766113e+01
   2.5021960e+06   1.9165039e+01
   2.5022250e+06   2.1606445e+01
   2.5022510e+06   3.1860352e+01
   2.5022660e+06   2.8747559e+01
   2.5022760e+06   1.9714355e+01
   2.5023250e+06   1.7700195e+01
   2.5023450e+06   3.5400391e+01
   2.5023950e+06   2.2460938e+01
   2.5024450e+06   1.8432617e+01
   2.5025370e+06   1.9531250e+01
   2.5026080e+06   2.5634766e+01
   2.5027500e+06   1.7089844e+01
   2.5032240e+06   1.7028809e+01
   2.5110020e+06   3.4851074e+01
   2.5110260e+06   8.2092285e+01
   2.5110560e+06   4.7546387e+01
   2.5110680e+06   6.8237305e+01
   2.5110840e+06   2.1179199e+01
   2.5111080e+06   4.1503906e+01
   2.5111240e+06   4.2968750e+01
   2.5111350e+06   4.0466309e+01
   2.5111490e+06   1.8127441e+01
   2.5111680e+06   2.4780273e+01
   2.5112020e+06   2.6733398e+01
   2.5112330e+06   2.1118164e+01
   2.5112580e+06   2.4475098e+01
   2.5112930e+06   3.0578613e+01
   2.5113030e+06   2.0385742e+01
   2.5113380e+06   2.0141602e+01
   2.5113610e+06   2.6794434e+01
   2.5113820e+06   2.5817871e+01
   2.5114420e+06   3.8513184e+01
   2.5114520e+06   3.1494141e+01
   2.5115010e+06   1.9226074e+01
   2.5115420e+06   4.5288086e+01
   2.5115790e+06   2.6428223e+01
   2.5115920e+06   1.9836426e+01
   2.5116180e+06   1.7822266e+01
   2.5124780e+06   1.7150879e+01
   2.5200190e+06   2.2094727e+01
   2.5200300e+06   3.4057617e+01
   2.5200490e+06   2.4291992e+01
   2.5200600e+06   3.6071777e+01
   2.5200830e+06   2.9846191e+01
   2.5200980e+06   8.0505371e+01
   2.5201250e+06   5.0170898e+01
   2.5201360e+06   1.7333984e+01
   2.5201460e+06   4.4982910e+01
   2.5201640e+06   3.0578613e+01
   2.5201880e+06   3.4057617e+01
   2.5202210e+06   2.6306152e+01
   2.5202320e+06   1.8676758e+01
   2.5202600e+06   2.0690918e+01
   2.5202710e+06   1.8432617e+01
   2.5203040e+06   1.8432617e+01
   2.5203500e+06   2.6611328e+01
   2.5203690e+06   2.6916504e+01
   2.5203850e+06   2.0324707e+01
   2.5204030e+06   1.9836426e+01
   2.5204500e+06   1.8493652e+01
   2.5204810e+06   1.8432617e+01
   2.5205320e+06   4.6875000e+01
   2.5205610e+06   2.0141602e+01
   2.5206380e+06   2.4658203e+01
   2.5206620e+06   2.1545410e+01
   2.5210100e+06   1.7089844e+01
   2.5288080e+06   1.7395020e+01
   2.5288230e+06   2.7832031e+01
   2.5288430e+06   8.7646484e+01
   2.5288730e+06   3.0151367e+01
   2.5288890e+06   6.7443848e+01
   2.5289240e+06   6.2561035e+01
   2.5289470e+06   3.0517578e+01
   2.5289640e+06   4.1198730e+01
   2.5289870e+06   3.5644531e+01
   2.5290190e+06   3.6254883e+01
   2.5290430e+06   1.9775391e+01
   2.5290630e+06   3.0090332e+01
   2.5290840e+06   2.1057129e+01
   2.5290980e+06   2.4230957e+01
   2.5291260e+06   1.9409180e+01
   2.5291570e+06   2.0019531e+01
   2.5291770e+06   2.4963379e+01
   2.5292100e+06   2.1423340e+01
   2.5292300e+06   2.8808594e+01
   2.5292650e+06   2.2827148e+01
   2.5292800e+06   3.2897949e+01
   2.5293090e+06   2.5390625e+01
   2.5293400e+06   1.7700195e+01
   2.5294130e+06   2.4230957e+01
   2.5294240e+06   2.5268555e+01
   2.5295340e+06   1.8798828e+01
   2.5295690e+06   2.0690918e+01
   2.5297160e+06   1.7761230e+01
   2.5303500e+06   1.7150879e+01
   2.5384380e+06   2.6733398e+01
   2.5384650e+06   7.1533203e+01
   2.5384920e+06   3.8452148e+01
   2.5385090e+06   7.5317383e+01
   2.5385360e+06   5.3039551e+01
   2.5385540e+06   3.9062500e+01
   2.5385720e+06   3.1250000e+01
   2.5385890e+06   4.1564941e+01
   2.5386090e+06   1.8554688e+01
   2.5386270e+06   1.9104004e+01
   2.5386370e+06   2.5024414e+01
   2.5386690e+06   2.0080566e+01
   2.5387010e+06   2.5451660e+01
   2.5387160e+06   2.2399902e+01
   2.5387360e+06   3.4484863e+01
   2.5387690e+06   3.2043457e+01
   2.5387820e+06   4.4677734e+01
   2.5388500e+06   2.5878906e+01
   2.5388690e+06   2.7893066e+01
   2.5388830e+06   4.7180176e+01
   2.5389190e+06   1.8493652e+01
   2.5389480e+06   2.1301270e+01
   2.5389620e+06   2.4230957e+01
   2.5390170e+06   1.7150879e+01
   2.5390310e+06   3.4667969e+01
   2.5390670e+06   2.3803711e+01
   2.5391190e+06   1.8676758e+01
   2.5395180e+06   1.7028809e+01
   2.5400100e+06   1.7150879e+01
   2.5495770e+06   1.7333984e+01
   2.5495970e+06   1.8249512e+01
   2.5496300e+06   7.6965332e+01
   2.5496400e+06   4.1381836e+01
   2.5496640e+06   1.0900879e+02
   2.5496860e+06   4.0588379e+01
   2.5497020e+06   5.9997559e+01
   2.5497180e+06   4.9377441e+01
   2.5497360e+06   3.9794922e+01
   2.5497750e+06   3.4545898e+01
   2.5497870e+06   4.1076660e+01
   2.5498180e+06   3.6682129e+01
   2.5498340e+06   2.3254395e+01
   2.5498650e+06   1.7761230e+01
   2.5498870e+06   3.1066895e+01
   2.5499410e+06   1.9836426e+01
   2.5499740e+06   4.6508789e+01
   2.5500290e+06   2.1240234e+01
   2.5500790e+06   2.5939941e+01
   2.5500940e+06   2.8625488e+01
   2.5501230e+06   2.5512695e+01
   2.5501780e+06   1.9653320e+01
   2.5501930e+06   3.6926270e+01
   2.5502430e+06   3.1921387e+01
   2.5502950e+06   2.1484375e+01
   2.5504300e+06   1.7822266e+01
   2.5505620e+06   1.8798828e+01
   2.5593120e+06   2.1423340e+01
   2.5593280e+06   2.6062012e+01
   2.5593630e+06   7.7392578e+01
   2.5593980e+06   7.4401855e+01
   2.5594090e+06   4.0039062e+01
   2.5594410e+06   6.4819336e+01
   2.5594550e+06   5.0354004e+01
   2.5594950e+06   3.3874512e+01
   2.5595260e+06   3.6499023e+01
   2.5595360e+06   1.8310547e+01
   2.5595500e+06   2.0996094e+01
   2.5595720e+06   2.0568848e+01
   2.5596170e+06   2.4291992e+01
   2.5596470e+06   2.6428223e+01
   2.5597260e+06   1.8066406e+01
   2.5597450e+06   3.6804199e+01
   2.5598170e+06   1.6906738e+01
   2.5598530e+06   2.2827148e+01
   2.5598640e+06   2.3742676e+01
   2.5599200e+06   4.5227051e+01
   2.5599360e+06   2.0996094e+01
   2.5599670e+06   2.4230957e+01
   2.5599770e+06   1.7333984e+01
   2.5600550e+06   1.8737793e+01
   2.5602840e+06   1.7395020e+01
   2.5765860e+06   1.8493652e+01
   2.5766030e+06   2.5024414e+01
   2.5766300e+06   6.5002441e+01
   2.5766660e+06   5.2246094e+01
   2.5766760e+06   9.3811035e+01
   2.5766980e+06   4.9255371e+01
   2.5767160e+06   6.1218262e+01
   2.5767320e+06   4.2114258e+01
   2.5767570e+06   2.4658203e+01
   2.5767790e+06   2.4658203e+01
   2.5767960e+06   3.2409668e+01
   2.5768240e+06   2.0202637e+01
   2.5768510e+06   3.0517578e+01
   2.5768830e+06   3.4790039e+01
   2.5768980e+06   2.8259277e+01
   2.5769180e+06   1.7150879e+01
   2.5769630e+06   1.9104004e+01
   2.5769910e+06   2.2094727e+01
   2.5770280e+06   2.2583008e+01
   2.5770590e+06   2.1972656e+01
   2.5770700e+06   2.8381348e+01
   2.5771000e+06   4.9072266e+01
   2.5771290e+06   2.6123047e+01
   2.5771630e+06   2.8564453e+01
   2.5772220e+06   2.3254395e+01
   2.5772380e+06   2.3803711e+01
   2.5773190e+06   1.7028809e+01
   2.5774030e+06   1.8188477e+01
   2.5775350e+06   3.1005859e+01
   2.8521460e+06   2.0080566e+01
   2.8521600e+06   1.9104004e+01
   2.8522140e+06   2.3376465e+01
   2.8522630e+06   1.9409180e+01
   2.8522780e+06   1.7639160e+01
   2.8711430e+06   1.7333984e+01
   2.8723870e+06   1.9104004e+01
   2.8888370e+06   1.8188477e+01
   2.8888650e+06   2.4780273e+01
   2.8888770e+06   1.9714355e+01
   2.8889230e+06   2.7832031e+01
   2.8889370e+06   2.2827148e+01
   2.8889890e+06   2.6489258e+01
   2.8890250e+06   2.1484375e+01
   2.8890560e+06   2.9174805e+01
   2.8890770e+06   2.6367188e+01
   2.8891050e+06   2.1911621e+01
   2.8891250e+06   2.9541016e+01
   2.8891780e+06   2.5024414e+01
   2.8892230e+06   2.0812988e+01
   2.8892330e+06   2.5817871e+01
   2.8892520e+06   1.8066406e+01
   2.8892780e+06   2.5512695e+01
   2.8893070e+06   1.7700195e+01
   2.8893380e+06   2.2888184e+01
   2.8893800e+06   1.9104004e+01
   2.8894200e+06   1.7333984e+01
   2.8894420e+06   2.5878906e+01
   2.8894690e+06   2.2521973e+01
   2.8895060e+06   1.7944336e+01
   2.8895830e+06   1.7578125e+01
   2.8895960e+06   1.7089844e+01
   2.8896780e+06   4.1259766e+01
   2.8897020e+06   1.8798828e+01
   2.8897590e+06   2.4353027e+01
   2.8897820e+06   1.8737793e+01
   2.8898060e+06   1.7639160e+01
   2.8898500e+06   2.1850586e+01
   2.8899240e+06   2.6733398e+01
   2.8900040e+06   1.7822266e+01
   2.8900250e+06   1.8249512e+01
   2.8901980e+06   2.1484375e+01
   2.8902680e+06   1.7578125e+01
   2.8903800e+06   1.7333984e+01
   2.8905200e+06   1.7761230e+01
   2.9350260e+06   2.1911621e+01
   2.9350480e+06   2.6245117e+01
   2.9350890e+06   2.7465820e+01
   2.9351230e+06   2.7648926e+01
   2.9351430e+06   1.9836426e+01
   2.9351550e+06   1.8371582e+01
   2.9351740e+06   4.6691895e+01
   2.9351920e+06   2.4108887e+01
   2.9352230e+06   4.9682617e+01
   2.9352450e+06   2.2399902e+01
   2.9352580e+06   2.2583008e+01
   2.9352870e+06   2.2949219e+01
   2.9353040e+06   2.9418945e+01
   2.9353250e+06   2.0385742e+01
   2.9353450e+06   2.4230957e+01
   2.9353570e+06   1.8859863e+01
   2.9353880e+06   1.8981934e+01
   2.9354310e+06   1.7150879e+01
   2.9354540e+06   1.9104004e+01
   2.9354710e+06   1.7211914e+01
   2.9355030e+06   1.7761230e+01
   2.9355310e+06   2.2399902e+01
   2.9356210e+06   2.1789551e+01
   2.9356360e+06   2.6306152e+01
   2.9356930e+06   1.7272949e+01
   2.9357270e+06   2.0202637e+01
   2.9357440e+06   1.7395020e+01
   2.9358230e+06   1.7944336e+01
   2.9358480e+06   2.3986816e+01
   2.9359040e+06   2.0324707e+01
   2.9359670e+06   1.7700195e+01
   2.9360340e+06   2.0263672e+01
   2.9361500e+06   2.3132324e+01
   2.9362450e+06   1.7333984e+01
   2.9362660e+06   1.8310547e+01
   2.9362820e+06   1.6906738e+01
   2.9363340e+06   1.9958496e+01
   2.9364640e+06   2.0874023e+01
   2.9364810e+06   1.7883301e+01
   2.9365700e+06   1.7883301e+01
   2.9816960e+06   2.2705078e+01
   2.9817630e+06   1.9104004e+01
   2.9817910e+06   2.4902344e+01
   2.9818190e+06   3.4851074e+01
   2.9818290e+06   1.9958496e+01
   2.9818570e+06   3.9001465e+01
   2.9818810e+06   2.9418945e+01
   2.9818970e+06   1.9165039e+01
   2.9819210e+06   5.3955078e+01
   2.9819390e+06   2.4841309e+01
   2.9819560e+06   2.3010254e+01
   2.9819830e+06   2.8747559e+01
   2.9820090e+06   2.7221680e+01
   2.9820280e+06   1.8737793e+01
   2.9820580e+06   2.5756836e+01
   2.9820690e+06   2.0996094e+01
   2.9821020e+06   1.8859863e+01
   2.9821390e+06   2.2216797e+01
   2.9821490e+06   1.8127441e+01
   2.9821700e+06   1.7639160e+01
   2.9822040e+06   2.3559570e+01
   2.9822260e+06   2.1362305e+01
   2.9823120e+06   1.9042969e+01
   2.9823220e+06   2.2827148e+01
   2.9824030e+06   2.0996094e+01
   2.9824220e+06   1.8066406e+01
   2.9824710e+06   1.8859863e+01
   2.9824910e+06   2.5390625e+01
   2.9825140e+06   2.2827148e+01
   2.9825790e+06   2.4230957e+01
   2.9826200e+06   1.8310547e+01
   2.9826340e+06   1.9470215e+01
   2.9826630e+06   1.7028809e+01
   2.9826990e+06   1.9836426e+01
   2.9827620e+06   2.4230957e+01
   2.9827750e+06   1.8798828e+01
   2.9828400e+06   2.2094727e+01
   2.9829200e+06   1.7456055e+01
   2.9830030e+06   1.8615723e+01
   2.9830210e+06   1.6906738e+01
   2.9830850e+06   1.6967773e+01
   2.9831100e+06   2.0263672e+01
   2.9832130e+06   2.2888184e+01
   2.9833380e+06   3.7292480e+01
   2.9834570e+06   3.1066895e+01
   3.0064880e+06   2.0141602e+01
   3.0065040e+06   2.4597168e+01
   3.0065350e+06   3.1433105e+01
   3.0065650e+06   3.6804199e+01
   3.0065770e+06   3.4301758e+01
   3.0065980e+06   3.2043457e+01
   3.0066100e+06   2.6245117e+01
   3.0066430e+06   2.4047852e+01
   3.0066600e+06   2.2216797e+01
   3.0066950e+06   1.7333984e+01
   3.0067210e+06   1.7395020e+01
   3.0067540e+06   2.0019531e+01
   3.0067700e+06   1.7944336e+01
   3.0067820e+06   2.1789551e+01
   3.0068310e+06   1.7028809e+01
   3.0068570e+06   3.6987305e+01
   3.0068930e+06   2.5207520e+01
   3.0069260e+06   1.7150879e+01
   3.0069720e+06   1.8981934e+01
   3.0069920e+06   2.1118164e+01
   3.0070400e+06   2.2094727e+01
   3.0070600e+06   2.9113770e+01
   3.0071190e+06   2.2827148e+01
   3.0071320e+06   1.9897461e+01
   3.0072230e+06   2.4902344e+01
   3.0073000e+06   1.9470215e+01
   3.0073580e+06   2.0507812e+01
   3.0074070e+06   1.7456055e+01
   3.0074250e+06   1.7333984e+01
   3.0075010e+06   2.0690918e+01
   3.0075160e+06   1.9042969e+01
   3.0075820e+06   2.1362305e+01
   3.0076170e+06   2.4047852e+01
   3.0077570e+06   1.8737793e+01
   3.0079420e+06   1.9714355e+01
   3.0079590e+06   1.7089844e+01
   3.0081330e+06   1.9897461e+01
   3.0081470e+06   1.7028809e+01
   3.0280340e+06   3.0334473e+01
   3.0280640e+06   2.6306152e+01
   3.0280770e+06   5.5114746e+01
   3.0281150e+06   4.0588379e+01
   3.0281540e+06   3.9794922e+01
   3.0281720e+06   1.7517090e+01
   3.0281940e+06   4.6325684e+01
   3.0282080e+06   3.2287598e+01
   3.0282190e+06   3.1066895e+01
   3.0282570e+06   3.8818359e+01
   3.0282930e+06   2.4536133e+01
   3.0283180e+06   2.4536133e+01
   3.0284170e+06   2.0019531e+01
   3.0284580e+06   1.8737793e+01
   3.0284730e+06   2.8564453e+01
   3.0285110e+06   2.5085449e+01
   3.0285630e+06   2.0324707e+01
   3.0285980e+06   2.0263672e+01
   3.0286110e+06   2.7954102e+01
   3.0286690e+06   1.9165039e+01
   3.0286870e+06   2.8503418e+01
   3.0287720e+06   1.8737793e+01
   3.0287830e+06   2.3437500e+01
   3.0288280e+06   2.4414062e+01
   3.0288450e+06   2.5878906e+01
   3.0289220e+06   2.0568848e+01
   3.0290200e+06   2.0263672e+01
   3.0290470e+06   2.0629883e+01
   3.0290590e+06   1.7272949e+01
   3.0292200e+06   2.0019531e+01
   3.0294940e+06   1.6967773e+01
   3.0295070e+06   1.7272949e+01
   3.0598460e+06   1.7333984e+01
   3.0598830e+06   1.8127441e+01
   3.0599020e+06   2.5634766e+01
   3.0599230e+06   2.3071289e+01
   3.0599550e+06   4.3334961e+01
   3.0599790e+06   4.7790527e+01
   3.0599980e+06   2.4047852e+01
   3.0600160e+06   3.3020020e+01
   3.0600340e+06   3.9550781e+01
   3.0600560e+06   5.0231934e+01
   3.0600690e+06   2.2521973e+01
   3.0601150e+06   2.6611328e+01
   3.0601280e+06   1.9165039e+01
   3.0601690e+06   2.1057129e+01
   3.0602230e+06   2.6672363e+01
   3.0602520e+06   2.4047852e+01
   3.0602970e+06   3.8818359e+01
   3.0603270e+06   2.0812988e+01
   3.0603610e+06   1.8493652e+01
   3.0604030e+06   2.1240234e+01
   3.0604220e+06   2.4291992e+01
   3.0604580e+06   2.5756836e+01
   3.0604980e+06   2.0385742e+01
   3.0605080e+06   2.2155762e+01
   3.0605590e+06   1.6906738e+01
   3.0606210e+06   1.7150879e+01
   3.0606530e+06   1.8554688e+01
   3.0607180e+06   2.1423340e+01
   3.0607370e+06   1.7700195e+01
   3.0607600e+06   2.4963379e+01
   3.0608140e+06   2.0690918e+01
   3.0608980e+06   1.8737793e+01
   3.0609570e+06   1.8493652e+01
   3.0609700e+06   2.4291992e+01
   3.0612450e+06   1.7639160e+01
   3.0612610e+06   1.7761230e+01
   3.0613520e+06   1.7944336e+01
   3.0614390e+06   1.9836426e+01
   3.0614990e+06   1.6906738e+01
   3.0615450e+06   1.7333984e+01
   3.0616580e+06   1.7150879e+01
   3.0616740e+06   1.8371582e+01
   3.0617800e+06   1.9104004e+01
   3.0619610e+06   1.8554688e+01
   3.0619770e+06   2.2094727e+01
   3.0816810e+06   2.6550293e+01
   3.0817100e+06   2.2827148e+01
   3.0817300e+06   2.1667480e+01
   3.0817470e+06   2.5085449e+01
   3.0817650e+06   5.2917480e+01
   3.0817860e+06   1.6967773e+01
   3.0818010e+06   3.6132812e+01
   3.0818260e+06   5.1269531e+01
   3.0818480e+06   2.0629883e+01
   3.0818610e+06   2.6367188e+01
   3.0818980e+06   1.7822266e+01
   3.0819250e+06   2.0446777e+01
   3.0819440e+06   3.6926270e+01
   3.0819690e+06   2.2399902e+01
   3.0820140e+06   1.6906738e+01
   3.0820340e+06   2.1362305e+01
   3.0820990e+06   1.8798828e+01
   3.0821110e+06   2.5878906e+01
   3.0821730e+06   1.8432617e+01
   3.0822070e+06   1.6967773e+01
   3.0822200e+06   1.9104004e+01
   3.0822370e+06   1.7883301e+01
   3.0822760e+06   1.9042969e+01
   3.0823720e+06   1.7211914e+01
   3.0824440e+06   1.8371582e+01
   3.0824670e+06   3.0334473e+01
   3.0825230e+06   1.7089844e+01
   3.0826200e+06   2.0080566e+01
   3.0827250e+06   2.1057129e+01
   3.0827840e+06   1.9409180e+01
   3.0827960e+06   2.2277832e+01
   3.0830640e+06   2.1972656e+01
   3.0830880e+06   2.1484375e+01
   3.0831950e+06   2.1850586e+01
   3.1062250e+06   2.0996094e+01
   3.1062800e+06   2.3437500e+01
   3.1063140e+06   2.9724121e+01
   3.1063440e+06   3.5400391e+01
   3.1063570e+06   1.9287109e+01
   3.1063780e+06   6.9335938e+01
   3.1064080e+06   7.0556641e+01
   3.1064290e+06   5.3100586e+01
   3.1064460e+06   3.5095215e+01
   3.1064730e+06   9.7167969e+01
   3.1065020e+06   4.9316406e+01
   3.1065280e+06   4.0771484e+01
   3.1065440e+06   4.4372559e+01
   3.1065720e+06   2.2155762e+01
   3.1066020e+06   1.8554688e+01
   3.1066550e+06   1.9409180e+01
   3.1066810e+06   1.8615723e+01
   3.1067300e+06   2.1728516e+01
   3.1067640e+06   2.4291992e+01
   3.1068400e+06   1.8676758e+01
   3.1069120e+06   2.7832031e+01
   3.1069400e+06   1.7700195e+01
   3.1070010e+06   1.8676758e+01
   3.1070890e+06   1.8920898e+01
   3.1071560e+06   2.1301270e+01
   3.1072370e+06   1.7456055e+01
   3.1072480e+06   2.1484375e+01
   3.1072680e+06   1.9287109e+01
   3.1073570e+06   2.5268555e+01
   3.1075270e+06   1.9836426e+01
   3.1289970e+06   2.1850586e+01
   3.1290380e+06   2.1545410e+01
   3.1290920e+06   2.2277832e+01
   3.1291040e+06   3.3813477e+01
   3.1291150e+06   1.7639160e+01
   3.1291440e+06   2.6428223e+01
   3.1291720e+06   4.3701172e+01
   3.1292020e+06   7.3547363e+01
   3.1292250e+06   6.5307617e+01
   3.1292350e+06   5.3222656e+01
   3.1292680e+06   5.4809570e+01
   3.1292900e+06   3.7536621e+01
   3.1293190e+06   2.1606445e+01
   3.1293430e+06   3.6621094e+01
   3.1293600e+06   2.4780273e+01
   3.1293850e+06   2.5207520e+01
   3.1294110e+06   2.3742676e+01
   3.1294260e+06   2.8259277e+01
   3.1294590e+06   1.8859863e+01
   3.1294960e+06   1.8005371e+01
   3.1295200e+06   1.9042969e+01
   3.1295350e+06   2.1667480e+01
   3.1295470e+06   2.0019531e+01
   3.1295710e+06   2.6123047e+01
   3.1295990e+06   2.3498535e+01
   3.1296430e+06   1.8493652e+01
   3.1296710e+06   1.7639160e+01
   3.1297170e+06   2.5512695e+01
   3.1297340e+06   1.9409180e+01
   3.1298130e+06   1.7517090e+01
   3.1298300e+06   1.8310547e+01
   3.1299430e+06   1.8737793e+01
   3.1300850e+06   2.2888184e+01
   3.1301800e+06   1.6906738e+01
   3.1306120e+06   1.7395020e+01
   3.1496230e+06   2.1606445e+01
   3.1497380e+06   1.7395020e+01
   3.1499010e+06   1.9897461e+01
   3.1499580e+06   2.4414062e+01
   3.1499890e+06   2.1667480e+01
   3.1500010e+06   3.9672852e+01
   3.1500310e+06   2.4108887e+01
   3.1500410e+06   4.9011230e+01
   3.1500530e+06   2.4475098e+01
   3.1500700e+06   5.1269531e+01
   3.1500900e+06   4.1320801e+01
   3.1501100e+06   9.3750000e+01
   3.1501360e+06   6.2377930e+01
   3.1501490e+06   4.1320801e+01
   3.1501760e+06   5.1757812e+01
   3.1502050e+06   2.9663086e+01
   3.1502200e+06   4.6447754e+01
   3.1502470e+06   2.0996094e+01
   3.1502690e+06   1.9531250e+01
   3.1503050e+06   1.8249512e+01
   3.1503630e+06   2.1972656e+01
   3.1503850e+06   1.8737793e+01
   3.1504290e+06   2.8686523e+01
   3.1504940e+06   2.1301270e+01
   3.1506060e+06   1.9592285e+01
   3.1702680e+06   1.7333984e+01
   3.1704280e+06   2.2460938e+01
   3.1704930e+06   1.8371582e+01
   3.1705090e+06   2.9296875e+01
   3.1705420e+06   2.1484375e+01
   3.1705540e+06   2.3010254e+01
   3.1705750e+06   4.1320801e+01
   3.1705980e+06   3.8208008e+01
   3.1706160e+06   2.8381348e+01
   3.1706260e+06   4.5471191e+01
   3.1706410e+06   2.5207520e+01
   3.1706630e+06   9.3566895e+01
   3.1706840e+06   2.4597168e+01
   3.1706980e+06   1.8432617e+01
   3.1707190e+06   2.1118164e+01
   3.1707300e+06   2.3010254e+01
   3.1707430e+06   4.6691895e+01
   3.1707660e+06   2.8503418e+01
   3.1707960e+06   2.8320313e+01
   3.1708150e+06   2.5695801e+01
   3.1708400e+06   2.7282715e+01
   3.1708680e+06   2.2705078e+01
   3.1708780e+06   1.8798828e+01
   3.1709800e+06   2.0324707e+01
   3.1710030e+06   2.0324707e+01
   3.1710550e+06   2.1423340e+01
   3.1711220e+06   1.9287109e+01
   3.1895600e+06   2.0629883e+01
   3.1896980e+06   1.6967773e+01
   3.1897380e+06   1.7700195e+01
   3.1897890e+06   2.1362305e+01
   3.1898050e+06   3.0273438e+01
   3.1898350e+06   3.4484863e+01
   3.1898510e+06   3.3447266e+01
   3.1898710e+06   4.7912598e+01
   3.1898890e+06   7.4890137e+01
   3.1899060e+06   2.2644043e+01
   3.1899170e+06   3.0456543e+01
   3.1899300e+06   4.4067383e+01
   3.1899450e+06   5.8044434e+01
   3.1899560e+06   3.8513184e+01
   3.1899910e+06   4.1503906e+01
   3.1900020e+06   8.5021973e+01
   3.1900230e+06   2.5451660e+01
   3.1900510e+06   4.1015625e+01
   3.1900740e+06   4.9987793e+01
   3.1900930e+06   2.0874023e+01
   3.1901220e+06   2.4841309e+01
   3.1901370e+06   4.1687012e+01
   3.1901520e+06   3.2592773e+01
   3.1901850e+06   4.3823242e+01
   3.1902200e+06   2.1484375e+01
   3.1902400e+06   1.7272949e+01
   3.1902740e+06   2.1179199e+01
   3.1902980e+06   1.8432617e+01
   3.1903790e+06   1.7700195e+01
   3.1904840e+06   1.7883301e+01
   3.1905560e+06   1.8310547e+01
   3.2081260e+06   2.0629883e+01
   3.2081720e+06   2.3620605e+01
   3.2082060e+06   1.9165039e+01
   3.2082260e+06   4.5593262e+01
   3.2082530e+06   2.6062012e+01
   3.2082660e+06   6.4208984e+01
   3.2082900e+06   6.8847656e+01
   3.2083070e+06   5.9509277e+01
   3.2083200e+06   3.0639648e+01
   3.2083370e+06   5.7617188e+01
   3.2083630e+06   4.1503906e+01
   3.2083900e+06   2.3193359e+01
   3.2084110e+06   7.1044922e+01
   3.2084250e+06   1.9226074e+01
   3.2084460e+06   2.5390625e+01
   3.2084560e+06   4.0710449e+01
   3.2084890e+06   4.6569824e+01
   3.2085050e+06   3.4851074e+01
   3.2085210e+06   3.0761719e+01
   3.2085320e+06   2.9724121e+01
   3.2085590e+06   3.6193848e+01
   3.2085740e+06   4.0954590e+01
   3.2085980e+06   3.0639648e+01
   3.2086090e+06   2.0751953e+01
   3.2086320e+06   2.7832031e+01
   3.2086760e+06   3.6804199e+01
   3.2086900e+06   1.9714355e+01
   3.2087150e+06   2.0080566e+01
   3.2087350e+06   1.8676758e+01
   3.2087590e+06   1.8188477e+01
   3.2088040e+06   1.8920898e+01
   3.2089070e+06   2.6428223e+01
   3.2089840e+06   1.8371582e+01
   3.2215760e+06   1.8432617e+01
   3.2218690e+06   1.7761230e+01
   3.2219000e+06   2.6306152e+01
   3.2219360e+06   2.0263672e+01
   3.2219480e+06   2.1179199e+01
   3.2219580e+06   1.7883301e+01
   3.2219770e+06   9.1796875e+01
   3.2219990e+06   2.3742676e+01
   3.2220190e+06   8.0932617e+01
   3.2220300e+06   5.0659180e+01
   3.2220460e+06   2.9296875e+01
   3.2220580e+06   5.5480957e+01
   3.2220760e+06   2.9418945e+01
   3.2221000e+06   4.6997070e+01
   3.2221220e+06   5.7006836e+01
   3.2221340e+06   3.3142090e+01
   3.2221580e+06   5.4016113e+01
   3.2221880e+06   4.8400879e+01
   3.2222020e+06   2.4597168e+01
   3.2222390e+06   4.8950195e+01
   3.2222590e+06   1.7883301e+01
   3.2222750e+06   2.4108887e+01
   3.2222960e+06   5.0109863e+01
   3.2223370e+06   2.2216797e+01
   3.2223600e+06   3.1188965e+01
   3.2223710e+06   2.0202637e+01
   3.2224420e+06   2.2460938e+01
   3.2224520e+06   3.8940430e+01
   3.2224630e+06   1.9897461e+01
   3.2225100e+06   2.3132324e+01
   3.2225460e+06   1.9348145e+01
   3.2225800e+06   3.0273437e+01
   3.2225950e+06   1.9348145e+01
   3.2226240e+06   1.8859863e+01
   3.2226820e+06   2.2827148e+01
   3.2227550e+06   2.2399902e+01
   3.2228420e+06   2.2766113e+01
   3.2331730e+06   2.0568848e+01
   3.2332130e+06   1.8981934e+01
   3.2332270e+06   1.7395020e+01
   3.2332440e+06   1.9653320e+01
   3.2332750e+06   1.9714355e+01
   3.2333120e+06   7.8186035e+01
   3.2333250e+06   4.9987793e+01
   3.2333510e+06   6.7687988e+01
   3.2333670e+06   2.7465820e+01
   3.2333830e+06   7.4584961e+01
   3.2334010e+06   2.0568848e+01
   3.2334230e+06   3.5461426e+01
   3.2334450e+06   2.7770996e+01
   3.2334780e+06   2.7221680e+01
   3.2335190e+06   2.1545410e+01
   3.2335720e+06   2.8259277e+01
   3.2336060e+06   1.7761230e+01
   3.2336560e+06   2.2644043e+01
   3.2336730e+06   2.7893066e+01
   3.2337000e+06   2.0629883e+01
   3.2337200e+06   1.9836426e+01
   3.2337450e+06   1.6906738e+01
   3.2337630e+06   1.6967773e+01
   3.2337730e+06   2.3925781e+01
   3.2338030e+06   4.6020508e+01
   3.2338360e+06   1.8188477e+01
   3.2338790e+06   2.8869629e+01
   3.2338920e+06   7.8063965e+01
   3.2339170e+06   2.6123047e+01
   3.2339420e+06   1.8493652e+01
   3.2339560e+06   2.4230957e+01
   3.2339840e+06   2.1789551e+01
   3.2340010e+06   2.1240234e+01
   3.2340280e+06   2.2399902e+01
   3.2340670e+06   1.8859863e+01
   3.2340900e+06   2.2399902e+01
   3.2341160e+06   1.8005371e+01
   3.2341590e+06   2.0080566e+01
   3.2341930e+06   3.1372070e+01
   3.2342830e+06   1.7944336e+01
   3.2343050e+06   2.5512695e+01
   3.2343260e+06   1.7211914e+01
   3.2345070e+06   2.3559570e+01
   3.2368460e+06   1.8005371e+01
   3.2427200e+06   1.9958496e+01
   3.2427810e+06   1.7395020e+01
   3.2428290e+06   1.7211914e+01
   3.2428510e+06   1.7944336e+01
   3.2428720e+06   4.3579102e+01
   3.2428930e+06   4.3151855e+01
   3.2429100e+06   8.3068848e+01
   3.2429340e+06   4.4128418e+01
   3.2429550e+06   8.0261230e+01
   3.2429860e+06   9.0087891e+01
   3.2429970e+06   1.8432617e+01
   3.2430200e+06   3.5034180e+01
   3.2430450e+06   3.0090332e+01
   3.2430670e+06   2.5695801e+01
   3.2430980e+06   2.3742676e+01
   3.2431290e+06   2.2216797e+01
   3.2431450e+06   1.8920898e+01
   3.2431550e+06   1.7578125e+01
   3.2431810e+06   3.0700684e+01
   3.2432090e+06   3.0517578e+01
   3.2432430e+06   1.6967773e+01
   3.2432620e+06   2.7954102e+01
   3.2432910e+06   2.6428223e+01
   3.2433110e+06   2.5573730e+01
   3.2433380e+06   2.4902344e+01
   3.2433580e+06   2.0568848e+01
   3.2433820e+06   2.7465820e+01
   3.2433970e+06   2.1118164e+01
   3.2434270e+06   2.7648926e+01
   3.2434590e+06   2.7282715e+01
   3.2434780e+06   2.3742676e+01
   3.2435010e+06   2.5146484e+01
   3.2435250e+06   3.5583496e+01
   3.2435460e+06   2.2949219e+01
   3.2435660e+06   2.9235840e+01
   3.2435980e+06   2.2155762e+01
   3.2436190e+06   2.4047852e+01
   3.2436370e+06   2.2399902e+01
   3.2436830e+06   3.1066895e+01
   3.2437470e+06   2.0996094e+01
   3.2437800e+06   2.7099609e+01
   3.2438480e+06   1.8127441e+01
   3.2482290e+06   1.9897461e+01
   3.2483530e+06   1.7822266e+01
   3.2484160e+06   2.0263672e+01
   3.2495250e+06   1.9348145e+01
   3.2535500e+06   1.8615723e+01
   3.2535880e+06   3.9916992e+01
   3.2536140e+06   8.7341309e+01
   3.2536320e+06   4.9255371e+01
   3.2536470e+06   1.0784912e+02
   3.2536760e+06   6.5063477e+01
   3.2536860e+06   3.6621094e+01
   3.2537040e+06   3.8330078e+01
   3.2537230e+06   2.4230957e+01
   3.2537380e+06   3.9550781e+01
   3.2537620e+06   1.7211914e+01
   3.2537810e+06   2.8076172e+01
   3.2538240e+06   1.9714355e+01
   3.2538520e+06   1.9042969e+01
   3.2538700e+06   2.1118164e+01
   3.2538950e+06   2.1423340e+01
   3.2539270e+06   2.1057129e+01
   3.2539660e+06   2.5451660e+01
   3.2539960e+06   3.8269043e+01
   3.2540070e+06   1.8188477e+01
   3.2540370e+06   2.1118164e+01
   3.2540480e+06   4.4006348e+01
   3.2540810e+06   2.0751953e+01
   3.2541150e+06   3.2104492e+01
   3.2541310e+06   2.1850586e+01
   3.2541560e+06   1.7822266e+01
   3.2542000e+06   3.0761719e+01
   3.2542480e+06   2.4291992e+01
   3.2542750e+06   2.0751953e+01
   3.2543150e+06   3.0151367e+01
   3.2543400e+06   2.3132324e+01
   3.2544200e+06   1.9165039e+01
   3.2544410e+06   1.8188477e+01
   3.2547330e+06   1.8066406e+01
   3.2548740e+06   1.7761230e+01
   3.2549800e+06   1.7333984e+01
   3.2574900e+06   2.0507812e+01
   3.2585970e+06   1.7700195e+01
   3.2593250e+06   1.9104004e+01
   3.2599330e+06   2.2766113e+01
   3.2601560e+06   1.9104004e+01
   3.2603550e+06   1.8188477e+01
   3.2615690e+06   1.8615723e+01
   3.2618010e+06   1.7761230e+01
   3.2620100e+06   1.8249512e+01
   3.2620880e+06   1.8310547e+01
   3.2654010e+06   2.0690918e+01
   3.2654550e+06   1.7028809e+01
   3.2654710e+06   1.7517090e+01
   3.2655040e+06   2.7526855e+01
   3.2655170e+06   4.2236328e+01
   3.2655370e+06   4.6752930e+01
   3.2655560e+06   3.3874512e+01
   3.2655800e+06   5.4199219e+01
   3.2655900e+06   4.1381836e+01
   3.2656010e+06   7.5256348e+01
   3.2656260e+06   3.6315918e+01
   3.2656390e+06   4.9011230e+01
   3.2656760e+06   2.3010254e+01
   3.2657150e+06   1.9836426e+01
   3.2657260e+06   1.8554688e+01
   3.2657550e+06   1.9226074e+01
   3.2658080e+06   1.8615723e+01
   3.2658320e+06   2.5939941e+01
   3.2658600e+06   2.3010254e+01
   3.2658990e+06   2.4719238e+01
   3.2659270e+06   2.4047852e+01
   3.2659500e+06   2.2155762e+01
   3.2659790e+06   3.0517578e+01
   3.2659890e+06   4.8400879e+01
   3.2660370e+06   3.1555176e+01
   3.2660510e+06   2.3925781e+01
   3.2660640e+06   1.7089844e+01
   3.2660750e+06   3.4912109e+01
   3.2661080e+06   1.7700195e+01
   3.2661370e+06   2.0080566e+01
   3.2661550e+06   2.0751953e+01
   3.2661830e+06   3.1494141e+01
   3.2661990e+06   2.6855469e+01
   3.2662170e+06   3.4423828e+01
   3.2662300e+06   2.0751953e+01
   3.2662850e+06   2.2460938e+01
   3.2663200e+06   2.0568848e+01
   3.2664430e+06   1.9836426e+01
   3.2666000e+06   1.8432617e+01
   3.2666950e+06   1.9042969e+01
   3.2668710e+06   1.7822266e+01
   3.2671580e+06   1.7578125e+01
   3.2672700e+06   1.8981934e+01
   3.2714030e+06   2.0935059e+01
   3.2716770e+06   2.0996094e+01
   3.2717970e+06   2.2155762e+01
   3.2718630e+06   1.8676758e+01
   3.2718840e+06   1.9287109e+01
   3.2738970e+06   3.3752441e+01
   3.2739660e+06   1.9287109e+01
   3.2739820e+06   4.1442871e+01
   3.2740070e+06   1.6906738e+01
   3.2740390e+06   2.3254395e+01
   3.2740490e+06   3.6560059e+01
   3.2740750e+06   2.3742676e+01
   3.2740950e+06   5.8227539e+01
   3.2741100e+06   2.8808594e+01
   3.2741280e+06   9.0454102e+01
   3.2741620e+06   4.8400879e+01
   3.2741750e+06   2.9663086e+01
   3.2741860e+06   1.9958496e+01
   3.2741970e+06   1.9042969e+01
   3.2742200e+06   1.7578125e+01
   3.2742730e+06   2.3254395e+01
   3.2743130e+06   2.0507812e+01
   3.2743540e+06   3.2287598e+01
   3.2743950e+06   1.7150879e+01
   3.2744140e+06   1.7944336e+01
   3.2744500e+06   2.3315430e+01
   3.2744720e+06   3.6315918e+01
   3.2744850e+06   2.1850586e+01
   3.2745120e+06   4.1137695e+01
   3.2745680e+06   2.2521973e+01
   3.2745870e+06   2.0568848e+01
   3.2746030e+06   1.9958496e+01
   3.2746230e+06   1.9836426e+01
   3.2746490e+06   2.0507812e+01
   3.2746920e+06   1.8798828e+01
   3.2747080e+06   2.8442383e+01
   3.2747230e+06   2.3193359e+01
   3.2747630e+06   1.9958496e+01
   3.2748000e+06   1.8676758e+01
   3.2748130e+06   1.8493652e+01
   3.2749250e+06   2.2338867e+01
   3.2753390e+06   1.8005371e+01
   3.2775970e+06   2.3315430e+01
   3.2781510e+06   1.7578125e+01
   3.2791820e+06   1.8127441e+01
   3.2792410e+06   1.8737793e+01
   3.2793270e+06   1.8310547e+01
   3.2794410e+06   1.7028809e+01
   3.2794940e+06   2.0446777e+01
   3.2795240e+06   1.7883301e+01
   3.2797190e+06   1.9714355e+01
   3.2798010e+06   2.1606445e+01
   3.2799430e+06   1.7395020e+01
   3.2810860e+06   1.8310547e+01
   3.2812820e+06   2.7770996e+01
   3.2813020e+06   1.7272949e+01
   3.2813180e+06   1.7150879e+01
   3.2813440e+06   2.2399902e+01
   3.2813750e+06   1.7517090e+01
   3.2814140e+06   2.1057129e+01
   3.2815650e+06   2.5512695e+01
   3.2815940e+06   2.2216797e+01
   3.2816080e+06   1.9775391e+01
   3.2816350e+06   1.8371582e+01
   3.2817260e+06   3.7048340e+01
   3.2817530e+06   2.0996094e+01
   3.2817780e+06   5.0781250e+01
   3.2818020e+06   4.5471191e+01
   3.2818170e+06   3.8146973e+01
   3.2818380e+06   3.8879395e+01
   3.2818590e+06   4.6020508e+01
   3.2818690e+06   3.7048340e+01
   3.2818930e+06   3.3630371e+01
   3.2819120e+06   5.5725098e+01
   3.2819290e+06   4.7485352e+01
   3.2819560e+06   2.5512695e+01
   3.2819830e+06   3.1066895e+01
   3.2820040e+06   2.4719238e+01
   3.2820280e+06   1.7272949e+01
   3.2820500e+06   2.1057129e+01
   3.2820910e+06   1.8493652e+01
   3.2821170e+06   2.2277832e+01
   3.2821280e+06   1.8432617e+01
   3.2821860e+06   2.2277832e+01
   3.2822620e+06   2.0263672e+01
   3.2823370e+06   1.7822266e+01
   3.2823550e+06   1.8615723e+01
   3.2824100e+06   2.0507812e+01
   3.2825180e+06   2.3315430e+01
   3.2826720e+06   1.9775391e+01
   3.2828630e+06   1.8554688e+01
   3.2858010e+06   3.0883789e+01
   3.2869830e+06   2.1301270e+01
   3.2870250e+06   2.3498535e+01
   3.2870710e+06   1.7089844e+01
   3.2870900e+06   2.5268555e+01
   3.2871560e+06   3.3081055e+01
   3.2871710e+06   2.8137207e+01
   3.2872260e+06   2.4597168e+01
   3.2872850e+06   1.8737793e+01
   3.2873030e+06   2.8259277e+01
   3.2873350e+06   3.4362793e+01
   3.2873530e+06   2.2583008e+01
   3.2873830e+06   5.5603027e+01
   3.2874010e+06   3.4545898e+01
   3.2874270e+06   3.5644531e+01
   3.2874400e+06   2.5939941e+01
   3.2874550e+06   5.6335449e+01
   3.2874750e+06   3.8208008e+01
   3.2874940e+06   2.2705078e+01
   3.2875050e+06   3.1188965e+01
   3.2875360e+06   4.7729492e+01
   3.2875510e+06   5.4260254e+01
   3.2875700e+06   2.6428223e+01
   3.2875980e+06   2.8930664e+01
   3.2876250e+06   2.0507812e+01
   3.2876350e+06   1.7761230e+01
   3.2876670e+06   3.2958984e+01
   3.2877330e+06   1.7944336e+01
   3.2877980e+06   2.1423340e+01
   3.2878280e+06   2.2583008e+01
   3.2879060e+06   3.9733887e+01
   3.2902960e+06   1.7517090e+01
   3.2910360e+06   2.0996094e+01
   3.2910760e+06   2.3681641e+01
   3.2911780e+06   1.8737793e+01
   3.2912160e+06   1.7211914e+01
   3.2912460e+06   2.9296875e+01
   3.2916900e+06   1.8310547e+01
   3.2917090e+06   1.6906738e+01
   3.2922890e+06   1.9592285e+01
   3.2923760e+06   1.7089844e+01
   3.2924350e+06   1.6906738e+01
   3.2925640e+06   1.9775391e+01
   3.2926140e+06   1.7333984e+01
   3.2926450e+06   2.2460937e+01
   3.2926630e+06   2.3559570e+01
   3.2926900e+06   1.9775391e+01
   3.2927120e+06   2.2094727e+01
   3.2927660e+06   3.5034180e+01
   3.2927890e+06   2.3681641e+01
   3.2928110e+06   3.9062500e+01
   3.2928410e+06   4.4982910e+01
   3.2928580e+06   6.1828613e+01
   3.2928880e+06   3.0639648e+01
   3.2929040e+06   3.6376953e+01
   3.2929180e+06   2.6000977e+01
   3.2929330e+06   2.8808594e+01
   3.2929700e+06   3.3996582e+01
   3.2929880e+06   3.0334473e+01
   3.2930210e+06   2.8320312e+01
   3.2930850e+06   2.0751953e+01
   3.2931040e+06   1.6906738e+01
   3.2932410e+06   1.7333984e+01
   3.2933140e+06   2.3010254e+01
   3.2934100e+06   1.7395020e+01
   3.2959530e+06   1.8066406e+01
   3.2964340e+06   1.9470215e+01
   3.2965080e+06   1.9653320e+01
   3.2965780e+06   2.1850586e+01
   3.2968220e+06   1.7333984e+01
   3.2969040e+06   5.2673340e+01
   3.2969260e+06   2.4414063e+01
   3.2971370e+06   1.7761230e+01
   3.2971720e+06   3.0090332e+01
   3.2972000e+06   2.7587891e+01
   3.2972790e+06   4.6020508e+01
   3.2972920e+06   2.5390625e+01
   3.2973260e+06   5.8776855e+01
   3.2973480e+06   5.8471680e+01
   3.2973760e+06   4.1564941e+01
   3.2973920e+06   3.8208008e+01
   3.2974170e+06   5.4687500e+01
   3.2974400e+06   2.6245117e+01
   3.2974500e+06   2.5878906e+01
   3.2974680e+06   2.4230957e+01
   3.2974990e+06   2.3742676e+01
   3.2977420e+06   1.8920898e+01
   3.3004940e+06   1.7089844e+01
   3.3006020e+06   2.2705078e+01
   3.3011560e+06   1.7456055e+01
   3.3011960e+06   2.3254395e+01
   3.3012190e+06   1.7395020e+01
   3.3012310e+06   2.0324707e+01
   3.3012490e+06   1.9958496e+01
   3.3012840e+06   2.0263672e+01
   3.3013030e+06   2.4108887e+01
   3.3013400e+06   2.8686523e+01
   3.3013570e+06   5.7556152e+01
   3.3013880e+06   3.2165527e+01
   3.3013980e+06   4.3579102e+01
   3.3014240e+06   1.7883301e+01
   3.3014500e+06   3.5522461e+01
   3.3014600e+06   2.5451660e+01
   3.3014880e+06   2.6000977e+01
   3.3015220e+06   2.2949219e+01
   3.3015480e+06   2.9663086e+01
   3.3015650e+06   2.6428223e+01
   3.3016200e+06   2.1789551e+01
   3.3016450e+06   1.8188477e+01
   3.3017910e+06   2.5146484e+01
   3.3018520e+06   2.0202637e+01
   3.3018890e+06   2.9541016e+01
   3.3019880e+06   2.0629883e+01
   3.3020030e+06   2.1728516e+01
   3.3021470e+06   1.8005371e+01
   3.3045770e+06   1.8737793e+01
   3.3054510e+06   1.7700195e+01
   3.3055460e+06   1.7822266e+01
   3.3055820e+06   2.2827148e+01
   3.3056020e+06   2.2460938e+01
   3.3056500e+06   3.0151367e+01
   3.3056620e+06   2.3620605e+01
   3.3056830e+06   2.2583008e+01
   3.3057190e+06   8.8745117e+01
   3.3057360e+06   4.4433594e+01
   3.3057700e+06   4.1503906e+01
   3.3057810e+06   4.6508789e+01
   3.3058010e+06   2.2888184e+01
   3.3058210e+06   4.3518066e+01
   3.3058330e+06   2.0935059e+01
   3.3058500e+06   2.4963379e+01
   3.3058760e+06   3.1127930e+01
   3.3058940e+06   1.8554688e+01
   3.3059080e+06   1.8371582e+01
   3.3059290e+06   1.9897461e+01
   3.3060770e+06   1.8798828e+01
   3.3061830e+06   1.8310547e+01
   3.3085700e+06   1.9226074e+01
   3.3089120e+06   2.4963379e+01
   3.3103790e+06   4.5227051e+01
   3.3103930e+06   1.7578125e+01
   3.3104080e+06   2.7893066e+01
   3.3104220e+06   4.6630859e+01
   3.3104500e+06   4.2053223e+01
   3.3104630e+06   5.9204102e+01
   3.3105000e+06   4.9682617e+01
   3.3105190e+06   2.7038574e+01
   3.3105290e+06   1.9042969e+01
   3.3105430e+06   4.8828125e+01
   3.3105680e+06   4.2724609e+01
   3.3105880e+06   4.2907715e+01
   3.3106020e+06   2.5146484e+01
   3.3106360e+06   2.8015137e+01
   3.3106520e+06   1.8981934e+01
   3.3106800e+06   2.8991699e+01
   3.3107100e+06   1.7883301e+01
   3.3108190e+06   2.0080566e+01
   3.3109650e+06   2.4169922e+01
   3.3109750e+06   1.8066406e+01
   3.3110700e+06   2.0751953e+01
   3.3111670e+06   1.8859863e+01
   3.3139630e+06   2.0385742e+01
   3.3142250e+06   1.6967773e+01
   3.3144030e+06   1.7333984e+01
   3.3144360e+06   2.1606445e+01
   3.3144580e+06   3.6804199e+01
   3.3144900e+06   3.7719727e+01
   3.3145130e+06   2.2277832e+01
   3.3145390e+06   3.4179688e+01
   3.3145500e+06   2.2338867e+01
   3.3145630e+06   1.9653320e+01
   3.3145950e+06   6.9458008e+01
   3.3146190e+06   1.9226074e+01
   3.3146410e+06   5.0048828e+01
   3.3146610e+06   1.7456055e+01
   3.3146780e+06   4.2663574e+01
   3.3146920e+06   2.9052734e+01
   3.3147390e+06   2.2277832e+01
   3.3177560e+06   1.9592285e+01
   3.3177840e+06   2.4047852e+01
   3.3178420e+06   2.0812988e+01
   3.3179930e+06   1.7761230e+01
   3.3180390e+06   2.8625488e+01
   3.3180490e+06   2.9968262e+01
   3.3180910e+06   3.6865234e+01
   3.3181040e+06   3.2409668e+01
   3.3181280e+06   3.8757324e+01
   3.3181440e+06   3.6010742e+01
   3.3181690e+06   2.5390625e+01
   3.3181950e+06   3.9916992e+01
   3.3182150e+06   1.8249512e+01
   3.3182470e+06   4.0039062e+01
   3.3182740e+06   3.8269043e+01
   3.3183250e+06   4.8400879e+01
   3.3183530e+06   2.8381348e+01
   3.3195940e+06   1.7211914e+01
   3.3215700e+06   1.8615723e+01
   3.3217120e+06   2.1362305e+01
   3.3217410e+06   2.5390625e+01
   3.3217850e+06   2.5024414e+01
   3.3217950e+06   3.5827637e+01
   3.3218170e+06   2.0141602e+01
   3.3218400e+06   1.8981934e+01
   3.3218660e+06   3.9550781e+01
   3.3218770e+06   3.2897949e+01
   3.3219130e+06   3.6804199e+01
   3.3219370e+06   3.0761719e+01
   3.3219470e+06   5.1696777e+01
   3.3219740e+06   4.6875000e+01
   3.3219880e+06   4.4555664e+01
   3.3220110e+06   3.5278320e+01
   3.3220330e+06   2.0263672e+01
   3.3220500e+06   2.8625488e+01
   3.3220700e+06   3.2348633e+01
   3.3254940e+06   1.7089844e+01
   3.3255160e+06   1.7639160e+01
   3.3255430e+06   1.7211914e+01
   3.3255680e+06   5.5786133e+01
   3.3255900e+06   4.0405273e+01
   3.3256000e+06   4.4799805e+01
   3.3256180e+06   5.8044434e+01
   3.3256580e+06   3.4851074e+01
   3.3256720e+06   6.1645508e+01
   3.3256830e+06   2.9296875e+01
   3.3257220e+06   4.3090820e+01
   3.3257320e+06   3.7597656e+01
   3.3257570e+06   2.9541016e+01
   3.3257670e+06   3.0944824e+01
   3.3257990e+06   2.6794434e+01
   3.3258200e+06   2.3925781e+01
   3.3259250e+06   1.8859863e+01
   3.3259350e+06   1.7700195e+01
   3.3260790e+06   2.2521973e+01
   3.3262380e+06   2.1423340e+01
   3.3292380e+06   2.0935059e+01
   3.3292900e+06   1.7395020e+01
   3.3293340e+06   1.7700195e+01
   3.3293620e+06   1.7761230e+01
   3.3293980e+06   2.9052734e+01
   3.3294140e+06   6.9885254e+01
   3.3294300e+06   2.3986816e+01
   3.3294570e+06   2.8686523e+01
   3.3294720e+06   4.0710449e+01
   3.3294960e+06   1.9836426e+01
   3.3295130e+06   3.8146973e+01
   3.3295350e+06   3.2287598e+01
   3.3295500e+06   2.9113770e+01
   3.3295760e+06   5.0903320e+01
   3.3296080e+06   3.9611816e+01
   3.3296390e+06   2.0812988e+01
   3.3296740e+06   1.8127441e+01
   3.3329630e+06   1.8127441e+01
   3.3330360e+06   2.6367188e+01
   3.3330530e+06   1.7333984e+01
   3.3330660e+06   2.4230957e+01
   3.3330780e+06   1.9714355e+01
   3.3330950e+06   2.1240234e+01
   3.3331360e+06   5.2429199e+01
   3.3331560e+06   1.7395020e+01
   3.3332060e+06   1.8127441e+01
   3.3332250e+06   3.2043457e+01
   3.3332550e+06   2.3498535e+01
   3.3332730e+06   4.7607422e+01
   3.3332870e+06   4.8950195e+01
   3.3333170e+06   3.9794922e+01
   3.3333380e+06   4.4555664e+01
   3.3333580e+06   3.5522461e+01
   3.3333860e+06   2.5817871e+01
   3.3334100e+06   2.8076172e+01
   3.3370270e+06   1.8798828e+01
   3.3370500e+06   3.0395508e+01
   3.3370650e+06   4.6020508e+01
   3.3370750e+06   4.1564941e+01
   3.3370880e+06   4.3212891e+01
   3.3371000e+06   4.5104980e+01
   3.3371190e+06   5.0903320e+01
   3.3371470e+06   1.9897461e+01
   3.3371640e+06   6.5124512e+01
   3.3371810e+06   2.3254395e+01
   3.3372130e+06   4.5043945e+01
   3.3372270e+06   4.1870117e+01
   3.3372400e+06   2.6489258e+01
   3.3372710e+06   2.9174805e+01
   3.3372870e+06   1.7028809e+01
   3.3373090e+06   2.0751953e+01
   3.3373450e+06   1.7089844e+01
   3.3373920e+06   2.3010254e+01
   3.3375170e+06   2.8503418e+01
   3.3375360e+06   1.7517090e+01
   3.3376750e+06   2.9846191e+01
   3.3378230e+06   1.8310547e+01
   3.3407570e+06   1.9836426e+01
   3.3407900e+06   2.0019531e+01
   3.3408160e+06   1.6906738e+01
   3.3408290e+06   3.1188965e+01
   3.3408560e+06   4.8767090e+01
   3.3408850e+06   2.1179199e+01
   3.3409090e+06   2.6550293e+01
   3.3409250e+06   1.9226074e+01
   3.3409420e+06   2.4475098e+01
   3.3409540e+06   2.8259277e+01
   3.3409720e+06   2.9602051e+01
   3.3409870e+06   2.9235840e+01
   3.3410220e+06   3.4240723e+01
   3.3410430e+06   2.2705078e+01
   3.3410590e+06   2.2033691e+01
   3.3410720e+06   2.1240234e+01
   3.3410980e+06   1.7578125e+01
   3.3411570e+06   1.6906738e+01
   3.3444900e+06   1.9165039e+01
   3.3445270e+06   2.3071289e+01
   3.3445620e+06   5.7189941e+01
   3.3445780e+06   4.9194336e+01
   3.3445970e+06   3.1127930e+01
   3.3446070e+06   2.5939941e+01
   3.3446260e+06   4.6081543e+01
   3.3446450e+06   4.9560547e+01
   3.3446570e+06   2.0019531e+01
   3.3446760e+06   3.7231445e+01
   3.3446870e+06   4.8767090e+01
   3.3447080e+06   1.9714355e+01
   3.3447590e+06   2.1362305e+01
   3.3447780e+06   2.4169922e+01
   3.3448160e+06   2.2827148e+01
   3.3449190e+06   2.0629883e+01
   3.3450070e+06   2.2521973e+01
   3.3450350e+06   1.7761230e+01
   3.3451650e+06   2.4658203e+01
   3.3451850e+06   2.6184082e+01
   3.3453300e+06   1.7883301e+01
   3.3483180e+06   1.7333984e+01
   3.3483350e+06   1.8554688e+01
   3.3483540e+06   2.9418945e+01
   3.3483760e+06   3.4790039e+01
   3.3483980e+06   4.9926758e+01
   3.3484170e+06   4.1931152e+01
   3.3484300e+06   4.7912598e+01
   3.3484650e+06   5.9448242e+01
   3.3484860e+06   3.2287598e+01
   3.3485090e+06   3.8452148e+01
   3.3485190e+06   2.4658203e+01
   3.3485440e+06   3.4240723e+01
   3.3485590e+06   2.0019531e+01
   3.3485840e+06   1.7700195e+01
   3.3486130e+06   2.0812988e+01
   3.3488230e+06   1.8554688e+01
   3.3517600e+06   2.3071289e+01
   3.3518430e+06   3.3264160e+01
   3.3518870e+06   5.1269531e+01
   3.3519010e+06   5.4809570e+01
   3.3519180e+06   2.2460938e+01
   3.3519490e+06   1.7456055e+01
   3.3519780e+06   2.6489258e+01
   3.3520070e+06   5.5664062e+01
   3.3520200e+06   2.9724121e+01
   3.3520380e+06   3.8391113e+01
   3.3520640e+06   2.4169922e+01
   3.3520860e+06   3.9611816e+01
   3.3521150e+06   1.9165039e+01
   3.3521290e+06   2.1240234e+01
   3.3521640e+06   1.9653320e+01
   3.3554700e+06   2.2705078e+01
   3.3555870e+06   1.9104004e+01
   3.3556220e+06   2.6489258e+01
   3.3556380e+06   3.5034180e+01
   3.3556680e+06   3.5400391e+01
   3.3556990e+06   4.0832520e+01
   3.3557110e+06   2.0019531e+01
   3.3557280e+06   4.5837402e+01
   3.3557460e+06   4.3090820e+01
   3.3557680e+06   3.2775879e+01
   3.3557880e+06   2.2644043e+01
   3.3558040e+06   4.0588379e+01
   3.3558170e+06   2.1911621e+01
   3.3558370e+06   2.7343750e+01
   3.3558510e+06   3.8330078e+01
   3.3558830e+06   3.7353516e+01
   3.3558940e+06   2.0446777e+01
   3.3594910e+06   1.8859863e+01
   3.3595280e+06   2.4475098e+01
   3.3595490e+06   5.0354004e+01
   3.3595630e+06   2.6794434e+01
   3.3595940e+06   3.5095215e+01
   3.3596120e+06   3.2653809e+01
   3.3596240e+06   3.0090332e+01
   3.3596370e+06   4.3579102e+01
   3.3596620e+06   2.4475098e+01
   3.3596810e+06   2.9357910e+01
   3.3597010e+06   2.6855469e+01
   3.3597160e+06   2.1362305e+01
   3.3597680e+06   2.2521973e+01
   3.3598170e+06   1.8066406e+01
   3.3598970e+06   1.8676758e+01
   3.3599150e+06   1.8371582e+01
   3.3635460e+06   2.3742676e+01
   3.3635600e+06   2.4047852e+01
   3.3635820e+06   4.6142578e+01
   3.3636030e+06   3.1738281e+01
   3.3636140e+06   3.4606934e+01
   3.3636390e+06   3.3142090e+01
   3.3636580e+06   3.9367676e+01
   3.3636830e+06   3.3325195e+01
   3.3636970e+06   3.2165527e+01
   3.3637220e+06   2.7282715e+01
   3.3637530e+06   3.2531738e+01
   3.3638360e+06   1.9409180e+01
   3.3639640e+06   1.9775391e+01
   3.3673750e+06   1.7517090e+01
   3.3674180e+06   1.7822266e+01
   3.3674340e+06   3.9489746e+01
   3.3674560e+06   3.1127930e+01
   3.3674720e+06   1.9897461e+01
   3.3674880e+06   4.9499512e+01
   3.3675140e+06   1.8981934e+01
   3.3675550e+06   3.2165527e+01
   3.3675780e+06   4.2480469e+01
   3.3676250e+06   1.7700195e+01
   3.3676420e+06   2.3498535e+01
   3.3676550e+06   2.0141602e+01
   3.3676770e+06   2.9785156e+01
   3.3676910e+06   3.5034180e+01
   3.3677360e+06   2.4414062e+01
   3.3677610e+06   2.1545410e+01
   3.3677990e+06   2.8259277e+01
   3.3678240e+06   2.3132324e+01
   3.3709910e+06   2.2583008e+01
   3.3710050e+06   1.8310547e+01
   3.3710350e+06   8.1115723e+01
   3.3710560e+06   4.6569824e+01
   3.3710720e+06   4.7180176e+01
   3.3710930e+06   3.3264160e+01
   3.3711040e+06   4.2419434e+01
   3.3711190e+06   3.9855957e+01
   3.3711450e+06   3.4729004e+01
   3.3711650e+06   7.2875977e+01
   3.3711800e+06   2.1423340e+01
   3.3712080e+06   3.4423828e+01
   3.3712450e+06   1.9409180e+01
   3.3712820e+06   2.2094727e+01
   3.3713600e+06   1.7333984e+01
   3.3715070e+06   1.7089844e+01
   3.3716280e+06   2.9113770e+01
   3.3752530e+06   1.8920898e+01
   3.3752730e+06   1.7089844e+01
   3.3753110e+06   5.6030273e+01
   3.3753340e+06   5.7006836e+01
   3.3753500e+06   5.0842285e+01
   3.3753670e+06   3.8635254e+01
   3.3753820e+06   4.6691895e+01
   3.3753980e+06   5.0415039e+01
   3.3754150e+06   2.9785156e+01
   3.3754420e+06   4.2541504e+01
   3.3754610e+06   3.5156250e+01
   3.3754800e+06   2.5634766e+01
   3.3755040e+06   3.6254883e+01
   3.3755940e+06   1.7517090e+01
   3.3799280e+06   1.8005371e+01
   3.3799520e+06   7.2753906e+01
   3.3799700e+06   4.6142578e+01
   3.3799900e+06   6.6833496e+01
   3.3800050e+06   3.7475586e+01
   3.3800260e+06   6.3964844e+01
   3.3800380e+06   5.1147461e+01
   3.3800610e+06   2.7954102e+01
   3.3800810e+06   2.7221680e+01
   3.3801030e+06   5.8776855e+01
   3.3801340e+06   1.9531250e+01
   3.3801680e+06   1.6906738e+01
   3.3801850e+06   3.6437988e+01
   3.3802040e+06   2.1362305e+01
   3.3802270e+06   2.1911621e+01
   3.3802460e+06   1.7639160e+01
   3.3803370e+06   2.2033691e+01
   3.3806060e+06   2.0385742e+01
   3.3809240e+06   1.8737793e+01
   3.3849310e+06   2.2827148e+01
   3.3849610e+06   5.2429199e+01
   3.3849920e+06   6.1767578e+01
   3.3850050e+06   4.3762207e+01
   3.3850300e+06   3.2653809e+01
   3.3850410e+06   5.9387207e+01
   3.3850550e+06   2.3986816e+01
   3.3850680e+06   2.7770996e+01
   3.3850950e+06   3.9184570e+01
   3.3851130e+06   4.2175293e+01
   3.3851290e+06   3.5339355e+01
   3.3851670e+06   2.8259277e+01
   3.3852090e+06   1.8188477e+01
   3.3852190e+06   1.9470215e+01
   3.3852540e+06   1.7272949e+01
   3.3853060e+06   1.8066406e+01
   3.3853240e+06   1.9104004e+01
   3.3854150e+06   2.8259277e+01
   3.3854910e+06   1.7822266e+01
   3.3900020e+06   2.4291992e+01
   3.3900330e+06   5.3344727e+01
   3.3900610e+06   5.2612305e+01
   3.3900850e+06   3.3142090e+01
   3.3901100e+06   3.6254883e+01
   3.3901410e+06   4.8583984e+01
   3.3901570e+06   2.7954102e+01
   3.3901780e+06   3.1677246e+01
   3.3902110e+06   3.9550781e+01
   3.3902270e+06   2.0812988e+01
   3.3902520e+06   1.8798828e+01
   3.3902990e+06   2.2888184e+01
   3.3903610e+06   2.4597168e+01
   3.3903760e+06   1.7211914e+01
   3.3905320e+06   1.6967773e+01
   3.3905920e+06   3.1738281e+01
   3.3952820e+06   1.7883301e+01
   3.3953030e+06   3.2470703e+01
   3.3953300e+06   6.6955566e+01
   3.3953450e+06   2.7099609e+01
   3.3953760e+06   4.2541504e+01
   3.3953910e+06   5.2246094e+01
   3.3954050e+06   5.2062988e+01
   3.3954350e+06   3.8452148e+01
   3.3954510e+06   6.0668945e+01
   3.3954820e+06   3.6010742e+01
   3.3955110e+06   4.6142578e+01
   3.3955330e+06   1.6906738e+01
   3.3955580e+06   2.6184082e+01
   3.3956290e+06   2.2521973e+01
   3.3957510e+06   2.7282715e+01
   3.4000420e+06   1.9409180e+01
   3.4000880e+06   2.8930664e+01
   3.4001060e+06   5.9936523e+01
   3.4001550e+06   1.9348145e+01
   3.4001680e+06   4.0100098e+01
   3.4001890e+06   4.8706055e+01
   3.4002270e+06   4.0222168e+01
   3.4002470e+06   2.5268555e+01
   3.4002750e+06   1.8127441e+01
   3.4002850e+06   2.3681641e+01
   3.4003140e+06   6.0852051e+01
   3.4003250e+06   1.9653320e+01
   3.4003480e+06   1.8127441e+01
   3.4003630e+06   1.7333984e+01
   3.4004710e+06   1.7150879e+01
   3.4059560e+06   1.7333984e+01
   3.4059740e+06   2.4780273e+01
   3.4059910e+06   4.9621582e+01
   3.4060050e+06   7.2814941e+01
   3.4060320e+06   6.7443848e+01
   3.4060570e+06   4.1076660e+01
   3.4060720e+06   4.4982910e+01
   3.4060830e+06   4.9011230e+01
   3.4061130e+06   2.9602051e+01
   3.4061370e+06   2.9785156e+01
   3.4061630e+06   2.1850586e+01
   3.4061950e+06   3.8513184e+01
   3.4062070e+06   1.8249512e+01
   3.4062400e+06   2.8625488e+01
   3.4062930e+06   2.4719238e+01
   3.4063130e+06   1.7822266e+01
   3.4063360e+06   1.7333984e+01
   3.4063720e+06   2.6428223e+01
   3.4065490e+06   1.9409180e+01
   3.4066210e+06   1.8737793e+01
   3.4068930e+06   1.7150879e+01
   3.4120880e+06   2.0507812e+01
   3.4121250e+06   2.0996094e+01
   3.4121450e+06   6.8664551e+01
   3.4121600e+06   1.8859863e+01
   3.4121750e+06   3.8208008e+01
   3.4121880e+06   5.0231934e+01
   3.4122070e+06   4.6325684e+01
   3.4122350e+06   7.0678711e+01
   3.4122630e+06   5.8227539e+01
   3.4122940e+06   2.4291992e+01
   3.4123110e+06   3.8208008e+01
   3.4123430e+06   4.1687012e+01
   3.4123720e+06   2.2705078e+01
   3.4124400e+06   1.9775391e+01
   3.4125460e+06   2.0080566e+01
   3.4125800e+06   2.1667480e+01
   3.4126150e+06   2.4658203e+01
   3.4126450e+06   3.7658691e+01
   3.4129150e+06   1.7333984e+01
   3.4184000e+06   1.7578125e+01
   3.4184360e+06   2.0019531e+01
   3.4184560e+06   6.2011719e+01
   3.4184670e+06   4.3334961e+01
   3.4184960e+06   4.5104980e+01
   3.4185100e+06   3.4484863e+01
   3.4185380e+06   4.0527344e+01
   3.4185620e+06   5.0903320e+01
   3.4185770e+06   2.4719238e+01
   3.4185910e+06   2.9296875e+01
   3.4186160e+06   3.2226562e+01
   3.4186270e+06   3.3691406e+01
   3.4186540e+06   2.1667480e+01
   3.4186810e+06   1.9897461e+01
   3.4187010e+06   1.7639160e+01
   3.4187470e+06   2.8808594e+01
   3.4187610e+06   2.1118164e+01
   3.4187830e+06   2.0385742e+01
   3.4188290e+06   2.4353027e+01
   3.4188430e+06   1.9836426e+01
   3.4189270e+06   2.9541016e+01
   3.4189540e+06   1.7089844e+01
   3.4189820e+06   1.9592285e+01
   3.4191100e+06   1.7333984e+01
   3.4193050e+06   1.8127441e+01
   3.4247760e+06   2.0874023e+01
   3.4248050e+06   1.8066406e+01
   3.4248360e+06   4.9560547e+01
   3.4248550e+06   3.4851074e+01
   3.4248740e+06   8.8867188e+01
   3.4248890e+06   5.7800293e+01
   3.4249220e+06   7.1228027e+01
   3.4249320e+06   3.7780762e+01
   3.4249650e+06   3.4851074e+01
   3.4249810e+06   2.0202637e+01
   3.4250060e+06   5.2856445e+01
   3.4250280e+06   1.8493652e+01
   3.4250510e+06   3.9123535e+01
   3.4250630e+06   2.7221680e+01
   3.4250900e+06   2.7954102e+01
   3.4251040e+06   1.7211914e+01
   3.4251520e+06   2.3681641e+01
   3.4253210e+06   1.9287109e+01
   3.4253970e+06   2.0141602e+01
   3.4315750e+06   2.4291992e+01
   3.4316000e+06   2.7526855e+01
   3.4316180e+06   5.3527832e+01
   3.4316410e+06   5.5175781e+01
   3.4316590e+06   5.6640625e+01
   3.4316900e+06   2.6000977e+01
   3.4317050e+06   4.1320801e+01
   3.4317210e+06   4.9987793e+01
   3.4317460e+06   3.5400391e+01
   3.4317760e+06   3.2531738e+01
   3.4317950e+06   1.8432617e+01
   3.4318050e+06   1.9958496e+01
   3.4318340e+06   2.6367188e+01
   3.4318540e+06   2.4536133e+01
   3.4318790e+06   3.2470703e+01
   3.4319370e+06   2.2827148e+01
   3.4319510e+06   2.3986816e+01
   3.4320270e+06   2.6367188e+01
   3.4320680e+06   2.0568848e+01
   3.4321330e+06   2.8015137e+01
   3.4322080e+06   1.8859863e+01
   3.4322450e+06   1.9409180e+01
   3.4322860e+06   3.3386230e+01
   3.4383290e+06   3.0456543e+01
   3.4383600e+06   8.0139160e+01
   3.4383750e+06   3.0334473e+01
   3.4384020e+06   5.7128906e+01
   3.4384170e+06   2.6245117e+01
   3.4384420e+06   8.8562012e+01
   3.4384790e+06   4.8706055e+01
   3.4384970e+06   3.3386230e+01
   3.4385130e+06   3.3203125e+01
   3.4385450e+06   5.2001953e+01
   3.4385660e+06   3.9611816e+01
   3.4385970e+06   4.1931152e+01
   3.4386820e+06   2.4414062e+01
   3.4386920e+06   3.0273437e+01
   3.4387320e+06   1.8249512e+01
   3.4387830e+06   2.0202637e+01
   3.4388710e+06   3.2653809e+01
   3.4388950e+06   1.9226074e+01
   3.4389950e+06   3.0395508e+01
   3.4390050e+06   2.1789551e+01
   3.4391900e+06   1.7761230e+01
   3.4470430e+06   2.0385742e+01
   3.4470860e+06   3.2653809e+01
   3.4471020e+06   6.4453125e+01
   3.4471260e+06   2.7832031e+01
   3.4471420e+06   7.5439453e+01
   3.4471840e+06   6.8969727e+01
   3.4472080e+06   3.1677246e+01
   3.4472210e+06   3.3203125e+01
   3.4472400e+06   2.6916504e+01
   3.4472650e+06   4.5410156e+01
   3.4472980e+06   3.4973145e+01
   3.4473090e+06   2.1667480e+01
   3.4473410e+06   4.2663574e+01
   3.4473730e+06   3.5339355e+01
   3.4474020e+06   3.3874512e+01
   3.4474460e+06   1.7944336e+01
   3.4474930e+06   3.2348633e+01
   3.4475300e+06   2.6000977e+01
   3.4475460e+06   1.9287109e+01
   3.4475670e+06   2.1728516e+01
   3.4475990e+06   2.8991699e+01
   3.4476180e+06   2.4108887e+01
   3.4476590e+06   2.8442383e+01
   3.4476810e+06   1.8737793e+01
   3.4477180e+06   3.2104492e+01
   3.4477570e+06   2.2521973e+01
   3.4477960e+06   2.1972656e+01
   3.4480430e+06   1.8371582e+01
   3.4480720e+06   1.7272949e+01
   3.4562110e+06   1.7578125e+01
   3.4562490e+06   4.0100098e+01
   3.4562710e+06   4.7180176e+01
   3.4562840e+06   3.3325195e+01
   3.4563030e+06   3.7841797e+01
   3.4563150e+06   4.7485352e+01
   3.4563320e+06   2.3864746e+01
   3.4563470e+06   4.8645020e+01
   3.4563630e+06   3.0761719e+01
   3.4563760e+06   5.7434082e+01
   3.4564180e+06   3.1250000e+01
   3.4564290e+06   2.9541016e+01
   3.4564670e+06   3.1311035e+01
   3.4564950e+06   3.6499023e+01
   3.4565200e+06   2.2277832e+01
   3.4565390e+06   2.2094727e+01
   3.4565740e+06   2.4475098e+01
   3.4565900e+06   2.0751953e+01
   3.4566200e+06   1.7272949e+01
   3.4566510e+06   1.8920898e+01
   3.4566740e+06   1.6906738e+01
   3.4567160e+06   2.9479980e+01
   3.4567270e+06   4.9072266e+01
   3.4568060e+06   2.8808594e+01
   3.4568280e+06   2.1850586e+01
   3.4568480e+06   2.2766113e+01
   3.4568660e+06   1.9226074e+01
   3.4570550e+06   1.7883301e+01
   3.4571390e+06   2.1850586e+01
   3.4667080e+06   1.7272949e+01
   3.4667300e+06   3.2531738e+01
   3.4667470e+06   6.5612793e+01
   3.4667840e+06   8.2702637e+01
   3.4668010e+06   3.6132812e+01
   3.4668200e+06   4.8767090e+01
   3.4668300e+06   5.4870605e+01
   3.4668420e+06   3.5034180e+01
   3.4668610e+06   3.1555176e+01
   3.4668790e+06   4.1870117e+01
   3.4669040e+06   3.4118652e+01
   3.4669240e+06   3.0517578e+01
   3.4669430e+06   2.5085449e+01
   3.4669650e+06   3.5949707e+01
   3.4669790e+06   2.6977539e+01
   3.4670230e+06   2.0446777e+01
   3.4670470e+06   1.9531250e+01
   3.4670630e+06   3.0151367e+01
   3.4670950e+06   1.9348145e+01
   3.4671230e+06   2.3986816e+01
   3.4671440e+06   2.8381348e+01
   3.4671770e+06   2.8686523e+01
   3.4672150e+06   2.5329590e+01
   3.4672320e+06   3.7963867e+01
   3.4672740e+06   4.2175293e+01
   3.4672950e+06   2.0935059e+01
   3.4673500e+06   1.9470215e+01
   3.4673740e+06   2.1118164e+01
   3.4674110e+06   2.0324707e+01
   3.4674220e+06   1.7761230e+01
   3.4675310e+06   1.7822266e+01
   3.4676590e+06   1.6967773e+01
   3.4677230e+06   1.7517090e+01
   3.4677620e+06   1.7333984e+01
   3.4780230e+06   1.9165039e+01
   3.4780620e+06   2.3925781e+01
   3.4780810e+06   7.0739746e+01
   3.4780990e+06   2.8869629e+01
   3.4781190e+06   9.3261719e+01
   3.4781360e+06   3.4729004e+01
   3.4781580e+06   7.5256348e+01
   3.4781730e+06   3.6560059e+01
   3.4781970e+06   2.5268555e+01
   3.4782270e+06   3.1799316e+01
   3.4782460e+06   1.7028809e+01
   3.4782790e+06   2.2766113e+01
   3.4782910e+06   2.2766113e+01
   3.4783220e+06   2.3193359e+01
   3.4783430e+06   2.0568848e+01
   3.4783670e+06   2.0446777e+01
   3.4784020e+06   3.0944824e+01
   3.4784220e+06   1.7578125e+01
   3.4784360e+06   2.1423340e+01
   3.4784600e+06   2.3925781e+01
   3.4784730e+06   5.3894043e+01
   3.4785000e+06   2.4902344e+01
   3.4785280e+06   2.3864746e+01
   3.4785580e+06   2.9357910e+01
   3.4785980e+06   2.4658203e+01
   3.4786090e+06   1.7639160e+01
   3.4786400e+06   2.3559570e+01
   3.4786890e+06   2.8930664e+01
   3.4787210e+06   3.0761719e+01
   3.4787960e+06   2.1057129e+01
   3.4788840e+06   1.7211914e+01
   3.4789880e+06   1.7150879e+01
   3.4945230e+06   1.7456055e+01
   3.4945550e+06   2.7954102e+01
   3.4945700e+06   8.6303711e+01
   3.4945840e+06   7.4462891e+01
   3.4946090e+06   7.4401855e+01
   3.4946200e+06   2.2888184e+01
   3.4946380e+06   3.8818359e+01
   3.4946550e+06   7.5012207e+01
   3.4946760e+06   3.6315918e+01
   3.4946910e+06   3.1127930e+01
   3.4947230e+06   3.1127930e+01
   3.4947510e+06   2.5756836e+01
   3.4947640e+06   2.1240234e+01
   3.4947870e+06   2.8808594e+01
   3.4947970e+06   2.2033691e+01
   3.4948250e+06   1.7883301e+01
   3.4948420e+06   3.4179688e+01
   3.4948790e+06   3.8818359e+01
   3.4948960e+06   2.0202637e+01
   3.4949180e+06   1.9165039e+01
   3.4949300e+06   3.1372070e+01
   3.4949540e+06   3.8085938e+01
   3.4949830e+06   3.3630371e+01
   3.4950150e+06   3.7292480e+01
   3.4950470e+06   4.8034668e+01
   3.4950710e+06   4.7424316e+01
   3.4951070e+06   1.9531250e+01
   3.4951440e+06   3.5644531e+01
   3.4951680e+06   2.5207520e+01
   3.4952060e+06   1.8432617e+01
   3.4952680e+06   2.2033691e+01
   3.4953300e+06   1.8066406e+01
   3.4953670e+06   1.7089844e+01
   3.4955080e+06   1.7578125e+01
   3.5268390e+06   2.0507812e+01
   3.5268680e+06   4.0588379e+01
   3.5268880e+06   9.4238281e+01
   3.5269020e+06   2.8808594e+01
   3.5269360e+06   7.9589844e+01
   3.5269530e+06   2.4353027e+01
   3.5269660e+06   2.9663086e+01
   3.5269850e+06   2.2583008e+01
   3.5270020e+06   4.1748047e+01
   3.5270120e+06   2.9113770e+01
   3.5270270e+06   4.4433594e+01
   3.5270640e+06   4.0710449e+01
   3.5270770e+06   5.7739258e+01
   3.5270980e+06   5.0781250e+01
   3.5271210e+06   4.1687012e+01
   3.5271650e+06   4.6020508e+01
   3.5271930e+06   2.6733398e+01
   3.5272200e+06   3.7231445e+01
   3.5272510e+06   1.7761230e+01
   3.5272740e+06   1.9042969e+01
   3.5272890e+06   2.9235840e+01
   3.5273070e+06   1.6906738e+01
   3.5273580e+06   3.0761719e+01
   3.5274800e+06   1.9897461e+01
   3.8361960e+06   1.7333984e+01
   3.8423360e+06   1.6967773e+01
   3.8423730e+06   1.9042969e+01
   3.8424050e+06   2.2277832e+01
   3.8443940e+06   1.7761230e+01
   3.8693810e+06   1.8676758e+01
   3.8817060e+06   2.1057129e+01
   3.8822240e+06   4.3823242e+01
   3.8822590e+06   2.7648926e+01
   3.8822710e+06   1.8798828e+01
   3.8822940e+06   1.8615723e+01
   3.8823300e+06   2.1362305e+01
   3.8823760e+06   2.4475098e+01
   3.8823990e+06   1.9714355e+01
   3.8824100e+06   2.4658203e+01
   3.8824350e+06   1.8859863e+01
   3.8824590e+06   5.5480957e+01
   3.8824690e+06   1.9104004e+01
   3.8825070e+06   2.3498535e+01
   3.8825400e+06   3.1433105e+01
   3.8825800e+06   2.0690918e+01
   3.8826190e+06   2.0751953e+01
   3.8826480e+06   2.5146484e+01
   3.8827050e+06   2.7587891e+01
   3.8827420e+06   2.1118164e+01
   3.8828080e+06   1.9104004e+01
   3.8828440e+06   2.7160645e+01
   3.8829200e+06   1.7761230e+01
   3.8829540e+06   2.0202637e+01
   3.8830290e+06   1.9042969e+01
   3.8830950e+06   1.9897461e+01
   3.8831740e+06   1.9042969e+01
   3.8832700e+06   1.7883301e+01
   3.8833290e+06   1.8005371e+01
   3.8834550e+06   1.7761230e+01
   3.9129290e+06   1.7700195e+01
   3.9131900e+06   1.7028809e+01
   3.9254060e+06   2.9846191e+01
   3.9254360e+06   2.3864746e+01
   3.9254460e+06   2.5573730e+01
   3.9254660e+06   2.5512695e+01
   3.9254850e+06   2.9479980e+01
   3.9255040e+06   2.4414062e+01
   3.9255300e+06   2.2949219e+01
   3.9255480e+06   2.5573730e+01
   3.9255670e+06   3.1188965e+01
   3.9255920e+06   3.4729004e+01
   3.9256160e+06   1.9592285e+01
   3.9256410e+06   1.9775391e+01
   3.9256660e+06   1.9714355e+01
   3.9256840e+06   2.0446777e+01
   3.9257280e+06   1.7395020e+01
   3.9257480e+06   3.2165527e+01
   3.9258010e+06   2.3803711e+01
   3.9258110e+06   1.7211914e+01
   3.9258560e+06   2.5085449e+01
   3.9259180e+06   1.8432617e+01
   3.9259520e+06   2.0446777e+01
   3.9259640e+06   1.8005371e+01
   3.9260240e+06   2.2766113e+01
   3.9260380e+06   2.5085449e+01
   3.9260950e+06   1.8737793e+01
   3.9261300e+06   1.7028809e+01
   3.9261520e+06   1.9531250e+01
   3.9261900e+06   2.1972656e+01
   3.9262260e+06   2.5024414e+01
   3.9262740e+06   2.3315430e+01
   3.9263810e+06   1.7578125e+01
   3.9545440e+06   2.9907227e+01
   3.9545790e+06   2.4047852e+01
   3.9545910e+06   3.2226562e+01
   3.9546070e+06   2.2277832e+01
   3.9546200e+06   1.8371582e+01
   3.9546380e+06   7.3242188e+01
   3.9546550e+06   2.2644043e+01
   3.9546830e+06   4.7729492e+01
   3.9546990e+06   1.7456055e+01
   3.9547330e+06   2.9357910e+01
   3.9547950e+06   2.2766113e+01
   3.9548080e+06   1.9348145e+01
   3.9548510e+06   2.6367188e+01
   3.9549160e+06   2.2033691e+01
   3.9549430e+06   1.6906738e+01
   3.9550190e+06   1.9104004e+01
   3.9550910e+06   1.9897461e+01
   3.9551580e+06   1.9958496e+01
   3.9551680e+06   2.0996094e+01
   3.9552400e+06   2.6550293e+01
   3.9553070e+06   1.8188477e+01
   3.9554930e+06   2.1484375e+01
   3.9555080e+06   1.7578125e+01
   3.9812740e+06   2.0324707e+01
   3.9861880e+06   3.3447266e+01
   3.9862010e+06   2.3437500e+01
   3.9862150e+06   2.9541016e+01
   3.9862410e+06   4.0039062e+01
   3.9862730e+06   3.3203125e+01
   3.9863000e+06   6.7260742e+01
   3.9863220e+06   3.3325195e+01
   3.9863510e+06   2.4963379e+01
   3.9863770e+06   1.6906738e+01
   3.9863990e+06   2.4902344e+01
   3.9864220e+06   2.8991699e+01
   3.9864980e+06   2.4597168e+01
   3.9865620e+06   2.1728516e+01
   3.9865790e+06   1.7333984e+01
   3.9866460e+06   1.8066406e+01
   3.9866950e+06   2.4047852e+01
   3.9867100e+06   1.8188477e+01
   3.9867970e+06   1.8066406e+01
   3.9868160e+06   1.9653320e+01
   3.9868880e+06   2.5634766e+01
   3.9869600e+06   1.9836426e+01
   3.9869730e+06   1.6906738e+01
   3.9870710e+06   1.8249512e+01
   3.9872470e+06   2.2583008e+01
   4.0092760e+06   1.7517090e+01
   4.0093210e+06   2.1789551e+01
   4.0093340e+06   1.8493652e+01
   4.0093660e+06   2.2399902e+01
   4.0093880e+06   4.1931152e+01
   4.0094310e+06   6.1950684e+01
   4.0094460e+06   1.7700195e+01
   4.0094750e+06   3.0761719e+01
   4.0094890e+06   1.9165039e+01
   4.0095210e+06   3.3874512e+01
   4.0095340e+06   4.3884277e+01
   4.0096790e+06   2.5268555e+01
   4.0097620e+06   1.7395020e+01
   4.0097880e+06   1.9409180e+01
   4.0098370e+06   2.3437500e+01
   4.0099420e+06   3.1738281e+01
   4.0100540e+06   2.5390625e+01
   4.0101710e+06   2.3315430e+01
   4.0304850e+06   1.6906738e+01
   4.0305820e+06   2.0935059e+01
   4.0306720e+06   2.1606445e+01
   4.0307100e+06   2.5085449e+01
   4.0307440e+06   1.8066406e+01
   4.0307720e+06   3.2104492e+01
   4.0307870e+06   5.0720215e+01
   4.0308070e+06   2.2827148e+01
   4.0308280e+06   3.8757324e+01
   4.0308600e+06   7.0800781e+01
   4.0308810e+06   1.9653320e+01
   4.0309090e+06   2.1789551e+01
   4.0309360e+06   2.5146484e+01
   4.0309480e+06   1.8188477e+01
   4.0309720e+06   1.7883301e+01
   4.0310020e+06   1.9653320e+01
   4.0310800e+06   2.3437500e+01
   4.0310920e+06   2.6977539e+01
   4.0311680e+06   2.1240234e+01
   4.0312210e+06   1.7639160e+01
   4.0313050e+06   1.8981934e+01
   4.0313170e+06   1.8554688e+01
   4.0314500e+06   2.1972656e+01
   4.0315480e+06   2.0874023e+01
   4.0315880e+06   2.2277832e+01
   4.0316030e+06   1.7456055e+01
   4.0508460e+06   1.9470215e+01
   4.0509000e+06   2.1667480e+01
   4.0509370e+06   4.1442871e+01
   4.0509640e+06   2.0446777e+01
   4.0509910e+06   2.2338867e+01
   4.0510010e+06   1.9592285e+01
   4.0510120e+06   4.5043945e+01
   4.0510300e+06   2.8442383e+01
   4.0510640e+06   2.4902344e+01
   4.0510810e+06   3.2043457e+01
   4.0510910e+06   2.3437500e+01
   4.0511120e+06   1.7639160e+01
   4.0511290e+06   3.3447266e+01
   4.0511430e+06   3.0517578e+01
   4.0511900e+06   2.2399902e+01
   4.0513210e+06   3.5278320e+01
   4.0513350e+06   1.7089844e+01
   4.0513760e+06   2.5268555e+01
   4.0514400e+06   2.4597168e+01
   4.0515750e+06   2.1423340e+01
   4.0515870e+06   2.0324707e+01
   4.0516810e+06   2.0568848e+01
   4.0727290e+06   1.7700195e+01
   4.0728000e+06   2.3986816e+01
   4.0728190e+06   2.3376465e+01
   4.0728380e+06   2.1545410e+01
   4.0728570e+06   5.2246094e+01
   4.0728670e+06   3.7841797e+01
   4.0728870e+06   2.3925781e+01
   4.0729050e+06   3.9978027e+01
   4.0729190e+06   2.7099609e+01
   4.0729380e+06   2.6062012e+01
   4.0729610e+06   1.9653320e+01
   4.0729830e+06   4.9987793e+01
   4.0729970e+06   1.8249512e+01
   4.0730290e+06   3.3935547e+01
   4.0730930e+06   1.8310547e+01
   4.0731350e+06   2.0935059e+01
   4.0731600e+06   2.4047852e+01
   4.0732220e+06   1.8676758e+01
   4.0732500e+06   1.7517090e+01
   4.0732970e+06   2.4719238e+01
   4.0734060e+06   1.7150879e+01
   4.0736010e+06   1.8737793e+01
   4.0927470e+06   1.9042969e+01
   4.0927770e+06   3.5400391e+01
   4.0927940e+06   2.0324707e+01
   4.0928080e+06   4.0039062e+01
   4.0928320e+06   2.7038574e+01
   4.0928500e+06   2.6611328e+01
   4.0928730e+06   4.4189453e+01
   4.0928930e+06   6.1340332e+01
   4.0929060e+06   2.6428223e+01
   4.0929440e+06   2.5390625e+01
   4.0929670e+06   3.2104492e+01
   4.0930220e+06   2.7587891e+01
   4.0930330e+06   1.9836426e+01
   4.0933240e+06   1.8371582e+01
   4.1072900e+06   1.7822266e+01
   4.1080330e+06   1.7456055e+01
   4.1081120e+06   1.8859863e+01
   4.1081510e+06   2.1301270e+01
   4.1081780e+06   1.7700195e+01
   4.1082050e+06   5.2062988e+01
   4.1082190e+06   8.9965820e+01
   4.1082500e+06   3.9123535e+01
   4.1082640e+06   2.9235840e+01
   4.1082840e+06   4.7546387e+01
   4.1083030e+06   5.8898926e+01
   4.1083200e+06   4.5288086e+01
   4.1083460e+06   1.8920898e+01
   4.1083620e+06   2.5939941e+01
   4.1084190e+06   2.2583008e+01
   4.1084440e+06   1.7456055e+01
   4.1084630e+06   2.1667480e+01
   4.1085180e+06   2.5878906e+01
   4.1085880e+06   2.3071289e+01
   4.1086630e+06   1.7578125e+01
   4.1088820e+06   1.7456055e+01
   4.1088960e+06   1.8127441e+01
   4.1281850e+06   1.6906738e+01
   4.1282170e+06   3.2409668e+01
   4.1282310e+06   2.6184082e+01
   4.1282520e+06   3.1494141e+01
   4.1282690e+06   7.4951172e+01
   4.1282800e+06   2.3071289e+01
   4.1283110e+06   6.0058594e+01
   4.1283220e+06   1.9592285e+01
   4.1283320e+06   4.5715332e+01
   4.1283520e+06   4.4250488e+01
   4.1283820e+06   2.6794434e+01
   4.1283940e+06   4.6569824e+01
   4.1284120e+06   2.9541016e+01
   4.1284270e+06   2.6794434e+01
   4.1284540e+06   3.1433105e+01
   4.1284670e+06   1.7761230e+01
   4.1285080e+06   1.8615723e+01
   4.1285190e+06   2.5817871e+01
   4.1285510e+06   2.2155762e+01
   4.1288400e+06   1.7028809e+01
   4.1395530e+06   2.2033691e+01
   4.1395960e+06   1.9409180e+01
   4.1396130e+06   2.1423340e+01
   4.1396440e+06   2.2155762e+01
   4.1396660e+06   2.3986816e+01
   4.1396760e+06   3.6437988e+01
   4.1396950e+06   8.4533691e+01
   4.1397120e+06   3.5522461e+01
   4.1397220e+06   5.8349609e+01
   4.1397580e+06   6.7382812e+01
   4.1397880e+06   3.6560059e+01
   4.1398120e+06   3.2592773e+01
   4.1398300e+06   2.5756836e+01
   4.1398600e+06   1.9042969e+01
   4.1398910e+06   2.2155762e+01
   4.1399230e+06   2.1911621e+01
   4.1399940e+06   2.0202637e+01
   4.1400970e+06   1.8310547e+01
   4.1401140e+06   1.9592285e+01
   4.1402640e+06   1.9470215e+01
   4.1534560e+06   1.9531250e+01
   4.1535160e+06   1.7639160e+01
   4.1535540e+06   1.8127441e+01
   4.1535690e+06   3.9001465e+01
   4.1535890e+06   2.3803711e+01
   4.1536070e+06   5.2246094e+01
   4.1536320e+06   7.4645996e+01
   4.1536490e+06   4.9926758e+01
   4.1536790e+06   8.4350586e+01
   4.1536990e+06   4.0893555e+01
   4.1537170e+06   7.4890137e+01
   4.1537350e+06   2.8442383e+01
   4.1537670e+06   5.0048828e+01
   4.1537850e+06   4.3579102e+01
   4.1538010e+06   3.3203125e+01
   4.1538210e+06   1.9775391e+01
   4.1538310e+06   2.1606445e+01
   4.1538620e+06   4.0649414e+01
   4.1539000e+06   3.3935547e+01
   4.1539260e+06   1.6906738e+01
   4.1539780e+06   1.9714355e+01
   4.1540260e+06   1.8615723e+01
   4.1540590e+06   1.7578125e+01
   4.1541190e+06   1.9287109e+01
   4.1541540e+06   1.7883301e+01
   4.1543960e+06   1.8981934e+01
   4.1648150e+06   1.9348145e+01
   4.1648520e+06   1.8859863e+01
   4.1649100e+06   2.3498535e+01
   4.1649230e+06   2.2399902e+01
   4.1649440e+06   2.7954102e+01
   4.1649580e+06   5.9509277e+01
   4.1649840e+06   2.9785156e+01
   4.1650050e+06   6.9335938e+01
   4.1650280e+06   4.1870117e+01
   4.1650390e+06   7.0068359e+01
   4.1650630e+06   5.1696777e+01
   4.1650780e+06   2.7526855e+01
   4.1650970e+06   6.0729980e+01
   4.1651130e+06   3.4484863e+01
   4.1651370e+06   2.5878906e+01
   4.1651610e+06   2.9235840e+01
   4.1651820e+06   2.6123047e+01
   4.1652040e+06   2.5695801e+01
   4.1652330e+06   1.9958496e+01
   4.1652690e+06   2.9907227e+01
   4.1652920e+06   6.0668945e+01
   4.1653340e+06   2.0874023e+01
   4.1653560e+06   1.8615723e+01
   4.1654160e+06   4.1564941e+01
   4.1654400e+06   1.9226074e+01
   4.1654600e+06   2.1545410e+01
   4.1655230e+06   1.8920898e+01
   4.1655500e+06   1.9348145e+01
   4.1760830e+06   1.8981934e+01
   4.1761210e+06   2.5817871e+01
   4.1761640e+06   2.2094727e+01
   4.1761830e+06   1.8554688e+01
   4.1761990e+06   5.5847168e+01
   4.1762260e+06   3.5156250e+01
   4.1762460e+06   2.1972656e+01
   4.1762640e+06   3.8818359e+01
   4.1762760e+06   1.9042969e+01
   4.1762860e+06   4.5471191e+01
   4.1763070e+06   6.0729980e+01
   4.1763320e+06   4.5776367e+01
   4.1763420e+06   4.4067383e+01
   4.1763560e+06   2.3193359e+01
   4.1763740e+06   4.9377441e+01
   4.1763850e+06   2.7587891e+01
   4.1764090e+06   4.3395996e+01
   4.1764470e+06   4.8034668e+01
   4.1764570e+06   2.3376465e+01
   4.1764710e+06   3.9001465e+01
   4.1764890e+06   3.4790039e+01
   4.1765200e+06   2.0874023e+01
   4.1765570e+06   2.0019531e+01
   4.1765920e+06   3.4729004e+01
   4.1766190e+06   1.8798828e+01
   4.1766490e+06   2.2583008e+01
   4.1766710e+06   3.3752441e+01
   4.1766940e+06   2.5268555e+01
   4.1767090e+06   2.9907227e+01
   4.1767450e+06   2.1423340e+01
   4.1767650e+06   1.9287109e+01
   4.1767790e+06   2.3803711e+01
   4.1768060e+06   2.5451660e+01
   4.1768170e+06   1.8310547e+01
   4.1768530e+06   1.9836426e+01
   4.1769000e+06   2.3864746e+01
   4.1769200e+06   1.9470215e+01
   4.1769390e+06   1.8554688e+01
   4.1769520e+06   1.8310547e+01
   4.1770680e+06   1.7272949e+01
   4.1770920e+06   2.3010254e+01
   4.1856390e+06   1.8249512e+01
   4.1856530e+06   1.8859863e+01
   4.1856740e+06   2.4780273e+01
   4.1857030e+06   2.4658203e+01
   4.1857130e+06   2.7282715e+01
   4.1857280e+06   6.3171387e+01
   4.1857410e+06   2.4780273e+01
   4.1857510e+06   5.9143066e+01
   4.1857690e+06   6.3781738e+01
   4.1857840e+06   2.5756836e+01
   4.1858090e+06   5.2734375e+01
   4.1858200e+06   2.0446777e+01
   4.1858390e+06   5.4565430e+01
   4.1858570e+06   2.1972656e+01
   4.1858710e+06   4.1198730e+01
   4.1859160e+06   2.9296875e+01
   4.1859450e+06   3.3630371e+01
   4.1859790e+06   2.5451660e+01
   4.1860250e+06   3.3325195e+01
   4.1860580e+06   2.1972656e+01
   4.1860790e+06   2.6733398e+01
   4.1861040e+06   3.2714844e+01
   4.1861260e+06   3.5278320e+01
   4.1861510e+06   2.9296875e+01
   4.1861820e+06   2.5634766e+01
   4.1862040e+06   2.2460938e+01
   4.1862170e+06   2.9296875e+01
   4.1862420e+06   2.6977539e+01
   4.1862660e+06   2.8076172e+01
   4.1862840e+06   2.7954102e+01
   4.1862980e+06   1.7517090e+01
   4.1863190e+06   2.2766113e+01
   4.1863410e+06   2.2766113e+01
   4.1863800e+06   3.0395508e+01
   4.1864100e+06   1.8981934e+01
   4.1864260e+06   1.6967773e+01
   4.1864680e+06   2.2277832e+01
   4.1865200e+06   2.5695801e+01
   4.1866030e+06   1.7822266e+01
   4.1867900e+06   1.9042969e+01
   4.1897960e+06   1.9409180e+01
   4.1914690e+06   2.1850586e+01
   4.1935300e+06   2.3071289e+01
   4.1935840e+06   1.7822266e+01
   4.1980100e+06   1.7578125e+01
   4.1984040e+06   1.8005371e+01
   4.1984820e+06   2.6489258e+01
   4.1985020e+06   2.1118164e+01
   4.1985380e+06   5.5053711e+01
   4.1985650e+06   8.2031250e+01
   4.1985830e+06   9.6740723e+01
   4.1986060e+06   2.4475098e+01
   4.1986170e+06   7.0007324e+01
   4.1986430e+06   4.1748047e+01
   4.1986750e+06   3.2287598e+01
   4.1986880e+06   2.3925781e+01
   4.1986990e+06   1.8127441e+01
   4.1987430e+06   2.0874023e+01
   4.1987650e+06   2.0629883e+01
   4.1987800e+06   1.7089844e+01
   4.1988190e+06   2.0629883e+01
   4.1988680e+06   2.9357910e+01
   4.1988910e+06   2.6367187e+01
   4.1989190e+06   2.1240234e+01
   4.1989460e+06   3.4545898e+01
   4.1989580e+06   3.7902832e+01
   4.1990010e+06   3.1433105e+01
   4.1990240e+06   2.3254395e+01
   4.1990350e+06   2.0874023e+01
   4.1990600e+06   2.3986816e+01
   4.1990820e+06   2.5024414e+01
   4.1991530e+06   3.1555176e+01
   4.1991840e+06   1.8981934e+01
   4.1992240e+06   3.3935547e+01
   4.1992790e+06   3.1005859e+01
   4.1993110e+06   2.2521973e+01
   4.1993510e+06   2.8564453e+01
   4.1993780e+06   2.1606445e+01
   4.1994160e+06   2.4719238e+01
   4.1994490e+06   2.8015137e+01
   4.1995090e+06   1.7211914e+01
   4.1996220e+06   1.8981934e+01
   4.1996580e+06   2.4597168e+01
   4.2001130e+06   1.7211914e+01
   4.2040800e+06   2.4108887e+01
   4.2059160e+06   1.9775391e+01
   4.2060860e+06   1.8249512e+01
   4.2061020e+06   1.9836426e+01
   4.2061320e+06   1.9958496e+01
   4.2061690e+06   1.8127441e+01
   4.2105950e+06   2.7404785e+01
   4.2106080e+06   1.7395020e+01
   4.2106310e+06   3.4362793e+01
   4.2106520e+06   6.4697266e+01
   4.2106690e+06   4.3334961e+01
   4.2106950e+06   5.0659180e+01
   4.2107110e+06   5.2368164e+01
   4.2107250e+06   5.7617188e+01
   4.2107470e+06   3.8269043e+01
   4.2107600e+06   2.1362305e+01
   4.2107730e+06   3.1738281e+01
   4.2108090e+06   1.7395020e+01
   4.2108410e+06   2.1545410e+01
   4.2108660e+06   1.9165039e+01
   4.2109160e+06   2.3132324e+01
   4.2109410e+06   1.8066406e+01
   4.2109850e+06   3.5827637e+01
   4.2110200e+06   1.8005371e+01
   4.2110430e+06   4.8889160e+01
   4.2110760e+06   2.4475098e+01
   4.2111050e+06   3.5827637e+01
   4.2111440e+06   2.6184082e+01
   4.2111610e+06   2.2766113e+01
   4.2111900e+06   3.2287598e+01
   4.2112100e+06   1.7883301e+01
   4.2112400e+06   2.0446777e+01
   4.2112510e+06   3.2775879e+01
   4.2112690e+06   2.2644043e+01
   4.2112980e+06   1.7822266e+01
   4.2113250e+06   3.2531738e+01
   4.2113610e+06   3.1066895e+01
   4.2113950e+06   2.6733398e+01
   4.2114090e+06   1.8615723e+01
   4.2114270e+06   2.2216797e+01
   4.2114740e+06   2.1972656e+01
   4.2115910e+06   1.8432617e+01
   4.2116840e+06   1.7700195e+01
   4.2119070e+06   1.9775391e+01
   4.2159730e+06   1.7883301e+01
   4.2171180e+06   1.8249512e+01
   4.2174700e+06   1.9470215e+01
   4.2174880e+06   1.8005371e+01
   4.2177100e+06   1.8310547e+01
   4.2177290e+06   1.8127441e+01
   4.2177420e+06   3.0090332e+01
   4.2177660e+06   1.9226074e+01
   4.2178290e+06   1.9470215e+01
   4.2178610e+06   1.8676758e+01
   4.2180550e+06   2.8198242e+01
   4.2180730e+06   2.7343750e+01
   4.2183730e+06   1.7883301e+01
   4.2203900e+06   1.7639160e+01
   4.2207790e+06   1.9592285e+01
   4.2207890e+06   1.7456055e+01
   4.2208160e+06   1.7456055e+01
   4.2208470e+06   1.7211914e+01
   4.2208700e+06   2.4780273e+01
   4.2209000e+06   4.8950195e+01
   4.2209520e+06   2.7770996e+01
   4.2209640e+06   3.6315918e+01
   4.2209940e+06   3.4790039e+01
   4.2210040e+06   2.2155762e+01
   4.2210350e+06   3.9184570e+01
   4.2210540e+06   2.5756836e+01
   4.2210750e+06   5.8410645e+01
   4.2210930e+06   4.7363281e+01
   4.2211140e+06   3.7292480e+01
   4.2211290e+06   3.2836914e+01
   4.2211490e+06   3.6010742e+01
   4.2211630e+06   2.4536133e+01
   4.2211740e+06   2.1972656e+01
   4.2212080e+06   3.7902832e+01
   4.2212220e+06   2.3864746e+01
   4.2212380e+06   3.3630371e+01
   4.2212670e+06   2.4963379e+01
   4.2212930e+06   2.1057129e+01
   4.2213160e+06   1.7089844e+01
   4.2213510e+06   3.3386230e+01
   4.2213930e+06   1.8798828e+01
   4.2214240e+06   2.1789551e+01
   4.2214350e+06   1.8493652e+01
   4.2215200e+06   1.9042969e+01
   4.2215360e+06   1.7883301e+01
   4.2215530e+06   1.9470215e+01
   4.2215820e+06   2.9785156e+01
   4.2216120e+06   1.8493652e+01
   4.2216360e+06   1.6967773e+01
   4.2216560e+06   3.4179688e+01
   4.2216840e+06   2.2033691e+01
   4.2217140e+06   2.7587891e+01
   4.2217260e+06   2.9907227e+01
   4.2217540e+06   1.7089844e+01
   4.2218020e+06   2.0202637e+01
   4.2218440e+06   3.8757324e+01
   4.2219880e+06   1.8737793e+01
   4.2220520e+06   1.7700195e+01
   4.2221700e+06   1.7822266e+01
   4.2262080e+06   1.8127441e+01
   4.2264050e+06   1.9226074e+01
   4.2264790e+06   1.9287109e+01
   4.2268630e+06   2.0690918e+01
   4.2269630e+06   2.2033691e+01
   4.2271150e+06   2.3620605e+01
   4.2271260e+06   3.2409668e+01
   4.2271490e+06   1.8432617e+01
   4.2274380e+06   1.9226074e+01
   4.2275090e+06   1.9104004e+01
   4.2275200e+06   2.7404785e+01
   4.2275430e+06   1.9653320e+01
   4.2276520e+06   2.0812988e+01
   4.2277470e+06   1.6967773e+01
   4.2278610e+06   1.8249512e+01
   4.2281490e+06   2.0019531e+01
   4.2306370e+06   1.7395020e+01
   4.2307230e+06   2.0874023e+01
   4.2307760e+06   1.8249512e+01
   4.2308050e+06   3.7780762e+01
   4.2308400e+06   6.1462402e+01
   4.2308630e+06   4.4616699e+01
   4.2308790e+06   2.7587891e+01
   4.2308890e+06   2.8625488e+01
   4.2309030e+06   5.3955078e+01
   4.2309270e+06   3.0578613e+01
   4.2309450e+06   3.8269043e+01
   4.2309730e+06   2.5634766e+01
   4.2309950e+06   1.7150879e+01
   4.2310050e+06   4.4799805e+01
   4.2310260e+06   2.0690918e+01
   4.2310780e+06   1.8127441e+01
   4.2311690e+06   2.2094727e+01
   4.2312090e+06   2.3315430e+01
   4.2312350e+06   2.3254395e+01
   4.2312650e+06   2.7404785e+01
   4.2313080e+06   2.5085449e+01
   4.2313210e+06   2.3620605e+01
   4.2313480e+06   1.8859863e+01
   4.2313720e+06   1.8981934e+01
   4.2313960e+06   2.1850586e+01
   4.2314080e+06   1.7395020e+01
   4.2314450e+06   1.7700195e+01
   4.2314770e+06   1.7272949e+01
   4.2314920e+06   1.7883301e+01
   4.2315050e+06   2.4902344e+01
   4.2315190e+06   1.9531250e+01
   4.2315480e+06   1.7272949e+01
   4.2315890e+06   1.7883301e+01
   4.2316110e+06   2.6611328e+01
   4.2316960e+06   2.3315430e+01
   4.2317370e+06   2.0629883e+01
   4.2318400e+06   1.7761230e+01
   4.2360550e+06   1.7272949e+01
   4.2361670e+06   1.9226074e+01
   4.2362360e+06   1.7211914e+01
   4.2362890e+06   1.9287109e+01
   4.2363450e+06   3.4729004e+01
   4.2363920e+06   2.4536133e+01
   4.2364190e+06   2.6367187e+01
   4.2364300e+06   1.8676758e+01
   4.2364730e+06   3.5766602e+01
   4.2365570e+06   2.2155762e+01
   4.2366310e+06   2.1240234e+01
   4.2367070e+06   1.8859863e+01
   4.2385930e+06   1.8615723e+01
   4.2386740e+06   3.2043457e+01
   4.2387000e+06   3.1494141e+01
   4.2387160e+06   1.8676758e+01
   4.2387450e+06   3.9367676e+01
   4.2387580e+06   5.7189941e+01
   4.2387870e+06   5.1391602e+01
   4.2388150e+06   5.1147461e+01
   4.2388320e+06   3.7536621e+01
   4.2388430e+06   4.0100098e+01
   4.2388690e+06   4.3090820e+01
   4.2389040e+06   3.0639648e+01
   4.2389150e+06   2.4536133e+01
   4.2389420e+06   2.4902344e+01
   4.2389740e+06   1.9775391e+01
   4.2389840e+06   1.7700195e+01
   4.2390260e+06   2.5451660e+01
   4.2390450e+06   2.3864746e+01
   4.2390920e+06   1.9042969e+01
   4.2391190e+06   2.3559570e+01
   4.2391430e+06   3.0944824e+01
   4.2391670e+06   1.9531250e+01
   4.2391970e+06   2.7160645e+01
   4.2392180e+06   3.2409668e+01
   4.2392580e+06   1.7761230e+01
   4.2393050e+06   2.6367188e+01
   4.2393360e+06   2.5207520e+01
   4.2393660e+06   2.9418945e+01
   4.2393870e+06   2.6123047e+01
   4.2393990e+06   2.7709961e+01
   4.2394300e+06   1.7456055e+01
   4.2397260e+06   1.7150879e+01
   4.2432880e+06   1.7456055e+01
   4.2433630e+06   2.1240234e+01
   4.2434180e+06   1.7089844e+01
   4.2439920e+06   1.8249512e+01
   4.2440600e+06   2.3925781e+01
   4.2440890e+06   2.0874023e+01
   4.2441020e+06   1.8615723e+01
   4.2441670e+06   2.7160645e+01
   4.2443360e+06   2.5268555e+01
   4.2443990e+06   1.8188477e+01
   4.2445170e+06   1.8066406e+01
   4.2446160e+06   1.9836426e+01
   4.2446530e+06   2.2644043e+01
   4.2446740e+06   5.0109863e+01
   4.2447060e+06   2.6733398e+01
   4.2447310e+06   7.6904297e+01
   4.2447460e+06   2.1240234e+01
   4.2447630e+06   5.3894043e+01
   4.2447760e+06   3.5095215e+01
   4.2448100e+06   5.7373047e+01
   4.2448210e+06   3.6621094e+01
   4.2448350e+06   4.6752930e+01
   4.2448560e+06   2.1789551e+01
   4.2448770e+06   2.2399902e+01
   4.2449040e+06   2.3742676e+01
   4.2449250e+06   1.9348145e+01
   4.2449550e+06   1.8371582e+01
   4.2449920e+06   2.5268555e+01
   4.2450660e+06   1.8432617e+01
   4.2451780e+06   2.6550293e+01
   4.2452370e+06   2.4169922e+01
   4.2453060e+06   1.6967773e+01
   4.2455700e+06   1.8066406e+01
   4.2459070e+06   1.6906738e+01
   4.2476480e+06   1.8066406e+01
   4.2486250e+06   1.7700195e+01
   4.2486620e+06   1.7028809e+01
   4.2487240e+06   1.7333984e+01
   4.2490800e+06   2.0080566e+01
   4.2491450e+06   2.3193359e+01
   4.2492960e+06   1.7578125e+01
   4.2493860e+06   1.7395020e+01
   4.2494310e+06   2.7404785e+01
   4.2496120e+06   2.3925781e+01
   4.2499130e+06   1.6906738e+01
   4.2500110e+06   1.8554688e+01
   4.2500230e+06   1.9653320e+01
   4.2500480e+06   1.9409180e+01
   4.2500760e+06   2.0202637e+01
   4.2500900e+06   2.8991699e+01
   4.2501010e+06   3.9611816e+01
   4.2501190e+06   2.3925781e+01
   4.2501400e+06   5.0048828e+01
   4.2501580e+06   6.1096191e+01
   4.2501740e+06   4.6325684e+01
   4.2501970e+06   3.8757324e+01
   4.2502070e+06   4.0954590e+01
   4.2502340e+06   2.5085449e+01
   4.2502500e+06   5.7067871e+01
   4.2502810e+06   4.1809082e+01
   4.2503150e+06   2.3803711e+01
   4.2503280e+06   2.6245117e+01
   4.2503460e+06   1.9226074e+01
   4.2503740e+06   1.9470215e+01
   4.2503840e+06   1.9104004e+01
   4.2504180e+06   1.9653320e+01
   4.2504830e+06   1.8310547e+01
   4.2505520e+06   2.1728516e+01
   4.2505660e+06   1.6967773e+01
   4.2506400e+06   2.8808594e+01
   4.2506610e+06   1.8249512e+01
   4.2507050e+06   1.7272949e+01
   4.2507610e+06   2.6550293e+01
   4.2508180e+06   1.7517090e+01
   4.2508450e+06   1.6906738e+01
   4.2510330e+06   1.8859863e+01
   4.2511880e+06   1.7272949e+01
   4.2539890e+06   2.3010254e+01
   4.2542360e+06   1.8615723e+01
   4.2542480e+06   2.3071289e+01
   4.2551960e+06   1.8615723e+01
   4.2552280e+06   2.5268555e+01
   4.2552470e+06   4.7729492e+01
   4.2552680e+06   1.9653320e+01
   4.2552800e+06   3.7841797e+01
   4.2553040e+06   8.7524414e+01
   4.2553330e+06   3.9978027e+01
   4.2553530e+06   4.7485352e+01
   4.2553870e+06   2.5756836e+01
   4.2554130e+06   1.9958496e+01
   4.2554370e+06   2.2949219e+01
   4.2554530e+06   3.2287598e+01
   4.2554920e+06   3.3630371e+01
   4.2555180e+06   2.3498535e+01
   4.2555360e+06   1.9409180e+01
   4.2557340e+06   1.8249512e+01
   4.2558620e+06   2.1789551e+01
   4.2589200e+06   1.7456055e+01
   4.2589380e+06   1.9165039e+01
   4.2590990e+06   2.1972656e+01
   4.2592190e+06   1.9592285e+01
   4.2593430e+06   1.8127441e+01
   4.2593670e+06   3.2287598e+01
   4.2593890e+06   2.9052734e+01
   4.2594100e+06   2.6550293e+01
   4.2594440e+06   4.0039062e+01
   4.2594650e+06   2.5878906e+01
   4.2594820e+06   4.8034668e+01
   4.2595160e+06   5.2001953e+01
   4.2595380e+06   4.0405273e+01
   4.2595570e+06   1.8615723e+01
   4.2595860e+06   1.9531250e+01
   4.2596110e+06   3.6315918e+01
   4.2596370e+06   1.8859863e+01
   4.2596620e+06   1.9958496e+01
   4.2598470e+06   2.1057129e+01
   4.2629100e+06   1.7456055e+01
   4.2631280e+06   1.8676758e+01
   4.2632120e+06   2.3254395e+01
   4.2632520e+06   1.7333984e+01
   4.2632980e+06   1.7700195e+01
   4.2633840e+06   3.4729004e+01
   4.2634010e+06   2.1301270e+01
   4.2634300e+06   3.2531738e+01
   4.2634590e+06   3.6682129e+01
   4.2634870e+06   5.6701660e+01
   4.2635160e+06   3.9062500e+01
   4.2635320e+06   2.7404785e+01
   4.2635460e+06   3.6743164e+01
   4.2635770e+06   3.3569336e+01
   4.2636040e+06   3.6804199e+01
   4.2636260e+06   2.7587891e+01
   4.2636380e+06   1.8127441e+01
   4.2636630e+06   2.5817871e+01
   4.2636820e+06   2.5695801e+01
   4.2639320e+06   2.1911621e+01
   4.2642160e+06   1.7333984e+01
   4.2671600e+06   1.7944336e+01
   4.2672300e+06   1.9531250e+01
   4.2672980e+06   2.2644043e+01
   4.2673120e+06   1.8005371e+01
   4.2673770e+06   2.4047852e+01
   4.2674190e+06   2.6184082e+01
   4.2674320e+06   2.9296875e+01
   4.2674610e+06   5.4504395e+01
   4.2674920e+06   3.4790039e+01
   4.2675030e+06   5.6884766e+01
   4.2675270e+06   3.0639648e+01
   4.2675490e+06   4.1870117e+01
   4.2675640e+06   2.9113770e+01
   4.2675880e+06   2.7832031e+01
   4.2676210e+06   2.9907227e+01
   4.2676420e+06   1.7028809e+01
   4.2676670e+06   4.9804688e+01
   4.2707350e+06   1.9592285e+01
   4.2711160e+06   1.7883301e+01
   4.2711420e+06   1.9042969e+01
   4.2711750e+06   1.8005371e+01
   4.2711860e+06   2.3925781e+01
   4.2713100e+06   3.1494141e+01
   4.2713570e+06   1.9531250e+01
   4.2713810e+06   1.8615723e+01
   4.2714440e+06   3.2653809e+01
   4.2714560e+06   1.9958496e+01
   4.2714830e+06   4.6752930e+01
   4.2715110e+06   4.1931152e+01
   4.2715240e+06   3.2958984e+01
   4.2715510e+06   4.7424316e+01
   4.2715660e+06   5.2368164e+01
   4.2715920e+06   2.7648926e+01
   4.2716140e+06   3.4240723e+01
   4.2716570e+06   3.0944824e+01
   4.2716730e+06   2.6794434e+01
   4.2716920e+06   3.7231445e+01
   4.2717180e+06   1.7822266e+01
   4.2718690e+06   2.1362305e+01
   4.2719890e+06   1.9958496e+01
   4.2748000e+06   1.7578125e+01
   4.2748300e+06   2.0019531e+01
   4.2748870e+06   1.7333984e+01
   4.2751510e+06   1.8127441e+01
   4.2752050e+06   2.9541016e+01
   4.2752310e+06   3.0639648e+01
   4.2752790e+06   1.8127441e+01
   4.2753040e+06   1.8493652e+01
   4.2753330e+06   1.7700195e+01
   4.2753580e+06   3.5095215e+01
   4.2753820e+06   2.3071289e+01
   4.2753970e+06   2.5756836e+01
   4.2754840e+06   2.3620605e+01
   4.2755130e+06   2.2827148e+01
   4.2755270e+06   1.7456055e+01
   4.2755380e+06   2.9113770e+01
   4.2755570e+06   2.3803711e+01
   4.2755940e+06   3.4057617e+01
   4.2756050e+06   3.3874512e+01
   4.2756240e+06   3.0395508e+01
   4.2756560e+06   4.1076660e+01
   4.2756740e+06   2.4169922e+01
   4.2756930e+06   1.7822266e+01
   4.2759210e+06   1.9958496e+01
   4.2789980e+06   1.7578125e+01
   4.2791060e+06   2.3254395e+01
   4.2791360e+06   2.0080566e+01
   4.2791730e+06   3.8940430e+01
   4.2791850e+06   2.7587891e+01
   4.2792120e+06   1.9165039e+01
   4.2792270e+06   5.5114746e+01
   4.2792510e+06   7.1166992e+01
   4.2792740e+06   4.5959473e+01
   4.2792850e+06   2.4230957e+01
   4.2793030e+06   4.5898438e+01
   4.2793200e+06   2.0324707e+01
   4.2793360e+06   2.1606445e+01
   4.2793550e+06   4.0893555e+01
   4.2793730e+06   2.4353027e+01
   4.2793860e+06   1.8737793e+01
   4.2794170e+06   2.7282715e+01
   4.2794380e+06   2.7099609e+01
   4.2794700e+06   1.7333984e+01
   4.2794930e+06   1.7211914e+01
   4.2795300e+06   1.9592285e+01
   4.2827050e+06   1.7639160e+01
   4.2831030e+06   1.8859863e+01
   4.2831970e+06   1.7333984e+01
   4.2832440e+06   1.9836426e+01
   4.2832600e+06   2.0629883e+01
   4.2832750e+06   5.9936523e+01
   4.2832910e+06   2.4658203e+01
   4.2833200e+06   3.4057617e+01
   4.2833390e+06   5.0537109e+01
   4.2833500e+06   4.0588379e+01
   4.2833640e+06   2.3803711e+01
   4.2833810e+06   4.4433594e+01
   4.2834000e+06   2.4108887e+01
   4.2834110e+06   5.3405762e+01
   4.2834380e+06   2.7282715e+01
   4.2834560e+06   3.6132812e+01
   4.2834800e+06   3.4179688e+01
   4.2835020e+06   2.1301270e+01
   4.2835260e+06   1.8676758e+01
   4.2835410e+06   2.0324707e+01
   4.2835690e+06   2.1667480e+01
   4.2836020e+06   2.1484375e+01
   4.2837080e+06   1.6906738e+01
   4.2837300e+06   1.9470215e+01
   4.2837480e+06   2.1911621e+01
   4.2870860e+06   2.1118164e+01
   4.2871260e+06   2.2583008e+01
   4.2871460e+06   4.6142578e+01
   4.2871790e+06   3.9062500e+01
   4.2871990e+06   3.5217285e+01
   4.2872170e+06   3.6437988e+01
   4.2872370e+06   3.2348633e+01
   4.2872490e+06   1.7028809e+01
   4.2872650e+06   6.9335938e+01
   4.2872800e+06   2.6977539e+01
   4.2873090e+06   5.5969238e+01
   4.2873220e+06   3.5217285e+01
   4.2873630e+06   4.0100098e+01
   4.2873750e+06   3.0883789e+01
   4.2874340e+06   1.7456055e+01
   4.2875700e+06   2.0141602e+01
   4.2905070e+06   1.7150879e+01
   4.2907840e+06   1.8188477e+01
   4.2908330e+06   1.7517090e+01
   4.2908680e+06   2.0812988e+01
   4.2908980e+06   5.7739258e+01
   4.2909230e+06   5.1940918e+01
   4.2909430e+06   2.1667480e+01
   4.2909540e+06   1.9104004e+01
   4.2909660e+06   2.6611328e+01
   4.2909810e+06   3.7658691e+01
   4.2910070e+06   5.2856445e+01
   4.2910280e+06   2.7343750e+01
   4.2910460e+06   2.7526855e+01
   4.2910670e+06   3.1555176e+01
   4.2910780e+06   3.6132812e+01
   4.2911100e+06   2.8930664e+01
   4.2911250e+06   2.0080566e+01
   4.2911450e+06   3.9123535e+01
   4.2911560e+06   3.0578613e+01
   4.2912300e+06   2.6062012e+01
   4.2944260e+06   1.9653320e+01
   4.2949730e+06   1.9042969e+01
   4.2950390e+06   2.0263672e+01
   4.2950500e+06   3.6926270e+01
   4.2950670e+06   5.2368164e+01
   4.2950950e+06   2.3376465e+01
   4.2951140e+06   5.6518555e+01
   4.2951320e+06   5.9814453e+01
   4.2951440e+06   2.6184082e+01
   4.2951650e+06   5.6091309e+01
   4.2951840e+06   3.5400391e+01
   4.2952000e+06   2.4902344e+01
   4.2952220e+06   2.9602051e+01
   4.2952330e+06   3.6193848e+01
   4.2952670e+06   2.1606445e+01
   4.2952890e+06   4.1198730e+01
   4.2953240e+06   1.6906738e+01
   4.2953400e+06   2.3498535e+01
   4.2954580e+06   1.8920898e+01
   4.2956620e+06   1.7333984e+01
   4.2989360e+06   2.1240234e+01
   4.2990080e+06   2.3193359e+01
   4.2990200e+06   2.1728516e+01
   4.2990380e+06   4.1931152e+01
   4.2990650e+06   2.6000977e+01
   4.2990760e+06   3.8696289e+01
   4.2990990e+06   2.7954102e+01
   4.2991170e+06   2.2338867e+01
   4.2991330e+06   5.2856445e+01
   4.2991610e+06   3.3081055e+01
   4.2991790e+06   3.3020020e+01
   4.2992080e+06   3.2775879e+01
   4.2992190e+06   2.6306152e+01
   4.2992490e+06   3.1188965e+01
   4.2992700e+06   3.4240723e+01
   4.2993040e+06   1.8920898e+01
   4.3032640e+06   2.1240234e+01
   4.3032810e+06   3.6376953e+01
   4.3033040e+06   1.7150879e+01
   4.3033170e+06   2.6794434e+01
   4.3033340e+06   7.4890137e+01
   4.3033710e+06   2.5695801e+01
   4.3033930e+06   5.9753418e+01
   4.3034150e+06   3.3508301e+01
   4.3034310e+06   2.5512695e+01
   4.3034590e+06   4.8339844e+01
   4.3034820e+06   4.0588379e+01
   4.3034960e+06   1.7333984e+01
   4.3035150e+06   4.8095703e+01
   4.3035430e+06   3.2043457e+01
   4.3035650e+06   4.1076660e+01
   4.3035960e+06   1.7944336e+01
   4.3036190e+06   1.8432617e+01
   4.3036400e+06   1.8676758e+01
   4.3036920e+06   2.2399902e+01
   4.3037940e+06   2.0690918e+01
   4.3072110e+06   2.1118164e+01
   4.3072490e+06   4.2541504e+01
   4.3072660e+06   3.9672852e+01
   4.3072870e+06   3.6499023e+01
   4.3073060e+06   2.7404785e+01
   4.3073250e+06   4.9133301e+01
   4.3073570e+06   6.6345215e+01
   4.3073720e+06   2.9907227e+01
   4.3073850e+06   2.3315430e+01
   4.3074070e+06   4.2480469e+01
   4.3074500e+06   2.2338867e+01
   4.3074690e+06   2.9296875e+01
   4.3074800e+06   1.9165039e+01
   4.3111080e+06   1.8981934e+01
   4.3114290e+06   1.9104004e+01
   4.3114620e+06   4.7790527e+01
   4.3114770e+06   5.1696777e+01
   4.3114880e+06   2.2399902e+01
   4.3115230e+06   4.9926758e+01
   4.3115520e+06   3.2348633e+01
   4.3115620e+06   4.2907715e+01
   4.3115850e+06   2.4963379e+01
   4.3116230e+06   4.4128418e+01
   4.3116370e+06   3.6010742e+01
   4.3116470e+06   2.5756836e+01
   4.3116690e+06   2.1301270e+01
   4.3117040e+06   1.7395020e+01
   4.3117340e+06   1.8249512e+01
   4.3118320e+06   1.7333984e+01
   4.3118470e+06   2.2460938e+01
   4.3156210e+06   1.7944336e+01
   4.3156780e+06   1.7761230e+01
   4.3156880e+06   2.0874023e+01
   4.3157130e+06   1.7089844e+01
   4.3157450e+06   4.0588379e+01
   4.3157640e+06   4.5715332e+01
   4.3157770e+06   3.1982422e+01
   4.3157990e+06   2.6123047e+01
   4.3158140e+06   4.1259766e+01
   4.3158290e+06   2.7648926e+01
   4.3158510e+06   2.5817871e+01
   4.3158800e+06   3.4729004e+01
   4.3158960e+06   2.7587891e+01
   4.3159210e+06   1.8005371e+01
   4.3159420e+06   1.9470215e+01
   4.3160710e+06   1.7456055e+01
   4.3162140e+06   2.6000977e+01
   4.3201240e+06   2.0874023e+01
   4.3201470e+06   5.0292969e+01
   4.3201590e+06   3.8818359e+01
   4.3201800e+06   4.4372559e+01
   4.3201970e+06   5.5114746e+01
   4.3202170e+06   4.4128418e+01
   4.3202410e+06   5.9326172e+01
   4.3202630e+06   3.2958984e+01
   4.3202770e+06   4.0100098e+01
   4.3202980e+06   4.3029785e+01
   4.3203090e+06   3.1066895e+01
   4.3203390e+06   2.1728516e+01
   4.3203510e+06   3.4912109e+01
   4.3203840e+06   1.6967773e+01
   4.3206820e+06   1.7333984e+01
   4.3247620e+06   2.2644043e+01
   4.3247880e+06   3.6682129e+01
   4.3247990e+06   3.1494141e+01
   4.3248110e+06   3.7048340e+01
   4.3248490e+06   4.2053223e+01
   4.3248720e+06   2.8564453e+01
   4.3248820e+06   4.2663574e+01
   4.3249050e+06   2.3376465e+01
   4.3249200e+06   2.8015137e+01
   4.3249390e+06   2.3376465e+01
   4.3249730e+06   2.1423340e+01
   4.3250010e+06   3.5339355e+01
   4.3250330e+06   2.0935059e+01
   4.3250780e+06   1.8920898e+01
   4.3250910e+06   1.8310547e+01
   4.3251510e+06   1.8127441e+01
   4.3252840e+06   2.3559570e+01
   4.3254300e+06   1.9714355e+01
   4.3291210e+06   2.1118164e+01
   4.3291560e+06   1.9714355e+01
   4.3291800e+06   4.5104980e+01
   4.3291930e+06   4.6203613e+01
   4.3292040e+06   2.3620605e+01
   4.3292180e+06   6.0546875e+01
   4.3292370e+06   2.0690918e+01
   4.3292540e+06   4.4006348e+01
   4.3292730e+06   3.1677246e+01
   4.3293080e+06   2.5512695e+01
   4.3293200e+06   4.3334961e+01
   4.3293500e+06   2.8381348e+01
   4.3293770e+06   2.1972656e+01
   4.3294000e+06   2.3559570e+01
   4.3294270e+06   2.7648926e+01
   4.3294770e+06   1.7272949e+01
   4.3295050e+06   1.7150879e+01
   4.3342800e+06   1.9531250e+01
   4.3343000e+06   6.9824219e+01
   4.3343150e+06   6.0729980e+01
   4.3343320e+06   2.1789551e+01
   4.3343570e+06   4.0405273e+01
   4.3343830e+06   6.9763184e+01
   4.3343980e+06   2.6489258e+01
   4.3344120e+06   2.4658203e+01
   4.3344360e+06   3.9733887e+01
   4.3344480e+06   2.1789551e+01
   4.3344620e+06   1.7395020e+01
   4.3344860e+06   3.4545898e+01
   4.3344980e+06   4.6264648e+01
   4.3345250e+06   1.7333984e+01
   4.3345570e+06   2.5146484e+01
   4.3346370e+06   1.7211914e+01
   4.3346550e+06   2.2033691e+01
   4.3346840e+06   1.8005371e+01
   4.3347540e+06   2.4108887e+01
   4.3349490e+06   1.9226074e+01
   4.3397680e+06   2.1606445e+01
   4.3397850e+06   4.8278809e+01
   4.3398110e+06   5.1269531e+01
   4.3398320e+06   2.8076172e+01
   4.3398440e+06   5.9509277e+01
   4.3398540e+06   4.3457031e+01
   4.3398760e+06   3.8574219e+01
   4.3398880e+06   2.0568848e+01
   4.3399070e+06   3.4118652e+01
   4.3399370e+06   5.0903320e+01
   4.3399520e+06   2.5817871e+01
   4.3399880e+06   2.3742676e+01
   4.3400120e+06   1.9470215e+01
   4.3400770e+06   1.8737793e+01
   4.3402040e+06   1.7883301e+01
   4.3402270e+06   2.1545410e+01
   4.3402410e+06   2.2094727e+01
   4.3403440e+06   1.9409180e+01
   4.3404510e+06   1.7333984e+01
   4.3405010e+06   1.7333984e+01
   4.3447760e+06   1.8676758e+01
   4.3448110e+06   3.5400391e+01
   4.3448280e+06   5.4809570e+01
   4.3448420e+06   3.6743164e+01
   4.3448570e+06   4.6386719e+01
   4.3448830e+06   2.8625488e+01
   4.3448940e+06   3.1616211e+01
   4.3449190e+06   5.4260254e+01
   4.3449530e+06   4.0283203e+01
   4.3449860e+06   3.3569336e+01
   4.3449970e+06   2.1057129e+01
   4.3450280e+06   3.6865234e+01
   4.3450870e+06   1.8066406e+01
   4.3450970e+06   1.9592285e+01
   4.3451930e+06   1.7456055e+01
   4.3452260e+06   1.7517090e+01
   4.3452770e+06   1.6906738e+01
   4.3453780e+06   2.9602051e+01
   4.3500760e+06   3.3142090e+01
   4.3500940e+06   5.4321289e+01
   4.3501120e+06   5.3100586e+01
   4.3501280e+06   5.8715820e+01
   4.3501400e+06   2.0629883e+01
   4.3501530e+06   7.0861816e+01
   4.3501770e+06   4.3762207e+01
   4.3502080e+06   5.4992676e+01
   4.3502230e+06   3.5339355e+01
   4.3502560e+06   4.1198730e+01
   4.3502790e+06   2.3986816e+01
   4.3502980e+06   3.3935547e+01
   4.3503140e+06   1.8554688e+01
   4.3503560e+06   2.1728516e+01
   4.3504570e+06   2.1850586e+01
   4.3505320e+06   1.8554688e+01
   4.3505850e+06   2.5207520e+01
   4.3506790e+06   1.8920898e+01
   4.3509240e+06   1.7395020e+01
   4.3561610e+06   2.4902344e+01
   4.3561790e+06   4.3640137e+01
   4.3562030e+06   5.7983398e+01
   4.3562160e+06   5.2673340e+01
   4.3562520e+06   5.1269531e+01
   4.3562620e+06   3.5034180e+01
   4.3562870e+06   4.1870117e+01
   4.3563200e+06   2.4658203e+01
   4.3563330e+06   2.2521973e+01
   4.3563600e+06   2.1667480e+01
   4.3563910e+06   3.5583496e+01
   4.3564160e+06   1.9531250e+01
   4.3564480e+06   1.7517090e+01
   4.3564620e+06   1.8127441e+01
   4.3564980e+06   2.9235840e+01
   4.3565390e+06   1.9226074e+01
   4.3566280e+06   3.0761719e+01
   4.3567000e+06   1.7639160e+01
   4.3567190e+06   1.8676758e+01
   4.3568300e+06   1.7333984e+01
   4.3568760e+06   1.9592285e+01
   4.3569070e+06   2.0568848e+01
   4.3620270e+06   2.0080566e+01
   4.3620470e+06   1.7639160e+01
   4.3620650e+06   2.8991699e+01
   4.3620770e+06   1.0552979e+02
   4.3621070e+06   4.0771484e+01
   4.3621180e+06   4.1564941e+01
   4.3621480e+06   3.6010742e+01
   4.3621640e+06   1.8493652e+01
   4.3621880e+06   3.1921387e+01
   4.3622020e+06   5.0842285e+01
   4.3622460e+06   3.9916992e+01
   4.3622790e+06   4.4982910e+01
   4.3623110e+06   1.8981934e+01
   4.3623260e+06   2.2277832e+01
   4.3624490e+06   1.9470215e+01
   4.3624930e+06   2.0751953e+01
   4.3625080e+06   1.6967773e+01
   4.3626660e+06   2.0751953e+01
   4.3678600e+06   1.8981934e+01
   4.3678960e+06   3.1860352e+01
   4.3679140e+06   5.2734375e+01
   4.3679420e+06   5.5908203e+01
   4.3679520e+06   5.7128906e+01
   4.3679680e+06   2.2949219e+01
   4.3679850e+06   4.6752930e+01
   4.3680240e+06   4.2846680e+01
   4.3680450e+06   3.1677246e+01
   4.3680590e+06   2.7343750e+01
   4.3680790e+06   3.1311035e+01
   4.3681010e+06   2.9785156e+01
   4.3681410e+06   3.7414551e+01
   4.3681590e+06   1.8676758e+01
   4.3681870e+06   2.5024414e+01
   4.3682250e+06   1.8127441e+01
   4.3682470e+06   1.7211914e+01
   4.3682590e+06   2.9052734e+01
   4.3682890e+06   1.9042969e+01
   4.3683120e+06   2.1423340e+01
   4.3683870e+06   2.1118164e+01
   4.3684540e+06   2.9663086e+01
   4.3685910e+06   1.7639160e+01
   4.3739950e+06   1.8554688e+01
   4.3740070e+06   2.0568848e+01
   4.3740240e+06   4.2785645e+01
   4.3740370e+06   4.3151855e+01
   4.3740480e+06   3.2348633e+01
   4.3740730e+06   4.3334961e+01
   4.3740850e+06   4.6142578e+01
   4.3741070e+06   3.6560059e+01
   4.3741280e+06   3.3020020e+01
   4.3741510e+06   4.0100098e+01
   4.3741720e+06   4.3395996e+01
   4.3742030e+06   3.8818359e+01
   4.3742280e+06   3.1433105e+01
   4.3742520e+06   4.3640137e+01
   4.3742690e+06   1.8554688e+01
   4.3742930e+06   2.0507812e+01
   4.3743740e+06   2.4230957e+01
   4.3744360e+06   2.0812988e+01
   4.3744610e+06   1.8920898e+01
   4.3745250e+06   1.7944336e+01
   4.3746200e+06   2.4841309e+01
   4.3801580e+06   2.3681641e+01
   4.3801800e+06   6.9885254e+01
   4.3801950e+06   3.6804199e+01
   4.3802130e+06   3.5095215e+01
   4.3802380e+06   3.9794922e+01
   4.3802620e+06   4.8889160e+01
   4.3802880e+06   3.5400391e+01
   4.3803010e+06   6.7077637e+01
   4.3803200e+06   2.7221680e+01
   4.3803510e+06   4.2236328e+01
   4.3803630e+06   2.0263672e+01
   4.3803800e+06   1.6967773e+01
   4.3804060e+06   1.7700195e+01
   4.3804190e+06   3.7719727e+01
   4.3804420e+06   1.8737793e+01
   4.3805660e+06   2.6306152e+01
   4.3805910e+06   1.7395020e+01
   4.3806300e+06   1.8371582e+01
   4.3806580e+06   1.7089844e+01
   4.3806790e+06   1.7333984e+01
   4.3807130e+06   1.7333984e+01
   4.3808730e+06   1.7028809e+01
   4.3873910e+06   1.9714355e+01
   4.3874300e+06   5.4016113e+01
   4.3874420e+06   3.7475586e+01
   4.3874630e+06   6.3720703e+01
   4.3874830e+06   5.4077148e+01
   4.3874950e+06   4.5532227e+01
   4.3875200e+06   3.3630371e+01
   4.3875300e+06   5.3527832e+01
   4.3875510e+06   2.1606445e+01
   4.3875780e+06   2.8198242e+01
   4.3875940e+06   2.0080566e+01
   4.3876090e+06   1.8493652e+01
   4.3876410e+06   2.7343750e+01
   4.3876630e+06   1.9958496e+01
   4.3876920e+06   1.7700195e+01
   4.3877110e+06   1.8188477e+01
   4.3877210e+06   4.4067383e+01
   4.3877870e+06   2.1301270e+01
   4.3878150e+06   2.9174805e+01
   4.3878270e+06   1.7883301e+01
   4.3878690e+06   2.9052734e+01
   4.3879140e+06   2.2521973e+01
   4.3879450e+06   2.4902344e+01
   4.3879730e+06   1.8432617e+01
   4.3880390e+06   1.8310547e+01
   4.3880550e+06   1.9531250e+01
   4.3884750e+06   1.8615723e+01
   4.3949130e+06   1.7028809e+01
   4.3949340e+06   4.3151855e+01
   4.3949510e+06   6.2377930e+01
   4.3949810e+06   4.8950195e+01
   4.3950060e+06   2.7160645e+01
   4.3950170e+06   5.0842285e+01
   4.3950450e+06   4.1687012e+01
   4.3950850e+06   7.8063965e+01
   4.3951090e+06   3.4118652e+01
   4.3951350e+06   2.0019531e+01
   4.3951650e+06   2.4475098e+01
   4.3951990e+06   1.7944336e+01
   4.3952480e+06   3.4118652e+01
   4.3952920e+06   1.9165039e+01
   4.3953260e+06   2.0568848e+01
   4.3953550e+06   2.0568848e+01
   4.3953750e+06   2.2216797e+01
   4.3954260e+06   1.7517090e+01
   4.3954450e+06   1.8371582e+01
   4.3955160e+06   2.0141602e+01
   4.3957120e+06   1.6967773e+01
   4.3957400e+06   1.7456055e+01
   4.3963800e+06   2.0690918e+01
   4.4036800e+06   1.8310547e+01
   4.4037120e+06   2.6794434e+01
   4.4037250e+06   4.2846680e+01
   4.4037440e+06   6.7504883e+01
   4.4037550e+06   1.8432617e+01
   4.4037740e+06   5.4138184e+01
   4.4037950e+06   3.1494141e+01
   4.4038170e+06   6.3171387e+01
   4.4038420e+06   3.9611816e+01
   4.4038570e+06   2.6245117e+01
   4.4038680e+06   2.3254395e+01
   4.4038950e+06   3.6926270e+01
   4.4039140e+06   2.1179199e+01
   4.4039320e+06   2.6184082e+01
   4.4039530e+06   2.5512695e+01
   4.4039690e+06   2.0812988e+01
   4.4039940e+06   2.9968262e+01
   4.4040070e+06   2.8869629e+01
   4.4040460e+06   2.0751953e+01
   4.4040580e+06   2.3559570e+01
   4.4040840e+06   1.9104004e+01
   4.4041250e+06   2.0751953e+01
   4.4041410e+06   2.8442383e+01
   4.4041810e+06   2.1911621e+01
   4.4042180e+06   2.2705078e+01
   4.4042380e+06   3.1860352e+01
   4.4042790e+06   1.9531250e+01
   4.4043110e+06   1.8249512e+01
   4.4043270e+06   3.0639648e+01
   4.4043760e+06   1.9409180e+01
   4.4043920e+06   1.6967773e+01
   4.4045290e+06   1.7578125e+01
   4.4140450e+06   2.1423340e+01
   4.4140580e+06   2.1850586e+01
   4.4140750e+06   4.7729492e+01
   4.4140920e+06   4.2053223e+01
   4.4141120e+06   7.8979492e+01
   4.4141370e+06   3.2714844e+01
   4.4141530e+06   3.4240723e+01
   4.4141630e+06   4.9804688e+01
   4.4142010e+06   4.6508789e+01
   4.4142190e+06   3.2470703e+01
   4.4142460e+06   4.1564941e+01
   4.4142700e+06   3.3752441e+01
   4.4142970e+06   2.4902344e+01
   4.4143120e+06   3.0456543e+01
   4.4143350e+06   3.6376953e+01
   4.4143790e+06   2.4108887e+01
   4.4144030e+06   2.1606445e+01
   4.4144340e+06   3.1433105e+01
   4.4144470e+06   2.4536133e+01
   4.4144840e+06   2.6550293e+01
   4.4144970e+06   2.2094727e+01
   4.4145130e+06   3.1738281e+01
   4.4145330e+06   2.1423340e+01
   4.4145470e+06   1.7578125e+01
   4.4145740e+06   2.7587891e+01
   4.4145940e+06   1.8981934e+01
   4.4146240e+06   2.6733398e+01
   4.4146360e+06   2.0141602e+01
   4.4146800e+06   1.9531250e+01
   4.4147100e+06   2.2766113e+01
   4.4149290e+06   1.9409180e+01
   4.4397230e+06   1.7822266e+01
   4.4397820e+06   1.7883301e+01
   4.4398100e+06   1.8493652e+01
   4.4398320e+06   6.9091797e+01
   4.4398480e+06   5.7006836e+01
   4.4398670e+06   2.7343750e+01
   4.4398870e+06   5.6701660e+01
   4.4399150e+06   4.6813965e+01
   4.4399370e+06   4.8950195e+01
   4.4399490e+06   3.6987305e+01
   4.4399710e+06   5.5480957e+01
   4.4399870e+06   3.8146973e+01
   4.4400200e+06   5.8715820e+01
   4.4400430e+06   2.9968262e+01
   4.4400610e+06   2.8381348e+01
   4.4400830e+06   4.0039062e+01
   4.4401050e+06   3.5461426e+01
   4.4401220e+06   1.9714355e+01
   4.4401530e+06   4.2602539e+01
   4.4401650e+06   2.9113770e+01
   4.4402110e+06   4.2785645e+01
   4.4402270e+06   2.0324707e+01
   4.4402380e+06   2.1667480e+01
   4.4402800e+06   3.2775879e+01
   4.4402940e+06   2.7893066e+01
   4.4403380e+06   2.8991699e+01
   4.4403490e+06   2.5512695e+01
   4.4404010e+06   1.8310547e+01
   4.4404110e+06   2.9479980e+01
   4.4404330e+06   3.5583496e+01
   4.4404730e+06   1.7028809e+01
   4.4404850e+06   3.0883789e+01
   4.4405260e+06   1.6906738e+01
   4.4407600e+06   1.7150879e+01
   4.4729900e+06   2.0446777e+01
   4.4730100e+06   5.4687500e+01
   4.4730280e+06   4.8095703e+01
   4.4730580e+06   4.2175293e+01
   4.4730850e+06   3.5766602e+01
   4.4731050e+06   3.9916992e+01
   4.4731160e+06   2.4902344e+01
   4.4731520e+06   2.4780273e+01
   4.4731810e+06   1.8615723e+01
   4.4732030e+06   3.2409668e+01
   4.4732160e+06   2.1972656e+01
   4.4732390e+06   1.8615723e+01
   4.4732720e+06   3.0456543e+01
   4.4733050e+06   2.8076172e+01
   4.4733200e+06   3.6437988e+01
   4.4734060e+06   3.3081055e+01
   4.4734220e+06   2.4353027e+01
   4.4734400e+06   2.0019531e+01
   4.4735050e+06   1.9958496e+01
   4.7841010e+06   1.6906738e+01
   4.8065370e+06   1.9714355e+01
   4.8066570e+06   1.8615723e+01
   4.8355660e+06   1.7761230e+01
   4.8368980e+06   2.0141602e+01
   4.8674620e+06   1.8798828e+01
   4.8698970e+06   1.7272949e+01
   4.8791880e+06   1.7395020e+01
   4.8843710e+06   2.1423340e+01
   4.8862940e+06   1.7089844e+01
   4.8901840e+06   1.7761230e+01
   4.9102190e+06   1.8676758e+01
   4.9182440e+06   1.8920898e+01
   4.9262370e+06   2.5146484e+01
   4.9375510e+06   1.8676758e+01
   4.9395090e+06   1.7578125e+01
   4.9478670e+06   1.8737793e+01
   4.9503530e+06   1.8920898e+01
   4.9504800e+06   2.4353027e+01
   4.9504920e+06   1.7333984e+01
   4.9505270e+06   2.4536133e+01
   4.9505520e+06   3.0090332e+01
   4.9505800e+06   2.8991699e+01
   4.9505930e+06   2.2155762e+01
   4.9506160e+06   1.9958496e+01
   4.9506280e+06   2.5024414e+01
   4.9506380e+06   3.3203125e+01
   4.9506600e+06   4.0222168e+01
   4.9506780e+06   1.7456055e+01
   4.9507110e+06   2.9357910e+01
   4.9507260e+06   1.8981934e+01
   4.9507390e+06   2.4414062e+01
   4.9507860e+06   3.9978027e+01
   4.9508440e+06   2.6489258e+01
   4.9508550e+06   2.6489258e+01
   4.9509050e+06   2.2521973e+01
   4.9509270e+06   1.8188477e+01
   4.9509900e+06   3.2348633e+01
   4.9510880e+06   2.3620605e+01
   4.9511390e+06   1.8371582e+01
   4.9511900e+06   1.8432617e+01
   4.9632810e+06   4.3151855e+01
   4.9633260e+06   2.1789551e+01
   4.9633490e+06   3.1799316e+01
   4.9634010e+06   4.6447754e+01
   4.9634190e+06   2.2399902e+01
   4.9634320e+06   2.4230957e+01
   4.9634610e+06   3.7597656e+01
   4.9634710e+06   6.0852051e+01
   4.9635370e+06   1.8432617e+01
   4.9635480e+06   1.6906738e+01
   4.9636830e+06   2.3925781e+01
   4.9637090e+06   1.9409180e+01
   4.9637630e+06   2.1057129e+01
   4.9638230e+06   1.9897461e+01
   4.9638970e+06   2.6062012e+01
   4.9639090e+06   1.8798828e+01
   4.9884780e+06   1.6906738e+01
   4.9896000e+06   1.8798828e+01
   4.9896520e+06   1.6906738e+01
   4.9896700e+06   3.0151367e+01
   4.9897030e+06   2.0324707e+01
   4.9897190e+06   2.0751953e+01
   4.9897430e+06   1.8798828e+01
   4.9897660e+06   1.8737793e+01
   4.9897970e+06   3.8085938e+01
   4.9898130e+06   2.8686523e+01
   4.9898300e+06   5.9265137e+01
   4.9898530e+06   1.7150879e+01
   4.9898860e+06   2.3925781e+01
   4.9899360e+06   1.8066406e+01
   4.9900200e+06   1.9287109e+01
   4.9900860e+06   1.9836426e+01
   4.9900960e+06   1.9287109e+01
   4.9902160e+06   2.3925781e+01
   4.9902290e+06   1.9958496e+01
   5.0066150e+06   1.8371582e+01
   5.0066620e+06   1.7395020e+01
   5.0067430e+06   1.9042969e+01
   5.0068610e+06   2.0324707e+01
   5.0068880e+06   1.7700195e+01
   5.0069330e+06   2.9968262e+01
   5.0069570e+06   3.7658691e+01
   5.0069820e+06   1.7333984e+01
   5.0070020e+06   3.9550781e+01
   5.0070180e+06   2.5878906e+01
   5.0070390e+06   2.3315430e+01
   5.0070590e+06   2.3864746e+01
   5.0070830e+06   2.1301270e+01
   5.0071020e+06   3.1616211e+01
   5.0071230e+06   2.1423340e+01
   5.0071450e+06   2.1301270e+01
   5.0072310e+06   1.8920898e+01
   5.0072500e+06   2.2521973e+01
   5.0073490e+06   1.8493652e+01
   5.0075960e+06   1.9165039e+01
   5.0167760e+06   2.0507812e+01
   5.0168930e+06   1.8066406e+01
   5.0169330e+06   2.7832031e+01
   5.0169600e+06   3.8146973e+01
   5.0169740e+06   2.3376465e+01
   5.0169870e+06   1.7883301e+01
   5.0170040e+06   2.6489258e+01
   5.0170210e+06   5.6579590e+01
   5.0170500e+06   1.8676758e+01
   5.0170730e+06   3.2104492e+01
   5.0170940e+06   3.1311035e+01
   5.0171170e+06   1.7089844e+01
   5.0171570e+06   2.4963379e+01
   5.0171700e+06   4.8706055e+01
   5.0171850e+06   2.1484375e+01
   5.0173330e+06   2.4108887e+01
   5.0174910e+06   2.1789551e+01
   5.0175160e+06   2.9785156e+01
   5.0409960e+06   1.7395020e+01
   5.0426670e+06   2.0446777e+01
   5.0426970e+06   3.0090332e+01
   5.0427240e+06   3.0700684e+01
   5.0427420e+06   2.7893066e+01
   5.0427580e+06   3.6987305e+01
   5.0427700e+06   2.8137207e+01
   5.0427840e+06   3.6621094e+01
   5.0427970e+06   1.1187744e+02
   5.0428190e+06   2.4719238e+01
   5.0428470e+06   3.0944824e+01
   5.0428580e+06   4.3762207e+01
   5.0428800e+06   1.8432617e+01
   5.0429030e+06   2.5634766e+01
   5.0429440e+06   1.9897461e+01
   5.0429600e+06   1.8798828e+01
   5.0429970e+06   1.6906738e+01
   5.0430280e+06   1.8188477e+01
   5.0431520e+06   1.9348145e+01
   5.0497720e+06   2.3437500e+01
   5.0611110e+06   2.3315430e+01
   5.0611420e+06   3.6621094e+01
   5.0611540e+06   2.2277832e+01
   5.0611790e+06   3.4362793e+01
   5.0611920e+06   2.7465820e+01
   5.0612080e+06   4.1381836e+01
   5.0612380e+06   5.7006836e+01
   5.0612560e+06   4.9621582e+01
   5.0612850e+06   3.8879395e+01
   5.0613040e+06   2.8015137e+01
   5.0613150e+06   6.3598633e+01
   5.0613330e+06   2.5817871e+01
   5.0613550e+06   3.1738281e+01
   5.0613820e+06   3.2897949e+01
   5.0614380e+06   3.2897949e+01
   5.0614570e+06   2.1545410e+01
   5.0615160e+06   1.6906738e+01
   5.0615590e+06   1.8798828e+01
   5.0616540e+06   1.8615723e+01
   5.0753980e+06   1.9042969e+01
   5.0764390e+06   1.9165039e+01
   5.0764700e+06   2.3864746e+01
   5.0764970e+06   4.0710449e+01
   5.0765250e+06   4.7973633e+01
   5.0765460e+06   2.7343750e+01
   5.0765660e+06   5.7861328e+01
   5.0765780e+06   3.9855957e+01
   5.0765920e+06   3.2104492e+01
   5.0766040e+06   4.8706055e+01
   5.0766210e+06   3.8879395e+01
   5.0766380e+06   2.1362305e+01
   5.0766480e+06   2.6062012e+01
   5.0766760e+06   3.6865234e+01
   5.0767030e+06   2.4963379e+01
   5.0767640e+06   3.2104492e+01
   5.0767740e+06   4.4311523e+01
   5.0767950e+06   1.7211914e+01
   5.0768920e+06   1.9775391e+01
   5.0769410e+06   2.2949219e+01
   5.0769640e+06   2.0690918e+01
   5.0770040e+06   1.7150879e+01
   5.0770570e+06   1.7333984e+01
   5.0856930e+06   2.4291992e+01
   5.0857960e+06   2.1972656e+01
   5.0858320e+06   2.6977539e+01
   5.0858590e+06   3.7414551e+01
   5.0858770e+06   8.2336426e+01
   5.0859030e+06   3.2165527e+01
   5.0859130e+06   2.7343750e+01
   5.0859510e+06   2.6855469e+01
   5.0859860e+06   5.5114746e+01
   5.0860070e+06   6.6772461e+01
   5.0860270e+06   2.2033691e+01
   5.0860500e+06   1.9470215e+01
   5.0860650e+06   1.7517090e+01
   5.0861230e+06   2.3254395e+01
   5.0861640e+06   1.8676758e+01
   5.0861940e+06   1.8737793e+01
   5.0863730e+06   1.8615723e+01
   5.0864540e+06   1.8676758e+01
   5.0957830e+06   1.8310547e+01
   5.0958180e+06   2.8076172e+01
   5.0958320e+06   3.5217285e+01
   5.0958610e+06   3.8208008e+01
   5.0958750e+06   6.8542480e+01
   5.0958890e+06   1.9104004e+01
   5.0959010e+06   5.0292969e+01
   5.0959430e+06   6.5856934e+01
   5.0959570e+06   1.8066406e+01
   5.0959700e+06   3.8146973e+01
   5.0959870e+06   3.7048340e+01
   5.0959970e+06   3.2775879e+01
   5.0960220e+06   3.9489746e+01
   5.0960330e+06   4.8889160e+01
   5.0960430e+06   1.7333984e+01
   5.0960670e+06   3.0151367e+01
   5.0961030e+06   2.9479980e+01
   5.0961380e+06   2.3742676e+01
   5.0961710e+06   1.8676758e+01
   5.0961920e+06   1.7150879e+01
   5.0962110e+06   2.3681641e+01
   5.0962370e+06   1.7639160e+01
   5.0962770e+06   1.8249512e+01
   5.0963690e+06   2.1484375e+01
   5.0964150e+06   1.8432617e+01
   5.1062170e+06   2.0446777e+01
   5.1062730e+06   1.8310547e+01
   5.1062970e+06   2.6611328e+01
   5.1063260e+06   3.0944824e+01
   5.1063410e+06   4.1015625e+01
   5.1063560e+06   6.3537598e+01
   5.1063700e+06   2.3681641e+01
   5.1063800e+06   1.7089844e+01
   5.1063960e+06   4.2358398e+01
   5.1064150e+06   1.8005371e+01
   5.1064370e+06   1.1956787e+02
   5.1064650e+06   2.2216797e+01
   5.1064830e+06   6.2011719e+01
   5.1065010e+06   5.3100586e+01
   5.1065310e+06   3.3813477e+01
   5.1065620e+06   4.1198730e+01
   5.1065890e+06   3.1555176e+01
   5.1066050e+06   2.1179199e+01
   5.1066310e+06   2.0690918e+01
   5.1066540e+06   2.6000977e+01
   5.1066760e+06   2.0019531e+01
   5.1067070e+06   2.5512695e+01
   5.1067390e+06   1.9958496e+01
   5.1067640e+06   2.5085449e+01
   5.1067760e+06   2.0507812e+01
   5.1068120e+06   2.1240234e+01
   5.1068490e+06   2.2583008e+01
   5.1069100e+06   2.0019531e+01
   5.1070170e+06   1.9226074e+01
   5.1070660e+06   1.8859863e+01
   5.1159670e+06   1.7822266e+01
   5.1160250e+06   1.8920898e+01
   5.1160540e+06   1.7395020e+01
   5.1160680e+06   2.1911621e+01
   5.1161030e+06   4.4738770e+01
   5.1161260e+06   6.6467285e+01
   5.1161480e+06   7.2509766e+01
   5.1161660e+06   5.8837891e+01
   5.1161900e+06   2.7099609e+01
   5.1162030e+06   9.2712402e+01
   5.1162390e+06   7.0556641e+01
   5.1162710e+06   2.8930664e+01
   5.1162830e+06   4.5166016e+01
   5.1163130e+06   2.5634766e+01
   5.1163270e+06   3.5217285e+01
   5.1163410e+06   1.8005371e+01
   5.1163550e+06   4.5959473e+01
   5.1163750e+06   2.1972656e+01
   5.1163960e+06   2.3742676e+01
   5.1164160e+06   2.6672363e+01
   5.1164390e+06   2.1423340e+01
   5.1165080e+06   2.2766113e+01
   5.1165300e+06   2.9296875e+01
   5.1165660e+06   2.5573730e+01
   5.1165760e+06   2.4597168e+01
   5.1166090e+06   1.7150879e+01
   5.1166250e+06   1.7883301e+01
   5.1166570e+06   2.4841309e+01
   5.1167160e+06   1.6967773e+01
   5.1167480e+06   2.0141602e+01
   5.1167590e+06   2.3620605e+01
   5.1167850e+06   2.8442383e+01
   5.1168540e+06   1.8676758e+01
   5.1168700e+06   2.2277832e+01
   5.1171250e+06   1.7944336e+01
   5.1228410e+06   1.7272949e+01
   5.1231190e+06   1.7761230e+01
   5.1233060e+06   1.8310547e+01
   5.1233920e+06   1.9775391e+01
   5.1234730e+06   1.6906738e+01
   5.1281550e+06   1.7395020e+01
   5.1282090e+06   2.0263672e+01
   5.1282450e+06   1.8005371e+01
   5.1282700e+06   3.6743164e+01
   5.1283010e+06   3.6926270e+01
   5.1283230e+06   7.6782227e+01
   5.1283410e+06   5.6884766e+01
   5.1283640e+06   2.4902344e+01
   5.1283760e+06   3.8879395e+01
   5.1284030e+06   2.8625488e+01
   5.1284210e+06   1.8920898e+01
   5.1284330e+06   2.0996094e+01
   5.1284560e+06   3.5339355e+01
   5.1284710e+06   1.8188477e+01
   5.1284830e+06   2.3986816e+01
   5.1284930e+06   1.6967773e+01
   5.1285160e+06   3.1677246e+01
   5.1285330e+06   2.5268555e+01
   5.1285620e+06   2.2705078e+01
   5.1285950e+06   1.7517090e+01
   5.1286080e+06   2.9113770e+01
   5.1286340e+06   1.9409180e+01
   5.1286510e+06   2.8320312e+01
   5.1286740e+06   3.8696289e+01
   5.1287020e+06   2.8625488e+01
   5.1287150e+06   3.3630371e+01
   5.1287280e+06   2.6916504e+01
   5.1287630e+06   3.4667969e+01
   5.1287850e+06   2.0324707e+01
   5.1288010e+06   2.4353027e+01
   5.1288470e+06   2.9724121e+01
   5.1288700e+06   3.5644531e+01
   5.1289070e+06   2.2644043e+01
   5.1289390e+06   2.9846191e+01
   5.1289710e+06   3.2653809e+01
   5.1290260e+06   1.7822266e+01
   5.1290620e+06   2.5146484e+01
   5.1291030e+06   1.6967773e+01
   5.1291280e+06   1.9592285e+01
   5.1291460e+06   2.2155762e+01
   5.1292100e+06   1.8615723e+01
   5.1292370e+06   2.7160645e+01
   5.1292820e+06   1.7395020e+01
   5.1293540e+06   1.8981934e+01
   5.1294470e+06   1.8981934e+01
   5.1295900e+06   1.9165039e+01
   5.1316760e+06   1.7150879e+01
   5.1359370e+06   1.7456055e+01
   5.1362500e+06   1.8188477e+01
   5.1377620e+06   1.7272949e+01
   5.1399010e+06   1.7028809e+01
   5.1400310e+06   1.8066406e+01
   5.1400650e+06   1.8859863e+01
   5.1401010e+06   2.5939941e+01
   5.1401130e+06   5.4260254e+01
   5.1401340e+06   3.9184570e+01
   5.1401470e+06   7.3059082e+01
   5.1401640e+06   6.3476563e+01
   5.1402000e+06   4.7973633e+01
   5.1402270e+06   3.0761719e+01
   5.1402530e+06   3.5583496e+01
   5.1402760e+06   3.2226562e+01
   5.1402930e+06   2.5268555e+01
   5.1403220e+06   2.2521973e+01
   5.1403360e+06   1.9042969e+01
   5.1403830e+06   2.9418945e+01
   5.1404090e+06   2.0263672e+01
   5.1404240e+06   2.2644043e+01
   5.1404500e+06   2.5024414e+01
   5.1404720e+06   2.1667480e+01
   5.1405020e+06   3.2592773e+01
   5.1405130e+06   1.7578125e+01
   5.1405340e+06   2.2949219e+01
   5.1405490e+06   1.9348145e+01
   5.1405710e+06   2.2521973e+01
   5.1405840e+06   3.8330078e+01
   5.1406040e+06   2.5024414e+01
   5.1406210e+06   3.2287598e+01
   5.1406430e+06   2.1606445e+01
   5.1406640e+06   4.0710449e+01
   5.1406990e+06   1.9592285e+01
   5.1407280e+06   1.7944336e+01
   5.1407410e+06   2.8808594e+01
   5.1407620e+06   1.7333984e+01
   5.1407930e+06   1.7272949e+01
   5.1408220e+06   3.7536621e+01
   5.1408500e+06   2.6733398e+01
   5.1408720e+06   2.0141602e+01
   5.1409980e+06   2.3925781e+01
   5.1410110e+06   4.1076660e+01
   5.1411330e+06   2.3681641e+01
   5.1411500e+06   4.1076660e+01
   5.1412360e+06   2.1484375e+01
   5.1413730e+06   2.1301270e+01
   5.1414050e+06   2.0263672e+01
   5.1450430e+06   1.8493652e+01
   5.1467540e+06   1.7639160e+01
   5.1468160e+06   1.7333984e+01
   5.1477760e+06   2.2338867e+01
   5.1496700e+06   1.9104004e+01
   5.1499880e+06   2.0629883e+01
   5.1500140e+06   3.3386230e+01
   5.1500530e+06   3.1738281e+01
   5.1500820e+06   2.6184082e+01
   5.1500970e+06   4.2297363e+01
   5.1501110e+06   4.2480469e+01
   5.1501460e+06   7.9406738e+01
   5.1501680e+06   4.1381836e+01
   5.1501860e+06   7.5134277e+01
   5.1502000e+06   2.2521973e+01
   5.1502100e+06   2.8015137e+01
   5.1502220e+06   2.3315430e+01
   5.1502450e+06   3.9062500e+01
   5.1502710e+06   3.1127930e+01
   5.1503120e+06   2.1789551e+01
   5.1503280e+06   2.2705078e+01
   5.1503750e+06   2.2094727e+01
   5.1503920e+06   1.8554688e+01
   5.1504310e+06   2.9052734e+01
   5.1504440e+06   2.6794434e+01
   5.1504630e+06   1.8676758e+01
   5.1505220e+06   2.8625488e+01
   5.1505500e+06   1.8554688e+01
   5.1505600e+06   2.5268555e+01
   5.1505900e+06   2.2277832e+01
   5.1506300e+06   2.6000977e+01
   5.1506680e+06   2.3071289e+01
   5.1506990e+06   2.1972656e+01
   5.1507610e+06   2.4414063e+01
   5.1507830e+06   2.3254395e+01
   5.1508290e+06   1.9653320e+01
   5.1508420e+06   2.1118164e+01
   5.1508980e+06   1.7700195e+01
   5.1509930e+06   1.7333984e+01
   5.1510040e+06   2.6977539e+01
   5.1571380e+06   1.8615723e+01
   5.1571750e+06   2.2705078e+01
   5.1571990e+06   2.5634766e+01
   5.1572200e+06   3.0700684e+01
   5.1572440e+06   3.3508301e+01
   5.1572590e+06   1.7333984e+01
   5.1573070e+06   2.4658203e+01
   5.1573300e+06   2.1789551e+01
   5.1573490e+06   3.3691406e+01
   5.1573720e+06   7.1044922e+01
   5.1573870e+06   6.5368652e+01
   5.1574180e+06   4.3334961e+01
   5.1574380e+06   4.1931152e+01
   5.1574500e+06   5.8654785e+01
   5.1574620e+06   3.6621094e+01
   5.1574790e+06   5.2368164e+01
   5.1575050e+06   3.4790039e+01
   5.1575220e+06   3.7719727e+01
   5.1575340e+06   3.6499023e+01
   5.1575580e+06   2.5634766e+01
   5.1575880e+06   3.5522461e+01
   5.1576250e+06   3.0456543e+01
   5.1576860e+06   2.3010254e+01
   5.1577370e+06   2.2399902e+01
   5.1577520e+06   2.1911621e+01
   5.1577960e+06   1.7456055e+01
   5.1578150e+06   1.8066406e+01
   5.1578440e+06   2.0263672e+01
   5.1578630e+06   2.5939941e+01
   5.1578880e+06   1.8249512e+01
   5.1579070e+06   1.9653320e+01
   5.1579580e+06   3.0273437e+01
   5.1579860e+06   1.9104004e+01
   5.1580070e+06   2.2460938e+01
   5.1580320e+06   2.7648926e+01
   5.1580450e+06   1.7883301e+01
   5.1581220e+06   3.1799316e+01
   5.1581520e+06   1.6906738e+01
   5.1627550e+06   1.7639160e+01
   5.1630270e+06   2.1911621e+01
   5.1630410e+06   1.9287109e+01
   5.1630990e+06   2.7709961e+01
   5.1631370e+06   2.0446777e+01
   5.1631540e+06   1.7639160e+01
   5.1631780e+06   1.7150879e+01
   5.1632420e+06   1.8249512e+01
   5.1633090e+06   1.7028809e+01
   5.1650770e+06   2.0202637e+01
   5.1651180e+06   1.8798828e+01
   5.1651730e+06   1.7211914e+01
   5.1652350e+06   2.7587891e+01
   5.1652470e+06   1.7272949e+01
   5.1652730e+06   1.9348145e+01
   5.1653090e+06   3.7170410e+01
   5.1653260e+06   2.6794434e+01
   5.1653440e+06   4.5227051e+01
   5.1653700e+06   8.0566406e+01
   5.1653820e+06   5.1818848e+01
   5.1654000e+06   3.4851074e+01
   5.1654230e+06   4.6936035e+01
   5.1654340e+06   2.0141602e+01
   5.1654460e+06   4.4006348e+01
   5.1654720e+06   4.5104980e+01
   5.1654970e+06   2.6489258e+01
   5.1655180e+06   2.9235840e+01
   5.1655280e+06   2.0263672e+01
   5.1655590e+06   2.3010254e+01
   5.1656530e+06   1.8310547e+01
   5.1656870e+06   2.2827148e+01
   5.1657200e+06   1.7028809e+01
   5.1657350e+06   2.1850586e+01
   5.1657550e+06   2.0141602e+01
   5.1657660e+06   1.7517090e+01
   5.1657880e+06   1.9104004e+01
   5.1658090e+06   2.2033691e+01
   5.1658420e+06   1.9897461e+01
   5.1658600e+06   3.1677246e+01
   5.1658920e+06   2.4902344e+01
   5.1659130e+06   1.9592285e+01
   5.1659320e+06   2.4047852e+01
   5.1659480e+06   2.0935059e+01
   5.1659680e+06   1.8188477e+01
   5.1660140e+06   2.1728516e+01
   5.1660370e+06   2.7343750e+01
   5.1660870e+06   1.7028809e+01
   5.1661090e+06   2.0080566e+01
   5.1661260e+06   2.0385742e+01
   5.1662080e+06   1.9531250e+01
   5.1705530e+06   2.4230957e+01
   5.1709320e+06   1.9226074e+01
   5.1710960e+06   1.7333984e+01
   5.1711270e+06   1.9165039e+01
   5.1712250e+06   2.3071289e+01
   5.1712800e+06   2.0141602e+01
   5.1713160e+06   2.2033691e+01
   5.1713340e+06   2.6062012e+01
   5.1714280e+06   1.7028809e+01
   5.1714390e+06   1.6906738e+01
   5.1714530e+06   2.1606445e+01
   5.1714920e+06   1.9775391e+01
   5.1715810e+06   1.8432617e+01
   5.1716820e+06   3.0517578e+01
   5.1717230e+06   2.0263672e+01
   5.1737140e+06   1.7395020e+01
   5.1738240e+06   2.2094727e+01
   5.1738340e+06   1.7272949e+01
   5.1738680e+06   3.3203125e+01
   5.1738830e+06   1.9226074e+01
   5.1739020e+06   3.4240723e+01
   5.1739160e+06   4.6875000e+01
   5.1739260e+06   3.4240723e+01
   5.1739370e+06   5.7128906e+01
   5.1739680e+06   4.0710449e+01
   5.1739860e+06   2.8381348e+01
   5.1740080e+06   2.6489258e+01
   5.1740230e+06   2.2705078e+01
   5.1740440e+06   2.0446777e+01
   5.1740540e+06   2.3925781e+01
   5.1740820e+06   2.5085449e+01
   5.1741010e+06   2.0019531e+01
   5.1741180e+06   2.1911621e+01
   5.1741500e+06   2.1118164e+01
   5.1741680e+06   1.7211914e+01
   5.1741940e+06   1.8249512e+01
   5.1742090e+06   1.7150879e+01
   5.1742330e+06   1.8188477e+01
   5.1742720e+06   2.8747559e+01
   5.1742900e+06   1.7944336e+01
   5.1743380e+06   2.2521973e+01
   5.1743560e+06   2.0690918e+01
   5.1743760e+06   2.4963379e+01
   5.1743890e+06   3.0700684e+01
   5.1744150e+06   1.8798828e+01
   5.1744300e+06   2.7526855e+01
   5.1744510e+06   1.9592285e+01
   5.1744670e+06   3.4301758e+01
   5.1744770e+06   2.6550293e+01
   5.1744990e+06   1.8249512e+01
   5.1745360e+06   2.6794434e+01
   5.1745630e+06   1.7700195e+01
   5.1746010e+06   2.6367188e+01
   5.1746160e+06   2.2583008e+01
   5.1746460e+06   1.9653320e+01
   5.1747240e+06   1.9042969e+01
   5.1747840e+06   1.7150879e+01
   5.1783580e+06   2.2583008e+01
   5.1784090e+06   1.8615723e+01
   5.1784870e+06   3.3691406e+01
   5.1784990e+06   1.8737793e+01
   5.1785820e+06   2.0324707e+01
   5.1786210e+06   1.9958496e+01
   5.1797860e+06   1.6906738e+01
   5.1802060e+06   1.7456055e+01
   5.1802640e+06   1.8432617e+01
   5.1802990e+06   2.9052734e+01
   5.1803580e+06   1.9775391e+01
   5.1803930e+06   4.1687012e+01
   5.1804030e+06   2.9968262e+01
   5.1804170e+06   2.3254395e+01
   5.1804520e+06   3.6193848e+01
   5.1804640e+06   7.5073242e+01
   5.1804980e+06   8.0688477e+01
   5.1805090e+06   2.7221680e+01
   5.1805390e+06   3.9489746e+01
   5.1805660e+06   3.3569336e+01
   5.1805930e+06   2.1850586e+01
   5.1806260e+06   2.7709961e+01
   5.1806510e+06   2.0019531e+01
   5.1806790e+06   1.9897461e+01
   5.1807000e+06   2.2583008e+01
   5.1807450e+06   1.8920898e+01
   5.1807790e+06   2.7770996e+01
   5.1808280e+06   2.0446777e+01
   5.1808450e+06   1.9836426e+01
   5.1808920e+06   1.6906738e+01
   5.1809250e+06   1.9348145e+01
   5.1809450e+06   1.7944336e+01
   5.1809880e+06   2.3315430e+01
   5.1810120e+06   2.1850586e+01
   5.1810810e+06   2.3193359e+01
   5.1811260e+06   3.0090332e+01
   5.1812550e+06   2.0568848e+01
   5.1813000e+06   1.6967773e+01
   5.1821370e+06   1.9165039e+01
   5.1848490e+06   2.1972656e+01
   5.1848670e+06   1.9836426e+01
   5.1849310e+06   2.7709961e+01
   5.1849620e+06   1.7944336e+01
   5.1850080e+06   1.8493652e+01
   5.1852840e+06   2.1545410e+01
   5.1853200e+06   1.7822266e+01
   5.1853450e+06   1.8615723e+01
   5.1854380e+06   2.2583008e+01
   5.1863650e+06   1.9348145e+01
   5.1864170e+06   1.8676758e+01
   5.1864640e+06   1.9531250e+01
   5.1865470e+06   2.6489258e+01
   5.1865890e+06   2.0263672e+01
   5.1866350e+06   2.4291992e+01
   5.1866630e+06   2.9479980e+01
   5.1866960e+06   1.7272949e+01
   5.1868120e+06   2.8320312e+01
   5.1868370e+06   4.0039062e+01
   5.1868590e+06   4.0161133e+01
   5.1868770e+06   6.2805176e+01
   5.1869030e+06   1.8493652e+01
   5.1869220e+06   5.6884766e+01
   5.1869520e+06   4.8522949e+01
   5.1869640e+06   2.9846191e+01
   5.1869890e+06   2.5512695e+01
   5.1870170e+06   3.1494141e+01
   5.1870450e+06   3.8269043e+01
   5.1870590e+06   1.9592285e+01
   5.1870880e+06   2.7404785e+01
   5.1871310e+06   1.7822266e+01
   5.1871750e+06   2.0202637e+01
   5.1873070e+06   2.3986816e+01
   5.1874170e+06   1.7944336e+01
   5.1874450e+06   2.3925781e+01
   5.1875600e+06   1.7272949e+01
   5.1877140e+06   2.4108887e+01
   5.1906200e+06   1.7395020e+01
   5.1906600e+06   1.9104004e+01
   5.1912820e+06   2.9052734e+01
   5.1912970e+06   1.8432617e+01
   5.1913230e+06   3.3813477e+01
   5.1913490e+06   2.3254395e+01
   5.1913860e+06   4.9804688e+01
   5.1914120e+06   2.3132324e+01
   5.1914290e+06   3.2470703e+01
   5.1914410e+06   6.8237305e+01
   5.1914610e+06   4.4250488e+01
   5.1914860e+06   5.1025391e+01
   5.1915030e+06   4.3701172e+01
   5.1915360e+06   2.9724121e+01
   5.1915520e+06   3.6254883e+01
   5.1915910e+06   1.7639160e+01
   5.1916090e+06   3.0456543e+01
   5.1916620e+06   2.2277832e+01
   5.1916760e+06   3.2409668e+01
   5.1917480e+06   1.9592285e+01
   5.1918230e+06   2.0507812e+01
   5.1919600e+06   2.9846191e+01
   5.1924070e+06   1.9165039e+01
   5.1953560e+06   1.8859863e+01
   5.1954620e+06   1.8554688e+01
   5.1955520e+06   2.9174805e+01
   5.1956540e+06   1.8737793e+01
   5.1956800e+06   1.8615723e+01
   5.1956920e+06   3.2470703e+01
   5.1957260e+06   5.1452637e+01
   5.1957480e+06   4.0466309e+01
   5.1957720e+06   4.8583984e+01
   5.1957960e+06   4.2175293e+01
   5.1958100e+06   3.9062500e+01
   5.1958300e+06   4.2907715e+01
   5.1958650e+06   3.4057617e+01
   5.1958830e+06   4.0161133e+01
   5.1959190e+06   3.6682129e+01
   5.1959350e+06   2.3925781e+01
   5.1959590e+06   2.5573730e+01
   5.1959700e+06   3.3874512e+01
   5.1959970e+06   2.2766113e+01
   5.1960220e+06   1.8737793e+01
   5.1961230e+06   1.9042969e+01
   5.1963960e+06   1.9287109e+01
   5.1967970e+06   1.8371582e+01
   5.1977880e+06   1.6967773e+01
   5.1994250e+06   2.8564453e+01
   5.1994420e+06   2.6428223e+01
   5.1994700e+06   2.7343750e+01
   5.1994850e+06   2.0385742e+01
   5.1995110e+06   2.1423340e+01
   5.1995540e+06   1.9409180e+01
   5.1995730e+06   1.8493652e+01
   5.1995950e+06   2.1545410e+01
   5.1996250e+06   4.0527344e+01
   5.1996500e+06   2.7160645e+01
   5.1996630e+06   5.0659180e+01
   5.1996880e+06   3.8879395e+01
   5.1997090e+06   3.3874512e+01
   5.1997330e+06   4.1687012e+01
   5.1997530e+06   4.9072266e+01
   5.1997840e+06   3.7658691e+01
   5.1998070e+06   2.9602051e+01
   5.1998230e+06   2.6733398e+01
   5.1998390e+06   3.1494141e+01
   5.1998700e+06   1.6967773e+01
   5.2000970e+06   1.7700195e+01
   5.2020650e+06   1.8066406e+01
   5.2034290e+06   1.9409180e+01
   5.2039510e+06   2.5329590e+01
   5.2040450e+06   2.8259277e+01
   5.2040640e+06   3.9672852e+01
   5.2040840e+06   3.5278320e+01
   5.2041010e+06   1.8920898e+01
   5.2041150e+06   3.6560059e+01
   5.2041450e+06   2.8015137e+01
   5.2041620e+06   4.4921875e+01
   5.2041770e+06   2.2827148e+01
   5.2042050e+06   4.2419434e+01
   5.2042400e+06   2.6489258e+01
   5.2042670e+06   3.9611816e+01
   5.2042780e+06   3.8391113e+01
   5.2043010e+06   1.9653320e+01
   5.2043380e+06   2.0690918e+01
   5.2043720e+06   2.1789551e+01
   5.2044420e+06   1.7211914e+01
   5.2045130e+06   1.7578125e+01
   5.2046170e+06   2.3193359e+01
   5.2046390e+06   1.8615723e+01
   5.2047590e+06   1.7822266e+01
   5.2047690e+06   2.0202637e+01
   5.2080350e+06   2.0324707e+01
   5.2080530e+06   1.7211914e+01
   5.2081820e+06   2.3437500e+01
   5.2087210e+06   2.1789551e+01
   5.2087570e+06   1.9226074e+01
   5.2088010e+06   3.1005859e+01
   5.2088140e+06   1.7517090e+01
   5.2088250e+06   2.8869629e+01
   5.2088400e+06   2.9296875e+01
   5.2088670e+06   2.5512695e+01
   5.2088930e+06   3.2714844e+01
   5.2089080e+06   4.1931152e+01
   5.2089370e+06   3.2775879e+01
   5.2089580e+06   6.6162109e+01
   5.2089830e+06   9.1979980e+01
   5.2090130e+06   3.9672852e+01
   5.2090270e+06   1.9714355e+01
   5.2090560e+06   1.8005371e+01
   5.2090860e+06   3.6804199e+01
   5.2090960e+06   2.8320312e+01
   5.2091640e+06   1.8493652e+01
   5.2094190e+06   1.9165039e+01
   5.2127880e+06   1.8615723e+01
   5.2128040e+06   2.6794434e+01
   5.2128840e+06   4.9316406e+01
   5.2129300e+06   2.2949219e+01
   5.2129540e+06   4.2663574e+01
   5.2129670e+06   5.5053711e+01
   5.2129850e+06   2.1667480e+01
   5.2130120e+06   3.4973145e+01
   5.2130330e+06   1.8066406e+01
   5.2130530e+06   5.8471680e+01
   5.2130700e+06   4.4799805e+01
   5.2130880e+06   2.5512695e+01
   5.2131240e+06   3.4729004e+01
   5.2131350e+06   4.0344238e+01
   5.2131750e+06   1.8737793e+01
   5.2132290e+06   1.8859863e+01
   5.2133390e+06   1.9653320e+01
   5.2134410e+06   3.4423828e+01
   5.2134510e+06   2.3864746e+01
   5.2135200e+06   1.8798828e+01
   5.2169860e+06   2.4108887e+01
   5.2170140e+06   2.0019531e+01
   5.2170350e+06   2.1362305e+01
   5.2170990e+06   2.0935059e+01
   5.2171230e+06   3.2348633e+01
   5.2171410e+06   1.7028809e+01
   5.2171550e+06   1.8432617e+01
   5.2171910e+06   3.8513184e+01
   5.2172010e+06   3.5461426e+01
   5.2172150e+06   3.9978027e+01
   5.2172470e+06   3.1982422e+01
   5.2172580e+06   2.1972656e+01
   5.2172700e+06   2.8015137e+01
   5.2173080e+06   3.8269043e+01
   5.2173380e+06   2.5268555e+01
   5.2173650e+06   2.2766113e+01
   5.2173970e+06   1.9226074e+01
   5.2174660e+06   2.0629883e+01
   5.2175910e+06   2.4963379e+01
   5.2206880e+06   2.9541016e+01
   5.2206990e+06   2.8442383e+01
   5.2207370e+06   2.2766113e+01
   5.2207470e+06   1.7700195e+01
   5.2207640e+06   1.7883301e+01
   5.2207810e+06   4.7973633e+01
   5.2208130e+06   2.8198242e+01
   5.2208630e+06   1.6967773e+01
   5.2208870e+06   1.8981934e+01
   5.2209070e+06   3.8452148e+01
   5.2209390e+06   3.8757324e+01
   5.2209720e+06   3.4484863e+01
   5.2209850e+06   3.4912109e+01
   5.2210090e+06   4.3945312e+01
   5.2210300e+06   4.8339844e+01
   5.2210660e+06   3.2897949e+01
   5.2211130e+06   2.4108887e+01
   5.2211230e+06   2.4719238e+01
   5.2249500e+06   3.0578613e+01
   5.2249680e+06   1.7761230e+01
   5.2249990e+06   3.0517578e+01
   5.2250180e+06   5.6091309e+01
   5.2250330e+06   5.6152344e+01
   5.2250680e+06   2.5756836e+01
   5.2250870e+06   4.9255371e+01
   5.2251060e+06   3.3935547e+01
   5.2251300e+06   2.9968262e+01
   5.2251430e+06   3.9428711e+01
   5.2251710e+06   4.4921875e+01
   5.2252040e+06   4.0039062e+01
   5.2252180e+06   2.1179199e+01
   5.2252340e+06   2.1545410e+01
   5.2252610e+06   2.3010254e+01
   5.2252720e+06   2.9907227e+01
   5.2254600e+06   2.1118164e+01
   5.2256460e+06   2.4780273e+01
   5.2257060e+06   1.8005371e+01
   5.2287470e+06   1.8249512e+01
   5.2288260e+06   1.8249512e+01
   5.2289550e+06   2.3925781e+01
   5.2289720e+06   1.8676758e+01
   5.2289980e+06   1.7395020e+01
   5.2290310e+06   2.9113770e+01
   5.2290520e+06   2.6306152e+01
   5.2290840e+06   4.8400879e+01
   5.2290990e+06   2.0629883e+01
   5.2291110e+06   3.7170410e+01
   5.2291370e+06   1.8676758e+01
   5.2291560e+06   3.2470703e+01
   5.2291840e+06   2.5268555e+01
   5.2292030e+06   2.3376465e+01
   5.2292290e+06   2.6977539e+01
   5.2292570e+06   4.9560547e+01
   5.2296020e+06   1.7395020e+01
   5.2332450e+06   2.6428223e+01
   5.2332720e+06   3.5278320e+01
   5.2332820e+06   6.0485840e+01
   5.2332970e+06   4.6630859e+01
   5.2333310e+06   4.0771484e+01
   5.2333470e+06   4.3945312e+01
   5.2333640e+06   5.0476074e+01
   5.2333850e+06   3.8940430e+01
   5.2334070e+06   4.8278809e+01
   5.2334250e+06   2.6184082e+01
   5.2334490e+06   5.4077148e+01
   5.2334640e+06   3.7780762e+01
   5.2334840e+06   2.2949219e+01
   5.2335160e+06   4.1625977e+01
   5.2335620e+06   1.8493652e+01
   5.2335950e+06   1.7272949e+01
   5.2336810e+06   1.7578125e+01
   5.2337400e+06   1.8920898e+01
   5.2338150e+06   2.2644043e+01
   5.2339350e+06   1.7456055e+01
   5.2341310e+06   1.7272949e+01
   5.2378150e+06   1.7211914e+01
   5.2378950e+06   3.3630371e+01
   5.2379090e+06   3.1799316e+01
   5.2379370e+06   3.4301758e+01
   5.2379560e+06   2.5817871e+01
   5.2379700e+06   3.5461426e+01
   5.2379920e+06   2.4719238e+01
   5.2380040e+06   4.1381836e+01
   5.2380210e+06   1.8310547e+01
   5.2380360e+06   5.1330566e+01
   5.2380540e+06   4.0954590e+01
   5.2380730e+06   2.5329590e+01
   5.2380980e+06   2.0202637e+01
   5.2381140e+06   3.4729004e+01
   5.2381470e+06   2.4780273e+01
   5.2381670e+06   3.2653809e+01
   5.2381910e+06   3.9489746e+01
   5.2382260e+06   2.4841309e+01
   5.2383950e+06   2.0019531e+01
   5.2421360e+06   1.8066406e+01
   5.2423610e+06   1.9165039e+01
   5.2424010e+06   2.7770996e+01
   5.2424150e+06   5.6884766e+01
   5.2424350e+06   2.5451660e+01
   5.2424570e+06   5.6213379e+01
   5.2424770e+06   2.3437500e+01
   5.2424990e+06   5.5358887e+01
   5.2425320e+06   5.3527832e+01
   5.2425490e+06   2.2827148e+01
   5.2425700e+06   3.5095215e+01
   5.2425910e+06   5.0476074e+01
   5.2426270e+06   4.1687012e+01
   5.2426500e+06   1.7883301e+01
   5.2426790e+06   1.9592285e+01
   5.2428760e+06   2.0996094e+01
   5.2469340e+06   1.7211914e+01
   5.2470300e+06   2.1179199e+01
   5.2471510e+06   2.0751953e+01
   5.2472760e+06   3.0212402e+01
   5.2472970e+06   2.3620605e+01
   5.2473190e+06   5.9448242e+01
   5.2473360e+06   5.0781250e+01
   5.2473460e+06   2.3986816e+01
   5.2473610e+06   4.2785645e+01
   5.2473880e+06   2.0568848e+01
   5.2474190e+06   4.6569824e+01
   5.2474350e+06   2.1728516e+01
   5.2474510e+06   4.7973633e+01
   5.2474820e+06   6.2011719e+01
   5.2475050e+06   2.5085449e+01
   5.2475190e+06   3.4545898e+01
   5.2475410e+06   3.9306641e+01
   5.2476050e+06   1.7150879e+01
   5.2476540e+06   2.1972656e+01
   5.2477150e+06   2.1423340e+01
   5.2477300e+06   1.7395020e+01
   5.2479490e+06   1.7883301e+01
   5.2479740e+06   2.5085449e+01
   5.2480840e+06   1.7150879e+01
   5.2518930e+06   1.6967773e+01
   5.2519930e+06   2.2644043e+01
   5.2520150e+06   3.0212402e+01
   5.2520320e+06   4.3762207e+01
   5.2520440e+06   5.3710938e+01
   5.2520660e+06   6.4025879e+01
   5.2520810e+06   2.2277832e+01
   5.2521130e+06   6.7871094e+01
   5.2521420e+06   4.6203613e+01
   5.2521630e+06   4.5532227e+01
   5.2521810e+06   2.5695801e+01
   5.2522040e+06   4.6875000e+01
   5.2522260e+06   2.3559570e+01
   5.2522850e+06   1.8371582e+01
   5.2523070e+06   1.9653320e+01
   5.2523920e+06   1.8554688e+01
   5.2524750e+06   2.7099609e+01
   5.2524890e+06   2.2827148e+01
   5.2527000e+06   1.9897461e+01
   5.2576290e+06   2.4780273e+01
   5.2576530e+06   3.8330078e+01
   5.2576660e+06   5.3527832e+01
   5.2576930e+06   7.9528809e+01
   5.2577080e+06   2.2766113e+01
   5.2577180e+06   3.0273438e+01
   5.2577380e+06   6.1767578e+01
   5.2577520e+06   2.8747559e+01
   5.2577800e+06   6.2194824e+01
   5.2578120e+06   1.7028809e+01
   5.2578240e+06   6.2133789e+01
   5.2578530e+06   2.3437500e+01
   5.2578710e+06   1.8676758e+01
   5.2578960e+06   2.1057129e+01
   5.2579140e+06   2.1240234e+01
   5.2579450e+06   2.2644043e+01
   5.2580020e+06   1.7761230e+01
   5.2580160e+06   1.9958496e+01
   5.2581010e+06   2.0751953e+01
   5.2581360e+06   1.8005371e+01
   5.2581670e+06   2.7526855e+01
   5.2581790e+06   3.0578613e+01
   5.2582150e+06   1.8005371e+01
   5.2582440e+06   1.7639160e+01
   5.2587790e+06   1.7211914e+01
   5.2633150e+06   1.9226074e+01
   5.2633400e+06   2.6306152e+01
   5.2633520e+06   3.8208008e+01
   5.2633740e+06   3.7780762e+01
   5.2633850e+06   5.3283691e+01
   5.2634110e+06   5.0048828e+01
   5.2634240e+06   2.1423340e+01
   5.2634340e+06   5.3833008e+01
   5.2634600e+06   2.4414062e+01
   5.2634700e+06   2.2399902e+01
   5.2634880e+06   2.1972656e+01
   5.2635030e+06   2.4230957e+01
   5.2635270e+06   2.6062012e+01
   5.2635430e+06   2.6367187e+01
   5.2635570e+06   2.6367188e+01
   5.2636120e+06   2.9968262e+01
   5.2636610e+06   1.8249512e+01
   5.2637750e+06   1.7333984e+01
   5.2637860e+06   2.3498535e+01
   5.2641170e+06   2.2583008e+01
   5.2677570e+06   1.7517090e+01
   5.2677890e+06   5.1269531e+01
   5.2678010e+06   3.7597656e+01
   5.2678120e+06   4.0466309e+01
   5.2678340e+06   4.1503906e+01
   5.2678500e+06   3.8635254e+01
   5.2678790e+06   2.6611328e+01
   5.2678910e+06   2.3925781e+01
   5.2679250e+06   1.7578125e+01
   5.2679630e+06   3.2531738e+01
   5.2679970e+06   2.7832031e+01
   5.2680390e+06   2.5146484e+01
   5.2681380e+06   2.7404785e+01
   5.2685470e+06   1.7395020e+01
   5.2728920e+06   2.0202637e+01
   5.2729110e+06   2.4169922e+01
   5.2729270e+06   2.2338867e+01
   5.2729520e+06   5.0720215e+01
   5.2729660e+06   3.5095215e+01
   5.2729890e+06   3.6743164e+01
   5.2730090e+06   3.7353516e+01
   5.2730220e+06   3.4118652e+01
   5.2730420e+06   2.0385742e+01
   5.2730550e+06   4.6508789e+01
   5.2730800e+06   2.6428223e+01
   5.2730960e+06   4.1931152e+01
   5.2731170e+06   3.9062500e+01
   5.2731340e+06   2.7038574e+01
   5.2731630e+06   3.1005859e+01
   5.2731870e+06   2.0935059e+01
   5.2732130e+06   2.2033691e+01
   5.2732730e+06   2.5451660e+01
   5.2733660e+06   1.8066406e+01
   5.2734730e+06   1.8371582e+01
   5.2734990e+06   2.4780273e+01
   5.2738570e+06   2.4353027e+01
   5.2780960e+06   2.2338867e+01
   5.2781300e+06   1.7944336e+01
   5.2781620e+06   4.9316406e+01
   5.2781840e+06   5.4382324e+01
   5.2782060e+06   4.9133301e+01
   5.2782370e+06   4.3945313e+01
   5.2782570e+06   3.1982422e+01
   5.2782880e+06   5.2185059e+01
   5.2782980e+06   2.0935059e+01
   5.2783180e+06   1.9958496e+01
   5.2783450e+06   3.5522461e+01
   5.2783590e+06   1.9653320e+01
   5.2783780e+06   2.8686523e+01
   5.2784500e+06   1.9042969e+01
   5.2784760e+06   2.0629883e+01
   5.2785260e+06   1.7028809e+01
   5.2786420e+06   1.8554688e+01
   5.2791310e+06   1.7944336e+01
   5.2838870e+06   5.0354004e+01
   5.2838990e+06   4.9804688e+01
   5.2839290e+06   4.5043945e+01
   5.2839440e+06   1.7456055e+01
   5.2839700e+06   7.2570801e+01
   5.2840040e+06   3.1066895e+01
   5.2840270e+06   5.2001953e+01
   5.2840490e+06   2.2033691e+01
   5.2840610e+06   3.7597656e+01
   5.2840900e+06   3.0761719e+01
   5.2841120e+06   1.9165039e+01
   5.2841350e+06   2.0568848e+01
   5.2841910e+06   1.8432617e+01
   5.2842260e+06   1.8371582e+01
   5.2842410e+06   1.7456055e+01
   5.2842950e+06   2.2888184e+01
   5.2843360e+06   2.9724121e+01
   5.2844050e+06   1.7761230e+01
   5.2844160e+06   2.0385742e+01
   5.2844690e+06   2.0446777e+01
   5.2844880e+06   2.9907227e+01
   5.2846200e+06   1.7150879e+01
   5.2894100e+06   1.8371582e+01
   5.2894390e+06   2.0629883e+01
   5.2894630e+06   4.5410156e+01
   5.2894800e+06   5.4199219e+01
   5.2895000e+06   4.7180176e+01
   5.2895220e+06   1.8676758e+01
   5.2895400e+06   5.3283691e+01
   5.2895720e+06   5.0659180e+01
   5.2896010e+06   4.0222168e+01
   5.2896210e+06   2.7832031e+01
   5.2896320e+06   2.4291992e+01
   5.2896710e+06   3.4667969e+01
   5.2897120e+06   2.5329590e+01
   5.2897310e+06   2.4047852e+01
   5.2897780e+06   2.0690918e+01
   5.2897990e+06   2.5085449e+01
   5.2899720e+06   2.4536133e+01
   5.2954920e+06   1.8432617e+01
   5.2955110e+06   5.0781250e+01
   5.2955290e+06   3.9123535e+01
   5.2955450e+06   8.7097168e+01
   5.2955670e+06   4.2297363e+01
   5.2955920e+06   3.9672852e+01
   5.2956080e+06   3.4301758e+01
   5.2956350e+06   5.9875488e+01
   5.2956490e+06   4.4677734e+01
   5.2956750e+06   3.1555176e+01
   5.2957010e+06   2.3376465e+01
   5.2957210e+06   2.3925781e+01
   5.2957440e+06   2.2644043e+01
   5.2957690e+06   2.5939941e+01
   5.2957860e+06   1.8859863e+01
   5.2958220e+06   3.0761719e+01
   5.2958720e+06   2.0690918e+01
   5.2958890e+06   1.8859863e+01
   5.2959710e+06   2.0141602e+01
   5.2959950e+06   2.3559570e+01
   5.2960300e+06   2.1118164e+01
   5.2960410e+06   2.2583008e+01
   5.2963180e+06   1.7944336e+01
   5.3007680e+06   2.0263672e+01
   5.3008070e+06   1.8005371e+01
   5.3008270e+06   4.7973633e+01
   5.3008460e+06   4.1870117e+01
   5.3008740e+06   3.9794922e+01
   5.3008870e+06   3.5400391e+01
   5.3008990e+06   3.4362793e+01
   5.3009150e+06   3.8818359e+01
   5.3009360e+06   2.3986816e+01
   5.3009530e+06   3.4423828e+01
   5.3009700e+06   2.3132324e+01
   5.3009860e+06   2.6550293e+01
   5.3010080e+06   2.4536133e+01
   5.3010190e+06   1.8920898e+01
   5.3010510e+06   2.4414063e+01
   5.3010760e+06   2.7160645e+01
   5.3011020e+06   2.7587891e+01
   5.3011160e+06   3.3203125e+01
   5.3011390e+06   1.7761230e+01
   5.3011940e+06   2.0385742e+01
   5.3073130e+06   1.9104004e+01
   5.3073570e+06   2.7465820e+01
   5.3073750e+06   6.0791016e+01
   5.3073910e+06   2.9296875e+01
   5.3074110e+06   6.7932129e+01
   5.3074340e+06   4.8522949e+01
   5.3074550e+06   4.1625977e+01
   5.3074680e+06   2.6794434e+01
   5.3074790e+06   1.8981934e+01
   5.3075010e+06   6.8420410e+01
   5.3075320e+06   4.4677734e+01
   5.3075420e+06   3.9245605e+01
   5.3075670e+06   2.9602051e+01
   5.3075890e+06   1.8188477e+01
   5.3076240e+06   3.9550781e+01
   5.3076380e+06   2.3071289e+01
   5.3076690e+06   1.9165039e+01
   5.3076890e+06   1.8798828e+01
   5.3077420e+06   2.1301270e+01
   5.3077560e+06   3.1555176e+01
   5.3077790e+06   2.2460938e+01
   5.3078270e+06   2.6062012e+01
   5.3078550e+06   1.8737793e+01
   5.3078870e+06   1.8676758e+01
   5.3079220e+06   1.8188477e+01
   5.3079740e+06   1.9836426e+01
   5.3080220e+06   1.7395020e+01
   5.3081540e+06   1.7028809e+01
   5.3083240e+06   1.7456055e+01
   5.3142200e+06   1.7150879e+01
   5.3142300e+06   1.8249512e+01
   5.3142530e+06   3.2897949e+01
   5.3142690e+06   2.9418945e+01
   5.3142910e+06   3.8757324e+01
   5.3143080e+06   5.2307129e+01
   5.3143370e+06   4.3212891e+01
   5.3143590e+06   2.8320313e+01
   5.3143710e+06   3.3630371e+01
   5.3143850e+06   2.7404785e+01
   5.3144140e+06   2.4291992e+01
   5.3144290e+06   1.8005371e+01
   5.3144490e+06   2.1850586e+01
   5.3144620e+06   3.0273438e+01
   5.3144920e+06   3.7963867e+01
   5.3145240e+06   3.1127930e+01
   5.3145360e+06   2.0812988e+01
   5.3145980e+06   1.8554688e+01
   5.3146690e+06   2.2766113e+01
   5.3146990e+06   3.4484863e+01
   5.3147110e+06   2.2644043e+01
   5.3147910e+06   2.0812988e+01
   5.3148070e+06   2.9418945e+01
   5.3149070e+06   1.9958496e+01
   5.3217220e+06   1.6906738e+01
   5.3217370e+06   8.9721680e+01
   5.3217620e+06   4.8767090e+01
   5.3217830e+06   2.0751953e+01
   5.3217950e+06   2.7343750e+01
   5.3218110e+06   2.8747559e+01
   5.3218310e+06   3.7353516e+01
   5.3218480e+06   3.9733887e+01
   5.3218650e+06   4.4616699e+01
   5.3218780e+06   2.7893066e+01
   5.3219070e+06   3.6987305e+01
   5.3219170e+06   3.9062500e+01
   5.3219350e+06   2.5573730e+01
   5.3219660e+06   1.8676758e+01
   5.3219840e+06   2.8564453e+01
   5.3220080e+06   2.4353027e+01
   5.3220640e+06   2.5024414e+01
   5.3220760e+06   2.5024414e+01
   5.3221490e+06   3.8391113e+01
   5.3221620e+06   1.8859863e+01
   5.3222020e+06   3.0944824e+01
   5.3222120e+06   2.6306152e+01
   5.3222460e+06   2.1240234e+01
   5.3222830e+06   2.9357910e+01
   5.3223660e+06   2.3437500e+01
   5.3224100e+06   1.8737793e+01
   5.3224880e+06   1.8371582e+01
   5.3225770e+06   1.7028809e+01
   5.3301640e+06   1.6906738e+01
   5.3301970e+06   1.7578125e+01
   5.3302080e+06   3.1738281e+01
   5.3302220e+06   4.6630859e+01
   5.3302430e+06   6.6467285e+01
   5.3302540e+06   1.8859863e+01
   5.3302760e+06   6.0791016e+01
   5.3302920e+06   4.7668457e+01
   5.3303030e+06   1.9042969e+01
   5.3303140e+06   3.1616211e+01
   5.3303400e+06   5.7556152e+01
   5.3303580e+06   3.2043457e+01
   5.3303940e+06   3.6010742e+01
   5.3304170e+06   1.9714355e+01
   5.3304430e+06   2.4780273e+01
   5.3304680e+06   3.5461426e+01
   5.3304860e+06   4.0222168e+01
   5.3305510e+06   2.2460937e+01
   5.3305960e+06   2.3742676e+01
   5.3306060e+06   2.7099609e+01
   5.3306550e+06   1.8432617e+01
   5.3306650e+06   1.9836426e+01
   5.3306980e+06   1.9653320e+01
   5.3307310e+06   2.3986816e+01
   5.3307430e+06   3.5949707e+01
   5.3307920e+06   2.2399902e+01
   5.3308320e+06   2.1301270e+01
   5.3309150e+06   1.7028809e+01
   5.3383410e+06   2.9235840e+01
   5.3383550e+06   4.0405273e+01
   5.3383730e+06   4.1625977e+01
   5.3384050e+06   4.1320801e+01
   5.3384290e+06   4.2785645e+01
   5.3384500e+06   5.3833008e+01
   5.3384670e+06   3.7658691e+01
   5.3384970e+06   4.2724609e+01
   5.3385150e+06   2.1789551e+01
   5.3385480e+06   3.1616211e+01
   5.3385590e+06   1.8554688e+01
   5.3385840e+06   1.7272949e+01
   5.3386110e+06   3.5461426e+01
   5.3387100e+06   1.7395020e+01
   5.3387250e+06   2.1911621e+01
   5.3387630e+06   1.7456055e+01
   5.3387780e+06   3.8757324e+01
   5.3388280e+06   2.0507813e+01
   5.3388460e+06   2.6306152e+01
   5.3389160e+06   2.4780273e+01
   5.3389370e+06   1.7883301e+01
   5.3389570e+06   3.0761719e+01
   5.3391810e+06   2.0690918e+01
   5.3458570e+06   2.2155762e+01
   5.3458970e+06   1.8737793e+01
   5.3459180e+06   3.8391113e+01
   5.3459310e+06   4.5227051e+01
   5.3459660e+06   5.7189941e+01
   5.3459860e+06   8.0261230e+01
   5.3460160e+06   5.9082031e+01
   5.3460300e+06   6.3476562e+01
   5.3460430e+06   4.1259766e+01
   5.3460670e+06   4.6691895e+01
   5.3460860e+06   7.0251465e+01
   5.3461130e+06   2.9846191e+01
   5.3461410e+06   2.7404785e+01
   5.3461520e+06   2.0507812e+01
   5.3461760e+06   1.9958496e+01
   5.3462070e+06   1.9042969e+01
   5.3462210e+06   1.7089844e+01
   5.3462480e+06   1.8920898e+01
   5.3462800e+06   2.1484375e+01
   5.3463690e+06   3.0395508e+01
   5.3463790e+06   1.7761230e+01
   5.3464910e+06   2.0690918e+01
   5.3465120e+06   1.9531250e+01
   5.3466020e+06   1.7150879e+01
   5.3468050e+06   1.8981934e+01
   5.3562540e+06   1.8676758e+01
   5.3562830e+06   1.9836426e+01
   5.3563070e+06   4.8522949e+01
   5.3563200e+06   5.9692383e+01
   5.3563350e+06   5.2001953e+01
   5.3563490e+06   4.8034668e+01
   5.3563760e+06   4.6813965e+01
   5.3563910e+06   4.3823242e+01
   5.3564260e+06   2.8625488e+01
   5.3564610e+06   4.2602539e+01
   5.3564950e+06   3.9367676e+01
   5.3565100e+06   2.7832031e+01
   5.3565360e+06   2.7099609e+01
   5.3566000e+06   2.9785156e+01
   5.3566100e+06   2.7404785e+01
   5.3566240e+06   2.2033691e+01
   5.3566460e+06   2.7099609e+01
   5.3566800e+06   2.6977539e+01
   5.3567130e+06   2.0812988e+01
   5.3567290e+06   4.5410156e+01
   5.3567700e+06   3.1982422e+01
   5.3567810e+06   3.1433105e+01
   5.3568090e+06   1.7456055e+01
   5.3568240e+06   4.9560547e+01
   5.3568550e+06   2.3437500e+01
   5.3568840e+06   2.0019531e+01
   5.3569070e+06   2.8625488e+01
   5.3569210e+06   1.7333984e+01
   5.3571220e+06   1.7089844e+01
   5.3571940e+06   3.0761719e+01
   5.3669740e+06   1.8737793e+01
   5.3670040e+06   1.7517090e+01
   5.3670280e+06   4.5410156e+01
   5.3670440e+06   2.2766113e+01
   5.3670630e+06   7.4890137e+01
   5.3670820e+06   4.6203613e+01
   5.3670960e+06   5.8654785e+01
   5.3671230e+06   5.1330566e+01
   5.3671400e+06   3.9855957e+01
   5.3671620e+06   3.6499023e+01
   5.3671790e+06   2.3803711e+01
   5.3671950e+06   2.7648926e+01
   5.3672140e+06   1.7639160e+01
   5.3672420e+06   2.1667480e+01
   5.3672700e+06   3.3447266e+01
   5.3672950e+06   1.8432617e+01
   5.3673350e+06   2.6428223e+01
   5.3673610e+06   1.8981934e+01
   5.3673980e+06   1.9470215e+01
   5.3674510e+06   2.5146484e+01
   5.3674640e+06   2.4169922e+01
   5.3675010e+06   3.0700684e+01
   5.3675510e+06   1.8127441e+01
   5.3675650e+06   1.9714355e+01
   5.3675880e+06   2.0751953e+01
   5.3676080e+06   3.2897949e+01
   5.3676340e+06   1.8981934e+01
   5.3676600e+06   1.9775391e+01
   5.3676950e+06   2.6733398e+01
   5.3677190e+06   1.8371582e+01
   5.3677340e+06   2.8137207e+01
   5.3677580e+06   2.3681641e+01
   5.3678290e+06   1.7028809e+01
   5.3822930e+06   1.7272949e+01
   5.3823080e+06   1.8310547e+01
   5.3823390e+06   4.5776367e+01
   5.3823540e+06   5.2795410e+01
   5.3823740e+06   4.0039062e+01
   5.3823900e+06   3.6499023e+01
   5.3824160e+06   5.3588867e+01
   5.3824350e+06   4.9621582e+01
   5.3824560e+06   3.9489746e+01
   5.3824710e+06   5.7128906e+01
   5.3824870e+06   2.5634766e+01
   5.3825100e+06   4.3823242e+01
   5.3825420e+06   2.6916504e+01
   5.3825720e+06   4.3395996e+01
   5.3826050e+06   3.2165527e+01
   5.3826170e+06   3.0761719e+01
   5.3826420e+06   4.5532227e+01
   5.3826540e+06   1.8432617e+01
   5.3826860e+06   2.4169922e+01
   5.3827010e+06   4.1076660e+01
   5.3827320e+06   2.3193359e+01
   5.3827500e+06   3.6132812e+01
   5.3827890e+06   2.2399902e+01
   5.3828060e+06   1.9653320e+01
   5.3828220e+06   2.6062012e+01
   5.3828800e+06   2.5085449e+01
   5.3829160e+06   1.9287109e+01
   5.3829420e+06   2.4536133e+01
   5.3829670e+06   3.0883789e+01
   5.3829950e+06   1.9592285e+01
   5.3830610e+06   1.7578125e+01
   5.3830930e+06   2.1606445e+01
   5.3831250e+06   2.2094727e+01
   5.3831640e+06   2.7893066e+01
   5.7482290e+06   1.9226074e+01
   5.7492360e+06   1.8066406e+01
   5.7496180e+06   1.7333984e+01
   5.7978440e+06   1.9592285e+01
   5.8183360e+06   1.7761230e+01
   5.8446920e+06   1.7028809e+01
   5.8533380e+06   1.7028809e+01
   5.8570770e+06   2.1606445e+01
   5.8571350e+06   2.0690918e+01
   5.8571790e+06   1.8066406e+01
   5.8611340e+06   1.7333984e+01
   5.8673880e+06   2.0874023e+01
   5.8837810e+06   1.8554688e+01
   5.9004730e+06   1.6967773e+01
   5.9104060e+06   1.8432617e+01
   5.9147870e+06   1.7272949e+01
   5.9210870e+06   1.6906738e+01
   5.9212110e+06   2.2705078e+01
   5.9239950e+06   1.8493652e+01
   5.9333770e+06   2.2766113e+01
   5.9344110e+06   1.8249512e+01
   5.9344690e+06   2.4414062e+01
   5.9344960e+06   3.3996582e+01
   5.9345230e+06   2.7404785e+01
   5.9345510e+06   2.5451660e+01
   5.9345890e+06   4.6691895e+01
   5.9346050e+06   1.7211914e+01
   5.9346360e+06   3.1555176e+01
   5.9346470e+06   2.1850586e+01
   5.9346650e+06   3.2287598e+01
   5.9347410e+06   1.7395020e+01
   5.9347600e+06   2.8259277e+01
   5.9347760e+06   2.3620605e+01
   5.9348360e+06   2.9052734e+01
   5.9349090e+06   2.9663086e+01
   5.9349300e+06   2.2766113e+01
   5.9350100e+06   2.1118164e+01
   5.9350690e+06   2.0019531e+01
   5.9351080e+06   2.2338867e+01
   5.9351530e+06   1.7822266e+01
   5.9352260e+06   1.7517090e+01
   5.9353770e+06   1.9775391e+01
   5.9497670e+06   1.8920898e+01
   5.9505380e+06   1.8920898e+01
   5.9557940e+06   1.8066406e+01
   5.9660610e+06   1.8554688e+01
   5.9667420e+06   2.0202637e+01
   5.9667990e+06   1.9653320e+01
   5.9668330e+06   2.1667480e+01
   5.9668610e+06   3.4118652e+01
   5.9668880e+06   1.8188477e+01
   5.9669030e+06   3.3203125e+01
   5.9669430e+06   3.3630371e+01
   5.9669690e+06   2.1728516e+01
   5.9670020e+06   3.4362793e+01
   5.9670900e+06   2.0141602e+01
   5.9672640e+06   1.9958496e+01
   5.9673870e+06   2.8259277e+01
   5.9674490e+06   1.7395020e+01
   5.9834080e+06   1.7700195e+01
   5.9841490e+06   2.1606445e+01
   5.9920990e+06   1.8432617e+01
   5.9921620e+06   1.7395020e+01
   5.9921920e+06   2.6489258e+01
   5.9922230e+06   2.5634766e+01
   5.9922640e+06   3.4606934e+01
   5.9922870e+06   3.5339355e+01
   5.9923070e+06   2.9174805e+01
   5.9923340e+06   2.4169922e+01
   5.9923440e+06   3.2470703e+01
   5.9923650e+06   1.7700195e+01
   5.9923860e+06   1.7089844e+01
   5.9924250e+06   1.7700195e+01
   5.9924520e+06   2.4719238e+01
   5.9926080e+06   2.3437500e+01
   5.9926820e+06   1.8066406e+01
