   5.9990000e+06   0.0000000e+00
   7.5980000e+03   1.6479492e+01
   2.1282000e+04   2.1911621e+01
   3.5894000e+04   1.9653320e+01
   3.5937000e+04   1.8493652e+01
   3.5983000e+04   1.7333984e+01
   3.6047000e+04   4.5593262e+01
   3.6093000e+04   3.7719727e+01
   3.6145000e+04   2.9541016e+01
   3.6201000e+04   2.8442383e+01
   3.6285000e+04   3.3386230e+01
   3.6390000e+04   2.9785156e+01
   3.6417000e+04   1.7333984e+01
   3.6510000e+04   3.8696289e+01
   3.6619000e+04   2.6184082e+01
   3.6783000e+04   3.1311035e+01
   3.7100000e+04   3.3325195e+01
   6.9416000e+04   2.9418945e+01
   8.7315000e+04   1.9653320e+01
   9.4012000e+04   1.9958496e+01
   1.1195400e+05   1.8676758e+01
   1.3904500e+05   2.1545410e+01
   1.4006900e+05   2.0935059e+01
   1.4299700e+05   1.6540527e+01
   1.5206800e+05   1.7883301e+01
   1.5341200e+05   1.7822266e+01
   1.6720600e+05   1.7150879e+01
   1.6723800e+05   2.0019531e+01
   1.7459800e+05   1.8432617e+01
   1.7481400e+05   1.9287109e+01
   1.7489800e+05   3.0944824e+01
   1.7492300e+05   2.1850586e+01
   1.7495000e+05   3.3508301e+01
   1.7498000e+05   3.1982422e+01
   1.7502800e+05   3.7170410e+01
   1.7510600e+05   3.0029297e+01
   1.7511600e+05   2.1850586e+01
   1.7523700e+05   1.7639160e+01
   1.7528800e+05   1.8615723e+01
   1.7531000e+05   2.5146484e+01
   1.7535900e+05   1.8981934e+01
   1.7539600e+05   2.7221680e+01
   1.7553500e+05   2.9174805e+01
   1.7564400e+05   3.5949707e+01
   1.7568700e+05   1.9287109e+01
   1.7573000e+05   2.9479980e+01
   1.7579900e+05   2.2583008e+01
   1.7749300e+05   1.7883301e+01
   2.0928300e+05   3.4484863e+01
   2.1751900e+05   2.2399902e+01
   2.3894600e+05   1.8371582e+01
   2.3898200e+05   1.7883301e+01
   2.3901200e+05   3.4729004e+01
   2.3903000e+05   2.6245117e+01
   2.3905100e+05   4.3029785e+01
   2.3906600e+05   6.5917969e+01
   2.3909200e+05   2.9296875e+01
   2.3915000e+05   2.7282715e+01
   2.3916400e+05   2.0202637e+01
   2.3925500e+05   3.3020020e+01
   2.3933100e+05   2.9724121e+01
   2.3935100e+05   1.6906738e+01
   2.3939600e+05   1.6601563e+01
   2.3944200e+05   3.5278320e+01
   2.3956000e+05   2.8869629e+01
   2.3968300e+05   2.8442383e+01
   2.3993000e+05   2.6794434e+01
   2.4006600e+05   3.0151367e+01
   2.4281000e+05   2.0812988e+01
   2.4470300e+05   1.9775391e+01
   2.9035300e+05   1.9531250e+01
   2.9047100e+05   2.1911621e+01
   2.9051200e+05   2.3254395e+01
   2.9055000e+05   2.8076172e+01
   2.9057500e+05   3.6560059e+01
   2.9060100e+05   3.3081055e+01
   2.9062600e+05   2.7526855e+01
   2.9066800e+05   3.0822754e+01
   2.9078100e+05   3.0395508e+01
   2.9089300e+05   1.6906738e+01
   2.9095300e+05   3.4057617e+01
   2.9098600e+05   1.6906738e+01
   2.9123600e+05   2.9174805e+01
   2.9133700e+05   1.6601562e+01
   2.9140500e+05   3.0578613e+01
   2.9145100e+05   1.8371582e+01
   2.9214100e+05   1.7150879e+01
   2.9270800e+05   1.7822266e+01
   3.3046900e+05   1.8371582e+01
   3.3054900e+05   5.4992676e+01
   3.3058100e+05   1.9714355e+01
   3.3060200e+05   4.0405273e+01
   3.3064200e+05   4.1015625e+01
   3.3068200e+05   3.0456543e+01
   3.3079700e+05   3.7902832e+01
   3.3102000e+05   3.4973145e+01
   3.3110900e+05   1.9165039e+01
   3.3115200e+05   2.9418945e+01
   3.3135600e+05   3.1616211e+01
   3.7640500e+05   1.8493652e+01
   3.7650200e+05   1.9409180e+01
   3.7661600e+05   4.5837402e+01
   3.7665200e+05   4.7912598e+01
   3.7668200e+05   2.9602051e+01
   3.7670800e+05   3.0578613e+01
   3.7680400e+05   2.3132324e+01
   3.7696300e+05   4.7790527e+01
   3.7704700e+05   2.9296875e+01
   3.7708500e+05   2.1240234e+01
   3.7711900e+05   1.7150879e+01
   3.7719300e+05   2.6672363e+01
   3.7725000e+05   1.8249512e+01
   3.7727600e+05   2.5512695e+01
   3.7743400e+05   3.5034180e+01
   3.7758400e+05   3.1066895e+01
   3.8001700e+05   1.7150879e+01
   4.1865000e+05   1.8310547e+01
   4.1866500e+05   3.3935547e+01
   4.1868400e+05   2.2644043e+01
   4.1870900e+05   4.8095703e+01
   4.1872200e+05   2.1240234e+01
   4.1876700e+05   3.7353516e+01
   4.1881200e+05   2.6123047e+01
   4.1885400e+05   2.8015137e+01
   4.1895800e+05   1.7333984e+01
   4.1900500e+05   3.4667969e+01
   4.1910600e+05   1.7456055e+01
   4.1920300e+05   2.2583008e+01
   4.1921800e+05   1.8859863e+01
   4.6601900e+05   1.9287109e+01
   4.7801900e+05   1.9592285e+01
   4.7866800e+05   2.2644043e+01
   4.9152800e+05   1.9531250e+01
   4.9159900e+05   1.8127441e+01
   4.9227100e+05   1.6601562e+01
   4.9281100e+05   2.1484375e+01
   5.0119900e+05   1.7028809e+01
   5.0124500e+05   1.9042969e+01
   5.1033200e+05   1.9226074e+01
   5.1082000e+05   1.6479492e+01
   5.1090300e+05   1.6662598e+01
   5.1181500e+05   2.1362305e+01
   5.1185400e+05   2.3864746e+01
   5.2818400e+05   1.8005371e+01
   5.5190000e+05   1.8920898e+01
   5.5687700e+05   1.7333984e+01
   5.5729800e+05   1.6601562e+01
   5.5909000e+05   1.6967773e+01
   5.6690600e+05   2.2460938e+01
   5.6697900e+05   1.9531250e+01
   5.7555600e+05   1.6906738e+01
   6.0912100e+05   1.6784668e+01
   6.0920000e+05   1.8005371e+01
   6.1333200e+05   1.6845703e+01
   6.2818800e+05   1.7211914e+01
   6.3863300e+05   2.2705078e+01
   6.7520300e+05   1.7456055e+01
   6.7926500e+05   2.0263672e+01
   6.8719800e+05   1.8737793e+01
   6.9677400e+05   1.6601562e+01
   7.0900500e+05   1.6479492e+01
   7.0903000e+05   2.5268555e+01
   7.3056800e+05   1.9897461e+01
   7.3514300e+05   1.7700195e+01
   7.3559900e+05   1.7517090e+01
   7.4419400e+05   2.1667480e+01
   7.4421300e+05   1.7150879e+01
   7.5257000e+05   1.9287109e+01
   7.5355600e+05   2.1911621e+01
   7.5362200e+05   1.8676758e+01
   7.6163800e+05   1.8676758e+01
   7.7397400e+05   1.7456055e+01
   8.0014500e+05   1.9836426e+01
   8.3667100e+05   1.8249512e+01
   8.3692800e+05   1.7028809e+01
   8.4483400e+05   2.2155762e+01
   8.4487500e+05   2.7709961e+01
   8.4788000e+05   1.8310547e+01
   8.5478900e+05   4.2053223e+01
   8.5484100e+05   4.6508789e+01
   8.5485500e+05   2.3071289e+01
   8.5491500e+05   1.6601562e+01
   8.5493900e+05   3.3630371e+01
   8.5557000e+05   3.3996582e+01
   8.5560200e+05   1.9897461e+01
   9.0293500e+05   1.7333984e+01
   9.0321300e+05   1.7028809e+01
   9.0830000e+05   2.0507812e+01
   9.0891200e+05   1.7822266e+01
   9.2503800e+05   1.6967773e+01
   9.2511200e+05   4.4555664e+01
   9.2515200e+05   5.3405762e+01
   9.2516900e+05   6.0791016e+01
   9.2520900e+05   2.1789551e+01
   9.2525700e+05   2.9968262e+01
   9.3754600e+05   1.8371582e+01
   9.3759700e+05   1.8371582e+01
   9.4652000e+05   1.8188477e+01
   9.4656500e+05   2.1728516e+01
   9.4667700e+05   2.1240234e+01
   9.5585300e+05   1.6601562e+01
   9.5866600e+05   2.3742676e+01
   9.8809700e+05   1.6906738e+01
   1.0028460e+06   1.9714355e+01
   1.0028760e+06   2.0874023e+01
   1.0029100e+06   2.8198242e+01
   1.0029370e+06   3.4851074e+01
   1.0029560e+06   4.0283203e+01
   1.0029790e+06   1.9897461e+01
   1.0030150e+06   2.8259277e+01
   1.0030590e+06   2.3193359e+01
   1.0217180e+06   1.8310547e+01
   1.0217620e+06   1.6540527e+01
   1.0271790e+06   1.8920898e+01
   1.0376940e+06   1.7028809e+01
   1.0377650e+06   1.6601562e+01
   1.0569480e+06   1.8981934e+01
   1.0569840e+06   1.8249512e+01
   1.0570550e+06   1.6479492e+01
   1.0613850e+06   1.8676758e+01
   1.0614830e+06   1.6540527e+01
   1.0744360e+06   2.4963379e+01
   1.1054980e+06   1.8249512e+01
   1.1146140e+06   1.7150879e+01
   1.1146520e+06   1.6662598e+01
   1.1156500e+06   1.7272949e+01
   1.1156900e+06   1.8798828e+01
   1.1158310e+06   1.7578125e+01
   1.1215720e+06   1.8127441e+01
   1.1215980e+06   1.7517090e+01
   1.1216190e+06   1.6540527e+01
   1.1376750e+06   2.2460938e+01
   1.1402550e+06   1.9897461e+01
   1.1463740e+06   2.0874023e+01
   1.1472200e+06   1.6479492e+01
   1.1530960e+06   2.4536133e+01
   1.1531220e+06   1.6479492e+01
   1.1616100e+06   1.9592285e+01
   1.1696390e+06   1.7333984e+01
   1.1696540e+06   2.3315430e+01
   1.1735700e+06   1.7944336e+01
   1.1744690e+06   2.0812988e+01
   1.1757820e+06   1.8249512e+01
   1.1758060e+06   1.6906738e+01
   1.1868950e+06   1.6479492e+01
   1.1874380e+06   1.9653320e+01
   1.1880080e+06   1.8859863e+01
   1.1880330e+06   1.9958496e+01
   1.1989440e+06   2.3132324e+01
   1.1989590e+06   1.7272949e+01
   1.1989770e+06   1.9287109e+01
   1.2049910e+06   1.7578125e+01
   1.2066650e+06   1.9592285e+01
   1.2179440e+06   1.9775391e+01
   1.2179690e+06   1.8981934e+01
   1.2264350e+06   1.7395020e+01
   1.2290360e+06   1.7089844e+01
   1.2371900e+06   1.6845703e+01
   1.2373450e+06   2.1118164e+01
   1.2375380e+06   1.8371582e+01
   1.2489240e+06   1.8493652e+01
   1.2490400e+06   1.6723633e+01
   1.2531770e+06   1.6540527e+01
   1.2592700e+06   1.7578125e+01
   1.2740790e+06   1.6906738e+01
   1.2836540e+06   1.6906738e+01
   1.2932760e+06   1.6601562e+01
   1.2979590e+06   2.1911621e+01
   1.2982580e+06   1.8005371e+01
   1.3114030e+06   2.0080566e+01
   1.3114420e+06   1.7333984e+01
   1.3152740e+06   1.7639160e+01
   1.3220600e+06   1.8859863e+01
   1.3223920e+06   2.3315430e+01
   1.3254160e+06   1.9104004e+01
   1.3304580e+06   1.7944336e+01
   1.3305650e+06   2.7832031e+01
   1.3332340e+06   1.8737793e+01
   1.3334920e+06   1.7517090e+01
   1.3335860e+06   1.6479492e+01
   1.3424910e+06   1.6479492e+01
   1.3534660e+06   1.9775391e+01
   1.3621460e+06   1.7089844e+01
   1.3627570e+06   1.6845703e+01
   1.3628530e+06   1.6723633e+01
   1.3759920e+06   2.0690918e+01
   1.3815700e+06   1.8798828e+01
   1.3816720e+06   1.6662598e+01
   1.3879290e+06   1.8615723e+01
   1.3880210e+06   3.3630371e+01
   1.3881100e+06   1.8310547e+01
   1.3927740e+06   1.7333984e+01
   1.3928170e+06   1.8676758e+01
   1.3931190e+06   1.7089844e+01
   1.3952780e+06   2.3437500e+01
   1.4040410e+06   1.8554688e+01
   1.4050520e+06   1.8249512e+01
   1.4148680e+06   1.7150879e+01
   1.4155320e+06   2.0935059e+01
   1.4159810e+06   2.0996094e+01
   1.4159980e+06   1.8066406e+01
   1.4233790e+06   1.8798828e+01
   1.4304610e+06   2.0202637e+01
   1.4304810e+06   3.1311035e+01
   1.4305040e+06   3.4973145e+01
   1.4305250e+06   1.7883301e+01
   1.4393040e+06   1.7822266e+01
   1.4409440e+06   1.6845703e+01
   1.4410520e+06   1.6967773e+01
   1.4458500e+06   2.1606445e+01
   1.4488720e+06   2.0935059e+01
   1.4489210e+06   2.1789551e+01
   1.4532380e+06   1.6601562e+01
   1.4532580e+06   2.5085449e+01
   1.4578880e+06   1.9104004e+01
   1.4579740e+06   1.6540527e+01
   1.4642580e+06   1.7089844e+01
   1.4642810e+06   1.8981934e+01
   1.4708680e+06   1.7822266e+01
   1.4752910e+06   1.6723633e+01
   1.4763890e+06   1.7883301e+01
   1.4767420e+06   1.6540527e+01
   1.4768820e+06   1.6601562e+01
   1.4853050e+06   4.0588379e+01
   1.4853370e+06   2.7587891e+01
   1.4853680e+06   3.2348633e+01
   1.4853970e+06   3.4667969e+01
   1.4854080e+06   3.3874512e+01
   1.4854320e+06   2.8747559e+01
   1.4981160e+06   1.7639160e+01
   1.4996880e+06   1.7211914e+01
   1.4997710e+06   1.6845703e+01
   1.4997960e+06   1.6784668e+01
   1.5003480e+06   1.6601562e+01
   1.5057310e+06   1.8615723e+01
   1.5057780e+06   1.6723633e+01
   1.5058400e+06   1.8127441e+01
   1.5058760e+06   1.7639160e+01
   1.5081270e+06   1.9287109e+01
   1.5082230e+06   1.6906738e+01
   1.5082360e+06   1.7211914e+01
   1.5160430e+06   1.8493652e+01
   1.5160990e+06   1.8981934e+01
   1.5198400e+06   1.6906738e+01
   1.5208160e+06   1.7272949e+01
   1.5208650e+06   2.4353027e+01
   1.5208800e+06   2.3986816e+01
   1.5209440e+06   1.7456055e+01
   1.5270850e+06   2.2460938e+01
   1.5271970e+06   2.2460938e+01
   1.5289700e+06   3.3508301e+01
   1.5371310e+06   1.8737793e+01
   1.5443030e+06   2.0141602e+01
   1.5443150e+06   2.4780273e+01
   1.5443350e+06   2.0202637e+01
   1.5547980e+06   1.7517090e+01
   1.5549090e+06   1.9531250e+01
   1.5708650e+06   1.9104004e+01
   1.5709350e+06   1.8493652e+01
   1.5709980e+06   1.7395020e+01
   1.5710170e+06   1.9409180e+01
   1.5711050e+06   1.7456055e+01
   1.5719340e+06   1.8066406e+01
   1.5719530e+06   3.3264160e+01
   1.5719820e+06   1.9653320e+01
   1.5808290e+06   1.9592285e+01
   1.5816690e+06   1.6540527e+01
   1.5817120e+06   1.7517090e+01
   1.5817310e+06   1.8676758e+01
   1.5856850e+06   1.8249512e+01
   1.5857210e+06   1.8371582e+01
   1.5857530e+06   1.8066406e+01
   1.5857840e+06   1.6967773e+01
   1.5932720e+06   2.2705078e+01
   1.6043520e+06   1.8676758e+01
   1.6050940e+06   1.9165039e+01
   1.6119560e+06   1.6906738e+01
   1.6183650e+06   1.8371582e+01
   1.6184650e+06   1.9958496e+01
   1.6185060e+06   1.7700195e+01
   1.6186220e+06   1.6601562e+01
   1.6193770e+06   1.9836426e+01
   1.6194390e+06   1.8798828e+01
   1.6197820e+06   1.8249512e+01
   1.6198590e+06   1.7700195e+01
   1.6283550e+06   1.8676758e+01
   1.6284090e+06   1.8188477e+01
   1.6298340e+06   2.1301270e+01
   1.6399700e+06   1.9470215e+01
   1.6399960e+06   1.7456055e+01
   1.6413140e+06   1.9470215e+01
   1.6414240e+06   1.9104004e+01
   1.6414610e+06   1.7822266e+01
   1.6509320e+06   1.7456055e+01
   1.6589720e+06   1.6662598e+01
   1.6595220e+06   1.6784668e+01
   1.6596500e+06   1.6540527e+01
   1.6596670e+06   1.8493652e+01
   1.6599920e+06   1.9714355e+01
   1.6689000e+06   1.7028809e+01
   1.6726440e+06   1.6662598e+01
   1.6730070e+06   2.2338867e+01
   1.6730210e+06   2.1606445e+01
   1.6846320e+06   1.7272949e+01
   1.6877660e+06   1.8310547e+01
   1.6948590e+06   1.7883301e+01
   1.6949040e+06   1.9104004e+01
   1.7030820e+06   1.8005371e+01
   1.7030980e+06   1.7150879e+01
   1.7112880e+06   2.1911621e+01
   1.7113110e+06   1.8371582e+01
   1.7191320e+06   1.7333984e+01
   1.7256450e+06   2.0080566e+01
   1.7257050e+06   1.6784668e+01
   1.7258170e+06   1.7028809e+01
   1.7264040e+06   1.7822266e+01
   1.7264780e+06   1.7395020e+01
   1.7334860e+06   1.7211914e+01
   1.7447580e+06   2.0996094e+01
   1.7503230e+06   2.1240234e+01
   1.7513270e+06   2.2338867e+01
   1.7513480e+06   2.2888184e+01
   1.7629930e+06   2.0629883e+01
   1.7772140e+06   1.7333984e+01
   1.7823550e+06   1.7761230e+01
   1.7828750e+06   2.1179199e+01
   1.7854120e+06   1.8737793e+01
   1.7936220e+06   1.6845703e+01
   1.7985890e+06   2.8869629e+01
   1.8172030e+06   2.1423340e+01
   1.8180410e+06   1.7822266e+01
   1.8185970e+06   1.6967773e+01
   1.8256240e+06   1.6479492e+01
   1.8256750e+06   1.9958496e+01
   1.8256980e+06   1.8310547e+01
   1.8343010e+06   1.7578125e+01
   1.8369880e+06   1.6906738e+01
   1.8370130e+06   2.2094727e+01
   1.8370230e+06   2.0996094e+01
   1.8370560e+06   2.5573730e+01
   1.8370710e+06   2.0751953e+01
   1.8492320e+06   1.6906738e+01
   1.8541870e+06   1.7822266e+01
   1.8548520e+06   1.9348145e+01
   1.8627370e+06   2.3681641e+01
   1.8628180e+06   1.9653320e+01
   1.8629200e+06   2.0751953e+01
   1.8758230e+06   1.6479492e+01
   1.8758490e+06   1.6601562e+01
   1.8758680e+06   2.5634766e+01
   1.8759540e+06   1.6601562e+01
   1.8860690e+06   2.2827148e+01
   1.8861070e+06   1.9958496e+01
   1.8883220e+06   2.2277832e+01
   1.8883340e+06   2.4719238e+01
   1.8973270e+06   1.7822266e+01
   1.8974830e+06   1.8188477e+01
   1.9023040e+06   1.6662598e+01
   1.9023260e+06   2.2888184e+01
   1.9087290e+06   1.6601562e+01
   1.9087960e+06   2.7099609e+01
   1.9090780e+06   1.6723633e+01
   1.9094170e+06   1.8127441e+01
   1.9135780e+06   1.7150879e+01
   1.9199470e+06   2.2399902e+01
   1.9229970e+06   1.8005371e+01
   1.9232080e+06   1.8493652e+01
   1.9251390e+06   3.3569336e+01
   1.9335500e+06   1.9165039e+01
   1.9419320e+06   1.7517090e+01
   1.9420210e+06   1.7395020e+01
   1.9535630e+06   1.7822266e+01
   1.9536080e+06   1.9409180e+01
   1.9536320e+06   1.8127441e+01
   1.9614130e+06   2.1728516e+01
   1.9614750e+06   1.9836426e+01
   1.9615270e+06   1.6479492e+01
   1.9642600e+06   1.8737793e+01
   1.9694720e+06   2.4719238e+01
   1.9832220e+06   2.2460938e+01
   1.9838430e+06   2.2583008e+01
   1.9881630e+06   1.8066406e+01
   1.9888260e+06   2.1545410e+01
   1.9897220e+06   2.0935059e+01
   1.9897620e+06   1.7395020e+01
   1.9898160e+06   1.7333984e+01
   1.9966850e+06   2.8625488e+01
   2.0062870e+06   2.0629883e+01
   2.0063520e+06   1.7150879e+01
   2.0109360e+06   1.9592285e+01
   2.0119700e+06   2.1423340e+01
   2.0120140e+06   2.0629883e+01
   2.0120350e+06   1.9348145e+01
   2.0173250e+06   2.1606445e+01
   2.0242170e+06   2.1789551e+01
   2.0290780e+06   2.0751953e+01
   2.0404960e+06   1.8249512e+01
   2.0443050e+06   1.7517090e+01
   2.0500960e+06   2.1179199e+01
   2.0501860e+06   2.0568848e+01
   2.0525450e+06   1.8920898e+01
   2.0525740e+06   2.9724121e+01
   2.0526260e+06   1.8798828e+01
   2.0623260e+06   1.7272949e+01
   2.0629260e+06   2.3986816e+01
   2.0629970e+06   1.6479492e+01
   2.0674660e+06   1.8249512e+01
   2.0742400e+06   1.8066406e+01
   2.0742630e+06   2.4353027e+01
   2.0803000e+06   2.2583008e+01
   2.0807030e+06   2.2766113e+01
   2.0900870e+06   2.1179199e+01
   2.0901370e+06   1.8188477e+01
   2.0981210e+06   3.4057617e+01
   2.0981540e+06   1.8859863e+01
   2.1067840e+06   1.9287109e+01
   2.1068140e+06   1.7761230e+01
   2.1085290e+06   2.0324707e+01
   2.1085530e+06   1.6479492e+01
   2.1086050e+06   1.8371582e+01
   2.1172490e+06   1.6845703e+01
   2.1186820e+06   1.9287109e+01
   2.1186940e+06   1.6784668e+01
   2.1187310e+06   1.6784668e+01
   2.1269260e+06   1.8798828e+01
   2.1280010e+06   1.7395020e+01
   2.1375660e+06   1.9531250e+01
   2.1378130e+06   2.0385742e+01
   2.1378550e+06   2.0690918e+01
   2.1387530e+06   1.7456055e+01
   2.1388140e+06   1.8249512e+01
   2.1389520e+06   1.7517090e+01
   2.1406860e+06   2.3559570e+01
   2.1407100e+06   2.1484375e+01
   2.1520300e+06   2.2766113e+01
   2.1559840e+06   2.3986816e+01
   2.1560530e+06   1.6906738e+01
   2.1679190e+06   2.0263672e+01
   2.1679300e+06   1.8554688e+01
   2.1679620e+06   1.7211914e+01
   2.1679940e+06   1.7028809e+01
   2.1760810e+06   2.0568848e+01
   2.1770490e+06   1.7578125e+01
   2.1770770e+06   1.7883301e+01
   2.1771350e+06   2.0324707e+01
   2.1771770e+06   1.7333984e+01
   2.1841000e+06   1.8188477e+01
   2.1841560e+06   1.6540527e+01
   2.1841730e+06   1.7822266e+01
   2.1866600e+06   3.8879395e+01
   2.1944380e+06   1.8005371e+01
   2.1977950e+06   1.7700195e+01
   2.1983910e+06   1.7944336e+01
   2.2042430e+06   1.6784668e+01
   2.2044220e+06   1.7639160e+01
   2.2052810e+06   1.8310547e+01
   2.2053260e+06   1.9653320e+01
   2.2144960e+06   1.9653320e+01
   2.2156320e+06   1.8249512e+01
   2.2156490e+06   2.6184082e+01
   2.2156630e+06   2.0019531e+01
   2.2156730e+06   1.9958496e+01
   2.2157150e+06   2.8442383e+01
   2.2157350e+06   1.9592285e+01
   2.2157520e+06   1.9104004e+01
   2.2157710e+06   1.6601562e+01
   2.2157980e+06   1.6540527e+01
   2.2158160e+06   2.2399902e+01
   2.2277780e+06   1.9714355e+01
   2.2315120e+06   2.0874023e+01
   2.2315380e+06   1.7700195e+01
   2.2430300e+06   2.2094727e+01
   2.2501610e+06   1.6540527e+01
   2.2502940e+06   1.7517090e+01
   2.2505430e+06   1.8493652e+01
   2.2558660e+06   2.0507812e+01
   2.2559900e+06   1.7944336e+01
   2.2600920e+06   2.3254395e+01
   2.2601050e+06   4.3090820e+01
   2.2601330e+06   2.0446777e+01
   2.2601470e+06   4.6752930e+01
   2.2601860e+06   3.6865234e+01
   2.2602050e+06   1.9897461e+01
   2.2602440e+06   3.4179688e+01
   2.2602660e+06   2.9052734e+01
   2.2602990e+06   4.2541504e+01
   2.2603170e+06   3.4545898e+01
   2.2603560e+06   2.0324707e+01
   2.2603800e+06   2.8076172e+01
   2.2605870e+06   2.0996094e+01
   2.2726550e+06   1.8310547e+01
   2.2727690e+06   1.9775391e+01
   2.2727860e+06   2.7465820e+01
   2.2728100e+06   2.3681641e+01
   2.2728260e+06   2.8259277e+01
   2.2728490e+06   3.4484863e+01
   2.2728610e+06   1.7883301e+01
   2.2728720e+06   3.5095215e+01
   2.2729050e+06   3.8085938e+01
   2.2729330e+06   1.8493652e+01
   2.2729660e+06   2.2277832e+01
   2.2730120e+06   2.0690918e+01
   2.2730400e+06   1.6479492e+01
   2.2730550e+06   2.6550293e+01
   2.2730840e+06   2.1423340e+01
   2.2731210e+06   2.7954102e+01
   2.2731920e+06   2.8198242e+01
   2.2732150e+06   2.1301270e+01
   2.2732840e+06   3.9489746e+01
   2.2733140e+06   2.1789551e+01
   2.2733400e+06   1.6906738e+01
   2.2734370e+06   1.9714355e+01
   2.2734700e+06   1.6784668e+01
   2.2735120e+06   2.0263672e+01
   2.2736370e+06   1.6906738e+01
   2.2800300e+06   1.7456055e+01
   2.2800530e+06   1.6479492e+01
   2.2800640e+06   2.9479980e+01
   2.2800830e+06   2.9479980e+01
   2.2801180e+06   5.8593750e+01
   2.2801550e+06   3.6804199e+01
   2.2801720e+06   2.1423340e+01
   2.2801860e+06   1.8310547e+01
   2.2802160e+06   1.6906738e+01
   2.2803670e+06   1.7089844e+01
   2.2804170e+06   1.6662598e+01
   2.2805490e+06   1.7028809e+01
   2.2807000e+06   2.0507812e+01
   2.2807170e+06   1.7333984e+01
   2.2808010e+06   1.7822266e+01
   2.2808130e+06   1.7333984e+01
   2.2866970e+06   2.7099609e+01
   2.2867160e+06   5.9082031e+01
   2.2867370e+06   4.4982910e+01
   2.2867660e+06   2.5085449e+01
   2.2867880e+06   2.8747559e+01
   2.2868090e+06   2.6245117e+01
   2.2868300e+06   2.4353027e+01
   2.2868630e+06   2.0446777e+01
   2.2872370e+06   4.0466309e+01
   2.2875280e+06   1.8798828e+01
   2.2907540e+06   1.8920898e+01
   2.2948880e+06   1.9470215e+01
   2.2948990e+06   2.1728516e+01
   2.2949130e+06   2.7648926e+01
   2.2949390e+06   4.4982910e+01
   2.2949740e+06   3.6376953e+01
   2.2949940e+06   2.3498535e+01
   2.2950100e+06   2.9113770e+01
   2.2950580e+06   1.8005371e+01
   2.2953180e+06   2.1911621e+01
   2.2953280e+06   2.0812988e+01
   2.2953840e+06   1.8493652e+01
   2.2954020e+06   2.8686523e+01
   2.2954420e+06   2.1179199e+01
   2.2954880e+06   1.9104004e+01
   2.2955600e+06   2.2033691e+01
   2.2957520e+06   1.7089844e+01
   2.3005050e+06   1.7883301e+01
   2.3015460e+06   2.2705078e+01
   2.3015730e+06   2.7893066e+01
   2.3015870e+06   1.7395020e+01
   2.3015980e+06   1.7761230e+01
   2.3016090e+06   2.8198242e+01
   2.3016310e+06   4.0893555e+01
   2.3016460e+06   2.4475098e+01
   2.3016820e+06   2.4169922e+01
   2.3017010e+06   1.8981934e+01
   2.3020240e+06   1.6479492e+01
   2.3020730e+06   2.4414062e+01
   2.3021980e+06   1.9897461e+01
   2.3075530e+06   1.9653320e+01
   2.3076300e+06   1.9104004e+01
   2.3076460e+06   3.5156250e+01
   2.3076680e+06   3.3935547e+01
   2.3076980e+06   1.7944336e+01
   2.3077140e+06   2.9724121e+01
   2.3077560e+06   4.0100098e+01
   2.3077760e+06   1.9165039e+01
   2.3078120e+06   1.9653320e+01
   2.3078340e+06   2.0751953e+01
   2.3124920e+06   2.3437500e+01
   2.3126210e+06   2.9785156e+01
   2.3127060e+06   2.3010254e+01
   2.3127340e+06   1.8615723e+01
   2.3153340e+06   1.6784668e+01
   2.3153740e+06   2.4841309e+01
   2.3154110e+06   1.6601562e+01
   2.3154270e+06   2.7832031e+01
   2.3154540e+06   2.5085449e+01
   2.3154880e+06   4.4677734e+01
   2.3154980e+06   1.7578125e+01
   2.3155310e+06   3.5705566e+01
   2.3155510e+06   1.6967773e+01
   2.3155740e+06   2.1728516e+01
   2.3155940e+06   1.7028809e+01
   2.3156180e+06   2.3925781e+01
   2.3189580e+06   1.6845703e+01
   2.3202060e+06   1.7150879e+01
   2.3202640e+06   1.8066406e+01
   2.3202980e+06   3.0822754e+01
   2.3203300e+06   3.3447266e+01
   2.3203640e+06   3.1005859e+01
   2.3203740e+06   4.7973633e+01
   2.3204030e+06   1.9287109e+01
   2.3204180e+06   2.2705078e+01
   2.3204710e+06   1.7028809e+01
   2.3205930e+06   1.9653320e+01
   2.3207400e+06   3.6193848e+01
   2.3239370e+06   2.0019531e+01
   2.3239560e+06   2.0019531e+01
   2.3240810e+06   1.8066406e+01
   2.3241090e+06   1.8310547e+01
   2.3241240e+06   5.0109863e+01
   2.3241660e+06   2.1484375e+01
   2.3241880e+06   2.0751953e+01
   2.3242120e+06   3.4851074e+01
   2.3242800e+06   1.6662598e+01
   2.3268320e+06   2.2338867e+01
   2.3268690e+06   3.4667969e+01
   2.3268950e+06   3.4729004e+01
   2.3269130e+06   2.5756836e+01
   2.3269300e+06   2.3986816e+01
   2.3269620e+06   1.8127441e+01
   2.3270390e+06   1.8615723e+01
   2.3270750e+06   1.9165039e+01
   2.3272660e+06   1.9042969e+01
   2.3274290e+06   2.6123047e+01
   2.3274630e+06   1.7333984e+01
   2.3304840e+06   1.8310547e+01
   2.3320560e+06   2.0385742e+01
   2.3320830e+06   2.0874023e+01
   2.3321090e+06   1.6906738e+01
   2.3321280e+06   3.6987305e+01
   2.3321660e+06   2.6733398e+01
   2.3321840e+06   1.9592285e+01
   2.3322120e+06   1.7578125e+01
   2.3323970e+06   1.7028809e+01
   2.3326100e+06   2.6916504e+01
   2.3355140e+06   1.7395020e+01
   2.3358850e+06   2.1057129e+01
   2.3359850e+06   1.7395020e+01
   2.3384210e+06   1.8005371e+01
   2.3384550e+06   2.4230957e+01
   2.3384820e+06   3.7902832e+01
   2.3384970e+06   2.2216797e+01
   2.3385340e+06   2.5939941e+01
   2.3385700e+06   1.6784668e+01
   2.3388650e+06   2.4719238e+01
   2.3388950e+06   1.7822266e+01
   2.3389550e+06   1.6662598e+01
   2.3391380e+06   1.8371582e+01
   2.3417820e+06   1.7517090e+01
   2.3423410e+06   1.8371582e+01
   2.3423730e+06   3.3386230e+01
   2.3424150e+06   1.6967773e+01
   2.3424300e+06   3.9794922e+01
   2.3424580e+06   1.8005371e+01
   2.3424970e+06   2.4597168e+01
   2.3425100e+06   2.6733398e+01
   2.3453020e+06   2.0690918e+01
   2.3453590e+06   1.9470215e+01
   2.3453790e+06   1.8066406e+01
   2.3454060e+06   1.8798828e+01
   2.3454360e+06   3.3386230e+01
   2.3454460e+06   1.9531250e+01
   2.3454740e+06   2.3864746e+01
   2.3454980e+06   3.7414551e+01
   2.3455460e+06   1.6662598e+01
   2.3455690e+06   2.1972656e+01
   2.3484380e+06   2.0751953e+01
   2.3484680e+06   2.3864746e+01
   2.3484900e+06   1.7089844e+01
   2.3485350e+06   1.9958496e+01
   2.3485450e+06   1.7883301e+01
   2.3485730e+06   3.5522461e+01
   2.3486210e+06   3.4484863e+01
   2.3486720e+06   1.7761230e+01
   2.3487090e+06   2.3803711e+01
   2.3487190e+06   1.8066406e+01
   2.3516690e+06   2.0629883e+01
   2.3516820e+06   2.4414062e+01
   2.3517320e+06   1.8615723e+01
   2.3517500e+06   1.8066406e+01
   2.3517710e+06   3.7109375e+01
   2.3518080e+06   1.9531250e+01
   2.3518380e+06   2.1118164e+01
   2.3518640e+06   1.8676758e+01
   2.3544130e+06   2.2766113e+01
   2.3544700e+06   5.8349609e+01
   2.3544980e+06   3.0944824e+01
   2.3545170e+06   2.8198242e+01
   2.3545530e+06   1.7211914e+01
   2.3545880e+06   1.7700195e+01
   2.3546640e+06   1.9470215e+01
   2.3577190e+06   2.5329590e+01
   2.3577730e+06   2.2827148e+01
   2.3600250e+06   3.2531738e+01
   2.3600520e+06   3.6743164e+01
   2.3600790e+06   2.5756836e+01
   2.3600960e+06   2.3498535e+01
   2.3605120e+06   1.9531250e+01
   2.3606520e+06   1.9592285e+01
   2.3636240e+06   3.2653809e+01
   2.3636500e+06   1.9226074e+01
   2.3636730e+06   3.1188965e+01
   2.3636940e+06   1.8859863e+01
   2.3637150e+06   2.1667480e+01
   2.3637330e+06   2.6611328e+01
   2.3637430e+06   2.3620605e+01
   2.3637920e+06   3.2043457e+01
   2.3670490e+06   1.7639160e+01
   2.3670860e+06   1.6723633e+01
   2.3671390e+06   4.0344238e+01
   2.3671610e+06   2.1484375e+01
   2.3671780e+06   1.8493652e+01
   2.3672360e+06   1.9409180e+01
   2.3703020e+06   1.7211914e+01
   2.3706510e+06   2.1850586e+01
   2.3736610e+06   4.3640137e+01
   2.3736710e+06   1.6479492e+01
   2.3736920e+06   4.6936035e+01
   2.3737170e+06   3.2226563e+01
   2.3737380e+06   1.7089844e+01
   2.3737690e+06   1.7272949e+01
   2.3737800e+06   1.9592285e+01
   2.3740270e+06   2.4963379e+01
   2.3772260e+06   1.6967773e+01
   2.3772380e+06   2.3193359e+01
   2.3772490e+06   1.8188477e+01
   2.3772760e+06   2.6184082e+01
   2.3772880e+06   2.6794434e+01
   2.3773060e+06   4.6264648e+01
   2.3773480e+06   3.0090332e+01
   2.3774200e+06   1.7700195e+01
   2.3774740e+06   1.6967773e+01
   2.3806460e+06   3.4057617e+01
   2.3806910e+06   4.2419434e+01
   2.3807070e+06   1.9714355e+01
   2.3807220e+06   2.3376465e+01
   2.3807440e+06   2.4414063e+01
   2.3809740e+06   1.9104004e+01
   2.3839440e+06   1.6723633e+01
   2.3840280e+06   1.7517090e+01
   2.3840550e+06   3.9245605e+01
   2.3840860e+06   2.2888184e+01
   2.3871680e+06   1.8249512e+01
   2.3872000e+06   2.8991699e+01
   2.3872290e+06   3.5461426e+01
   2.3872650e+06   2.7526855e+01
   2.3873380e+06   1.9042969e+01
   2.3875610e+06   2.0935059e+01
   2.3909840e+06   2.9663086e+01
   2.3910260e+06   2.2460938e+01
   2.3910420e+06   3.7292480e+01
   2.3910850e+06   3.7292480e+01
   2.3911310e+06   1.6906738e+01
   2.3911600e+06   1.8127441e+01
   2.3912030e+06   2.3132324e+01
   2.3946040e+06   2.4963379e+01
   2.3946180e+06   2.0385742e+01
   2.3946410e+06   2.8442383e+01
   2.3946630e+06   3.2592773e+01
   2.3946870e+06   2.5939941e+01
   2.3947280e+06   1.9714355e+01
   2.3947670e+06   2.2705078e+01
   2.3984820e+06   2.4963379e+01
   2.3985040e+06   1.8981934e+01
   2.3985370e+06   4.2053223e+01
   2.3985560e+06   2.9602051e+01
   2.3985820e+06   2.6306152e+01
   2.3986010e+06   2.1972656e+01
   2.3986260e+06   1.9042969e+01
   2.3986660e+06   1.8615723e+01
   2.3986890e+06   2.0446777e+01
   2.3989380e+06   1.7578125e+01
   2.4020320e+06   3.8696289e+01
   2.4020750e+06   3.2226562e+01
   2.4021030e+06   1.8798828e+01
   2.4021440e+06   3.1250000e+01
   2.4021600e+06   3.1005859e+01
   2.4022710e+06   2.4780273e+01
   2.4056120e+06   4.6020508e+01
   2.4056440e+06   3.4667969e+01
   2.4056710e+06   3.4912109e+01
   2.4057240e+06   1.9653320e+01
   2.4057690e+06   2.0812988e+01
   2.4098700e+06   2.2216797e+01
   2.4099070e+06   2.8991699e+01
   2.4099300e+06   3.8146973e+01
   2.4099530e+06   2.5512695e+01
   2.4099930e+06   1.7456055e+01
   2.4100260e+06   1.9165039e+01
   2.4103660e+06   1.7883301e+01
   2.4143400e+06   1.9897461e+01
   2.4143600e+06   2.3742676e+01
   2.4143940e+06   3.7841797e+01
   2.4144140e+06   2.3193359e+01
   2.4144450e+06   3.7475586e+01
   2.4144770e+06   1.7822266e+01
   2.4145120e+06   1.6662598e+01
   2.4145400e+06   2.0019531e+01
   2.4146300e+06   2.0568848e+01
   2.4187000e+06   2.2705078e+01
   2.4187150e+06   2.1911621e+01
   2.4187470e+06   3.0395508e+01
   2.4187700e+06   2.5695801e+01
   2.4187840e+06   1.9592285e+01
   2.4187950e+06   2.4902344e+01
   2.4188090e+06   1.7517090e+01
   2.4188370e+06   1.8249512e+01
   2.4233190e+06   2.1118164e+01
   2.4233300e+06   2.6062012e+01
   2.4233610e+06   2.4414062e+01
   2.4233740e+06   3.4301758e+01
   2.4233870e+06   3.3691406e+01
   2.4234190e+06   3.4606934e+01
   2.4234520e+06   1.6784668e+01
   2.4234680e+06   2.2155762e+01
   2.4234920e+06   1.8859863e+01
   2.4281000e+06   4.0527344e+01
   2.4281200e+06   1.7456055e+01
   2.4281440e+06   2.8320313e+01
   2.4281570e+06   4.6997070e+01
   2.4281850e+06   2.8808594e+01
   2.4282000e+06   1.6845703e+01
   2.4282200e+06   1.8493652e+01
   2.4282580e+06   1.8554688e+01
   2.4330120e+06   2.3559570e+01
   2.4330230e+06   3.0090332e+01
   2.4330440e+06   1.7639160e+01
   2.4330630e+06   4.1076660e+01
   2.4331020e+06   3.1066895e+01
   2.4331400e+06   2.0996094e+01
   2.4331640e+06   1.8005371e+01
   2.4332380e+06   2.0690918e+01
   2.4334590e+06   1.8859863e+01
   2.4381770e+06   3.2409668e+01
   2.4382030e+06   1.9104004e+01
   2.4382180e+06   4.7302246e+01
   2.4382560e+06   2.1606445e+01
   2.4382700e+06   2.7465820e+01
   2.4383890e+06   1.9226074e+01
   2.4384360e+06   1.7028809e+01
   2.4437910e+06   3.6193848e+01
   2.4438030e+06   2.0385742e+01
   2.4438310e+06   1.9592285e+01
   2.4438470e+06   2.5512695e+01
   2.4438630e+06   2.4658203e+01
   2.4438730e+06   2.1423340e+01
   2.4438920e+06   1.9775391e+01
   2.4439190e+06   2.0935059e+01
   2.4484820e+06   4.8828125e+01
   2.4485240e+06   2.0263672e+01
   2.4485570e+06   5.8715820e+01
   2.4486000e+06   1.9531250e+01
   2.4486270e+06   2.4108887e+01
   2.4486420e+06   2.1789551e+01
   2.4487010e+06   3.6743164e+01
   2.4537440e+06   2.5390625e+01
   2.4537550e+06   2.5024414e+01
   2.4537790e+06   1.9714355e+01
   2.4537970e+06   3.8024902e+01
   2.4538170e+06   2.3925781e+01
   2.4538400e+06   2.4902344e+01
   2.4538870e+06   1.7272949e+01
   2.4542080e+06   1.8005371e+01
   2.4543210e+06   1.8066406e+01
   2.4600430e+06   2.7038574e+01
   2.4600630e+06   1.9836426e+01
   2.4600840e+06   2.9663086e+01
   2.4601240e+06   2.5390625e+01
   2.4601620e+06   1.8859863e+01
   2.4604130e+06   2.7832031e+01
   2.4606050e+06   2.4169922e+01
   2.4665820e+06   2.5573730e+01
   2.4665940e+06   3.9855957e+01
   2.4666300e+06   3.7719727e+01
   2.4666430e+06   4.6447754e+01
   2.4666810e+06   2.5573730e+01
   2.4666930e+06   2.1850586e+01
   2.4667040e+06   1.7700195e+01
   2.4667410e+06   2.5939941e+01
   2.4670480e+06   2.5939941e+01
   2.4727530e+06   2.3620605e+01
   2.4727670e+06   2.1789551e+01
   2.4727870e+06   1.7150879e+01
   2.4728260e+06   7.3669434e+01
   2.4728670e+06   3.4973145e+01
   2.4728770e+06   2.5024414e+01
   2.4728940e+06   1.9409180e+01
   2.4729160e+06   2.0202637e+01
   2.4729400e+06   1.7944336e+01
   2.4731140e+06   2.0629883e+01
   2.4796870e+06   1.8737793e+01
   2.4796970e+06   3.7963867e+01
   2.4797390e+06   5.7495117e+01
   2.4797750e+06   3.4301758e+01
   2.4797890e+06   3.3325195e+01
   2.4798130e+06   1.7028809e+01
   2.4798350e+06   2.1484375e+01
   2.4798800e+06   1.8249512e+01
   2.4799100e+06   1.9775391e+01
   2.4800730e+06   2.5390625e+01
   2.4801990e+06   2.1728516e+01
   2.4802540e+06   2.4719238e+01
   2.4802650e+06   1.8615723e+01
   2.4803340e+06   1.7639160e+01
   2.4873400e+06   3.4484863e+01
   2.4873510e+06   2.8381348e+01
   2.4873730e+06   2.3071289e+01
   2.4874010e+06   5.1635742e+01
   2.4874270e+06   2.0019531e+01
   2.4874400e+06   4.3334961e+01
   2.4874730e+06   1.7639160e+01
   2.4875050e+06   1.8920898e+01
   2.4876910e+06   2.3620605e+01
   2.4878350e+06   2.6367188e+01
   2.4940620e+06   2.5390625e+01
   2.4940740e+06   2.7587891e+01
   2.4941060e+06   2.0019531e+01
   2.4941360e+06   3.9245605e+01
   2.4941760e+06   4.2724609e+01
   2.4941970e+06   1.7639160e+01
   2.4942190e+06   2.6733398e+01
   2.4942550e+06   1.7089844e+01
   2.4943110e+06   1.6906738e+01
   2.4944130e+06   2.7160645e+01
   2.4946070e+06   2.1423340e+01
   2.5017830e+06   3.4545898e+01
   2.5018300e+06   5.4077148e+01
   2.5018440e+06   1.9104004e+01
   2.5018630e+06   2.2827148e+01
   2.5018770e+06   2.8503418e+01
   2.5018990e+06   1.8859863e+01
   2.5019610e+06   2.1728516e+01
   2.5021340e+06   2.3010254e+01
   2.5021660e+06   1.6601562e+01
   2.5022260e+06   2.1484375e+01
   2.5022450e+06   1.8554688e+01
   2.5022840e+06   1.8005371e+01
   2.5109930e+06   1.8249512e+01
   2.5110120e+06   3.6010742e+01
   2.5110540e+06   4.7119141e+01
   2.5110930e+06   4.3701172e+01
   2.5111070e+06   2.4047852e+01
   2.5111290e+06   2.2827148e+01
   2.5111580e+06   2.3315430e+01
   2.5111810e+06   1.7272949e+01
   2.5112050e+06   1.7456055e+01
   2.5114090e+06   1.7700195e+01
   2.5114190e+06   2.1118164e+01
   2.5115460e+06   2.5756836e+01
   2.5117480e+06   1.7944336e+01
   2.5200330e+06   2.2949219e+01
   2.5200520e+06   3.4545898e+01
   2.5200650e+06   2.4475098e+01
   2.5200880e+06   4.0161133e+01
   2.5201050e+06   3.1188965e+01
   2.5201280e+06   2.3010254e+01
   2.5201700e+06   1.7639160e+01
   2.5203150e+06   1.8493652e+01
   2.5206330e+06   1.7578125e+01
   2.5206830e+06   1.7761230e+01
   2.5288160e+06   1.7578125e+01
   2.5288370e+06   2.6794434e+01
   2.5288590e+06   2.2216797e+01
   2.5288770e+06   4.1442871e+01
   2.5288930e+06   4.0649414e+01
   2.5289370e+06   2.2949219e+01
   2.5289730e+06   2.9235840e+01
   2.5290020e+06   1.7089844e+01
   2.5290680e+06   1.7333984e+01
   2.5291700e+06   2.6428223e+01
   2.5292880e+06   2.8503418e+01
   2.5294110e+06   1.8066406e+01
   2.5384380e+06   1.7089844e+01
   2.5384580e+06   3.1799316e+01
   2.5384960e+06   3.5827637e+01
   2.5385140e+06   4.6386719e+01
   2.5385390e+06   2.3437500e+01
   2.5385520e+06   3.0090332e+01
   2.5385780e+06   1.6845703e+01
   2.5385880e+06   2.7526855e+01
   2.5386200e+06   1.7089844e+01
   2.5387980e+06   1.7333984e+01
   2.5388620e+06   1.9348145e+01
   2.5389040e+06   1.7333984e+01
   2.5389570e+06   1.8798828e+01
   2.5390550e+06   1.7700195e+01
   2.5396830e+06   1.8127441e+01
   2.5495970e+06   3.9245605e+01
   2.5496070e+06   2.2338867e+01
   2.5496180e+06   2.9846191e+01
   2.5496330e+06   2.2460938e+01
   2.5496540e+06   3.3508301e+01
   2.5496680e+06   4.5043945e+01
   2.5496860e+06   2.5146484e+01
   2.5497080e+06   2.8381348e+01
   2.5497420e+06   2.4719238e+01
   2.5497680e+06   2.0507812e+01
   2.5498010e+06   1.6540527e+01
   2.5499030e+06   2.6550293e+01
   2.5500580e+06   1.7700195e+01
   2.5500900e+06   1.8981934e+01
   2.5501540e+06   2.4169922e+01
   2.5501980e+06   2.1240234e+01
   2.5593240e+06   1.8493652e+01
   2.5593370e+06   2.0385742e+01
   2.5593600e+06   2.9968262e+01
   2.5593900e+06   2.8686523e+01
   2.5594120e+06   3.1860352e+01
   2.5594330e+06   1.9592285e+01
   2.5594520e+06   3.3874512e+01
   2.5594750e+06   2.0935059e+01
   2.5595080e+06   2.5817871e+01
   2.5595430e+06   2.6733398e+01
   2.5595610e+06   1.7761230e+01
   2.5596410e+06   2.5817871e+01
   2.5597410e+06   1.9409180e+01
   2.5597850e+06   1.8432617e+01
   2.5598250e+06   1.6906738e+01
   2.5599480e+06   1.6967773e+01
   2.5765970e+06   2.4475098e+01
   2.5766150e+06   4.5043945e+01
   2.5766440e+06   2.0935059e+01
   2.5766560e+06   2.2338867e+01
   2.5766930e+06   5.1818848e+01
   2.5767380e+06   4.2114258e+01
   2.5767730e+06   1.8859863e+01
   2.5768010e+06   2.3010254e+01
   2.5768320e+06   1.7883301e+01
   2.5768650e+06   2.5085449e+01
   2.5768870e+06   1.8066406e+01
   2.5771120e+06   2.1911621e+01
   2.5772340e+06   1.8493652e+01
   2.5773060e+06   1.9104004e+01
   2.5773760e+06   1.7578125e+01
   2.8023450e+06   1.6540527e+01
   2.8494060e+06   1.6601562e+01
   2.8495810e+06   1.7822266e+01
   2.8524760e+06   1.6479492e+01
   2.8529870e+06   1.7578125e+01
   2.8701870e+06   1.8737793e+01
   2.8890510e+06   2.0568848e+01
   2.8890950e+06   2.1423340e+01
   2.8891460e+06   2.0080566e+01
   2.8892020e+06   3.4790039e+01
   2.8892280e+06   1.7700195e+01
   2.8892530e+06   3.5095215e+01
   2.8893460e+06   1.9714355e+01
   2.8894340e+06   3.5278320e+01
   2.8894580e+06   2.0812988e+01
   2.8895000e+06   2.5024414e+01
   2.8896990e+06   3.3386230e+01
   2.8897800e+06   1.8676758e+01
   2.9240280e+06   1.6967773e+01
   2.9310270e+06   1.7395020e+01
   2.9350210e+06   1.6540527e+01
   2.9350350e+06   3.6437988e+01
   2.9351780e+06   1.7395020e+01
   2.9352250e+06   4.4616699e+01
   2.9352800e+06   4.2358398e+01
   2.9353560e+06   3.0822754e+01
   2.9354230e+06   2.9479980e+01
   2.9354920e+06   2.7648926e+01
   2.9357320e+06   3.0700684e+01
   2.9358240e+06   3.6376953e+01
   2.9358910e+06   2.8930664e+01
   2.9359050e+06   1.8615723e+01
   2.9773180e+06   1.6845703e+01
   2.9818990e+06   3.2958984e+01
   2.9819250e+06   2.0019531e+01
   2.9819660e+06   4.0710449e+01
   2.9819840e+06   1.9226074e+01
   2.9820070e+06   2.0385742e+01
   2.9820630e+06   2.6550293e+01
   2.9821230e+06   3.9550781e+01
   2.9821820e+06   3.2531738e+01
   2.9822870e+06   2.6123047e+01
   2.9823140e+06   1.9714355e+01
   2.9823420e+06   1.9042969e+01
   2.9824290e+06   1.8920898e+01
   2.9824990e+06   3.0151367e+01
   2.9825430e+06   1.7211914e+01
   2.9826470e+06   2.5024414e+01
   2.9827800e+06   1.6906738e+01
   2.9828160e+06   2.4475098e+01
   3.0043260e+06   1.6845703e+01
   3.0065230e+06   1.7639160e+01
   3.0065790e+06   4.1015625e+01
   3.0066280e+06   2.2705078e+01
   3.0066600e+06   3.7841797e+01
   3.0066770e+06   2.5451660e+01
   3.0067200e+06   2.6611328e+01
   3.0068340e+06   2.6672363e+01
   3.0069700e+06   3.9062500e+01
   3.0071490e+06   2.5756836e+01
   3.0279890e+06   1.8554688e+01
   3.0280920e+06   1.9226074e+01
   3.0281100e+06   2.5268555e+01
   3.0281400e+06   4.2053223e+01
   3.0281520e+06   2.1728516e+01
   3.0281780e+06   2.1362305e+01
   3.0282360e+06   2.6062012e+01
   3.0282670e+06   3.8879395e+01
   3.0283010e+06   2.4658203e+01
   3.0283280e+06   1.7578125e+01
   3.0284230e+06   2.6367188e+01
   3.0285200e+06   3.1921387e+01
   3.0285970e+06   2.4536133e+01
   3.0287920e+06   3.1738281e+01
   3.0598500e+06   1.7211914e+01
   3.0599650e+06   4.4738770e+01
   3.0600090e+06   2.0568848e+01
   3.0600320e+06   2.6733398e+01
   3.0600530e+06   3.4606934e+01
   3.0600880e+06   2.5817871e+01
   3.0601080e+06   2.1484375e+01
   3.0601340e+06   2.3986816e+01
   3.0601570e+06   2.1911621e+01
   3.0602010e+06   3.0334473e+01
   3.0602810e+06   3.3447266e+01
   3.0603430e+06   2.8076172e+01
   3.0604340e+06   2.4780273e+01
   3.0605070e+06   2.9052734e+01
   3.0606320e+06   3.3813477e+01
   3.0619000e+06   1.7700195e+01
   3.0817160e+06   1.7578125e+01
   3.0817500e+06   1.8066406e+01
   3.0817610e+06   1.8371582e+01
   3.0817850e+06   2.8137207e+01
   3.0818020e+06   3.9001465e+01
   3.0818300e+06   2.5817871e+01
   3.0818430e+06   2.9235840e+01
   3.0819040e+06   6.2927246e+01
   3.0819910e+06   2.7832031e+01
   3.0820160e+06   2.0507812e+01
   3.0820580e+06   3.1433105e+01
   3.0821670e+06   3.4240723e+01
   3.0822490e+06   1.6540527e+01
   3.0823100e+06   3.1799316e+01
   3.1063000e+06   1.8920898e+01
   3.1063500e+06   1.6845703e+01
   3.1063940e+06   3.4179688e+01
   3.1064330e+06   4.5654297e+01
   3.1064450e+06   3.1677246e+01
   3.1064730e+06   4.3212891e+01
   3.1065280e+06   2.6916504e+01
   3.1065900e+06   1.8493652e+01
   3.1066110e+06   1.8554688e+01
   3.1066210e+06   1.9348145e+01
   3.1067070e+06   3.1311035e+01
   3.1067770e+06   2.2460938e+01
   3.1067910e+06   1.9226074e+01
   3.1068230e+06   1.6723633e+01
   3.1069240e+06   3.5217285e+01
   3.1290920e+06   1.8493652e+01
   3.1291780e+06   4.5654297e+01
   3.1292030e+06   1.9409180e+01
   3.1292230e+06   4.8950195e+01
   3.1292740e+06   1.8798828e+01
   3.1292870e+06   2.3376465e+01
   3.1293270e+06   3.4240723e+01
   3.1293460e+06   2.2521973e+01
   3.1293930e+06   1.9958496e+01
   3.1294560e+06   1.7517090e+01
   3.1295380e+06   2.6977539e+01
   3.1296070e+06   2.4841309e+01
   3.1297400e+06   1.7150879e+01
   3.1499570e+06   2.0385742e+01
   3.1499900e+06   2.3132324e+01
   3.1500380e+06   5.7739258e+01
   3.1500690e+06   2.8259277e+01
   3.1500870e+06   2.2216797e+01
   3.1500990e+06   4.5349121e+01
   3.1501320e+06   2.1423340e+01
   3.1501500e+06   2.9418945e+01
   3.1501780e+06   2.7160645e+01
   3.1501970e+06   3.0090332e+01
   3.1502250e+06   2.6123047e+01
   3.1502900e+06   2.0019531e+01
   3.1503210e+06   2.5512695e+01
   3.1503520e+06   2.7099609e+01
   3.1504260e+06   3.3569336e+01
   3.1506020e+06   2.6000977e+01
   3.1705150e+06   2.3986816e+01
   3.1705570e+06   2.7893066e+01
   3.1705880e+06   4.4860840e+01
   3.1706050e+06   2.7221680e+01
   3.1706220e+06   4.0954590e+01
   3.1706440e+06   1.8066406e+01
   3.1706780e+06   2.7465820e+01
   3.1706940e+06   2.0629883e+01
   3.1707190e+06   2.3803711e+01
   3.1707330e+06   2.2888184e+01
   3.1707500e+06   2.4414062e+01
   3.1707820e+06   2.2705078e+01
   3.1707960e+06   3.2592773e+01
   3.1708340e+06   2.0690918e+01
   3.1708930e+06   3.3935547e+01
   3.1709140e+06   3.5034180e+01
   3.1709830e+06   2.2277832e+01
   3.1897910e+06   2.1423340e+01
   3.1898270e+06   1.6723633e+01
   3.1898460e+06   1.9714355e+01
   3.1898740e+06   1.8554688e+01
   3.1898860e+06   3.6926270e+01
   3.1899130e+06   3.0273438e+01
   3.1899250e+06   3.5095215e+01
   3.1899530e+06   2.2338867e+01
   3.1899820e+06   2.7465820e+01
   3.1900070e+06   3.2897949e+01
   3.1900240e+06   2.4230957e+01
   3.1900560e+06   4.3273926e+01
   3.1900820e+06   2.5634766e+01
   3.1901050e+06   1.9531250e+01
   3.1901200e+06   3.7353516e+01
   3.1901620e+06   1.6540527e+01
   3.1902050e+06   1.9958496e+01
   3.1902770e+06   2.7038574e+01
   3.1903360e+06   2.7282715e+01
   3.1904010e+06   3.0151367e+01
   3.1905320e+06   2.4902344e+01
   3.1906400e+06   1.7211914e+01
   3.2081700e+06   1.8432617e+01
   3.2082230e+06   1.6906738e+01
   3.2082620e+06   3.3020020e+01
   3.2082890e+06   3.3325195e+01
   3.2083100e+06   3.9611816e+01
   3.2083410e+06   4.4494629e+01
   3.2083630e+06   2.5024414e+01
   3.2083810e+06   2.6672363e+01
   3.2083970e+06   2.0568848e+01
   3.2084160e+06   2.3559570e+01
   3.2084410e+06   2.9846191e+01
   3.2084730e+06   2.2094727e+01
   3.2084900e+06   3.1311035e+01
   3.2085070e+06   2.1545410e+01
   3.2085340e+06   2.5512695e+01
   3.2085550e+06   1.7517090e+01
   3.2085900e+06   2.0568848e+01
   3.2086090e+06   1.9714355e+01
   3.2086900e+06   4.1442871e+01
   3.2087010e+06   1.9287109e+01
   3.2088000e+06   2.9235840e+01
   3.2088140e+06   1.7456055e+01
   3.2088510e+06   1.6967773e+01
   3.2089680e+06   1.8920898e+01
   3.2219090e+06   2.3437500e+01
   3.2219540e+06   2.0202637e+01
   3.2219750e+06   3.8635254e+01
   3.2219890e+06   2.5756836e+01
   3.2220130e+06   4.3457031e+01
   3.2220280e+06   6.6284180e+01
   3.2220640e+06   4.2602539e+01
   3.2220880e+06   2.6123047e+01
   3.2221100e+06   2.2644043e+01
   3.2221200e+06   3.1738281e+01
   3.2221430e+06   2.4780273e+01
   3.2221530e+06   1.8615723e+01
   3.2222420e+06   2.1301270e+01
   3.2222970e+06   2.0324707e+01
   3.2223210e+06   1.9592285e+01
   3.2223740e+06   1.6601562e+01
   3.2224270e+06   1.6967773e+01
   3.2224480e+06   2.4963379e+01
   3.2224820e+06   1.8798828e+01
   3.2224940e+06   1.7395020e+01
   3.2225420e+06   1.9226074e+01
   3.2225660e+06   1.7395020e+01
   3.2225820e+06   1.7639160e+01
   3.2226870e+06   2.9113770e+01
   3.2228150e+06   1.6601562e+01
   3.2332380e+06   2.1301270e+01
   3.2332530e+06   1.6662598e+01
   3.2332830e+06   2.6000977e+01
   3.2333010e+06   2.0996094e+01
   3.2333260e+06   3.8330078e+01
   3.2333530e+06   3.7963867e+01
   3.2333660e+06   2.7954102e+01
   3.2333900e+06   4.8828125e+01
   3.2334280e+06   3.6193848e+01
   3.2334830e+06   1.7517090e+01
   3.2335210e+06   2.1545410e+01
   3.2336910e+06   1.9409180e+01
   3.2337250e+06   1.9348145e+01
   3.2337400e+06   1.8737793e+01
   3.2338460e+06   2.6245117e+01
   3.2339050e+06   2.6428223e+01
   3.2339930e+06   2.7343750e+01
   3.2340380e+06   1.8188477e+01
   3.2341260e+06   2.0568848e+01
   3.2341800e+06   2.3437500e+01
   3.2428430e+06   1.6967773e+01
   3.2428650e+06   2.6245117e+01
   3.2428930e+06   2.4169922e+01
   3.2429050e+06   2.3132324e+01
   3.2429220e+06   3.1860352e+01
   3.2429430e+06   2.8076172e+01
   3.2429640e+06   4.0649414e+01
   3.2429760e+06   3.6254883e+01
   3.2430020e+06   3.0395508e+01
   3.2430120e+06   2.1911621e+01
   3.2430580e+06   2.5512695e+01
   3.2431910e+06   1.7578125e+01
   3.2432420e+06   1.8127441e+01
   3.2432980e+06   1.8127441e+01
   3.2433470e+06   2.0446777e+01
   3.2433570e+06   3.0944824e+01
   3.2435100e+06   1.9409180e+01
   3.2435830e+06   2.1545410e+01
   3.2435930e+06   1.9287109e+01
   3.2436140e+06   1.9409180e+01
   3.2437410e+06   2.0263672e+01
   3.2535320e+06   1.9653320e+01
   3.2535630e+06   2.5146484e+01
   3.2535900e+06   2.7160645e+01
   3.2536110e+06   3.8269043e+01
   3.2536260e+06   3.7353516e+01
   3.2536570e+06   3.5827637e+01
   3.2536700e+06   2.1240234e+01
   3.2536820e+06   3.0273438e+01
   3.2537050e+06   2.6123047e+01
   3.2540310e+06   2.3559570e+01
   3.2540770e+06   1.8249512e+01
   3.2540960e+06   1.7150879e+01
   3.2541490e+06   2.0324707e+01
   3.2542140e+06   1.7333984e+01
   3.2542510e+06   1.6845703e+01
   3.2542770e+06   1.8676758e+01
   3.2543430e+06   1.8066406e+01
   3.2545100e+06   1.8676758e+01
   3.2654840e+06   2.1179199e+01
   3.2655050e+06   2.3803711e+01
   3.2655390e+06   3.4240723e+01
   3.2655560e+06   3.6437988e+01
   3.2655790e+06   2.2277832e+01
   3.2656060e+06   3.7414551e+01
   3.2656330e+06   2.0263672e+01
   3.2656470e+06   2.8015137e+01
   3.2659440e+06   2.1240234e+01
   3.2659980e+06   1.7944336e+01
   3.2660740e+06   1.6967773e+01
   3.2661760e+06   1.8798828e+01
   3.2662190e+06   1.8310547e+01
   3.2663230e+06   1.7700195e+01
   3.2739380e+06   1.6906738e+01
   3.2740260e+06   2.0629883e+01
   3.2740470e+06   3.9550781e+01
   3.2740610e+06   1.9287109e+01
   3.2740880e+06   3.4362793e+01
   3.2741060e+06   2.5939941e+01
   3.2741290e+06   1.6540527e+01
   3.2741500e+06   2.0568848e+01
   3.2741650e+06   2.5268555e+01
   3.2744440e+06   2.6672363e+01
   3.2745680e+06   2.0751953e+01
   3.2746560e+06   2.8320312e+01
   3.2747820e+06   1.7395020e+01
   3.2817670e+06   1.9775391e+01
   3.2818040e+06   2.4536133e+01
   3.2818270e+06   4.3457031e+01
   3.2818390e+06   1.8371582e+01
   3.2818660e+06   2.2521973e+01
   3.2819120e+06   2.7832031e+01
   3.2819440e+06   1.8493652e+01
   3.2824440e+06   1.6601562e+01
   3.2870000e+06   1.6784668e+01
   3.2871970e+06   1.8554688e+01
   3.2872650e+06   1.8493652e+01
   3.2873130e+06   2.3803711e+01
   3.2873640e+06   1.7395020e+01
   3.2873920e+06   1.6662598e+01
   3.2874070e+06   2.1728516e+01
   3.2874310e+06   4.0893555e+01
   3.2874470e+06   3.8391113e+01
   3.2874640e+06   2.4353027e+01
   3.2875210e+06   2.1362305e+01
   3.2926850e+06   2.0385742e+01
   3.2926950e+06   1.7395020e+01
   3.2927560e+06   2.7343750e+01
   3.2927940e+06   1.7395020e+01
   3.2928320e+06   2.8381348e+01
   3.2928540e+06   3.0517578e+01
   3.2928850e+06   2.4963379e+01
   3.2929010e+06   1.6479492e+01
   3.2929420e+06   1.7578125e+01
   3.2929580e+06   2.2827148e+01
   3.2969710e+06   1.8798828e+01
   3.2971860e+06   2.5695801e+01
   3.2973100e+06   3.4118652e+01
   3.2973380e+06   3.8146973e+01
   3.2973710e+06   3.0029297e+01
   3.2973970e+06   3.1005859e+01
   3.2974470e+06   2.6672363e+01
   3.3012410e+06   2.4047852e+01
   3.3012600e+06   1.8127441e+01
   3.3013210e+06   1.8737793e+01
   3.3013460e+06   2.5512695e+01
   3.3013730e+06   2.2216797e+01
   3.3013850e+06   2.8137207e+01
   3.3014210e+06   1.7272949e+01
   3.3014380e+06   1.7883301e+01
   3.3014730e+06   1.7761230e+01
   3.3015500e+06   1.8005371e+01
   3.3055990e+06   2.2521973e+01
   3.3056470e+06   1.8615723e+01
   3.3056900e+06   3.1616211e+01
   3.3057050e+06   3.4729004e+01
   3.3057280e+06   1.9592285e+01
   3.3057390e+06   2.3254395e+01
   3.3057600e+06   2.8076172e+01
   3.3057990e+06   1.9531250e+01
   3.3058180e+06   1.9714355e+01
   3.3058940e+06   1.6967773e+01
   3.3059100e+06   1.7211914e+01
   3.3089250e+06   2.0324707e+01
   3.3103330e+06   1.6723633e+01
   3.3103930e+06   1.8493652e+01
   3.3104030e+06   2.1972656e+01
   3.3104670e+06   2.8015137e+01
   3.3104830e+06   3.6804199e+01
   3.3105270e+06   2.3742676e+01
   3.3105420e+06   2.5512695e+01
   3.3105690e+06   2.0141602e+01
   3.3106040e+06   1.9042969e+01
   3.3106510e+06   1.9897461e+01
   3.3108550e+06   1.6967773e+01
   3.3109010e+06   2.0263672e+01
   3.3139420e+06   1.7089844e+01
   3.3144390e+06   1.6845703e+01
   3.3144610e+06   2.2399902e+01
   3.3145480e+06   1.6479492e+01
   3.3145830e+06   4.3945312e+01
   3.3146130e+06   2.7038574e+01
   3.3146380e+06   2.4291992e+01
   3.3147020e+06   2.1118164e+01
   3.3178660e+06   1.8371582e+01
   3.3180920e+06   2.0996094e+01
   3.3181240e+06   1.9042969e+01
   3.3181380e+06   1.7089844e+01
   3.3181510e+06   1.8371582e+01
   3.3181700e+06   2.6916504e+01
   3.3182120e+06   1.8737793e+01
   3.3182420e+06   1.6723633e+01
   3.3217100e+06   2.9907227e+01
   3.3218420e+06   1.7028809e+01
   3.3219120e+06   3.2714844e+01
   3.3219380e+06   2.0019531e+01
   3.3219640e+06   1.7211914e+01
   3.3219750e+06   2.4963379e+01
   3.3219960e+06   1.9226074e+01
   3.3220400e+06   2.0446777e+01
   3.3253730e+06   1.7639160e+01
   3.3255700e+06   3.0944824e+01
   3.3256200e+06   3.1921387e+01
   3.3256410e+06   4.5837402e+01
   3.3256710e+06   3.4790039e+01
   3.3256840e+06   1.9348145e+01
   3.3258640e+06   1.8066406e+01
   3.3293570e+06   2.0446777e+01
   3.3293940e+06   2.1972656e+01
   3.3294720e+06   3.5217285e+01
   3.3295220e+06   2.1362305e+01
   3.3295340e+06   1.7150879e+01
   3.3295540e+06   1.7395020e+01
   3.3295730e+06   2.4597168e+01
   3.3296090e+06   1.6662598e+01
   3.3330400e+06   2.0874023e+01
   3.3331130e+06   1.7150879e+01
   3.3332480e+06   2.3193359e+01
   3.3332710e+06   2.2766113e+01
   3.3332920e+06   3.5705566e+01
   3.3333030e+06   2.3803711e+01
   3.3333400e+06   4.2297363e+01
   3.3333890e+06   3.2409668e+01
   3.3334000e+06   1.9226074e+01
   3.3370690e+06   4.1870117e+01
   3.3370790e+06   2.0324707e+01
   3.3371090e+06   3.2226562e+01
   3.3371270e+06   2.3376465e+01
   3.3371540e+06   3.0944824e+01
   3.3372160e+06   2.5390625e+01
   3.3372260e+06   2.2766113e+01
   3.3373040e+06   1.8371582e+01
   3.3373670e+06   1.9042969e+01
   3.3408170e+06   1.8737793e+01
   3.3408520e+06   1.9348145e+01
   3.3409140e+06   1.7944336e+01
   3.3409900e+06   1.6906738e+01
   3.3410090e+06   5.1940918e+01
   3.3410790e+06   4.0222168e+01
   3.3445500e+06   3.6621094e+01
   3.3445850e+06   1.9409180e+01
   3.3446070e+06   4.6813965e+01
   3.3446360e+06   2.7404785e+01
   3.3483540e+06   1.6967773e+01
   3.3483690e+06   3.0212402e+01
   3.3484080e+06   2.2033691e+01
   3.3484260e+06   2.4230957e+01
   3.3484410e+06   2.8137207e+01
   3.3484830e+06   3.6743164e+01
   3.3485330e+06   1.8188477e+01
   3.3485470e+06   1.8188477e+01
   3.3518340e+06   1.6723633e+01
   3.3518710e+06   2.6733398e+01
   3.3519540e+06   1.6845703e+01
   3.3519820e+06   1.9348145e+01
   3.3520100e+06   4.8583984e+01
   3.3520260e+06   2.5695801e+01
   3.3520520e+06   1.7211914e+01
   3.3520650e+06   3.7780762e+01
   3.3521280e+06   3.8635254e+01
   3.3556190e+06   1.9714355e+01
   3.3556440e+06   3.9123535e+01
   3.3556870e+06   2.1362305e+01
   3.3556980e+06   1.7028809e+01
   3.3557360e+06   3.6193848e+01
   3.3557840e+06   3.5583496e+01
   3.3558280e+06   1.7578125e+01
   3.3595320e+06   4.0832520e+01
   3.3595610e+06   1.6723633e+01
   3.3596110e+06   3.8330078e+01
   3.3596540e+06   3.3996582e+01
   3.3596770e+06   1.7883301e+01
   3.3597120e+06   2.6428223e+01
   3.3597980e+06   1.7211914e+01
   3.3635450e+06   2.9846191e+01
   3.3635610e+06   1.7456055e+01
   3.3635880e+06   3.7109375e+01
   3.3636060e+06   2.2583008e+01
   3.3636180e+06   2.0080566e+01
   3.3636350e+06   2.2338867e+01
   3.3636730e+06   2.4902344e+01
   3.3637070e+06   1.9042969e+01
   3.3637480e+06   1.7272949e+01
   3.3640930e+06   1.8371582e+01
   3.3674060e+06   1.7211914e+01
   3.3674420e+06   2.3498535e+01
   3.3675330e+06   1.7761230e+01
   3.3676080e+06   1.8676758e+01
   3.3676800e+06   2.2277832e+01
   3.3710180e+06   1.9165039e+01
   3.3710610e+06   3.5156250e+01
   3.3710770e+06   2.4414062e+01
   3.3710990e+06   2.4414062e+01
   3.3711200e+06   1.9470215e+01
   3.3711380e+06   2.8381348e+01
   3.3711720e+06   1.7700195e+01
   3.3712050e+06   1.7578125e+01
   3.3753020e+06   3.0883789e+01
   3.3753250e+06   1.8615723e+01
   3.3753620e+06   4.1992188e+01
   3.3754110e+06   2.9907227e+01
   3.3754400e+06   1.8127441e+01
   3.3754630e+06   2.9357910e+01
   3.3754740e+06   2.0935059e+01
   3.3755400e+06   1.7639160e+01
   3.3799130e+06   1.6784668e+01
   3.3799470e+06   1.9592285e+01
   3.3799710e+06   2.3132324e+01
   3.3800040e+06   4.2053223e+01
   3.3800300e+06   3.2287598e+01
   3.3800750e+06   2.8808594e+01
   3.3801070e+06   2.3986816e+01
   3.3801460e+06   2.7648926e+01
   3.3849300e+06   1.6906738e+01
   3.3849550e+06   2.4902344e+01
   3.3850020e+06   2.3681641e+01
   3.3850160e+06   3.3447266e+01
   3.3850510e+06   5.1391602e+01
   3.3850780e+06   1.7761230e+01
   3.3851340e+06   2.1423340e+01
   3.3851730e+06   1.9104004e+01
   3.3899760e+06   1.6845703e+01
   3.3900030e+06   1.8127441e+01
   3.3900170e+06   2.7099609e+01
   3.3900340e+06   1.7150879e+01
   3.3900570e+06   2.6977539e+01
   3.3900680e+06   1.6967773e+01
   3.3900870e+06   2.0141602e+01
   3.3901170e+06   3.4667969e+01
   3.3901450e+06   1.7700195e+01
   3.3901560e+06   3.5644531e+01
   3.3902160e+06   2.7404785e+01
   3.3953200e+06   3.1005859e+01
   3.3953310e+06   1.7822266e+01
   3.3953600e+06   1.9897461e+01
   3.3953720e+06   2.4902344e+01
   3.3953930e+06   4.0222168e+01
   3.3954290e+06   2.8686523e+01
   3.3954680e+06   2.5756836e+01
   3.3955080e+06   2.1850586e+01
   3.3955360e+06   2.2521973e+01
   3.3957230e+06   1.8920898e+01
   3.4000870e+06   2.9479980e+01
   3.4001550e+06   2.7832031e+01
   3.4001990e+06   2.0446777e+01
   3.4002100e+06   3.7841797e+01
   3.4002430e+06   1.9348145e+01
   3.4002580e+06   2.2338867e+01
   3.4003000e+06   3.2165527e+01
   3.4003400e+06   2.0507812e+01
   3.4059840e+06   2.3010254e+01
   3.4060320e+06   3.0456543e+01
   3.4060430e+06   3.2836914e+01
   3.4060690e+06   4.1809082e+01
   3.4060850e+06   2.4963379e+01
   3.4061040e+06   2.4719238e+01
   3.4061600e+06   2.4414063e+01
   3.4061830e+06   2.2277832e+01
   3.4063300e+06   2.3071289e+01
   3.4121250e+06   1.9775391e+01
   3.4121400e+06   2.8991699e+01
   3.4121780e+06   2.5939941e+01
   3.4122020e+06   5.2185059e+01
   3.4122350e+06   1.8981934e+01
   3.4122480e+06   2.4963379e+01
   3.4122820e+06   2.2033691e+01
   3.4123180e+06   2.5024414e+01
   3.4123320e+06   2.8930664e+01
   3.4125540e+06   2.0141602e+01
   3.4184330e+06   2.4597168e+01
   3.4184500e+06   2.1606445e+01
   3.4184630e+06   1.7150879e+01
   3.4184950e+06   2.4536133e+01
   3.4185110e+06   2.8625488e+01
   3.4185390e+06   2.8015137e+01
   3.4185720e+06   1.9104004e+01
   3.4185950e+06   2.1728516e+01
   3.4186740e+06   2.4780273e+01
   3.4187200e+06   1.9409180e+01
   3.4188020e+06   1.6479492e+01
   3.4188760e+06   2.0629883e+01
   3.4248090e+06   2.7221680e+01
   3.4248210e+06   2.8076172e+01
   3.4248400e+06   2.1728516e+01
   3.4248670e+06   2.7282715e+01
   3.4248970e+06   3.0029297e+01
   3.4249100e+06   2.1301270e+01
   3.4249390e+06   2.8686523e+01
   3.4249950e+06   2.2827148e+01
   3.4250200e+06   1.8066406e+01
   3.4316080e+06   4.6813965e+01
   3.4316210e+06   1.6784668e+01
   3.4316460e+06   3.1494141e+01
   3.4316700e+06   3.5644531e+01
   3.4316920e+06   1.7517090e+01
   3.4317050e+06   3.9184570e+01
   3.4317450e+06   3.0456543e+01
   3.4317610e+06   2.3986816e+01
   3.4318010e+06   1.6784668e+01
   3.4318210e+06   1.7944336e+01
   3.4318490e+06   1.9470215e+01
   3.4318750e+06   1.8981934e+01
   3.4319270e+06   1.6784668e+01
   3.4321200e+06   1.7517090e+01
   3.4383140e+06   1.9348145e+01
   3.4383430e+06   2.7954102e+01
   3.4383580e+06   3.5583496e+01
   3.4383890e+06   2.8259277e+01
   3.4384030e+06   3.5156250e+01
   3.4384280e+06   2.4902344e+01
   3.4384470e+06   2.6489258e+01
   3.4384630e+06   2.5085449e+01
   3.4385230e+06   1.8859863e+01
   3.4385530e+06   2.5695801e+01
   3.4470690e+06   1.6845703e+01
   3.4470880e+06   2.2033691e+01
   3.4470990e+06   3.0456543e+01
   3.4471250e+06   3.0761719e+01
   3.4471420e+06   3.2287598e+01
   3.4471910e+06   3.0151367e+01
   3.4472220e+06   3.2897949e+01
   3.4472440e+06   1.9531250e+01
   3.4472850e+06   2.0446777e+01
   3.4473690e+06   2.2888184e+01
   3.4474490e+06   1.9531250e+01
   3.4475170e+06   1.9775391e+01
   3.4475800e+06   1.7150879e+01
   3.4476060e+06   1.6845703e+01
   3.4476530e+06   2.5451660e+01
   3.4476820e+06   1.7517090e+01
   3.4478600e+06   1.8737793e+01
   3.4562500e+06   2.9174805e+01
   3.4562620e+06   2.4536133e+01
   3.4562970e+06   4.5471191e+01
   3.4563170e+06   3.9184570e+01
   3.4563410e+06   1.8066406e+01
   3.4563530e+06   3.6071777e+01
   3.4563840e+06   2.8808594e+01
   3.4564180e+06   1.8798828e+01
   3.4567380e+06   1.9836426e+01
   3.4567580e+06   1.6906738e+01
   3.4568210e+06   1.8249512e+01
   3.4667030e+06   1.7517090e+01
   3.4667180e+06   2.5695801e+01
   3.4667360e+06   2.3559570e+01
   3.4667650e+06   1.9653320e+01
   3.4667840e+06   2.1606445e+01
   3.4667950e+06   2.5634766e+01
   3.4668060e+06   3.7109375e+01
   3.4668280e+06   2.0690918e+01
   3.4668420e+06   2.0751953e+01
   3.4668590e+06   2.0385742e+01
   3.4668910e+06   2.4719238e+01
   3.4669440e+06   1.7517090e+01
   3.4670260e+06   2.1240234e+01
   3.4670640e+06   1.8310547e+01
   3.4670790e+06   1.8615723e+01
   3.4671350e+06   1.9592285e+01
   3.4671770e+06   3.6621094e+01
   3.4672370e+06   2.8564453e+01
   3.4780670e+06   3.2287598e+01
   3.4780930e+06   2.1362305e+01
   3.4781080e+06   2.7648926e+01
   3.4781210e+06   2.8564453e+01
   3.4781470e+06   2.0263672e+01
   3.4781610e+06   3.4973145e+01
   3.4781890e+06   2.3742676e+01
   3.4782030e+06   1.8615723e+01
   3.4782460e+06   2.1484375e+01
   3.4782590e+06   1.8676758e+01
   3.4783950e+06   2.8198242e+01
   3.4784510e+06   1.7578125e+01
   3.4785030e+06   2.0874023e+01
   3.4785370e+06   3.2653809e+01
   3.4785800e+06   2.1911621e+01
   3.4786630e+06   1.8310547e+01
   3.4945560e+06   4.2724609e+01
   3.4945710e+06   2.3315430e+01
   3.4945840e+06   3.6437988e+01
   3.4946070e+06   2.2094727e+01
   3.4946320e+06   3.2470703e+01
   3.4946500e+06   3.4912109e+01
   3.4946840e+06   2.8442383e+01
   3.4947410e+06   1.7150879e+01
   3.4947720e+06   1.9165039e+01
   3.4948030e+06   2.3437500e+01
   3.4948350e+06   1.9531250e+01
   3.4949440e+06   3.0151367e+01
   3.4950080e+06   2.2583008e+01
   3.4950700e+06   2.4597168e+01
   3.4952370e+06   1.6662598e+01
   3.5268720e+06   3.7292480e+01
   3.5268830e+06   1.7089844e+01
   3.5269020e+06   3.4179688e+01
   3.5269180e+06   4.3945312e+01
   3.5269400e+06   2.7526855e+01
   3.5269680e+06   3.1188965e+01
   3.5269930e+06   2.6306152e+01
   3.5270380e+06   1.7578125e+01
   3.5270580e+06   3.9001465e+01
   3.5271030e+06   2.5573730e+01
   3.5271250e+06   2.2888184e+01
   3.5271390e+06   1.8859863e+01
   3.5272230e+06   1.8249512e+01
   3.5272490e+06   1.7456055e+01
   3.5273240e+06   2.0812988e+01
   3.7163860e+06   2.1606445e+01
   3.7501790e+06   1.7150879e+01
   3.8168470e+06   1.7639160e+01
   3.8423820e+06   1.7150879e+01
   3.8787710e+06   1.7333984e+01
   3.8788600e+06   1.6967773e+01
   3.8817070e+06   1.6967773e+01
   3.8822320e+06   1.8432617e+01
   3.8823310e+06   2.5451660e+01
   3.8824000e+06   4.3029785e+01
   3.8824580e+06   3.3630371e+01
   3.8824700e+06   2.1362305e+01
   3.8825210e+06   1.6662598e+01
   3.8825360e+06   3.0212402e+01
   3.8826800e+06   2.9357910e+01
   3.8828320e+06   3.1311035e+01
   3.8829370e+06   1.8310547e+01
   3.8830110e+06   3.0517578e+01
   3.9233910e+06   1.8188477e+01
   3.9254630e+06   1.8005371e+01
   3.9255280e+06   3.7170410e+01
   3.9255430e+06   2.0751953e+01
   3.9255640e+06   2.4780273e+01
   3.9256030e+06   3.6682129e+01
   3.9257220e+06   2.6550293e+01
   3.9257400e+06   2.0080566e+01
   3.9258340e+06   2.8747559e+01
   3.9259990e+06   2.8747559e+01
   3.9545550e+06   1.9409180e+01
   3.9545870e+06   1.6601562e+01
   3.9546100e+06   4.1381836e+01
   3.9546290e+06   2.3864746e+01
   3.9546460e+06   2.1118164e+01
   3.9546730e+06   3.5827637e+01
   3.9546900e+06   3.1616211e+01
   3.9547340e+06   3.8208008e+01
   3.9547500e+06   1.9958496e+01
   3.9548010e+06   1.8249512e+01
   3.9548250e+06   3.2958984e+01
   3.9548900e+06   3.2897949e+01
   3.9550510e+06   2.8259277e+01
   3.9551340e+06   2.9113770e+01
   3.9552320e+06   2.9174805e+01
   3.9861810e+06   1.8981934e+01
   3.9862400e+06   1.9836426e+01
   3.9862550e+06   4.1625977e+01
   3.9862790e+06   1.9531250e+01
   3.9863010e+06   6.0668945e+01
   3.9863450e+06   4.5043945e+01
   3.9864050e+06   3.1372070e+01
   3.9864480e+06   1.7211914e+01
   3.9865050e+06   2.8686523e+01
   3.9865620e+06   2.1362305e+01
   3.9865880e+06   3.1494141e+01
   3.9867090e+06   2.6855469e+01
   3.9868040e+06   2.9907227e+01
   4.0093980e+06   4.5227051e+01
   4.0094140e+06   1.9836426e+01
   4.0094380e+06   2.8869629e+01
   4.0094590e+06   2.2460938e+01
   4.0094720e+06   1.7028809e+01
   4.0095080e+06   3.2104492e+01
   4.0095450e+06   1.7700195e+01
   4.0095970e+06   2.7832031e+01
   4.0097230e+06   3.1555176e+01
   4.0098140e+06   3.1066895e+01
   4.0099210e+06   3.6560059e+01
   4.0307170e+06   1.8981934e+01
   4.0307470e+06   1.9165039e+01
   4.0307720e+06   4.8339844e+01
   4.0308120e+06   5.1513672e+01
   4.0308480e+06   3.5888672e+01
   4.0308980e+06   1.7272949e+01
   4.0309140e+06   2.5207520e+01
   4.0309690e+06   4.0039062e+01
   4.0310540e+06   1.7028809e+01
   4.0310760e+06   2.9479980e+01
   4.0314820e+06   1.8737793e+01
   4.0509560e+06   1.6479492e+01
   4.0509750e+06   3.4484863e+01
   4.0510060e+06   1.9042969e+01
   4.0510210e+06   3.8940430e+01
   4.0510430e+06   2.5146484e+01
   4.0510720e+06   3.9367676e+01
   4.0511260e+06   2.4047852e+01
   4.0511370e+06   2.8869629e+01
   4.0511550e+06   2.8503418e+01
   4.0512060e+06   1.7944336e+01
   4.0512320e+06   2.6855469e+01
   4.0513600e+06   3.1982422e+01
   4.0727070e+06   2.2644043e+01
   4.0728270e+06   1.8981934e+01
   4.0728450e+06   3.7963867e+01
   4.0728570e+06   3.5095215e+01
   4.0728910e+06   4.0344238e+01
   4.0729160e+06   4.2785645e+01
   4.0729360e+06   1.9897461e+01
   4.0729570e+06   1.9531250e+01
   4.0729720e+06   3.0212402e+01
   4.0730230e+06   2.0751953e+01
   4.0730500e+06   2.1606445e+01
   4.0731180e+06   1.7517090e+01
   4.0731370e+06   2.9541016e+01
   4.0927410e+06   1.7395020e+01
   4.0928050e+06   1.7028809e+01
   4.0928360e+06   3.2226562e+01
   4.0928850e+06   3.6865234e+01
   4.0929020e+06   4.8889160e+01
   4.0929380e+06   2.6062012e+01
   4.0929520e+06   2.4047852e+01
   4.0929670e+06   3.3630371e+01
   4.0930220e+06   2.1057129e+01
   4.0930850e+06   2.8503418e+01
   4.0931440e+06   2.9785156e+01
   4.0932330e+06   1.8920898e+01
   4.1081000e+06   1.8310547e+01
   4.1081400e+06   1.8554688e+01
   4.1081870e+06   1.9348145e+01
   4.1081980e+06   4.4921875e+01
   4.1082270e+06   1.9287109e+01
   4.1082380e+06   1.7822266e+01
   4.1082640e+06   3.9428711e+01
   4.1082800e+06   4.0039062e+01
   4.1083010e+06   3.5827637e+01
   4.1083240e+06   3.6804199e+01
   4.1083390e+06   1.6662598e+01
   4.1083530e+06   3.5888672e+01
   4.1083720e+06   2.4230957e+01
   4.1083990e+06   2.6306152e+01
   4.1084190e+06   1.6601562e+01
   4.1084890e+06   3.1494141e+01
   4.1085800e+06   2.4780273e+01
   4.1086230e+06   1.7578125e+01
   4.1254760e+06   2.1667480e+01
   4.1282680e+06   3.2897949e+01
   4.1282820e+06   1.8737793e+01
   4.1282990e+06   3.6499023e+01
   4.1283180e+06   2.2949219e+01
   4.1283460e+06   5.1147461e+01
   4.1283930e+06   3.5278320e+01
   4.1284070e+06   2.8930664e+01
   4.1284350e+06   3.8818359e+01
   4.1284460e+06   3.0334473e+01
   4.1284800e+06   2.9785156e+01
   4.1285110e+06   2.7832031e+01
   4.1285640e+06   2.1179199e+01
   4.1286100e+06   1.7578125e+01
   4.1286760e+06   2.5146484e+01
   4.1290250e+06   1.6540527e+01
   4.1396660e+06   3.8574219e+01
   4.1396790e+06   2.7038574e+01
   4.1397130e+06   3.9306641e+01
   4.1397450e+06   2.0202637e+01
   4.1397570e+06   4.4921875e+01
   4.1397730e+06   1.7456055e+01
   4.1398010e+06   3.1250000e+01
   4.1398230e+06   2.0446777e+01
   4.1398400e+06   2.5939941e+01
   4.1398640e+06   1.9470215e+01
   4.1398820e+06   2.9541016e+01
   4.1399140e+06   2.5329590e+01
   4.1399450e+06   2.8137207e+01
   4.1399840e+06   1.9409180e+01
   4.1400250e+06   2.6306152e+01
   4.1401670e+06   2.8381348e+01
   4.1535340e+06   1.7700195e+01
   4.1535860e+06   2.3254395e+01
   4.1536170e+06   6.2438965e+01
   4.1536580e+06   5.0048828e+01
   4.1536750e+06   3.3386230e+01
   4.1536870e+06   2.0996094e+01
   4.1537140e+06   1.9470215e+01
   4.1537390e+06   3.4729004e+01
   4.1537730e+06   2.8137207e+01
   4.1538000e+06   3.1005859e+01
   4.1538130e+06   2.1423340e+01
   4.1538430e+06   2.2216797e+01
   4.1538870e+06   2.4414062e+01
   4.1538990e+06   4.6203613e+01
   4.1539100e+06   1.9531250e+01
   4.1539500e+06   2.2399902e+01
   4.1539890e+06   3.0395508e+01
   4.1540070e+06   2.4230957e+01
   4.1540400e+06   1.7883301e+01
   4.1540680e+06   1.6967773e+01
   4.1541160e+06   2.3864746e+01
   4.1649110e+06   1.8127441e+01
   4.1649250e+06   3.0273438e+01
   4.1649490e+06   2.3315430e+01
   4.1649770e+06   5.4748535e+01
   4.1650030e+06   3.5278320e+01
   4.1650160e+06   4.0893555e+01
   4.1650380e+06   3.0639648e+01
   4.1650500e+06   2.7587891e+01
   4.1650750e+06   1.8920898e+01
   4.1650960e+06   2.0385742e+01
   4.1651190e+06   1.7883301e+01
   4.1651380e+06   2.7832031e+01
   4.1651630e+06   2.7038574e+01
   4.1651970e+06   2.6000977e+01
   4.1652120e+06   3.2104492e+01
   4.1652350e+06   2.0629883e+01
   4.1652770e+06   3.1127930e+01
   4.1653070e+06   2.9357910e+01
   4.1653630e+06   1.8188477e+01
   4.1654190e+06   2.0080566e+01
   4.1654390e+06   2.4658203e+01
   4.1655000e+06   2.2827148e+01
   4.1655540e+06   1.7028809e+01
   4.1656540e+06   2.2033691e+01
   4.1761390e+06   1.7272949e+01
   4.1761870e+06   3.9367676e+01
   4.1762090e+06   3.7292480e+01
   4.1762500e+06   4.3273926e+01
   4.1762880e+06   3.1433105e+01
   4.1763200e+06   2.0751953e+01
   4.1763370e+06   1.9042969e+01
   4.1763560e+06   1.6784668e+01
   4.1764030e+06   1.7456055e+01
   4.1764440e+06   1.7272949e+01
   4.1764790e+06   2.4291992e+01
   4.1765470e+06   2.7832031e+01
   4.1766010e+06   2.3742676e+01
   4.1766340e+06   2.1179199e+01
   4.1766450e+06   2.1301270e+01
   4.1767260e+06   1.8188477e+01
   4.1767560e+06   2.2888184e+01
   4.1767670e+06   1.7639160e+01
   4.1768180e+06   1.9409180e+01
   4.1768480e+06   2.1240234e+01
   4.1769060e+06   2.0202637e+01
   4.1769760e+06   1.7395020e+01
   4.1856640e+06   1.6967773e+01
   4.1856760e+06   1.9775391e+01
   4.1857140e+06   4.4372559e+01
   4.1857470e+06   2.3620605e+01
   4.1857570e+06   4.5288086e+01
   4.1857820e+06   2.2094727e+01
   4.1857930e+06   3.0578613e+01
   4.1858470e+06   1.9104004e+01
   4.1860050e+06   1.6662598e+01
   4.1860360e+06   2.4169922e+01
   4.1860750e+06   1.8981934e+01
   4.1861190e+06   1.7028809e+01
   4.1861640e+06   1.7883301e+01
   4.1862110e+06   1.7150879e+01
   4.1862260e+06   1.7272949e+01
   4.1863060e+06   2.7099609e+01
   4.1863480e+06   2.1911621e+01
   4.1863780e+06   1.8920898e+01
   4.1864130e+06   1.8005371e+01
   4.1864410e+06   2.5329590e+01
   4.1865270e+06   1.9958496e+01
   4.1984860e+06   1.7578125e+01
   4.1985000e+06   2.2705078e+01
   4.1985170e+06   2.0385742e+01
   4.1985310e+06   3.7475586e+01
   4.1985510e+06   5.4077148e+01
   4.1985620e+06   2.5268555e+01
   4.1985860e+06   4.4555664e+01
   4.1986170e+06   3.4301758e+01
   4.1986380e+06   2.3132324e+01
   4.1986500e+06   3.2836914e+01
   4.1987040e+06   1.8920898e+01
   4.1988750e+06   1.7395020e+01
   4.1989300e+06   1.8981934e+01
   4.1989610e+06   1.9287109e+01
   4.1990510e+06   1.6540527e+01
   4.1990760e+06   1.6662598e+01
   4.1991000e+06   1.6601562e+01
   4.1991620e+06   1.7150879e+01
   4.1992810e+06   2.3498535e+01
   4.1993680e+06   3.1433105e+01
   4.2106040e+06   2.7770996e+01
   4.2106240e+06   2.2338867e+01
   4.2106620e+06   4.1442871e+01
   4.2106730e+06   1.6845703e+01
   4.2106880e+06   2.6550293e+01
   4.2107070e+06   2.3742676e+01
   4.2107310e+06   2.5878906e+01
   4.2107670e+06   2.7770996e+01
   4.2107980e+06   2.0141602e+01
   4.2109020e+06   1.9165039e+01
   4.2110150e+06   1.9042969e+01
   4.2111510e+06   1.9226074e+01
   4.2112000e+06   2.1911621e+01
   4.2113090e+06   2.2155762e+01
   4.2113630e+06   1.9531250e+01
   4.2114010e+06   2.0751953e+01
   4.2114790e+06   2.3498535e+01
   4.2115550e+06   1.6662598e+01
   4.2208850e+06   2.0874023e+01
   4.2210030e+06   2.4353027e+01
   4.2210360e+06   1.6540527e+01
   4.2210480e+06   2.6184082e+01
   4.2210680e+06   5.0781250e+01
   4.2211040e+06   2.8015137e+01
   4.2211370e+06   1.6601562e+01
   4.2211770e+06   1.9226074e+01
   4.2213570e+06   1.7639160e+01
   4.2214520e+06   1.8554688e+01
   4.2215440e+06   1.9531250e+01
   4.2215690e+06   1.8249512e+01
   4.2216100e+06   1.6723633e+01
   4.2216340e+06   2.3254395e+01
   4.2217090e+06   1.7456055e+01
   4.2307870e+06   3.0029297e+01
   4.2308600e+06   2.6123047e+01
   4.2308920e+06   3.8146973e+01
   4.2309110e+06   2.6977539e+01
   4.2309470e+06   3.4179688e+01
   4.2309920e+06   1.8493652e+01
   4.2310050e+06   1.9897461e+01
   4.2310450e+06   1.7883301e+01
   4.2312630e+06   1.6662598e+01
   4.2313730e+06   2.2216797e+01
   4.2314330e+06   2.9357910e+01
   4.2314440e+06   1.7578125e+01
   4.2315200e+06   2.4108887e+01
   4.2316050e+06   1.9348145e+01
   4.2316360e+06   1.7517090e+01
   4.2387180e+06   2.9663086e+01
   4.2387370e+06   2.4047852e+01
   4.2387680e+06   2.2094727e+01
   4.2387820e+06   4.0344238e+01
   4.2388050e+06   3.4179688e+01
   4.2388290e+06   3.1311035e+01
   4.2388470e+06   2.1911621e+01
   4.2388670e+06   2.1911621e+01
   4.2389150e+06   1.9348145e+01
   4.2391450e+06   1.9531250e+01
   4.2392130e+06   2.1972656e+01
   4.2392490e+06   1.8920898e+01
   4.2393120e+06   2.1179199e+01
   4.2393260e+06   1.8432617e+01
   4.2393910e+06   2.1301270e+01
   4.2440700e+06   1.7150879e+01
   4.2446550e+06   1.8859863e+01
   4.2446730e+06   1.9592285e+01
   4.2446940e+06   1.6967773e+01
   4.2447250e+06   4.7851562e+01
   4.2447670e+06   3.2348633e+01
   4.2447830e+06   1.6601562e+01
   4.2448410e+06   1.9409180e+01
   4.2448770e+06   1.9042969e+01
   4.2500660e+06   3.7170410e+01
   4.2501130e+06   1.7761230e+01
   4.2501430e+06   2.6489258e+01
   4.2501590e+06   3.1677246e+01
   4.2501790e+06   1.9104004e+01
   4.2501960e+06   2.7099609e+01
   4.2502140e+06   1.7333984e+01
   4.2502400e+06   1.6906738e+01
   4.2505410e+06   1.8798828e+01
   4.2506050e+06   1.6662598e+01
   4.2552450e+06   2.4963379e+01
   4.2552840e+06   2.4414062e+01
   4.2553170e+06   2.6367188e+01
   4.2553450e+06   3.4240723e+01
   4.2553810e+06   1.6662598e+01
   4.2555680e+06   1.7089844e+01
   4.2557340e+06   1.8432617e+01
   4.2591830e+06   1.7089844e+01
   4.2594060e+06   3.0517578e+01
   4.2594530e+06   3.4057617e+01
   4.2594810e+06   2.9602051e+01
   4.2595070e+06   2.8625488e+01
   4.2595180e+06   2.0507812e+01
   4.2595570e+06   2.7404785e+01
   4.2595690e+06   2.3986816e+01
   4.2595970e+06   1.6601562e+01
   4.2632980e+06   2.0507812e+01
   4.2634420e+06   1.8554688e+01
   4.2634680e+06   4.4128418e+01
   4.2635110e+06   2.2888184e+01
   4.2635580e+06   2.7343750e+01
   4.2636320e+06   1.7700195e+01
   4.2672950e+06   1.9958496e+01
   4.2674430e+06   1.7456055e+01
   4.2674680e+06   2.3925781e+01
   4.2674790e+06   2.6245117e+01
   4.2675060e+06   3.2653809e+01
   4.2675320e+06   1.6540527e+01
   4.2675440e+06   2.3254395e+01
   4.2675940e+06   2.2705078e+01
   4.2676100e+06   2.1911621e+01
   4.2676710e+06   1.7456055e+01
   4.2676930e+06   2.1240234e+01
   4.2713290e+06   2.0080566e+01
   4.2714770e+06   2.7343750e+01
   4.2715050e+06   1.6906738e+01
   4.2715180e+06   5.1818848e+01
   4.2715700e+06   1.8859863e+01
   4.2716320e+06   1.8371582e+01
   4.2754360e+06   1.6479492e+01
   4.2754760e+06   1.8249512e+01
   4.2755100e+06   2.5573730e+01
   4.2755480e+06   2.1667480e+01
   4.2755690e+06   2.6916504e+01
   4.2755820e+06   2.7893066e+01
   4.2756330e+06   1.8493652e+01
   4.2756840e+06   1.6845703e+01
   4.2791940e+06   2.3681641e+01
   4.2792250e+06   1.8737793e+01
   4.2792500e+06   2.6306152e+01
   4.2792710e+06   2.4536133e+01
   4.2792970e+06   2.8564453e+01
   4.2793130e+06   2.2277832e+01
   4.2793370e+06   1.7089844e+01
   4.2793820e+06   1.8127441e+01
   4.2832340e+06   1.9470215e+01
   4.2832630e+06   1.7944336e+01
   4.2832790e+06   1.9042969e+01
   4.2833060e+06   2.0690918e+01
   4.2833350e+06   4.5654297e+01
   4.2833470e+06   1.6723633e+01
   4.2833600e+06   2.0141602e+01
   4.2833860e+06   2.7526855e+01
   4.2834110e+06   1.7333984e+01
   4.2834310e+06   1.6601562e+01
   4.2834660e+06   2.2094727e+01
   4.2835220e+06   1.7395020e+01
   4.2871480e+06   2.0812988e+01
   4.2871690e+06   2.0996094e+01
   4.2872320e+06   3.2287598e+01
   4.2872510e+06   1.6967773e+01
   4.2872830e+06   4.6264648e+01
   4.2873310e+06   1.8432617e+01
   4.2873560e+06   2.2155762e+01
   4.2873920e+06   2.2521973e+01
   4.2908850e+06   2.3254395e+01
   4.2909680e+06   3.8940430e+01
   4.2909900e+06   2.0141602e+01
   4.2910020e+06   2.1301270e+01
   4.2910250e+06   3.7536621e+01
   4.2910590e+06   2.3559570e+01
   4.2910720e+06   2.4414062e+01
   4.2913110e+06   1.7089844e+01
   4.2950560e+06   3.9367676e+01
   4.2950730e+06   1.9104004e+01
   4.2951160e+06   3.7048340e+01
   4.2951750e+06   1.7395020e+01
   4.2951970e+06   1.9104004e+01
   4.2952400e+06   2.1118164e+01
   4.2952720e+06   1.7761230e+01
   4.2952950e+06   1.7150879e+01
   4.2989570e+06   2.2949219e+01
   4.2990570e+06   2.7282715e+01
   4.2990820e+06   1.8066406e+01
   4.2991060e+06   3.1066895e+01
   4.2991300e+06   3.2409668e+01
   4.2991510e+06   1.9287109e+01
   4.2991990e+06   2.1301270e+01
   4.2992730e+06   2.0690918e+01
   4.3032450e+06   1.7883301e+01
   4.3033140e+06   1.7211914e+01
   4.3033500e+06   2.0446777e+01
   4.3033780e+06   3.9245605e+01
   4.3034140e+06   2.7343750e+01
   4.3034310e+06   3.2958984e+01
   4.3034560e+06   1.8859863e+01
   4.3034720e+06   3.2958984e+01
   4.3072350e+06   1.8310547e+01
   4.3072600e+06   1.9531250e+01
   4.3073300e+06   4.9804688e+01
   4.3073460e+06   1.7395020e+01
   4.3073810e+06   3.2043457e+01
   4.3073970e+06   2.4169922e+01
   4.3074290e+06   2.4353027e+01
   4.3074730e+06   1.7150879e+01
   4.3114330e+06   2.2521973e+01
   4.3114500e+06   1.6662598e+01
   4.3114800e+06   1.8615723e+01
   4.3115140e+06   4.4616699e+01
   4.3115410e+06   3.4973145e+01
   4.3115680e+06   3.2165527e+01
   4.3115900e+06   1.9226074e+01
   4.3116220e+06   1.8005371e+01
   4.3116430e+06   2.1850586e+01
   4.3117000e+06   1.7700195e+01
   4.3120930e+06   1.6662598e+01
   4.3156760e+06   1.9348145e+01
   4.3157250e+06   3.6010742e+01
   4.3157390e+06   2.2033691e+01
   4.3157910e+06   4.4677734e+01
   4.3158020e+06   2.5573730e+01
   4.3158300e+06   3.2897949e+01
   4.3158580e+06   2.2155762e+01
   4.3158870e+06   2.4780273e+01
   4.3159370e+06   1.8737793e+01
   4.3201330e+06   2.5634766e+01
   4.3201800e+06   3.3691406e+01
   4.3202080e+06   3.8208008e+01
   4.3202270e+06   2.6123047e+01
   4.3202730e+06   2.7526855e+01
   4.3203160e+06   2.2155762e+01
   4.3203420e+06   1.8554688e+01
   4.3204080e+06   2.2949219e+01
   4.3247450e+06   1.8676758e+01
   4.3247720e+06   2.8991699e+01
   4.3247870e+06   2.0629883e+01
   4.3248040e+06   2.0812988e+01
   4.3248240e+06   3.2714844e+01
   4.3248370e+06   1.7700195e+01
   4.3248470e+06   2.0629883e+01
   4.3248630e+06   1.9958496e+01
   4.3248800e+06   1.9165039e+01
   4.3249460e+06   2.4658203e+01
   4.3250480e+06   1.8493652e+01
   4.3291590e+06   1.7150879e+01
   4.3291740e+06   2.5878906e+01
   4.3291980e+06   2.4963379e+01
   4.3292150e+06   2.0202637e+01
   4.3292560e+06   3.0883789e+01
   4.3292760e+06   2.9785156e+01
   4.3293050e+06   3.3508301e+01
   4.3293400e+06   2.0751953e+01
   4.3342930e+06   3.5339355e+01
   4.3343160e+06   2.5451660e+01
   4.3343320e+06   3.7292480e+01
   4.3343670e+06   3.4729004e+01
   4.3343940e+06   1.9897461e+01
   4.3344430e+06   1.6723633e+01
   4.3344680e+06   1.7333984e+01
   4.3345420e+06   2.0446777e+01
   4.3397760e+06   3.0029297e+01
   4.3398180e+06   3.9306641e+01
   4.3398280e+06   1.8188477e+01
   4.3398520e+06   2.0141602e+01
   4.3398900e+06   2.6672363e+01
   4.3399270e+06   2.1240234e+01
   4.3399610e+06   2.5085449e+01
   4.3401880e+06   1.9226074e+01
   4.3448090e+06   2.9296875e+01
   4.3448640e+06   3.4240723e+01
   4.3448800e+06   2.0935059e+01
   4.3449010e+06   2.9113770e+01
   4.3449210e+06   1.9409180e+01
   4.3449410e+06   2.0751953e+01
   4.3449680e+06   2.7099609e+01
   4.3449930e+06   1.7211914e+01
   4.3450370e+06   1.6479492e+01
   4.3500640e+06   1.7272949e+01
   4.3500760e+06   2.3986816e+01
   4.3501280e+06   2.6184082e+01
   4.3501400e+06   4.6020508e+01
   4.3501790e+06   5.1574707e+01
   4.3502110e+06   2.1606445e+01
   4.3502320e+06   2.2277832e+01
   4.3502800e+06   1.9531250e+01
   4.3504850e+06   1.8188477e+01
   4.3561790e+06   2.4841309e+01
   4.3561980e+06   2.1667480e+01
   4.3562150e+06   3.4606934e+01
   4.3562480e+06   2.5634766e+01
   4.3562830e+06   1.7517090e+01
   4.3563150e+06   2.0446777e+01
   4.3620400e+06   1.6906738e+01
   4.3620680e+06   3.7902832e+01
   4.3620860e+06   2.0263672e+01
   4.3621190e+06   6.1950684e+01
   4.3621650e+06   2.5878906e+01
   4.3622000e+06   2.0751953e+01
   4.3622460e+06   2.2155762e+01
   4.3622780e+06   1.6967773e+01
   4.3679020e+06   3.9001465e+01
   4.3679190e+06   2.1972656e+01
   4.3679480e+06   4.7912598e+01
   4.3679670e+06   1.7395020e+01
   4.3679910e+06   2.6611328e+01
   4.3680220e+06   2.1484375e+01
   4.3680660e+06   1.9165039e+01
   4.3740190e+06   4.0954590e+01
   4.3740400e+06   2.1118164e+01
   4.3740600e+06   2.1301270e+01
   4.3740800e+06   3.4484863e+01
   4.3741170e+06   3.7353516e+01
   4.3741590e+06   2.3925781e+01
   4.3741960e+06   1.8066406e+01
   4.3742600e+06   2.6550293e+01
   4.3801560e+06   1.8127441e+01
   4.3801740e+06   3.7963867e+01
   4.3802090e+06   1.7333984e+01
   4.3802200e+06   2.0202637e+01
   4.3802400e+06   4.5593262e+01
   4.3802760e+06   2.8137207e+01
   4.3802980e+06   1.8188477e+01
   4.3803200e+06   3.3569336e+01
   4.3803600e+06   2.0996094e+01
   4.3804990e+06   1.7089844e+01
   4.3806160e+06   1.7700195e+01
   4.3809940e+06   1.6662598e+01
   4.3874250e+06   1.9592285e+01
   4.3874420e+06   1.8798828e+01
   4.3874600e+06   1.6662598e+01
   4.3874790e+06   4.0344238e+01
   4.3875180e+06   2.8686523e+01
   4.3875510e+06   2.9174805e+01
   4.3875820e+06   1.8005371e+01
   4.3876530e+06   3.5217285e+01
   4.3879020e+06   1.9287109e+01
   4.3881780e+06   1.6967773e+01
   4.3949260e+06   2.8015137e+01
   4.3949500e+06   2.5329590e+01
   4.3949710e+06   2.2033691e+01
   4.3949860e+06   5.3344727e+01
   4.3950220e+06   2.9663086e+01
   4.3950570e+06   2.4719238e+01
   4.3950990e+06   1.9592285e+01
   4.3951400e+06   2.7282715e+01
   4.3951880e+06   1.9836426e+01
   4.3952760e+06   1.8859863e+01
   4.4037200e+06   4.0466309e+01
   4.4037670e+06   4.2236328e+01
   4.4038030e+06   3.6743164e+01
   4.4038260e+06   2.0202637e+01
   4.4038390e+06   2.7893066e+01
   4.4038860e+06   1.7150879e+01
   4.4038980e+06   1.7333984e+01
   4.4039990e+06   3.4240723e+01
   4.4040350e+06   1.6967773e+01
   4.4040850e+06   1.9042969e+01
   4.4041410e+06   1.6845703e+01
   4.4043050e+06   1.7578125e+01
   4.4044310e+06   1.9653320e+01
   4.4140420e+06   2.3986816e+01
   4.4140610e+06   3.1921387e+01
   4.4140800e+06   2.7221680e+01
   4.4141130e+06   4.1320801e+01
   4.4141440e+06   3.8146973e+01
   4.4141810e+06   3.4118652e+01
   4.4142060e+06   2.0751953e+01
   4.4142420e+06   1.8981934e+01
   4.4142620e+06   2.3864746e+01
   4.4143260e+06   2.1423340e+01
   4.4144480e+06   2.1911621e+01
   4.4145090e+06   1.7089844e+01
   4.4145840e+06   2.0812988e+01
   4.4146530e+06   2.7709961e+01
   4.4146990e+06   1.9775391e+01
   4.4398010e+06   1.7150879e+01
   4.4398160e+06   1.7822266e+01
   4.4398450e+06   3.1188965e+01
   4.4398660e+06   2.7648926e+01
   4.4398890e+06   3.3447266e+01
   4.4399220e+06   2.3681641e+01
   4.4399370e+06   5.4443359e+01
   4.4399750e+06   2.3559570e+01
   4.4399930e+06   2.4353027e+01
   4.4400100e+06   2.0874023e+01
   4.4400320e+06   1.7395020e+01
   4.4400500e+06   1.8249512e+01
   4.4401040e+06   3.8391113e+01
   4.4401320e+06   2.2033691e+01
   4.4402180e+06   1.8005371e+01
   4.4402500e+06   1.7089844e+01
   4.4403360e+06   1.8371582e+01
   4.4404020e+06   2.4536133e+01
   4.4404850e+06   3.4851074e+01
   4.4405400e+06   1.8066406e+01
   4.4729430e+06   1.8676758e+01
   4.4729880e+06   1.9836426e+01
   4.4730250e+06   2.6611328e+01
   4.4730400e+06   1.9836426e+01
   4.4730800e+06   2.1972656e+01
   4.4731080e+06   1.7333984e+01
   4.4731260e+06   1.6479492e+01
   4.4731690e+06   1.7883301e+01
   4.4731880e+06   2.0751953e+01
   4.4732110e+06   2.3193359e+01
   4.4732750e+06   2.3010254e+01
   4.4732940e+06   1.6662598e+01
   4.4733110e+06   1.9287109e+01
   4.4734240e+06   1.7822266e+01
   4.6315620e+06   1.7150879e+01
   4.7859330e+06   2.0446777e+01
   4.7859870e+06   2.2338867e+01
   4.7860300e+06   1.8249512e+01
   4.7860800e+06   1.9348145e+01
   4.8000610e+06   1.7639160e+01
   4.8063340e+06   1.6540527e+01
   4.8401280e+06   1.6662598e+01
   4.8600970e+06   1.6601562e+01
   4.9120200e+06   1.6906738e+01
   4.9480960e+06   1.8005371e+01
   4.9502570e+06   1.9165039e+01
   4.9503690e+06   1.7272949e+01
   4.9505400e+06   2.3254395e+01
   4.9506440e+06   3.1860352e+01
   4.9507150e+06   4.3395996e+01
   4.9507270e+06   2.7099609e+01
   4.9507430e+06   2.3132324e+01
   4.9507630e+06   2.2399902e+01
   4.9508110e+06   1.6845703e+01
   4.9508720e+06   3.3569336e+01
   4.9633850e+06   4.2419434e+01
   4.9634000e+06   1.6479492e+01
   4.9634420e+06   2.4780273e+01
   4.9634810e+06   1.7639160e+01
   4.9634950e+06   4.0954590e+01
   4.9635650e+06   3.0090332e+01
   4.9636830e+06   3.0822754e+01
   4.9637490e+06   3.2958984e+01
   4.9639420e+06   3.3325195e+01
   4.9895220e+06   1.7761230e+01
   4.9896390e+06   1.7700195e+01
   4.9897280e+06   3.0517578e+01
   4.9897580e+06   2.2216797e+01
   4.9897840e+06   4.3701172e+01
   4.9898200e+06   2.6306152e+01
   4.9898640e+06   1.6540527e+01
   4.9898800e+06   3.3935547e+01
   4.9899490e+06   3.3386230e+01
   4.9900030e+06   2.4841309e+01
   4.9900840e+06   2.8381348e+01
   4.9902310e+06   1.6845703e+01
   5.0069480e+06   3.1982422e+01
   5.0069680e+06   2.4291992e+01
   5.0069980e+06   6.3964844e+01
   5.0070150e+06   2.8564453e+01
   5.0070740e+06   2.6184082e+01
   5.0071130e+06   1.9165039e+01
   5.0071430e+06   3.5827637e+01
   5.0072500e+06   3.1616211e+01
   5.0073670e+06   3.5461426e+01
   5.0077290e+06   1.9042969e+01
   5.0169660e+06   2.8747559e+01
   5.0170010e+06   2.2949219e+01
   5.0170270e+06   2.9968262e+01
   5.0170470e+06   2.3559570e+01
   5.0170720e+06   4.6691895e+01
   5.0171000e+06   2.4169922e+01
   5.0171440e+06   2.8137207e+01
   5.0172330e+06   3.0212402e+01
   5.0172890e+06   1.9042969e+01
   5.0173060e+06   2.4719238e+01
   5.0174110e+06   2.3193359e+01
   5.0425700e+06   1.9226074e+01
   5.0426260e+06   1.8676758e+01
   5.0427390e+06   5.2246094e+01
   5.0427800e+06   2.9724121e+01
   5.0427940e+06   3.9123535e+01
   5.0428390e+06   2.8320312e+01
   5.0428550e+06   1.9226074e+01
   5.0429070e+06   2.8808594e+01
   5.0429680e+06   3.1494141e+01
   5.0430630e+06   3.0029297e+01
   5.0610840e+06   1.6540527e+01
   5.0611760e+06   2.9602051e+01
   5.0611970e+06   1.7395020e+01
   5.0612110e+06   3.9306641e+01
   5.0612420e+06   2.0263672e+01
   5.0612650e+06   2.9663086e+01
   5.0613090e+06   4.3579102e+01
   5.0613250e+06   3.9550781e+01
   5.0613420e+06   1.7395020e+01
   5.0613770e+06   2.5024414e+01
   5.0614180e+06   2.8686523e+01
   5.0615400e+06   2.3803711e+01
   5.0765160e+06   2.2277832e+01
   5.0765280e+06   3.5278320e+01
   5.0765560e+06   2.7038574e+01
   5.0765730e+06   4.1015625e+01
   5.0766000e+06   4.1381836e+01
   5.0766150e+06   3.9428711e+01
   5.0766400e+06   2.2705078e+01
   5.0766610e+06   4.9438477e+01
   5.0767020e+06   2.5329590e+01
   5.0767530e+06   3.6621094e+01
   5.0768150e+06   2.1423340e+01
   5.0769040e+06   2.7465820e+01
   5.0769340e+06   1.8188477e+01
   5.0857640e+06   1.8615723e+01
   5.0858280e+06   3.9550781e+01
   5.0858720e+06   7.0983887e+01
   5.0859140e+06   3.1982422e+01
   5.0859270e+06   2.6306152e+01
   5.0859720e+06   2.4414062e+01
   5.0859990e+06   3.6132812e+01
   5.0860310e+06   2.2888184e+01
   5.0860610e+06   2.0812988e+01
   5.0860790e+06   1.7211914e+01
   5.0860990e+06   1.6662598e+01
   5.0861720e+06   2.2888184e+01
   5.0862060e+06   1.6784668e+01
   5.0862530e+06   3.3752441e+01
   5.0863150e+06   1.7211914e+01
   5.0957950e+06   1.9775391e+01
   5.0958450e+06   3.0517578e+01
   5.0958560e+06   1.8310547e+01
   5.0958810e+06   3.9916992e+01
   5.0958990e+06   2.9724121e+01
   5.0959180e+06   6.4880371e+01
   5.0959360e+06   3.1738281e+01
   5.0959700e+06   4.3579102e+01
   5.0959810e+06   2.4230957e+01
   5.0959960e+06   1.6601562e+01
   5.0960310e+06   5.6213379e+01
   5.0960680e+06   1.6967773e+01
   5.0961010e+06   2.7587891e+01
   5.0961540e+06   2.0446777e+01
   5.0961860e+06   2.3010254e+01
   5.0962010e+06   1.6479492e+01
   5.0962470e+06   1.6662598e+01
   5.0962660e+06   1.6540527e+01
   5.0963460e+06   2.6184082e+01
   5.0964500e+06   2.6123047e+01
   5.1062750e+06   1.9409180e+01
   5.1063330e+06   2.0751953e+01
   5.1063470e+06   2.5451660e+01
   5.1063620e+06   1.6723633e+01
   5.1063840e+06   5.0170898e+01
   5.1064120e+06   5.1757812e+01
   5.1064500e+06   4.6203613e+01
   5.1064850e+06   3.3325195e+01
   5.1065020e+06   3.4240723e+01
   5.1065420e+06   2.1423340e+01
   5.1065580e+06   1.9836426e+01
   5.1066100e+06   1.6723633e+01
   5.1066570e+06   2.8564453e+01
   5.1066990e+06   2.2033691e+01
   5.1067350e+06   1.8371582e+01
   5.1067710e+06   3.9794922e+01
   5.1068650e+06   2.1850586e+01
   5.1069840e+06   1.9653320e+01
   5.1070770e+06   1.6967773e+01
   5.1160510e+06   1.7272949e+01
   5.1160760e+06   2.5512695e+01
   5.1161060e+06   2.0690918e+01
   5.1161220e+06   3.3691406e+01
   5.1161450e+06   4.6447754e+01
   5.1161770e+06   4.6203613e+01
   5.1162130e+06   3.8574219e+01
   5.1162490e+06   1.9470215e+01
   5.1162680e+06   2.0080566e+01
   5.1162940e+06   2.3803711e+01
   5.1163240e+06   2.2705078e+01
   5.1163730e+06   1.9836426e+01
   5.1164010e+06   1.8066406e+01
   5.1164420e+06   1.8798828e+01
   5.1164600e+06   1.7700195e+01
   5.1165490e+06   2.5390625e+01
   5.1166140e+06   2.1057129e+01
   5.1166400e+06   1.6845703e+01
   5.1166890e+06   1.8554688e+01
   5.1167060e+06   1.9042969e+01
   5.1167590e+06   1.7517090e+01
   5.1167810e+06   1.9287109e+01
   5.1168380e+06   2.0019531e+01
   5.1282670e+06   5.8166504e+01
   5.1282910e+06   1.6845703e+01
   5.1283060e+06   4.0466309e+01
   5.1283380e+06   3.5278320e+01
   5.1283540e+06   1.9653320e+01
   5.1283640e+06   2.7893066e+01
   5.1283930e+06   2.3864746e+01
   5.1284090e+06   1.6967773e+01
   5.1285310e+06   1.7822266e+01
   5.1286220e+06   1.7761230e+01
   5.1287050e+06   1.8005371e+01
   5.1287270e+06   2.7404785e+01
   5.1287820e+06   1.9653320e+01
   5.1288740e+06   1.6662598e+01
   5.1289340e+06   2.2155762e+01
   5.1289860e+06   2.0385742e+01
   5.1290060e+06   2.7465820e+01
   5.1291050e+06   1.6784668e+01
   5.1291420e+06   1.6540527e+01
   5.1359630e+06   1.8859863e+01
   5.1400860e+06   1.7211914e+01
   5.1401070e+06   2.8137207e+01
   5.1401180e+06   2.2155762e+01
   5.1401470e+06   2.4414062e+01
   5.1401580e+06   2.1240234e+01
   5.1401720e+06   5.2307129e+01
   5.1402120e+06   2.9357910e+01
   5.1402480e+06   2.0019531e+01
   5.1405010e+06   1.7456055e+01
   5.1406310e+06   1.6601562e+01
   5.1406680e+06   1.6967773e+01
   5.1406950e+06   1.8981934e+01
   5.1407460e+06   2.0202637e+01
   5.1407980e+06   2.1911621e+01
   5.1408480e+06   1.7578125e+01
   5.1409210e+06   2.5024414e+01
   5.1409380e+06   1.8859863e+01
   5.1409760e+06   1.9592285e+01
   5.1411460e+06   1.8737793e+01
   5.1498520e+06   1.6723633e+01
   5.1500590e+06   5.0903320e+01
   5.1500850e+06   3.6437988e+01
   5.1501150e+06   2.4536133e+01
   5.1501610e+06   4.4250488e+01
   5.1502010e+06   2.9785156e+01
   5.1502320e+06   2.0996094e+01
   5.1502680e+06   1.9042969e+01
   5.1502970e+06   1.7272949e+01
   5.1503120e+06   2.1118164e+01
   5.1505320e+06   1.7883301e+01
   5.1505960e+06   2.0996094e+01
   5.1506600e+06   1.8005371e+01
   5.1507760e+06   1.9287109e+01
   5.1508790e+06   1.9714355e+01
   5.1572250e+06   1.8615723e+01
   5.1573480e+06   2.0324707e+01
   5.1573640e+06   6.6528320e+01
   5.1573920e+06   1.6845703e+01
   5.1574040e+06   1.7211914e+01
   5.1574210e+06   3.4545898e+01
   5.1574460e+06   3.5339355e+01
   5.1574560e+06   2.3010254e+01
   5.1575000e+06   2.1423340e+01
   5.1575490e+06   1.8737793e+01
   5.1577450e+06   2.1057129e+01
   5.1578020e+06   1.8249512e+01
   5.1578430e+06   2.1850586e+01
   5.1578580e+06   2.0080566e+01
   5.1579250e+06   1.9287109e+01
   5.1579770e+06   1.8005371e+01
   5.1580050e+06   1.7150879e+01
   5.1651600e+06   1.9531250e+01
   5.1653320e+06   2.9113770e+01
   5.1653450e+06   1.8127441e+01
   5.1653630e+06   2.7954102e+01
   5.1653890e+06   3.9550781e+01
   5.1654040e+06   2.3742676e+01
   5.1654280e+06   1.8371582e+01
   5.1654380e+06   2.9724121e+01
   5.1655210e+06   1.8310547e+01
   5.1657290e+06   1.7089844e+01
   5.1658120e+06   3.0212402e+01
   5.1658420e+06   1.7333984e+01
   5.1658920e+06   1.8615723e+01
   5.1659430e+06   2.0812988e+01
   5.1659740e+06   2.3925781e+01
   5.1659950e+06   1.6906738e+01
   5.1661820e+06   1.7395020e+01
   5.1738430e+06   1.7272949e+01
   5.1738920e+06   3.6071777e+01
   5.1739120e+06   2.0385742e+01
   5.1739310e+06   3.2226562e+01
   5.1739510e+06   2.2705078e+01
   5.1739720e+06   3.1066895e+01
   5.1739930e+06   1.9592285e+01
   5.1740180e+06   1.7883301e+01
   5.1742860e+06   1.9287109e+01
   5.1743740e+06   1.8493652e+01
   5.1744440e+06   1.8798828e+01
   5.1745370e+06   3.3813477e+01
   5.1746860e+06   1.8371582e+01
   5.1783790e+06   1.6967773e+01
   5.1803910e+06   2.6672363e+01
   5.1804130e+06   3.3203125e+01
   5.1804550e+06   2.7465820e+01
   5.1804780e+06   3.6132812e+01
   5.1805140e+06   1.7456055e+01
   5.1805370e+06   1.7944336e+01
   5.1805850e+06   1.9104004e+01
   5.1806340e+06   1.7272949e+01
   5.1808480e+06   2.9724121e+01
   5.1809860e+06   1.6723633e+01
   5.1810550e+06   2.2216797e+01
   5.1851870e+06   1.7211914e+01
   5.1867030e+06   1.7395020e+01
   5.1868220e+06   1.8066406e+01
   5.1868330e+06   2.7038574e+01
   5.1868430e+06   3.0578613e+01
   5.1868910e+06   2.8869629e+01
   5.1869210e+06   2.1728516e+01
   5.1869320e+06   2.3376465e+01
   5.1869820e+06   1.7517090e+01
   5.1870120e+06   2.0812988e+01
   5.1874100e+06   1.7089844e+01
   5.1874560e+06   2.9174805e+01
   5.1913380e+06   1.8432617e+01
   5.1913570e+06   2.0446777e+01
   5.1914180e+06   3.2592773e+01
   5.1914310e+06   1.7944336e+01
   5.1914470e+06   3.5156250e+01
   5.1914640e+06   2.7282715e+01
   5.1914870e+06   1.9165039e+01
   5.1915090e+06   2.5268555e+01
   5.1915410e+06   2.0202637e+01
   5.1917790e+06   1.7761230e+01
   5.1956420e+06   2.2216797e+01
   5.1957270e+06   2.3986816e+01
   5.1957610e+06   3.1738281e+01
   5.1957790e+06   3.8146973e+01
   5.1957980e+06   2.9663086e+01
   5.1958210e+06   3.4362793e+01
   5.1958470e+06   2.0629883e+01
   5.1958670e+06   2.1118164e+01
   5.1961870e+06   1.6784668e+01
   5.1994990e+06   1.7639160e+01
   5.1996100e+06   1.8066406e+01
   5.1996470e+06   1.8798828e+01
   5.1996590e+06   1.8798828e+01
   5.1996890e+06   3.0090332e+01
   5.1997140e+06   3.0761719e+01
   5.1997260e+06   2.1972656e+01
   5.1997470e+06   1.7272949e+01
   5.1997700e+06   1.7456055e+01
   5.2000120e+06   1.6723633e+01
   5.2040380e+06   3.3996582e+01
   5.2040750e+06   2.4780273e+01
   5.2041020e+06   2.2338867e+01
   5.2041140e+06   3.9428711e+01
   5.2041530e+06   1.9714355e+01
   5.2041890e+06   2.3376465e+01
   5.2042160e+06   1.6601562e+01
   5.2044380e+06   1.6784668e+01
   5.2047530e+06   1.6967773e+01
   5.2088500e+06   2.1850586e+01
   5.2088700e+06   2.9357910e+01
   5.2089090e+06   1.6479492e+01
   5.2089330e+06   3.7536621e+01
   5.2089820e+06   2.4963379e+01
   5.2090020e+06   1.8859863e+01
   5.2090310e+06   2.5939941e+01
   5.2092690e+06   2.4536133e+01
   5.2128640e+06   1.8920898e+01
   5.2128840e+06   2.2155762e+01
   5.2129300e+06   1.9470215e+01
   5.2129420e+06   2.7465820e+01
   5.2129610e+06   2.8198242e+01
   5.2129890e+06   2.4230957e+01
   5.2130010e+06   1.6845703e+01
   5.2130210e+06   1.9836426e+01
   5.2133560e+06   1.7700195e+01
   5.2170770e+06   1.8981934e+01
   5.2171480e+06   1.7883301e+01
   5.2171820e+06   4.1931152e+01
   5.2172020e+06   2.2949219e+01
   5.2172310e+06   1.7150879e+01
   5.2172430e+06   2.6977539e+01
   5.2172900e+06   1.7700195e+01
   5.2173050e+06   1.8493652e+01
   5.2173880e+06   2.1057129e+01
   5.2206830e+06   1.8615723e+01
   5.2207570e+06   1.7578125e+01
   5.2208240e+06   2.1972656e+01
   5.2209110e+06   2.5268555e+01
   5.2209480e+06   2.0019531e+01
   5.2209620e+06   2.9174805e+01
   5.2209930e+06   2.3498535e+01
   5.2210190e+06   3.4729004e+01
   5.2210780e+06   2.2766113e+01
   5.2210940e+06   1.7395020e+01
   5.2249970e+06   2.0629883e+01
   5.2250130e+06   3.4179688e+01
   5.2250730e+06   4.3029785e+01
   5.2250870e+06   2.0507812e+01
   5.2251150e+06   3.7170410e+01
   5.2251310e+06   2.1484375e+01
   5.2251670e+06   2.0751953e+01
   5.2252950e+06   1.6967773e+01
   5.2253380e+06   1.8859863e+01
   5.2289850e+06   2.0324707e+01
   5.2290410e+06   2.1911621e+01
   5.2290810e+06   2.2155762e+01
   5.2291240e+06   4.2602539e+01
   5.2291590e+06   2.2277832e+01
   5.2291920e+06   1.7395020e+01
   5.2292120e+06   2.5695801e+01
   5.2332920e+06   3.2470703e+01
   5.2333480e+06   3.7597656e+01
   5.2333710e+06   3.0334473e+01
   5.2333840e+06   2.6245117e+01
   5.2334140e+06   2.4963379e+01
   5.2334260e+06   2.4169922e+01
   5.2334600e+06   1.8798828e+01
   5.2334940e+06   1.6845703e+01
   5.2379210e+06   1.8920898e+01
   5.2379780e+06   1.6662598e+01
   5.2379950e+06   2.0935059e+01
   5.2380180e+06   4.2297363e+01
   5.2380570e+06   2.8564453e+01
   5.2381020e+06   1.6662598e+01
   5.2381140e+06   4.4128418e+01
   5.2381750e+06   2.4658203e+01
   5.2423940e+06   1.8310547e+01
   5.2424180e+06   1.7639160e+01
   5.2424370e+06   1.8249512e+01
   5.2424660e+06   4.3579102e+01
   5.2424880e+06   3.5278320e+01
   5.2425110e+06   2.5268555e+01
   5.2425520e+06   2.1972656e+01
   5.2473050e+06   3.3203125e+01
   5.2473720e+06   5.8044434e+01
   5.2473960e+06   2.7587891e+01
   5.2474220e+06   4.1503906e+01
   5.2474370e+06   1.8737793e+01
   5.2474550e+06   1.8249512e+01
   5.2475180e+06   1.7211914e+01
   5.2520090e+06   1.9775391e+01
   5.2520240e+06   1.8798828e+01
   5.2520720e+06   3.6437988e+01
   5.2520880e+06   1.8066406e+01
   5.2521150e+06   2.1179199e+01
   5.2521360e+06   2.6245117e+01
   5.2521580e+06   1.9653320e+01
   5.2521680e+06   2.2216797e+01
   5.2522030e+06   2.1484375e+01
   5.2523770e+06   1.9226074e+01
   5.2576340e+06   2.6977539e+01
   5.2576740e+06   2.4169922e+01
   5.2576940e+06   3.4851074e+01
   5.2577280e+06   2.2155762e+01
   5.2577430e+06   2.1728516e+01
   5.2577820e+06   2.3132324e+01
   5.2577960e+06   1.8249512e+01
   5.2578540e+06   1.6662598e+01
   5.2578830e+06   1.6845703e+01
   5.2579750e+06   1.8554688e+01
   5.2580340e+06   2.5207520e+01
   5.2581980e+06   1.7822266e+01
   5.2633110e+06   2.1118164e+01
   5.2633480e+06   2.1789551e+01
   5.2633580e+06   1.8493652e+01
   5.2633730e+06   3.1616211e+01
   5.2633980e+06   4.2907715e+01
   5.2634370e+06   2.9296875e+01
   5.2634550e+06   2.4475098e+01
   5.2634750e+06   1.9042969e+01
   5.2635060e+06   1.6662598e+01
   5.2635540e+06   2.2583008e+01
   5.2635880e+06   1.9042969e+01
   5.2636300e+06   2.3498535e+01
   5.2677900e+06   3.4057617e+01
   5.2678600e+06   3.4301758e+01
   5.2679070e+06   4.1503906e+01
   5.2679450e+06   1.9958496e+01
   5.2679690e+06   2.4475098e+01
   5.2680240e+06   1.8859863e+01
   5.2680600e+06   1.8737793e+01
   5.2729200e+06   2.2094727e+01
   5.2729400e+06   1.6662598e+01
   5.2729720e+06   3.7536621e+01
   5.2730070e+06   2.3315430e+01
   5.2730450e+06   2.2521973e+01
   5.2732960e+06   1.8371582e+01
   5.2733560e+06   1.7944336e+01
   5.2781450e+06   1.6662598e+01
   5.2781600e+06   2.5085449e+01
   5.2781810e+06   2.4230957e+01
   5.2782050e+06   4.0588379e+01
   5.2782280e+06   4.2785645e+01
   5.2782570e+06   2.0507812e+01
   5.2782710e+06   2.2277832e+01
   5.2783010e+06   2.4719238e+01
   5.2783510e+06   2.8747559e+01
   5.2783720e+06   1.7456055e+01
   5.2838770e+06   2.9907227e+01
   5.2838920e+06   2.5878906e+01
   5.2839280e+06   4.3457031e+01
   5.2839450e+06   1.8371582e+01
   5.2839660e+06   2.7099609e+01
   5.2840060e+06   1.8188477e+01
   5.2840910e+06   2.0446777e+01
   5.2842060e+06   1.6540527e+01
   5.2846150e+06   1.6540527e+01
   5.2894540e+06   3.5400391e+01
   5.2894780e+06   2.2644043e+01
   5.2895080e+06   1.7395020e+01
   5.2895180e+06   3.0151367e+01
   5.2895350e+06   2.8381348e+01
   5.2895720e+06   3.3569336e+01
   5.2896130e+06   1.8981934e+01
   5.2896510e+06   1.8432617e+01
   5.2896810e+06   2.0019531e+01
   5.2898050e+06   1.6601562e+01
   5.2954860e+06   1.8615723e+01
   5.2955020e+06   3.2409668e+01
   5.2955280e+06   1.9470215e+01
   5.2955510e+06   4.4738770e+01
   5.2955860e+06   4.0344238e+01
   5.2956180e+06   2.3376465e+01
   5.2956740e+06   2.2949219e+01
   5.2956970e+06   2.4780273e+01
   5.2959630e+06   1.6601562e+01
   5.2960230e+06   1.6540527e+01
   5.3007950e+06   1.9531250e+01
   5.3008240e+06   2.1667480e+01
   5.3008580e+06   1.7395020e+01
   5.3008900e+06   1.7639160e+01
   5.3009260e+06   2.8320312e+01
   5.3009530e+06   2.3925781e+01
   5.3009720e+06   2.7465820e+01
   5.3010270e+06   2.7221680e+01
   5.3073690e+06   1.8310547e+01
   5.3073880e+06   2.9846191e+01
   5.3074190e+06   4.5776367e+01
   5.3074510e+06   1.8615723e+01
   5.3074930e+06   1.8676758e+01
   5.3075650e+06   1.6662598e+01
   5.3076010e+06   1.8615723e+01
   5.3076910e+06   2.3437500e+01
   5.3077220e+06   1.7578125e+01
   5.3077840e+06   1.7639160e+01
   5.3078830e+06   2.1667480e+01
   5.3142270e+06   1.7578125e+01
   5.3142590e+06   4.2907715e+01
   5.3142730e+06   3.0517578e+01
   5.3143110e+06   2.2827148e+01
   5.3143210e+06   4.1625977e+01
   5.3143570e+06   4.3823242e+01
   5.3143980e+06   3.3081055e+01
   5.3144220e+06   2.0812988e+01
   5.3144940e+06   2.8991699e+01
   5.3145190e+06   1.8859863e+01
   5.3145580e+06   1.7333984e+01
   5.3147260e+06   1.6662598e+01
   5.3217210e+06   3.1677246e+01
   5.3217410e+06   3.2348633e+01
   5.3217650e+06   2.9418945e+01
   5.3217810e+06   4.4799805e+01
   5.3218130e+06   4.1320801e+01
   5.3218460e+06   1.8249512e+01
   5.3218680e+06   1.8493652e+01
   5.3219260e+06   2.0202637e+01
   5.3220160e+06   1.7333984e+01
   5.3220280e+06   2.7099609e+01
   5.3220800e+06   2.0263672e+01
   5.3221950e+06   2.9174805e+01
   5.3301690e+06   1.7883301e+01
   5.3302060e+06   4.4494629e+01
   5.3302280e+06   2.2949219e+01
   5.3302440e+06   2.2583008e+01
   5.3302630e+06   4.3640137e+01
   5.3302910e+06   2.7160645e+01
   5.3303200e+06   2.6672363e+01
   5.3303580e+06   2.2033691e+01
   5.3303940e+06   2.5268555e+01
   5.3304120e+06   2.4169922e+01
   5.3305040e+06   2.8503418e+01
   5.3305450e+06   1.8676758e+01
   5.3306660e+06   1.8371582e+01
   5.3306990e+06   1.7639160e+01
   5.3307750e+06   2.3742676e+01
   5.3383330e+06   2.4047852e+01
   5.3383580e+06   3.3691406e+01
   5.3383690e+06   1.8005371e+01
   5.3384020e+06   2.6245117e+01
   5.3384160e+06   3.2287598e+01
   5.3384480e+06   1.8066406e+01
   5.3384750e+06   1.8859863e+01
   5.3384940e+06   2.9174805e+01
   5.3385210e+06   2.2155762e+01
   5.3385610e+06   1.7150879e+01
   5.3385750e+06   2.2033691e+01
   5.3386350e+06   2.2583008e+01
   5.3386660e+06   2.9785156e+01
   5.3387170e+06   1.7456055e+01
   5.3387480e+06   1.7517090e+01
   5.3388180e+06   2.5207520e+01
   5.3459120e+06   3.6376953e+01
   5.3459380e+06   2.3193359e+01
   5.3459590e+06   4.1198730e+01
   5.3459800e+06   1.8615723e+01
   5.3459960e+06   3.9794922e+01
   5.3460210e+06   1.7211914e+01
   5.3460360e+06   2.7282715e+01
   5.3460740e+06   2.2644043e+01
   5.3461160e+06   1.8920898e+01
   5.3462190e+06   1.6662598e+01
   5.3462400e+06   2.1118164e+01
   5.3467540e+06   1.6906738e+01
   5.3562640e+06   1.7211914e+01
   5.3562940e+06   4.4372559e+01
   5.3563380e+06   2.1423340e+01
   5.3563790e+06   2.0263672e+01
   5.3564190e+06   2.2399902e+01
   5.3564770e+06   1.8127441e+01
   5.3565190e+06   2.2094727e+01
   5.3565470e+06   2.6062012e+01
   5.3565580e+06   2.7893066e+01
   5.3566200e+06   2.6611328e+01
   5.3566770e+06   3.0517578e+01
   5.3567010e+06   1.7028809e+01
   5.3568570e+06   2.7709961e+01
   5.3569290e+06   1.7578125e+01
   5.3570050e+06   1.6601562e+01
   5.3669890e+06   1.6967773e+01
   5.3670150e+06   3.3081055e+01
   5.3670350e+06   2.0568848e+01
   5.3670480e+06   2.8503418e+01
   5.3670610e+06   3.5034180e+01
   5.3670780e+06   2.9113770e+01
   5.3671160e+06   3.1860352e+01
   5.3671740e+06   2.1301270e+01
   5.3671920e+06   2.3071289e+01
   5.3673230e+06   2.2460938e+01
   5.3673660e+06   2.0996094e+01
   5.3673790e+06   2.7587891e+01
   5.3674130e+06   1.6479492e+01
   5.3674250e+06   2.3925781e+01
   5.3674690e+06   2.0019531e+01
   5.3674800e+06   2.1179199e+01
   5.3675190e+06   2.2827148e+01
   5.3675790e+06   1.7150879e+01
   5.3675930e+06   1.7211914e+01
   5.3676190e+06   1.7150879e+01
   5.3676740e+06   2.5756836e+01
   5.3823110e+06   2.0324707e+01
   5.3823360e+06   3.4179688e+01
   5.3823720e+06   1.9897461e+01
   5.3824130e+06   2.7282715e+01
   5.3824310e+06   3.7292480e+01
   5.3824690e+06   2.4414062e+01
   5.3824940e+06   2.2949219e+01
   5.3826180e+06   2.9907227e+01
   5.3826690e+06   2.1179199e+01
   5.3827010e+06   2.2521973e+01
   5.3827540e+06   1.8737793e+01
   5.3828150e+06   1.7578125e+01
   5.3828410e+06   1.7272949e+01
   5.3829480e+06   1.7272949e+01
   5.3830690e+06   1.8737793e+01
   5.3831550e+06   1.9775391e+01
   5.7463440e+06   1.8188477e+01
   5.8302240e+06   1.7700195e+01
   5.8542750e+06   1.7395020e+01
   5.8551610e+06   1.6601562e+01
   5.8552610e+06   1.9897461e+01
   5.8557940e+06   1.6723633e+01
   5.8673890e+06   1.6601562e+01
   5.8676490e+06   1.7944336e+01
   5.8684130e+06   1.6662598e+01
   5.8685260e+06   1.7272949e+01
   5.9150720e+06   1.7822266e+01
   5.9211780e+06   2.0751953e+01
   5.9342990e+06   1.6479492e+01
   5.9344870e+06   1.8615723e+01
   5.9345180e+06   3.7536621e+01
   5.9345350e+06   2.3010254e+01
   5.9345490e+06   2.9541016e+01
   5.9345890e+06   4.6997070e+01
   5.9346490e+06   3.1677246e+01
   5.9347520e+06   3.3813477e+01
   5.9348340e+06   2.6794434e+01
   5.9348650e+06   1.7822266e+01
   5.9349330e+06   2.9785156e+01
   5.9350740e+06   1.8432617e+01
   5.9496050e+06   1.7700195e+01
   5.9664580e+06   1.6662598e+01
   5.9667680e+06   1.8676758e+01
   5.9668980e+06   4.1442871e+01
   5.9669100e+06   2.0080566e+01
   5.9669230e+06   2.4475098e+01
   5.9669460e+06   2.6611328e+01
   5.9669600e+06   2.4963379e+01
   5.9669730e+06   2.3620605e+01
   5.9669880e+06   6.2072754e+01
   5.9670130e+06   1.7578125e+01
   5.9670750e+06   3.3020020e+01
   5.9671510e+06   3.6743164e+01
   5.9674260e+06   2.9846191e+01
   5.9842970e+06   1.8005371e+01
   5.9921410e+06   2.1362305e+01
   5.9921900e+06   1.8493652e+01
   5.9922210e+06   4.4128418e+01
   5.9922490e+06   1.9042969e+01
   5.9922650e+06   4.5654297e+01
   5.9922810e+06   2.9846191e+01
   5.9922960e+06   4.2419434e+01
   5.9923450e+06   2.3498535e+01
   5.9923590e+06   2.3925781e+01
   5.9923920e+06   1.6540527e+01
   5.9924260e+06   2.5634766e+01
   5.9925240e+06   3.2043457e+01
   5.9926800e+06   1.8981934e+01
   5.9927080e+06   3.5583496e+01
