   5.9990000e+06   0.0000000e+00
   1.4700000e+03   1.4343262e+01
   2.1940000e+03   1.5563965e+01
   3.3740000e+03   1.4770508e+01
   5.6630000e+03   6.9458008e+01
   5.7030000e+03   1.5136719e+01
   6.1240000e+03   6.7260742e+01
   6.3150000e+03   1.4343262e+01
   6.4940000e+03   2.0812988e+01
   6.6880000e+03   7.0495605e+01
   7.4320000e+03   1.6235352e+01
   7.6670000e+03   6.4514160e+01
   7.7640000e+03   6.8786621e+01
   7.8080000e+03   6.4208984e+01
   8.4080000e+03   1.4526367e+01
   9.4170000e+03   1.5319824e+01
   9.4530000e+03   1.5258789e+01
   9.5690000e+03   1.5380859e+01
   9.5820000e+03   7.6782227e+01
   1.0382000e+04   1.5563965e+01
   1.0856000e+04   1.4404297e+01
   1.0965000e+04   1.6723633e+01
   1.1220000e+04   1.6052246e+01
   1.1250000e+04   1.5502930e+01
   1.1263000e+04   2.2827148e+01
   1.1294000e+04   7.2265625e+01
   1.1306000e+04   1.4282227e+01
   1.1370000e+04   7.0007324e+01
   1.6142000e+04   1.5258789e+01
   1.6366000e+04   1.4709473e+01
   1.6379000e+04   6.7993164e+01
   1.7255000e+04   1.4953613e+01
   1.8134000e+04   1.5808105e+01
   1.8431000e+04   1.9042969e+01
   1.8642000e+04   7.3486328e+01
   1.8657000e+04   1.5441895e+01
   1.9094000e+04   1.6418457e+01
   1.9211000e+04   1.5014648e+01
   1.9328000e+04   7.0007324e+01
   1.9475000e+04   6.1096191e+01
   1.9534000e+04   6.6284180e+01
   1.9545000e+04   1.6357422e+01
   1.9827000e+04   1.4648437e+01
   2.0468000e+04   1.5930176e+01
   2.2022000e+04   1.5197754e+01
   2.2371000e+04   6.5551758e+01
   2.2488000e+04   1.5258789e+01
   2.2582000e+04   1.6723633e+01
   2.2656000e+04   1.4831543e+01
   2.2683000e+04   6.7016602e+01
   2.2709000e+04   1.6174316e+01
   2.3262000e+04   1.8188477e+01
   2.3329000e+04   6.4758301e+01
   2.3615000e+04   1.4465332e+01
   2.3641000e+04   7.9772949e+01
   2.8266000e+04   1.4587402e+01
   2.9454000e+04   1.6113281e+01
   2.9590000e+04   6.6162109e+01
   2.9701000e+04   1.4404297e+01
   2.9735000e+04   1.6235352e+01
   2.9766000e+04   1.7578125e+01
   2.9787000e+04   6.5795898e+01
   3.3321000e+04   7.0983887e+01
   3.3405000e+04   1.4404297e+01
   3.4234000e+04   6.7687988e+01
   3.4803000e+04   6.5429688e+01
   3.6450000e+04   1.7089844e+01
   3.6476000e+04   2.0751953e+01
   3.6513000e+04   7.1899414e+01
   3.6561000e+04   1.6967773e+01
   3.6574000e+04   7.9101562e+01
   3.6594000e+04   1.6845703e+01
   3.6616000e+04   7.6110840e+01
   4.1271000e+04   1.4953613e+01
   4.1694000e+04   6.6101074e+01
   4.1957000e+04   1.4892578e+01
   4.3579000e+04   1.4526367e+01
   4.3934000e+04   7.1105957e+01
   4.4226000e+04   1.5563965e+01
   4.4302000e+04   1.8066406e+01
   4.4324000e+04   7.4584961e+01
   4.4336000e+04   1.4892578e+01
   4.4371000e+04   1.9592285e+01
   4.4399000e+04   6.5307617e+01
   4.6591000e+04   1.7089844e+01
   4.7207000e+04   1.4465332e+01
   4.7651000e+04   1.5625000e+01
   4.7780000e+04   1.4343262e+01
   4.7885000e+04   1.7456055e+01
   4.8104000e+04   1.7578125e+01
   4.8247000e+04   1.7211914e+01
   4.8552000e+04   1.4953613e+01
   4.8614000e+04   6.4086914e+01
   4.9133000e+04   1.5991211e+01
   4.9229000e+04   1.6357422e+01
   4.9461000e+04   1.5319824e+01
   4.9623000e+04   6.7504883e+01
   5.0101000e+04   1.6174316e+01
   5.0227000e+04   1.4526367e+01
   5.0400000e+04   7.4890137e+01
   5.0937000e+04   1.6357422e+01
   5.1101000e+04   6.9274902e+01
   5.1135000e+04   2.0751953e+01
   5.1367000e+04   7.7819824e+01
   5.2863000e+04   1.5075684e+01
   5.3077000e+04   1.5197754e+01
   5.3096000e+04   6.6711426e+01
   5.3455000e+04   1.4404297e+01
   5.3544000e+04   1.4465332e+01
   5.3626000e+04   6.7871094e+01
   5.3686000e+04   1.5563965e+01
   5.3706000e+04   7.5317383e+01
   5.3832000e+04   1.4892578e+01
   5.3929000e+04   1.5258789e+01
   5.4446000e+04   1.4709473e+01
   5.4855000e+04   1.5747070e+01
   5.5206000e+04   1.6845703e+01
   5.5491000e+04   1.4526367e+01
   5.5626000e+04   6.5856934e+01
   5.5798000e+04   1.5930176e+01
   5.6548000e+04   1.5686035e+01
   5.6984000e+04   1.5441895e+01
   5.9384000e+04   6.8481445e+01
   6.0213000e+04   1.7822266e+01
   6.1009000e+04   1.4282227e+01
   6.1088000e+04   7.1289062e+01
   6.1695000e+04   1.4587402e+01
   6.2340000e+04   1.6662598e+01
   6.2371000e+04   1.9226074e+01
   6.2381000e+04   8.2214355e+01
   6.2617000e+04   1.5869141e+01
   6.2659000e+04   7.2509766e+01
   6.2878000e+04   2.7160645e+01
   6.2897000e+04   1.5686035e+01
   6.3409000e+04   1.4892578e+01
   6.3548000e+04   1.5136719e+01
   6.3631000e+04   1.5136719e+01
   6.3660000e+04   6.6101074e+01
   6.4105000e+04   1.7517090e+01
   6.4235000e+04   6.0302734e+01
   6.4383000e+04   7.6904297e+01
   6.4537000e+04   1.5747070e+01
   6.4994000e+04   1.5930176e+01
   6.5227000e+04   1.4892578e+01
   6.5242000e+04   7.9223633e+01
   6.5322000e+04   6.7138672e+01
   6.5448000e+04   1.4770508e+01
   6.5701000e+04   1.4770508e+01
   6.6032000e+04   7.8186035e+01
   6.6561000e+04   6.6406250e+01
   6.6698000e+04   1.5380859e+01
   6.6884000e+04   1.5197754e+01
   6.6949000e+04   6.1889648e+01
   6.7245000e+04   1.5075684e+01
   6.7382000e+04   1.5625000e+01
   6.7415000e+04   1.4343262e+01
   6.7452000e+04   6.7932129e+01
   6.7472000e+04   1.5319824e+01
   6.8074000e+04   1.6235352e+01
   6.8287000e+04   1.5014648e+01
   6.8948000e+04   1.5686035e+01
   6.9197000e+04   1.4526367e+01
   6.9339000e+04   1.8920898e+01
   6.9729000e+04   1.4404297e+01
   6.9914000e+04   1.5197754e+01
   7.0726000e+04   1.6967773e+01
   7.0925000e+04   1.5075684e+01
   7.1644000e+04   1.5625000e+01
   7.2113000e+04   1.7333984e+01
   7.2466000e+04   1.6906738e+01
   7.3435000e+04   1.6418457e+01
   7.4185000e+04   7.5439453e+01
   7.4260000e+04   1.7578125e+01
   7.4443000e+04   1.6540527e+01
   7.6355000e+04   1.4770508e+01
   7.6546000e+04   1.6052246e+01
   7.6832000e+04   1.6845703e+01
   7.6956000e+04   6.8054199e+01
   7.7015000e+04   1.4465332e+01
   7.7610000e+04   1.5686035e+01
   7.7715000e+04   1.5686035e+01
   7.7779000e+04   1.5380859e+01
   7.7888000e+04   1.5625000e+01
   7.7936000e+04   7.3791504e+01
   7.7946000e+04   1.5686035e+01
   7.7970000e+04   6.6406250e+01
   7.8013000e+04   1.8188477e+01
   8.0405000e+04   1.5014648e+01
   8.0614000e+04   1.5441895e+01
   8.0990000e+04   1.5747070e+01
   8.1395000e+04   6.7199707e+01
   8.1454000e+04   1.7517090e+01
   8.1544000e+04   1.4465332e+01
   8.1619000e+04   1.5319824e+01
   8.1757000e+04   1.6296387e+01
   8.1820000e+04   1.5319824e+01
   8.1874000e+04   6.7138672e+01
   8.3452000e+04   1.4770508e+01
   8.3696000e+04   6.5124512e+01
   8.4086000e+04   1.4465332e+01
   8.4146000e+04   2.0446777e+01
   8.4165000e+04   7.1044922e+01
   8.4175000e+04   2.1301270e+01
   8.4227000e+04   1.9348145e+01
   8.4288000e+04   1.7822266e+01
   8.5275000e+04   1.5136719e+01
   8.5322000e+04   6.9152832e+01
   8.5358000e+04   1.8005371e+01
   9.2147000e+04   6.9396973e+01
   9.2510000e+04   1.4953613e+01
   9.3232000e+04   7.4707031e+01
   9.3298000e+04   1.6174316e+01
   9.3542000e+04   1.5197754e+01
   9.3556000e+04   1.5625000e+01
   9.3817000e+04   6.7260742e+01
   9.3887000e+04   1.4770508e+01
   9.4142000e+04   1.9348145e+01
   9.4155000e+04   2.2705078e+01
   9.4172000e+04   3.1616211e+01
   9.4195000e+04   5.7922363e+01
   9.4217000e+04   6.5124512e+01
   9.4236000e+04   7.2570801e+01
   9.4261000e+04   6.8725586e+01
   9.4288000e+04   7.4035645e+01
   1.0271800e+05   1.5014648e+01
   1.0479600e+05   1.5014648e+01
   1.0518600e+05   1.4526367e+01
   1.0557800e+05   6.7504883e+01
   1.0583600e+05   1.5747070e+01
   1.0605800e+05   1.6418457e+01
   1.0686100e+05   1.4953613e+01
   1.0694500e+05   1.5258789e+01
   1.0718000e+05   1.4953613e+01
   1.0732200e+05   1.4404297e+01
   1.0738500e+05   4.5166016e+01
   1.0750000e+05   1.4648438e+01
   1.0777600e+05   1.4831543e+01
   1.0784100e+05   1.5747070e+01
   1.0802800e+05   1.5625000e+01
   1.0831700e+05   6.9580078e+01
   1.0893600e+05   1.9897461e+01
   1.0902100e+05   3.1494141e+01
   1.0909300e+05   6.6955566e+01
   1.0929000e+05   1.4770508e+01
   1.0933000e+05   1.6052246e+01
   1.0935200e+05   6.4880371e+01
   1.1029300e+05   1.7089844e+01
   1.1042800e+05   1.4465332e+01
   1.1055500e+05   6.6040039e+01
   1.1060900e+05   1.5747070e+01
   1.1062200e+05   1.4770508e+01
   1.1082400e+05   6.5185547e+01
   1.1088700e+05   6.4697266e+01
   1.1089700e+05   1.4465332e+01
   1.1112900e+05   1.4526367e+01
   1.1121000e+05   1.5319824e+01
   1.1155700e+05   1.5075684e+01
   1.1727700e+05   1.8981934e+01
   1.1729400e+05   7.8979492e+01
   1.1738600e+05   1.5380859e+01
   1.1756600e+05   1.4953613e+01
   1.1782100e+05   1.7028809e+01
   1.1797700e+05   6.3415527e+01
   1.1847400e+05   1.4892578e+01
   1.1859600e+05   1.6906738e+01
   1.1890400e+05   1.4465332e+01
   1.1964700e+05   1.4465332e+01
   1.2106900e+05   1.5563965e+01
   1.2143600e+05   1.6540527e+01
   1.2174400e+05   2.0263672e+01
   1.2179100e+05   6.7687988e+01
   1.2316500e+05   1.5014648e+01
   1.2349000e+05   1.4282227e+01
   1.2353800e+05   7.6110840e+01
   1.2363800e+05   1.6235352e+01
   1.2372900e+05   1.4404297e+01
   1.2374600e+05   1.5502930e+01
   1.2376200e+05   7.6110840e+01
   1.2422000e+05   1.4343262e+01
   1.2428200e+05   1.5197754e+01
   1.2431100e+05   6.3659668e+01
   1.2432100e+05   1.9592285e+01
   1.2436800e+05   1.4953613e+01
   1.3047600e+05   1.5502930e+01
   1.3073300e+05   6.9885254e+01
   1.3398700e+05   1.5014648e+01
   1.3494500e+05   7.1044922e+01
   1.3603900e+05   1.4770508e+01
   1.3658700e+05   1.4831543e+01
   1.3662100e+05   7.7331543e+01
   1.3675000e+05   1.5380859e+01
   1.3697000e+05   6.5673828e+01
   1.3705000e+05   1.4892578e+01
   1.3728700e+05   7.2021484e+01
   1.3746800e+05   1.5258789e+01
   1.3766300e+05   1.6479492e+01
   1.3775900e+05   1.7944336e+01
   1.3778200e+05   1.4709473e+01
   1.3781100e+05   1.6296387e+01
   1.3837400e+05   7.8857422e+01
   1.3865200e+05   6.9152832e+01
   1.3885200e+05   6.9641113e+01
   1.3887900e+05   1.7150879e+01
   1.3902300e+05   1.5319824e+01
   1.3939100e+05   1.4343262e+01
   1.3954100e+05   1.5319824e+01
   1.3966700e+05   1.4648438e+01
   1.3971700e+05   1.4404297e+01
   1.4000100e+05   1.4892578e+01
   1.4004000e+05   1.7272949e+01
   1.4009600e+05   1.6113281e+01
   1.4031100e+05   1.4648437e+01
   1.4040100e+05   1.5808105e+01
   1.4100000e+05   1.7761230e+01
   1.4208500e+05   1.4648438e+01
   1.4257600e+05   1.8066406e+01
   1.4272800e+05   1.5075684e+01
   1.4286300e+05   6.8786621e+01
   1.4691600e+05   6.3171387e+01
   1.4709600e+05   6.4025879e+01
   1.4727000e+05   1.4831543e+01
   1.4748600e+05   1.5136719e+01
   1.4753800e+05   6.9274902e+01
   1.4788400e+05   1.7028809e+01
   1.4790400e+05   7.3242187e+01
   1.4805400e+05   6.6528320e+01
   1.4806400e+05   1.7272949e+01
   1.4829300e+05   6.8542480e+01
   1.4840800e+05   1.5197754e+01
   1.4862500e+05   6.3720703e+01
   1.4876800e+05   1.4343262e+01
   1.4915400e+05   1.6357422e+01
   1.4927200e+05   1.4648438e+01
   1.4932800e+05   6.3964844e+01
   1.4950100e+05   1.5197754e+01
   1.5323700e+05   1.5686035e+01
   1.5366100e+05   7.5439453e+01
   1.5375100e+05   2.0812988e+01
   1.5377500e+05   1.5502930e+01
   1.5388600e+05   1.6723633e+01
   1.5396200e+05   6.5734863e+01
   1.5424000e+05   1.7517090e+01
   1.5526900e+05   1.4587402e+01
   1.5602100e+05   6.7687988e+01
   1.5621400e+05   1.5686035e+01
   1.5639700e+05   1.4343262e+01
   1.5643700e+05   1.6052246e+01
   1.5644800e+05   1.5075684e+01
   1.5647400e+05   6.3720703e+01
   1.5650600e+05   1.6113281e+01
   1.5703400e+05   1.7883301e+01
   1.5705000e+05   1.4465332e+01
   1.5708000e+05   1.7150879e+01
   1.5710100e+05   1.6906738e+01
   1.5714000e+05   7.4401855e+01
   1.6511900e+05   1.4892578e+01
   1.6717000e+05   6.7504883e+01
   1.6743500e+05   1.4282227e+01
   1.6754500e+05   1.7883301e+01
   1.6771900e+05   1.7150879e+01
   1.6781100e+05   7.1166992e+01
   1.6792400e+05   1.4770508e+01
   1.6830400e+05   6.9824219e+01
   1.6856500e+05   6.8664551e+01
   1.6860800e+05   6.9946289e+01
   1.6866300e+05   6.9213867e+01
   1.6918300e+05   1.4892578e+01
   1.6927800e+05   1.4343262e+01
   1.6937200e+05   1.4831543e+01
   1.7250900e+05   6.8786621e+01
   1.7252700e+05   1.4831543e+01
   1.7254700e+05   1.6784668e+01
   1.7331100e+05   1.8310547e+01
   1.7341600e+05   1.5136719e+01
   1.7352500e+05   7.2204590e+01
   1.7366500e+05   1.4343262e+01
   1.7658100e+05   1.4282227e+01
   1.7665200e+05   1.4587402e+01
   1.7669600e+05   1.4404297e+01
   1.7673500e+05   1.4282227e+01
   1.7711200e+05   1.4770508e+01
   1.7736800e+05   1.8310547e+01
   1.7790200e+05   1.6723633e+01
   1.7843400e+05   2.0385742e+01
   1.7932300e+05   1.4953613e+01
   1.8063600e+05   1.5319824e+01
   1.8165500e+05   5.9875488e+01
   1.8175800e+05   1.4404297e+01
   1.8180800e+05   6.3476563e+01
   1.8182300e+05   1.4892578e+01
   1.8188600e+05   7.3059082e+01
   1.8192900e+05   1.8005371e+01
   1.8242700e+05   2.0629883e+01
   1.8245500e+05   1.9226074e+01
   1.8265900e+05   1.7333984e+01
   1.8564000e+05   1.7883301e+01
   1.8572800e+05   2.0690918e+01
   1.8579300e+05   1.5625000e+01
   1.8581100e+05   6.8420410e+01
   1.8650000e+05   1.5258789e+01
   1.8675600e+05   7.5683594e+01
   1.8715600e+05   1.6235352e+01
   1.8972400e+05   1.7028809e+01
   1.9047600e+05   1.4953613e+01
   1.9049500e+05   6.4025879e+01
   1.9072000e+05   1.5197754e+01
   1.9097800e+05   2.3437500e+01
   1.9102000e+05   1.5258789e+01
   1.9104600e+05   1.8249512e+01
   1.9424300e+05   1.5075684e+01
   1.9450700e+05   1.5991211e+01
   1.9464600e+05   6.3110352e+01
   1.9491900e+05   1.4953613e+01
   1.9519800e+05   1.4892578e+01
   1.9561800e+05   1.8615723e+01
   1.9665700e+05   6.6101074e+01
   1.9675700e+05   1.7089844e+01
   1.9682200e+05   6.8237305e+01
   1.9724300e+05   1.4953613e+01
   1.9725500e+05   7.5317383e+01
   1.9743900e+05   6.4514160e+01
   1.9757800e+05   1.6906738e+01
   1.9763800e+05   6.4453125e+01
   1.9793000e+05   6.4575195e+01
   1.9806000e+05   1.6235352e+01
   1.9813300e+05   6.6589355e+01
   1.9840400e+05   1.5869141e+01
   1.9867700e+05   7.5378418e+01
   1.9900200e+05   6.1645508e+01
   1.9914700e+05   1.5869141e+01
   1.9920900e+05   6.9519043e+01
   1.9933500e+05   1.5197754e+01
   1.9939600e+05   6.5246582e+01
   1.9973800e+05   2.3315430e+01
   2.0038000e+05   6.8664551e+01
   2.0042800e+05   1.5563965e+01
   2.0065400e+05   1.5014648e+01
   2.0067700e+05   7.4645996e+01
   2.0417500e+05   1.6540527e+01
   2.0524200e+05   6.3781738e+01
   2.0557300e+05   1.4404297e+01
   2.0603600e+05   1.4343262e+01
   2.0724100e+05   1.9470215e+01
   2.0739600e+05   6.3720703e+01
   2.0867900e+05   1.6479492e+01
   2.0913600e+05   6.0241699e+01
   2.0948500e+05   6.2988281e+01
   2.0952200e+05   1.4953613e+01
   2.0953600e+05   6.4025879e+01
   2.0954700e+05   1.5502930e+01
   2.0958500e+05   7.2509766e+01
   2.1195500e+05   1.5686035e+01
   2.1258400e+05   1.4831543e+01
   2.1269000e+05   1.4282227e+01
   2.1297100e+05   1.8249512e+01
   2.1304600e+05   6.2622070e+01
   2.1321800e+05   1.4343262e+01
   2.1323800e+05   1.6784668e+01
   2.1332300e+05   1.8981934e+01
   2.1337600e+05   6.9030762e+01
   2.1342900e+05   1.7211914e+01
   2.1344200e+05   2.2033691e+01
   2.1348700e+05   1.4770508e+01
   2.1351200e+05   1.5502930e+01
   2.1456600e+05   1.8310547e+01
   2.1458200e+05   1.6174316e+01
   2.1460400e+05   2.1179199e+01
   2.1464200e+05   2.3498535e+01
   2.1465600e+05   2.4902344e+01
   2.1468800e+05   6.6772461e+01
   2.1472400e+05   1.4831543e+01
   2.1475000e+05   7.6721191e+01
   2.2338300e+05   1.4587402e+01
   2.2405900e+05   6.6711426e+01
   2.2422800e+05   1.4404297e+01
   2.2463300e+05   1.4709473e+01
   2.2563600e+05   1.6601562e+01
   2.2613200e+05   1.5441895e+01
   2.2656700e+05   7.7331543e+01
   2.2822800e+05   1.5075684e+01
   2.2900200e+05   7.0861816e+01
   2.2924100e+05   1.4282227e+01
   2.2981800e+05   7.1105957e+01
   2.3015600e+05   6.7810059e+01
   2.3026600e+05   1.6174316e+01
   2.3029800e+05   1.5197754e+01
   2.3046800e+05   1.6723633e+01
   2.3051400e+05   1.4953613e+01
   2.3083000e+05   1.5930176e+01
   2.3107600e+05   2.0751953e+01
   2.3113600e+05   6.8725586e+01
   2.3177900e+05   1.6296387e+01
   2.3204700e+05   1.9470215e+01
   2.3254600e+05   1.4831543e+01
   2.3548700e+05   1.5075684e+01
   2.3574500e+05   2.0690918e+01
   2.3605200e+05   1.5319824e+01
   2.3622900e+05   1.7272949e+01
   2.3757500e+05   6.4880371e+01
   2.3849800e+05   6.4270020e+01
   2.3861600e+05   6.7199707e+01
   2.3866800e+05   1.7211914e+01
   2.3876700e+05   6.7565918e+01
   2.3986900e+05   1.6723633e+01
   2.3993500e+05   1.4587402e+01
   2.4030700e+05   1.6418457e+01
   2.4035700e+05   1.4831543e+01
   2.4037000e+05   7.0312500e+01
   2.4278700e+05   1.4587402e+01
   2.4295000e+05   6.5490723e+01
   2.4306500e+05   1.7517090e+01
   2.4309800e+05   1.4526367e+01
   2.4312500e+05   2.0690918e+01
   2.4313700e+05   7.9772949e+01
   2.4316200e+05   1.4709473e+01
   2.4318400e+05   1.5563965e+01
   2.4322500e+05   1.6845703e+01
   2.4405600e+05   1.4465332e+01
   2.4412100e+05   2.7160645e+01
   2.4414400e+05   1.5930176e+01
   2.4417400e+05   7.9956055e+01
   2.4418600e+05   2.0690918e+01
   2.4420900e+05   6.7993164e+01
   2.4424000e+05   7.0129395e+01
   2.4427300e+05   1.5258789e+01
   2.5367800e+05   1.6540527e+01
   2.5381800e+05   1.4404297e+01
   2.5389000e+05   6.8115234e+01
   2.5408700e+05   1.4404297e+01
   2.5989000e+05   1.5197754e+01
   2.6052600e+05   6.5979004e+01
   2.6079400e+05   6.5979004e+01
   2.6089900e+05   1.9042969e+01
   2.6107000e+05   1.6479492e+01
   2.6112500e+05   6.2744141e+01
   2.6125000e+05   1.6235352e+01
   2.6127900e+05   1.7517090e+01
   2.6131000e+05   1.5441895e+01
   2.6134000e+05   1.5258789e+01
   2.6141400e+05   6.4819336e+01
   2.6156400e+05   1.7150879e+01
   2.6281500e+05   1.4587402e+01
   2.6295900e+05   1.6906738e+01
   2.6356600e+05   6.5673828e+01
   2.6379600e+05   1.6662598e+01
   2.6381000e+05   2.5512695e+01
   2.6384300e+05   2.5939941e+01
   2.6385700e+05   8.1420898e+01
   2.6388100e+05   6.8664551e+01
   2.6392700e+05   7.8552246e+01
   2.6542700e+05   1.5502930e+01
   2.6778200e+05   1.5747070e+01
   2.6950100e+05   1.4892578e+01
   2.7221400e+05   7.2631836e+01
   2.7265900e+05   1.5502930e+01
   2.7318100e+05   6.4880371e+01
   2.7371800e+05   1.4770508e+01
   2.7408600e+05   1.7578125e+01
   2.7414400e+05   7.0983887e+01
   2.7415400e+05   2.0690918e+01
   2.7521900e+05   6.8237305e+01
   2.7531500e+05   1.5319824e+01
   2.7839800e+05   1.6479492e+01
   2.7848400e+05   6.3293457e+01
   2.7861800e+05   6.7199707e+01
   2.7879300e+05   1.5563965e+01
   2.7901300e+05   1.5991211e+01
   2.7934800e+05   1.6967773e+01
   2.7954900e+05   1.4770508e+01
   2.7966300e+05   1.6357422e+01
   2.7976400e+05   6.1706543e+01
   2.7978400e+05   1.5258789e+01
   2.7981100e+05   1.6113281e+01
   2.7983600e+05   7.6599121e+01
   2.8150200e+05   1.4587402e+01
   2.8151700e+05   7.5439453e+01
   2.8158200e+05   7.6599121e+01
   2.8161800e+05   1.5625000e+01
   2.8171700e+05   6.4514160e+01
   2.8174900e+05   6.5795898e+01
   2.8210900e+05   1.6723633e+01
   2.8248400e+05   1.7272949e+01
   2.8254100e+05   1.5747070e+01
   2.8262600e+05   1.6540527e+01
   2.8463000e+05   1.6235352e+01
   2.8508900e+05   1.4953613e+01
   2.8535500e+05   1.6784668e+01
   2.8771900e+05   6.6040039e+01
   2.8776100e+05   1.8981934e+01
   2.8779900e+05   1.4892578e+01
   2.8835100e+05   1.5319824e+01
   2.8836100e+05   1.7761230e+01
   2.8909800e+05   1.6296387e+01
   2.8931600e+05   1.5686035e+01
   2.8941900e+05   6.6467285e+01
   2.8943000e+05   1.4282227e+01
   2.8968400e+05   1.4404297e+01
   2.8986100e+05   7.2021484e+01
   2.9007800e+05   6.0058594e+01
   2.9054200e+05   7.6965332e+01
   2.9546400e+05   1.8249512e+01
   2.9549400e+05   1.4831543e+01
   2.9635700e+05   1.5197754e+01
   2.9640100e+05   1.7150879e+01
   2.9641700e+05   6.0546875e+01
   2.9647600e+05   1.7089844e+01
   2.9716000e+05   1.5563965e+01
   2.9725000e+05   6.9946289e+01
   2.9733300e+05   1.4282227e+01
   2.9735600e+05   2.4780273e+01
   2.9740500e+05   6.9946289e+01
   3.0348900e+05   6.4758301e+01
   3.0367200e+05   1.7456055e+01
   3.0438400e+05   8.1604004e+01
   3.0470200e+05   1.4648438e+01
   3.0490700e+05   1.6967773e+01
   3.0552300e+05   6.3415527e+01
   3.0557600e+05   2.0690918e+01
   3.0633400e+05   1.6357422e+01
   3.0643500e+05   1.5991211e+01
   3.0649100e+05   2.4108887e+01
   3.0656100e+05   1.5869141e+01
   3.1484100e+05   1.4770508e+01
   3.1588800e+05   7.4462891e+01
   3.1591000e+05   1.5502930e+01
   3.1683900e+05   1.4892578e+01
   3.1687200e+05   1.8005371e+01
   3.1689300e+05   5.9204102e+01
   3.1728400e+05   1.6052246e+01
   3.1753600e+05   1.5930176e+01
   3.1755500e+05   2.9174805e+01
   3.1756800e+05   6.8481445e+01
   3.1764400e+05   6.5734863e+01
   3.2174100e+05   1.4709473e+01
   3.2277500e+05   1.5014648e+01
   3.2293600e+05   6.4086914e+01
   3.2300900e+05   1.4892578e+01
   3.2308100e+05   6.7932129e+01
   3.2309600e+05   1.5686035e+01
   3.2313300e+05   1.6418457e+01
   3.2316900e+05   1.5258789e+01
   3.2359000e+05   1.4892578e+01
   3.2370500e+05   1.5136719e+01
   3.2372700e+05   6.4697266e+01
   3.2930600e+05   1.4282227e+01
   3.3159100e+05   1.4465332e+01
   3.3165000e+05   1.4526367e+01
   3.3198800e+05   6.5734863e+01
   3.3200200e+05   1.4892578e+01
   3.3220100e+05   1.6418457e+01
   3.3238800e+05   1.4465332e+01
   3.3347600e+05   1.5258789e+01
   3.3374700e+05   1.4343262e+01
   3.3376300e+05   1.5747070e+01
   3.3380200e+05   6.4514160e+01
   3.3401400e+05   1.6479492e+01
   3.3409000e+05   1.9042969e+01
   3.3411700e+05   6.8664551e+01
   3.3424600e+05   1.7822266e+01
   3.3440900e+05   1.5808105e+01
   3.3456700e+05   1.5075684e+01
   3.3458000e+05   1.6174316e+01
   3.3462500e+05   1.6540527e+01
   3.3583500e+05   1.4465332e+01
   3.3926900e+05   1.4709473e+01
   3.3929500e+05   1.4526367e+01
   3.3932200e+05   1.5747070e+01
   3.4080800e+05   6.5856934e+01
   3.4096200e+05   1.5441895e+01
   3.4138500e+05   1.5869141e+01
   3.4140000e+05   7.0922852e+01
   3.4159800e+05   1.5075684e+01
   3.4174100e+05   7.0678711e+01
   3.4182200e+05   1.6052246e+01
   3.4205800e+05   1.8737793e+01
   3.4212800e+05   1.5808105e+01
   3.4216000e+05   1.5075684e+01
   3.4225200e+05   1.4343262e+01
   3.4226800e+05   1.5258789e+01
   3.4241500e+05   1.8127441e+01
   3.4350400e+05   6.3781738e+01
   3.4355500e+05   1.4587402e+01
   3.4394500e+05   6.4514160e+01
   3.4463000e+05   1.6174316e+01
   3.4488900e+05   1.7761230e+01
   3.4508000e+05   6.6467285e+01
   3.4509000e+05   1.8493652e+01
   3.4736400e+05   7.4890137e+01
   3.4895800e+05   1.4404297e+01
   3.4974900e+05   7.5927734e+01
   3.4985300e+05   2.3986816e+01
   3.4986800e+05   1.4404297e+01
   3.4989800e+05   7.1533203e+01
   3.4993000e+05   2.0874023e+01
   3.4998500e+05   6.9885254e+01
   3.5029500e+05   2.3071289e+01
   3.5040900e+05   1.6723633e+01
   3.5089000e+05   1.6540527e+01
   3.5301300e+05   1.8127441e+01
   3.5305400e+05   7.3059082e+01
   3.5367900e+05   7.2570801e+01
   3.5376200e+05   1.4831543e+01
   3.5377800e+05   7.7880859e+01
   3.5384300e+05   1.5747070e+01
   3.5983200e+05   7.8613281e+01
   3.6133400e+05   1.6357422e+01
   3.6299000e+05   1.5136719e+01
   3.6321900e+05   1.9104004e+01
   3.6327600e+05   6.3842773e+01
   3.6328600e+05   1.7089844e+01
   3.6334300e+05   2.1728516e+01
   3.6371300e+05   1.6906738e+01
   3.6378000e+05   1.7822266e+01
   3.6380200e+05   1.5136719e+01
   3.6382100e+05   7.2387695e+01
   3.6850500e+05   6.1218262e+01
   3.6863500e+05   1.5075684e+01
   3.6870500e+05   1.5380859e+01
   3.6892100e+05   1.7761230e+01
   3.6899000e+05   6.4147949e+01
   3.6952400e+05   1.9348145e+01
   3.7125900e+05   1.5747070e+01
   3.7175000e+05   6.4331055e+01
   3.7210300e+05   1.7761230e+01
   3.7211300e+05   8.0993652e+01
   3.7214800e+05   1.7333984e+01
   3.7217000e+05   1.7761230e+01
   3.7220500e+05   6.4392090e+01
   3.7294100e+05   1.6479492e+01
   3.7445900e+05   1.4831543e+01
   3.7458500e+05   1.4953613e+01
   3.7501800e+05   1.5197754e+01
   3.7514600e+05   1.5197754e+01
   3.7524100e+05   6.5673828e+01
   3.7545500e+05   6.8481445e+01
   3.7561000e+05   1.7150879e+01
   3.7605900e+05   1.5136719e+01
   3.7611600e+05   6.5002441e+01
   3.7618800e+05   6.6894531e+01
   3.7659200e+05   1.5563965e+01
   3.7686500e+05   1.6784668e+01
   3.7695000e+05   6.4636230e+01
   3.7698400e+05   1.5258789e+01
   3.7701600e+05   7.0007324e+01
   3.7728000e+05   6.7016602e+01
   3.7733800e+05   7.2021484e+01
   3.7904000e+05   6.6345215e+01
   3.7939000e+05   1.6906738e+01
   3.7948500e+05   6.6955566e+01
   3.7958700e+05   6.8908691e+01
   3.7960400e+05   1.5563965e+01
   3.8603600e+05   7.0739746e+01
   3.8607600e+05   1.4343262e+01
   3.8636700e+05   1.4343262e+01
   3.8929800e+05   7.5012207e+01
   3.8962200e+05   1.4343262e+01
   3.9039000e+05   6.6162109e+01
   3.9091800e+05   1.5808105e+01
   3.9096900e+05   1.8310547e+01
   3.9101100e+05   1.4831543e+01
   3.9108900e+05   1.4343262e+01
   3.9111900e+05   6.4086914e+01
   3.9164200e+05   1.5625000e+01
   3.9307200e+05   7.6171875e+01
   3.9309300e+05   1.4465332e+01
   3.9334500e+05   7.2875977e+01
   3.9367400e+05   7.0190430e+01
   3.9370000e+05   1.4343262e+01
   3.9445300e+05   7.0129395e+01
   3.9496200e+05   1.9287109e+01
   3.9498700e+05   6.2438965e+01
   3.9502200e+05   7.1411133e+01
   4.0136400e+05   1.5319824e+01
   4.0139300e+05   1.5991211e+01
   4.0164300e+05   7.8857422e+01
   4.0197800e+05   1.4831543e+01
   4.0230900e+05   1.4526367e+01
   4.0269000e+05   6.5917969e+01
   4.0282100e+05   1.4282227e+01
   4.0392300e+05   6.5917969e+01
   4.0505100e+05   1.5991211e+01
   4.0510900e+05   5.9692383e+01
   4.0564000e+05   6.6467285e+01
   4.0566600e+05   2.2216797e+01
   4.0570800e+05   6.7077637e+01
   4.0683900e+05   1.5197754e+01
   4.0686600e+05   6.6223145e+01
   4.0691600e+05   1.7333984e+01
   4.0706300e+05   1.5258789e+01
   4.0735400e+05   1.8615723e+01
   4.0737800e+05   1.9653320e+01
   4.0740900e+05   7.8613281e+01
   4.0743900e+05   7.1105957e+01
   4.0749000e+05   2.0141602e+01
   4.0776300e+05   1.5747070e+01
   4.0782200e+05   1.5869141e+01
   4.0859000e+05   1.5563965e+01
   4.0862100e+05   1.6723633e+01
   4.0866800e+05   1.5136719e+01
   4.0940600e+05   1.4770508e+01
   4.1130700e+05   1.5075684e+01
   4.1207700e+05   1.6235352e+01
   4.1292700e+05   6.9824219e+01
   4.1549200e+05   1.4892578e+01
   4.1556100e+05   1.5014648e+01
   4.1560700e+05   6.6467285e+01
   4.1572800e+05   1.7456055e+01
   4.1628600e+05   6.5124512e+01
   4.1634600e+05   1.5319824e+01
   4.1645600e+05   4.3701172e+01
   4.1691100e+05   6.2500000e+01
   4.1704900e+05   1.4465332e+01
   4.1731900e+05   1.6662598e+01
   4.1735000e+05   6.4819336e+01
   4.1751200e+05   1.4343262e+01
   4.1789800e+05   1.4343262e+01
   4.1966600e+05   1.4709473e+01
   4.1970900e+05   6.5917969e+01
   4.1994700e+05   1.6601562e+01
   4.2013700e+05   1.4648438e+01
   4.2018400e+05   1.4892578e+01
   4.2027000e+05   1.4831543e+01
   4.2028400e+05   1.4282227e+01
   4.2049300e+05   1.7150879e+01
   4.2054200e+05   1.6601562e+01
   4.2088800e+05   1.5930176e+01
   4.2090700e+05   2.1667480e+01
   4.2091800e+05   1.6174316e+01
   4.2094700e+05   6.9091797e+01
   4.2097200e+05   2.0263672e+01
   4.2098700e+05   1.5686035e+01
   4.2449700e+05   1.5625000e+01
   4.2456200e+05   7.1044922e+01
   4.2457300e+05   1.5136719e+01
   4.2912800e+05   1.6357422e+01
   4.2947600e+05   1.6479492e+01
   4.2957200e+05   1.6235352e+01
   4.2972500e+05   7.7026367e+01
   4.2980900e+05   1.4465332e+01
   4.3271200e+05   1.5686035e+01
   4.3314100e+05   6.3842773e+01
   4.3328700e+05   1.5991211e+01
   4.3330500e+05   6.7382812e+01
   4.3331800e+05   1.5869141e+01
   4.3414900e+05   1.5197754e+01
   4.3422800e+05   1.5747070e+01
   4.3452600e+05   7.1960449e+01
   4.3630000e+05   2.0141602e+01
   4.4033100e+05   1.4526367e+01
   4.4038900e+05   1.5136719e+01
   4.4109600e+05   1.7272949e+01
   4.4128700e+05   1.6113281e+01
   4.4138300e+05   7.3120117e+01
   4.4143400e+05   1.9714355e+01
   4.4314300e+05   1.4404297e+01
   4.4320700e+05   1.4587402e+01
   4.4358900e+05   1.4404297e+01
   4.4430600e+05   1.5502930e+01
   4.4522000e+05   6.7321777e+01
   4.4537700e+05   1.5563965e+01
   4.4550000e+05   1.4953613e+01
   4.4591100e+05   1.4892578e+01
   4.4681400e+05   1.8371582e+01
   4.4701600e+05   1.7150879e+01
   4.4718300e+05   1.5014648e+01
   4.4720400e+05   6.8603516e+01
   4.4735500e+05   7.1655273e+01
   4.4764400e+05   1.5502930e+01
   4.4779100e+05   6.8969727e+01
   4.4867000e+05   1.7517090e+01
   4.5229900e+05   6.5307617e+01
   4.5354000e+05   7.5927734e+01
   4.5375800e+05   1.6479492e+01
   4.5385400e+05   6.7687988e+01
   4.5427100e+05   2.0751953e+01
   4.5429900e+05   7.6660156e+01
   4.5451100e+05   1.8188477e+01
   4.5465500e+05   1.5869141e+01
   4.5510400e+05   4.1625977e+01
   4.5530300e+05   1.5808105e+01
   4.5554000e+05   1.5686035e+01
   4.5555800e+05   6.2500000e+01
   4.5570400e+05   1.6235352e+01
   4.5638900e+05   6.7749023e+01
   4.5666500e+05   1.5625000e+01
   4.5677600e+05   1.6052246e+01
   4.5709700e+05   6.5246582e+01
   4.5931100e+05   1.6052246e+01
   4.6013400e+05   1.9775391e+01
   4.6019900e+05   1.4770508e+01
   4.6038000e+05   6.4331055e+01
   4.6094300e+05   6.3964844e+01
   4.6095800e+05   1.6479492e+01
   4.6156200e+05   7.2204590e+01
   4.6232600e+05   7.1899414e+01
   4.6309400e+05   6.9885254e+01
   4.6328300e+05   1.5747070e+01
   4.6578400e+05   1.5319824e+01
   4.6713200e+05   7.4768066e+01
   4.6714200e+05   1.6357422e+01
   4.6758600e+05   1.6784668e+01
   4.6766000e+05   1.4831543e+01
   4.6774600e+05   1.7333984e+01
   4.6814100e+05   1.5075684e+01
   4.6883300e+05   1.4404297e+01
   4.6888200e+05   6.9458008e+01
   4.6889400e+05   1.7700195e+01
   4.6994500e+05   1.8676758e+01
   4.6997000e+05   7.6354980e+01
   4.7000100e+05   7.2937012e+01
   4.7002700e+05   7.2448730e+01
   4.7003900e+05   1.8188477e+01
   4.7006400e+05   6.7810059e+01
   4.7690600e+05   1.4587402e+01
   4.7694900e+05   6.1767578e+01
   4.7744700e+05   1.5258789e+01
   4.7970200e+05   1.6418457e+01
   4.7978500e+05   1.7211914e+01
   4.7982900e+05   1.5441895e+01
   4.8005800e+05   6.9152832e+01
   4.8025200e+05   1.5502930e+01
   4.8186700e+05   1.6235352e+01
   4.8207200e+05   1.5869141e+01
   4.8437800e+05   1.5136719e+01
   4.8489000e+05   1.9287109e+01
   4.8493300e+05   7.5012207e+01
   4.8521400e+05   1.5197754e+01
   4.8553900e+05   6.5124512e+01
   4.8572700e+05   1.6723633e+01
   4.8576300e+05   1.5686035e+01
   4.8584100e+05   6.4697266e+01
   4.8637800e+05   1.5808105e+01
   4.8647300e+05   1.5380859e+01
   4.8660100e+05   7.0251465e+01
   4.8709800e+05   1.6174316e+01
   4.8725600e+05   7.7941895e+01
   4.8745100e+05   6.8664551e+01
   4.8753200e+05   6.2011719e+01
   4.8756400e+05   7.0251465e+01
   4.8917100e+05   1.6113281e+01
   4.8979600e+05   1.4465332e+01
   4.9441200e+05   1.5441895e+01
   4.9491700e+05   1.5014648e+01
   4.9496100e+05   1.6113281e+01
   4.9498800e+05   6.6162109e+01
   4.9522500e+05   1.5502930e+01
   4.9746400e+05   6.9885254e+01
   4.9751000e+05   1.6113281e+01
   4.9779400e+05   6.8298340e+01
   4.9803400e+05   1.4953613e+01
   4.9849300e+05   1.4587402e+01
   4.9889000e+05   6.6955566e+01
   4.9904500e+05   1.4892578e+01
   4.9934100e+05   1.7578125e+01
   4.9941500e+05   1.4892578e+01
   4.9945600e+05   1.5625000e+01
   4.9948500e+05   7.3120117e+01
   4.9980400e+05   1.5014648e+01
   4.9997500e+05   1.4709473e+01
   5.0207800e+05   6.7199707e+01
   5.0267100e+05   1.6235352e+01
   5.0269700e+05   1.6967773e+01
   5.0271200e+05   1.8188477e+01
   5.0273600e+05   1.6479492e+01
   5.0275200e+05   1.5625000e+01
   5.0277600e+05   7.3181152e+01
   5.0282000e+05   6.9946289e+01
   5.0286300e+05   1.5197754e+01
   5.1020600e+05   1.4282227e+01
   5.1030700e+05   6.3598633e+01
   5.1043700e+05   1.7944336e+01
   5.1062000e+05   1.6906738e+01
   5.1083300e+05   7.0556641e+01
   5.1103600e+05   6.2438965e+01
   5.1105500e+05   1.4648438e+01
   5.1108700e+05   6.8969727e+01
   5.1205100e+05   1.6662598e+01
   5.1209500e+05   1.9836426e+01
   5.1212200e+05   7.3181152e+01
   5.1215100e+05   2.1545410e+01
   5.1217100e+05   6.8420410e+01
   5.1780600e+05   1.8554688e+01
   5.1890700e+05   1.7944336e+01
   5.1924200e+05   1.8310547e+01
   5.1927600e+05   8.1298828e+01
   5.1960700e+05   6.8420410e+01
   5.1965900e+05   6.8481445e+01
   5.1968900e+05   1.7761230e+01
   5.2085600e+05   1.5502930e+01
   5.2106800e+05   1.6235352e+01
   5.2111800e+05   6.8542480e+01
   5.2133000e+05   1.7517090e+01
   5.2192300e+05   7.3913574e+01
   5.2223600e+05   1.6662598e+01
   5.2235200e+05   1.7700195e+01
   5.2242200e+05   7.6660156e+01
   5.2276300e+05   1.5747070e+01
   5.2434000e+05   1.8371582e+01
   5.2449000e+05   7.3547363e+01
   5.2450200e+05   1.9775391e+01
   5.2452800e+05   1.6967773e+01
   5.2486400e+05   7.1899414e+01
   5.2660800e+05   6.0424805e+01
   5.2705600e+05   1.5747070e+01
   5.2960000e+05   1.6174316e+01
   5.2980300e+05   2.0751953e+01
   5.3005000e+05   1.5686035e+01
   5.3006900e+05   6.5795898e+01
   5.3008000e+05   1.9042969e+01
   5.3013000e+05   1.4343262e+01
   5.3525500e+05   1.4953613e+01
   5.3617900e+05   6.8603516e+01
   5.3620600e+05   1.9348145e+01
   5.3694000e+05   1.7883301e+01
   5.3706300e+05   2.0751953e+01
   5.3707800e+05   2.4719238e+01
   5.3712400e+05   1.6540527e+01
   5.3713500e+05   1.6296387e+01
   5.3716200e+05   1.5197754e+01
   5.3722000e+05   1.7639160e+01
   5.3927000e+05   2.0507812e+01
   5.3944200e+05   1.4282227e+01
   5.3951800e+05   1.6357422e+01
   5.3964600e+05   1.7150879e+01
   5.3968500e+05   6.1340332e+01
   5.3970400e+05   1.8432617e+01
   5.3990700e+05   1.4770508e+01
   5.4020000e+05   1.8920898e+01
   5.4022400e+05   7.1289062e+01
   5.4025500e+05   8.0444336e+01
   5.4028200e+05   1.5136719e+01
   5.4754300e+05   6.7382812e+01
   5.4770700e+05   1.7089844e+01
   5.4772300e+05   1.7517090e+01
   5.4774300e+05   6.4086914e+01
   5.4857900e+05   1.6479492e+01
   5.4883800e+05   7.6171875e+01
   5.4892400e+05   1.9592285e+01
   5.4893800e+05   1.6906738e+01
   5.4894800e+05   1.5869141e+01
   5.4898600e+05   5.6274414e+01
   5.4903100e+05   7.7697754e+01
   5.5269200e+05   1.6052246e+01
   5.5500700e+05   1.4770508e+01
   5.5530900e+05   1.6357422e+01
   5.5583400e+05   1.5563965e+01
   5.5597600e+05   6.3842773e+01
   5.5602300e+05   1.4587402e+01
   5.5605300e+05   1.7272949e+01
   5.5624100e+05   1.4343262e+01
   5.5626400e+05   6.1218262e+01
   5.5827200e+05   6.6162109e+01
   5.5883200e+05   1.5747070e+01
   5.5895800e+05   6.4147949e+01
   5.5948600e+05   6.9152832e+01
   5.5967200e+05   6.7443848e+01
   5.6024900e+05   7.2631836e+01
   5.6051500e+05   6.5124512e+01
   5.6091100e+05   1.8005371e+01
   5.6105000e+05   1.6723633e+01
   5.6210600e+05   1.5319824e+01
   5.6260900e+05   1.4587402e+01
   5.6267700e+05   7.9101562e+01
   5.6275700e+05   1.6113281e+01
   5.6336900e+05   1.4770508e+01
   5.6338900e+05   6.5429688e+01
   5.6348300e+05   1.6357422e+01
   5.6351800e+05   1.7150879e+01
   5.6374700e+05   1.5380859e+01
   5.6384500e+05   5.4321289e+01
   5.6406400e+05   1.5869141e+01
   5.6417100e+05   1.6235352e+01
   5.6477700e+05   6.6345215e+01
   5.6522700e+05   1.4343262e+01
   5.6543400e+05   1.9287109e+01
   5.6570200e+05   6.9396973e+01
   5.6575300e+05   1.9714355e+01
   5.6589600e+05   6.5063477e+01
   5.6598600e+05   1.5991211e+01
   5.6834800e+05   1.7395020e+01
   5.6839700e+05   7.1777344e+01
   5.6841400e+05   1.7456055e+01
   5.6889700e+05   2.5451660e+01
   5.6891100e+05   7.3425293e+01
   5.6894300e+05   7.9895020e+01
   5.6896400e+05   7.3120117e+01
   5.6899200e+05   7.9101562e+01
   5.6900500e+05   1.8798828e+01
   5.6903000e+05   6.5368652e+01
   5.7678900e+05   1.4648438e+01
   5.7682000e+05   1.4465332e+01
   5.7732400e+05   1.5258789e+01
   5.7733700e+05   1.6662598e+01
   5.7740400e+05   6.3354492e+01
   5.7831900e+05   1.7089844e+01
   5.7869700e+05   1.4587402e+01
   5.7874300e+05   6.8969727e+01
   5.7928500e+05   1.5258789e+01
   5.7932400e+05   6.3598633e+01
   5.8263500e+05   1.7517090e+01
   5.8272400e+05   1.5686035e+01
   5.8473700e+05   1.6784668e+01
   5.8534500e+05   6.9396973e+01
   5.8539500e+05   1.5869141e+01
   5.8552300e+05   1.7700195e+01
   5.8641900e+05   1.4587402e+01
   5.8645400e+05   6.6772461e+01
   5.8652600e+05   6.7260742e+01
   5.8657400e+05   7.2570801e+01
   5.8662200e+05   6.4208984e+01
   5.8909900e+05   1.5686035e+01
   5.9018400e+05   1.4526367e+01
   5.9094900e+05   7.2998047e+01
   5.9097500e+05   1.7150879e+01
   5.9112300e+05   1.6479492e+01
   5.9118300e+05   1.6540527e+01
   5.9132800e+05   1.7395020e+01
   5.9142300e+05   7.9956055e+01
   5.9143300e+05   2.0568848e+01
   5.9145800e+05   1.6296387e+01
   5.9149100e+05   6.7687988e+01
   5.9386900e+05   1.4770508e+01
   5.9431200e+05   1.8554688e+01
   5.9432800e+05   7.5073242e+01
   5.9470500e+05   1.5136719e+01
   5.9619200e+05   1.5075684e+01
   5.9622600e+05   1.4404297e+01
   5.9686900e+05   6.3659668e+01
   5.9690000e+05   1.6479492e+01
   5.9757700e+05   6.3049316e+01
   5.9780700e+05   1.8676758e+01
   5.9799000e+05   1.4526367e+01
   5.9802200e+05   1.4770508e+01
   5.9804700e+05   6.7565918e+01
   5.9806700e+05   1.5441895e+01
   5.9809400e+05   2.1301270e+01
   5.9813400e+05   6.8176270e+01
   6.0466900e+05   1.4343262e+01
   6.0520200e+05   1.4343262e+01
   6.0589500e+05   1.7089844e+01
   6.0606000e+05   6.6833496e+01
   6.0622000e+05   1.5441895e+01
   6.0637500e+05   1.8859863e+01
   6.0888900e+05   1.4953613e+01
   6.0894100e+05   6.5307617e+01
   6.0968800e+05   7.4890137e+01
   6.0970200e+05   1.6723633e+01
   6.1042000e+05   1.6479492e+01
   6.1058200e+05   1.5808105e+01
   6.1125700e+05   1.4953613e+01
   6.1139500e+05   7.1411133e+01
   6.1161900e+05   1.5380859e+01
   6.1230200e+05   1.6296387e+01
   6.1232600e+05   1.8798828e+01
   6.1247900e+05   1.4282227e+01
   6.1307200e+05   1.6113281e+01
   6.1317600e+05   1.5869141e+01
   6.1340200e+05   6.2500000e+01
   6.1343000e+05   1.6174316e+01
   6.1389200e+05   1.6296387e+01
   6.1392100e+05   6.6284180e+01
   6.1440000e+05   6.4270020e+01
   6.1441600e+05   1.8432617e+01
   6.1452100e+05   1.5380859e+01
   6.1456700e+05   1.5686035e+01
   6.1460900e+05   7.7575684e+01
   6.1619300e+05   1.6601562e+01
   6.1675700e+05   1.4587402e+01
   6.1688100e+05   1.4404297e+01
   6.1696800e+05   1.5930176e+01
   6.1754700e+05   1.8127441e+01
   6.1767100e+05   7.8796387e+01
   6.1772100e+05   1.6418457e+01
   6.1775400e+05   1.4343262e+01
   6.1778300e+05   3.2531738e+01
   6.1779700e+05   6.3659668e+01
   6.1782100e+05   6.4208984e+01
   6.1784900e+05   1.8859863e+01
   6.1786300e+05   7.4096680e+01
   6.1909800e+05   1.4892578e+01
   6.1992200e+05   1.5075684e+01
   6.2007600e+05   1.5136719e+01
   6.2042400e+05   1.5258789e+01
   6.2158400e+05   6.6162109e+01
   6.2295000e+05   7.1350098e+01
   6.2501200e+05   6.4331055e+01
   6.2603000e+05   6.3842773e+01
   6.2677000e+05   1.4648438e+01
   6.2704900e+05   1.5258789e+01
   6.2778800e+05   1.5441895e+01
   6.2876300e+05   6.5490723e+01
   6.2936800e+05   1.5197754e+01
   6.2940000e+05   6.0363770e+01
   6.2945500e+05   1.5441895e+01
   6.2982800e+05   1.7761230e+01
   6.3021100e+05   1.6235352e+01
   6.3062600e+05   1.4465332e+01
   6.3083000e+05   1.6052246e+01
   6.3154100e+05   6.5734863e+01
   6.3217300e+05   6.7260742e+01
   6.3261500e+05   1.9165039e+01
   6.3274500e+05   6.3354492e+01
   6.3305900e+05   1.6906738e+01
   6.3321800e+05   6.9030762e+01
   6.3329200e+05   1.4404297e+01
   6.3334700e+05   1.4648438e+01
   6.3337600e+05   1.6357422e+01
   6.3340800e+05   2.1362305e+01
   6.3343800e+05   6.5979004e+01
   6.3392100e+05   1.5502930e+01
   6.4167600e+05   7.1960449e+01
   6.4191300e+05   6.6589355e+01
   6.4200000e+05   1.5991211e+01
   6.4216300e+05   1.6174316e+01
   6.4220300e+05   6.5734863e+01
   6.4248500e+05   1.6357422e+01
   6.4264700e+05   6.7810059e+01
   6.4356700e+05   1.4282227e+01
   6.4376700e+05   6.6955566e+01
   6.4385800e+05   1.4343262e+01
   6.4398600e+05   1.4831543e+01
   6.4479800e+05   7.7270508e+01
   6.4485700e+05   1.6052246e+01
   6.4490600e+05   6.9763184e+01
   6.4578900e+05   6.5917969e+01
   6.4585200e+05   6.5002441e+01
   6.4606300e+05   1.8737793e+01
   6.5147500e+05   1.5869141e+01
   6.5148500e+05   7.2448730e+01
   6.5152400e+05   7.8613281e+01
   6.5153700e+05   1.7700195e+01
   6.5197500e+05   1.4526367e+01
   6.5218400e+05   1.9226074e+01
   6.5258400e+05   1.4343262e+01
   6.5271500e+05   7.1289062e+01
   6.5276700e+05   1.4282227e+01
   6.5285600e+05   1.6906738e+01
   6.5324000e+05   6.4453125e+01
   6.5332400e+05   1.6235352e+01
   6.5344500e+05   1.9531250e+01
   6.5351800e+05   1.5563965e+01
   6.5356300e+05   6.8908691e+01
   6.5418200e+05   1.5197754e+01
   6.5498100e+05   1.6418457e+01
   6.5507300e+05   1.4404297e+01
   6.5582000e+05   1.4587402e+01
   6.5584900e+05   7.6782227e+01
   6.5812700e+05   1.5747070e+01
   6.5820900e+05   1.9897461e+01
   6.5835400e+05   3.0151367e+01
   6.5838900e+05   6.1584473e+01
   6.5843000e+05   1.6906738e+01
   6.5845300e+05   8.3068848e+01
   6.5848200e+05   7.2021484e+01
   6.5849200e+05   1.8066406e+01
   6.5852200e+05   6.5856934e+01
   6.5853200e+05   2.2216797e+01
   6.5856900e+05   6.9519043e+01
   6.7063500e+05   1.4831543e+01
   6.7094500e+05   7.1899414e+01
   6.7132400e+05   1.4831543e+01
   6.7148800e+05   1.5136719e+01
   6.7241300e+05   1.4526367e+01
   6.7246300e+05   7.7880859e+01
   6.7258000e+05   1.4648438e+01
   6.7310300e+05   1.4404297e+01
   6.7318600e+05   6.6223145e+01
   6.7498100e+05   6.7810059e+01
   6.7556700e+05   1.8005371e+01
   6.7581300e+05   1.8310547e+01
   6.7586500e+05   6.7687988e+01
   6.7620800e+05   1.7028809e+01
   6.7625000e+05   1.5380859e+01
   6.7628600e+05   1.7944336e+01
   6.7631200e+05   6.5063477e+01
   6.7667700e+05   2.3620605e+01
   6.7672600e+05   1.7456055e+01
   6.7675400e+05   6.7871094e+01
   6.8037700e+05   6.3781738e+01
   6.8038700e+05   1.4770508e+01
   6.8043800e+05   1.6418457e+01
   6.8045200e+05   1.5014648e+01
   6.8090900e+05   6.7504883e+01
   6.8130800e+05   1.7089844e+01
   6.8301400e+05   1.9592285e+01
   6.8325700e+05   1.5014648e+01
   6.8348000e+05   1.4587402e+01
   6.8357700e+05   1.5441895e+01
   6.8396900e+05   1.4648438e+01
   6.8423900e+05   1.5075684e+01
   6.8426300e+05   7.4157715e+01
   6.8429300e+05   1.4465332e+01
   6.8466200e+05   1.5197754e+01
   6.8496700e+05   1.8127441e+01
   6.8509500e+05   1.5014648e+01
   6.8513800e+05   6.5429688e+01
   6.8551100e+05   1.4404297e+01
   6.8598200e+05   1.8615723e+01
   6.8620800e+05   1.5197754e+01
   6.8635300e+05   1.6052246e+01
   6.8656700e+05   1.5136719e+01
   6.8668500e+05   1.5075684e+01
   6.8681900e+05   7.4462891e+01
   6.8688000e+05   1.5563965e+01
   6.8734400e+05   1.6479492e+01
   6.8774800e+05   1.4892578e+01
   6.8885400e+05   1.6662598e+01
   6.8900000e+05   1.5808105e+01
   6.8980500e+05   1.5808105e+01
   6.8997300e+05   1.6113281e+01
   6.9309100e+05   1.7639160e+01
   6.9336800e+05   6.3232422e+01
   6.9345700e+05   1.6723633e+01
   6.9355800e+05   6.7687988e+01
   6.9417600e+05   1.4282227e+01
   6.9437800e+05   6.7382812e+01
   6.9492400e+05   7.7514648e+01
   6.9513400e+05   1.4587402e+01
   6.9551700e+05   1.8249512e+01
   6.9554000e+05   7.5439453e+01
   6.9818300e+05   1.4709473e+01
   6.9829100e+05   1.6174316e+01
   6.9836100e+05   1.4465332e+01
   6.9842400e+05   6.5734863e+01
   6.9907900e+05   6.6101074e+01
   6.9909700e+05   1.5136719e+01
   6.9952800e+05   1.7944336e+01
   6.9967600e+05   1.6113281e+01
   7.0039800e+05   1.4953613e+01
   7.0270400e+05   1.4282227e+01
   7.0291600e+05   1.5502930e+01
   7.0362400e+05   2.2094727e+01
   7.0833600e+05   1.6540527e+01
   7.0874700e+05   1.4587402e+01
   7.0875700e+05   7.7819824e+01
   7.0882200e+05   1.5014648e+01
   7.0898000e+05   1.7395020e+01
   7.0915900e+05   1.5014648e+01
   7.1548300e+05   1.7639160e+01
   7.1551500e+05   7.7026367e+01
   7.1556200e+05   1.6601562e+01
   7.1558700e+05   1.5075684e+01
   7.1565200e+05   1.5808105e+01
   7.1724800e+05   1.7272949e+01
   7.1738500e+05   1.7883301e+01
   7.1744400e+05   1.5014648e+01
   7.1791000e+05   1.5319824e+01
   7.1797800e+05   2.1301270e+01
   7.1800300e+05   1.5563965e+01
   7.1801600e+05   1.7822266e+01
   7.1805200e+05   2.4536133e+01
   7.1808600e+05   7.4829102e+01
   7.2863200e+05   6.6284180e+01
   7.2879300e+05   1.6235352e+01
   7.2962700e+05   1.4770508e+01
   7.2963900e+05   1.4404297e+01
   7.2975200e+05   1.7761230e+01
   7.2977700e+05   1.7150879e+01
   7.2978900e+05   1.6418457e+01
   7.2985900e+05   1.5563965e+01
   7.3579800e+05   1.6113281e+01
   7.3580800e+05   7.9895020e+01
   7.3653100e+05   1.7272949e+01
   7.3667800e+05   6.3720703e+01
   7.3731100e+05   1.5014648e+01
   7.3755800e+05   1.8249512e+01
   7.3765700e+05   1.6601562e+01
   7.3768400e+05   1.4709473e+01
   7.3772500e+05   1.5014648e+01
   7.3781000e+05   7.2387695e+01
   7.3990800e+05   1.6113281e+01
   7.4043100e+05   1.5380859e+01
   7.4046100e+05   1.5930176e+01
   7.4137700e+05   1.5075684e+01
   7.4158800e+05   1.7395020e+01
   7.4162200e+05   5.9631348e+01
   7.4621700e+05   6.1645508e+01
   7.4699200e+05   1.4770508e+01
   7.4717400e+05   7.0190430e+01
   7.4742200e+05   1.5075684e+01
   7.4792100e+05   7.3120117e+01
   7.4794200e+05   1.5502930e+01
   7.4795200e+05   2.0019531e+01
   7.5433700e+05   1.5747070e+01
   7.5625200e+05   1.6662598e+01
   7.5678900e+05   6.2866211e+01
   7.5713600e+05   6.4941406e+01
   7.5734700e+05   1.4648438e+01
   7.5740100e+05   1.7395020e+01
   7.5742000e+05   1.9775391e+01
   7.5748000e+05   6.7382812e+01
   7.5750400e+05   1.9287109e+01
   7.5970300e+05   1.4282227e+01
   7.5971500e+05   1.8371582e+01
   7.5978400e+05   2.0507813e+01
   7.6009800e+05   1.4526367e+01
   7.6038200e+05   1.5258789e+01
   7.6063400e+05   1.4404297e+01
   7.6073700e+05   7.5866699e+01
   7.6296000e+05   1.4526367e+01
   7.6794500e+05   1.6174316e+01
   7.6806200e+05   6.2622070e+01
   7.6827200e+05   1.5075684e+01
   7.6830800e+05   6.8725586e+01
   7.7010900e+05   1.5075684e+01
   7.7424900e+05   1.6052246e+01
   7.7522700e+05   6.6833496e+01
   7.7548000e+05   6.5429688e+01
   7.7551000e+05   1.6967773e+01
   7.7596000e+05   1.4587402e+01
   7.7597500e+05   1.5014648e+01
   7.7611800e+05   1.4953613e+01
   7.7620900e+05   6.7260742e+01
   7.7629400e+05   2.0996094e+01
   7.7633800e+05   1.5502930e+01
   7.7636400e+05   6.6650391e+01
   7.8074400e+05   1.5258789e+01
   7.8187500e+05   1.7395020e+01
   7.8222600e+05   1.8737793e+01
   7.8302000e+05   1.6296387e+01
   7.8337600e+05   1.8615723e+01
   7.8362700e+05   7.8796387e+01
   7.8373200e+05   1.4953613e+01
   7.8644000e+05   7.2265625e+01
   7.8679500e+05   1.4526367e+01
   7.8781000e+05   1.7639160e+01
   7.8803900e+05   1.5075684e+01
   7.8806900e+05   6.5307617e+01
   7.8860400e+05   1.4953613e+01
   7.8904600e+05   1.5258789e+01
   7.8917200e+05   3.0700684e+01
   7.8918200e+05   1.6174316e+01
   7.8943100e+05   1.9409180e+01
   7.8951600e+05   7.3120117e+01
   7.8953500e+05   1.8554688e+01
   7.8956600e+05   6.5246582e+01
   7.8966700e+05   1.4282227e+01
   7.9441700e+05   6.9702148e+01
   7.9444600e+05   1.4404297e+01
   7.9448700e+05   1.7028809e+01
   7.9450100e+05   2.2216797e+01
   7.9454700e+05   6.7199707e+01
   7.9531700e+05   1.7883301e+01
   7.9534300e+05   1.5075684e+01
   7.9537000e+05   1.4587402e+01
   7.9539700e+05   1.7150879e+01
   7.9542700e+05   1.9042969e+01
   7.9545800e+05   2.1667480e+01
   7.9551900e+05   1.6357422e+01
   8.0404800e+05   1.7211914e+01
   8.0738600e+05   6.7993164e+01
   8.0742800e+05   2.3132324e+01
   8.0745700e+05   6.9274902e+01
   8.0752000e+05   1.4343262e+01
   8.1070500e+05   1.4282227e+01
   8.1528700e+05   1.4526367e+01
   8.1532700e+05   1.5380859e+01
   8.1534500e+05   8.1237793e+01
   8.1537600e+05   1.5258789e+01
   8.1538900e+05   1.8737793e+01
   8.1541900e+05   6.8481445e+01
   8.1543000e+05   1.5319824e+01
   8.1547800e+05   1.5014648e+01
   8.1867200e+05   1.7272949e+01
   8.2081500e+05   1.5136719e+01
   8.2149300e+05   1.4343262e+01
   8.2207300e+05   1.5747070e+01
   8.2220100e+05   6.6589355e+01
   8.2241400e+05   1.4343262e+01
   8.2249400e+05   7.0190430e+01
   8.2318300e+05   1.5014648e+01
   8.2321300e+05   1.7517090e+01
   8.2323700e+05   1.7395020e+01
   8.2324800e+05   6.9396973e+01
   8.2638800e+05   1.5197754e+01
   8.2754400e+05   1.5441895e+01
   8.2804000e+05   6.6345215e+01
   8.2827000e+05   6.6406250e+01
   8.2883900e+05   1.6723633e+01
   8.2888600e+05   1.5869141e+01
   8.2892700e+05   7.6721191e+01
   8.2894000e+05   1.8432617e+01
   8.3057800e+05   1.6357422e+01
   8.3304800e+05   1.9592285e+01
   8.3495600e+05   1.6784668e+01
   8.3568500e+05   6.1584473e+01
   8.3622800e+05   1.5319824e+01
   8.3649300e+05   6.6894531e+01
   8.3654100e+05   2.9785156e+01
   8.3659900e+05   3.0883789e+01
   8.3661000e+05   2.1362305e+01
   8.3663200e+05   1.9836426e+01
   8.3666400e+05   6.6650391e+01
   8.4082800e+05   1.6662598e+01
   8.4188100e+05   1.6357422e+01
   8.4519200e+05   1.7333984e+01
   8.4536300e+05   6.4147949e+01
   8.4543000e+05   1.5014648e+01
   8.4546500e+05   6.4636230e+01
   8.4598700e+05   1.6601562e+01
   8.4614800e+05   1.6296387e+01
   8.4639900e+05   6.2255859e+01
   8.4655100e+05   6.8298340e+01
   8.4664100e+05   1.5441895e+01
   8.4713100e+05   6.8298340e+01
   8.4714300e+05   1.6723633e+01
   8.4765600e+05   1.5014648e+01
   8.4819100e+05   1.4831543e+01
   8.4857500e+05   1.4953613e+01
   8.4864700e+05   1.4282227e+01
   8.4902200e+05   1.4587402e+01
   8.4929100e+05   1.5380859e+01
   8.4939400e+05   1.4282227e+01
   8.4943200e+05   6.4270020e+01
   8.4944600e+05   1.5197754e+01
   8.4953400e+05   1.5991211e+01
   8.4958900e+05   1.4282227e+01
   8.5028800e+05   1.5197754e+01
   8.5043300e+05   1.5441895e+01
   8.5308500e+05   1.7944336e+01
   8.5364000e+05   1.5380859e+01
   8.5380600e+05   1.5258789e+01
   8.5386400e+05   1.5625000e+01
   8.5389200e+05   1.4648438e+01
   8.5393300e+05   2.0385742e+01
   8.5394400e+05   1.7211914e+01
   8.5397100e+05   1.5441895e+01
   8.5402900e+05   1.5686035e+01
   8.5421700e+05   1.4526367e+01
   8.5529700e+05   1.5075684e+01
   8.5546700e+05   6.5246582e+01
   8.5552900e+05   6.3293457e+01
   8.5585100e+05   6.3110352e+01
   8.5600800e+05   1.5686035e+01
   8.5633600e+05   1.8127441e+01
   8.5641400e+05   6.9641113e+01
   8.5659800e+05   1.6601562e+01
   8.5675700e+05   1.4465332e+01
   8.5690500e+05   1.6479492e+01
   8.5694500e+05   6.5673828e+01
   8.5734100e+05   6.3476562e+01
   8.5764800e+05   1.6418457e+01
   8.5783600e+05   1.9226074e+01
   8.5809900e+05   1.4343262e+01
   8.5812500e+05   7.4523926e+01
   8.5860800e+05   1.6479492e+01
   8.6033400e+05   1.5380859e+01
   8.6087600e+05   1.6662598e+01
   8.6230100e+05   6.9946289e+01
   8.6374200e+05   1.6052246e+01
   8.6401800e+05   2.1972656e+01
   8.6404500e+05   1.8554688e+01
   8.6406400e+05   8.0017090e+01
   8.6408100e+05   1.7211914e+01
   8.6411000e+05   7.0190430e+01
   8.6414700e+05   6.6345215e+01
   8.6887500e+05   1.5197754e+01
   8.7071800e+05   1.4648438e+01
   8.7148300e+05   6.8298340e+01
   8.7176000e+05   1.5380859e+01
   8.7217700e+05   6.3476562e+01
   8.7381000e+05   6.7565918e+01
   8.7430300e+05   1.4709473e+01
   8.7490300e+05   6.4636230e+01
   8.7493800e+05   1.5380859e+01
   8.7525500e+05   1.4404297e+01
   8.7527800e+05   1.6052246e+01
   8.7530500e+05   8.3801270e+01
   8.7533200e+05   6.8847656e+01
   8.7535900e+05   7.0617676e+01
   8.8089400e+05   1.5319824e+01
   8.8260900e+05   6.4208984e+01
   8.8382200e+05   6.4514160e+01
   8.8419300e+05   6.1950684e+01
   8.8424000e+05   1.5808105e+01
   8.8470700e+05   1.4831543e+01
   8.8474900e+05   7.1105957e+01
   8.8478200e+05   1.6174316e+01
   8.8480600e+05   1.7639160e+01
   8.8499600e+05   6.6955566e+01
   8.8522100e+05   1.5625000e+01
   8.8525000e+05   1.5197754e+01
   8.8528100e+05   1.4526367e+01
   8.8563400e+05   1.5319824e+01
   8.8583500e+05   1.5014648e+01
   8.8597700e+05   1.4648438e+01
   8.8600800e+05   1.8859863e+01
   8.8602700e+05   1.6052246e+01
   8.8606500e+05   6.4819336e+01
   8.8987300e+05   2.0996094e+01
   8.9001000e+05   1.5991211e+01
   8.9007300e+05   6.8542480e+01
   8.9009400e+05   1.6845703e+01
   8.9020800e+05   7.0678711e+01
   8.9302400e+05   1.5441895e+01
   8.9323900e+05   7.4768066e+01
   8.9355700e+05   1.5197754e+01
   8.9410000e+05   1.6357422e+01
   8.9423300e+05   6.5551758e+01
   8.9433700e+05   1.5014648e+01
   8.9490100e+05   1.4343262e+01
   8.9523000e+05   1.7456055e+01
   8.9525200e+05   6.5673828e+01
   8.9534100e+05   1.6296387e+01
   8.9544400e+05   1.4465332e+01
   8.9549500e+05   1.4465332e+01
   8.9555200e+05   1.7028809e+01
   8.9650200e+05   1.4953613e+01
   8.9660100e+05   6.6955566e+01
   8.9675100e+05   2.0996094e+01
   8.9681100e+05   1.7761230e+01
   8.9683600e+05   7.0922852e+01
   8.9958800e+05   1.4648438e+01
   8.9993500e+05   1.6479492e+01
   9.0009200e+05   1.6174316e+01
   9.0016300e+05   6.6711426e+01
   9.0022500e+05   1.5014648e+01
   9.0025100e+05   2.1179199e+01
   9.0027000e+05   5.6457520e+01
   9.0029800e+05   1.8371582e+01
   9.0032600e+05   1.4404297e+01
   9.0034700e+05   6.7565918e+01
   9.0209200e+05   1.7883301e+01
   9.0226100e+05   1.5991211e+01
   9.0285000e+05   1.5319824e+01
   9.0312500e+05   6.5979004e+01
   9.0356400e+05   1.5686035e+01
   9.0362800e+05   6.8481445e+01
   9.0367300e+05   2.0080566e+01
   9.0374900e+05   6.4636230e+01
   9.0425100e+05   1.4953613e+01
   9.0429800e+05   1.5502930e+01
   9.0436900e+05   1.6418457e+01
   9.0444100e+05   6.8420410e+01
   9.0452700e+05   6.6833496e+01
   9.0471000e+05   1.4343262e+01
   9.0477900e+05   1.7211914e+01
   9.0482600e+05   1.4770508e+01
   9.0536600e+05   1.4343262e+01
   9.0555900e+05   1.4343262e+01
   9.1114300e+05   1.4526367e+01
   9.1121000e+05   1.5441895e+01
   9.1252700e+05   1.5197754e+01
   9.1271000e+05   7.2448730e+01
   9.1294100e+05   1.6479492e+01
   9.1316100e+05   6.3049316e+01
   9.1333100e+05   1.5197754e+01
   9.1347700e+05   1.5686035e+01
   9.1349400e+05   7.0861816e+01
   9.1388100e+05   6.3598633e+01
   9.1392500e+05   1.5258789e+01
   9.1397000e+05   7.0983887e+01
   9.1433100e+05   1.7761230e+01
   9.1438400e+05   1.4953613e+01
   9.1443400e+05   7.5988770e+01
   9.1898900e+05   1.5930176e+01
   9.1913000e+05   1.6113281e+01
   9.1919100e+05   5.9326172e+01
   9.1954000e+05   1.6662598e+01
   9.1962100e+05   1.4343262e+01
   9.2008000e+05   1.9653320e+01
   9.2012900e+05   6.4819336e+01
   9.2129200e+05   1.5075684e+01
   9.2132000e+05   1.4892578e+01
   9.2190200e+05   6.6345215e+01
   9.2201800e+05   6.8725586e+01
   9.2210100e+05   1.8188477e+01
   9.2232000e+05   1.6662598e+01
   9.2237600e+05   6.6223145e+01
   9.2254200e+05   6.6772461e+01
   9.2263900e+05   1.4709473e+01
   9.2276200e+05   1.4770508e+01
   9.2296900e+05   6.2316895e+01
   9.2337500e+05   6.1218262e+01
   9.2355700e+05   1.5380859e+01
   9.2382200e+05   7.8430176e+01
   9.2386400e+05   1.5808105e+01
   9.2445500e+05   7.2204590e+01
   9.2460000e+05   6.6345215e+01
   9.2519900e+05   1.4343262e+01
   9.2525600e+05   7.4890137e+01
   9.2531500e+05   1.4648438e+01
   9.2537600e+05   1.5075684e+01
   9.2578200e+05   1.6540527e+01
   9.2683300e+05   1.5380859e+01
   9.2691100e+05   1.5258789e+01
   9.2717600e+05   1.8615723e+01
   9.2720700e+05   6.7199707e+01
   9.2742300e+05   1.6174316e+01
   9.2773100e+05   1.5441895e+01
   9.2781400e+05   5.2307129e+01
   9.2785600e+05   1.7639160e+01
   9.2788900e+05   1.6052246e+01
   9.2793400e+05   6.4331055e+01
   9.2838100e+05   1.5136719e+01
   9.2841300e+05   1.7517090e+01
   9.2842900e+05   2.0324707e+01
   9.3367200e+05   1.8127441e+01
   9.3405200e+05   1.4709473e+01
   9.3591900e+05   6.8908691e+01
   9.3614800e+05   6.4270020e+01
   9.3643000e+05   1.5930176e+01
   9.3667700e+05   1.4953613e+01
   9.3758200e+05   6.7016602e+01
   9.3767300e+05   1.5991211e+01
   9.3793100e+05   1.7395020e+01
   9.3806700e+05   1.5258789e+01
   9.3813700e+05   1.5014648e+01
   9.3815200e+05   1.8127441e+01
   9.3831000e+05   6.2622070e+01
   9.3852000e+05   1.8005371e+01
   9.3860800e+05   6.4270020e+01
   9.4060600e+05   6.2683105e+01
   9.4287600e+05   1.5014648e+01
   9.4501700e+05   1.6601562e+01
   9.4513500e+05   6.6833496e+01
   9.4537700e+05   6.2133789e+01
   9.4548600e+05   6.6040039e+01
   9.4551600e+05   1.4831543e+01
   9.4563900e+05   1.6540527e+01
   9.4572100e+05   1.4343262e+01
   9.4634600e+05   1.4587402e+01
   9.4647100e+05   1.7517090e+01
   9.4663000e+05   1.8188477e+01
   9.4743200e+05   1.4526367e+01
   9.4775000e+05   1.5991211e+01
   9.4779900e+05   1.4587402e+01
   9.4782400e+05   6.1767578e+01
   9.4785500e+05   1.6235352e+01
   9.4789800e+05   1.5808105e+01
   9.4794400e+05   1.4465332e+01
   9.5302300e+05   1.5441895e+01
   9.5327800e+05   1.4404297e+01
   9.5333400e+05   7.3120117e+01
   9.5341800e+05   1.5441895e+01
   9.5382200e+05   1.5625000e+01
   9.5388300e+05   1.7028809e+01
   9.5407600e+05   6.6650391e+01
   9.5419100e+05   1.4831543e+01
   9.5432800e+05   6.5246582e+01
   9.5450600e+05   1.5686035e+01
   9.5457100e+05   6.6955566e+01
   9.5458100e+05   1.7883301e+01
   9.5584900e+05   1.4770508e+01
   9.5606000e+05   1.8249512e+01
   9.5607100e+05   7.4707031e+01
   9.5638800e+05   6.4758301e+01
   9.6104200e+05   6.3903809e+01
   9.6118700e+05   1.5625000e+01
   9.6123900e+05   7.0739746e+01
   9.6135300e+05   1.6418457e+01
   9.6151500e+05   1.7395020e+01
   9.6181300e+05   1.5991211e+01
   9.6212600e+05   1.5197754e+01
   9.6214900e+05   1.6052246e+01
   9.6216200e+05   7.6965332e+01
   9.6527700e+05   6.0913086e+01
   9.6572100e+05   1.4343262e+01
   9.6574400e+05   7.5561523e+01
   9.6598000e+05   6.3842773e+01
   9.6618000e+05   6.7321777e+01
   9.6635500e+05   6.7810059e+01
   9.6654000e+05   1.6235352e+01
   9.6659800e+05   6.6589355e+01
   9.6690300e+05   6.6162109e+01
   9.6698600e+05   1.5258789e+01
   9.6706200e+05   6.2194824e+01
   9.6750700e+05   7.0129395e+01
   9.6801300e+05   6.7321777e+01
   9.6806900e+05   1.4404297e+01
   9.6869200e+05   1.7761230e+01
   9.6871800e+05   1.6540527e+01
   9.6874700e+05   6.4086914e+01
   9.6969600e+05   2.1423340e+01
   9.6973900e+05   7.2570801e+01
   9.6992200e+05   1.6540527e+01
   9.7528000e+05   6.0974121e+01
   9.7541000e+05   1.6479492e+01
   9.7560200e+05   1.4953613e+01
   9.7567500e+05   1.7395020e+01
   9.7589500e+05   6.6528320e+01
   9.7616100e+05   1.4953613e+01
   9.7643800e+05   6.8359375e+01
   9.7649600e+05   1.6723633e+01
   9.7707000e+05   6.6284180e+01
   9.7722900e+05   6.3476562e+01
   9.7851600e+05   6.4025879e+01
   9.7878300e+05   6.7810059e+01
   9.7956500e+05   7.0800781e+01
   9.7973900e+05   1.6052246e+01
   9.8065500e+05   6.7077637e+01
   9.8101200e+05   1.5075684e+01
   9.8150300e+05   1.7883301e+01
   9.8160600e+05   6.7749023e+01
   9.8260400e+05   1.5441895e+01
   9.8268500e+05   1.5075684e+01
   9.8270000e+05   6.4514160e+01
   9.8282800e+05   1.6357422e+01
   9.8352700e+05   6.5917969e+01
   9.8510000e+05   1.4404297e+01
   9.8511600e+05   6.1828613e+01
   9.8556900e+05   6.2500000e+01
   9.8566000e+05   1.5930176e+01
   9.8571700e+05   6.5368652e+01
   9.8579000e+05   1.5502930e+01
   9.8597200e+05   1.4526367e+01
   9.8601200e+05   1.4404297e+01
   9.8603100e+05   6.0729980e+01
   9.8633200e+05   1.8127441e+01
   9.8638900e+05   6.6955566e+01
   9.8644900e+05   1.5197754e+01
   9.8664400e+05   6.6528320e+01
   9.8691900e+05   6.7260742e+01
   9.8701200e+05   1.4587402e+01
   9.8708700e+05   1.5197754e+01
   9.8734200e+05   1.4770508e+01
   9.8741100e+05   7.2814941e+01
   9.8749100e+05   1.6113281e+01
   9.8761700e+05   6.1828613e+01
   9.8769300e+05   1.7517090e+01
   9.8773500e+05   1.4770508e+01
   9.8802000e+05   6.3720703e+01
   9.8813100e+05   1.4526367e+01
   9.8827700e+05   1.4770508e+01
   9.8833100e+05   6.6345215e+01
   9.8851200e+05   6.6101074e+01
   9.8853500e+05   1.8127441e+01
   9.8858700e+05   1.5197754e+01
   9.8864400e+05   1.6540527e+01
   9.8871600e+05   1.4770508e+01
   9.8898500e+05   1.5075684e+01
   9.8904600e+05   1.7150879e+01
   9.8923200e+05   2.0507812e+01
   9.8927000e+05   1.9897461e+01
   9.8937500e+05   6.5490723e+01
   9.9009600e+05   1.7639160e+01
   9.9019600e+05   1.5197754e+01
   9.9320000e+05   1.6296387e+01
   9.9355200e+05   1.4526367e+01
   9.9388200e+05   7.1228027e+01
   9.9396100e+05   1.8188477e+01
   9.9424400e+05   1.6662598e+01
   9.9444300e+05   7.0800781e+01
   9.9478000e+05   6.6223145e+01
   9.9510500e+05   1.4587402e+01
   9.9520300e+05   1.9531250e+01
   9.9541300e+05   1.6601562e+01
   9.9547700e+05   1.6113281e+01
   9.9553900e+05   1.5441895e+01
   9.9556500e+05   1.4770508e+01
   9.9574900e+05   6.8176270e+01
   9.9578000e+05   1.4343262e+01
   9.9583800e+05   6.1462402e+01
   9.9588700e+05   1.6601562e+01
   9.9606500e+05   2.0080566e+01
   9.9612400e+05   1.5502930e+01
   9.9626200e+05   6.0607910e+01
   9.9728800e+05   6.8420410e+01
   9.9950200e+05   1.5075684e+01
   1.0010210e+06   1.7333984e+01
   1.0014110e+06   1.4648438e+01
   1.0015040e+06   1.5197754e+01
   1.0015940e+06   6.7443848e+01
   1.0018830e+06   1.4282227e+01
   1.0025040e+06   1.4892578e+01
   1.0030440e+06   7.4340820e+01
   1.0045970e+06   1.4282227e+01
   1.0047640e+06   1.5380859e+01
   1.0053950e+06   6.3842773e+01
   1.0071730e+06   6.6650391e+01
   1.0078540e+06   6.4147949e+01
   1.0078650e+06   1.4587402e+01
   1.0082240e+06   1.6723633e+01
   1.0085360e+06   1.4953613e+01
   1.0086820e+06   1.5869141e+01
   1.0087440e+06   1.4953613e+01
   1.0087700e+06   7.5317383e+01
   1.0087970e+06   1.9775391e+01
   1.0088120e+06   2.2766113e+01
   1.0088360e+06   6.0668945e+01
   1.0088610e+06   1.4831543e+01
   1.0099860e+06   1.4892578e+01
   1.0100850e+06   1.4709473e+01
   1.0101250e+06   1.7395020e+01
   1.0152920e+06   6.7199707e+01
   1.0155220e+06   1.5197754e+01
   1.0157150e+06   6.4025879e+01
   1.0159160e+06   1.4343262e+01
   1.0159850e+06   6.7077637e+01
   1.0161210e+06   1.6662598e+01
   1.0161790e+06   6.7260742e+01
   1.0162790e+06   1.6540527e+01
   1.0163390e+06   6.6101074e+01
   1.0165340e+06   1.6784668e+01
   1.0167610e+06   1.6052246e+01
   1.0168150e+06   6.9274902e+01
   1.0169040e+06   1.5502930e+01
   1.0169630e+06   6.3354492e+01
   1.0170480e+06   1.5441895e+01
   1.0174300e+06   1.6235352e+01
   1.0174890e+06   6.3842773e+01
   1.0176780e+06   1.5686035e+01
   1.0176950e+06   6.3720703e+01
   1.0179230e+06   5.9326172e+01
   1.0182370e+06   1.5319824e+01
   1.0182960e+06   6.8176270e+01
   1.0189460e+06   1.5625000e+01
   1.0191170e+06   1.6113281e+01
   1.0191620e+06   1.6784668e+01
   1.0191800e+06   7.4096680e+01
   1.0195750e+06   1.7211914e+01
   1.0207580e+06   7.3852539e+01
   1.0208460e+06   1.6540527e+01
   1.0221770e+06   1.4831543e+01
   1.0227900e+06   1.7761230e+01
   1.0228500e+06   6.6833496e+01
   1.0228740e+06   1.7028809e+01
   1.0229050e+06   1.8493652e+01
   1.0239150e+06   1.6357422e+01
   1.0239290e+06   2.0019531e+01
   1.0241470e+06   1.5319824e+01
   1.0242570e+06   6.4880371e+01
   1.0244270e+06   6.5307617e+01
   1.0246970e+06   1.5136719e+01
   1.0247930e+06   6.5673828e+01
   1.0248280e+06   6.1889648e+01
   1.0299250e+06   1.4526367e+01
   1.0302950e+06   1.5136719e+01
   1.0303360e+06   7.2204590e+01
   1.0304340e+06   1.7028809e+01
   1.0305550e+06   1.4343262e+01
   1.0307410e+06   6.4331055e+01
   1.0309200e+06   1.5441895e+01
   1.0313410e+06   1.9348145e+01
   1.0315430e+06   1.5136719e+01
   1.0316310e+06   1.6723633e+01
   1.0317450e+06   1.4282227e+01
   1.0321440e+06   6.8786621e+01
   1.0321640e+06   1.6235352e+01
   1.0322430e+06   6.6711426e+01
   1.0329340e+06   7.2692871e+01
   1.0336290e+06   7.8674316e+01
   1.0336890e+06   6.7993164e+01
   1.0354080e+06   1.7517090e+01
   1.0377120e+06   1.5136719e+01
   1.0378640e+06   1.7333984e+01
   1.0380070e+06   6.6467285e+01
   1.0381670e+06   1.5014648e+01
   1.0382900e+06   1.6601562e+01
   1.0384610e+06   1.6601562e+01
   1.0385860e+06   1.5380859e+01
   1.0386800e+06   1.8798828e+01
   1.0387750e+06   1.4587402e+01
   1.0388240e+06   6.8115234e+01
   1.0401590e+06   1.4587402e+01
   1.0402300e+06   1.4892578e+01
   1.0444410e+06   1.4465332e+01
   1.0445300e+06   1.7150879e+01
   1.0446170e+06   6.7382812e+01
   1.0446450e+06   1.5014648e+01
   1.0447430e+06   1.4709473e+01
   1.0447900e+06   1.6784668e+01
   1.0449480e+06   1.7761230e+01
   1.0449880e+06   6.3720703e+01
   1.0452070e+06   1.7089844e+01
   1.0453370e+06   1.7211914e+01
   1.0453640e+06   6.2377930e+01
   1.0453910e+06   1.6174316e+01
   1.0454150e+06   7.3181152e+01
   1.0515450e+06   2.2399902e+01
   1.0516990e+06   1.8127441e+01
   1.0517290e+06   7.2021484e+01
   1.0519240e+06   1.4648438e+01
   1.0520680e+06   1.4709473e+01
   1.0521300e+06   6.4392090e+01
   1.0523560e+06   1.6479492e+01
   1.0530190e+06   6.3720703e+01
   1.0530380e+06   1.4526367e+01
   1.0530580e+06   2.3864746e+01
   1.0530760e+06   7.4218750e+01
   1.0531100e+06   7.0068359e+01
   1.0531460e+06   8.8256836e+01
   1.0531560e+06   1.8981934e+01
   1.0634630e+06   6.5551758e+01
   1.0645390e+06   1.5319824e+01
   1.0648080e+06   6.8115234e+01
   1.0651630e+06   1.6723633e+01
   1.0660740e+06   1.7578125e+01
   1.0661070e+06   1.5136719e+01
   1.0662790e+06   3.9245605e+01
   1.0671250e+06   1.4953613e+01
   1.0687280e+06   1.5319824e+01
   1.0687850e+06   6.3354492e+01
   1.0690220e+06   1.5136719e+01
   1.0692050e+06   1.4648438e+01
   1.0692250e+06   7.5012207e+01
   1.0693960e+06   1.6906738e+01
   1.0694560e+06   6.3049316e+01
   1.0697200e+06   5.8227539e+01
   1.0698360e+06   1.7456055e+01
   1.0705060e+06   1.6296387e+01
   1.0706170e+06   6.6528320e+01
   1.0707400e+06   1.6357422e+01
   1.0707510e+06   1.5563965e+01
   1.0707840e+06   1.5319824e+01
   1.0707990e+06   7.1044922e+01
   1.0708270e+06   1.5502930e+01
   1.0728170e+06   1.5197754e+01
   1.0728930e+06   1.4831543e+01
   1.0730900e+06   1.6723633e+01
   1.0731530e+06   6.7260742e+01
   1.0732120e+06   1.4587402e+01
   1.0732240e+06   7.3608398e+01
   1.0734420e+06   6.7565918e+01
   1.0735970e+06   1.4587402e+01
   1.0736470e+06   1.4892578e+01
   1.0739120e+06   1.5136719e+01
   1.0746160e+06   1.4526367e+01
   1.0750490e+06   1.5441895e+01
   1.0752000e+06   7.0617676e+01
   1.0753730e+06   1.5563965e+01
   1.0756560e+06   1.7028809e+01
   1.0757750e+06   1.6113281e+01
   1.0758790e+06   1.5441895e+01
   1.0759230e+06   6.8115234e+01
   1.0760240e+06   1.7944336e+01
   1.0774180e+06   1.4587402e+01
   1.0815490e+06   1.4343262e+01
   1.0816370e+06   6.9885254e+01
   1.0820990e+06   1.8615723e+01
   1.0821290e+06   2.2521973e+01
   1.0821790e+06   6.3903809e+01
   1.0825600e+06   1.7578125e+01
   1.0825830e+06   1.7089844e+01
   1.0830030e+06   6.6284180e+01
   1.0840290e+06   1.4892578e+01
   1.0840560e+06   7.6721191e+01
   1.0840690e+06   2.0324707e+01
   1.0840910e+06   7.2814941e+01
   1.0841220e+06   8.4655762e+01
   1.0913650e+06   1.6479492e+01
   1.0920980e+06   1.6906738e+01
   1.0923500e+06   1.4343262e+01
   1.0926840e+06   1.5502930e+01
   1.0929210e+06   1.4282227e+01
   1.0933740e+06   1.5441895e+01
   1.0935590e+06   1.4709473e+01
   1.0936750e+06   1.4282227e+01
   1.0937100e+06   6.5002441e+01
   1.0945780e+06   7.0129395e+01
   1.0946450e+06   1.4404297e+01
   1.0955350e+06   1.5136719e+01
   1.0955830e+06   6.6406250e+01
   1.0957990e+06   6.2561035e+01
   1.0958860e+06   1.6479492e+01
   1.0959430e+06   6.6406250e+01
   1.0962590e+06   1.5930176e+01
   1.0962890e+06   6.9396973e+01
   1.0965100e+06   6.2561035e+01
   1.0966240e+06   1.6113281e+01
   1.0967540e+06   1.5625000e+01
   1.0967860e+06   5.9692383e+01
   1.0969550e+06   1.7639160e+01
   1.0970180e+06   6.3293457e+01
   1.0971880e+06   6.4819336e+01
   1.0973110e+06   1.7028809e+01
   1.0977510e+06   1.5747070e+01
   1.0977640e+06   7.6477051e+01
   1.0981980e+06   6.6955566e+01
   1.0982560e+06   1.4465332e+01
   1.0985540e+06   1.5869141e+01
   1.0985850e+06   6.3659668e+01
   1.0988070e+06   1.8249512e+01
   1.0988680e+06   6.5490723e+01
   1.0991250e+06   6.2255859e+01
   1.0996170e+06   1.5441895e+01
   1.0996740e+06   6.5002441e+01
   1.1003330e+06   1.7578125e+01
   1.1008680e+06   6.6589355e+01
   1.1014270e+06   1.6479492e+01
   1.1015240e+06   1.7272949e+01
   1.1016280e+06   1.7944336e+01
   1.1016940e+06   6.7260742e+01
   1.1017050e+06   1.7028809e+01
   1.1017900e+06   1.9165039e+01
   1.1021670e+06   1.4709473e+01
   1.1025410e+06   2.4230957e+01
   1.1025760e+06   6.7443848e+01
   1.1025870e+06   1.5319824e+01
   1.1026280e+06   1.4892578e+01
   1.1102810e+06   1.4404297e+01
   1.1104150e+06   7.0861816e+01
   1.1116710e+06   1.4282227e+01
   1.1123660e+06   7.3425293e+01
   1.1127020e+06   1.5197754e+01
   1.1129480e+06   6.2927246e+01
   1.1129740e+06   1.6174316e+01
   1.1130780e+06   6.6894531e+01
   1.1131050e+06   1.4404297e+01
   1.1140220e+06   1.5136719e+01
   1.1141550e+06   1.4404297e+01
   1.1141930e+06   6.8237305e+01
   1.1143440e+06   1.7333984e+01
   1.1144320e+06   1.5380859e+01
   1.1145430e+06   1.5991211e+01
   1.1146290e+06   6.8542480e+01
   1.1150620e+06   1.4343262e+01
   1.1150850e+06   1.6784668e+01
   1.1151110e+06   6.7321777e+01
   1.1177740e+06   1.5686035e+01
   1.1178550e+06   1.4404297e+01
   1.1183730e+06   6.7687988e+01
   1.1185620e+06   1.5258789e+01
   1.1190270e+06   1.4648438e+01
   1.1190530e+06   1.9409180e+01
   1.1190940e+06   6.4392090e+01
   1.1237970e+06   6.6223145e+01
   1.1238250e+06   1.5136719e+01
   1.1239780e+06   1.6174316e+01
   1.1240560e+06   1.6174316e+01
   1.1246420e+06   1.7517090e+01
   1.1247000e+06   7.3974609e+01
   1.1285750e+06   1.7211914e+01
   1.1295230e+06   1.5625000e+01
   1.1304070e+06   1.4404297e+01
   1.1305060e+06   1.5136719e+01
   1.1307440e+06   6.3537598e+01
   1.1312910e+06   1.4404297e+01
   1.1313200e+06   7.5073242e+01
   1.1313720e+06   7.6110840e+01
   1.1342710e+06   1.6174316e+01
   1.1344790e+06   6.5368652e+01
   1.1347690e+06   6.6162109e+01
   1.1349840e+06   1.9287109e+01
   1.1350660e+06   6.5917969e+01
   1.1353860e+06   1.4465332e+01
   1.1354600e+06   1.8859863e+01
   1.1355150e+06   1.9897461e+01
   1.1358330e+06   1.7150879e+01
   1.1358960e+06   1.6113281e+01
   1.1359520e+06   1.5258789e+01
   1.1360220e+06   6.7626953e+01
   1.1423210e+06   1.6479492e+01
   1.1424370e+06   1.6479492e+01
   1.1427800e+06   6.4147949e+01
   1.1430700e+06   1.6174316e+01
   1.1431530e+06   1.5563965e+01
   1.1432110e+06   1.7456055e+01
   1.1432900e+06   6.3232422e+01
   1.1433570e+06   1.8066406e+01
   1.1434670e+06   6.8176270e+01
   1.1439830e+06   1.4587402e+01
   1.1441680e+06   1.8371582e+01
   1.1442280e+06   1.9775391e+01
   1.1442490e+06   1.6906738e+01
   1.1442870e+06   1.6113281e+01
   1.1443350e+06   6.3476563e+01
   1.1447240e+06   1.6174316e+01
   1.1448270e+06   2.1911621e+01
   1.1448660e+06   1.5075684e+01
   1.1448800e+06   7.5195312e+01
   1.1462190e+06   1.7944336e+01
   1.1475110e+06   1.5625000e+01
   1.1475300e+06   1.6967773e+01
   1.1475630e+06   2.5146484e+01
   1.1475820e+06   1.8615723e+01
   1.1476080e+06   7.0007324e+01
   1.1476330e+06   7.0800781e+01
   1.1476700e+06   6.0791016e+01
   1.1583760e+06   1.8920898e+01
   1.1583880e+06   1.4648438e+01
   1.1584730e+06   1.7883301e+01
   1.1584840e+06   6.1645508e+01
   1.1606530e+06   1.7028809e+01
   1.1609370e+06   6.5490723e+01
   1.1611960e+06   6.2683105e+01
   1.1613310e+06   6.7932129e+01
   1.1613650e+06   6.5673828e+01
   1.1622900e+06   1.5502930e+01
   1.1623910e+06   1.6723633e+01
   1.1638400e+06   1.6479492e+01
   1.1639560e+06   1.5563965e+01
   1.1641200e+06   1.4343262e+01
   1.1642220e+06   1.4770508e+01
   1.1643010e+06   1.5686035e+01
   1.1644350e+06   6.6772461e+01
   1.1646880e+06   1.5441895e+01
   1.1647580e+06   1.5869141e+01
   1.1647710e+06   7.6477051e+01
   1.1701720e+06   1.4831543e+01
   1.1701950e+06   6.2927246e+01
   1.1702350e+06   1.7211914e+01
   1.1702550e+06   1.6662598e+01
   1.1779680e+06   1.6845703e+01
   1.1779810e+06   7.8552246e+01
   1.1780110e+06   1.9836426e+01
   1.1780310e+06   1.6906738e+01
   1.1780430e+06   1.6235352e+01
   1.1780580e+06   2.3864746e+01
   1.1780810e+06   6.9458008e+01
   1.1780930e+06   1.4526367e+01
   1.1781440e+06   6.8969727e+01
   1.1822070e+06   1.4831543e+01
   1.1824190e+06   1.7456055e+01
   1.1825410e+06   1.5563965e+01
   1.1825670e+06   6.5673828e+01
   1.1825980e+06   7.2143555e+01
   1.1826090e+06   2.0507812e+01
   1.1826330e+06   7.3669434e+01
   1.1888930e+06   6.7077637e+01
   1.1889070e+06   1.7333984e+01
   1.1889290e+06   1.4526367e+01
   1.1897190e+06   1.5258789e+01
   1.1897340e+06   1.5136719e+01
   1.1902730e+06   1.4587402e+01
   1.1906890e+06   1.6723633e+01
   1.1907390e+06   3.2226562e+01
   1.1907640e+06   5.6579590e+01
   1.1907860e+06   2.6489258e+01
   1.1908040e+06   6.6711426e+01
   1.1908350e+06   7.8735352e+01
   1.1908720e+06   7.2875977e+01
   1.1908820e+06   1.6052246e+01
   1.2011670e+06   1.5075684e+01
   1.2035630e+06   1.4282227e+01
   1.2035990e+06   1.9653320e+01
   1.2036160e+06   2.8015137e+01
   1.2036510e+06   1.8371582e+01
   1.2072980e+06   1.6296387e+01
   1.2086730e+06   1.6906738e+01
   1.2109190e+06   1.5869141e+01
   1.2123670e+06   1.8615723e+01
   1.2134850e+06   1.5502930e+01
   1.2136970e+06   6.3537598e+01
   1.2139430e+06   1.5075684e+01
   1.2139580e+06   1.8859863e+01
   1.2139970e+06   6.3842773e+01
   1.2140200e+06   2.4169922e+01
   1.2140320e+06   1.8737793e+01
   1.2140610e+06   6.6101074e+01
   1.2184410e+06   1.5563965e+01
   1.2209240e+06   1.5319824e+01
   1.2216030e+06   1.4770508e+01
   1.2216170e+06   1.8981934e+01
   1.2221560e+06   6.8054199e+01
   1.2222870e+06   6.5795898e+01
   1.2223480e+06   1.5991211e+01
   1.2224870e+06   1.4770508e+01
   1.2226490e+06   1.4953613e+01
   1.2226900e+06   6.5185547e+01
   1.2229960e+06   1.4343262e+01
   1.2234180e+06   1.4465332e+01
   1.2235600e+06   1.9042969e+01
   1.2237340e+06   1.6296387e+01
   1.2238220e+06   6.3781738e+01
   1.2239040e+06   2.8198242e+01
   1.2239570e+06   7.0678711e+01
   1.2239850e+06   1.5014648e+01
   1.2290990e+06   1.4587402e+01
   1.2338960e+06   1.5014648e+01
   1.2339710e+06   6.3537598e+01
   1.2343280e+06   1.6723633e+01
   1.2343910e+06   7.0068359e+01
   1.2349910e+06   1.4648438e+01
   1.2350200e+06   2.2399902e+01
   1.2350590e+06   1.7272949e+01
   1.2350810e+06   1.9958496e+01
   1.2351020e+06   6.5917969e+01
   1.2351120e+06   2.7221680e+01
   1.2351250e+06   2.0141602e+01
   1.2351700e+06   6.9580078e+01
   1.2408690e+06   1.6113281e+01
   1.2420850e+06   1.5991211e+01
   1.2421180e+06   1.7761230e+01
   1.2423320e+06   6.7138672e+01
   1.2424870e+06   1.4526367e+01
   1.2426600e+06   1.8188477e+01
   1.2435210e+06   1.4770508e+01
   1.2440480e+06   1.7944336e+01
   1.2440900e+06   6.2133789e+01
   1.2444860e+06   1.5258789e+01
   1.2452130e+06   1.4709473e+01
   1.2452710e+06   6.6162109e+01
   1.2491660e+06   1.5747070e+01
   1.2492040e+06   7.0312500e+01
   1.2492140e+06   2.5146484e+01
   1.2492350e+06   1.4587402e+01
   1.2492840e+06   2.0324707e+01
   1.2493080e+06   7.3974609e+01
   1.2493370e+06   1.6174316e+01
   1.2508640e+06   1.5380859e+01
   1.2510650e+06   1.4587402e+01
   1.2511410e+06   1.4831543e+01
   1.2511690e+06   1.5991211e+01
   1.2515780e+06   1.6235352e+01
   1.2519090e+06   1.4953613e+01
   1.2524230e+06   1.5075684e+01
   1.2524480e+06   1.5625000e+01
   1.2526100e+06   7.4890137e+01
   1.2526260e+06   1.4404297e+01
   1.2529700e+06   1.4953613e+01
   1.2530750e+06   1.6418457e+01
   1.2531210e+06   1.4343262e+01
   1.2531340e+06   7.8857422e+01
   1.2531620e+06   1.8005371e+01
   1.2534040e+06   1.4770508e+01
   1.2534580e+06   1.4465332e+01
   1.2535050e+06   1.4770508e+01
   1.2535240e+06   1.4465332e+01
   1.2547450e+06   7.1594238e+01
   1.2548000e+06   1.5747070e+01
   1.2619530e+06   6.2255859e+01
   1.2620400e+06   2.4780273e+01
   1.2621050e+06   1.5625000e+01
   1.2621220e+06   2.0568848e+01
   1.2646350e+06   1.5319824e+01
   1.2654780e+06   1.6601562e+01
   1.2669210e+06   1.4404297e+01
   1.2673310e+06   1.4953613e+01
   1.2709560e+06   1.5441895e+01
   1.2718270e+06   1.5991211e+01
   1.2719400e+06   6.8176270e+01
   1.2719880e+06   1.4282227e+01
   1.2721200e+06   1.4892578e+01
   1.2722970e+06   1.6784668e+01
   1.2726950e+06   6.4636230e+01
   1.2728540e+06   2.3437500e+01
   1.2738680e+06   1.4587402e+01
   1.2740700e+06   1.4282227e+01
   1.2740900e+06   6.8176270e+01
   1.2762770e+06   1.6357422e+01
   1.2768040e+06   6.5979004e+01
   1.2771150e+06   1.4587402e+01
   1.2772140e+06   1.6601562e+01
   1.2776400e+06   6.5856934e+01
   1.2776920e+06   1.6418457e+01
   1.2779570e+06   6.5795898e+01
   1.2781960e+06   6.5002441e+01
   1.2784470e+06   1.7456055e+01
   1.2786920e+06   1.6113281e+01
   1.2790430e+06   1.4953613e+01
   1.2791750e+06   1.6784668e+01
   1.2793300e+06   1.6235352e+01
   1.2793960e+06   1.9287109e+01
   1.2796650e+06   6.6345215e+01
   1.2796860e+06   1.4709473e+01
   1.2800700e+06   1.4770508e+01
   1.2802320e+06   1.6357422e+01
   1.2802710e+06   6.7321777e+01
   1.2860860e+06   2.0446777e+01
   1.2862640e+06   1.4587402e+01
   1.2862900e+06   7.0495605e+01
   1.2864230e+06   6.8603516e+01
   1.2864430e+06   1.4343262e+01
   1.2864820e+06   2.3437500e+01
   1.2865010e+06   1.5991211e+01
   1.2865430e+06   6.4025879e+01
   1.2924500e+06   1.4770508e+01
   1.2935900e+06   1.8188477e+01
   1.2948510e+06   6.3781738e+01
   1.2948680e+06   2.2033691e+01
   1.2949070e+06   2.3559570e+01
   1.2949360e+06   1.9592285e+01
   1.2950120e+06   1.9409180e+01
   1.2950390e+06   6.3659668e+01
   1.3021820e+06   1.5563965e+01
   1.3023270e+06   1.7517090e+01
   1.3025350e+06   6.4758301e+01
   1.3031970e+06   1.5319824e+01
   1.3032100e+06   1.7944336e+01
   1.3033160e+06   1.6479492e+01
   1.3034200e+06   1.8066406e+01
   1.3034600e+06   1.4343262e+01
   1.3036460e+06   6.3171387e+01
   1.3048720e+06   1.5258789e+01
   1.3054400e+06   1.4465332e+01
   1.3056220e+06   1.6113281e+01
   1.3056420e+06   1.5319824e+01
   1.3056650e+06   8.0749512e+01
   1.3057050e+06   1.5441895e+01
   1.3057170e+06   7.3547363e+01
   1.3086920e+06   1.4526367e+01
   1.3089510e+06   1.6784668e+01
   1.3090940e+06   1.8432617e+01
   1.3091460e+06   6.2866211e+01
   1.3092030e+06   1.4770508e+01
   1.3095100e+06   2.1606445e+01
   1.3095410e+06   1.6357422e+01
   1.3095900e+06   1.7395020e+01
   1.3096340e+06   1.4892578e+01
   1.3096480e+06   1.4892578e+01
   1.3096730e+06   7.2631836e+01
   1.3097200e+06   6.9213867e+01
   1.3103960e+06   1.4770508e+01
   1.3108070e+06   1.5197754e+01
   1.3111410e+06   6.6345215e+01
   1.3133740e+06   1.4282227e+01
   1.3136520e+06   1.4770508e+01
   1.3139090e+06   1.5075684e+01
   1.3139650e+06   1.9165039e+01
   1.3140590e+06   7.7087402e+01
   1.3141520e+06   1.4892578e+01
   1.3143530e+06   1.5686035e+01
   1.3149050e+06   6.3598633e+01
   1.3195210e+06   7.1411133e+01
   1.3198320e+06   7.5195312e+01
   1.3198540e+06   1.5869141e+01
   1.3198860e+06   1.5869141e+01
   1.3199070e+06   2.1240234e+01
   1.3199400e+06   6.5490723e+01
   1.3199730e+06   1.6967773e+01
   1.3200310e+06   6.9458008e+01
   1.3241370e+06   1.4587402e+01
   1.3252650e+06   2.0080566e+01
   1.3272240e+06   1.7395020e+01
   1.3283940e+06   7.3364258e+01
   1.3290790e+06   6.3171387e+01
   1.3291620e+06   1.5136719e+01
   1.3292300e+06   6.5307617e+01
   1.3293590e+06   6.3781738e+01
   1.3294390e+06   1.4343262e+01
   1.3297560e+06   1.5014648e+01
   1.3297780e+06   6.5612793e+01
   1.3298160e+06   7.1899414e+01
   1.3298670e+06   1.6967773e+01
   1.3300260e+06   1.7272949e+01
   1.3300510e+06   1.4526367e+01
   1.3301000e+06   7.3425293e+01
   1.3301260e+06   1.8859863e+01
   1.3342720e+06   1.5991211e+01
   1.3361720e+06   1.4526367e+01
   1.3366960e+06   1.5869141e+01
   1.3372320e+06   1.5502930e+01
   1.3373160e+06   6.5429688e+01
   1.3375070e+06   1.6113281e+01
   1.3375490e+06   6.4819336e+01
   1.3377540e+06   6.5124512e+01
   1.3378070e+06   6.8725586e+01
   1.3380480e+06   1.5563965e+01
   1.3382520e+06   6.6711426e+01
   1.3382830e+06   1.4404297e+01
   1.3383580e+06   6.7382812e+01
   1.3384100e+06   1.4526367e+01
   1.3388470e+06   7.2021484e+01
   1.3391770e+06   1.4648437e+01
   1.3394420e+06   6.8542480e+01
   1.3395140e+06   1.4709473e+01
   1.3397670e+06   6.2072754e+01
   1.3398920e+06   2.0019531e+01
   1.3399180e+06   6.7687988e+01
   1.3408310e+06   1.5991211e+01
   1.3410890e+06   1.6540527e+01
   1.3411070e+06   7.1228027e+01
   1.3411660e+06   7.0373535e+01
   1.3412270e+06   1.8127441e+01
   1.3412470e+06   7.3852539e+01
   1.3412570e+06   1.6845703e+01
   1.3412840e+06   1.6784668e+01
   1.3425410e+06   1.7456055e+01
   1.3425630e+06   7.0190430e+01
   1.3431830e+06   6.4941406e+01
   1.3431980e+06   1.5136719e+01
   1.3440060e+06   1.4648438e+01
   1.3450350e+06   1.4404297e+01
   1.3456090e+06   1.5686035e+01
   1.3495520e+06   1.4892578e+01
   1.3497520e+06   1.6601562e+01
   1.3500140e+06   6.8420410e+01
   1.3500930e+06   1.6662598e+01
   1.3501780e+06   1.6235352e+01
   1.3504280e+06   1.6418457e+01
   1.3505410e+06   1.6052246e+01
   1.3513750e+06   6.3842773e+01
   1.3517420e+06   6.3842773e+01
   1.3553150e+06   1.5319824e+01
   1.3567860e+06   1.4465332e+01
   1.3568650e+06   1.7028809e+01
   1.3569640e+06   6.5856934e+01
   1.3572110e+06   1.7028809e+01
   1.3573610e+06   1.5319824e+01
   1.3574300e+06   1.4709473e+01
   1.3584420e+06   1.4648438e+01
   1.3589100e+06   6.2011719e+01
   1.3589930e+06   1.5869141e+01
   1.3590280e+06   1.4465332e+01
   1.3590570e+06   7.7636719e+01
   1.3590730e+06   3.0395508e+01
   1.3591010e+06   1.6113281e+01
   1.3591170e+06   2.3559570e+01
   1.3639540e+06   1.5502930e+01
   1.3651560e+06   1.4770508e+01
   1.3676420e+06   1.5319824e+01
   1.3689210e+06   1.6113281e+01
   1.3690570e+06   6.6955566e+01
   1.3691180e+06   1.5136719e+01
   1.3691400e+06   1.4343262e+01
   1.3694790e+06   6.9702148e+01
   1.3725460e+06   1.5563965e+01
   1.3726160e+06   7.2570801e+01
   1.3728120e+06   1.6174316e+01
   1.3728650e+06   1.8005371e+01
   1.3729080e+06   6.5673828e+01
   1.3734900e+06   1.5136719e+01
   1.3736050e+06   1.7639160e+01
   1.3736800e+06   1.5502930e+01
   1.3738510e+06   2.1606445e+01
   1.3739820e+06   1.8798828e+01
   1.3742580e+06   5.9814453e+01
   1.3743370e+06   1.7211914e+01
   1.3749180e+06   1.4404297e+01
   1.3758010e+06   1.6662598e+01
   1.3767130e+06   7.6782227e+01
   1.3769410e+06   1.4404297e+01
   1.3770020e+06   6.3537598e+01
   1.3772110e+06   1.4892578e+01
   1.3772310e+06   7.2021484e+01
   1.3774090e+06   1.5502930e+01
   1.3774690e+06   6.2072754e+01
   1.3777980e+06   5.9692383e+01
   1.3778570e+06   1.4770508e+01
   1.3781800e+06   6.1889648e+01
   1.3782200e+06   1.4343262e+01
   1.3782530e+06   6.4758301e+01
   1.3783220e+06   1.6052246e+01
   1.3785350e+06   6.0119629e+01
   1.3786370e+06   1.7150879e+01
   1.3788630e+06   1.6601562e+01
   1.3789150e+06   7.2326660e+01
   1.3789250e+06   1.5319824e+01
   1.3791610e+06   1.5869141e+01
   1.3792180e+06   6.6467285e+01
   1.3792880e+06   1.4404297e+01
   1.3794560e+06   6.4514160e+01
   1.3795050e+06   1.5930176e+01
   1.3795920e+06   1.4709473e+01
   1.3796070e+06   1.7517090e+01
   1.3796310e+06   7.3669434e+01
   1.3796640e+06   1.4770508e+01
   1.3796860e+06   2.5817871e+01
   1.3797160e+06   6.9580078e+01
   1.3825630e+06   6.4880371e+01
   1.3827140e+06   1.5502930e+01
   1.3844180e+06   2.0751953e+01
   1.3844540e+06   1.5319824e+01
   1.3844690e+06   1.7395020e+01
   1.3880810e+06   1.7456055e+01
   1.3883230e+06   7.0068359e+01
   1.3898700e+06   1.8249512e+01
   1.3900530e+06   1.5197754e+01
   1.3909190e+06   1.5136719e+01
   1.3910280e+06   1.5747070e+01
   1.3913620e+06   1.9470215e+01
   1.3915650e+06   1.7395020e+01
   1.3916940e+06   1.6052246e+01
   1.3921030e+06   1.5686035e+01
   1.3922290e+06   1.4648438e+01
   1.3922920e+06   1.4343262e+01
   1.3923400e+06   6.3171387e+01
   1.3923510e+06   1.4648438e+01
   1.3923780e+06   1.6601562e+01
   1.3923880e+06   1.4892578e+01
   1.3924120e+06   1.6906738e+01
   1.3931740e+06   6.3171387e+01
   1.3939200e+06   6.8664551e+01
   1.3949040e+06   6.6467285e+01
   1.3954490e+06   1.5197754e+01
   1.3959750e+06   1.4831543e+01
   1.3961560e+06   6.7565918e+01
   1.3962080e+06   1.5625000e+01
   1.3993340e+06   1.5991211e+01
   1.3993930e+06   1.4282227e+01
   1.3994880e+06   6.6223145e+01
   1.3996450e+06   1.6662598e+01
   1.3996630e+06   6.1462402e+01
   1.3996750e+06   1.5502930e+01
   1.4022470e+06   1.8493652e+01
   1.4024540e+06   1.6662598e+01
   1.4025820e+06   6.4453125e+01
   1.4026770e+06   1.4343262e+01
   1.4035620e+06   1.4526367e+01
   1.4041120e+06   1.7456055e+01
   1.4051160e+06   1.5441895e+01
   1.4051330e+06   7.2631836e+01
   1.4052720e+06   1.7883301e+01
   1.4052990e+06   1.6296387e+01
   1.4053770e+06   6.7321777e+01
   1.4058850e+06   1.7028809e+01
   1.4060830e+06   7.2509766e+01
   1.4061540e+06   1.6296387e+01
   1.4064920e+06   1.4648437e+01
   1.4066670e+06   6.7260742e+01
   1.4067090e+06   7.7697754e+01
   1.4074020e+06   1.4282227e+01
   1.4086610e+06   1.4770508e+01
   1.4111110e+06   1.5014648e+01
   1.4123920e+06   1.6296387e+01
   1.4124450e+06   6.4086914e+01
   1.4127440e+06   1.6601562e+01
   1.4127600e+06   5.9875488e+01
   1.4149000e+06   1.4587402e+01
   1.4150720e+06   1.7272949e+01
   1.4160390e+06   1.4709473e+01
   1.4161600e+06   1.4770508e+01
   1.4165080e+06   6.8237305e+01
   1.4165480e+06   1.4465332e+01
   1.4165980e+06   6.5612793e+01
   1.4168850e+06   1.7395020e+01
   1.4170120e+06   6.5673828e+01
   1.4172430e+06   1.5625000e+01
   1.4174620e+06   1.5380859e+01
   1.4175660e+06   1.5197754e+01
   1.4177350e+06   1.6357422e+01
   1.4178480e+06   1.5380859e+01
   1.4183880e+06   1.5808105e+01
   1.4184890e+06   1.7272949e+01
   1.4186550e+06   6.7687988e+01
   1.4190270e+06   1.4892578e+01
   1.4224380e+06   6.4819336e+01
   1.4226940e+06   1.9470215e+01
   1.4228300e+06   1.4831543e+01
   1.4244040e+06   6.4636230e+01
   1.4254290e+06   6.1584473e+01
   1.4256390e+06   6.5490723e+01
   1.4257430e+06   1.4526367e+01
   1.4258920e+06   1.5563965e+01
   1.4264720e+06   7.1044922e+01
   1.4264980e+06   1.5563965e+01
   1.4267610e+06   1.6357422e+01
   1.4269250e+06   1.7456055e+01
   1.4270180e+06   1.4831543e+01
   1.4270670e+06   6.9152832e+01
   1.4271600e+06   1.5197754e+01
   1.4275920e+06   1.5136719e+01
   1.4277110e+06   1.8127441e+01
   1.4278260e+06   1.7150879e+01
   1.4278770e+06   1.7578125e+01
   1.4279030e+06   1.7395020e+01
   1.4297160e+06   1.5686035e+01
   1.4339520e+06   1.7944336e+01
   1.4343230e+06   8.6486816e+01
   1.4343550e+06   1.7272949e+01
   1.4348500e+06   1.7456055e+01
   1.4350460e+06   1.4953613e+01
   1.4350940e+06   6.2866211e+01
   1.4354090e+06   1.4892578e+01
   1.4354570e+06   1.4282227e+01
   1.4355020e+06   6.3964844e+01
   1.4419300e+06   2.1240234e+01
   1.4419440e+06   6.9335938e+01
   1.4419660e+06   2.3071289e+01
   1.4490100e+06   6.5673828e+01
   1.4498090e+06   6.2744141e+01
   1.4503280e+06   1.4465332e+01
   1.4504780e+06   1.5563965e+01
   1.4505080e+06   1.7089844e+01
   1.4505340e+06   1.6601562e+01
   1.4505610e+06   6.5185547e+01
   1.4556300e+06   1.7272949e+01
   1.4558590e+06   1.4953613e+01
   1.4565050e+06   1.6052246e+01
   1.4566480e+06   1.4587402e+01
   1.4567690e+06   1.6479492e+01
   1.4568560e+06   6.3537598e+01
   1.4570750e+06   1.5014648e+01
   1.4575550e+06   1.5014648e+01
   1.4577840e+06   1.4282227e+01
   1.4593000e+06   1.5258789e+01
   1.4594050e+06   6.7504883e+01
   1.4596890e+06   1.4404297e+01
   1.4597480e+06   1.4892578e+01
   1.4598070e+06   1.5747070e+01
   1.4599860e+06   6.2988281e+01
   1.4601150e+06   1.8066406e+01
   1.4601860e+06   1.8676758e+01
   1.4602300e+06   6.4208984e+01
   1.4605920e+06   1.7089844e+01
   1.4619610e+06   1.5075684e+01
   1.4620190e+06   1.7822266e+01
   1.4621400e+06   1.5991211e+01
   1.4622140e+06   1.5319824e+01
   1.4622260e+06   7.4951172e+01
   1.4622400e+06   1.8249512e+01
   1.4622670e+06   2.7893066e+01
   1.4623080e+06   6.6528320e+01
   1.4623330e+06   5.6579590e+01
   1.4623540e+06   7.9833984e+01
   1.4623810e+06   7.6232910e+01
   1.4623930e+06   1.4831543e+01
   1.4624200e+06   1.6357422e+01
   1.4729940e+06   3.7475586e+01
   1.4730520e+06   1.8920898e+01
   1.4788660e+06   1.6967773e+01
   1.4803240e+06   1.4953613e+01
   1.4814080e+06   1.5075684e+01
   1.4821280e+06   6.5734863e+01
   1.4822160e+06   1.5808105e+01
   1.4823430e+06   1.6174316e+01
   1.4824070e+06   1.5441895e+01
   1.4824760e+06   1.8005371e+01
   1.4826000e+06   1.5014648e+01
   1.4828560e+06   6.7993164e+01
   1.4835950e+06   1.7639160e+01
   1.4855890e+06   1.5441895e+01
   1.4864420e+06   1.4648438e+01
   1.4876950e+06   1.5808105e+01
   1.4883860e+06   1.7211914e+01
   1.4896500e+06   1.5563965e+01
   1.4898610e+06   6.4331055e+01
   1.4900340e+06   1.5075684e+01
   1.4903510e+06   1.7089844e+01
   1.4906260e+06   1.5258789e+01
   1.4908460e+06   1.4343262e+01
   1.4908640e+06   1.4770508e+01
   1.4909140e+06   1.8493652e+01
   1.4909390e+06   6.8969727e+01
   1.4910080e+06   2.1789551e+01
   1.4916680e+06   1.7028809e+01
   1.4916940e+06   7.5927734e+01
   1.4917430e+06   1.5136719e+01
   1.4917680e+06   1.4892578e+01
   1.4918080e+06   6.7565918e+01
   1.4985420e+06   1.4282227e+01
   1.4993120e+06   6.2194824e+01
   1.5001450e+06   1.6296387e+01
   1.5008390e+06   1.8066406e+01
   1.5027730e+06   6.9335938e+01
   1.5029780e+06   6.8664551e+01
   1.5030590e+06   6.7138672e+01
   1.5031040e+06   6.7016602e+01
   1.5032550e+06   1.5930176e+01
   1.5035770e+06   1.4648438e+01
   1.5044850e+06   6.6894531e+01
   1.5054640e+06   1.6113281e+01
   1.5056180e+06   1.4770508e+01
   1.5056980e+06   6.2927246e+01
   1.5060320e+06   1.6906738e+01
   1.5061010e+06   1.8920898e+01
   1.5061560e+06   7.0312500e+01
   1.5063280e+06   1.7578125e+01
   1.5101670e+06   6.4147949e+01
   1.5101770e+06   1.5930176e+01
   1.5102080e+06   1.8676758e+01
   1.5102890e+06   1.5502930e+01
   1.5107190e+06   6.2927246e+01
   1.5128070e+06   7.0556641e+01
   1.5148260e+06   1.5502930e+01
   1.5152140e+06   1.7517090e+01
   1.5155950e+06   1.5808105e+01
   1.5157220e+06   6.2255859e+01
   1.5163810e+06   1.9042969e+01
   1.5164050e+06   6.6894531e+01
   1.5183200e+06   1.7517090e+01
   1.5186710e+06   1.6235352e+01
   1.5189500e+06   1.4953613e+01
   1.5193040e+06   6.4697266e+01
   1.5193630e+06   1.6296387e+01
   1.5197160e+06   6.3110352e+01
   1.5199360e+06   1.4709473e+01
   1.5200150e+06   1.8127441e+01
   1.5202560e+06   6.4880371e+01
   1.5202780e+06   1.5136719e+01
   1.5205990e+06   1.4465332e+01
   1.5206090e+06   1.4465332e+01
   1.5207900e+06   1.7761230e+01
   1.5208580e+06   6.4086914e+01
   1.5208970e+06   7.0495605e+01
   1.5209130e+06   1.6967773e+01
   1.5213200e+06   1.6296387e+01
   1.5229580e+06   1.6174316e+01
   1.5240530e+06   1.6479492e+01
   1.5248820e+06   1.6296387e+01
   1.5249820e+06   6.1645508e+01
   1.5257760e+06   1.6296387e+01
   1.5259540e+06   1.4587402e+01
   1.5280450e+06   1.4648438e+01
   1.5280570e+06   7.1044922e+01
   1.5281800e+06   6.4086914e+01
   1.5282370e+06   1.5258789e+01
   1.5282960e+06   6.6467285e+01
   1.5284440e+06   6.8420410e+01
   1.5286240e+06   1.9409180e+01
   1.5286570e+06   7.0556641e+01
   1.5290780e+06   1.6235352e+01
   1.5291360e+06   5.9570312e+01
   1.5291700e+06   1.5747070e+01
   1.5292600e+06   1.4282227e+01
   1.5293150e+06   7.0739746e+01
   1.5294130e+06   1.4526367e+01
   1.5294690e+06   6.5551758e+01
   1.5297890e+06   6.4880371e+01
   1.5303260e+06   1.6479492e+01
   1.5303420e+06   7.0800781e+01
   1.5304280e+06   6.3659668e+01
   1.5307790e+06   1.6784668e+01
   1.5308320e+06   7.3303223e+01
   1.5309570e+06   1.7272949e+01
   1.5310350e+06   6.1096191e+01
   1.5310930e+06   1.5197754e+01
   1.5313370e+06   6.2866211e+01
   1.5316230e+06   4.4921875e+01
   1.5317180e+06   1.8249512e+01
   1.5321430e+06   6.5368652e+01
   1.5324700e+06   1.5563965e+01
   1.5325280e+06   1.5319824e+01
   1.5334610e+06   1.7517090e+01
   1.5335460e+06   7.0007324e+01
   1.5337570e+06   1.5747070e+01
   1.5338410e+06   1.7883301e+01
   1.5340730e+06   1.8005371e+01
   1.5341400e+06   6.3415527e+01
   1.5342500e+06   6.2072754e+01
   1.5349180e+06   1.4709473e+01
   1.5355060e+06   1.4282227e+01
   1.5356300e+06   7.6171875e+01
   1.5359220e+06   1.4526367e+01
   1.5369250e+06   1.5625000e+01
   1.5369630e+06   1.4282227e+01
   1.5370240e+06   7.3974609e+01
   1.5370880e+06   1.8676758e+01
   1.5372990e+06   1.7700195e+01
   1.5375510e+06   6.2988281e+01
   1.5377890e+06   1.8127441e+01
   1.5383030e+06   1.7700195e+01
   1.5383730e+06   6.5856934e+01
   1.5384580e+06   1.5930176e+01
   1.5386280e+06   1.5075684e+01
   1.5404370e+06   1.4343262e+01
   1.5407300e+06   1.4953613e+01
   1.5409900e+06   1.9653320e+01
   1.5410390e+06   1.5136719e+01
   1.5410490e+06   1.7822266e+01
   1.5410840e+06   6.8664551e+01
   1.5414130e+06   1.7456055e+01
   1.5416310e+06   7.1716309e+01
   1.5446680e+06   6.3354492e+01
   1.5447030e+06   7.7331543e+01
   1.5448770e+06   1.7578125e+01
   1.5477010e+06   1.4953613e+01
   1.5480200e+06   6.9702148e+01
   1.5480860e+06   1.5014648e+01
   1.5485260e+06   1.9165039e+01
   1.5486640e+06   1.5258789e+01
   1.5489790e+06   1.7517090e+01
   1.5491240e+06   1.4343262e+01
   1.5499840e+06   1.4709473e+01
   1.5515110e+06   1.4587402e+01
   1.5520960e+06   1.6723633e+01
   1.5554270e+06   1.5808105e+01
   1.5559690e+06   1.4282227e+01
   1.5567020e+06   1.4465332e+01
   1.5594270e+06   1.4465332e+01
   1.5594570e+06   1.6662598e+01
   1.5599890e+06   1.4587402e+01
   1.5600580e+06   1.7150879e+01
   1.5601360e+06   1.9104004e+01
   1.5601690e+06   1.6601562e+01
   1.5601940e+06   1.5625000e+01
   1.5658800e+06   1.4526367e+01
   1.5682190e+06   6.2927246e+01
   1.5691030e+06   2.3498535e+01
   1.5691350e+06   6.5246582e+01
   1.5699700e+06   1.5014648e+01
   1.5707080e+06   6.7382812e+01
   1.5725560e+06   1.6235352e+01
   1.5728970e+06   6.4025879e+01
   1.5733650e+06   1.4953613e+01
   1.5739910e+06   1.6967773e+01
   1.5740300e+06   6.5124512e+01
   1.5742650e+06   1.6906738e+01
   1.5753270e+06   1.7333984e+01
   1.5766460e+06   1.4770508e+01
   1.5771990e+06   1.7395020e+01
   1.5772160e+06   7.1838379e+01
   1.5784180e+06   6.3659668e+01
   1.5805230e+06   6.4392090e+01
   1.5829070e+06   1.4709473e+01
   1.5829840e+06   1.6967773e+01
   1.5833290e+06   7.4218750e+01
   1.5836100e+06   1.9470215e+01
   1.5837050e+06   1.4404297e+01
   1.5848970e+06   1.4892578e+01
   1.5850340e+06   1.5563965e+01
   1.5851130e+06   1.6113281e+01
   1.5853950e+06   6.6894531e+01
   1.5854510e+06   1.4953613e+01
   1.5855280e+06   1.4282227e+01
   1.5859610e+06   1.6235352e+01
   1.5859750e+06   1.4648438e+01
   1.5860050e+06   6.6406250e+01
   1.5872250e+06   1.8798828e+01
   1.5874420e+06   6.4758301e+01
   1.5881510e+06   1.7456055e+01
   1.5882130e+06   1.4892578e+01
   1.5882240e+06   7.2204590e+01
   1.5888380e+06   1.8127441e+01
   1.5889380e+06   1.7456055e+01
   1.5890620e+06   6.6040039e+01
   1.5893260e+06   1.4343262e+01
   1.5901860e+06   1.5747070e+01
   1.5910120e+06   1.4526367e+01
   1.5911320e+06   1.4343262e+01
   1.5917060e+06   1.5014648e+01
   1.5933950e+06   1.4343262e+01
   1.5939280e+06   1.4953613e+01
   1.5948760e+06   1.4526367e+01
   1.5958330e+06   2.2094727e+01
   1.5965220e+06   6.3049316e+01
   1.5965330e+06   1.7578125e+01
   1.5973980e+06   7.2692871e+01
   1.5974090e+06   1.6418457e+01
   1.5974600e+06   1.4526367e+01
   1.5975100e+06   1.5686035e+01
   1.5977740e+06   1.4648438e+01
   1.5978260e+06   1.5625000e+01
   1.5979740e+06   1.4465332e+01
   1.5987480e+06   1.9470215e+01
   1.5999670e+06   1.5197754e+01
   1.6079780e+06   1.4343262e+01
   1.6085810e+06   2.1362305e+01
   1.6086030e+06   7.5927734e+01
   1.6089290e+06   1.8310547e+01
   1.6089660e+06   6.7016602e+01
   1.6176080e+06   1.8981934e+01
   1.6191080e+06   1.5869141e+01
   1.6196340e+06   1.5319824e+01
   1.6201240e+06   1.5808105e+01
   1.6207430e+06   1.4587402e+01
   1.6223400e+06   1.4282227e+01
   1.6225250e+06   1.6601562e+01
   1.6226200e+06   1.5686035e+01
   1.6226620e+06   6.5185547e+01
   1.6229380e+06   1.6052246e+01
   1.6236880e+06   6.3232422e+01
   1.6249730e+06   1.6540527e+01
   1.6250380e+06   6.3903809e+01
   1.6286320e+06   1.5136719e+01
   1.6292990e+06   1.5747070e+01
   1.6299100e+06   6.3232422e+01
   1.6306920e+06   7.3608398e+01
   1.6307090e+06   1.6113281e+01
   1.6308250e+06   1.5686035e+01
   1.6309530e+06   7.6171875e+01
   1.6312460e+06   1.6113281e+01
   1.6313900e+06   1.7578125e+01
   1.6319230e+06   1.4709473e+01
   1.6321230e+06   1.6174316e+01
   1.6422430e+06   1.6113281e+01
   1.6423200e+06   1.5075684e+01
   1.6423940e+06   6.1950684e+01
   1.6431110e+06   1.6357422e+01
   1.6431290e+06   6.6406250e+01
   1.6509790e+06   1.5502930e+01
   1.6513220e+06   1.9775391e+01
   1.6514550e+06   1.7395020e+01
   1.6516380e+06   1.5502930e+01
   1.6517480e+06   1.5380859e+01
   1.6517650e+06   1.5258789e+01
   1.6518140e+06   1.9348145e+01
   1.6518490e+06   1.6540527e+01
   1.6518630e+06   1.8554688e+01
   1.6518990e+06   1.6967773e+01
   1.6519140e+06   1.5502930e+01
   1.6599980e+06   7.0983887e+01
   1.6606700e+06   6.5124512e+01
   1.6606980e+06   1.5441895e+01
   1.6607660e+06   2.1057129e+01
   1.6645440e+06   1.5747070e+01
   1.6673400e+06   7.2143555e+01
   1.6675800e+06   1.4831543e+01
   1.6676070e+06   1.4770508e+01
   1.6677840e+06   6.9274902e+01
   1.6679860e+06   2.0324707e+01
   1.6680980e+06   1.5075684e+01
   1.6682460e+06   1.7089844e+01
   1.6683590e+06   1.6784668e+01
   1.6685790e+06   1.5563965e+01
   1.6687460e+06   1.5502930e+01
   1.6688780e+06   1.6357422e+01
   1.6688960e+06   5.1269531e+01
   1.6690000e+06   1.7944336e+01
   1.6691110e+06   1.7395020e+01
   1.6691770e+06   1.7333984e+01
   1.6697540e+06   1.5319824e+01
   1.6698430e+06   1.5075684e+01
   1.6699360e+06   1.5686035e+01
   1.6700850e+06   1.5258789e+01
   1.6741840e+06   1.5014648e+01
   1.6744990e+06   1.9531250e+01
   1.6745480e+06   6.2133789e+01
   1.6747490e+06   1.5441895e+01
   1.6750010e+06   1.7456055e+01
   1.6754120e+06   1.6357422e+01
   1.6758940e+06   1.4282227e+01
   1.6759660e+06   1.5258789e+01
   1.6761520e+06   1.5747070e+01
   1.6763530e+06   6.7077637e+01
   1.6763750e+06   1.4831543e+01
   1.6764880e+06   1.4404297e+01
   1.6765580e+06   1.8005371e+01
   1.6765690e+06   8.2458496e+01
   1.6765840e+06   1.5808105e+01
   1.6766320e+06   7.2570801e+01
   1.6781780e+06   1.4953613e+01
   1.6808050e+06   1.6418457e+01
   1.6831720e+06   1.5380859e+01
   1.6840350e+06   1.4587402e+01
   1.6841770e+06   1.5319824e+01
   1.6843630e+06   1.6784668e+01
   1.6845420e+06   6.8908691e+01
   1.6845860e+06   1.6235352e+01
   1.6849300e+06   7.3120117e+01
   1.6882650e+06   6.3293457e+01
   1.6883710e+06   1.4648438e+01
   1.6884270e+06   6.4819336e+01
   1.6888360e+06   6.4086914e+01
   1.6890510e+06   1.4526367e+01
   1.6893000e+06   6.4025879e+01
   1.6895010e+06   1.6418457e+01
   1.6897170e+06   6.9335938e+01
   1.6899030e+06   1.6235352e+01
   1.6905060e+06   1.6418457e+01
   1.6911550e+06   1.5747070e+01
   1.6912540e+06   1.4770508e+01
   1.6912840e+06   1.8554688e+01
   1.6913110e+06   6.4697266e+01
   1.6913260e+06   1.5441895e+01
   1.6918250e+06   6.2194824e+01
   1.6920570e+06   1.4709473e+01
   1.6921070e+06   7.0678711e+01
   1.6956350e+06   1.5625000e+01
   1.6974420e+06   1.4526367e+01
   1.6974600e+06   6.4514160e+01
   1.6976300e+06   1.6479492e+01
   1.6977310e+06   1.4831543e+01
   1.6977440e+06   1.7944336e+01
   1.6977730e+06   6.7749023e+01
   1.6981580e+06   1.6967773e+01
   1.6992580e+06   7.1289062e+01
   1.6993120e+06   1.4709473e+01
   1.7014900e+06   6.5124512e+01
   1.7017410e+06   1.5014648e+01
   1.7022360e+06   1.5563965e+01
   1.7034000e+06   6.1706543e+01
   1.7034980e+06   1.5075684e+01
   1.7038100e+06   1.5502930e+01
   1.7038330e+06   6.2622070e+01
   1.7040140e+06   1.4770508e+01
   1.7042950e+06   6.3720703e+01
   1.7043710e+06   1.6296387e+01
   1.7047630e+06   6.4697266e+01
   1.7052460e+06   1.6113281e+01
   1.7057730e+06   7.1655273e+01
   1.7059480e+06   1.4892578e+01
   1.7063590e+06   1.6052246e+01
   1.7064740e+06   7.3303223e+01
   1.7068730e+06   7.0739746e+01
   1.7070040e+06   1.8188477e+01
   1.7072120e+06   1.4404297e+01
   1.7072500e+06   6.0852051e+01
   1.7073690e+06   6.3964844e+01
   1.7074450e+06   1.5991211e+01
   1.7075520e+06   1.4465332e+01
   1.7075780e+06   7.3364258e+01
   1.7078090e+06   1.4892578e+01
   1.7079010e+06   6.1889648e+01
   1.7079120e+06   1.4465332e+01
   1.7084770e+06   1.5808105e+01
   1.7085620e+06   2.1179199e+01
   1.7086150e+06   7.2814941e+01
   1.7089320e+06   1.6479492e+01
   1.7091050e+06   1.4892578e+01
   1.7091230e+06   6.8237305e+01
   1.7092860e+06   6.5490723e+01
   1.7093240e+06   1.5502930e+01
   1.7097570e+06   6.6528320e+01
   1.7099140e+06   1.4953613e+01
   1.7099730e+06   6.3354492e+01
   1.7103430e+06   7.0312500e+01
   1.7106600e+06   6.1645508e+01
   1.7109740e+06   6.2561035e+01
   1.7114440e+06   6.4453125e+01
   1.7115400e+06   1.4343262e+01
   1.7115960e+06   6.6528320e+01
   1.7119860e+06   1.8554688e+01
   1.7120150e+06   7.0739746e+01
   1.7120880e+06   1.5380859e+01
   1.7121540e+06   6.4575195e+01
   1.7121850e+06   1.4709473e+01
   1.7130370e+06   1.6418457e+01
   1.7132120e+06   1.5380859e+01
   1.7138640e+06   1.5869141e+01
   1.7144830e+06   5.8837891e+01
   1.7147110e+06   8.0261230e+01
   1.7148350e+06   1.9165039e+01
   1.7148870e+06   1.5380859e+01
   1.7151920e+06   1.8554688e+01
   1.7154600e+06   2.7160645e+01
   1.7154810e+06   5.7006836e+01
   1.7155050e+06   7.1899414e+01
   1.7155270e+06   8.1970215e+01
   1.7155550e+06   6.6467285e+01
   1.7214640e+06   1.5197754e+01
   1.7236100e+06   6.5185547e+01
   1.7236930e+06   1.5930176e+01
   1.7242190e+06   6.4880371e+01
   1.7242320e+06   1.5075684e+01
   1.7243810e+06   1.6235352e+01
   1.7244100e+06   1.6113281e+01
   1.7245890e+06   1.4953613e+01
   1.7247220e+06   1.4465332e+01
   1.7251210e+06   1.4648438e+01
   1.7254460e+06   1.5441895e+01
   1.7372980e+06   1.4953613e+01
   1.7373460e+06   7.0312500e+01
   1.7373560e+06   2.0629883e+01
   1.7381420e+06   1.4953613e+01
   1.7383060e+06   1.4831543e+01
   1.7383250e+06   2.7526855e+01
   1.7383620e+06   2.0935059e+01
   1.7383790e+06   1.9287109e+01
   1.7383900e+06   1.9409180e+01
   1.7384350e+06   6.9885254e+01
   1.7459160e+06   1.4587402e+01
   1.7488900e+06   1.6906738e+01
   1.7502720e+06   1.5014648e+01
   1.7503580e+06   6.3354492e+01
   1.7506240e+06   1.7211914e+01
   1.7507510e+06   5.8410645e+01
   1.7515310e+06   1.4953613e+01
   1.7522910e+06   6.4453125e+01
   1.7523700e+06   1.5991211e+01
   1.7526930e+06   5.8410645e+01
   1.7529940e+06   1.4953613e+01
   1.7533780e+06   1.6967773e+01
   1.7542550e+06   6.3842773e+01
   1.7555090e+06   6.8359375e+01
   1.7559910e+06   1.4953613e+01
   1.7560220e+06   6.5307617e+01
   1.7561630e+06   1.4831543e+01
   1.7563230e+06   1.6174316e+01
   1.7565160e+06   1.6174316e+01
   1.7566030e+06   6.6955566e+01
   1.7575610e+06   1.5380859e+01
   1.7576850e+06   6.2988281e+01
   1.7581880e+06   1.7211914e+01
   1.7582070e+06   7.3059082e+01
   1.7587660e+06   1.6418457e+01
   1.7590900e+06   1.6052246e+01
   1.7593850e+06   1.4648438e+01
   1.7594690e+06   1.5625000e+01
   1.7599240e+06   2.0996094e+01
   1.7600950e+06   1.6235352e+01
   1.7603240e+06   1.5930176e+01
   1.7605010e+06   1.6662598e+01
   1.7606370e+06   1.5258789e+01
   1.7607570e+06   1.8493652e+01
   1.7611920e+06   1.5014648e+01
   1.7656770e+06   1.6296387e+01
   1.7656930e+06   6.6162109e+01
   1.7657370e+06   1.4709473e+01
   1.7682130e+06   2.7038574e+01
   1.7682540e+06   1.6296387e+01
   1.7682740e+06   3.3874512e+01
   1.7683610e+06   7.9162598e+01
   1.7684060e+06   2.4108887e+01
   1.7684250e+06   3.4484863e+01
   1.7684450e+06   7.2570801e+01
   1.7684710e+06   5.3466797e+01
   1.7685070e+06   4.2236328e+01
   1.7685380e+06   2.3803711e+01
   1.7685580e+06   2.6245117e+01
   1.7688470e+06   1.6723633e+01
   1.7688730e+06   3.3752441e+01
   1.7688990e+06   2.1789551e+01
   1.7689180e+06   1.8554688e+01
   1.7689380e+06   2.4963379e+01
   1.7689640e+06   1.4465332e+01
   1.7689830e+06   1.8127441e+01
   1.7690070e+06   1.5502930e+01
   1.7690240e+06   1.5380859e+01
   1.7707240e+06   1.5197754e+01
   1.7735910e+06   1.4892578e+01
   1.7748860e+06   1.9836426e+01
   1.7749220e+06   6.4941406e+01
   1.7755010e+06   6.3354492e+01
   1.7756180e+06   1.7456055e+01
   1.7756770e+06   1.5319824e+01
   1.7757010e+06   1.6174316e+01
   1.7757270e+06   7.0007324e+01
   1.7767940e+06   1.7883301e+01
   1.7770130e+06   7.5622559e+01
   1.7804480e+06   1.4831543e+01
   1.7805630e+06   6.1462402e+01
   1.7807890e+06   1.4770508e+01
   1.7814390e+06   1.7700195e+01
   1.7825400e+06   6.4575195e+01
   1.7825800e+06   1.5258789e+01
   1.7830010e+06   1.7578125e+01
   1.7830940e+06   1.7883301e+01
   1.7831080e+06   7.3730469e+01
   1.7837130e+06   7.5134277e+01
   1.7838000e+06   1.7822266e+01
   1.7838830e+06   1.4282227e+01
   1.7844940e+06   1.9226074e+01
   1.7845460e+06   7.5622559e+01
   1.7908790e+06   1.4770508e+01
   1.7909310e+06   6.4880371e+01
   1.7913070e+06   1.8127441e+01
   1.7913560e+06   2.0141602e+01
   1.7914340e+06   6.3781738e+01
   1.7914500e+06   1.5014648e+01
   1.7914920e+06   2.2766113e+01
   1.7918570e+06   1.5502930e+01
   1.7921060e+06   1.5319824e+01
   1.7921410e+06   1.5319824e+01
   1.7926440e+06   1.6784668e+01
   1.7944180e+06   1.5441895e+01
   1.8003670e+06   7.0251465e+01
   1.8003910e+06   1.4648438e+01
   1.8004040e+06   1.5502930e+01
   1.8004140e+06   2.4719238e+01
   1.8004310e+06   2.1423340e+01
   1.8090340e+06   1.5258789e+01
   1.8112410e+06   6.8176270e+01
   1.8113210e+06   1.5869141e+01
   1.8147120e+06   1.4404297e+01
   1.8176460e+06   1.5197754e+01
   1.8177080e+06   6.1889648e+01
   1.8184190e+06   1.8005371e+01
   1.8184340e+06   1.4587402e+01
   1.8187900e+06   6.4636230e+01
   1.8191290e+06   1.4770508e+01
   1.8194680e+06   1.8859863e+01
   1.8195120e+06   1.4709473e+01
   1.8195390e+06   1.6235352e+01
   1.8195980e+06   1.6357422e+01
   1.8196210e+06   6.7810059e+01
   1.8196340e+06   1.4831543e+01
   1.8196570e+06   2.0629883e+01
   1.8196770e+06   1.8005371e+01
   1.8203980e+06   6.2438965e+01
   1.8208270e+06   1.5197754e+01
   1.8216680e+06   1.6174316e+01
   1.8218840e+06   1.6357422e+01
   1.8224070e+06   1.4526367e+01
   1.8227730e+06   1.5441895e+01
   1.8247390e+06   1.7089844e+01
   1.8253300e+06   1.6052246e+01
   1.8257200e+06   1.5747070e+01
   1.8259370e+06   1.7700195e+01
   1.8259590e+06   7.6354980e+01
   1.8260850e+06   1.7944336e+01
   1.8261390e+06   6.6833496e+01
   1.8282580e+06   1.8981934e+01
   1.8283320e+06   6.5124512e+01
   1.8304980e+06   1.6601562e+01
   1.8307090e+06   1.8859863e+01
   1.8317670e+06   1.6845703e+01
   1.8321450e+06   1.5014648e+01
   1.8328880e+06   1.4282227e+01
   1.8329600e+06   1.4404297e+01
   1.8329930e+06   1.6845703e+01
   1.8330340e+06   6.5246582e+01
   1.8334520e+06   1.6845703e+01
   1.8336870e+06   6.5673828e+01
   1.8337760e+06   6.2866211e+01
   1.8338550e+06   1.4831543e+01
   1.8339150e+06   1.5258789e+01
   1.8340220e+06   1.5319824e+01
   1.8341180e+06   5.9020996e+01
   1.8341320e+06   1.7333984e+01
   1.8343390e+06   6.2866211e+01
   1.8344780e+06   1.4282227e+01
   1.8345370e+06   1.6723633e+01
   1.8345500e+06   1.8188477e+01
   1.8346020e+06   1.4953613e+01
   1.8346200e+06   1.4831543e+01
   1.8346510e+06   5.8593750e+01
   1.8394660e+06   1.4770508e+01
   1.8433560e+06   5.9997559e+01
   1.8433730e+06   1.7578125e+01
   1.8434210e+06   1.4831543e+01
   1.8439430e+06   1.5319824e+01
   1.8439930e+06   1.4282227e+01
   1.8440560e+06   1.5380859e+01
   1.8441770e+06   1.4770508e+01
   1.8442760e+06   1.8798828e+01
   1.8475670e+06   6.3110352e+01
   1.8481210e+06   6.0852051e+01
   1.8483300e+06   1.4465332e+01
   1.8487730e+06   1.5197754e+01
   1.8491340e+06   1.6479492e+01
   1.8494030e+06   1.6235352e+01
   1.8496110e+06   6.5185547e+01
   1.8514430e+06   6.4331055e+01
   1.8520020e+06   1.4282227e+01
   1.8527860e+06   6.0607910e+01
   1.8528580e+06   1.4648438e+01
   1.8538750e+06   1.4831543e+01
   1.8539970e+06   5.8532715e+01
   1.8540440e+06   1.5869141e+01
   1.8543940e+06   1.7028809e+01
   1.8544910e+06   1.7395020e+01
   1.8550290e+06   2.1362305e+01
   1.8552020e+06   1.7578125e+01
   1.8554660e+06   1.5319824e+01
   1.8569620e+06   1.8737793e+01
   1.8572420e+06   1.5136719e+01
   1.8575470e+06   1.6052246e+01
   1.8630340e+06   1.5014648e+01
   1.8699290e+06   1.5808105e+01
   1.8702740e+06   1.4282227e+01
   1.8707170e+06   6.5856934e+01
   1.8714300e+06   1.5991211e+01
   1.8715950e+06   1.4953613e+01
   1.8717710e+06   6.6345215e+01
   1.8719630e+06   6.6589355e+01
   1.8723630e+06   1.6052246e+01
   1.8724530e+06   6.6040039e+01
   1.8726730e+06   6.2805176e+01
   1.8729950e+06   6.5856934e+01
   1.8734010e+06   7.2143555e+01
   1.8734320e+06   1.4404297e+01
   1.8735820e+06   1.5258789e+01
   1.8739090e+06   4.3884277e+01
   1.8746650e+06   1.5319824e+01
   1.8746930e+06   6.9152832e+01
   1.8749300e+06   1.4709473e+01
   1.8751290e+06   1.5014648e+01
   1.8753540e+06   6.4025879e+01
   1.8768320e+06   6.6894531e+01
   1.8768740e+06   1.7028809e+01
   1.8768950e+06   1.5136719e+01
   1.8886260e+06   1.4953613e+01
   1.8913950e+06   1.5258789e+01
   1.8914230e+06   6.7810059e+01
   1.8919130e+06   1.5930176e+01
   1.8929450e+06   1.5808105e+01
   1.8933520e+06   1.7211914e+01
   1.8933810e+06   1.4770508e+01
   1.8934820e+06   2.0263672e+01
   1.8934950e+06   1.6235352e+01
   1.8939030e+06   1.6479492e+01
   1.8940050e+06   2.3254395e+01
   1.8976400e+06   6.2438965e+01
   1.8977070e+06   1.5319824e+01
   1.8977170e+06   1.4465332e+01
   1.8978350e+06   1.8127441e+01
   1.8982280e+06   1.7150879e+01
   1.8982620e+06   6.8298340e+01
   1.8982890e+06   1.5441895e+01
   1.9007940e+06   1.5747070e+01
   1.9018660e+06   1.7639160e+01
   1.9020220e+06   7.5866699e+01
   1.9021650e+06   1.4404297e+01
   1.9026040e+06   1.5441895e+01
   1.9029230e+06   6.2194824e+01
   1.9030070e+06   1.5380859e+01
   1.9041880e+06   1.4770508e+01
   1.9045960e+06   1.7456055e+01
   1.9046860e+06   5.9753418e+01
   1.9051380e+06   1.9165039e+01
   1.9052530e+06   6.6955566e+01
   1.9058830e+06   1.5197754e+01
   1.9059950e+06   7.5439453e+01
   1.9064900e+06   1.7822266e+01
   1.9066430e+06   1.4892578e+01
   1.9066960e+06   6.1096191e+01
   1.9073500e+06   6.4392090e+01
   1.9074570e+06   1.4282227e+01
   1.9080110e+06   1.4587402e+01
   1.9084670e+06   1.5625000e+01
   1.9085520e+06   1.7333984e+01
   1.9088390e+06   1.5075684e+01
   1.9091440e+06   1.6357422e+01
   1.9092830e+06   6.7016602e+01
   1.9102070e+06   1.7700195e+01
   1.9102390e+06   1.5808105e+01
   1.9102540e+06   6.7504883e+01
   1.9158380e+06   2.3559570e+01
   1.9175500e+06   1.5014648e+01
   1.9175770e+06   1.4343262e+01
   1.9185000e+06   6.1218262e+01
   1.9185510e+06   1.5075684e+01
   1.9185770e+06   2.1057129e+01
   1.9193860e+06   1.5197754e+01
   1.9201610e+06   1.9653320e+01
   1.9285770e+06   1.6845703e+01
   1.9286180e+06   6.5429688e+01
   1.9286820e+06   1.5197754e+01
   1.9291410e+06   1.4953613e+01
   1.9293400e+06   6.4025879e+01
   1.9295660e+06   1.4343262e+01
   1.9295900e+06   1.6357422e+01
   1.9296210e+06   2.1057129e+01
   1.9296320e+06   7.7697754e+01
   1.9296520e+06   2.1362305e+01
   1.9296820e+06   1.4587402e+01
   1.9297010e+06   6.4025879e+01
   1.9310370e+06   6.5856934e+01
   1.9312900e+06   6.7626953e+01
   1.9369000e+06   1.4892578e+01
   1.9372480e+06   7.1716309e+01
   1.9377930e+06   1.6967773e+01
   1.9378720e+06   2.3986816e+01
   1.9379320e+06   6.4086914e+01
   1.9437220e+06   1.4343262e+01
   1.9443650e+06   6.7199707e+01
   1.9444670e+06   1.4709473e+01
   1.9450630e+06   1.4465332e+01
   1.9456020e+06   1.8249512e+01
   1.9456940e+06   1.6662598e+01
   1.9461600e+06   1.5441895e+01
   1.9463730e+06   6.6223145e+01
   1.9463990e+06   1.4648437e+01
   1.9465430e+06   1.5075684e+01
   1.9466620e+06   1.5441895e+01
   1.9467420e+06   1.4892578e+01
   1.9470960e+06   1.5380859e+01
   1.9474430e+06   1.4953613e+01
   1.9478850e+06   1.5625000e+01
   1.9482330e+06   1.6174316e+01
   1.9483400e+06   1.6723633e+01
   1.9496620e+06   1.7944336e+01
   1.9498460e+06   1.5197754e+01
   1.9503530e+06   6.3659668e+01
   1.9508910e+06   1.4831543e+01
   1.9511610e+06   6.5734863e+01
   1.9524340e+06   1.4587402e+01
   1.9526840e+06   6.7016602e+01
   1.9527390e+06   6.5185547e+01
   1.9527620e+06   1.7639160e+01
   1.9530870e+06   1.5136719e+01
   1.9535520e+06   1.5686035e+01
   1.9539910e+06   1.6784668e+01
   1.9540550e+06   1.4282227e+01
   1.9541700e+06   6.5307617e+01
   1.9542890e+06   6.8908691e+01
   1.9546480e+06   1.5380859e+01
   1.9550010e+06   1.9531250e+01
   1.9550260e+06   6.3110352e+01
   1.9550570e+06   6.8298340e+01
   1.9550720e+06   1.5625000e+01
   1.9618340e+06   6.4514160e+01
   1.9626060e+06   1.5319824e+01
   1.9627140e+06   1.5319824e+01
   1.9628380e+06   1.7517090e+01
   1.9628660e+06   7.3669434e+01
   1.9632130e+06   1.5930176e+01
   1.9658530e+06   1.5197754e+01
   1.9673120e+06   1.7517090e+01
   1.9673440e+06   6.8420410e+01
   1.9673540e+06   1.5075684e+01
   1.9674130e+06   1.9409180e+01
   1.9674300e+06   2.3071289e+01
   1.9674740e+06   6.7077637e+01
   1.9675290e+06   1.6357422e+01
   1.9696930e+06   1.7639160e+01
   1.9697740e+06   1.5991211e+01
   1.9698460e+06   1.4282227e+01
   1.9701910e+06   1.4648438e+01
   1.9758140e+06   6.5979004e+01
   1.9758710e+06   1.9042969e+01
   1.9759050e+06   1.4465332e+01
   1.9759370e+06   2.6794434e+01
   1.9814800e+06   1.4404297e+01
   1.9835750e+06   1.6113281e+01
   1.9843110e+06   1.4648438e+01
   1.9849510e+06   6.2438965e+01
   1.9854210e+06   1.7822266e+01
   1.9856890e+06   1.5014648e+01
   1.9857210e+06   6.2072754e+01
   1.9862510e+06   1.4831543e+01
   1.9862990e+06   1.4343262e+01
   1.9863770e+06   6.0485840e+01
   1.9864520e+06   1.4770508e+01
   1.9868190e+06   1.7272949e+01
   1.9868430e+06   7.3425293e+01
   1.9875380e+06   1.4831543e+01
   1.9877450e+06   6.1279297e+01
   1.9879310e+06   1.5441895e+01
   1.9880000e+06   1.5625000e+01
   1.9880100e+06   1.5319824e+01
   1.9887420e+06   6.6406250e+01
   1.9918920e+06   1.6113281e+01
   1.9936800e+06   6.1279297e+01
   1.9940500e+06   1.6418457e+01
   1.9946170e+06   6.2011719e+01
   1.9949440e+06   1.5258789e+01
   1.9951450e+06   1.5930176e+01
   1.9953750e+06   2.1179199e+01
   1.9954150e+06   6.2805176e+01
   1.9967880e+06   1.6845703e+01
   1.9971870e+06   1.7150879e+01
   1.9976730e+06   1.8554688e+01
   1.9977850e+06   6.5490723e+01
   1.9981070e+06   1.5197754e+01
   1.9984810e+06   1.5380859e+01
   1.9985380e+06   7.5195312e+01
   1.9986630e+06   6.5551758e+01
   1.9990160e+06   1.6906738e+01
   1.9990840e+06   7.0251465e+01
   1.9991100e+06   1.8432617e+01
   1.9992080e+06   1.4343262e+01
   1.9992610e+06   6.0729980e+01
   1.9993000e+06   1.5014648e+01
   1.9994180e+06   1.4709473e+01
   1.9994690e+06   6.5002441e+01
   1.9995400e+06   1.6418457e+01
   1.9996610e+06   1.5991211e+01
   1.9997250e+06   6.3293457e+01
   1.9999680e+06   1.6174316e+01
   2.0000390e+06   6.4697266e+01
   2.0003060e+06   1.4465332e+01
   2.0003300e+06   7.0190430e+01
   2.0005920e+06   1.5075684e+01
   2.0006280e+06   6.3537598e+01
   2.0009510e+06   1.8249512e+01
   2.0011780e+06   6.7626953e+01
   2.0014510e+06   6.8359375e+01
   2.0018090e+06   1.5380859e+01
   2.0019050e+06   6.1462402e+01
   2.0021210e+06   1.5686035e+01
   2.0044540e+06   1.5930176e+01
   2.0045640e+06   1.5502930e+01
   2.0046060e+06   7.0556641e+01
   2.0049530e+06   1.7456055e+01
   2.0054550e+06   1.5869141e+01
   2.0055310e+06   6.8908691e+01
   2.0060030e+06   1.8859863e+01
   2.0066030e+06   1.7395020e+01
   2.0069430e+06   6.5307617e+01
   2.0073270e+06   1.5075684e+01
   2.0073800e+06   6.3415527e+01
   2.0073910e+06   1.7761230e+01
   2.0094120e+06   1.4709473e+01
   2.0096370e+06   6.5002441e+01
   2.0097050e+06   1.7883301e+01
   2.0101050e+06   1.7639160e+01
   2.0102950e+06   1.5136719e+01
   2.0105650e+06   1.5014648e+01
   2.0108810e+06   1.4892578e+01
   2.0112300e+06   1.5563965e+01
   2.0112500e+06   7.1228027e+01
   2.0113330e+06   1.8188477e+01
   2.0115040e+06   1.4648438e+01
   2.0132060e+06   1.5991211e+01
   2.0134930e+06   6.4208984e+01
   2.0139670e+06   1.4770508e+01
   2.0141570e+06   5.8349609e+01
   2.0143620e+06   1.5869141e+01
   2.0146130e+06   1.6540527e+01
   2.0147210e+06   1.4526367e+01
   2.0149330e+06   1.6723633e+01
   2.0150790e+06   1.5747070e+01
   2.0151140e+06   6.9519043e+01
   2.0156620e+06   1.5869141e+01
   2.0156920e+06   8.7036133e+01
   2.0157870e+06   1.6235352e+01
   2.0158000e+06   1.9714355e+01
   2.0161780e+06   1.7883301e+01
   2.0161930e+06   2.9052734e+01
   2.0162100e+06   6.0974121e+01
   2.0162320e+06   7.0068359e+01
   2.0162540e+06   7.3547363e+01
   2.0162810e+06   6.3110352e+01
   2.0244940e+06   1.4770508e+01
   2.0252380e+06   6.1767578e+01
   2.0252650e+06   1.5258789e+01
   2.0284450e+06   1.4953613e+01
   2.0317750e+06   1.5869141e+01
   2.0319670e+06   1.6601562e+01
   2.0324200e+06   1.5380859e+01
   2.0326030e+06   5.8959961e+01
   2.0336000e+06   1.5075684e+01
   2.0336290e+06   1.4282227e+01
   2.0337440e+06   6.5124512e+01
   2.0343270e+06   4.7973633e+01
   2.0378400e+06   1.4404297e+01
   2.0393500e+06   1.5197754e+01
   2.0401980e+06   1.4648438e+01
   2.0402250e+06   6.2744141e+01
   2.0405990e+06   1.4709473e+01
   2.0406520e+06   6.2072754e+01
   2.0407540e+06   1.4526367e+01
   2.0408070e+06   6.6772461e+01
   2.0408960e+06   1.7089844e+01
   2.0411630e+06   1.7700195e+01
   2.0412100e+06   6.4880371e+01
   2.0413730e+06   1.4648438e+01
   2.0415870e+06   1.4770508e+01
   2.0416400e+06   6.0363770e+01
   2.0418730e+06   1.7578125e+01
   2.0419000e+06   6.5673828e+01
   2.0422900e+06   1.5686035e+01
   2.0423480e+06   6.6284180e+01
   2.0425640e+06   1.8981934e+01
   2.0426920e+06   1.4404297e+01
   2.0432640e+06   1.7700195e+01
   2.0436100e+06   1.4282227e+01
   2.0436670e+06   6.9091797e+01
   2.0441560e+06   1.7211914e+01
   2.0442520e+06   6.1706543e+01
   2.0451970e+06   6.4208984e+01
   2.0453440e+06   1.6906738e+01
   2.0458480e+06   6.5795898e+01
   2.0459040e+06   1.5014648e+01
   2.0483100e+06   6.2377930e+01
   2.0484830e+06   1.4587402e+01
   2.0489940e+06   1.4343262e+01
   2.0491970e+06   6.6345215e+01
   2.0496300e+06   1.6235352e+01
   2.0499290e+06   1.5380859e+01
   2.0536020e+06   1.5991211e+01
   2.0536910e+06   6.3964844e+01
   2.0537860e+06   1.5563965e+01
   2.0539580e+06   1.5075684e+01
   2.0542870e+06   3.4973145e+01
   2.0543050e+06   1.4770508e+01
   2.0547950e+06   1.4404297e+01
   2.0552500e+06   2.2033691e+01
   2.0563890e+06   1.6784668e+01
   2.0568740e+06   1.6479492e+01
   2.0571050e+06   1.5258789e+01
   2.0571930e+06   6.4697266e+01
   2.0574030e+06   1.5136719e+01
   2.0575590e+06   1.6479492e+01
   2.0578190e+06   1.4648438e+01
   2.0580600e+06   6.1401367e+01
   2.0595910e+06   1.4831543e+01
   2.0597020e+06   1.8676758e+01
   2.0598440e+06   6.6162109e+01
   2.0599040e+06   1.4709473e+01
   2.0635580e+06   1.7517090e+01
   2.0637210e+06   1.6845703e+01
   2.0637530e+06   7.2631836e+01
   2.0642770e+06   3.6315918e+01
   2.0643480e+06   1.7333984e+01
   2.0645240e+06   1.6052246e+01
   2.0645660e+06   6.2255859e+01
   2.0651380e+06   1.4404297e+01
   2.0656990e+06   7.2570801e+01
   2.0659090e+06   1.6723633e+01
   2.0659600e+06   6.5063477e+01
   2.0676930e+06   1.5197754e+01
   2.0690450e+06   1.4648438e+01
   2.0700790e+06   6.2744141e+01
   2.0706810e+06   2.1850586e+01
   2.0717230e+06   6.1889648e+01
   2.0721400e+06   1.5502930e+01
   2.0722340e+06   1.6174316e+01
   2.0726070e+06   6.6223145e+01
   2.0728610e+06   1.5075684e+01
   2.0728990e+06   1.5258789e+01
   2.0729260e+06   1.4343262e+01
   2.0729860e+06   7.0190430e+01
   2.0730040e+06   2.3742676e+01
   2.0735740e+06   6.2500000e+01
   2.0735970e+06   1.6662598e+01
   2.0737590e+06   1.4404297e+01
   2.0742790e+06   1.9653320e+01
   2.0744130e+06   1.6784668e+01
   2.0747600e+06   1.4343262e+01
   2.0750110e+06   1.8737793e+01
   2.0750830e+06   1.4709473e+01
   2.0754210e+06   1.4465332e+01
   2.0754490e+06   1.4404297e+01
   2.0758890e+06   1.4831543e+01
   2.0763300e+06   1.6113281e+01
   2.0764610e+06   1.4343262e+01
   2.0768860e+06   1.8127441e+01
   2.0785350e+06   1.6357422e+01
   2.0793160e+06   1.7395020e+01
   2.0794970e+06   1.6052246e+01
   2.0796700e+06   7.2204590e+01
   2.0848780e+06   6.1584473e+01
   2.0853840e+06   1.4404297e+01
   2.0854140e+06   6.7687988e+01
   2.0854410e+06   1.8737793e+01
   2.0863770e+06   1.5869141e+01
   2.0944410e+06   1.7272949e+01
   2.0945310e+06   1.4953613e+01
   2.0947100e+06   1.9775391e+01
   2.0948070e+06   6.4453125e+01
   2.0950410e+06   3.8146973e+01
   2.0951230e+06   6.6528320e+01
   2.0951510e+06   6.2988281e+01
   2.0956620e+06   6.1279297e+01
   2.0957110e+06   1.5380859e+01
   2.0962430e+06   1.7150879e+01
   2.0966340e+06   6.0852051e+01
   2.0967390e+06   1.4892578e+01
   2.0968750e+06   1.8676758e+01
   2.0971480e+06   1.6113281e+01
   2.0971870e+06   6.7016602e+01
   2.0986520e+06   1.4343262e+01
   2.0989010e+06   1.6418457e+01
   2.1003930e+06   1.6784668e+01
   2.1059390e+06   1.4953613e+01
   2.1060650e+06   5.6335449e+01
   2.1076660e+06   1.5136719e+01
   2.1077270e+06   6.6162109e+01
   2.1081340e+06   1.5502930e+01
   2.1081590e+06   1.4465332e+01
   2.1081800e+06   6.5246582e+01
   2.1088400e+06   1.6052246e+01
   2.1088640e+06   1.4465332e+01
   2.1088980e+06   6.8725586e+01
   2.1089470e+06   1.7333984e+01
   2.1095860e+06   1.5625000e+01
   2.1097920e+06   1.4892578e+01
   2.1100160e+06   1.5441895e+01
   2.1101270e+06   1.4282227e+01
   2.1102070e+06   6.3842773e+01
   2.1102870e+06   1.4282227e+01
   2.1107520e+06   1.8188477e+01
   2.1110640e+06   1.6845703e+01
   2.1117150e+06   1.7761230e+01
   2.1118220e+06   1.6906738e+01
   2.1118400e+06   7.0800781e+01
   2.1119100e+06   1.4709473e+01
   2.1134190e+06   1.7333984e+01
   2.1142200e+06   1.6174316e+01
   2.1152100e+06   6.2194824e+01
   2.1152810e+06   1.5197754e+01
   2.1154100e+06   1.6235352e+01
   2.1155920e+06   1.5197754e+01
   2.1156770e+06   1.5625000e+01
   2.1157070e+06   1.9287109e+01
   2.1157780e+06   6.5185547e+01
   2.1159670e+06   6.1462402e+01
   2.1159880e+06   1.6906738e+01
   2.1160250e+06   7.0312500e+01
   2.1191780e+06   1.4404297e+01
   2.1229970e+06   6.6711426e+01
   2.1231930e+06   1.6723633e+01
   2.1232320e+06   1.8859863e+01
   2.1232890e+06   6.4941406e+01
   2.1254330e+06   1.5014648e+01
   2.1261420e+06   1.7150879e+01
   2.1266940e+06   7.3486328e+01
   2.1267040e+06   1.4526367e+01
   2.1271070e+06   1.6479492e+01
   2.1272950e+06   1.5197754e+01
   2.1274790e+06   1.6296387e+01
   2.1275600e+06   1.5869141e+01
   2.1302820e+06   1.4770508e+01
   2.1305100e+06   6.3354492e+01
   2.1306460e+06   1.9104004e+01
   2.1308040e+06   1.7883301e+01
   2.1310450e+06   1.4404297e+01
   2.1310660e+06   6.3720703e+01
   2.1325610e+06   6.6711426e+01
   2.1342370e+06   6.5063477e+01
   2.1363340e+06   1.7883301e+01
   2.1366690e+06   1.5991211e+01
   2.1371420e+06   6.3598633e+01
   2.1374210e+06   1.5014648e+01
   2.1378610e+06   1.4404297e+01
   2.1381770e+06   1.4343262e+01
   2.1382990e+06   1.5258789e+01
   2.1386780e+06   6.9152832e+01
   2.1390300e+06   1.4770508e+01
   2.1393410e+06   1.5258789e+01
   2.1417040e+06   6.2744141e+01
   2.1417770e+06   1.5502930e+01
   2.1418160e+06   6.9580078e+01
   2.1420600e+06   1.5563965e+01
   2.1421840e+06   1.4282227e+01
   2.1421980e+06   6.2500000e+01
   2.1423170e+06   1.7028809e+01
   2.1423620e+06   6.2255859e+01
   2.1424660e+06   1.5380859e+01
   2.1425980e+06   1.5502930e+01
   2.1426190e+06   6.5307617e+01
   2.1427460e+06   1.4282227e+01
   2.1430370e+06   1.5258789e+01
   2.1430960e+06   6.4331055e+01
   2.1431500e+06   1.6723633e+01
   2.1432250e+06   6.4941406e+01
   2.1433080e+06   1.4770508e+01
   2.1435550e+06   6.4453125e+01
   2.1436910e+06   1.5441895e+01
   2.1437450e+06   6.4270020e+01
   2.1441090e+06   1.5991211e+01
   2.1442010e+06   6.2072754e+01
   2.1443440e+06   1.5075684e+01
   2.1444640e+06   1.7272949e+01
   2.1444890e+06   6.3049316e+01
   2.1447190e+06   1.4282227e+01
   2.1448720e+06   1.4709473e+01
   2.1449130e+06   1.7272949e+01
   2.1449600e+06   7.5561523e+01
   2.1453840e+06   1.5502930e+01
   2.1455910e+06   1.6540527e+01
   2.1457050e+06   1.4404297e+01
   2.1459300e+06   7.3242188e+01
   2.1466770e+06   1.8432617e+01
   2.1475430e+06   1.4343262e+01
   2.1478850e+06   6.6772461e+01
   2.1479260e+06   1.4465332e+01
   2.1482950e+06   1.6479492e+01
   2.1485410e+06   6.6223145e+01
   2.1487610e+06   1.4648438e+01
   2.1489570e+06   1.8310547e+01
   2.1494790e+06   6.2500000e+01
   2.1508100e+06   6.3720703e+01
   2.1521020e+06   6.3537598e+01
   2.1533430e+06   1.4343262e+01
   2.1536200e+06   1.7700195e+01
   2.1536770e+06   6.2927246e+01
   2.1539230e+06   1.4526367e+01
   2.1540200e+06   1.4282227e+01
   2.1541640e+06   1.4770508e+01
   2.1543320e+06   6.5185547e+01
   2.1543590e+06   1.6906738e+01
   2.1543710e+06   1.5502930e+01
   2.1545660e+06   1.6845703e+01
   2.1549370e+06   1.4587402e+01
   2.1550210e+06   1.4404297e+01
   2.1551190e+06   1.5014648e+01
   2.1553820e+06   1.4404297e+01
   2.1554250e+06   1.5930176e+01
   2.1556520e+06   1.6235352e+01
   2.1558680e+06   1.7089844e+01
   2.1559630e+06   1.4404297e+01
   2.1560880e+06   1.4831543e+01
   2.1561270e+06   1.6296387e+01
   2.1562670e+06   1.6845703e+01
   2.1563320e+06   6.2927246e+01
   2.1565660e+06   1.5502930e+01
   2.1566410e+06   1.4587402e+01
   2.1568470e+06   1.6540527e+01
   2.1569140e+06   1.9226074e+01
   2.1569360e+06   6.8908691e+01
   2.1571010e+06   1.6113281e+01
   2.1578390e+06   6.1950684e+01
   2.1579150e+06   1.5808105e+01
   2.1580400e+06   1.5686035e+01
   2.1582700e+06   1.7089844e+01
   2.1585100e+06   1.4892578e+01
   2.1586690e+06   6.3903809e+01
   2.1589870e+06   6.3293457e+01
   2.1595870e+06   1.5075684e+01
   2.1598940e+06   1.8371582e+01
   2.1601330e+06   1.5930176e+01
   2.1604220e+06   1.5014648e+01
   2.1606840e+06   6.4453125e+01
   2.1621790e+06   1.6357422e+01
   2.1633930e+06   1.8127441e+01
   2.1636460e+06   1.5136719e+01
   2.1636900e+06   1.5136719e+01
   2.1637000e+06   1.6906738e+01
   2.1639100e+06   7.1899414e+01
   2.1641400e+06   1.5991211e+01
   2.1643470e+06   6.6711426e+01
   2.1645450e+06   1.6357422e+01
   2.1645880e+06   6.3659668e+01
   2.1650140e+06   1.5136719e+01
   2.1662660e+06   1.4648438e+01
   2.1666550e+06   2.0446777e+01
   2.1667440e+06   6.4514160e+01
   2.1678530e+06   1.5197754e+01
   2.1681660e+06   6.1340332e+01
   2.1681910e+06   1.7333984e+01
   2.1693740e+06   1.5014648e+01
   2.1698230e+06   1.7517090e+01
   2.1701860e+06   7.0922852e+01
   2.1758360e+06   1.5991211e+01
   2.1758590e+06   1.7150879e+01
   2.1758910e+06   1.7883301e+01
   2.1765030e+06   1.6357422e+01
   2.1769030e+06   1.6479492e+01
   2.1769510e+06   6.4392090e+01
   2.1770730e+06   1.4404297e+01
   2.1775500e+06   1.4709473e+01
   2.1776150e+06   1.4648438e+01
   2.1778520e+06   6.3110352e+01
   2.1779700e+06   7.1350098e+01
   2.1787370e+06   1.4282227e+01
   2.1792490e+06   1.7333984e+01
   2.1792730e+06   7.3303223e+01
   2.1796540e+06   1.4465332e+01
   2.1797950e+06   1.7761230e+01
   2.1798130e+06   6.7138672e+01
   2.1798500e+06   1.5686035e+01
   2.1798860e+06   7.1533203e+01
   2.1824780e+06   1.5869141e+01
   2.1835350e+06   1.6723633e+01
   2.1838330e+06   6.3110352e+01
   2.1839260e+06   6.5429688e+01
   2.1840090e+06   1.5441895e+01
   2.1850400e+06   1.4648437e+01
   2.1852650e+06   6.9335937e+01
   2.1853440e+06   1.7578125e+01
   2.1860040e+06   1.4404297e+01
   2.1860860e+06   6.1523438e+01
   2.1865030e+06   1.5197754e+01
   2.1865180e+06   7.4462891e+01
   2.1866490e+06   7.0678711e+01
   2.1867530e+06   1.4404297e+01
   2.1869080e+06   6.2988281e+01
   2.1874370e+06   5.9936523e+01
   2.1876460e+06   1.4343262e+01
   2.1877180e+06   6.2377930e+01
   2.1881840e+06   7.0861816e+01
   2.1885240e+06   1.4648438e+01
   2.1887080e+06   1.5930176e+01
   2.1888720e+06   6.8176270e+01
   2.1890670e+06   1.6967773e+01
   2.1893680e+06   1.6113281e+01
   2.1894330e+06   6.4575195e+01
   2.1901990e+06   1.4282227e+01
   2.1904600e+06   2.1789551e+01
   2.1905440e+06   7.5622559e+01
   2.1905550e+06   1.4709473e+01
   2.1906300e+06   1.5441895e+01
   2.1912730e+06   1.6357422e+01
   2.1913870e+06   6.3171387e+01
   2.1919900e+06   7.4218750e+01
   2.1923290e+06   1.6052246e+01
   2.1927760e+06   1.5075684e+01
   2.1927900e+06   7.3364258e+01
   2.1932230e+06   5.9509277e+01
   2.1932330e+06   1.4831543e+01
   2.1934240e+06   1.5502930e+01
   2.1943090e+06   6.2988281e+01
   2.1956530e+06   6.0729980e+01
   2.1967530e+06   1.5197754e+01
   2.1969420e+06   6.3720703e+01
   2.1979050e+06   1.6113281e+01
   2.1979520e+06   1.5563965e+01
   2.1979630e+06   6.5856934e+01
   2.1984470e+06   1.5441895e+01
   2.1985040e+06   1.4587402e+01
   2.1985840e+06   1.7395020e+01
   2.2107410e+06   6.4147949e+01
   2.2111590e+06   1.7089844e+01
   2.2112250e+06   6.7993164e+01
   2.2112350e+06   1.7028809e+01
   2.2166330e+06   1.6235352e+01
   2.2194730e+06   1.5808105e+01
   2.2195520e+06   1.7089844e+01
   2.2197890e+06   1.6906738e+01
   2.2198230e+06   1.7028809e+01
   2.2198630e+06   1.6113281e+01
   2.2198730e+06   1.9897461e+01
   2.2199010e+06   6.1157227e+01
   2.2199330e+06   1.5319824e+01
   2.2264670e+06   1.5625000e+01
   2.2273170e+06   1.6906738e+01
   2.2273920e+06   1.4709473e+01
   2.2274430e+06   1.5563965e+01
   2.2274550e+06   7.3364258e+01
   2.2284460e+06   1.7639160e+01
   2.2289270e+06   1.7700195e+01
   2.2292130e+06   1.7150879e+01
   2.2298890e+06   6.1340332e+01
   2.2312420e+06   1.5930176e+01
   2.2315000e+06   2.5573730e+01
   2.2315440e+06   6.6894531e+01
   2.2315920e+06   1.6601562e+01
   2.2317660e+06   6.4270020e+01
   2.2318220e+06   7.0434570e+01
   2.2318580e+06   6.8237305e+01
   2.2319550e+06   1.4831543e+01
   2.2322980e+06   1.5625000e+01
   2.2330830e+06   1.4892578e+01
   2.2334930e+06   1.4343262e+01
   2.2342080e+06   1.4404297e+01
   2.2352440e+06   1.5502930e+01
   2.2353200e+06   5.9143066e+01
   2.2358920e+06   1.5380859e+01
   2.2368200e+06   1.5808105e+01
   2.2387130e+06   6.8908691e+01
   2.2387350e+06   1.4892578e+01
   2.2390000e+06   6.3232422e+01
   2.2390590e+06   1.4770508e+01
   2.2391130e+06   6.0485840e+01
   2.2391930e+06   1.4404297e+01
   2.2392440e+06   6.3842773e+01
   2.2394720e+06   1.5014648e+01
   2.2395290e+06   6.6040039e+01
   2.2396710e+06   6.2316895e+01
   2.2397040e+06   1.5930176e+01
   2.2398310e+06   1.4953613e+01
   2.2399880e+06   1.5808105e+01
   2.2400430e+06   6.1889648e+01
   2.2401840e+06   1.4343262e+01
   2.2402730e+06   1.4709473e+01
   2.2402910e+06   1.5014648e+01
   2.2403440e+06   1.5380859e+01
   2.2455570e+06   1.5441895e+01
   2.2455900e+06   1.7700195e+01
   2.2463210e+06   1.4404297e+01
   2.2470790e+06   6.4819336e+01
   2.2471770e+06   1.5930176e+01
   2.2475410e+06   1.6357422e+01
   2.2481830e+06   1.4770508e+01
   2.2482340e+06   1.8005371e+01
   2.2482640e+06   6.4880371e+01
   2.2484330e+06   1.6296387e+01
   2.2484960e+06   1.7211914e+01
   2.2485080e+06   1.9287109e+01
   2.2490800e+06   1.5319824e+01
   2.2493670e+06   1.8005371e+01
   2.2494270e+06   6.3049316e+01
   2.2495970e+06   1.4587402e+01
   2.2524910e+06   6.5185547e+01
   2.2529170e+06   7.0800781e+01
   2.2530250e+06   6.6833496e+01
   2.2537450e+06   1.4465332e+01
   2.2546730e+06   1.4648437e+01
   2.2547580e+06   6.1157227e+01
   2.2551890e+06   1.4465332e+01
   2.2552560e+06   1.5686035e+01
   2.2553250e+06   6.6467285e+01
   2.2554040e+06   1.4282227e+01
   2.2554830e+06   1.4404297e+01
   2.2556460e+06   1.4465332e+01
   2.2556660e+06   6.7382812e+01
   2.2557840e+06   1.5319824e+01
   2.2558730e+06   1.4587402e+01
   2.2560850e+06   2.0446777e+01
   2.2561490e+06   1.6906738e+01
   2.2564340e+06   1.5930176e+01
   2.2565370e+06   6.7871094e+01
   2.2631180e+06   1.4587402e+01
   2.2636010e+06   1.5136719e+01
   2.2641110e+06   1.5075684e+01
   2.2641660e+06   6.4392090e+01
   2.2646290e+06   1.5563965e+01
   2.2647610e+06   7.3852539e+01
   2.2653090e+06   1.9287109e+01
   2.2656430e+06   1.4282227e+01
   2.2658070e+06   1.5930176e+01
   2.2659050e+06   6.3171387e+01
   2.2660000e+06   1.9409180e+01
   2.2662870e+06   1.6540527e+01
   2.2663680e+06   1.8737793e+01
   2.2664620e+06   1.5502930e+01
   2.2665130e+06   1.5808105e+01
   2.2665240e+06   1.8554688e+01
   2.2665890e+06   6.2438965e+01
   2.2666590e+06   1.7517090e+01
   2.2667480e+06   1.5625000e+01
   2.2668130e+06   1.6601562e+01
   2.2668970e+06   1.4831543e+01
   2.2672870e+06   1.7700195e+01
   2.2673750e+06   1.4770508e+01
   2.2674630e+06   6.5246582e+01
   2.2678140e+06   1.4953613e+01
   2.2679350e+06   1.4526367e+01
   2.2680210e+06   7.4157715e+01
   2.2685410e+06   1.7822266e+01
   2.2726460e+06   1.5258789e+01
   2.2726850e+06   1.4953613e+01
   2.2727080e+06   1.4770508e+01
   2.2728320e+06   6.5551758e+01
   2.2735170e+06   1.5869141e+01
   2.2735960e+06   6.4575195e+01
   2.2746160e+06   1.5075684e+01
   2.2750280e+06   1.5014648e+01
   2.2752000e+06   1.7150879e+01
   2.2752560e+06   7.6660156e+01
   2.2769050e+06   1.5380859e+01
   2.2775850e+06   6.2377930e+01
   2.2780540e+06   1.7211914e+01
   2.2792220e+06   1.6174316e+01
   2.2792460e+06   1.8615723e+01
   2.2792570e+06   1.5197754e+01
   2.2793140e+06   6.8481445e+01
   2.2798660e+06   1.5014648e+01
   2.2802230e+06   1.7944336e+01
   2.2809980e+06   1.4892578e+01
   2.2811970e+06   1.6113281e+01
   2.2815710e+06   1.7517090e+01
   2.2817450e+06   6.2988281e+01
   2.2822640e+06   1.7211914e+01
   2.2823320e+06   7.1899414e+01
   2.2825310e+06   1.5014648e+01
   2.2825870e+06   5.9997559e+01
   2.2835300e+06   1.4770508e+01
   2.2836000e+06   1.9348145e+01
   2.2836370e+06   6.6589355e+01
   2.2839420e+06   6.3598633e+01
   2.2839790e+06   1.6906738e+01
   2.2845540e+06   1.4831543e+01
   2.2845900e+06   6.6040039e+01
   2.2846210e+06   1.8127441e+01
   2.2850190e+06   1.7639160e+01
   2.2851180e+06   1.4404297e+01
   2.2851870e+06   6.4270020e+01
   2.2852540e+06   7.2814941e+01
   2.2855150e+06   6.0974121e+01
   2.2860590e+06   7.2265625e+01
   2.2861500e+06   1.6174316e+01
   2.2863000e+06   1.5930176e+01
   2.2864040e+06   6.3537598e+01
   2.2865480e+06   1.4587402e+01
   2.2866120e+06   1.5136719e+01
   2.2866620e+06   1.7089844e+01
   2.2869980e+06   1.4465332e+01
   2.2870640e+06   6.3659668e+01
   2.2877510e+06   6.6772461e+01
   2.2878480e+06   1.4892578e+01
   2.2879540e+06   1.5563965e+01
   2.2881660e+06   6.4514160e+01
   2.2882480e+06   1.8066406e+01
   2.2883590e+06   1.5686035e+01
   2.2884420e+06   1.7028809e+01
   2.2885690e+06   1.7578125e+01
   2.2889880e+06   6.3110352e+01
   2.2891850e+06   1.4892578e+01
   2.2893030e+06   6.1401367e+01
   2.2894920e+06   1.6174316e+01
   2.2899510e+06   6.2927246e+01
   2.2903990e+06   1.7700195e+01
   2.2905300e+06   1.7211914e+01
   2.2907390e+06   6.2561035e+01
   2.2909810e+06   6.3354492e+01
   2.2911610e+06   1.4831543e+01
   2.2914010e+06   1.5258789e+01
   2.2914820e+06   1.6723633e+01
   2.2916630e+06   6.2011719e+01
   2.2917190e+06   7.0495605e+01
   2.2920120e+06   1.5380859e+01
   2.2921240e+06   1.8188477e+01
   2.2924270e+06   6.2377930e+01
   2.2925650e+06   6.4208984e+01
   2.2926470e+06   1.5197754e+01
   2.2930190e+06   6.6772461e+01
   2.2930890e+06   6.4453125e+01
   2.2931960e+06   1.7517090e+01
   2.2933610e+06   6.7138672e+01
   2.2934170e+06   1.8615723e+01
   2.2934710e+06   1.7883301e+01
   2.2937660e+06   7.4951172e+01
   2.2937990e+06   1.5197754e+01
   2.2944150e+06   6.6955566e+01
   2.2950110e+06   1.6113281e+01
   2.2950320e+06   6.5673828e+01
   2.2952760e+06   1.8249512e+01
   2.2953840e+06   6.5063477e+01
   2.2956200e+06   1.5197754e+01
   2.2956660e+06   1.5197754e+01
   2.2957240e+06   1.5747070e+01
   2.2958100e+06   1.5563965e+01
   2.2959270e+06   7.6477051e+01
   2.2962390e+06   1.8066406e+01
   2.2962980e+06   1.7333984e+01
   2.2970060e+06   7.3425293e+01
   2.2975210e+06   6.4941406e+01
   2.2986310e+06   1.6357422e+01
   2.2986410e+06   2.1179199e+01
   2.2992260e+06   1.4831543e+01
   2.2993600e+06   1.5380859e+01
   2.2994120e+06   2.2521973e+01
   2.2994680e+06   6.1767578e+01
   2.2997520e+06   1.7822266e+01
   2.2997860e+06   1.6662598e+01
   2.2998390e+06   2.0507812e+01
   2.2998830e+06   1.4892578e+01
   2.3003640e+06   2.1179199e+01
   2.3004980e+06   1.4648437e+01
   2.3005580e+06   1.8188477e+01
   2.3006050e+06   1.4282227e+01
   2.3062410e+06   2.0629883e+01
   2.3064810e+06   6.0363770e+01
   2.3065450e+06   1.7333984e+01
   2.3066690e+06   1.4892578e+01
   2.3067420e+06   6.4208984e+01
   2.3118050e+06   6.6711426e+01
   2.3125830e+06   1.5991211e+01
   2.3128780e+06   6.8664551e+01
   2.3128890e+06   1.6479492e+01
   2.3129430e+06   1.5258789e+01
   2.3158240e+06   1.5197754e+01
   2.3159190e+06   1.8859863e+01
   2.3178100e+06   1.4587402e+01
   2.3178740e+06   6.8664551e+01
   2.3181550e+06   1.6418457e+01
   2.3184250e+06   1.5258789e+01
   2.3185400e+06   7.5378418e+01
   2.3185820e+06   1.5075684e+01
   2.3186620e+06   1.9409180e+01
   2.3186790e+06   5.7922363e+01
   2.3186890e+06   1.4343262e+01
   2.3187180e+06   7.0312500e+01
   2.3201220e+06   1.4953613e+01
   2.3204130e+06   1.6296387e+01
   2.3204400e+06   1.5197754e+01
   2.3206860e+06   1.6845703e+01
   2.3207190e+06   1.4465332e+01
   2.3207550e+06   1.6052246e+01
   2.3208030e+06   6.4819336e+01
   2.3211210e+06   1.4892578e+01
   2.3213460e+06   1.5075684e+01
   2.3267480e+06   1.5075684e+01
   2.3309120e+06   1.5258789e+01
   2.3309990e+06   1.5563965e+01
   2.3313750e+06   6.3537598e+01
   2.3318970e+06   1.4343262e+01
   2.3320500e+06   1.5197754e+01
   2.3322260e+06   1.6784668e+01
   2.3322580e+06   6.5551758e+01
   2.3331840e+06   1.7272949e+01
   2.3332440e+06   7.5561523e+01
   2.3333070e+06   1.6113281e+01
   2.3336420e+06   1.4831543e+01
   2.3337320e+06   1.5197754e+01
   2.3342630e+06   1.6662598e+01
   2.3343750e+06   1.8432617e+01
   2.3344260e+06   6.7382812e+01
   2.3344470e+06   2.1667480e+01
   2.3344820e+06   6.8481445e+01
   2.3371460e+06   6.4636230e+01
   2.3399820e+06   1.4282227e+01
   2.3401750e+06   6.3049316e+01
   2.3407670e+06   1.9836426e+01
   2.3409100e+06   7.0373535e+01
   2.3409400e+06   1.4770508e+01
   2.3409600e+06   7.8125000e+01
   2.3411810e+06   5.2856445e+01
   2.3411910e+06   2.6367188e+01
   2.3412290e+06   6.9824219e+01
   2.3412770e+06   1.4587402e+01
   2.3482700e+06   1.7578125e+01
   2.3483580e+06   6.5002441e+01
   2.3484470e+06   1.5319824e+01
   2.3485640e+06   1.4709473e+01
   2.3486340e+06   1.4404297e+01
   2.3487370e+06   1.4709473e+01
   2.3492660e+06   6.5002441e+01
   2.3493680e+06   1.4526367e+01
   2.3493820e+06   1.5441895e+01
   2.3494350e+06   1.4343262e+01
   2.3494610e+06   6.1218262e+01
   2.3534490e+06   1.4648438e+01
   2.3543390e+06   1.6845703e+01
   2.3561630e+06   7.4279785e+01
   2.3564560e+06   1.5014648e+01
   2.3565460e+06   1.4831543e+01
   2.3566290e+06   1.7639160e+01
   2.3566570e+06   1.7089844e+01
   2.3566710e+06   5.8227539e+01
   2.3573330e+06   1.4648438e+01
   2.3573910e+06   1.4465332e+01
   2.3574040e+06   1.7761230e+01
   2.3574440e+06   6.4392090e+01
   2.3574860e+06   1.5136719e+01
   2.3636970e+06   1.8493652e+01
   2.3637720e+06   1.5136719e+01
   2.3639320e+06   1.5136719e+01
   2.3642280e+06   1.5136719e+01
   2.3643740e+06   1.5930176e+01
   2.3644940e+06   6.4697266e+01
   2.3649390e+06   1.6296387e+01
   2.3650800e+06   1.7089844e+01
   2.3701260e+06   1.4343262e+01
   2.3702040e+06   6.4025879e+01
   2.3710100e+06   7.3974609e+01
   2.3710830e+06   2.0019531e+01
   2.3711270e+06   6.4636230e+01
   2.3712620e+06   1.5197754e+01
   2.3713510e+06   1.5197754e+01
   2.3713990e+06   6.4941406e+01
   2.3717270e+06   7.1289062e+01
   2.3717380e+06   1.4282227e+01
   2.3720700e+06   1.4404297e+01
   2.3722130e+06   1.4892578e+01
   2.3723550e+06   1.8005371e+01
   2.3737340e+06   1.5869141e+01
   2.3738420e+06   1.4526367e+01
   2.3739060e+06   1.5380859e+01
   2.3739410e+06   1.4587402e+01
   2.3739540e+06   7.1411133e+01
   2.3739980e+06   1.6296387e+01
   2.3787780e+06   6.5368652e+01
   2.3789430e+06   6.2744141e+01
   2.3789590e+06   1.6357422e+01
   2.3790850e+06   1.5258789e+01
   2.3792610e+06   1.5380859e+01
   2.3793420e+06   1.4343262e+01
   2.3793630e+06   1.4709473e+01
   2.3794680e+06   1.8066406e+01
   2.3799710e+06   1.6540527e+01
   2.3800740e+06   7.3486328e+01
   2.3801230e+06   1.6601562e+01
   2.3801460e+06   1.5075684e+01
   2.3803270e+06   1.6906738e+01
   2.3804250e+06   2.0507812e+01
   2.3804560e+06   1.7211914e+01
   2.3804680e+06   8.0444336e+01
   2.3859070e+06   1.6174316e+01
   2.3864350e+06   7.0251465e+01
   2.3866370e+06   1.5197754e+01
   2.3867940e+06   1.5930176e+01
   2.3868450e+06   1.4709473e+01
   2.3872180e+06   1.4953613e+01
   2.3873720e+06   6.6833496e+01
   2.3874250e+06   1.7944336e+01
   2.3876120e+06   1.4282227e+01
   2.3878620e+06   1.4465332e+01
   2.3880420e+06   1.6723633e+01
   2.3884430e+06   1.9470215e+01
   2.3885690e+06   1.4770508e+01
   2.3892070e+06   1.4709473e+01
   2.3892180e+06   6.9213867e+01
   2.3892920e+06   1.5136719e+01
   2.3895610e+06   1.9714355e+01
   2.3896500e+06   1.4831543e+01
   2.3912160e+06   1.6906738e+01
   2.3913380e+06   1.5136719e+01
   2.3915540e+06   6.2255859e+01
   2.3926790e+06   1.4587402e+01
   2.3929080e+06   5.9936523e+01
   2.3929720e+06   1.5502930e+01
   2.3929820e+06   1.6418457e+01
   2.3930240e+06   1.4343262e+01
   2.3939660e+06   1.5014648e+01
   2.3948060e+06   1.6418457e+01
   2.3948420e+06   1.4465332e+01
   2.3948680e+06   1.9775391e+01
   2.3951060e+06   6.2316895e+01
   2.3951710e+06   6.8298340e+01
   2.3951970e+06   7.0617676e+01
   2.3954240e+06   1.6906738e+01
   2.3954720e+06   1.5502930e+01
   2.3956090e+06   1.5502930e+01
   2.3957790e+06   1.6296387e+01
   2.3958980e+06   1.6479492e+01
   2.3959550e+06   1.6723633e+01
   2.3967340e+06   1.4343262e+01
   2.3968120e+06   1.5869141e+01
   2.3970650e+06   1.5686035e+01
   2.3972090e+06   1.5380859e+01
   2.3973850e+06   1.5197754e+01
   2.3975660e+06   1.6906738e+01
   2.3976280e+06   1.4892578e+01
   2.4018240e+06   1.4709473e+01
   2.4021620e+06   5.4565430e+01
   2.4043650e+06   7.3730469e+01
   2.4045190e+06   6.0424805e+01
   2.4046070e+06   1.5380859e+01
   2.4048710e+06   1.6113281e+01
   2.4059340e+06   6.5490723e+01
   2.4060110e+06   2.2644043e+01
   2.4065750e+06   1.4648438e+01
   2.4067940e+06   6.2683105e+01
   2.4071650e+06   5.4626465e+01
   2.4073450e+06   6.9274902e+01
   2.4074980e+06   3.5278320e+01
   2.4075510e+06   6.6894531e+01
   2.4097890e+06   7.7636719e+01
   2.4098060e+06   1.8127441e+01
   2.4098700e+06   1.9531250e+01
   2.4099150e+06   6.8054199e+01
   2.4173940e+06   1.4892578e+01
   2.4176750e+06   6.9030762e+01
   2.4194030e+06   1.4343262e+01
   2.4196970e+06   1.5197754e+01
   2.4198840e+06   1.4892578e+01
   2.4208740e+06   1.5502930e+01
   2.4211780e+06   1.7395020e+01
   2.4220920e+06   1.4465332e+01
   2.4221680e+06   6.6955566e+01
   2.4224280e+06   2.7648926e+01
   2.4224510e+06   1.6052246e+01
   2.4224620e+06   3.7658691e+01
   2.4224880e+06   1.7028809e+01
   2.4225170e+06   6.7321777e+01
   2.4225460e+06   2.3010254e+01
   2.4225570e+06   1.4282227e+01
   2.4268960e+06   1.5319824e+01
   2.4304260e+06   1.4404297e+01
   2.4305430e+06   6.4331055e+01
   2.4309990e+06   1.5625000e+01
   2.4310330e+06   6.9824219e+01
   2.4310570e+06   1.5014648e+01
   2.4310690e+06   1.6967773e+01
   2.4311080e+06   6.6589355e+01
   2.4311410e+06   1.4465332e+01
   2.4320150e+06   2.0629883e+01
   2.4322970e+06   1.5930176e+01
   2.4324010e+06   1.4770508e+01
   2.4326330e+06   1.5319824e+01
   2.4327670e+06   1.4282227e+01
   2.4333270e+06   6.5429688e+01
   2.4338060e+06   1.5563965e+01
   2.4339100e+06   6.1645508e+01
   2.4342720e+06   1.5625000e+01
   2.4347040e+06   1.4892578e+01
   2.4353050e+06   7.0495605e+01
   2.4354320e+06   1.4404297e+01
   2.4380740e+06   1.4343262e+01
   2.4384140e+06   1.5258789e+01
   2.4384870e+06   6.7260742e+01
   2.4385390e+06   1.4282227e+01
   2.4385810e+06   1.5136719e+01
   2.4386260e+06   1.7761230e+01
   2.4475630e+06   6.7565918e+01
   2.4476470e+06   1.5258789e+01
   2.4484240e+06   1.6967773e+01
   2.4485920e+06   1.5991211e+01
   2.4487820e+06   1.5930176e+01
   2.4536380e+06   1.6174316e+01
   2.4545330e+06   1.4770508e+01
   2.4545910e+06   1.6052246e+01
   2.4546140e+06   1.5563965e+01
   2.4549710e+06   6.5673828e+01
   2.4549910e+06   1.4465332e+01
   2.4550140e+06   1.4343262e+01
   2.4550580e+06   1.6784668e+01
   2.4555760e+06   1.4892578e+01
   2.4597040e+06   1.4343262e+01
   2.4597570e+06   1.7089844e+01
   2.4611760e+06   1.4770508e+01
   2.4612410e+06   2.2033691e+01
   2.4612810e+06   2.1728516e+01
   2.4614830e+06   1.7761230e+01
   2.4615430e+06   6.1584473e+01
   2.4616320e+06   1.4648438e+01
   2.4616430e+06   1.8188477e+01
   2.4616530e+06   1.5197754e+01
   2.4617030e+06   1.5075684e+01
   2.4619350e+06   1.4831543e+01
   2.4628760e+06   6.9091797e+01
   2.4647140e+06   6.7382812e+01
   2.4648320e+06   1.4465332e+01
   2.4650130e+06   1.5136719e+01
   2.4651510e+06   6.2683105e+01
   2.4652160e+06   6.9641113e+01
   2.4656240e+06   1.5075684e+01
   2.4659780e+06   1.4465332e+01
   2.4659950e+06   1.4709473e+01
   2.4660280e+06   6.6711426e+01
   2.4660540e+06   7.9284668e+01
   2.4700610e+06   1.5563965e+01
   2.4704220e+06   1.7211914e+01
   2.4704450e+06   6.9519043e+01
   2.4722420e+06   1.9042969e+01
   2.4725860e+06   1.4831543e+01
   2.4728180e+06   1.5075684e+01
   2.4730010e+06   1.6052246e+01
   2.4732700e+06   1.6235352e+01
   2.4733320e+06   1.7822266e+01
   2.4733530e+06   1.4465332e+01
   2.4734230e+06   1.6113281e+01
   2.4734520e+06   6.5307617e+01
   2.4739790e+06   6.3842773e+01
   2.4802020e+06   6.8908691e+01
   2.4802690e+06   1.7028809e+01
   2.4803050e+06   1.7883301e+01
   2.4806800e+06   1.5197754e+01
   2.4807050e+06   1.6174316e+01
   2.4808670e+06   1.9592285e+01
   2.4837770e+06   1.4465332e+01
   2.4843500e+06   1.4587402e+01
   2.4851930e+06   1.4892578e+01
   2.4855050e+06   1.4526367e+01
   2.4866500e+06   1.4465332e+01
   2.4869130e+06   1.4526367e+01
   2.4869480e+06   6.5734863e+01
   2.4903420e+06   1.7089844e+01
   2.4904090e+06   1.8798828e+01
   2.4905700e+06   1.8371582e+01
   2.4905810e+06   1.5319824e+01
   2.4906280e+06   6.5124512e+01
   2.4917900e+06   1.4587402e+01
   2.4919600e+06   2.0019531e+01
   2.4920130e+06   1.5441895e+01
   2.4979320e+06   1.5075684e+01
   2.5003480e+06   1.5075684e+01
   2.5036780e+06   6.5307617e+01
   2.5042490e+06   1.6784668e+01
   2.5047450e+06   6.0668945e+01
   2.5052090e+06   2.0812988e+01
   2.5053170e+06   1.6174316e+01
   2.5058260e+06   1.6418457e+01
   2.5058510e+06   6.8969727e+01
   2.5063740e+06   1.4892578e+01
   2.5064580e+06   1.9287109e+01
   2.5065140e+06   1.4282227e+01
   2.5065550e+06   6.7199707e+01
   2.5065660e+06   1.6418457e+01
   2.5091270e+06   6.1157227e+01
   2.5092850e+06   6.3781738e+01
   2.5093940e+06   1.7089844e+01
   2.5097390e+06   6.3842773e+01
   2.5097910e+06   1.7822266e+01
   2.5101010e+06   6.1340332e+01
   2.5105490e+06   1.4465332e+01
   2.5106260e+06   7.5439453e+01
   2.5107540e+06   1.4404297e+01
   2.5109790e+06   6.4819336e+01
   2.5110010e+06   1.4770508e+01
   2.5112470e+06   1.4404297e+01
   2.5125700e+06   1.6662598e+01
   2.5126590e+06   6.6711426e+01
   2.5132020e+06   1.4587402e+01
   2.5132150e+06   1.5197754e+01
   2.5132400e+06   7.5378418e+01
   2.5132820e+06   1.4831543e+01
   2.5133010e+06   6.9458008e+01
   2.5177420e+06   6.4331055e+01
   2.5178110e+06   1.7272949e+01
   2.5181560e+06   1.7089844e+01
   2.5187700e+06   7.1960449e+01
   2.5189050e+06   6.6833496e+01
   2.5189150e+06   1.5502930e+01
   2.5189580e+06   6.5124512e+01
   2.5189680e+06   1.9958496e+01
   2.5190130e+06   6.2316895e+01
   2.5193490e+06   1.4526367e+01
   2.5193810e+06   6.7016602e+01
   2.5194620e+06   6.9396973e+01
   2.5195000e+06   1.5258789e+01
   2.5195120e+06   7.1655273e+01
   2.5195510e+06   1.9531250e+01
   2.5195760e+06   1.6418457e+01
   2.5196310e+06   7.0434570e+01
   2.5199350e+06   1.8676758e+01
   2.5199490e+06   7.7026367e+01
   2.5199910e+06   1.4404297e+01
   2.5200500e+06   1.5747070e+01
   2.5204260e+06   6.5612793e+01
   2.5204680e+06   1.4953613e+01
   2.5206980e+06   1.6784668e+01
   2.5208490e+06   7.7026367e+01
   2.5208770e+06   2.0324707e+01
   2.5210680e+06   1.7456055e+01
   2.5211000e+06   6.8542480e+01
   2.5211250e+06   1.8920898e+01
   2.5211400e+06   6.8847656e+01
   2.5211720e+06   6.8603516e+01
   2.5252100e+06   1.4465332e+01
   2.5256890e+06   1.6235352e+01
   2.5269400e+06   1.5625000e+01
   2.5278520e+06   1.4770508e+01
   2.5279260e+06   6.6284180e+01
   2.5279560e+06   2.0263672e+01
   2.5280290e+06   1.9958496e+01
   2.5280840e+06   7.4584961e+01
   2.5293550e+06   1.6174316e+01
   2.5296390e+06   2.0324707e+01
   2.5297040e+06   1.5747070e+01
   2.5297390e+06   2.0385742e+01
   2.5404210e+06   1.4465332e+01
   2.5404370e+06   1.7700195e+01
   2.5416320e+06   1.5258789e+01
   2.5416760e+06   1.9897461e+01
   2.5416910e+06   1.7883301e+01
   2.5417130e+06   2.3925781e+01
   2.5417420e+06   1.5197754e+01
   2.5418100e+06   1.4465332e+01
   2.5484960e+06   1.5136719e+01
   2.5492460e+06   1.7272949e+01
   2.5493240e+06   2.2521973e+01
   2.5494370e+06   1.5502930e+01
   2.5508950e+06   1.4465332e+01
   2.5563640e+06   1.8310547e+01
   2.5586560e+06   2.2399902e+01
   2.5586810e+06   2.1972656e+01
   2.5587280e+06   6.2316895e+01
   2.5593780e+06   1.4282227e+01
   2.5594700e+06   6.5063477e+01
   2.5598020e+06   1.5441895e+01
   2.5598310e+06   6.8542480e+01
   2.5598980e+06   1.4831543e+01
   2.5599200e+06   6.7993164e+01
   2.5627010e+06   1.4709473e+01
   2.5630580e+06   1.4831543e+01
   2.5650380e+06   6.3049316e+01
   2.5655480e+06   1.6906738e+01
   2.5661670e+06   1.5136719e+01
   2.5666650e+06   7.0678711e+01
   2.5669470e+06   1.7150879e+01
   2.5669670e+06   6.4758301e+01
   2.5679070e+06   1.6418457e+01
   2.5718230e+06   1.4892578e+01
   2.5719220e+06   6.1889648e+01
   2.5723700e+06   6.2927246e+01
   2.5724330e+06   1.5258789e+01
   2.5726180e+06   6.5063477e+01
   2.5727260e+06   1.5808105e+01
   2.5728440e+06   1.5136719e+01
   2.5728690e+06   6.6650391e+01
   2.5733480e+06   1.4831543e+01
   2.5733680e+06   6.5185547e+01
   2.5734440e+06   1.6296387e+01
   2.5734990e+06   6.5917969e+01
   2.5735660e+06   1.5258789e+01
   2.5736240e+06   6.3354492e+01
   2.5736620e+06   1.5075684e+01
   2.5741020e+06   1.4343262e+01
   2.5745620e+06   1.5808105e+01
   2.5848560e+06   1.7822266e+01
   2.5849670e+06   1.4404297e+01
   2.5851970e+06   1.5502930e+01
   2.5855190e+06   1.6784668e+01
   2.5858190e+06   1.6418457e+01
   2.5861350e+06   1.4831543e+01
   2.5886640e+06   1.4587402e+01
   2.5899910e+06   6.3598633e+01
   2.5911250e+06   1.4709473e+01
   2.5911720e+06   6.8481445e+01
   2.5912230e+06   1.6296387e+01
   2.5912570e+06   1.4587402e+01
   2.5912880e+06   7.8308105e+01
   2.5912980e+06   1.4282227e+01
   2.5961600e+06   7.4096680e+01
   2.5965670e+06   6.6528320e+01
   2.5965910e+06   1.4282227e+01
   2.5968440e+06   1.4770508e+01
   2.5968830e+06   1.6967773e+01
   2.5977300e+06   7.4035645e+01
   2.5984710e+06   1.4587402e+01
   2.5985590e+06   6.6833496e+01
   2.5993620e+06   1.7761230e+01
   2.6002160e+06   6.5124512e+01
   2.6017510e+06   1.4465332e+01
   2.6018610e+06   5.9814453e+01
   2.6021380e+06   6.3110352e+01
   2.6025890e+06   1.5625000e+01
   2.6026070e+06   6.7443848e+01
   2.6028560e+06   1.6723633e+01
   2.6029080e+06   6.2072754e+01
   2.6031320e+06   6.2805176e+01
   2.6032030e+06   1.5075684e+01
   2.6033230e+06   1.6113281e+01
   2.6033810e+06   6.1523438e+01
   2.6036370e+06   6.7565918e+01
   2.6037510e+06   6.4514160e+01
   2.6038190e+06   1.7822266e+01
   2.6039690e+06   1.6235352e+01
   2.6040420e+06   6.7138672e+01
   2.6041360e+06   1.4648438e+01
   2.6042920e+06   1.5625000e+01
   2.6043110e+06   6.5612793e+01
   2.6046690e+06   1.5136719e+01
   2.6046910e+06   6.6040039e+01
   2.6048170e+06   1.4892578e+01
   2.6051390e+06   6.4575195e+01
   2.6053760e+06   6.2988281e+01
   2.6054030e+06   1.5197754e+01
   2.6055790e+06   5.9875488e+01
   2.6059510e+06   1.4709473e+01
   2.6060070e+06   7.0800781e+01
   2.6062320e+06   1.6479492e+01
   2.6062520e+06   1.7639160e+01
   2.6066170e+06   1.6235352e+01
   2.6067690e+06   1.6113281e+01
   2.6078300e+06   1.4709473e+01
   2.6081510e+06   1.4282227e+01
   2.6084580e+06   1.5441895e+01
   2.6189420e+06   1.4526367e+01
   2.6189590e+06   2.0446777e+01
   2.6189730e+06   1.4831543e+01
   2.6190180e+06   1.4343262e+01
   2.6233240e+06   1.6174316e+01
   2.6234470e+06   6.1889648e+01
   2.6278710e+06   1.5197754e+01
   2.6309660e+06   1.6235352e+01
   2.6325650e+06   1.4648438e+01
   2.6347860e+06   1.6601562e+01
   2.6356400e+06   6.4392090e+01
   2.6363700e+06   1.5625000e+01
   2.6366620e+06   6.3537598e+01
   2.6369450e+06   1.4953613e+01
   2.6370620e+06   1.7028809e+01
   2.6375920e+06   1.4587402e+01
   2.6377370e+06   1.4587402e+01
   2.6377640e+06   1.5686035e+01
   2.6377970e+06   7.3791504e+01
   2.6398370e+06   5.8898926e+01
   2.6417640e+06   1.9592285e+01
   2.6421100e+06   1.5625000e+01
   2.6425580e+06   6.8908691e+01
   2.6432690e+06   6.1828613e+01
   2.6452800e+06   6.2805176e+01
   2.6458030e+06   1.4282227e+01
   2.6459540e+06   1.4343262e+01
   2.6460950e+06   1.4587402e+01
   2.6461450e+06   1.4648437e+01
   2.6461920e+06   6.5246582e+01
   2.6463750e+06   1.8493652e+01
   2.6466320e+06   1.6174316e+01
   2.6469320e+06   1.4526367e+01
   2.6469630e+06   1.8493652e+01
   2.6470170e+06   6.9458008e+01
   2.6472060e+06   1.5319824e+01
   2.6474560e+06   6.5734863e+01
   2.6485890e+06   6.3110352e+01
   2.6487170e+06   1.5258789e+01
   2.6495430e+06   1.4953613e+01
   2.6497450e+06   6.8969727e+01
   2.6545400e+06   1.5747070e+01
   2.6558240e+06   6.4697266e+01
   2.6558850e+06   1.4587402e+01
   2.6559150e+06   7.6293945e+01
   2.6559560e+06   7.1533203e+01
   2.6568640e+06   1.7456055e+01
   2.6569150e+06   6.5490723e+01
   2.6569510e+06   1.7028809e+01
   2.6571240e+06   1.5869141e+01
   2.6600820e+06   1.5319824e+01
   2.6601280e+06   6.4270020e+01
   2.6603630e+06   1.5075684e+01
   2.6604750e+06   1.6601562e+01
   2.6604910e+06   6.6528320e+01
   2.6607060e+06   1.4587402e+01
   2.6607660e+06   6.5185547e+01
   2.6611390e+06   6.5063477e+01
   2.6612270e+06   6.3293457e+01
   2.6615060e+06   1.6174316e+01
   2.6616220e+06   1.5686035e+01
   2.6616380e+06   6.0791016e+01
   2.6617620e+06   1.7517090e+01
   2.6618230e+06   6.7810059e+01
   2.6619120e+06   1.8981934e+01
   2.6620690e+06   5.9143066e+01
   2.6622080e+06   1.4953613e+01
   2.6622740e+06   6.1889648e+01
   2.6625960e+06   6.2377930e+01
   2.6629070e+06   1.5380859e+01
   2.6629170e+06   1.5258789e+01
   2.6629510e+06   7.1899414e+01
   2.6647600e+06   6.3354492e+01
   2.6658400e+06   7.5988770e+01
   2.6666660e+06   6.7504883e+01
   2.6667040e+06   1.8066406e+01
   2.6674060e+06   1.4404297e+01
   2.6696500e+06   6.3781738e+01
   2.6700130e+06   1.4587402e+01
   2.6700370e+06   7.1228027e+01
   2.6702950e+06   6.2194824e+01
   2.6705920e+06   1.4465332e+01
   2.6706330e+06   6.1462402e+01
   2.6708890e+06   1.5014648e+01
   2.6709310e+06   7.0800781e+01
   2.6718360e+06   1.8371582e+01
   2.6721080e+06   1.8737793e+01
   2.6721380e+06   1.5197754e+01
   2.6722960e+06   1.6418457e+01
   2.6723180e+06   6.7443848e+01
   2.6723290e+06   1.6418457e+01
   2.6723570e+06   6.9946289e+01
   2.6723910e+06   1.8066406e+01
   2.6724020e+06   1.6418457e+01
   2.6724860e+06   7.0983887e+01
   2.6762510e+06   1.8310547e+01
   2.6763930e+06   1.5441895e+01
   2.6780590e+06   1.7578125e+01
   2.6782940e+06   6.3537598e+01
   2.6799650e+06   1.4709473e+01
   2.6806560e+06   1.6967773e+01
   2.6807960e+06   1.4648438e+01
   2.6808610e+06   1.5136719e+01
   2.6809880e+06   1.6540527e+01
   2.6855450e+06   1.5930176e+01
   2.6859270e+06   1.4465332e+01
   2.6860710e+06   1.5197754e+01
   2.6865350e+06   6.5673828e+01
   2.6873190e+06   1.4709473e+01
   2.6873640e+06   6.6040039e+01
   2.6878300e+06   1.7639160e+01
   2.6885820e+06   1.4282227e+01
   2.6895550e+06   1.6174316e+01
   2.6901690e+06   1.6174316e+01
   2.6907530e+06   6.3903809e+01
   2.6908440e+06   6.1462402e+01
   2.6909290e+06   6.6650391e+01
   2.6909570e+06   6.5612793e+01
   2.6910350e+06   1.5441895e+01
   2.6910930e+06   6.7504883e+01
   2.6911380e+06   1.6784668e+01
   2.6912750e+06   1.5380859e+01
   2.6913270e+06   3.8696289e+01
   2.6940910e+06   6.1035156e+01
   2.6946270e+06   6.2866211e+01
   2.6948460e+06   6.1950684e+01
   2.6953180e+06   7.8369141e+01
   2.6960070e+06   1.5502930e+01
   2.6967530e+06   1.5319824e+01
   2.6972750e+06   1.5625000e+01
   2.6974090e+06   6.6833496e+01
   2.6975140e+06   6.6772461e+01
   2.6978130e+06   5.8593750e+01
   2.6979360e+06   6.6223145e+01
   2.6983200e+06   6.2438965e+01
   2.6983810e+06   6.6284180e+01
   2.6987600e+06   1.6662598e+01
   2.6988690e+06   6.4086914e+01
   2.6992080e+06   1.4587402e+01
   2.6996920e+06   1.6357422e+01
   2.6998550e+06   1.4282227e+01
   2.7000640e+06   1.6906738e+01
   2.7001170e+06   6.4758301e+01
   2.7002100e+06   1.4648437e+01
   2.7009700e+06   1.6174316e+01
   2.7012100e+06   6.4941406e+01
   2.7018580e+06   6.8664551e+01
   2.7018780e+06   1.6174316e+01
   2.7019200e+06   1.4526367e+01
   2.7019430e+06   1.7089844e+01
   2.7020160e+06   1.6723633e+01
   2.7024020e+06   1.4465332e+01
   2.7025670e+06   1.5930176e+01
   2.7026010e+06   1.6479492e+01
   2.7026630e+06   1.5136719e+01
   2.7088480e+06   1.4892578e+01
   2.7097820e+06   1.5319824e+01
   2.7097940e+06   7.6843262e+01
   2.7098040e+06   2.1484375e+01
   2.7098450e+06   1.6052246e+01
   2.7104350e+06   1.4709473e+01
   2.7105870e+06   1.4709473e+01
   2.7112690e+06   1.7456055e+01
   2.7223060e+06   1.6784668e+01
   2.7240250e+06   1.4831543e+01
   2.7242230e+06   6.2011719e+01
   2.7247210e+06   1.8310547e+01
   2.7252580e+06   6.4636230e+01
   2.7261280e+06   1.4404297e+01
   2.7263020e+06   1.4831543e+01
   2.7267950e+06   1.7150879e+01
   2.7268350e+06   6.4575195e+01
   2.7268590e+06   1.6296387e+01
   2.7268700e+06   1.7578125e+01
   2.7270110e+06   1.7883301e+01
   2.7271530e+06   1.7761230e+01
   2.7272000e+06   6.5368652e+01
   2.7279960e+06   6.5063477e+01
   2.7352370e+06   6.9335938e+01
   2.7355670e+06   1.6601562e+01
   2.7358600e+06   1.5136719e+01
   2.7365970e+06   1.6113281e+01
   2.7373360e+06   1.5563965e+01
   2.7373610e+06   1.5747070e+01
   2.7373930e+06   1.8676758e+01
   2.7374200e+06   1.4831543e+01
   2.7379060e+06   1.7578125e+01
   2.7386470e+06   6.3110352e+01
   2.7388060e+06   6.4270020e+01
   2.7430530e+06   1.5747070e+01
   2.7439470e+06   6.0485840e+01
   2.7440640e+06   1.4343262e+01
   2.7442330e+06   6.1706543e+01
   2.7449380e+06   1.6174316e+01
   2.7472250e+06   1.5869141e+01
   2.7501730e+06   2.1179199e+01
   2.7502390e+06   1.4953613e+01
   2.7504100e+06   6.1706543e+01
   2.7510190e+06   1.6235352e+01
   2.7514470e+06   1.6113281e+01
   2.7515930e+06   7.0373535e+01
   2.7516170e+06   1.5747070e+01
   2.7520070e+06   1.5625000e+01
   2.7524880e+06   1.7211914e+01
   2.7531620e+06   6.4697266e+01
   2.7538600e+06   1.6235352e+01
   2.7539830e+06   6.7138672e+01
   2.7546640e+06   1.4831543e+01
   2.7557300e+06   1.5197754e+01
   2.7557470e+06   6.1645508e+01
   2.7557940e+06   1.6174316e+01
   2.7562870e+06   1.5930176e+01
   2.7563190e+06   1.6967773e+01
   2.7563450e+06   5.8471680e+01
   2.7569600e+06   1.4831543e+01
   2.7576230e+06   1.5136719e+01
   2.7596520e+06   5.9204102e+01
   2.7610060e+06   1.4526367e+01
   2.7619370e+06   6.3842773e+01
   2.7626790e+06   6.5063477e+01
   2.7630250e+06   1.8188477e+01
   2.7634950e+06   1.4404297e+01
   2.7647590e+06   1.4709473e+01
   2.7665350e+06   1.8615723e+01
   2.7685310e+06   1.5808105e+01
   2.7686380e+06   1.6235352e+01
   2.7686600e+06   1.5625000e+01
   2.7688670e+06   6.5490723e+01
   2.7689430e+06   1.7456055e+01
   2.7697670e+06   1.5197754e+01
   2.7698410e+06   1.5075684e+01
   2.7699300e+06   6.1584473e+01
   2.7709880e+06   6.6345215e+01
   2.7712980e+06   2.2277832e+01
   2.7713860e+06   1.4526367e+01
   2.7714400e+06   6.3842773e+01
   2.7719980e+06   6.8359375e+01
   2.7721730e+06   1.4282227e+01
   2.7723300e+06   1.4343262e+01
   2.7726540e+06   1.4953613e+01
   2.7729240e+06   1.4587402e+01
   2.7730310e+06   6.1706543e+01
   2.7731000e+06   6.9885254e+01
   2.7735790e+06   6.9152832e+01
   2.7736080e+06   1.5380859e+01
   2.7736450e+06   6.9396973e+01
   2.7743600e+06   1.4770508e+01
   2.7788180e+06   1.5197754e+01
   2.7788700e+06   1.4831543e+01
   2.7818580e+06   5.9509277e+01
   2.7818850e+06   1.4282227e+01
   2.7819200e+06   1.5747070e+01
   2.7825680e+06   1.6296387e+01
   2.7827720e+06   1.6967773e+01
   2.7829760e+06   1.6113281e+01
   2.7830300e+06   1.7639160e+01
   2.7830450e+06   1.6540527e+01
   2.7830720e+06   1.7761230e+01
   2.7830870e+06   1.6479492e+01
   2.7831080e+06   1.5441895e+01
   2.7831320e+06   1.6723633e+01
   2.7921510e+06   1.4648438e+01
   2.7933780e+06   1.7944336e+01
   2.7934090e+06   1.4892578e+01
   2.7938810e+06   1.4892578e+01
   2.7939440e+06   1.5930176e+01
   2.7994860e+06   1.4587402e+01
   2.8010380e+06   1.5441895e+01
   2.8012970e+06   1.5014648e+01
   2.8037540e+06   6.0607910e+01
   2.8043000e+06   1.6479492e+01
   2.8046290e+06   1.7517090e+01
   2.8052340e+06   1.6174316e+01
   2.8058490e+06   6.4514160e+01
   2.8067430e+06   7.4645996e+01
   2.8068050e+06   1.7150879e+01
   2.8068280e+06   1.4709473e+01
   2.8068670e+06   1.7578125e+01
   2.8135070e+06   1.5625000e+01
   2.8147480e+06   6.1523438e+01
   2.8149070e+06   1.6174316e+01
   2.8170990e+06   1.5014648e+01
   2.8171460e+06   2.1789551e+01
   2.8171840e+06   7.2021484e+01
   2.8172680e+06   1.6967773e+01
   2.8175560e+06   1.4770508e+01
   2.8175780e+06   7.7636719e+01
   2.8181200e+06   1.4587402e+01
   2.8192330e+06   6.5307617e+01
   2.8197710e+06   6.9396973e+01
   2.8209580e+06   6.0852051e+01
   2.8219950e+06   6.1950684e+01
   2.8224240e+06   1.4465332e+01
   2.8228730e+06   1.4953613e+01
   2.8235030e+06   1.4831543e+01
   2.8235970e+06   1.5625000e+01
   2.8236170e+06   1.9287109e+01
   2.8237340e+06   1.9531250e+01
   2.8239010e+06   1.7272949e+01
   2.8239590e+06   6.6406250e+01
   2.8239820e+06   1.6296387e+01
   2.8239960e+06   1.5136719e+01
   2.8240100e+06   7.6477051e+01
   2.8240210e+06   1.9287109e+01
   2.8240520e+06   1.6174316e+01
   2.8255870e+06   1.4587402e+01
   2.8276520e+06   1.4282227e+01
   2.8328810e+06   1.4465332e+01
   2.8337190e+06   7.9956055e+01
   2.8338020e+06   2.0568848e+01
   2.8338550e+06   1.4648438e+01
   2.8378340e+06   1.4648438e+01
   2.8397320e+06   1.8188477e+01
   2.8428320e+06   1.7883301e+01
   2.8430530e+06   6.3232422e+01
   2.8433950e+06   1.6784668e+01
   2.8441930e+06   5.8471680e+01
   2.8444480e+06   1.5197754e+01
   2.8452890e+06   1.7517090e+01
   2.8459630e+06   1.4465332e+01
   2.8461000e+06   1.6174316e+01
   2.8463590e+06   1.4770508e+01
   2.8463710e+06   7.0617676e+01
   2.8465780e+06   1.5930176e+01
   2.8467150e+06   1.7578125e+01
   2.8468220e+06   2.0874023e+01
   2.8470030e+06   1.5136719e+01
   2.8470310e+06   1.5563965e+01
   2.8471310e+06   7.3425293e+01
   2.8471630e+06   1.8371582e+01
   2.8476300e+06   1.8066406e+01
   2.8488780e+06   2.0812988e+01
   2.8490410e+06   6.2622070e+01
   2.8492900e+06   1.6601562e+01
   2.8498680e+06   1.4282227e+01
   2.8500530e+06   1.6723633e+01
   2.8501200e+06   6.5979004e+01
   2.8501550e+06   1.4587402e+01
   2.8503380e+06   1.9470215e+01
   2.8504150e+06   1.4282227e+01
   2.8510920e+06   1.4526367e+01
   2.8512170e+06   1.6479492e+01
   2.8513740e+06   6.3537598e+01
   2.8536110e+06   1.4404297e+01
   2.8550390e+06   1.5502930e+01
   2.8553440e+06   1.6418457e+01
   2.8560160e+06   1.5869141e+01
   2.8560610e+06   6.4636230e+01
   2.8561010e+06   7.0556641e+01
   2.8561280e+06   1.9409180e+01
   2.8569030e+06   1.6540527e+01
   2.8569280e+06   1.4648438e+01
   2.8582650e+06   1.5625000e+01
   2.8589550e+06   1.4953613e+01
   2.8593890e+06   1.5014648e+01
   2.8625650e+06   1.5136719e+01
   2.8627040e+06   1.4648437e+01
   2.8629320e+06   1.6540527e+01
   2.8629910e+06   1.7700195e+01
   2.8631310e+06   1.4465332e+01
   2.8633780e+06   6.4880371e+01
   2.8635030e+06   1.6967773e+01
   2.8636950e+06   1.6784668e+01
   2.8640670e+06   1.5502930e+01
   2.8711630e+06   1.5014648e+01
   2.8716870e+06   1.8798828e+01
   2.8730160e+06   6.5368652e+01
   2.8732170e+06   6.4392090e+01
   2.8736970e+06   1.5930176e+01
   2.8741920e+06   1.5502930e+01
   2.8774640e+06   1.4465332e+01
   2.8775740e+06   6.4575195e+01
   2.8795780e+06   1.4282227e+01
   2.8798370e+06   1.7272949e+01
   2.8804930e+06   6.2438965e+01
   2.8805990e+06   1.6540527e+01
   2.8806470e+06   1.4648438e+01
   2.8806720e+06   7.3303223e+01
   2.8807030e+06   1.8066406e+01
   2.8816510e+06   1.4648437e+01
   2.8884110e+06   1.5136719e+01
   2.8901110e+06   1.6906738e+01
   2.8902440e+06   7.1655273e+01
   2.8912130e+06   6.8847656e+01
   2.8915130e+06   2.1484375e+01
   2.8921730e+06   6.1889648e+01
   2.8924740e+06   1.6784668e+01
   2.8927090e+06   1.6723633e+01
   2.8928340e+06   6.1401367e+01
   2.8929580e+06   1.5197754e+01
   2.8930620e+06   2.1545410e+01
   2.8939600e+06   5.8288574e+01
   2.8954070e+06   1.7761230e+01
   2.8959940e+06   1.5441895e+01
   2.8965570e+06   1.4770508e+01
   2.8974070e+06   1.4770508e+01
   2.8981580e+06   1.5808105e+01
   2.9000280e+06   6.1584473e+01
   2.9005520e+06   1.5441895e+01
   2.9007480e+06   6.4147949e+01
   2.9009620e+06   1.8127441e+01
   2.9009870e+06   1.4526367e+01
   2.9010820e+06   6.3415527e+01
   2.9016200e+06   1.4648438e+01
   2.9019050e+06   1.5930176e+01
   2.9020870e+06   7.0373535e+01
   2.9033080e+06   6.9519043e+01
   2.9038300e+06   1.5380859e+01
   2.9043530e+06   6.1645508e+01
   2.9044560e+06   1.6357422e+01
   2.9047640e+06   1.4343262e+01
   2.9048630e+06   1.4282227e+01
   2.9054640e+06   6.3842773e+01
   2.9058350e+06   1.5075684e+01
   2.9069930e+06   1.5991211e+01
   2.9071290e+06   6.2744141e+01
   2.9081450e+06   6.4392090e+01
   2.9081880e+06   1.5808105e+01
   2.9086750e+06   6.4697266e+01
   2.9091230e+06   1.4892578e+01
   2.9095470e+06   1.4648438e+01
   2.9110880e+06   1.4709473e+01
   2.9117600e+06   1.6113281e+01
   2.9134130e+06   1.5014648e+01
   2.9136210e+06   1.8798828e+01
   2.9137540e+06   7.2875977e+01
   2.9148390e+06   6.9152832e+01
   2.9150560e+06   1.4648438e+01
   2.9179610e+06   1.4709473e+01
   2.9192360e+06   1.5502930e+01
   2.9199410e+06   1.6113281e+01
   2.9210810e+06   1.5502930e+01
   2.9213540e+06   1.5075684e+01
   2.9219790e+06   6.2927246e+01
   2.9220370e+06   1.6418457e+01
   2.9224810e+06   1.6845703e+01
   2.9225450e+06   1.7272949e+01
   2.9255360e+06   6.3598633e+01
   2.9270620e+06   5.9936523e+01
   2.9282930e+06   1.6174316e+01
   2.9284270e+06   2.3498535e+01
   2.9365930e+06   1.5136719e+01
   2.9372830e+06   6.3476562e+01
   2.9379670e+06   1.4587402e+01
   2.9383270e+06   6.6589355e+01
   2.9384580e+06   1.4892578e+01
   2.9394000e+06   5.9692383e+01
   2.9395340e+06   6.6772461e+01
   2.9396050e+06   1.5502930e+01
   2.9396470e+06   1.6784668e+01
   2.9397010e+06   1.8249512e+01
   2.9397940e+06   1.6540527e+01
   2.9399980e+06   1.4343262e+01
   2.9422060e+06   1.4526367e+01
   2.9422540e+06   6.5795898e+01
   2.9425270e+06   1.4648438e+01
   2.9426120e+06   1.6418457e+01
   2.9442040e+06   1.5563965e+01
   2.9443880e+06   1.6479492e+01
   2.9444190e+06   6.1401367e+01
   2.9448410e+06   1.7089844e+01
   2.9455220e+06   1.5502930e+01
   2.9456170e+06   1.5930176e+01
   2.9457540e+06   6.0363770e+01
   2.9460230e+06   1.6723633e+01
   2.9461180e+06   1.5502930e+01
   2.9464390e+06   1.5563965e+01
   2.9467260e+06   1.4831543e+01
   2.9467640e+06   6.3781738e+01
   2.9468220e+06   1.5380859e+01
   2.9468830e+06   1.6845703e+01
   2.9472320e+06   6.2194824e+01
   2.9473100e+06   1.5197754e+01
   2.9475100e+06   6.5795898e+01
   2.9475720e+06   1.5136719e+01
   2.9478270e+06   1.4282227e+01
   2.9481670e+06   7.2082520e+01
   2.9482670e+06   1.6906738e+01
   2.9491990e+06   1.4892578e+01
   2.9499820e+06   1.6357422e+01
   2.9501870e+06   7.2021484e+01
   2.9506930e+06   1.4526367e+01
   2.9510010e+06   1.5869141e+01
   2.9535870e+06   1.6906738e+01
   2.9541230e+06   1.8249512e+01
   2.9544040e+06   1.6235352e+01
   2.9546460e+06   6.1218262e+01
   2.9551220e+06   2.3010254e+01
   2.9552490e+06   6.3110352e+01
   2.9554280e+06   1.4465332e+01
   2.9557770e+06   6.5307617e+01
   2.9562190e+06   1.4343262e+01
   2.9564450e+06   7.6416016e+01
   2.9573040e+06   1.5441895e+01
   2.9576130e+06   1.8676758e+01
   2.9578270e+06   6.4697266e+01
   2.9580910e+06   1.6357422e+01
   2.9584570e+06   1.4282227e+01
   2.9600470e+06   1.4709473e+01
   2.9608850e+06   1.5502930e+01
   2.9614910e+06   1.4404297e+01
   2.9618780e+06   1.4282227e+01
   2.9626420e+06   1.6723633e+01
   2.9626560e+06   1.7578125e+01
   2.9627520e+06   1.5869141e+01
   2.9631360e+06   1.4831543e+01
   2.9636970e+06   6.2011719e+01
   2.9638420e+06   1.5441895e+01
   2.9639460e+06   1.4709473e+01
   2.9640330e+06   1.6784668e+01
   2.9641450e+06   1.6418457e+01
   2.9641880e+06   1.4587402e+01
   2.9642770e+06   7.0922852e+01
   2.9644020e+06   1.4282227e+01
   2.9645360e+06   1.4892578e+01
   2.9647740e+06   6.6345215e+01
   2.9650350e+06   1.6052246e+01
   2.9651440e+06   1.6113281e+01
   2.9651940e+06   6.5063477e+01
   2.9656410e+06   1.4770508e+01
   2.9658080e+06   1.4343262e+01
   2.9661650e+06   6.3415527e+01
   2.9663970e+06   1.4343262e+01
   2.9664700e+06   1.6601562e+01
   2.9732520e+06   1.4404297e+01
   2.9733500e+06   1.6540527e+01
   2.9735470e+06   2.2033691e+01
   2.9735860e+06   1.6113281e+01
   2.9744390e+06   1.4953613e+01
   2.9753450e+06   1.7761230e+01
   2.9758630e+06   1.4526367e+01
   2.9770070e+06   1.7333984e+01
   2.9859060e+06   1.6967773e+01
   2.9862000e+06   1.4587402e+01
   2.9875160e+06   1.4648438e+01
   2.9877950e+06   1.4526367e+01
   2.9878700e+06   1.5930176e+01
   2.9883360e+06   6.4270020e+01
   2.9893630e+06   1.5319824e+01
   2.9894000e+06   1.4526367e+01
   2.9894690e+06   1.9531250e+01
   2.9973500e+06   1.6967773e+01
   2.9982170e+06   1.4709473e+01
   2.9993810e+06   1.5380859e+01
   3.0005130e+06   6.0668945e+01
   3.0011800e+06   1.8249512e+01
   3.0012600e+06   1.6845703e+01
   3.0016280e+06   1.7700195e+01
   3.0017210e+06   6.2011719e+01
   3.0019500e+06   6.0424805e+01
   3.0019650e+06   1.7456055e+01
   3.0023170e+06   1.5319824e+01
   3.0028010e+06   7.2509766e+01
   3.0031650e+06   1.7700195e+01
   3.0033920e+06   1.5319824e+01
   3.0035390e+06   5.9509277e+01
   3.0035960e+06   1.4892578e+01
   3.0084120e+06   1.4587402e+01
   3.0095630e+06   6.1767578e+01
   3.0098480e+06   6.4086914e+01
   3.0104650e+06   6.4025879e+01
   3.0107220e+06   1.5014648e+01
   3.0108240e+06   7.3242187e+01
   3.0108660e+06   1.6235352e+01
   3.0111260e+06   6.4453125e+01
   3.0113470e+06   1.4709473e+01
   3.0116460e+06   6.2866211e+01
   3.0116910e+06   1.5869141e+01
   3.0119000e+06   6.4086914e+01
   3.0119400e+06   1.5808105e+01
   3.0123020e+06   1.4343262e+01
   3.0123380e+06   1.5197754e+01
   3.0123490e+06   1.6052246e+01
   3.0130000e+06   1.6296387e+01
   3.0131350e+06   1.5380859e+01
   3.0132070e+06   6.9458008e+01
   3.0137270e+06   1.5014648e+01
   3.0146180e+06   1.7517090e+01
   3.0186080e+06   1.6662598e+01
   3.0188800e+06   1.7517090e+01
   3.0189110e+06   6.4514160e+01
   3.0192760e+06   1.4526367e+01
   3.0196440e+06   1.6479492e+01
   3.0197360e+06   6.5246582e+01
   3.0198190e+06   1.4709473e+01
   3.0223010e+06   6.9091797e+01
   3.0223460e+06   1.6845703e+01
   3.0224100e+06   1.9470215e+01
   3.0224480e+06   6.6406250e+01
   3.0229580e+06   6.2255859e+01
   3.0229930e+06   1.9042969e+01
   3.0230750e+06   1.4404297e+01
   3.0231770e+06   1.5625000e+01
   3.0239350e+06   6.7016602e+01
   3.0242140e+06   1.4770508e+01
   3.0250210e+06   6.3049316e+01
   3.0263810e+06   6.4636230e+01
   3.0268020e+06   1.5502930e+01
   3.0272870e+06   6.7626953e+01
   3.0281330e+06   6.0974121e+01
   3.0299540e+06   1.6906738e+01
   3.0300190e+06   6.1706543e+01
   3.0300990e+06   1.9287109e+01
   3.0315100e+06   1.6052246e+01
   3.0316480e+06   1.4953613e+01
   3.0321910e+06   7.1838379e+01
   3.0323080e+06   1.4526367e+01
   3.0324480e+06   1.5441895e+01
   3.0325720e+06   1.7578125e+01
   3.0334530e+06   6.5246582e+01
   3.0334880e+06   1.5502930e+01
   3.0344500e+06   7.2875977e+01
   3.0358940e+06   6.0485840e+01
   3.0368170e+06   6.1340332e+01
   3.0369590e+06   6.4147949e+01
   3.0371490e+06   1.4587402e+01
   3.0374980e+06   7.0861816e+01
   3.0377150e+06   1.4770508e+01
   3.0378910e+06   6.5673828e+01
   3.0379160e+06   1.5930176e+01
   3.0382820e+06   6.3415527e+01
   3.0389410e+06   6.4819336e+01
   3.0389850e+06   1.5441895e+01
   3.0392310e+06   1.7150879e+01
   3.0399530e+06   1.4709473e+01
   3.0400850e+06   6.1767578e+01
   3.0401190e+06   1.6662598e+01
   3.0429240e+06   1.6906738e+01
   3.0430140e+06   6.7565918e+01
   3.0443150e+06   5.8288574e+01
   3.0446100e+06   1.5869141e+01
   3.0450200e+06   1.6174316e+01
   3.0450480e+06   6.7321777e+01
   3.0460050e+06   1.5686035e+01
   3.0462320e+06   1.4404297e+01
   3.0463390e+06   1.5991211e+01
   3.0464580e+06   1.6784668e+01
   3.0467060e+06   1.6296387e+01
   3.0469390e+06   1.4404297e+01
   3.0472400e+06   1.4282227e+01
   3.0474370e+06   6.1279297e+01
   3.0487680e+06   6.7871094e+01
   3.0488660e+06   1.5686035e+01
   3.0496850e+06   6.2377930e+01
   3.0498130e+06   1.5075684e+01
   3.0505860e+06   6.2133789e+01
   3.0512420e+06   6.6528320e+01
   3.0513300e+06   1.4587402e+01
   3.0516650e+06   1.9836426e+01
   3.0516830e+06   7.2021484e+01
   3.0521060e+06   1.5747070e+01
   3.0522960e+06   6.6528320e+01
   3.0567960e+06   1.4709473e+01
   3.0571190e+06   5.9753418e+01
   3.0584730e+06   7.5683594e+01
   3.0588060e+06   1.5686035e+01
   3.0591940e+06   1.8493652e+01
   3.0596980e+06   1.5991211e+01
   3.0597230e+06   1.4465332e+01
   3.0598360e+06   1.4770508e+01
   3.0607080e+06   1.6540527e+01
   3.0609420e+06   7.4157715e+01
   3.0609520e+06   2.1179199e+01
   3.0612630e+06   1.4465332e+01
   3.0613810e+06   1.5625000e+01
   3.0614680e+06   8.0322266e+01
   3.0622210e+06   1.5014648e+01
   3.0668500e+06   6.7687988e+01
   3.0669330e+06   7.2082520e+01
   3.0675630e+06   1.7517090e+01
   3.0755000e+06   1.4770508e+01
   3.0768420e+06   6.7626953e+01
   3.0769460e+06   1.5441895e+01
   3.0772340e+06   1.7456055e+01
   3.0776380e+06   1.5747070e+01
   3.0779000e+06   1.5380859e+01
   3.0783620e+06   1.4282227e+01
   3.0792700e+06   1.6357422e+01
   3.0795700e+06   1.5930176e+01
   3.0799680e+06   1.4892578e+01
   3.0806460e+06   1.4587402e+01
   3.0809800e+06   1.5319824e+01
   3.0839310e+06   1.4282227e+01
   3.0839660e+06   1.9836426e+01
   3.0839850e+06   1.5014648e+01
   3.0840170e+06   1.4587402e+01
   3.0843880e+06   1.4831543e+01
   3.0845480e+06   7.2265625e+01
   3.0847440e+06   1.5563965e+01
   3.0847800e+06   1.4404297e+01
   3.0854790e+06   1.5563965e+01
   3.0856070e+06   1.8615723e+01
   3.0856270e+06   6.4819336e+01
   3.0863210e+06   2.2521973e+01
   3.0863510e+06   6.3171387e+01
   3.0863810e+06   1.4648438e+01
   3.0864140e+06   6.7382812e+01
   3.0864260e+06   1.6174316e+01
   3.0881900e+06   6.4880371e+01
   3.0887810e+06   6.2255859e+01
   3.0896280e+06   6.4880371e+01
   3.0907940e+06   6.2072754e+01
   3.0916130e+06   6.5124512e+01
   3.0920500e+06   7.1228027e+01
   3.0921010e+06   1.4831543e+01
   3.0927290e+06   6.4514160e+01
   3.0928700e+06   1.5258789e+01
   3.0929770e+06   6.7077637e+01
   3.0933860e+06   7.2998047e+01
   3.0938040e+06   6.8969727e+01
   3.0945390e+06   1.8432617e+01
   3.0950540e+06   1.6479492e+01
   3.0985400e+06   6.0791016e+01
   3.0996840e+06   1.4404297e+01
   3.1012160e+06   6.2438965e+01
   3.1014020e+06   1.9836426e+01
   3.1025270e+06   1.9653320e+01
   3.1030220e+06   6.7871094e+01
   3.1053440e+06   1.4526367e+01
   3.1059480e+06   1.5808105e+01
   3.1068600e+06   1.4404297e+01
   3.1077120e+06   1.5075684e+01
   3.1077950e+06   6.4758301e+01
   3.1078750e+06   1.9042969e+01
   3.1080080e+06   1.4587402e+01
   3.1091450e+06   6.2622070e+01
   3.1099380e+06   1.4404297e+01
   3.1123760e+06   1.5625000e+01
   3.1124430e+06   1.5625000e+01
   3.1142850e+06   1.4648438e+01
   3.1146150e+06   6.2316895e+01
   3.1147940e+06   1.8554688e+01
   3.1148570e+06   2.1118164e+01
   3.1150440e+06   1.5747070e+01
   3.1159170e+06   1.5869141e+01
   3.1165580e+06   1.6357422e+01
   3.1194490e+06   1.5319824e+01
   3.1207400e+06   6.3354492e+01
   3.1219290e+06   1.7333984e+01
   3.1219590e+06   1.4282227e+01
   3.1220210e+06   6.9580078e+01
   3.1221740e+06   1.7333984e+01
   3.1223030e+06   6.1035156e+01
   3.1223510e+06   7.1105957e+01
   3.1225690e+06   2.2583008e+01
   3.1225960e+06   6.5185547e+01
   3.1226200e+06   6.3781738e+01
   3.1227270e+06   6.3598633e+01
   3.1230080e+06   6.7810059e+01
   3.1231130e+06   6.4575195e+01
   3.1273650e+06   1.5136719e+01
   3.1278620e+06   1.4953613e+01
   3.1286840e+06   7.1289062e+01
   3.1305910e+06   1.5441895e+01
   3.1314000e+06   6.0424805e+01
   3.1317470e+06   1.5380859e+01
   3.1317970e+06   7.3669434e+01
   3.1320420e+06   6.4086914e+01
   3.1321530e+06   1.5258789e+01
   3.1322050e+06   6.2377930e+01
   3.1323200e+06   1.4648438e+01
   3.1325290e+06   6.5307617e+01
   3.1325510e+06   1.8432617e+01
   3.1326170e+06   1.4770508e+01
   3.1327890e+06   6.3415527e+01
   3.1329010e+06   1.5136719e+01
   3.1331590e+06   6.3964844e+01
   3.1332760e+06   1.6113281e+01
   3.1334630e+06   1.5808105e+01
   3.1334890e+06   6.2072754e+01
   3.1336230e+06   6.5368652e+01
   3.1336490e+06   7.0556641e+01
   3.1337720e+06   1.4404297e+01
   3.1339450e+06   1.5991211e+01
   3.1339660e+06   6.0913086e+01
   3.1342480e+06   6.5063477e+01
   3.1343440e+06   1.6967773e+01
   3.1350230e+06   1.4709473e+01
   3.1350850e+06   1.6784668e+01
   3.1350980e+06   1.4953613e+01
   3.1351680e+06   6.0424805e+01
   3.1366260e+06   6.0791016e+01
   3.1368050e+06   1.6235352e+01
   3.1374260e+06   1.4892578e+01
   3.1376260e+06   1.7211914e+01
   3.1379420e+06   1.4953613e+01
   3.1383160e+06   1.8676758e+01
   3.1385770e+06   1.5441895e+01
   3.1388380e+06   6.7871094e+01
   3.1392600e+06   1.4343262e+01
   3.1402650e+06   1.4404297e+01
   3.1405900e+06   6.9824219e+01
   3.1428970e+06   6.4514160e+01
   3.1429270e+06   1.5197754e+01
   3.1439740e+06   6.5307617e+01
   3.1459060e+06   6.8481445e+01
   3.1460130e+06   1.4282227e+01
   3.1461000e+06   6.5490723e+01
   3.1461110e+06   1.7639160e+01
   3.1506170e+06   1.5014648e+01
   3.1522350e+06   1.4526367e+01
   3.1522750e+06   1.6235352e+01
   3.1523090e+06   6.0302734e+01
   3.1558750e+06   6.4025879e+01
   3.1560050e+06   1.4831543e+01
   3.1560510e+06   1.6357422e+01
   3.1562250e+06   1.4953613e+01
   3.1562640e+06   1.7395020e+01
   3.1562810e+06   1.6052246e+01
   3.1563000e+06   1.4831543e+01
   3.1581900e+06   1.4343262e+01
   3.1590780e+06   1.5258789e+01
   3.1607170e+06   1.4343262e+01
   3.1609750e+06   1.4953613e+01
   3.1610440e+06   1.4831543e+01
   3.1612820e+06   1.4465332e+01
   3.1613540e+06   7.1411133e+01
   3.1614910e+06   1.6113281e+01
   3.1617340e+06   6.9213867e+01
   3.1636530e+06   1.5075684e+01
   3.1638400e+06   6.9274902e+01
   3.1641870e+06   1.5075684e+01
   3.1643080e+06   1.5014648e+01
   3.1645250e+06   1.4709473e+01
   3.1653230e+06   1.5747070e+01
   3.1655960e+06   1.5380859e+01
   3.1658760e+06   6.4208984e+01
   3.1661410e+06   1.5686035e+01
   3.1664610e+06   1.6479492e+01
   3.1665510e+06   6.0974121e+01
   3.1669200e+06   1.4587402e+01
   3.1694950e+06   1.5563965e+01
   3.1698280e+06   1.7333984e+01
   3.1700120e+06   1.8432617e+01
   3.1700220e+06   7.6965332e+01
   3.1700770e+06   1.4465332e+01
   3.1704880e+06   2.2644043e+01
   3.1705810e+06   6.7443848e+01
   3.1705990e+06   1.5930176e+01
   3.1706740e+06   1.8066406e+01
   3.1725010e+06   1.4465332e+01
   3.1726770e+06   1.5747070e+01
   3.1734840e+06   1.5197754e+01
   3.1756770e+06   1.8127441e+01
   3.1758610e+06   1.6845703e+01
   3.1760740e+06   1.4465332e+01
   3.1764360e+06   1.7761230e+01
   3.1775950e+06   1.4648438e+01
   3.1776940e+06   6.9213867e+01
   3.1779190e+06   1.5319824e+01
   3.1781190e+06   1.5136719e+01
   3.1782050e+06   1.4709473e+01
   3.1782520e+06   6.6772461e+01
   3.1787270e+06   1.4282227e+01
   3.1787790e+06   6.2561035e+01
   3.1788650e+06   1.4648438e+01
   3.1791310e+06   1.8249512e+01
   3.1831600e+06   1.4648438e+01
   3.1870130e+06   6.5185547e+01
   3.1879240e+06   1.6845703e+01
   3.1883450e+06   1.4892578e+01
   3.1886290e+06   1.6967773e+01
   3.1889030e+06   6.3598633e+01
   3.1890210e+06   1.5319824e+01
   3.1892210e+06   1.6235352e+01
   3.1895940e+06   1.4587402e+01
   3.1902750e+06   2.0568848e+01
   3.1903220e+06   1.5686035e+01
   3.1904790e+06   6.2377930e+01
   3.1905050e+06   1.6235352e+01
   3.1907090e+06   1.4404297e+01
   3.1908320e+06   6.3049316e+01
   3.1909730e+06   1.5563965e+01
   3.1911900e+06   1.4892578e+01
   3.1914110e+06   1.5380859e+01
   3.1916210e+06   1.5502930e+01
   3.1923930e+06   1.5502930e+01
   3.1927030e+06   1.4587402e+01
   3.1929620e+06   1.7456055e+01
   3.1934770e+06   1.5014648e+01
   3.1969110e+06   1.5197754e+01
   3.1969470e+06   1.4831543e+01
   3.1969670e+06   6.3781738e+01
   3.1973790e+06   1.8493652e+01
   3.1975190e+06   1.4648438e+01
   3.1975720e+06   1.6418457e+01
   3.1981330e+06   6.5246582e+01
   3.1983210e+06   1.5930176e+01
   3.2037460e+06   1.5991211e+01
   3.2044640e+06   1.4648438e+01
   3.2046890e+06   6.4086914e+01
   3.2056410e+06   1.7700195e+01
   3.2057280e+06   1.4526367e+01
   3.2058370e+06   1.4770508e+01
   3.2058650e+06   7.4829102e+01
   3.2061240e+06   1.5441895e+01
   3.2064370e+06   6.8420410e+01
   3.2066340e+06   1.5625000e+01
   3.2067030e+06   1.5075684e+01
   3.2067940e+06   1.6601562e+01
   3.2069260e+06   6.1706543e+01
   3.2071730e+06   1.6601562e+01
   3.2072680e+06   1.6479492e+01
   3.2075290e+06   1.6357422e+01
   3.2078420e+06   1.5563965e+01
   3.2079640e+06   1.4648437e+01
   3.2080590e+06   1.7333984e+01
   3.2082600e+06   1.4953613e+01
   3.2084420e+06   1.5747070e+01
   3.2086230e+06   6.9152832e+01
   3.2088870e+06   1.4404297e+01
   3.2090080e+06   1.4465332e+01
   3.2090220e+06   5.9082031e+01
   3.2090640e+06   2.0507812e+01
   3.2090810e+06   6.5612793e+01
   3.2090920e+06   1.8798828e+01
   3.2091140e+06   1.4709473e+01
   3.2092120e+06   1.5502930e+01
   3.2179100e+06   6.3049316e+01
   3.2181050e+06   1.4831543e+01
   3.2182080e+06   1.6662598e+01
   3.2187710e+06   1.4831543e+01
   3.2188770e+06   1.4648438e+01
   3.2268040e+06   1.5197754e+01
   3.2268330e+06   1.4587402e+01
   3.2281990e+06   1.6052246e+01
   3.2289960e+06   2.7832031e+01
   3.2296230e+06   1.5502930e+01
   3.2296480e+06   7.4829102e+01
   3.2303880e+06   1.4404297e+01
   3.2305150e+06   1.4404297e+01
   3.2308930e+06   6.2927246e+01
   3.2321430e+06   1.5441895e+01
   3.2327320e+06   1.6052246e+01
   3.2338060e+06   1.5075684e+01
   3.2359700e+06   1.4831543e+01
   3.2368090e+06   6.4514160e+01
   3.2368530e+06   1.4648438e+01
   3.2371640e+06   1.4770508e+01
   3.2373500e+06   1.7700195e+01
   3.2373830e+06   2.5817871e+01
   3.2374140e+06   1.8615723e+01
   3.2412160e+06   1.8066406e+01
   3.2418540e+06   1.5625000e+01
   3.2432630e+06   1.7883301e+01
   3.2462180e+06   1.5258789e+01
   3.2472170e+06   1.5075684e+01
   3.2483150e+06   7.1044922e+01
   3.2483870e+06   1.4587402e+01
   3.2488740e+06   1.5441895e+01
   3.2496250e+06   6.7871094e+01
   3.2497800e+06   1.5502930e+01
   3.2501200e+06   1.7822266e+01
   3.2505220e+06   1.4953613e+01
   3.2505970e+06   6.3537598e+01
   3.2510090e+06   6.5673828e+01
   3.2513430e+06   6.6589355e+01
   3.2524130e+06   1.7761230e+01
   3.2548820e+06   1.5747070e+01
   3.2549100e+06   1.4953613e+01
   3.2561450e+06   6.2866211e+01
   3.2568920e+06   1.4343262e+01
   3.2569290e+06   6.3232422e+01
   3.2571040e+06   1.5258789e+01
   3.2571400e+06   6.1218262e+01
   3.2572680e+06   1.4831543e+01
   3.2572870e+06   1.4343262e+01
   3.2574360e+06   6.5490723e+01
   3.2576020e+06   6.2500000e+01
   3.2577520e+06   6.3598633e+01
   3.2580340e+06   1.4465332e+01
   3.2581000e+06   7.1472168e+01
   3.2582700e+06   5.9692383e+01
   3.2582800e+06   1.6967773e+01
   3.2583110e+06   1.8554688e+01
   3.2585390e+06   1.4892578e+01
   3.2585940e+06   6.7138672e+01
   3.2586960e+06   1.5319824e+01
   3.2590980e+06   6.8542480e+01
   3.2593440e+06   1.4587402e+01
   3.2594390e+06   6.6833496e+01
   3.2596110e+06   1.6052246e+01
   3.2596770e+06   6.4636230e+01
   3.2597480e+06   1.5747070e+01
   3.2598900e+06   1.4526367e+01
   3.2599500e+06   6.2866211e+01
   3.2600870e+06   1.5197754e+01
   3.2601400e+06   6.6040039e+01
   3.2604930e+06   6.5490723e+01
   3.2607790e+06   1.5991211e+01
   3.2614660e+06   1.5502930e+01
   3.2623550e+06   1.7028809e+01
   3.2625310e+06   7.0129395e+01
   3.2626570e+06   1.4770508e+01
   3.2631270e+06   1.6723633e+01
   3.2633010e+06   6.6589355e+01
   3.2648500e+06   1.7761230e+01
   3.2655960e+06   1.5991211e+01
   3.2662610e+06   1.6845703e+01
   3.2663210e+06   6.3171387e+01
   3.2663930e+06   1.8554688e+01
   3.2664510e+06   1.8981934e+01
   3.2665140e+06   6.6162109e+01
   3.2665420e+06   2.6672363e+01
   3.2665540e+06   2.1484375e+01
   3.2665950e+06   1.7700195e+01
   3.2666190e+06   6.4392090e+01
   3.2724560e+06   1.5808105e+01
   3.2746680e+06   1.7700195e+01
   3.2747260e+06   1.5258789e+01
   3.2750940e+06   1.6052246e+01
   3.2751250e+06   1.9714355e+01
   3.2751910e+06   1.4465332e+01
   3.2752390e+06   5.8959961e+01
   3.2759250e+06   1.4343262e+01
   3.2759690e+06   6.8420410e+01
   3.2766250e+06   1.4465332e+01
   3.2767670e+06   6.3354492e+01
   3.2769290e+06   1.4770508e+01
   3.2770320e+06   1.6479492e+01
   3.2788770e+06   6.7749023e+01
   3.2790220e+06   6.3659668e+01
   3.2792260e+06   1.7028809e+01
   3.2793080e+06   6.2255859e+01
   3.2795330e+06   1.8249512e+01
   3.2830230e+06   1.7395020e+01
   3.2840710e+06   1.6296387e+01
   3.2843910e+06   1.4770508e+01
   3.2844130e+06   6.3537598e+01
   3.2845400e+06   1.6784668e+01
   3.2854830e+06   6.1279297e+01
   3.2861910e+06   1.5686035e+01
   3.2870140e+06   1.5625000e+01
   3.2871310e+06   1.5136719e+01
   3.2873270e+06   1.4648438e+01
   3.2874570e+06   6.2561035e+01
   3.2874790e+06   1.5197754e+01
   3.2912170e+06   1.5441895e+01
   3.2914350e+06   6.3537598e+01
   3.2921710e+06   1.5197754e+01
   3.2923020e+06   1.5747070e+01
   3.2929080e+06   1.5136719e+01
   3.2929350e+06   7.2631836e+01
   3.2933410e+06   1.8798828e+01
   3.2936600e+06   6.6101074e+01
   3.2937270e+06   1.8188477e+01
   3.2937450e+06   7.4462891e+01
   3.2937780e+06   6.6040039e+01
   3.2944980e+06   2.0507812e+01
   3.2949260e+06   6.1889648e+01
   3.3000960e+06   1.4404297e+01
   3.3005350e+06   6.3903809e+01
   3.3013840e+06   1.4709473e+01
   3.3017740e+06   6.4514160e+01
   3.3019680e+06   1.5991211e+01
   3.3021660e+06   5.8654785e+01
   3.3024220e+06   1.4709473e+01
   3.3024760e+06   1.5380859e+01
   3.3027030e+06   1.6174316e+01
   3.3028910e+06   6.8664551e+01
   3.3032040e+06   1.6601562e+01
   3.3035000e+06   6.8542480e+01
   3.3053980e+06   1.5136719e+01
   3.3054850e+06   6.3659668e+01
   3.3058730e+06   1.8371582e+01
   3.3059160e+06   6.8115234e+01
   3.3059880e+06   1.6296387e+01
   3.3060250e+06   6.6711426e+01
   3.3068640e+06   1.4892578e+01
   3.3071280e+06   1.7456055e+01
   3.3072450e+06   1.6113281e+01
   3.3072600e+06   7.0556641e+01
   3.3073550e+06   1.7395020e+01
   3.3073810e+06   7.1777344e+01
   3.3073920e+06   1.4648438e+01
   3.3074310e+06   1.9348145e+01
   3.3103250e+06   1.5136719e+01
   3.3105180e+06   1.4648438e+01
   3.3119380e+06   1.6479492e+01
   3.3123380e+06   1.4831543e+01
   3.3124500e+06   6.3110352e+01
   3.3125400e+06   6.6406250e+01
   3.3125500e+06   1.4648438e+01
   3.3171640e+06   1.5747070e+01
   3.3172410e+06   6.2622070e+01
   3.3174920e+06   1.5502930e+01
   3.3175470e+06   6.1828613e+01
   3.3176260e+06   1.6540527e+01
   3.3179830e+06   1.5258789e+01
   3.3180120e+06   6.3964844e+01
   3.3181440e+06   1.7089844e+01
   3.3182010e+06   4.9743652e+01
   3.3183400e+06   6.2438965e+01
   3.3186970e+06   2.0019531e+01
   3.3187190e+06   6.5856934e+01
   3.3193080e+06   1.7211914e+01
   3.3200060e+06   1.6174316e+01
   3.3200260e+06   6.7199707e+01
   3.3200430e+06   1.7089844e+01
   3.3204420e+06   1.4831543e+01
   3.3210880e+06   1.7700195e+01
   3.3211260e+06   6.4880371e+01
   3.3211710e+06   1.4892578e+01
   3.3272170e+06   1.6906738e+01
   3.3274350e+06   6.2072754e+01
   3.3274700e+06   1.5930176e+01
   3.3278800e+06   1.6052246e+01
   3.3278940e+06   7.0800781e+01
   3.3284670e+06   1.7639160e+01
   3.3290130e+06   6.7077637e+01
   3.3293190e+06   1.5502930e+01
   3.3293460e+06   1.6906738e+01
   3.3293560e+06   8.0200195e+01
   3.3293850e+06   7.8002930e+01
   3.3294130e+06   7.6782227e+01
   3.3294550e+06   1.4282227e+01
   3.3363980e+06   1.7761230e+01
   3.3374810e+06   6.6650391e+01
   3.3379260e+06   1.4709473e+01
   3.3379620e+06   6.6650391e+01
   3.3384520e+06   1.6479492e+01
   3.3387600e+06   5.9875488e+01
   3.3388400e+06   1.7028809e+01
   3.3389020e+06   1.6174316e+01
   3.3391210e+06   1.5808105e+01
   3.3401190e+06   1.6235352e+01
   3.3402330e+06   1.6357422e+01
   3.3402710e+06   5.9936523e+01
   3.3447350e+06   1.7639160e+01
   3.3455740e+06   6.4636230e+01
   3.3459410e+06   1.5686035e+01
   3.3462250e+06   1.5197754e+01
   3.3462510e+06   7.3974609e+01
   3.3464240e+06   1.4465332e+01
   3.3466740e+06   6.3720703e+01
   3.3471290e+06   1.5197754e+01
   3.3471530e+06   7.3364258e+01
   3.3479410e+06   1.4343262e+01
   3.3508770e+06   1.6967773e+01
   3.3525580e+06   1.4953613e+01
   3.3536280e+06   6.5856934e+01
   3.3538370e+06   1.4526367e+01
   3.3538960e+06   1.5563965e+01
   3.3541300e+06   1.6235352e+01
   3.3541680e+06   1.5808105e+01
   3.3541990e+06   1.6723633e+01
   3.3542640e+06   7.1228027e+01
   3.3548950e+06   6.4575195e+01
   3.3549630e+06   1.6174316e+01
   3.3551630e+06   1.7517090e+01
   3.3556730e+06   1.4587402e+01
   3.3564000e+06   1.4648438e+01
   3.3566750e+06   1.4282227e+01
   3.3572610e+06   1.4831543e+01
   3.3574660e+06   1.5014648e+01
   3.3584370e+06   1.4953613e+01
   3.3589860e+06   1.6113281e+01
   3.3594750e+06   1.6418457e+01
   3.3631910e+06   1.6296387e+01
   3.3633020e+06   1.5747070e+01
   3.3634530e+06   1.4831543e+01
   3.3640590e+06   1.4709473e+01
   3.3646480e+06   6.3659668e+01
   3.3647230e+06   1.7456055e+01
   3.3651220e+06   1.6906738e+01
   3.3652580e+06   6.3171387e+01
   3.3656100e+06   1.5441895e+01
   3.3662550e+06   7.0312500e+01
   3.3663650e+06   6.9091797e+01
   3.3671560e+06   1.6540527e+01
   3.3676080e+06   1.5869141e+01
   3.3678710e+06   1.6662598e+01
   3.3681740e+06   1.4587402e+01
   3.3682540e+06   1.6723633e+01
   3.3700460e+06   1.6967773e+01
   3.3704510e+06   1.8981934e+01
   3.3710390e+06   1.4892578e+01
   3.3711590e+06   1.5625000e+01
   3.3715080e+06   1.4892578e+01
   3.3718630e+06   6.7626953e+01
   3.3720620e+06   1.6967773e+01
   3.3723620e+06   1.4465332e+01
   3.3724640e+06   1.4648438e+01
   3.3725150e+06   6.9458008e+01
   3.3728000e+06   1.4465332e+01
   3.3746530e+06   1.4831543e+01
   3.3764270e+06   1.5563965e+01
   3.3771840e+06   1.4526367e+01
   3.3776240e+06   1.7883301e+01
   3.3781460e+06   7.6171875e+01
   3.3784290e+06   1.4282227e+01
   3.3797150e+06   6.2500000e+01
   3.3799490e+06   1.6662598e+01
   3.3801150e+06   1.4404297e+01
   3.3801570e+06   1.8981934e+01
   3.3803480e+06   1.5563965e+01
   3.3805300e+06   1.6967773e+01
   3.3805660e+06   7.2387695e+01
   3.3805930e+06   1.4648438e+01
   3.3809250e+06   1.7333984e+01
   3.3809970e+06   1.6113281e+01
   3.3816390e+06   1.7150879e+01
   3.3819270e+06   1.5441895e+01
   3.3832040e+06   1.4404297e+01
   3.3849270e+06   1.4831543e+01
   3.3849940e+06   1.5808105e+01
   3.3850220e+06   6.8969727e+01
   3.3853730e+06   1.7883301e+01
   3.3858100e+06   1.4526367e+01
   3.3865130e+06   1.5014648e+01
   3.3877030e+06   1.6235352e+01
   3.3880610e+06   1.5991211e+01
   3.3882970e+06   6.2377930e+01
   3.3889370e+06   1.5625000e+01
   3.3896050e+06   2.2521973e+01
   3.3903420e+06   1.8188477e+01
   3.3905770e+06   1.6296387e+01
   3.3916660e+06   6.8298340e+01
   3.3919430e+06   6.6467285e+01
   3.3922680e+06   1.6174316e+01
   3.3923770e+06   2.0629883e+01
   3.3926050e+06   1.6723633e+01
   3.3929550e+06   1.4587402e+01
   3.3933610e+06   1.4282227e+01
   3.3936350e+06   6.2683105e+01
   3.3943570e+06   1.8676758e+01
   3.3944340e+06   1.6052246e+01
   3.3946590e+06   1.4648437e+01
   3.3947920e+06   7.2937012e+01
   3.3949660e+06   7.1350098e+01
   3.3953180e+06   1.5014648e+01
   3.3954360e+06   1.5563965e+01
   3.3958720e+06   1.6906738e+01
   3.3959020e+06   5.9570313e+01
   3.3959460e+06   1.8249512e+01
   3.3959660e+06   6.6589355e+01
   3.3960080e+06   1.6784668e+01
   3.3967520e+06   1.5014648e+01
   3.3968500e+06   1.4831543e+01
   3.3988970e+06   1.5136719e+01
   3.3989980e+06   1.7700195e+01
   3.3994030e+06   6.5124512e+01
   3.4000460e+06   1.6052246e+01
   3.4017130e+06   1.6235352e+01
   3.4018310e+06   1.5563965e+01
   3.4027600e+06   1.5075684e+01
   3.4028800e+06   1.6296387e+01
   3.4039420e+06   1.4648438e+01
   3.4040030e+06   1.4282227e+01
   3.4042420e+06   6.7016602e+01
   3.4043280e+06   1.4282227e+01
   3.4045890e+06   1.5075684e+01
   3.4046140e+06   7.3425293e+01
   3.4049800e+06   1.4282227e+01
   3.4050850e+06   1.6418457e+01
   3.4058840e+06   1.4282227e+01
   3.4059870e+06   1.6357422e+01
   3.4062450e+06   1.5014648e+01
   3.4063220e+06   5.7067871e+01
   3.4069710e+06   1.5747070e+01
   3.4071990e+06   6.4392090e+01
   3.4073280e+06   1.7272949e+01
   3.4077950e+06   1.7272949e+01
   3.4088330e+06   1.8371582e+01
   3.4099860e+06   7.0556641e+01
   3.4107810e+06   1.6113281e+01
   3.4109070e+06   1.4343262e+01
   3.4132840e+06   1.5258789e+01
   3.4133050e+06   1.5686035e+01
   3.4133430e+06   1.8188477e+01
   3.4133730e+06   6.5246582e+01
   3.4133990e+06   6.9091797e+01
   3.4134470e+06   1.5625000e+01
   3.4139790e+06   1.5380859e+01
   3.4152520e+06   1.6418457e+01
   3.4160030e+06   1.5441895e+01
   3.4178520e+06   7.1044922e+01
   3.4179790e+06   1.5441895e+01
   3.4181590e+06   1.6174316e+01
   3.4181720e+06   8.0627441e+01
   3.4181880e+06   1.6601562e+01
   3.4198850e+06   1.5197754e+01
   3.4209410e+06   1.4953613e+01
   3.4209520e+06   7.1411133e+01
   3.4214700e+06   6.3354492e+01
   3.4253970e+06   1.5441895e+01
   3.4259640e+06   1.4526367e+01
   3.4260380e+06   1.6906738e+01
   3.4260550e+06   1.5075684e+01
   3.4266200e+06   1.8981934e+01
   3.4266970e+06   6.1279297e+01
   3.4270700e+06   6.8298340e+01
   3.4270890e+06   1.5747070e+01
   3.4274780e+06   7.5683594e+01
   3.4276040e+06   1.4892578e+01
   3.4278960e+06   1.7333984e+01
   3.4280610e+06   1.4648438e+01
   3.4281980e+06   1.9714355e+01
   3.4282490e+06   1.7211914e+01
   3.4282970e+06   1.4587402e+01
   3.4283880e+06   1.6723633e+01
   3.4288760e+06   1.4282227e+01
   3.4292930e+06   1.5197754e+01
   3.4302510e+06   1.4648437e+01
   3.4311030e+06   1.5686035e+01
   3.4319910e+06   1.4282227e+01
   3.4329550e+06   1.5197754e+01
   3.4336260e+06   1.7517090e+01
   3.4338320e+06   6.4819336e+01
   3.4338420e+06   1.4282227e+01
   3.4338780e+06   1.7150879e+01
   3.4340430e+06   1.4526367e+01
   3.4341790e+06   1.5441895e+01
   3.4342560e+06   1.5075684e+01
   3.4344440e+06   1.4282227e+01
   3.4345770e+06   6.8786621e+01
   3.4355760e+06   1.6052246e+01
   3.4364550e+06   1.5136719e+01
   3.4366450e+06   1.5075684e+01
   3.4367470e+06   1.7028809e+01
   3.4379500e+06   6.2438965e+01
   3.4382290e+06   1.7272949e+01
   3.4385560e+06   1.4526367e+01
   3.4395400e+06   1.6357422e+01
   3.4403880e+06   1.5075684e+01
   3.4417910e+06   1.5197754e+01
   3.4423220e+06   1.4892578e+01
   3.4427240e+06   6.7443848e+01
   3.4431610e+06   1.5441895e+01
   3.4433480e+06   1.4282227e+01
   3.4436610e+06   2.3681641e+01
   3.4436880e+06   5.8227539e+01
   3.4445780e+06   6.3903809e+01
   3.4452530e+06   1.6906738e+01
   3.4461400e+06   1.4770508e+01
   3.4472220e+06   5.8898926e+01
   3.4475780e+06   6.3659668e+01
   3.4477380e+06   1.5014648e+01
   3.4481620e+06   6.4514160e+01
   3.4483390e+06   6.6162109e+01
   3.4487530e+06   5.9326172e+01
   3.4490720e+06   1.4709473e+01
   3.4491090e+06   6.3354492e+01
   3.4492710e+06   1.4343262e+01
   3.4506040e+06   1.6174316e+01
   3.4506820e+06   1.5686035e+01
   3.4512100e+06   6.3415527e+01
   3.4516300e+06   1.4404297e+01
   3.4521210e+06   2.1179199e+01
   3.4537470e+06   6.5612793e+01
   3.4541030e+06   1.7822266e+01
   3.4543040e+06   1.5625000e+01
   3.4543800e+06   6.3232422e+01
   3.4545910e+06   1.8066406e+01
   3.4546940e+06   1.5502930e+01
   3.4548320e+06   1.4587402e+01
   3.4549260e+06   6.5917969e+01
   3.4550450e+06   1.5686035e+01
   3.4552750e+06   1.6113281e+01
   3.4559510e+06   1.8005371e+01
   3.4569410e+06   1.6296387e+01
   3.4586130e+06   1.4465332e+01
   3.4592200e+06   1.7578125e+01
   3.4624650e+06   6.5246582e+01
   3.4629800e+06   6.7565918e+01
   3.4630460e+06   1.6601562e+01
   3.4631390e+06   1.9470215e+01
   3.4631740e+06   7.0312500e+01
   3.4650170e+06   6.6589355e+01
   3.4651030e+06   6.5063477e+01
   3.4654460e+06   1.8554688e+01
   3.4654570e+06   7.3303223e+01
   3.4659090e+06   1.5625000e+01
   3.4660010e+06   1.7089844e+01
   3.4660930e+06   7.3791504e+01
   3.4661320e+06   1.9531250e+01
   3.4663680e+06   1.4770508e+01
   3.4666370e+06   1.4404297e+01
   3.4666520e+06   6.2377930e+01
   3.4667460e+06   1.5014648e+01
   3.4669610e+06   1.6601562e+01
   3.4672890e+06   1.7517090e+01
   3.4680740e+06   1.4465332e+01
   3.4681130e+06   6.0729980e+01
   3.4682490e+06   1.7761230e+01
   3.4688310e+06   1.4404297e+01
   3.4690210e+06   6.4086914e+01
   3.4695290e+06   1.6784668e+01
   3.4695550e+06   1.9042969e+01
   3.4695720e+06   6.0974121e+01
   3.4695910e+06   2.3986816e+01
   3.4696630e+06   7.8186035e+01
   3.4711950e+06   1.5319824e+01
   3.4726770e+06   1.5747070e+01
   3.4748180e+06   7.3730469e+01
   3.4757090e+06   1.5747070e+01
   3.4767710e+06   1.5930176e+01
   3.4769760e+06   1.4770508e+01
   3.4780060e+06   6.2988281e+01
   3.4780240e+06   1.6113281e+01
   3.4788080e+06   1.5014648e+01
   3.4788360e+06   1.4831543e+01
   3.4788560e+06   1.9042969e+01
   3.4789210e+06   6.9580078e+01
   3.4789520e+06   1.5808105e+01
   3.4798940e+06   2.1911621e+01
   3.4799160e+06   1.4709473e+01
   3.4799260e+06   2.4169922e+01
   3.4799480e+06   1.7700195e+01
   3.4799980e+06   6.5612793e+01
   3.4800310e+06   7.5134277e+01
   3.4800450e+06   2.1301270e+01
   3.4800650e+06   1.5075684e+01
   3.4800960e+06   6.9824219e+01
   3.4874630e+06   1.5625000e+01
   3.4886920e+06   1.4282227e+01
   3.4887020e+06   2.2827148e+01
   3.4887500e+06   6.2255859e+01
   3.4887710e+06   1.6418457e+01
   3.4888900e+06   1.4282227e+01
   3.4911100e+06   1.5441895e+01
   3.4962920e+06   1.7639160e+01
   3.4974970e+06   1.4282227e+01
   3.4978710e+06   1.5930176e+01
   3.4985020e+06   1.4465332e+01
   3.5018200e+06   6.3659668e+01
   3.5025630e+06   7.2143555e+01
   3.5031450e+06   1.6174316e+01
   3.5033260e+06   1.7517090e+01
   3.5036480e+06   1.5319824e+01
   3.5046810e+06   1.6662598e+01
   3.5049800e+06   7.0190430e+01
   3.5050570e+06   1.6174316e+01
   3.5056900e+06   1.5319824e+01
   3.5058960e+06   1.4648438e+01
   3.5059970e+06   1.4587402e+01
   3.5063410e+06   1.6906738e+01
   3.5064860e+06   6.4331055e+01
   3.5075680e+06   1.6174316e+01
   3.5085040e+06   1.5258789e+01
   3.5098850e+06   1.4343262e+01
   3.5099070e+06   6.8908691e+01
   3.5099650e+06   1.5014648e+01
   3.5100290e+06   1.4526367e+01
   3.5104720e+06   1.5869141e+01
   3.5105490e+06   6.4941406e+01
   3.5106020e+06   1.6296387e+01
   3.5106240e+06   7.4707031e+01
   3.5106590e+06   7.0068359e+01
   3.5111420e+06   6.6345215e+01
   3.5112640e+06   6.1401367e+01
   3.5113670e+06   2.0812988e+01
   3.5124300e+06   6.2622070e+01
   3.5127130e+06   6.4025879e+01
   3.5129480e+06   6.4208984e+01
   3.5132810e+06   6.5429688e+01
   3.5137090e+06   1.9348145e+01
   3.5137250e+06   7.3852539e+01
   3.5137880e+06   6.1828613e+01
   3.5139080e+06   1.4282227e+01
   3.5144210e+06   1.4953613e+01
   3.5145640e+06   1.5197754e+01
   3.5156670e+06   1.4282227e+01
   3.5163300e+06   1.4953613e+01
   3.5163690e+06   6.2866211e+01
   3.5165740e+06   1.4404297e+01
   3.5167190e+06   1.7333984e+01
   3.5167720e+06   6.1828613e+01
   3.5172280e+06   7.2509766e+01
   3.5183450e+06   1.6784668e+01
   3.5186210e+06   1.4465332e+01
   3.5196600e+06   1.4648438e+01
   3.5198530e+06   1.5075684e+01
   3.5205690e+06   1.5441895e+01
   3.5206520e+06   1.4404297e+01
   3.5207280e+06   6.6955566e+01
   3.5209340e+06   1.4526367e+01
   3.5210400e+06   1.4953613e+01
   3.5212970e+06   1.9104004e+01
   3.5214150e+06   1.5686035e+01
   3.5219500e+06   1.9653320e+01
   3.5220330e+06   1.5197754e+01
   3.5226460e+06   1.6479492e+01
   3.5236420e+06   1.6662598e+01
   3.5238660e+06   1.5686035e+01
   3.5239160e+06   6.5673828e+01
   3.5242200e+06   1.5380859e+01
   3.5242660e+06   1.4709473e+01
   3.5246630e+06   1.8676758e+01
   3.5274550e+06   1.6113281e+01
   3.5282560e+06   1.6601562e+01
   3.5285180e+06   1.7944336e+01
   3.5286040e+06   6.3598633e+01
   3.5289040e+06   1.5380859e+01
   3.5290670e+06   1.7272949e+01
   3.5293300e+06   7.3181152e+01
   3.5296080e+06   7.4401855e+01
   3.5296180e+06   2.2277832e+01
   3.5330070e+06   1.5563965e+01
   3.5345990e+06   1.5625000e+01
   3.5370990e+06   6.8786621e+01
   3.5378430e+06   6.2927246e+01
   3.5379130e+06   1.4343262e+01
   3.5381370e+06   6.1218262e+01
   3.5381720e+06   1.6540527e+01
   3.5385090e+06   1.6967773e+01
   3.5389480e+06   6.4575195e+01
   3.5392630e+06   1.5014648e+01
   3.5393670e+06   1.7028809e+01
   3.5399690e+06   6.3720703e+01
   3.5400360e+06   1.5380859e+01
   3.5401580e+06   2.1423340e+01
   3.5402560e+06   6.1767578e+01
   3.5407280e+06   7.1289062e+01
   3.5427280e+06   1.6296387e+01
   3.5468130e+06   1.6479492e+01
   3.5476590e+06   6.6467285e+01
   3.5481790e+06   1.4587402e+01
   3.5482310e+06   6.4453125e+01
   3.5483740e+06   1.6235352e+01
   3.5483860e+06   1.9470215e+01
   3.5484100e+06   7.1105957e+01
   3.5484570e+06   1.5075684e+01
   3.5488130e+06   1.4648438e+01
   3.5542710e+06   1.5197754e+01
   3.5544480e+06   6.2927246e+01
   3.5605320e+06   1.6601562e+01
   3.5624960e+06   1.7700195e+01
   3.5626840e+06   6.2316895e+01
   3.5627530e+06   1.6296387e+01
   3.5666790e+06   1.4892578e+01
   3.5669390e+06   7.1411133e+01
   3.5672510e+06   1.4404297e+01
   3.5672660e+06   1.7639160e+01
   3.5687560e+06   1.4892578e+01
   3.5687850e+06   1.6418457e+01
   3.5688440e+06   6.7016602e+01
   3.5691370e+06   1.6174316e+01
   3.5693160e+06   1.6174316e+01
   3.5693830e+06   1.4831543e+01
   3.5694290e+06   1.5075684e+01
   3.5699440e+06   6.5673828e+01
   3.5705080e+06   1.7883301e+01
   3.5706460e+06   1.7517090e+01
   3.5708430e+06   6.1035156e+01
   3.5713990e+06   1.7700195e+01
   3.5714760e+06   6.2133789e+01
   3.5727510e+06   7.3791504e+01
   3.5736020e+06   1.5014648e+01
   3.5741030e+06   1.6540527e+01
   3.5748910e+06   1.5441895e+01
   3.5764350e+06   1.5991211e+01
   3.5783020e+06   1.4465332e+01
   3.5788580e+06   1.6113281e+01
   3.5791570e+06   6.5795898e+01
   3.5831070e+06   1.5380859e+01
   3.5839350e+06   6.2011719e+01
   3.5851620e+06   1.6418457e+01
   3.5855050e+06   6.1950684e+01
   3.5868310e+06   7.2875977e+01
   3.5868650e+06   2.0202637e+01
   3.5874740e+06   1.5258789e+01
   3.5875110e+06   6.2988281e+01
   3.5876390e+06   1.6601562e+01
   3.5886430e+06   1.4526367e+01
   3.5886950e+06   1.4648438e+01
   3.5888780e+06   1.4404297e+01
   3.5934320e+06   1.5380859e+01
   3.5943960e+06   7.4523926e+01
   3.5945760e+06   1.9653320e+01
   3.5946040e+06   1.7639160e+01
   3.5946610e+06   1.8798828e+01
   3.5947260e+06   1.7089844e+01
   3.5947770e+06   1.7211914e+01
   3.5948180e+06   6.6223145e+01
   3.5950910e+06   1.7211914e+01
   3.5951960e+06   1.6967773e+01
   3.5952550e+06   6.0485840e+01
   3.5954210e+06   1.5014648e+01
   3.5955640e+06   1.5075684e+01
   3.5960500e+06   1.4526367e+01
   3.5976500e+06   1.6296387e+01
   3.5981950e+06   1.5136719e+01
   3.5991380e+06   1.5441895e+01
   3.5996000e+06   1.4831543e+01
   3.6005960e+06   1.5869141e+01
   3.6006860e+06   1.4587402e+01
   3.6008310e+06   6.6101074e+01
   3.6014440e+06   1.6540527e+01
   3.6030160e+06   7.5317383e+01
   3.6040460e+06   1.6723633e+01
   3.6042770e+06   1.4953613e+01
   3.6044280e+06   6.4270020e+01
   3.6047880e+06   1.6357422e+01
   3.6049210e+06   1.7333984e+01
   3.6049860e+06   6.2072754e+01
   3.6062430e+06   1.7822266e+01
   3.6063670e+06   6.2133789e+01
   3.6096130e+06   1.5991211e+01
   3.6096800e+06   1.6906738e+01
   3.6097650e+06   7.4096680e+01
   3.6100870e+06   1.4465332e+01
   3.6104500e+06   1.5441895e+01
   3.6104760e+06   1.6479492e+01
   3.6108650e+06   2.4536133e+01
   3.6108780e+06   1.9226074e+01
   3.6109000e+06   2.2888184e+01
   3.6109300e+06   1.4465332e+01
   3.6109400e+06   7.9162598e+01
   3.6167000e+06   6.5185547e+01
   3.6170430e+06   1.5808105e+01
   3.6171310e+06   6.6528320e+01
   3.6230350e+06   2.0629883e+01
   3.6231160e+06   1.6052246e+01
   3.6234190e+06   7.5012207e+01
   3.6234640e+06   1.4892578e+01
   3.6260270e+06   1.8066406e+01
   3.6261770e+06   6.5917969e+01
   3.6265480e+06   1.5930176e+01
   3.6274910e+06   1.8554688e+01
   3.6282030e+06   1.7395020e+01
   3.6283590e+06   6.4331055e+01
   3.6285120e+06   1.5808105e+01
   3.6292380e+06   1.4648438e+01
   3.6293650e+06   6.4086914e+01
   3.6302820e+06   1.4526367e+01
   3.6303730e+06   6.7810059e+01
   3.6306160e+06   6.8786621e+01
   3.6306270e+06   1.5991211e+01
   3.6306690e+06   6.4819336e+01
   3.6309480e+06   1.5686035e+01
   3.6311610e+06   1.6052246e+01
   3.6312880e+06   1.4709473e+01
   3.6316580e+06   1.6723633e+01
   3.6375540e+06   6.4575195e+01
   3.6375640e+06   1.4526367e+01
   3.6379110e+06   1.4343262e+01
   3.6390070e+06   6.3232422e+01
   3.6396500e+06   6.4392090e+01
   3.6411670e+06   6.3781738e+01
   3.6422060e+06   1.5258789e+01
   3.6425270e+06   6.3781738e+01
   3.6428720e+06   1.4343262e+01
   3.6441710e+06   1.4770508e+01
   3.6459800e+06   1.5747070e+01
   3.6470610e+06   7.6843262e+01
   3.6472640e+06   1.5441895e+01
   3.6477500e+06   6.6040039e+01
   3.6478620e+06   1.5197754e+01
   3.6481510e+06   6.4636230e+01
   3.6494530e+06   6.6040039e+01
   3.6501200e+06   7.3181152e+01
   3.6502570e+06   1.4282227e+01
   3.6507990e+06   6.2927246e+01
   3.6509260e+06   1.7639160e+01
   3.6512690e+06   6.2561035e+01
   3.6513680e+06   1.5319824e+01
   3.6516210e+06   1.5930176e+01
   3.6519220e+06   1.5441895e+01
   3.6520150e+06   1.4282227e+01
   3.6521220e+06   5.9387207e+01
   3.6521920e+06   1.6601562e+01
   3.6530790e+06   6.3598633e+01
   3.6531510e+06   1.6662598e+01
   3.6534540e+06   6.1706543e+01
   3.6541000e+06   1.4526367e+01
   3.6541760e+06   6.2805176e+01
   3.6544040e+06   1.5563965e+01
   3.6544550e+06   6.6101074e+01
   3.6548090e+06   1.4465332e+01
   3.6550390e+06   1.5808105e+01
   3.6554420e+06   1.4709473e+01
   3.6576050e+06   6.6040039e+01
   3.6584080e+06   1.5869141e+01
   3.6585170e+06   1.4282227e+01
   3.6585450e+06   6.8847656e+01
   3.6585800e+06   1.5625000e+01
   3.6585990e+06   2.1728516e+01
   3.6586240e+06   7.7697754e+01
   3.6586560e+06   2.3925781e+01
   3.6586790e+06   1.8737793e+01
   3.6586970e+06   5.9082031e+01
   3.6678990e+06   1.6113281e+01
   3.6679220e+06   7.5134277e+01
   3.6697330e+06   1.4831543e+01
   3.6698310e+06   6.2377930e+01
   3.6706440e+06   1.4709473e+01
   3.6719920e+06   6.1218262e+01
   3.6723820e+06   1.6723633e+01
   3.6737930e+06   1.5502930e+01
   3.6740600e+06   1.9042969e+01
   3.6743570e+06   1.5319824e+01
   3.6763650e+06   1.4709473e+01
   3.6766120e+06   1.8798828e+01
   3.6766820e+06   1.8127441e+01
   3.6831050e+06   1.4465332e+01
   3.6842570e+06   1.4953613e+01
   3.6855280e+06   1.7272949e+01
   3.6855590e+06   1.4404297e+01
   3.6855970e+06   1.5563965e+01
   3.6884700e+06   7.5561523e+01
   3.6887620e+06   1.7089844e+01
   3.6888990e+06   1.5136719e+01
   3.6889220e+06   6.4941406e+01
   3.6900000e+06   1.5991211e+01
   3.6902690e+06   1.4770508e+01
   3.6907720e+06   6.0302734e+01
   3.6911030e+06   1.4770508e+01
   3.6919410e+06   1.7517090e+01
   3.6926780e+06   1.4953613e+01
   3.6929510e+06   1.4526367e+01
   3.6930270e+06   6.4636230e+01
   3.6931630e+06   1.4648438e+01
   3.6933130e+06   1.5136719e+01
   3.6938280e+06   6.6650391e+01
   3.6938910e+06   1.4526367e+01
   3.6948040e+06   1.6967773e+01
   3.6950850e+06   1.5075684e+01
   3.6952810e+06   1.4465332e+01
   3.6953470e+06   1.4282227e+01
   3.6986150e+06   6.5917969e+01
   3.6988660e+06   6.3964844e+01
   3.6993790e+06   6.4880371e+01
   3.6996660e+06   1.6784668e+01
   3.6996980e+06   7.3181152e+01
   3.6999570e+06   6.3964844e+01
   3.7003810e+06   1.6601562e+01
   3.7005340e+06   1.5441895e+01
   3.7006100e+06   6.5185547e+01
   3.7006560e+06   1.5197754e+01
   3.7012980e+06   1.6967773e+01
   3.7017760e+06   5.9204102e+01
   3.7021080e+06   6.5734863e+01
   3.7023160e+06   1.6906738e+01
   3.7023720e+06   1.6052246e+01
   3.7061810e+06   6.3232422e+01
   3.7063720e+06   1.4709473e+01
   3.7068760e+06   1.6906738e+01
   3.7069870e+06   7.1166992e+01
   3.7079350e+06   6.4819336e+01
   3.7088460e+06   7.0434570e+01
   3.7092160e+06   1.6235352e+01
   3.7092640e+06   6.3903809e+01
   3.7094270e+06   1.6296387e+01
   3.7094770e+06   1.5136719e+01
   3.7096110e+06   1.7517090e+01
   3.7096230e+06   1.7578125e+01
   3.7134780e+06   1.6479492e+01
   3.7137480e+06   6.3293457e+01
   3.7138710e+06   6.4575195e+01
   3.7141140e+06   1.9104004e+01
   3.7141740e+06   6.5368652e+01
   3.7142020e+06   1.8310547e+01
   3.7143590e+06   6.7077637e+01
   3.7146590e+06   1.6540527e+01
   3.7147110e+06   6.0424805e+01
   3.7148770e+06   1.5563965e+01
   3.7151640e+06   1.5441895e+01
   3.7153450e+06   1.4526367e+01
   3.7154130e+06   6.0607910e+01
   3.7157450e+06   1.6662598e+01
   3.7157610e+06   6.1584473e+01
   3.7182150e+06   1.5014648e+01
   3.7182640e+06   6.4453125e+01
   3.7194560e+06   1.4282227e+01
   3.7196500e+06   1.8676758e+01
   3.7200530e+06   6.3964844e+01
   3.7202320e+06   1.7395020e+01
   3.7203020e+06   1.4465332e+01
   3.7203520e+06   1.7333984e+01
   3.7206030e+06   6.1889648e+01
   3.7206150e+06   1.4526367e+01
   3.7206830e+06   1.9226074e+01
   3.7213590e+06   1.5380859e+01
   3.7213870e+06   6.6284180e+01
   3.7216260e+06   1.7456055e+01
   3.7244150e+06   1.4709473e+01
   3.7246480e+06   6.2072754e+01
   3.7247210e+06   1.6723633e+01
   3.7247920e+06   1.7395020e+01
   3.7248610e+06   6.3171387e+01
   3.7249160e+06   6.3171387e+01
   3.7254880e+06   1.5380859e+01
   3.7255880e+06   1.4465332e+01
   3.7293130e+06   1.5014648e+01
   3.7297620e+06   1.5197754e+01
   3.7303930e+06   6.8054199e+01
   3.7305970e+06   1.8493652e+01
   3.7311160e+06   1.4465332e+01
   3.7312020e+06   6.4514160e+01
   3.7317120e+06   1.4282227e+01
   3.7325830e+06   1.5075684e+01
   3.7326380e+06   5.9387207e+01
   3.7360780e+06   1.6601562e+01
   3.7374570e+06   6.2683105e+01
   3.7377100e+06   1.4953613e+01
   3.7379590e+06   1.6235352e+01
   3.7382030e+06   1.6174316e+01
   3.7384120e+06   1.5747070e+01
   3.7384380e+06   1.5869141e+01
   3.7385010e+06   6.6223145e+01
   3.7388660e+06   1.4282227e+01
   3.7389070e+06   1.5441895e+01
   3.7426890e+06   1.5075684e+01
   3.7432400e+06   1.4892578e+01
   3.7434740e+06   6.2927246e+01
   3.7436590e+06   1.9165039e+01
   3.7439980e+06   1.5197754e+01
   3.7506040e+06   1.5869141e+01
   3.7510690e+06   6.1035156e+01
   3.7520820e+06   1.5991211e+01
   3.7521380e+06   6.2255859e+01
   3.7522560e+06   1.4587402e+01
   3.7526390e+06   1.4892578e+01
   3.7531730e+06   1.4770508e+01
   3.7533170e+06   7.0129395e+01
   3.7533280e+06   1.6052246e+01
   3.7533740e+06   6.2561035e+01
   3.7533840e+06   1.5747070e+01
   3.7555340e+06   2.0385742e+01
   3.7555580e+06   5.9387207e+01
   3.7556000e+06   6.6467285e+01
   3.7600030e+06   7.2509766e+01
   3.7608360e+06   6.4453125e+01
   3.7614050e+06   1.4648438e+01
   3.7616760e+06   1.4465332e+01
   3.7617840e+06   1.4282227e+01
   3.7618760e+06   1.4404297e+01
   3.7619700e+06   1.6662598e+01
   3.7620270e+06   6.9763184e+01
   3.7622720e+06   1.6357422e+01
   3.7624230e+06   1.9104004e+01
   3.7625440e+06   1.7089844e+01
   3.7625610e+06   2.2216797e+01
   3.7626040e+06   1.8981934e+01
   3.7626330e+06   6.2927246e+01
   3.7685490e+06   1.4282227e+01
   3.7689590e+06   7.0617676e+01
   3.7692490e+06   6.9213867e+01
   3.7698470e+06   6.3720703e+01
   3.7701520e+06   6.4941406e+01
   3.7702610e+06   1.5808105e+01
   3.7715100e+06   5.9509277e+01
   3.7716160e+06   2.1728516e+01
   3.7716810e+06   1.6540527e+01
   3.7717310e+06   1.6967773e+01
   3.7717910e+06   2.0385742e+01
   3.7718620e+06   6.4880371e+01
   3.7740240e+06   1.4709473e+01
   3.7745100e+06   1.4892578e+01
   3.7761610e+06   1.6235352e+01
   3.7766510e+06   6.0729980e+01
   3.7782770e+06   1.5686035e+01
   3.7788190e+06   1.4282227e+01
   3.7795920e+06   1.4282227e+01
   3.7796080e+06   6.9030762e+01
   3.7797350e+06   1.5502930e+01
   3.7797740e+06   1.7272949e+01
   3.7798270e+06   1.4343262e+01
   3.7798600e+06   7.0617676e+01
   3.7798850e+06   1.4770508e+01
   3.7807860e+06   1.7395020e+01
   3.7810230e+06   1.6906738e+01
   3.7812370e+06   5.6152344e+01
   3.7816260e+06   1.4953613e+01
   3.7818440e+06   1.4526367e+01
   3.7821140e+06   1.4770508e+01
   3.7824320e+06   1.8127441e+01
   3.7825220e+06   1.5930176e+01
   3.7826350e+06   6.5673828e+01
   3.7826730e+06   1.5991211e+01
   3.7827560e+06   1.6052246e+01
   3.7835820e+06   1.7028809e+01
   3.7880440e+06   6.2866211e+01
   3.7892850e+06   1.7395020e+01
   3.7894290e+06   5.7617188e+01
   3.7898260e+06   1.5197754e+01
   3.7899280e+06   6.1889648e+01
   3.7901560e+06   6.2133789e+01
   3.7904580e+06   1.4831543e+01
   3.7905200e+06   6.3598633e+01
   3.7909700e+06   6.7382812e+01
   3.7912680e+06   1.7089844e+01
   3.7913520e+06   1.4404297e+01
   3.7915130e+06   6.2500000e+01
   3.7915960e+06   6.3354492e+01
   3.7917190e+06   1.5014648e+01
   3.7917430e+06   1.7761230e+01
   3.7917880e+06   1.5502930e+01
   3.7920350e+06   1.7150879e+01
   3.7934990e+06   1.5014648e+01
   3.7945940e+06   1.4343262e+01
   3.7948670e+06   1.5197754e+01
   3.7954880e+06   2.0019531e+01
   3.7955490e+06   6.3476562e+01
   3.7955600e+06   1.4770508e+01
   3.7956220e+06   1.4282227e+01
   3.7957660e+06   6.9763184e+01
   3.7958140e+06   1.4282227e+01
   3.7958490e+06   1.6601562e+01
   3.7958870e+06   6.9335938e+01
   3.7959170e+06   1.5380859e+01
   3.7984560e+06   1.7333984e+01
   3.7985970e+06   1.6174316e+01
   3.7986640e+06   7.0251465e+01
   3.8029210e+06   1.5502930e+01
   3.8043350e+06   1.5197754e+01
   3.8043830e+06   6.4758301e+01
   3.8058520e+06   6.1706543e+01
   3.8061860e+06   6.3537598e+01
   3.8068230e+06   7.6599121e+01
   3.8071400e+06   1.5625000e+01
   3.8073960e+06   6.4147949e+01
   3.8082610e+06   1.6357422e+01
   3.8088640e+06   6.3842773e+01
   3.8104810e+06   6.4819336e+01
   3.8105260e+06   1.8981934e+01
   3.8114580e+06   7.5500488e+01
   3.8118870e+06   6.4575195e+01
   3.8120320e+06   1.6845703e+01
   3.8120850e+06   6.3598633e+01
   3.8121510e+06   1.5319824e+01
   3.8122030e+06   6.0729980e+01
   3.8124050e+06   1.8188477e+01
   3.8127850e+06   6.8298340e+01
   3.8128410e+06   1.6784668e+01
   3.8129860e+06   6.8054199e+01
   3.8132390e+06   1.6113281e+01
   3.8132570e+06   7.0861816e+01
   3.8133840e+06   1.6723633e+01
   3.8134490e+06   6.3842773e+01
   3.8135360e+06   1.4831543e+01
   3.8136170e+06   6.4636230e+01
   3.8137700e+06   1.5502930e+01
   3.8137930e+06   1.8432617e+01
   3.8138290e+06   6.0974121e+01
   3.8138560e+06   1.8371582e+01
   3.8138810e+06   1.4404297e+01
   3.8146170e+06   1.7089844e+01
   3.8147900e+06   1.6601562e+01
   3.8148360e+06   2.2949219e+01
   3.8151230e+06   1.7456055e+01
   3.8151330e+06   7.2570801e+01
   3.8153150e+06   1.5136719e+01
   3.8155430e+06   1.5075684e+01
   3.8198230e+06   1.9348145e+01
   3.8223610e+06   1.4770508e+01
   3.8224150e+06   6.5002441e+01
   3.8232430e+06   1.5136719e+01
   3.8239500e+06   5.9875488e+01
   3.8239880e+06   1.4343262e+01
   3.8240040e+06   6.4819336e+01
   3.8240600e+06   1.5319824e+01
   3.8242000e+06   2.3437500e+01
   3.8242500e+06   6.5490723e+01
   3.8268550e+06   1.5014648e+01
   3.8268700e+06   6.5795898e+01
   3.8269320e+06   1.5319824e+01
   3.8270690e+06   1.5869141e+01
   3.8272560e+06   7.3669434e+01
   3.8273780e+06   1.4343262e+01
   3.8277740e+06   1.8066406e+01
   3.8278510e+06   1.6967773e+01
   3.8279050e+06   1.5014648e+01
   3.8279750e+06   1.4648438e+01
   3.8279890e+06   1.7944336e+01
   3.8282240e+06   1.4953613e+01
   3.8282500e+06   1.8066406e+01
   3.8283100e+06   6.5368652e+01
   3.8292630e+06   1.4343262e+01
   3.8294380e+06   1.6235352e+01
   3.8296100e+06   6.3659668e+01
   3.8300120e+06   1.5991211e+01
   3.8301020e+06   7.5256348e+01
   3.8303880e+06   6.5490723e+01
   3.8304290e+06   1.5319824e+01
   3.8304450e+06   6.6650391e+01
   3.8349580e+06   7.1289062e+01
   3.8355160e+06   1.4404297e+01
   3.8360310e+06   7.1655273e+01
   3.8367970e+06   7.3791504e+01
   3.8378160e+06   1.6601562e+01
   3.8378590e+06   1.5380859e+01
   3.8380140e+06   1.5502930e+01
   3.8382150e+06   1.5686035e+01
   3.8383860e+06   7.7880859e+01
   3.8384120e+06   1.5075684e+01
   3.8384840e+06   1.4831543e+01
   3.8386600e+06   1.5075684e+01
   3.8388990e+06   1.6540527e+01
   3.8394440e+06   1.7456055e+01
   3.8398450e+06   6.5734863e+01
   3.8399400e+06   6.8176270e+01
   3.8400120e+06   1.5625000e+01
   3.8405540e+06   7.8613281e+01
   3.8405900e+06   7.3974609e+01
   3.8406520e+06   1.6296387e+01
   3.8406770e+06   6.4758301e+01
   3.8410870e+06   6.4331055e+01
   3.8411750e+06   6.5307617e+01
   3.8414510e+06   6.4086914e+01
   3.8417230e+06   6.6955566e+01
   3.8419690e+06   6.6406250e+01
   3.8421510e+06   6.6833496e+01
   3.8422990e+06   1.4648438e+01
   3.8425120e+06   6.2438965e+01
   3.8426230e+06   1.6235352e+01
   3.8426730e+06   1.5625000e+01
   3.8430350e+06   1.4282227e+01
   3.8443310e+06   1.4709473e+01
   3.8445830e+06   1.4465332e+01
   3.8455690e+06   6.6772461e+01
   3.8459160e+06   1.7272949e+01
   3.8460490e+06   6.2133789e+01
   3.8461010e+06   1.4953613e+01
   3.8462070e+06   6.5063477e+01
   3.8462930e+06   6.6589355e+01
   3.8467890e+06   1.4465332e+01
   3.8473870e+06   1.4709473e+01
   3.8474820e+06   1.5930176e+01
   3.8475690e+06   6.0852051e+01
   3.8477690e+06   1.5808105e+01
   3.8480590e+06   1.5075684e+01
   3.8485390e+06   1.5014648e+01
   3.8485700e+06   6.4086914e+01
   3.8489010e+06   6.5429688e+01
   3.8491710e+06   1.4465332e+01
   3.8491950e+06   6.2805176e+01
   3.8493030e+06   1.4648438e+01
   3.8494500e+06   1.5686035e+01
   3.8495050e+06   6.5979004e+01
   3.8496130e+06   1.4648438e+01
   3.8499350e+06   1.4709473e+01
   3.8499920e+06   6.3537598e+01
   3.8501000e+06   1.5014648e+01
   3.8505230e+06   6.5734863e+01
   3.8505770e+06   1.4526367e+01
   3.8507200e+06   6.4392090e+01
   3.8509910e+06   1.4709473e+01
   3.8510100e+06   6.1706543e+01
   3.8511530e+06   1.5136719e+01
   3.8513320e+06   1.5197754e+01
   3.8513940e+06   6.3293457e+01
   3.8517660e+06   6.7382812e+01
   3.8519410e+06   1.7272949e+01
   3.8521000e+06   1.5625000e+01
   3.8521430e+06   6.6894531e+01
   3.8523610e+06   1.7883301e+01
   3.8524160e+06   6.2500000e+01
   3.8527450e+06   6.0852051e+01
   3.8530140e+06   1.6784668e+01
   3.8530750e+06   6.6955566e+01
   3.8542290e+06   1.7639160e+01
   3.8543110e+06   1.7395020e+01
   3.8548330e+06   6.3781738e+01
   3.8550130e+06   1.4282227e+01
   3.8554410e+06   1.4709473e+01
   3.8581270e+06   1.5014648e+01
   3.8596880e+06   1.4892578e+01
   3.8598010e+06   1.5197754e+01
   3.8599030e+06   1.7517090e+01
   3.8599320e+06   1.6296387e+01
   3.8599610e+06   6.6589355e+01
   3.8599940e+06   1.4648438e+01
   3.8610890e+06   1.6784668e+01
   3.8669920e+06   1.5625000e+01
   3.8679120e+06   1.4770508e+01
   3.8680550e+06   6.5490723e+01
   3.8681750e+06   1.4709473e+01
   3.8692950e+06   1.4648438e+01
   3.8706460e+06   6.9763184e+01
   3.8717800e+06   6.3537598e+01
   3.8724050e+06   2.0996094e+01
   3.8735220e+06   1.4770508e+01
   3.8749600e+06   1.5014648e+01
   3.8759630e+06   1.4770508e+01
   3.8762550e+06   1.4892578e+01
   3.8767400e+06   1.4282227e+01
   3.8767910e+06   1.4709473e+01
   3.8768180e+06   1.6906738e+01
   3.8769400e+06   1.4831543e+01
   3.8769770e+06   2.0141602e+01
   3.8770410e+06   6.4941406e+01
   3.8771700e+06   1.4282227e+01
   3.8773910e+06   1.8310547e+01
   3.8776170e+06   1.5136719e+01
   3.8776320e+06   7.2814941e+01
   3.8781180e+06   1.8310547e+01
   3.8782190e+06   1.4343262e+01
   3.8783000e+06   1.4282227e+01
   3.8784090e+06   6.0302734e+01
   3.8785460e+06   1.7822266e+01
   3.8785940e+06   2.0812988e+01
   3.8788550e+06   1.4709473e+01
   3.8830220e+06   1.4892578e+01
   3.8834020e+06   1.4831543e+01
   3.8835330e+06   6.3720703e+01
   3.8835710e+06   1.4465332e+01
   3.8847330e+06   1.4343262e+01
   3.8850110e+06   6.3049316e+01
   3.8855310e+06   1.4587402e+01
   3.8855970e+06   1.6113281e+01
   3.8856460e+06   1.7456055e+01
   3.8857940e+06   6.6467285e+01
   3.8878640e+06   6.1340332e+01
   3.8890300e+06   1.4404297e+01
   3.8891460e+06   6.1035156e+01
   3.8894560e+06   1.4587402e+01
   3.8904440e+06   1.4282227e+01
   3.8908580e+06   1.5869141e+01
   3.8909810e+06   2.0019531e+01
   3.8909970e+06   6.6162109e+01
   3.8915110e+06   1.5197754e+01
   3.8915630e+06   6.5734863e+01
   3.8918150e+06   1.4465332e+01
   3.8918440e+06   1.4526367e+01
   3.8918820e+06   6.3964844e+01
   3.8959670e+06   1.5014648e+01
   3.8960350e+06   6.7138672e+01
   3.8963760e+06   1.5808105e+01
   3.8964220e+06   6.4941406e+01
   3.8964320e+06   1.5197754e+01
   3.8985650e+06   1.4831543e+01
   3.9033740e+06   6.0852051e+01
   3.9033880e+06   2.3437500e+01
   3.9034170e+06   1.8737793e+01
   3.9075390e+06   1.6845703e+01
   3.9077570e+06   1.4953613e+01
   3.9109990e+06   6.9274902e+01
   3.9110470e+06   1.4587402e+01
   3.9125620e+06   1.5258789e+01
   3.9128630e+06   1.8005371e+01
   3.9143780e+06   6.3354492e+01
   3.9157630e+06   6.8603516e+01
   3.9160810e+06   1.7028809e+01
   3.9161170e+06   7.0312500e+01
   3.9204780e+06   6.7321777e+01
   3.9209870e+06   1.7150879e+01
   3.9211250e+06   1.4526367e+01
   3.9214030e+06   1.4587402e+01
   3.9214130e+06   2.2155762e+01
   3.9214730e+06   1.7639160e+01
   3.9214860e+06   1.8127441e+01
   3.9219620e+06   2.2155762e+01
   3.9226350e+06   1.4953613e+01
   3.9227250e+06   1.4404297e+01
   3.9228330e+06   1.8127441e+01
   3.9229880e+06   6.1828613e+01
   3.9234320e+06   1.4831543e+01
   3.9235330e+06   6.1767578e+01
   3.9236630e+06   1.8554688e+01
   3.9237010e+06   6.5002441e+01
   3.9237110e+06   1.4953613e+01
   3.9237400e+06   6.3964844e+01
   3.9277070e+06   1.7272949e+01
   3.9279460e+06   1.6296387e+01
   3.9279820e+06   1.5197754e+01
   3.9281850e+06   6.8969727e+01
   3.9284620e+06   1.4282227e+01
   3.9286850e+06   1.4953613e+01
   3.9297480e+06   1.7700195e+01
   3.9318420e+06   1.7578125e+01
   3.9318700e+06   1.4648438e+01
   3.9319020e+06   6.8603516e+01
   3.9319120e+06   1.6418457e+01
   3.9319240e+06   1.4953613e+01
   3.9319530e+06   1.5380859e+01
   3.9343010e+06   1.5136719e+01
   3.9379100e+06   5.9875488e+01
   3.9392600e+06   1.5319824e+01
   3.9394040e+06   6.1035156e+01
   3.9397250e+06   1.6845703e+01
   3.9408720e+06   6.1584473e+01
   3.9423070e+06   6.4025879e+01
   3.9423330e+06   1.6296387e+01
   3.9423730e+06   1.4465332e+01
   3.9446890e+06   6.1645508e+01
   3.9447150e+06   1.5930176e+01
   3.9447430e+06   1.7578125e+01
   3.9447570e+06   1.6601562e+01
   3.9447700e+06   1.6418457e+01
   3.9447860e+06   7.4340820e+01
   3.9499010e+06   1.7150879e+01
   3.9500910e+06   6.4758301e+01
   3.9503060e+06   1.5869141e+01
   3.9520700e+06   6.5673828e+01
   3.9521590e+06   1.7700195e+01
   3.9524640e+06   1.5869141e+01
   3.9525030e+06   2.1789551e+01
   3.9529370e+06   1.5258789e+01
   3.9532650e+06   1.6662598e+01
   3.9534870e+06   1.6540527e+01
   3.9535790e+06   1.7639160e+01
   3.9536050e+06   6.1584473e+01
   3.9540390e+06   1.4587402e+01
   3.9542740e+06   6.1767578e+01
   3.9543850e+06   1.5136719e+01
   3.9546740e+06   1.4465332e+01
   3.9547960e+06   1.5441895e+01
   3.9551260e+06   1.5502930e+01
   3.9557330e+06   6.4575195e+01
   3.9558060e+06   6.5551758e+01
   3.9563740e+06   7.0556641e+01
   3.9564300e+06   6.7932129e+01
   3.9565290e+06   1.5014648e+01
   3.9567420e+06   6.0180664e+01
   3.9567640e+06   1.5197754e+01
   3.9569590e+06   6.9824219e+01
   3.9595340e+06   1.6174316e+01
   3.9603960e+06   1.4709473e+01
   3.9606950e+06   1.5441895e+01
   3.9607270e+06   1.8920898e+01
   3.9607740e+06   6.8237305e+01
   3.9646380e+06   1.5136719e+01
   3.9675420e+06   6.2805176e+01
   3.9680050e+06   1.5625000e+01
   3.9687710e+06   1.4526367e+01
   3.9687970e+06   6.3781738e+01
   3.9693190e+06   2.1606445e+01
   3.9695530e+06   2.2033691e+01
   3.9707120e+06   1.6418457e+01
   3.9728480e+06   6.6650391e+01
   3.9730700e+06   1.4404297e+01
   3.9730850e+06   6.0058594e+01
   3.9736260e+06   1.4465332e+01
   3.9749260e+06   1.4343262e+01
   3.9750100e+06   1.5502930e+01
   3.9750690e+06   7.2875977e+01
   3.9751390e+06   1.5808105e+01
   3.9752020e+06   2.2338867e+01
   3.9756590e+06   1.7822266e+01
   3.9758430e+06   1.5747070e+01
   3.9762500e+06   1.7456055e+01
   3.9763780e+06   1.7639160e+01
   3.9764530e+06   1.5258789e+01
   3.9766530e+06   1.4709473e+01
   3.9767650e+06   6.3293457e+01
   3.9773110e+06   6.6101074e+01
   3.9773500e+06   1.4404297e+01
   3.9774490e+06   1.7517090e+01
   3.9789190e+06   6.3720703e+01
   3.9789350e+06   1.4892578e+01
   3.9790330e+06   7.0617676e+01
   3.9791420e+06   1.4343262e+01
   3.9795710e+06   1.5625000e+01
   3.9796580e+06   1.5014648e+01
   3.9808430e+06   1.7395020e+01
   3.9809710e+06   7.4768066e+01
   3.9815880e+06   1.6052246e+01
   3.9852270e+06   1.5991211e+01
   3.9869360e+06   1.7761230e+01
   3.9870920e+06   6.4086914e+01
   3.9871290e+06   1.5991211e+01
   3.9872100e+06   1.5075684e+01
   3.9875400e+06   1.4404297e+01
   3.9876650e+06   1.6235352e+01
   3.9877740e+06   1.5625000e+01
   3.9885930e+06   1.4770508e+01
   3.9887990e+06   1.6235352e+01
   3.9888660e+06   6.7138672e+01
   3.9894820e+06   1.4404297e+01
   3.9895120e+06   1.5991211e+01
   3.9895280e+06   5.9448242e+01
   3.9908040e+06   6.7382812e+01
   3.9908390e+06   7.2814941e+01
   3.9909160e+06   6.3049316e+01
   3.9912150e+06   6.6284180e+01
   3.9912430e+06   6.5124512e+01
   3.9925510e+06   1.4648438e+01
   3.9931420e+06   1.6113281e+01
   3.9931970e+06   1.5808105e+01
   3.9932500e+06   1.4282227e+01
   3.9932770e+06   1.5930176e+01
   3.9934620e+06   1.5686035e+01
   3.9934900e+06   1.7517090e+01
   3.9935120e+06   8.1726074e+01
   3.9935490e+06   1.8737793e+01
   3.9978660e+06   1.6540527e+01
   4.0010280e+06   6.0424805e+01
   4.0014930e+06   1.4831543e+01
   4.0016120e+06   6.4819336e+01
   4.0022680e+06   1.6967773e+01
   4.0033840e+06   1.8981934e+01
   4.0037650e+06   6.4636230e+01
   4.0045990e+06   1.5686035e+01
   4.0047320e+06   6.8298340e+01
   4.0051320e+06   1.6662598e+01
   4.0051800e+06   1.8310547e+01
   4.0052350e+06   1.5563965e+01
   4.0057270e+06   1.4648438e+01
   4.0065230e+06   6.4147949e+01
   4.0123950e+06   1.4953613e+01
   4.0128120e+06   1.4648438e+01
   4.0128780e+06   1.6235352e+01
   4.0129420e+06   1.4831543e+01
   4.0129560e+06   1.9348145e+01
   4.0134140e+06   1.5136719e+01
   4.0134240e+06   1.6296387e+01
   4.0138020e+06   1.5258789e+01
   4.0139770e+06   1.4282227e+01
   4.0151420e+06   1.5441895e+01
   4.0164120e+06   1.4953613e+01
   4.0168790e+06   1.4648438e+01
   4.0169490e+06   1.4404297e+01
   4.0170160e+06   1.4709473e+01
   4.0188100e+06   6.9519043e+01
   4.0188520e+06   6.9641113e+01
   4.0189860e+06   6.2927246e+01
   4.0190160e+06   6.6711426e+01
   4.0192110e+06   1.6357422e+01
   4.0194290e+06   1.5380859e+01
   4.0237680e+06   1.5625000e+01
   4.0239310e+06   1.6601562e+01
   4.0240030e+06   6.6345215e+01
   4.0240330e+06   1.4526367e+01
   4.0240650e+06   1.8310547e+01
   4.0240830e+06   2.2583008e+01
   4.0241180e+06   7.3913574e+01
   4.0264580e+06   1.5136719e+01
   4.0279680e+06   6.0485840e+01
   4.0288860e+06   1.6418457e+01
   4.0302110e+06   1.4831543e+01
   4.0303420e+06   6.4697266e+01
   4.0319350e+06   1.4953613e+01
   4.0322980e+06   6.2866211e+01
   4.0324120e+06   2.2705078e+01
   4.0327980e+06   1.4648438e+01
   4.0338290e+06   1.4770508e+01
   4.0340930e+06   6.5795898e+01
   4.0341240e+06   1.6235352e+01
   4.0342430e+06   1.5808105e+01
   4.0344270e+06   1.5380859e+01
   4.0395750e+06   6.7138672e+01
   4.0396610e+06   1.4465332e+01
   4.0400250e+06   6.1340332e+01
   4.0404550e+06   7.1655273e+01
   4.0404670e+06   1.5747070e+01
   4.0407930e+06   1.5136719e+01
   4.0409340e+06   6.7626953e+01
   4.0411830e+06   1.5075684e+01
   4.0416300e+06   5.8898926e+01
   4.0418660e+06   1.5136719e+01
   4.0419790e+06   1.5747070e+01
   4.0424840e+06   1.6662598e+01
   4.0429880e+06   1.5747070e+01
   4.0434010e+06   1.6235352e+01
   4.0434170e+06   1.6845703e+01
   4.0434570e+06   6.2927246e+01
   4.0434960e+06   6.4453125e+01
   4.0447930e+06   1.5014648e+01
   4.0485570e+06   1.5869141e+01
   4.0493080e+06   1.5869141e+01
   4.0494780e+06   5.8044434e+01
   4.0495470e+06   1.6906738e+01
   4.0496860e+06   1.4648438e+01
   4.0505120e+06   1.4465332e+01
   4.0506430e+06   6.2438965e+01
   4.0510840e+06   1.4648438e+01
   4.0513910e+06   6.7749023e+01
   4.0522770e+06   1.9348145e+01
   4.0528110e+06   1.5197754e+01
   4.0533000e+06   1.5319824e+01
   4.0535990e+06   1.7150879e+01
   4.0549850e+06   1.5319824e+01
   4.0551970e+06   1.4587402e+01
   4.0564090e+06   2.0690918e+01
   4.0564870e+06   7.2998047e+01
   4.0570420e+06   6.3232422e+01
   4.0571850e+06   1.4526367e+01
   4.0572140e+06   6.6101074e+01
   4.0576890e+06   1.7517090e+01
   4.0579350e+06   1.5197754e+01
   4.0581380e+06   5.9448242e+01
   4.0581480e+06   2.7893066e+01
   4.0582960e+06   1.4587402e+01
   4.0598240e+06   1.5258789e+01
   4.0617510e+06   1.6601562e+01
   4.0626540e+06   2.0690918e+01
   4.0637750e+06   6.4331055e+01
   4.0644410e+06   6.7932129e+01
   4.0650780e+06   1.4404297e+01
   4.0652960e+06   1.7822266e+01
   4.0653210e+06   1.8737793e+01
   4.0653380e+06   6.4514160e+01
   4.0669470e+06   1.7272949e+01
   4.0682620e+06   1.5197754e+01
   4.0688020e+06   1.5136719e+01
   4.0690860e+06   1.6723633e+01
   4.0691900e+06   1.4587402e+01
   4.0702680e+06   1.6479492e+01
   4.0704040e+06   1.4465332e+01
   4.0707310e+06   6.8908691e+01
   4.0707410e+06   1.5625000e+01
   4.0707640e+06   1.4404297e+01
   4.0711730e+06   1.5808105e+01
   4.0712050e+06   1.5319824e+01
   4.0712640e+06   1.5380859e+01
   4.0724710e+06   1.4343262e+01
   4.0729560e+06   3.8330078e+01
   4.0739400e+06   5.9082031e+01
   4.0740770e+06   1.5625000e+01
   4.0742260e+06   1.5258789e+01
   4.0743900e+06   1.4587402e+01
   4.0745150e+06   1.7150879e+01
   4.0745460e+06   6.2194824e+01
   4.0745560e+06   1.6845703e+01
   4.0753730e+06   6.7260742e+01
   4.0763360e+06   6.4819336e+01
   4.0768890e+06   1.8249512e+01
   4.0770470e+06   1.4282227e+01
   4.0777230e+06   1.5441895e+01
   4.0777530e+06   1.6235352e+01
   4.0779080e+06   1.4831543e+01
   4.0780810e+06   6.5185547e+01
   4.0782430e+06   1.5014648e+01
   4.0784780e+06   6.8115234e+01
   4.0790390e+06   1.4587402e+01
   4.0791130e+06   1.5686035e+01
   4.0791600e+06   1.4526367e+01
   4.0793210e+06   1.4587402e+01
   4.0794060e+06   1.6540527e+01
   4.0797160e+06   1.7211914e+01
   4.0798100e+06   6.5551758e+01
   4.0799480e+06   1.5808105e+01
   4.0835590e+06   1.4953613e+01
   4.0845340e+06   1.5869141e+01
   4.0854610e+06   7.3669434e+01
   4.0855180e+06   1.5991211e+01
   4.0868340e+06   1.6418457e+01
   4.0879630e+06   2.3681641e+01
   4.0880680e+06   6.6406250e+01
   4.0881710e+06   1.5014648e+01
   4.0882620e+06   1.9348145e+01
   4.0924860e+06   1.4770508e+01
   4.0926780e+06   1.4282227e+01
   4.0943340e+06   1.7333984e+01
   4.0951860e+06   1.5075684e+01
   4.0955980e+06   1.5319824e+01
   4.0956500e+06   1.5869141e+01
   4.0971520e+06   1.7456055e+01
   4.0973400e+06   6.3537598e+01
   4.0977000e+06   1.7150879e+01
   4.0977550e+06   6.4392090e+01
   4.0984070e+06   1.7089844e+01
   4.0984820e+06   6.1401367e+01
   4.0985840e+06   1.5930176e+01
   4.0996290e+06   1.6174316e+01
   4.0998290e+06   1.5686035e+01
   4.0998770e+06   6.5917969e+01
   4.1005660e+06   1.6174316e+01
   4.1007370e+06   1.8127441e+01
   4.1012120e+06   1.7211914e+01
   4.1014920e+06   1.9042969e+01
   4.1015550e+06   8.2702637e+01
   4.1016300e+06   1.4648438e+01
   4.1016540e+06   1.4831543e+01
   4.1019180e+06   6.1157227e+01
   4.1026010e+06   1.4892578e+01
   4.1026870e+06   1.6418457e+01
   4.1027300e+06   1.4892578e+01
   4.1027770e+06   1.4526367e+01
   4.1029430e+06   1.6601562e+01
   4.1029810e+06   1.7578125e+01
   4.1030520e+06   6.5673828e+01
   4.1045490e+06   1.4831543e+01
   4.1045970e+06   1.6418457e+01
   4.1046790e+06   1.7150879e+01
   4.1047770e+06   1.7395020e+01
   4.1051030e+06   1.6601562e+01
   4.1052290e+06   1.5380859e+01
   4.1053410e+06   1.6662598e+01
   4.1057090e+06   1.8005371e+01
   4.1061280e+06   1.4526367e+01
   4.1061960e+06   1.5625000e+01
   4.1068540e+06   1.4892578e+01
   4.1075390e+06   6.3903809e+01
   4.1080040e+06   1.5625000e+01
   4.1082990e+06   7.3303223e+01
   4.1090440e+06   6.1950684e+01
   4.1094640e+06   1.4343262e+01
   4.1101280e+06   5.9509277e+01
   4.1109620e+06   1.5686035e+01
   4.1109880e+06   6.5979004e+01
   4.1111070e+06   1.5136719e+01
   4.1129230e+06   1.4526367e+01
   4.1144880e+06   1.5502930e+01
   4.1156530e+06   1.5441895e+01
   4.1157660e+06   5.9753418e+01
   4.1160000e+06   1.4465332e+01
   4.1162040e+06   1.5686035e+01
   4.1163280e+06   1.4587402e+01
   4.1165670e+06   1.6479492e+01
   4.1167260e+06   6.9091797e+01
   4.1177100e+06   1.4892578e+01
   4.1200880e+06   1.4526367e+01
   4.1208860e+06   1.5502930e+01
   4.1215450e+06   1.4770508e+01
   4.1217270e+06   6.8664551e+01
   4.1219750e+06   1.7517090e+01
   4.1224830e+06   1.6418457e+01
   4.1225730e+06   6.8176270e+01
   4.1236160e+06   1.4465332e+01
   4.1249470e+06   1.4709473e+01
   4.1257830e+06   1.5625000e+01
   4.1258980e+06   1.6479492e+01
   4.1264830e+06   7.2509766e+01
   4.1271110e+06   1.4831543e+01
   4.1272850e+06   6.6467285e+01
   4.1274040e+06   1.5625000e+01
   4.1279240e+06   1.6723633e+01
   4.1279700e+06   1.5686035e+01
   4.1283880e+06   1.5563965e+01
   4.1284110e+06   7.2937012e+01
   4.1285210e+06   1.9165039e+01
   4.1289730e+06   6.4514160e+01
   4.1294250e+06   1.4953613e+01
   4.1294960e+06   1.7700195e+01
   4.1297240e+06   6.5856934e+01
   4.1297440e+06   1.6235352e+01
   4.1300600e+06   1.5136719e+01
   4.1301750e+06   1.8188477e+01
   4.1306730e+06   6.1157227e+01
   4.1308430e+06   1.5441895e+01
   4.1313810e+06   1.4770508e+01
   4.1315910e+06   1.5075684e+01
   4.1317640e+06   1.6052246e+01
   4.1319910e+06   6.2011719e+01
   4.1322990e+06   1.4282227e+01
   4.1323830e+06   1.4282227e+01
   4.1330150e+06   1.6540527e+01
   4.1336370e+06   1.6174316e+01
   4.1337570e+06   6.5551758e+01
   4.1338360e+06   1.5075684e+01
   4.1338700e+06   1.4282227e+01
   4.1339910e+06   1.4709473e+01
   4.1340760e+06   6.6589355e+01
   4.1342430e+06   2.2460938e+01
   4.1346720e+06   1.4343262e+01
   4.1347110e+06   1.6906738e+01
   4.1347310e+06   7.1655273e+01
   4.1349450e+06   1.5563965e+01
   4.1349740e+06   1.5441895e+01
   4.1350060e+06   1.6906738e+01
   4.1365710e+06   1.5502930e+01
   4.1371950e+06   1.5502930e+01
   4.1388560e+06   1.8127441e+01
   4.1403440e+06   1.4587402e+01
   4.1403540e+06   1.4892578e+01
   4.1404670e+06   1.5319824e+01
   4.1410580e+06   6.2805176e+01
   4.1411000e+06   1.4282227e+01
   4.1419220e+06   1.5197754e+01
   4.1426170e+06   6.1523438e+01
   4.1428400e+06   1.5319824e+01
   4.1433000e+06   1.5747070e+01
   4.1434610e+06   1.5747070e+01
   4.1436370e+06   1.7517090e+01
   4.1442240e+06   1.5686035e+01
   4.1452300e+06   6.2561035e+01
   4.1455570e+06   1.7456055e+01
   4.1456300e+06   6.4270020e+01
   4.1456490e+06   1.9836426e+01
   4.1456770e+06   6.7749023e+01
   4.1457160e+06   6.5734863e+01
   4.1469240e+06   1.5991211e+01
   4.1475870e+06   1.5502930e+01
   4.1488230e+06   1.4831543e+01
   4.1510660e+06   1.4648438e+01
   4.1520270e+06   1.5136719e+01
   4.1529410e+06   6.3293457e+01
   4.1540750e+06   1.5686035e+01
   4.1542000e+06   1.8493652e+01
   4.1548350e+06   6.4270020e+01
   4.1548820e+06   1.4770508e+01
   4.1548970e+06   1.6662598e+01
   4.1549210e+06   1.5258789e+01
   4.1549430e+06   1.4892578e+01
   4.1549640e+06   6.3537598e+01
   4.1568100e+06   1.4709473e+01
   4.1584810e+06   1.5502930e+01
   4.1599830e+06   1.8249512e+01
   4.1605910e+06   1.9287109e+01
   4.1608520e+06   6.7382812e+01
   4.1613250e+06   1.5380859e+01
   4.1617290e+06   1.4953613e+01
   4.1634180e+06   1.7944336e+01
   4.1645800e+06   1.6113281e+01
   4.1646780e+06   6.6040039e+01
   4.1648680e+06   1.5625000e+01
   4.1651920e+06   6.1889648e+01
   4.1666850e+06   1.5197754e+01
   4.1667520e+06   1.5930176e+01
   4.1676630e+06   1.6113281e+01
   4.1677640e+06   1.4587402e+01
   4.1678280e+06   1.6845703e+01
   4.1678580e+06   6.5856934e+01
   4.1679660e+06   1.7883301e+01
   4.1680140e+06   6.8420410e+01
   4.1681530e+06   1.6357422e+01
   4.1682010e+06   1.6052246e+01
   4.1688350e+06   1.6052246e+01
   4.1688940e+06   6.4270020e+01
   4.1702700e+06   6.5063477e+01
   4.1705970e+06   1.6784668e+01
   4.1721850e+06   1.5441895e+01
   4.1727290e+06   1.4953613e+01
   4.1728870e+06   1.6662598e+01
   4.1739880e+06   1.6601562e+01
   4.1761210e+06   6.6589355e+01
   4.1762620e+06   2.1667480e+01
   4.1762830e+06   1.5014648e+01
   4.1763230e+06   7.0129395e+01
   4.1769760e+06   1.6357422e+01
   4.1793120e+06   1.6113281e+01
   4.1797010e+06   1.4282227e+01
   4.1806680e+06   1.4343262e+01
   4.1807550e+06   1.7333984e+01
   4.1813340e+06   1.7211914e+01
   4.1815270e+06   6.3598633e+01
   4.1816300e+06   6.8054199e+01
   4.1816540e+06   1.9165039e+01
   4.1820580e+06   7.0251465e+01
   4.1820950e+06   1.6723633e+01
   4.1829120e+06   1.5625000e+01
   4.1829590e+06   1.5502930e+01
   4.1830000e+06   6.3903809e+01
   4.1834310e+06   1.5991211e+01
   4.1834490e+06   1.4526367e+01
   4.1834920e+06   1.7150879e+01
   4.1835400e+06   6.5490723e+01
   4.1846330e+06   1.6845703e+01
   4.1889410e+06   5.9753418e+01
   4.1893940e+06   1.4526367e+01
   4.1897470e+06   1.6967773e+01
   4.1898390e+06   1.9714355e+01
   4.1898760e+06   1.6174316e+01
   4.1899440e+06   6.5307617e+01
   4.1899880e+06   7.7209473e+01
   4.1912610e+06   1.4953613e+01
   4.1914320e+06   1.4587402e+01
   4.1927680e+06   6.7443848e+01
   4.1927780e+06   1.4404297e+01
   4.1928040e+06   1.6296387e+01
   4.1931120e+06   1.5625000e+01
   4.1932850e+06   6.5979004e+01
   4.1936870e+06   1.5808105e+01
   4.1945010e+06   1.6113281e+01
   4.1968130e+06   6.4941406e+01
   4.1969630e+06   1.4465332e+01
   4.1973870e+06   1.5319824e+01
   4.1974340e+06   6.1096191e+01
   4.1979880e+06   1.4831543e+01
   4.1982310e+06   1.4282227e+01
   4.1982710e+06   6.0241699e+01
   4.1986860e+06   1.4404297e+01
   4.1987330e+06   6.2805176e+01
   4.1989350e+06   6.3781738e+01
   4.1989800e+06   1.5441895e+01
   4.1991510e+06   6.2500000e+01
   4.1994410e+06   6.4392090e+01
   4.1995920e+06   6.2927246e+01
   4.1998850e+06   6.6406250e+01
   4.1999900e+06   1.5319824e+01
   4.2001250e+06   1.5808105e+01
   4.2001630e+06   6.0424805e+01
   4.2006150e+06   1.6601562e+01
   4.2006720e+06   6.3781738e+01
   4.2008220e+06   6.4208984e+01
   4.2008710e+06   1.4526367e+01
   4.2010220e+06   1.5136719e+01
   4.2010510e+06   1.6540527e+01
   4.2011290e+06   6.1462402e+01
   4.2014910e+06   1.5197754e+01
   4.2017650e+06   2.1972656e+01
   4.2020180e+06   1.7517090e+01
   4.2020890e+06   1.7089844e+01
   4.2024390e+06   1.4526367e+01
   4.2024920e+06   8.0627441e+01
   4.2036050e+06   1.6906738e+01
   4.2045090e+06   1.5258789e+01
   4.2051200e+06   1.8859863e+01
   4.2053650e+06   1.4648438e+01
   4.2054390e+06   1.8493652e+01
   4.2055860e+06   6.0180664e+01
   4.2056310e+06   1.6174316e+01
   4.2056690e+06   1.7639160e+01
   4.2056980e+06   6.9030762e+01
   4.2061210e+06   6.3842773e+01
   4.2062160e+06   6.1889648e+01
   4.2064540e+06   1.4404297e+01
   4.2073590e+06   1.9653320e+01
   4.2091450e+06   1.5014648e+01
   4.2099370e+06   1.6540527e+01
   4.2103940e+06   6.2500000e+01
   4.2124200e+06   1.4709473e+01
   4.2124930e+06   6.9763184e+01
   4.2126930e+06   1.7211914e+01
   4.2127530e+06   1.4587402e+01
   4.2127870e+06   1.8249512e+01
   4.2128260e+06   6.6040039e+01
   4.2129320e+06   1.4526367e+01
   4.2129750e+06   1.5930176e+01
   4.2138190e+06   6.2805176e+01
   4.2147040e+06   1.6784668e+01
   4.2165350e+06   1.5014648e+01
   4.2166480e+06   1.5869141e+01
   4.2174770e+06   1.5197754e+01
   4.2180290e+06   1.7761230e+01
   4.2181610e+06   6.4697266e+01
   4.2183210e+06   6.2377930e+01
   4.2188760e+06   6.3842773e+01
   4.2190460e+06   1.8066406e+01
   4.2191540e+06   6.2194824e+01
   4.2192160e+06   1.6113281e+01
   4.2201090e+06   6.4575195e+01
   4.2205190e+06   2.0019531e+01
   4.2207020e+06   1.5625000e+01
   4.2207270e+06   6.3598633e+01
   4.2228260e+06   1.6662598e+01
   4.2238480e+06   1.4709473e+01
   4.2249870e+06   1.6052246e+01
   4.2250690e+06   1.6906738e+01
   4.2251890e+06   6.2133789e+01
   4.2252420e+06   1.4465332e+01
   4.2252960e+06   1.8310547e+01
   4.2254590e+06   7.0678711e+01
   4.2261140e+06   6.5917969e+01
   4.2274080e+06   6.6284180e+01
   4.2280320e+06   1.4404297e+01
   4.2285250e+06   6.3964844e+01
   4.2285680e+06   1.5686035e+01
   4.2288130e+06   6.2194824e+01
   4.2289090e+06   1.7639160e+01
   4.2291010e+06   6.4819336e+01
   4.2292310e+06   6.2255859e+01
   4.2293770e+06   1.5563965e+01
   4.2295300e+06   7.0678711e+01
   4.2301400e+06   1.7944336e+01
   4.2302960e+06   6.6711426e+01
   4.2308530e+06   1.4587402e+01
   4.2308770e+06   6.3354492e+01
   4.2313150e+06   1.4343262e+01
   4.2313340e+06   6.9763184e+01
   4.2318580e+06   6.3659668e+01
   4.2322450e+06   1.4282227e+01
   4.2328500e+06   1.4953613e+01
   4.2331650e+06   1.8188477e+01
   4.2335810e+06   1.4465332e+01
   4.2339040e+06   1.4343262e+01
   4.2339600e+06   1.4587402e+01
   4.2340140e+06   6.6772461e+01
   4.2368120e+06   1.5075684e+01
   4.2385100e+06   1.5930176e+01
   4.2386370e+06   6.6894531e+01
   4.2392070e+06   1.4343262e+01
   4.2392890e+06   7.4523926e+01
   4.2396230e+06   1.6052246e+01
   4.2400030e+06   6.7016602e+01
   4.2401530e+06   1.8005371e+01
   4.2401670e+06   1.4526367e+01
   4.2401830e+06   1.6113281e+01
   4.2402270e+06   6.6284180e+01
   4.2416960e+06   1.6906738e+01
   4.2417480e+06   6.4270020e+01
   4.2426490e+06   1.7578125e+01
   4.2427700e+06   1.4648438e+01
   4.2440610e+06   1.6601562e+01
   4.2449980e+06   1.5991211e+01
   4.2463000e+06   1.4709473e+01
   4.2463830e+06   1.4465332e+01
   4.2465540e+06   1.4892578e+01
   4.2471600e+06   1.4648438e+01
   4.2472640e+06   6.1828613e+01
   4.2474210e+06   1.5686035e+01
   4.2475090e+06   1.7272949e+01
   4.2483440e+06   6.5002441e+01
   4.2487580e+06   1.4648438e+01
   4.2490430e+06   6.6528320e+01
   4.2491850e+06   1.4709473e+01
   4.2492610e+06   1.5197754e+01
   4.2492830e+06   6.1950684e+01
   4.2497210e+06   1.5380859e+01
   4.2499730e+06   7.0617676e+01
   4.2500040e+06   1.5930176e+01
   4.2500460e+06   1.5014648e+01
   4.2509310e+06   6.3232422e+01
   4.2510370e+06   1.4343262e+01
   4.2524960e+06   1.5136719e+01
   4.2545930e+06   1.5258789e+01
   4.2550820e+06   1.6357422e+01
   4.2564700e+06   1.4587402e+01
   4.2574300e+06   1.5441895e+01
   4.2576170e+06   1.6296387e+01
   4.2597720e+06   1.6479492e+01
   4.2604480e+06   1.6540527e+01
   4.2606230e+06   6.5429688e+01
   4.2614210e+06   1.6296387e+01
   4.2615490e+06   6.1828613e+01
   4.2617200e+06   1.6601562e+01
   4.2621640e+06   1.4526367e+01
   4.2621750e+06   1.6296387e+01
   4.2623800e+06   6.5979004e+01
   4.2624730e+06   1.7639160e+01
   4.2636380e+06   1.6174316e+01
   4.2648320e+06   1.5197754e+01
   4.2653650e+06   1.6662598e+01
   4.2657730e+06   1.5136719e+01
   4.2660110e+06   1.5014648e+01
   4.2662590e+06   1.5808105e+01
   4.2681010e+06   1.5869141e+01
   4.2696480e+06   1.4770508e+01
   4.2697860e+06   6.5734863e+01
   4.2701060e+06   6.6406250e+01
   4.2701960e+06   1.5136719e+01
   4.2703800e+06   7.3303223e+01
   4.2704200e+06   6.8725586e+01
   4.2704990e+06   7.0068359e+01
   4.2725680e+06   1.7272949e+01
   4.2743240e+06   1.8310547e+01
   4.2757280e+06   1.4282227e+01
   4.2757850e+06   1.4709473e+01
   4.2763970e+06   1.4587402e+01
   4.2781180e+06   6.2072754e+01
   4.2783390e+06   1.5502930e+01
   4.2783830e+06   6.5429688e+01
   4.2785290e+06   1.5625000e+01
   4.2785600e+06   6.4575195e+01
   4.2787590e+06   1.4282227e+01
   4.2794460e+06   1.7150879e+01
   4.2802820e+06   1.4526367e+01
   4.2804860e+06   6.7382812e+01
   4.2810210e+06   6.4575195e+01
   4.2812280e+06   1.7272949e+01
   4.2816430e+06   6.3537598e+01
   4.2820280e+06   1.5747070e+01
   4.2820970e+06   7.3974609e+01
   4.2822660e+06   6.3415527e+01
   4.2822940e+06   6.5307617e+01
   4.2823340e+06   1.4343262e+01
   4.2845420e+06   1.5197754e+01
   4.2862080e+06   1.4404297e+01
   4.2870670e+06   1.4526367e+01
   4.2877780e+06   1.5136719e+01
   4.2878040e+06   1.5808105e+01
   4.2887840e+06   1.5380859e+01
   4.2899070e+06   1.6479492e+01
   4.2914200e+06   1.6052246e+01
   4.2920880e+06   1.6113281e+01
   4.2922110e+06   7.4279785e+01
   4.2923970e+06   1.4831543e+01
   4.2930240e+06   1.7639160e+01
   4.2936590e+06   6.2866211e+01
   4.2938250e+06   7.5256348e+01
   4.2948640e+06   1.5563965e+01
   4.2955070e+06   1.5808105e+01
   4.2956070e+06   1.4709473e+01
   4.2963910e+06   1.5563965e+01
   4.2964880e+06   1.5014648e+01
   4.2978090e+06   6.7626953e+01
   4.2981320e+06   1.6662598e+01
   4.2981990e+06   6.7687988e+01
   4.2982490e+06   1.4831543e+01
   4.2990510e+06   1.8310547e+01
   4.2990670e+06   1.7395020e+01
   4.2990920e+06   7.6599121e+01
   4.2991200e+06   7.3608398e+01
   4.2991310e+06   1.7944336e+01
   4.3009030e+06   1.5380859e+01
   4.3021730e+06   1.6906738e+01
   4.3031110e+06   1.4953613e+01
   4.3037970e+06   1.4770508e+01
   4.3038960e+06   1.7028809e+01
   4.3039490e+06   6.4025879e+01
   4.3061820e+06   1.4465332e+01
   4.3076580e+06   1.4770508e+01
   4.3115180e+06   1.4404297e+01
   4.3117410e+06   1.5075684e+01
   4.3127080e+06   1.6723633e+01
   4.3129580e+06   7.0068359e+01
   4.3130140e+06   1.5319824e+01
   4.3133910e+06   1.4404297e+01
   4.3139130e+06   6.2744141e+01
   4.3159700e+06   1.4465332e+01
   4.3175580e+06   1.5197754e+01
   4.3201380e+06   1.5625000e+01
   4.3208520e+06   6.3598633e+01
   4.3212570e+06   1.8554688e+01
   4.3221970e+06   1.5136719e+01
   4.3222380e+06   6.9213867e+01
   4.3232630e+06   1.6906738e+01
   4.3237140e+06   1.4587402e+01
   4.3237770e+06   7.4279785e+01
   4.3245770e+06   1.8432617e+01
   4.3259750e+06   1.5808105e+01
   4.3260740e+06   6.1523438e+01
   4.3261570e+06   1.4587402e+01
   4.3263150e+06   1.4526367e+01
   4.3265150e+06   1.4892578e+01
   4.3265570e+06   6.9213867e+01
   4.3267680e+06   1.5686035e+01
   4.3268530e+06   1.8249512e+01
   4.3269060e+06   6.5307617e+01
   4.3270730e+06   1.4343262e+01
   4.3272160e+06   1.4526367e+01
   4.3273220e+06   1.5014648e+01
   4.3275350e+06   7.3059082e+01
   4.3275950e+06   1.8066406e+01
   4.3277160e+06   1.4892578e+01
   4.3278890e+06   1.8676758e+01
   4.3279360e+06   6.1706543e+01
   4.3279640e+06   1.4648438e+01
   4.3300180e+06   1.5136719e+01
   4.3300670e+06   6.1950684e+01
   4.3304200e+06   1.6052246e+01
   4.3305090e+06   6.5246582e+01
   4.3313260e+06   6.6406250e+01
   4.3335120e+06   1.4648438e+01
   4.3339930e+06   1.4953613e+01
   4.3347640e+06   1.5197754e+01
   4.3347870e+06   7.0373535e+01
   4.3350150e+06   1.6540527e+01
   4.3352090e+06   1.4770508e+01
   4.3361040e+06   1.5258789e+01
   4.3372570e+06   1.5319824e+01
   4.3373450e+06   6.2805176e+01
   4.3378700e+06   1.4465332e+01
   4.3381550e+06   1.4831543e+01
   4.3383050e+06   1.5441895e+01
   4.3406250e+06   1.5197754e+01
   4.3416650e+06   1.8005371e+01
   4.3419570e+06   1.8859863e+01
   4.3427420e+06   1.9836426e+01
   4.3479910e+06   1.5747070e+01
   4.3483430e+06   7.1105957e+01
   4.3486000e+06   1.4404297e+01
   4.3492980e+06   1.5319824e+01
   4.3494230e+06   1.9226074e+01
   4.3496200e+06   6.4147949e+01
   4.3512470e+06   1.4343262e+01
   4.3531550e+06   1.5380859e+01
   4.3531900e+06   1.5014648e+01
   4.3535300e+06   1.4892578e+01
   4.3537250e+06   6.5551758e+01
   4.3541830e+06   1.9836426e+01
   4.3542980e+06   1.5197754e+01
   4.3544610e+06   7.2814941e+01
   4.3547480e+06   1.4282227e+01
   4.3548000e+06   1.5014648e+01
   4.3551780e+06   1.5625000e+01
   4.3563090e+06   6.4208984e+01
   4.3578630e+06   1.5808105e+01
   4.3608390e+06   1.5441895e+01
   4.3619400e+06   6.4514160e+01
   4.3636760e+06   1.8432617e+01
   4.3636970e+06   5.9692383e+01
   4.3644370e+06   1.5625000e+01
   4.3657430e+06   1.5930176e+01
   4.3668550e+06   1.5441895e+01
   4.3669480e+06   2.2949219e+01
   4.3669720e+06   1.4770508e+01
   4.3669960e+06   6.7749023e+01
   4.3676870e+06   1.6479492e+01
   4.3684330e+06   1.4526367e+01
   4.3749410e+06   1.4282227e+01
   4.3762140e+06   1.8005371e+01
   4.3762460e+06   6.3659668e+01
   4.3770500e+06   1.5136719e+01
   4.3772020e+06   1.5502930e+01
   4.3773010e+06   1.7333984e+01
   4.3776450e+06   6.8542480e+01
   4.3782210e+06   1.6052246e+01
   4.3797780e+06   1.4709473e+01
   4.3798680e+06   6.1035156e+01
   4.3806000e+06   1.4404297e+01
   4.3814940e+06   1.4709473e+01
   4.3819810e+06   1.6662598e+01
   4.3820550e+06   6.2927246e+01
   4.3822230e+06   1.4709473e+01
   4.3828800e+06   6.2011719e+01
   4.3911520e+06   6.5246582e+01
   4.3918350e+06   1.4709473e+01
   4.3925380e+06   2.2216797e+01
   4.3927940e+06   6.6833496e+01
   4.3928300e+06   2.0935059e+01
   4.3928590e+06   7.0373535e+01
   4.3960670e+06   6.7260742e+01
   4.3960950e+06   1.4465332e+01
   4.3961090e+06   1.5502930e+01
   4.3972590e+06   1.4831543e+01
   4.3974710e+06   1.4648438e+01
   4.4050760e+06   1.7150879e+01
   4.4054390e+06   6.2805176e+01
   4.4055670e+06   1.4770508e+01
   4.4057590e+06   6.6711426e+01
   4.4067930e+06   1.4404297e+01
   4.4068200e+06   7.6293945e+01
   4.4104480e+06   1.5869141e+01
   4.4127210e+06   1.6601562e+01
   4.4132520e+06   1.6845703e+01
   4.4139960e+06   1.5991211e+01
   4.4153980e+06   1.5930176e+01
   4.4155480e+06   6.7382812e+01
   4.4156060e+06   1.5502930e+01
   4.4159040e+06   1.4282227e+01
   4.4160610e+06   1.4587402e+01
   4.4161920e+06   6.2438965e+01
   4.4171730e+06   1.5258789e+01
   4.4180230e+06   1.8432617e+01
   4.4187150e+06   6.7993164e+01
   4.4195270e+06   1.4953613e+01
   4.4196640e+06   1.4770508e+01
   4.4196790e+06   7.3486328e+01
   4.4198210e+06   1.6357422e+01
   4.4235450e+06   1.5441895e+01
   4.4243820e+06   6.6101074e+01
   4.4250570e+06   1.5686035e+01
   4.4253360e+06   6.6101074e+01
   4.4256740e+06   1.4587402e+01
   4.4257890e+06   1.6784668e+01
   4.4258360e+06   1.4770508e+01
   4.4258860e+06   1.5441895e+01
   4.4259310e+06   6.3232422e+01
   4.4260010e+06   1.4343262e+01
   4.4260730e+06   1.5808105e+01
   4.4263420e+06   1.6967773e+01
   4.4269510e+06   1.4587402e+01
   4.4270740e+06   1.4404297e+01
   4.4277570e+06   1.5258789e+01
   4.4278120e+06   6.4941406e+01
   4.4295930e+06   6.2561035e+01
   4.4300720e+06   1.5014648e+01
   4.4314000e+06   1.4770508e+01
   4.4315410e+06   6.7260742e+01
   4.4321910e+06   6.8176270e+01
   4.4328570e+06   1.5136719e+01
   4.4329130e+06   6.2622070e+01
   4.4332230e+06   1.6174316e+01
   4.4334080e+06   1.4709473e+01
   4.4336910e+06   1.5686035e+01
   4.4341290e+06   1.4831543e+01
   4.4342410e+06   6.4941406e+01
   4.4347670e+06   1.4343262e+01
   4.4352450e+06   1.4831543e+01
   4.4372080e+06   1.4648438e+01
   4.4372960e+06   6.9641113e+01
   4.4378400e+06   5.9814453e+01
   4.4378710e+06   1.6235352e+01
   4.4379680e+06   6.5368652e+01
   4.4383370e+06   6.6101074e+01
   4.4383550e+06   1.6174316e+01
   4.4385540e+06   1.6235352e+01
   4.4388700e+06   6.1706543e+01
   4.4394800e+06   6.3842773e+01
   4.4395720e+06   1.4831543e+01
   4.4400790e+06   7.0312500e+01
   4.4402650e+06   1.5136719e+01
   4.4404030e+06   1.5747070e+01
   4.4404740e+06   1.6174316e+01
   4.4404980e+06   6.8908691e+01
   4.4408830e+06   6.3232422e+01
   4.4409520e+06   1.5380859e+01
   4.4411510e+06   1.4465332e+01
   4.4415020e+06   1.5686035e+01
   4.4415980e+06   6.3781738e+01
   4.4419420e+06   2.0874023e+01
   4.4420730e+06   6.9274902e+01
   4.4421780e+06   1.4770508e+01
   4.4425480e+06   1.4404297e+01
   4.4439000e+06   7.4279785e+01
   4.4439540e+06   1.6845703e+01
   4.4440070e+06   1.5991211e+01
   4.4440590e+06   1.5686035e+01
   4.4444400e+06   6.2500000e+01
   4.4460480e+06   6.5246582e+01
   4.4462900e+06   1.5930176e+01
   4.4463630e+06   7.0068359e+01
   4.4501460e+06   1.5502930e+01
   4.4520460e+06   7.3730469e+01
   4.4526840e+06   1.5014648e+01
   4.4527490e+06   1.6418457e+01
   4.4529710e+06   1.5869141e+01
   4.4530390e+06   2.0996094e+01
   4.4549380e+06   1.4831543e+01
   4.4649640e+06   1.7211914e+01
   4.4655460e+06   1.9531250e+01
   4.4656050e+06   1.5625000e+01
   4.4658440e+06   1.6418457e+01
   4.4658640e+06   6.1584473e+01
   4.4662510e+06   1.5991211e+01
   4.4662630e+06   1.5441895e+01
   4.4710590e+06   1.4892578e+01
   4.4711850e+06   6.3720703e+01
   4.4716100e+06   1.4648438e+01
   4.4718100e+06   1.6418457e+01
   4.4720930e+06   6.6040039e+01
   4.4728170e+06   1.4953613e+01
   4.4729320e+06   1.4343262e+01
   4.4730740e+06   6.3537598e+01
   4.4731740e+06   6.6467285e+01
   4.4765960e+06   6.3842773e+01
   4.4769940e+06   1.5991211e+01
   4.4771220e+06   1.5014648e+01
   4.4775100e+06   1.7639160e+01
   4.4775420e+06   6.9824219e+01
   4.4775630e+06   1.8127441e+01
   4.4775980e+06   1.5747070e+01
   4.4776080e+06   6.6833496e+01
   4.4786870e+06   1.5197754e+01
   4.4787640e+06   1.5258789e+01
   4.4795250e+06   1.8249512e+01
   4.4795830e+06   1.5075684e+01
   4.4796720e+06   1.5625000e+01
   4.4797440e+06   6.5734863e+01
   4.4798750e+06   1.7272949e+01
   4.4799240e+06   1.5869141e+01
   4.4800400e+06   1.5014648e+01
   4.4803270e+06   1.6418457e+01
   4.4805880e+06   1.5808105e+01
   4.4807700e+06   1.4770508e+01
   4.4814820e+06   1.5319824e+01
   4.4822680e+06   1.8493652e+01
   4.4822870e+06   6.5429688e+01
   4.4823230e+06   7.7148438e+01
   4.4874370e+06   1.4770508e+01
   4.4875390e+06   1.8005371e+01
   4.4890730e+06   1.6601562e+01
   4.4898810e+06   6.9274902e+01
   4.4902970e+06   1.4526367e+01
   4.4903750e+06   1.6601562e+01
   4.4920350e+06   6.5856934e+01
   4.4920570e+06   1.4526367e+01
   4.4922150e+06   1.5197754e+01
   4.4923320e+06   6.3964844e+01
   4.4924110e+06   1.5625000e+01
   4.4928070e+06   1.4892578e+01
   4.4928870e+06   1.5380859e+01
   4.4929290e+06   7.2448730e+01
   4.4935570e+06   5.7312012e+01
   4.4936520e+06   6.6345215e+01
   4.4946540e+06   5.9875488e+01
   4.4948050e+06   6.7382812e+01
   4.4958950e+06   1.4343262e+01
   4.4961060e+06   6.2561035e+01
   4.4962520e+06   6.7993164e+01
   4.4966910e+06   6.4331055e+01
   4.4968650e+06   1.5686035e+01
   4.4969010e+06   6.7077637e+01
   4.4970670e+06   1.4282227e+01
   4.4976320e+06   6.7687988e+01
   4.4981040e+06   7.0190430e+01
   4.4981500e+06   1.7272949e+01
   4.4984330e+06   1.4343262e+01
   4.4985810e+06   1.4770508e+01
   4.4990330e+06   1.5441895e+01
   4.4995210e+06   1.4526367e+01
   4.5001730e+06   1.5136719e+01
   4.5003810e+06   1.5686035e+01
   4.5006320e+06   1.6174316e+01
   4.5006500e+06   6.5795898e+01
   4.5008010e+06   1.5136719e+01
   4.5012250e+06   1.4831543e+01
   4.5012580e+06   1.4343262e+01
   4.5020420e+06   1.5380859e+01
   4.5021090e+06   6.5490723e+01
   4.5074140e+06   6.2133789e+01
   4.5079140e+06   1.4343262e+01
   4.5080730e+06   6.4697266e+01
   4.5087830e+06   1.6357422e+01
   4.5100790e+06   6.2072754e+01
   4.5101600e+06   1.5991211e+01
   4.5106440e+06   6.0485840e+01
   4.5107810e+06   6.9824219e+01
   4.5110640e+06   1.4343262e+01
   4.5117180e+06   1.5197754e+01
   4.5117620e+06   7.3425293e+01
   4.5117880e+06   1.5136719e+01
   4.5143140e+06   6.2622070e+01
   4.5145630e+06   6.2316895e+01
   4.5149140e+06   6.2438965e+01
   4.5152600e+06   1.4282227e+01
   4.5152790e+06   6.0485840e+01
   4.5154000e+06   1.6662598e+01
   4.5157280e+06   1.5075684e+01
   4.5157630e+06   5.9631348e+01
   4.5159690e+06   1.6784668e+01
   4.5164270e+06   7.4035645e+01
   4.5168330e+06   1.5258789e+01
   4.5168990e+06   7.0373535e+01
   4.5176810e+06   1.5075684e+01
   4.5178200e+06   1.5014648e+01
   4.5182840e+06   2.0690918e+01
   4.5183660e+06   1.5197754e+01
   4.5188270e+06   1.4343262e+01
   4.5192700e+06   1.4770508e+01
   4.5196000e+06   1.5747070e+01
   4.5196820e+06   1.5686035e+01
   4.5196940e+06   6.9641113e+01
   4.5219370e+06   6.8420410e+01
   4.5262340e+06   6.7932129e+01
   4.5266970e+06   6.3537598e+01
   4.5271330e+06   1.8432617e+01
   4.5292260e+06   1.6418457e+01
   4.5302360e+06   1.6906738e+01
   4.5328430e+06   1.5869141e+01
   4.5329190e+06   1.4770508e+01
   4.5329750e+06   6.7016602e+01
   4.5329860e+06   1.4343262e+01
   4.5351110e+06   1.4465332e+01
   4.5367650e+06   1.7333984e+01
   4.5369720e+06   1.5136719e+01
   4.5373210e+06   1.4465332e+01
   4.5375130e+06   6.3598633e+01
   4.5375640e+06   1.5747070e+01
   4.5378260e+06   6.1157227e+01
   4.5434770e+06   1.5014648e+01
   4.5435880e+06   6.5856934e+01
   4.5439520e+06   1.6845703e+01
   4.5442050e+06   6.9946289e+01
   4.5446340e+06   1.5441895e+01
   4.5450840e+06   1.5319824e+01
   4.5451630e+06   2.4414062e+01
   4.5453370e+06   1.8371582e+01
   4.5458190e+06   1.5136719e+01
   4.5460100e+06   1.6723633e+01
   4.5464120e+06   1.5991211e+01
   4.5491830e+06   1.6296387e+01
   4.5500440e+06   6.2500000e+01
   4.5501800e+06   1.6174316e+01
   4.5506710e+06   1.5625000e+01
   4.5508860e+06   1.5380859e+01
   4.5513760e+06   6.4208984e+01
   4.5516200e+06   1.4770508e+01
   4.5519610e+06   6.2500000e+01
   4.5556480e+06   1.6723633e+01
   4.5572720e+06   6.3110352e+01
   4.5588380e+06   1.5136719e+01
   4.5590460e+06   1.5869141e+01
   4.5591920e+06   6.5429688e+01
   4.5630950e+06   1.4282227e+01
   4.5631230e+06   1.6113281e+01
   4.5631530e+06   1.4282227e+01
   4.5636590e+06   1.5625000e+01
   4.5639460e+06   1.5869141e+01
   4.5646220e+06   1.4404297e+01
   4.5653270e+06   1.5930176e+01
   4.5653580e+06   6.0485840e+01
   4.5657370e+06   1.5991211e+01
   4.5660830e+06   7.3791504e+01
   4.5667310e+06   6.2866211e+01
   4.5674690e+06   1.5441895e+01
   4.5677590e+06   1.5136719e+01
   4.5678990e+06   6.5124512e+01
   4.5692590e+06   7.2204590e+01
   4.5694000e+06   1.5869141e+01
   4.5698520e+06   1.4526367e+01
   4.5699350e+06   1.4465332e+01
   4.5699470e+06   7.2326660e+01
   4.5702600e+06   1.5625000e+01
   4.5703480e+06   5.8593750e+01
   4.5703770e+06   2.0446777e+01
   4.5704620e+06   1.4831543e+01
   4.5705140e+06   1.4831543e+01
   4.5709680e+06   1.7028809e+01
   4.5719750e+06   6.3110352e+01
   4.5723880e+06   1.4831543e+01
   4.5724440e+06   1.8920898e+01
   4.5730660e+06   7.4951172e+01
   4.5739820e+06   6.5429688e+01
   4.5740210e+06   1.4709473e+01
   4.5743150e+06   1.4282227e+01
   4.5743540e+06   1.6113281e+01
   4.5745530e+06   1.6662598e+01
   4.5745780e+06   6.5063477e+01
   4.5747510e+06   1.4404297e+01
   4.5747660e+06   1.6784668e+01
   4.5748150e+06   6.8359375e+01
   4.5748280e+06   1.5075684e+01
   4.5769880e+06   1.4709473e+01
   4.5783960e+06   1.5258789e+01
   4.5784470e+06   1.5747070e+01
   4.5792550e+06   6.5917969e+01
   4.5794950e+06   1.6601562e+01
   4.5795340e+06   6.1767578e+01
   4.5796700e+06   2.4658203e+01
   4.5801990e+06   6.4758301e+01
   4.5818430e+06   1.5991211e+01
   4.5848740e+06   1.4648438e+01
   4.5862850e+06   1.6723633e+01
   4.5883600e+06   7.0556641e+01
   4.5884310e+06   1.6418457e+01
   4.5889570e+06   1.6174316e+01
   4.5897430e+06   6.2805176e+01
   4.5902070e+06   1.6357422e+01
   4.5902760e+06   5.9875488e+01
   4.5903320e+06   1.4831543e+01
   4.5905350e+06   1.8737793e+01
   4.5905590e+06   6.7382812e+01
   4.5935080e+06   6.4819336e+01
   4.5935430e+06   1.5197754e+01
   4.5937090e+06   1.5441895e+01
   4.5939970e+06   1.6418457e+01
   4.5940680e+06   6.2744141e+01
   4.5943580e+06   1.5563965e+01
   4.5944820e+06   1.4953613e+01
   4.5959190e+06   7.0190430e+01
   4.5960690e+06   1.7700195e+01
   4.5963040e+06   1.7028809e+01
   4.5963600e+06   6.5673828e+01
   4.5965150e+06   1.4709473e+01
   4.5969210e+06   1.4526367e+01
   4.5970970e+06   6.3964844e+01
   4.5974580e+06   7.2570801e+01
   4.6012680e+06   1.7517090e+01
   4.6024940e+06   8.1542969e+01
   4.6026540e+06   1.5197754e+01
   4.6030560e+06   7.0495605e+01
   4.6035650e+06   6.2744141e+01
   4.6041810e+06   6.0974121e+01
   4.6046560e+06   1.6479492e+01
   4.6050870e+06   1.7517090e+01
   4.6051600e+06   1.6296387e+01
   4.6052670e+06   1.5197754e+01
   4.6055360e+06   6.4880371e+01
   4.6056500e+06   6.4331055e+01
   4.6062190e+06   6.4636230e+01
   4.6063940e+06   1.4831543e+01
   4.6065380e+06   1.6357422e+01
   4.6068300e+06   1.4282227e+01
   4.6072270e+06   1.4648438e+01
   4.6101110e+06   1.7150879e+01
   4.6110580e+06   6.2011719e+01
   4.6121330e+06   1.4465332e+01
   4.6123330e+06   1.7333984e+01
   4.6125490e+06   1.5014648e+01
   4.6125650e+06   6.7016602e+01
   4.6127010e+06   1.6540527e+01
   4.6128120e+06   6.3842773e+01
   4.6131310e+06   6.6284180e+01
   4.6153030e+06   1.4831543e+01
   4.6153310e+06   1.4709473e+01
   4.6153620e+06   1.4282227e+01
   4.6185220e+06   1.4709473e+01
   4.6195670e+06   6.2500000e+01
   4.6200050e+06   1.9165039e+01
   4.6200170e+06   7.3059082e+01
   4.6200280e+06   1.8127441e+01
   4.6222290e+06   1.5258789e+01
   4.6230910e+06   1.5563965e+01
   4.6233470e+06   6.3659668e+01
   4.6233700e+06   1.6357422e+01
   4.6234930e+06   2.1484375e+01
   4.6235660e+06   1.8310547e+01
   4.6235850e+06   1.5747070e+01
   4.6236160e+06   1.8066406e+01
   4.6236400e+06   7.5500488e+01
   4.6273250e+06   1.4526367e+01
   4.6273790e+06   1.4648438e+01
   4.6298860e+06   1.5136719e+01
   4.6300680e+06   6.1645508e+01
   4.6306760e+06   1.6601562e+01
   4.6307540e+06   6.8481445e+01
   4.6314750e+06   1.5686035e+01
   4.6316500e+06   4.9438477e+01
   4.6319530e+06   1.4404297e+01
   4.6335720e+06   1.5625000e+01
   4.6336010e+06   1.6540527e+01
   4.6346500e+06   6.1340332e+01
   4.6348350e+06   1.6723633e+01
   4.6349860e+06   6.7504883e+01
   4.6352070e+06   1.5258789e+01
   4.6352410e+06   7.1899414e+01
   4.6353300e+06   2.0690918e+01
   4.6356330e+06   1.6235352e+01
   4.6358160e+06   1.7395020e+01
   4.6362780e+06   6.4941406e+01
   4.6376010e+06   6.6162109e+01
   4.6384150e+06   1.7639160e+01
   4.6390720e+06   1.4648438e+01
   4.6391260e+06   1.5014648e+01
   4.6396250e+06   1.7333984e+01
   4.6396510e+06   6.3537598e+01
   4.6405990e+06   1.5197754e+01
   4.6406410e+06   1.5197754e+01
   4.6443630e+06   6.6345215e+01
   4.6448120e+06   1.5563965e+01
   4.6449800e+06   1.4709473e+01
   4.6455810e+06   1.7456055e+01
   4.6457630e+06   1.4648438e+01
   4.6458850e+06   7.5195312e+01
   4.6460410e+06   6.5063477e+01
   4.6460820e+06   6.1279297e+01
   4.6460920e+06   1.7395020e+01
   4.6505540e+06   1.5502930e+01
   4.6506290e+06   6.4819336e+01
   4.6508670e+06   1.5258789e+01
   4.6528890e+06   1.5808105e+01
   4.6529510e+06   1.4465332e+01
   4.6536910e+06   7.1472168e+01
   4.6538790e+06   6.4208984e+01
   4.6541430e+06   1.5319824e+01
   4.6544360e+06   1.6296387e+01
   4.6548410e+06   1.5319824e+01
   4.6561620e+06   1.4465332e+01
   4.6562170e+06   1.5563965e+01
   4.6567250e+06   1.4465332e+01
   4.6571520e+06   1.5869141e+01
   4.6573020e+06   1.5380859e+01
   4.6573290e+06   7.2204590e+01
   4.6577610e+06   6.4514160e+01
   4.6578230e+06   1.4648438e+01
   4.6578490e+06   1.9775391e+01
   4.6597320e+06   6.6650391e+01
   4.6599330e+06   1.5258789e+01
   4.6601660e+06   1.6357422e+01
   4.6602630e+06   1.4404297e+01
   4.6604050e+06   1.5258789e+01
   4.6615210e+06   1.5502930e+01
   4.6640480e+06   6.1767578e+01
   4.6653800e+06   1.4282227e+01
   4.6659790e+06   7.1594238e+01
   4.6677880e+06   7.3730469e+01
   4.6685560e+06   1.5380859e+01
   4.6689190e+06   6.5002441e+01
   4.6692440e+06   1.4465332e+01
   4.6695250e+06   1.5991211e+01
   4.6697960e+06   1.4648438e+01
   4.6700350e+06   7.0190430e+01
   4.6700450e+06   1.5380859e+01
   4.6701400e+06   1.6174316e+01
   4.6702960e+06   6.4819336e+01
   4.6729030e+06   7.5317383e+01
   4.6731940e+06   1.6845703e+01
   4.6733120e+06   1.4770508e+01
   4.6733250e+06   7.0312500e+01
   4.6735410e+06   6.6406250e+01
   4.6737160e+06   1.7578125e+01
   4.6737300e+06   6.2011719e+01
   4.6739780e+06   1.5930176e+01
   4.6740250e+06   5.5358887e+01
   4.6740970e+06   1.4892578e+01
   4.6742860e+06   6.3171387e+01
   4.6744150e+06   6.6467285e+01
   4.6745070e+06   1.4587402e+01
   4.6746330e+06   1.4648438e+01
   4.6747810e+06   1.6967773e+01
   4.6748360e+06   6.3232422e+01
   4.6749290e+06   1.5380859e+01
   4.6749840e+06   6.4453125e+01
   4.6752400e+06   1.4709473e+01
   4.6753040e+06   6.4453125e+01
   4.6753620e+06   1.4526367e+01
   4.6755380e+06   1.5930176e+01
   4.6755960e+06   6.6223145e+01
   4.6757300e+06   1.5136719e+01
   4.6757930e+06   6.3232422e+01
   4.6761580e+06   6.3781738e+01
   4.6762320e+06   1.8432617e+01
   4.6762950e+06   3.4179688e+01
   4.6766000e+06   2.4414062e+01
   4.6766660e+06   6.8664551e+01
   4.6766970e+06   1.6113281e+01
   4.6769290e+06   1.7089844e+01
   4.6772320e+06   2.0080566e+01
   4.6775270e+06   7.9650879e+01
   4.6775600e+06   6.4697266e+01
   4.6776080e+06   6.3659668e+01
   4.6786120e+06   1.5319824e+01
   4.6789570e+06   1.5563965e+01
   4.6791220e+06   1.6052246e+01
   4.6793190e+06   1.8737793e+01
   4.6799180e+06   1.4587402e+01
   4.6825010e+06   6.5673828e+01
   4.6826360e+06   1.5930176e+01
   4.6829670e+06   1.5625000e+01
   4.6831170e+06   1.7456055e+01
   4.6833420e+06   1.5258789e+01
   4.6837250e+06   6.5551758e+01
   4.6840800e+06   1.6479492e+01
   4.6841600e+06   1.5075684e+01
   4.6842520e+06   6.3964844e+01
   4.6862680e+06   1.4892578e+01
   4.6863330e+06   7.2448730e+01
   4.6866370e+06   6.3537598e+01
   4.6867610e+06   1.4709473e+01
   4.6879520e+06   1.4953613e+01
   4.6937370e+06   6.1401367e+01
   4.6937690e+06   1.5136719e+01
   4.6943280e+06   7.0861816e+01
   4.6948640e+06   1.5808105e+01
   4.6948910e+06   7.1960449e+01
   4.6952220e+06   1.4526367e+01
   4.6955870e+06   1.5075684e+01
   4.6956010e+06   1.7028809e+01
   4.6956860e+06   1.5258789e+01
   4.6962430e+06   1.6052246e+01
   4.6978920e+06   1.6174316e+01
   4.6982670e+06   1.6906738e+01
   4.6989740e+06   6.4636230e+01
   4.6991080e+06   1.4648438e+01
   4.6992870e+06   6.8847656e+01
   4.6993570e+06   1.4465332e+01
   4.6995590e+06   1.5258789e+01
   4.7031660e+06   1.5380859e+01
   4.7039990e+06   1.6052246e+01
   4.7043970e+06   6.5795898e+01
   4.7053780e+06   7.3547363e+01
   4.7054080e+06   1.7028809e+01
   4.7057040e+06   1.6235352e+01
   4.7059710e+06   6.0668945e+01
   4.7078490e+06   1.6235352e+01
   4.7080710e+06   7.1228027e+01
   4.7088160e+06   4.5471191e+01
   4.7090980e+06   6.4758301e+01
   4.7092640e+06   6.5246582e+01
   4.7096070e+06   6.6772461e+01
   4.7096610e+06   1.8554688e+01
   4.7097160e+06   2.0507812e+01
   4.7097580e+06   1.4526367e+01
   4.7099160e+06   1.5441895e+01
   4.7100790e+06   6.1340332e+01
   4.7104160e+06   6.1828613e+01
   4.7106330e+06   1.7211914e+01
   4.7109050e+06   1.4404297e+01
   4.7109480e+06   6.5795898e+01
   4.7116560e+06   1.4892578e+01
   4.7117870e+06   1.5014648e+01
   4.7121390e+06   1.4587402e+01
   4.7124700e+06   1.5014648e+01
   4.7125920e+06   1.6174316e+01
   4.7127170e+06   6.3415527e+01
   4.7127340e+06   2.0507812e+01
   4.7127560e+06   1.7333984e+01
   4.7175980e+06   1.4404297e+01
   4.7189580e+06   1.6906738e+01
   4.7192000e+06   1.6967773e+01
   4.7193980e+06   1.5319824e+01
   4.7195300e+06   7.0678711e+01
   4.7196050e+06   1.4465332e+01
   4.7208370e+06   1.5869141e+01
   4.7209850e+06   6.1218262e+01
   4.7212180e+06   1.6967773e+01
   4.7212980e+06   6.5917969e+01
   4.7214600e+06   2.0385742e+01
   4.7214900e+06   1.6845703e+01
   4.7215100e+06   2.0629883e+01
   4.7215440e+06   6.8420410e+01
   4.7215770e+06   2.9296875e+01
   4.7260080e+06   1.5075684e+01
   4.7275550e+06   1.6113281e+01
   4.7279650e+06   1.6723633e+01
   4.7287630e+06   1.4282227e+01
   4.7293570e+06   6.7993164e+01
   4.7299900e+06   1.6601562e+01
   4.7314390e+06   1.5380859e+01
   4.7315340e+06   1.7333984e+01
   4.7316020e+06   6.5612793e+01
   4.7316270e+06   1.7089844e+01
   4.7316430e+06   1.4343262e+01
   4.7318180e+06   1.4770508e+01
   4.7318920e+06   6.4697266e+01
   4.7328040e+06   1.8005371e+01
   4.7330100e+06   1.4587402e+01
   4.7330880e+06   1.6723633e+01
   4.7332920e+06   1.4831543e+01
   4.7334060e+06   1.4465332e+01
   4.7334650e+06   1.5014648e+01
   4.7335790e+06   1.7517090e+01
   4.7336480e+06   6.6833496e+01
   4.7336610e+06   1.9348145e+01
   4.7336880e+06   6.8115234e+01
   4.7337050e+06   1.5686035e+01
   4.7337280e+06   7.0678711e+01
   4.7381680e+06   1.6296387e+01
   4.7388330e+06   1.6357422e+01
   4.7401060e+06   1.4343262e+01
   4.7415340e+06   5.9936523e+01
   4.7415680e+06   1.5991211e+01
   4.7418140e+06   1.9775391e+01
   4.7418310e+06   6.0180664e+01
   4.7419050e+06   1.4648438e+01
   4.7419660e+06   6.9030762e+01
   4.7426030e+06   1.5930176e+01
   4.7429000e+06   6.1340332e+01
   4.7451480e+06   1.4892578e+01
   4.7457850e+06   6.8176270e+01
   4.7463610e+06   5.9570313e+01
   4.7489010e+06   1.4831543e+01
   4.7491370e+06   6.4819336e+01
   4.7494240e+06   1.4343262e+01
   4.7494640e+06   6.8237305e+01
   4.7495400e+06   6.7321777e+01
   4.7507480e+06   1.4770508e+01
   4.7511340e+06   1.8798828e+01
   4.7520720e+06   6.2194824e+01
   4.7531770e+06   1.6357422e+01
   4.7532180e+06   7.2937012e+01
   4.7537450e+06   5.9753418e+01
   4.7539510e+06   6.1767578e+01
   4.7542650e+06   6.5551758e+01
   4.7545070e+06   6.7626953e+01
   4.7545890e+06   1.6296387e+01
   4.7547110e+06   1.6296387e+01
   4.7547280e+06   6.3049316e+01
   4.7549270e+06   6.4636230e+01
   4.7553010e+06   6.1767578e+01
   4.7554270e+06   7.0800781e+01
   4.7554680e+06   7.3425293e+01
   4.7557270e+06   6.3232422e+01
   4.7559760e+06   1.5197754e+01
   4.7560280e+06   6.7810059e+01
   4.7561580e+06   1.4709473e+01
   4.7563490e+06   1.5075684e+01
   4.7563800e+06   7.1960449e+01
   4.7566340e+06   6.6589355e+01
   4.7568650e+06   1.7333984e+01
   4.7569190e+06   6.9519043e+01
   4.7574550e+06   1.4526367e+01
   4.7575010e+06   6.4697266e+01
   4.7590850e+06   6.5490723e+01
   4.7593910e+06   1.5686035e+01
   4.7594420e+06   1.4831543e+01
   4.7594830e+06   1.5014648e+01
   4.7595230e+06   1.4465332e+01
   4.7595670e+06   6.8420410e+01
   4.7597700e+06   1.4404297e+01
   4.7599090e+06   1.4526367e+01
   4.7621570e+06   6.7993164e+01
   4.7622180e+06   1.5625000e+01
   4.7638200e+06   1.8066406e+01
   4.7642570e+06   6.3110352e+01
   4.7652660e+06   1.4404297e+01
   4.7652880e+06   6.9213867e+01
   4.7653230e+06   7.2082520e+01
   4.7655340e+06   6.2683105e+01
   4.7658450e+06   1.6113281e+01
   4.7666130e+06   4.2968750e+01
   4.7668470e+06   1.6601562e+01
   4.7670150e+06   1.5686035e+01
   4.7670850e+06   1.8859863e+01
   4.7674270e+06   6.4941406e+01
   4.7707570e+06   1.5197754e+01
   4.7728530e+06   6.2805176e+01
   4.7728850e+06   1.6784668e+01
   4.7748990e+06   6.1401367e+01
   4.7752670e+06   6.6101074e+01
   4.7759210e+06   1.5197754e+01
   4.7762950e+06   1.4465332e+01
   4.7763600e+06   6.7138672e+01
   4.7767240e+06   1.6113281e+01
   4.7767470e+06   1.6174316e+01
   4.7767620e+06   1.9775391e+01
   4.7767750e+06   2.1484375e+01
   4.7768010e+06   6.5429688e+01
   4.7768240e+06   1.4343262e+01
   4.7768460e+06   7.0617676e+01
   4.7800140e+06   2.0141602e+01
   4.7809270e+06   6.4819336e+01
   4.7810870e+06   1.8737793e+01
   4.7811390e+06   1.4953613e+01
   4.7811940e+06   1.4587402e+01
   4.7816060e+06   1.7395020e+01
   4.7816450e+06   6.1584473e+01
   4.7821720e+06   1.4343262e+01
   4.7828890e+06   1.5380859e+01
   4.7839890e+06   1.4404297e+01
   4.7850320e+06   1.4587402e+01
   4.7869020e+06   1.7028809e+01
   4.7874370e+06   1.4465332e+01
   4.7877400e+06   6.2622070e+01
   4.7882710e+06   1.6296387e+01
   4.7884890e+06   7.3120117e+01
   4.7890840e+06   6.2133789e+01
   4.7892430e+06   7.0800781e+01
   4.7897290e+06   1.6296387e+01
   4.7899470e+06   1.6174316e+01
   4.7901540e+06   6.5917969e+01
   4.7902380e+06   6.7016602e+01
   4.7902700e+06   6.5246582e+01
   4.7906260e+06   1.6296387e+01
   4.7906980e+06   1.4648438e+01
   4.7907510e+06   2.1789551e+01
   4.7908170e+06   1.5747070e+01
   4.7970650e+06   6.8969727e+01
   4.7978680e+06   7.0861816e+01
   4.7986800e+06   1.5075684e+01
   4.7987200e+06   1.4404297e+01
   4.7988040e+06   6.7077637e+01
   4.7996660e+06   1.6418457e+01
   4.8000510e+06   1.5563965e+01
   4.8000780e+06   1.5625000e+01
   4.8001030e+06   7.5500488e+01
   4.8001370e+06   1.5075684e+01
   4.8003190e+06   1.7211914e+01
   4.8003790e+06   1.4465332e+01
   4.8005520e+06   6.2011719e+01
   4.8007800e+06   1.6662598e+01
   4.8008090e+06   1.4465332e+01
   4.8008190e+06   1.9042969e+01
   4.8008720e+06   6.4331055e+01
   4.8029790e+06   1.6967773e+01
   4.8050510e+06   1.7333984e+01
   4.8054780e+06   1.4587402e+01
   4.8058220e+06   6.2316895e+01
   4.8059070e+06   1.4892578e+01
   4.8063410e+06   1.4587402e+01
   4.8063840e+06   1.5319824e+01
   4.8064280e+06   1.7028809e+01
   4.8064430e+06   1.5319824e+01
   4.8064850e+06   2.6000977e+01
   4.8065020e+06   6.5612793e+01
   4.8118280e+06   1.5441895e+01
   4.8139490e+06   1.5930176e+01
   4.8154590e+06   1.4648438e+01
   4.8155970e+06   1.5869141e+01
   4.8156390e+06   7.5866699e+01
   4.8161310e+06   6.4086914e+01
   4.8163310e+06   6.3903809e+01
   4.8165920e+06   6.5063477e+01
   4.8171820e+06   1.5502930e+01
   4.8172970e+06   1.6113281e+01
   4.8173280e+06   1.5808105e+01
   4.8174260e+06   1.4526367e+01
   4.8176960e+06   1.5441895e+01
   4.8187190e+06   6.4941406e+01
   4.8188520e+06   1.5625000e+01
   4.8193900e+06   1.4648438e+01
   4.8195410e+06   2.0629883e+01
   4.8195550e+06   1.5075684e+01
   4.8199800e+06   6.9213867e+01
   4.8216010e+06   1.6418457e+01
   4.8219480e+06   1.5686035e+01
   4.8234560e+06   1.4587402e+01
   4.8258100e+06   1.9348145e+01
   4.8259770e+06   1.7761230e+01
   4.8260410e+06   6.5856934e+01
   4.8262290e+06   1.4892578e+01
   4.8262590e+06   2.2399902e+01
   4.8264070e+06   1.5014648e+01
   4.8264990e+06   1.6479492e+01
   4.8265230e+06   7.1838379e+01
   4.8270560e+06   1.4648438e+01
   4.8274030e+06   1.5625000e+01
   4.8275040e+06   6.8908691e+01
   4.8275350e+06   1.4709473e+01
   4.8277630e+06   2.1362305e+01
   4.8281490e+06   1.4343262e+01
   4.8282390e+06   1.6052246e+01
   4.8282670e+06   6.3903809e+01
   4.8290270e+06   1.5808105e+01
   4.8292810e+06   1.4709473e+01
   4.8296100e+06   7.0251465e+01
   4.8315540e+06   1.6967773e+01
   4.8330040e+06   1.5869141e+01
   4.8330590e+06   1.6174316e+01
   4.8330710e+06   1.8493652e+01
   4.8351280e+06   1.5441895e+01
   4.8375010e+06   1.5930176e+01
   4.8389220e+06   6.5124512e+01
   4.8397800e+06   1.6296387e+01
   4.8398090e+06   7.5317383e+01
   4.8398330e+06   1.4953613e+01
   4.8398700e+06   1.8310547e+01
   4.8399050e+06   7.5988770e+01
   4.8399570e+06   1.7517090e+01
   4.8420720e+06   1.5747070e+01
   4.8438750e+06   1.4648438e+01
   4.8446020e+06   1.6235352e+01
   4.8456790e+06   6.2011719e+01
   4.8468700e+06   6.6406250e+01
   4.8474310e+06   1.5258789e+01
   4.8485600e+06   1.7211914e+01
   4.8485840e+06   7.2814941e+01
   4.8491880e+06   1.6174316e+01
   4.8492310e+06   1.4282227e+01
   4.8492660e+06   1.9714355e+01
   4.8501460e+06   1.5563965e+01
   4.8503270e+06   1.6113281e+01
   4.8508230e+06   1.5563965e+01
   4.8542420e+06   1.7395020e+01
   4.8567780e+06   1.4892578e+01
   4.8577310e+06   1.5136719e+01
   4.8590100e+06   1.4587402e+01
   4.8610150e+06   1.4770508e+01
   4.8612140e+06   6.5673828e+01
   4.8614420e+06   6.3537598e+01
   4.8616470e+06   1.4282227e+01
   4.8619330e+06   2.1484375e+01
   4.8622940e+06   1.6479492e+01
   4.8623430e+06   1.8432617e+01
   4.8625060e+06   1.4831543e+01
   4.8626150e+06   1.4709473e+01
   4.8634090e+06   1.6418457e+01
   4.8634310e+06   6.4331055e+01
   4.8635030e+06   6.9824219e+01
   4.8637360e+06   1.5075684e+01
   4.8640550e+06   1.6052246e+01
   4.8642630e+06   1.5808105e+01
   4.8644960e+06   1.4648438e+01
   4.8653700e+06   6.5795898e+01
   4.8658350e+06   6.5612793e+01
   4.8658730e+06   1.5991211e+01
   4.8662770e+06   6.3903809e+01
   4.8667160e+06   7.8613281e+01
   4.8669850e+06   1.6662598e+01
   4.8670690e+06   1.5136719e+01
   4.8673600e+06   1.6052246e+01
   4.8674480e+06   5.9814453e+01
   4.8677720e+06   1.6296387e+01
   4.8678620e+06   3.8208008e+01
   4.8683110e+06   1.5319824e+01
   4.8702100e+06   6.2805176e+01
   4.8723020e+06   6.8115234e+01
   4.8729190e+06   1.4404297e+01
   4.8730110e+06   6.6223145e+01
   4.8734030e+06   1.4404297e+01
   4.8734570e+06   6.4514160e+01
   4.8735520e+06   1.5380859e+01
   4.8736110e+06   6.7565918e+01
   4.8736560e+06   1.4892578e+01
   4.8739230e+06   1.9348145e+01
   4.8739710e+06   6.4392090e+01
   4.8744310e+06   1.5380859e+01
   4.8746280e+06   1.6235352e+01
   4.8746810e+06   6.1279297e+01
   4.8748800e+06   1.5014648e+01
   4.8749390e+06   2.2583008e+01
   4.8749930e+06   6.5185547e+01
   4.8785970e+06   1.5991211e+01
   4.8790270e+06   6.3964844e+01
   4.8795590e+06   1.4282227e+01
   4.8806330e+06   6.5185547e+01
   4.8806830e+06   1.4526367e+01
   4.8807450e+06   1.6479492e+01
   4.8807660e+06   1.7028809e+01
   4.8812160e+06   1.7395020e+01
   4.8827500e+06   1.7211914e+01
   4.8829920e+06   6.6650391e+01
   4.8837210e+06   1.5258789e+01
   4.8838170e+06   1.5441895e+01
   4.8839360e+06   6.6406250e+01
   4.8839700e+06   1.6540527e+01
   4.8843740e+06   1.6296387e+01
   4.8883360e+06   5.8776855e+01
   4.8883460e+06   2.5817871e+01
   4.8884130e+06   6.7749023e+01
   4.8884270e+06   1.4465332e+01
   4.8884520e+06   1.4343262e+01
   4.8886540e+06   1.4587402e+01
   4.8887160e+06   1.7700195e+01
   4.8890480e+06   1.6784668e+01
   4.8894870e+06   6.3537598e+01
   4.8900340e+06   6.5490723e+01
   4.8906680e+06   1.5014648e+01
   4.8907810e+06   1.4465332e+01
   4.8909320e+06   1.4587402e+01
   4.8910570e+06   3.9245605e+01
   4.8911570e+06   1.4648438e+01
   4.8913040e+06   1.7028809e+01
   4.8913340e+06   1.7456055e+01
   4.8913660e+06   1.4587402e+01
   4.8914670e+06   1.7028809e+01
   4.8914880e+06   6.5185547e+01
   4.8954840e+06   1.8798828e+01
   4.8963630e+06   1.4709473e+01
   4.8973460e+06   1.4343262e+01
   4.8974410e+06   6.4086914e+01
   4.8975720e+06   1.7211914e+01
   4.8976070e+06   1.4587402e+01
   4.8976300e+06   1.6174316e+01
   4.8976440e+06   6.3720703e+01
   4.8977520e+06   1.6845703e+01
   4.8979280e+06   1.8249512e+01
   4.8984340e+06   1.8127441e+01
   4.8984860e+06   1.6235352e+01
   4.8985380e+06   1.5563965e+01
   4.8985640e+06   6.9702148e+01
   4.8987230e+06   1.4648438e+01
   4.8987950e+06   1.4587402e+01
   4.8995120e+06   1.4526367e+01
   4.8998000e+06   6.2622070e+01
   4.8998510e+06   1.7028809e+01
   4.9002700e+06   7.0861816e+01
   4.9003080e+06   1.6113281e+01
   4.9008530e+06   1.5747070e+01
   4.9011680e+06   1.4831543e+01
   4.9014970e+06   1.5808105e+01
   4.9029520e+06   1.8005371e+01
   4.9035910e+06   1.6967773e+01
   4.9043300e+06   1.9531250e+01
   4.9044510e+06   6.4697266e+01
   4.9045110e+06   1.4953613e+01
   4.9045340e+06   1.6967773e+01
   4.9051640e+06   1.4343262e+01
   4.9056370e+06   1.6845703e+01
   4.9143270e+06   1.4587402e+01
   4.9158380e+06   1.8249512e+01
   4.9174470e+06   1.4648438e+01
   4.9191720e+06   1.4587402e+01
   4.9198110e+06   1.5258789e+01
   4.9202270e+06   6.7138672e+01
   4.9209190e+06   7.5134277e+01
   4.9211670e+06   1.7517090e+01
   4.9212630e+06   1.4831543e+01
   4.9214400e+06   1.5441895e+01
   4.9215370e+06   1.4465332e+01
   4.9224270e+06   6.5002441e+01
   4.9227030e+06   1.4404297e+01
   4.9232550e+06   1.7333984e+01
   4.9235650e+06   6.2744141e+01
   4.9236650e+06   1.8493652e+01
   4.9236860e+06   6.9213867e+01
   4.9243190e+06   7.0373535e+01
   4.9250160e+06   6.1706543e+01
   4.9250710e+06   1.6662598e+01
   4.9252220e+06   1.6906738e+01
   4.9262230e+06   1.4709473e+01
   4.9269760e+06   1.5563965e+01
   4.9272100e+06   1.5075684e+01
   4.9284350e+06   1.4343262e+01
   4.9305750e+06   1.4343262e+01
   4.9316560e+06   6.3354492e+01
   4.9318250e+06   1.7272949e+01
   4.9330640e+06   1.5014648e+01
   4.9331520e+06   6.4453125e+01
   4.9336950e+06   1.6540527e+01
   4.9338040e+06   6.2866211e+01
   4.9342880e+06   6.6467285e+01
   4.9343310e+06   1.5441895e+01
   4.9346720e+06   1.6784668e+01
   4.9350410e+06   1.6357422e+01
   4.9355140e+06   1.4648438e+01
   4.9355410e+06   2.3559570e+01
   4.9364790e+06   1.5441895e+01
   4.9370040e+06   1.5136719e+01
   4.9372380e+06   1.5075684e+01
   4.9373490e+06   7.2326660e+01
   4.9384020e+06   1.8249512e+01
   4.9391600e+06   1.5258789e+01
   4.9395920e+06   6.5429688e+01
   4.9408600e+06   1.5991211e+01
   4.9419720e+06   1.4282227e+01
   4.9421850e+06   1.4648438e+01
   4.9425680e+06   1.5441895e+01
   4.9425850e+06   2.0324707e+01
   4.9485790e+06   1.4709473e+01
   4.9506100e+06   1.4892578e+01
   4.9528470e+06   6.6223145e+01
   4.9533400e+06   6.1584473e+01
   4.9538250e+06   1.5136719e+01
   4.9556820e+06   6.3476562e+01
   4.9558980e+06   1.7272949e+01
   4.9560590e+06   1.5075684e+01
   4.9561820e+06   1.4648437e+01
   4.9567070e+06   6.0546875e+01
   4.9567760e+06   1.7639160e+01
   4.9575660e+06   6.2683105e+01
   4.9577700e+06   1.6967773e+01
   4.9578790e+06   1.6357422e+01
   4.9581310e+06   1.4282227e+01
   4.9583330e+06   1.5075684e+01
   4.9590180e+06   1.4282227e+01
   4.9590870e+06   6.5002441e+01
   4.9592170e+06   1.5014648e+01
   4.9599380e+06   1.6601562e+01
   4.9599790e+06   6.2194824e+01
   4.9603610e+06   1.4709473e+01
   4.9605450e+06   1.6418457e+01
   4.9606210e+06   7.2753906e+01
   4.9606600e+06   7.6904297e+01
   4.9607400e+06   7.4218750e+01
   4.9607510e+06   2.0080566e+01
   4.9607750e+06   1.7028809e+01
   4.9614960e+06   6.8237305e+01
   4.9618670e+06   1.4587402e+01
   4.9645610e+06   1.5747070e+01
   4.9647160e+06   1.6418457e+01
   4.9658520e+06   1.4587402e+01
   4.9662530e+06   1.6052246e+01
   4.9671790e+06   1.4526367e+01
   4.9672650e+06   6.5063477e+01
   4.9679760e+06   1.5075684e+01
   4.9684150e+06   1.7211914e+01
   4.9693350e+06   6.1157227e+01
   4.9702570e+06   7.3547363e+01
   4.9703120e+06   1.5625000e+01
   4.9715270e+06   1.6540527e+01
   4.9724940e+06   1.6113281e+01
   4.9728200e+06   1.5136719e+01
   4.9732890e+06   6.6223145e+01
   4.9733220e+06   1.5014648e+01
   4.9733470e+06   1.6906738e+01
   4.9734140e+06   1.9592285e+01
   4.9765170e+06   1.4526367e+01
   4.9776060e+06   1.5319824e+01
   4.9783340e+06   1.5747070e+01
   4.9792940e+06   1.5502930e+01
   4.9819040e+06   1.6235352e+01
   4.9819570e+06   1.6479492e+01
   4.9820080e+06   1.8676758e+01
   4.9820200e+06   6.9396973e+01
   4.9820420e+06   1.6174316e+01
   4.9821140e+06   1.7028809e+01
   4.9846800e+06   1.5014648e+01
   4.9855260e+06   1.4465332e+01
   4.9875590e+06   7.2387695e+01
   4.9876260e+06   1.5991211e+01
   4.9876700e+06   6.8603516e+01
   4.9882230e+06   6.7382812e+01
   4.9882780e+06   1.5136719e+01
   4.9886170e+06   7.1594238e+01
   4.9888710e+06   6.0974121e+01
   4.9889320e+06   1.4465332e+01
   4.9890610e+06   1.5502930e+01
   4.9895320e+06   6.6040039e+01
   4.9904850e+06   1.6784668e+01
   4.9908750e+06   1.5808105e+01
   4.9908970e+06   1.8737793e+01
   4.9909400e+06   6.8115234e+01
   4.9909820e+06   2.9418945e+01
   4.9925780e+06   1.5686035e+01
   4.9944840e+06   1.4709473e+01
   4.9956940e+06   1.4831543e+01
   4.9967260e+06   1.5136719e+01
   4.9971880e+06   6.0668945e+01
   4.9973140e+06   1.5197754e+01
   4.9980770e+06   1.5014648e+01
   4.9983340e+06   6.4025879e+01
   4.9983840e+06   1.8127441e+01
   4.9985850e+06   6.9458008e+01
   4.9986130e+06   1.6601562e+01
   4.9986540e+06   1.5686035e+01
   4.9990690e+06   1.4953613e+01
   4.9991280e+06   1.4343262e+01
   4.9991460e+06   1.4526367e+01
   4.9994470e+06   6.7260742e+01
   4.9994660e+06   2.0996094e+01
   4.9995180e+06   1.7150879e+01
   4.9995870e+06   6.6894531e+01
   4.9997340e+06   1.5014648e+01
   5.0010790e+06   1.6296387e+01
   5.0033510e+06   1.4465332e+01
   5.0046120e+06   1.4404297e+01
   5.0048510e+06   1.6174316e+01
   5.0051830e+06   1.7333984e+01
   5.0052920e+06   2.5634766e+01
   5.0060300e+06   6.0852051e+01
   5.0060840e+06   2.0935059e+01
   5.0062130e+06   6.6650391e+01
   5.0064840e+06   1.7211914e+01
   5.0076920e+06   6.8298340e+01
   5.0077670e+06   1.9531250e+01
   5.0078740e+06   1.4892578e+01
   5.0079110e+06   2.2094727e+01
   5.0079520e+06   6.3842773e+01
   5.0079790e+06   1.8920898e+01
   5.0079920e+06   2.1240234e+01
   5.0080210e+06   1.8005371e+01
   5.0112840e+06   1.4526367e+01
   5.0138180e+06   1.5014648e+01
   5.0147560e+06   1.4709473e+01
   5.0154650e+06   1.4648437e+01
   5.0173170e+06   6.4880371e+01
   5.0173460e+06   1.5380859e+01
   5.0173860e+06   1.6052246e+01
   5.0212330e+06   1.4831543e+01
   5.0225040e+06   6.6955566e+01
   5.0251180e+06   1.5258789e+01
   5.0263090e+06   1.5197754e+01
   5.0264030e+06   1.4343262e+01
   5.0264320e+06   6.9946289e+01
   5.0270910e+06   7.3120117e+01
   5.0284010e+06   1.4831543e+01
   5.0287740e+06   1.5502930e+01
   5.0288800e+06   7.1777344e+01
   5.0291350e+06   1.8249512e+01
   5.0291510e+06   1.7578125e+01
   5.0292740e+06   1.7822266e+01
   5.0294750e+06   6.6223145e+01
   5.0295740e+06   1.6174316e+01
   5.0295980e+06   1.4770508e+01
   5.0296250e+06   6.9824219e+01
   5.0299190e+06   1.8188477e+01
   5.0326080e+06   1.6235352e+01
   5.0336260e+06   1.5380859e+01
   5.0345360e+06   1.4465332e+01
   5.0356660e+06   1.5319824e+01
   5.0362460e+06   1.6906738e+01
   5.0366580e+06   1.5075684e+01
   5.0371210e+06   1.4648437e+01
   5.0372030e+06   1.7883301e+01
   5.0374470e+06   6.2805176e+01
   5.0375890e+06   1.6418457e+01
   5.0376590e+06   1.7883301e+01
   5.0386470e+06   1.4648437e+01
   5.0388620e+06   1.5808105e+01
   5.0389400e+06   1.4526367e+01
   5.0393370e+06   1.5380859e+01
   5.0393670e+06   2.3254395e+01
   5.0393950e+06   1.6784668e+01
   5.0394260e+06   1.7150879e+01
   5.0394680e+06   6.0546875e+01
   5.0463820e+06   1.4465332e+01
   5.0472110e+06   1.4648438e+01
   5.0473790e+06   1.4770508e+01
   5.0482990e+06   6.7810059e+01
   5.0498570e+06   1.6723633e+01
   5.0508040e+06   1.5441895e+01
   5.0513920e+06   1.6052246e+01
   5.0518960e+06   1.5930176e+01
   5.0523640e+06   1.6601562e+01
   5.0523770e+06   1.4892578e+01
   5.0571130e+06   1.7700195e+01
   5.0573060e+06   1.6601562e+01
   5.0573840e+06   6.2744141e+01
   5.0581210e+06   1.5686035e+01
   5.0591240e+06   6.5185547e+01
   5.0594160e+06   1.4831543e+01
   5.0594610e+06   1.6296387e+01
   5.0595100e+06   6.6284180e+01
   5.0595330e+06   1.6174316e+01
   5.0599190e+06   1.4587402e+01
   5.0603790e+06   1.5075684e+01
   5.0604880e+06   6.5979004e+01
   5.0606460e+06   6.4208984e+01
   5.0611300e+06   1.5136719e+01
   5.0618360e+06   7.4035645e+01
   5.0628200e+06   1.4587402e+01
   5.0629460e+06   6.6894531e+01
   5.0630160e+06   1.8371582e+01
   5.0630460e+06   6.2011719e+01
   5.0630560e+06   1.5319824e+01
   5.0630920e+06   2.0202637e+01
   5.0631180e+06   6.7565918e+01
   5.0631410e+06   1.5686035e+01
   5.0631700e+06   7.2814941e+01
   5.0674370e+06   1.6357422e+01
   5.0683610e+06   1.4587402e+01
   5.0692130e+06   1.5747070e+01
   5.0692580e+06   1.7517090e+01
   5.0692680e+06   7.0617676e+01
   5.0693920e+06   1.7150879e+01
   5.0720790e+06   1.4831543e+01
   5.0722410e+06   1.6174316e+01
   5.0757780e+06   1.5747070e+01
   5.0764280e+06   1.6845703e+01
   5.0764790e+06   1.4343262e+01
   5.0765230e+06   1.4526367e+01
   5.0766080e+06   6.3110352e+01
   5.0776690e+06   6.5368652e+01
   5.0778640e+06   1.4770508e+01
   5.0779100e+06   4.5288086e+01
   5.0779450e+06   1.6845703e+01
   5.0782480e+06   1.4831543e+01
   5.0782820e+06   7.1899414e+01
   5.0814400e+06   1.6662598e+01
   5.0815890e+06   6.2316895e+01
   5.0824010e+06   1.5380859e+01
   5.0826470e+06   6.2316895e+01
   5.0828580e+06   1.6845703e+01
   5.0828840e+06   6.6894531e+01
   5.0829710e+06   1.7333984e+01
   5.0834460e+06   6.5917969e+01
   5.0837790e+06   1.5991211e+01
   5.0838290e+06   6.5063477e+01
   5.0840730e+06   1.4404297e+01
   5.0841690e+06   1.5319824e+01
   5.0843130e+06   1.5136719e+01
   5.0849160e+06   6.2072754e+01
   5.0851900e+06   1.5319824e+01
   5.0855540e+06   7.2631836e+01
   5.0856070e+06   7.2143555e+01
   5.0858790e+06   1.5014648e+01
   5.0859670e+06   5.9875488e+01
   5.0867590e+06   1.7395020e+01
   5.0876860e+06   1.5136719e+01
   5.0882070e+06   1.4526367e+01
   5.0892070e+06   1.6418457e+01
   5.0896770e+06   6.4636230e+01
   5.0899030e+06   1.4587402e+01
   5.0901120e+06   6.1584473e+01
   5.0901670e+06   1.5014648e+01
   5.0911820e+06   6.0668945e+01
   5.0930500e+06   1.4343262e+01
   5.0951190e+06   1.4343262e+01
   5.0957970e+06   6.3659668e+01
   5.0962600e+06   1.6601562e+01
   5.0964890e+06   1.5808105e+01
   5.0968110e+06   1.5197754e+01
   5.0968420e+06   1.4587402e+01
   5.0968840e+06   6.2988281e+01
   5.0974420e+06   6.0729980e+01
   5.0975010e+06   1.7272949e+01
   5.0981860e+06   1.5075684e+01
   5.0986310e+06   6.8786621e+01
   5.0989620e+06   1.7028809e+01
   5.0990580e+06   1.4831543e+01
   5.0991850e+06   1.4648438e+01
   5.0993390e+06   1.7150879e+01
   5.0993810e+06   6.4086914e+01
   5.0996780e+06   1.4404297e+01
   5.0999280e+06   1.9592285e+01
   5.1001610e+06   1.4526367e+01
   5.1003740e+06   1.5686035e+01
   5.1010090e+06   1.5991211e+01
   5.1028990e+06   1.5869141e+01
   5.1032470e+06   1.6113281e+01
   5.1036050e+06   1.4404297e+01
   5.1049760e+06   6.1462402e+01
   5.1052390e+06   6.5185547e+01
   5.1054940e+06   1.4831543e+01
   5.1056140e+06   6.8542480e+01
   5.1060220e+06   1.6052246e+01
   5.1063080e+06   1.4709473e+01
   5.1065560e+06   1.5930176e+01
   5.1065940e+06   1.5197754e+01
   5.1066410e+06   1.7211914e+01
   5.1084560e+06   1.8554688e+01
   5.1096860e+06   1.5502930e+01
   5.1123590e+06   1.5319824e+01
   5.1125280e+06   6.4147949e+01
   5.1126870e+06   1.8554688e+01
   5.1127090e+06   1.6845703e+01
   5.1127350e+06   1.4343262e+01
   5.1127610e+06   2.0263672e+01
   5.1127710e+06   7.7270508e+01
   5.1128050e+06   6.6772461e+01
   5.1128170e+06   3.0334473e+01
   5.1128620e+06   1.4770508e+01
   5.1157620e+06   1.6601562e+01
   5.1160930e+06   1.4892578e+01
   5.1171890e+06   1.4770508e+01
   5.1182620e+06   1.6723633e+01
   5.1193170e+06   1.7089844e+01
   5.1202040e+06   1.6784668e+01
   5.1202870e+06   1.5441895e+01
   5.1203440e+06   6.0791016e+01
   5.1208710e+06   1.7211914e+01
   5.1209460e+06   6.4392090e+01
   5.1210650e+06   6.0546875e+01
   5.1211720e+06   1.4953613e+01
   5.1213030e+06   1.6601562e+01
   5.1213550e+06   6.1706543e+01
   5.1216150e+06   6.2988281e+01
   5.1216810e+06   1.5014648e+01
   5.1218820e+06   6.3537598e+01
   5.1221630e+06   6.6467285e+01
   5.1223860e+06   1.4709473e+01
   5.1224330e+06   6.6955566e+01
   5.1227300e+06   6.3842773e+01
   5.1228710e+06   1.6357422e+01
   5.1231520e+06   1.5563965e+01
   5.1231980e+06   6.5673828e+01
   5.1233050e+06   1.6418457e+01
   5.1233310e+06   6.4453125e+01
   5.1237920e+06   1.9531250e+01
   5.1238450e+06   6.2194824e+01
   5.1239870e+06   6.6772461e+01
   5.1240810e+06   1.5319824e+01
   5.1241400e+06   1.4587402e+01
   5.1241680e+06   7.1044922e+01
   5.1244740e+06   6.2500000e+01
   5.1259440e+06   6.9702148e+01
   5.1269430e+06   7.2265625e+01
   5.1276740e+06   1.5502930e+01
   5.1277460e+06   1.8310547e+01
   5.1277850e+06   6.8603516e+01
   5.1281970e+06   1.4343262e+01
   5.1283850e+06   1.4282227e+01
   5.1285040e+06   1.4770508e+01
   5.1288050e+06   1.5075684e+01
   5.1288990e+06   1.5319824e+01
   5.1291800e+06   1.5563965e+01
   5.1292710e+06   6.2744141e+01
   5.1296890e+06   1.4587402e+01
   5.1297460e+06   6.7016602e+01
   5.1303130e+06   1.5625000e+01
   5.1313780e+06   1.4343262e+01
   5.1321870e+06   1.4770508e+01
   5.1330100e+06   1.9714355e+01
   5.1335280e+06   1.4709473e+01
   5.1336490e+06   1.4831543e+01
   5.1342250e+06   7.0251465e+01
   5.1345770e+06   1.5136719e+01
   5.1351730e+06   1.5502930e+01
   5.1353930e+06   1.9042969e+01
   5.1357530e+06   6.3293457e+01
   5.1357760e+06   1.5380859e+01
   5.1357980e+06   1.6601562e+01
   5.1362490e+06   1.5808105e+01
   5.1364640e+06   6.2805176e+01
   5.1366880e+06   1.5380859e+01
   5.1367020e+06   7.4707031e+01
   5.1369280e+06   6.6894531e+01
   5.1369860e+06   1.4282227e+01
   5.1372160e+06   6.4392090e+01
   5.1373830e+06   1.5197754e+01
   5.1375780e+06   1.6357422e+01
   5.1378400e+06   6.5979004e+01
   5.1378980e+06   6.8481445e+01
   5.1379080e+06   1.4587402e+01
   5.1379340e+06   6.9274902e+01
   5.1379640e+06   1.5808105e+01
   5.1400440e+06   1.4831543e+01
   5.1405170e+06   1.5014648e+01
   5.1422360e+06   1.5869141e+01
   5.1423730e+06   1.5075684e+01
   5.1444180e+06   1.4343262e+01
   5.1447720e+06   1.9042969e+01
   5.1448010e+06   2.6916504e+01
   5.1448220e+06   5.7800293e+01
   5.1448420e+06   7.2326660e+01
   5.1448620e+06   7.3913574e+01
   5.1448870e+06   6.3598633e+01
   5.1449150e+06   7.7880859e+01
   5.1496100e+06   1.5319824e+01
   5.1512850e+06   1.4526367e+01
   5.1522930e+06   1.6479492e+01
   5.1529380e+06   1.5014648e+01
   5.1537160e+06   1.6052246e+01
   5.1549370e+06   1.9287109e+01
   5.1560900e+06   1.8005371e+01
   5.1565300e+06   6.3964844e+01
   5.1569930e+06   7.0434570e+01
   5.1571240e+06   1.9104004e+01
   5.1577970e+06   1.5258789e+01
   5.1578830e+06   1.4648438e+01
   5.1582500e+06   6.4270020e+01
   5.1583560e+06   1.4831543e+01
   5.1590230e+06   1.6296387e+01
   5.1595120e+06   1.5991211e+01
   5.1595790e+06   6.6955566e+01
   5.1599080e+06   1.7089844e+01
   5.1599480e+06   7.8063965e+01
   5.1601140e+06   1.4526367e+01
   5.1602730e+06   6.2255859e+01
   5.1612260e+06   1.5075684e+01
   5.1613360e+06   6.4941406e+01
   5.1614590e+06   1.9592285e+01
   5.1614960e+06   1.8432617e+01
   5.1615350e+06   6.8481445e+01
   5.1617250e+06   1.4465332e+01
   5.1618070e+06   6.3964844e+01
   5.1619190e+06   1.4770508e+01
   5.1621380e+06   1.5625000e+01
   5.1621800e+06   6.9335937e+01
   5.1622110e+06   2.2094727e+01
   5.1622260e+06   7.8613281e+01
   5.1622710e+06   6.3964844e+01
   5.1659990e+06   1.4709473e+01
   5.1670230e+06   1.4892578e+01
   5.1672450e+06   1.4587402e+01
   5.1672810e+06   2.3437500e+01
   5.1673140e+06   7.6721191e+01
   5.1673260e+06   1.4404297e+01
   5.1673470e+06   1.6723633e+01
   5.1673610e+06   6.7565918e+01
   5.1673730e+06   2.2338867e+01
   5.1674090e+06   6.4025879e+01
   5.1720640e+06   1.5686035e+01
   5.1723470e+06   1.5075684e+01
   5.1735360e+06   1.4648438e+01
   5.1735600e+06   1.4770508e+01
   5.1736160e+06   1.5258789e+01
   5.1747250e+06   1.6418457e+01
   5.1763350e+06   1.6906738e+01
   5.1764710e+06   1.5747070e+01
   5.1767030e+06   1.4465332e+01
   5.1767760e+06   6.5063477e+01
   5.1769060e+06   1.4282227e+01
   5.1771720e+06   1.4526367e+01
   5.1771910e+06   7.0678711e+01
   5.1785550e+06   6.2316895e+01
   5.1795840e+06   1.6784668e+01
   5.1796340e+06   6.3842773e+01
   5.1805080e+06   1.4831543e+01
   5.1820370e+06   1.9836426e+01
   5.1823660e+06   7.0068359e+01
   5.1824420e+06   1.7028809e+01
   5.1825270e+06   1.5686035e+01
   5.1826130e+06   1.5930176e+01
   5.1831460e+06   6.6101074e+01
   5.1839560e+06   6.3415527e+01
   5.1846800e+06   1.4892578e+01
   5.1892230e+06   1.5502930e+01
   5.1895730e+06   1.7028809e+01
   5.1898650e+06   1.4465332e+01
   5.1898770e+06   1.7761230e+01
   5.1899010e+06   1.6296387e+01
   5.1900650e+06   1.4709473e+01
   5.1901310e+06   6.6833496e+01
   5.1907410e+06   1.8981934e+01
   5.1910810e+06   6.4270020e+01
   5.1924360e+06   1.4709473e+01
   5.1925200e+06   6.2866211e+01
   5.1934490e+06   1.4770508e+01
   5.1945250e+06   1.4465332e+01
   5.1956030e+06   1.4282227e+01
   5.1958160e+06   1.5563965e+01
   5.1958490e+06   6.0241699e+01
   5.1960870e+06   1.7272949e+01
   5.1960990e+06   2.0141602e+01
   5.1961430e+06   6.2744141e+01
   5.1961540e+06   1.8249512e+01
   5.1961980e+06   6.5551758e+01
   5.1962330e+06   1.5563965e+01
   5.2014060e+06   1.4770508e+01
   5.2026460e+06   1.6052246e+01
   5.2038070e+06   6.3232422e+01
   5.2052380e+06   1.5136719e+01
   5.2052800e+06   6.6528320e+01
   5.2053460e+06   1.6296387e+01
   5.2053900e+06   6.2072754e+01
   5.2058920e+06   6.4636230e+01
   5.2059650e+06   1.4343262e+01
   5.2063550e+06   1.8493652e+01
   5.2065450e+06   2.0629883e+01
   5.2096200e+06   1.7028809e+01
   5.2105610e+06   1.4526367e+01
   5.2112170e+06   1.4953613e+01
   5.2124600e+06   6.8359375e+01
   5.2125300e+06   1.4526367e+01
   5.2130120e+06   1.6052246e+01
   5.2132430e+06   1.6479492e+01
   5.2132610e+06   7.4401855e+01
   5.2133370e+06   1.5136719e+01
   5.2134780e+06   1.7517090e+01
   5.2136160e+06   1.4770508e+01
   5.2137690e+06   1.5075684e+01
   5.2138750e+06   1.5808105e+01
   5.2139960e+06   6.0119629e+01
   5.2143420e+06   1.5502930e+01
   5.2144100e+06   1.7944336e+01
   5.2145700e+06   1.5258789e+01
   5.2146630e+06   7.1289062e+01
   5.2148000e+06   6.3171387e+01
   5.2148900e+06   1.7272949e+01
   5.2152160e+06   6.6223145e+01
   5.2152490e+06   7.4157715e+01
   5.2152640e+06   1.6357422e+01
   5.2156510e+06   6.3659668e+01
   5.2161850e+06   1.4465332e+01
   5.2162760e+06   1.5197754e+01
   5.2163970e+06   1.5502930e+01
   5.2168230e+06   1.5930176e+01
   5.2168620e+06   1.5502930e+01
   5.2169020e+06   1.5686035e+01
   5.2169550e+06   1.5502930e+01
   5.2170040e+06   1.5441895e+01
   5.2170730e+06   1.4587402e+01
   5.2172640e+06   1.6662598e+01
   5.2179810e+06   1.4343262e+01
   5.2183810e+06   6.0852051e+01
   5.2184660e+06   1.5014648e+01
   5.2184780e+06   1.9165039e+01
   5.2185410e+06   6.5307617e+01
   5.2187680e+06   1.5625000e+01
   5.2191650e+06   1.4831543e+01
   5.2192160e+06   1.5747070e+01
   5.2193070e+06   1.8188477e+01
   5.2193250e+06   1.7517090e+01
   5.2193520e+06   6.6223145e+01
   5.2193720e+06   2.4047852e+01
   5.2194120e+06   7.2387695e+01
   5.2221180e+06   1.4404297e+01
   5.2225400e+06   1.9226074e+01
   5.2233170e+06   1.6052246e+01
   5.2234130e+06   6.0668945e+01
   5.2236090e+06   1.5380859e+01
   5.2238840e+06   1.5502930e+01
   5.2278680e+06   1.6418457e+01
   5.2281370e+06   6.6894531e+01
   5.2286010e+06   6.8908691e+01
   5.2288950e+06   1.5686035e+01
   5.2291490e+06   1.7944336e+01
   5.2294450e+06   6.2438965e+01
   5.2295190e+06   6.4636230e+01
   5.2297100e+06   1.4892578e+01
   5.2324030e+06   1.4343262e+01
   5.2326260e+06   1.4648438e+01
   5.2339640e+06   1.5808105e+01
   5.2344760e+06   1.4953613e+01
   5.2346430e+06   6.0546875e+01
   5.2348750e+06   1.6296387e+01
   5.2351770e+06   7.5134277e+01
   5.2378980e+06   2.1423340e+01
   5.2379800e+06   1.8432617e+01
   5.2379930e+06   1.6784668e+01
   5.2380220e+06   1.4465332e+01
   5.2385690e+06   1.5319824e+01
   5.2386070e+06   1.6418457e+01
   5.2388970e+06   1.6296387e+01
   5.2399980e+06   1.5869141e+01
   5.2402790e+06   1.7150879e+01
   5.2414970e+06   1.4465332e+01
   5.2416010e+06   1.7761230e+01
   5.2489780e+06   1.4648438e+01
   5.2495120e+06   1.7211914e+01
   5.2496820e+06   1.5319824e+01
   5.2503920e+06   6.6528320e+01
   5.2511130e+06   1.4526367e+01
   5.2521190e+06   1.5869141e+01
   5.2521400e+06   1.8371582e+01
   5.2521870e+06   7.1594238e+01
   5.2523430e+06   7.3425293e+01
   5.2524040e+06   6.6528320e+01
   5.2532170e+06   1.4648438e+01
   5.2541070e+06   1.4526367e+01
   5.2544520e+06   6.6894531e+01
   5.2549560e+06   6.4086914e+01
   5.2553550e+06   6.8908691e+01
   5.2556910e+06   1.8371582e+01
   5.2557790e+06   1.5136719e+01
   5.2558290e+06   1.7150879e+01
   5.2561080e+06   1.4465332e+01
   5.2561950e+06   1.5686035e+01
   5.2562620e+06   5.9692383e+01
   5.2564990e+06   6.2927246e+01
   5.2578360e+06   1.5686035e+01
   5.2579300e+06   6.5185547e+01
   5.2582280e+06   1.4587402e+01
   5.2583700e+06   1.5563965e+01
   5.2583930e+06   1.8920898e+01
   5.2584240e+06   6.2744141e+01
   5.2584410e+06   1.6479492e+01
   5.2595150e+06   1.4953613e+01
   5.2607260e+06   1.5625000e+01
   5.2608430e+06   1.5869141e+01
   5.2615700e+06   1.6235352e+01
   5.2617680e+06   6.1584473e+01
   5.2627980e+06   1.5258789e+01
   5.2633410e+06   1.5808105e+01
   5.2633830e+06   6.2988281e+01
   5.2635140e+06   6.4514160e+01
   5.2636160e+06   6.3171387e+01
   5.2636680e+06   1.7395020e+01
   5.2641550e+06   1.5930176e+01
   5.2647640e+06   1.7333984e+01
   5.2649060e+06   1.6906738e+01
   5.2653340e+06   1.4709473e+01
   5.2654640e+06   1.9836426e+01
   5.2655050e+06   1.6601562e+01
   5.2655280e+06   6.4575195e+01
   5.2672830e+06   1.5991211e+01
   5.2687580e+06   1.5563965e+01
   5.2689600e+06   1.5014648e+01
   5.2699870e+06   1.5380859e+01
   5.2705080e+06   1.5869141e+01
   5.2718780e+06   1.5014648e+01
   5.2719120e+06   2.0996094e+01
   5.2719350e+06   6.7932129e+01
   5.2740450e+06   1.4831543e+01
   5.2754780e+06   1.6235352e+01
   5.2755910e+06   1.4343262e+01
   5.2764480e+06   1.4404297e+01
   5.2782160e+06   1.5258789e+01
   5.2788540e+06   1.4465332e+01
   5.2800700e+06   1.7333984e+01
   5.2807630e+06   1.4831543e+01
   5.2810630e+06   7.1472168e+01
   5.2816010e+06   1.5563965e+01
   5.2819750e+06   1.7272949e+01
   5.2824560e+06   6.6101074e+01
   5.2838730e+06   1.5502930e+01
   5.2839020e+06   6.5429688e+01
   5.2840380e+06   1.5075684e+01
   5.2841620e+06   1.5808105e+01
   5.2843370e+06   1.5747070e+01
   5.2844700e+06   6.0852051e+01
   5.2849910e+06   1.4526367e+01
   5.2850170e+06   1.6479492e+01
   5.2850570e+06   6.8176270e+01
   5.2850870e+06   1.9042969e+01
   5.2861530e+06   6.5490723e+01
   5.2861790e+06   1.5197754e+01
   5.2863430e+06   3.2653809e+01
   5.2863880e+06   6.6101074e+01
   5.2864210e+06   1.5014648e+01
   5.2868270e+06   1.5319824e+01
   5.2870540e+06   1.5014648e+01
   5.2872390e+06   1.5502930e+01
   5.2872500e+06   7.0678711e+01
   5.2874680e+06   1.4892578e+01
   5.2884250e+06   1.5075684e+01
   5.2889860e+06   1.5930176e+01
   5.2894960e+06   1.5441895e+01
   5.2896910e+06   6.9763184e+01
   5.2897020e+06   1.4953613e+01
   5.2897320e+06   7.2143555e+01
   5.2897680e+06   1.5930176e+01
   5.2913230e+06   1.4709473e+01
   5.2915880e+06   6.9519043e+01
   5.2916710e+06   1.9653320e+01
   5.2916880e+06   7.5195312e+01
   5.2917220e+06   6.6406250e+01
   5.2956630e+06   1.6723633e+01
   5.2962150e+06   6.4819336e+01
   5.2963560e+06   1.4648438e+01
   5.2981150e+06   1.4587402e+01
   5.2988410e+06   1.4526367e+01
   5.2995630e+06   1.4648438e+01
   5.3003800e+06   7.4035645e+01
   5.3006540e+06   1.4831543e+01
   5.3012550e+06   1.5686035e+01
   5.3016450e+06   1.5136719e+01
   5.3017530e+06   1.7028809e+01
   5.3017640e+06   6.9152832e+01
   5.3022260e+06   1.4282227e+01
   5.3024470e+06   1.4709473e+01
   5.3027750e+06   6.3842773e+01
   5.3028340e+06   1.5136719e+01
   5.3035380e+06   1.4709473e+01
   5.3057800e+06   1.6601562e+01
   5.3059490e+06   1.5014648e+01
   5.3060000e+06   6.5002441e+01
   5.3061880e+06   1.5014648e+01
   5.3063210e+06   6.4697266e+01
   5.3065120e+06   1.6906738e+01
   5.3066370e+06   1.5136719e+01
   5.3068110e+06   1.6052246e+01
   5.3072460e+06   1.7456055e+01
   5.3073890e+06   1.6784668e+01
   5.3074540e+06   6.4819336e+01
   5.3082040e+06   1.5258789e+01
   5.3089270e+06   1.4892578e+01
   5.3090070e+06   1.5319824e+01
   5.3091340e+06   1.4892578e+01
   5.3091850e+06   6.2072754e+01
   5.3112040e+06   1.5075684e+01
   5.3113080e+06   2.0812988e+01
   5.3113320e+06   6.4514160e+01
   5.3116160e+06   1.5625000e+01
   5.3116810e+06   6.3537598e+01
   5.3119110e+06   1.5625000e+01
   5.3130800e+06   1.8127441e+01
   5.3138790e+06   1.4709473e+01
   5.3149910e+06   6.1035156e+01
   5.3151110e+06   1.6906738e+01
   5.3153040e+06   1.6235352e+01
   5.3153140e+06   7.3974609e+01
   5.3153270e+06   1.7028809e+01
   5.3153620e+06   1.6113281e+01
   5.3153780e+06   1.7211914e+01
   5.3154250e+06   1.6296387e+01
   5.3177180e+06   1.4709473e+01
   5.3197290e+06   1.4526367e+01
   5.3208230e+06   1.4831543e+01
   5.3217620e+06   7.2387695e+01
   5.3221310e+06   1.8310547e+01
   5.3222600e+06   1.4648438e+01
   5.3222990e+06   6.7321777e+01
   5.3228140e+06   1.5197754e+01
   5.3228490e+06   2.1423340e+01
   5.3236540e+06   1.6174316e+01
   5.3239250e+06   7.6477051e+01
   5.3239710e+06   1.6174316e+01
   5.3240320e+06   1.5930176e+01
   5.3260410e+06   1.4404297e+01
   5.3274340e+06   6.4331055e+01
   5.3275910e+06   1.4770508e+01
   5.3278570e+06   1.4953613e+01
   5.3279260e+06   7.5378418e+01
   5.3279510e+06   2.0385742e+01
   5.3280120e+06   6.9213867e+01
   5.3281260e+06   1.5319824e+01
   5.3296630e+06   1.4343262e+01
   5.3302050e+06   1.6601562e+01
   5.3309350e+06   1.8066406e+01
   5.3311460e+06   6.6894531e+01
   5.3312660e+06   1.4648438e+01
   5.3314080e+06   1.5686035e+01
   5.3314240e+06   2.2399902e+01
   5.3314610e+06   6.2194824e+01
   5.3314910e+06   1.4648438e+01
   5.3322080e+06   1.4404297e+01
   5.3323890e+06   1.4770508e+01
   5.3372380e+06   1.4648438e+01
   5.3382070e+06   1.5563965e+01
   5.3391920e+06   7.2998047e+01
   5.3392790e+06   1.4709473e+01
   5.3394530e+06   1.5686035e+01
   5.3395300e+06   1.6723633e+01
   5.3396700e+06   1.5441895e+01
   5.3399510e+06   5.9814453e+01
   5.3404750e+06   1.9409180e+01
   5.3405230e+06   6.8054199e+01
   5.3420740e+06   1.6296387e+01
   5.3445120e+06   7.9406738e+01
   5.3452400e+06   1.5502930e+01
   5.3457710e+06   1.4953613e+01
   5.3458280e+06   6.7565918e+01
   5.3472650e+06   6.6772461e+01
   5.3474140e+06   1.5136719e+01
   5.3476490e+06   1.6845703e+01
   5.3477750e+06   6.4514160e+01
   5.3481040e+06   6.6650391e+01
   5.3481200e+06   1.4892578e+01
   5.3487180e+06   6.1645508e+01
   5.3487970e+06   1.7883301e+01
   5.3510300e+06   6.4880371e+01
   5.3519030e+06   1.6418457e+01
   5.3521500e+06   6.2561035e+01
   5.3521780e+06   1.6479492e+01
   5.3526710e+06   1.4892578e+01
   5.3528550e+06   6.2500000e+01
   5.3535140e+06   1.6723633e+01
   5.3536820e+06   1.5441895e+01
   5.3537080e+06   6.3049316e+01
   5.3538450e+06   1.4831543e+01
   5.3539100e+06   1.8310547e+01
   5.3539710e+06   7.3303223e+01
   5.3541020e+06   1.5808105e+01
   5.3544540e+06   6.6162109e+01
   5.3545230e+06   6.5979004e+01
   5.3564910e+06   1.5930176e+01
   5.3578010e+06   1.4526367e+01
   5.3579030e+06   6.5551758e+01
   5.3580060e+06   1.7761230e+01
   5.3584950e+06   1.5930176e+01
   5.3585060e+06   1.6540527e+01
   5.3585180e+06   2.8564453e+01
   5.3585420e+06   5.9631348e+01
   5.3585540e+06   1.8859863e+01
   5.3615320e+06   1.5075684e+01
   5.3627050e+06   1.5563965e+01
   5.3631500e+06   1.6235352e+01
   5.3643100e+06   1.6174316e+01
   5.3657060e+06   1.4282227e+01
   5.3662440e+06   6.0668945e+01
   5.3662630e+06   2.1667480e+01
   5.3662870e+06   1.5319824e+01
   5.3663340e+06   6.7565918e+01
   5.3663470e+06   1.7150879e+01
   5.3663830e+06   1.4282227e+01
   5.3711620e+06   1.5747070e+01
   5.3718940e+06   6.0180664e+01
   5.3738130e+06   1.4465332e+01
   5.3742440e+06   6.7871094e+01
   5.3757670e+06   6.5551758e+01
   5.3760580e+06   1.6113281e+01
   5.3761640e+06   1.8127441e+01
   5.3768350e+06   1.6113281e+01
   5.3771060e+06   1.6845703e+01
   5.3771530e+06   1.6235352e+01
   5.3772250e+06   1.4282227e+01
   5.3774200e+06   1.5136719e+01
   5.3774830e+06   1.5258789e+01
   5.3774990e+06   6.7382812e+01
   5.3775780e+06   1.5075684e+01
   5.3778080e+06   1.7272949e+01
   5.3778270e+06   8.1726074e+01
   5.3778570e+06   7.5866699e+01
   5.3778700e+06   1.9226074e+01
   5.3798270e+06   1.5747070e+01
   5.3815720e+06   1.6052246e+01
   5.3819940e+06   6.1767578e+01
   5.3825790e+06   1.4282227e+01
   5.3826100e+06   1.4770508e+01
   5.3826790e+06   1.9897461e+01
   5.3826900e+06   1.8188477e+01
   5.3827550e+06   7.1228027e+01
   5.3832480e+06   1.6418457e+01
   5.3836360e+06   1.4343262e+01
   5.3842700e+06   1.4831543e+01
   5.3843680e+06   1.6174316e+01
   5.3848280e+06   7.7087402e+01
   5.3860050e+06   6.2988281e+01
   5.3864900e+06   6.0852051e+01
   5.3872000e+06   6.5979004e+01
   5.3872810e+06   1.4404297e+01
   5.3879850e+06   1.4648438e+01
   5.3886170e+06   1.6784668e+01
   5.3890520e+06   6.1584473e+01
   5.3894730e+06   2.0202637e+01
   5.3894940e+06   2.0141602e+01
   5.3895240e+06   7.2143555e+01
   5.3895340e+06   1.4648438e+01
   5.3895860e+06   6.9030762e+01
   5.3945760e+06   6.4697266e+01
   5.3946180e+06   1.5197754e+01
   5.3946810e+06   1.7272949e+01
   5.3947040e+06   6.4331055e+01
   5.3947170e+06   3.1616211e+01
   5.3982150e+06   1.4526367e+01
   5.3999280e+06   1.5869141e+01
   5.4000160e+06   6.6223145e+01
   5.4016240e+06   6.3110352e+01
   5.4017660e+06   6.5734863e+01
   5.4019230e+06   1.5563965e+01
   5.4023360e+06   6.0852051e+01
   5.4023940e+06   1.5686035e+01
   5.4026140e+06   6.5612793e+01
   5.4028520e+06   1.5380859e+01
   5.4030910e+06   6.2316895e+01
   5.4032130e+06   1.6845703e+01
   5.4037810e+06   1.7211914e+01
   5.4037910e+06   1.5930176e+01
   5.4038160e+06   1.5197754e+01
   5.4038640e+06   1.4831543e+01
   5.4038810e+06   1.4831543e+01
   5.4039730e+06   6.3720703e+01
   5.4055380e+06   1.7456055e+01
   5.4055650e+06   1.7333984e+01
   5.4060490e+06   1.4831543e+01
   5.4060770e+06   1.4465332e+01
   5.4061700e+06   1.5075684e+01
   5.4062390e+06   2.8198242e+01
   5.4063900e+06   1.4709473e+01
   5.4064650e+06   1.4770508e+01
   5.4123770e+06   1.8432617e+01
   5.4124260e+06   1.4953613e+01
   5.4125890e+06   1.6845703e+01
   5.4126440e+06   7.3364258e+01
   5.4127880e+06   1.5563965e+01
   5.4128440e+06   1.7028809e+01
   5.4134750e+06   6.6284180e+01
   5.4135330e+06   6.9580078e+01
   5.4144250e+06   6.1767578e+01
   5.4164640e+06   1.6601562e+01
   5.4176510e+06   1.4709473e+01
   5.4190620e+06   6.8969727e+01
   5.4195990e+06   1.5380859e+01
   5.4196890e+06   1.6235352e+01
   5.4204790e+06   6.1767578e+01
   5.4210460e+06   1.4465332e+01
   5.4210770e+06   1.5502930e+01
   5.4213720e+06   1.4404297e+01
   5.4214110e+06   6.7382812e+01
   5.4247380e+06   1.7395020e+01
   5.4248150e+06   6.8786621e+01
   5.4251070e+06   1.5380859e+01
   5.4252880e+06   6.8542480e+01
   5.4271560e+06   1.4282227e+01
   5.4287670e+06   1.4709473e+01
   5.4291460e+06   1.4526367e+01
   5.4291670e+06   7.0922852e+01
   5.4292500e+06   1.4648438e+01
   5.4294310e+06   1.5625000e+01
   5.4295790e+06   1.5136719e+01
   5.4298540e+06   7.2387695e+01
   5.4314590e+06   1.5991211e+01
   5.4315950e+06   1.7333984e+01
   5.4322480e+06   1.6662598e+01
   5.4327540e+06   1.5502930e+01
   5.4328770e+06   1.8493652e+01
   5.4332170e+06   1.5930176e+01
   5.4332290e+06   1.5319824e+01
   5.4334720e+06   1.5502930e+01
   5.4334930e+06   1.4526367e+01
   5.4337320e+06   6.5185547e+01
   5.4337900e+06   1.4770508e+01
   5.4340230e+06   1.6296387e+01
   5.4340500e+06   1.4831543e+01
   5.4340700e+06   2.1423340e+01
   5.4346300e+06   1.7089844e+01
   5.4375080e+06   6.1645508e+01
   5.4376580e+06   1.5930176e+01
   5.4377490e+06   6.4453125e+01
   5.4378620e+06   6.6467285e+01
   5.4378910e+06   7.3974609e+01
   5.4388420e+06   1.4282227e+01
   5.4390910e+06   1.4770508e+01
   5.4395220e+06   6.4086914e+01
   5.4401730e+06   5.9082031e+01
   5.4404040e+06   1.4282227e+01
   5.4408960e+06   6.5368652e+01
   5.4410170e+06   6.5612793e+01
   5.4424400e+06   1.5563965e+01
   5.4441960e+06   1.4770508e+01
   5.4447880e+06   6.5856934e+01
   5.4451990e+06   1.4770508e+01
   5.4452570e+06   6.6040039e+01
   5.4453990e+06   6.8908691e+01
   5.4456920e+06   1.5258789e+01
   5.4457480e+06   6.1218262e+01
   5.4459920e+06   6.7932129e+01
   5.4462230e+06   1.6418457e+01
   5.4462760e+06   6.5307617e+01
   5.4464720e+06   1.4465332e+01
   5.4470770e+06   1.5197754e+01
   5.4471000e+06   1.5747070e+01
   5.4472420e+06   6.3659668e+01
   5.4474780e+06   6.5917969e+01
   5.4474880e+06   1.5441895e+01
   5.4475010e+06   1.6906738e+01
   5.4475370e+06   7.2387695e+01
   5.4475500e+06   1.9836426e+01
   5.4502980e+06   1.4892578e+01
   5.4508300e+06   6.5246582e+01
   5.4538150e+06   1.5075684e+01
   5.4539110e+06   1.5930176e+01
   5.4540560e+06   6.0974121e+01
   5.4552200e+06   1.4648438e+01
   5.4557870e+06   1.5625000e+01
   5.4560230e+06   6.3415527e+01
   5.4566220e+06   1.8249512e+01
   5.4566720e+06   6.6589355e+01
   5.4567650e+06   1.8554688e+01
   5.4573970e+06   1.9531250e+01
   5.4574600e+06   1.5869141e+01
   5.4582890e+06   1.5747070e+01
   5.4586870e+06   6.5612793e+01
   5.4590840e+06   1.6113281e+01
   5.4591410e+06   6.7382812e+01
   5.4592490e+06   1.4526367e+01
   5.4594540e+06   1.7700195e+01
   5.4597200e+06   6.4880371e+01
   5.4599070e+06   1.5014648e+01
   5.4607510e+06   7.2204590e+01
   5.4607770e+06   1.5014648e+01
   5.4609840e+06   6.4575195e+01
   5.4612860e+06   6.4636230e+01
   5.4617300e+06   6.2988281e+01
   5.4619320e+06   6.6101074e+01
   5.4622290e+06   5.2307129e+01
   5.4624690e+06   1.4343262e+01
   5.4625380e+06   1.5747070e+01
   5.4625580e+06   5.8959961e+01
   5.4630830e+06   6.6528320e+01
   5.4633060e+06   1.6296387e+01
   5.4633810e+06   1.5991211e+01
   5.4634510e+06   1.4465332e+01
   5.4637840e+06   1.7456055e+01
   5.4641720e+06   1.7028809e+01
   5.4643370e+06   1.8554688e+01
   5.4644210e+06   6.5612793e+01
   5.4644620e+06   1.5991211e+01
   5.4644970e+06   1.4465332e+01
   5.4646130e+06   6.5429688e+01
   5.4696470e+06   1.5075684e+01
   5.4712170e+06   1.4709473e+01
   5.4714440e+06   6.6040039e+01
   5.4715500e+06   1.4892578e+01
   5.4715700e+06   1.5808105e+01
   5.4717910e+06   6.7382812e+01
   5.4719690e+06   1.8371582e+01
   5.4722370e+06   1.9409180e+01
   5.4726000e+06   1.4892578e+01
   5.4726290e+06   1.9165039e+01
   5.4726570e+06   1.8798828e+01
   5.4726740e+06   6.6467285e+01
   5.4742500e+06   1.4648438e+01
   5.4756470e+06   1.4465332e+01
   5.4775290e+06   1.5747070e+01
   5.4775610e+06   6.5551758e+01
   5.4778530e+06   1.5930176e+01
   5.4778950e+06   1.7639160e+01
   5.4780750e+06   1.5747070e+01
   5.4781100e+06   1.5930176e+01
   5.4781410e+06   6.5795898e+01
   5.4789320e+06   1.5563965e+01
   5.4790450e+06   1.5319824e+01
   5.4790930e+06   6.2622070e+01
   5.4791530e+06   1.5991211e+01
   5.4798870e+06   6.4758301e+01
   5.4803310e+06   6.1035156e+01
   5.4803410e+06   1.4343262e+01
   5.4819830e+06   1.4343262e+01
   5.4819950e+06   7.3425293e+01
   5.4821190e+06   1.4709473e+01
   5.4825140e+06   1.6052246e+01
   5.4825630e+06   6.0424805e+01
   5.4867520e+06   6.1523438e+01
   5.4872870e+06   6.1645508e+01
   5.4875690e+06   1.5136719e+01
   5.4880400e+06   1.4282227e+01
   5.4882450e+06   1.4892578e+01
   5.4889920e+06   2.0019531e+01
   5.4890990e+06   1.5930176e+01
   5.4891410e+06   7.1838379e+01
   5.4900190e+06   1.4465332e+01
   5.4901190e+06   1.4282227e+01
   5.4905580e+06   7.4462891e+01
   5.4908930e+06   1.5625000e+01
   5.4910130e+06   6.4758301e+01
   5.4923690e+06   6.6589355e+01
   5.4936630e+06   6.4270020e+01
   5.4942980e+06   6.3537598e+01
   5.4943170e+06   1.5563965e+01
   5.4946370e+06   6.9152832e+01
   5.4946670e+06   1.6296387e+01
   5.4948430e+06   6.5063477e+01
   5.4953050e+06   1.4343262e+01
   5.4954930e+06   6.4270020e+01
   5.4957830e+06   6.7443848e+01
   5.4963150e+06   1.4465332e+01
   5.4964050e+06   6.5124512e+01
   5.4968330e+06   1.5563965e+01
   5.4972410e+06   6.6223145e+01
   5.4978200e+06   6.3842773e+01
   5.4987320e+06   1.5197754e+01
   5.4987530e+06   1.7089844e+01
   5.4987690e+06   6.1401367e+01
   5.4991080e+06   1.6540527e+01
   5.4991390e+06   1.6357422e+01
   5.4991990e+06   1.6662598e+01
   5.4992620e+06   6.0302734e+01
   5.4993520e+06   1.8981934e+01
   5.5001010e+06   1.5930176e+01
   5.5011160e+06   1.6601562e+01
   5.5012530e+06   1.6906738e+01
   5.5021840e+06   1.5869141e+01
   5.5032530e+06   7.0922852e+01
   5.5037800e+06   1.5197754e+01
   5.5038200e+06   2.4475098e+01
   5.5038510e+06   1.9226074e+01
   5.5038670e+06   7.1289062e+01
   5.5038800e+06   1.9348145e+01
   5.5039240e+06   6.3171387e+01
   5.5039360e+06   1.7028809e+01
   5.5069050e+06   1.5502930e+01
   5.5070500e+06   1.4465332e+01
   5.5098380e+06   1.5625000e+01
   5.5106890e+06   1.4343262e+01
   5.5115650e+06   6.1340332e+01
   5.5126850e+06   1.5625000e+01
   5.5127550e+06   1.8310547e+01
   5.5133160e+06   1.4404297e+01
   5.5135210e+06   2.7221680e+01
   5.5138900e+06   1.7395020e+01
   5.5141990e+06   7.2692871e+01
   5.5142560e+06   1.6174316e+01
   5.5143130e+06   1.4831543e+01
   5.5143920e+06   6.1157227e+01
   5.5145430e+06   1.6601562e+01
   5.5147770e+06   1.4526367e+01
   5.5149590e+06   7.3608398e+01
   5.5150960e+06   1.6357422e+01
   5.5151550e+06   1.4587402e+01
   5.5152280e+06   1.4404297e+01
   5.5152780e+06   1.5258789e+01
   5.5153840e+06   1.4587402e+01
   5.5155850e+06   1.6174316e+01
   5.5156550e+06   1.5747070e+01
   5.5156830e+06   1.6601562e+01
   5.5157860e+06   1.6601562e+01
   5.5161070e+06   1.4343262e+01
   5.5161930e+06   1.8432617e+01
   5.5162770e+06   1.4648438e+01
   5.5163400e+06   1.5808105e+01
   5.5165020e+06   2.0385742e+01
   5.5166140e+06   1.5625000e+01
   5.5167450e+06   1.9165039e+01
   5.5169440e+06   1.6479492e+01
   5.5173020e+06   1.7211914e+01
   5.5175480e+06   1.6479492e+01
   5.5177940e+06   1.4526367e+01
   5.5179340e+06   1.5258789e+01
   5.5182050e+06   1.4526367e+01
   5.5185750e+06   1.5136719e+01
   5.5188710e+06   1.4282227e+01
   5.5193050e+06   6.3476562e+01
   5.5194770e+06   1.5930176e+01
   5.5195130e+06   1.5502930e+01
   5.5195670e+06   1.4465332e+01
   5.5198060e+06   7.2021484e+01
   5.5198730e+06   6.5551758e+01
   5.5200070e+06   1.6479492e+01
   5.5232910e+06   1.5502930e+01
   5.5251320e+06   1.9470215e+01
   5.5251570e+06   1.7089844e+01
   5.5252270e+06   6.1584473e+01
   5.5254100e+06   1.4526367e+01
   5.5254340e+06   1.6235352e+01
   5.5264090e+06   1.4953613e+01
   5.5268730e+06   1.5502930e+01
   5.5283160e+06   6.2133789e+01
   5.5284810e+06   1.4770508e+01
   5.5296430e+06   1.4770508e+01
   5.5298260e+06   1.6113281e+01
   5.5299720e+06   1.4831543e+01
   5.5300080e+06   1.9897461e+01
   5.5300200e+06   7.1960449e+01
   5.5301110e+06   1.4953613e+01
   5.5301440e+06   1.9470215e+01
   5.5304600e+06   2.0263672e+01
   5.5309720e+06   1.5136719e+01
   5.5330620e+06   1.4953613e+01
   5.5343030e+06   1.8615723e+01
   5.5345090e+06   1.4770508e+01
   5.5361290e+06   1.4831543e+01
   5.5370270e+06   1.4465332e+01
   5.5382030e+06   1.4343262e+01
   5.5383040e+06   6.1218262e+01
   5.5387550e+06   7.5073242e+01
   5.5395630e+06   1.9897461e+01
   5.5396310e+06   6.4575195e+01
   5.5397800e+06   1.4709473e+01
   5.5401790e+06   1.7028809e+01
   5.5405690e+06   1.4831543e+01
   5.5407140e+06   7.1411133e+01
   5.5411230e+06   1.6723633e+01
   5.5418920e+06   1.4282227e+01
   5.5428430e+06   1.7700195e+01
   5.5440720e+06   1.4343262e+01
   5.5450630e+06   7.3608398e+01
   5.5454030e+06   1.6296387e+01
   5.5455630e+06   1.5258789e+01
   5.5457610e+06   5.9448242e+01
   5.5459680e+06   1.9958496e+01
   5.5459840e+06   2.2705078e+01
   5.5491400e+06   1.4282227e+01
   5.5501480e+06   1.4404297e+01
   5.5515930e+06   1.7822266e+01
   5.5525290e+06   1.5625000e+01
   5.5536450e+06   5.9936523e+01
   5.5541890e+06   1.6479492e+01
   5.5542100e+06   7.3364258e+01
   5.5547240e+06   1.5563965e+01
   5.5547600e+06   6.8542480e+01
   5.5548170e+06   6.4514160e+01
   5.5548780e+06   1.5563965e+01
   5.5552650e+06   1.4953613e+01
   5.5554710e+06   1.8981934e+01
   5.5555200e+06   1.8920898e+01
   5.5556950e+06   1.4831543e+01
   5.5562300e+06   1.6845703e+01
   5.5562600e+06   6.6711426e+01
   5.5565820e+06   6.1767578e+01
   5.5568530e+06   7.1166992e+01
   5.5569650e+06   1.9836426e+01
   5.5570210e+06   1.5502930e+01
   5.5572820e+06   6.7749023e+01
   5.5574260e+06   6.4147949e+01
   5.5574840e+06   1.5075684e+01
   5.5577240e+06   1.6723633e+01
   5.5578400e+06   6.2133789e+01
   5.5579050e+06   1.5991211e+01
   5.5579270e+06   1.6113281e+01
   5.5582090e+06   1.6601562e+01
   5.5584300e+06   1.6296387e+01
   5.5587720e+06   6.7993164e+01
   5.5588060e+06   7.0373535e+01
   5.5616300e+06   1.4465332e+01
   5.5629270e+06   6.8420410e+01
   5.5629610e+06   2.0446777e+01
   5.5654520e+06   1.5625000e+01
   5.5667760e+06   1.6113281e+01
   5.5668760e+06   6.5185547e+01
   5.5678600e+06   1.4648438e+01
   5.5693930e+06   1.5747070e+01
   5.5694090e+06   1.9165039e+01
   5.5694210e+06   1.4282227e+01
   5.5694510e+06   1.5319824e+01
   5.5704910e+06   1.5075684e+01
   5.5709280e+06   1.5808105e+01
   5.5710000e+06   1.6113281e+01
   5.5717920e+06   1.5014648e+01
   5.5718210e+06   7.6293945e+01
   5.5718810e+06   1.4587402e+01
   5.5728350e+06   1.4709473e+01
   5.5734890e+06   1.5380859e+01
   5.5817390e+06   1.5869141e+01
   5.5832770e+06   1.8737793e+01
   5.5835350e+06   6.3293457e+01
   5.5837400e+06   1.7578125e+01
   5.5838970e+06   1.6113281e+01
   5.5840890e+06   1.4526367e+01
   5.5850100e+06   1.4892578e+01
   5.5851000e+06   1.5869141e+01
   5.5854150e+06   6.9580078e+01
   5.5887660e+06   1.7822266e+01
   5.5895840e+06   1.5258789e+01
   5.5910600e+06   1.4343262e+01
   5.5910730e+06   7.8186035e+01
   5.5916370e+06   1.5686035e+01
   5.5917240e+06   1.5136719e+01
   5.5922520e+06   1.4404297e+01
   5.5937100e+06   1.7272949e+01
   5.5942000e+06   1.5747070e+01
   5.5942290e+06   1.4709473e+01
   5.5952260e+06   1.5808105e+01
   5.5957450e+06   1.6540527e+01
   5.5960940e+06   1.5319824e+01
   5.5962100e+06   6.2744141e+01
   5.5968360e+06   7.0434570e+01
   5.5969030e+06   1.7517090e+01
   5.5969140e+06   1.4465332e+01
   5.5970030e+06   1.5197754e+01
   5.5970610e+06   1.4404297e+01
   5.5993480e+06   1.5747070e+01
   5.5994820e+06   1.8127441e+01
   5.6009650e+06   6.2194824e+01
   5.6009750e+06   1.5808105e+01
   5.6010470e+06   1.4526367e+01
   5.6011620e+06   1.4282227e+01
   5.6013380e+06   6.2377930e+01
   5.6014820e+06   1.6357422e+01
   5.6019720e+06   1.5319824e+01
   5.6026660e+06   1.4770508e+01
   5.6027560e+06   1.5197754e+01
   5.6035260e+06   6.4514160e+01
   5.6039440e+06   1.4587402e+01
   5.6040800e+06   1.5747070e+01
   5.6041530e+06   6.9396973e+01
   5.6047140e+06   1.5258789e+01
   5.6047440e+06   6.7199707e+01
   5.6066710e+06   1.4343262e+01
   5.6080420e+06   1.5136719e+01
   5.6080670e+06   1.5808105e+01
   5.6083630e+06   1.8676758e+01
   5.6092920e+06   1.5075684e+01
   5.6099830e+06   1.7089844e+01
   5.6100310e+06   7.1411133e+01
   5.6107030e+06   1.7944336e+01
   5.6109670e+06   6.6162109e+01
   5.6111900e+06   6.0791016e+01
   5.6114170e+06   1.4343262e+01
   5.6115310e+06   6.3720703e+01
   5.6118490e+06   1.7395020e+01
   5.6122650e+06   1.4526367e+01
   5.6124820e+06   6.7016602e+01
   5.6126980e+06   1.5258789e+01
   5.6129180e+06   6.3232422e+01
   5.6129510e+06   1.6052246e+01
   5.6133480e+06   1.4709473e+01
   5.6135220e+06   1.5258789e+01
   5.6137410e+06   1.5258789e+01
   5.6140230e+06   1.6723633e+01
   5.6140630e+06   7.1777344e+01
   5.6142330e+06   1.6113281e+01
   5.6143610e+06   1.4770508e+01
   5.6144680e+06   6.3415527e+01
   5.6146430e+06   1.5991211e+01
   5.6150850e+06   1.8371582e+01
   5.6151540e+06   1.4953613e+01
   5.6153650e+06   1.7456055e+01
   5.6154220e+06   1.8005371e+01
   5.6155690e+06   1.5075684e+01
   5.6156910e+06   1.6052246e+01
   5.6157510e+06   1.6662598e+01
   5.6159820e+06   2.0202637e+01
   5.6160880e+06   1.5930176e+01
   5.6162670e+06   1.5625000e+01
   5.6172040e+06   5.7556152e+01
   5.6172990e+06   1.6662598e+01
   5.6175630e+06   1.6967773e+01
   5.6193290e+06   1.4648438e+01
   5.6194930e+06   1.6296387e+01
   5.6196770e+06   1.5502930e+01
   5.6205530e+06   1.5258789e+01
   5.6206550e+06   6.6345215e+01
   5.6207580e+06   1.5747070e+01
   5.6213710e+06   1.5197754e+01
   5.6214480e+06   1.4282227e+01
   5.6214710e+06   1.5380859e+01
   5.6214990e+06   1.5258789e+01
   5.6219480e+06   6.2866211e+01
   5.6224070e+06   1.4282227e+01
   5.6224740e+06   7.6416016e+01
   5.6226370e+06   1.4587402e+01
   5.6228870e+06   7.2082520e+01
   5.6234750e+06   1.5869141e+01
   5.6236750e+06   1.7150879e+01
   5.6236950e+06   6.8908691e+01
   5.6238070e+06   1.5380859e+01
   5.6239720e+06   1.4831543e+01
   5.6240120e+06   6.8420410e+01
   5.6240290e+06   2.0202637e+01
   5.6241560e+06   1.9714355e+01
   5.6245070e+06   1.4892578e+01
   5.6264610e+06   1.6235352e+01
   5.6274200e+06   1.4465332e+01
   5.6287460e+06   1.5502930e+01
   5.6293220e+06   1.7089844e+01
   5.6298360e+06   1.4465332e+01
   5.6302180e+06   1.4648438e+01
   5.6307730e+06   1.4892578e+01
   5.6309880e+06   1.5014648e+01
   5.6313560e+06   1.5380859e+01
   5.6314590e+06   1.5563965e+01
   5.6314820e+06   6.8237305e+01
   5.6318730e+06   7.4707031e+01
   5.6319840e+06   1.8981934e+01
   5.6320860e+06   7.2631836e+01
   5.6321450e+06   6.3293457e+01
   5.6325530e+06   1.6540527e+01
   5.6326870e+06   1.4953613e+01
   5.6327140e+06   1.4282227e+01
   5.6327420e+06   1.5869141e+01
   5.6329220e+06   1.4648438e+01
   5.6329690e+06   1.6052246e+01
   5.6329840e+06   1.6296387e+01
   5.6333220e+06   1.5319824e+01
   5.6333540e+06   1.4465332e+01
   5.6333820e+06   6.3171387e+01
   5.6334810e+06   1.5563965e+01
   5.6338090e+06   1.4953613e+01
   5.6338620e+06   1.5991211e+01
   5.6338890e+06   1.6235352e+01
   5.6339110e+06   7.5927734e+01
   5.6341630e+06   1.5136719e+01
   5.6342350e+06   1.4709473e+01
   5.6351860e+06   6.5429688e+01
   5.6355200e+06   1.7089844e+01
   5.6363020e+06   6.7687988e+01
   5.6363840e+06   1.4465332e+01
   5.6368120e+06   1.6174316e+01
   5.6372500e+06   6.6894531e+01
   5.6372940e+06   1.6174316e+01
   5.6377680e+06   1.6235352e+01
   5.6381090e+06   1.5930176e+01
   5.6383860e+06   6.2011719e+01
   5.6386280e+06   1.4343262e+01
   5.6391370e+06   1.4953613e+01
   5.6394840e+06   1.4404297e+01
   5.6402170e+06   1.4404297e+01
   5.6408590e+06   6.4453125e+01
   5.6412770e+06   2.0324707e+01
   5.6414880e+06   6.3598633e+01
   5.6416500e+06   1.6662598e+01
   5.6417070e+06   6.5368652e+01
   5.6417990e+06   1.7517090e+01
   5.6418460e+06   6.1828613e+01
   5.6422070e+06   1.5686035e+01
   5.6422610e+06   6.2377930e+01
   5.6426050e+06   6.4575195e+01
   5.6427420e+06   6.4270020e+01
   5.6427820e+06   1.4282227e+01
   5.6429330e+06   1.6845703e+01
   5.6429620e+06   1.6235352e+01
   5.6430050e+06   6.3354492e+01
   5.6434230e+06   6.7199707e+01
   5.6435670e+06   1.6845703e+01
   5.6436530e+06   1.4465332e+01
   5.6436680e+06   6.4392090e+01
   5.6437520e+06   1.4709473e+01
   5.6439500e+06   6.2561035e+01
   5.6440490e+06   1.5563965e+01
   5.6440730e+06   1.6296387e+01
   5.6440940e+06   6.7016602e+01
   5.6446930e+06   2.1484375e+01
   5.6447040e+06   1.5014648e+01
   5.6448180e+06   1.7761230e+01
   5.6448530e+06   7.1228027e+01
   5.6448930e+06   1.4343262e+01
   5.6449290e+06   1.4953613e+01
   5.6452350e+06   1.7700195e+01
   5.6452520e+06   2.0019531e+01
   5.6452840e+06   7.5195312e+01
   5.6460440e+06   1.4648438e+01
   5.6461360e+06   1.6174316e+01
   5.6469050e+06   1.5136719e+01
   5.6469980e+06   1.5686035e+01
   5.6498320e+06   1.5075684e+01
   5.6502790e+06   1.5930176e+01
   5.6507690e+06   1.7028809e+01
   5.6515190e+06   1.5075684e+01
   5.6515770e+06   1.6418457e+01
   5.6515880e+06   7.3547363e+01
   5.6515980e+06   1.5380859e+01
   5.6518210e+06   1.5197754e+01
   5.6523470e+06   1.5502930e+01
   5.6525630e+06   1.6235352e+01
   5.6529040e+06   6.2927246e+01
   5.6531160e+06   1.6967773e+01
   5.6532770e+06   1.4404297e+01
   5.6533580e+06   6.3354492e+01
   5.6533730e+06   2.0996094e+01
   5.6536500e+06   6.8481445e+01
   5.6560330e+06   1.5258789e+01
   5.6560850e+06   1.4526367e+01
   5.6561170e+06   1.4465332e+01
   5.6587490e+06   1.4587402e+01
   5.6589370e+06   1.5991211e+01
   5.6589620e+06   6.3598633e+01
   5.6589720e+06   1.5014648e+01
   5.6591670e+06   1.4343262e+01
   5.6593540e+06   1.4404297e+01
   5.6594770e+06   6.3232422e+01
   5.6594870e+06   1.5502930e+01
   5.6596860e+06   6.2927246e+01
   5.6599240e+06   6.4331055e+01
   5.6599630e+06   6.9274902e+01
   5.6602640e+06   6.4086914e+01
   5.6604970e+06   6.5917969e+01
   5.6605530e+06   6.6467285e+01
   5.6605980e+06   6.4758301e+01
   5.6627300e+06   1.5930176e+01
   5.6639790e+06   6.1767578e+01
   5.6641490e+06   1.5136719e+01
   5.6641800e+06   1.4526367e+01
   5.6642140e+06   6.7932129e+01
   5.6684490e+06   1.4343262e+01
   5.6688520e+06   6.5185547e+01
   5.6694090e+06   1.5502930e+01
   5.6694600e+06   6.5979004e+01
   5.6696540e+06   1.9653320e+01
   5.6696860e+06   1.7639160e+01
   5.6707830e+06   6.8481445e+01
   5.6712440e+06   5.9570312e+01
   5.6713490e+06   1.7272949e+01
   5.6717440e+06   1.6906738e+01
   5.6718180e+06   7.5317383e+01
   5.6720560e+06   1.6357422e+01
   5.6721690e+06   6.7199707e+01
   5.6723360e+06   7.6416016e+01
   5.6726620e+06   1.6296387e+01
   5.6759780e+06   1.5747070e+01
   5.6766470e+06   6.3171387e+01
   5.6769290e+06   1.5991211e+01
   5.6769840e+06   6.7443848e+01
   5.6773330e+06   1.6479492e+01
   5.6776460e+06   1.4587402e+01
   5.6776620e+06   7.2265625e+01
   5.6777040e+06   6.2622070e+01
   5.6780260e+06   6.5551758e+01
   5.6780930e+06   1.4648438e+01
   5.6781220e+06   6.2255859e+01
   5.6783710e+06   1.4770508e+01
   5.6784260e+06   6.2683105e+01
   5.6785480e+06   1.6113281e+01
   5.6788970e+06   7.2265625e+01
   5.6791300e+06   1.4282227e+01
   5.6793830e+06   6.1523438e+01
   5.6795440e+06   1.4465332e+01
   5.6804200e+06   1.6052246e+01
   5.6810650e+06   1.4709473e+01
   5.6812450e+06   1.5441895e+01
   5.6814800e+06   6.4575195e+01
   5.6817980e+06   1.5686035e+01
   5.6821790e+06   7.2082520e+01
   5.6822000e+06   1.6052246e+01
   5.6840980e+06   1.5136719e+01
   5.6858960e+06   1.4587402e+01
   5.6872600e+06   6.4697266e+01
   5.6886960e+06   1.7272949e+01
   5.6889460e+06   1.6723633e+01
   5.6892530e+06   1.4709473e+01
   5.6892930e+06   6.6284180e+01
   5.6898100e+06   1.7639160e+01
   5.6898600e+06   6.3781738e+01
   5.6903310e+06   1.5502930e+01
   5.6903840e+06   6.1706543e+01
   5.6910060e+06   1.6052246e+01
   5.6910450e+06   6.4697266e+01
   5.6914680e+06   6.6223145e+01
   5.6916390e+06   6.8176270e+01
   5.6918580e+06   1.7272949e+01
   5.6919160e+06   6.6467285e+01
   5.6920420e+06   1.5258789e+01
   5.6920840e+06   1.4831543e+01
   5.6920990e+06   1.5075684e+01
   5.6921640e+06   7.0434570e+01
   5.6921910e+06   1.9897461e+01
   5.6922340e+06   6.6345215e+01
   5.6923990e+06   1.8066406e+01
   5.6928530e+06   1.5441895e+01
   5.6929370e+06   1.9958496e+01
   5.6994140e+06   1.5808105e+01
   5.7002260e+06   1.5625000e+01
   5.7004460e+06   6.6650391e+01
   5.7005290e+06   1.6662598e+01
   5.7006220e+06   1.4343262e+01
   5.7009530e+06   6.0302734e+01
   5.7010440e+06   1.6113281e+01
   5.7017090e+06   1.6174316e+01
   5.7019090e+06   1.7333984e+01
   5.7019760e+06   6.3720703e+01
   5.7020840e+06   1.5258789e+01
   5.7021890e+06   6.4697266e+01
   5.7022690e+06   1.8859863e+01
   5.7053920e+06   1.4282227e+01
   5.7066030e+06   6.5246582e+01
   5.7071890e+06   1.5502930e+01
   5.7072420e+06   6.5490723e+01
   5.7074790e+06   1.6113281e+01
   5.7075230e+06   1.4343262e+01
   5.7075710e+06   6.3781738e+01
   5.7080090e+06   1.7333984e+01
   5.7082520e+06   1.5686035e+01
   5.7142430e+06   1.5808105e+01
   5.7145730e+06   1.5441895e+01
   5.7151670e+06   6.4270020e+01
   5.7152410e+06   1.4587402e+01
   5.7152910e+06   1.7333984e+01
   5.7161070e+06   1.4404297e+01
   5.7162400e+06   7.0251465e+01
   5.7172330e+06   1.7700195e+01
   5.7172660e+06   6.5490723e+01
   5.7215500e+06   7.0617676e+01
   5.7219680e+06   1.4404297e+01
   5.7221410e+06   1.5869141e+01
   5.7222590e+06   1.9226074e+01
   5.7223990e+06   7.1655273e+01
   5.7239860e+06   1.6967773e+01
   5.7240360e+06   7.1289062e+01
   5.7240850e+06   1.6906738e+01
   5.7246160e+06   1.7333984e+01
   5.7249430e+06   1.4587402e+01
   5.7250280e+06   1.5869141e+01
   5.7250630e+06   6.7565918e+01
   5.7251010e+06   1.4648438e+01
   5.7251300e+06   1.4587402e+01
   5.7251560e+06   7.3181152e+01
   5.7255870e+06   1.4831543e+01
   5.7256700e+06   5.9997559e+01
   5.7262470e+06   6.5856934e+01
   5.7267790e+06   1.6723633e+01
   5.7269180e+06   1.4282227e+01
   5.7269930e+06   6.7138672e+01
   5.7272080e+06   1.6845703e+01
   5.7273500e+06   6.8054199e+01
   5.7322930e+06   1.5258789e+01
   5.7332690e+06   1.5441895e+01
   5.7332960e+06   6.2194824e+01
   5.7336310e+06   1.5380859e+01
   5.7337060e+06   6.4880371e+01
   5.7340830e+06   6.1584473e+01
   5.7342380e+06   6.3171387e+01
   5.7345730e+06   2.4414062e+01
   5.7346350e+06   1.6174316e+01
   5.7348190e+06   6.1889648e+01
   5.7352020e+06   1.6967773e+01
   5.7352560e+06   6.8359375e+01
   5.7353680e+06   1.4709473e+01
   5.7360780e+06   6.3537598e+01
   5.7367190e+06   6.8481445e+01
   5.7372420e+06   6.1035156e+01
   5.7372700e+06   1.5563965e+01
   5.7372820e+06   1.9287109e+01
   5.7373730e+06   1.4831543e+01
   5.7381690e+06   1.6967773e+01
   5.7382460e+06   7.3913574e+01
   5.7399930e+06   1.4648438e+01
   5.7409190e+06   1.7150879e+01
   5.7413020e+06   1.5991211e+01
   5.7419860e+06   1.6601562e+01
   5.7429540e+06   1.5563965e+01
   5.7466780e+06   1.4648438e+01
   5.7467220e+06   6.6650391e+01
   5.7469580e+06   1.7333984e+01
   5.7473210e+06   1.5930176e+01
   5.7473420e+06   6.4697266e+01
   5.7473730e+06   2.0507812e+01
   5.7474170e+06   6.7260742e+01
   5.7490130e+06   1.6052246e+01
   5.7491890e+06   6.4331055e+01
   5.7493250e+06   1.5075684e+01
   5.7518040e+06   1.6967773e+01
   5.7518490e+06   6.0607910e+01
   5.7531960e+06   6.4697266e+01
   5.7533810e+06   1.7089844e+01
   5.7534640e+06   6.2988281e+01
   5.7535170e+06   1.8371582e+01
   5.7544260e+06   6.3415527e+01
   5.7547520e+06   1.6601562e+01
   5.7549310e+06   6.4880371e+01
   5.7563640e+06   1.4465332e+01
   5.7566090e+06   1.6235352e+01
   5.7566820e+06   1.5258789e+01
   5.7567110e+06   6.4392090e+01
   5.7572260e+06   7.2570801e+01
   5.7576390e+06   6.5185547e+01
   5.7587400e+06   6.4208984e+01
   5.7590020e+06   6.2622070e+01
   5.7591650e+06   6.6467285e+01
   5.7592430e+06   1.6540527e+01
   5.7594110e+06   6.8298340e+01
   5.7596900e+06   1.5808105e+01
   5.7597210e+06   6.4880371e+01
   5.7598170e+06   1.6357422e+01
   5.7599700e+06   7.2570801e+01
   5.7600750e+06   1.6357422e+01
   5.7602180e+06   1.5930176e+01
   5.7602380e+06   6.0180664e+01
   5.7604300e+06   1.4953613e+01
   5.7605570e+06   1.6113281e+01
   5.7605760e+06   5.9448242e+01
   5.7606820e+06   1.5686035e+01
   5.7608370e+06   1.5625000e+01
   5.7608950e+06   6.7016602e+01
   5.7610230e+06   6.9702148e+01
   5.7612150e+06   1.8066406e+01
   5.7612950e+06   6.1218262e+01
   5.7614190e+06   1.5808105e+01
   5.7615270e+06   1.5686035e+01
   5.7615850e+06   6.4392090e+01
   5.7616550e+06   1.4587402e+01
   5.7618080e+06   1.5075684e+01
   5.7618730e+06   6.2805176e+01
   5.7620060e+06   1.6967773e+01
   5.7623480e+06   1.5258789e+01
   5.7623780e+06   7.4340820e+01
   5.7624740e+06   1.4831543e+01
   5.7625320e+06   6.2500000e+01
   5.7627400e+06   6.6650391e+01
   5.7628700e+06   1.4831543e+01
   5.7631320e+06   1.4709473e+01
   5.7631560e+06   7.1472168e+01
   5.7635120e+06   1.5075684e+01
   5.7635660e+06   6.2438965e+01
   5.7637640e+06   7.0556641e+01
   5.7638330e+06   1.5380859e+01
   5.7638470e+06   1.4770508e+01
   5.7662830e+06   1.6235352e+01
   5.7682040e+06   1.8249512e+01
   5.7682910e+06   1.6784668e+01
   5.7683080e+06   7.1716309e+01
   5.7683470e+06   7.3364258e+01
   5.7683570e+06   1.6296387e+01
   5.7683820e+06   6.4636230e+01
   5.7762350e+06   7.4157715e+01
   5.7765440e+06   1.5136719e+01
   5.7768370e+06   1.5747070e+01
   5.7777030e+06   1.7333984e+01
   5.7779130e+06   1.6418457e+01
   5.7782190e+06   6.3415527e+01
   5.7785060e+06   1.9104004e+01
   5.7785410e+06   7.0312500e+01
   5.7790120e+06   1.7089844e+01
   5.7790350e+06   1.8798828e+01
   5.7790720e+06   6.6345215e+01
   5.7818260e+06   1.5747070e+01
   5.7838820e+06   7.7087402e+01
   5.7838960e+06   1.6784668e+01
   5.7841470e+06   1.8005371e+01
   5.7841660e+06   1.4770508e+01
   5.7850080e+06   1.5136719e+01
   5.7850280e+06   6.4147949e+01
   5.7869140e+06   1.6479492e+01
   5.7870110e+06   1.5625000e+01
   5.7908570e+06   1.4465332e+01
   5.7911830e+06   6.8969727e+01
   5.7917040e+06   1.5991211e+01
   5.7918290e+06   6.7260742e+01
   5.7924800e+06   6.1889648e+01
   5.7926570e+06   1.8127441e+01
   5.7927230e+06   1.4404297e+01
   5.7957370e+06   6.4086914e+01
   5.7957510e+06   1.5625000e+01
   5.7960420e+06   1.4892578e+01
   5.7961910e+06   1.6845703e+01
   5.7970700e+06   1.5197754e+01
   5.7973650e+06   1.4831543e+01
   5.7976060e+06   7.9833984e+01
   5.7976470e+06   1.4892578e+01
   5.7978640e+06   1.6784668e+01
   5.7986670e+06   6.2988281e+01
   5.7990220e+06   1.7150879e+01
   5.7990810e+06   6.5307617e+01
   5.7991440e+06   1.5075684e+01
   5.7997230e+06   6.2744141e+01
   5.8008210e+06   1.5808105e+01
   5.8013620e+06   1.4343262e+01
   5.8016130e+06   6.2561035e+01
   5.8053270e+06   1.9165039e+01
   5.8062710e+06   6.3781738e+01
   5.8064200e+06   2.0019531e+01
   5.8065860e+06   1.5258789e+01
   5.8066790e+06   6.8664551e+01
   5.8071210e+06   1.6235352e+01
   5.8071880e+06   1.4892578e+01
   5.8075060e+06   1.6906738e+01
   5.8075780e+06   1.4587402e+01
   5.8097080e+06   1.6479492e+01
   5.8121330e+06   1.8493652e+01
   5.8122370e+06   1.6418457e+01
   5.8123140e+06   6.4636230e+01
   5.8126330e+06   2.0080566e+01
   5.8132870e+06   6.7382812e+01
   5.8134540e+06   1.4831543e+01
   5.8134850e+06   2.1850586e+01
   5.8137760e+06   6.9152832e+01
   5.8138590e+06   1.7150879e+01
   5.8143390e+06   6.0180664e+01
   5.8144170e+06   1.4404297e+01
   5.8167310e+06   1.4282227e+01
   5.8174080e+06   1.8127441e+01
   5.8175720e+06   1.4465332e+01
   5.8202260e+06   1.4465332e+01
   5.8214040e+06   1.5075684e+01
   5.8216210e+06   1.5319824e+01
   5.8216590e+06   1.4953613e+01
   5.8216860e+06   1.4343262e+01
   5.8216970e+06   7.7819824e+01
   5.8217270e+06   2.0446777e+01
   5.8217390e+06   6.4514160e+01
   5.8217500e+06   1.4892578e+01
   5.8217810e+06   6.9946289e+01
   5.8259340e+06   1.4831543e+01
   5.8285890e+06   1.5502930e+01
   5.8286720e+06   5.9936523e+01
   5.8290140e+06   1.6357422e+01
   5.8291280e+06   1.5014648e+01
   5.8293910e+06   6.4758301e+01
   5.8294780e+06   1.8554688e+01
   5.8299210e+06   1.6174316e+01
   5.8300040e+06   6.3842773e+01
   5.8312850e+06   1.4831543e+01
   5.8313780e+06   1.4648438e+01
   5.8321760e+06   6.3354492e+01
   5.8324870e+06   6.2866211e+01
   5.8346890e+06   6.4086914e+01
   5.8350530e+06   1.5075684e+01
   5.8355460e+06   6.7749023e+01
   5.8356320e+06   6.2011719e+01
   5.8358090e+06   1.5625000e+01
   5.8358580e+06   1.6296387e+01
   5.8358910e+06   1.5563965e+01
   5.8359500e+06   7.3730469e+01
   5.8376040e+06   1.6357422e+01
   5.8380730e+06   1.5502930e+01
   5.8388330e+06   1.5380859e+01
   5.8388740e+06   6.4514160e+01
   5.8389140e+06   1.4892578e+01
   5.8389650e+06   1.7150879e+01
   5.8389850e+06   1.5563965e+01
   5.8390160e+06   1.5869141e+01
   5.8390470e+06   1.5563965e+01
   5.8390600e+06   1.5625000e+01
   5.8399620e+06   6.4331055e+01
   5.8410710e+06   1.7028809e+01
   5.8441300e+06   1.4465332e+01
   5.8442760e+06   1.4709473e+01
   5.8459300e+06   1.6601562e+01
   5.8460580e+06   6.0302734e+01
   5.8462870e+06   6.1401367e+01
   5.8463390e+06   1.4465332e+01
   5.8469240e+06   1.4282227e+01
   5.8473300e+06   7.4218750e+01
   5.8474540e+06   6.4758301e+01
   5.8475080e+06   6.2988281e+01
   5.8475320e+06   6.5490723e+01
   5.8479700e+06   6.2133789e+01
   5.8480450e+06   1.4770508e+01
   5.8480980e+06   1.5380859e+01
   5.8498250e+06   1.4892578e+01
   5.8509970e+06   1.4282227e+01
   5.8515590e+06   1.5686035e+01
   5.8528240e+06   6.3720703e+01
   5.8534450e+06   1.5930176e+01
   5.8536110e+06   7.2387695e+01
   5.8537160e+06   1.8005371e+01
   5.8539500e+06   1.6601562e+01
   5.8540260e+06   1.5258789e+01
   5.8540490e+06   6.7871094e+01
   5.8541250e+06   1.4709473e+01
   5.8549600e+06   1.5625000e+01
   5.8550990e+06   1.8188477e+01
   5.8557190e+06   1.9470215e+01
   5.8558750e+06   7.3669434e+01
   5.8560350e+06   6.2316895e+01
   5.8560700e+06   1.4770508e+01
   5.8562400e+06   1.5136719e+01
   5.8564190e+06   1.5686035e+01
   5.8568270e+06   1.5136719e+01
   5.8570930e+06   1.4709473e+01
   5.8572980e+06   6.6528320e+01
   5.8576610e+06   1.6662598e+01
   5.8579000e+06   1.9897461e+01
   5.8579760e+06   5.9326172e+01
   5.8598350e+06   1.5930176e+01
   5.8604560e+06   1.4770508e+01
   5.8605650e+06   6.4086914e+01
   5.8610470e+06   1.4282227e+01
   5.8611750e+06   1.6662598e+01
   5.8612600e+06   6.9213867e+01
   5.8613490e+06   1.8249512e+01
   5.8615150e+06   1.4465332e+01
   5.8617890e+06   1.6601562e+01
   5.8619970e+06   1.5747070e+01
   5.8620320e+06   6.1767578e+01
   5.8623710e+06   6.3842773e+01
   5.8659690e+06   7.0312500e+01
   5.8673530e+06   6.8420410e+01
   5.8674110e+06   1.6418457e+01
   5.8674530e+06   1.5502930e+01
   5.8726520e+06   1.4404297e+01
   5.8744620e+06   6.2011719e+01
   5.8754610e+06   1.5441895e+01
   5.8769310e+06   1.4892578e+01
   5.8777550e+06   6.6528320e+01
   5.8783050e+06   1.7822266e+01
   5.8784410e+06   1.5014648e+01
   5.8790310e+06   1.6357422e+01
   5.8792570e+06   1.5563965e+01
   5.8793880e+06   6.4270020e+01
   5.8797000e+06   6.6345215e+01
   5.8797720e+06   1.7883301e+01
   5.8803980e+06   1.5808105e+01
   5.8805230e+06   1.4526367e+01
   5.8818480e+06   1.7333984e+01
   5.8820570e+06   7.9345703e+01
   5.8829510e+06   1.5014648e+01
   5.8829770e+06   1.4587402e+01
   5.8845510e+06   1.5747070e+01
   5.8861950e+06   6.9458008e+01
   5.8863620e+06   1.4343262e+01
   5.8864510e+06   6.4147949e+01
   5.8867630e+06   1.5441895e+01
   5.8872830e+06   1.6052246e+01
   5.8874130e+06   1.5197754e+01
   5.8874930e+06   1.8554688e+01
   5.8876060e+06   6.6650391e+01
   5.8880160e+06   1.7028809e+01
   5.8880850e+06   1.8310547e+01
   5.8886720e+06   1.5258789e+01
   5.8890740e+06   1.4953613e+01
   5.8891450e+06   6.3415527e+01
   5.8896530e+06   1.4587402e+01
   5.8896900e+06   1.6906738e+01
   5.8897290e+06   7.4096680e+01
   5.8897790e+06   1.5136719e+01
   5.8899990e+06   1.5319824e+01
   5.8901390e+06   1.4892578e+01
   5.8902670e+06   6.7260742e+01
   5.8904050e+06   1.5930176e+01
   5.8906350e+06   1.4953613e+01
   5.8907360e+06   7.1472168e+01
   5.8907960e+06   1.5075684e+01
   5.8952010e+06   5.4199219e+01
   5.8963390e+06   1.6967773e+01
   5.8966040e+06   6.5429688e+01
   5.8980230e+06   1.5991211e+01
   5.8984360e+06   1.5075684e+01
   5.8995270e+06   1.5075684e+01
   5.8995690e+06   1.4953613e+01
   5.8995990e+06   6.5734863e+01
   5.8996210e+06   1.5258789e+01
   5.8997800e+06   6.2011719e+01
   5.8998950e+06   1.5075684e+01
   5.9003580e+06   7.2448730e+01
   5.9008420e+06   6.6467285e+01
   5.9010400e+06   6.3598633e+01
   5.9014770e+06   6.5551758e+01
   5.9018620e+06   1.5869141e+01
   5.9021930e+06   6.2011719e+01
   5.9022860e+06   1.6784668e+01
   5.9023770e+06   6.5673828e+01
   5.9024790e+06   1.8127441e+01
   5.9026400e+06   1.5258789e+01
   5.9027960e+06   6.1218262e+01
   5.9030030e+06   6.3720703e+01
   5.9030170e+06   1.5319824e+01
   5.9031350e+06   1.8371582e+01
   5.9033200e+06   1.5502930e+01
   5.9034040e+06   1.8249512e+01
   5.9036450e+06   1.5136719e+01
   5.9037940e+06   1.5930176e+01
   5.9043110e+06   1.4648437e+01
   5.9050700e+06   1.5075684e+01
   5.9052380e+06   1.4465332e+01
   5.9053790e+06   1.4892578e+01
   5.9054580e+06   6.5246582e+01
   5.9056670e+06   1.4587402e+01
   5.9058430e+06   1.4770508e+01
   5.9066870e+06   6.0974121e+01
   5.9067410e+06   1.5563965e+01
   5.9069830e+06   1.5075684e+01
   5.9070080e+06   1.4343262e+01
   5.9070380e+06   7.6782227e+01
   5.9073080e+06   1.8371582e+01
   5.9073260e+06   6.4392090e+01
   5.9074880e+06   1.6601562e+01
   5.9075380e+06   6.8237305e+01
   5.9090890e+06   1.5441895e+01
   5.9111600e+06   6.7932129e+01
   5.9111960e+06   1.9958496e+01
   5.9112870e+06   6.4453125e+01
   5.9115790e+06   1.9470215e+01
   5.9117370e+06   1.5808105e+01
   5.9122450e+06   6.8603516e+01
   5.9162790e+06   1.4465332e+01
   5.9164020e+06   1.4526367e+01
   5.9176010e+06   1.4343262e+01
   5.9178520e+06   1.5014648e+01
   5.9182090e+06   6.3232422e+01
   5.9193070e+06   7.4645996e+01
   5.9199530e+06   1.7211914e+01
   5.9201270e+06   6.8359375e+01
   5.9201810e+06   6.7871094e+01
   5.9232070e+06   1.4831543e+01
   5.9232410e+06   1.4892578e+01
   5.9232760e+06   1.6845703e+01
   5.9249070e+06   7.3974609e+01
   5.9252380e+06   6.3049316e+01
   5.9253140e+06   1.5136719e+01
   5.9257230e+06   6.0302734e+01
   5.9262250e+06   6.3110352e+01
   5.9263730e+06   1.7028809e+01
   5.9264290e+06   6.3659668e+01
   5.9266630e+06   1.6296387e+01
   5.9268350e+06   6.6284180e+01
   5.9271420e+06   6.1950684e+01
   5.9273340e+06   1.6662598e+01
   5.9273900e+06   1.4709473e+01
   5.9274910e+06   1.5563965e+01
   5.9276910e+06   1.4587402e+01
   5.9277360e+06   1.9409180e+01
   5.9277670e+06   6.2255859e+01
   5.9284250e+06   1.7089844e+01
   5.9284600e+06   6.3842773e+01
   5.9303940e+06   1.5319824e+01
   5.9310640e+06   1.5441895e+01
   5.9315310e+06   6.4697266e+01
   5.9321090e+06   1.7272949e+01
   5.9321460e+06   7.5134277e+01
   5.9322030e+06   6.2072754e+01
   5.9322990e+06   1.5258789e+01
   5.9323210e+06   6.3537598e+01
   5.9323330e+06   1.4953613e+01
   5.9323700e+06   6.7016602e+01
   5.9342700e+06   1.4892578e+01
   5.9343290e+06   6.6589355e+01
   5.9345080e+06   2.5390625e+01
   5.9345800e+06   1.8005371e+01
   5.9346210e+06   6.3720703e+01
   5.9348760e+06   1.5136719e+01
   5.9378560e+06   1.4648438e+01
   5.9397030e+06   1.6418457e+01
   5.9397300e+06   1.4953613e+01
   5.9405180e+06   1.5502930e+01
   5.9406980e+06   1.7333984e+01
   5.9407170e+06   6.8786621e+01
   5.9412190e+06   2.1667480e+01
   5.9412410e+06   1.5869141e+01
   5.9412620e+06   6.5979004e+01
   5.9449650e+06   1.4465332e+01
   5.9517010e+06   1.4526367e+01
   5.9517260e+06   1.4343262e+01
   5.9518590e+06   1.8249512e+01
   5.9519880e+06   7.0007324e+01
   5.9567040e+06   6.5368652e+01
   5.9570710e+06   1.8493652e+01
   5.9572550e+06   6.8542480e+01
   5.9576180e+06   1.4282227e+01
   5.9576320e+06   2.3986816e+01
   5.9576630e+06   1.8249512e+01
   5.9576900e+06   7.5317383e+01
   5.9585340e+06   1.5441895e+01
   5.9587490e+06   1.4770508e+01
   5.9590590e+06   1.4282227e+01
   5.9592450e+06   1.5869141e+01
   5.9601510e+06   1.4404297e+01
   5.9612160e+06   2.0080566e+01
   5.9613160e+06   1.5136719e+01
   5.9637550e+06   4.0100098e+01
   5.9646230e+06   7.0800781e+01
   5.9646570e+06   1.6418457e+01
   5.9649320e+06   1.5319824e+01
   5.9651510e+06   1.5563965e+01
   5.9653230e+06   6.4453125e+01
   5.9653700e+06   7.4401855e+01
   5.9655370e+06   1.5075684e+01
   5.9664350e+06   1.7395020e+01
   5.9664540e+06   7.1105957e+01
   5.9668220e+06   6.5063477e+01
   5.9668970e+06   1.4404297e+01
   5.9670460e+06   1.4282227e+01
   5.9672290e+06   6.4331055e+01
   5.9674130e+06   1.4709473e+01
   5.9678780e+06   6.6711426e+01
   5.9686470e+06   1.8249512e+01
   5.9687040e+06   7.5622559e+01
   5.9694050e+06   1.6479492e+01
   5.9694970e+06   1.5136719e+01
   5.9697820e+06   1.4465332e+01
   5.9698370e+06   1.6174316e+01
   5.9701000e+06   6.3842773e+01
   5.9717970e+06   1.4587402e+01
   5.9756830e+06   1.5197754e+01
   5.9757420e+06   6.5734863e+01
   5.9760440e+06   1.4465332e+01
   5.9773110e+06   1.4465332e+01
   5.9774080e+06   1.7822266e+01
   5.9801320e+06   1.4465332e+01
   5.9814450e+06   6.1035156e+01
   5.9822160e+06   1.7150879e+01
   5.9832420e+06   6.1401367e+01
   5.9832530e+06   1.4526367e+01
   5.9833870e+06   1.7028809e+01
   5.9836460e+06   1.4709473e+01
   5.9865240e+06   1.4953613e+01
   5.9865520e+06   6.1279297e+01
   5.9874660e+06   6.4208984e+01
   5.9874780e+06   1.9531250e+01
   5.9876210e+06   1.4404297e+01
   5.9882780e+06   1.6479492e+01
   5.9883410e+06   1.4282227e+01
   5.9899840e+06   6.4636230e+01
   5.9915040e+06   1.8188477e+01
   5.9915170e+06   1.6113281e+01
   5.9916820e+06   1.5502930e+01
   5.9917260e+06   6.5490723e+01
   5.9917620e+06   1.8127441e+01
   5.9962440e+06   1.7761230e+01
   5.9967670e+06   1.5319824e+01
   5.9970510e+06   1.4404297e+01
   5.9971940e+06   6.4208984e+01
   5.9975260e+06   1.4831543e+01
   5.9989240e+06   1.4404297e+01
