   5.9990000e+06   0.0000000e+00
   1.1460000e+03   2.4719238e+01
   1.7670000e+03   2.7038574e+01
   2.3600000e+03   2.3132324e+01
   3.2240000e+03   1.4160156e+01
   3.2630000e+03   2.6489258e+01
   3.2770000e+03   1.6235352e+01
   3.3340000e+03   2.3376465e+01
   4.7720000e+03   2.8137207e+01
   5.0630000e+03   2.2033691e+01
   5.1650000e+03   2.0507812e+01
   5.2130000e+03   2.0874023e+01
   5.3660000e+03   2.2399902e+01
   5.5660000e+03   2.1057129e+01
   5.6220000e+03   1.8981934e+01
   5.8810000e+03   1.7456055e+01
   5.9530000e+03   2.0874023e+01
   6.0120000e+03   1.6723633e+01
   6.0860000e+03   1.9287109e+01
   9.4320000e+03   2.1972656e+01
   1.0621000e+04   2.5268555e+01
   1.0843000e+04   2.5634766e+01
   1.0993000e+04   2.3437500e+01
   1.1091000e+04   2.7648926e+01
   1.1247000e+04   2.3864746e+01
   1.1302000e+04   1.8676758e+01
   1.3345000e+04   2.0874023e+01
   1.8640000e+04   2.7709961e+01
   1.9098000e+04   1.4831543e+01
   2.3070000e+04   2.4841309e+01
   2.6453000e+04   2.8442383e+01
   2.8072000e+04   2.2521973e+01
   2.8893000e+04   2.5878906e+01
   2.9020000e+04   2.4719238e+01
   2.9463000e+04   2.5756836e+01
   3.3735000e+04   2.6000977e+01
   3.6193000e+04   2.6062012e+01
   3.6308000e+04   2.5207520e+01
   3.6586000e+04   1.9897461e+01
   4.0588000e+04   2.4108887e+01
   4.2071000e+04   2.8442383e+01
   4.2401000e+04   2.7526855e+01
   4.4610000e+04   2.5146484e+01
   4.5474000e+04   2.4230957e+01
   4.5887000e+04   2.3132324e+01
   4.6928000e+04   2.2827148e+01
   4.7108000e+04   2.3803711e+01
   4.8002000e+04   2.0935059e+01
   5.1042000e+04   2.1301270e+01
   5.1185000e+04   2.7893066e+01
   5.1872000e+04   2.1667480e+01
   5.2070000e+04   2.0080566e+01
   5.2736000e+04   2.7709961e+01
   5.3992000e+04   2.4536133e+01
   5.5680000e+04   2.7160645e+01
   6.1452000e+04   3.0212402e+01
   6.1501000e+04   2.8015137e+01
   6.1643000e+04   2.1789551e+01
   6.2202000e+04   2.2766113e+01
   6.3086000e+04   1.3854980e+01
   6.3120000e+04   1.3916016e+01
   6.3153000e+04   1.5136719e+01
   6.3190000e+04   1.5625000e+01
   6.3282000e+04   1.5563965e+01
   6.4694000e+04   2.4536133e+01
   6.5436000e+04   2.5878906e+01
   7.1247000e+04   2.6428223e+01
   7.5041000e+04   2.2827148e+01
   7.5243000e+04   2.4719238e+01
   7.7290000e+04   2.3498535e+01
   8.1630000e+04   2.5268555e+01
   8.1775000e+04   3.0944824e+01
   8.3457000e+04   2.3742676e+01
   8.3500000e+04   2.3437500e+01
   8.7511000e+04   2.4475098e+01
   9.0014000e+04   2.6550293e+01
   9.2281000e+04   2.9052734e+01
   9.2389000e+04   2.2827148e+01
   9.4134000e+04   1.6418457e+01
   9.4203000e+04   2.7465820e+01
   9.8618000e+04   1.8737793e+01
   1.0093400e+05   2.5756836e+01
   1.0371500e+05   2.3559570e+01
   1.0531900e+05   2.3620605e+01
   1.0538200e+05   2.7160645e+01
   1.0546400e+05   1.6540527e+01
   1.0554400e+05   1.9775391e+01
   1.0647000e+05   2.2705078e+01
   1.0772200e+05   2.5817871e+01
   1.0894800e+05   1.5441895e+01
   1.1045300e+05   3.6376953e+01
   1.1068100e+05   2.1972656e+01
   1.1078100e+05   2.2216797e+01
   1.1196900e+05   2.3315430e+01
   1.1291500e+05   2.4719238e+01
   1.1338900e+05   2.6977539e+01
   1.1353300e+05   2.0690918e+01
   1.1465500e+05   2.4047852e+01
   1.1546500e+05   2.4353027e+01
   1.1628300e+05   2.2827148e+01
   1.2110700e+05   2.8686523e+01
   1.2120600e+05   1.3610840e+01
   1.2127300e+05   1.7944336e+01
   1.2241800e+05   2.4108887e+01
   1.2450500e+05   2.1362305e+01
   1.2741700e+05   2.9235840e+01
   1.2898100e+05   2.5207520e+01
   1.3024300e+05   2.1423340e+01
   1.3284100e+05   2.5695801e+01
   1.3308900e+05   2.4047852e+01
   1.3577100e+05   2.5695801e+01
   1.3763500e+05   1.5441895e+01
   1.3774700e+05   2.0690918e+01
   1.3910200e+05   2.7709961e+01
   1.3930500e+05   1.9653320e+01
   1.3943000e+05   2.2521973e+01
   1.3957800e+05   2.1362305e+01
   1.3966900e+05   1.9165039e+01
   1.3973500e+05   2.1118164e+01
   1.4003400e+05   2.1179199e+01
   1.4012300e+05   3.6193848e+01
   1.4022300e+05   2.3193359e+01
   1.4029900e+05   2.1728516e+01
   1.4031800e+05   1.4526367e+01
   1.4038700e+05   2.1301270e+01
   1.4732800e+05   2.5207520e+01
   1.4753200e+05   2.4719238e+01
   1.4762200e+05   2.1240234e+01
   1.4766900e+05   1.4892578e+01
   1.4772700e+05   1.6235352e+01
   1.4775900e+05   1.5747070e+01
   1.4849400e+05   2.4475098e+01
   1.4931000e+05   2.2949219e+01
   1.4950000e+05   2.4047852e+01
   1.4962900e+05   2.2888184e+01
   1.4972600e+05   1.8432617e+01
   1.5310500e+05   2.6977539e+01
   1.5388600e+05   2.2399902e+01
   1.6050700e+05   2.9235840e+01
   1.6274800e+05   2.4658203e+01
   1.6614200e+05   2.5939941e+01
   1.6875400e+05   2.9113770e+01
   1.6926400e+05   2.4475098e+01
   1.6954400e+05   2.2277832e+01
   1.7519600e+05   2.6733398e+01
   1.7796000e+05   2.3803711e+01
   1.7808700e+05   2.7221680e+01
   1.7822400e+05   2.8320312e+01
   1.7831500e+05   2.0812988e+01
   1.7846000e+05   2.6733398e+01
   1.7851800e+05   2.0874023e+01
   1.8546300e+05   2.6855469e+01
   1.8607000e+05   2.5634766e+01
   1.8937100e+05   2.5695801e+01
   1.9065600e+05   1.4465332e+01
   1.9348400e+05   2.3803711e+01
   1.9432600e+05   2.9724121e+01
   1.9433800e+05   2.5329590e+01
   1.9449300e+05   2.2216797e+01
   1.9702200e+05   2.7770996e+01
   1.9751300e+05   2.6672363e+01
   1.9867700e+05   2.2888184e+01
   1.9913000e+05   2.5451660e+01
   1.9944100e+05   2.5268555e+01
   1.9999900e+05   2.3620605e+01
   2.0069200e+05   2.6245117e+01
   2.0441300e+05   2.6245117e+01
   2.0568100e+05   2.3742676e+01
   2.0698800e+05   2.3742676e+01
   2.0893300e+05   2.4841309e+01
   2.0946700e+05   2.5512695e+01
   2.1210100e+05   2.6000977e+01
   2.1291800e+05   2.1362305e+01
   2.1333700e+05   1.3610840e+01
   2.1337300e+05   1.5136719e+01
   2.1437100e+05   2.0996094e+01
   2.1441200e+05   2.2583008e+01
   2.1458400e+05   1.9104004e+01
   2.1461900e+05   2.1728516e+01
   2.1818000e+05   2.4597168e+01
   2.2079000e+05   3.2043457e+01
   2.2191700e+05   2.4963379e+01
   2.2308100e+05   2.3254395e+01
   2.2393500e+05   1.4221191e+01
   2.2447400e+05   2.5390625e+01
   2.2589300e+05   2.0202637e+01
   2.2975900e+05   2.8564453e+01
   2.3084100e+05   2.5390625e+01
   2.3118100e+05   2.6733398e+01
   2.3227300e+05   3.0090332e+01
   2.3723200e+05   3.0639648e+01
   2.3795000e+05   2.5634766e+01
   2.3985900e+05   1.4221191e+01
   2.4069000e+05   2.6916504e+01
   2.4072200e+05   1.6052246e+01
   2.4076700e+05   1.9958496e+01
   2.4081700e+05   1.8859863e+01
   2.4090200e+05   1.3916016e+01
   2.4307700e+05   2.1301270e+01
   2.4406100e+05   1.6418457e+01
   2.4413500e+05   2.0019531e+01
   2.4769400e+05   2.3010254e+01
   2.4912400e+05   2.9602051e+01
   2.5132100e+05   2.7648926e+01
   2.5348000e+05   2.4414062e+01
   2.5459800e+05   2.5878906e+01
   2.5678800e+05   2.6062012e+01
   2.5920600e+05   2.7282715e+01
   2.6170700e+05   2.3132324e+01
   2.6316900e+05   2.3437500e+01
   2.6333500e+05   2.0812988e+01
   2.6370300e+05   2.5024414e+01
   2.6372800e+05   2.4353027e+01
   2.6378500e+05   1.3610840e+01
   2.6643300e+05   2.4841309e+01
   2.6673800e+05   2.4047852e+01
   2.6711500e+05   2.6306152e+01
   2.6783900e+05   2.5817871e+01
   2.6812000e+05   2.2521973e+01
   2.6873200e+05   2.2094727e+01
   2.6918500e+05   2.3132324e+01
   2.7219400e+05   2.4414062e+01
   2.7404100e+05   1.3854980e+01
   2.7446300e+05   2.6733398e+01
   2.7467300e+05   2.7038574e+01
   2.7471500e+05   2.1911621e+01
   2.7499400e+05   2.5085449e+01
   2.7520300e+05   2.6611328e+01
   2.7533200e+05   1.9104004e+01
   2.7995200e+05   2.4047852e+01
   2.8143700e+05   2.2277832e+01
   2.8148300e+05   2.2705078e+01
   2.8490200e+05   2.3986816e+01
   2.8580600e+05   2.7587891e+01
   2.8784700e+05   2.4230957e+01
   2.8804200e+05   2.4841309e+01
   2.8947000e+05   2.3620605e+01
   2.9368500e+05   2.4353027e+01
   2.9630400e+05   1.4770508e+01
   2.9634200e+05   1.4831543e+01
   2.9981900e+05   2.7770996e+01
   3.0071500e+05   2.1850586e+01
   3.0345400e+05   2.3864746e+01
   3.0389000e+05   2.6611328e+01
   3.0554100e+05   2.1118164e+01
   3.0561900e+05   1.7822266e+01
   3.0647200e+05   2.0202637e+01
   3.0944100e+05   2.6184082e+01
   3.1017700e+05   2.5878906e+01
   3.1128300e+05   2.4597168e+01
   3.1163300e+05   2.1240234e+01
   3.1183400e+05   2.4841309e+01
   3.1192400e+05   1.9042969e+01
   3.1200700e+05   2.4047852e+01
   3.1248300e+05   2.2521973e+01
   3.1284700e+05   2.2766113e+01
   3.1317600e+05   2.1179199e+01
   3.1359000e+05   1.9592285e+01
   3.1442700e+05   2.4353027e+01
   3.1457900e+05   2.3071289e+01
   3.1504100e+05   2.3193359e+01
   3.1559500e+05   2.4719238e+01
   3.1655500e+05   1.4892578e+01
   3.1660600e+05   1.5136719e+01
   3.1664600e+05   1.7211914e+01
   3.1668900e+05   1.5991211e+01
   3.1745700e+05   2.1240234e+01
   3.2358000e+05   2.6245117e+01
   3.2368000e+05   2.6184082e+01
   3.2683200e+05   2.1240234e+01
   3.2923400e+05   2.8930664e+01
   3.3210000e+05   2.8808594e+01
   3.3389000e+05   2.5512695e+01
   3.3470400e+05   2.4047852e+01
   3.3557300e+05   2.3254395e+01
   3.3627900e+05   2.8747559e+01
   3.3946000e+05   2.6977539e+01
   3.4090800e+05   2.6489258e+01
   3.4106500e+05   2.5573730e+01
   3.4120100e+05   2.6367187e+01
   3.4125000e+05   2.0263672e+01
   3.4219100e+05   1.9775391e+01
   3.4389800e+05   2.7160645e+01
   3.4479500e+05   2.2521973e+01
   3.4489400e+05   1.3977051e+01
   3.4791600e+05   2.6733398e+01
   3.4982100e+05   2.4902344e+01
   3.5369000e+05   2.7648926e+01
   3.5379800e+05   2.6306152e+01
   3.5383700e+05   1.9836426e+01
   3.5758600e+05   2.3498535e+01
   3.5986000e+05   2.4353027e+01
   3.6151600e+05   2.5878906e+01
   3.6189000e+05   2.5329590e+01
   3.6292000e+05   2.7221680e+01
   3.6711600e+05   2.1606445e+01
   3.7098900e+05   2.0202637e+01
   3.7320800e+05   2.0568848e+01
   3.7363600e+05   2.4475098e+01
   3.7512100e+05   2.9418945e+01
   3.7527400e+05   2.1240234e+01
   3.7539400e+05   2.1057129e+01
   3.7597000e+05   2.0202637e+01
   3.7611900e+05   2.5268555e+01
   3.7624700e+05   2.3986816e+01
   3.7664200e+05   2.2583008e+01
   3.7672300e+05   2.1667480e+01
   3.7687300e+05   2.5634766e+01
   3.7697200e+05   2.7343750e+01
   3.7701200e+05   1.8310547e+01
   3.7738800e+05   2.1179199e+01
   3.8546200e+05   3.1433105e+01
   3.8652100e+05   2.6123047e+01
   3.8702400e+05   3.0273438e+01
   3.8707600e+05   2.0385742e+01
   3.8711100e+05   1.7028809e+01
   3.8848100e+05   2.1423340e+01
   3.9134500e+05   2.6000977e+01
   3.9426600e+05   2.1972656e+01
   3.9454500e+05   2.7465820e+01
   3.9464300e+05   1.7150879e+01
   3.9468400e+05   1.6967773e+01
   3.9496400e+05   1.5197754e+01
   3.9506100e+05   2.1057129e+01
   4.0141400e+05   2.0446777e+01
   4.0191300e+05   2.8320312e+01
   4.0321100e+05   2.7282715e+01
   4.0333400e+05   2.3803711e+01
   4.0339400e+05   1.9287109e+01
   4.0343000e+05   2.1972656e+01
   4.0354400e+05   2.0751953e+01
   4.0402600e+05   2.1057129e+01
   4.0639100e+05   2.5512695e+01
   4.0643500e+05   2.2399902e+01
   4.0658800e+05   2.8015137e+01
   4.0705300e+05   2.1545410e+01
   4.1531100e+05   2.1850586e+01
   4.1767100e+05   2.6672363e+01
   4.1779700e+05   2.2888184e+01
   4.1785600e+05   1.9897461e+01
   4.2435700e+05   2.1545410e+01
   4.2694700e+05   2.6123047e+01
   4.2969100e+05   2.7587891e+01
   4.3085500e+05   3.0029297e+01
   4.3138000e+05   1.8615723e+01
   4.3158500e+05   2.2399902e+01
   4.3166500e+05   2.3132324e+01
   4.3852800e+05   2.0874023e+01
   4.4024400e+05   2.5817871e+01
   4.4027600e+05   2.3071289e+01
   4.4036200e+05   1.7272949e+01
   4.4054800e+05   2.3010254e+01
   4.4069100e+05   1.3977051e+01
   4.4075400e+05   1.4343262e+01
   4.4079500e+05   1.7333984e+01
   4.4082900e+05   1.4282227e+01
   4.4089700e+05   1.6906738e+01
   4.4093400e+05   1.6479492e+01
   4.4099500e+05   1.4587402e+01
   4.4110300e+05   1.4770508e+01
   4.4150100e+05   2.1850586e+01
   4.4439300e+05   2.7954102e+01
   4.4639900e+05   2.5512695e+01
   4.4649800e+05   2.0080566e+01
   4.4657200e+05   2.7099609e+01
   4.4696400e+05   2.4047852e+01
   4.4707500e+05   2.6123047e+01
   4.4713600e+05   1.9958496e+01
   4.4780400e+05   2.0629883e+01
   4.4788300e+05   1.4587402e+01
   4.4900900e+05   2.4414062e+01
   4.4908100e+05   1.9592285e+01
   4.4913600e+05   2.2155762e+01
   4.5291200e+05   2.4047852e+01
   4.5365800e+05   2.5146484e+01
   4.5374900e+05   1.6723633e+01
   4.5522600e+05   2.2277832e+01
   4.5551200e+05   2.5634766e+01
   4.5594800e+05   2.5085449e+01
   4.5605900e+05   2.3498535e+01
   4.5807000e+05   2.3254395e+01
   4.5838800e+05   2.3986816e+01
   4.5853400e+05   2.0812988e+01
   4.5862100e+05   2.4108887e+01
   4.5882000e+05   2.1545410e+01
   4.5902900e+05   1.3610840e+01
   4.5920100e+05   2.3132324e+01
   4.5937300e+05   2.2949219e+01
   4.6170300e+05   2.3376465e+01
   4.6576900e+05   2.0935059e+01
   4.6633400e+05   2.4963379e+01
   4.6878200e+05   2.8991699e+01
   4.6922300e+05   2.4047852e+01
   4.7002900e+05   2.5756836e+01
   4.7579600e+05   3.0273437e+01
   4.7645100e+05   2.3742676e+01
   4.7666700e+05   2.6550293e+01
   4.7716500e+05   2.5939941e+01
   4.8045600e+05   2.3742676e+01
   4.8153600e+05   2.8137207e+01
   4.8163400e+05   1.8188477e+01
   4.8184600e+05   2.8747559e+01
   4.8194100e+05   1.3916016e+01
   4.8195900e+05   3.4423828e+01
   4.8659800e+05   2.6977539e+01
   4.8716000e+05   2.2827148e+01
   4.8790500e+05   1.9592285e+01
   4.8796600e+05   1.5502930e+01
   4.9178600e+05   2.2155762e+01
   4.9350900e+05   2.4291992e+01
   4.9604300e+05   2.1301270e+01
   4.9617500e+05   2.3071289e+01
   4.9629700e+05   2.2094727e+01
   4.9633400e+05   1.6479492e+01
   4.9712400e+05   2.0446777e+01
   4.9873000e+05   2.2827148e+01
   4.9910600e+05   1.9470215e+01
   4.9914400e+05   1.3732910e+01
   5.0084500e+05   2.6367187e+01
   5.0486700e+05   2.6123047e+01
   5.0568100e+05   2.3742676e+01
   5.0645500e+05   2.0385742e+01
   5.0746100e+05   2.3559570e+01
   5.0828000e+05   2.3376465e+01
   5.0944400e+05   2.5939941e+01
   5.1207500e+05   1.9226074e+01
   5.1212000e+05   2.1423340e+01
   5.1924000e+05   2.0141602e+01
   5.2188700e+05   2.3132324e+01
   5.2421000e+05   1.5014648e+01
   5.2425500e+05   3.0212402e+01
   5.2715300e+05   2.8930664e+01
   5.2902200e+05   2.2338867e+01
   5.2923700e+05   2.7160645e+01
   5.2930300e+05   2.6367187e+01
   5.2960100e+05   3.0273437e+01
   5.2996500e+05   2.2827148e+01
   5.3009800e+05   1.9775391e+01
   5.3019000e+05   1.9653320e+01
   5.3498500e+05   2.4108887e+01
   5.3660500e+05   1.8615723e+01
   5.3713900e+05   2.3132324e+01
   5.3729200e+05   2.2399902e+01
   5.3880900e+05   2.5695801e+01
   5.3889100e+05   2.3559570e+01
   5.3894800e+05   2.3803711e+01
   5.3999500e+05   2.4841309e+01
   5.4024800e+05   2.3681641e+01
   5.4033700e+05   2.5756836e+01
   5.4851900e+05   2.8381348e+01
   5.4896800e+05   2.4047852e+01
   5.5210800e+05   2.5512695e+01
   5.5219400e+05   3.1616211e+01
   5.5226600e+05   2.1545410e+01
   5.5302900e+05   1.4282227e+01
   5.5347800e+05   2.2949219e+01
   5.5452700e+05   2.1850586e+01
   5.5483400e+05   2.1728516e+01
   5.5520400e+05   2.8320312e+01
   5.6013300e+05   2.5573730e+01
   5.6282300e+05   2.7099609e+01
   5.6324900e+05   2.4353027e+01
   5.6380300e+05   2.2277832e+01
   5.6390300e+05   2.5695801e+01
   5.6401500e+05   1.3732910e+01
   5.6607400e+05   2.5390625e+01
   5.6677700e+05   2.4414062e+01
   5.6894300e+05   2.4291992e+01
   5.6900800e+05   2.6123047e+01
   5.7444000e+05   2.3315430e+01
   5.7649900e+05   2.8564453e+01
   5.7659000e+05   2.6611328e+01
   5.7662600e+05   2.3132324e+01
   5.7692500e+05   2.3559570e+01
   5.7738700e+05   2.5329590e+01
   5.7780700e+05   1.4282227e+01
   5.7800700e+05   2.0751953e+01
   5.7801800e+05   1.3793945e+01
   5.7863500e+05   1.6174316e+01
   5.7867900e+05   1.7028809e+01
   5.7916500e+05   2.5634766e+01
   5.7941600e+05   2.0874023e+01
   5.8424700e+05   2.5085449e+01
   5.8430100e+05   2.5756836e+01
   5.8472100e+05   1.5197754e+01
   5.8475800e+05   1.6052246e+01
   5.8479200e+05   1.4587402e+01
   5.8483900e+05   1.4770508e+01
   5.8491400e+05   2.4414062e+01
   5.8522100e+05   2.8625488e+01
   5.8560900e+05   2.4902344e+01
   5.8589000e+05   2.1179199e+01
   5.8609700e+05   2.1545410e+01
   5.9109100e+05   3.2104492e+01
   5.9117600e+05   2.0629883e+01
   5.9145000e+05   2.2827148e+01
   5.9452700e+05   2.6184082e+01
   5.9608300e+05   2.5390625e+01
   5.9793200e+05   2.0935059e+01
   6.0165600e+05   2.8930664e+01
   6.0423900e+05   2.7404785e+01
   6.0735700e+05   2.2094727e+01
   6.0809400e+05   2.3315430e+01
   6.1041400e+05   2.2705078e+01
   6.1106600e+05   2.3498535e+01
   6.1157500e+05   2.7465820e+01
   6.1166400e+05   2.2460937e+01
   6.1170200e+05   2.0507812e+01
   6.1263800e+05   2.5634766e+01
   6.1271900e+05   2.3437500e+01
   6.1651900e+05   2.5939941e+01
   6.1764100e+05   2.1606445e+01
   6.1780400e+05   2.6428223e+01
   6.1785700e+05   2.4719238e+01
   6.2373100e+05   2.3925781e+01
   6.2600700e+05   2.6062012e+01
   6.2698000e+05   2.6733398e+01
   6.2714100e+05   2.1850586e+01
   6.2827600e+05   2.1362305e+01
   6.2853400e+05   2.0446777e+01
   6.2867600e+05   2.3254395e+01
   6.2873600e+05   1.8493652e+01
   6.2986400e+05   2.5024414e+01
   6.3034800e+05   2.1972656e+01
   6.3345100e+05   3.0517578e+01
   6.3389800e+05   1.5319824e+01
   6.3880400e+05   3.0029297e+01
   6.4121900e+05   2.5756836e+01
   6.4215800e+05   1.3549805e+01
   6.4222300e+05   2.3925781e+01
   6.4350400e+05   1.5686035e+01
   6.4355900e+05   1.5502930e+01
   6.4379100e+05   2.3620605e+01
   6.4390000e+05   2.3803711e+01
   6.4496200e+05   2.1850586e+01
   6.4618300e+05   2.4780273e+01
   6.4911700e+05   2.8015137e+01
   6.5105400e+05   2.2827148e+01
   6.5145400e+05   2.2827148e+01
   6.5163700e+05   2.3864746e+01
   6.5340900e+05   1.9714355e+01
   6.5344900e+05   1.4587402e+01
   6.5351800e+05   1.5197754e+01
   6.5355900e+05   1.5197754e+01
   6.5364000e+05   2.3071289e+01
   6.5447700e+05   1.8066406e+01
   6.5457200e+05   1.9531250e+01
   6.5469600e+05   1.8920898e+01
   6.5475200e+05   1.8066406e+01
   6.5478700e+05   2.1545410e+01
   6.5479700e+05   1.7639160e+01
   6.5492600e+05   2.4414062e+01
   6.6188500e+05   2.3193359e+01
   6.6462300e+05   2.6550293e+01
   6.6710700e+05   2.5085449e+01
   6.6780600e+05   2.3864746e+01
   6.6792500e+05   2.3193359e+01
   6.6812000e+05   1.9836426e+01
   6.7013900e+05   2.1057129e+01
   6.7020100e+05   2.6062012e+01
   6.7044100e+05   1.7395020e+01
   6.7049700e+05   1.7883301e+01
   6.7088800e+05   1.9042969e+01
   6.7112100e+05   2.3254395e+01
   6.7121000e+05   2.4780273e+01
   6.7126100e+05   2.5146484e+01
   6.7167000e+05   2.4658203e+01
   6.7189500e+05   1.8798828e+01
   6.7215100e+05   2.3864746e+01
   6.7251400e+05   2.2399902e+01
   6.7704400e+05   2.9907227e+01
   6.8008300e+05   2.9968262e+01
   6.8014800e+05   1.7089844e+01
   6.8025200e+05   2.0263672e+01
   6.8041200e+05   2.4169922e+01
   6.8047700e+05   2.2094727e+01
   6.8096000e+05   2.1179199e+01
   6.8405700e+05   2.3742676e+01
   6.8414500e+05   1.8432617e+01
   6.8429200e+05   2.0812988e+01
   6.8434700e+05   2.1789551e+01
   6.8837900e+05   2.7526855e+01
   6.9212700e+05   2.7343750e+01
   6.9312900e+05   2.3010254e+01
   6.9354000e+05   2.1728516e+01
   6.9499700e+05   2.7404785e+01
   6.9796000e+05   2.8381348e+01
   6.9875400e+05   2.4841309e+01
   6.9907700e+05   1.8676758e+01
   6.9916900e+05   1.8493652e+01
   7.0171700e+05   2.8869629e+01
   7.0199300e+05   2.7282715e+01
   7.0482800e+05   2.6611328e+01
   7.0498700e+05   2.8808594e+01
   7.1267800e+05   2.3986816e+01
   7.1560600e+05   2.0324707e+01
   7.2101700e+05   2.7832031e+01
   7.2230900e+05   1.8737793e+01
   7.2496600e+05   2.5085449e+01
   7.2552100e+05   2.4047852e+01
   7.2782200e+05   2.5085449e+01
   7.3277100e+05   2.3376465e+01
   7.3394700e+05   2.2827148e+01
   7.3518600e+05   2.4047852e+01
   7.3537200e+05   2.4475098e+01
   7.3548500e+05   2.3376465e+01
   7.3565400e+05   2.6245117e+01
   7.4001600e+05   2.7526855e+01
   7.4120500e+05   2.9235840e+01
   7.4144900e+05   2.5634766e+01
   7.4501200e+05   2.5756836e+01
   7.4678500e+05   2.3559570e+01
   7.5014300e+05   3.0273437e+01
   7.5146200e+05   2.8503418e+01
   7.5348100e+05   2.4169922e+01
   7.5456700e+05   2.7954102e+01
   7.5728500e+05   2.8259277e+01
   7.6126400e+05   2.5512695e+01
   7.6151200e+05   2.9235840e+01
   7.6163000e+05   2.0507812e+01
   7.6166200e+05   1.7761230e+01
   7.6210800e+05   2.1789551e+01
   7.6627200e+05   2.6611328e+01
   7.6702500e+05   2.8991699e+01
   7.6707400e+05   1.3549805e+01
   7.6709900e+05   2.6550293e+01
   7.6714100e+05   1.5258789e+01
   7.6717900e+05   1.4953613e+01
   7.6721500e+05   1.5014648e+01
   7.6917100e+05   3.0822754e+01
   7.6930300e+05   2.1362305e+01
   7.6942100e+05   2.4963379e+01
   7.6947700e+05   1.9226074e+01
   7.7365300e+05   2.1789551e+01
   7.7421900e+05   2.5756836e+01
   7.7447400e+05   2.4475098e+01
   7.7490100e+05   2.8320312e+01
   7.7495600e+05   2.1423340e+01
   7.7585800e+05   2.9235840e+01
   7.7590700e+05   2.0080566e+01
   7.7958800e+05   2.7832031e+01
   7.8374300e+05   2.2705078e+01
   7.8529500e+05   2.6733398e+01
   7.8688700e+05   2.3986816e+01
   7.8883900e+05   2.3132324e+01
   7.8938300e+05   2.5390625e+01
   7.9238100e+05   2.9235840e+01
   7.9375900e+05   2.4780273e+01
   7.9446100e+05   1.8615723e+01
   7.9455600e+05   2.1667480e+01
   7.9541100e+05   1.9653320e+01
   7.9864200e+05   3.1066895e+01
   8.0015600e+05   2.7770996e+01
   8.0096800e+05   2.2094727e+01
   8.0357300e+05   2.3071289e+01
   8.0572000e+05   2.8869629e+01
   8.0693500e+05   2.1911621e+01
   8.0734800e+05   2.1057129e+01
   8.0739200e+05   1.7700195e+01
   8.0742500e+05   2.1057129e+01
   8.0750400e+05   2.2583008e+01
   8.1050000e+05   2.9113770e+01
   8.1176100e+05   3.0456543e+01
   8.1423200e+05   2.8137207e+01
   8.1505000e+05   2.3132324e+01
   8.1536300e+05   1.9714355e+01
   8.1541200e+05   1.9836426e+01
   8.1548600e+05   2.0385742e+01
   8.1857300e+05   2.5329590e+01
   8.1996800e+05   2.5024414e+01
   8.2107500e+05   2.7343750e+01
   8.2541100e+05   3.0212402e+01
   8.2700100e+05   2.2460937e+01
   8.2760900e+05   2.5939941e+01
   8.2906600e+05   2.4291992e+01
   8.3131200e+05   2.7770996e+01
   8.3220400e+05   2.2949219e+01
   8.3258700e+05   2.4230957e+01
   8.3343900e+05   2.3559570e+01
   8.3654300e+05   1.7700195e+01
   8.3658000e+05   1.8066406e+01
   8.3664500e+05   1.5747070e+01
   8.3935400e+05   2.2094727e+01
   8.4067100e+05   2.1972656e+01
   8.4149400e+05   2.2888184e+01
   8.4350600e+05   2.8625488e+01
   8.4499200e+05   2.4780273e+01
   8.4617400e+05   1.4038086e+01
   8.4737100e+05   1.5625000e+01
   8.4763400e+05   2.9663086e+01
   8.5006000e+05   2.8076172e+01
   8.5189100e+05   2.5390625e+01
   8.5298700e+05   2.5451660e+01
   8.5379100e+05   1.4953613e+01
   8.5432600e+05   2.5756836e+01
   8.5705000e+05   2.2399902e+01
   8.5752600e+05   2.7587891e+01
   8.5784700e+05   1.9958496e+01
   8.5790100e+05   2.6550293e+01
   8.6035100e+05   2.7832031e+01
   8.6169300e+05   2.7160645e+01
   8.6402800e+05   2.8015137e+01
   8.6407700e+05   1.8371582e+01
   8.6672400e+05   2.5024414e+01
   8.6771300e+05   2.5451660e+01
   8.6848800e+05   2.6855469e+01
   8.6943800e+05   2.3864746e+01
   8.7116000e+05   2.4963379e+01
   8.7122800e+05   2.5451660e+01
   8.7157100e+05   2.4841309e+01
   8.7223200e+05   2.2094727e+01
   8.7255800e+05   1.4587402e+01
   8.7259000e+05   1.5747070e+01
   8.7261700e+05   2.3376465e+01
   8.7262900e+05   1.4526367e+01
   8.7278000e+05   1.3793945e+01
   8.7282000e+05   1.6662598e+01
   8.7285900e+05   1.6174316e+01
   8.7312100e+05   2.3132324e+01
   8.7348700e+05   2.4719238e+01
   8.7425000e+05   2.4536133e+01
   8.7790000e+05   2.4108887e+01
   8.7886400e+05   2.8442383e+01
   8.7921100e+05   2.5268555e+01
   8.7934500e+05   2.3376465e+01
   8.7939300e+05   2.1850586e+01
   8.8076000e+05   2.1972656e+01
   8.8224600e+05   2.8869629e+01
   8.8228600e+05   2.6489258e+01
   8.8230700e+05   2.3986816e+01
   8.8311000e+05   2.4597168e+01
   8.8493600e+05   1.4770508e+01
   8.8873500e+05   2.8869629e+01
   8.9001600e+05   2.5268555e+01
   8.9021600e+05   2.5085449e+01
   8.9381100e+05   2.6489258e+01
   8.9508500e+05   2.1606445e+01
   8.9525700e+05   2.1728516e+01
   8.9583600e+05   2.8137207e+01
   8.9588700e+05   2.2644043e+01
   8.9719000e+05   1.9531250e+01
   8.9732800e+05   2.0812988e+01
   8.9738300e+05   2.0935059e+01
   8.9752900e+05   2.0202637e+01
   8.9758200e+05   2.0385742e+01
   8.9763700e+05   1.7883301e+01
   8.9775900e+05   1.8676758e+01
   8.9780300e+05   1.7089844e+01
   8.9785600e+05   1.6906738e+01
   8.9799100e+05   1.7028809e+01
   8.9815700e+05   1.6113281e+01
   8.9822600e+05   1.7700195e+01
   8.9829900e+05   1.6418457e+01
   8.9845800e+05   2.1057129e+01
   8.9855500e+05   1.8493652e+01
   8.9862900e+05   1.7150879e+01
   8.9886100e+05   2.7709961e+01
   8.9893700e+05   2.0935059e+01
   8.9901000e+05   2.2888184e+01
   8.9906400e+05   2.2949219e+01
   8.9983000e+05   1.4038086e+01
   9.0014800e+05   1.3916016e+01
   9.0026100e+05   1.5441895e+01
   9.0848500e+05   2.0629883e+01
   9.1092200e+05   2.5573730e+01
   9.1244900e+05   2.9113770e+01
   9.1370100e+05   2.0446777e+01
   9.1377300e+05   1.7456055e+01
   9.1380800e+05   1.7639160e+01
   9.1384200e+05   2.2094727e+01
   9.1387700e+05   1.8676758e+01
   9.1392600e+05   1.4892578e+01
   9.1397400e+05   1.9836426e+01
   9.1403000e+05   1.7028809e+01
   9.1408000e+05   1.9897461e+01
   9.1430500e+05   1.6906738e+01
   9.1690500e+05   2.3681641e+01
   9.1894200e+05   1.7456055e+01
   9.1898000e+05   1.5686035e+01
   9.1949900e+05   2.9602051e+01
   9.2002100e+05   1.7578125e+01
   9.2305100e+05   2.2460937e+01
   9.2351900e+05   2.1118164e+01
   9.2473600e+05   2.3315430e+01
   9.2553000e+05   2.6367188e+01
   9.2819800e+05   3.0578613e+01
   9.2827900e+05   2.3315430e+01
   9.2835200e+05   2.5207520e+01
   9.3187100e+05   2.5634766e+01
   9.3332400e+05   2.2521973e+01
   9.3354100e+05   2.1545410e+01
   9.3359000e+05   2.1850586e+01
   9.3365200e+05   2.0751953e+01
   9.3638700e+05   2.1484375e+01
   9.3805600e+05   2.3010254e+01
   9.3853200e+05   2.0263672e+01
   9.4258500e+05   2.7099609e+01
   9.4519500e+05   2.3986816e+01
   9.4553400e+05   2.4780273e+01
   9.4587000e+05   1.8249512e+01
   9.4758500e+05   1.3793945e+01
   9.5054800e+05   2.4291992e+01
   9.5263500e+05   2.3559570e+01
   9.5426800e+05   2.1179199e+01
   9.5696600e+05   2.5451660e+01
   9.5940200e+05   2.7465820e+01
   9.6031400e+05   2.3071289e+01
   9.6089500e+05   2.6245117e+01
   9.6095200e+05   2.0751953e+01
   9.6104200e+05   2.1301270e+01
   9.6152100e+05   2.1240234e+01
   9.6221400e+05   2.4169922e+01
   9.6535700e+05   2.6550293e+01
   9.6604700e+05   2.6245117e+01
   9.6741000e+05   2.3071289e+01
   9.6878100e+05   2.0324707e+01
   9.7005400e+05   2.2583008e+01
   9.7054500e+05   2.3071289e+01
   9.7395900e+05   2.5695801e+01
   9.7701600e+05   2.8198242e+01
   9.7967900e+05   2.5695801e+01
   9.7984500e+05   2.5573730e+01
   9.7990300e+05   1.9775391e+01
   9.8002900e+05   2.3132324e+01
   9.8014000e+05   2.3193359e+01
   9.8218300e+05   1.5808105e+01
   9.8221900e+05   1.3671875e+01
   9.8232900e+05   1.4709473e+01
   9.8238600e+05   1.3732910e+01
   9.8275900e+05   2.6672363e+01
   9.8292200e+05   2.5268555e+01
   9.8323900e+05   2.2277832e+01
   9.8812900e+05   2.2338867e+01
   9.8943300e+05   2.5817871e+01
   9.9224300e+05   2.1484375e+01
   9.9236300e+05   2.4414062e+01
   9.9253000e+05   2.5573730e+01
   9.9257000e+05   2.0324707e+01
   9.9362800e+05   2.5939941e+01
   9.9378100e+05   2.3132324e+01
   9.9416600e+05   2.0690918e+01
   9.9443500e+05   2.0874023e+01
   9.9509100e+05   1.8371582e+01
   1.0006340e+06   2.4597168e+01
   1.0022690e+06   2.3986816e+01
   1.0052850e+06   2.2033691e+01
   1.0073540e+06   2.6000977e+01
   1.0086150e+06   2.5390625e+01
   1.0087700e+06   2.1057129e+01
   1.0088110e+06   2.0446777e+01
   1.0124290e+06   2.5878906e+01
   1.0126970e+06   2.3681641e+01
   1.0129070e+06   2.0202637e+01
   1.0129770e+06   1.9714355e+01
   1.0132180e+06   2.3498535e+01
   1.0137330e+06   2.0019531e+01
   1.0161580e+06   2.3437500e+01
   1.0162730e+06   1.8920898e+01
   1.0188320e+06   2.4047852e+01
   1.0203380e+06   2.4536133e+01
   1.0205300e+06   2.7770996e+01
   1.0209550e+06   2.2766113e+01
   1.0230030e+06   2.2216797e+01
   1.0233150e+06   2.2644043e+01
   1.0236250e+06   2.5268555e+01
   1.0239390e+06   2.3498535e+01
   1.0277430e+06   2.6123047e+01
   1.0287860e+06   2.9418945e+01
   1.0290820e+06   2.1972656e+01
   1.0299540e+06   2.5878906e+01
   1.0301650e+06   2.5817871e+01
   1.0306170e+06   2.4536133e+01
   1.0310560e+06   1.3671875e+01
   1.0311000e+06   1.4587402e+01
   1.0311430e+06   1.3732910e+01
   1.0311790e+06   1.8676758e+01
   1.0312370e+06   2.4902344e+01
   1.0327740e+06   2.0080566e+01
   1.0334870e+06   2.6855469e+01
   1.0361880e+06   2.4353027e+01
   1.0377650e+06   2.5573730e+01
   1.0393020e+06   2.6184082e+01
   1.0396630e+06   2.5573730e+01
   1.0397320e+06   2.2094727e+01
   1.0417530e+06   2.5817871e+01
   1.0424770e+06   2.4414062e+01
   1.0450560e+06   2.8503418e+01
   1.0454630e+06   2.5695801e+01
   1.0491860e+06   2.9296875e+01
   1.0520940e+06   2.3010254e+01
   1.0564570e+06   2.4291992e+01
   1.0587280e+06   2.0019531e+01
   1.0600350e+06   2.1301270e+01
   1.0625460e+06   2.4169922e+01
   1.0639500e+06   1.9775391e+01
   1.0648320e+06   1.9409180e+01
   1.0648660e+06   1.5380859e+01
   1.0648980e+06   1.6845703e+01
   1.0649290e+06   2.6489258e+01
   1.0650290e+06   1.3549805e+01
   1.0651110e+06   1.3916016e+01
   1.0651710e+06   1.6357422e+01
   1.0655320e+06   2.7038574e+01
   1.0656320e+06   2.2888184e+01
   1.0693880e+06   2.0996094e+01
   1.0701160e+06   2.7465820e+01
   1.0738760e+06   2.6489258e+01
   1.0740890e+06   2.2766113e+01
   1.0760140e+06   2.4719238e+01
   1.0761130e+06   2.1606445e+01
   1.0767510e+06   2.5268555e+01
   1.0799580e+06   2.6794434e+01
   1.0819870e+06   2.3803711e+01
   1.0825980e+06   2.8991699e+01
   1.0865510e+06   2.2583008e+01
   1.0871720e+06   2.7465820e+01
   1.0883370e+06   2.1240234e+01
   1.0886860e+06   2.5878906e+01
   1.0921570e+06   1.4465332e+01
   1.0921910e+06   1.3793945e+01
   1.0922540e+06   1.5930176e+01
   1.0922990e+06   1.6479492e+01
   1.0923660e+06   1.4038086e+01
   1.0924090e+06   1.3671875e+01
   1.0926010e+06   2.4719238e+01
   1.0931180e+06   2.4780273e+01
   1.0956960e+06   2.2949219e+01
   1.0966540e+06   2.2399902e+01
   1.0984210e+06   2.4841309e+01
   1.1002570e+06   3.1311035e+01
   1.1025300e+06   2.5207520e+01
   1.1051640e+06   2.4719238e+01
   1.1067570e+06   2.2399902e+01
   1.1091250e+06   3.1738281e+01
   1.1098370e+06   1.8249512e+01
   1.1098850e+06   1.7333984e+01
   1.1099190e+06   2.0812988e+01
   1.1099560e+06   2.2094727e+01
   1.1099940e+06   1.7272949e+01
   1.1100320e+06   1.7944336e+01
   1.1100720e+06   1.8432617e+01
   1.1101210e+06   2.2155762e+01
   1.1101760e+06   1.9958496e+01
   1.1102290e+06   1.8188477e+01
   1.1103140e+06   2.0751953e+01
   1.1103590e+06   2.3071289e+01
   1.1104180e+06   2.0324707e+01
   1.1104740e+06   1.8615723e+01
   1.1105380e+06   1.8127441e+01
   1.1105910e+06   1.8127441e+01
   1.1106480e+06   1.6357422e+01
   1.1106790e+06   2.2216797e+01
   1.1107100e+06   1.9653320e+01
   1.1107710e+06   1.4770508e+01
   1.1108360e+06   1.7517090e+01
   1.1109030e+06   2.0263672e+01
   1.1109920e+06   2.1179199e+01
   1.1110580e+06   2.2277832e+01
   1.1111380e+06   2.2521973e+01
   1.1112550e+06   1.4953613e+01
   1.1113300e+06   2.2216797e+01
   1.1114040e+06   1.7028809e+01
   1.1115010e+06   1.8066406e+01
   1.1116650e+06   2.2827148e+01
   1.1117320e+06   2.0141602e+01
   1.1118580e+06   2.0996094e+01
   1.1119580e+06   1.8432617e+01
   1.1120780e+06   2.1301270e+01
   1.1121870e+06   1.8371582e+01
   1.1123670e+06   2.1972656e+01
   1.1124880e+06   2.0629883e+01
   1.1126230e+06   1.8920898e+01
   1.1128570e+06   2.4597168e+01
   1.1131260e+06   2.3925781e+01
   1.1132340e+06   1.9775391e+01
   1.1133030e+06   2.0446777e+01
   1.1137490e+06   2.5024414e+01
   1.1140130e+06   2.3376465e+01
   1.1140760e+06   2.1545410e+01
   1.1145270e+06   2.0629883e+01
   1.1146330e+06   2.0935059e+01
   1.1146800e+06   1.8798828e+01
   1.1185220e+06   2.3864746e+01
   1.1190630e+06   2.3742676e+01
   1.1193400e+06   2.0751953e+01
   1.1229520e+06   2.8259277e+01
   1.1270130e+06   2.8808594e+01
   1.1285030e+06   2.3254395e+01
   1.1297560e+06   1.9592285e+01
   1.1305530e+06   2.5207520e+01
   1.1306400e+06   1.6418457e+01
   1.1339340e+06   2.3132324e+01
   1.1348940e+06   2.3071289e+01
   1.1367650e+06   2.7343750e+01
   1.1391340e+06   2.5207520e+01
   1.1404100e+06   2.5939941e+01
   1.1425390e+06   2.7099609e+01
   1.1442180e+06   1.7089844e+01
   1.1442960e+06   2.2583008e+01
   1.1444180e+06   1.8127441e+01
   1.1447390e+06   1.9470215e+01
   1.1448690e+06   1.6601563e+01
   1.1475080e+06   1.9226074e+01
   1.1508930e+06   2.4230957e+01
   1.1523840e+06   2.7648926e+01
   1.1540950e+06   2.3681641e+01
   1.1543730e+06   2.3315430e+01
   1.1567410e+06   2.5512695e+01
   1.1583520e+06   1.6235352e+01
   1.1584970e+06   2.1057129e+01
   1.1603870e+06   2.6245117e+01
   1.1607190e+06   2.6367187e+01
   1.1610120e+06   2.6855469e+01
   1.1614810e+06   2.2338867e+01
   1.1617710e+06   2.4780273e+01
   1.1618060e+06   1.9287109e+01
   1.1618220e+06   2.0385742e+01
   1.1619090e+06   1.3793945e+01
   1.1620330e+06   2.5634766e+01
   1.1626330e+06   2.8076172e+01
   1.1627980e+06   2.1057129e+01
   1.1628620e+06   2.1728516e+01
   1.1638500e+06   1.3610840e+01
   1.1664040e+06   2.7404785e+01
   1.1674880e+06   2.2583008e+01
   1.1685880e+06   2.7648926e+01
   1.1695350e+06   2.2094727e+01
   1.1701730e+06   1.9958496e+01
   1.1727520e+06   2.0507812e+01
   1.1744190e+06   2.0812988e+01
   1.1759370e+06   2.7587891e+01
   1.1774380e+06   1.6296387e+01
   1.1780920e+06   1.9714355e+01
   1.1809010e+06   2.7282715e+01
   1.1822480e+06   2.4475098e+01
   1.1846740e+06   2.4597168e+01
   1.1856190e+06   2.9663086e+01
   1.1881960e+06   2.3071289e+01
   1.1908030e+06   2.3437500e+01
   1.1943510e+06   2.6611328e+01
   1.1953890e+06   2.7587891e+01
   1.1964510e+06   2.4841309e+01
   1.1979630e+06   2.4902344e+01
   1.1999970e+06   2.5817871e+01
   1.2012410e+06   2.1484375e+01
   1.2031280e+06   2.4780273e+01
   1.2035860e+06   1.9287109e+01
   1.2061440e+06   3.0212402e+01
   1.2075600e+06   1.9714355e+01
   1.2093360e+06   2.0874023e+01
   1.2109770e+06   2.5390625e+01
   1.2121250e+06   2.1606445e+01
   1.2135570e+06   2.8259277e+01
   1.2139100e+06   1.9348145e+01
   1.2168690e+06   2.9052734e+01
   1.2179040e+06   2.1179199e+01
   1.2197850e+06   2.6184082e+01
   1.2216310e+06   2.5146484e+01
   1.2221220e+06   2.4780273e+01
   1.2227160e+06   1.8249512e+01
   1.2239510e+06   1.9042969e+01
   1.2261820e+06   2.3986816e+01
   1.2263970e+06   2.5878906e+01
   1.2264570e+06   2.0385742e+01
   1.2265780e+06   1.9958496e+01
   1.2266170e+06   2.0446777e+01
   1.2266330e+06   2.8442383e+01
   1.2266870e+06   2.3193359e+01
   1.2267850e+06   2.2827148e+01
   1.2268220e+06   1.4099121e+01
   1.2268420e+06   2.1972656e+01
   1.2268790e+06   1.8066406e+01
   1.2271430e+06   2.3986816e+01
   1.2271940e+06   2.2216797e+01
   1.2272620e+06   2.5085449e+01
   1.2272790e+06   2.3315430e+01
   1.2297980e+06   2.7893066e+01
   1.2303500e+06   2.0385742e+01
   1.2351920e+06   1.7089844e+01
   1.2380430e+06   2.8686523e+01
   1.2395120e+06   2.5817871e+01
   1.2413770e+06   2.8320312e+01
   1.2429300e+06   2.3071289e+01
   1.2442490e+06   2.5390625e+01
   1.2446330e+06   2.5695801e+01
   1.2452210e+06   2.9907227e+01
   1.2476180e+06   2.2583008e+01
   1.2477340e+06   2.3681641e+01
   1.2477760e+06   2.0385742e+01
   1.2492450e+06   1.7333984e+01
   1.2493120e+06   1.7883301e+01
   1.2522040e+06   2.2033691e+01
   1.2552100e+06   2.2644043e+01
   1.2557520e+06   2.8930664e+01
   1.2560730e+06   2.0751953e+01
   1.2588980e+06   2.6672363e+01
   1.2596920e+06   2.6245117e+01
   1.2617980e+06   2.5817871e+01
   1.2621620e+06   2.1423340e+01
   1.2645390e+06   2.4719238e+01
   1.2652790e+06   2.6306152e+01
   1.2670550e+06   2.6489258e+01
   1.2689680e+06   1.9531250e+01
   1.2712340e+06   2.5817871e+01
   1.2724610e+06   2.8198242e+01
   1.2729060e+06   2.2155762e+01
   1.2765710e+06   2.4658203e+01
   1.2782980e+06   1.9714355e+01
   1.2796420e+06   2.7160645e+01
   1.2817410e+06   2.5573730e+01
   1.2820820e+06   2.6306152e+01
   1.2843550e+06   2.1972656e+01
   1.2857070e+06   2.5207520e+01
   1.2864970e+06   1.9104004e+01
   1.2893930e+06   2.7099609e+01
   1.2898560e+06   2.5695801e+01
   1.2905310e+06   2.3132324e+01
   1.2917000e+06   1.9592285e+01
   1.2928980e+06   1.9104004e+01
   1.2948710e+06   2.0507813e+01
   1.2949330e+06   2.0263672e+01
   1.2949890e+06   2.2888184e+01
   1.2976450e+06   2.4963379e+01
   1.2986990e+06   2.5085449e+01
   1.3004200e+06   2.0690918e+01
   1.3021710e+06   2.2155762e+01
   1.3053460e+06   2.1118164e+01
   1.3054240e+06   2.4963379e+01
   1.3054560e+06   2.7465820e+01
   1.3061560e+06   2.2460937e+01
   1.3082840e+06   2.5024414e+01
   1.3088720e+06   2.2399902e+01
   1.3094200e+06   2.4780273e+01
   1.3107770e+06   1.9836426e+01
   1.3109710e+06   2.2644043e+01
   1.3110250e+06   1.6418457e+01
   1.3111960e+06   2.2460937e+01
   1.3125840e+06   2.4291992e+01
   1.3127630e+06   1.9104004e+01
   1.3138230e+06   2.0324707e+01
   1.3146460e+06   2.5817871e+01
   1.3185200e+06   2.6245117e+01
   1.3199320e+06   1.9409180e+01
   1.3199920e+06   1.9470215e+01
   1.3228910e+06   2.4230957e+01
   1.3245030e+06   3.0029297e+01
   1.3265450e+06   2.3559570e+01
   1.3272930e+06   2.6794434e+01
   1.3283640e+06   2.1606445e+01
   1.3285010e+06   2.3254395e+01
   1.3286450e+06   2.0751953e+01
   1.3301920e+06   2.1179199e+01
   1.3331660e+06   2.3803711e+01
   1.3351920e+06   2.4475098e+01
   1.3360240e+06   2.3681641e+01
   1.3376450e+06   2.1179199e+01
   1.3384040e+06   2.2583008e+01
   1.3389560e+06   2.4536133e+01
   1.3407620e+06   2.3559570e+01
   1.3438140e+06   2.6611328e+01
   1.3440650e+06   2.4841309e+01
   1.3441720e+06   1.3549805e+01
   1.3449020e+06   2.5451660e+01
   1.3473110e+06   2.5451660e+01
   1.3484480e+06   2.1728516e+01
   1.3521410e+06   2.2033691e+01
   1.3532800e+06   2.9296875e+01
   1.3556450e+06   2.6794434e+01
   1.3616730e+06   2.0141602e+01
   1.3630420e+06   2.5390625e+01
   1.3639550e+06   2.7221680e+01
   1.3644400e+06   2.0690918e+01
   1.3665470e+06   2.6123047e+01
   1.3687380e+06   2.3620605e+01
   1.3698310e+06   2.4169922e+01
   1.3717780e+06   2.6672363e+01
   1.3730870e+06   2.8259277e+01
   1.3734760e+06   1.4587402e+01
   1.3735090e+06   1.4343262e+01
   1.3735480e+06   1.5441895e+01
   1.3735810e+06   1.7517090e+01
   1.3759390e+06   2.8625488e+01
   1.3774380e+06   2.3803711e+01
   1.3785380e+06   2.4291992e+01
   1.3795990e+06   1.9653320e+01
   1.3796320e+06   1.7028809e+01
   1.3796670e+06   1.8249512e+01
   1.3827210e+06   2.9724121e+01
   1.3833730e+06   2.6977539e+01
   1.3855260e+06   1.9165039e+01
   1.3864220e+06   2.7282715e+01
   1.3867560e+06   2.4658203e+01
   1.3891220e+06   2.3437500e+01
   1.3901540e+06   2.5695801e+01
   1.3902260e+06   2.3681641e+01
   1.3903590e+06   2.9785156e+01
   1.3905140e+06   1.3732910e+01
   1.3905260e+06   1.4831543e+01
   1.3907760e+06   1.5441895e+01
   1.3908120e+06   1.4099121e+01
   1.3908440e+06   1.4038086e+01
   1.3908940e+06   1.4343262e+01
   1.3910810e+06   2.1423340e+01
   1.3924540e+06   2.5024414e+01
   1.3924860e+06   1.4892578e+01
   1.3932050e+06   2.6123047e+01
   1.3933950e+06   2.5024414e+01
   1.3934150e+06   1.4709473e+01
   1.3934390e+06   1.5380859e+01
   1.3936060e+06   1.7028809e+01
   1.3938530e+06   2.0141602e+01
   1.3940220e+06   2.2033691e+01
   1.3940960e+06   2.3315430e+01
   1.3943110e+06   1.9653320e+01
   1.3943620e+06   1.6845703e+01
   1.3945310e+06   2.0263672e+01
   1.3948150e+06   1.9165039e+01
   1.3949700e+06   2.1789551e+01
   1.3953530e+06   1.8798828e+01
   1.3956630e+06   2.2521973e+01
   1.4010320e+06   2.7770996e+01
   1.4013280e+06   2.0385742e+01
   1.4014340e+06   2.2277832e+01
   1.4018340e+06   2.7343750e+01
   1.4023700e+06   2.6489258e+01
   1.4025900e+06   2.3010254e+01
   1.4027010e+06   1.8859863e+01
   1.4027930e+06   2.1118164e+01
   1.4031960e+06   2.2277832e+01
   1.4032460e+06   2.0385742e+01
   1.4033030e+06   1.7822266e+01
   1.4033610e+06   1.4953613e+01
   1.4034320e+06   1.9470215e+01
   1.4035460e+06   1.7150879e+01
   1.4036390e+06   1.6723633e+01
   1.4038670e+06   2.0324707e+01
   1.4039640e+06   2.2033691e+01
   1.4040350e+06   1.7517090e+01
   1.4041910e+06   1.6479492e+01
   1.4043610e+06   1.7333984e+01
   1.4048320e+06   1.8432617e+01
   1.4049370e+06   2.1240234e+01
   1.4059320e+06   1.6845703e+01
   1.4146530e+06   2.2827148e+01
   1.4149140e+06   1.5014648e+01
   1.4149490e+06   1.4221191e+01
   1.4150150e+06   1.3916016e+01
   1.4150370e+06   2.7221680e+01
   1.4152680e+06   2.1606445e+01
   1.4156280e+06   1.4343262e+01
   1.4156660e+06   1.5625000e+01
   1.4168410e+06   2.1301270e+01
   1.4171540e+06   2.5390625e+01
   1.4240410e+06   2.4902344e+01
   1.4269960e+06   2.0385742e+01
   1.4307180e+06   2.7893066e+01
   1.4319310e+06   2.7038574e+01
   1.4327880e+06   2.1179199e+01
   1.4343190e+06   2.2216797e+01
   1.4379110e+06   3.0883789e+01
   1.4393240e+06   2.3620605e+01
   1.4411160e+06   2.2644043e+01
   1.4447800e+06   2.6550293e+01
   1.4460940e+06   2.0446777e+01
   1.4487320e+06   1.9226074e+01
   1.4493480e+06   2.4353027e+01
   1.4527060e+06   2.6245117e+01
   1.4534960e+06   3.0761719e+01
   1.4535350e+06   1.9836426e+01
   1.4536590e+06   2.5329590e+01
   1.4538000e+06   1.7333984e+01
   1.4558070e+06   2.4780273e+01
   1.4567220e+06   2.0996094e+01
   1.4574440e+06   2.3803711e+01
   1.4591810e+06   2.3803711e+01
   1.4594350e+06   2.3498535e+01
   1.4595970e+06   1.9592285e+01
   1.4599480e+06   2.1789551e+01
   1.4600310e+06   2.2766113e+01
   1.4658270e+06   2.1484375e+01
   1.4681030e+06   2.3803711e+01
   1.4705990e+06   2.3376465e+01
   1.4713570e+06   2.0996094e+01
   1.4716610e+06   2.5573730e+01
   1.4717340e+06   2.2644043e+01
   1.4717650e+06   1.6357422e+01
   1.4721130e+06   2.6672363e+01
   1.4730970e+06   1.7211914e+01
   1.4776460e+06   2.5756836e+01
   1.4795790e+06   2.0996094e+01
   1.4817500e+06   2.8503418e+01
   1.4827760e+06   2.7770996e+01
   1.4852110e+06   2.7526855e+01
   1.4862350e+06   2.4475098e+01
   1.4882750e+06   2.8198242e+01
   1.4885010e+06   2.0568848e+01
   1.4944630e+06   2.3315430e+01
   1.4956700e+06   2.5024414e+01
   1.4976510e+06   2.5268555e+01
   1.4984450e+06   2.4475098e+01
   1.4990190e+06   2.1728516e+01
   1.5015130e+06   2.0935059e+01
   1.5028760e+06   2.5756836e+01
   1.5036620e+06   2.3376465e+01
   1.5043130e+06   1.3977051e+01
   1.5052340e+06   2.5939941e+01
   1.5055350e+06   2.7954102e+01
   1.5059930e+06   1.8615723e+01
   1.5061480e+06   2.3315430e+01
   1.5068500e+06   2.1545410e+01
   1.5069720e+06   2.1728516e+01
   1.5097150e+06   2.5756836e+01
   1.5097320e+06   2.3376465e+01
   1.5098100e+06   2.8320312e+01
   1.5098900e+06   2.5268555e+01
   1.5099360e+06   1.4892578e+01
   1.5099630e+06   1.7639160e+01
   1.5099730e+06   1.5136719e+01
   1.5100160e+06   1.6113281e+01
   1.5130840e+06   2.7526855e+01
   1.5154770e+06   2.7954102e+01
   1.5181350e+06   2.4963379e+01
   1.5188820e+06   2.3803711e+01
   1.5199620e+06   2.4047852e+01
   1.5202530e+06   3.0883789e+01
   1.5203200e+06   1.9653320e+01
   1.5225320e+06   2.5573730e+01
   1.5250670e+06   2.4353027e+01
   1.5252520e+06   2.5817871e+01
   1.5257260e+06   2.6367187e+01
   1.5257620e+06   1.3916016e+01
   1.5258780e+06   2.7160645e+01
   1.5262570e+06   2.4780273e+01
   1.5284410e+06   2.8320312e+01
   1.5286960e+06   2.4475098e+01
   1.5294560e+06   2.1423340e+01
   1.5294670e+06   3.0456543e+01
   1.5295310e+06   2.4230957e+01
   1.5297400e+06   2.1850586e+01
   1.5305720e+06   2.2766113e+01
   1.5307450e+06   2.5207520e+01
   1.5313630e+06   2.0629883e+01
   1.5316700e+06   2.3193359e+01
   1.5322100e+06   2.3010254e+01
   1.5323090e+06   1.3671875e+01
   1.5323450e+06   2.1667480e+01
   1.5323860e+06   2.0812988e+01
   1.5325170e+06   1.9592285e+01
   1.5343310e+06   2.4475098e+01
   1.5412480e+06   2.4597168e+01
   1.5427610e+06   2.3437500e+01
   1.5447530e+06   2.1606445e+01
   1.5468930e+06   2.5268555e+01
   1.5480480e+06   1.8432617e+01
   1.5518610e+06   2.5756836e+01
   1.5527570e+06   2.4536133e+01
   1.5529260e+06   2.3864746e+01
   1.5530260e+06   2.7160645e+01
   1.5533060e+06   2.2949219e+01
   1.5576960e+06   2.7954102e+01
   1.5622950e+06   2.1179199e+01
   1.5640340e+06   2.4230957e+01
   1.5662130e+06   2.2277832e+01
   1.5682630e+06   2.6794434e+01
   1.5684250e+06   2.4780273e+01
   1.5684850e+06   2.2277832e+01
   1.5719430e+06   2.4841309e+01
   1.5726770e+06   2.8381348e+01
   1.5729660e+06   3.2470703e+01
   1.5757440e+06   2.2094727e+01
   1.5783600e+06   2.3681641e+01
   1.5803770e+06   2.7954102e+01
   1.5817510e+06   2.1667480e+01
   1.5821990e+06   2.4902344e+01
   1.5845320e+06   2.0629883e+01
   1.5845750e+06   1.8249512e+01
   1.5858010e+06   2.4169922e+01
   1.5874900e+06   2.5085449e+01
   1.5883990e+06   2.8320312e+01
   1.5885680e+06   2.5512695e+01
   1.5886900e+06   2.2766113e+01
   1.5887220e+06   1.7395020e+01
   1.5894380e+06   2.2521973e+01
   1.5898030e+06   2.5451660e+01
   1.5909030e+06   1.8554688e+01
   1.5933570e+06   2.4230957e+01
   1.5966740e+06   2.4902344e+01
   1.5974310e+06   1.7395020e+01
   1.6025270e+06   3.0151367e+01
   1.6042910e+06   2.2827148e+01
   1.6059120e+06   2.1362305e+01
   1.6071140e+06   2.6855469e+01
   1.6086140e+06   2.5207520e+01
   1.6089750e+06   2.9724121e+01
   1.6115460e+06   2.6306152e+01
   1.6130020e+06   2.4902344e+01
   1.6136000e+06   2.4353027e+01
   1.6144690e+06   2.2460937e+01
   1.6171830e+06   2.5207520e+01
   1.6178880e+06   2.2766113e+01
   1.6181100e+06   2.1179199e+01
   1.6183080e+06   2.1057129e+01
   1.6186670e+06   2.0263672e+01
   1.6252060e+06   2.2644043e+01
   1.6264720e+06   2.3681641e+01
   1.6276360e+06   2.4047852e+01
   1.6288060e+06   2.8686523e+01
   1.6301020e+06   2.4597168e+01
   1.6306430e+06   2.4536133e+01
   1.6309000e+06   1.7333984e+01
   1.6346750e+06   2.5268555e+01
   1.6363670e+06   2.2277832e+01
   1.6379520e+06   2.7099609e+01
   1.6386380e+06   2.5451660e+01
   1.6400080e+06   2.2399902e+01
   1.6409540e+06   2.2583008e+01
   1.6413220e+06   2.1728516e+01
   1.6420600e+06   1.7272949e+01
   1.6421570e+06   1.4709473e+01
   1.6421930e+06   1.3732910e+01
   1.6431370e+06   2.2094727e+01
   1.6458760e+06   2.9724121e+01
   1.6475350e+06   2.1484375e+01
   1.6486450e+06   2.4902344e+01
   1.6488560e+06   2.4414062e+01
   1.6513370e+06   2.1911621e+01
   1.6541500e+06   2.6977539e+01
   1.6555780e+06   2.2460938e+01
   1.6571500e+06   2.8076172e+01
   1.6573450e+06   2.7099609e+01
   1.6596440e+06   2.3498535e+01
   1.6618980e+06   2.2094727e+01
   1.6635210e+06   2.7832031e+01
   1.6644120e+06   2.4047852e+01
   1.6655640e+06   2.2277832e+01
   1.6675810e+06   2.4902344e+01
   1.6676980e+06   1.8859863e+01
   1.6708220e+06   2.3925781e+01
   1.6723630e+06   2.6550293e+01
   1.6735590e+06   2.1972656e+01
   1.6743260e+06   1.3610840e+01
   1.6746430e+06   2.3803711e+01
   1.6758250e+06   1.8737793e+01
   1.6759740e+06   2.0874023e+01
   1.6760900e+06   2.5512695e+01
   1.6804280e+06   2.8198242e+01
   1.6820530e+06   2.3681641e+01
   1.6843540e+06   2.5817871e+01
   1.6845560e+06   2.6367187e+01
   1.6871000e+06   2.9418945e+01
   1.6881260e+06   2.6977539e+01
   1.6901690e+06   2.6550293e+01
   1.6918180e+06   2.7099609e+01
   1.6919220e+06   2.5573730e+01
   1.6920590e+06   1.9653320e+01
   1.6920960e+06   1.9104004e+01
   1.6924730e+06   2.3986816e+01
   1.6925730e+06   1.8615723e+01
   1.6926610e+06   2.0385742e+01
   1.6927680e+06   2.0202637e+01
   1.6929050e+06   2.4230957e+01
   1.6930690e+06   2.1911621e+01
   1.6934660e+06   2.0935059e+01
   1.6938700e+06   2.2888184e+01
   1.6955040e+06   2.2888184e+01
   1.6956280e+06   2.1057129e+01
   1.6960980e+06   2.0080566e+01
   1.6988660e+06   2.1911621e+01
   1.6992790e+06   2.1179199e+01
   1.6993540e+06   2.3010254e+01
   1.7000640e+06   2.1179199e+01
   1.7001770e+06   2.0141602e+01
   1.7007530e+06   2.6855469e+01
   1.7008450e+06   2.4414062e+01
   1.7009530e+06   2.4047852e+01
   1.7010070e+06   1.7822266e+01
   1.7010530e+06   1.9409180e+01
   1.7014430e+06   1.8188477e+01
   1.7014930e+06   2.5146484e+01
   1.7015890e+06   2.0324707e+01
   1.7016350e+06   1.6357422e+01
   1.7018500e+06   1.7822266e+01
   1.7021310e+06   2.0629883e+01
   1.7023450e+06   2.5634766e+01
   1.7024560e+06   1.8127441e+01
   1.7025960e+06   2.0446777e+01
   1.7026520e+06   1.5441895e+01
   1.7027230e+06   1.9409180e+01
   1.7027760e+06   1.8127441e+01
   1.7028590e+06   1.6845703e+01
   1.7029370e+06   1.5319824e+01
   1.7033100e+06   1.7456055e+01
   1.7034730e+06   1.7272949e+01
   1.7035430e+06   1.4526367e+01
   1.7037350e+06   1.6418457e+01
   1.7038190e+06   1.7639160e+01
   1.7041480e+06   1.8920898e+01
   1.7043540e+06   1.6845703e+01
   1.7044720e+06   2.1728516e+01
   1.7045510e+06   1.5197754e+01
   1.7051890e+06   2.2155762e+01
   1.7055270e+06   2.2277832e+01
   1.7056860e+06   1.9348145e+01
   1.7059420e+06   1.9714355e+01
   1.7060960e+06   2.0812988e+01
   1.7075640e+06   1.5991211e+01
   1.7080620e+06   1.4282227e+01
   1.7133880e+06   2.4291992e+01
   1.7138040e+06   2.4597168e+01
   1.7140320e+06   2.3132324e+01
   1.7144950e+06   2.4169922e+01
   1.7145800e+06   2.3925781e+01
   1.7236510e+06   2.0080566e+01
   1.7265800e+06   1.9775391e+01
   1.7308770e+06   2.3254395e+01
   1.7342440e+06   2.8442383e+01
   1.7415730e+06   2.8747559e+01
   1.7432010e+06   2.3498535e+01
   1.7434010e+06   2.2460937e+01
   1.7435380e+06   2.6611328e+01
   1.7435710e+06   1.5197754e+01
   1.7440510e+06   1.9042969e+01
   1.7472330e+06   2.3010254e+01
   1.7475480e+06   1.8798828e+01
   1.7525000e+06   2.4414062e+01
   1.7530440e+06   2.5756836e+01
   1.7548760e+06   2.7587891e+01
   1.7549760e+06   2.3681641e+01
   1.7573990e+06   2.3498535e+01
   1.7619500e+06   1.8798828e+01
   1.7626470e+06   2.3254395e+01
   1.7643790e+06   2.2094727e+01
   1.7682050e+06   1.9165039e+01
   1.7682260e+06   1.7150879e+01
   1.7682410e+06   2.1728516e+01
   1.7682860e+06   2.5695801e+01
   1.7683350e+06   1.7700195e+01
   1.7683670e+06   1.8920898e+01
   1.7683790e+06   2.1789551e+01
   1.7684050e+06   1.8066406e+01
   1.7684390e+06   1.5136719e+01
   1.7686790e+06   2.5939941e+01
   1.7688550e+06   1.5014648e+01
   1.7705230e+06   2.5756836e+01
   1.7726630e+06   2.7770996e+01
   1.7742670e+06   2.6672363e+01
   1.7774050e+06   2.8442383e+01
   1.7789980e+06   2.0385742e+01
   1.7803550e+06   1.4953613e+01
   1.7804540e+06   2.7404785e+01
   1.7805140e+06   1.4831543e+01
   1.7808310e+06   2.3498535e+01
   1.7821620e+06   2.4963379e+01
   1.7828280e+06   2.5329590e+01
   1.7836680e+06   2.5939941e+01
   1.7838440e+06   1.9714355e+01
   1.7839060e+06   1.8676758e+01
   1.7840390e+06   2.0385742e+01
   1.7841050e+06   1.9348145e+01
   1.7900530e+06   2.4841309e+01
   1.7910550e+06   2.7038574e+01
   1.7914340e+06   2.0080566e+01
   1.7942030e+06   1.9226074e+01
   1.7951020e+06   2.2583008e+01
   1.7983790e+06   2.5024414e+01
   1.8001880e+06   2.5451660e+01
   1.8003800e+06   2.3864746e+01
   1.8033870e+06   2.2827148e+01
   1.8053910e+06   3.1066895e+01
   1.8075220e+06   2.5024414e+01
   1.8094580e+06   2.2399902e+01
   1.8107410e+06   1.3977051e+01
   1.8107820e+06   1.5502930e+01
   1.8108550e+06   1.3549805e+01
   1.8112240e+06   2.3254395e+01
   1.8135530e+06   2.8808594e+01
   1.8154030e+06   2.0996094e+01
   1.8171010e+06   2.4841309e+01
   1.8184680e+06   2.5878906e+01
   1.8219980e+06   3.1921387e+01
   1.8238890e+06   2.3498535e+01
   1.8245400e+06   2.2888184e+01
   1.8248100e+06   2.2705078e+01
   1.8252210e+06   2.1179199e+01
   1.8253170e+06   1.8981934e+01
   1.8253670e+06   1.7272949e+01
   1.8254690e+06   1.9042969e+01
   1.8255180e+06   1.7150879e+01
   1.8261490e+06   1.8493652e+01
   1.8267380e+06   2.5817871e+01
   1.8271120e+06   2.1118164e+01
   1.8271830e+06   2.3864746e+01
   1.8272300e+06   2.0202637e+01
   1.8272440e+06   1.7211914e+01
   1.8292410e+06   1.5625000e+01
   1.8312280e+06   2.5451660e+01
   1.8326520e+06   1.4099121e+01
   1.8326850e+06   1.4709473e+01
   1.8327200e+06   1.4831543e+01
   1.8327610e+06   1.6967773e+01
   1.8329940e+06   2.9541016e+01
   1.8377980e+06   2.6000977e+01
   1.8404890e+06   2.4597168e+01
   1.8424270e+06   2.5085449e+01
   1.8468310e+06   2.9968262e+01
   1.8484000e+06   2.1484375e+01
   1.8502750e+06   2.3925781e+01
   1.8512900e+06   2.7282715e+01
   1.8536780e+06   1.4892578e+01
   1.8537470e+06   1.4648438e+01
   1.8539090e+06   2.2583008e+01
   1.8561560e+06   2.0080566e+01
   1.8566390e+06   2.5573730e+01
   1.8568740e+06   1.8920898e+01
   1.8569830e+06   2.3986816e+01
   1.8571620e+06   2.5207520e+01
   1.8582420e+06   2.6184082e+01
   1.8587340e+06   2.1301270e+01
   1.8620120e+06   2.0935059e+01
   1.8635380e+06   2.3559570e+01
   1.8659560e+06   2.2338867e+01
   1.8675550e+06   2.4414062e+01
   1.8695720e+06   1.3671875e+01
   1.8696620e+06   1.6235352e+01
   1.8697010e+06   1.5136719e+01
   1.8697850e+06   1.5258789e+01
   1.8700870e+06   2.1606445e+01
   1.8705330e+06   1.5197754e+01
   1.8705960e+06   3.2653809e+01
   1.8729980e+06   2.7038574e+01
   1.8750000e+06   2.3498535e+01
   1.8759640e+06   2.3376465e+01
   1.8768120e+06   1.9409180e+01
   1.8768560e+06   1.6906738e+01
   1.8795350e+06   2.7221680e+01
   1.8825340e+06   2.2460937e+01
   1.8840380e+06   3.0212402e+01
   1.8862250e+06   2.0935059e+01
   1.8876480e+06   2.2949219e+01
   1.8894580e+06   2.5146484e+01
   1.8899920e+06   2.7343750e+01
   1.8951860e+06   2.8930664e+01
   1.8972320e+06   2.8259277e+01
   1.8973110e+06   3.1738281e+01
   1.8973880e+06   2.4536133e+01
   1.8974070e+06   1.5136719e+01
   1.8974240e+06   1.6845703e+01
   1.8980870e+06   2.8381348e+01
   1.8985210e+06   2.3254395e+01
   1.9007910e+06   2.2521973e+01
   1.9019500e+06   2.5573730e+01
   1.9027210e+06   2.2766113e+01
   1.9045630e+06   2.4108887e+01
   1.9054200e+06   2.5024414e+01
   1.9071690e+06   2.6123047e+01
   1.9071940e+06   1.6174316e+01
   1.9072680e+06   2.6855469e+01
   1.9075530e+06   2.5268555e+01
   1.9076740e+06   1.9287109e+01
   1.9077280e+06   2.0935059e+01
   1.9077800e+06   2.0446777e+01
   1.9078320e+06   1.7578125e+01
   1.9078750e+06   2.5817871e+01
   1.9082710e+06   2.2155762e+01
   1.9084450e+06   2.0507812e+01
   1.9085930e+06   1.8615723e+01
   1.9086480e+06   2.5756836e+01
   1.9086740e+06   1.9470215e+01
   1.9087210e+06   1.5380859e+01
   1.9094350e+06   2.1484375e+01
   1.9097290e+06   2.2827148e+01
   1.9099560e+06   1.6540527e+01
   1.9100690e+06   2.2033691e+01
   1.9154480e+06   2.1850586e+01
   1.9160540e+06   2.6123047e+01
   1.9199920e+06   1.8493652e+01
   1.9227820e+06   2.4108887e+01
   1.9250130e+06   2.7099609e+01
   1.9266330e+06   2.5695801e+01
   1.9296990e+06   2.7832031e+01
   1.9317270e+06   2.7221680e+01
   1.9327960e+06   2.2644043e+01
   1.9344760e+06   2.6367187e+01
   1.9355670e+06   2.4047852e+01
   1.9369830e+06   1.4221191e+01
   1.9370160e+06   1.6357422e+01
   1.9370770e+06   1.4587402e+01
   1.9371580e+06   1.4038086e+01
   1.9375700e+06   1.5197754e+01
   1.9378100e+06   2.9235840e+01
   1.9398740e+06   1.9348145e+01
   1.9411790e+06   2.0568848e+01
   1.9430890e+06   2.2827148e+01
   1.9444250e+06   1.9592285e+01
   1.9464110e+06   3.1494141e+01
   1.9469140e+06   2.8930664e+01
   1.9484130e+06   2.2583008e+01
   1.9493450e+06   2.1728516e+01
   1.9504850e+06   2.0751953e+01
   1.9524100e+06   2.1850586e+01
   1.9566370e+06   2.4536133e+01
   1.9572030e+06   2.4108887e+01
   1.9575330e+06   2.3437500e+01
   1.9588040e+06   2.3742676e+01
   1.9592040e+06   1.9897461e+01
   1.9602940e+06   1.8066406e+01
   1.9618060e+06   2.3864746e+01
   1.9618510e+06   2.3925781e+01
   1.9619270e+06   1.6784668e+01
   1.9627970e+06   2.6367187e+01
   1.9631530e+06   2.0446777e+01
   1.9638350e+06   2.3986816e+01
   1.9650760e+06   2.2827148e+01
   1.9656950e+06   2.1545410e+01
   1.9674680e+06   2.0446777e+01
   1.9698240e+06   2.9418945e+01
   1.9713290e+06   2.6306152e+01
   1.9720920e+06   2.2155762e+01
   1.9724000e+06   2.4230957e+01
   1.9736800e+06   2.2277832e+01
   1.9741490e+06   2.4291992e+01
   1.9781480e+06   2.8015137e+01
   1.9800290e+06   1.9775391e+01
   1.9810120e+06   2.4658203e+01
   1.9827800e+06   2.4780273e+01
   1.9843490e+06   2.0507812e+01
   1.9874590e+06   2.1301270e+01
   1.9876740e+06   2.1972656e+01
   1.9881390e+06   2.3376465e+01
   1.9882520e+06   2.2888184e+01
   1.9893770e+06   2.7770996e+01
   1.9932160e+06   2.6611328e+01
   1.9947800e+06   2.6733398e+01
   1.9971660e+06   2.7343750e+01
   1.9979430e+06   2.3498535e+01
   1.9995660e+06   2.5878906e+01
   2.0002680e+06   2.2460937e+01
   2.0022780e+06   2.2949219e+01
   2.0042400e+06   2.7954102e+01
   2.0080210e+06   2.6916504e+01
   2.0086540e+06   1.9958496e+01
   2.0109030e+06   2.6611328e+01
   2.0111380e+06   2.1545410e+01
   2.0112220e+06   2.1911621e+01
   2.0112520e+06   1.5258789e+01
   2.0153540e+06   1.4343262e+01
   2.0153860e+06   1.4343262e+01
   2.0157940e+06   2.5207520e+01
   2.0159760e+06   1.9592285e+01
   2.0163220e+06   2.1789551e+01
   2.0188290e+06   2.2277832e+01
   2.0198070e+06   2.1301270e+01
   2.0218380e+06   2.1850586e+01
   2.0228800e+06   2.2521973e+01
   2.0242900e+06   2.3132324e+01
   2.0251530e+06   2.1362305e+01
   2.0276140e+06   2.1972656e+01
   2.0286240e+06   2.7832031e+01
   2.0306280e+06   2.8320312e+01
   2.0326270e+06   2.3193359e+01
   2.0327750e+06   2.6855469e+01
   2.0328220e+06   2.3559570e+01
   2.0332490e+06   2.6306152e+01
   2.0339780e+06   2.2277832e+01
   2.0350450e+06   2.3071289e+01
   2.0352130e+06   1.7150879e+01
   2.0352780e+06   2.2033691e+01
   2.0353590e+06   1.7639160e+01
   2.0358710e+06   2.1240234e+01
   2.0362440e+06   2.2583008e+01
   2.0368130e+06   2.0507812e+01
   2.0378060e+06   2.4719238e+01
   2.0392690e+06   2.1179199e+01
   2.0408810e+06   2.3681641e+01
   2.0436160e+06   2.5085449e+01
   2.0473890e+06   2.5024414e+01
   2.0490840e+06   2.6000977e+01
   2.0496810e+06   2.5573730e+01
   2.0502310e+06   2.5512695e+01
   2.0523050e+06   2.4536133e+01
   2.0537540e+06   2.0446777e+01
   2.0550690e+06   2.7099609e+01
   2.0571390e+06   2.6611328e+01
   2.0578420e+06   2.7282715e+01
   2.0582370e+06   2.8808594e+01
   2.0596240e+06   1.9714355e+01
   2.0610060e+06   2.4597168e+01
   2.0624600e+06   2.3620605e+01
   2.0628650e+06   2.3315430e+01
   2.0635720e+06   2.4108887e+01
   2.0639200e+06   2.2338867e+01
   2.0642900e+06   2.4658203e+01
   2.0644100e+06   2.0080566e+01
   2.0645640e+06   2.1179199e+01
   2.0651420e+06   2.1057129e+01
   2.0652490e+06   1.6662598e+01
   2.0655050e+06   1.7883301e+01
   2.0720090e+06   2.3498535e+01
   2.0727420e+06   2.2705078e+01
   2.0743080e+06   2.6000977e+01
   2.0745090e+06   3.0456543e+01
   2.0767980e+06   1.9348145e+01
   2.0786450e+06   2.4414062e+01
   2.0791780e+06   2.7343750e+01
   2.0822400e+06   2.4902344e+01
   2.0840260e+06   2.5451660e+01
   2.0853800e+06   1.7822266e+01
   2.0892490e+06   2.3376465e+01
   2.0906460e+06   2.8991699e+01
   2.0916830e+06   2.2094727e+01
   2.0925870e+06   2.3437500e+01
   2.0944910e+06   2.2521973e+01
   2.0951220e+06   2.2521973e+01
   2.0972690e+06   2.2827148e+01
   2.0990970e+06   2.3986816e+01
   2.0994080e+06   1.4587402e+01
   2.0994800e+06   1.3977051e+01
   2.1006720e+06   2.6245117e+01
   2.1028080e+06   2.0812988e+01
   2.1044910e+06   2.2216797e+01
   2.1063780e+06   2.2888184e+01
   2.1079140e+06   2.4108887e+01
   2.1081900e+06   2.0874023e+01
   2.1105240e+06   2.8564453e+01
   2.1114450e+06   2.3376465e+01
   2.1115100e+06   2.6123047e+01
   2.1118490e+06   2.1606445e+01
   2.1144550e+06   2.5329590e+01
   2.1150060e+06   2.4108887e+01
   2.1151610e+06   2.2094727e+01
   2.1155670e+06   2.2033691e+01
   2.1158120e+06   2.4353027e+01
   2.1160610e+06   2.0751953e+01
   2.1162670e+06   2.3315430e+01
   2.1169780e+06   2.4475098e+01
   2.1171130e+06   2.2888184e+01
   2.1171380e+06   2.2033691e+01
   2.1178520e+06   2.1606445e+01
   2.1179050e+06   2.4169922e+01
   2.1181440e+06   2.0874023e+01
   2.1181890e+06   1.6174316e+01
   2.1182920e+06   1.9226074e+01
   2.1183650e+06   1.6174316e+01
   2.1189680e+06   2.5817871e+01
   2.1190720e+06   2.0996094e+01
   2.1193260e+06   2.1362305e+01
   2.1193740e+06   1.5136719e+01
   2.1195060e+06   1.7822266e+01
   2.1198900e+06   1.9714355e+01
   2.1200710e+06   1.8310547e+01
   2.1202180e+06   1.9714355e+01
   2.1203460e+06   1.7333984e+01
   2.1276250e+06   2.3803711e+01
   2.1305610e+06   2.7648926e+01
   2.1307580e+06   2.5878906e+01
   2.1334550e+06   2.3071289e+01
   2.1349100e+06   1.7944336e+01
   2.1357080e+06   2.7038574e+01
   2.1359120e+06   2.2888184e+01
   2.1359790e+06   2.2583008e+01
   2.1360140e+06   1.5625000e+01
   2.1364530e+06   2.6550293e+01
   2.1365770e+06   2.3376465e+01
   2.1369640e+06   2.1362305e+01
   2.1371050e+06   2.0080566e+01
   2.1371460e+06   2.0812988e+01
   2.1374250e+06   2.3437500e+01
   2.1377550e+06   2.2399902e+01
   2.1378120e+06   2.2705078e+01
   2.1381660e+06   2.2888184e+01
   2.1384350e+06   1.9592285e+01
   2.1384860e+06   1.8859863e+01
   2.1386580e+06   1.5014648e+01
   2.1394420e+06   2.1911621e+01
   2.1394990e+06   2.0690918e+01
   2.1395540e+06   1.8920898e+01
   2.1396210e+06   2.2888184e+01
   2.1397550e+06   2.1057129e+01
   2.1399870e+06   1.9042969e+01
   2.1401960e+06   2.2583008e+01
   2.1403100e+06   1.9592285e+01
   2.1403740e+06   1.9592285e+01
   2.1404940e+06   1.7883301e+01
   2.1405580e+06   1.9042969e+01
   2.1407630e+06   1.9470215e+01
   2.1439160e+06   2.2583008e+01
   2.1468590e+06   2.4108887e+01
   2.1471020e+06   2.7648926e+01
   2.1487050e+06   2.1850586e+01
   2.1487710e+06   1.3977051e+01
   2.1487900e+06   1.8798828e+01
   2.1548790e+06   2.4658203e+01
   2.1569640e+06   2.5634766e+01
   2.1571240e+06   2.7770996e+01
   2.1598090e+06   2.3071289e+01
   2.1599580e+06   2.6367188e+01
   2.1599950e+06   2.1972656e+01
   2.1625170e+06   2.5146484e+01
   2.1626130e+06   2.5268555e+01
   2.1626750e+06   2.1911621e+01
   2.1635780e+06   2.6062012e+01
   2.1646260e+06   2.5573730e+01
   2.1650480e+06   2.4047852e+01
   2.1661600e+06   2.5390625e+01
   2.1665220e+06   1.9775391e+01
   2.1666100e+06   2.6672363e+01
   2.1708000e+06   2.3315430e+01
   2.1737810e+06   2.2521973e+01
   2.1762870e+06   2.4963379e+01
   2.1764100e+06   2.1057129e+01
   2.1764480e+06   1.6784668e+01
   2.1766000e+06   1.8432617e+01
   2.1766480e+06   1.3977051e+01
   2.1768730e+06   2.1118164e+01
   2.1779240e+06   2.2705078e+01
   2.1833560e+06   1.9714355e+01
   2.1833920e+06   1.6479492e+01
   2.1836550e+06   2.6794434e+01
   2.1840280e+06   2.1057129e+01
   2.1874700e+06   2.4414062e+01
   2.1898840e+06   2.5024414e+01
   2.1903730e+06   2.4353027e+01
   2.1919140e+06   1.8249512e+01
   2.1931320e+06   2.6184082e+01
   2.1931870e+06   2.3498535e+01
   2.1933360e+06   2.4963379e+01
   2.1937570e+06   2.1850586e+01
   2.1985930e+06   1.8615723e+01
   2.1999490e+06   2.5390625e+01
   2.2007930e+06   2.2766113e+01
   2.2039690e+06   2.1057129e+01
   2.2062640e+06   2.7404785e+01
   2.2088200e+06   2.7709961e+01
   2.2103880e+06   2.6672363e+01
   2.2138770e+06   2.5512695e+01
   2.2154790e+06   2.3986816e+01
   2.2159810e+06   2.3071289e+01
   2.2180590e+06   2.6550293e+01
   2.2195150e+06   2.7343750e+01
   2.2217530e+06   2.4841309e+01
   2.2231790e+06   2.5878906e+01
   2.2252550e+06   2.4353027e+01
   2.2269260e+06   2.1423340e+01
   2.2271870e+06   1.4160156e+01
   2.2272180e+06   1.8066406e+01
   2.2273390e+06   1.5869141e+01
   2.2273850e+06   2.5512695e+01
   2.2298350e+06   2.3315430e+01
   2.2302330e+06   2.6672363e+01
   2.2330130e+06   2.9968262e+01
   2.2343500e+06   2.4780273e+01
   2.2353710e+06   2.2033691e+01
   2.2356910e+06   2.2399902e+01
   2.2359570e+06   2.1118164e+01
   2.2362470e+06   1.9531250e+01
   2.2423560e+06   2.2705078e+01
   2.2434350e+06   2.3986816e+01
   2.2449000e+06   2.3681641e+01
   2.2460650e+06   2.4902344e+01
   2.2468430e+06   2.0080566e+01
   2.2475650e+06   2.7709961e+01
   2.2486040e+06   2.2460937e+01
   2.2510830e+06   2.3559570e+01
   2.2527490e+06   2.4536133e+01
   2.2537640e+06   2.4658203e+01
   2.2555730e+06   2.2888184e+01
   2.2558420e+06   2.3376465e+01
   2.2564380e+06   2.3132324e+01
   2.2565270e+06   2.0935059e+01
   2.2592630e+06   2.6855469e+01
   2.2615470e+06   2.3132324e+01
   2.2626590e+06   2.5512695e+01
   2.2634610e+06   2.7038574e+01
   2.2649070e+06   2.6733398e+01
   2.2662620e+06   2.5573730e+01
   2.2671370e+06   2.6916504e+01
   2.2679810e+06   2.3132324e+01
   2.2704650e+06   2.5207520e+01
   2.2718150e+06   2.3864746e+01
   2.2727610e+06   2.0751953e+01
   2.2741970e+06   2.9174805e+01
   2.2745490e+06   1.9714355e+01
   2.2777480e+06   2.5329590e+01
   2.2797640e+06   2.3864746e+01
   2.2801650e+06   2.2460937e+01
   2.2802860e+06   2.4658203e+01
   2.2803540e+06   2.0019531e+01
   2.2804380e+06   2.2705078e+01
   2.2807660e+06   1.9104004e+01
   2.2811180e+06   2.1850586e+01
   2.2815420e+06   2.4719238e+01
   2.2841450e+06   1.9409180e+01
   2.2861050e+06   2.6855469e+01
   2.2864990e+06   2.4230957e+01
   2.2872780e+06   2.4902344e+01
   2.2877840e+06   2.4963379e+01
   2.2918710e+06   2.4353027e+01
   2.2940420e+06   2.6428223e+01
   2.2946410e+06   2.2521973e+01
   2.2963610e+06   2.3620605e+01
   2.2977250e+06   2.5878906e+01
   2.3019430e+06   2.7832031e+01
   2.3034920e+06   2.5512695e+01
   2.3053650e+06   2.6306152e+01
   2.3082210e+06   2.3559570e+01
   2.3097250e+06   2.8320312e+01
   2.3109590e+06   2.3681641e+01
   2.3111660e+06   2.4047852e+01
   2.3112930e+06   2.2216797e+01
   2.3113340e+06   1.6845703e+01
   2.3123230e+06   2.5817871e+01
   2.3137820e+06   2.3498535e+01
   2.3139330e+06   2.3986816e+01
   2.3140770e+06   2.1789551e+01
   2.3147290e+06   2.0812988e+01
   2.3149250e+06   2.0751953e+01
   2.3152330e+06   2.4230957e+01
   2.3154290e+06   2.8015137e+01
   2.3154550e+06   2.5085449e+01
   2.3157500e+06   2.3071289e+01
   2.3160660e+06   1.9958496e+01
   2.3183480e+06   2.0751953e+01
   2.3186360e+06   2.4414062e+01
   2.3198110e+06   2.4963379e+01
   2.3201160e+06   2.0812988e+01
   2.3260410e+06   2.5268555e+01
   2.3288110e+06   2.4414062e+01
   2.3315510e+06   2.7038574e+01
   2.3317390e+06   2.8747559e+01
   2.3318300e+06   2.1179199e+01
   2.3318620e+06   1.7761230e+01
   2.3331820e+06   2.7648926e+01
   2.3333810e+06   2.2399902e+01
   2.3347370e+06   2.1118164e+01
   2.3348380e+06   1.7028809e+01
   2.3348800e+06   1.6174316e+01
   2.3383140e+06   2.5329590e+01
   2.3398620e+06   1.7395020e+01
   2.3399070e+06   1.9287109e+01
   2.3399450e+06   2.3498535e+01
   2.3433330e+06   2.5146484e+01
   2.3447470e+06   2.4475098e+01
   2.3449390e+06   2.6977539e+01
   2.3454290e+06   2.4902344e+01
   2.3457000e+06   2.3254395e+01
   2.3458990e+06   2.3437500e+01
   2.3470610e+06   2.4353027e+01
   2.3478750e+06   2.1118164e+01
   2.3530810e+06   2.0874023e+01
   2.3547220e+06   2.6916504e+01
   2.3573740e+06   2.4780273e+01
   2.3601090e+06   2.7282715e+01
   2.3620510e+06   2.0874023e+01
   2.3646090e+06   2.5756836e+01
   2.3665760e+06   2.6062012e+01
   2.3679430e+06   2.3620605e+01
   2.3692950e+06   2.3376465e+01
   2.3706600e+06   2.6733398e+01
   2.3714880e+06   2.3437500e+01
   2.3718410e+06   2.5390625e+01
   2.3723550e+06   2.4536133e+01
   2.3741790e+06   2.3681641e+01
   2.3743150e+06   2.7465820e+01
   2.3743510e+06   2.0385742e+01
   2.3769900e+06   2.5146484e+01
   2.3777350e+06   2.5634766e+01
   2.3782180e+06   2.5573730e+01
   2.3787100e+06   1.7944336e+01
   2.3789400e+06   1.9165039e+01
   2.3796800e+06   1.5136719e+01
   2.3797250e+06   1.7578125e+01
   2.3829580e+06   2.2583008e+01
   2.3844830e+06   2.7221680e+01
   2.3868450e+06   2.4108887e+01
   2.3869570e+06   2.1728516e+01
   2.3869890e+06   1.8188477e+01
   2.3878260e+06   2.1057129e+01
   2.3882020e+06   2.4780273e+01
   2.3883030e+06   2.1667480e+01
   2.3883410e+06   2.9541016e+01
   2.3900910e+06   2.9846191e+01
   2.3918340e+06   2.2705078e+01
   2.3919940e+06   2.4841309e+01
   2.3920600e+06   2.3681641e+01
   2.3941320e+06   2.2644043e+01
   2.3946850e+06   2.6306152e+01
   2.3983660e+06   2.1972656e+01
   2.3985010e+06   2.5329590e+01
   2.3985690e+06   2.2338867e+01
   2.3986110e+06   1.9104004e+01
   2.3989750e+06   2.1484375e+01
   2.4020000e+06   2.3559570e+01
   2.4022400e+06   2.3437500e+01
   2.4040790e+06   2.3071289e+01
   2.4041870e+06   1.6845703e+01
   2.4042270e+06   1.6784668e+01
   2.4042580e+06   1.5075684e+01
   2.4043830e+06   1.3793945e+01
   2.4044270e+06   1.4038086e+01
   2.4044820e+06   1.4648438e+01
   2.4045210e+06   1.7395020e+01
   2.4060290e+06   2.5451660e+01
   2.4070710e+06   2.0874023e+01
   2.4097020e+06   2.0446777e+01
   2.4098190e+06   1.9104004e+01
   2.4122470e+06   2.5939941e+01
   2.4141440e+06   2.0751953e+01
   2.4161000e+06   1.8493652e+01
   2.4176170e+06   2.6306152e+01
   2.4177340e+06   2.2766113e+01
   2.4177810e+06   2.2583008e+01
   2.4178200e+06   2.1179199e+01
   2.4196760e+06   2.1484375e+01
   2.4214600e+06   1.9714355e+01
   2.4224880e+06   2.0568848e+01
   2.4251420e+06   2.5390625e+01
   2.4265930e+06   2.0751953e+01
   2.4280180e+06   2.7526855e+01
   2.4290680e+06   1.9653320e+01
   2.4293990e+06   2.2155762e+01
   2.4295690e+06   2.0629883e+01
   2.4296820e+06   1.8798828e+01
   2.4298640e+06   2.2583008e+01
   2.4309720e+06   1.6967773e+01
   2.4347590e+06   2.5573730e+01
   2.4358890e+06   2.1667480e+01
   2.4374000e+06   2.3376465e+01
   2.4385410e+06   2.0629883e+01
   2.4420750e+06   2.8442383e+01
   2.4440050e+06   2.4963379e+01
   2.4457970e+06   2.2033691e+01
   2.4501500e+06   2.1057129e+01
   2.4515510e+06   2.2888184e+01
   2.4531430e+06   2.5573730e+01
   2.4549660e+06   1.9714355e+01
   2.4568680e+06   2.3559570e+01
   2.4582260e+06   2.2216797e+01
   2.4599550e+06   2.7404785e+01
   2.4611080e+06   2.3132324e+01
   2.4628560e+06   2.0141602e+01
   2.4645800e+06   2.7465820e+01
   2.4657590e+06   2.4536133e+01
   2.4662420e+06   2.3742676e+01
   2.4684120e+06   2.5024414e+01
   2.4694870e+06   2.3620605e+01
   2.4695440e+06   2.3620605e+01
   2.4695780e+06   1.8737793e+01
   2.4697200e+06   1.4526367e+01
   2.4702350e+06   1.8859863e+01
   2.4702700e+06   1.7822266e+01
   2.4703190e+06   1.8005371e+01
   2.4704220e+06   1.4831543e+01
   2.4715250e+06   2.8625488e+01
   2.4723530e+06   2.6184082e+01
   2.4741720e+06   2.2521973e+01
   2.4744650e+06   2.8259277e+01
   2.4745950e+06   2.3315430e+01
   2.4746680e+06   2.1362305e+01
   2.4747210e+06   2.3193359e+01
   2.4747610e+06   2.3010254e+01
   2.4785580e+06   2.4108887e+01
   2.4831370e+06   2.8564453e+01
   2.4847660e+06   2.4719238e+01
   2.4859130e+06   2.6977539e+01
   2.4875750e+06   2.2583008e+01
   2.4893710e+06   2.3376465e+01
   2.4910510e+06   1.7639160e+01
   2.4943660e+06   2.2827148e+01
   2.4954030e+06   2.1301270e+01
   2.4968670e+06   2.4108887e+01
   2.4984480e+06   2.0080566e+01
   2.5000330e+06   2.6245117e+01
   2.5012620e+06   2.2949219e+01
   2.5020790e+06   2.2460937e+01
   2.5032520e+06   2.3254395e+01
   2.5042040e+06   2.2705078e+01
   2.5042400e+06   2.5451660e+01
   2.5043010e+06   3.8085938e+01
   2.5043380e+06   1.6967773e+01
   2.5045130e+06   1.3732910e+01
   2.5048290e+06   2.3132324e+01
   2.5048660e+06   1.3549805e+01
   2.5049460e+06   1.5625000e+01
   2.5065150e+06   1.7639160e+01
   2.5102660e+06   1.9348145e+01
   2.5111530e+06   2.5512695e+01
   2.5133520e+06   2.1179199e+01
   2.5154260e+06   3.1311035e+01
   2.5171020e+06   2.7221680e+01
   2.5184870e+06   2.1850586e+01
   2.5204820e+06   2.7221680e+01
   2.5230070e+06   2.7282715e+01
   2.5242300e+06   2.7709961e+01
   2.5249470e+06   2.3132324e+01
   2.5264650e+06   2.2949219e+01
   2.5280830e+06   1.6052246e+01
   2.5295890e+06   2.5329590e+01
   2.5316900e+06   2.2277832e+01
   2.5329760e+06   2.5512695e+01
   2.5335580e+06   1.8798828e+01
   2.5351540e+06   2.6977539e+01
   2.5366440e+06   2.2705078e+01
   2.5385770e+06   2.2399902e+01
   2.5392660e+06   2.0935059e+01
   2.5402500e+06   1.6723633e+01
   2.5403000e+06   2.1972656e+01
   2.5405920e+06   1.9653320e+01
   2.5439320e+06   1.8798828e+01
   2.5454690e+06   2.3254395e+01
   2.5460900e+06   2.1423340e+01
   2.5474080e+06   2.2277832e+01
   2.5487960e+06   2.4475098e+01
   2.5509480e+06   2.3132324e+01
   2.5524360e+06   2.4536133e+01
   2.5541780e+06   2.5024414e+01
   2.5552690e+06   2.3193359e+01
   2.5570710e+06   2.6672363e+01
   2.5587550e+06   2.2460937e+01
   2.5612080e+06   2.5146484e+01
   2.5619370e+06   2.2705078e+01
   2.5629990e+06   2.2338867e+01
   2.5641270e+06   2.1484375e+01
   2.5669720e+06   2.6245117e+01
   2.5672160e+06   2.1789551e+01
   2.5672870e+06   2.3315430e+01
   2.5676160e+06   2.4658203e+01
   2.5678190e+06   1.9470215e+01
   2.5679360e+06   2.1789551e+01
   2.5680080e+06   2.2338867e+01
   2.5680680e+06   1.9775391e+01
   2.5681150e+06   1.6174316e+01
   2.5681620e+06   1.7883301e+01
   2.5681860e+06   1.6235352e+01
   2.5682330e+06   1.7578125e+01
   2.5712470e+06   2.5085449e+01
   2.5730220e+06   2.3193359e+01
   2.5749270e+06   1.7700195e+01
   2.5767220e+06   2.9968262e+01
   2.5779590e+06   2.5390625e+01
   2.5793470e+06   2.7648926e+01
   2.5805640e+06   1.7822266e+01
   2.5822560e+06   2.6367187e+01
   2.5836160e+06   2.2705078e+01
   2.5852270e+06   2.5085449e+01
   2.5857280e+06   2.5573730e+01
   2.5878910e+06   2.4658203e+01
   2.5893830e+06   2.5451660e+01
   2.5896420e+06   2.7160645e+01
   2.5899450e+06   2.1545410e+01
   2.5909080e+06   2.2338867e+01
   2.5929830e+06   2.7832031e+01
   2.5938970e+06   2.4047852e+01
   2.5943540e+06   2.6245117e+01
   2.5950050e+06   2.1606445e+01
   2.5952380e+06   2.1972656e+01
   2.5954760e+06   2.0568848e+01
   2.5968660e+06   2.2460937e+01
   2.5991680e+06   2.3315430e+01
   2.5995200e+06   1.8310547e+01
   2.6000430e+06   2.2460937e+01
   2.6046110e+06   2.5268555e+01
   2.6054240e+06   1.8676758e+01
   2.6056670e+06   2.4291992e+01
   2.6061650e+06   1.8066406e+01
   2.6062460e+06   2.1301270e+01
   2.6117370e+06   2.0568848e+01
   2.6117840e+06   1.5747070e+01
   2.6135470e+06   2.5939941e+01
   2.6154690e+06   2.7160645e+01
   2.6161720e+06   2.5024414e+01
   2.6180340e+06   2.4353027e+01
   2.6212400e+06   2.2094727e+01
   2.6223620e+06   2.8198242e+01
   2.6230450e+06   2.1728516e+01
   2.6234830e+06   2.5268555e+01
   2.6251720e+06   2.9113770e+01
   2.6265060e+06   2.6367187e+01
   2.6282700e+06   2.1118164e+01
   2.6288250e+06   2.3620605e+01
   2.6303030e+06   1.9897461e+01
   2.6324910e+06   2.3803711e+01
   2.6338820e+06   2.1484375e+01
   2.6356300e+06   2.7160645e+01
   2.6369630e+06   2.4536133e+01
   2.6396430e+06   2.6855469e+01
   2.6406420e+06   2.1179199e+01
   2.6410060e+06   2.4230957e+01
   2.6421250e+06   2.9052734e+01
   2.6446740e+06   2.6428223e+01
   2.6483440e+06   2.4291992e+01
   2.6488550e+06   2.1484375e+01
   2.6495290e+06   2.5573730e+01
   2.6496560e+06   2.8808594e+01
   2.6521030e+06   2.2033691e+01
   2.6529340e+06   2.6550293e+01
   2.6543540e+06   2.0324707e+01
   2.6570440e+06   2.3071289e+01
   2.6573230e+06   2.4414062e+01
   2.6590840e+06   2.4291992e+01
   2.6612210e+06   2.5573730e+01
   2.6635700e+06   2.6062012e+01
   2.6642790e+06   2.5817871e+01
   2.6656500e+06   2.1362305e+01
   2.6673280e+06   2.6977539e+01
   2.6690320e+06   2.3986816e+01
   2.6700180e+06   2.7282715e+01
   2.6707680e+06   2.3986816e+01
   2.6750730e+06   2.4169922e+01
   2.6761070e+06   2.3010254e+01
   2.6777620e+06   2.1362305e+01
   2.6788100e+06   2.0324707e+01
   2.6801280e+06   2.3986816e+01
   2.6808660e+06   2.4475098e+01
   2.6811660e+06   2.1667480e+01
   2.6813060e+06   2.1301270e+01
   2.6824610e+06   2.2888184e+01
   2.6860510e+06   2.7038574e+01
   2.6870580e+06   2.2399902e+01
   2.6873160e+06   1.5197754e+01
   2.6875410e+06   2.6550293e+01
   2.6893460e+06   2.6184082e+01
   2.6904450e+06   2.3498535e+01
   2.6909250e+06   2.3315430e+01
   2.6911210e+06   1.9653320e+01
   2.6918210e+06   1.8859863e+01
   2.6918840e+06   2.2338867e+01
   2.6919340e+06   2.1728516e+01
   2.6919820e+06   1.6418457e+01
   2.6927660e+06   2.1606445e+01
   2.6932450e+06   2.4475098e+01
   2.6935560e+06   2.2705078e+01
   2.6940110e+06   2.3681641e+01
   2.6945210e+06   2.5390625e+01
   2.6949470e+06   1.9042969e+01
   2.6958650e+06   2.4108887e+01
   2.6962070e+06   2.1545410e+01
   2.6972250e+06   2.3864746e+01
   2.7018340e+06   1.7822266e+01
   2.7049070e+06   2.4291992e+01
   2.7065810e+06   2.2277832e+01
   2.7082710e+06   2.6184082e+01
   2.7135810e+06   2.5085449e+01
   2.7160760e+06   2.1972656e+01
   2.7177030e+06   2.5329590e+01
   2.7193940e+06   2.3498535e+01
   2.7202070e+06   2.0141602e+01
   2.7224790e+06   2.9479980e+01
   2.7237650e+06   2.5207520e+01
   2.7244370e+06   2.4658203e+01
   2.7270780e+06   2.1057129e+01
   2.7298420e+06   2.6184082e+01
   2.7306250e+06   2.3071289e+01
   2.7317170e+06   2.2644043e+01
   2.7336110e+06   2.3376465e+01
   2.7349890e+06   2.4658203e+01
   2.7370490e+06   2.1972656e+01
   2.7385290e+06   2.2949219e+01
   2.7409580e+06   2.3254395e+01
   2.7417410e+06   2.2277832e+01
   2.7428330e+06   2.7709961e+01
   2.7448700e+06   2.3498535e+01
   2.7451100e+06   2.6062012e+01
   2.7451920e+06   1.9531250e+01
   2.7452790e+06   1.7272949e+01
   2.7453270e+06   1.4526367e+01
   2.7458570e+06   2.2949219e+01
   2.7460860e+06   2.7160645e+01
   2.7465490e+06   2.4902344e+01
   2.7476980e+06   2.3315430e+01
   2.7480070e+06   2.0324707e+01
   2.7516160e+06   2.5878906e+01
   2.7519970e+06   2.5573730e+01
   2.7520560e+06   1.7211914e+01
   2.7537580e+06   2.2460937e+01
   2.7557530e+06   1.5563965e+01
   2.7563260e+06   2.9602051e+01
   2.7570100e+06   2.0141602e+01
   2.7584750e+06   2.5756836e+01
   2.7594700e+06   2.7038574e+01
   2.7595750e+06   1.6784668e+01
   2.7596840e+06   2.3498535e+01
   2.7607460e+06   2.8198242e+01
   2.7608820e+06   2.0019531e+01
   2.7648910e+06   2.6123047e+01
   2.7671250e+06   2.5878906e+01
   2.7687020e+06   2.8076172e+01
   2.7694650e+06   2.1362305e+01
   2.7701800e+06   2.6672363e+01
   2.7727920e+06   3.3691406e+01
   2.7728300e+06   1.7089844e+01
   2.7728740e+06   1.8127441e+01
   2.7769520e+06   2.1362305e+01
   2.7782980e+06   2.3010254e+01
   2.7803490e+06   2.3925781e+01
   2.7819060e+06   1.9592285e+01
   2.7856670e+06   2.5573730e+01
   2.7868630e+06   2.8503418e+01
   2.7881200e+06   2.7404785e+01
   2.7902210e+06   1.9775391e+01
   2.7917110e+06   2.8198242e+01
   2.7934520e+06   1.8249512e+01
   2.7963640e+06   2.6245117e+01
   2.7974340e+06   2.2644043e+01
   2.7992350e+06   2.5390625e+01
   2.7997380e+06   2.6062012e+01
   2.8006790e+06   2.2949219e+01
   2.8034100e+06   2.9174805e+01
   2.8046240e+06   2.5146484e+01
   2.8058460e+06   2.6062012e+01
   2.8068200e+06   1.9165039e+01
   2.8086700e+06   2.9235840e+01
   2.8094380e+06   2.3681641e+01
   2.8104350e+06   2.1606445e+01
   2.8127030e+06   2.3315430e+01
   2.8140580e+06   1.8005371e+01
   2.8159650e+06   2.4169922e+01
   2.8179190e+06   2.5634766e+01
   2.8183720e+06   2.7465820e+01
   2.8205330e+06   2.5329590e+01
   2.8221870e+06   2.0019531e+01
   2.8222130e+06   2.1057129e+01
   2.8222850e+06   1.7761230e+01
   2.8223930e+06   2.5756836e+01
   2.8224340e+06   1.3671875e+01
   2.8237600e+06   2.7160645e+01
   2.8242240e+06   2.2888184e+01
   2.8245790e+06   2.4291992e+01
   2.8248640e+06   2.3071289e+01
   2.8250880e+06   2.3559570e+01
   2.8251470e+06   1.5869141e+01
   2.8253530e+06   2.2033691e+01
   2.8256000e+06   2.4291992e+01
   2.8258600e+06   1.9775391e+01
   2.8259940e+06   1.8554687e+01
   2.8267250e+06   1.9897461e+01
   2.8270140e+06   2.2460937e+01
   2.8271160e+06   1.7578125e+01
   2.8280320e+06   2.0751953e+01
   2.8285090e+06   2.1057129e+01
   2.8286310e+06   1.9836426e+01
   2.8286820e+06   1.8066406e+01
   2.8290750e+06   2.2277832e+01
   2.8291500e+06   2.3803711e+01
   2.8294190e+06   1.9287109e+01
   2.8295620e+06   1.9592285e+01
   2.8298300e+06   1.8981934e+01
   2.8381240e+06   2.3193359e+01
   2.8405540e+06   2.4841309e+01
   2.8417240e+06   2.0751953e+01
   2.8442230e+06   2.4414062e+01
   2.8454100e+06   2.3986816e+01
   2.8455550e+06   2.0568848e+01
   2.8456440e+06   2.3559570e+01
   2.8474000e+06   1.7456055e+01
   2.8475550e+06   2.1240234e+01
   2.8522670e+06   2.6855469e+01
   2.8538820e+06   2.1789551e+01
   2.8551420e+06   2.3742676e+01
   2.8553470e+06   2.2644043e+01
   2.8589530e+06   2.7893066e+01
   2.8610000e+06   2.2644043e+01
   2.8614450e+06   2.6367187e+01
   2.8617210e+06   2.7099609e+01
   2.8654320e+06   2.4414062e+01
   2.8675330e+06   2.1728516e+01
   2.8679060e+06   2.3925781e+01
   2.8689230e+06   2.0996094e+01
   2.8692200e+06   1.8798828e+01
   2.8701850e+06   2.0568848e+01
   2.8725800e+06   2.3376465e+01
   2.8756740e+06   2.6672363e+01
   2.8772050e+06   2.2521973e+01
   2.8772650e+06   2.4291992e+01
   2.8792630e+06   2.7954102e+01
   2.8799700e+06   2.3132324e+01
   2.8815570e+06   2.3376465e+01
   2.8818280e+06   2.4169922e+01
   2.8819790e+06   2.2521973e+01
   2.8820320e+06   1.6052246e+01
   2.8821170e+06   1.8127441e+01
   2.8821630e+06   2.2094727e+01
   2.8823200e+06   2.0751953e+01
   2.8828650e+06   2.4230957e+01
   2.8829770e+06   2.1606445e+01
   2.8830660e+06   1.8371582e+01
   2.8833020e+06   1.9409180e+01
   2.8834460e+06   1.7456055e+01
   2.8837270e+06   1.9897461e+01
   2.8838510e+06   2.1606445e+01
   2.8840190e+06   1.9470215e+01
   2.8843220e+06   2.2277832e+01
   2.8852220e+06   2.6733398e+01
   2.8854230e+06   1.7028809e+01
   2.8909420e+06   1.5930176e+01
   2.8910130e+06   1.5319824e+01
   2.8915650e+06   2.6123047e+01
   2.8922360e+06   2.5817871e+01
   2.8927620e+06   2.5817871e+01
   2.8936010e+06   2.8381348e+01
   2.8944570e+06   2.5634766e+01
   2.8951460e+06   2.4963379e+01
   2.8956210e+06   2.4841309e+01
   2.9004530e+06   2.2399902e+01
   2.9018880e+06   2.2766113e+01
   2.9023080e+06   2.2644043e+01
   2.9027540e+06   2.3864746e+01
   2.9031990e+06   2.5390625e+01
   2.9048480e+06   2.4414062e+01
   2.9089630e+06   2.1179199e+01
   2.9100870e+06   2.5329590e+01
   2.9101300e+06   2.0080566e+01
   2.9101770e+06   1.8005371e+01
   2.9128190e+06   2.3559570e+01
   2.9175110e+06   2.3864746e+01
   2.9180270e+06   2.0141602e+01
   2.9187540e+06   2.6184082e+01
   2.9200780e+06   2.4841309e+01
   2.9201220e+06   2.5634766e+01
   2.9207480e+06   2.1606445e+01
   2.9210470e+06   2.1728516e+01
   2.9257420e+06   2.4902344e+01
   2.9307310e+06   2.7648926e+01
   2.9324630e+06   2.6916504e+01
   2.9344560e+06   2.3071289e+01
   2.9366620e+06   2.4353027e+01
   2.9383880e+06   2.4658203e+01
   2.9401230e+06   1.9104004e+01
   2.9413190e+06   2.2460937e+01
   2.9416470e+06   2.1972656e+01
   2.9426220e+06   2.4353027e+01
   2.9452960e+06   2.6367188e+01
   2.9477810e+06   2.4780273e+01
   2.9495490e+06   2.9235840e+01
   2.9498760e+06   2.0202637e+01
   2.9499940e+06   2.1911621e+01
   2.9501580e+06   2.1545410e+01
   2.9501930e+06   1.7272949e+01
   2.9542310e+06   2.2338867e+01
   2.9566600e+06   2.7221680e+01
   2.9570060e+06   2.1850586e+01
   2.9573630e+06   2.2277832e+01
   2.9580860e+06   2.1850586e+01
   2.9589820e+06   2.1423340e+01
   2.9591880e+06   2.4536133e+01
   2.9647500e+06   2.4169922e+01
   2.9648890e+06   2.4841309e+01
   2.9652070e+06   1.8249512e+01
   2.9655050e+06   2.1118164e+01
   2.9657930e+06   2.1057129e+01
   2.9658290e+06   1.8798828e+01
   2.9696640e+06   2.4230957e+01
   2.9698760e+06   2.5390625e+01
   2.9749740e+06   2.6794434e+01
   2.9771870e+06   2.6123047e+01
   2.9774780e+06   2.0568848e+01
   2.9778350e+06   2.2094727e+01
   2.9780630e+06   2.0446777e+01
   2.9817420e+06   1.9653320e+01
   2.9842940e+06   2.6184082e+01
   2.9862820e+06   2.5024414e+01
   2.9875800e+06   2.4719238e+01
   2.9918400e+06   2.6916504e+01
   2.9932320e+06   2.7160645e+01
   2.9952330e+06   2.5695801e+01
   2.9972930e+06   2.7404785e+01
   2.9986020e+06   2.3986816e+01
   3.0000520e+06   2.2705078e+01
   3.0008920e+06   2.5939941e+01
   3.0010110e+06   1.3671875e+01
   3.0010440e+06   1.5258789e+01
   3.0023870e+06   2.4597168e+01
   3.0035800e+06   2.5573730e+01
   3.0064880e+06   2.8076172e+01
   3.0081390e+06   2.6245117e+01
   3.0086820e+06   2.5512695e+01
   3.0109820e+06   2.3986816e+01
   3.0124960e+06   2.4597168e+01
   3.0144390e+06   2.2460938e+01
   3.0153780e+06   2.3071289e+01
   3.0175470e+06   2.5512695e+01
   3.0195460e+06   2.4719238e+01
   3.0223770e+06   2.4475098e+01
   3.0244010e+06   2.3437500e+01
   3.0256560e+06   1.9287109e+01
   3.0259560e+06   2.7893066e+01
   3.0261010e+06   1.9897461e+01
   3.0261690e+06   2.3315430e+01
   3.0262030e+06   1.6784668e+01
   3.0270030e+06   1.4648438e+01
   3.0270360e+06   1.5258789e+01
   3.0270660e+06   1.4892578e+01
   3.0270990e+06   1.3977051e+01
   3.0271380e+06   1.6113281e+01
   3.0272340e+06   1.5197754e+01
   3.0272600e+06   1.5258789e+01
   3.0272880e+06   2.5146484e+01
   3.0290440e+06   2.1301270e+01
   3.0324970e+06   2.6306152e+01
   3.0335590e+06   2.4353027e+01
   3.0358530e+06   3.0090332e+01
   3.0378320e+06   2.2766113e+01
   3.0405160e+06   2.9418945e+01
   3.0417490e+06   2.7587891e+01
   3.0421120e+06   2.3376465e+01
   3.0426710e+06   2.5573730e+01
   3.0428950e+06   1.9653320e+01
   3.0429640e+06   1.8066406e+01
   3.0433640e+06   2.2094727e+01
   3.0436200e+06   2.2094727e+01
   3.0436610e+06   1.7639160e+01
   3.0441440e+06   2.5085449e+01
   3.0442130e+06   2.1301270e+01
   3.0443420e+06   2.0507812e+01
   3.0444080e+06   1.8493652e+01
   3.0448090e+06   1.8798828e+01
   3.0448640e+06   1.7150879e+01
   3.0453610e+06   2.1667480e+01
   3.0454390e+06   2.4047852e+01
   3.0455070e+06   1.9897461e+01
   3.0455940e+06   2.0751953e+01
   3.0457160e+06   2.0568848e+01
   3.0458490e+06   2.1667480e+01
   3.0460000e+06   2.0263672e+01
   3.0469960e+06   2.1484375e+01
   3.0484200e+06   1.4648438e+01
   3.0505960e+06   2.3193359e+01
   3.0509350e+06   1.7639160e+01
   3.0510850e+06   2.1972656e+01
   3.0511680e+06   1.7028809e+01
   3.0522900e+06   2.4963379e+01
   3.0564460e+06   2.4719238e+01
   3.0567820e+06   2.6611328e+01
   3.0584560e+06   2.4780273e+01
   3.0598960e+06   2.5146484e+01
   3.0650460e+06   2.2216797e+01
   3.0669230e+06   1.9165039e+01
   3.0699240e+06   2.8381348e+01
   3.0715870e+06   2.4841309e+01
   3.0734720e+06   2.4719238e+01
   3.0757420e+06   2.8930664e+01
   3.0783340e+06   2.3803711e+01
   3.0804650e+06   2.1484375e+01
   3.0817370e+06   2.6794434e+01
   3.0823040e+06   1.8493652e+01
   3.0823430e+06   2.3803711e+01
   3.0823750e+06   1.6540527e+01
   3.0824220e+06   1.4343262e+01
   3.0828390e+06   2.6000977e+01
   3.0852100e+06   2.0202637e+01
   3.0859760e+06   2.1362305e+01
   3.0891940e+06   3.1250000e+01
   3.0911770e+06   2.6245117e+01
   3.0932040e+06   2.5573730e+01
   3.0971220e+06   2.3437500e+01
   3.0988680e+06   2.6489258e+01
   3.1003150e+06   2.0019531e+01
   3.1021680e+06   2.4230957e+01
   3.1025750e+06   2.3315430e+01
   3.1052130e+06   2.4230957e+01
   3.1071490e+06   2.7587891e+01
   3.1081090e+06   2.8381348e+01
   3.1103730e+06   2.1972656e+01
   3.1110500e+06   1.9470215e+01
   3.1112210e+06   1.5258789e+01
   3.1112960e+06   1.5991211e+01
   3.1113810e+06   2.4536133e+01
   3.1118620e+06   2.2277832e+01
   3.1119870e+06   2.2583008e+01
   3.1121230e+06   1.3671875e+01
   3.1121560e+06   1.8066406e+01
   3.1123040e+06   2.4230957e+01
   3.1126710e+06   1.3854980e+01
   3.1159800e+06   2.4414062e+01
   3.1164320e+06   2.3742676e+01
   3.1195080e+06   2.6062012e+01
   3.1229820e+06   2.6977539e+01
   3.1232250e+06   2.3315430e+01
   3.1255090e+06   2.2705078e+01
   3.1274460e+06   2.4108887e+01
   3.1301790e+06   2.6916504e+01
   3.1316150e+06   2.3681641e+01
   3.1329170e+06   2.3254395e+01
   3.1345640e+06   2.4108887e+01
   3.1348730e+06   2.6672363e+01
   3.1362620e+06   2.0202637e+01
   3.1388340e+06   2.1667480e+01
   3.1405940e+06   2.4719238e+01
   3.1408740e+06   2.0202637e+01
   3.1412150e+06   2.0568848e+01
   3.1418600e+06   2.4414062e+01
   3.1434170e+06   2.3803711e+01
   3.1486610e+06   2.5634766e+01
   3.1498230e+06   2.3925781e+01
   3.1516210e+06   2.7221680e+01
   3.1539240e+06   2.7099609e+01
   3.1552250e+06   2.0385742e+01
   3.1575070e+06   2.4780273e+01
   3.1591710e+06   2.3620605e+01
   3.1600510e+06   2.1728516e+01
   3.1605470e+06   2.0507812e+01
   3.1635500e+06   2.5207520e+01
   3.1646240e+06   2.6245117e+01
   3.1655400e+06   2.1606445e+01
   3.1656550e+06   3.4484863e+01
   3.1690480e+06   2.3132324e+01
   3.1706460e+06   2.3254395e+01
   3.1712910e+06   1.3549805e+01
   3.1713260e+06   1.7883301e+01
   3.1725940e+06   2.4902344e+01
   3.1739020e+06   1.8676758e+01
   3.1754990e+06   2.3376465e+01
   3.1765590e+06   2.5024414e+01
   3.1769500e+06   2.4963379e+01
   3.1769990e+06   1.9042969e+01
   3.1771650e+06   2.2399902e+01
   3.1771840e+06   2.3437500e+01
   3.1772480e+06   1.7150879e+01
   3.1772850e+06   1.5869141e+01
   3.1774380e+06   1.8676758e+01
   3.1798240e+06   2.4902344e+01
   3.1800440e+06   2.3925781e+01
   3.1807190e+06   2.1606445e+01
   3.1812120e+06   2.3071289e+01
   3.1815920e+06   2.1850586e+01
   3.1820940e+06   2.7465820e+01
   3.1821880e+06   2.2277832e+01
   3.1823020e+06   1.7761230e+01
   3.1824670e+06   2.2521973e+01
   3.1825510e+06   2.1911621e+01
   3.1826080e+06   1.6906738e+01
   3.1828060e+06   1.9897461e+01
   3.1829240e+06   2.1301270e+01
   3.1829740e+06   1.8615723e+01
   3.1831300e+06   1.4648438e+01
   3.1831990e+06   1.4160156e+01
   3.1832660e+06   1.6357422e+01
   3.1836290e+06   1.7333984e+01
   3.1836790e+06   1.5502930e+01
   3.1838110e+06   1.9348145e+01
   3.1841630e+06   1.9226074e+01
   3.1843340e+06   2.0507812e+01
   3.1844020e+06   1.5991211e+01
   3.1844540e+06   1.6235352e+01
   3.1846180e+06   2.0996094e+01
   3.1902230e+06   2.7404785e+01
   3.1951630e+06   2.1240234e+01
   3.1988830e+06   2.2094727e+01
   3.2018290e+06   2.3132324e+01
   3.2031230e+06   2.0019531e+01
   3.2032740e+06   2.3315430e+01
   3.2037500e+06   2.5146484e+01
   3.2038130e+06   2.1423340e+01
   3.2043030e+06   2.3254395e+01
   3.2043220e+06   2.2033691e+01
   3.2043590e+06   2.0812988e+01
   3.2053380e+06   1.9226074e+01
   3.2056120e+06   2.2583008e+01
   3.2057320e+06   2.3132324e+01
   3.2064030e+06   2.2033691e+01
   3.2073500e+06   2.0690918e+01
   3.2073880e+06   2.2705078e+01
   3.2074230e+06   1.4831543e+01
   3.2074690e+06   1.7333984e+01
   3.2075760e+06   1.6235352e+01
   3.2076960e+06   1.5136719e+01
   3.2079350e+06   2.0935059e+01
   3.2079870e+06   1.5808105e+01
   3.2081050e+06   1.5319824e+01
   3.2081360e+06   2.1667480e+01
   3.2081520e+06   1.4099121e+01
   3.2158820e+06   2.5085449e+01
   3.2212230e+06   2.3132324e+01
   3.2229460e+06   2.3498535e+01
   3.2250210e+06   2.1301270e+01
   3.2273280e+06   2.5329590e+01
   3.2279130e+06   1.4526367e+01
   3.2279440e+06   1.4160156e+01
   3.2279780e+06   1.7944336e+01
   3.2280120e+06   1.6296387e+01
   3.2280480e+06   1.4343262e+01
   3.2281220e+06   1.5808105e+01
   3.2281610e+06   1.6113281e+01
   3.2282300e+06   1.3610840e+01
   3.2282690e+06   1.4160156e+01
   3.2283260e+06   1.4892578e+01
   3.2286650e+06   2.6489258e+01
   3.2293700e+06   2.1789551e+01
   3.2303970e+06   2.4963379e+01
   3.2306760e+06   1.9897461e+01
   3.2315140e+06   2.7832031e+01
   3.2317310e+06   2.4963379e+01
   3.2319880e+06   2.1118164e+01
   3.2322340e+06   1.9165039e+01
   3.2322500e+06   2.4169922e+01
   3.2324710e+06   2.3620605e+01
   3.2325600e+06   2.2338867e+01
   3.2325920e+06   1.9958496e+01
   3.2368470e+06   2.1240234e+01
   3.2410890e+06   1.9531250e+01
   3.2420300e+06   2.1545410e+01
   3.2429190e+06   2.4047852e+01
   3.2454020e+06   2.2460938e+01
   3.2478410e+06   2.7587891e+01
   3.2519160e+06   1.8066406e+01
   3.2537020e+06   2.1301270e+01
   3.2565990e+06   2.5512695e+01
   3.2581780e+06   2.4719238e+01
   3.2589600e+06   1.9287109e+01
   3.2594020e+06   2.0019531e+01
   3.2622020e+06   2.3071289e+01
   3.2633490e+06   2.3925781e+01
   3.2637590e+06   2.4902344e+01
   3.2645210e+06   2.0202637e+01
   3.2662750e+06   2.4353027e+01
   3.2663430e+06   2.6672363e+01
   3.2694330e+06   2.6245117e+01
   3.2714070e+06   2.6367188e+01
   3.2724010e+06   2.5451660e+01
   3.2749960e+06   2.5512695e+01
   3.2765900e+06   1.3549805e+01
   3.2778660e+06   2.4902344e+01
   3.2795430e+06   2.2033691e+01
   3.2801600e+06   2.0690918e+01
   3.2803820e+06   2.6062012e+01
   3.2804830e+06   1.3916016e+01
   3.2813410e+06   2.1484375e+01
   3.2823280e+06   2.1301270e+01
   3.2826990e+06   2.2094727e+01
   3.2839610e+06   2.5451660e+01
   3.2876370e+06   2.7709961e+01
   3.2900140e+06   2.4414062e+01
   3.2920590e+06   2.4780273e+01
   3.2935720e+06   2.7648926e+01
   3.2939920e+06   2.1728516e+01
   3.2945870e+06   1.5075684e+01
   3.2947790e+06   1.5380859e+01
   3.2967690e+06   2.2338867e+01
   3.2984340e+06   2.4414062e+01
   3.2993040e+06   2.5207520e+01
   3.3012690e+06   1.9042969e+01
   3.3043300e+06   2.2583008e+01
   3.3063290e+06   2.4841309e+01
   3.3074980e+06   1.9897461e+01
   3.3078720e+06   1.4831543e+01
   3.3079090e+06   1.7150879e+01
   3.3079660e+06   1.3916016e+01
   3.3080060e+06   1.4221191e+01
   3.3081310e+06   1.4587402e+01
   3.3082480e+06   1.3854980e+01
   3.3095070e+06   2.5817871e+01
   3.3095730e+06   1.5563965e+01
   3.3096250e+06   1.5869141e+01
   3.3118130e+06   2.6977539e+01
   3.3144000e+06   2.5451660e+01
   3.3156060e+06   2.7221680e+01
   3.3167490e+06   2.4963379e+01
   3.3186040e+06   2.2338867e+01
   3.3211500e+06   2.7832031e+01
   3.3214040e+06   2.5085449e+01
   3.3215000e+06   2.4291992e+01
   3.3215570e+06   2.1118164e+01
   3.3253970e+06   2.2033691e+01
   3.3258780e+06   2.4597168e+01
   3.3260150e+06   1.9104004e+01
   3.3268520e+06   2.1728516e+01
   3.3273710e+06   2.4597168e+01
   3.3279340e+06   2.6794434e+01
   3.3294430e+06   1.9470215e+01
   3.3334950e+06   2.2827148e+01
   3.3361700e+06   2.6367188e+01
   3.3377880e+06   2.5329590e+01
   3.3380190e+06   2.7099609e+01
   3.3405730e+06   2.6916504e+01
   3.3422610e+06   2.7893066e+01
   3.3431960e+06   2.4475098e+01
   3.3441480e+06   2.4169922e+01
   3.3451680e+06   2.1057129e+01
   3.3452660e+06   2.3498535e+01
   3.3453290e+06   1.5075684e+01
   3.3453470e+06   2.7526855e+01
   3.3454060e+06   1.5625000e+01
   3.3464850e+06   2.1301270e+01
   3.3480310e+06   2.5817871e+01
   3.3500070e+06   2.2277832e+01
   3.3508750e+06   2.6550293e+01
   3.3530360e+06   2.3193359e+01
   3.3534470e+06   1.4648438e+01
   3.3535420e+06   1.5502930e+01
   3.3535840e+06   1.4709473e+01
   3.3564440e+06   2.4658203e+01
   3.3581990e+06   2.3254395e+01
   3.3606610e+06   2.3620605e+01
   3.3614030e+06   2.8259277e+01
   3.3618850e+06   2.4169922e+01
   3.3662420e+06   2.0080566e+01
   3.3680590e+06   2.2277832e+01
   3.3696770e+06   2.2460938e+01
   3.3719090e+06   2.8137207e+01
   3.3744950e+06   2.6672363e+01
   3.3759370e+06   2.0019531e+01
   3.3778530e+06   2.5573730e+01
   3.3795060e+06   2.6306152e+01
   3.3808890e+06   2.4230957e+01
   3.3827940e+06   2.8442383e+01
   3.3833000e+06   2.0141602e+01
   3.3834960e+06   2.0202637e+01
   3.3837490e+06   2.4719238e+01
   3.3839170e+06   2.0263672e+01
   3.3841800e+06   2.0874023e+01
   3.3846570e+06   1.9165039e+01
   3.3857900e+06   2.0324707e+01
   3.3891660e+06   2.5451660e+01
   3.3935320e+06   2.5634766e+01
   3.3955120e+06   2.8198242e+01
   3.3962680e+06   2.3986816e+01
   3.3972980e+06   2.1972656e+01
   3.3980530e+06   2.2094727e+01
   3.3984470e+06   2.2033691e+01
   3.4015860e+06   1.9714355e+01
   3.4040560e+06   3.0456543e+01
   3.4073080e+06   2.8930664e+01
   3.4092180e+06   2.3193359e+01
   3.4104960e+06   2.4963379e+01
   3.4112650e+06   1.9836426e+01
   3.4152570e+06   2.5451660e+01
   3.4163450e+06   2.9296875e+01
   3.4178970e+06   1.4099121e+01
   3.4179920e+06   1.4282227e+01
   3.4181830e+06   1.6906738e+01
   3.4205480e+06   2.1850586e+01
   3.4210130e+06   1.9348145e+01
   3.4228500e+06   2.7770996e+01
   3.4244820e+06   2.6489258e+01
   3.4250480e+06   2.4414062e+01
   3.4257450e+06   1.3732910e+01
   3.4258060e+06   1.5075684e+01
   3.4258730e+06   1.4343262e+01
   3.4259510e+06   1.3732910e+01
   3.4261110e+06   1.4465332e+01
   3.4261850e+06   1.6113281e+01
   3.4264220e+06   1.4099121e+01
   3.4269820e+06   2.5695801e+01
   3.4274880e+06   2.4475098e+01
   3.4284900e+06   2.5512695e+01
   3.4311550e+06   1.6784668e+01
   3.4335800e+06   1.5991211e+01
   3.4336170e+06   1.6296387e+01
   3.4336560e+06   4.0283203e+01
   3.4336920e+06   1.3549805e+01
   3.4360450e+06   2.6123047e+01
   3.4361790e+06   2.4841309e+01
   3.4362850e+06   2.1118164e+01
   3.4363800e+06   2.1240234e+01
   3.4368660e+06   2.1789551e+01
   3.4371550e+06   2.2216797e+01
   3.4374240e+06   2.4475098e+01
   3.4388160e+06   2.4047852e+01
   3.4410100e+06   2.2033691e+01
   3.4415500e+06   2.4963379e+01
   3.4418990e+06   2.4658203e+01
   3.4459770e+06   2.5878906e+01
   3.4477800e+06   2.2155762e+01
   3.4490160e+06   2.4963379e+01
   3.4515060e+06   2.4353027e+01
   3.4527250e+06   2.7526855e+01
   3.4533720e+06   2.6367188e+01
   3.4548890e+06   2.4230957e+01
   3.4554740e+06   2.2583008e+01
   3.4586750e+06   2.7404785e+01
   3.4604930e+06   2.6611328e+01
   3.4619590e+06   2.6489258e+01
   3.4624630e+06   2.4536133e+01
   3.4658580e+06   2.2827148e+01
   3.4681750e+06   2.5146484e+01
   3.4719790e+06   2.6733398e+01
   3.4733990e+06   2.5817871e+01
   3.4748110e+06   2.7038574e+01
   3.4761720e+06   2.5817871e+01
   3.4770430e+06   2.3742676e+01
   3.4775330e+06   2.1789551e+01
   3.4824390e+06   2.8869629e+01
   3.4840720e+06   2.5207520e+01
   3.4860200e+06   2.5268555e+01
   3.4873960e+06   2.4902344e+01
   3.4911850e+06   2.8503418e+01
   3.4924240e+06   2.5207520e+01
   3.4940620e+06   2.1972656e+01
   3.4954060e+06   2.8381348e+01
   3.4961450e+06   2.6916504e+01
   3.4966720e+06   1.4770508e+01
   3.4973580e+06   2.5939941e+01
   3.4990210e+06   2.3254395e+01
   3.5012170e+06   2.5756836e+01
   3.5033110e+06   2.2216797e+01
   3.5037240e+06   2.2277832e+01
   3.5063750e+06   2.4047852e+01
   3.5070830e+06   2.2338867e+01
   3.5078750e+06   2.1179199e+01
   3.5111080e+06   2.1972656e+01
   3.5113970e+06   2.3254395e+01
   3.5119810e+06   2.2338867e+01
   3.5161080e+06   2.2583008e+01
   3.5173040e+06   2.4047852e+01
   3.5184330e+06   2.4597168e+01
   3.5199570e+06   2.6184082e+01
   3.5201100e+06   2.1484375e+01
   3.5247800e+06   2.4902344e+01
   3.5258490e+06   2.6428223e+01
   3.5261470e+06   2.5207520e+01
   3.5265150e+06   2.3925781e+01
   3.5298260e+06   2.4230957e+01
   3.5315510e+06   2.2705078e+01
   3.5331100e+06   2.9174805e+01
   3.5358870e+06   2.5329590e+01
   3.5371950e+06   2.2094727e+01
   3.5397600e+06   2.3681641e+01
   3.5427970e+06   2.8198242e+01
   3.5442140e+06   2.6916504e+01
   3.5458720e+06   2.3437500e+01
   3.5473340e+06   1.8493652e+01
   3.5484560e+06   1.9714355e+01
   3.5511870e+06   2.2521973e+01
   3.5532020e+06   2.5451660e+01
   3.5533990e+06   2.6489258e+01
   3.5564710e+06   2.2460938e+01
   3.5579520e+06   2.0751953e+01
   3.5593470e+06   1.7578125e+01
   3.5593710e+06   3.0029297e+01
   3.5612300e+06   2.3986816e+01
   3.5623240e+06   2.2338867e+01
   3.5647420e+06   2.2094727e+01
   3.5668490e+06   2.3193359e+01
   3.5689680e+06   2.2827148e+01
   3.5706630e+06   2.7954102e+01
   3.5720870e+06   2.4047852e+01
   3.5736990e+06   2.0385742e+01
   3.5747920e+06   2.9418945e+01
   3.5768240e+06   2.5024414e+01
   3.5810140e+06   2.4597168e+01
   3.5821060e+06   1.9836426e+01
   3.5836540e+06   2.6977539e+01
   3.5850070e+06   2.4475098e+01
   3.5858870e+06   2.6062012e+01
   3.5871970e+06   2.2949219e+01
   3.5897870e+06   2.3559570e+01
   3.5908340e+06   2.3376465e+01
   3.5924750e+06   2.5695801e+01
   3.5937830e+06   2.3986816e+01
   3.5942090e+06   2.4963379e+01
   3.5960980e+06   2.5695801e+01
   3.5969170e+06   2.2827148e+01
   3.5985310e+06   2.0751953e+01
   3.5997280e+06   2.7832031e+01
   3.6006180e+06   2.9296875e+01
   3.6026470e+06   2.4047852e+01
   3.6040600e+06   2.5085449e+01
   3.6048350e+06   2.5085449e+01
   3.6062430e+06   2.5939941e+01
   3.6070540e+06   2.6428223e+01
   3.6106170e+06   1.5136719e+01
   3.6130330e+06   2.5146484e+01
   3.6145230e+06   2.1118164e+01
   3.6184560e+06   2.4414062e+01
   3.6197550e+06   2.5451660e+01
   3.6213580e+06   2.7954102e+01
   3.6228890e+06   1.8310547e+01
   3.6254810e+06   2.5329590e+01
   3.6268660e+06   2.1789551e+01
   3.6282260e+06   2.1057129e+01
   3.6300760e+06   2.1972656e+01
   3.6308010e+06   2.3864746e+01
   3.6328710e+06   2.5329590e+01
   3.6332000e+06   2.1362305e+01
   3.6357980e+06   2.3864746e+01
   3.6373600e+06   2.8198242e+01
   3.6387510e+06   2.7709961e+01
   3.6393400e+06   2.4353027e+01
   3.6409350e+06   2.6611328e+01
   3.6423720e+06   1.4099121e+01
   3.6424610e+06   1.7333984e+01
   3.6425000e+06   2.6916504e+01
   3.6446510e+06   2.4902344e+01
   3.6468170e+06   2.7526855e+01
   3.6474830e+06   2.6855469e+01
   3.6479290e+06   2.6489258e+01
   3.6486470e+06   2.2460938e+01
   3.6494650e+06   2.3864746e+01
   3.6501350e+06   2.0874023e+01
   3.6532690e+06   2.5634766e+01
   3.6534310e+06   1.9897461e+01
   3.6535440e+06   2.3193359e+01
   3.6535930e+06   1.7333984e+01
   3.6538980e+06   2.5939941e+01
   3.6565090e+06   2.2949219e+01
   3.6580040e+06   1.9714355e+01
   3.6614460e+06   2.2155762e+01
   3.6632530e+06   2.2338867e+01
   3.6651180e+06   2.1911621e+01
   3.6660860e+06   2.7160645e+01
   3.6680680e+06   2.0324707e+01
   3.6703080e+06   2.3376465e+01
   3.6707440e+06   1.9592285e+01
   3.6717000e+06   2.3986816e+01
   3.6721200e+06   2.0385742e+01
   3.6724530e+06   2.3437500e+01
   3.6747840e+06   2.1057129e+01
   3.6764890e+06   2.1362305e+01
   3.6791380e+06   2.5634766e+01
   3.6811670e+06   2.5756836e+01
   3.6835250e+06   2.3315430e+01
   3.6848160e+06   2.2216797e+01
   3.6854730e+06   1.7333984e+01
   3.6855870e+06   2.4902344e+01
   3.6885410e+06   2.3315430e+01
   3.6905420e+06   2.1850586e+01
   3.6916990e+06   2.5207520e+01
   3.6919730e+06   2.6428223e+01
   3.6947580e+06   2.7893066e+01
   3.6964720e+06   2.6062012e+01
   3.6987700e+06   2.5146484e+01
   3.7000260e+06   2.1789551e+01
   3.7005690e+06   2.5268555e+01
   3.7036100e+06   1.9958496e+01
   3.7053590e+06   2.6855469e+01
   3.7058130e+06   2.5634766e+01
   3.7061230e+06   2.5085449e+01
   3.7064670e+06   2.0996094e+01
   3.7072110e+06   1.9226074e+01
   3.7076240e+06   2.6123047e+01
   3.7077030e+06   2.3193359e+01
   3.7099960e+06   2.0629883e+01
   3.7119390e+06   2.4658203e+01
   3.7136760e+06   2.4414062e+01
   3.7149580e+06   1.8798828e+01
   3.7154660e+06   2.4841309e+01
   3.7164160e+06   2.5329590e+01
   3.7186190e+06   1.9775391e+01
   3.7193940e+06   2.2460938e+01
   3.7203420e+06   1.8432617e+01
   3.7206610e+06   2.5146484e+01
   3.7216950e+06   2.4658203e+01
   3.7217580e+06   1.7883301e+01
   3.7218000e+06   1.8554688e+01
   3.7244820e+06   2.6062012e+01
   3.7251130e+06   2.6733398e+01
   3.7255950e+06   2.3498535e+01
   3.7281920e+06   1.7517090e+01
   3.7289590e+06   2.3376465e+01
   3.7290000e+06   1.4282227e+01
   3.7290350e+06   1.5747070e+01
   3.7291070e+06   1.3610840e+01
   3.7291800e+06   1.4892578e+01
   3.7292290e+06   1.5441895e+01
   3.7314320e+06   2.1728516e+01
   3.7323660e+06   2.1240234e+01
   3.7347000e+06   1.9836426e+01
   3.7361410e+06   2.3071289e+01
   3.7378960e+06   2.6611328e+01
   3.7384240e+06   1.9470215e+01
   3.7414050e+06   2.3986816e+01
   3.7426190e+06   2.0507812e+01
   3.7438500e+06   2.2583008e+01
   3.7462490e+06   2.6855469e+01
   3.7470950e+06   2.5085449e+01
   3.7483390e+06   2.5878906e+01
   3.7505270e+06   2.9113770e+01
   3.7510900e+06   2.3132324e+01
   3.7530210e+06   2.1423340e+01
   3.7531400e+06   1.9287109e+01
   3.7532310e+06   2.1972656e+01
   3.7532600e+06   1.6479492e+01
   3.7556170e+06   2.1484375e+01
   3.7588780e+06   2.2583008e+01
   3.7614960e+06   2.6306152e+01
   3.7630270e+06   2.2583008e+01
   3.7650950e+06   2.7770996e+01
   3.7673410e+06   2.4719238e+01
   3.7686960e+06   2.2888184e+01
   3.7690120e+06   2.6245117e+01
   3.7706300e+06   2.0385742e+01
   3.7721690e+06   2.7648926e+01
   3.7723660e+06   1.8737793e+01
   3.7724370e+06   2.0385742e+01
   3.7742970e+06   2.3132324e+01
   3.7749350e+06   2.2583008e+01
   3.7756670e+06   2.5634766e+01
   3.7765290e+06   2.4475098e+01
   3.7767340e+06   2.4963379e+01
   3.7796190e+06   2.8503418e+01
   3.7818990e+06   2.3803711e+01
   3.7849790e+06   2.4841309e+01
   3.7863680e+06   2.7038574e+01
   3.7885420e+06   2.0874023e+01
   3.7907810e+06   2.4719238e+01
   3.7915590e+06   2.2033691e+01
   3.7917730e+06   2.5268555e+01
   3.7921040e+06   2.6550293e+01
   3.7930760e+06   2.4353027e+01
   3.7932830e+06   2.1606445e+01
   3.7936340e+06   2.3681641e+01
   3.7938060e+06   2.0385742e+01
   3.7978410e+06   2.6184082e+01
   3.8008900e+06   2.7465820e+01
   3.8028780e+06   2.6794434e+01
   3.8048420e+06   2.9724121e+01
   3.8065530e+06   2.2277832e+01
   3.8072840e+06   1.4709473e+01
   3.8074140e+06   2.5695801e+01
   3.8083180e+06   2.3620605e+01
   3.8086520e+06   1.4526367e+01
   3.8088250e+06   2.1545410e+01
   3.8101010e+06   2.1118164e+01
   3.8101240e+06   2.5390625e+01
   3.8101510e+06   2.0751953e+01
   3.8101960e+06   2.0324707e+01
   3.8102770e+06   1.9409180e+01
   3.8119630e+06   1.3732910e+01
   3.8121120e+06   1.3732910e+01
   3.8123150e+06   1.5563965e+01
   3.8123960e+06   1.3549805e+01
   3.8124750e+06   1.4404297e+01
   3.8125650e+06   1.5380859e+01
   3.8128200e+06   1.4953613e+01
   3.8128980e+06   2.4353027e+01
   3.8129130e+06   1.4282227e+01
   3.8130090e+06   1.5197754e+01
   3.8136420e+06   2.5695801e+01
   3.8149060e+06   2.3193359e+01
   3.8153050e+06   2.4169922e+01
   3.8154330e+06   2.4230957e+01
   3.8155560e+06   1.7578125e+01
   3.8195030e+06   2.7587891e+01
   3.8217320e+06   2.2583008e+01
   3.8230080e+06   2.4719238e+01
   3.8267570e+06   2.6794434e+01
   3.8280830e+06   2.4536133e+01
   3.8283640e+06   2.2949219e+01
   3.8301430e+06   2.6855469e+01
   3.8304390e+06   2.0019531e+01
   3.8314970e+06   2.3681641e+01
   3.8321390e+06   2.3315430e+01
   3.8329610e+06   2.3254395e+01
   3.8336450e+06   2.3681641e+01
   3.8350230e+06   2.3742676e+01
   3.8379730e+06   2.6062012e+01
   3.8386660e+06   1.6113281e+01
   3.8387120e+06   1.6418457e+01
   3.8387490e+06   1.7761230e+01
   3.8394550e+06   1.3732910e+01
   3.8398420e+06   2.7282715e+01
   3.8402300e+06   2.0812988e+01
   3.8407390e+06   2.1545410e+01
   3.8413730e+06   2.1484375e+01
   3.8418930e+06   2.1606445e+01
   3.8431550e+06   2.4414062e+01
   3.8458240e+06   2.7343750e+01
   3.8473250e+06   2.6184082e+01
   3.8494940e+06   2.2521973e+01
   3.8514020e+06   2.6367188e+01
   3.8526920e+06   2.4719238e+01
   3.8527240e+06   1.9287109e+01
   3.8530970e+06   2.6672363e+01
   3.8538790e+06   2.7099609e+01
   3.8544120e+06   1.9592285e+01
   3.8581090e+06   2.6306152e+01
   3.8604700e+06   2.7221680e+01
   3.8625700e+06   2.1606445e+01
   3.8640420e+06   2.5085449e+01
   3.8655040e+06   2.7221680e+01
   3.8680660e+06   2.5512695e+01
   3.8682720e+06   2.1972656e+01
   3.8717270e+06   1.8310547e+01
   3.8718060e+06   1.8371582e+01
   3.8744980e+06   2.5817871e+01
   3.8761920e+06   2.0629883e+01
   3.8784930e+06   2.3010254e+01
   3.8789810e+06   1.8676758e+01
   3.8796910e+06   2.4780273e+01
   3.8822690e+06   2.3925781e+01
   3.8836620e+06   2.3376465e+01
   3.8860360e+06   2.3193359e+01
   3.8889890e+06   2.7770996e+01
   3.8895130e+06   2.3986816e+01
   3.8898090e+06   2.0935059e+01
   3.8899440e+06   1.9226074e+01
   3.8900010e+06   1.9897461e+01
   3.8942760e+06   2.7832031e+01
   3.8955110e+06   1.6967773e+01
   3.8955460e+06   1.5380859e+01
   3.8955820e+06   1.4038086e+01
   3.8969300e+06   2.5451660e+01
   3.8988820e+06   2.2277832e+01
   3.9001400e+06   2.3559570e+01
   3.9004470e+06   2.2583008e+01
   3.9008160e+06   2.3193359e+01
   3.9010830e+06   2.0019531e+01
   3.9013720e+06   2.2705078e+01
   3.9034440e+06   1.6662598e+01
   3.9059780e+06   2.2521973e+01
   3.9079430e+06   2.4963379e+01
   3.9096490e+06   2.0874023e+01
   3.9116100e+06   2.9052734e+01
   3.9129740e+06   2.6977539e+01
   3.9145860e+06   2.1545410e+01
   3.9154500e+06   2.4108887e+01
   3.9154930e+06   1.6418457e+01
   3.9181610e+06   2.3925781e+01
   3.9195800e+06   2.3925781e+01
   3.9199220e+06   2.0263672e+01
   3.9222090e+06   2.3498535e+01
   3.9222280e+06   1.9287109e+01
   3.9243210e+06   2.2583008e+01
   3.9249130e+06   2.1911621e+01
   3.9254630e+06   2.3620605e+01
   3.9263790e+06   2.3010254e+01
   3.9270700e+06   2.0507812e+01
   3.9284000e+06   2.0690918e+01
   3.9312220e+06   2.4841309e+01
   3.9319320e+06   1.8371582e+01
   3.9319840e+06   2.0935059e+01
   3.9344570e+06   2.2216797e+01
   3.9355890e+06   2.9602051e+01
   3.9377270e+06   2.2399902e+01
   3.9407300e+06   2.5878906e+01
   3.9416060e+06   2.7099609e+01
   3.9417380e+06   2.3010254e+01
   3.9417840e+06   2.0141602e+01
   3.9419350e+06   2.0080566e+01
   3.9419690e+06   1.6967773e+01
   3.9424980e+06   2.3986816e+01
   3.9446670e+06   2.0202637e+01
   3.9483260e+06   2.3925781e+01
   3.9502400e+06   2.9602051e+01
   3.9545210e+06   2.2705078e+01
   3.9560010e+06   1.8188477e+01
   3.9566800e+06   2.5085449e+01
   3.9569550e+06   2.7832031e+01
   3.9571580e+06   2.0324707e+01
   3.9576830e+06   2.0202637e+01
   3.9583770e+06   2.3071289e+01
   3.9595940e+06   2.7648926e+01
   3.9603730e+06   2.2949219e+01
   3.9637240e+06   1.8676758e+01
   3.9651850e+06   2.9418945e+01
   3.9672620e+06   2.5878906e+01
   3.9688120e+06   2.1423340e+01
   3.9693290e+06   2.6794434e+01
   3.9723290e+06   2.8259277e+01
   3.9730950e+06   2.1850586e+01
   3.9747600e+06   2.5573730e+01
   3.9751080e+06   2.5390625e+01
   3.9768160e+06   2.5024414e+01
   3.9774040e+06   1.7700195e+01
   3.9785740e+06   1.3854980e+01
   3.9786790e+06   1.3793945e+01
   3.9793180e+06   2.4597168e+01
   3.9795490e+06   2.0568848e+01
   3.9795880e+06   1.4709473e+01
   3.9796290e+06   1.4587402e+01
   3.9796630e+06   2.3193359e+01
   3.9802580e+06   2.4780273e+01
   3.9803140e+06   1.5075684e+01
   3.9814410e+06   2.1667480e+01
   3.9855280e+06   2.1362305e+01
   3.9881220e+06   2.8381348e+01
   3.9889010e+06   2.2827148e+01
   3.9915800e+06   2.4169922e+01
   3.9933170e+06   2.7343750e+01
   3.9958780e+06   2.2888184e+01
   3.9976130e+06   2.9785156e+01
   4.0002090e+06   2.5329590e+01
   4.0036080e+06   2.7709961e+01
   4.0039010e+06   2.4230957e+01
   4.0045520e+06   2.2338867e+01
   4.0056850e+06   2.5024414e+01
   4.0058050e+06   2.0507812e+01
   4.0058770e+06   1.3793945e+01
   4.0062560e+06   2.3559570e+01
   4.0066780e+06   2.5939941e+01
   4.0098560e+06   2.3681641e+01
   4.0121610e+06   2.3315430e+01
   4.0128410e+06   1.6662598e+01
   4.0158680e+06   2.4597168e+01
   4.0170670e+06   2.1423340e+01
   4.0191900e+06   2.5146484e+01
   4.0194280e+06   2.3620605e+01
   4.0219920e+06   2.4475098e+01
   4.0240960e+06   2.5573730e+01
   4.0265630e+06   2.1484375e+01
   4.0277760e+06   2.2216797e+01
   4.0299870e+06   2.7526855e+01
   4.0313850e+06   2.2521973e+01
   4.0344210e+06   2.7404785e+01
   4.0349970e+06   2.4414062e+01
   4.0371650e+06   2.6306152e+01
   4.0384380e+06   2.2460938e+01
   4.0395590e+06   2.1240234e+01
   4.0413680e+06   1.9226074e+01
   4.0430940e+06   2.6245117e+01
   4.0435030e+06   2.0629883e+01
   4.0445010e+06   2.2338867e+01
   4.0447170e+06   2.3254395e+01
   4.0476990e+06   2.5878906e+01
   4.0485360e+06   2.1362305e+01
   4.0494140e+06   2.0812988e+01
   4.0495420e+06   2.4230957e+01
   4.0528220e+06   2.1240234e+01
   4.0531920e+06   2.2338867e+01
   4.0537520e+06   2.2888184e+01
   4.0545080e+06   2.2155762e+01
   4.0548870e+06   2.2338867e+01
   4.0558120e+06   2.1057129e+01
   4.0582000e+06   2.1423340e+01
   4.0611640e+06   2.3071289e+01
   4.0630580e+06   2.5024414e+01
   4.0666600e+06   2.5146484e+01
   4.0680520e+06   2.6306152e+01
   4.0699670e+06   2.1850586e+01
   4.0712110e+06   2.3132324e+01
   4.0726760e+06   2.4963379e+01
   4.0739530e+06   2.3864746e+01
   4.0744500e+06   2.4780273e+01
   4.0774200e+06   2.1057129e+01
   4.0781440e+06   2.7709961e+01
   4.0784220e+06   1.9165039e+01
   4.0799690e+06   2.1850586e+01
   4.0803800e+06   2.5695801e+01
   4.0809590e+06   2.0874023e+01
   4.0814340e+06   2.3010254e+01
   4.0846200e+06   2.1057129e+01
   4.0855120e+06   1.8676758e+01
   4.0880530e+06   2.2399902e+01
   4.0896170e+06   2.2827148e+01
   4.0914130e+06   2.4353027e+01
   4.0928670e+06   2.6184082e+01
   4.0946210e+06   2.2583008e+01
   4.0965230e+06   1.9714355e+01
   4.0984630e+06   2.4047852e+01
   4.0989490e+06   2.7038574e+01
   4.1015040e+06   2.7770996e+01
   4.1023700e+06   2.7770996e+01
   4.1026780e+06   2.8930664e+01
   4.1040430e+06   2.7526855e+01
   4.1044750e+06   2.1911621e+01
   4.1051730e+06   2.3681641e+01
   4.1061160e+06   2.1972656e+01
   4.1065480e+06   2.2338867e+01
   4.1070290e+06   2.2521973e+01
   4.1077290e+06   2.4353027e+01
   4.1078220e+06   2.1728516e+01
   4.1078980e+06   1.8615723e+01
   4.1079490e+06   1.8859863e+01
   4.1082340e+06   2.2094727e+01
   4.1083390e+06   2.0019531e+01
   4.1084020e+06   1.6601562e+01
   4.1084680e+06   1.6296387e+01
   4.1087170e+06   2.1850586e+01
   4.1088380e+06   1.8371582e+01
   4.1089410e+06   1.9653320e+01
   4.1091640e+06   3.0639648e+01
   4.1147740e+06   2.2094727e+01
   4.1158440e+06   2.3437500e+01
   4.1216180e+06   2.2338867e+01
   4.1254150e+06   2.7770996e+01
   4.1284160e+06   2.2705078e+01
   4.1287330e+06   2.9785156e+01
   4.1287470e+06   1.9958496e+01
   4.1314380e+06   2.0446777e+01
   4.1327150e+06   2.4230957e+01
   4.1347460e+06   2.7221680e+01
   4.1378580e+06   2.4414062e+01
   4.1395790e+06   2.4353027e+01
   4.1417320e+06   2.9785156e+01
   4.1422410e+06   3.1005859e+01
   4.1424860e+06   2.4841309e+01
   4.1431220e+06   2.2521973e+01
   4.1442170e+06   2.5024414e+01
   4.1459070e+06   2.3132324e+01
   4.1487230e+06   2.1423340e+01
   4.1509290e+06   2.1484375e+01
   4.1526260e+06   2.5695801e+01
   4.1548920e+06   2.3437500e+01
   4.1574960e+06   2.4108887e+01
   4.1587600e+06   2.2033691e+01
   4.1603080e+06   2.2827148e+01
   4.1615890e+06   2.6672363e+01
   4.1632650e+06   2.3132324e+01
   4.1648210e+06   2.8015137e+01
   4.1657280e+06   2.5512695e+01
   4.1659000e+06   2.8991699e+01
   4.1663560e+06   2.0385742e+01
   4.1664460e+06   2.1484375e+01
   4.1665160e+06   1.9836426e+01
   4.1665630e+06   1.8005371e+01
   4.1667310e+06   2.0751953e+01
   4.1668410e+06   2.1728516e+01
   4.1670600e+06   2.0019531e+01
   4.1671340e+06   1.7089844e+01
   4.1672050e+06   1.7700195e+01
   4.1672830e+06   1.6113281e+01
   4.1673670e+06   1.9104004e+01
   4.1675900e+06   2.0385742e+01
   4.1676730e+06   1.6601562e+01
   4.1681940e+06   2.2216797e+01
   4.1688570e+06   1.9165039e+01
   4.1690060e+06   2.0385742e+01
   4.1737560e+06   2.2277832e+01
   4.1796950e+06   2.9235840e+01
   4.1817550e+06   1.9592285e+01
   4.1823540e+06   2.7404785e+01
   4.1830250e+06   2.3010254e+01
   4.1835000e+06   2.1911621e+01
   4.1864860e+06   1.8676758e+01
   4.1887900e+06   2.7832031e+01
   4.1902660e+06   2.7587891e+01
   4.1926680e+06   2.3986816e+01
   4.1933880e+06   2.0568848e+01
   4.1975050e+06   2.3010254e+01
   4.1998870e+06   2.5573730e+01
   4.2009870e+06   2.0812988e+01
   4.2025730e+06   2.6000977e+01
   4.2044180e+06   1.4282227e+01
   4.2044420e+06   3.0273438e+01
   4.2044820e+06   1.4343262e+01
   4.2045120e+06   1.3671875e+01
   4.2045920e+06   1.4648438e+01
   4.2046360e+06   1.3732910e+01
   4.2050380e+06   1.7578125e+01
   4.2050650e+06   2.1423340e+01
   4.2086720e+06   2.6123047e+01
   4.2114340e+06   2.1972656e+01
   4.2127210e+06   2.8320312e+01
   4.2128450e+06   2.2827148e+01
   4.2158900e+06   2.2521973e+01
   4.2167370e+06   2.3986816e+01
   4.2171890e+06   2.2888184e+01
   4.2196920e+06   1.9287109e+01
   4.2205560e+06   1.4831543e+01
   4.2219950e+06   2.7954102e+01
   4.2222620e+06   2.3803711e+01
   4.2223570e+06   2.1240234e+01
   4.2227570e+06   1.6479492e+01
   4.2237690e+06   2.6123047e+01
   4.2239100e+06   2.2399902e+01
   4.2259120e+06   2.3864746e+01
   4.2261040e+06   2.3071289e+01
   4.2307610e+06   2.3132324e+01
   4.2330690e+06   2.2705078e+01
   4.2339100e+06   2.2949219e+01
   4.2339950e+06   2.1606445e+01
   4.2369730e+06   2.6489258e+01
   4.2387330e+06   2.2338867e+01
   4.2412840e+06   2.5512695e+01
   4.2434720e+06   2.9907227e+01
   4.2443610e+06   2.4291992e+01
   4.2457660e+06   1.9653320e+01
   4.2472190e+06   3.0273438e+01
   4.2479150e+06   2.2094727e+01
   4.2481420e+06   2.4169922e+01
   4.2482270e+06   2.7709961e+01
   4.2482600e+06   1.4526367e+01
   4.2483030e+06   1.8798828e+01
   4.2501140e+06   2.1850586e+01
   4.2512710e+06   2.2827148e+01
   4.2523680e+06   2.6733398e+01
   4.2527640e+06   1.8798828e+01
   4.2531650e+06   2.5268555e+01
   4.2538740e+06   1.9714355e+01
   4.2539270e+06   2.0935059e+01
   4.2541020e+06   2.1728516e+01
   4.2542200e+06   1.9958496e+01
   4.2544180e+06   2.1179199e+01
   4.2545500e+06   1.6479492e+01
   4.2548350e+06   2.3315430e+01
   4.2550880e+06   2.0324707e+01
   4.2561970e+06   2.2216797e+01
   4.2565230e+06   2.3315430e+01
   4.2574650e+06   2.3010254e+01
   4.2575580e+06   2.1423340e+01
   4.2576970e+06   2.3742676e+01
   4.2580320e+06   2.1789551e+01
   4.2627110e+06   2.3010254e+01
   4.2647870e+06   2.2155762e+01
   4.2650720e+06   2.7221680e+01
   4.2696040e+06   2.8137207e+01
   4.2698500e+06   2.0935059e+01
   4.2706080e+06   2.2033691e+01
   4.2742020e+06   2.5146484e+01
   4.2756410e+06   2.4230957e+01
   4.2756800e+06   2.3742676e+01
   4.2757850e+06   1.4343262e+01
   4.2758630e+06   1.4709473e+01
   4.2758980e+06   1.5136719e+01
   4.2759450e+06   1.5319824e+01
   4.2774220e+06   2.3925781e+01
   4.2818960e+06   3.1921387e+01
   4.2845270e+06   2.4841309e+01
   4.2851920e+06   2.1057129e+01
   4.2866680e+06   2.1301270e+01
   4.2869000e+06   2.4780273e+01
   4.2907580e+06   2.4536133e+01
   4.2913790e+06   2.1362305e+01
   4.2947140e+06   2.5512695e+01
   4.2968750e+06   2.8015137e+01
   4.2971620e+06   2.3498535e+01
   4.2971730e+06   2.6611328e+01
   4.2972320e+06   2.1301270e+01
   4.2972750e+06   2.1850586e+01
   4.2974040e+06   2.8869629e+01
   4.2974520e+06   1.4953613e+01
   4.2983350e+06   2.6184082e+01
   4.3023720e+06   2.5573730e+01
   4.3055010e+06   2.3925781e+01
   4.3063940e+06   2.6062012e+01
   4.3071310e+06   2.1484375e+01
   4.3097490e+06   2.0629883e+01
   4.3118310e+06   2.3925781e+01
   4.3131660e+06   2.5817871e+01
   4.3134120e+06   2.3803711e+01
   4.3157500e+06   2.5634766e+01
   4.3167060e+06   2.7099609e+01
   4.3191770e+06   2.6123047e+01
   4.3210310e+06   2.8381348e+01
   4.3214120e+06   3.1005859e+01
   4.3247270e+06   2.0263672e+01
   4.3257600e+06   2.4353027e+01
   4.3263510e+06   2.2155762e+01
   4.3266560e+06   2.3864746e+01
   4.3267060e+06   2.1179199e+01
   4.3267690e+06   1.8188477e+01
   4.3272420e+06   2.9174805e+01
   4.3290790e+06   1.9958496e+01
   4.3295420e+06   2.1667480e+01
   4.3327430e+06   2.4414062e+01
   4.3343910e+06   2.6245117e+01
   4.3363880e+06   1.8737793e+01
   4.3373140e+06   1.9653320e+01
   4.3394420e+06   2.4108887e+01
   4.3396830e+06   2.5573730e+01
   4.3420450e+06   2.7465820e+01
   4.3446440e+06   2.6428223e+01
   4.3466550e+06   2.3681641e+01
   4.3495470e+06   2.6184082e+01
   4.3512250e+06   2.3254395e+01
   4.3524070e+06   2.3803711e+01
   4.3551080e+06   2.8808594e+01
   4.3555170e+06   2.3010254e+01
   4.3556220e+06   1.4892578e+01
   4.3562780e+06   2.2094727e+01
   4.3588810e+06   1.9409180e+01
   4.3598160e+06   2.4414062e+01
   4.3618730e+06   2.2644043e+01
   4.3642450e+06   2.9785156e+01
   4.3657400e+06   2.7587891e+01
   4.3683790e+06   2.2583008e+01
   4.3706910e+06   2.1850586e+01
   4.3721120e+06   2.1179199e+01
   4.3730320e+06   2.3376465e+01
   4.3748840e+06   2.5512695e+01
   4.3765410e+06   2.3376465e+01
   4.3783780e+06   2.5512695e+01
   4.3817960e+06   1.6174316e+01
   4.3818520e+06   2.7526855e+01
   4.3820660e+06   2.2399902e+01
   4.3821020e+06   1.4099121e+01
   4.3844070e+06   2.7526855e+01
   4.3861060e+06   2.3376465e+01
   4.3877630e+06   2.3559570e+01
   4.3894490e+06   2.2277832e+01
   4.3911410e+06   2.3986816e+01
   4.3924550e+06   2.8625488e+01
   4.3949580e+06   2.3864746e+01
   4.3961230e+06   1.6845703e+01
   4.3987520e+06   2.6184082e+01
   4.3997100e+06   2.4902344e+01
   4.4011660e+06   2.9724121e+01
   4.4029450e+06   2.6367188e+01
   4.4043550e+06   2.5024414e+01
   4.4059770e+06   2.6306152e+01
   4.4080200e+06   2.3315430e+01
   4.4098090e+06   2.5390625e+01
   4.4113070e+06   2.7770996e+01
   4.4122920e+06   2.1545410e+01
   4.4141610e+06   2.4353027e+01
   4.4160020e+06   1.9897461e+01
   4.4181090e+06   2.6367188e+01
   4.4182340e+06   2.3010254e+01
   4.4182730e+06   1.6235352e+01
   4.4185860e+06   2.3559570e+01
   4.4196150e+06   1.4038086e+01
   4.4227460e+06   2.5634766e+01
   4.4242220e+06   2.6184082e+01
   4.4254360e+06   2.1118164e+01
   4.4255610e+06   2.4841309e+01
   4.4256030e+06   1.8249512e+01
   4.4293180e+06   2.5146484e+01
   4.4299500e+06   2.4230957e+01
   4.4300290e+06   2.1911621e+01
   4.4305540e+06   2.2155762e+01
   4.4306000e+06   1.8615723e+01
   4.4306560e+06   2.1667480e+01
   4.4306910e+06   1.7517090e+01
   4.4309060e+06   2.2827148e+01
   4.4309670e+06   2.0568848e+01
   4.4309910e+06   1.3732910e+01
   4.4310180e+06   2.0935059e+01
   4.4313210e+06   1.9042969e+01
   4.4313650e+06   1.6784668e+01
   4.4314420e+06   1.5869141e+01
   4.4316200e+06   2.2277832e+01
   4.4316600e+06   1.6479492e+01
   4.4317480e+06   1.8554688e+01
   4.4318550e+06   1.9165039e+01
   4.4319300e+06   1.5380859e+01
   4.4322590e+06   2.1179199e+01
   4.4323380e+06   2.0324707e+01
   4.4323910e+06   1.7822266e+01
   4.4324520e+06   1.5502930e+01
   4.4325510e+06   1.5563965e+01
   4.4326600e+06   1.6601562e+01
   4.4327880e+06   2.0568848e+01
   4.4331480e+06   2.1911621e+01
   4.4343070e+06   2.3742676e+01
   4.4405240e+06   2.3315430e+01
   4.4412790e+06   2.6123047e+01
   4.4437170e+06   1.5747070e+01
   4.4487680e+06   2.5817871e+01
   4.4513280e+06   2.7465820e+01
   4.4536820e+06   2.5268555e+01
   4.4544030e+06   2.6672363e+01
   4.4546800e+06   2.3498535e+01
   4.4555520e+06   2.5146484e+01
   4.4596110e+06   2.5024414e+01
   4.4621260e+06   2.3498535e+01
   4.4643130e+06   2.5634766e+01
   4.4675420e+06   2.7954102e+01
   4.4683900e+06   2.7282715e+01
   4.4712640e+06   2.6000977e+01
   4.4746360e+06   2.2216797e+01
   4.4762290e+06   2.2766113e+01
   4.4776610e+06   2.5695801e+01
   4.4796530e+06   2.6916504e+01
   4.4799970e+06   2.1606445e+01
   4.4821240e+06   2.3498535e+01
   4.4854320e+06   2.4353027e+01
   4.4870660e+06   2.4658203e+01
   4.4876000e+06   2.3803711e+01
   4.4904600e+06   2.5146484e+01
   4.4916640e+06   2.6000977e+01
   4.4920200e+06   2.1057129e+01
   4.4945730e+06   2.1118164e+01
   4.4954780e+06   2.5634766e+01
   4.4959690e+06   2.7221680e+01
   4.4962150e+06   2.1179199e+01
   4.4963810e+06   1.8249512e+01
   4.4992790e+06   2.4536133e+01
   4.5000870e+06   2.5817871e+01
   4.5005150e+06   2.2521973e+01
   4.5019480e+06   2.5329590e+01
   4.5030850e+06   2.1423340e+01
   4.5036950e+06   2.9357910e+01
   4.5038030e+06   2.5146484e+01
   4.5043380e+06   2.0935059e+01
   4.5043850e+06   2.5024414e+01
   4.5094370e+06   3.0761719e+01
   4.5116310e+06   2.6306152e+01
   4.5130830e+06   2.4475098e+01
   4.5134760e+06   2.3803711e+01
   4.5140680e+06   2.2888184e+01
   4.5157150e+06   2.0019531e+01
   4.5184120e+06   2.3254395e+01
   4.5224610e+06   2.3071289e+01
   4.5250340e+06   2.9113770e+01
   4.5264340e+06   2.0141602e+01
   4.5290770e+06   2.4719238e+01
   4.5315610e+06   2.5390625e+01
   4.5333010e+06   2.4963379e+01
   4.5350260e+06   2.2399902e+01
   4.5369220e+06   2.0507812e+01
   4.5379510e+06   2.2949219e+01
   4.5407120e+06   2.6062012e+01
   4.5430020e+06   2.6062012e+01
   4.5431980e+06   2.3071289e+01
   4.5433490e+06   2.1911621e+01
   4.5433880e+06   2.0446777e+01
   4.5435100e+06   2.1850586e+01
   4.5468630e+06   2.3559570e+01
   4.5473930e+06   2.0690918e+01
   4.5475330e+06   2.6306152e+01
   4.5482310e+06   2.0568848e+01
   4.5496380e+06   2.2949219e+01
   4.5504160e+06   2.3742676e+01
   4.5512860e+06   2.4719238e+01
   4.5551180e+06   2.0141602e+01
   4.5588210e+06   2.7770996e+01
   4.5615750e+06   2.3559570e+01
   4.5645320e+06   2.5329590e+01
   4.5658130e+06   2.5085449e+01
   4.5668740e+06   2.3925781e+01
   4.5673150e+06   2.1484375e+01
   4.5696650e+06   2.0935059e+01
   4.5698000e+06   1.4648438e+01
   4.5698360e+06   1.5136719e+01
   4.5703160e+06   2.6489258e+01
   4.5733370e+06   2.2705078e+01
   4.5750830e+06   2.1545410e+01
   4.5765820e+06   2.4841309e+01
   4.5769870e+06   2.7160645e+01
   4.5770710e+06   2.1972656e+01
   4.5778860e+06   2.6611328e+01
   4.5805230e+06   2.2949219e+01
   4.5809580e+06   2.1850586e+01
   4.5821960e+06   1.9348145e+01
   4.5857930e+06   2.1118164e+01
   4.5884190e+06   2.5695801e+01
   4.5892790e+06   2.3315430e+01
   4.5901230e+06   1.4465332e+01
   4.5901560e+06   1.3732910e+01
   4.5927560e+06   2.3010254e+01
   4.5940720e+06   2.5695801e+01
   4.5959300e+06   2.7221680e+01
   4.5971210e+06   2.6855469e+01
   4.5975410e+06   2.7282715e+01
   4.5994540e+06   2.6672363e+01
   4.6015130e+06   1.9714355e+01
   4.6021680e+06   2.4230957e+01
   4.6028580e+06   2.0019531e+01
   4.6049830e+06   2.6184082e+01
   4.6050420e+06   3.9062500e+01
   4.6071010e+06   2.0568848e+01
   4.6074600e+06   2.2583008e+01
   4.6076690e+06   1.9836426e+01
   4.6077140e+06   1.9897461e+01
   4.6084260e+06   1.8310547e+01
   4.6127980e+06   2.5573730e+01
   4.6131630e+06   2.4536133e+01
   4.6175590e+06   2.2949219e+01
   4.6188570e+06   2.1728516e+01
   4.6195070e+06   2.8930664e+01
   4.6224160e+06   2.3864746e+01
   4.6239380e+06   2.2033691e+01
   4.6263730e+06   2.7282715e+01
   4.6289450e+06   2.4475098e+01
   4.6301520e+06   2.6184082e+01
   4.6322890e+06   3.1250000e+01
   4.6343860e+06   2.5207520e+01
   4.6363860e+06   2.2033691e+01
   4.6365680e+06   2.0874023e+01
   4.6386270e+06   2.3986816e+01
   4.6395710e+06   1.4770508e+01
   4.6415880e+06   2.4719238e+01
   4.6437420e+06   2.3620605e+01
   4.6440220e+06   2.0935059e+01
   4.6442590e+06   2.3437500e+01
   4.6443520e+06   2.0751953e+01
   4.6443920e+06   1.9470215e+01
   4.6460380e+06   2.1362305e+01
   4.6505780e+06   2.8503418e+01
   4.6531590e+06   2.8259277e+01
   4.6550080e+06   2.5817871e+01
   4.6568060e+06   2.5146484e+01
   4.6578880e+06   2.5817871e+01
   4.6583150e+06   2.2888184e+01
   4.6591390e+06   1.3977051e+01
   4.6604940e+06   2.8259277e+01
   4.6625890e+06   2.2705078e+01
   4.6646890e+06   2.6794434e+01
   4.6648560e+06   1.5136719e+01
   4.6648930e+06   1.3916016e+01
   4.6652060e+06   2.6672363e+01
   4.6655560e+06   2.4047852e+01
   4.6671600e+06   2.6123047e+01
   4.6686610e+06   2.5512695e+01
   4.6713990e+06   2.5146484e+01
   4.6724800e+06   2.6489258e+01
   4.6743540e+06   2.3986816e+01
   4.6752640e+06   1.6967773e+01
   4.6753170e+06   1.5808105e+01
   4.6753800e+06   1.3732910e+01
   4.6755300e+06   1.4526367e+01
   4.6756000e+06   1.4343262e+01
   4.6757430e+06   1.3732910e+01
   4.6758200e+06   1.5197754e+01
   4.6759200e+06   1.4831543e+01
   4.6761310e+06   1.6784668e+01
   4.6762550e+06   1.4160156e+01
   4.6765260e+06   2.2888184e+01
   4.6790390e+06   2.3681641e+01
   4.6807530e+06   2.2583008e+01
   4.6815420e+06   2.3315430e+01
   4.6829610e+06   2.7648926e+01
   4.6838090e+06   2.0690918e+01
   4.6864330e+06   2.5878906e+01
   4.6864690e+06   2.5024414e+01
   4.6864850e+06   2.4597168e+01
   4.6865270e+06   1.9348145e+01
   4.6866610e+06   2.6611328e+01
   4.6869020e+06   2.1240234e+01
   4.6889770e+06   3.0151367e+01
   4.6904670e+06   2.4230957e+01
   4.6908870e+06   2.1728516e+01
   4.6939780e+06   2.6916504e+01
   4.6957030e+06   2.2338867e+01
   4.6977480e+06   2.1362305e+01
   4.6994070e+06   2.2583008e+01
   4.6998390e+06   2.2644043e+01
   4.7021820e+06   2.1850586e+01
   4.7035960e+06   2.5451660e+01
   4.7050860e+06   2.3071289e+01
   4.7084290e+06   2.3559570e+01
   4.7094900e+06   2.0141602e+01
   4.7107570e+06   2.4291992e+01
   4.7108400e+06   2.4414062e+01
   4.7109790e+06   2.3132324e+01
   4.7115270e+06   2.0080566e+01
   4.7126940e+06   1.3854980e+01
   4.7135310e+06   2.4841309e+01
   4.7172530e+06   2.4902344e+01
   4.7182820e+06   2.7526855e+01
   4.7189600e+06   2.9235840e+01
   4.7194680e+06   2.4108887e+01
   4.7196360e+06   2.4536133e+01
   4.7215830e+06   2.3376465e+01
   4.7241390e+06   2.6733398e+01
   4.7259250e+06   2.6123047e+01
   4.7284130e+06   2.4414062e+01
   4.7311500e+06   2.3315430e+01
   4.7331680e+06   2.7832031e+01
   4.7355060e+06   2.6916504e+01
   4.7372110e+06   2.6367188e+01
   4.7385680e+06   2.2277832e+01
   4.7406720e+06   2.3620605e+01
   4.7437350e+06   2.5390625e+01
   4.7450910e+06   2.7954102e+01
   4.7464910e+06   2.1789551e+01
   4.7466670e+06   2.2888184e+01
   4.7479040e+06   2.3132324e+01
   4.7487880e+06   2.2766113e+01
   4.7507790e+06   2.2094727e+01
   4.7525000e+06   2.6611328e+01
   4.7536330e+06   2.2827148e+01
   4.7540950e+06   2.6489258e+01
   4.7544560e+06   2.1240234e+01
   4.7556410e+06   2.4291992e+01
   4.7564470e+06   2.2827148e+01
   4.7585640e+06   2.4719238e+01
   4.7590040e+06   1.6967773e+01
   4.7604290e+06   2.2949219e+01
   4.7634010e+06   2.6733398e+01
   4.7649810e+06   2.2338867e+01
   4.7660370e+06   2.6062012e+01
   4.7662180e+06   2.3010254e+01
   4.7664730e+06   2.2094727e+01
   4.7678270e+06   2.1240234e+01
   4.7706790e+06   2.5146484e+01
   4.7719320e+06   2.8381348e+01
   4.7742220e+06   2.3376465e+01
   4.7763740e+06   2.7160645e+01
   4.7784830e+06   2.1118164e+01
   4.7799490e+06   1.8859863e+01
   4.7805420e+06   1.3671875e+01
   4.7805760e+06   1.4221191e+01
   4.7806060e+06   1.5991211e+01
   4.7821250e+06   2.6062012e+01
   4.7830450e+06   2.4169922e+01
   4.7843910e+06   2.5146484e+01
   4.7851970e+06   2.5146484e+01
   4.7878510e+06   2.5939941e+01
   4.7885880e+06   2.3193359e+01
   4.7906510e+06   1.8432617e+01
   4.7925470e+06   2.8747559e+01
   4.7939780e+06   2.7832031e+01
   4.7950970e+06   2.3254395e+01
   4.7970090e+06   2.2705078e+01
   4.7976950e+06   1.5014648e+01
   4.7978580e+06   1.3610840e+01
   4.7979650e+06   1.8859863e+01
   4.7980220e+06   1.3916016e+01
   4.7982640e+06   1.5014648e+01
   4.7983160e+06   1.7028809e+01
   4.7997530e+06   2.4536133e+01
   4.8005170e+06   2.6733398e+01
   4.8006440e+06   2.3864746e+01
   4.8007040e+06   2.3437500e+01
   4.8007670e+06   1.8005371e+01
   4.8058450e+06   1.7761230e+01
   4.8059020e+06   1.9653320e+01
   4.8087980e+06   1.9104004e+01
   4.8101000e+06   2.2216797e+01
   4.8115200e+06   2.3132324e+01
   4.8136590e+06   2.0629883e+01
   4.8153950e+06   2.3376465e+01
   4.8183150e+06   2.8076172e+01
   4.8189300e+06   2.5695801e+01
   4.8193350e+06   2.6794434e+01
   4.8193980e+06   1.5686035e+01
   4.8194400e+06   1.6357422e+01
   4.8194760e+06   1.6052246e+01
   4.8233670e+06   2.6672363e+01
   4.8248270e+06   2.5695801e+01
   4.8260370e+06   2.6367188e+01
   4.8262850e+06   2.3803711e+01
   4.8280610e+06   2.0568848e+01
   4.8293800e+06   2.4230957e+01
   4.8297380e+06   2.2583008e+01
   4.8320560e+06   2.4108887e+01
   4.8356480e+06   2.5085449e+01
   4.8370580e+06   2.2277832e+01
   4.8388750e+06   3.0395508e+01
   4.8396420e+06   2.5512695e+01
   4.8425060e+06   2.6000977e+01
   4.8437630e+06   2.2705078e+01
   4.8451250e+06   2.0019531e+01
   4.8464560e+06   2.2277832e+01
   4.8479900e+06   1.9409180e+01
   4.8511190e+06   2.4108887e+01
   4.8515690e+06   2.4475098e+01
   4.8541800e+06   2.0935059e+01
   4.8554170e+06   2.6611328e+01
   4.8569120e+06   2.4169922e+01
   4.8596520e+06   2.4719238e+01
   4.8606040e+06   2.6428223e+01
   4.8615780e+06   2.6245117e+01
   4.8621800e+06   2.2949219e+01
   4.8628460e+06   2.3437500e+01
   4.8646380e+06   2.2460938e+01
   4.8662450e+06   2.3742676e+01
   4.8673640e+06   1.9592285e+01
   4.8674230e+06   2.3315430e+01
   4.8674810e+06   2.1484375e+01
   4.8677670e+06   2.4169922e+01
   4.8717550e+06   2.1850586e+01
   4.8732830e+06   2.5390625e+01
   4.8760860e+06   2.0141602e+01
   4.8775140e+06   2.7465820e+01
   4.8791970e+06   2.5878906e+01
   4.8792400e+06   2.1118164e+01
   4.8792860e+06   1.9592285e+01
   4.8803180e+06   1.4587402e+01
   4.8804150e+06   1.4282227e+01
   4.8804560e+06   1.4160156e+01
   4.8814110e+06   2.4108887e+01
   4.8822340e+06   2.5024414e+01
   4.8831210e+06   1.8981934e+01
   4.8860290e+06   2.4230957e+01
   4.8864780e+06   1.4831543e+01
   4.8865860e+06   1.4831543e+01
   4.8866440e+06   1.3977051e+01
   4.8867020e+06   1.3854980e+01
   4.8867920e+06   1.4892578e+01
   4.8868690e+06   1.3549805e+01
   4.8870540e+06   1.4282227e+01
   4.8872770e+06   2.2094727e+01
   4.8873680e+06   1.6357422e+01
   4.8879790e+06   1.5502930e+01
   4.8886260e+06   2.4841309e+01
   4.8897630e+06   2.4597168e+01
   4.8906130e+06   2.6245117e+01
   4.8929200e+06   2.2277832e+01
   4.8943880e+06   2.0751953e+01
   4.8956960e+06   1.5380859e+01
   4.8958260e+06   1.6845703e+01
   4.8959340e+06   1.4831543e+01
   4.8960170e+06   1.4160156e+01
   4.8961180e+06   1.6906738e+01
   4.8961550e+06   2.3559570e+01
   4.8962380e+06   1.5014648e+01
   4.8963300e+06   1.3854980e+01
   4.8964190e+06   1.4343262e+01
   4.8968500e+06   1.3549805e+01
   4.8970550e+06   1.4038086e+01
   4.8971560e+06   1.3854980e+01
   4.8973810e+06   1.4099121e+01
   4.8974800e+06   2.1789551e+01
   4.8976920e+06   2.0507812e+01
   4.8980590e+06   2.3925781e+01
   4.9015210e+06   2.4230957e+01
   4.9031800e+06   2.3376465e+01
   4.9035290e+06   1.5014648e+01
   4.9035650e+06   1.4526367e+01
   4.9036340e+06   1.5441895e+01
   4.9036690e+06   1.3610840e+01
   4.9037210e+06   1.4892578e+01
   4.9073990e+06   2.2705078e+01
   4.9077530e+06   2.4658203e+01
   4.9106830e+06   2.4353027e+01
   4.9118720e+06   2.5024414e+01
   4.9138620e+06   2.1667480e+01
   4.9153710e+06   2.1728516e+01
   4.9171240e+06   2.0202637e+01
   4.9191200e+06   2.4169922e+01
   4.9199550e+06   2.3742676e+01
   4.9236630e+06   2.1362305e+01
   4.9249100e+06   2.3315430e+01
   4.9251210e+06   1.8615723e+01
   4.9254840e+06   2.2583008e+01
   4.9261950e+06   2.9907227e+01
   4.9265310e+06   2.3742676e+01
   4.9267040e+06   2.2460938e+01
   4.9271770e+06   1.9165039e+01
   4.9276220e+06   2.3620605e+01
   4.9288790e+06   1.9042969e+01
   4.9304050e+06   2.3437500e+01
   4.9351980e+06   2.7893066e+01
   4.9363180e+06   2.4719238e+01
   4.9365040e+06   1.3549805e+01
   4.9367500e+06   2.8076172e+01
   4.9369470e+06   2.0324707e+01
   4.9370290e+06   2.5329590e+01
   4.9371720e+06   1.9287109e+01
   4.9372530e+06   1.9042969e+01
   4.9449240e+06   2.9907227e+01
   4.9471000e+06   2.0141602e+01
   4.9493530e+06   2.4536133e+01
   4.9522350e+06   2.5817871e+01
   4.9548680e+06   2.6306152e+01
   4.9553280e+06   2.2338867e+01
   4.9558420e+06   2.4353027e+01
   4.9560150e+06   2.3071289e+01
   4.9562370e+06   2.2460938e+01
   4.9564320e+06   1.9653320e+01
   4.9566690e+06   2.0812988e+01
   4.9570640e+06   2.2033691e+01
   4.9572870e+06   2.0874023e+01
   4.9596880e+06   2.1179199e+01
   4.9597650e+06   3.2409668e+01
   4.9610480e+06   2.0324707e+01
   4.9612320e+06   2.0263672e+01
   4.9614630e+06   2.6245117e+01
   4.9615100e+06   2.4780273e+01
   4.9615510e+06   1.8920898e+01
   4.9615960e+06   1.7150879e+01
   4.9616990e+06   1.3793945e+01
   4.9617800e+06   1.7089844e+01
   4.9618320e+06   2.5390625e+01
   4.9635090e+06   2.3193359e+01
   4.9669280e+06   2.3132324e+01
   4.9675150e+06   2.7465820e+01
   4.9688040e+06   2.2277832e+01
   4.9694880e+06   2.3620605e+01
   4.9701220e+06   2.1179199e+01
   4.9760570e+06   2.4169922e+01
   4.9778720e+06   2.6184082e+01
   4.9795090e+06   2.5085449e+01
   4.9811350e+06   2.7465820e+01
   4.9847830e+06   2.5268555e+01
   4.9864900e+06   2.3010254e+01
   4.9885530e+06   2.1179199e+01
   4.9899650e+06   2.8503418e+01
   4.9901780e+06   1.9714355e+01
   4.9907220e+06   2.2888184e+01
   4.9908840e+06   1.8310547e+01
   4.9944510e+06   2.3864746e+01
   4.9958190e+06   2.2521973e+01
   4.9960070e+06   2.5085449e+01
   4.9960470e+06   2.3315430e+01
   4.9960650e+06   1.8432617e+01
   4.9961140e+06   1.8188477e+01
   4.9961280e+06   3.0212402e+01
   4.9997110e+06   2.8625488e+01
   5.0020400e+06   2.8686523e+01
   5.0038390e+06   2.0874023e+01
   5.0044860e+06   1.3671875e+01
   5.0060590e+06   2.4169922e+01
   5.0106480e+06   2.0935059e+01
   5.0120930e+06   2.6855469e+01
   5.0136700e+06   2.6489258e+01
   5.0156300e+06   2.0751953e+01
   5.0194600e+06   2.9296875e+01
   5.0208870e+06   2.6000977e+01
   5.0223710e+06   1.3793945e+01
   5.0241950e+06   2.3681641e+01
   5.0281540e+06   2.3681641e+01
   5.0293010e+06   2.5268555e+01
   5.0322790e+06   2.5085449e+01
   5.0334910e+06   2.3193359e+01
   5.0343560e+06   2.5390625e+01
   5.0364450e+06   2.2888184e+01
   5.0393620e+06   1.6479492e+01
   5.0417510e+06   2.4108887e+01
   5.0427240e+06   2.4414062e+01
   5.0440290e+06   2.1972656e+01
   5.0454740e+06   2.4536133e+01
   5.0467340e+06   2.1545410e+01
   5.0478430e+06   2.1423340e+01
   5.0496830e+06   2.5878906e+01
   5.0509200e+06   1.9714355e+01
   5.0516100e+06   2.6428223e+01
   5.0519740e+06   1.5686035e+01
   5.0544570e+06   2.2705078e+01
   5.0559790e+06   2.4902344e+01
   5.0572870e+06   2.3193359e+01
   5.0581390e+06   2.2583008e+01
   5.0594510e+06   2.2277832e+01
   5.0617300e+06   2.0324707e+01
   5.0654440e+06   2.6000977e+01
   5.0663880e+06   2.3498535e+01
   5.0676510e+06   2.2888184e+01
   5.0709690e+06   2.7160645e+01
   5.0721050e+06   2.6733398e+01
   5.0728750e+06   2.4719238e+01
   5.0742780e+06   2.3132324e+01
   5.0766370e+06   2.4536133e+01
   5.0794490e+06   2.4536133e+01
   5.0805570e+06   2.0629883e+01
   5.0822700e+06   2.2399902e+01
   5.0829840e+06   2.3864746e+01
   5.0845870e+06   2.4536133e+01
   5.0858240e+06   2.0263672e+01
   5.0864780e+06   2.7404785e+01
   5.0864970e+06   2.9907227e+01
   5.0874810e+06   2.1911621e+01
   5.0895620e+06   2.4047852e+01
   5.0901380e+06   2.2766113e+01
   5.0925830e+06   1.8493652e+01
   5.0937380e+06   2.5268555e+01
   5.0952750e+06   2.7832031e+01
   5.0963810e+06   2.5512695e+01
   5.0984510e+06   2.1240234e+01
   5.0996910e+06   2.2766113e+01
   5.1007460e+06   2.3742676e+01
   5.1019190e+06   2.5329590e+01
   5.1030390e+06   2.1362305e+01
   5.1048500e+06   2.0324707e+01
   5.1062230e+06   2.3193359e+01
   5.1078620e+06   2.5512695e+01
   5.1091260e+06   2.5207520e+01
   5.1102930e+06   2.7954102e+01
   5.1125370e+06   1.3732910e+01
   5.1158600e+06   2.0996094e+01
   5.1168920e+06   2.7832031e+01
   5.1184280e+06   2.6733398e+01
   5.1199910e+06   2.0507812e+01
   5.1213010e+06   2.7770996e+01
   5.1222950e+06   2.6367188e+01
   5.1238330e+06   2.6916504e+01
   5.1260140e+06   2.6367188e+01
   5.1262800e+06   2.5756836e+01
   5.1281820e+06   2.4230957e+01
   5.1287120e+06   2.6367188e+01
   5.1294080e+06   2.4963379e+01
   5.1303600e+06   2.6062012e+01
   5.1303800e+06   2.0263672e+01
   5.1328690e+06   2.4536133e+01
   5.1337050e+06   2.2705078e+01
   5.1351520e+06   2.3254395e+01
   5.1355330e+06   1.9592285e+01
   5.1379940e+06   2.6916504e+01
   5.1408000e+06   2.3010254e+01
   5.1424400e+06   2.9113770e+01
   5.1445600e+06   2.1423340e+01
   5.1447490e+06   1.4648438e+01
   5.1478920e+06   2.6000977e+01
   5.1491530e+06   2.5451660e+01
   5.1502650e+06   2.1118164e+01
   5.1519560e+06   2.0080566e+01
   5.1536250e+06   2.2155762e+01
   5.1545020e+06   2.6855469e+01
   5.1561510e+06   2.4414062e+01
   5.1579150e+06   2.6794434e+01
   5.1590740e+06   2.1850586e+01
   5.1598490e+06   2.9357910e+01
   5.1598750e+06   2.3315430e+01
   5.1604910e+06   2.1240234e+01
   5.1610290e+06   2.1423340e+01
   5.1643630e+06   2.0507812e+01
   5.1659410e+06   2.8259277e+01
   5.1672970e+06   1.5502930e+01
   5.1673600e+06   1.6784668e+01
   5.1701240e+06   2.4841309e+01
   5.1711920e+06   2.3376465e+01
   5.1722840e+06   2.7709961e+01
   5.1737860e+06   2.5390625e+01
   5.1752310e+06   2.6245117e+01
   5.1754860e+06   2.7709961e+01
   5.1756800e+06   1.5686035e+01
   5.1757110e+06   1.6052246e+01
   5.1757390e+06   1.3610840e+01
   5.1757710e+06   1.4953613e+01
   5.1758010e+06   2.0690918e+01
   5.1758540e+06   1.4038086e+01
   5.1758930e+06   1.4038086e+01
   5.1759610e+06   2.4780273e+01
   5.1760060e+06   1.3793945e+01
   5.1761010e+06   1.3916016e+01
   5.1764310e+06   2.5878906e+01
   5.1783030e+06   2.4108887e+01
   5.1808700e+06   2.3864746e+01
   5.1829870e+06   2.6977539e+01
   5.1851610e+06   2.8686523e+01
   5.1852030e+06   1.7150879e+01
   5.1872490e+06   2.0080566e+01
   5.1887070e+06   2.6245117e+01
   5.1899420e+06   2.3254395e+01
   5.1899650e+06   2.1850586e+01
   5.1902530e+06   2.1057129e+01
   5.1902980e+06   1.7150879e+01
   5.1903360e+06   1.4282227e+01
   5.1911760e+06   2.4291992e+01
   5.1936530e+06   2.2155762e+01
   5.1952510e+06   2.8137207e+01
   5.1982140e+06   2.9052734e+01
   5.1998080e+06   2.0690918e+01
   5.2013840e+06   2.5695801e+01
   5.2027780e+06   2.3437500e+01
   5.2043140e+06   2.3803711e+01
   5.2054230e+06   2.1484375e+01
   5.2060680e+06   2.4902344e+01
   5.2083070e+06   2.8198242e+01
   5.2097560e+06   2.2705078e+01
   5.2101840e+06   2.0874023e+01
   5.2124410e+06   2.0935059e+01
   5.2134420e+06   2.1789551e+01
   5.2143390e+06   1.7333984e+01
   5.2147940e+06   2.3315430e+01
   5.2164570e+06   2.3986816e+01
   5.2166320e+06   2.1789551e+01
   5.2175230e+06   2.5390625e+01
   5.2179190e+06   2.6062012e+01
   5.2179340e+06   1.8676758e+01
   5.2220040e+06   2.0935059e+01
   5.2233720e+06   2.6611328e+01
   5.2259780e+06   2.2277832e+01
   5.2272870e+06   2.4658203e+01
   5.2284430e+06   2.0751953e+01
   5.2291640e+06   2.3315430e+01
   5.2321130e+06   1.9653320e+01
   5.2339030e+06   2.6306152e+01
   5.2352890e+06   1.9775391e+01
   5.2380350e+06   2.3376465e+01
   5.2392780e+06   2.6062012e+01
   5.2395870e+06   2.3437500e+01
   5.2418520e+06   2.2644043e+01
   5.2429470e+06   2.4536133e+01
   5.2445710e+06   2.5878906e+01
   5.2460890e+06   2.8320312e+01
   5.2470400e+06   2.3620605e+01
   5.2487320e+06   2.5024414e+01
   5.2505010e+06   2.1728516e+01
   5.2514620e+06   2.3864746e+01
   5.2522280e+06   2.6977539e+01
   5.2549480e+06   2.4536133e+01
   5.2562620e+06   2.1911621e+01
   5.2587180e+06   2.5573730e+01
   5.2596060e+06   2.3681641e+01
   5.2597630e+06   2.3803711e+01
   5.2598980e+06   1.7700195e+01
   5.2599310e+06   1.8005371e+01
   5.2602710e+06   2.5512695e+01
   5.2629030e+06   1.8554688e+01
   5.2646020e+06   2.7770996e+01
   5.2649090e+06   2.5024414e+01
   5.2653490e+06   2.2766113e+01
   5.2685880e+06   2.8747559e+01
   5.2703670e+06   2.8930664e+01
   5.2742850e+06   2.7526855e+01
   5.2760700e+06   2.1057129e+01
   5.2776260e+06   2.6245117e+01
   5.2796600e+06   2.2827148e+01
   5.2813130e+06   2.4108887e+01
   5.2824640e+06   1.6113281e+01
   5.2824950e+06   1.4587402e+01
   5.2839470e+06   3.0273438e+01
   5.2854060e+06   2.2705078e+01
   5.2875040e+06   2.5878906e+01
   5.2889750e+06   2.6672363e+01
   5.2913760e+06   2.4353027e+01
   5.2931460e+06   2.6184082e+01
   5.2940980e+06   2.3376465e+01
   5.2951740e+06   2.3315430e+01
   5.2955090e+06   2.6733398e+01
   5.2968600e+06   2.6062012e+01
   5.2973120e+06   2.6184082e+01
   5.2974430e+06   2.1484375e+01
   5.2990300e+06   2.5390625e+01
   5.3005500e+06   2.1911621e+01
   5.3007280e+06   2.2094727e+01
   5.3007620e+06   1.7211914e+01
   5.3008080e+06   1.7944336e+01
   5.3008760e+06   1.8920898e+01
   5.3009370e+06   1.5075684e+01
   5.3019340e+06   2.6428223e+01
   5.3029500e+06   2.1911621e+01
   5.3043690e+06   2.3864746e+01
   5.3053510e+06   2.2094727e+01
   5.3074410e+06   2.6611328e+01
   5.3079070e+06   2.2277832e+01
   5.3079440e+06   1.9226074e+01
   5.3080500e+06   2.1057129e+01
   5.3080900e+06   1.5319824e+01
   5.3081520e+06   1.5258789e+01
   5.3082620e+06   2.2766113e+01
   5.3083460e+06   2.0751953e+01
   5.3083820e+06   2.0202637e+01
   5.3084130e+06   2.0629883e+01
   5.3115650e+06   2.2644043e+01
   5.3125050e+06   2.6062012e+01
   5.3127160e+06   2.2033691e+01
   5.3133830e+06   2.3254395e+01
   5.3136770e+06   2.4536133e+01
   5.3148600e+06   2.5024414e+01
   5.3183630e+06   2.2216797e+01
   5.3209230e+06   2.3376465e+01
   5.3223560e+06   2.3986816e+01
   5.3241450e+06   2.5512695e+01
   5.3246900e+06   2.0629883e+01
   5.3248710e+06   2.7160645e+01
   5.3267150e+06   2.6733398e+01
   5.3274990e+06   2.2033691e+01
   5.3282330e+06   2.8320312e+01
   5.3310520e+06   2.7099609e+01
   5.3316590e+06   1.9958496e+01
   5.3343230e+06   2.2888184e+01
   5.3348580e+06   2.4108887e+01
   5.3350770e+06   1.4770508e+01
   5.3352160e+06   1.8310547e+01
   5.3353390e+06   2.5146484e+01
   5.3354000e+06   2.2399902e+01
   5.3359080e+06   1.8737793e+01
   5.3360020e+06   2.2033691e+01
   5.3362030e+06   2.2521973e+01
   5.3363130e+06   2.0874023e+01
   5.3365000e+06   2.0690918e+01
   5.3367180e+06   1.5747070e+01
   5.3390510e+06   1.3610840e+01
   5.3439990e+06   2.5573730e+01
   5.3475390e+06   2.5756836e+01
   5.3486410e+06   2.4658203e+01
   5.3512250e+06   2.6611328e+01
   5.3529700e+06   2.6428223e+01
   5.3547770e+06   2.3498535e+01
   5.3550220e+06   2.4353027e+01
   5.3551670e+06   2.4719238e+01
   5.3552040e+06   1.8554688e+01
   5.3584770e+06   1.8005371e+01
   5.3612610e+06   2.7465820e+01
   5.3630380e+06   2.9846191e+01
   5.3640350e+06   2.9113770e+01
   5.3656100e+06   1.9287109e+01
   5.3687580e+06   2.3925781e+01
   5.3703610e+06   2.5878906e+01
   5.3723850e+06   2.1911621e+01
   5.3738070e+06   2.3559570e+01
   5.3752710e+06   2.5207520e+01
   5.3769150e+06   2.7221680e+01
   5.3794420e+06   2.5390625e+01
   5.3808170e+06   2.5268555e+01
   5.3821990e+06   2.4230957e+01
   5.3837400e+06   2.2827148e+01
   5.3859710e+06   2.1789551e+01
   5.3877490e+06   2.9663086e+01
   5.3894350e+06   2.4963379e+01
   5.3920290e+06   2.1545410e+01
   5.3935130e+06   3.0517578e+01
   5.3971440e+06   2.2827148e+01
   5.3987750e+06   2.1118164e+01
   5.4002080e+06   2.9296875e+01
   5.4016650e+06   2.0385742e+01
   5.4034300e+06   2.5878906e+01
   5.4058170e+06   2.1301270e+01
   5.4064210e+06   1.9470215e+01
   5.4085830e+06   2.2521973e+01
   5.4101130e+06   2.3437500e+01
   5.4117920e+06   2.1911621e+01
   5.4125240e+06   2.0935059e+01
   5.4125660e+06   1.7028809e+01
   5.4146680e+06   2.3742676e+01
   5.4162070e+06   2.3376465e+01
   5.4177430e+06   2.5817871e+01
   5.4202720e+06   2.5329590e+01
   5.4212630e+06   2.3376465e+01
   5.4214540e+06   2.8198242e+01
   5.4238610e+06   2.8320312e+01
   5.4253340e+06   2.2338867e+01
   5.4273180e+06   2.6733398e+01
   5.4290880e+06   2.5817871e+01
   5.4310650e+06   2.5573730e+01
   5.4316440e+06   2.1972656e+01
   5.4328830e+06   2.3254395e+01
   5.4340200e+06   2.1118164e+01
   5.4345680e+06   2.3254395e+01
   5.4366270e+06   1.9897461e+01
   5.4368880e+06   1.9226074e+01
   5.4396440e+06   2.2766113e+01
   5.4418390e+06   2.7221680e+01
   5.4435650e+06   2.2705078e+01
   5.4452110e+06   2.6062012e+01
   5.4471750e+06   2.2399902e+01
   5.4494890e+06   2.4047852e+01
   5.4497780e+06   1.8310547e+01
   5.4516310e+06   2.4169922e+01
   5.4526900e+06   2.8503418e+01
   5.4546420e+06   2.1484375e+01
   5.4566160e+06   2.7221680e+01
   5.4568310e+06   2.2338867e+01
   5.4583270e+06   2.6184082e+01
   5.4585410e+06   1.5625000e+01
   5.4589860e+06   2.6611328e+01
   5.4594520e+06   2.2399902e+01
   5.4600270e+06   1.9470215e+01
   5.4606720e+06   2.1728516e+01
   5.4612000e+06   2.3254395e+01
   5.4614100e+06   1.9531250e+01
   5.4619500e+06   2.1484375e+01
   5.4677330e+06   2.3925781e+01
   5.4695700e+06   2.1240234e+01
   5.4711510e+06   2.1667480e+01
   5.4721680e+06   2.5878906e+01
   5.4726520e+06   2.1362305e+01
   5.4762440e+06   2.5268555e+01
   5.4777360e+06   2.5634766e+01
   5.4791280e+06   2.3620605e+01
   5.4804770e+06   2.3681641e+01
   5.4805770e+06   2.6062012e+01
   5.4808050e+06   2.3986816e+01
   5.4809080e+06   2.1423340e+01
   5.4809400e+06   1.4953613e+01
   5.4811860e+06   2.0629883e+01
   5.4813350e+06   2.3071289e+01
   5.4815930e+06   1.9287109e+01
   5.4818440e+06   2.3498535e+01
   5.4820440e+06   2.1850586e+01
   5.4823740e+06   1.9775391e+01
   5.4826420e+06   2.3437500e+01
   5.4848570e+06   2.4963379e+01
   5.4886950e+06   2.5024414e+01
   5.4911000e+06   2.3010254e+01
   5.4919510e+06   2.6306152e+01
   5.4920620e+06   2.0690918e+01
   5.4933570e+06   2.4353027e+01
   5.4939540e+06   2.8381348e+01
   5.4970160e+06   2.1179199e+01
   5.4997520e+06   2.2583008e+01
   5.4999400e+06   2.2460938e+01
   5.5001430e+06   2.0629883e+01
   5.5002150e+06   2.3925781e+01
   5.5002520e+06   1.4587402e+01
   5.5006370e+06   2.2521973e+01
   5.5070640e+06   2.6611328e+01
   5.5099400e+06   2.4780273e+01
   5.5126910e+06   2.3864746e+01
   5.5143240e+06   2.2460938e+01
   5.5143450e+06   1.4831543e+01
   5.5143800e+06   1.5747070e+01
   5.5148050e+06   2.2460938e+01
   5.5170820e+06   2.8198242e+01
   5.5189320e+06   2.4780273e+01
   5.5204280e+06   2.8991699e+01
   5.5212630e+06   2.2216797e+01
   5.5246150e+06   2.4963379e+01
   5.5255740e+06   2.2644043e+01
   5.5277560e+06   2.7343750e+01
   5.5288050e+06   2.0446777e+01
   5.5320530e+06   2.4108887e+01
   5.5331380e+06   2.8808594e+01
   5.5343240e+06   2.3010254e+01
   5.5345200e+06   2.4475098e+01
   5.5376760e+06   2.2949219e+01
   5.5390150e+06   2.3742676e+01
   5.5402310e+06   2.7343750e+01
   5.5412520e+06   1.9348145e+01
   5.5424640e+06   2.8320312e+01
   5.5427480e+06   2.3925781e+01
   5.5436460e+06   2.6733398e+01
   5.5439460e+06   2.3254395e+01
   5.5440360e+06   1.7883301e+01
   5.5442940e+06   2.5146484e+01
   5.5455750e+06   1.6662598e+01
   5.5456480e+06   1.4526367e+01
   5.5456840e+06   1.5380859e+01
   5.5457200e+06   1.4770508e+01
   5.5504870e+06   2.2460938e+01
   5.5528190e+06   2.2888184e+01
   5.5548520e+06   2.4597168e+01
   5.5576630e+06   1.5747070e+01
   5.5577210e+06   1.7700195e+01
   5.5577590e+06   1.4831543e+01
   5.5577920e+06   2.0874023e+01
   5.5578520e+06   1.9042969e+01
   5.5578890e+06   1.8188477e+01
   5.5580910e+06   2.1301270e+01
   5.5581390e+06   1.8859863e+01
   5.5582470e+06   2.4108887e+01
   5.5584390e+06   1.6967773e+01
   5.5584800e+06   1.4038086e+01
   5.5585220e+06   1.4404297e+01
   5.5585570e+06   2.4291992e+01
   5.5615890e+06   2.0385742e+01
   5.5651620e+06   2.8991699e+01
   5.5663900e+06   2.6855469e+01
   5.5684670e+06   2.2644043e+01
   5.5698590e+06   2.6306152e+01
   5.5714020e+06   2.2460938e+01
   5.5718680e+06   1.6418457e+01
   5.5746190e+06   2.5695801e+01
   5.5764070e+06   2.4597168e+01
   5.5783620e+06   2.6184082e+01
   5.5801600e+06   2.2155762e+01
   5.5817660e+06   2.3498535e+01
   5.5834440e+06   2.3559570e+01
   5.5853140e+06   2.6672363e+01
   5.5874770e+06   2.5817871e+01
   5.5889560e+06   2.6306152e+01
   5.5906750e+06   2.4719238e+01
   5.5930520e+06   2.5451660e+01
   5.5944600e+06   2.2705078e+01
   5.5970670e+06   2.3925781e+01
   5.5983510e+06   2.2521973e+01
   5.6001630e+06   2.3620605e+01
   5.6007040e+06   2.9907227e+01
   5.6007530e+06   1.9958496e+01
   5.6008950e+06   2.1179199e+01
   5.6015460e+06   1.6723633e+01
   5.6019730e+06   2.0202637e+01
   5.6026920e+06   2.3071289e+01
   5.6030520e+06   2.6977539e+01
   5.6033200e+06   2.0202637e+01
   5.6079420e+06   2.3010254e+01
   5.6096930e+06   2.1911621e+01
   5.6109250e+06   2.2949219e+01
   5.6113920e+06   2.5573730e+01
   5.6116070e+06   2.9968262e+01
   5.6118790e+06   2.5695801e+01
   5.6127440e+06   2.2521973e+01
   5.6135650e+06   2.2399902e+01
   5.6166450e+06   2.3803711e+01
   5.6179880e+06   2.1362305e+01
   5.6185200e+06   2.7587891e+01
   5.6189370e+06   2.2644043e+01
   5.6192600e+06   2.3498535e+01
   5.6204570e+06   2.1972656e+01
   5.6212790e+06   2.5268555e+01
   5.6224770e+06   2.1301270e+01
   5.6231460e+06   1.8249512e+01
   5.6256790e+06   2.1972656e+01
   5.6275040e+06   2.7832031e+01
   5.6302610e+06   2.4230957e+01
   5.6318640e+06   2.1911621e+01
   5.6334500e+06   2.4597168e+01
   5.6339390e+06   2.2705078e+01
   5.6343640e+06   1.9165039e+01
   5.6363820e+06   2.3620605e+01
   5.6390440e+06   2.7526855e+01
   5.6410160e+06   2.5512695e+01
   5.6423330e+06   2.3559570e+01
   5.6441070e+06   1.3793945e+01
   5.6442580e+06   2.1545410e+01
   5.6447870e+06   2.6428223e+01
   5.6449530e+06   2.0324707e+01
   5.6486670e+06   1.9470215e+01
   5.6516910e+06   2.4902344e+01
   5.6526840e+06   1.8554688e+01
   5.6529950e+06   2.7893066e+01
   5.6538760e+06   2.1240234e+01
   5.6563120e+06   2.4536133e+01
   5.6578620e+06   2.0385742e+01
   5.6588200e+06   2.0385742e+01
   5.6589850e+06   2.6123047e+01
   5.6596480e+06   2.4291992e+01
   5.6608740e+06   2.2521973e+01
   5.6610480e+06   2.5573730e+01
   5.6622670e+06   2.3620605e+01
   5.6664280e+06   2.5939941e+01
   5.6686470e+06   2.3986816e+01
   5.6689570e+06   2.6306152e+01
   5.6695060e+06   1.4648438e+01
   5.6695890e+06   1.4465332e+01
   5.6696270e+06   1.3793945e+01
   5.6698760e+06   2.4963379e+01
   5.6710340e+06   2.5207520e+01
   5.6715090e+06   1.9409180e+01
   5.6717520e+06   2.4475098e+01
   5.6720850e+06   2.2521973e+01
   5.6742760e+06   2.3986816e+01
   5.6747620e+06   2.1972656e+01
   5.6767030e+06   2.5878906e+01
   5.6802410e+06   2.3437500e+01
   5.6818350e+06   1.9592285e+01
   5.6838370e+06   2.2949219e+01
   5.6868400e+06   2.7099609e+01
   5.6882790e+06   2.2766113e+01
   5.6896730e+06   2.2277832e+01
   5.6914440e+06   2.1362305e+01
   5.6950860e+06   2.2949219e+01
   5.6960750e+06   2.7954102e+01
   5.6976420e+06   2.3071289e+01
   5.6992200e+06   2.4475098e+01
   5.7005210e+06   2.6184082e+01
   5.7017430e+06   2.0751953e+01
   5.7039420e+06   2.3254395e+01
   5.7054710e+06   2.5207520e+01
   5.7070030e+06   2.5390625e+01
   5.7102760e+06   2.6428223e+01
   5.7116290e+06   2.0324707e+01
   5.7127260e+06   2.4353027e+01
   5.7145290e+06   2.1118164e+01
   5.7161350e+06   2.8686523e+01
   5.7174940e+06   1.9531250e+01
   5.7176910e+06   2.5451660e+01
   5.7200870e+06   2.1789551e+01
   5.7213570e+06   2.2888184e+01
   5.7219320e+06   2.5817871e+01
   5.7226560e+06   2.1179199e+01
   5.7243430e+06   2.5573730e+01
   5.7245590e+06   2.3498535e+01
   5.7246790e+06   1.8920898e+01
   5.7249290e+06   2.5146484e+01
   5.7249650e+06   1.7150879e+01
   5.7254320e+06   2.6062012e+01
   5.7255010e+06   2.2277832e+01
   5.7255400e+06   2.1179199e+01
   5.7272160e+06   2.1423340e+01
   5.7273940e+06   2.4047852e+01
   5.7289890e+06   2.6184082e+01
   5.7355250e+06   2.4536133e+01
   5.7367650e+06   2.1972656e+01
   5.7371370e+06   2.7343750e+01
   5.7378690e+06   2.3254395e+01
   5.7403170e+06   2.0019531e+01
   5.7424910e+06   2.1240234e+01
   5.7447490e+06   2.4108887e+01
   5.7471470e+06   2.8320312e+01
   5.7473720e+06   2.2949219e+01
   5.7477300e+06   3.0944824e+01
   5.7500540e+06   2.4841309e+01
   5.7514810e+06   2.3681641e+01
   5.7534230e+06   2.6000977e+01
   5.7546890e+06   2.7832031e+01
   5.7567640e+06   2.1972656e+01
   5.7569360e+06   2.1118164e+01
   5.7570400e+06   2.5939941e+01
   5.7576570e+06   2.6794434e+01
   5.7578410e+06   2.3803711e+01
   5.7612940e+06   2.1789551e+01
   5.7632940e+06   2.6977539e+01
   5.7637830e+06   1.6235352e+01
   5.7645270e+06   1.5808105e+01
   5.7669640e+06   2.7038574e+01
   5.7674930e+06   2.2644043e+01
   5.7680100e+06   2.8015137e+01
   5.7683420e+06   1.9958496e+01
   5.7709900e+06   2.2949219e+01
   5.7733270e+06   2.4597168e+01
   5.7751400e+06   2.5939941e+01
   5.7768490e+06   2.6611328e+01
   5.7778680e+06   2.3498535e+01
   5.7780710e+06   1.9287109e+01
   5.7782390e+06   1.9775391e+01
   5.7782760e+06   1.7395020e+01
   5.7826180e+06   2.2460938e+01
   5.7840930e+06   2.5939941e+01
   5.7875010e+06   2.0446777e+01
   5.7886950e+06   2.5573730e+01
   5.7898330e+06   2.0080566e+01
   5.7901710e+06   2.5024414e+01
   5.7919250e+06   2.4963379e+01
   5.7945510e+06   2.0385742e+01
   5.7977080e+06   1.4953613e+01
   5.7988310e+06   2.7465820e+01
   5.7997230e+06   1.9104004e+01
   5.8026250e+06   2.3498535e+01
   5.8041830e+06   2.3742676e+01
   5.8062830e+06   2.7160645e+01
   5.8071420e+06   2.1179199e+01
   5.8077750e+06   2.3742676e+01
   5.8099910e+06   2.1118164e+01
   5.8116840e+06   2.6977539e+01
   5.8129170e+06   2.3193359e+01
   5.8168490e+06   2.5512695e+01
   5.8186340e+06   2.6123047e+01
   5.8203410e+06   2.8564453e+01
   5.8246230e+06   2.3620605e+01
   5.8257390e+06   2.3925781e+01
   5.8273380e+06   2.4291992e+01
   5.8285140e+06   2.7770996e+01
   5.8291460e+06   2.6062012e+01
   5.8316560e+06   2.6733398e+01
   5.8331460e+06   2.6489258e+01
   5.8346590e+06   2.0507812e+01
   5.8379210e+06   2.5695801e+01
   5.8387280e+06   2.3742676e+01
   5.8404480e+06   2.2338867e+01
   5.8414750e+06   2.3742676e+01
   5.8427040e+06   2.1423340e+01
   5.8443270e+06   2.5390625e+01
   5.8459500e+06   2.4902344e+01
   5.8464980e+06   2.5573730e+01
   5.8469890e+06   2.0751953e+01
   5.8504670e+06   2.5268555e+01
   5.8515170e+06   2.4780273e+01
   5.8533940e+06   2.2216797e+01
   5.8555130e+06   2.3925781e+01
   5.8562140e+06   2.6184082e+01
   5.8570280e+06   2.2644043e+01
   5.8571380e+06   1.8798828e+01
   5.8573260e+06   2.3010254e+01
   5.8573820e+06   2.3864746e+01
   5.8574780e+06   1.7456055e+01
   5.8577230e+06   2.0080566e+01
   5.8609480e+06   2.1789551e+01
   5.8621630e+06   2.0935059e+01
   5.8650890e+06   2.0263672e+01
   5.8663230e+06   2.6733398e+01
   5.8698270e+06   2.2888184e+01
   5.8720000e+06   2.3681641e+01
   5.8740190e+06   2.5329590e+01
   5.8750050e+06   2.9235840e+01
   5.8768310e+06   2.6062012e+01
   5.8784520e+06   2.9174805e+01
   5.8789160e+06   1.7578125e+01
   5.8791110e+06   1.9348145e+01
   5.8793040e+06   2.0996094e+01
   5.8808570e+06   2.5634766e+01
   5.8828880e+06   2.3071289e+01
   5.8843870e+06   2.4902344e+01
   5.8864210e+06   2.5329590e+01
   5.8871640e+06   2.1240234e+01
   5.8886490e+06   2.1240234e+01
   5.8888360e+06   2.1484375e+01
   5.8889300e+06   1.9226074e+01
   5.8889650e+06   1.8127441e+01
   5.8891220e+06   2.8320312e+01
   5.8892060e+06   2.2705078e+01
   5.8897650e+06   2.2827148e+01
   5.8940250e+06   2.5817871e+01
   5.8951060e+06   2.3620605e+01
   5.8956390e+06   2.6428223e+01
   5.8957100e+06   2.1423340e+01
   5.8962130e+06   2.4841309e+01
   5.8967390e+06   2.0690918e+01
   5.8968490e+06   2.3071289e+01
   5.8969730e+06   1.8737793e+01
   5.8970190e+06   1.7639160e+01
   5.8973780e+06   2.2949219e+01
   5.8975320e+06   2.7709961e+01
   5.9024280e+06   1.6296387e+01
   5.9048890e+06   2.3559570e+01
   5.9078230e+06   2.1240234e+01
   5.9098100e+06   2.5695801e+01
   5.9104710e+06   2.2033691e+01
   5.9106380e+06   2.6733398e+01
   5.9112580e+06   2.3803711e+01
   5.9127080e+06   2.7770996e+01
   5.9156270e+06   2.5878906e+01
   5.9172580e+06   2.3376465e+01
   5.9173550e+06   2.6672363e+01
   5.9174050e+06   1.9470215e+01
   5.9174310e+06   1.6418457e+01
   5.9174800e+06   2.2399902e+01
   5.9174960e+06   2.6794434e+01
   5.9175250e+06   1.4892578e+01
   5.9190080e+06   1.4587402e+01
   5.9190770e+06   1.4465332e+01
   5.9232640e+06   2.6123047e+01
   5.9256030e+06   2.6733398e+01
   5.9281570e+06   2.6550293e+01
   5.9308580e+06   2.2705078e+01
   5.9311770e+06   2.3742676e+01
   5.9321040e+06   2.3193359e+01
   5.9370030e+06   2.7038574e+01
   5.9384850e+06   2.4597168e+01
   5.9397240e+06   2.3315430e+01
   5.9429650e+06   2.6550293e+01
   5.9447230e+06   2.6123047e+01
   5.9471230e+06   2.5085449e+01
   5.9487670e+06   2.3132324e+01
   5.9501210e+06   2.0812988e+01
   5.9520790e+06   2.6062012e+01
   5.9534340e+06   2.2338867e+01
   5.9557100e+06   2.6123047e+01
   5.9572420e+06   2.7343750e+01
   5.9575450e+06   2.1484375e+01
   5.9575850e+06   2.1423340e+01
   5.9598310e+06   3.3386230e+01
   5.9614290e+06   2.0690918e+01
   5.9628990e+06   2.2583008e+01
   5.9649610e+06   2.7221680e+01
   5.9670780e+06   2.6733398e+01
   5.9675760e+06   1.7761230e+01
   5.9690340e+06   2.4414062e+01
   5.9698230e+06   1.4953613e+01
   5.9722380e+06   2.3254395e+01
   5.9734440e+06   2.3437500e+01
   5.9744570e+06   2.2521973e+01
   5.9758890e+06   2.1362305e+01
   5.9759550e+06   1.4831543e+01
   5.9762080e+06   2.2827148e+01
   5.9773050e+06   2.2888184e+01
   5.9790750e+06   2.1728516e+01
   5.9805830e+06   2.7709961e+01
   5.9809790e+06   1.3671875e+01
   5.9829910e+06   2.4536133e+01
   5.9852040e+06   2.5756836e+01
   5.9860680e+06   1.8798828e+01
   5.9870110e+06   2.5268555e+01
   5.9873170e+06   2.3986816e+01
   5.9873730e+06   2.3864746e+01
   5.9875670e+06   2.4597168e+01
   5.9878420e+06   1.4404297e+01
   5.9878740e+06   1.3977051e+01
   5.9905190e+06   2.3010254e+01
   5.9934770e+06   2.4230957e+01
   5.9952120e+06   2.5512695e+01
   5.9966220e+06   2.6367188e+01
   5.9985800e+06   2.5878906e+01
