   5.9990000e+06   0.0000000e+00
   1.7460000e+03   2.7282715e+01
   2.1720000e+03   3.0639648e+01
   2.4480000e+03   3.1494141e+01
   4.7650000e+03   3.0334473e+01
   6.2980000e+03   2.9968262e+01
   7.3460000e+03   3.9489746e+01
   7.3960000e+03   3.4057617e+01
   7.4110000e+03   2.8991699e+01
   7.9950000e+03   3.5034180e+01
   8.6040000e+03   2.8137207e+01
   8.9440000e+03   2.7893066e+01
   1.1275000e+04   3.2287598e+01
   1.3815000e+04   2.8259277e+01
   1.5635000e+04   2.6184082e+01
   1.6377000e+04   2.9785156e+01
   1.8095000e+04   2.9724121e+01
   1.9181000e+04   3.5888672e+01
   1.9729000e+04   3.0334473e+01
   2.0249000e+04   2.8503418e+01
   2.1069000e+04   2.9479980e+01
   2.2037000e+04   3.1494141e+01
   2.2687000e+04   2.9418945e+01
   2.3629000e+04   3.2836914e+01
   2.3725000e+04   2.9418945e+01
   2.7422000e+04   2.6611328e+01
   2.8274000e+04   2.8686523e+01
   2.9634000e+04   2.9418945e+01
   3.0122000e+04   3.0761719e+01
   3.0578000e+04   2.6123047e+01
   3.1039000e+04   3.1799316e+01
   3.1174000e+04   2.5390625e+01
   3.2019000e+04   2.7587891e+01
   3.2207000e+04   3.0090332e+01
   3.2717000e+04   2.6062012e+01
   3.3002000e+04   2.6611328e+01
   3.3346000e+04   3.0517578e+01
   3.5213000e+04   2.9418945e+01
   3.5289000e+04   2.8869629e+01
   3.5712000e+04   3.2287598e+01
   3.6233000e+04   3.1250000e+01
   3.6597000e+04   3.2714844e+01
   4.0701000e+04   2.9541016e+01
   4.2402000e+04   2.8015137e+01
   4.3923000e+04   2.8503418e+01
   4.4321000e+04   3.8818359e+01
   4.4395000e+04   2.5451660e+01
   4.6216000e+04   2.6184082e+01
   4.7026000e+04   3.1372070e+01
   4.7585000e+04   3.4545898e+01
   4.8483000e+04   3.2287598e+01
   4.8707000e+04   3.1005859e+01
   4.9702000e+04   2.7465820e+01
   5.0700000e+04   3.2653809e+01
   5.0961000e+04   2.9785156e+01
   5.1136000e+04   2.7954102e+01
   5.3071000e+04   2.9113770e+01
   5.4170000e+04   2.4047852e+01
   5.4550000e+04   3.0273438e+01
   5.4854000e+04   2.9663086e+01
   5.5129000e+04   2.7526855e+01
   5.5800000e+04   3.1799316e+01
   5.6190000e+04   3.0273437e+01
   5.8195000e+04   3.0761719e+01
   6.0119000e+04   2.6733398e+01
   6.0697000e+04   3.3142090e+01
   6.1042000e+04   3.2043457e+01
   6.1697000e+04   3.1433105e+01
   6.2263000e+04   2.7709961e+01
   6.2604000e+04   2.8076172e+01
   6.2955000e+04   3.1738281e+01
   6.3512000e+04   3.0944824e+01
   6.3716000e+04   3.3508301e+01
   6.3914000e+04   1.9836426e+01
   6.3985000e+04   1.9897461e+01
   6.4008000e+04   2.5512695e+01
   6.4053000e+04   1.9531250e+01
   6.4238000e+04   2.6184082e+01
   6.7256000e+04   3.3996582e+01
   6.7416000e+04   2.8381348e+01
   7.1067000e+04   3.1677246e+01
   7.2152000e+04   3.3264160e+01
   7.3723000e+04   3.4362793e+01
   7.4031000e+04   3.4301758e+01
   7.4322000e+04   3.2653809e+01
   7.4482000e+04   2.2094727e+01
   7.4504000e+04   3.2348633e+01
   7.4543000e+04   1.8432617e+01
   7.7049000e+04   2.7587891e+01
   7.7738000e+04   3.1066895e+01
   7.7875000e+04   4.3395996e+01
   8.0751000e+04   2.6428223e+01
   8.1345000e+04   2.6123047e+01
   8.1759000e+04   3.5217285e+01
   8.3404000e+04   2.5939941e+01
   8.3622000e+04   3.0273438e+01
   8.3665000e+04   3.7963867e+01
   8.3705000e+04   3.2104492e+01
   8.3741000e+04   2.8503418e+01
   8.3771000e+04   2.4902344e+01
   8.3782000e+04   2.3132324e+01
   8.3850000e+04   2.6672363e+01
   8.3898000e+04   2.2338867e+01
   8.4004000e+04   2.1179199e+01
   8.4019000e+04   3.0883789e+01
   8.4124000e+04   2.6489258e+01
   8.4135000e+04   1.8676758e+01
   8.4175000e+04   2.7832031e+01
   8.4208000e+04   2.8137207e+01
   8.5209000e+04   3.1250000e+01
   8.9441000e+04   2.8564453e+01
   9.0782000e+04   2.6672363e+01
   9.3002000e+04   3.0090332e+01
   9.3567000e+04   3.0700684e+01
   9.3875000e+04   1.7883301e+01
   9.4150000e+04   3.0273437e+01
   9.4203000e+04   3.9794922e+01
   9.4262000e+04   2.8869629e+01
   1.0080700e+05   3.1921387e+01
   1.0288600e+05   2.9907227e+01
   1.0420300e+05   2.8625488e+01
   1.0520300e+05   3.0700684e+01
   1.0607700e+05   3.0883789e+01
   1.0712500e+05   3.2836914e+01
   1.0734100e+05   3.1372070e+01
   1.0767500e+05   2.8869629e+01
   1.0824900e+05   2.6062012e+01
   1.0853700e+05   3.2714844e+01
   1.0926900e+05   2.9418945e+01
   1.0996100e+05   3.6315918e+01
   1.1083900e+05   3.1860352e+01
   1.1280100e+05   3.1555176e+01
   1.1325800e+05   3.1311035e+01
   1.1355300e+05   2.7648926e+01
   1.1386400e+05   2.9479980e+01
   1.1470500e+05   2.9846191e+01
   1.1530200e+05   2.7709961e+01
   1.1584800e+05   2.7160645e+01
   1.1617800e+05   2.6428223e+01
   1.1674500e+05   2.8625488e+01
   1.1741400e+05   3.1188965e+01
   1.1779000e+05   3.2653809e+01
   1.1796900e+05   3.1250000e+01
   1.2130300e+05   3.1982422e+01
   1.2195500e+05   2.9846191e+01
   1.2246700e+05   2.4047852e+01
   1.2271700e+05   3.3813477e+01
   1.2292300e+05   2.6855469e+01
   1.2323800e+05   3.2287598e+01
   1.2348300e+05   2.5939941e+01
   1.2367000e+05   2.9602051e+01
   1.2370200e+05   1.6052246e+01
   1.2395800e+05   2.7160645e+01
   1.2421100e+05   2.9541016e+01
   1.2430500e+05   2.9602051e+01
   1.2941900e+05   2.8381348e+01
   1.3118600e+05   3.0883789e+01
   1.3152200e+05   3.1433105e+01
   1.3207700e+05   2.9235840e+01
   1.3232100e+05   3.9123535e+01
   1.3234200e+05   2.8442383e+01
   1.3238800e+05   3.4790039e+01
   1.3243500e+05   3.0334473e+01
   1.3407700e+05   3.3569336e+01
   1.3469200e+05   2.9663086e+01
   1.3492900e+05   3.0151367e+01
   1.3719900e+05   3.0822754e+01
   1.3755400e+05   2.2338867e+01
   1.3818400e+05   2.7770996e+01
   1.3831000e+05   3.5461426e+01
   1.3847200e+05   2.9479980e+01
   1.3887600e+05   2.5146484e+01
   1.3939500e+05   2.6489258e+01
   1.3959800e+05   2.5695801e+01
   1.3970500e+05   2.5390625e+01
   1.4013600e+05   3.1921387e+01
   1.4024400e+05   2.8564453e+01
   1.4033900e+05   2.8320312e+01
   1.4187300e+05   3.1433105e+01
   1.4205600e+05   3.2348633e+01
   1.4212900e+05   3.8818359e+01
   1.4218300e+05   2.6367188e+01
   1.4265800e+05   2.6367187e+01
   1.4276800e+05   2.0446777e+01
   1.4278500e+05   3.2958984e+01
   1.4285200e+05   1.9653320e+01
   1.4287700e+05   3.1494141e+01
   1.4363500e+05   3.0029297e+01
   1.4429300e+05   2.8320312e+01
   1.4842900e+05   3.2226562e+01
   1.4882600e+05   3.0639648e+01
   1.4921500e+05   2.5390625e+01
   1.4990600e+05   2.9968262e+01
   1.5021800e+05   2.3315430e+01
   1.5099600e+05   2.9907227e+01
   1.5284000e+05   3.0517578e+01
   1.5367500e+05   3.1066895e+01
   1.5390800e+05   2.8259277e+01
   1.5414800e+05   3.2592773e+01
   1.5430000e+05   1.9592285e+01
   1.5476100e+05   3.1127930e+01
   1.5518700e+05   3.4057617e+01
   1.5587600e+05   2.7893066e+01
   1.5629000e+05   2.6977539e+01
   1.5705100e+05   3.5766602e+01
   1.6151500e+05   3.7658691e+01
   1.6281600e+05   3.3630371e+01
   1.6432400e+05   2.9907227e+01
   1.6625000e+05   3.2043457e+01
   1.6707600e+05   3.2470703e+01
   1.6787200e+05   3.1860352e+01
   1.6830300e+05   2.9357910e+01
   1.6875600e+05   2.6611328e+01
   1.6879800e+05   2.0996094e+01
   1.6895700e+05   2.6000977e+01
   1.6915400e+05   2.9907227e+01
   1.6925400e+05   2.6489258e+01
   1.7258600e+05   2.8503418e+01
   1.7336900e+05   3.2165527e+01
   1.7355700e+05   2.8442383e+01
   1.7669900e+05   2.8076172e+01
   1.7694200e+05   2.9479980e+01
   1.7724100e+05   1.9897461e+01
   1.7732700e+05   1.8920898e+01
   1.7734400e+05   3.2287598e+01
   1.7792000e+05   2.6550293e+01
   1.7858800e+05   2.9113770e+01
   1.8118400e+05   2.8991699e+01
   1.8163900e+05   3.4301758e+01
   1.8238900e+05   3.4851074e+01
   1.8257800e+05   3.3142090e+01
   1.8291100e+05   2.7954102e+01
   1.8523500e+05   3.1677246e+01
   1.8546800e+05   3.8024902e+01
   1.8548600e+05   2.7709961e+01
   1.8561000e+05   4.2114258e+01
   1.8566000e+05   3.2348633e+01
   1.8567000e+05   3.2592773e+01
   1.8642100e+05   2.8442383e+01
   1.8663000e+05   2.9357910e+01
   1.8963800e+05   3.3996582e+01
   1.9012100e+05   2.9846191e+01
   1.9098900e+05   2.8686523e+01
   1.9410200e+05   2.8930664e+01
   1.9462900e+05   2.9052734e+01
   1.9573600e+05   2.7404785e+01
   1.9745600e+05   3.1494141e+01
   1.9872400e+05   2.9418945e+01
   1.9926500e+05   2.9541016e+01
   1.9958500e+05   2.9235840e+01
   1.9992800e+05   2.9174805e+01
   2.0039700e+05   2.7587891e+01
   2.0064400e+05   4.5898438e+01
   2.0293600e+05   3.2104492e+01
   2.0459200e+05   2.8930664e+01
   2.0541300e+05   2.8747559e+01
   2.0565100e+05   2.7709961e+01
   2.0602600e+05   3.0700684e+01
   2.0619200e+05   2.3437500e+01
   2.0657700e+05   3.0883789e+01
   2.0702900e+05   3.1494141e+01
   2.0752600e+05   2.6916504e+01
   2.0782900e+05   2.9724121e+01
   2.0897700e+05   3.1127930e+01
   2.0944100e+05   3.1311035e+01
   2.0952800e+05   2.0812988e+01
   2.0954900e+05   2.8686523e+01
   2.1242000e+05   2.7893066e+01
   2.1334900e+05   2.0690918e+01
   2.1417800e+05   2.7038574e+01
   2.1438800e+05   1.5625000e+01
   2.1443400e+05   1.7883301e+01
   2.1459400e+05   1.5991211e+01
   2.1463400e+05   1.5869141e+01
   2.1961900e+05   2.9724121e+01
   2.2072800e+05   2.8686523e+01
   2.2244600e+05   2.3498535e+01
   2.2377800e+05   3.0761719e+01
   2.2383200e+05   3.3264160e+01
   2.2444000e+05   2.5939941e+01
   2.2474900e+05   2.6611328e+01
   2.2506700e+05   3.1188965e+01
   2.2604500e+05   2.9602051e+01
   2.2632600e+05   2.8808594e+01
   2.2649700e+05   2.7404785e+01
   2.2672400e+05   2.9663086e+01
   2.2694800e+05   3.3203125e+01
   2.2714800e+05   2.8869629e+01
   2.2744700e+05   3.0334473e+01
   2.2765400e+05   2.7587891e+01
   2.2800300e+05   2.7893066e+01
   2.2889900e+05   3.2226562e+01
   2.2906400e+05   3.4118652e+01
   2.2981500e+05   2.9602051e+01
   2.3107300e+05   2.5939941e+01
   2.3161500e+05   2.8381348e+01
   2.3184200e+05   3.0090332e+01
   2.3197900e+05   3.0212402e+01
   2.3553600e+05   2.6245117e+01
   2.3871200e+05   2.8625488e+01
   2.3940500e+05   2.7648926e+01
   2.3970500e+05   2.9052734e+01
   2.4010800e+05   3.1616211e+01
   2.4018600e+05   3.1616211e+01
   2.4025800e+05   3.1433105e+01
   2.4035200e+05   1.7517090e+01
   2.4105600e+05   2.9541016e+01
   2.4128800e+05   2.9846191e+01
   2.4306300e+05   3.5400391e+01
   2.4417200e+05   1.5380859e+01
   2.4421300e+05   3.2043457e+01
   2.4965400e+05   3.0517578e+01
   2.5086700e+05   3.2470703e+01
   2.5242300e+05   2.6062012e+01
   2.5353000e+05   2.8686523e+01
   2.5385500e+05   3.0944824e+01
   2.5446800e+05   2.9113770e+01
   2.5631000e+05   3.0700684e+01
   2.5786300e+05   2.5634766e+01
   2.5924700e+05   2.6794434e+01
   2.6107800e+05   3.1005859e+01
   2.6135900e+05   3.0761719e+01
   2.6224300e+05   2.8869629e+01
   2.6384700e+05   3.2470703e+01
   2.6423700e+05   3.2104492e+01
   2.6529700e+05   3.0883789e+01
   2.6534700e+05   1.9165039e+01
   2.6555800e+05   2.5695801e+01
   2.6610600e+05   3.1555176e+01
   2.6848400e+05   2.7648926e+01
   2.6982500e+05   3.0517578e+01
   2.7165500e+05   3.3569336e+01
   2.7257500e+05   3.0456543e+01
   2.7305800e+05   2.4780273e+01
   2.7321400e+05   2.6245117e+01
   2.7417000e+05   2.8686523e+01
   2.7515500e+05   2.8259277e+01
   2.7529900e+05   3.1311035e+01
   2.7831800e+05   3.2958984e+01
   2.7906900e+05   3.2470703e+01
   2.7973000e+05   3.9855957e+01
   2.8014100e+05   3.1494141e+01
   2.8114800e+05   2.8686523e+01
   2.8171700e+05   2.6855469e+01
   2.8199000e+05   3.0944824e+01
   2.8211000e+05   3.7536621e+01
   2.8216900e+05   2.5451660e+01
   2.8259400e+05   3.1188965e+01
   2.8533200e+05   2.8320312e+01
   2.8695500e+05   2.8442383e+01
   2.8802400e+05   2.5817871e+01
   2.8834200e+05   2.9663086e+01
   2.8912200e+05   2.6794434e+01
   2.8945100e+05   2.8137207e+01
   2.8983400e+05   3.1738281e+01
   2.9007800e+05   3.2836914e+01
   2.9030500e+05   2.7893066e+01
   2.9045700e+05   2.6428223e+01
   2.9063800e+05   2.7954102e+01
   2.9327000e+05   2.8930664e+01
   2.9434900e+05   1.6601562e+01
   2.9489300e+05   2.8503418e+01
   2.9633800e+05   2.8137207e+01
   2.9733700e+05   3.3020020e+01
   2.9734700e+05   1.5258789e+01
   3.0055000e+05   3.3142090e+01
   3.0181800e+05   3.1982422e+01
   3.0326100e+05   2.6794434e+01
   3.0433200e+05   3.2226562e+01
   3.0560000e+05   1.6784668e+01
   3.1119700e+05   3.2470703e+01
   3.1244900e+05   2.6123047e+01
   3.1378800e+05   2.9541016e+01
   3.1483000e+05   2.7465820e+01
   3.1611000e+05   3.0029297e+01
   3.1674400e+05   2.8930664e+01
   3.1735200e+05   2.8564453e+01
   3.1756700e+05   2.8320312e+01
   3.2032200e+05   2.9174805e+01
   3.2264000e+05   3.1799316e+01
   3.2308400e+05   3.9672852e+01
   3.2362100e+05   4.0771484e+01
   3.2368100e+05   1.5075684e+01
   3.2723300e+05   2.9174805e+01
   3.2855400e+05   2.7832031e+01
   3.2990900e+05   2.9052734e+01
   3.3164600e+05   3.1677246e+01
   3.3334900e+05   2.4108887e+01
   3.3395400e+05   2.9541016e+01
   3.3426500e+05   2.9785156e+01
   3.3448000e+05   3.6315918e+01
   3.3452400e+05   3.1860352e+01
   3.3453500e+05   3.2714844e+01
   3.3565100e+05   3.6132812e+01
   3.3579700e+05   2.9296875e+01
   3.3814400e+05   3.3630371e+01
   3.3966300e+05   3.1860352e+01
   3.4108600e+05   3.4851074e+01
   3.4225700e+05   2.6733398e+01
   3.4329500e+05   2.7404785e+01
   3.4352800e+05   3.6376953e+01
   3.4386900e+05   3.0151367e+01
   3.4460300e+05   2.5451660e+01
   3.4501800e+05   2.5085449e+01
   3.4742300e+05   2.8503418e+01
   3.5041600e+05   3.0090332e+01
   3.5169000e+05   2.8503418e+01
   3.5240300e+05   3.3203125e+01
   3.5265600e+05   3.9123535e+01
   3.5274800e+05   3.2897949e+01
   3.5297300e+05   3.4606934e+01
   3.5352200e+05   3.1799316e+01
   3.5380300e+05   2.4841309e+01
   3.5700400e+05   2.7282715e+01
   3.5833800e+05   3.1494141e+01
   3.5959400e+05   2.8503418e+01
   3.6126200e+05   3.4790039e+01
   3.6234300e+05   2.6977539e+01
   3.6370000e+05   3.2409668e+01
   3.6727700e+05   2.9785156e+01
   3.6888200e+05   3.4973145e+01
   3.6897700e+05   1.9836426e+01
   3.7117700e+05   2.9235840e+01
   3.7172600e+05   2.4719238e+01
   3.7201800e+05   2.9785156e+01
   3.7216000e+05   1.6296387e+01
   3.7230700e+05   3.1066895e+01
   3.7272900e+05   2.8991699e+01
   3.7291600e+05   3.1250000e+01
   3.7300200e+05   3.0273438e+01
   3.7318500e+05   2.8320312e+01
   3.7550900e+05   3.2531738e+01
   3.7596300e+05   2.9907227e+01
   3.7625700e+05   3.3813477e+01
   3.7692200e+05   3.2165527e+01
   3.7736100e+05   2.8564453e+01
   3.7861900e+05   3.0517578e+01
   3.7865000e+05   1.7395020e+01
   3.7871200e+05   3.0517578e+01
   3.7873200e+05   1.7395020e+01
   3.7876000e+05   2.9846191e+01
   3.7903900e+05   3.2897949e+01
   3.7967200e+05   3.0944824e+01
   3.8037100e+05   3.1433105e+01
   3.8378000e+05   2.8198242e+01
   3.8641100e+05   2.9846191e+01
   3.8778600e+05   2.9968262e+01
   3.9005900e+05   3.1127930e+01
   3.9059000e+05   3.2104492e+01
   3.9155800e+05   3.0395508e+01
   3.9186700e+05   3.0212402e+01
   3.9286700e+05   2.9602051e+01
   3.9353200e+05   2.8564453e+01
   3.9371200e+05   2.9174805e+01
   3.9408700e+05   2.9724121e+01
   3.9432200e+05   2.6733398e+01
   3.9438600e+05   3.0029297e+01
   3.9495200e+05   2.7587891e+01
   3.9749700e+05   3.1677246e+01
   3.9928400e+05   2.6855469e+01
   4.0050900e+05   2.9235840e+01
   4.0132400e+05   1.8005371e+01
   4.0142700e+05   2.9418945e+01
   4.0172800e+05   3.1555176e+01
   4.0193900e+05   3.0517578e+01
   4.0236600e+05   2.8442383e+01
   4.0264500e+05   3.2348633e+01
   4.0282400e+05   2.5329590e+01
   4.0349900e+05   2.9968262e+01
   4.0480500e+05   2.7221680e+01
   4.0498100e+05   3.6560059e+01
   4.0501100e+05   3.3996582e+01
   4.0505600e+05   2.1240234e+01
   4.0507100e+05   2.8686523e+01
   4.0508400e+05   2.4475098e+01
   4.0534000e+05   2.8503418e+01
   4.0556200e+05   3.5461426e+01
   4.0557500e+05   2.7160645e+01
   4.0563300e+05   2.9113770e+01
   4.0576200e+05   2.7221680e+01
   4.0644300e+05   2.7160645e+01
   4.0676400e+05   2.9357910e+01
   4.0683200e+05   2.0385742e+01
   4.0684600e+05   2.8137207e+01
   4.0739100e+05   3.6926270e+01
   4.1058900e+05   3.0639648e+01
   4.1169100e+05   2.6184082e+01
   4.1267600e+05   3.2592773e+01
   4.1270500e+05   3.4362793e+01
   4.1273900e+05   3.2714844e+01
   4.1278700e+05   3.2043457e+01
   4.1279700e+05   2.7526855e+01
   4.1300000e+05   2.0263672e+01
   4.1616800e+05   3.1799316e+01
   4.1784900e+05   2.6550293e+01
   4.1986600e+05   2.7770996e+01
   4.2032000e+05   2.9418945e+01
   4.2090800e+05   3.4973145e+01
   4.2372500e+05   2.9113770e+01
   4.2433200e+05   3.9428711e+01
   4.2435600e+05   3.4179688e+01
   4.2437700e+05   3.2531738e+01
   4.2442000e+05   2.4291992e+01
   4.2443500e+05   4.7668457e+01
   4.2814500e+05   3.0334473e+01
   4.2943200e+05   3.3325195e+01
   4.3112100e+05   3.0517578e+01
   4.3236000e+05   2.8076172e+01
   4.3323600e+05   3.7719727e+01
   4.3400700e+05   3.3325195e+01
   4.3624800e+05   3.6132812e+01
   4.3633800e+05   3.4301758e+01
   4.3951500e+05   3.0212402e+01
   4.4089900e+05   2.8930664e+01
   4.4141000e+05   2.9357910e+01
   4.4223100e+05   3.1616211e+01
   4.4351600e+05   3.2409668e+01
   4.4436000e+05   2.8564453e+01
   4.4556200e+05   2.6733398e+01
   4.4580900e+05   2.7038574e+01
   4.4589900e+05   2.8320312e+01
   4.4607800e+05   2.8015137e+01
   4.4622700e+05   2.5146484e+01
   4.4630300e+05   2.5817871e+01
   4.4647000e+05   2.4291992e+01
   4.4657500e+05   2.7221680e+01
   4.4674700e+05   2.6367188e+01
   4.4718500e+05   2.5939941e+01
   4.4734500e+05   2.5329590e+01
   4.4763200e+05   2.8259277e+01
   4.4781500e+05   2.7465820e+01
   4.4893200e+05   2.5695801e+01
   4.4939900e+05   2.9174805e+01
   4.5028600e+05   3.0273438e+01
   4.5103700e+05   2.5268555e+01
   4.5147800e+05   2.6000977e+01
   4.5237600e+05   3.2104492e+01
   4.5419400e+05   3.1555176e+01
   4.5468500e+05   2.6916504e+01
   4.5530000e+05   2.7770996e+01
   4.5552700e+05   3.3569336e+01
   4.5604300e+05   2.5390625e+01
   4.5620200e+05   3.0944824e+01
   4.5627700e+05   1.7272949e+01
   4.5631600e+05   1.7822266e+01
   4.5641000e+05   1.5441895e+01
   4.5645900e+05   1.6174316e+01
   4.5647900e+05   2.4108887e+01
   4.5652300e+05   1.6601562e+01
   4.5683100e+05   2.8198242e+01
   4.5687200e+05   1.9348145e+01
   4.5690300e+05   2.7221680e+01
   4.5711600e+05   2.6794434e+01
   4.5935300e+05   2.6184082e+01
   4.5977400e+05   2.7832031e+01
   4.6030600e+05   2.8930664e+01
   4.6089000e+05   3.2043457e+01
   4.6113100e+05   2.6550293e+01
   4.6151200e+05   2.9968262e+01
   4.6190100e+05   2.8869629e+01
   4.6229300e+05   2.6489258e+01
   4.6312700e+05   3.2287598e+01
   4.6629200e+05   3.0639648e+01
   4.6759200e+05   3.2714844e+01
   4.6803700e+05   3.0639648e+01
   4.6876700e+05   4.0832520e+01
   4.6878200e+05   2.9541016e+01
   4.6957400e+05   2.5756836e+01
   4.6994100e+05   3.2226562e+01
   4.6995500e+05   2.0019531e+01
   4.7002600e+05   2.5451660e+01
   4.7457100e+05   2.7770996e+01
   4.7760300e+05   3.2531738e+01
   4.7996400e+05   3.6010742e+01
   4.8143000e+05   2.6794434e+01
   4.8189400e+05   2.5512695e+01
   4.8434500e+05   2.8991699e+01
   4.8576700e+05   1.5258789e+01
   4.8585400e+05   1.5014648e+01
   4.8655800e+05   2.9968262e+01
   4.8724100e+05   2.8686523e+01
   4.8743200e+05   2.6794434e+01
   4.8752800e+05   3.4484863e+01
   4.8755000e+05   1.5930176e+01
   4.8822400e+05   3.3935547e+01
   4.8833600e+05   2.9296875e+01
   4.8847200e+05   2.8442383e+01
   4.8874500e+05   2.8564453e+01
   4.8890400e+05   3.0090332e+01
   4.8935600e+05   3.2958984e+01
   4.8954300e+05   2.8991699e+01
   4.9300600e+05   3.3325195e+01
   4.9459500e+05   2.8930664e+01
   4.9551400e+05   2.8076172e+01
   4.9737200e+05   2.8320312e+01
   4.9777600e+05   2.6672363e+01
   4.9795800e+05   3.1433105e+01
   4.9851800e+05   2.7587891e+01
   4.9930000e+05   2.7954102e+01
   4.9947500e+05   2.5207520e+01
   4.9993500e+05   2.8686523e+01
   5.0210100e+05   3.2531738e+01
   5.0251700e+05   1.5625000e+01
   5.0647900e+05   3.1250000e+01
   5.0931100e+05   2.8198242e+01
   5.1014200e+05   2.0019531e+01
   5.1018100e+05   2.0446777e+01
   5.1022500e+05   1.5808105e+01
   5.1063500e+05   3.1433105e+01
   5.1102700e+05   2.8320312e+01
   5.1208100e+05   3.0029297e+01
   5.1536400e+05   3.1188965e+01
   5.1745400e+05   2.8747559e+01
   5.1845400e+05   2.9174805e+01
   5.1925200e+05   3.1372070e+01
   5.1949300e+05   2.1118164e+01
   5.1998100e+05   2.7587891e+01
   5.2033400e+05   2.6306152e+01
   5.2049100e+05   3.2043457e+01
   5.2085100e+05   2.5146484e+01
   5.2223300e+05   1.7700195e+01
   5.2229500e+05   3.1738281e+01
   5.2233700e+05   1.9042969e+01
   5.2276100e+05   3.0456543e+01
   5.2323000e+05   3.1860352e+01
   5.2355000e+05   2.9541016e+01
   5.2450700e+05   2.8442383e+01
   5.2470000e+05   3.1860352e+01
   5.2475800e+05   2.7954102e+01
   5.2478000e+05   1.8981934e+01
   5.2479500e+05   2.2888184e+01
   5.2542800e+05   2.6306152e+01
   5.2553100e+05   3.0456543e+01
   5.2581700e+05   3.0090332e+01
   5.2596400e+05   2.7770996e+01
   5.2602300e+05   2.7038574e+01
   5.2642600e+05   2.7282715e+01
   5.2649400e+05   2.6977539e+01
   5.2664500e+05   1.6845703e+01
   5.2689000e+05   2.6123047e+01
   5.2695400e+05   2.8198242e+01
   5.2769600e+05   2.7587891e+01
   5.2781700e+05   3.1494141e+01
   5.2796800e+05   3.1799316e+01
   5.2806100e+05   2.8259277e+01
   5.2978500e+05   2.7282715e+01
   5.3000200e+05   2.8625488e+01
   5.3012800e+05   2.5756836e+01
   5.3452900e+05   3.1738281e+01
   5.3610700e+05   2.8808594e+01
   5.3651300e+05   2.8198242e+01
   5.3666400e+05   2.8442383e+01
   5.3688100e+05   2.9724121e+01
   5.3711600e+05   2.9968262e+01
   5.3773100e+05   3.0517578e+01
   5.3917300e+05   2.7770996e+01
   5.3971000e+05   2.7160645e+01
   5.3975900e+05   1.7272949e+01
   5.4019600e+05   3.0334473e+01
   5.4024600e+05   1.9042969e+01
   5.4025800e+05   2.0080566e+01
   5.4399700e+05   3.2348633e+01
   5.4613900e+05   2.9785156e+01
   5.4804700e+05   2.4597168e+01
   5.4853000e+05   2.9968262e+01
   5.4859800e+05   1.6479492e+01
   5.4880800e+05   2.8076172e+01
   5.4893500e+05   2.9174805e+01
   5.4895900e+05   1.9287109e+01
   5.5267800e+05   3.2226562e+01
   5.5474800e+05   3.1921387e+01
   5.5505300e+05   2.7465820e+01
   5.5582800e+05   2.8991699e+01
   5.5603600e+05   2.9113770e+01
   5.5625800e+05   3.0761719e+01
   5.5652100e+05   3.6621094e+01
   5.5684200e+05   3.1494141e+01
   5.5716800e+05   2.6733398e+01
   5.5751000e+05   2.6916504e+01
   5.5761700e+05   3.0273438e+01
   5.6082000e+05   3.4667969e+01
   5.6229100e+05   3.3325195e+01
   5.6296800e+05   2.7465820e+01
   5.6341100e+05   2.7587891e+01
   5.6382800e+05   2.8991699e+01
   5.6412400e+05   3.5400391e+01
   5.6480700e+05   3.1982422e+01
   5.6507100e+05   3.1555176e+01
   5.6548100e+05   3.3447266e+01
   5.6559900e+05   2.8381348e+01
   5.6564100e+05   2.1423340e+01
   5.6566100e+05   2.7038574e+01
   5.6572800e+05   1.5197754e+01
   5.6578300e+05   1.6906738e+01
   5.6579800e+05   2.7832031e+01
   5.6599200e+05   3.1799316e+01
   5.6644600e+05   1.8432617e+01
   5.6650900e+05   2.3376465e+01
   5.6660800e+05   2.9052734e+01
   5.6677700e+05   2.7099609e+01
   5.6689100e+05   2.7648926e+01
   5.6835900e+05   2.6855469e+01
   5.6874900e+05   3.0578613e+01
   5.6884200e+05   2.9113770e+01
   5.6893300e+05   2.6977539e+01
   5.6897700e+05   2.0080566e+01
   5.6899300e+05   2.7282715e+01
   5.7392400e+05   3.1250000e+01
   5.7573400e+05   2.9113770e+01
   5.7673000e+05   2.7099609e+01
   5.7719000e+05   3.0761719e+01
   5.7842500e+05   2.9602051e+01
   5.7914000e+05   2.7282715e+01
   5.7931600e+05   2.8076172e+01
   5.8171300e+05   3.0883789e+01
   5.8306500e+05   2.6977539e+01
   5.8473400e+05   2.6367188e+01
   5.8509600e+05   2.8442383e+01
   5.8550300e+05   2.9479980e+01
   5.8576700e+05   3.0517578e+01
   5.8631800e+05   3.0029297e+01
   5.8651100e+05   3.2043457e+01
   5.8668100e+05   2.8015137e+01
   5.9051400e+05   2.7832031e+01
   5.9096800e+05   3.5156250e+01
   5.9114500e+05   3.0456543e+01
   5.9146900e+05   2.9907227e+01
   5.9344400e+05   3.2958984e+01
   5.9362500e+05   3.1860352e+01
   5.9384700e+05   2.7404785e+01
   5.9397000e+05   2.9907227e+01
   5.9407400e+05   2.3742676e+01
   5.9425000e+05   3.0151367e+01
   5.9728200e+05   3.3874512e+01
   5.9747700e+05   3.1494141e+01
   5.9775300e+05   2.7893066e+01
   5.9810600e+05   4.2968750e+01
   6.0268800e+05   2.8930664e+01
   6.0439000e+05   3.0395508e+01
   6.0601600e+05   2.8747559e+01
   6.0622800e+05   3.5949707e+01
   6.0841500e+05   3.2104492e+01
   6.0976800e+05   3.3142090e+01
   6.1085400e+05   3.1860352e+01
   6.1161300e+05   2.9174805e+01
   6.1225100e+05   2.9541016e+01
   6.1294700e+05   2.7832031e+01
   6.1336400e+05   3.0578613e+01
   6.1379800e+05   3.0029297e+01
   6.1390700e+05   1.6540527e+01
   6.1403300e+05   1.8737793e+01
   6.1408000e+05   1.6784668e+01
   6.1409500e+05   3.5278320e+01
   6.1414500e+05   1.5747070e+01
   6.1439400e+05   3.0029297e+01
   6.1460100e+05   3.1799316e+01
   6.1651100e+05   3.3325195e+01
   6.1740800e+05   3.0700684e+01
   6.1772800e+05   2.8442383e+01
   6.1780000e+05   3.6682129e+01
   6.1782400e+05   1.9775391e+01
   6.1904000e+05   3.1066895e+01
   6.2037400e+05   1.6113281e+01
   6.2227700e+05   3.1188965e+01
   6.2268400e+05   2.5451660e+01
   6.2340800e+05   3.0578613e+01
   6.2438500e+05   2.8198242e+01
   6.2482400e+05   2.9174805e+01
   6.2661400e+05   2.9968262e+01
   6.2676500e+05   3.4301758e+01
   6.2887000e+05   2.8869629e+01
   6.2935300e+05   3.4057617e+01
   6.2972400e+05   3.1250000e+01
   6.3011300e+05   2.7770996e+01
   6.3313500e+05   2.2766113e+01
   6.3322300e+05   1.9348145e+01
   6.3395200e+05   3.4057617e+01
   6.3453000e+05   3.2836914e+01
   6.3736200e+05   2.7893066e+01
   6.3881400e+05   3.2043457e+01
   6.4006800e+05   2.9296875e+01
   6.4142800e+05   3.0822754e+01
   6.4231100e+05   2.6428223e+01
   6.4301800e+05   2.9846191e+01
   6.4418300e+05   3.4362793e+01
   6.4481200e+05   2.6733398e+01
   6.4482800e+05   1.8859863e+01
   6.4533600e+05   2.8991699e+01
   6.4547700e+05   3.1005859e+01
   6.4561800e+05   2.7099609e+01
   6.4573300e+05   2.8320312e+01
   6.4576600e+05   1.7639160e+01
   6.4582400e+05   1.8920898e+01
   6.4636200e+05   2.8076172e+01
   6.4932300e+05   3.0517578e+01
   6.5134600e+05   3.0517578e+01
   6.5194000e+05   3.2592773e+01
   6.5219700e+05   3.3874512e+01
   6.5259400e+05   3.0334473e+01
   6.5280400e+05   3.0029297e+01
   6.5361700e+05   3.4240723e+01
   6.5579800e+05   3.0273438e+01
   6.5611400e+05   2.9846191e+01
   6.5854500e+05   3.3935547e+01
   6.6320000e+05   2.9357910e+01
   6.6507200e+05   2.9418945e+01
   6.6654900e+05   2.9052734e+01
   6.6809400e+05   3.0883789e+01
   6.6945200e+05   2.7038574e+01
   6.7072900e+05   2.8076172e+01
   6.7148500e+05   2.6123047e+01
   6.7174500e+05   3.1250000e+01
   6.7419500e+05   3.2409668e+01
   6.7617000e+05   2.9174805e+01
   6.7631700e+05   2.5207520e+01
   6.7658600e+05   3.3447266e+01
   6.7670800e+05   2.4597168e+01
   6.7750900e+05   3.1005859e+01
   6.7851000e+05   3.2226562e+01
   6.8003900e+05   2.5024414e+01
   6.8031800e+05   2.6794434e+01
   6.8041100e+05   2.9968262e+01
   6.8043100e+05   2.0385742e+01
   6.8067100e+05   2.7648926e+01
   6.8068100e+05   1.6906738e+01
   6.8080500e+05   1.9042969e+01
   6.8082200e+05   2.9724121e+01
   6.8091300e+05   3.0395508e+01
   6.8164800e+05   2.6672363e+01
   6.8293300e+05   2.8137207e+01
   6.8312800e+05   2.8259277e+01
   6.8319900e+05   2.9357910e+01
   6.8408600e+05   2.9357910e+01
   6.8431300e+05   3.0517578e+01
   6.8543600e+05   2.9602051e+01
   6.8569700e+05   3.1127930e+01
   6.8625900e+05   2.5756836e+01
   6.8638500e+05   2.5512695e+01
   6.8660000e+05   3.1433105e+01
   6.8705100e+05   3.1799316e+01
   6.8757700e+05   2.8991699e+01
   6.8804500e+05   2.7893066e+01
   6.8895500e+05   2.4658203e+01
   6.8936500e+05   3.0761719e+01
   6.8997200e+05   3.2104492e+01
   6.9055200e+05   2.9907227e+01
   6.9258200e+05   2.4353027e+01
   6.9319000e+05   2.8747559e+01
   6.9341500e+05   3.1982422e+01
   6.9355700e+05   2.7770996e+01
   6.9426300e+05   3.3935547e+01
   6.9464200e+05   2.6062012e+01
   6.9500500e+05   2.6977539e+01
   6.9521100e+05   2.2521973e+01
   6.9549700e+05   3.0151367e+01
   6.9572800e+05   3.1188965e+01
   6.9847600e+05   3.1860352e+01
   6.9892500e+05   1.5075684e+01
   6.9907600e+05   1.5075684e+01
   6.9911900e+05   1.6723633e+01
   6.9940300e+05   1.5197754e+01
   7.0029000e+05   1.8859863e+01
   7.0093800e+05   1.5808105e+01
   7.0429600e+05   1.5136719e+01
   7.0433900e+05   1.5380859e+01
   7.0464600e+05   1.5625000e+01
   7.0506500e+05   1.5747070e+01
   7.0522900e+05   1.6296387e+01
   7.0662900e+05   3.1005859e+01
   7.0684400e+05   3.3264160e+01
   7.0708400e+05   3.1921387e+01
   7.0729200e+05   2.8564453e+01
   7.0763300e+05   2.7160645e+01
   7.0893300e+05   2.8869629e+01
   7.0916700e+05   2.8137207e+01
   7.1320700e+05   3.0517578e+01
   7.1445200e+05   1.6052246e+01
   7.1488300e+05   3.1005859e+01
   7.1560500e+05   1.7333984e+01
   7.1713000e+05   1.6235352e+01
   7.1734500e+05   1.5136719e+01
   7.1775600e+05   1.5686035e+01
   7.2239100e+05   2.9052734e+01
   7.2377000e+05   2.7465820e+01
   7.2469200e+05   2.9541016e+01
   7.2630300e+05   3.4179688e+01
   7.2870100e+05   1.5075684e+01
   7.2968700e+05   1.5686035e+01
   7.3378800e+05   3.3752441e+01
   7.3491800e+05   2.8198242e+01
   7.3512400e+05   2.7954102e+01
   7.3533000e+05   3.3691406e+01
   7.3547200e+05   3.0578613e+01
   7.3572500e+05   3.0151367e+01
   7.3607400e+05   3.2104492e+01
   7.3653600e+05   2.5146484e+01
   7.3717100e+05   2.9785156e+01
   7.3783600e+05   2.9296875e+01
   7.3926300e+05   3.3264160e+01
   7.3950900e+05   3.1311035e+01
   7.3968400e+05   3.2775879e+01
   7.3980400e+05   3.1555176e+01
   7.3997600e+05   2.9907227e+01
   7.4133400e+05   3.1494141e+01
   7.4154600e+05   2.9235840e+01
   7.4165900e+05   2.5390625e+01
   7.4168000e+05   1.8737793e+01
   7.4201600e+05   2.9724121e+01
   7.4229900e+05   2.7832031e+01
   7.4239400e+05   2.7832031e+01
   7.4552500e+05   3.2531738e+01
   7.4675700e+05   2.9724121e+01
   7.5103600e+05   2.7526855e+01
   7.5231900e+05   2.7099609e+01
   7.5361000e+05   2.7648926e+01
   7.5528400e+05   3.3203125e+01
   7.6025100e+05   2.9907227e+01
   7.6037700e+05   2.9235840e+01
   7.6098400e+05   2.7648926e+01
   7.6197500e+05   2.9541016e+01
   7.6209600e+05   3.0517578e+01
   7.6219000e+05   3.2226562e+01
   7.6244300e+05   2.5024414e+01
   7.6250600e+05   3.0883789e+01
   7.6721000e+05   2.6000977e+01
   7.6785200e+05   2.9479980e+01
   7.6809900e+05   3.6926270e+01
   7.6813600e+05   3.5217285e+01
   7.6815200e+05   2.6550293e+01
   7.6817900e+05   3.3996582e+01
   7.6827000e+05   2.8930664e+01
   7.6831100e+05   3.4545898e+01
   7.6878600e+05   3.1738281e+01
   7.7031100e+05   3.0761719e+01
   7.7104300e+05   2.9418945e+01
   7.7157300e+05   3.0151367e+01
   7.7373600e+05   2.5085449e+01
   7.7516200e+05   3.0334473e+01
   7.7589100e+05   3.9794922e+01
   7.7595600e+05   1.8859863e+01
   7.7926800e+05   2.9663086e+01
   7.8150800e+05   3.0761719e+01
   7.8221400e+05   3.0212402e+01
   7.8356100e+05   2.8503418e+01
   7.8491400e+05   3.1494141e+01
   7.8605400e+05   3.2775879e+01
   7.8722000e+05   2.9724121e+01
   7.8849100e+05   1.7089844e+01
   7.8851300e+05   2.7404785e+01
   7.8906900e+05   2.8076172e+01
   7.8951400e+05   3.2836914e+01
   7.8953200e+05   1.8859863e+01
   7.8978500e+05   2.8625488e+01
   7.9275900e+05   3.0151367e+01
   7.9453100e+05   1.5136719e+01
   8.0040500e+05   3.1188965e+01
   8.0078300e+05   1.5197754e+01
   8.0166600e+05   3.2775879e+01
   8.0367900e+05   3.0151367e+01
   8.0486800e+05   2.6428223e+01
   8.0592800e+05   3.0029297e+01
   8.1118100e+05   3.4423828e+01
   8.1226200e+05   3.1127930e+01
   8.1408600e+05   3.1372070e+01
   8.1536300e+05   1.5747070e+01
   8.1903600e+05   3.0761719e+01
   8.2064700e+05   2.8320312e+01
   8.2100200e+05   2.9602051e+01
   8.2131300e+05   2.4108887e+01
   8.2151900e+05   2.9663086e+01
   8.2170200e+05   2.9235840e+01
   8.2207400e+05   3.0273437e+01
   8.2215900e+05   2.6245117e+01
   8.2319800e+05   3.6071777e+01
   8.2619000e+05   3.1005859e+01
   8.2786900e+05   3.0944824e+01
   8.2892100e+05   2.5573730e+01
   8.3046500e+05   2.8381348e+01
   8.3078300e+05   3.0029297e+01
   8.3197300e+05   1.5319824e+01
   8.3282000e+05   3.5156250e+01
   8.3451000e+05   3.3691406e+01
   8.3663400e+05   1.5686035e+01
   8.4015100e+05   2.9479980e+01
   8.4172400e+05   2.9052734e+01
   8.4308600e+05   2.6550293e+01
   8.4498900e+05   2.6489258e+01
   8.4618900e+05   2.9357910e+01
   8.4677500e+05   3.4118652e+01
   8.4775200e+05   2.7893066e+01
   8.4776600e+05   1.8066406e+01
   8.4860400e+05   3.1555176e+01
   8.4988000e+05   3.3935547e+01
   8.5019300e+05   3.2531738e+01
   8.5049900e+05   2.7648926e+01
   8.5348800e+05   2.8991699e+01
   8.5371000e+05   3.1311035e+01
   8.5435900e+05   3.0273438e+01
   8.5499000e+05   3.3325195e+01
   8.5526400e+05   2.8808594e+01
   8.5553300e+05   3.2958984e+01
   8.5574000e+05   2.8076172e+01
   8.5845400e+05   2.8625488e+01
   8.5904000e+05   3.1616211e+01
   8.6141500e+05   2.6245117e+01
   8.6264800e+05   2.9479980e+01
   8.6302100e+05   3.0517578e+01
   8.6345900e+05   3.1188965e+01
   8.6406400e+05   3.1250000e+01
   8.6774800e+05   3.6010742e+01
   8.6935500e+05   2.6428223e+01
   8.7136900e+05   3.1372070e+01
   8.7169200e+05   3.3325195e+01
   8.7179600e+05   2.6123047e+01
   8.7202200e+05   2.9357910e+01
   8.7374400e+05   2.8869629e+01
   8.7531500e+05   3.2165527e+01
   8.7883700e+05   2.8503418e+01
   8.8050500e+05   3.2714844e+01
   8.8227900e+05   2.9785156e+01
   8.8336600e+05   3.4912109e+01
   8.8498700e+05   3.2958984e+01
   8.8544400e+05   2.9174805e+01
   8.8577200e+05   2.5695801e+01
   8.8648500e+05   2.7587891e+01
   8.8940600e+05   2.5634766e+01
   8.9001100e+05   3.1738281e+01
   8.9018100e+05   3.0334473e+01
   8.9021500e+05   2.0141602e+01
   8.9271100e+05   2.8564453e+01
   8.9302200e+05   3.8818359e+01
   8.9303400e+05   2.6000977e+01
   8.9305400e+05   3.5217285e+01
   8.9310200e+05   3.5400391e+01
   8.9312900e+05   3.0029297e+01
   8.9355200e+05   2.6977539e+01
   8.9533800e+05   3.2836914e+01
   8.9629600e+05   2.8747559e+01
   8.9656700e+05   1.8798828e+01
   8.9664700e+05   1.7211914e+01
   8.9666700e+05   3.0456543e+01
   8.9691500e+05   3.8757324e+01
   8.9993900e+05   2.5878906e+01
   9.0087500e+05   3.0090332e+01
   9.0140800e+05   1.6418457e+01
   9.0142600e+05   2.8076172e+01
   9.0145300e+05   3.2897949e+01
   9.0149600e+05   4.2297363e+01
   9.0151500e+05   3.1127930e+01
   9.0230200e+05   3.0029297e+01
   9.0244500e+05   2.8686523e+01
   9.0287600e+05   2.8869629e+01
   9.0319500e+05   3.2043457e+01
   9.0364300e+05   2.7832031e+01
   9.0384500e+05   3.4973145e+01
   9.0389100e+05   3.5278320e+01
   9.0392700e+05   2.7893066e+01
   9.0396400e+05   2.1118164e+01
   9.0398900e+05   2.8381348e+01
   9.0401500e+05   1.8127441e+01
   9.0405300e+05   1.6906738e+01
   9.0413200e+05   2.4169922e+01
   9.0416600e+05   3.0334473e+01
   9.0418100e+05   1.5380859e+01
   9.0421100e+05   1.6174316e+01
   9.0425100e+05   2.8503418e+01
   9.0431300e+05   2.6794434e+01
   9.0437100e+05   2.0324707e+01
   9.0444200e+05   3.2287598e+01
   9.0454400e+05   3.7658691e+01
   9.0473300e+05   1.8432617e+01
   9.0476700e+05   3.4118652e+01
   9.0615600e+05   2.7526855e+01
   9.0710000e+05   3.2287598e+01
   9.0823000e+05   3.3691406e+01
   9.0912500e+05   3.0212402e+01
   9.0980100e+05   2.5329590e+01
   9.1251100e+05   3.5888672e+01
   9.1327100e+05   1.9531250e+01
   9.1331500e+05   1.6906738e+01
   9.1336200e+05   1.8981934e+01
   9.1337900e+05   2.7893066e+01
   9.1394500e+05   2.9968262e+01
   9.1395700e+05   1.9775391e+01
   9.1434700e+05   2.9479980e+01
   9.1730000e+05   2.7648926e+01
   9.1916200e+05   3.1372070e+01
   9.1963400e+05   2.7954102e+01
   9.2002800e+05   4.0161133e+01
   9.2011000e+05   2.8991699e+01
   9.2278000e+05   3.0944824e+01
   9.2425800e+05   2.6550293e+01
   9.2560200e+05   2.9968262e+01
   9.2767200e+05   3.0578613e+01
   9.2801000e+05   3.2287598e+01
   9.2821400e+05   3.3508301e+01
   9.2827000e+05   3.6010742e+01
   9.3142500e+05   2.8991699e+01
   9.3225600e+05   3.1616211e+01
   9.3267600e+05   3.4057617e+01
   9.3404700e+05   2.6306152e+01
   9.3588900e+05   2.6184082e+01
   9.3641900e+05   2.9357910e+01
   9.3664500e+05   3.1127930e+01
   9.3677700e+05   2.8564453e+01
   9.3971400e+05   3.2043457e+01
   9.4054400e+05   2.9052734e+01
   9.4279800e+05   2.9296875e+01
   9.4385400e+05   2.9357910e+01
   9.4422500e+05   2.7954102e+01
   9.4448500e+05   2.8625488e+01
   9.4481900e+05   3.3569336e+01
   9.4566400e+05   3.2348633e+01
   9.4606200e+05   3.2287598e+01
   9.4629300e+05   2.0202637e+01
   9.4645000e+05   2.6855469e+01
   9.4753000e+05   2.9113770e+01
   9.4771300e+05   2.0751953e+01
   9.4778900e+05   3.2592773e+01
   9.5127900e+05   2.7160645e+01
   9.5276300e+05   2.8564453e+01
   9.5451300e+05   2.7099609e+01
   9.5581500e+05   3.7780762e+01
   9.5587700e+05   3.2897949e+01
   9.5589300e+05   1.6662598e+01
   9.5597700e+05   2.8808594e+01
   9.5620400e+05   2.9846191e+01
   9.5628700e+05   2.6123047e+01
   9.5635200e+05   2.9357910e+01
   9.5974500e+05   3.4484863e+01
   9.6099000e+05   2.6428223e+01
   9.6150200e+05   3.2897949e+01
   9.6205400e+05   3.0944824e+01
   9.6218600e+05   1.8920898e+01
   9.6432400e+05   2.7465820e+01
   9.6563100e+05   2.6245117e+01
   9.6741100e+05   3.1372070e+01
   9.6807600e+05   3.3447266e+01
   9.6829700e+05   2.4291992e+01
   9.6859900e+05   2.9602051e+01
   9.6943800e+05   2.7526855e+01
   9.6959100e+05   3.0517578e+01
   9.6969600e+05   2.9968262e+01
   9.6980800e+05   2.0629883e+01
   9.6990200e+05   2.9846191e+01
   9.7019800e+05   2.7404785e+01
   9.7349000e+05   2.7282715e+01
   9.7495100e+05   3.2531738e+01
   9.7600300e+05   2.7282715e+01
   9.7609500e+05   2.9174805e+01
   9.7623000e+05   1.6174316e+01
   9.7641200e+05   2.1118164e+01
   9.7644800e+05   2.6000977e+01
   9.7687300e+05   2.8381348e+01
   9.7714700e+05   2.6672363e+01
   9.7725200e+05   3.1433105e+01
   9.7755400e+05   2.4841309e+01
   9.7766000e+05   2.5756836e+01
   9.7787400e+05   2.8442383e+01
   9.7809600e+05   3.0090332e+01
   9.7872100e+05   3.0151367e+01
   9.7945400e+05   2.5207520e+01
   9.8011400e+05   3.1005859e+01
   9.8090000e+05   3.0883789e+01
   9.8125700e+05   2.8625488e+01
   9.8195900e+05   2.5451660e+01
   9.8226200e+05   3.2409668e+01
   9.8260300e+05   3.2775879e+01
   9.8314700e+05   2.8137207e+01
   9.8348000e+05   2.8076172e+01
   9.8375600e+05   3.2531738e+01
   9.8470900e+05   3.1799316e+01
   9.8508200e+05   3.3325195e+01
   9.8538700e+05   2.9663086e+01
   9.8597000e+05   3.3752441e+01
   9.8609800e+05   2.6062012e+01
   9.8658800e+05   2.6611328e+01
   9.8674200e+05   2.5268555e+01
   9.8700100e+05   2.6062012e+01
   9.8711800e+05   3.2409668e+01
   9.8749000e+05   3.1066895e+01
   9.8760000e+05   2.7954102e+01
   9.8794500e+05   2.9235840e+01
   9.8843200e+05   3.0578613e+01
   9.8925400e+05   3.2226562e+01
   9.9245000e+05   2.6367188e+01
   9.9350100e+05   3.2104492e+01
   9.9433100e+05   3.1616211e+01
   9.9477600e+05   2.9418945e+01
   9.9499900e+05   3.3752441e+01
   9.9585900e+05   2.9296875e+01
   9.9591100e+05   2.1911621e+01
   9.9601100e+05   1.8066406e+01
   9.9619700e+05   2.5878906e+01
   9.9635900e+05   3.0700684e+01
   9.9685600e+05   2.9052734e+01
   9.9693000e+05   3.0212402e+01
   9.9724000e+05   3.2470703e+01
   1.0003580e+06   2.7893066e+01
   1.0018740e+06   2.8686523e+01
   1.0021830e+06   3.1738281e+01
   1.0027930e+06   2.8137207e+01
   1.0029510e+06   3.0761719e+01
   1.0029880e+06   3.4240723e+01
   1.0060280e+06   3.4851074e+01
   1.0066580e+06   3.0761719e+01
   1.0073340e+06   2.9052734e+01
   1.0078150e+06   3.4240723e+01
   1.0083300e+06   2.4169922e+01
   1.0085740e+06   2.9418945e+01
   1.0087710e+06   2.7648926e+01
   1.0099160e+06   2.7160645e+01
   1.0100800e+06   3.1799316e+01
   1.0135730e+06   3.5339355e+01
   1.0152620e+06   2.9113770e+01
   1.0166370e+06   3.0578613e+01
   1.0177600e+06   2.7770996e+01
   1.0185640e+06   3.0883789e+01
   1.0187450e+06   1.8432617e+01
   1.0187810e+06   1.7456055e+01
   1.0188260e+06   1.6479492e+01
   1.0188900e+06   3.4973145e+01
   1.0192270e+06   2.8564453e+01
   1.0193890e+06   2.9785156e+01
   1.0197260e+06   2.7770996e+01
   1.0201840e+06   2.9296875e+01
   1.0203420e+06   2.9235840e+01
   1.0209870e+06   3.0456543e+01
   1.0211070e+06   2.7648926e+01
   1.0226160e+06   2.8930664e+01
   1.0227670e+06   3.1372070e+01
   1.0228600e+06   3.2531738e+01
   1.0229690e+06   2.8320312e+01
   1.0234610e+06   2.5756836e+01
   1.0237510e+06   3.0090332e+01
   1.0238220e+06   2.8503418e+01
   1.0247040e+06   3.0151367e+01
   1.0247920e+06   2.1789551e+01
   1.0248120e+06   2.4841309e+01
   1.0266130e+06   3.0090332e+01
   1.0276440e+06   2.4597168e+01
   1.0305640e+06   2.6123047e+01
   1.0313670e+06   3.0273438e+01
   1.0316680e+06   3.3203125e+01
   1.0321890e+06   3.1005859e+01
   1.0327170e+06   3.2836914e+01
   1.0330550e+06   2.8442383e+01
   1.0333180e+06   2.9541016e+01
   1.0335540e+06   2.9296875e+01
   1.0373750e+06   2.9846191e+01
   1.0383770e+06   3.2592773e+01
   1.0391170e+06   3.0944824e+01
   1.0395280e+06   3.1921387e+01
   1.0399660e+06   2.8625488e+01
   1.0401140e+06   3.0700684e+01
   1.0401510e+06   2.0751953e+01
   1.0401880e+06   2.8808594e+01
   1.0402630e+06   1.7456055e+01
   1.0403090e+06   1.6296387e+01
   1.0403960e+06   1.6174316e+01
   1.0404110e+06   3.0273438e+01
   1.0412490e+06   2.8686523e+01
   1.0419610e+06   3.1860352e+01
   1.0444520e+06   1.6723633e+01
   1.0444940e+06   1.8127441e+01
   1.0445080e+06   3.3020020e+01
   1.0445910e+06   1.7395020e+01
   1.0446480e+06   2.8076172e+01
   1.0451320e+06   4.0283203e+01
   1.0451780e+06   3.3752441e+01
   1.0451910e+06   2.6367187e+01
   1.0453310e+06   3.9978027e+01
   1.0454540e+06   3.1555176e+01
   1.0496790e+06   3.4667969e+01
   1.0520650e+06   3.0822754e+01
   1.0523940e+06   3.3630371e+01
   1.0582790e+06   1.7883301e+01
   1.0594650e+06   3.1372070e+01
   1.0610000e+06   2.8259277e+01
   1.0623030e+06   2.5390625e+01
   1.0639560e+06   2.8991699e+01
   1.0655850e+06   2.6550293e+01
   1.0658910e+06   2.8869629e+01
   1.0659450e+06   1.9348145e+01
   1.0660140e+06   2.1850586e+01
   1.0660910e+06   2.8808594e+01
   1.0671290e+06   2.9907227e+01
   1.0693890e+06   3.0212402e+01
   1.0730190e+06   3.0273438e+01
   1.0731600e+06   3.1860352e+01
   1.0733880e+06   2.9235840e+01
   1.0739390e+06   3.2043457e+01
   1.0743670e+06   2.8930664e+01
   1.0757100e+06   2.9235840e+01
   1.0758270e+06   4.0527344e+01
   1.0760490e+06   3.3813477e+01
   1.0764060e+06   2.9724121e+01
   1.0765130e+06   3.3935547e+01
   1.0768940e+06   2.6184082e+01
   1.0798610e+06   2.6306152e+01
   1.0819890e+06   3.3508301e+01
   1.0824660e+06   3.1555176e+01
   1.0833480e+06   2.9479980e+01
   1.0835240e+06   3.0395508e+01
   1.0837310e+06   2.5878906e+01
   1.0888310e+06   2.6794434e+01
   1.0904510e+06   3.0334473e+01
   1.0918750e+06   2.8198242e+01
   1.0932290e+06   3.5278320e+01
   1.0935650e+06   2.8442383e+01
   1.0936780e+06   3.2836914e+01
   1.0943400e+06   3.5766602e+01
   1.0945220e+06   3.1066895e+01
   1.0949300e+06   2.8991699e+01
   1.0953000e+06   3.0212402e+01
   1.1000600e+06   2.9418945e+01
   1.1007360e+06   2.9785156e+01
   1.1008200e+06   2.5085449e+01
   1.1016730e+06   2.8015137e+01
   1.1021170e+06   3.0273438e+01
   1.1025090e+06   2.8991699e+01
   1.1068760e+06   3.4667969e+01
   1.1085760e+06   3.1738281e+01
   1.1099200e+06   3.1860352e+01
   1.1101020e+06   3.0517578e+01
   1.1103500e+06   3.0700684e+01
   1.1121370e+06   2.9296875e+01
   1.1140910e+06   2.7648926e+01
   1.1144240e+06   3.1738281e+01
   1.1148100e+06   3.5217285e+01
   1.1150200e+06   2.7709961e+01
   1.1150910e+06   3.0944824e+01
   1.1168380e+06   1.5197754e+01
   1.1184880e+06   2.7954102e+01
   1.1190400e+06   2.8808594e+01
   1.1192890e+06   4.3518066e+01
   1.1215520e+06   3.1982422e+01
   1.1232110e+06   3.0944824e+01
   1.1244730e+06   3.2470703e+01
   1.1245070e+06   3.3813477e+01
   1.1245470e+06   2.7099609e+01
   1.1245610e+06   2.8137207e+01
   1.1245820e+06   2.2583008e+01
   1.1246260e+06   2.6733398e+01
   1.1246460e+06   2.8503418e+01
   1.1246640e+06   1.7639160e+01
   1.1279130e+06   1.5747070e+01
   1.1285620e+06   2.7343750e+01
   1.1302120e+06   2.6916504e+01
   1.1304480e+06   3.0273438e+01
   1.1307850e+06   3.1738281e+01
   1.1311200e+06   2.9174805e+01
   1.1312980e+06   2.7648926e+01
   1.1314150e+06   2.0690918e+01
   1.1314710e+06   1.7333984e+01
   1.1315480e+06   2.7893066e+01
   1.1322820e+06   3.0822754e+01
   1.1325820e+06   3.5095215e+01
   1.1327740e+06   2.7404785e+01
   1.1333440e+06   2.4414062e+01
   1.1343340e+06   2.2644043e+01
   1.1344290e+06   3.1738281e+01
   1.1348110e+06   3.8513184e+01
   1.1348380e+06   3.2043457e+01
   1.1354290e+06   2.9785156e+01
   1.1354430e+06   2.0935059e+01
   1.1357960e+06   3.8940430e+01
   1.1358380e+06   3.0456543e+01
   1.1358770e+06   2.8076172e+01
   1.1358980e+06   3.1372070e+01
   1.1359310e+06   3.1188965e+01
   1.1360040e+06   2.9357910e+01
   1.1404790e+06   2.9846191e+01
   1.1422420e+06   2.8686523e+01
   1.1442370e+06   2.7832031e+01
   1.1448770e+06   1.6174316e+01
   1.1469460e+06   3.1494141e+01
   1.1470760e+06   2.7832031e+01
   1.1475230e+06   1.5380859e+01
   1.1476020e+06   2.0324707e+01
   1.1476170e+06   3.1250000e+01
   1.1539670e+06   3.3203125e+01
   1.1566420e+06   3.0761719e+01
   1.1585230e+06   1.5563965e+01
   1.1600370e+06   3.7658691e+01
   1.1601250e+06   3.0273438e+01
   1.1603770e+06   3.2043457e+01
   1.1607020e+06   2.4780273e+01
   1.1613330e+06   2.6367188e+01
   1.1624740e+06   3.3325195e+01
   1.1631980e+06   2.9602051e+01
   1.1633280e+06   3.3508301e+01
   1.1636930e+06   2.5390625e+01
   1.1682460e+06   2.9479980e+01
   1.1702660e+06   1.7089844e+01
   1.1739450e+06   3.0456543e+01
   1.1760670e+06   2.7587891e+01
   1.1779670e+06   1.5380859e+01
   1.1817110e+06   2.8686523e+01
   1.1825600e+06   2.5695801e+01
   1.1854500e+06   3.2470703e+01
   1.1870630e+06   2.7465820e+01
   1.1889380e+06   1.7822266e+01
   1.1898320e+06   1.5502930e+01
   1.1904410e+06   1.5747070e+01
   1.1908060e+06   3.7658691e+01
   1.1908190e+06   3.4729004e+01
   1.1973830e+06   2.7038574e+01
   1.1994480e+06   3.4851074e+01
   1.2012380e+06   3.0883789e+01
   1.2036010e+06   1.6540527e+01
   1.2070090e+06   3.1066895e+01
   1.2086550e+06   2.7587891e+01
   1.2111120e+06   2.9663086e+01
   1.2139790e+06   1.8249512e+01
   1.2177780e+06   2.9968262e+01
   1.2191720e+06   3.9001465e+01
   1.2205050e+06   1.6174316e+01
   1.2208840e+06   2.5329590e+01
   1.2268510e+06   3.2104492e+01
   1.2272880e+06   3.2775879e+01
   1.2310210e+06   3.1127930e+01
   1.2350980e+06   1.6296387e+01
   1.2393120e+06   3.3752441e+01
   1.2414550e+06   3.0456543e+01
   1.2415820e+06   3.3325195e+01
   1.2417540e+06   3.0883789e+01
   1.2419040e+06   2.9113770e+01
   1.2420470e+06   2.2949219e+01
   1.2423500e+06   2.3925781e+01
   1.2437560e+06   2.7770996e+01
   1.2441200e+06   2.9296875e+01
   1.2444250e+06   3.1250000e+01
   1.2452590e+06   2.7404785e+01
   1.2491870e+06   1.5197754e+01
   1.2543520e+06   3.2226562e+01
   1.2547590e+06   3.0517578e+01
   1.2549000e+06   3.0334473e+01
   1.2573340e+06   3.4301758e+01
   1.2580880e+06   2.8503418e+01
   1.2605620e+06   3.0761719e+01
   1.2622170e+06   1.5625000e+01
   1.2641270e+06   2.9785156e+01
   1.2644470e+06   3.1066895e+01
   1.2675820e+06   3.1372070e+01
   1.2699690e+06   2.6306152e+01
   1.2719780e+06   3.1127930e+01
   1.2723620e+06   3.3935547e+01
   1.2727430e+06   3.4729004e+01
   1.2728210e+06   4.0710449e+01
   1.2735010e+06   3.2958984e+01
   1.2742130e+06   2.9235840e+01
   1.2744490e+06   2.6794434e+01
   1.2777490e+06   3.1921387e+01
   1.2783060e+06   3.0212402e+01
   1.2786220e+06   2.6733398e+01
   1.2790880e+06   3.1921387e+01
   1.2793620e+06   2.9052734e+01
   1.2796550e+06   2.7526855e+01
   1.2800610e+06   3.0212402e+01
   1.2802710e+06   2.8320312e+01
   1.2865360e+06   1.6967773e+01
   1.2905490e+06   3.1311035e+01
   1.2931700e+06   3.2958984e+01
   1.2947020e+06   2.8747559e+01
   1.2987620e+06   2.8198242e+01
   1.3009430e+06   2.7282715e+01
   1.3030520e+06   2.7465820e+01
   1.3040840e+06   3.1982422e+01
   1.3048240e+06   3.0456543e+01
   1.3054490e+06   3.3691406e+01
   1.3057490e+06   4.1137695e+01
   1.3065640e+06   3.2104492e+01
   1.3097110e+06   2.7648926e+01
   1.3098470e+06   2.8198242e+01
   1.3101060e+06   3.0273438e+01
   1.3104880e+06   2.6733398e+01
   1.3106610e+06   2.7954102e+01
   1.3108630e+06   2.8686523e+01
   1.3110440e+06   2.9296875e+01
   1.3110920e+06   1.7333984e+01
   1.3111680e+06   1.9897461e+01
   1.3112090e+06   1.5930176e+01
   1.3112650e+06   2.5817871e+01
   1.3140820e+06   3.0151367e+01
   1.3165410e+06   1.6357422e+01
   1.3240620e+06   2.9113770e+01
   1.3276220e+06   3.4667969e+01
   1.3294510e+06   3.2714844e+01
   1.3297230e+06   2.6611328e+01
   1.3349960e+06   2.7832031e+01
   1.3376950e+06   3.2165527e+01
   1.3381730e+06   3.3874512e+01
   1.3383380e+06   2.9296875e+01
   1.3388840e+06   2.6489258e+01
   1.3394280e+06   2.9357910e+01
   1.3398990e+06   2.9418945e+01
   1.3405220e+06   3.2592773e+01
   1.3407200e+06   3.3630371e+01
   1.3411230e+06   3.1372070e+01
   1.3411900e+06   1.8371582e+01
   1.3412740e+06   2.8564453e+01
   1.3423200e+06   2.6245117e+01
   1.3429500e+06   2.9663086e+01
   1.3432810e+06   3.2287598e+01
   1.3434170e+06   2.8381348e+01
   1.3474400e+06   2.9418945e+01
   1.3495690e+06   1.5930176e+01
   1.3496130e+06   1.7395020e+01
   1.3496600e+06   1.7639160e+01
   1.3502480e+06   3.5949707e+01
   1.3512980e+06   2.7587891e+01
   1.3517160e+06   3.2592773e+01
   1.3523970e+06   2.9663086e+01
   1.3552440e+06   2.6977539e+01
   1.3569090e+06   2.6000977e+01
   1.3572110e+06   2.5451660e+01
   1.3577840e+06   3.1372070e+01
   1.3579550e+06   2.5451660e+01
   1.3584200e+06   3.2470703e+01
   1.3584500e+06   1.5747070e+01
   1.3638900e+06   2.8076172e+01
   1.3660790e+06   2.6855469e+01
   1.3686750e+06   2.9418945e+01
   1.3693130e+06   3.0151367e+01
   1.3696360e+06   2.8625488e+01
   1.3697830e+06   2.7954102e+01
   1.3703440e+06   2.6367188e+01
   1.3728740e+06   3.1616211e+01
   1.3734800e+06   3.2226562e+01
   1.3740160e+06   2.6672363e+01
   1.3742570e+06   3.3935547e+01
   1.3747350e+06   2.9846191e+01
   1.3749600e+06   2.6306152e+01
   1.3750850e+06   2.8564453e+01
   1.3756540e+06   3.2958984e+01
   1.3820890e+06   3.0517578e+01
   1.3825580e+06   3.2775879e+01
   1.3827380e+06   3.2287598e+01
   1.3833340e+06   3.1555176e+01
   1.3843320e+06   2.9357910e+01
   1.3844360e+06   2.9113770e+01
   1.3917580e+06   3.0822754e+01
   1.3922650e+06   2.7832031e+01
   1.3929710e+06   2.9968262e+01
   1.3931510e+06   2.8137207e+01
   1.3932480e+06   2.5451660e+01
   1.3933030e+06   3.3752441e+01
   1.3934640e+06   2.4536133e+01
   1.3935340e+06   2.3315430e+01
   1.3943480e+06   2.7404785e+01
   1.3944080e+06   3.0212402e+01
   1.3944520e+06   2.7343750e+01
   1.3944960e+06   2.6123047e+01
   1.3947260e+06   2.7587891e+01
   1.3947790e+06   2.2033691e+01
   1.3948480e+06   3.0151367e+01
   1.3951000e+06   3.0517578e+01
   1.3951490e+06   2.8198242e+01
   1.3952270e+06   2.3681641e+01
   1.3953100e+06   3.0395508e+01
   1.3953920e+06   2.1728516e+01
   1.3954970e+06   2.8442383e+01
   1.3955920e+06   2.9479980e+01
   1.3957360e+06   2.2949219e+01
   1.3961180e+06   2.8564453e+01
   1.3963420e+06   2.9541016e+01
   1.4027090e+06   2.5695801e+01
   1.4046780e+06   3.0090332e+01
   1.4051690e+06   2.7343750e+01
   1.4053080e+06   2.9479980e+01
   1.4056900e+06   2.8808594e+01
   1.4057530e+06   2.3437500e+01
   1.4057680e+06   3.1127930e+01
   1.4057880e+06   2.1057129e+01
   1.4059000e+06   2.8503418e+01
   1.4066520e+06   3.0761719e+01
   1.4111860e+06   3.2775879e+01
   1.4130620e+06   3.1982422e+01
   1.4136270e+06   3.1555176e+01
   1.4150180e+06   3.2104492e+01
   1.4157940e+06   3.1677246e+01
   1.4159300e+06   2.8808594e+01
   1.4167210e+06   2.9479980e+01
   1.4170380e+06   3.2714844e+01
   1.4172530e+06   2.7648926e+01
   1.4185900e+06   2.6489258e+01
   1.4188210e+06   2.9602051e+01
   1.4192180e+06   3.0456543e+01
   1.4193990e+06   2.7648926e+01
   1.4196110e+06   2.3742676e+01
   1.4208910e+06   3.2836914e+01
   1.4211200e+06   2.6672363e+01
   1.4212960e+06   3.1250000e+01
   1.4221750e+06   2.7282715e+01
   1.4228700e+06   2.8259277e+01
   1.4236570e+06   2.9357910e+01
   1.4241540e+06   2.9724121e+01
   1.4248000e+06   2.9724121e+01
   1.4259010e+06   2.8503418e+01
   1.4268670e+06   3.2165527e+01
   1.4332380e+06   2.8625488e+01
   1.4347060e+06   3.1555176e+01
   1.4351890e+06   3.1860352e+01
   1.4388090e+06   3.0212402e+01
   1.4398950e+06   2.7099609e+01
   1.4452320e+06   3.0761719e+01
   1.4472710e+06   3.1616211e+01
   1.4491620e+06   3.0822754e+01
   1.4501930e+06   3.4729004e+01
   1.4505780e+06   3.2653809e+01
   1.4544660e+06   2.6855469e+01
   1.4567660e+06   3.1372070e+01
   1.4582550e+06   2.6672363e+01
   1.4586310e+06   2.9724121e+01
   1.4593330e+06   2.7893066e+01
   1.4621440e+06   1.6052246e+01
   1.4623100e+06   3.1799316e+01
   1.4623400e+06   4.6325684e+01
   1.4623500e+06   3.0761719e+01
   1.4686930e+06   3.3813477e+01
   1.4688340e+06   1.5075684e+01
   1.4715230e+06   1.5075684e+01
   1.4729870e+06   1.6235352e+01
   1.4730710e+06   1.6479492e+01
   1.4768710e+06   2.9968262e+01
   1.4807400e+06   3.2714844e+01
   1.4826980e+06   2.8686523e+01
   1.4827780e+06   3.7780762e+01
   1.4828000e+06   3.1005859e+01
   1.4834180e+06   2.8259277e+01
   1.4836070e+06   3.6193848e+01
   1.4836260e+06   2.7526855e+01
   1.4869980e+06   2.6062012e+01
   1.4891430e+06   2.7587891e+01
   1.4961040e+06   2.8808594e+01
   1.4975510e+06   3.0700684e+01
   1.4990490e+06   3.0639648e+01
   1.4992060e+06   3.1311035e+01
   1.4997600e+06   2.4414062e+01
   1.4999710e+06   3.4973145e+01
   1.5023400e+06   2.8930664e+01
   1.5027220e+06   2.6245117e+01
   1.5029900e+06   3.0578613e+01
   1.5037000e+06   2.7404785e+01
   1.5040120e+06   3.3508301e+01
   1.5042100e+06   2.7160645e+01
   1.5044190e+06   2.5878906e+01
   1.5052000e+06   2.9357910e+01
   1.5053630e+06   2.8442383e+01
   1.5056160e+06   2.8076172e+01
   1.5062970e+06   3.1677246e+01
   1.5098980e+06   3.1188965e+01
   1.5102320e+06   3.0761719e+01
   1.5120130e+06   2.9296875e+01
   1.5121340e+06   3.2348633e+01
   1.5123780e+06   2.8320312e+01
   1.5127290e+06   2.6550293e+01
   1.5128270e+06   2.8808594e+01
   1.5129580e+06   2.9968262e+01
   1.5132060e+06   2.9846191e+01
   1.5136580e+06   3.2592773e+01
   1.5137830e+06   2.7648926e+01
   1.5142240e+06   3.4912109e+01
   1.5143670e+06   3.1494141e+01
   1.5147690e+06   2.7404785e+01
   1.5153770e+06   2.6794434e+01
   1.5158020e+06   2.6367188e+01
   1.5162860e+06   2.8991699e+01
   1.5163530e+06   3.1738281e+01
   1.5165190e+06   3.1127930e+01
   1.5166950e+06   2.5451660e+01
   1.5167560e+06   2.9479980e+01
   1.5169240e+06   2.7709961e+01
   1.5170920e+06   2.5634766e+01
   1.5171730e+06   2.8625488e+01
   1.5174290e+06   2.4902344e+01
   1.5177050e+06   2.5085449e+01
   1.5178790e+06   2.3986816e+01
   1.5180580e+06   2.5268555e+01
   1.5182330e+06   2.5146484e+01
   1.5184870e+06   2.8808594e+01
   1.5185860e+06   2.5756836e+01
   1.5187700e+06   2.5634766e+01
   1.5189400e+06   2.8503418e+01
   1.5192630e+06   2.5024414e+01
   1.5201030e+06   2.8015137e+01
   1.5204650e+06   2.4963379e+01
   1.5252620e+06   3.2287598e+01
   1.5255490e+06   3.1005859e+01
   1.5259200e+06   2.9418945e+01
   1.5278140e+06   2.7954102e+01
   1.5286170e+06   2.7770996e+01
   1.5304310e+06   2.7526855e+01
   1.5311550e+06   3.0944824e+01
   1.5327040e+06   2.4902344e+01
   1.5331940e+06   2.9052734e+01
   1.5336480e+06   3.0761719e+01
   1.5340010e+06   3.0822754e+01
   1.5352800e+06   1.5686035e+01
   1.5354030e+06   3.1921387e+01
   1.5356670e+06   2.7709961e+01
   1.5358940e+06   2.6733398e+01
   1.5360180e+06   3.0822754e+01
   1.5361370e+06   2.9541016e+01
   1.5362250e+06   2.6794434e+01
   1.5363640e+06   2.8015137e+01
   1.5364610e+06   3.1738281e+01
   1.5366020e+06   2.4902344e+01
   1.5368120e+06   3.0334473e+01
   1.5372660e+06   2.8503418e+01
   1.5374650e+06   3.0151367e+01
   1.5380540e+06   2.7282715e+01
   1.5386580e+06   2.6489258e+01
   1.5412850e+06   3.4790039e+01
   1.5414830e+06   3.1311035e+01
   1.5416630e+06   2.7648926e+01
   1.5423340e+06   2.9724121e+01
   1.5446450e+06   2.7282715e+01
   1.5447850e+06   2.8015137e+01
   1.5448700e+06   2.8442383e+01
   1.5455880e+06   2.4780273e+01
   1.5457760e+06   2.7282715e+01
   1.5459340e+06   3.2653809e+01
   1.5461280e+06   2.7221680e+01
   1.5462920e+06   2.6062012e+01
   1.5464350e+06   2.9296875e+01
   1.5466950e+06   2.9846191e+01
   1.5470020e+06   2.8076172e+01
   1.5472330e+06   2.7038574e+01
   1.5473840e+06   2.6062012e+01
   1.5478990e+06   3.1005859e+01
   1.5486530e+06   1.5136719e+01
   1.5490130e+06   1.5319824e+01
   1.5640290e+06   3.0273438e+01
   1.5655750e+06   2.9174805e+01
   1.5669820e+06   2.9174805e+01
   1.5673840e+06   2.9296875e+01
   1.5680510e+06   3.1372070e+01
   1.5699560e+06   2.8198242e+01
   1.5702560e+06   2.7404785e+01
   1.5706110e+06   3.1799316e+01
   1.5706300e+06   1.8432617e+01
   1.5706660e+06   2.7709961e+01
   1.5710080e+06   2.8259277e+01
   1.5710440e+06   1.8676758e+01
   1.5710550e+06   2.8625488e+01
   1.5730600e+06   3.1250000e+01
   1.5740100e+06   3.0578613e+01
   1.5744760e+06   2.5939941e+01
   1.5752340e+06   2.8930664e+01
   1.5753380e+06   2.9479980e+01
   1.5758870e+06   2.6977539e+01
   1.5763060e+06   2.6489258e+01
   1.5766820e+06   3.3752441e+01
   1.5770200e+06   3.2409668e+01
   1.5773180e+06   2.3010254e+01
   1.5775300e+06   2.9968262e+01
   1.5776130e+06   3.3874512e+01
   1.5782310e+06   3.2470703e+01
   1.5785250e+06   2.9724121e+01
   1.5794540e+06   2.8442383e+01
   1.5802800e+06   2.8320312e+01
   1.5803630e+06   3.1555176e+01
   1.5813270e+06   2.8198242e+01
   1.5814080e+06   2.8625488e+01
   1.5822010e+06   3.1677246e+01
   1.5828860e+06   3.2409668e+01
   1.5839210e+06   2.9968262e+01
   1.5852770e+06   3.8330078e+01
   1.5852950e+06   2.6123047e+01
   1.5853170e+06   3.5278320e+01
   1.5857950e+06   3.3264160e+01
   1.5858080e+06   2.7648926e+01
   1.5858280e+06   2.6062012e+01
   1.5858620e+06   3.1921387e+01
   1.5858770e+06   1.8005371e+01
   1.5859050e+06   2.4963379e+01
   1.5867160e+06   3.1738281e+01
   1.5867530e+06   3.6804199e+01
   1.5868030e+06   3.3447266e+01
   1.5868570e+06   2.8747559e+01
   1.5868770e+06   3.0578613e+01
   1.5868970e+06   2.1545410e+01
   1.5869210e+06   2.5451660e+01
   1.5869370e+06   1.9592285e+01
   1.5873350e+06   3.0395508e+01
   1.5873490e+06   2.4475098e+01
   1.5873860e+06   2.2766113e+01
   1.5874300e+06   2.1850586e+01
   1.5874440e+06   2.8869629e+01
   1.5874770e+06   1.6723633e+01
   1.5874960e+06   3.0090332e+01
   1.5876230e+06   2.6611328e+01
   1.5876400e+06   2.7526855e+01
   1.5876640e+06   1.5808105e+01
   1.5877130e+06   1.8615723e+01
   1.5877290e+06   2.1545410e+01
   1.5877870e+06   2.3193359e+01
   1.5878280e+06   1.6723633e+01
   1.5878570e+06   2.5451660e+01
   1.5879350e+06   2.2888184e+01
   1.5879530e+06   2.5329590e+01
   1.5880030e+06   1.8188477e+01
   1.5880680e+06   2.1423340e+01
   1.5880850e+06   2.1850586e+01
   1.5881270e+06   1.6662598e+01
   1.5882030e+06   2.6000977e+01
   1.5882600e+06   1.9104004e+01
   1.5883020e+06   3.2836914e+01
   1.5885110e+06   2.4719238e+01
   1.5885820e+06   2.3254395e+01
   1.5886300e+06   1.7028809e+01
   1.5887200e+06   2.3925781e+01
   1.5888360e+06   1.7944336e+01
   1.5888520e+06   2.1057129e+01
   1.5889470e+06   1.9653320e+01
   1.5889650e+06   2.7221680e+01
   1.5890650e+06   1.5686035e+01
   1.5890860e+06   2.7282715e+01
   1.5891740e+06   1.9653320e+01
   1.5891870e+06   3.1127930e+01
   1.5892720e+06   2.0935059e+01
   1.5893470e+06   1.5014648e+01
   1.5893730e+06   2.7404785e+01
   1.5894530e+06   1.9958496e+01
   1.5894710e+06   2.4353027e+01
   1.5895460e+06   1.5686035e+01
   1.5895690e+06   2.5329590e+01
   1.5897150e+06   2.7221680e+01
   1.5897880e+06   1.8371582e+01
   1.5898070e+06   2.4353027e+01
   1.5898750e+06   1.5136719e+01
   1.5899870e+06   2.4658203e+01
   1.5900730e+06   2.9479980e+01
   1.5902250e+06   1.6601562e+01
   1.5902610e+06   3.0395508e+01
   1.5903220e+06   1.5441895e+01
   1.5905070e+06   2.7587891e+01
   1.5906370e+06   2.3071289e+01
   1.5907230e+06   1.6845703e+01
   1.5908570e+06   2.6855469e+01
   1.5909260e+06   1.5441895e+01
   1.5910360e+06   2.6550293e+01
   1.5910990e+06   1.8493652e+01
   1.5912060e+06   2.1911621e+01
   1.5913680e+06   3.0151367e+01
   1.5916220e+06   2.6611328e+01
   1.5917910e+06   1.6418457e+01
   1.5918220e+06   3.3386230e+01
   1.5921130e+06   2.5024414e+01
   1.5967850e+06   3.2348633e+01
   1.5996020e+06   1.5014648e+01
   1.6060350e+06   1.5075684e+01
   1.6076760e+06   3.0456543e+01
   1.6078910e+06   2.9235840e+01
   1.6085210e+06   2.0507812e+01
   1.6085380e+06   3.0212402e+01
   1.6085850e+06   1.8432617e+01
   1.6086350e+06   1.5502930e+01
   1.6152030e+06   3.1188965e+01
   1.6169330e+06   2.9113770e+01
   1.6177310e+06   2.7404785e+01
   1.6189540e+06   3.0822754e+01
   1.6204080e+06   2.8869629e+01
   1.6223850e+06   3.5217285e+01
   1.6227430e+06   3.0700684e+01
   1.6228980e+06   2.7343750e+01
   1.6229910e+06   2.7893066e+01
   1.6230590e+06   2.8869629e+01
   1.6231520e+06   3.2592773e+01
   1.6232280e+06   3.1616211e+01
   1.6233740e+06   2.5634766e+01
   1.6234410e+06   2.6306152e+01
   1.6235040e+06   3.0639648e+01
   1.6235680e+06   2.7526855e+01
   1.6239110e+06   2.3437500e+01
   1.6240460e+06   2.8076172e+01
   1.6241700e+06   2.5024414e+01
   1.6243580e+06   2.4475098e+01
   1.6244510e+06   2.8503418e+01
   1.6246240e+06   2.3925781e+01
   1.6312590e+06   1.5869141e+01
   1.6365550e+06   1.6723633e+01
   1.6388150e+06   2.6550293e+01
   1.6404310e+06   2.6184082e+01
   1.6421070e+06   2.6672363e+01
   1.6423870e+06   2.9663086e+01
   1.6469150e+06   3.2104492e+01
   1.6487940e+06   3.3569336e+01
   1.6504080e+06   2.8198242e+01
   1.6530800e+06   2.6245117e+01
   1.6533270e+06   3.4484863e+01
   1.6535960e+06   2.9663086e+01
   1.6537940e+06   3.1311035e+01
   1.6544550e+06   2.8503418e+01
   1.6546470e+06   3.0212402e+01
   1.6588660e+06   3.5583496e+01
   1.6604020e+06   3.2104492e+01
   1.6605350e+06   2.8076172e+01
   1.6613900e+06   2.7832031e+01
   1.6614220e+06   3.1433105e+01
   1.6614380e+06   2.8991699e+01
   1.6614550e+06   2.4230957e+01
   1.6614970e+06   2.6123047e+01
   1.6619480e+06   2.6184082e+01
   1.6657290e+06   3.3264160e+01
   1.6665120e+06   3.1494141e+01
   1.6674130e+06   2.9235840e+01
   1.6679360e+06   2.4353027e+01
   1.6690300e+06   3.0395508e+01
   1.6717360e+06   2.7221680e+01
   1.6733170e+06   2.9418945e+01
   1.6744860e+06   2.9541016e+01
   1.6745080e+06   1.7639160e+01
   1.6753250e+06   3.1738281e+01
   1.6759590e+06   3.1188965e+01
   1.6766680e+06   3.2897949e+01
   1.6781200e+06   2.6550293e+01
   1.6792280e+06   2.6428223e+01
   1.6816520e+06   2.8015137e+01
   1.6839290e+06   3.0639648e+01
   1.6841530e+06   1.6906738e+01
   1.6841920e+06   1.6296387e+01
   1.6845540e+06   2.8503418e+01
   1.6847680e+06   2.8930664e+01
   1.6849070e+06   2.9846191e+01
   1.6876830e+06   3.6071777e+01
   1.6899380e+06   2.3925781e+01
   1.6908580e+06   2.8686523e+01
   1.6912080e+06   3.3508301e+01
   1.6915350e+06   3.0090332e+01
   1.6919390e+06   3.5095215e+01
   1.6920810e+06   3.1250000e+01
   1.6941700e+06   3.2653809e+01
   1.6957570e+06   3.4851074e+01
   1.6968680e+06   2.8015137e+01
   1.6972240e+06   2.6977539e+01
   1.6976920e+06   3.1311035e+01
   1.6979480e+06   2.2644043e+01
   1.6980060e+06   4.0222168e+01
   1.6984280e+06   2.8503418e+01
   1.6988390e+06   2.9602051e+01
   1.6989470e+06   2.9968262e+01
   1.6992350e+06   2.8198242e+01
   1.7001190e+06   3.1372070e+01
   1.7002250e+06   2.5085449e+01
   1.7003230e+06   2.6428223e+01
   1.7005150e+06   2.3193359e+01
   1.7010560e+06   2.9357910e+01
   1.7014400e+06   2.5573730e+01
   1.7015660e+06   2.8320312e+01
   1.7018400e+06   2.5512695e+01
   1.7021020e+06   2.6672363e+01
   1.7022370e+06   2.9602051e+01
   1.7024950e+06   2.5451660e+01
   1.7026840e+06   3.1555176e+01
   1.7030450e+06   2.3559570e+01
   1.7051670e+06   2.8930664e+01
   1.7076680e+06   3.1982422e+01
   1.7083200e+06   3.2714844e+01
   1.7123580e+06   3.1799316e+01
   1.7125680e+06   2.6916504e+01
   1.7127490e+06   2.8442383e+01
   1.7129790e+06   2.9968262e+01
   1.7132720e+06   2.5939941e+01
   1.7137280e+06   3.2592773e+01
   1.7138000e+06   2.7770996e+01
   1.7139770e+06   3.3386230e+01
   1.7146420e+06   3.3386230e+01
   1.7147570e+06   3.1188965e+01
   1.7148630e+06   2.3864746e+01
   1.7154880e+06   3.3752441e+01
   1.7155040e+06   1.9592285e+01
   1.7155310e+06   3.5888672e+01
   1.7196190e+06   2.8259277e+01
   1.7226250e+06   3.1555176e+01
   1.7242430e+06   1.6235352e+01
   1.7245830e+06   1.5502930e+01
   1.7317010e+06   3.4912109e+01
   1.7330390e+06   2.6733398e+01
   1.7350030e+06   3.2409668e+01
   1.7374180e+06   1.8127441e+01
   1.7375050e+06   1.5563965e+01
   1.7383460e+06   1.8371582e+01
   1.7425000e+06   3.2226562e+01
   1.7441960e+06   3.3142090e+01
   1.7455480e+06   2.9052734e+01
   1.7470900e+06   3.1616211e+01
   1.7496210e+06   1.5747070e+01
   1.7510570e+06   3.0761719e+01
   1.7517590e+06   3.1555176e+01
   1.7519570e+06   2.8381348e+01
   1.7521670e+06   3.0944824e+01
   1.7524600e+06   2.8381348e+01
   1.7527150e+06   2.9357910e+01
   1.7529320e+06   3.2348633e+01
   1.7537010e+06   2.7465820e+01
   1.7539780e+06   2.6367188e+01
   1.7541650e+06   2.7465820e+01
   1.7544510e+06   2.9113770e+01
   1.7548230e+06   2.6000977e+01
   1.7550560e+06   3.0578613e+01
   1.7559350e+06   3.2104492e+01
   1.7562070e+06   2.7893066e+01
   1.7563050e+06   3.1555176e+01
   1.7567410e+06   2.3193359e+01
   1.7568750e+06   2.9907227e+01
   1.7570780e+06   2.6306152e+01
   1.7572950e+06   2.5573730e+01
   1.7575440e+06   2.8259277e+01
   1.7576260e+06   2.8808594e+01
   1.7590610e+06   3.2470703e+01
   1.7592550e+06   2.6733398e+01
   1.7596580e+06   3.0273437e+01
   1.7604720e+06   2.3437500e+01
   1.7606690e+06   3.0395508e+01
   1.7607930e+06   2.8076172e+01
   1.7610760e+06   3.0578613e+01
   1.7612310e+06   2.6550293e+01
   1.7616750e+06   3.0212402e+01
   1.7617570e+06   2.7038574e+01
   1.7622150e+06   3.0578613e+01
   1.7623490e+06   2.5756836e+01
   1.7626510e+06   3.2043457e+01
   1.7627520e+06   2.6794434e+01
   1.7634370e+06   2.6062012e+01
   1.7650400e+06   3.2287598e+01
   1.7651400e+06   2.9785156e+01
   1.7653280e+06   2.8808594e+01
   1.7654160e+06   2.8320312e+01
   1.7666410e+06   2.9357910e+01
   1.7667710e+06   3.0395508e+01
   1.7679390e+06   1.6784668e+01
   1.7681760e+06   1.6174316e+01
   1.7683000e+06   1.9165039e+01
   1.7683210e+06   3.6193848e+01
   1.7683410e+06   8.3618164e+01
   1.7683900e+06   6.3293457e+01
   1.7684170e+06   6.0180664e+01
   1.7684640e+06   3.9123535e+01
   1.7696910e+06   3.0822754e+01
   1.7711420e+06   3.0822754e+01
   1.7726300e+06   2.7099609e+01
   1.7756880e+06   1.5869141e+01
   1.7760370e+06   1.5991211e+01
   1.7762070e+06   3.8024902e+01
   1.7766220e+06   2.7465820e+01
   1.7769150e+06   3.2653809e+01
   1.7790680e+06   2.8747559e+01
   1.7804230e+06   3.1921387e+01
   1.7808480e+06   3.1616211e+01
   1.7820370e+06   3.2165527e+01
   1.7824470e+06   2.9785156e+01
   1.7828240e+06   3.3325195e+01
   1.7829540e+06   3.5400391e+01
   1.7832540e+06   2.6733398e+01
   1.7834650e+06   3.1616211e+01
   1.7842560e+06   3.2836914e+01
   1.7844970e+06   1.8798828e+01
   1.7845320e+06   4.1992188e+01
   1.7885640e+06   3.3386230e+01
   1.7920110e+06   1.5258789e+01
   1.7981770e+06   3.1494141e+01
   1.7995850e+06   2.9602051e+01
   1.8040110e+06   3.2775879e+01
   1.8056990e+06   3.1372070e+01
   1.8071760e+06   3.1982422e+01
   1.8093100e+06   2.6672363e+01
   1.8138770e+06   3.2775879e+01
   1.8156610e+06   3.1311035e+01
   1.8168540e+06   2.5939941e+01
   1.8176700e+06   3.0517578e+01
   1.8183560e+06   2.7465820e+01
   1.8192550e+06   3.5522461e+01
   1.8197460e+06   3.2409668e+01
   1.8198910e+06   3.2531738e+01
   1.8207510e+06   3.1372070e+01
   1.8211330e+06   3.2043457e+01
   1.8213680e+06   3.0944824e+01
   1.8218870e+06   2.7587891e+01
   1.8226370e+06   3.4118652e+01
   1.8246450e+06   2.6245117e+01
   1.8258690e+06   3.2348633e+01
   1.8259120e+06   1.8981934e+01
   1.8259580e+06   2.2155762e+01
   1.8260110e+06   1.6174316e+01
   1.8260610e+06   3.0639648e+01
   1.8265590e+06   3.1982422e+01
   1.8272020e+06   2.7343750e+01
   1.8274070e+06   3.0029297e+01
   1.8276340e+06   2.9357910e+01
   1.8289830e+06   3.0212402e+01
   1.8294550e+06   2.9602051e+01
   1.8296610e+06   2.8747559e+01
   1.8302880e+06   2.7954102e+01
   1.8306290e+06   2.9846191e+01
   1.8308920e+06   2.1972656e+01
   1.8328810e+06   3.1555176e+01
   1.8330040e+06   2.8503418e+01
   1.8334160e+06   3.0639648e+01
   1.8337080e+06   2.6794434e+01
   1.8340150e+06   2.5146484e+01
   1.8341280e+06   3.1616211e+01
   1.8380620e+06   2.9785156e+01
   1.8394060e+06   3.4362793e+01
   1.8409360e+06   3.1616211e+01
   1.8428270e+06   2.6367188e+01
   1.8441120e+06   1.5869141e+01
   1.8481620e+06   2.9907227e+01
   1.8493080e+06   3.1494141e+01
   1.8505660e+06   3.1921387e+01
   1.8520330e+06   2.6428223e+01
   1.8581790e+06   2.4841309e+01
   1.8586530e+06   3.4606934e+01
   1.8592390e+06   2.8808594e+01
   1.8635340e+06   2.9174805e+01
   1.8653520e+06   2.6367188e+01
   1.8676060e+06   2.8564453e+01
   1.8688880e+06   2.7893066e+01
   1.8700300e+06   3.3630371e+01
   1.8706120e+06   3.3142090e+01
   1.8710230e+06   2.9235840e+01
   1.8713270e+06   3.1738281e+01
   1.8734040e+06   3.0456543e+01
   1.8773910e+06   1.5258789e+01
   1.8818120e+06   3.3691406e+01
   1.8836580e+06   3.2897949e+01
   1.8850200e+06   3.1860352e+01
   1.8872400e+06   3.0334473e+01
   1.8893450e+06   3.2348633e+01
   1.8915200e+06   3.0151367e+01
   1.8922490e+06   3.1799316e+01
   1.8931080e+06   3.4179688e+01
   1.8935010e+06   4.1931152e+01
   1.8939910e+06   3.3752441e+01
   1.8963400e+06   2.9968262e+01
   1.8980090e+06   3.7902832e+01
   1.8982380e+06   2.7221680e+01
   1.8999620e+06   3.2775879e+01
   1.9018810e+06   3.1677246e+01
   1.9026720e+06   2.5878906e+01
   1.9035380e+06   2.5634766e+01
   1.9038330e+06   3.3447266e+01
   1.9044000e+06   3.0517578e+01
   1.9051670e+06   3.0151367e+01
   1.9054690e+06   3.2653809e+01
   1.9064870e+06   3.0883789e+01
   1.9068590e+06   3.2653809e+01
   1.9070530e+06   2.8564453e+01
   1.9077320e+06   2.9479980e+01
   1.9079810e+06   2.6550293e+01
   1.9081270e+06   2.7648926e+01
   1.9082920e+06   2.2033691e+01
   1.9084420e+06   2.8808594e+01
   1.9087120e+06   2.5329590e+01
   1.9088340e+06   2.7832031e+01
   1.9089690e+06   2.6855469e+01
   1.9092050e+06   2.6062012e+01
   1.9093790e+06   2.7770996e+01
   1.9095690e+06   2.7160645e+01
   1.9102280e+06   2.7648926e+01
   1.9119790e+06   2.7221680e+01
   1.9126890e+06   2.7832031e+01
   1.9147490e+06   2.5756836e+01
   1.9165940e+06   3.0029297e+01
   1.9243180e+06   2.7343750e+01
   1.9243600e+06   1.5686035e+01
   1.9256690e+06   3.1188965e+01
   1.9289920e+06   3.0212402e+01
   1.9290610e+06   3.1433105e+01
   1.9292690e+06   2.6367188e+01
   1.9294060e+06   2.5207520e+01
   1.9295510e+06   2.7221680e+01
   1.9296720e+06   3.1005859e+01
   1.9299790e+06   2.9113770e+01
   1.9301480e+06   3.1555176e+01
   1.9303880e+06   2.9846191e+01
   1.9306270e+06   2.8808594e+01
   1.9309390e+06   2.9907227e+01
   1.9311570e+06   2.8564453e+01
   1.9345230e+06   2.6184082e+01
   1.9353910e+06   2.5451660e+01
   1.9371130e+06   2.8625488e+01
   1.9374970e+06   3.0395508e+01
   1.9418330e+06   2.8991699e+01
   1.9444810e+06   1.6052246e+01
   1.9467450e+06   3.6437988e+01
   1.9474660e+06   3.2165527e+01
   1.9484820e+06   3.0029297e+01
   1.9497540e+06   3.2409668e+01
   1.9499200e+06   2.9724121e+01
   1.9500600e+06   2.2521973e+01
   1.9502420e+06   3.1738281e+01
   1.9504530e+06   3.1616211e+01
   1.9505630e+06   3.0822754e+01
   1.9508480e+06   2.8564453e+01
   1.9510320e+06   2.7832031e+01
   1.9511410e+06   2.6367188e+01
   1.9513660e+06   2.6306152e+01
   1.9514700e+06   2.5268555e+01
   1.9517720e+06   2.1789551e+01
   1.9518080e+06   1.7761230e+01
   1.9519260e+06   2.7832031e+01
   1.9520390e+06   1.8310547e+01
   1.9520920e+06   3.0517578e+01
   1.9522210e+06   2.5146484e+01
   1.9533160e+06   2.8930664e+01
   1.9535250e+06   2.9846191e+01
   1.9545450e+06   3.3691406e+01
   1.9550250e+06   3.1677246e+01
   1.9594890e+06   3.0395508e+01
   1.9609140e+06   2.7526855e+01
   1.9617380e+06   2.4597168e+01
   1.9627070e+06   2.9235840e+01
   1.9633700e+06   3.1433105e+01
   1.9653210e+06   3.3752441e+01
   1.9672050e+06   3.0151367e+01
   1.9672870e+06   2.8625488e+01
   1.9699370e+06   3.2653809e+01
   1.9701720e+06   2.4658203e+01
   1.9715180e+06   3.5217285e+01
   1.9732710e+06   2.9785156e+01
   1.9750560e+06   3.3325195e+01
   1.9759810e+06   1.6418457e+01
   1.9771350e+06   2.8015137e+01
   1.9773220e+06   3.4606934e+01
   1.9776360e+06   3.0517578e+01
   1.9779470e+06   2.6428223e+01
   1.9785110e+06   2.5024414e+01
   1.9789180e+06   3.1982422e+01
   1.9790490e+06   3.0944824e+01
   1.9819170e+06   2.7221680e+01
   1.9834130e+06   3.1555176e+01
   1.9853600e+06   3.1433105e+01
   1.9855530e+06   2.7587891e+01
   1.9857090e+06   2.5451660e+01
   1.9860550e+06   2.6977539e+01
   1.9863850e+06   2.4597168e+01
   1.9864090e+06   2.2583008e+01
   1.9865120e+06   1.8920898e+01
   1.9865470e+06   1.6601562e+01
   1.9872080e+06   2.6489258e+01
   1.9874010e+06   2.9663086e+01
   1.9877070e+06   2.5634766e+01
   1.9878730e+06   3.0639648e+01
   1.9881650e+06   2.8259277e+01
   1.9882870e+06   2.8015137e+01
   1.9884460e+06   2.7709961e+01
   1.9886730e+06   2.6672363e+01
   1.9889670e+06   3.0578613e+01
   1.9893390e+06   2.7770996e+01
   1.9903320e+06   2.5756836e+01
   1.9908740e+06   2.8930664e+01
   1.9916050e+06   2.9113770e+01
   1.9921050e+06   2.8381348e+01
   1.9939820e+06   2.9785156e+01
   1.9944630e+06   2.8991699e+01
   1.9949520e+06   3.2043457e+01
   1.9953670e+06   3.3691406e+01
   1.9957680e+06   2.9907227e+01
   1.9961970e+06   2.8869629e+01
   1.9985270e+06   3.0517578e+01
   1.9990050e+06   3.2165527e+01
   2.0015420e+06   3.6010742e+01
   2.0023180e+06   3.2531738e+01
   2.0045080e+06   2.8747559e+01
   2.0045980e+06   2.8869629e+01
   2.0051080e+06   2.6855469e+01
   2.0066650e+06   3.4667969e+01
   2.0068200e+06   2.8808594e+01
   2.0071060e+06   3.1250000e+01
   2.0073070e+06   2.8198242e+01
   2.0095300e+06   3.1616211e+01
   2.0105220e+06   3.1921387e+01
   2.0107430e+06   2.9113770e+01
   2.0124560e+06   3.5827637e+01
   2.0133760e+06   2.5085449e+01
   2.0134700e+06   2.9602051e+01
   2.0135520e+06   3.0334473e+01
   2.0151040e+06   2.5024414e+01
   2.0153740e+06   2.7709961e+01
   2.0158130e+06   3.0273438e+01
   2.0162030e+06   2.9418945e+01
   2.0162620e+06   2.8991699e+01
   2.0203840e+06   2.8686523e+01
   2.0228630e+06   3.2409668e+01
   2.0240470e+06   2.7526855e+01
   2.0253420e+06   1.6296387e+01
   2.0279620e+06   2.9296875e+01
   2.0292300e+06   2.9296875e+01
   2.0306400e+06   3.7292480e+01
   2.0317900e+06   2.9235840e+01
   2.0326290e+06   3.2470703e+01
   2.0336810e+06   3.3203125e+01
   2.0339770e+06   2.8381348e+01
   2.0342040e+06   3.3142090e+01
   2.0343560e+06   1.6357422e+01
   2.0344230e+06   2.8076172e+01
   2.0373170e+06   3.0151367e+01
   2.0403430e+06   3.2775879e+01
   2.0405990e+06   3.1738281e+01
   2.0420150e+06   3.2531738e+01
   2.0426190e+06   2.8442383e+01
   2.0428720e+06   2.7648926e+01
   2.0432770e+06   3.0456543e+01
   2.0436530e+06   3.5583496e+01
   2.0442480e+06   3.1005859e+01
   2.0445770e+06   3.1372070e+01
   2.0447740e+06   2.9602051e+01
   2.0487020e+06   3.6560059e+01
   2.0493580e+06   3.3813477e+01
   2.0495260e+06   3.5156250e+01
   2.0499380e+06   2.8808594e+01
   2.0507170e+06   2.7770996e+01
   2.0531480e+06   3.1921387e+01
   2.0538980e+06   1.7395020e+01
   2.0548580e+06   3.1677246e+01
   2.0551750e+06   3.1127930e+01
   2.0560470e+06   3.3630371e+01
   2.0567550e+06   3.1799316e+01
   2.0569160e+06   2.6367188e+01
   2.0571650e+06   2.7832031e+01
   2.0575840e+06   3.0273438e+01
   2.0579110e+06   3.2592773e+01
   2.0592000e+06   2.6977539e+01
   2.0596880e+06   2.9052734e+01
   2.0598810e+06   2.6245117e+01
   2.0631010e+06   3.0822754e+01
   2.0642040e+06   3.1005859e+01
   2.0645610e+06   2.9174805e+01
   2.0652610e+06   2.5268555e+01
   2.0655200e+06   2.9602051e+01
   2.0657540e+06   3.1860352e+01
   2.0658670e+06   3.2470703e+01
   2.0662330e+06   2.7465820e+01
   2.0691760e+06   3.0273438e+01
   2.0700530e+06   3.1616211e+01
   2.0708430e+06   2.9846191e+01
   2.0711550e+06   2.7465820e+01
   2.0719780e+06   2.9602051e+01
   2.0729200e+06   3.1188965e+01
   2.0735950e+06   2.0446777e+01
   2.0750020e+06   2.8564453e+01
   2.0751410e+06   2.6428223e+01
   2.0752360e+06   3.3569336e+01
   2.0753640e+06   3.0456543e+01
   2.0754160e+06   1.5441895e+01
   2.0756700e+06   3.0456543e+01
   2.0760200e+06   2.9602051e+01
   2.0760970e+06   3.2653809e+01
   2.0769500e+06   3.3630371e+01
   2.0808780e+06   2.6855469e+01
   2.0837120e+06   3.1005859e+01
   2.0854730e+06   1.5808105e+01
   2.0883290e+06   1.5014648e+01
   2.0897430e+06   2.7526855e+01
   2.0899340e+06   1.7517090e+01
   2.0911730e+06   2.6733398e+01
   2.0924380e+06   3.0090332e+01
   2.0940060e+06   2.7587891e+01
   2.0944640e+06   3.5705566e+01
   2.0948510e+06   2.7832031e+01
   2.0950380e+06   3.3569336e+01
   2.0953580e+06   3.0517578e+01
   2.0956340e+06   3.3264160e+01
   2.0959570e+06   2.6306152e+01
   2.0961730e+06   2.4597168e+01
   2.0963000e+06   2.5939941e+01
   2.0966050e+06   3.0090332e+01
   2.0967920e+06   2.6611328e+01
   2.0971950e+06   2.9357910e+01
   2.0991140e+06   2.8625488e+01
   2.0994460e+06   3.2531738e+01
   2.1006420e+06   3.3020020e+01
   2.1013830e+06   2.8381348e+01
   2.1019760e+06   2.7954102e+01
   2.1041070e+06   3.0578613e+01
   2.1069880e+06   2.6123047e+01
   2.1075850e+06   2.7648926e+01
   2.1076790e+06   3.4973145e+01
   2.1078930e+06   2.5390625e+01
   2.1080370e+06   2.7343750e+01
   2.1081140e+06   2.9846191e+01
   2.1081960e+06   2.0690918e+01
   2.1084910e+06   2.9357910e+01
   2.1086210e+06   3.0700684e+01
   2.1088720e+06   3.0212402e+01
   2.1096040e+06   1.9348145e+01
   2.1097750e+06   2.6550293e+01
   2.1117720e+06   3.3325195e+01
   2.1119860e+06   3.2409668e+01
   2.1130630e+06   3.1127930e+01
   2.1132430e+06   2.7709961e+01
   2.1135290e+06   2.5085449e+01
   2.1140880e+06   3.0029297e+01
   2.1151450e+06   2.4230957e+01
   2.1154200e+06   2.8076172e+01
   2.1160180e+06   2.6489258e+01
   2.1171360e+06   2.9052734e+01
   2.1177640e+06   3.0151367e+01
   2.1184420e+06   2.8381348e+01
   2.1194700e+06   3.0883789e+01
   2.1201870e+06   3.1127930e+01
   2.1206550e+06   3.4667969e+01
   2.1229750e+06   3.1616211e+01
   2.1230050e+06   1.8615723e+01
   2.1234620e+06   2.6428223e+01
   2.1248210e+06   3.1005859e+01
   2.1250010e+06   3.5522461e+01
   2.1265070e+06   2.6550293e+01
   2.1271830e+06   2.6916504e+01
   2.1274200e+06   2.9663086e+01
   2.1275910e+06   2.9357910e+01
   2.1279880e+06   2.8259277e+01
   2.1289230e+06   2.6794434e+01
   2.1291400e+06   3.5827637e+01
   2.1299370e+06   2.9663086e+01
   2.1308050e+06   2.9357910e+01
   2.1322330e+06   3.1372070e+01
   2.1329100e+06   2.9479980e+01
   2.1338760e+06   2.7099609e+01
   2.1340300e+06   3.1555176e+01
   2.1341110e+06   2.9418945e+01
   2.1342040e+06   3.0517578e+01
   2.1342610e+06   2.3864746e+01
   2.1347880e+06   2.9479980e+01
   2.1348680e+06   2.8625488e+01
   2.1364270e+06   2.7099609e+01
   2.1366790e+06   2.8076172e+01
   2.1369000e+06   3.0639648e+01
   2.1370240e+06   2.6306152e+01
   2.1374300e+06   3.1188965e+01
   2.1377580e+06   2.6733398e+01
   2.1381270e+06   3.1738281e+01
   2.1382040e+06   2.5390625e+01
   2.1386230e+06   2.8442383e+01
   2.1392570e+06   2.4963379e+01
   2.1394610e+06   2.9968262e+01
   2.1397940e+06   2.6184082e+01
   2.1402980e+06   3.0090332e+01
   2.1407770e+06   2.5878906e+01
   2.1417440e+06   2.6184082e+01
   2.1422560e+06   3.0517578e+01
   2.1427280e+06   3.2714844e+01
   2.1434780e+06   3.1066895e+01
   2.1435770e+06   2.3254395e+01
   2.1442450e+06   2.5573730e+01
   2.1445850e+06   3.4484863e+01
   2.1453870e+06   2.9541016e+01
   2.1457530e+06   2.4475098e+01
   2.1459650e+06   3.2226562e+01
   2.1462940e+06   2.7099609e+01
   2.1463810e+06   2.6245117e+01
   2.1466070e+06   3.1372070e+01
   2.1466580e+06   3.3630371e+01
   2.1468760e+06   2.4597168e+01
   2.1471880e+06   2.9357910e+01
   2.1475650e+06   2.6000977e+01
   2.1477920e+06   2.6672363e+01
   2.1478600e+06   3.2470703e+01
   2.1481900e+06   2.8503418e+01
   2.1482940e+06   2.6733398e+01
   2.1483110e+06   1.7272949e+01
   2.1486630e+06   2.8259277e+01
   2.1527350e+06   2.9052734e+01
   2.1540050e+06   3.0639648e+01
   2.1547140e+06   2.2949219e+01
   2.1548740e+06   3.0395508e+01
   2.1563440e+06   3.4973145e+01
   2.1568350e+06   3.2165527e+01
   2.1569130e+06   1.5991211e+01
   2.1570230e+06   2.9541016e+01
   2.1574690e+06   3.4667969e+01
   2.1576070e+06   3.1372070e+01
   2.1576970e+06   2.2949219e+01
   2.1577960e+06   2.3254395e+01
   2.1583200e+06   3.1433105e+01
   2.1585380e+06   3.6193848e+01
   2.1586030e+06   2.9541016e+01
   2.1586820e+06   2.4414062e+01
   2.1594370e+06   3.1921387e+01
   2.1599220e+06   3.0700684e+01
   2.1600210e+06   3.0029297e+01
   2.1601990e+06   2.4414062e+01
   2.1603080e+06   2.3010254e+01
   2.1606370e+06   2.6184082e+01
   2.1608550e+06   2.9846191e+01
   2.1609870e+06   2.6062012e+01
   2.1612270e+06   2.6550293e+01
   2.1616410e+06   2.8442383e+01
   2.1617910e+06   2.8564453e+01
   2.1619790e+06   2.3010254e+01
   2.1622820e+06   2.6428223e+01
   2.1625290e+06   2.7648926e+01
   2.1629190e+06   2.6733398e+01
   2.1630320e+06   2.8808594e+01
   2.1637260e+06   3.0517578e+01
   2.1650290e+06   2.9663086e+01
   2.1655770e+06   3.0883789e+01
   2.1659240e+06   3.0334473e+01
   2.1660470e+06   3.0273438e+01
   2.1665730e+06   3.2592773e+01
   2.1666600e+06   2.7526855e+01
   2.1668710e+06   2.3864746e+01
   2.1671510e+06   2.5695801e+01
   2.1693610e+06   2.8015137e+01
   2.1697750e+06   3.0212402e+01
   2.1698370e+06   3.0151367e+01
   2.1701120e+06   2.9846191e+01
   2.1702910e+06   2.6733398e+01
   2.1706600e+06   3.3020020e+01
   2.1745190e+06   3.1860352e+01
   2.1761550e+06   2.7221680e+01
   2.1767050e+06   2.5634766e+01
   2.1771000e+06   1.7089844e+01
   2.1771150e+06   3.0395508e+01
   2.1771470e+06   1.8249512e+01
   2.1771870e+06   1.6479492e+01
   2.1772270e+06   1.5808105e+01
   2.1772460e+06   3.8085938e+01
   2.1775830e+06   2.8442383e+01
   2.1790360e+06   2.8747559e+01
   2.1794890e+06   2.6489258e+01
   2.1797080e+06   2.4169922e+01
   2.1798630e+06   3.2653809e+01
   2.1829340e+06   2.4536133e+01
   2.1835860e+06   3.1738281e+01
   2.1838610e+06   3.0395508e+01
   2.1898880e+06   2.8320312e+01
   2.1900810e+06   3.3996582e+01
   2.1902990e+06   2.8808594e+01
   2.1904600e+06   2.9113770e+01
   2.1906370e+06   2.9968262e+01
   2.1908690e+06   3.1066895e+01
   2.1912280e+06   3.2165527e+01
   2.1913620e+06   2.9663086e+01
   2.1917490e+06   2.7160645e+01
   2.1919740e+06   3.0517578e+01
   2.1934430e+06   2.9357910e+01
   2.1960470e+06   3.1188965e+01
   2.1979670e+06   1.8554688e+01
   2.1992900e+06   1.6784668e+01
   2.2053130e+06   2.8259277e+01
   2.2064070e+06   2.5146484e+01
   2.2077020e+06   2.6733398e+01
   2.2091840e+06   2.8503418e+01
   2.2107570e+06   2.8259277e+01
   2.2139750e+06   3.0456543e+01
   2.2150690e+06   2.8625488e+01
   2.2166490e+06   2.7221680e+01
   2.2179350e+06   3.3447266e+01
   2.2194340e+06   2.6306152e+01
   2.2223040e+06   3.0456543e+01
   2.2236190e+06   2.8198242e+01
   2.2253410e+06   3.3996582e+01
   2.2258070e+06   3.1738281e+01
   2.2259670e+06   2.7404785e+01
   2.2271300e+06   2.6672363e+01
   2.2278590e+06   2.8564453e+01
   2.2283110e+06   3.0700684e+01
   2.2285820e+06   2.8747559e+01
   2.2301080e+06   3.1066895e+01
   2.2313260e+06   2.6733398e+01
   2.2314860e+06   3.0151367e+01
   2.2320370e+06   3.2531738e+01
   2.2322320e+06   3.0517578e+01
   2.2333560e+06   2.9174805e+01
   2.2357870e+06   2.9052734e+01
   2.2366110e+06   3.0334473e+01
   2.2370930e+06   3.3081055e+01
   2.2376660e+06   2.6794434e+01
   2.2385660e+06   3.2165527e+01
   2.2426360e+06   1.5502930e+01
   2.2429590e+06   3.0883789e+01
   2.2444300e+06   2.6184082e+01
   2.2460640e+06   3.3264160e+01
   2.2474080e+06   3.5156250e+01
   2.2478420e+06   3.0334473e+01
   2.2480950e+06   3.0822754e+01
   2.2481970e+06   1.6540527e+01
   2.2482340e+06   1.7517090e+01
   2.2482890e+06   1.9348145e+01
   2.2484380e+06   2.6489258e+01
   2.2489000e+06   3.0639648e+01
   2.2491130e+06   3.2226562e+01
   2.2493140e+06   2.6550293e+01
   2.2495430e+06   2.9846191e+01
   2.2497200e+06   3.0517578e+01
   2.2518770e+06   2.7709961e+01
   2.2524200e+06   3.2348633e+01
   2.2538180e+06   2.2949219e+01
   2.2550030e+06   3.2409668e+01
   2.2563330e+06   2.8991699e+01
   2.2565000e+06   2.6672363e+01
   2.2595490e+06   2.9479980e+01
   2.2612930e+06   2.8442383e+01
   2.2628270e+06   3.1066895e+01
   2.2655990e+06   3.2226562e+01
   2.2659980e+06   2.3986816e+01
   2.2665570e+06   2.4169922e+01
   2.2672000e+06   2.9724121e+01
   2.2673570e+06   2.8259277e+01
   2.2677370e+06   3.1860352e+01
   2.2681560e+06   3.4790039e+01
   2.2696820e+06   1.5319824e+01
   2.2710720e+06   3.2287598e+01
   2.2728140e+06   3.1616211e+01
   2.2728500e+06   2.0812988e+01
   2.2740530e+06   2.8686523e+01
   2.2744320e+06   3.3203125e+01
   2.2748160e+06   2.9052734e+01
   2.2752220e+06   3.1372070e+01
   2.2769430e+06   3.1433105e+01
   2.2775170e+06   3.3508301e+01
   2.2790490e+06   1.6967773e+01
   2.2791000e+06   1.7761230e+01
   2.2791830e+06   3.2714844e+01
   2.2798120e+06   3.3325195e+01
   2.2801390e+06   3.2470703e+01
   2.2807310e+06   2.9724121e+01
   2.2810520e+06   3.0944824e+01
   2.2814290e+06   3.2470703e+01
   2.2816630e+06   2.6733398e+01
   2.2816940e+06   2.1362305e+01
   2.2817510e+06   2.8930664e+01
   2.2822110e+06   2.7465820e+01
   2.2824350e+06   2.1789551e+01
   2.2826470e+06   2.4047852e+01
   2.2831360e+06   2.9296875e+01
   2.2834410e+06   2.9052734e+01
   2.2836880e+06   3.1555176e+01
   2.2839940e+06   3.2104492e+01
   2.2844080e+06   3.6804199e+01
   2.2844260e+06   2.8320312e+01
   2.2844520e+06   3.6926270e+01
   2.2844910e+06   2.7832031e+01
   2.2846000e+06   3.4362793e+01
   2.2846210e+06   3.0517578e+01
   2.2853100e+06   3.0761719e+01
   2.2862960e+06   2.9663086e+01
   2.2867680e+06   2.8320312e+01
   2.2869810e+06   2.8076172e+01
   2.2882860e+06   3.1433105e+01
   2.2887050e+06   2.8930664e+01
   2.2892020e+06   3.1494141e+01
   2.2914850e+06   2.8564453e+01
   2.2919150e+06   2.9907227e+01
   2.2925810e+06   3.0700684e+01
   2.2927910e+06   2.8076172e+01
   2.2937240e+06   3.1250000e+01
   2.2939900e+06   2.9235840e+01
   2.2942710e+06   2.8442383e+01
   2.2956250e+06   2.8320312e+01
   2.2959590e+06   3.0944824e+01
   2.2959990e+06   1.8371582e+01
   2.2960360e+06   1.9348145e+01
   2.2960910e+06   1.5014648e+01
   2.2961260e+06   2.4658203e+01
   2.2963280e+06   2.7587891e+01
   2.2963560e+06   1.7333984e+01
   2.2967050e+06   2.0690918e+01
   2.2968570e+06   3.1982422e+01
   2.2971460e+06   2.8381348e+01
   2.2973470e+06   2.2705078e+01
   2.2978170e+06   2.7343750e+01
   2.2982200e+06   2.8991699e+01
   2.2984850e+06   2.6428223e+01
   2.2997720e+06   4.0344238e+01
   2.2998250e+06   5.5175781e+01
   2.3039020e+06   2.9235840e+01
   2.3057520e+06   3.0639648e+01
   2.3084070e+06   3.4118652e+01
   2.3096330e+06   3.1799316e+01
   2.3104670e+06   3.3874512e+01
   2.3109140e+06   3.3569336e+01
   2.3111720e+06   3.0029297e+01
   2.3116770e+06   3.1677246e+01
   2.3119210e+06   3.4057617e+01
   2.3125920e+06   2.9052734e+01
   2.3128140e+06   3.0639648e+01
   2.3141290e+06   3.0090332e+01
   2.3153870e+06   2.6977539e+01
   2.3166170e+06   3.0822754e+01
   2.3171390e+06   2.9663086e+01
   2.3175480e+06   3.1555176e+01
   2.3178160e+06   2.9357910e+01
   2.3179130e+06   3.4484863e+01
   2.3181770e+06   2.5817871e+01
   2.3187120e+06   2.8442383e+01
   2.3187880e+06   2.6794434e+01
   2.3189260e+06   2.8137207e+01
   2.3190100e+06   3.2226562e+01
   2.3190620e+06   2.5390625e+01
   2.3200780e+06   3.1860352e+01
   2.3202340e+06   2.8564453e+01
   2.3210340e+06   2.7526855e+01
   2.3211850e+06   2.5878906e+01
   2.3214070e+06   2.8808594e+01
   2.3219570e+06   3.0639648e+01
   2.3225890e+06   3.1433105e+01
   2.3226860e+06   1.5930176e+01
   2.3254620e+06   2.9663086e+01
   2.3277730e+06   2.9296875e+01
   2.3298970e+06   2.8686523e+01
   2.3311200e+06   2.6794434e+01
   2.3313350e+06   2.9541016e+01
   2.3316500e+06   3.1738281e+01
   2.3325900e+06   2.8808594e+01
   2.3338950e+06   2.8503418e+01
   2.3344120e+06   2.8747559e+01
   2.3354340e+06   2.7770996e+01
   2.3363120e+06   2.5878906e+01
   2.3365160e+06   2.5756836e+01
   2.3368140e+06   2.9663086e+01
   2.3369110e+06   2.0324707e+01
   2.3399310e+06   2.9602051e+01
   2.3402610e+06   2.6123047e+01
   2.3405120e+06   3.0883789e+01
   2.3408730e+06   2.7221680e+01
   2.3412630e+06   3.0578613e+01
   2.3441490e+06   2.4230957e+01
   2.3459030e+06   2.7648926e+01
   2.3494060e+06   2.9602051e+01
   2.3518530e+06   2.9052734e+01
   2.3529290e+06   3.1921387e+01
   2.3541910e+06   3.0456543e+01
   2.3558200e+06   2.7099609e+01
   2.3566910e+06   2.5573730e+01
   2.3571080e+06   3.1982422e+01
   2.3573890e+06   3.0029297e+01
   2.3599980e+06   2.9418945e+01
   2.3609520e+06   3.0334473e+01
   2.3621360e+06   2.8869629e+01
   2.3635420e+06   3.4362793e+01
   2.3638230e+06   1.9165039e+01
   2.3638930e+06   2.5634766e+01
   2.3643080e+06   2.7648926e+01
   2.3644940e+06   2.9785156e+01
   2.3649130e+06   3.1860352e+01
   2.3676330e+06   3.1250000e+01
   2.3687100e+06   1.5502930e+01
   2.3688370e+06   2.9907227e+01
   2.3699830e+06   3.2287598e+01
   2.3718170e+06   3.3264160e+01
   2.3720260e+06   2.8442383e+01
   2.3723590e+06   2.6855469e+01
   2.3731300e+06   3.2714844e+01
   2.3740040e+06   2.3925781e+01
   2.3743420e+06   2.8930664e+01
   2.3747120e+06   3.0822754e+01
   2.3753230e+06   2.9357910e+01
   2.3755930e+06   3.6193848e+01
   2.3793080e+06   3.0700684e+01
   2.3797450e+06   2.7709961e+01
   2.3799920e+06   3.4423828e+01
   2.3800290e+06   1.8127441e+01
   2.3803400e+06   3.2226562e+01
   2.3838960e+06   3.0822754e+01
   2.3848420e+06   3.1555176e+01
   2.3865640e+06   3.0700684e+01
   2.3875110e+06   2.5939941e+01
   2.3877280e+06   3.1738281e+01
   2.3885940e+06   2.6245117e+01
   2.3891810e+06   2.5207520e+01
   2.3895030e+06   3.4790039e+01
   2.3910860e+06   3.3935547e+01
   2.3913210e+06   3.2043457e+01
   2.3916530e+06   3.1921387e+01
   2.3918560e+06   3.2104492e+01
   2.3923580e+06   2.8137207e+01
   2.3927740e+06   2.4963379e+01
   2.3939400e+06   3.1127930e+01
   2.3948030e+06   2.7770996e+01
   2.3951730e+06   2.3437500e+01
   2.3955770e+06   2.8625488e+01
   2.3962370e+06   2.9663086e+01
   2.3967980e+06   1.5136719e+01
   2.3982920e+06   2.6794434e+01
   2.4007740e+06   2.9846191e+01
   2.4019280e+06   2.8930664e+01
   2.4024730e+06   2.9479980e+01
   2.4041060e+06   3.0456543e+01
   2.4043590e+06   3.3142090e+01
   2.4049470e+06   3.3874512e+01
   2.4049960e+06   1.7822266e+01
   2.4050800e+06   2.5146484e+01
   2.4064420e+06   2.7526855e+01
   2.4067890e+06   2.9724121e+01
   2.4075260e+06   3.0395508e+01
   2.4078960e+06   2.8869629e+01
   2.4091310e+06   2.9174805e+01
   2.4134260e+06   3.2775879e+01
   2.4147470e+06   2.9296875e+01
   2.4160970e+06   2.8930664e+01
   2.4167980e+06   3.1982422e+01
   2.4174850e+06   3.3508301e+01
   2.4177900e+06   3.1066895e+01
   2.4182420e+06   2.6794434e+01
   2.4185350e+06   3.0395508e+01
   2.4193350e+06   3.2592773e+01
   2.4195540e+06   3.1311035e+01
   2.4199040e+06   3.2348633e+01
   2.4264610e+06   2.8625488e+01
   2.4290220e+06   3.1860352e+01
   2.4303300e+06   3.1066895e+01
   2.4305120e+06   2.4414062e+01
   2.4307900e+06   2.9418945e+01
   2.4310220e+06   1.5014648e+01
   2.4342510e+06   2.7832031e+01
   2.4357560e+06   3.2897949e+01
   2.4369620e+06   3.1372070e+01
   2.4382940e+06   2.5512695e+01
   2.4384050e+06   2.9968262e+01
   2.4437500e+06   2.9113770e+01
   2.4457950e+06   3.4301758e+01
   2.4468190e+06   3.3935547e+01
   2.4469600e+06   2.8869629e+01
   2.4507020e+06   3.1127930e+01
   2.4529960e+06   3.1372070e+01
   2.4581000e+06   2.7465820e+01
   2.4590900e+06   2.6916504e+01
   2.4603850e+06   2.3925781e+01
   2.4613500e+06   1.7272949e+01
   2.4615240e+06   1.8554688e+01
   2.4624910e+06   3.5705566e+01
   2.4627110e+06   2.7893066e+01
   2.4627920e+06   3.6376953e+01
   2.4645500e+06   3.3752441e+01
   2.4648310e+06   2.6672363e+01
   2.4651120e+06   2.9479980e+01
   2.4652180e+06   2.7648926e+01
   2.4660370e+06   2.8076172e+01
   2.4690190e+06   2.7099609e+01
   2.4701470e+06   3.2775879e+01
   2.4705950e+06   3.1555176e+01
   2.4710760e+06   2.9785156e+01
   2.4714340e+06   2.6367187e+01
   2.4716380e+06   3.0578613e+01
   2.4719080e+06   3.1372070e+01
   2.4722100e+06   2.9174805e+01
   2.4736150e+06   2.6367188e+01
   2.4738760e+06   2.9113770e+01
   2.4765970e+06   2.7709961e+01
   2.4784890e+06   2.8625488e+01
   2.4839670e+06   3.0639648e+01
   2.4850910e+06   2.9357910e+01
   2.4865170e+06   2.8808594e+01
   2.4874160e+06   3.2531738e+01
   2.4886220e+06   3.1555176e+01
   2.4890790e+06   3.3813477e+01
   2.4905830e+06   3.3142090e+01
   2.4920220e+06   1.5686035e+01
   2.4951370e+06   2.5634766e+01
   2.4963790e+06   2.6550293e+01
   2.4978790e+06   2.6367188e+01
   2.4999250e+06   3.0334473e+01
   2.5019490e+06   3.2470703e+01
   2.5033910e+06   3.1799316e+01
   2.5038430e+06   2.8747559e+01
   2.5043490e+06   2.8686523e+01
   2.5048460e+06   3.0578613e+01
   2.5052840e+06   2.6611328e+01
   2.5055110e+06   2.1057129e+01
   2.5055490e+06   1.6418457e+01
   2.5055990e+06   2.6184082e+01
   2.5056330e+06   1.5747070e+01
   2.5058990e+06   3.0883789e+01
   2.5066420e+06   2.6184082e+01
   2.5071480e+06   2.8015137e+01
   2.5074370e+06   2.4841309e+01
   2.5076150e+06   2.7038574e+01
   2.5077180e+06   2.4963379e+01
   2.5081990e+06   3.5278320e+01
   2.5085300e+06   3.2836914e+01
   2.5090170e+06   3.1555176e+01
   2.5091460e+06   2.8869629e+01
   2.5094730e+06   3.1127930e+01
   2.5095950e+06   3.0151367e+01
   2.5100170e+06   3.3142090e+01
   2.5101480e+06   2.6916504e+01
   2.5105400e+06   2.8930664e+01
   2.5106560e+06   2.4658203e+01
   2.5109770e+06   2.6550293e+01
   2.5112870e+06   3.0212402e+01
   2.5118900e+06   2.4230957e+01
   2.5119800e+06   3.2897949e+01
   2.5120920e+06   2.9479980e+01
   2.5121740e+06   2.9968262e+01
   2.5122700e+06   2.6000977e+01
   2.5123420e+06   2.6916504e+01
   2.5125280e+06   2.3498535e+01
   2.5126350e+06   2.7893066e+01
   2.5128450e+06   2.6123047e+01
   2.5131400e+06   2.6733398e+01
   2.5132290e+06   2.0935059e+01
   2.5132880e+06   2.0996094e+01
   2.5137600e+06   2.6062012e+01
   2.5140930e+06   2.5390625e+01
   2.5143600e+06   2.6184082e+01
   2.5144500e+06   2.8686523e+01
   2.5148950e+06   2.8930664e+01
   2.5158370e+06   3.0944824e+01
   2.5162670e+06   2.6611328e+01
   2.5178010e+06   2.9724121e+01
   2.5187640e+06   3.4667969e+01
   2.5188840e+06   3.3630371e+01
   2.5195780e+06   3.2592773e+01
   2.5200260e+06   2.5268555e+01
   2.5205290e+06   2.6123047e+01
   2.5208870e+06   2.6794434e+01
   2.5210720e+06   3.0395508e+01
   2.5211290e+06   1.7761230e+01
   2.5211410e+06   3.0212402e+01
   2.5246270e+06   2.3315430e+01
   2.5261240e+06   2.8930664e+01
   2.5292720e+06   1.6418457e+01
   2.5308630e+06   1.5197754e+01
   2.5337950e+06   2.9479980e+01
   2.5338650e+06   3.4912109e+01
   2.5361440e+06   2.6367188e+01
   2.5375860e+06   3.0334473e+01
   2.5388220e+06   2.7648926e+01
   2.5409220e+06   1.5563965e+01
   2.5446900e+06   3.0700684e+01
   2.5459990e+06   2.9357910e+01
   2.5476200e+06   2.8320312e+01
   2.5492760e+06   1.5686035e+01
   2.5501680e+06   1.5319824e+01
   2.5503400e+06   3.1127930e+01
   2.5505540e+06   2.9541016e+01
   2.5510060e+06   3.4179688e+01
   2.5510200e+06   1.6174316e+01
   2.5514080e+06   3.2409668e+01
   2.5516600e+06   3.1311035e+01
   2.5540310e+06   2.9968262e+01
   2.5559710e+06   3.1433105e+01
   2.5579390e+06   3.0090332e+01
   2.5580450e+06   3.1005859e+01
   2.5581820e+06   2.6611328e+01
   2.5586020e+06   3.1433105e+01
   2.5593930e+06   3.1555176e+01
   2.5598630e+06   3.3325195e+01
   2.5618780e+06   3.1066895e+01
   2.5632860e+06   2.5878906e+01
   2.5641550e+06   2.9907227e+01
   2.5648480e+06   2.9846191e+01
   2.5651630e+06   2.8381348e+01
   2.5660610e+06   3.5827637e+01
   2.5661090e+06   3.6193848e+01
   2.5661360e+06   2.7465820e+01
   2.5661860e+06   2.1118164e+01
   2.5662200e+06   1.6906738e+01
   2.5662620e+06   1.7333984e+01
   2.5663090e+06   1.6967773e+01
   2.5663740e+06   2.8076172e+01
   2.5663860e+06   2.9418945e+01
   2.5666300e+06   3.1066895e+01
   2.5669630e+06   2.8381348e+01
   2.5701070e+06   3.3996582e+01
   2.5722330e+06   3.2287598e+01
   2.5778660e+06   3.2226562e+01
   2.5794330e+06   3.0944824e+01
   2.5807780e+06   3.4545898e+01
   2.5837990e+06   2.9724121e+01
   2.5851560e+06   2.7099609e+01
   2.5855100e+06   3.2653809e+01
   2.5858840e+06   2.6550293e+01
   2.5860530e+06   2.7038574e+01
   2.5871120e+06   3.1433105e+01
   2.5879210e+06   2.7404785e+01
   2.5884130e+06   2.9357910e+01
   2.5917450e+06   3.1188965e+01
   2.5918670e+06   3.3813477e+01
   2.5919680e+06   2.8747559e+01
   2.5921520e+06   3.0456543e+01
   2.5922580e+06   2.3559570e+01
   2.5923750e+06   2.9235840e+01
   2.5960180e+06   2.7709961e+01
   2.5970540e+06   2.9785156e+01
   2.5972400e+06   3.3264160e+01
   2.5974110e+06   3.2470703e+01
   2.5976010e+06   2.7893066e+01
   2.5984650e+06   2.8198242e+01
   2.5993300e+06   2.6977539e+01
   2.5994470e+06   3.5095215e+01
   2.5999460e+06   3.3325195e+01
   2.6000680e+06   2.9724121e+01
   2.6003660e+06   2.9418945e+01
   2.6004430e+06   2.9968262e+01
   2.6006570e+06   3.1066895e+01
   2.6008910e+06   2.7404785e+01
   2.6015350e+06   2.6062012e+01
   2.6023370e+06   2.9541016e+01
   2.6027550e+06   2.7832031e+01
   2.6028900e+06   2.7038574e+01
   2.6035180e+06   2.9418945e+01
   2.6037560e+06   2.7832031e+01
   2.6139090e+06   2.8320312e+01
   2.6149760e+06   3.2043457e+01
   2.6165290e+06   2.7770996e+01
   2.6219630e+06   3.0151367e+01
   2.6228670e+06   3.0578613e+01
   2.6236350e+06   2.4719238e+01
   2.6255260e+06   3.1188965e+01
   2.6273100e+06   2.7954102e+01
   2.6285850e+06   2.5634766e+01
   2.6297790e+06   3.0883789e+01
   2.6310460e+06   3.6193848e+01
   2.6330870e+06   3.2836914e+01
   2.6343390e+06   3.7658691e+01
   2.6375420e+06   2.9296875e+01
   2.6393300e+06   3.2958984e+01
   2.6399540e+06   2.7954102e+01
   2.6426810e+06   2.9052734e+01
   2.6429690e+06   2.9174805e+01
   2.6430010e+06   1.7944336e+01
   2.6440260e+06   2.9846191e+01
   2.6449670e+06   2.7160645e+01
   2.6453410e+06   2.7160645e+01
   2.6460930e+06   3.2897949e+01
   2.6466280e+06   3.0334473e+01
   2.6474930e+06   1.8432617e+01
   2.6477700e+06   2.8747559e+01
   2.6482220e+06   2.5939941e+01
   2.6484340e+06   2.5878906e+01
   2.6486960e+06   3.3142090e+01
   2.6488880e+06   2.7404785e+01
   2.6489420e+06   1.6662598e+01
   2.6492900e+06   2.9663086e+01
   2.6494620e+06   2.9968262e+01
   2.6497440e+06   2.6977539e+01
   2.6519040e+06   2.8442383e+01
   2.6530180e+06   2.9785156e+01
   2.6533420e+06   3.1127930e+01
   2.6538450e+06   2.8503418e+01
   2.6543380e+06   3.1188965e+01
   2.6548700e+06   3.0883789e+01
   2.6554860e+06   3.1127930e+01
   2.6557630e+06   3.0761719e+01
   2.6565130e+06   2.6428223e+01
   2.6567630e+06   2.7099609e+01
   2.6587180e+06   2.9235840e+01
   2.6603430e+06   3.0090332e+01
   2.6613850e+06   3.0578613e+01
   2.6617450e+06   2.7099609e+01
   2.6618810e+06   3.1188965e+01
   2.6626080e+06   2.9174805e+01
   2.6627660e+06   3.1860352e+01
   2.6628570e+06   2.7954102e+01
   2.6630420e+06   2.7954102e+01
   2.6644550e+06   3.2714844e+01
   2.6656510e+06   2.5878906e+01
   2.6671330e+06   3.0212402e+01
   2.6674120e+06   3.0517578e+01
   2.6688880e+06   2.8015137e+01
   2.6697980e+06   3.2409668e+01
   2.6710100e+06   2.9968262e+01
   2.6711760e+06   2.8991699e+01
   2.6720360e+06   2.8808594e+01
   2.6723190e+06   3.9245605e+01
   2.6725220e+06   2.6489258e+01
   2.6753640e+06   3.2714844e+01
   2.6768560e+06   2.4536133e+01
   2.6779800e+06   2.9663086e+01
   2.6786390e+06   3.2165527e+01
   2.6800150e+06   3.0029297e+01
   2.6811670e+06   2.7648926e+01
   2.6814480e+06   3.0395508e+01
   2.6829800e+06   2.8686523e+01
   2.6844940e+06   2.7709961e+01
   2.6850880e+06   2.9724121e+01
   2.6862660e+06   2.8381348e+01
   2.6866120e+06   3.1799316e+01
   2.6876930e+06   2.9846191e+01
   2.6878610e+06   3.1555176e+01
   2.6882950e+06   2.6306152e+01
   2.6887070e+06   3.1433105e+01
   2.6887690e+06   1.9470215e+01
   2.6888770e+06   2.9052734e+01
   2.6890030e+06   2.1057129e+01
   2.6890610e+06   2.5756836e+01
   2.6895280e+06   1.6601562e+01
   2.6895400e+06   3.4851074e+01
   2.6898870e+06   2.0568848e+01
   2.6901460e+06   3.0090332e+01
   2.6910560e+06   2.8686523e+01
   2.6935090e+06   3.2287598e+01
   2.6946180e+06   2.8808594e+01
   2.6955610e+06   3.1188965e+01
   2.6965790e+06   3.3813477e+01
   2.6968970e+06   2.9602051e+01
   2.6972400e+06   3.0212402e+01
   2.6977780e+06   2.8381348e+01
   2.6978610e+06   2.8869629e+01
   2.6985220e+06   3.4729004e+01
   2.6989670e+06   2.9418945e+01
   2.6990930e+06   2.9968262e+01
   2.7011630e+06   3.0395508e+01
   2.7014310e+06   3.4484863e+01
   2.7061120e+06   2.7709961e+01
   2.7072500e+06   3.4423828e+01
   2.7082730e+06   2.6062012e+01
   2.7088910e+06   2.9785156e+01
   2.7104550e+06   1.7700195e+01
   2.7107490e+06   1.8493652e+01
   2.7156860e+06   3.1005859e+01
   2.7175330e+06   2.6794434e+01
   2.7188800e+06   2.8808594e+01
   2.7202310e+06   3.1677246e+01
   2.7225020e+06   2.9541016e+01
   2.7236200e+06   2.9541016e+01
   2.7246570e+06   3.0700684e+01
   2.7251410e+06   3.4179688e+01
   2.7260490e+06   3.1250000e+01
   2.7263580e+06   1.6784668e+01
   2.7276850e+06   3.4179688e+01
   2.7280450e+06   2.8198242e+01
   2.7284240e+06   2.7587891e+01
   2.7286330e+06   3.0212402e+01
   2.7288650e+06   3.1250000e+01
   2.7290060e+06   2.8381348e+01
   2.7293040e+06   2.4658203e+01
   2.7334820e+06   2.9602051e+01
   2.7344670e+06   3.0639648e+01
   2.7350990e+06   3.2592773e+01
   2.7365980e+06   2.8076172e+01
   2.7373440e+06   2.4597168e+01
   2.7382580e+06   3.5217285e+01
   2.7384770e+06   2.6855469e+01
   2.7397600e+06   3.3630371e+01
   2.7399680e+06   3.1555176e+01
   2.7402750e+06   2.6245117e+01
   2.7404860e+06   2.6123047e+01
   2.7407930e+06   2.8869629e+01
   2.7411960e+06   2.8381348e+01
   2.7424510e+06   2.9479980e+01
   2.7428590e+06   3.0883789e+01
   2.7431500e+06   2.6123047e+01
   2.7434650e+06   2.7709961e+01
   2.7435390e+06   3.1799316e+01
   2.7436170e+06   2.7587891e+01
   2.7441350e+06   3.7719727e+01
   2.7441900e+06   2.6123047e+01
   2.7448890e+06   2.8442383e+01
   2.7471800e+06   2.9174805e+01
   2.7486800e+06   2.9479980e+01
   2.7503370e+06   4.1564941e+01
   2.7513490e+06   2.8320312e+01
   2.7515640e+06   1.9714355e+01
   2.7515830e+06   3.0151367e+01
   2.7516060e+06   1.7822266e+01
   2.7520670e+06   2.7770996e+01
   2.7522660e+06   2.5695801e+01
   2.7527090e+06   2.7893066e+01
   2.7529570e+06   3.1188965e+01
   2.7530860e+06   2.6000977e+01
   2.7532920e+06   2.6489258e+01
   2.7534390e+06   2.4780273e+01
   2.7535530e+06   2.8503418e+01
   2.7537950e+06   2.8503418e+01
   2.7540730e+06   2.7160645e+01
   2.7548030e+06   3.1677246e+01
   2.7557100e+06   3.2043457e+01
   2.7563070e+06   2.8869629e+01
   2.7569370e+06   3.1250000e+01
   2.7575710e+06   2.9602051e+01
   2.7581720e+06   3.1616211e+01
   2.7585940e+06   2.7465820e+01
   2.7588210e+06   2.8869629e+01
   2.7595890e+06   2.7099609e+01
   2.7610240e+06   3.1433105e+01
   2.7613310e+06   2.8503418e+01
   2.7617940e+06   3.0761719e+01
   2.7619190e+06   2.8808594e+01
   2.7621150e+06   3.0029297e+01
   2.7624880e+06   2.5634766e+01
   2.7625640e+06   2.7648926e+01
   2.7627590e+06   3.0273438e+01
   2.7670870e+06   3.3752441e+01
   2.7678920e+06   3.2287598e+01
   2.7686360e+06   2.7221680e+01
   2.7686690e+06   2.1728516e+01
   2.7689790e+06   2.6123047e+01
   2.7693540e+06   2.8503418e+01
   2.7697730e+06   2.6794434e+01
   2.7707210e+06   2.6855469e+01
   2.7710280e+06   2.7038574e+01
   2.7718500e+06   3.1921387e+01
   2.7730860e+06   3.1799316e+01
   2.7733510e+06   3.1188965e+01
   2.7734460e+06   2.0629883e+01
   2.7734880e+06   2.0874023e+01
   2.7735370e+06   4.5349121e+01
   2.7736320e+06   2.9052734e+01
   2.7741850e+06   2.8930664e+01
   2.7744740e+06   3.1005859e+01
   2.7781490e+06   2.7893066e+01
   2.7806360e+06   2.7893066e+01
   2.7871740e+06   3.2836914e+01
   2.7881990e+06   3.2958984e+01
   2.7895100e+06   2.9907227e+01
   2.7906310e+06   2.8869629e+01
   2.7916400e+06   2.9785156e+01
   2.7970040e+06   2.9663086e+01
   2.7980150e+06   2.4963379e+01
   2.7996730e+06   3.0334473e+01
   2.8008110e+06   3.5156250e+01
   2.8014510e+06   3.2653809e+01
   2.8032140e+06   2.8930664e+01
   2.8045380e+06   3.5949707e+01
   2.8052600e+06   2.8198242e+01
   2.8054340e+06   2.5451660e+01
   2.8056310e+06   2.9479980e+01
   2.8068240e+06   1.6052246e+01
   2.8101790e+06   3.1433105e+01
   2.8126970e+06   3.0151367e+01
   2.8130300e+06   2.9479980e+01
   2.8137560e+06   2.8930664e+01
   2.8152790e+06   2.8930664e+01
   2.8176360e+06   3.3386230e+01
   2.8183640e+06   2.4719238e+01
   2.8201800e+06   2.6977539e+01
   2.8215510e+06   3.0090332e+01
   2.8222160e+06   2.9663086e+01
   2.8228590e+06   2.9479980e+01
   2.8235350e+06   2.6062012e+01
   2.8238110e+06   2.9296875e+01
   2.8239900e+06   2.4597168e+01
   2.8255850e+06   2.6855469e+01
   2.8259680e+06   2.7832031e+01
   2.8278630e+06   2.5756836e+01
   2.8291470e+06   2.8625488e+01
   2.8300840e+06   3.0578613e+01
   2.8308220e+06   2.7526855e+01
   2.8310060e+06   2.7954102e+01
   2.8330950e+06   3.1311035e+01
   2.8355620e+06   2.9418945e+01
   2.8359590e+06   2.6062012e+01
   2.8376790e+06   3.0822754e+01
   2.8391450e+06   2.7648926e+01
   2.8404740e+06   3.2836914e+01
   2.8412690e+06   3.2592773e+01
   2.8424370e+06   3.0761719e+01
   2.8429010e+06   3.2470703e+01
   2.8430080e+06   2.8991699e+01
   2.8433370e+06   3.2775879e+01
   2.8436700e+06   2.9235840e+01
   2.8439390e+06   3.1127930e+01
   2.8441610e+06   3.1250000e+01
   2.8449610e+06   2.7770996e+01
   2.8465280e+06   2.8808594e+01
   2.8471500e+06   3.0273438e+01
   2.8491180e+06   2.6000977e+01
   2.8493450e+06   3.2409668e+01
   2.8494350e+06   2.7465820e+01
   2.8495340e+06   2.9357910e+01
   2.8497470e+06   3.6010742e+01
   2.8497820e+06   1.9714355e+01
   2.8498170e+06   1.5502930e+01
   2.8498650e+06   2.8869629e+01
   2.8499540e+06   2.8686523e+01
   2.8500870e+06   3.3874512e+01
   2.8506800e+06   3.1738281e+01
   2.8508680e+06   2.6794434e+01
   2.8513020e+06   3.0517578e+01
   2.8520510e+06   2.9052734e+01
   2.8523350e+06   2.8686523e+01
   2.8526850e+06   2.5817871e+01
   2.8631790e+06   2.8747559e+01
   2.8636620e+06   3.1005859e+01
   2.8645070e+06   3.0822754e+01
   2.8652360e+06   2.6489258e+01
   2.8677390e+06   2.7587891e+01
   2.8689710e+06   3.0700684e+01
   2.8706740e+06   3.6193848e+01
   2.8711420e+06   2.9174805e+01
   2.8718590e+06   3.1860352e+01
   2.8723950e+06   3.3203125e+01
   2.8728270e+06   2.8930664e+01
   2.8731110e+06   3.4545898e+01
   2.8734560e+06   1.9348145e+01
   2.8736560e+06   2.7221680e+01
   2.8741150e+06   3.1616211e+01
   2.8770190e+06   2.0629883e+01
   2.8777920e+06   3.0822754e+01
   2.8803390e+06   3.5461426e+01
   2.8803630e+06   3.2836914e+01
   2.8815610e+06   3.5339355e+01
   2.8833690e+06   3.0090332e+01
   2.8850710e+06   3.3264160e+01
   2.8868190e+06   3.1738281e+01
   2.8885760e+06   3.1494141e+01
   2.8895780e+06   3.0273438e+01
   2.8897360e+06   2.7038574e+01
   2.8900960e+06   3.0456543e+01
   2.8901990e+06   2.8564453e+01
   2.8905340e+06   2.5390625e+01
   2.8906600e+06   2.9174805e+01
   2.8910360e+06   2.8747559e+01
   2.8921020e+06   3.1311035e+01
   2.8923080e+06   3.2531738e+01
   2.8924680e+06   2.3986816e+01
   2.8926580e+06   3.1127930e+01
   2.8926680e+06   2.0263672e+01
   2.8927090e+06   1.9104004e+01
   2.8930760e+06   3.1982422e+01
   2.8943910e+06   3.1250000e+01
   2.8946630e+06   2.3498535e+01
   2.8949250e+06   3.2348633e+01
   2.8951480e+06   2.8625488e+01
   2.8953230e+06   2.7343750e+01
   2.8955960e+06   2.4597168e+01
   2.8958490e+06   2.7465820e+01
   2.8961120e+06   2.4414062e+01
   2.8969370e+06   3.0151367e+01
   2.8973940e+06   2.8320312e+01
   2.8984510e+06   2.8198242e+01
   2.8987500e+06   3.4301758e+01
   2.8995670e+06   2.8747559e+01
   2.9008020e+06   2.0263672e+01
   2.9013880e+06   3.3386230e+01
   2.9015410e+06   2.8259277e+01
   2.9017350e+06   2.7648926e+01
   2.9018580e+06   3.3386230e+01
   2.9020330e+06   2.6306152e+01
   2.9021640e+06   3.1250000e+01
   2.9024440e+06   2.7832031e+01
   2.9025660e+06   2.4719238e+01
   2.9026830e+06   2.4047852e+01
   2.9028890e+06   2.5207520e+01
   2.9030140e+06   3.1250000e+01
   2.9032260e+06   2.5756836e+01
   2.9033320e+06   2.6794434e+01
   2.9034690e+06   2.5634766e+01
   2.9042130e+06   2.4291992e+01
   2.9043090e+06   2.9907227e+01
   2.9047390e+06   2.3681641e+01
   2.9048720e+06   2.7832031e+01
   2.9052810e+06   2.5390625e+01
   2.9053680e+06   2.7404785e+01
   2.9056640e+06   2.6489258e+01
   2.9057530e+06   2.4169922e+01
   2.9061350e+06   2.7038574e+01
   2.9062820e+06   2.9663086e+01
   2.9066380e+06   2.7648926e+01
   2.9067900e+06   3.0151367e+01
   2.9069950e+06   2.8747559e+01
   2.9071400e+06   2.5573730e+01
   2.9078480e+06   2.5512695e+01
   2.9081180e+06   2.6306152e+01
   2.9082920e+06   2.6123047e+01
   2.9084380e+06   2.7099609e+01
   2.9085130e+06   2.7038574e+01
   2.9099270e+06   3.2043457e+01
   2.9103880e+06   2.5573730e+01
   2.9105960e+06   2.5939941e+01
   2.9107560e+06   2.9357910e+01
   2.9148240e+06   1.6296387e+01
   2.9179580e+06   3.0456543e+01
   2.9190150e+06   3.0273438e+01
   2.9201930e+06   3.3447266e+01
   2.9219530e+06   2.8015137e+01
   2.9223620e+06   3.0029297e+01
   2.9236580e+06   3.1494141e+01
   2.9247230e+06   2.3132324e+01
   2.9259550e+06   3.2348633e+01
   2.9274650e+06   2.9846191e+01
   2.9283580e+06   1.5502930e+01
   2.9315050e+06   2.9296875e+01
   2.9323810e+06   3.2714844e+01
   2.9342050e+06   3.5034180e+01
   2.9352530e+06   2.8930664e+01
   2.9366820e+06   2.1850586e+01
   2.9380410e+06   2.7954102e+01
   2.9382590e+06   3.0517578e+01
   2.9384960e+06   3.1555176e+01
   2.9391150e+06   2.8137207e+01
   2.9394900e+06   2.7648926e+01
   2.9399430e+06   2.7709961e+01
   2.9420470e+06   3.2714844e+01
   2.9422460e+06   3.3081055e+01
   2.9424390e+06   2.5390625e+01
   2.9434360e+06   3.0029297e+01
   2.9439600e+06   3.0578613e+01
   2.9444450e+06   2.6245117e+01
   2.9457650e+06   3.2348633e+01
   2.9461240e+06   2.8320312e+01
   2.9461810e+06   3.2165527e+01
   2.9463060e+06   2.9113770e+01
   2.9464370e+06   2.6367188e+01
   2.9475260e+06   2.8076172e+01
   2.9477320e+06   3.0212402e+01
   2.9479310e+06   2.6794434e+01
   2.9481050e+06   2.7465820e+01
   2.9482810e+06   3.0761719e+01
   2.9484590e+06   2.8381348e+01
   2.9486260e+06   2.7893066e+01
   2.9488670e+06   2.5573730e+01
   2.9492140e+06   3.0151367e+01
   2.9495130e+06   2.8930664e+01
   2.9496770e+06   3.0578613e+01
   2.9497950e+06   3.0029297e+01
   2.9505100e+06   2.7282715e+01
   2.9506750e+06   3.0029297e+01
   2.9509460e+06   2.7770996e+01
   2.9511480e+06   2.5390625e+01
   2.9515040e+06   2.7648926e+01
   2.9522010e+06   2.9174805e+01
   2.9527100e+06   3.0029297e+01
   2.9540520e+06   2.6672363e+01
   2.9545460e+06   2.7832031e+01
   2.9547000e+06   3.1799316e+01
   2.9550230e+06   2.6245117e+01
   2.9552620e+06   2.6916504e+01
   2.9554070e+06   2.3803711e+01
   2.9555540e+06   2.9113770e+01
   2.9556850e+06   2.4291992e+01
   2.9558740e+06   2.9235840e+01
   2.9560920e+06   2.6184082e+01
   2.9561780e+06   2.5878906e+01
   2.9565250e+06   2.1850586e+01
   2.9569140e+06   2.7709961e+01
   2.9598560e+06   3.2531738e+01
   2.9610200e+06   2.4658203e+01
   2.9633670e+06   2.9174805e+01
   2.9640710e+06   3.1005859e+01
   2.9644790e+06   2.9602051e+01
   2.9647100e+06   2.9785156e+01
   2.9650180e+06   2.6855469e+01
   2.9680440e+06   2.7282715e+01
   2.9696870e+06   2.9418945e+01
   2.9699780e+06   2.9296875e+01
   2.9705170e+06   2.4963379e+01
   2.9711590e+06   2.9907227e+01
   2.9721740e+06   2.7282715e+01
   2.9743100e+06   1.5136719e+01
   2.9755110e+06   3.2226562e+01
   2.9809920e+06   2.9541016e+01
   2.9827420e+06   3.1433105e+01
   2.9844360e+06   3.6682129e+01
   2.9859840e+06   3.3020020e+01
   2.9867350e+06   3.0761719e+01
   2.9869910e+06   2.8198242e+01
   2.9873790e+06   2.8869629e+01
   2.9876600e+06   3.2043457e+01
   2.9881820e+06   2.9296875e+01
   2.9929470e+06   1.5502930e+01
   2.9933090e+06   3.2653809e+01
   2.9953380e+06   2.7893066e+01
   2.9974950e+06   2.6428223e+01
   2.9987950e+06   3.2531738e+01
   2.9992340e+06   2.9846191e+01
   2.9993530e+06   2.6123047e+01
   2.9998490e+06   2.7343750e+01
   3.0005010e+06   3.2409668e+01
   3.0012940e+06   3.3325195e+01
   3.0016880e+06   3.1066895e+01
   3.0018770e+06   2.9602051e+01
   3.0023480e+06   3.2470703e+01
   3.0029380e+06   2.9724121e+01
   3.0032480e+06   2.9785156e+01
   3.0034950e+06   2.7526855e+01
   3.0044920e+06   2.9418945e+01
   3.0045820e+06   3.1677246e+01
   3.0048940e+06   3.2348633e+01
   3.0050120e+06   2.6428223e+01
   3.0051980e+06   2.8503418e+01
   3.0089580e+06   2.7954102e+01
   3.0109160e+06   3.0456543e+01
   3.0122380e+06   2.9541016e+01
   3.0127520e+06   3.3447266e+01
   3.0131050e+06   2.7282715e+01
   3.0138640e+06   3.2287598e+01
   3.0143130e+06   3.3081055e+01
   3.0146110e+06   2.6123047e+01
   3.0152460e+06   3.0273438e+01
   3.0156090e+06   2.9479980e+01
   3.0161770e+06   2.7832031e+01
   3.0167520e+06   3.2958984e+01
   3.0186930e+06   3.2592773e+01
   3.0191110e+06   3.3386230e+01
   3.0196920e+06   2.7465820e+01
   3.0198900e+06   2.9541016e+01
   3.0203610e+06   2.9418945e+01
   3.0205890e+06   2.7832031e+01
   3.0221240e+06   3.0212402e+01
   3.0224090e+06   2.9785156e+01
   3.0226540e+06   2.7832031e+01
   3.0228980e+06   3.0212402e+01
   3.0231650e+06   3.1677246e+01
   3.0237960e+06   2.8503418e+01
   3.0241130e+06   3.2043457e+01
   3.0242120e+06   2.9357910e+01
   3.0243760e+06   2.3010254e+01
   3.0248820e+06   2.6794434e+01
   3.0251320e+06   3.0578613e+01
   3.0253870e+06   3.1921387e+01
   3.0263130e+06   2.8625488e+01
   3.0265910e+06   2.9785156e+01
   3.0281280e+06   2.7465820e+01
   3.0283450e+06   3.3081055e+01
   3.0294280e+06   2.5085449e+01
   3.0295690e+06   2.8564453e+01
   3.0296910e+06   2.0874023e+01
   3.0297400e+06   1.5441895e+01
   3.0297520e+06   3.1188965e+01
   3.0299010e+06   2.4597168e+01
   3.0315060e+06   2.6916504e+01
   3.0329660e+06   3.0212402e+01
   3.0332430e+06   3.0090332e+01
   3.0334300e+06   2.8320312e+01
   3.0337290e+06   2.3986816e+01
   3.0343550e+06   3.2470703e+01
   3.0359010e+06   2.9602051e+01
   3.0364750e+06   3.0090332e+01
   3.0371200e+06   3.1311035e+01
   3.0383650e+06   3.0761719e+01
   3.0396600e+06   2.5634766e+01
   3.0399090e+06   2.9235840e+01
   3.0400690e+06   1.8249512e+01
   3.0420630e+06   2.9296875e+01
   3.0433740e+06   2.9479980e+01
   3.0438710e+06   2.4658203e+01
   3.0444030e+06   2.6489258e+01
   3.0447350e+06   2.6428223e+01
   3.0450370e+06   2.8442383e+01
   3.0452730e+06   2.5573730e+01
   3.0454350e+06   2.8503418e+01
   3.0456640e+06   2.3193359e+01
   3.0464030e+06   3.5156250e+01
   3.0473180e+06   3.5095215e+01
   3.0476010e+06   2.8381348e+01
   3.0487680e+06   2.6245117e+01
   3.0489640e+06   3.2348633e+01
   3.0494630e+06   2.9479980e+01
   3.0498320e+06   2.7099609e+01
   3.0501850e+06   3.0334473e+01
   3.0506040e+06   3.1250000e+01
   3.0508830e+06   2.7526855e+01
   3.0510620e+06   2.8320312e+01
   3.0516060e+06   2.5939941e+01
   3.0520030e+06   1.6479492e+01
   3.0522230e+06   3.0395508e+01
   3.0523690e+06   2.2094727e+01
   3.0524450e+06   1.7883301e+01
   3.0524910e+06   1.7883301e+01
   3.0525430e+06   1.5197754e+01
   3.0526030e+06   3.6437988e+01
   3.0566740e+06   2.9724121e+01
   3.0570720e+06   3.6132813e+01
   3.0580920e+06   3.1127930e+01
   3.0584060e+06   3.2409668e+01
   3.0589120e+06   3.0090332e+01
   3.0592160e+06   2.4963379e+01
   3.0597420e+06   2.8076172e+01
   3.0599570e+06   2.5024414e+01
   3.0601710e+06   3.0334473e+01
   3.0603760e+06   2.6977539e+01
   3.0605540e+06   2.6000977e+01
   3.0614130e+06   2.6550293e+01
   3.0620720e+06   3.0639648e+01
   3.0623300e+06   2.9541016e+01
   3.0627230e+06   2.5451660e+01
   3.0649930e+06   3.3386230e+01
   3.0658330e+06   2.8991699e+01
   3.0672130e+06   1.5502930e+01
   3.0713900e+06   3.1066895e+01
   3.0725860e+06   2.9174805e+01
   3.0736510e+06   3.0822754e+01
   3.0748710e+06   3.3447266e+01
   3.0761290e+06   3.0334473e+01
   3.0767890e+06   3.1982422e+01
   3.0774110e+06   1.6540527e+01
   3.0775430e+06   3.1188965e+01
   3.0798450e+06   3.0639648e+01
   3.0803750e+06   3.0517578e+01
   3.0814190e+06   3.1860352e+01
   3.0827510e+06   1.5075684e+01
   3.0850900e+06   3.2897949e+01
   3.0852770e+06   2.4902344e+01
   3.0856660e+06   2.7893066e+01
   3.0862760e+06   2.3071289e+01
   3.0863060e+06   1.5869141e+01
   3.0863710e+06   1.7822266e+01
   3.0865060e+06   2.8991699e+01
   3.0867780e+06   2.5146484e+01
   3.0868920e+06   2.7954102e+01
   3.0871590e+06   2.6428223e+01
   3.0873090e+06   2.5451660e+01
   3.0874840e+06   2.5390625e+01
   3.0877770e+06   3.0395508e+01
   3.0878770e+06   2.7587891e+01
   3.0880110e+06   2.2033691e+01
   3.0882940e+06   3.0395508e+01
   3.0909640e+06   2.9785156e+01
   3.0928970e+06   3.2409668e+01
   3.0937210e+06   2.9052734e+01
   3.0939030e+06   2.8747559e+01
   3.0939910e+06   2.8991699e+01
   3.0948110e+06   1.5747070e+01
   3.0953620e+06   1.6052246e+01
   3.0958910e+06   3.0700684e+01
   3.0962590e+06   3.2653809e+01
   3.0966490e+06   3.2348633e+01
   3.0967180e+06   3.5217285e+01
   3.0970530e+06   3.2043457e+01
   3.0972710e+06   2.8381348e+01
   3.0973420e+06   2.5573730e+01
   3.0976420e+06   3.0700684e+01
   3.0979210e+06   2.5024414e+01
   3.0980330e+06   2.7404785e+01
   3.0982690e+06   2.7282715e+01
   3.0985090e+06   2.8076172e+01
   3.0987830e+06   3.1799316e+01
   3.0988830e+06   2.9113770e+01
   3.0990120e+06   2.2705078e+01
   3.0992110e+06   3.0761719e+01
   3.0993040e+06   2.5695801e+01
   3.0996340e+06   3.1005859e+01
   3.0998600e+06   2.5939941e+01
   3.1002820e+06   2.8747559e+01
   3.1004040e+06   3.2165527e+01
   3.1008610e+06   2.7587891e+01
   3.1010020e+06   2.7587891e+01
   3.1014190e+06   3.2592773e+01
   3.1018860e+06   2.3559570e+01
   3.1020600e+06   2.8259277e+01
   3.1023100e+06   3.3630371e+01
   3.1023890e+06   2.4719238e+01
   3.1026310e+06   2.8442383e+01
   3.1028490e+06   2.5024414e+01
   3.1029800e+06   2.6062012e+01
   3.1031150e+06   2.8930664e+01
   3.1032480e+06   2.3254395e+01
   3.1035570e+06   2.5573730e+01
   3.1038160e+06   2.6306152e+01
   3.1041760e+06   2.7343750e+01
   3.1077220e+06   2.8015137e+01
   3.1097020e+06   3.0212402e+01
   3.1099180e+06   2.6428223e+01
   3.1101770e+06   3.2409668e+01
   3.1103290e+06   3.2226562e+01
   3.1113070e+06   3.0517578e+01
   3.1123940e+06   2.8015137e+01
   3.1127460e+06   2.8930664e+01
   3.1163030e+06   3.1372070e+01
   3.1165150e+06   2.8015137e+01
   3.1184110e+06   3.1982422e+01
   3.1199650e+06   2.9907227e+01
   3.1207810e+06   3.2714844e+01
   3.1216070e+06   3.5095215e+01
   3.1223420e+06   3.1860352e+01
   3.1226020e+06   2.7709961e+01
   3.1229540e+06   3.0029297e+01
   3.1231290e+06   3.1494141e+01
   3.1261290e+06   2.7160645e+01
   3.1268110e+06   2.5024414e+01
   3.1269570e+06   3.1982422e+01
   3.1276980e+06   2.4597168e+01
   3.1282060e+06   2.9052734e+01
   3.1285780e+06   3.1127930e+01
   3.1287070e+06   3.0151367e+01
   3.1295590e+06   2.7893066e+01
   3.1297240e+06   2.8625488e+01
   3.1298640e+06   3.1433105e+01
   3.1307330e+06   2.9785156e+01
   3.1321250e+06   2.7709961e+01
   3.1335040e+06   3.1494141e+01
   3.1343510e+06   2.6611328e+01
   3.1346500e+06   2.6000977e+01
   3.1351460e+06   3.2287598e+01
   3.1354760e+06   2.8320312e+01
   3.1358910e+06   2.8747559e+01
   3.1361520e+06   2.9785156e+01
   3.1362820e+06   2.6000977e+01
   3.1364340e+06   2.5634766e+01
   3.1367200e+06   2.7648926e+01
   3.1374910e+06   3.2897949e+01
   3.1377660e+06   2.8442383e+01
   3.1381460e+06   2.7526855e+01
   3.1384950e+06   2.7770996e+01
   3.1387320e+06   2.5939941e+01
   3.1389890e+06   2.9479980e+01
   3.1392680e+06   2.5573730e+01
   3.1395770e+06   2.8686523e+01
   3.1399710e+06   2.2949219e+01
   3.1402020e+06   2.7099609e+01
   3.1405230e+06   2.7465820e+01
   3.1418440e+06   2.7343750e+01
   3.1428590e+06   2.5878906e+01
   3.1446010e+06   3.3081055e+01
   3.1455100e+06   3.0334473e+01
   3.1494560e+06   3.0212402e+01
   3.1504280e+06   2.8808594e+01
   3.1515780e+06   3.0700684e+01
   3.1521800e+06   3.7902832e+01
   3.1522170e+06   3.4667969e+01
   3.1526270e+06   2.9113770e+01
   3.1528600e+06   3.2409668e+01
   3.1529530e+06   3.0944824e+01
   3.1557530e+06   2.9541016e+01
   3.1562770e+06   3.0944824e+01
   3.1575670e+06   2.7526855e+01
   3.1591550e+06   3.5888672e+01
   3.1603490e+06   3.5583496e+01
   3.1607010e+06   2.5756836e+01
   3.1612910e+06   3.0517578e+01
   3.1615580e+06   2.8808594e+01
   3.1620500e+06   2.9174805e+01
   3.1624220e+06   3.1066895e+01
   3.1627270e+06   2.5817871e+01
   3.1635140e+06   2.8259277e+01
   3.1643990e+06   3.1188965e+01
   3.1658690e+06   2.9541016e+01
   3.1662270e+06   3.1433105e+01
   3.1664580e+06   2.7587891e+01
   3.1667250e+06   2.7160645e+01
   3.1669590e+06   2.6611328e+01
   3.1683390e+06   3.1860352e+01
   3.1692260e+06   3.0639648e+01
   3.1695320e+06   2.5573730e+01
   3.1712230e+06   3.0822754e+01
   3.1715850e+06   2.9357910e+01
   3.1744410e+06   2.9418945e+01
   3.1759540e+06   3.0151367e+01
   3.1769880e+06   3.1372070e+01
   3.1775710e+06   2.3681641e+01
   3.1776840e+06   2.2033691e+01
   3.1777920e+06   1.5441895e+01
   3.1778360e+06   1.7028809e+01
   3.1784760e+06   3.1188965e+01
   3.1788000e+06   3.1738281e+01
   3.1792140e+06   3.0883789e+01
   3.1801770e+06   2.8442383e+01
   3.1807190e+06   2.6855469e+01
   3.1828770e+06   3.3142090e+01
   3.1857880e+06   1.5319824e+01
   3.1860330e+06   2.7465820e+01
   3.1869300e+06   2.9296875e+01
   3.1880630e+06   3.1188965e+01
   3.1885940e+06   2.9296875e+01
   3.1895850e+06   2.7770996e+01
   3.1902530e+06   3.3264160e+01
   3.1904190e+06   2.9785156e+01
   3.1944000e+06   3.1738281e+01
   3.1958610e+06   2.7404785e+01
   3.1965940e+06   3.4423828e+01
   3.1966360e+06   3.3691406e+01
   3.1966640e+06   2.0202637e+01
   3.1967090e+06   2.5268555e+01
   3.1967430e+06   1.7272949e+01
   3.1967530e+06   3.5949707e+01
   3.1967920e+06   1.9836426e+01
   3.1968590e+06   2.8564453e+01
   3.1969270e+06   4.6508789e+01
   3.1971390e+06   3.2287598e+01
   3.1971540e+06   2.9479980e+01
   3.1971860e+06   1.8493652e+01
   3.1972910e+06   1.7333984e+01
   3.1973070e+06   2.6733398e+01
   3.1973520e+06   1.7578125e+01
   3.1974040e+06   3.0395508e+01
   3.1977930e+06   3.1005859e+01
   3.1982950e+06   2.7587891e+01
   3.1992120e+06   1.5747070e+01
   3.2011390e+06   2.8625488e+01
   3.2026400e+06   3.2165527e+01
   3.2032960e+06   3.0822754e+01
   3.2035370e+06   2.5451660e+01
   3.2038260e+06   3.0395508e+01
   3.2052760e+06   3.0883789e+01
   3.2056030e+06   1.6784668e+01
   3.2056370e+06   1.6845703e+01
   3.2056900e+06   3.0517578e+01
   3.2060330e+06   2.8259277e+01
   3.2062020e+06   2.8015137e+01
   3.2064170e+06   3.0395508e+01
   3.2064730e+06   1.9775391e+01
   3.2065070e+06   2.7160645e+01
   3.2067100e+06   2.6916504e+01
   3.2076510e+06   2.6306152e+01
   3.2081940e+06   3.2897949e+01
   3.2090530e+06   3.3813477e+01
   3.2132920e+06   3.4667969e+01
   3.2146370e+06   2.8747559e+01
   3.2163320e+06   2.9968262e+01
   3.2178350e+06   3.0212402e+01
   3.2193070e+06   1.5197754e+01
   3.2219520e+06   2.8137207e+01
   3.2232950e+06   2.7160645e+01
   3.2247600e+06   3.1555176e+01
   3.2256210e+06   3.2043457e+01
   3.2283710e+06   3.1250000e+01
   3.2289390e+06   3.2714844e+01
   3.2301240e+06   2.7587891e+01
   3.2302830e+06   3.0517578e+01
   3.2305120e+06   2.8564453e+01
   3.2305250e+06   2.1179199e+01
   3.2306610e+06   3.1860352e+01
   3.2307720e+06   2.7954102e+01
   3.2308550e+06   3.1005859e+01
   3.2309700e+06   2.3498535e+01
   3.2311340e+06   2.5268555e+01
   3.2314170e+06   2.4291992e+01
   3.2316120e+06   2.9479980e+01
   3.2318550e+06   2.5390625e+01
   3.2320490e+06   3.1860352e+01
   3.2323580e+06   2.9541016e+01
   3.2325700e+06   2.4902344e+01
   3.2328330e+06   2.7404785e+01
   3.2332410e+06   3.0517578e+01
   3.2335950e+06   2.4841309e+01
   3.2338400e+06   3.0212402e+01
   3.2340860e+06   3.1921387e+01
   3.2342680e+06   2.8625488e+01
   3.2344210e+06   2.2094727e+01
   3.2346350e+06   2.7893066e+01
   3.2348600e+06   2.7038574e+01
   3.2351000e+06   2.7832031e+01
   3.2353190e+06   3.0029297e+01
   3.2355970e+06   2.6611328e+01
   3.2359570e+06   3.0334473e+01
   3.2362060e+06   2.6550293e+01
   3.2413910e+06   3.3508301e+01
   3.2428250e+06   3.0883789e+01
   3.2452120e+06   2.7465820e+01
   3.2468480e+06   2.6306152e+01
   3.2484830e+06   2.6367188e+01
   3.2492520e+06   2.6794434e+01
   3.2495720e+06   2.4169922e+01
   3.2505600e+06   2.9541016e+01
   3.2508790e+06   2.8259277e+01
   3.2510510e+06   2.2888184e+01
   3.2512310e+06   2.7587891e+01
   3.2514200e+06   2.7282715e+01
   3.2515210e+06   1.9531250e+01
   3.2540180e+06   2.7954102e+01
   3.2562390e+06   2.7709961e+01
   3.2582080e+06   3.2592773e+01
   3.2584150e+06   3.0151367e+01
   3.2586280e+06   2.9785156e+01
   3.2587750e+06   3.2348633e+01
   3.2590980e+06   2.9602051e+01
   3.2592020e+06   3.0700684e+01
   3.2594280e+06   3.0212402e+01
   3.2595590e+06   3.0395508e+01
   3.2598870e+06   3.0639648e+01
   3.2600480e+06   2.9174805e+01
   3.2604180e+06   3.2592773e+01
   3.2605870e+06   2.9785156e+01
   3.2609240e+06   3.1677246e+01
   3.2613100e+06   3.7048340e+01
   3.2616420e+06   2.4902344e+01
   3.2626550e+06   3.2592773e+01
   3.2633280e+06   3.4179688e+01
   3.2644960e+06   2.3681641e+01
   3.2659510e+06   3.0212402e+01
   3.2664770e+06   3.1799316e+01
   3.2703020e+06   3.0456543e+01
   3.2716390e+06   3.3081055e+01
   3.2727510e+06   3.0700684e+01
   3.2739470e+06   2.5268555e+01
   3.2744840e+06   3.3020020e+01
   3.2757670e+06   2.5817871e+01
   3.2758790e+06   2.4658203e+01
   3.2764140e+06   3.3447266e+01
   3.2767410e+06   2.7954102e+01
   3.2770150e+06   1.5502930e+01
   3.2770890e+06   2.2277832e+01
   3.2771710e+06   2.6062012e+01
   3.2791770e+06   2.9968262e+01
   3.2795420e+06   2.9968262e+01
   3.2816480e+06   3.0883789e+01
   3.2826180e+06   2.7404785e+01
   3.2828700e+06   3.4118652e+01
   3.2835380e+06   3.2165527e+01
   3.2836660e+06   2.7587891e+01
   3.2837790e+06   2.1911621e+01
   3.2840900e+06   3.5400391e+01
   3.2841850e+06   2.7893066e+01
   3.2845100e+06   2.6367188e+01
   3.2854360e+06   2.8564453e+01
   3.2861610e+06   3.3630371e+01
   3.2865710e+06   3.0090332e+01
   3.2872530e+06   2.7221680e+01
   3.2874660e+06   2.5878906e+01
   3.2878840e+06   2.9724121e+01
   3.2891920e+06   2.6489258e+01
   3.2900150e+06   3.1616211e+01
   3.2906730e+06   2.7099609e+01
   3.2917960e+06   2.8808594e+01
   3.2933200e+06   2.8625488e+01
   3.2936180e+06   3.0151367e+01
   3.2937590e+06   3.0517578e+01
   3.2938400e+06   2.0874023e+01
   3.2939940e+06   2.7954102e+01
   3.2945170e+06   3.0822754e+01
   3.2950930e+06   2.9174805e+01
   3.2952000e+06   2.6123047e+01
   3.2983020e+06   3.4667969e+01
   3.2996440e+06   2.8015137e+01
   3.3004150e+06   3.0273438e+01
   3.3015570e+06   2.8076172e+01
   3.3017030e+06   2.6611328e+01
   3.3019880e+06   3.2043457e+01
   3.3021350e+06   2.6245117e+01
   3.3024340e+06   2.7404785e+01
   3.3035210e+06   3.2653809e+01
   3.3040280e+06   3.1799316e+01
   3.3043390e+06   2.8503418e+01
   3.3046060e+06   3.1982422e+01
   3.3049410e+06   2.4414062e+01
   3.3051350e+06   3.1677246e+01
   3.3054040e+06   3.1311035e+01
   3.3055580e+06   2.9052734e+01
   3.3058680e+06   3.1127930e+01
   3.3060640e+06   2.9174805e+01
   3.3071550e+06   1.5014648e+01
   3.3073060e+06   3.3874512e+01
   3.3074260e+06   2.9357910e+01
   3.3098940e+06   2.7587891e+01
   3.3104580e+06   3.1494141e+01
   3.3118540e+06   3.2714844e+01
   3.3119280e+06   3.2104492e+01
   3.3125020e+06   2.6123047e+01
   3.3151150e+06   2.8991699e+01
   3.3162660e+06   2.4047852e+01
   3.3178460e+06   2.1972656e+01
   3.3190450e+06   2.7832031e+01
   3.3195750e+06   2.8930664e+01
   3.3197940e+06   2.0324707e+01
   3.3203160e+06   2.9479980e+01
   3.3207810e+06   3.3935547e+01
   3.3209720e+06   2.9296875e+01
   3.3210950e+06   3.6315918e+01
   3.3211260e+06   3.1616211e+01
   3.3239120e+06   2.8381348e+01
   3.3266280e+06   3.2958984e+01
   3.3282230e+06   3.4240723e+01
   3.3287950e+06   3.1433105e+01
   3.3290090e+06   2.5451660e+01
   3.3290250e+06   1.5563965e+01
   3.3292800e+06   2.9785156e+01
   3.3293480e+06   2.9479980e+01
   3.3328710e+06   2.6916504e+01
   3.3339320e+06   2.8869629e+01
   3.3349960e+06   3.2958984e+01
   3.3362630e+06   3.0700684e+01
   3.3372360e+06   3.2409668e+01
   3.3374140e+06   2.9724121e+01
   3.3377200e+06   3.0395508e+01
   3.3379020e+06   2.8686523e+01
   3.3384040e+06   2.6245117e+01
   3.3386640e+06   2.8564453e+01
   3.3399330e+06   3.1066895e+01
   3.3405310e+06   2.7526855e+01
   3.3432560e+06   3.0334473e+01
   3.3438000e+06   2.6245117e+01
   3.3453150e+06   1.5014648e+01
   3.3455150e+06   2.5634766e+01
   3.3459200e+06   3.1188965e+01
   3.3461700e+06   2.7160645e+01
   3.3464770e+06   2.9968262e+01
   3.3474210e+06   3.0883789e+01
   3.3475960e+06   3.2897949e+01
   3.3477080e+06   2.8503418e+01
   3.3479350e+06   2.7587891e+01
   3.3480980e+06   2.7832031e+01
   3.3511740e+06   2.8198242e+01
   3.3528870e+06   3.0761719e+01
   3.3536110e+06   3.3264160e+01
   3.3546590e+06   3.0090332e+01
   3.3548770e+06   2.6489258e+01
   3.3550410e+06   3.1738281e+01
   3.3553900e+06   2.5878906e+01
   3.3555610e+06   3.4179688e+01
   3.3557620e+06   2.7648926e+01
   3.3560760e+06   3.1005859e+01
   3.3563710e+06   2.9479980e+01
   3.3565610e+06   2.6000977e+01
   3.3566400e+06   3.0822754e+01
   3.3567130e+06   2.8686523e+01
   3.3570350e+06   2.5268555e+01
   3.3571780e+06   2.4597168e+01
   3.3573150e+06   2.6916504e+01
   3.3574390e+06   2.9968262e+01
   3.3576050e+06   2.8076172e+01
   3.3577380e+06   2.7160645e+01
   3.3578610e+06   2.9846191e+01
   3.3584620e+06   2.7404785e+01
   3.3586060e+06   2.6123047e+01
   3.3586860e+06   3.0700684e+01
   3.3588080e+06   2.5573730e+01
   3.3589770e+06   2.4963379e+01
   3.3614840e+06   1.7272949e+01
   3.3657150e+06   3.1555176e+01
   3.3661870e+06   2.7648926e+01
   3.3673240e+06   3.1494141e+01
   3.3679850e+06   2.6428223e+01
   3.3689590e+06   3.4423828e+01
   3.3706330e+06   2.9357910e+01
   3.3718290e+06   2.9724121e+01
   3.3727500e+06   3.0883789e+01
   3.3733350e+06   2.7099609e+01
   3.3749950e+06   3.4240723e+01
   3.3779650e+06   2.8869629e+01
   3.3783200e+06   2.6611328e+01
   3.3784010e+06   3.0151367e+01
   3.3788040e+06   3.0029297e+01
   3.3789260e+06   3.2348633e+01
   3.3791710e+06   3.3752441e+01
   3.3796380e+06   3.0883789e+01
   3.3799560e+06   2.5451660e+01
   3.3802930e+06   3.1555176e+01
   3.3804560e+06   1.9958496e+01
   3.3804920e+06   1.6479492e+01
   3.3809590e+06   2.7893066e+01
   3.3818980e+06   3.0456543e+01
   3.3825950e+06   2.9724121e+01
   3.3830170e+06   3.4301758e+01
   3.3832170e+06   2.8198242e+01
   3.3837200e+06   2.7038574e+01
   3.3839740e+06   3.0944824e+01
   3.3842070e+06   2.9418945e+01
   3.3845490e+06   2.5512695e+01
   3.3847830e+06   3.1005859e+01
   3.3875210e+06   2.6550293e+01
   3.3890420e+06   3.5034180e+01
   3.3894360e+06   3.3752441e+01
   3.3895500e+06   2.9052734e+01
   3.3903040e+06   2.7526855e+01
   3.3905280e+06   2.8259277e+01
   3.3909970e+06   2.9907227e+01
   3.3911000e+06   3.1982422e+01
   3.3911760e+06   2.6733398e+01
   3.3912100e+06   2.2094727e+01
   3.3912700e+06   1.6540527e+01
   3.3913020e+06   2.5817871e+01
   3.3915540e+06   3.0700684e+01
   3.3928850e+06   2.8198242e+01
   3.3930260e+06   2.1362305e+01
   3.3932100e+06   2.8259277e+01
   3.3934160e+06   2.7648926e+01
   3.3935030e+06   2.7038574e+01
   3.3937570e+06   3.0822754e+01
   3.3940460e+06   2.6184082e+01
   3.3946700e+06   2.8076172e+01
   3.3948240e+06   2.7404785e+01
   3.3949430e+06   2.9113770e+01
   3.3953610e+06   2.8015137e+01
   3.3958570e+06   2.5939941e+01
   3.3959690e+06   3.1860352e+01
   3.3961850e+06   2.9663086e+01
   3.3964300e+06   2.9663086e+01
   3.3966250e+06   2.9663086e+01
   3.3988850e+06   3.1127930e+01
   3.3991480e+06   2.8320312e+01
   3.3992780e+06   2.8991699e+01
   3.3993500e+06   3.4729004e+01
   3.3993880e+06   3.2836914e+01
   3.3994040e+06   2.4780273e+01
   3.4018590e+06   2.6306152e+01
   3.4053900e+06   2.9663086e+01
   3.4057950e+06   3.1677246e+01
   3.4063000e+06   3.0578613e+01
   3.4065220e+06   2.6245117e+01
   3.4068260e+06   3.0578613e+01
   3.4078560e+06   2.6794434e+01
   3.4086680e+06   3.2165527e+01
   3.4089480e+06   2.8930664e+01
   3.4091410e+06   2.7954102e+01
   3.4092560e+06   2.9785156e+01
   3.4094360e+06   2.6611328e+01
   3.4095170e+06   3.0578613e+01
   3.4096370e+06   2.3742676e+01
   3.4097470e+06   2.3132324e+01
   3.4098550e+06   2.6306152e+01
   3.4099680e+06   2.5878906e+01
   3.4100690e+06   2.7282715e+01
   3.4101610e+06   3.2897949e+01
   3.4103410e+06   3.0517578e+01
   3.4104750e+06   2.1484375e+01
   3.4107440e+06   3.1555176e+01
   3.4110310e+06   2.9541016e+01
   3.4121760e+06   2.6306152e+01
   3.4130200e+06   3.0090332e+01
   3.4132820e+06   2.8442383e+01
   3.4163320e+06   2.8869629e+01
   3.4200450e+06   3.1738281e+01
   3.4203650e+06   2.6000977e+01
   3.4207090e+06   3.0822754e+01
   3.4212470e+06   2.7343750e+01
   3.4231510e+06   2.9968262e+01
   3.4243760e+06   2.5817871e+01
   3.4250860e+06   3.1555176e+01
   3.4256480e+06   2.9846191e+01
   3.4258360e+06   2.9541016e+01
   3.4266260e+06   3.2775879e+01
   3.4270290e+06   2.9052734e+01
   3.4275720e+06   2.6916504e+01
   3.4278590e+06   2.8076172e+01
   3.4280980e+06   2.9541016e+01
   3.4282110e+06   2.9174805e+01
   3.4283770e+06   3.1982422e+01
   3.4285580e+06   2.6550293e+01
   3.4286210e+06   3.0334473e+01
   3.4319480e+06   3.0822754e+01
   3.4332720e+06   3.1066895e+01
   3.4336100e+06   1.5014648e+01
   3.4340790e+06   3.5583496e+01
   3.4354230e+06   3.0334473e+01
   3.4360060e+06   2.7709961e+01
   3.4363140e+06   3.0822754e+01
   3.4364410e+06   2.8564453e+01
   3.4367840e+06   2.9235840e+01
   3.4371700e+06   2.7526855e+01
   3.4375760e+06   2.6489258e+01
   3.4379850e+06   2.2094727e+01
   3.4384860e+06   2.5512695e+01
   3.4385670e+06   2.6184082e+01
   3.4389280e+06   2.5024414e+01
   3.4390180e+06   3.0456543e+01
   3.4414960e+06   2.8747559e+01
   3.4420800e+06   2.9357910e+01
   3.4426290e+06   2.6733398e+01
   3.4429530e+06   3.2470703e+01
   3.4432950e+06   2.8320312e+01
   3.4434840e+06   2.4902344e+01
   3.4440990e+06   3.2958984e+01
   3.4445120e+06   2.7221680e+01
   3.4450080e+06   2.7404785e+01
   3.4456420e+06   2.7038574e+01
   3.4462350e+06   2.8076172e+01
   3.4470350e+06   2.8381348e+01
   3.4476960e+06   3.3386230e+01
   3.4483200e+06   2.6611328e+01
   3.4490740e+06   2.6977539e+01
   3.4498090e+06   3.1311035e+01
   3.4498960e+06   1.5136719e+01
   3.4500930e+06   2.4475098e+01
   3.4505260e+06   2.7832031e+01
   3.4506470e+06   3.0212402e+01
   3.4508690e+06   2.8137207e+01
   3.4510610e+06   2.9541016e+01
   3.4511750e+06   2.5695801e+01
   3.4521970e+06   2.7343750e+01
   3.4526500e+06   3.1311035e+01
   3.4538180e+06   1.9226074e+01
   3.4543650e+06   3.0395508e+01
   3.4547720e+06   3.0273438e+01
   3.4551330e+06   2.8076172e+01
   3.4580600e+06   3.0822754e+01
   3.4599590e+06   2.7587891e+01
   3.4610580e+06   3.2653809e+01
   3.4623820e+06   2.8686523e+01
   3.4629620e+06   3.3752441e+01
   3.4630360e+06   2.8442383e+01
   3.4631050e+06   3.6804199e+01
   3.4637940e+06   3.4179688e+01
   3.4647470e+06   2.6794434e+01
   3.4651390e+06   3.0700684e+01
   3.4652370e+06   2.7343750e+01
   3.4653630e+06   1.7822266e+01
   3.4654090e+06   1.5930176e+01
   3.4654500e+06   1.5808105e+01
   3.4654780e+06   2.1911621e+01
   3.4662000e+06   2.5329590e+01
   3.4664890e+06   2.9357910e+01
   3.4682470e+06   2.8259277e+01
   3.4689630e+06   2.8808594e+01
   3.4720620e+06   1.5380859e+01
   3.4726820e+06   3.0395508e+01
   3.4733990e+06   1.5747070e+01
   3.4734320e+06   3.6987305e+01
   3.4741680e+06   3.1555176e+01
   3.4745940e+06   2.7587891e+01
   3.4748150e+06   2.8442383e+01
   3.4768180e+06   2.9602051e+01
   3.4771270e+06   3.3081055e+01
   3.4775050e+06   2.8198242e+01
   3.4776920e+06   2.7404785e+01
   3.4777780e+06   1.9836426e+01
   3.4778220e+06   1.8737793e+01
   3.4778800e+06   3.0029297e+01
   3.4780150e+06   2.7038574e+01
   3.4780290e+06   1.6296387e+01
   3.4782760e+06   2.6611328e+01
   3.4786700e+06   2.9174805e+01
   3.4788610e+06   3.3081055e+01
   3.4800130e+06   1.7395020e+01
   3.4800570e+06   3.0944824e+01
   3.4840160e+06   3.1616211e+01
   3.4854600e+06   2.9785156e+01
   3.4867090e+06   2.6428223e+01
   3.4876970e+06   2.7832031e+01
   3.4897680e+06   1.5686035e+01
   3.4916770e+06   3.0151367e+01
   3.4929760e+06   2.9968262e+01
   3.4937220e+06   3.6010742e+01
   3.4940350e+06   2.7343750e+01
   3.4955290e+06   2.7893066e+01
   3.4957610e+06   3.0212402e+01
   3.4963150e+06   3.0578613e+01
   3.4964840e+06   3.2470703e+01
   3.4967700e+06   4.2480469e+01
   3.4968070e+06   3.7475586e+01
   3.4974870e+06   3.1188965e+01
   3.4999890e+06   2.9113770e+01
   3.5020650e+06   3.1738281e+01
   3.5023380e+06   3.0883789e+01
   3.5024920e+06   3.5705566e+01
   3.5036300e+06   2.7465820e+01
   3.5037310e+06   2.7160645e+01
   3.5038250e+06   2.8076172e+01
   3.5039680e+06   3.2104492e+01
   3.5049870e+06   2.6794434e+01
   3.5053260e+06   2.7709961e+01
   3.5065260e+06   2.9296875e+01
   3.5090600e+06   1.9104004e+01
   3.5094060e+06   2.6306152e+01
   3.5095110e+06   3.1311035e+01
   3.5097130e+06   2.4291992e+01
   3.5098270e+06   2.8076172e+01
   3.5105920e+06   2.6916504e+01
   3.5114050e+06   3.2348633e+01
   3.5121710e+06   2.9296875e+01
   3.5137500e+06   3.8940430e+01
   3.5142210e+06   2.9357910e+01
   3.5145560e+06   3.0883789e+01
   3.5167380e+06   2.4353027e+01
   3.5170080e+06   3.4973145e+01
   3.5177430e+06   3.1555176e+01
   3.5184160e+06   2.8381348e+01
   3.5205490e+06   3.5583496e+01
   3.5206660e+06   3.1005859e+01
   3.5237860e+06   1.5747070e+01
   3.5238320e+06   3.0517578e+01
   3.5239150e+06   3.4912109e+01
   3.5244150e+06   2.8137207e+01
   3.5270910e+06   3.1921387e+01
   3.5280940e+06   2.5695801e+01
   3.5284760e+06   2.6306152e+01
   3.5291590e+06   3.1127930e+01
   3.5292900e+06   3.3447266e+01
   3.5296120e+06   2.5756836e+01
   3.5302000e+06   2.8747559e+01
   3.5303420e+06   2.8015137e+01
   3.5327930e+06   2.9968262e+01
   3.5341160e+06   2.8869629e+01
   3.5343450e+06   2.9785156e+01
   3.5356180e+06   1.6723633e+01
   3.5373740e+06   3.2531738e+01
   3.5388430e+06   2.8869629e+01
   3.5391810e+06   2.7832031e+01
   3.5393860e+06   2.7770996e+01
   3.5398930e+06   2.8198242e+01
   3.5405020e+06   2.8076172e+01
   3.5406280e+06   2.3559570e+01
   3.5437340e+06   2.9296875e+01
   3.5440870e+06   3.3691406e+01
   3.5457880e+06   3.1005859e+01
   3.5472280e+06   2.8015137e+01
   3.5498100e+06   1.6479492e+01
   3.5508880e+06   1.5808105e+01
   3.5562190e+06   3.4423828e+01
   3.5576140e+06   2.7404785e+01
   3.5593080e+06   2.5207520e+01
   3.5609290e+06   3.0761719e+01
   3.5626070e+06   3.1616211e+01
   3.5627810e+06   3.1250000e+01
   3.5631530e+06   2.4902344e+01
   3.5659670e+06   2.8747559e+01
   3.5688440e+06   3.2653809e+01
   3.5690600e+06   3.0517578e+01
   3.5692130e+06   2.8808594e+01
   3.5695910e+06   3.0151367e+01
   3.5697200e+06   2.3498535e+01
   3.5698870e+06   2.4902344e+01
   3.5701290e+06   2.6611328e+01
   3.5703770e+06   2.4536133e+01
   3.5707990e+06   3.1311035e+01
   3.5710410e+06   2.5573730e+01
   3.5712920e+06   2.8320312e+01
   3.5719200e+06   2.7526855e+01
   3.5726210e+06   3.0212402e+01
   3.5755910e+06   2.9968262e+01
   3.5774610e+06   3.0639648e+01
   3.5815460e+06   3.0883789e+01
   3.5828190e+06   3.1250000e+01
   3.5841180e+06   3.1982422e+01
   3.5863800e+06   2.9724121e+01
   3.5877940e+06   1.5441895e+01
   3.5883730e+06   1.6662598e+01
   3.5891920e+06   3.2836914e+01
   3.5907540e+06   2.9418945e+01
   3.5921040e+06   2.9357910e+01
   3.5925250e+06   2.7954102e+01
   3.5932430e+06   3.4606934e+01
   3.5939230e+06   2.8198242e+01
   3.5945640e+06   2.8503418e+01
   3.5949990e+06   2.8442383e+01
   3.5952280e+06   2.6184082e+01
   3.5953970e+06   2.9602051e+01
   3.5983770e+06   3.0334473e+01
   3.6010300e+06   3.1982422e+01
   3.6028240e+06   2.7404785e+01
   3.6047480e+06   1.7883301e+01
   3.6054850e+06   2.9602051e+01
   3.6058200e+06   3.1921387e+01
   3.6059860e+06   2.3132324e+01
   3.6061880e+06   2.9785156e+01
   3.6066440e+06   2.5878906e+01
   3.6077020e+06   3.1005859e+01
   3.6082130e+06   2.7587891e+01
   3.6109230e+06   3.8635254e+01
   3.6129830e+06   2.4169922e+01
   3.6143660e+06   1.7272949e+01
   3.6148760e+06   3.0334473e+01
   3.6164010e+06   3.2104492e+01
   3.6166830e+06   1.5136719e+01
   3.6195490e+06   3.0273438e+01
   3.6212370e+06   2.8869629e+01
   3.6225770e+06   2.8625488e+01
   3.6254820e+06   2.8808594e+01
   3.6261960e+06   3.0151367e+01
   3.6282470e+06   3.5400391e+01
   3.6292020e+06   2.8259277e+01
   3.6295280e+06   2.7709961e+01
   3.6303480e+06   3.2165527e+01
   3.6306700e+06   2.9968262e+01
   3.6312580e+06   3.4545898e+01
   3.6317870e+06   2.8930664e+01
   3.6335650e+06   2.7282715e+01
   3.6348650e+06   3.1494141e+01
   3.6363460e+06   2.5634766e+01
   3.6374900e+06   3.1982422e+01
   3.6379600e+06   3.1127930e+01
   3.6385440e+06   2.5817871e+01
   3.6400100e+06   3.4179688e+01
   3.6412440e+06   3.1433105e+01
   3.6414880e+06   2.7770996e+01
   3.6422700e+06   2.5573730e+01
   3.6439630e+06   1.5808105e+01
   3.6448890e+06   2.6916504e+01
   3.6459600e+06   3.3142090e+01
   3.6472110e+06   3.1799316e+01
   3.6478540e+06   2.9663086e+01
   3.6495470e+06   3.7414551e+01
   3.6499110e+06   3.0822754e+01
   3.6516170e+06   3.1066895e+01
   3.6518470e+06   2.9968262e+01
   3.6520580e+06   2.6123047e+01
   3.6522430e+06   3.1677246e+01
   3.6524020e+06   1.5991211e+01
   3.6524390e+06   1.7089844e+01
   3.6525680e+06   2.7954102e+01
   3.6528870e+06   1.7211914e+01
   3.6529030e+06   2.8686523e+01
   3.6530140e+06   2.7099609e+01
   3.6533460e+06   2.6550293e+01
   3.6541750e+06   2.7893066e+01
   3.6544170e+06   2.7038574e+01
   3.6546920e+06   2.7770996e+01
   3.6550210e+06   3.4851074e+01
   3.6553330e+06   2.8930664e+01
   3.6580840e+06   3.2165527e+01
   3.6619380e+06   2.6428223e+01
   3.6634750e+06   2.8137207e+01
   3.6650330e+06   2.8259277e+01
   3.6662430e+06   2.6672363e+01
   3.6710900e+06   4.1564941e+01
   3.6711300e+06   3.7109375e+01
   3.6711470e+06   3.0456543e+01
   3.6711900e+06   3.3081055e+01
   3.6725490e+06   3.1433105e+01
   3.6732850e+06   2.8869629e+01
   3.6744600e+06   3.2226562e+01
   3.6751010e+06   2.5207520e+01
   3.6757040e+06   2.9296875e+01
   3.6796250e+06   3.2958984e+01
   3.6811240e+06   2.6123047e+01
   3.6823930e+06   2.8503418e+01
   3.6836120e+06   2.5878906e+01
   3.6854310e+06   2.4047852e+01
   3.6857660e+06   3.2043457e+01
   3.6862770e+06   3.0029297e+01
   3.6864210e+06   3.1677246e+01
   3.6868600e+06   2.9663086e+01
   3.6884350e+06   2.5146484e+01
   3.6888290e+06   2.3559570e+01
   3.6895150e+06   2.9296875e+01
   3.6897640e+06   3.0944824e+01
   3.6900700e+06   2.9357910e+01
   3.6903330e+06   2.7038574e+01
   3.6908990e+06   2.9846191e+01
   3.6910930e+06   2.9724121e+01
   3.6913680e+06   3.1738281e+01
   3.6921500e+06   3.1127930e+01
   3.6932000e+06   1.7761230e+01
   3.6932190e+06   2.9113770e+01
   3.6932560e+06   2.1301270e+01
   3.6944490e+06   3.3569336e+01
   3.6947440e+06   2.8686523e+01
   3.6954200e+06   2.5817871e+01
   3.6979370e+06   3.1738281e+01
   3.7009420e+06   2.8930664e+01
   3.7013680e+06   3.4423828e+01
   3.7021400e+06   3.0883789e+01
   3.7023440e+06   3.0700684e+01
   3.7026220e+06   2.5634766e+01
   3.7026920e+06   3.0212402e+01
   3.7030690e+06   2.9235840e+01
   3.7035640e+06   3.4973145e+01
   3.7035940e+06   2.8930664e+01
   3.7036080e+06   2.3010254e+01
   3.7036250e+06   4.4189453e+01
   3.7037210e+06   2.6367188e+01
   3.7061890e+06   3.1921387e+01
   3.7093120e+06   2.6489258e+01
   3.7108550e+06   3.2287598e+01
   3.7121440e+06   3.1372070e+01
   3.7135470e+06   3.5034180e+01
   3.7149120e+06   3.4301758e+01
   3.7151620e+06   2.7221680e+01
   3.7172800e+06   3.1433105e+01
   3.7176850e+06   3.5644531e+01
   3.7184920e+06   2.5085449e+01
   3.7202490e+06   2.8930664e+01
   3.7205690e+06   2.8259277e+01
   3.7220480e+06   2.6611328e+01
   3.7223730e+06   3.1433105e+01
   3.7227100e+06   2.9418945e+01
   3.7242870e+06   3.0212402e+01
   3.7247770e+06   2.7587891e+01
   3.7251320e+06   3.2409668e+01
   3.7255740e+06   2.8137207e+01
   3.7277580e+06   2.8320312e+01
   3.7298250e+06   2.9602051e+01
   3.7303560e+06   2.9418945e+01
   3.7306820e+06   2.8503418e+01
   3.7311640e+06   2.8076172e+01
   3.7315670e+06   2.7954102e+01
   3.7317180e+06   2.7832031e+01
   3.7321630e+06   3.1921387e+01
   3.7339730e+06   3.5400391e+01
   3.7360130e+06   3.3874512e+01
   3.7375940e+06   2.6428223e+01
   3.7381340e+06   3.1921387e+01
   3.7383210e+06   4.2663574e+01
   3.7387350e+06   1.5258789e+01
   3.7387820e+06   1.5136719e+01
   3.7395010e+06   3.5217285e+01
   3.7403400e+06   2.9907227e+01
   3.7433360e+06   2.3010254e+01
   3.7433940e+06   1.7150879e+01
   3.7434350e+06   1.9836426e+01
   3.7438390e+06   3.1372070e+01
   3.7443400e+06   2.8930664e+01
   3.7450900e+06   2.9296875e+01
   3.7458060e+06   3.0700684e+01
   3.7463800e+06   2.6184082e+01
   3.7475520e+06   3.0029297e+01
   3.7478580e+06   2.8747559e+01
   3.7496740e+06   2.8564453e+01
   3.7497930e+06   3.2104492e+01
   3.7500230e+06   2.6855469e+01
   3.7504480e+06   2.6794434e+01
   3.7507580e+06   3.0029297e+01
   3.7510360e+06   2.7343750e+01
   3.7516850e+06   3.0639648e+01
   3.7519680e+06   3.0090332e+01
   3.7526560e+06   3.1005859e+01
   3.7532710e+06   3.5278320e+01
   3.7533080e+06   1.8981934e+01
   3.7555510e+06   3.1982422e+01
   3.7560570e+06   2.3193359e+01
   3.7585960e+06   2.8625488e+01
   3.7608160e+06   2.9663086e+01
   3.7609900e+06   1.5136719e+01
   3.7615310e+06   3.1311035e+01
   3.7619430e+06   3.2775879e+01
   3.7622830e+06   4.3640137e+01
   3.7623350e+06   3.1433105e+01
   3.7623540e+06   2.6306152e+01
   3.7623700e+06   2.6184082e+01
   3.7624620e+06   3.2714844e+01
   3.7624790e+06   2.6794434e+01
   3.7625060e+06   2.5512695e+01
   3.7625910e+06   2.7832031e+01
   3.7652330e+06   2.9663086e+01
   3.7671590e+06   3.1555176e+01
   3.7685020e+06   3.3935547e+01
   3.7711610e+06   3.2226562e+01
   3.7720160e+06   2.9724121e+01
   3.7728670e+06   3.2226562e+01
   3.7731170e+06   2.8320312e+01
   3.7734180e+06   3.0944824e+01
   3.7747870e+06   3.3447266e+01
   3.7751680e+06   3.1250000e+01
   3.7754370e+06   2.8320312e+01
   3.7757730e+06   2.8137207e+01
   3.7760990e+06   3.1494141e+01
   3.7763310e+06   3.0822754e+01
   3.7764650e+06   3.1250000e+01
   3.7765860e+06   2.7465820e+01
   3.7773070e+06   2.9052734e+01
   3.7787520e+06   3.0700684e+01
   3.7792600e+06   2.6245117e+01
   3.7807860e+06   3.3264160e+01
   3.7811010e+06   3.0456543e+01
   3.7812110e+06   3.0395508e+01
   3.7816780e+06   2.7770996e+01
   3.7828550e+06   2.7526855e+01
   3.7829840e+06   2.7709961e+01
   3.7833610e+06   2.7404785e+01
   3.7835480e+06   3.2653809e+01
   3.7866530e+06   2.9418945e+01
   3.7883490e+06   3.3996582e+01
   3.7908500e+06   3.0456543e+01
   3.7913000e+06   2.7770996e+01
   3.7915600e+06   2.8259277e+01
   3.7917970e+06   2.8381348e+01
   3.7920760e+06   2.9663086e+01
   3.7928530e+06   2.6672363e+01
   3.7931060e+06   2.4230957e+01
   3.7957450e+06   1.5258789e+01
   3.7963890e+06   3.3142090e+01
   3.7974770e+06   3.1250000e+01
   3.7978250e+06   2.7893066e+01
   3.7978980e+06   3.8269043e+01
   3.7979690e+06   3.5766602e+01
   3.7979850e+06   3.1677246e+01
   3.7980010e+06   2.5390625e+01
   3.7980420e+06   2.3254395e+01
   3.7980580e+06   2.3864746e+01
   3.7981110e+06   2.6611328e+01
   3.7981210e+06   2.6855469e+01
   3.7981670e+06   2.7832031e+01
   3.7982080e+06   2.2399902e+01
   3.7982220e+06   2.6550293e+01
   3.7982590e+06   2.3193359e+01
   3.7982750e+06   2.4291992e+01
   3.7983530e+06   2.5451660e+01
   3.7983660e+06   2.4963379e+01
   3.7985010e+06   3.1494141e+01
   3.7985170e+06   2.9235840e+01
   3.7985420e+06   2.0324707e+01
   3.7985840e+06   2.8320312e+01
   3.8028510e+06   3.0090332e+01
   3.8053000e+06   3.1372070e+01
   3.8067110e+06   2.4780273e+01
   3.8072830e+06   2.8076172e+01
   3.8082170e+06   2.8869629e+01
   3.8085980e+06   2.7282715e+01
   3.8088480e+06   2.6184082e+01
   3.8121280e+06   2.8259277e+01
   3.8123260e+06   1.5747070e+01
   3.8138000e+06   3.1372070e+01
   3.8143790e+06   3.2897949e+01
   3.8146430e+06   3.1555176e+01
   3.8148370e+06   2.9541016e+01
   3.8152620e+06   3.2165527e+01
   3.8152820e+06   2.7465820e+01
   3.8153560e+06   3.8696289e+01
   3.8153800e+06   3.4057617e+01
   3.8153910e+06   3.1982422e+01
   3.8154380e+06   3.0883789e+01
   3.8154550e+06   3.0578613e+01
   3.8154680e+06   2.5756836e+01
   3.8191390e+06   3.3142090e+01
   3.8198370e+06   1.6113281e+01
   3.8212350e+06   2.6062012e+01
   3.8235100e+06   3.1799316e+01
   3.8241570e+06   3.3569336e+01
   3.8259890e+06   2.8442383e+01
   3.8268900e+06   3.1127930e+01
   3.8272140e+06   2.7648926e+01
   3.8275650e+06   3.1555176e+01
   3.8277840e+06   2.9113770e+01
   3.8281610e+06   2.0507812e+01
   3.8282090e+06   2.8625488e+01
   3.8288850e+06   2.9479980e+01
   3.8291300e+06   2.6733398e+01
   3.8292640e+06   2.7648926e+01
   3.8294670e+06   2.8320312e+01
   3.8298410e+06   2.8686523e+01
   3.8303880e+06   1.8127441e+01
   3.8304010e+06   2.8930664e+01
   3.8344820e+06   3.3996582e+01
   3.8353010e+06   2.9846191e+01
   3.8354470e+06   2.6367188e+01
   3.8355780e+06   2.8015137e+01
   3.8359460e+06   3.1127930e+01
   3.8362270e+06   2.5634766e+01
   3.8365460e+06   2.6794434e+01
   3.8370230e+06   2.8930664e+01
   3.8377680e+06   2.8686523e+01
   3.8380220e+06   2.5512695e+01
   3.8384130e+06   2.9785156e+01
   3.8398610e+06   2.8381348e+01
   3.8400810e+06   2.9479980e+01
   3.8406730e+06   3.2043457e+01
   3.8421130e+06   3.3020020e+01
   3.8429220e+06   1.8554688e+01
   3.8429450e+06   2.8015137e+01
   3.8430670e+06   3.1250000e+01
   3.8438260e+06   3.5339355e+01
   3.8440660e+06   3.2714844e+01
   3.8442590e+06   3.3386230e+01
   3.8444280e+06   2.3559570e+01
   3.8454670e+06   2.7709961e+01
   3.8457420e+06   2.6672363e+01
   3.8460670e+06   2.7526855e+01
   3.8461670e+06   1.9165039e+01
   3.8461840e+06   2.6123047e+01
   3.8463000e+06   1.5441895e+01
   3.8463830e+06   2.7465820e+01
   3.8466630e+06   1.9775391e+01
   3.8466830e+06   2.7709961e+01
   3.8467220e+06   1.7089844e+01
   3.8468170e+06   2.7160645e+01
   3.8498800e+06   3.3447266e+01
   3.8514380e+06   2.8076172e+01
   3.8521650e+06   2.9174805e+01
   3.8528970e+06   2.6428223e+01
   3.8536190e+06   2.6184082e+01
   3.8541330e+06   2.8991699e+01
   3.8549370e+06   2.7099609e+01
   3.8569380e+06   2.8137207e+01
   3.8597770e+06   1.6052246e+01
   3.8602450e+06   2.9541016e+01
   3.8611340e+06   3.1433105e+01
   3.8616740e+06   3.1127930e+01
   3.8640320e+06   2.5634766e+01
   3.8658170e+06   3.2836914e+01
   3.8673050e+06   1.5319824e+01
   3.8679140e+06   3.4118652e+01
   3.8684900e+06   2.9663086e+01
   3.8690400e+06   2.8198242e+01
   3.8695910e+06   3.3020020e+01
   3.8697690e+06   3.0578613e+01
   3.8700560e+06   3.0395508e+01
   3.8701560e+06   3.0334473e+01
   3.8703930e+06   2.8564453e+01
   3.8705110e+06   2.1850586e+01
   3.8708380e+06   3.1860352e+01
   3.8709720e+06   2.9724121e+01
   3.8718270e+06   1.5380859e+01
   3.8724260e+06   1.6235352e+01
   3.8724640e+06   1.5869141e+01
   3.8761040e+06   3.1005859e+01
   3.8778010e+06   2.7160645e+01
   3.8782170e+06   3.2104492e+01
   3.8784390e+06   3.3508301e+01
   3.8786880e+06   2.8320312e+01
   3.8804400e+06   2.6123047e+01
   3.8819710e+06   2.8381348e+01
   3.8829960e+06   2.4047852e+01
   3.8831440e+06   3.4729004e+01
   3.8835050e+06   2.9541016e+01
   3.8840400e+06   3.3020020e+01
   3.8842290e+06   2.4230957e+01
   3.8846760e+06   2.8381348e+01
   3.8855960e+06   2.9357910e+01
   3.8857880e+06   2.9785156e+01
   3.8871580e+06   2.9479980e+01
   3.8875740e+06   3.1799316e+01
   3.8877610e+06   3.1738281e+01
   3.8909500e+06   3.1860352e+01
   3.8913230e+06   2.9846191e+01
   3.8918470e+06   2.4475098e+01
   3.8942260e+06   3.2897949e+01
   3.8962930e+06   3.2653809e+01
   3.8980490e+06   3.0334473e+01
   3.8996940e+06   3.1005859e+01
   3.9005820e+06   2.6916504e+01
   3.9026100e+06   2.8320312e+01
   3.9059820e+06   3.0029297e+01
   3.9069780e+06   3.0883789e+01
   3.9084620e+06   3.0090332e+01
   3.9095290e+06   2.9052734e+01
   3.9102720e+06   1.5136719e+01
   3.9107920e+06   3.2470703e+01
   3.9116820e+06   2.9052734e+01
   3.9123900e+06   3.1311035e+01
   3.9136130e+06   2.4902344e+01
   3.9143380e+06   2.9174805e+01
   3.9148850e+06   2.7404785e+01
   3.9150860e+06   3.1433105e+01
   3.9161400e+06   2.5390625e+01
   3.9177610e+06   2.7465820e+01
   3.9210510e+06   2.9174805e+01
   3.9214340e+06   3.1250000e+01
   3.9219300e+06   3.1433105e+01
   3.9223420e+06   2.5207520e+01
   3.9235380e+06   2.9113770e+01
   3.9236640e+06   2.5024414e+01
   3.9237890e+06   2.5695801e+01
   3.9267320e+06   3.3386230e+01
   3.9281550e+06   3.2836914e+01
   3.9283750e+06   2.6123047e+01
   3.9293480e+06   3.5156250e+01
   3.9308350e+06   3.3142090e+01
   3.9314000e+06   3.0578613e+01
   3.9351210e+06   2.9968262e+01
   3.9366290e+06   3.6132813e+01
   3.9373800e+06   3.2714844e+01
   3.9380790e+06   2.9174805e+01
   3.9398920e+06   2.8869629e+01
   3.9409290e+06   2.7038574e+01
   3.9412680e+06   2.6672363e+01
   3.9422070e+06   2.7587891e+01
   3.9423930e+06   2.9724121e+01
   3.9440430e+06   3.2592773e+01
   3.9476090e+06   3.1372070e+01
   3.9487610e+06   2.6733398e+01
   3.9503830e+06   2.6489258e+01
   3.9520890e+06   3.0578613e+01
   3.9525460e+06   3.1311035e+01
   3.9534960e+06   2.9174805e+01
   3.9539450e+06   2.8442383e+01
   3.9540630e+06   3.2287598e+01
   3.9545940e+06   2.8625488e+01
   3.9547250e+06   3.1066895e+01
   3.9549470e+06   2.9357910e+01
   3.9551520e+06   3.0334473e+01
   3.9555430e+06   2.8015137e+01
   3.9556460e+06   2.9113770e+01
   3.9558390e+06   2.6123047e+01
   3.9559440e+06   2.9541016e+01
   3.9564340e+06   2.7038574e+01
   3.9565710e+06   3.0700684e+01
   3.9569390e+06   2.8625488e+01
   3.9599380e+06   3.3569336e+01
   3.9607510e+06   1.7089844e+01
   3.9636750e+06   3.2165527e+01
   3.9648000e+06   3.6682129e+01
   3.9670070e+06   3.1860352e+01
   3.9675160e+06   2.7587891e+01
   3.9688910e+06   2.9357910e+01
   3.9695580e+06   3.2287598e+01
   3.9699680e+06   2.6367188e+01
   3.9704250e+06   2.9846191e+01
   3.9707760e+06   2.6489258e+01
   3.9714220e+06   2.6855469e+01
   3.9746030e+06   3.4240723e+01
   3.9758110e+06   3.3569336e+01
   3.9765410e+06   3.0761719e+01
   3.9767090e+06   2.6733398e+01
   3.9771800e+06   3.2104492e+01
   3.9781550e+06   2.5512695e+01
   3.9786000e+06   2.4780273e+01
   3.9793570e+06   2.4291992e+01
   3.9804960e+06   2.7343750e+01
   3.9810000e+06   2.8930664e+01
   3.9841670e+06   2.9174805e+01
   3.9849870e+06   2.8076172e+01
   3.9856960e+06   2.8320312e+01
   3.9861430e+06   2.7404785e+01
   3.9870760e+06   3.0395508e+01
   3.9874310e+06   3.1372070e+01
   3.9879260e+06   2.8259277e+01
   3.9882420e+06   3.2226562e+01
   3.9883890e+06   2.6123047e+01
   3.9886820e+06   3.0334473e+01
   3.9888430e+06   2.8686523e+01
   3.9893270e+06   2.9418945e+01
   3.9894130e+06   2.9174805e+01
   3.9894720e+06   1.7517090e+01
   3.9894870e+06   2.5024414e+01
   3.9900420e+06   2.9785156e+01
   3.9901420e+06   2.7770996e+01
   3.9902090e+06   2.8320312e+01
   3.9902250e+06   1.7150879e+01
   3.9903110e+06   1.8127441e+01
   3.9903650e+06   1.7333984e+01
   3.9903800e+06   2.7587891e+01
   3.9906210e+06   2.6611328e+01
   3.9907330e+06   2.8625488e+01
   3.9907780e+06   1.8676758e+01
   3.9907950e+06   2.4963379e+01
   3.9912320e+06   2.9418945e+01
   3.9948490e+06   2.9846191e+01
   3.9962020e+06   2.9357910e+01
   3.9972800e+06   3.5400391e+01
   3.9986360e+06   3.1250000e+01
   4.0004020e+06   3.2836914e+01
   4.0015640e+06   2.9541016e+01
   4.0022170e+06   3.6437988e+01
   4.0037740e+06   3.0517578e+01
   4.0038720e+06   3.0456543e+01
   4.0039750e+06   2.9602051e+01
   4.0057590e+06   3.0395508e+01
   4.0062730e+06   3.0517578e+01
   4.0063750e+06   3.0944824e+01
   4.0065090e+06   3.0822754e+01
   4.0095320e+06   3.0334473e+01
   4.0115050e+06   3.0029297e+01
   4.0145550e+06   3.4118652e+01
   4.0170700e+06   3.0395508e+01
   4.0180490e+06   2.8442383e+01
   4.0192370e+06   3.4729004e+01
   4.0215190e+06   2.9724121e+01
   4.0226660e+06   2.9907227e+01
   4.0236290e+06   2.4353027e+01
   4.0241520e+06   3.1799316e+01
   4.0264560e+06   3.0883789e+01
   4.0276010e+06   2.8686523e+01
   4.0277860e+06   3.2226562e+01
   4.0305700e+06   3.1982422e+01
   4.0316450e+06   2.6245117e+01
   4.0323470e+06   3.1066895e+01
   4.0328790e+06   2.9968262e+01
   4.0334690e+06   2.7526855e+01
   4.0336430e+06   2.5390625e+01
   4.0344900e+06   3.1066895e+01
   4.0348640e+06   2.7893066e+01
   4.0390470e+06   2.6794434e+01
   4.0410310e+06   3.0456543e+01
   4.0415770e+06   3.1555176e+01
   4.0420020e+06   2.8564453e+01
   4.0423510e+06   2.8991699e+01
   4.0427700e+06   2.8686523e+01
   4.0430430e+06   2.7404785e+01
   4.0432210e+06   3.0090332e+01
   4.0434530e+06   2.6550293e+01
   4.0450920e+06   2.9235840e+01
   4.0459120e+06   2.8808594e+01
   4.0468050e+06   2.8686523e+01
   4.0474110e+06   3.0822754e+01
   4.0480710e+06   1.6296387e+01
   4.0491540e+06   2.7160645e+01
   4.0496680e+06   2.9663086e+01
   4.0508100e+06   2.7709961e+01
   4.0511190e+06   2.9052734e+01
   4.0513640e+06   3.0517578e+01
   4.0517200e+06   3.1921387e+01
   4.0524270e+06   3.1250000e+01
   4.0529630e+06   3.4606934e+01
   4.0531880e+06   2.8503418e+01
   4.0562990e+06   3.0090332e+01
   4.0566870e+06   2.9541016e+01
   4.0580730e+06   3.1005859e+01
   4.0580910e+06   2.3742676e+01
   4.0581430e+06   2.6733398e+01
   4.0611830e+06   3.1127930e+01
   4.0637890e+06   3.0639648e+01
   4.0646180e+06   3.3020020e+01
   4.0649070e+06   3.2958984e+01
   4.0652010e+06   3.9794922e+01
   4.0652370e+06   3.6254883e+01
   4.0652520e+06   2.9907227e+01
   4.0684180e+06   2.9479980e+01
   4.0690100e+06   1.5319824e+01
   4.0701680e+06   2.5878906e+01
   4.0710970e+06   2.7404785e+01
   4.0712510e+06   3.1005859e+01
   4.0745110e+06   2.7160645e+01
   4.0748400e+06   3.3081055e+01
   4.0753680e+06   2.7343750e+01
   4.0754680e+06   3.2043457e+01
   4.0762280e+06   1.5991211e+01
   4.0762730e+06   1.6296387e+01
   4.0762890e+06   3.8574219e+01
   4.0769970e+06   3.0822754e+01
   4.0781570e+06   2.7282715e+01
   4.0784490e+06   2.9479980e+01
   4.0800310e+06   3.3935547e+01
   4.0823800e+06   2.9724121e+01
   4.0841070e+06   2.9052734e+01
   4.0871680e+06   3.5400391e+01
   4.0879400e+06   3.5095215e+01
   4.0907530e+06   2.8442383e+01
   4.0928340e+06   2.6489258e+01
   4.0951240e+06   2.7282715e+01
   4.0962530e+06   3.4179688e+01
   4.0981300e+06   3.2531738e+01
   4.0983860e+06   3.4606934e+01
   4.0986780e+06   3.0822754e+01
   4.0988260e+06   3.2043457e+01
   4.0994460e+06   3.2653809e+01
   4.0996870e+06   2.6733398e+01
   4.1007040e+06   1.6113281e+01
   4.1012180e+06   1.7395020e+01
   4.1012410e+06   3.0578613e+01
   4.1014950e+06   1.9531250e+01
   4.1015620e+06   1.7761230e+01
   4.1015860e+06   2.9968262e+01
   4.1017420e+06   4.0649414e+01
   4.1018030e+06   3.4301758e+01
   4.1018410e+06   2.2277832e+01
   4.1018510e+06   2.9602051e+01
   4.1042870e+06   2.9846191e+01
   4.1069600e+06   2.9785156e+01
   4.1075160e+06   2.9602051e+01
   4.1080790e+06   2.8869629e+01
   4.1083830e+06   2.9113770e+01
   4.1090270e+06   2.9663086e+01
   4.1095370e+06   2.7404785e+01
   4.1109620e+06   1.7089844e+01
   4.1109800e+06   2.8808594e+01
   4.1110120e+06   1.6601562e+01
   4.1110830e+06   1.6479492e+01
   4.1111180e+06   1.5258789e+01
   4.1113930e+06   3.1433105e+01
   4.1118030e+06   2.9785156e+01
   4.1120180e+06   3.0944824e+01
   4.1140950e+06   3.1005859e+01
   4.1156330e+06   3.1127930e+01
   4.1157440e+06   2.8808594e+01
   4.1159270e+06   2.7893066e+01
   4.1161640e+06   2.7709961e+01
   4.1164940e+06   1.6967773e+01
   4.1165290e+06   2.8991699e+01
   4.1167070e+06   3.1005859e+01
   4.1195310e+06   2.9846191e+01
   4.1216240e+06   3.1372070e+01
   4.1225430e+06   3.1677246e+01
   4.1227750e+06   3.3935547e+01
   4.1250980e+06   3.0944824e+01
   4.1266940e+06   2.8991699e+01
   4.1276920e+06   3.1433105e+01
   4.1278910e+06   2.9235840e+01
   4.1280960e+06   2.8930664e+01
   4.1295640e+06   3.0944824e+01
   4.1301820e+06   2.8808594e+01
   4.1304010e+06   3.3569336e+01
   4.1308420e+06   1.9958496e+01
   4.1308880e+06   1.6052246e+01
   4.1309090e+06   2.8320312e+01
   4.1310200e+06   1.8005371e+01
   4.1310830e+06   2.9235840e+01
   4.1313110e+06   2.9663086e+01
   4.1313960e+06   1.5075684e+01
   4.1314270e+06   2.2888184e+01
   4.1317140e+06   3.3142090e+01
   4.1319310e+06   1.5197754e+01
   4.1323850e+06   2.8442383e+01
   4.1338320e+06   3.1127930e+01
   4.1339300e+06   3.8146973e+01
   4.1339430e+06   2.8320312e+01
   4.1342380e+06   3.1311035e+01
   4.1343230e+06   3.2470703e+01
   4.1345850e+06   2.9785156e+01
   4.1346630e+06   3.0822754e+01
   4.1347530e+06   2.8625488e+01
   4.1395090e+06   3.1250000e+01
   4.1402910e+06   2.9235840e+01
   4.1404980e+06   3.2470703e+01
   4.1406330e+06   3.9245605e+01
   4.1407060e+06   3.8635254e+01
   4.1411020e+06   3.4301758e+01
   4.1427720e+06   3.3691406e+01
   4.1430460e+06   3.5766602e+01
   4.1432760e+06   2.6428223e+01
   4.1437260e+06   3.0151367e+01
   4.1448050e+06   2.8320312e+01
   4.1450110e+06   3.0944824e+01
   4.1451100e+06   2.0935059e+01
   4.1451340e+06   2.7648926e+01
   4.1454350e+06   2.4047852e+01
   4.1457340e+06   2.3925781e+01
   4.1459980e+06   2.5390625e+01
   4.1503340e+06   3.3874512e+01
   4.1519220e+06   3.0517578e+01
   4.1523320e+06   2.8991699e+01
   4.1528300e+06   3.6499023e+01
   4.1532320e+06   2.6733398e+01
   4.1533780e+06   3.1738281e+01
   4.1560220e+06   3.1799316e+01
   4.1562610e+06   3.4179688e+01
   4.1565810e+06   2.6916504e+01
   4.1606720e+06   2.9296875e+01
   4.1613680e+06   2.7526855e+01
   4.1615710e+06   3.0944824e+01
   4.1634700e+06   2.7343750e+01
   4.1646610e+06   3.2287598e+01
   4.1648500e+06   2.4963379e+01
   4.1651210e+06   3.0822754e+01
   4.1660130e+06   2.7893066e+01
   4.1670100e+06   3.0639648e+01
   4.1679810e+06   3.2409668e+01
   4.1683430e+06   1.8127441e+01
   4.1683580e+06   3.2287598e+01
   4.1686100e+06   2.9968262e+01
   4.1690060e+06   3.0456543e+01
   4.1699040e+06   3.1921387e+01
   4.1702270e+06   3.4667969e+01
   4.1707230e+06   3.2287598e+01
   4.1708800e+06   2.8137207e+01
   4.1739750e+06   2.8076172e+01
   4.1761920e+06   3.9306641e+01
   4.1762900e+06   3.1066895e+01
   4.1767680e+06   3.0944824e+01
   4.1791440e+06   3.0639648e+01
   4.1802710e+06   3.0334473e+01
   4.1823490e+06   2.8564453e+01
   4.1829320e+06   3.1494141e+01
   4.1833810e+06   2.6062012e+01
   4.1834740e+06   3.0700684e+01
   4.1867660e+06   3.0334473e+01
   4.1874290e+06   3.1433105e+01
   4.1886710e+06   2.9418945e+01
   4.1894450e+06   2.9479980e+01
   4.1896500e+06   3.0639648e+01
   4.1898670e+06   2.7404785e+01
   4.1899930e+06   1.5014648e+01
   4.1901180e+06   2.7404785e+01
   4.1901890e+06   2.9541016e+01
   4.1924450e+06   3.1127930e+01
   4.1926400e+06   2.6977539e+01
   4.1927970e+06   3.0029297e+01
   4.1947270e+06   3.1188965e+01
   4.1953430e+06   2.8747559e+01
   4.1957340e+06   2.9602051e+01
   4.1968840e+06   3.6132812e+01
   4.1972740e+06   2.4414062e+01
   4.1988900e+06   3.0212402e+01
   4.2003870e+06   2.5634766e+01
   4.2010000e+06   3.2653809e+01
   4.2018000e+06   3.2775879e+01
   4.2021880e+06   3.0334473e+01
   4.2029520e+06   3.1311035e+01
   4.2035510e+06   2.6245117e+01
   4.2037570e+06   3.0578613e+01
   4.2039180e+06   3.4118652e+01
   4.2053730e+06   3.0517578e+01
   4.2053930e+06   3.9550781e+01
   4.2056870e+06   3.1860352e+01
   4.2062550e+06   2.7465820e+01
   4.2065170e+06   2.6123047e+01
   4.2066250e+06   2.7526855e+01
   4.2068460e+06   2.1850586e+01
   4.2069960e+06   2.9052734e+01
   4.2072520e+06   3.2531738e+01
   4.2074010e+06   2.5146484e+01
   4.2075690e+06   2.6855469e+01
   4.2080280e+06   2.8320312e+01
   4.2081550e+06   3.0456543e+01
   4.2084090e+06   2.6794434e+01
   4.2086850e+06   2.8991699e+01
   4.2097270e+06   3.0151367e+01
   4.2098600e+06   2.8137207e+01
   4.2101500e+06   3.2958984e+01
   4.2103470e+06   2.8503418e+01
   4.2108090e+06   2.9418945e+01
   4.2109580e+06   2.6489258e+01
   4.2116770e+06   2.9357910e+01
   4.2127950e+06   2.5268555e+01
   4.2160310e+06   2.9235840e+01
   4.2173050e+06   3.1677246e+01
   4.2181960e+06   1.5625000e+01
   4.2187240e+06   2.8869629e+01
   4.2200790e+06   3.2043457e+01
   4.2205300e+06   3.4423828e+01
   4.2207610e+06   3.0944824e+01
   4.2210300e+06   2.8137207e+01
   4.2216820e+06   3.0151367e+01
   4.2225110e+06   3.0517578e+01
   4.2230190e+06   3.0273438e+01
   4.2250200e+06   2.0446777e+01
   4.2250830e+06   1.6601562e+01
   4.2252960e+06   1.9592285e+01
   4.2253150e+06   3.2775879e+01
   4.2255630e+06   2.6245117e+01
   4.2261250e+06   2.7282715e+01
   4.2265720e+06   2.8442383e+01
   4.2266600e+06   3.3020020e+01
   4.2269860e+06   2.6855469e+01
   4.2270680e+06   3.3386230e+01
   4.2274180e+06   2.7099609e+01
   4.2275460e+06   2.5817871e+01
   4.2278860e+06   2.9541016e+01
   4.2280840e+06   2.7465820e+01
   4.2283110e+06   2.6916504e+01
   4.2285280e+06   2.5695801e+01
   4.2288250e+06   3.1921387e+01
   4.2289220e+06   2.8869629e+01
   4.2294140e+06   2.7343750e+01
   4.2302200e+06   2.4414062e+01
   4.2303410e+06   3.2104492e+01
   4.2308460e+06   2.9479980e+01
   4.2311060e+06   2.7832031e+01
   4.2312670e+06   2.9602051e+01
   4.2318020e+06   2.7954102e+01
   4.2319920e+06   2.7160645e+01
   4.2339150e+06   3.2836914e+01
   4.2368380e+06   2.8442383e+01
   4.2385950e+06   2.7099609e+01
   4.2395940e+06   3.0273438e+01
   4.2400810e+06   3.0456543e+01
   4.2401400e+06   3.6621094e+01
   4.2401960e+06   2.7770996e+01
   4.2404100e+06   3.3996582e+01
   4.2404870e+06   2.9174805e+01
   4.2406080e+06   2.6611328e+01
   4.2407350e+06   2.9174805e+01
   4.2408290e+06   2.5695801e+01
   4.2410120e+06   2.5329590e+01
   4.2411390e+06   2.8259277e+01
   4.2412670e+06   2.5390625e+01
   4.2454150e+06   1.6235352e+01
   4.2459210e+06   3.1250000e+01
   4.2474730e+06   3.4240723e+01
   4.2480820e+06   2.8198242e+01
   4.2483710e+06   2.6489258e+01
   4.2488230e+06   2.9113770e+01
   4.2490430e+06   2.9296875e+01
   4.2492440e+06   2.8076172e+01
   4.2493320e+06   3.7048340e+01
   4.2497080e+06   2.6611328e+01
   4.2499180e+06   3.1250000e+01
   4.2500090e+06   2.9418945e+01
   4.2506490e+06   3.4362793e+01
   4.2507970e+06   2.4230957e+01
   4.2512720e+06   2.7099609e+01
   4.2516520e+06   2.9235840e+01
   4.2518880e+06   3.2104492e+01
   4.2528220e+06   2.5024414e+01
   4.2529410e+06   2.3071289e+01
   4.2529840e+06   1.7395020e+01
   4.2530090e+06   2.3986816e+01
   4.2530910e+06   1.5808105e+01
   4.2531610e+06   2.8747559e+01
   4.2535790e+06   1.8859863e+01
   4.2535920e+06   2.7343750e+01
   4.2543200e+06   2.9968262e+01
   4.2554740e+06   2.6367188e+01
   4.2570590e+06   2.6062012e+01
   4.2577930e+06   2.5146484e+01
   4.2595980e+06   2.8747559e+01
   4.2609150e+06   3.1372070e+01
   4.2630610e+06   1.5502930e+01
   4.2637910e+06   1.8798828e+01
   4.2649960e+06   1.5441895e+01
   4.2650780e+06   1.6906738e+01
   4.2686390e+06   3.1433105e+01
   4.2696430e+06   3.0029297e+01
   4.2698860e+06   3.2409668e+01
   4.2701150e+06   3.0212402e+01
   4.2704420e+06   2.7587891e+01
   4.2705590e+06   3.0029297e+01
   4.2733260e+06   3.1738281e+01
   4.2750250e+06   3.4057617e+01
   4.2763860e+06   3.1066895e+01
   4.2766850e+06   2.6184082e+01
   4.2779850e+06   3.0273438e+01
   4.2784850e+06   3.4179688e+01
   4.2786600e+06   3.5217285e+01
   4.2790580e+06   2.8503418e+01
   4.2796060e+06   3.3325195e+01
   4.2808050e+06   2.6550293e+01
   4.2811890e+06   2.7404785e+01
   4.2814960e+06   2.9846191e+01
   4.2816080e+06   2.6550293e+01
   4.2819780e+06   2.6245117e+01
   4.2820660e+06   3.0822754e+01
   4.2822630e+06   2.3986816e+01
   4.2839840e+06   2.7526855e+01
   4.2845820e+06   3.2958984e+01
   4.2871400e+06   3.7902832e+01
   4.2888770e+06   3.4118652e+01
   4.2899070e+06   3.2409668e+01
   4.2913610e+06   3.0151367e+01
   4.2921100e+06   3.0761719e+01
   4.2925810e+06   2.6550293e+01
   4.2927470e+06   1.8188477e+01
   4.2928040e+06   1.9348145e+01
   4.2928270e+06   3.4790039e+01
   4.2935730e+06   2.7404785e+01
   4.2937800e+06   2.9846191e+01
   4.2957460e+06   2.3925781e+01
   4.2970170e+06   2.8259277e+01
   4.2977910e+06   3.0578613e+01
   4.2980660e+06   3.0944824e+01
   4.2985370e+06   2.8808594e+01
   4.2987500e+06   2.7160645e+01
   4.2991020e+06   4.0039062e+01
   4.3016640e+06   2.9602051e+01
   4.3036200e+06   1.6967773e+01
   4.3065630e+06   3.4484863e+01
   4.3070220e+06   1.5808105e+01
   4.3079460e+06   3.0822754e+01
   4.3099430e+06   3.1127930e+01
   4.3110020e+06   2.6916504e+01
   4.3129830e+06   3.2531738e+01
   4.3133690e+06   2.9174805e+01
   4.3137890e+06   3.1860352e+01
   4.3144040e+06   2.8747559e+01
   4.3150060e+06   3.0578613e+01
   4.3150820e+06   2.7587891e+01
   4.3152550e+06   3.0090332e+01
   4.3153980e+06   3.2470703e+01
   4.3155240e+06   3.1494141e+01
   4.3156210e+06   3.1188965e+01
   4.3160140e+06   2.6489258e+01
   4.3192180e+06   3.2653809e+01
   4.3203760e+06   1.5808105e+01
   4.3208100e+06   2.7954102e+01
   4.3209810e+06   3.2714844e+01
   4.3213570e+06   2.7282715e+01
   4.3218380e+06   2.9052734e+01
   4.3220500e+06   2.8320312e+01
   4.3231390e+06   3.2653809e+01
   4.3236240e+06   2.9846191e+01
   4.3237680e+06   2.8381348e+01
   4.3250890e+06   3.2104492e+01
   4.3257140e+06   3.0700684e+01
   4.3268070e+06   2.7465820e+01
   4.3270670e+06   2.6672363e+01
   4.3273120e+06   2.9541016e+01
   4.3275760e+06   2.5634766e+01
   4.3279830e+06   2.9785156e+01
   4.3300120e+06   3.2775879e+01
   4.3304200e+06   2.5390625e+01
   4.3306430e+06   1.9042969e+01
   4.3306850e+06   1.5808105e+01
   4.3307910e+06   1.5319824e+01
   4.3308200e+06   3.3203125e+01
   4.3338910e+06   2.7648926e+01
   4.3345750e+06   2.8747559e+01
   4.3350770e+06   3.1188965e+01
   4.3352140e+06   3.0029297e+01
   4.3363070e+06   2.9846191e+01
   4.3376390e+06   1.6967773e+01
   4.3402900e+06   1.6662598e+01
   4.3429230e+06   2.8991699e+01
   4.3446510e+06   2.7099609e+01
   4.3461230e+06   3.1677246e+01
   4.3483140e+06   2.9052734e+01
   4.3487000e+06   3.6621094e+01
   4.3496400e+06   2.8137207e+01
   4.3500310e+06   2.8137207e+01
   4.3508200e+06   3.4667969e+01
   4.3513090e+06   1.5075684e+01
   4.3515090e+06   3.0273438e+01
   4.3546300e+06   3.3874512e+01
   4.3547850e+06   3.1433105e+01
   4.3551130e+06   2.9846191e+01
   4.3556030e+06   2.7770996e+01
   4.3559700e+06   2.5756836e+01
   4.3562930e+06   2.7404785e+01
   4.3600480e+06   3.2287598e+01
   4.3614410e+06   2.7709961e+01
   4.3619240e+06   2.8259277e+01
   4.3631560e+06   3.1250000e+01
   4.3636040e+06   2.6428223e+01
   4.3657170e+06   1.5319824e+01
   4.3663440e+06   2.5512695e+01
   4.3682290e+06   3.9611816e+01
   4.3682780e+06   2.9357910e+01
   4.3692280e+06   1.5502930e+01
   4.3716530e+06   2.6733398e+01
   4.3731520e+06   3.0822754e+01
   4.3747130e+06   3.3447266e+01
   4.3761200e+06   2.9418945e+01
   4.3767430e+06   3.1799316e+01
   4.3770000e+06   2.7587891e+01
   4.3776080e+06   3.0151367e+01
   4.3799400e+06   3.2043457e+01
   4.3807060e+06   2.9785156e+01
   4.3836540e+06   3.1250000e+01
   4.3843420e+06   3.0517578e+01
   4.3869680e+06   3.1555176e+01
   4.3892290e+06   2.9846191e+01
   4.3911310e+06   2.8625488e+01
   4.3918850e+06   3.0029297e+01
   4.3924350e+06   2.9724121e+01
   4.3934750e+06   3.4545898e+01
   4.3940460e+06   3.0517578e+01
   4.3967440e+06   1.5258789e+01
   4.3995880e+06   2.7770996e+01
   4.4012400e+06   2.9785156e+01
   4.4029440e+06   3.1372070e+01
   4.4058790e+06   2.4902344e+01
   4.4062550e+06   2.7954102e+01
   4.4066110e+06   3.0212402e+01
   4.4067780e+06   3.2470703e+01
   4.4118750e+06   2.7465820e+01
   4.4137530e+06   2.8137207e+01
   4.4154470e+06   2.9296875e+01
   4.4159540e+06   3.4057617e+01
   4.4164870e+06   3.1799316e+01
   4.4176940e+06   2.9907227e+01
   4.4183150e+06   2.8381348e+01
   4.4185160e+06   2.7709961e+01
   4.4186590e+06   2.5024414e+01
   4.4190060e+06   2.5146484e+01
   4.4192320e+06   2.2949219e+01
   4.4231070e+06   2.5146484e+01
   4.4240510e+06   2.7770996e+01
   4.4244930e+06   2.9968262e+01
   4.4252790e+06   3.2165527e+01
   4.4257970e+06   2.8625488e+01
   4.4260990e+06   3.1433105e+01
   4.4272790e+06   3.0883789e+01
   4.4274780e+06   3.1677246e+01
   4.4277640e+06   2.9113770e+01
   4.4279650e+06   2.9724121e+01
   4.4282830e+06   2.8259277e+01
   4.4291370e+06   2.8808594e+01
   4.4293150e+06   3.1738281e+01
   4.4323970e+06   3.3447266e+01
   4.4328900e+06   3.5217285e+01
   4.4331710e+06   3.3142090e+01
   4.4334550e+06   2.6184082e+01
   4.4342470e+06   3.1494141e+01
   4.4345970e+06   2.9235840e+01
   4.4385650e+06   3.3508301e+01
   4.4399550e+06   2.6611328e+01
   4.4401670e+06   3.4179688e+01
   4.4408320e+06   3.1555176e+01
   4.4412880e+06   2.4780273e+01
   4.4414230e+06   3.2287598e+01
   4.4415730e+06   2.6855469e+01
   4.4420300e+06   2.9113770e+01
   4.4421520e+06   2.8564453e+01
   4.4442530e+06   2.9663086e+01
   4.4443400e+06   2.7282715e+01
   4.4494690e+06   3.3996582e+01
   4.4509870e+06   3.1433105e+01
   4.4582110e+06   3.4179688e+01
   4.4599280e+06   2.7038574e+01
   4.4621390e+06   2.9296875e+01
   4.4641440e+06   3.6010742e+01
   4.4660670e+06   1.7639160e+01
   4.4664370e+06   3.2043457e+01
   4.4668230e+06   2.7404785e+01
   4.4676650e+06   2.8320312e+01
   4.4683810e+06   3.1188965e+01
   4.4690090e+06   3.1738281e+01
   4.4727660e+06   1.6174316e+01
   4.4729970e+06   3.3752441e+01
   4.4765110e+06   3.0700684e+01
   4.4773210e+06   3.2958984e+01
   4.4774380e+06   3.4973145e+01
   4.4775860e+06   2.6794434e+01
   4.4792460e+06   3.2714844e+01
   4.4794970e+06   2.2094727e+01
   4.4797600e+06   3.0029297e+01
   4.4807610e+06   3.1372070e+01
   4.4812380e+06   2.9113770e+01
   4.4819470e+06   3.0822754e+01
   4.4822860e+06   3.0273438e+01
   4.4847810e+06   3.2043457e+01
   4.4855450e+06   3.1494141e+01
   4.4876020e+06   3.4179688e+01
   4.4879180e+06   3.2348633e+01
   4.4882910e+06   2.7770996e+01
   4.4887660e+06   3.0517578e+01
   4.4900940e+06   2.6794434e+01
   4.4902740e+06   3.3935547e+01
   4.4904950e+06   3.0029297e+01
   4.4907730e+06   2.7099609e+01
   4.4909640e+06   2.8503418e+01
   4.4918340e+06   2.8137207e+01
   4.4924730e+06   2.8686523e+01
   4.4927200e+06   2.6245117e+01
   4.4929200e+06   2.8259277e+01
   4.4934520e+06   3.1311035e+01
   4.4935840e+06   2.8564453e+01
   4.4937920e+06   3.1982422e+01
   4.4945030e+06   2.6123047e+01
   4.4946080e+06   2.8503418e+01
   4.4947330e+06   2.9235840e+01
   4.4953140e+06   2.7221680e+01
   4.4959000e+06   2.2338867e+01
   4.4962620e+06   2.8137207e+01
   4.4968300e+06   2.5024414e+01
   4.4970330e+06   2.6733398e+01
   4.4971880e+06   2.7587891e+01
   4.4975210e+06   2.6123047e+01
   4.4977430e+06   2.6672363e+01
   4.4981210e+06   3.0639648e+01
   4.5000240e+06   3.1250000e+01
   4.5003720e+06   3.1677246e+01
   4.5011450e+06   2.9724121e+01
   4.5011810e+06   1.6906738e+01
   4.5023060e+06   3.2165527e+01
   4.5032680e+06   3.0456543e+01
   4.5044530e+06   3.3752441e+01
   4.5062260e+06   3.0273438e+01
   4.5070830e+06   2.8198242e+01
   4.5072820e+06   2.5512695e+01
   4.5073390e+06   3.1005859e+01
   4.5077140e+06   3.0151367e+01
   4.5081940e+06   3.0822754e+01
   4.5106390e+06   2.5573730e+01
   4.5111190e+06   3.1372070e+01
   4.5116980e+06   2.5939941e+01
   4.5135900e+06   2.9052734e+01
   4.5138440e+06   3.0090332e+01
   4.5140390e+06   3.3325195e+01
   4.5144370e+06   2.9418945e+01
   4.5147290e+06   3.3020020e+01
   4.5151100e+06   2.8930664e+01
   4.5153090e+06   2.8991699e+01
   4.5169150e+06   2.9479980e+01
   4.5172220e+06   2.6184082e+01
   4.5174560e+06   3.5644531e+01
   4.5177410e+06   2.5512695e+01
   4.5184880e+06   2.7832031e+01
   4.5189790e+06   3.4301758e+01
   4.5195840e+06   3.0029297e+01
   4.5214850e+06   2.1606445e+01
   4.5217210e+06   2.9541016e+01
   4.5219790e+06   2.7954102e+01
   4.5221120e+06   3.0090332e+01
   4.5246880e+06   3.3264160e+01
   4.5261370e+06   3.0334473e+01
   4.5270340e+06   1.5441895e+01
   4.5293560e+06   2.8869629e+01
   4.5298120e+06   4.4799805e+01
   4.5298220e+06   2.8137207e+01
   4.5300050e+06   2.8564453e+01
   4.5302290e+06   3.1494141e+01
   4.5305010e+06   2.5329590e+01
   4.5307610e+06   2.5329590e+01
   4.5308830e+06   3.0334473e+01
   4.5310240e+06   3.1127930e+01
   4.5310550e+06   4.2297363e+01
   4.5312580e+06   2.7343750e+01
   4.5314740e+06   2.8198242e+01
   4.5316400e+06   2.8259277e+01
   4.5318250e+06   2.6916504e+01
   4.5319930e+06   3.2104492e+01
   4.5322060e+06   2.6916504e+01
   4.5323450e+06   2.9602051e+01
   4.5323760e+06   3.5156250e+01
   4.5324230e+06   3.0334473e+01
   4.5324590e+06   3.6499023e+01
   4.5324700e+06   2.5268555e+01
   4.5325080e+06   2.7832031e+01
   4.5325220e+06   2.1789551e+01
   4.5325630e+06   2.6794434e+01
   4.5326100e+06   2.4597168e+01
   4.5326200e+06   2.5695801e+01
   4.5326670e+06   2.1301270e+01
   4.5327670e+06   2.9418945e+01
   4.5328100e+06   2.1179199e+01
   4.5328840e+06   2.4047852e+01
   4.5329060e+06   2.5878906e+01
   4.5329360e+06   2.3132324e+01
   4.5329560e+06   2.6672363e+01
   4.5353650e+06   3.0639648e+01
   4.5356040e+06   3.2653809e+01
   4.5358280e+06   2.6855469e+01
   4.5364060e+06   3.1860352e+01
   4.5367350e+06   2.4902344e+01
   4.5375380e+06   3.0395508e+01
   4.5376060e+06   1.9531250e+01
   4.5376460e+06   3.9550781e+01
   4.5411810e+06   2.8869629e+01
   4.5426870e+06   3.3935547e+01
   4.5428740e+06   2.4841309e+01
   4.5430400e+06   3.4179688e+01
   4.5432660e+06   2.9846191e+01
   4.5439380e+06   3.0456543e+01
   4.5441950e+06   2.7893066e+01
   4.5451380e+06   2.9663086e+01
   4.5452240e+06   2.6306152e+01
   4.5455460e+06   2.9846191e+01
   4.5459050e+06   2.6977539e+01
   4.5474950e+06   3.0700684e+01
   4.5487520e+06   2.9907227e+01
   4.5494460e+06   3.0639648e+01
   4.5505400e+06   2.8076172e+01
   4.5555950e+06   3.4606934e+01
   4.5573270e+06   3.3813477e+01
   4.5574630e+06   3.1372070e+01
   4.5576500e+06   2.8625488e+01
   4.5583810e+06   3.7658691e+01
   4.5584160e+06   3.2775879e+01
   4.5584460e+06   2.1240234e+01
   4.5584660e+06   3.0273438e+01
   4.5584910e+06   2.4108887e+01
   4.5585290e+06   1.6723633e+01
   4.5585830e+06   2.6245117e+01
   4.5586270e+06   2.8015137e+01
   4.5586560e+06   1.8859863e+01
   4.5589180e+06   2.6489258e+01
   4.5591760e+06   2.9113770e+01
   4.5622250e+06   2.0385742e+01
   4.5628100e+06   3.5034180e+01
   4.5645500e+06   2.7832031e+01
   4.5655450e+06   3.4118652e+01
   4.5671600e+06   2.9174805e+01
   4.5679760e+06   2.9785156e+01
   4.5688490e+06   3.3081055e+01
   4.5702930e+06   2.7465820e+01
   4.5710060e+06   3.2104492e+01
   4.5718130e+06   2.6428223e+01
   4.5741000e+06   3.3325195e+01
   4.5745680e+06   2.9663086e+01
   4.5747040e+06   1.7517090e+01
   4.5747220e+06   2.8381348e+01
   4.5748100e+06   2.6611328e+01
   4.5775460e+06   2.9785156e+01
   4.5788530e+06   2.8259277e+01
   4.5797150e+06   1.5747070e+01
   4.5798860e+06   3.0090332e+01
   4.5801190e+06   3.7292480e+01
   4.5802140e+06   3.3020020e+01
   4.5803260e+06   2.9846191e+01
   4.5804830e+06   2.7465820e+01
   4.5808940e+06   2.9846191e+01
   4.5834350e+06   3.0700684e+01
   4.5849910e+06   3.1860352e+01
   4.5864220e+06   2.9357910e+01
   4.5877220e+06   3.4301758e+01
   4.5894750e+06   2.9235840e+01
   4.5900170e+06   2.5817871e+01
   4.5907250e+06   2.5634766e+01
   4.5914400e+06   2.9968262e+01
   4.5936950e+06   2.9479980e+01
   4.5952660e+06   2.5878906e+01
   4.5961040e+06   3.0639648e+01
   4.5964890e+06   3.1311035e+01
   4.5966930e+06   2.7832031e+01
   4.5969860e+06   2.6123047e+01
   4.5994090e+06   3.3569336e+01
   4.6008220e+06   2.8991699e+01
   4.6020720e+06   2.9052734e+01
   4.6024420e+06   3.3386230e+01
   4.6026330e+06   2.3010254e+01
   4.6028250e+06   2.8991699e+01
   4.6032020e+06   2.8442383e+01
   4.6040130e+06   2.9418945e+01
   4.6045970e+06   2.8137207e+01
   4.6055780e+06   2.9296875e+01
   4.6058300e+06   3.3020020e+01
   4.6062830e+06   2.9602051e+01
   4.6067640e+06   2.6794434e+01
   4.6091390e+06   2.6184082e+01
   4.6108630e+06   2.8137207e+01
   4.6110770e+06   2.4963379e+01
   4.6124140e+06   3.5156250e+01
   4.6127620e+06   3.0517578e+01
   4.6130820e+06   3.5339355e+01
   4.6153390e+06   3.0944824e+01
   4.6162540e+06   2.6123047e+01
   4.6180760e+06   2.6367188e+01
   4.6198950e+06   1.6662598e+01
   4.6200340e+06   3.2714844e+01
   4.6226530e+06   3.1433105e+01
   4.6234630e+06   2.7526855e+01
   4.6236130e+06   1.7272949e+01
   4.6236770e+06   1.7028809e+01
   4.6237100e+06   3.3325195e+01
   4.6248310e+06   2.6184082e+01
   4.6253200e+06   3.0761719e+01
   4.6268720e+06   3.1250000e+01
   4.6288030e+06   2.7038574e+01
   4.6292450e+06   3.4667969e+01
   4.6303250e+06   3.0700684e+01
   4.6306670e+06   2.7893066e+01
   4.6313040e+06   2.9174805e+01
   4.6314630e+06   2.5756836e+01
   4.6315900e+06   2.9174805e+01
   4.6316900e+06   3.0578613e+01
   4.6350110e+06   3.0883789e+01
   4.6360110e+06   3.3508301e+01
   4.6362760e+06   2.8869629e+01
   4.6364860e+06   3.1494141e+01
   4.6370500e+06   3.1921387e+01
   4.6389660e+06   3.2409668e+01
   4.6411120e+06   3.5278320e+01
   4.6414760e+06   3.0822754e+01
   4.6443740e+06   2.9479980e+01
   4.6459870e+06   2.4902344e+01
   4.6478560e+06   3.0822754e+01
   4.6493880e+06   3.1433105e+01
   4.6497680e+06   1.5625000e+01
   4.6505110e+06   3.1005859e+01
   4.6516650e+06   2.7954102e+01
   4.6525580e+06   2.8442383e+01
   4.6530410e+06   3.1982422e+01
   4.6537470e+06   3.0151367e+01
   4.6543840e+06   2.7648926e+01
   4.6548120e+06   3.1494141e+01
   4.6549470e+06   3.1677246e+01
   4.6571530e+06   3.2470703e+01
   4.6571670e+06   1.6540527e+01
   4.6572060e+06   1.9042969e+01
   4.6574630e+06   3.4362793e+01
   4.6575850e+06   2.9968262e+01
   4.6577010e+06   2.6367188e+01
   4.6578410e+06   2.9785156e+01
   4.6604600e+06   2.5390625e+01
   4.6614830e+06   3.2470703e+01
   4.6634430e+06   3.2348633e+01
   4.6652310e+06   3.3081055e+01
   4.6659320e+06   2.7954102e+01
   4.6662660e+06   3.0334473e+01
   4.6664320e+06   3.0761719e+01
   4.6666040e+06   2.9724121e+01
   4.6671490e+06   3.4423828e+01
   4.6672810e+06   3.2043457e+01
   4.6673770e+06   2.9663086e+01
   4.6677230e+06   2.7404785e+01
   4.6679250e+06   3.1127930e+01
   4.6680900e+06   2.0935059e+01
   4.6687540e+06   2.9174805e+01
   4.6703060e+06   3.1555176e+01
   4.6728050e+06   2.9602051e+01
   4.6744730e+06   3.1677246e+01
   4.6760140e+06   2.7648926e+01
   4.6764670e+06   1.6357422e+01
   4.6765920e+06   3.0639648e+01
   4.6766510e+06   1.7028809e+01
   4.6774590e+06   3.2165527e+01
   4.6775430e+06   3.3569336e+01
   4.6781680e+06   2.8259277e+01
   4.6811390e+06   2.9235840e+01
   4.6830900e+06   3.3508301e+01
   4.6837160e+06   2.9479980e+01
   4.6838680e+06   2.4719238e+01
   4.6840510e+06   2.6184082e+01
   4.6841530e+06   3.0273438e+01
   4.6847450e+06   2.8442383e+01
   4.6853030e+06   3.2592773e+01
   4.6858630e+06   2.9296875e+01
   4.6861750e+06   2.9235840e+01
   4.6868340e+06   3.3081055e+01
   4.6879270e+06   2.1545410e+01
   4.6881800e+06   2.4597168e+01
   4.6885060e+06   2.7282715e+01
   4.6887400e+06   2.8198242e+01
   4.6891390e+06   3.3020020e+01
   4.6893200e+06   3.3325195e+01
   4.6895990e+06   3.1188965e+01
   4.6897810e+06   3.0578613e+01
   4.6903620e+06   3.0639648e+01
   4.6936970e+06   2.8137207e+01
   4.6981710e+06   3.4606934e+01
   4.6995050e+06   3.4667969e+01
   4.6998610e+06   2.9846191e+01
   4.6999770e+06   3.0395508e+01
   4.7020080e+06   3.1982422e+01
   4.7035000e+06   2.9663086e+01
   4.7043250e+06   2.7770996e+01
   4.7044590e+06   2.9052734e+01
   4.7052190e+06   3.0151367e+01
   4.7053310e+06   2.7587891e+01
   4.7056490e+06   2.8625488e+01
   4.7059360e+06   2.8198242e+01
   4.7087120e+06   2.9418945e+01
   4.7107320e+06   3.2043457e+01
   4.7115680e+06   2.9113770e+01
   4.7122290e+06   2.7832031e+01
   4.7127810e+06   2.5024414e+01
   4.7133840e+06   3.2165527e+01
   4.7157890e+06   2.6184082e+01
   4.7171230e+06   2.7160645e+01
   4.7181330e+06   2.8808594e+01
   4.7187660e+06   1.9836426e+01
   4.7188110e+06   1.5136719e+01
   4.7188940e+06   3.1066895e+01
   4.7197400e+06   3.2775879e+01
   4.7199580e+06   2.9785156e+01
   4.7211530e+06   3.5888672e+01
   4.7215370e+06   3.2531738e+01
   4.7251020e+06   2.9968262e+01
   4.7270480e+06   2.8808594e+01
   4.7283880e+06   2.7282715e+01
   4.7293530e+06   3.1372070e+01
   4.7298240e+06   2.9113770e+01
   4.7299430e+06   2.9052734e+01
   4.7300290e+06   2.9357910e+01
   4.7304080e+06   2.6123047e+01
   4.7304880e+06   3.0761719e+01
   4.7312390e+06   2.8869629e+01
   4.7316380e+06   3.0700684e+01
   4.7318010e+06   2.5756836e+01
   4.7324110e+06   2.6306152e+01
   4.7336640e+06   2.9602051e+01
   4.7361350e+06   3.2592773e+01
   4.7395580e+06   2.7893066e+01
   4.7416720e+06   3.0822754e+01
   4.7421930e+06   2.8869629e+01
   4.7423250e+06   2.6977539e+01
   4.7428280e+06   3.1127930e+01
   4.7450870e+06   3.0822754e+01
   4.7455260e+06   2.9235840e+01
   4.7456820e+06   2.6733398e+01
   4.7458160e+06   2.8869629e+01
   4.7460220e+06   3.0151367e+01
   4.7465160e+06   3.0456543e+01
   4.7467560e+06   3.3630371e+01
   4.7493380e+06   3.5522461e+01
   4.7494540e+06   3.1555176e+01
   4.7498480e+06   3.2165527e+01
   4.7505360e+06   2.7526855e+01
   4.7511020e+06   2.9357910e+01
   4.7520550e+06   3.0151367e+01
   4.7537900e+06   2.8625488e+01
   4.7553850e+06   3.1860352e+01
   4.7570270e+06   3.2531738e+01
   4.7581220e+06   2.6428223e+01
   4.7582650e+06   3.3386230e+01
   4.7587070e+06   2.8869629e+01
   4.7588070e+06   3.0883789e+01
   4.7591500e+06   1.8798828e+01
   4.7593150e+06   2.0263672e+01
   4.7593520e+06   1.5258789e+01
   4.7594390e+06   3.5583496e+01
   4.7611540e+06   3.0334473e+01
   4.7616150e+06   2.7832031e+01
   4.7618730e+06   2.8625488e+01
   4.7629040e+06   3.0883789e+01
   4.7634050e+06   2.8930664e+01
   4.7639760e+06   2.9235840e+01
   4.7648140e+06   2.9418945e+01
   4.7652200e+06   3.4362793e+01
   4.7661850e+06   3.2226562e+01
   4.7668250e+06   3.2958984e+01
   4.7668620e+06   1.9592285e+01
   4.7670050e+06   1.9165039e+01
   4.7670500e+06   1.9653320e+01
   4.7670630e+06   3.2165527e+01
   4.7674010e+06   2.7587891e+01
   4.7696130e+06   3.4240723e+01
   4.7714180e+06   2.6367187e+01
   4.7727870e+06   3.0395508e+01
   4.7744100e+06   3.3813477e+01
   4.7747130e+06   3.3874512e+01
   4.7748490e+06   3.1188965e+01
   4.7752550e+06   3.2958984e+01
   4.7753720e+06   3.2165527e+01
   4.7762640e+06   3.1555176e+01
   4.7767570e+06   3.3325195e+01
   4.7781650e+06   3.4729004e+01
   4.7798160e+06   2.8381348e+01
   4.7806160e+06   2.7282715e+01
   4.7811720e+06   2.6855469e+01
   4.7814980e+06   3.1799316e+01
   4.7816380e+06   3.0639648e+01
   4.7821090e+06   2.8259277e+01
   4.7849200e+06   3.3630371e+01
   4.7866450e+06   2.9541016e+01
   4.7892120e+06   3.1066895e+01
   4.7897670e+06   3.4790039e+01
   4.7898950e+06   3.1188965e+01
   4.7901700e+06   3.0883789e+01
   4.7903890e+06   3.0029297e+01
   4.7905490e+06   2.7770996e+01
   4.7917220e+06   2.7160645e+01
   4.7918330e+06   2.9357910e+01
   4.7920730e+06   3.0578613e+01
   4.7924020e+06   2.9174805e+01
   4.7963290e+06   3.3691406e+01
   4.7970020e+06   2.8320312e+01
   4.7972150e+06   1.5014648e+01
   4.7977050e+06   3.2409668e+01
   4.7978360e+06   3.0456543e+01
   4.7979110e+06   2.5756836e+01
   4.7985110e+06   3.0883789e+01
   4.7986600e+06   3.0517578e+01
   4.7996040e+06   2.8259277e+01
   4.8003800e+06   2.0019531e+01
   4.8040630e+06   3.1860352e+01
   4.8051980e+06   3.4484863e+01
   4.8053210e+06   2.8198242e+01
   4.8097980e+06   3.0273438e+01
   4.8111470e+06   3.0151367e+01
   4.8113910e+06   1.5319824e+01
   4.8124520e+06   2.6916504e+01
   4.8145340e+06   3.0090332e+01
   4.8150230e+06   1.5625000e+01
   4.8161700e+06   3.3447266e+01
   4.8162980e+06   3.3264160e+01
   4.8178250e+06   3.1127930e+01
   4.8180520e+06   3.0456543e+01
   4.8193400e+06   3.3081055e+01
   4.8197460e+06   2.5817871e+01
   4.8222180e+06   2.9846191e+01
   4.8236480e+06   2.5390625e+01
   4.8257710e+06   3.2470703e+01
   4.8262740e+06   2.8869629e+01
   4.8267870e+06   2.7832031e+01
   4.8273280e+06   2.0874023e+01
   4.8273640e+06   2.0385742e+01
   4.8274040e+06   1.6418457e+01
   4.8274210e+06   2.5939941e+01
   4.8277220e+06   2.8381348e+01
   4.8287840e+06   3.7109375e+01
   4.8289010e+06   2.9968262e+01
   4.8291390e+06   2.8564453e+01
   4.8295990e+06   3.1677246e+01
   4.8321210e+06   2.9113770e+01
   4.8356560e+06   2.8869629e+01
   4.8371050e+06   3.0395508e+01
   4.8372860e+06   3.0883789e+01
   4.8390210e+06   3.2043457e+01
   4.8434730e+06   3.2470703e+01
   4.8450480e+06   3.3752441e+01
   4.8478870e+06   2.9296875e+01
   4.8484090e+06   3.0944824e+01
   4.8485870e+06   2.6855469e+01
   4.8496390e+06   1.5686035e+01
   4.8546170e+06   3.2592773e+01
   4.8562590e+06   3.0761719e+01
   4.8577760e+06   2.6794434e+01
   4.8593820e+06   2.7038574e+01
   4.8602910e+06   2.6916504e+01
   4.8611940e+06   2.8869629e+01
   4.8613710e+06   2.8076172e+01
   4.8618230e+06   2.6916504e+01
   4.8629310e+06   3.0212402e+01
   4.8637130e+06   3.4301758e+01
   4.8641920e+06   2.9541016e+01
   4.8657940e+06   3.0700684e+01
   4.8662970e+06   2.9602051e+01
   4.8667630e+06   2.9724121e+01
   4.8671340e+06   3.1127930e+01
   4.8673280e+06   3.0456543e+01
   4.8674380e+06   2.6550293e+01
   4.8677000e+06   3.0517578e+01
   4.8678100e+06   2.8747559e+01
   4.8701380e+06   3.6499023e+01
   4.8703970e+06   3.1799316e+01
   4.8720070e+06   2.8198242e+01
   4.8732850e+06   3.1372070e+01
   4.8745890e+06   2.9785156e+01
   4.8748730e+06   2.8198242e+01
   4.8777630e+06   2.8259277e+01
   4.8802490e+06   3.2409668e+01
   4.8805200e+06   3.1066895e+01
   4.8808610e+06   3.2470703e+01
   4.8811210e+06   3.3813477e+01
   4.8813330e+06   3.0639648e+01
   4.8815560e+06   2.7282715e+01
   4.8827590e+06   3.1433105e+01
   4.8830270e+06   2.7893066e+01
   4.8830610e+06   1.7639160e+01
   4.8840110e+06   3.5095215e+01
   4.8843320e+06   2.7160645e+01
   4.8859070e+06   3.1616211e+01
   4.8881250e+06   3.6193848e+01
   4.8885140e+06   2.8930664e+01
   4.8886300e+06   2.8259277e+01
   4.8891850e+06   3.3203125e+01
   4.8893910e+06   3.8452148e+01
   4.8910780e+06   2.9541016e+01
   4.8914090e+06   3.0578613e+01
   4.8916010e+06   1.9897461e+01
   4.8943780e+06   3.4118652e+01
   4.8962520e+06   2.5512695e+01
   4.8973770e+06   3.1738281e+01
   4.8976220e+06   3.5278320e+01
   4.8978910e+06   3.4179688e+01
   4.8981450e+06   3.1494141e+01
   4.8983700e+06   2.7160645e+01
   4.8986360e+06   2.5085449e+01
   4.8987920e+06   2.3742676e+01
   4.9019120e+06   3.1921387e+01
   4.9042230e+06   2.8686523e+01
   4.9052240e+06   1.5747070e+01
   4.9107460e+06   2.9296875e+01
   4.9125140e+06   3.2104492e+01
   4.9134230e+06   3.2653809e+01
   4.9160250e+06   2.9602051e+01
   4.9185040e+06   2.9418945e+01
   4.9197690e+06   3.0212402e+01
   4.9206290e+06   2.7160645e+01
   4.9208390e+06   2.5512695e+01
   4.9210290e+06   2.9846191e+01
   4.9212350e+06   2.8076172e+01
   4.9232240e+06   2.5817871e+01
   4.9234780e+06   2.9968262e+01
   4.9236030e+06   2.9418945e+01
   4.9236150e+06   2.5573730e+01
   4.9239510e+06   2.7404785e+01
   4.9242900e+06   3.3508301e+01
   4.9248280e+06   2.8747559e+01
   4.9248950e+06   3.3569336e+01
   4.9252310e+06   3.2104492e+01
   4.9253630e+06   3.1372070e+01
   4.9254580e+06   2.9235840e+01
   4.9273330e+06   2.7893066e+01
   4.9275710e+06   2.6672363e+01
   4.9278290e+06   2.8564453e+01
   4.9281720e+06   3.2348633e+01
   4.9284020e+06   3.3264160e+01
   4.9288650e+06   2.7526855e+01
   4.9292160e+06   2.5756836e+01
   4.9300510e+06   2.9357910e+01
   4.9304380e+06   2.9541016e+01
   4.9309400e+06   2.7526855e+01
   4.9312410e+06   3.3203125e+01
   4.9313330e+06   3.2714844e+01
   4.9316430e+06   2.0935059e+01
   4.9317310e+06   2.5024414e+01
   4.9326890e+06   3.3691406e+01
   4.9332510e+06   3.1311035e+01
   4.9337220e+06   3.1311035e+01
   4.9341220e+06   2.9724121e+01
   4.9341950e+06   2.2583008e+01
   4.9342410e+06   2.0263672e+01
   4.9342600e+06   2.2705078e+01
   4.9346240e+06   2.8137207e+01
   4.9347350e+06   2.7954102e+01
   4.9350280e+06   2.9235840e+01
   4.9352260e+06   2.6611328e+01
   4.9354090e+06   2.8564453e+01
   4.9359810e+06   2.3315430e+01
   4.9361680e+06   2.6916504e+01
   4.9362790e+06   2.4902344e+01
   4.9367700e+06   2.8503418e+01
   4.9370470e+06   3.0090332e+01
   4.9371190e+06   3.0212402e+01
   4.9372690e+06   3.1799316e+01
   4.9373190e+06   2.7648926e+01
   4.9377410e+06   2.7343750e+01
   4.9378320e+06   2.8198242e+01
   4.9383160e+06   2.6489258e+01
   4.9395650e+06   3.0029297e+01
   4.9425380e+06   1.7761230e+01
   4.9460310e+06   2.7893066e+01
   4.9473780e+06   3.1066895e+01
   4.9489720e+06   3.4423828e+01
   4.9504340e+06   2.8625488e+01
   4.9523260e+06   2.9541016e+01
   4.9528260e+06   3.0395508e+01
   4.9535870e+06   2.8991699e+01
   4.9538040e+06   2.4719238e+01
   4.9541540e+06   3.1494141e+01
   4.9561380e+06   2.8442383e+01
   4.9568890e+06   2.9479980e+01
   4.9571660e+06   3.5339355e+01
   4.9575600e+06   2.7282715e+01
   4.9579270e+06   2.9357910e+01
   4.9582320e+06   3.2165527e+01
   4.9584810e+06   2.8869629e+01
   4.9588360e+06   2.6306152e+01
   4.9591620e+06   2.8442383e+01
   4.9598250e+06   2.9296875e+01
   4.9603130e+06   2.9846191e+01
   4.9605060e+06   2.8259277e+01
   4.9607830e+06   3.1250000e+01
   4.9618860e+06   3.2104492e+01
   4.9645190e+06   2.8625488e+01
   4.9668290e+06   2.8137207e+01
   4.9671720e+06   3.5156250e+01
   4.9672200e+06   1.6906738e+01
   4.9672400e+06   3.6010742e+01
   4.9680030e+06   3.4423828e+01
   4.9684950e+06   3.0822754e+01
   4.9688230e+06   3.0700684e+01
   4.9704330e+06   3.3935547e+01
   4.9721490e+06   2.9602051e+01
   4.9728410e+06   3.2287598e+01
   4.9766660e+06   3.2287598e+01
   4.9785220e+06   2.9907227e+01
   4.9796470e+06   3.1860352e+01
   4.9814290e+06   1.6296387e+01
   4.9849810e+06   2.5878906e+01
   4.9863800e+06   3.2592773e+01
   4.9904130e+06   3.0883789e+01
   4.9936230e+06   2.9541016e+01
   4.9947000e+06   3.0273438e+01
   4.9971140e+06   3.1677246e+01
   4.9990540e+06   2.9235840e+01
   4.9993040e+06   3.3508301e+01
   4.9994720e+06   2.4230957e+01
   4.9998590e+06   2.6794434e+01
   5.0026380e+06   2.9785156e+01
   5.0044630e+06   2.7954102e+01
   5.0046520e+06   3.0883789e+01
   5.0048870e+06   2.8137207e+01
   5.0052630e+06   3.2775879e+01
   5.0061840e+06   2.8686523e+01
   5.0070420e+06   2.9968262e+01
   5.0072250e+06   2.7343750e+01
   5.0077530e+06   2.9602051e+01
   5.0114600e+06   3.1616211e+01
   5.0130320e+06   2.7099609e+01
   5.0142000e+06   3.0883789e+01
   5.0155320e+06   3.7353516e+01
   5.0167230e+06   2.8259277e+01
   5.0199310e+06   2.8259277e+01
   5.0215740e+06   3.0273438e+01
   5.0227410e+06   2.7465820e+01
   5.0245180e+06   2.9663086e+01
   5.0264260e+06   3.0944824e+01
   5.0271990e+06   2.9479980e+01
   5.0273890e+06   2.7709961e+01
   5.0292760e+06   2.7282715e+01
   5.0298150e+06   2.8747559e+01
   5.0327230e+06   3.5400391e+01
   5.0346600e+06   3.2287598e+01
   5.0363270e+06   2.8320312e+01
   5.0386190e+06   2.7893066e+01
   5.0427240e+06   3.5766602e+01
   5.0443720e+06   2.8991699e+01
   5.0472390e+06   2.3437500e+01
   5.0484990e+06   3.4912109e+01
   5.0504800e+06   2.6245117e+01
   5.0518650e+06   1.6723633e+01
   5.0568040e+06   3.3813477e+01
   5.0581220e+06   2.9968262e+01
   5.0594750e+06   2.7954102e+01
   5.0604890e+06   2.8930664e+01
   5.0607740e+06   3.3203125e+01
   5.0612490e+06   3.2409668e+01
   5.0614130e+06   2.6794434e+01
   5.0617290e+06   2.6733398e+01
   5.0662550e+06   3.0883789e+01
   5.0676640e+06   3.2897949e+01
   5.0720240e+06   3.2958984e+01
   5.0737790e+06   2.9418945e+01
   5.0757820e+06   3.0761719e+01
   5.0766010e+06   2.0996094e+01
   5.0766290e+06   3.0578613e+01
   5.0776280e+06   2.7648926e+01
   5.0778860e+06   3.0578613e+01
   5.0781320e+06   3.3386230e+01
   5.0782040e+06   2.4047852e+01
   5.0782850e+06   3.1616211e+01
   5.0813000e+06   3.5095215e+01
   5.0846920e+06   3.7170410e+01
   5.0850330e+06   2.1057129e+01
   5.0850610e+06   3.0944824e+01
   5.0850750e+06   1.7700195e+01
   5.0852030e+06   2.8076172e+01
   5.0859500e+06   3.0944824e+01
   5.0867860e+06   3.1311035e+01
   5.0869780e+06   3.1555176e+01
   5.0877620e+06   2.9724121e+01
   5.0879670e+06   1.5380859e+01
   5.0890730e+06   2.4963379e+01
   5.0894450e+06   2.9724121e+01
   5.0907770e+06   3.3264160e+01
   5.0937610e+06   2.7221680e+01
   5.0956270e+06   2.9846191e+01
   5.0970920e+06   3.1127930e+01
   5.0980540e+06   2.6672363e+01
   5.0985460e+06   3.4484863e+01
   5.0986560e+06   2.7465820e+01
   5.0999200e+06   3.1494141e+01
   5.1001350e+06   2.8564453e+01
   5.1002220e+06   2.4353027e+01
   5.1004970e+06   3.1250000e+01
   5.1034530e+06   3.0517578e+01
   5.1055930e+06   2.9541016e+01
   5.1059190e+06   3.5705566e+01
   5.1063260e+06   3.0395508e+01
   5.1066120e+06   2.9357910e+01
   5.1092340e+06   3.3325195e+01
   5.1114500e+06   2.6916504e+01
   5.1123320e+06   2.1240234e+01
   5.1123680e+06   1.7700195e+01
   5.1124520e+06   2.0812988e+01
   5.1124890e+06   3.1372070e+01
   5.1126040e+06   3.2470703e+01
   5.1127220e+06   1.5686035e+01
   5.1163390e+06   3.2348633e+01
   5.1178460e+06   3.1433105e+01
   5.1195520e+06   2.8381348e+01
   5.1209770e+06   1.5136719e+01
   5.1212080e+06   3.1860352e+01
   5.1234280e+06   2.9418945e+01
   5.1240870e+06   3.3020020e+01
   5.1244570e+06   3.0090332e+01
   5.1248260e+06   3.2592773e+01
   5.1251970e+06   3.3630371e+01
   5.1253280e+06   2.7648926e+01
   5.1256330e+06   3.4301758e+01
   5.1257480e+06   2.8625488e+01
   5.1262970e+06   2.9541016e+01
   5.1264160e+06   2.6977539e+01
   5.1273340e+06   2.8686523e+01
   5.1282540e+06   3.0517578e+01
   5.1285500e+06   2.9785156e+01
   5.1288270e+06   2.5207520e+01
   5.1293690e+06   3.0456543e+01
   5.1300980e+06   3.0700684e+01
   5.1305400e+06   2.5634766e+01
   5.1332660e+06   3.4790039e+01
   5.1340920e+06   3.2287598e+01
   5.1347560e+06   2.8137207e+01
   5.1351250e+06   2.4902344e+01
   5.1354460e+06   3.3386230e+01
   5.1357240e+06   3.0944824e+01
   5.1365630e+06   3.2958984e+01
   5.1369670e+06   3.6376953e+01
   5.1375910e+06   2.7526855e+01
   5.1377770e+06   3.1188965e+01
   5.1378870e+06   3.1127930e+01
   5.1379480e+06   2.0996094e+01
   5.1381230e+06   2.9418945e+01
   5.1416260e+06   1.5625000e+01
   5.1425370e+06   2.8259277e+01
   5.1443180e+06   3.4545898e+01
   5.1446350e+06   2.6489258e+01
   5.1448210e+06   2.5268555e+01
   5.1448840e+06   2.8076172e+01
   5.1493850e+06   2.7954102e+01
   5.1514550e+06   3.1799316e+01
   5.1539030e+06   3.0761719e+01
   5.1553900e+06   3.1066895e+01
   5.1565260e+06   3.1188965e+01
   5.1581190e+06   2.9602051e+01
   5.1582710e+06   3.1921387e+01
   5.1586980e+06   2.8076172e+01
   5.1607800e+06   3.0578613e+01
   5.1613680e+06   3.2165527e+01
   5.1617310e+06   3.1555176e+01
   5.1619900e+06   2.7526855e+01
   5.1621590e+06   3.1799316e+01
   5.1622420e+06   2.7404785e+01
   5.1654020e+06   3.0212402e+01
   5.1667130e+06   2.9724121e+01
   5.1675520e+06   3.3203125e+01
   5.1710970e+06   2.9418945e+01
   5.1729580e+06   3.0456543e+01
   5.1742200e+06   3.0761719e+01
   5.1761120e+06   3.2165527e+01
   5.1763060e+06   2.5939941e+01
   5.1767070e+06   2.7404785e+01
   5.1768880e+06   3.1005859e+01
   5.1770960e+06   3.0822754e+01
   5.1772220e+06   3.0395508e+01
   5.1777720e+06   2.5634766e+01
   5.1780060e+06   2.9418945e+01
   5.1781730e+06   2.5695801e+01
   5.1786480e+06   3.5583496e+01
   5.1794570e+06   3.0822754e+01
   5.1796030e+06   3.3142090e+01
   5.1851940e+06   1.5014648e+01
   5.1875800e+06   3.7414551e+01
   5.1880280e+06   2.9541016e+01
   5.1890940e+06   2.8686523e+01
   5.1894100e+06   2.7709961e+01
   5.1898080e+06   3.3813477e+01
   5.1900470e+06   2.7587891e+01
   5.1908050e+06   3.2226563e+01
   5.1910530e+06   3.1555176e+01
   5.1913600e+06   2.7038574e+01
   5.1915580e+06   2.7709961e+01
   5.1920940e+06   2.6794434e+01
   5.1951670e+06   3.1066895e+01
   5.1959520e+06   1.6540527e+01
   5.1998490e+06   2.9357910e+01
   5.2021070e+06   2.9968262e+01
   5.2035550e+06   3.1433105e+01
   5.2037150e+06   2.7526855e+01
   5.2040560e+06   3.1372070e+01
   5.2041990e+06   2.5695801e+01
   5.2045330e+06   3.0395508e+01
   5.2046700e+06   3.0029297e+01
   5.2049760e+06   2.9235840e+01
   5.2060030e+06   2.7343750e+01
   5.2069080e+06   2.4597168e+01
   5.2072170e+06   2.8015137e+01
   5.2102100e+06   3.1921387e+01
   5.2134590e+06   2.5878906e+01
   5.2136150e+06   3.2470703e+01
   5.2139580e+06   3.3935547e+01
   5.2148550e+06   3.2409668e+01
   5.2150850e+06   2.7526855e+01
   5.2157240e+06   2.6489258e+01
   5.2162710e+06   2.9296875e+01
   5.2177770e+06   3.1127930e+01
   5.2180830e+06   3.0822754e+01
   5.2183490e+06   2.7954102e+01
   5.2188260e+06   2.6855469e+01
   5.2192510e+06   2.9663086e+01
   5.2217940e+06   3.0029297e+01
   5.2236860e+06   2.6855469e+01
   5.2239020e+06   2.6367188e+01
   5.2279120e+06   2.4841309e+01
   5.2282290e+06   3.0212402e+01
   5.2283450e+06   1.9104004e+01
   5.2283820e+06   4.3395996e+01
   5.2285540e+06   3.5827637e+01
   5.2285700e+06   2.6672363e+01
   5.2287840e+06   3.0517578e+01
   5.2290760e+06   2.8137207e+01
   5.2294500e+06   2.8503418e+01
   5.2298040e+06   3.3569336e+01
   5.2312480e+06   3.0273438e+01
   5.2320860e+06   2.4902344e+01
   5.2383430e+06   1.5563965e+01
   5.2416480e+06   3.1250000e+01
   5.2419620e+06   1.6479492e+01
   5.2420850e+06   3.1982422e+01
   5.2424460e+06   2.7282715e+01
   5.2427660e+06   3.3325195e+01
   5.2448740e+06   2.9602051e+01
   5.2485880e+06   2.4902344e+01
   5.2498460e+06   2.9968262e+01
   5.2501210e+06   3.7353516e+01
   5.2504250e+06   3.2226562e+01
   5.2508290e+06   3.4118652e+01
   5.2509230e+06   2.7832031e+01
   5.2511960e+06   3.3142090e+01
   5.2516140e+06   2.9602051e+01
   5.2523610e+06   2.8991699e+01
   5.2525710e+06   2.0141602e+01
   5.2526060e+06   1.8371582e+01
   5.2526560e+06   1.5625000e+01
   5.2526760e+06   3.0761719e+01
   5.2534510e+06   3.2592773e+01
   5.2537730e+06   2.9418945e+01
   5.2539110e+06   3.6254883e+01
   5.2540430e+06   3.0517578e+01
   5.2544150e+06   2.9785156e+01
   5.2545470e+06   3.2043457e+01
   5.2547100e+06   2.8015137e+01
   5.2549290e+06   3.0029297e+01
   5.2550190e+06   2.8869629e+01
   5.2552380e+06   2.9541016e+01
   5.2554170e+06   3.1860352e+01
   5.2568780e+06   2.9724121e+01
   5.2570160e+06   3.4606934e+01
   5.2575480e+06   3.0456543e+01
   5.2578740e+06   2.8320312e+01
   5.2582120e+06   3.2287598e+01
   5.2583710e+06   3.4423828e+01
   5.2605270e+06   3.0334473e+01
   5.2607690e+06   3.5644531e+01
   5.2614400e+06   2.5390625e+01
   5.2615190e+06   3.1982422e+01
   5.2621470e+06   3.4667969e+01
   5.2624460e+06   3.0029297e+01
   5.2626170e+06   2.8869629e+01
   5.2631380e+06   2.9174805e+01
   5.2632700e+06   3.0456543e+01
   5.2634560e+06   2.5756836e+01
   5.2636610e+06   2.7465820e+01
   5.2639120e+06   1.6052246e+01
   5.2639580e+06   1.6540527e+01
   5.2640610e+06   3.4362793e+01
   5.2642510e+06   2.4230957e+01
   5.2648080e+06   3.0517578e+01
   5.2655190e+06   3.1127930e+01
   5.2707800e+06   2.9479980e+01
   5.2751820e+06   2.6428223e+01
   5.2766970e+06   2.5268555e+01
   5.2783750e+06   2.8137207e+01
   5.2798900e+06   2.9602051e+01
   5.2800290e+06   3.2714844e+01
   5.2807570e+06   3.4790039e+01
   5.2808990e+06   3.1494141e+01
   5.2810390e+06   3.2958984e+01
   5.2813480e+06   2.7648926e+01
   5.2824400e+06   2.8015137e+01
   5.2827910e+06   2.9663086e+01
   5.2833470e+06   3.0456543e+01
   5.2836050e+06   3.2836914e+01
   5.2837160e+06   2.6123047e+01
   5.2838040e+06   1.9470215e+01
   5.2838200e+06   2.7954102e+01
   5.2838480e+06   2.3437500e+01
   5.2838710e+06   2.4414062e+01
   5.2839820e+06   1.8005371e+01
   5.2840340e+06   2.1423340e+01
   5.2847970e+06   2.7282715e+01
   5.2848500e+06   1.8310547e+01
   5.2848740e+06   2.8747559e+01
   5.2849510e+06   2.6245117e+01
   5.2850280e+06   2.7465820e+01
   5.2850850e+06   2.4291992e+01
   5.2855880e+06   2.8259277e+01
   5.2858720e+06   3.1250000e+01
   5.2860010e+06   2.5268555e+01
   5.2860830e+06   2.4108887e+01
   5.2863310e+06   1.7944336e+01
   5.2864080e+06   2.6489258e+01
   5.2866450e+06   2.2705078e+01
   5.2868550e+06   2.8869629e+01
   5.2869710e+06   3.1005859e+01
   5.2871340e+06   2.9357910e+01
   5.2873950e+06   3.0212402e+01
   5.2875680e+06   3.2043457e+01
   5.2876370e+06   2.7770996e+01
   5.2877450e+06   2.6611328e+01
   5.2880910e+06   2.8686523e+01
   5.2882270e+06   2.5817871e+01
   5.2883360e+06   2.5695801e+01
   5.2885210e+06   2.6489258e+01
   5.2887510e+06   2.6550293e+01
   5.2888820e+06   2.6611328e+01
   5.2890120e+06   2.6184082e+01
   5.2891740e+06   2.6855469e+01
   5.2892720e+06   2.3498535e+01
   5.2895150e+06   2.9113770e+01
   5.2896010e+06   2.6977539e+01
   5.2897040e+06   2.3925781e+01
   5.2908280e+06   2.7160645e+01
   5.2912380e+06   2.8930664e+01
   5.2913430e+06   2.4475098e+01
   5.2915750e+06   3.1738281e+01
   5.2933580e+06   2.7282715e+01
   5.2938660e+06   3.0700684e+01
   5.2942070e+06   2.9296875e+01
   5.2950490e+06   3.2287598e+01
   5.2952710e+06   3.3264160e+01
   5.2954960e+06   3.1860352e+01
   5.2958190e+06   2.9296875e+01
   5.2961830e+06   2.9846191e+01
   5.2981730e+06   3.0151367e+01
   5.2990960e+06   3.0700684e+01
   5.2996500e+06   2.1728516e+01
   5.3001270e+06   2.9724121e+01
   5.3002440e+06   2.9907227e+01
   5.3004630e+06   2.7709961e+01
   5.3005940e+06   2.9846191e+01
   5.3008240e+06   2.4963379e+01
   5.3010150e+06   2.6000977e+01
   5.3019380e+06   3.3020020e+01
   5.3029020e+06   2.8991699e+01
   5.3043580e+06   2.6550293e+01
   5.3068650e+06   3.1799316e+01
   5.3072350e+06   3.1005859e+01
   5.3074160e+06   2.7221680e+01
   5.3103970e+06   2.9418945e+01
   5.3112940e+06   3.0273438e+01
   5.3117010e+06   3.1860352e+01
   5.3117790e+06   1.7333984e+01
   5.3118910e+06   1.8981934e+01
   5.3119510e+06   3.0456543e+01
   5.3121740e+06   3.4729004e+01
   5.3193330e+06   3.0639648e+01
   5.3205460e+06   3.1311035e+01
   5.3221110e+06   3.0334473e+01
   5.3222120e+06   1.9653320e+01
   5.3225830e+06   3.1799316e+01
   5.3231790e+06   2.9907227e+01
   5.3235770e+06   2.5695801e+01
   5.3237290e+06   2.5207520e+01
   5.3242220e+06   2.8259277e+01
   5.3243700e+06   2.6794434e+01
   5.3245810e+06   2.7954102e+01
   5.3247250e+06   2.8930664e+01
   5.3250880e+06   2.6367188e+01
   5.3252480e+06   3.0883789e+01
   5.3259130e+06   2.8503418e+01
   5.3260450e+06   2.5024414e+01
   5.3264990e+06   3.2897949e+01
   5.3266550e+06   2.6000977e+01
   5.3274550e+06   3.0029297e+01
   5.3276630e+06   4.3701172e+01
   5.3277060e+06   4.2358398e+01
   5.3277410e+06   2.9296875e+01
   5.3281770e+06   2.8747559e+01
   5.3283740e+06   3.0883789e+01
   5.3284150e+06   1.8676758e+01
   5.3284610e+06   4.1076660e+01
   5.3310860e+06   3.5034180e+01
   5.3362260e+06   3.2226562e+01
   5.3372950e+06   3.2348633e+01
   5.3378470e+06   2.8198242e+01
   5.3379710e+06   3.2348633e+01
   5.3381230e+06   3.2775879e+01
   5.3382140e+06   2.8015137e+01
   5.3383300e+06   2.7465820e+01
   5.3384170e+06   2.7465820e+01
   5.3384990e+06   2.9968262e+01
   5.3386300e+06   2.8442383e+01
   5.3387970e+06   2.5268555e+01
   5.3395510e+06   2.7038574e+01
   5.3401550e+06   3.0212402e+01
   5.3404960e+06   2.8869629e+01
   5.3435550e+06   3.0517578e+01
   5.3445400e+06   2.6550293e+01
   5.3456400e+06   2.9602051e+01
   5.3457950e+06   3.1311035e+01
   5.3466470e+06   2.7038574e+01
   5.3471150e+06   3.0700684e+01
   5.3473110e+06   3.3752441e+01
   5.3473220e+06   1.9653320e+01
   5.3473830e+06   1.8127441e+01
   5.3477500e+06   3.1555176e+01
   5.3480560e+06   3.4057617e+01
   5.3484220e+06   3.3691406e+01
   5.3487270e+06   2.7099609e+01
   5.3488470e+06   2.7709961e+01
   5.3512150e+06   2.8991699e+01
   5.3516510e+06   3.2470703e+01
   5.3521070e+06   2.9602051e+01
   5.3527800e+06   3.2104492e+01
   5.3528690e+06   2.7709961e+01
   5.3537610e+06   3.1555176e+01
   5.3541140e+06   3.3569336e+01
   5.3543480e+06   2.9113770e+01
   5.3548740e+06   3.0944824e+01
   5.3550260e+06   2.9235840e+01
   5.3551850e+06   3.0822754e+01
   5.3573320e+06   2.8381348e+01
   5.3578100e+06   2.7404785e+01
   5.3619880e+06   3.0517578e+01
   5.3633530e+06   3.0578613e+01
   5.3654690e+06   3.2958984e+01
   5.3672950e+06   3.0944824e+01
   5.3697980e+06   2.7832031e+01
   5.3715000e+06   3.3996582e+01
   5.3717000e+06   3.2897949e+01
   5.3734980e+06   3.1555176e+01
   5.3758900e+06   3.4545898e+01
   5.3761490e+06   2.8808594e+01
   5.3768450e+06   3.3813477e+01
   5.3771620e+06   2.8381348e+01
   5.3775390e+06   3.2287598e+01
   5.3778270e+06   3.0029297e+01
   5.3808900e+06   2.5817871e+01
   5.3821460e+06   2.9479980e+01
   5.3833520e+06   3.8391113e+01
   5.3833630e+06   2.7160645e+01
   5.3833950e+06   3.3081055e+01
   5.3834560e+06   3.6804199e+01
   5.3835000e+06   4.8034668e+01
   5.3835450e+06   2.6000977e+01
   5.3835880e+06   3.0151367e+01
   5.3851100e+06   3.1799316e+01
   5.3854350e+06   3.4362793e+01
   5.3857850e+06   3.1127930e+01
   5.3860280e+06   2.7770996e+01
   5.3864150e+06   2.5390625e+01
   5.3867790e+06   2.8625488e+01
   5.3876190e+06   2.9235840e+01
   5.3883330e+06   2.6489258e+01
   5.3895490e+06   1.9958496e+01
   5.3898190e+06   2.6794434e+01
   5.3901090e+06   2.3803711e+01
   5.3906660e+06   2.5451660e+01
   5.3908750e+06   3.4790039e+01
   5.3988290e+06   3.5766602e+01
   5.4011360e+06   2.9174805e+01
   5.4033420e+06   3.0029297e+01
   5.4053280e+06   3.1433105e+01
   5.4063940e+06   3.4973145e+01
   5.4064220e+06   3.0151367e+01
   5.4068070e+06   3.3386230e+01
   5.4078800e+06   2.9846191e+01
   5.4086300e+06   3.2104492e+01
   5.4093260e+06   3.5461426e+01
   5.4097600e+06   3.4362793e+01
   5.4104230e+06   2.2460938e+01
   5.4125970e+06   3.3203125e+01
   5.4129880e+06   2.6489258e+01
   5.4138990e+06   2.7832031e+01
   5.4143860e+06   3.1433105e+01
   5.4145660e+06   3.0700684e+01
   5.4179680e+06   2.4597168e+01
   5.4189590e+06   3.0273438e+01
   5.4190290e+06   3.0212402e+01
   5.4191140e+06   2.8442383e+01
   5.4204660e+06   2.7648926e+01
   5.4206940e+06   3.3508301e+01
   5.4208660e+06   2.8808594e+01
   5.4209480e+06   3.8330078e+01
   5.4209670e+06   4.8034668e+01
   5.4210110e+06   1.9714355e+01
   5.4213440e+06   2.5573730e+01
   5.4245260e+06   2.7954102e+01
   5.4252830e+06   3.3325195e+01
   5.4273830e+06   2.8320312e+01
   5.4283420e+06   3.2897949e+01
   5.4294250e+06   2.4291992e+01
   5.4301660e+06   3.4301758e+01
   5.4323380e+06   3.2043457e+01
   5.4334390e+06   2.8137207e+01
   5.4335750e+06   2.1789551e+01
   5.4340590e+06   3.0822754e+01
   5.4344820e+06   3.0151367e+01
   5.4361800e+06   3.4912109e+01
   5.4363230e+06   3.0151367e+01
   5.4370450e+06   2.9602051e+01
   5.4372340e+06   2.9174805e+01
   5.4379040e+06   2.8076172e+01
   5.4382610e+06   3.2653809e+01
   5.4386560e+06   2.8259277e+01
   5.4389200e+06   3.2043457e+01
   5.4393450e+06   3.1616211e+01
   5.4420540e+06   2.8930664e+01
   5.4441330e+06   3.2714844e+01
   5.4473480e+06   3.6193848e+01
   5.4475130e+06   2.8991699e+01
   5.4486220e+06   3.1921387e+01
   5.4490810e+06   2.8442383e+01
   5.4505290e+06   3.4118652e+01
   5.4506770e+06   2.6916504e+01
   5.4507090e+06   1.8493652e+01
   5.4539050e+06   3.1616211e+01
   5.4557830e+06   3.2043457e+01
   5.4559620e+06   3.2348633e+01
   5.4567780e+06   3.0212402e+01
   5.4574190e+06   3.2348633e+01
   5.4582740e+06   3.2104492e+01
   5.4590800e+06   3.3813477e+01
   5.4598840e+06   2.6062012e+01
   5.4609120e+06   3.1250000e+01
   5.4628210e+06   3.2104492e+01
   5.4634460e+06   2.8198242e+01
   5.4653360e+06   2.6733398e+01
   5.4680200e+06   2.7648926e+01
   5.4690100e+06   3.4545898e+01
   5.4715130e+06   3.0517578e+01
   5.4718200e+06   1.9042969e+01
   5.4719930e+06   2.5390625e+01
   5.4722790e+06   2.6977539e+01
   5.4726190e+06   3.3874512e+01
   5.4756380e+06   2.8625488e+01
   5.4774290e+06   3.0151367e+01
   5.4781570e+06   2.8686523e+01
   5.4785900e+06   2.9968262e+01
   5.4788680e+06   2.8625488e+01
   5.4789930e+06   2.8564453e+01
   5.4793170e+06   2.6062012e+01
   5.4793300e+06   2.0324707e+01
   5.4793880e+06   2.9663086e+01
   5.4803240e+06   2.9235840e+01
   5.4844900e+06   2.9602051e+01
   5.4857900e+06   2.7221680e+01
   5.4870590e+06   3.1372070e+01
   5.4876570e+06   2.8686523e+01
   5.4880460e+06   3.2104492e+01
   5.4882330e+06   3.3264160e+01
   5.4884610e+06   2.9602051e+01
   5.4890600e+06   3.2104492e+01
   5.4892220e+06   3.2226562e+01
   5.4897900e+06   3.0761719e+01
   5.4899450e+06   2.8625488e+01
   5.4902370e+06   2.6184082e+01
   5.4903200e+06   2.7954102e+01
   5.4915430e+06   2.8991699e+01
   5.4918190e+06   3.2348633e+01
   5.4920880e+06   4.6386719e+01
   5.4921600e+06   1.7089844e+01
   5.4921990e+06   1.5014648e+01
   5.4922180e+06   3.1127930e+01
   5.4922710e+06   1.6906738e+01
   5.4923440e+06   2.8320312e+01
   5.4934820e+06   2.9846191e+01
   5.4935920e+06   2.9846191e+01
   5.4936730e+06   3.0334473e+01
   5.4942060e+06   3.0212402e+01
   5.4942850e+06   2.4291992e+01
   5.4945220e+06   3.0761719e+01
   5.4946000e+06   2.8137207e+01
   5.4946750e+06   3.0822754e+01
   5.4950270e+06   2.6794434e+01
   5.4951020e+06   2.8991699e+01
   5.4952500e+06   2.6245117e+01
   5.4954890e+06   3.0883789e+01
   5.4957030e+06   2.9541016e+01
   5.4958140e+06   2.7832031e+01
   5.4959990e+06   2.6794434e+01
   5.4961510e+06   3.3996582e+01
   5.4965810e+06   2.5756836e+01
   5.4971180e+06   2.8015137e+01
   5.4975990e+06   2.8442383e+01
   5.4979160e+06   2.6611328e+01
   5.4985750e+06   2.7099609e+01
   5.4987420e+06   2.4475098e+01
   5.4990670e+06   2.5451660e+01
   5.4997600e+06   3.3935547e+01
   5.5000550e+06   2.6672363e+01
   5.5001840e+06   2.8442383e+01
   5.5076410e+06   3.4301758e+01
   5.5099120e+06   3.3813477e+01
   5.5113430e+06   3.6499023e+01
   5.5114960e+06   2.3681641e+01
   5.5116230e+06   3.3874512e+01
   5.5127650e+06   3.1066895e+01
   5.5131620e+06   3.1982422e+01
   5.5133730e+06   2.8869629e+01
   5.5142510e+06   2.9724121e+01
   5.5148450e+06   2.7587891e+01
   5.5149560e+06   1.9409180e+01
   5.5150100e+06   3.0212402e+01
   5.5153170e+06   2.6855469e+01
   5.5179160e+06   3.2653809e+01
   5.5188040e+06   3.0700684e+01
   5.5192540e+06   3.2226562e+01
   5.5195640e+06   2.8015137e+01
   5.5198790e+06   2.8137207e+01
   5.5227520e+06   3.2348633e+01
   5.5251800e+06   3.3752441e+01
   5.5263010e+06   3.0273438e+01
   5.5280960e+06   3.5339355e+01
   5.5308220e+06   3.1616211e+01
   5.5309430e+06   2.8625488e+01
   5.5311260e+06   2.9113770e+01
   5.5312620e+06   3.2775879e+01
   5.5345330e+06   3.0273437e+01
   5.5347100e+06   2.7221680e+01
   5.5368000e+06   3.0517578e+01
   5.5379540e+06   3.0212402e+01
   5.5385830e+06   3.1188965e+01
   5.5389540e+06   2.8625488e+01
   5.5396520e+06   2.9663086e+01
   5.5399160e+06   3.0517578e+01
   5.5402060e+06   3.3203125e+01
   5.5405390e+06   3.0456543e+01
   5.5407350e+06   3.1494141e+01
   5.5409510e+06   2.9174805e+01
   5.5415940e+06   3.0944824e+01
   5.5416050e+06   3.6499023e+01
   5.5416470e+06   3.1799316e+01
   5.5416830e+06   2.9846191e+01
   5.5417200e+06   1.9653320e+01
   5.5417690e+06   3.9489746e+01
   5.5419140e+06   2.8869629e+01
   5.5419500e+06   2.0874023e+01
   5.5447570e+06   3.2226563e+01
   5.5459740e+06   3.2897949e+01
   5.5475410e+06   2.7160645e+01
   5.5476540e+06   3.2409668e+01
   5.5524630e+06   3.1494141e+01
   5.5560730e+06   3.5949707e+01
   5.5569230e+06   3.2958984e+01
   5.5571690e+06   3.4423828e+01
   5.5573400e+06   2.4963379e+01
   5.5574800e+06   3.3264160e+01
   5.5578790e+06   3.0395508e+01
   5.5588300e+06   2.9785156e+01
   5.5616730e+06   2.7465820e+01
   5.5630830e+06   1.6174316e+01
   5.5660450e+06   3.3630371e+01
   5.5669230e+06   3.5034180e+01
   5.5688270e+06   3.2592773e+01
   5.5697440e+06   1.5747070e+01
   5.5707040e+06   3.9428711e+01
   5.5746690e+06   3.3325195e+01
   5.5753160e+06   1.5197754e+01
   5.5776120e+06   2.7954102e+01
   5.5786490e+06   3.1921387e+01
   5.5793150e+06   1.5380859e+01
   5.5798870e+06   2.7343750e+01
   5.5818710e+06   3.1616211e+01
   5.5832730e+06   3.2409668e+01
   5.5835040e+06   2.9418945e+01
   5.5837140e+06   3.2470703e+01
   5.5840610e+06   2.8259277e+01
   5.5844460e+06   2.8625488e+01
   5.5852630e+06   2.9785156e+01
   5.5854080e+06   3.1372070e+01
   5.5857640e+06   5.0415039e+01
   5.5889280e+06   3.0151367e+01
   5.5914040e+06   3.9306641e+01
   5.5914160e+06   3.0700684e+01
   5.5915120e+06   2.6062012e+01
   5.5962270e+06   2.8198242e+01
   5.5966860e+06   3.3203125e+01
   5.5969220e+06   2.9846191e+01
   5.5972240e+06   3.0822754e+01
   5.5976970e+06   2.7587891e+01
   5.5979650e+06   3.0944824e+01
   5.5999740e+06   2.9663086e+01
   5.6010620e+06   3.2531738e+01
   5.6011800e+06   3.3081055e+01
   5.6012630e+06   4.1564941e+01
   5.6013850e+06   2.6245117e+01
   5.6014840e+06   1.7150879e+01
   5.6015790e+06   1.7822266e+01
   5.6016140e+06   1.5625000e+01
   5.6023800e+06   2.8015137e+01
   5.6028010e+06   3.1677246e+01
   5.6038510e+06   2.1301270e+01
   5.6045770e+06   2.6306152e+01
   5.6046630e+06   3.0151367e+01
   5.6050250e+06   2.8869629e+01
   5.6052030e+06   2.8137207e+01
   5.6061700e+06   3.1005859e+01
   5.6081500e+06   2.7893066e+01
   5.6106930e+06   3.2043457e+01
   5.6114750e+06   3.5217285e+01
   5.6118640e+06   3.3020020e+01
   5.6123710e+06   3.1982422e+01
   5.6124480e+06   3.0761719e+01
   5.6127610e+06   2.7221680e+01
   5.6129410e+06   2.8808594e+01
   5.6139140e+06   2.6916504e+01
   5.6142530e+06   2.2277832e+01
   5.6143900e+06   4.0405273e+01
   5.6169230e+06   2.0996094e+01
   5.6169870e+06   1.9775391e+01
   5.6170040e+06   3.4118652e+01
   5.6173890e+06   3.0456543e+01
   5.6174830e+06   2.9357910e+01
   5.6186000e+06   3.2348633e+01
   5.6190970e+06   3.1799316e+01
   5.6198250e+06   3.0883789e+01
   5.6202250e+06   2.8198242e+01
   5.6206930e+06   3.0822754e+01
   5.6213620e+06   2.7282715e+01
   5.6252680e+06   3.5400391e+01
   5.6254410e+06   3.2836914e+01
   5.6258190e+06   2.9541016e+01
   5.6260040e+06   3.3691406e+01
   5.6262010e+06   3.1005859e+01
   5.6265340e+06   2.5878906e+01
   5.6290470e+06   3.1127930e+01
   5.6310340e+06   3.1799316e+01
   5.6317860e+06   2.6855469e+01
   5.6333350e+06   3.1372070e+01
   5.6335820e+06   2.9968262e+01
   5.6338520e+06   3.4118652e+01
   5.6343850e+06   3.0090332e+01
   5.6348180e+06   3.2958984e+01
   5.6353460e+06   2.9479980e+01
   5.6358200e+06   2.8442383e+01
   5.6370450e+06   2.5939941e+01
   5.6377170e+06   3.2348633e+01
   5.6388080e+06   3.2287598e+01
   5.6396960e+06   2.6977539e+01
   5.6412730e+06   2.9235840e+01
   5.6422120e+06   3.0334473e+01
   5.6426030e+06   3.4912109e+01
   5.6427810e+06   2.7465820e+01
   5.6429800e+06   2.8808594e+01
   5.6438950e+06   3.4912109e+01
   5.6441100e+06   3.2104492e+01
   5.6443290e+06   3.3325195e+01
   5.6446130e+06   2.7038574e+01
   5.6447440e+06   2.5390625e+01
   5.6451020e+06   3.0151367e+01
   5.6485280e+06   3.5034180e+01
   5.6518700e+06   2.8869629e+01
   5.6521130e+06   3.3935547e+01
   5.6523270e+06   2.6489258e+01
   5.6528460e+06   2.8686523e+01
   5.6533150e+06   3.2043457e+01
   5.6536620e+06   2.7526855e+01
   5.6539180e+06   2.8625488e+01
   5.6559540e+06   2.9724121e+01
   5.6577110e+06   1.5563965e+01
   5.6581740e+06   2.8808594e+01
   5.6589070e+06   3.7048340e+01
   5.6589940e+06   3.2043457e+01
   5.6593530e+06   3.3447266e+01
   5.6594570e+06   3.1738281e+01
   5.6595230e+06   1.9531250e+01
   5.6597770e+06   2.6733398e+01
   5.6599340e+06   2.8503418e+01
   5.6601180e+06   3.0090332e+01
   5.6603460e+06   2.4169922e+01
   5.6634970e+06   2.9418945e+01
   5.6639280e+06   2.8076172e+01
   5.6655670e+06   1.7211914e+01
   5.6667280e+06   2.8686523e+01
   5.6677000e+06   2.9235840e+01
   5.6680990e+06   3.1799316e+01
   5.6682540e+06   2.9846191e+01
   5.6683680e+06   2.9113770e+01
   5.6684990e+06   3.1005859e+01
   5.6694360e+06   2.8808594e+01
   5.6696620e+06   3.0883789e+01
   5.6707290e+06   2.9235840e+01
   5.6707580e+06   3.5827637e+01
   5.6710240e+06   2.9113770e+01
   5.6712270e+06   2.6916504e+01
   5.6715860e+06   2.7648926e+01
   5.6720290e+06   2.9235840e+01
   5.6724220e+06   3.4729004e+01
   5.6767830e+06   3.4484863e+01
   5.6779490e+06   3.5034180e+01
   5.6781980e+06   2.5695801e+01
   5.6795340e+06   3.3935547e+01
   5.6798870e+06   2.9479980e+01
   5.6805660e+06   2.6916504e+01
   5.6811220e+06   2.4658203e+01
   5.6811620e+06   1.7883301e+01
   5.6811940e+06   3.6926270e+01
   5.6814300e+06   2.1789551e+01
   5.6815760e+06   3.6926270e+01
   5.6817780e+06   2.9907227e+01
   5.6821020e+06   2.8320312e+01
   5.6822100e+06   3.2104492e+01
   5.6832480e+06   3.0944824e+01
   5.6838740e+06   3.4851074e+01
   5.6844320e+06   3.0883789e+01
   5.6851140e+06   3.0395508e+01
   5.6857650e+06   3.1616211e+01
   5.6859260e+06   2.7526855e+01
   5.6865260e+06   3.2531738e+01
   5.6867620e+06   3.0517578e+01
   5.6869310e+06   2.4902344e+01
   5.6871410e+06   3.1494141e+01
   5.6872840e+06   2.9113770e+01
   5.6873950e+06   3.0273438e+01
   5.6875850e+06   3.1738281e+01
   5.6877470e+06   2.6306152e+01
   5.6879010e+06   3.0029297e+01
   5.6916280e+06   3.0212402e+01
   5.6917730e+06   3.0761719e+01
   5.6967930e+06   3.2958984e+01
   5.6985800e+06   2.6794434e+01
   5.6997810e+06   2.6977539e+01
   5.7003070e+06   3.0517578e+01
   5.7008690e+06   3.1127930e+01
   5.7013120e+06   2.9663086e+01
   5.7017770e+06   3.1127930e+01
   5.7020910e+06   3.0151367e+01
   5.7024490e+06   3.2287598e+01
   5.7027530e+06   3.3569336e+01
   5.7029360e+06   3.1616211e+01
   5.7113800e+06   2.9296875e+01
   5.7127360e+06   2.7587891e+01
   5.7144280e+06   3.2165527e+01
   5.7151970e+06   3.2592773e+01
   5.7161750e+06   3.4545898e+01
   5.7164490e+06   2.8808594e+01
   5.7166500e+06   2.8198242e+01
   5.7171900e+06   2.6855469e+01
   5.7174470e+06   3.2897949e+01
   5.7177380e+06   2.8686523e+01
   5.7180110e+06   2.9663086e+01
   5.7183680e+06   3.1005859e+01
   5.7190890e+06   3.0517578e+01
   5.7199090e+06   3.1738281e+01
   5.7208730e+06   2.5756836e+01
   5.7211130e+06   2.2033691e+01
   5.7211770e+06   1.8127441e+01
   5.7212280e+06   1.5808105e+01
   5.7213080e+06   3.0395508e+01
   5.7218800e+06   2.9663086e+01
   5.7222630e+06   3.1066895e+01
   5.7225780e+06   2.4963379e+01
   5.7230270e+06   2.7770996e+01
   5.7239980e+06   3.5461426e+01
   5.7249250e+06   3.1433105e+01
   5.7251210e+06   2.2827148e+01
   5.7256910e+06   2.8259277e+01
   5.7267880e+06   2.6977539e+01
   5.7283990e+06   3.0578613e+01
   5.7291270e+06   1.5869141e+01
   5.7313820e+06   3.3264160e+01
   5.7332400e+06   2.7343750e+01
   5.7346160e+06   2.8930664e+01
   5.7351800e+06   2.9235840e+01
   5.7353220e+06   2.9785156e+01
   5.7376210e+06   3.3508301e+01
   5.7407940e+06   3.2104492e+01
   5.7415910e+06   3.4057617e+01
   5.7418840e+06   1.6540527e+01
   5.7423750e+06   3.0944824e+01
   5.7433090e+06   3.1982422e+01
   5.7444290e+06   3.2653809e+01
   5.7457330e+06   2.9052734e+01
   5.7466280e+06   3.3935547e+01
   5.7468850e+06   2.8930664e+01
   5.7471450e+06   3.1188965e+01
   5.7473410e+06   2.8930664e+01
   5.7476730e+06   3.1250000e+01
   5.7479430e+06   1.8737793e+01
   5.7479700e+06   2.6916504e+01
   5.7479940e+06   1.5319824e+01
   5.7483230e+06   3.0700684e+01
   5.7485470e+06   2.9052734e+01
   5.7488300e+06   2.8137207e+01
   5.7488980e+06   2.7465820e+01
   5.7535220e+06   3.3569336e+01
   5.7542760e+06   3.4973145e+01
   5.7547820e+06   3.4912109e+01
   5.7549030e+06   2.8442383e+01
   5.7574710e+06   2.9663086e+01
   5.7578020e+06   3.5888672e+01
   5.7598160e+06   2.6489258e+01
   5.7614730e+06   3.3691406e+01
   5.7626990e+06   2.6428223e+01
   5.7642170e+06   1.7150879e+01
   5.7644410e+06   1.6540527e+01
   5.7653410e+06   1.6601562e+01
   5.7673050e+06   2.8320312e+01
   5.7681520e+06   1.5686035e+01
   5.7682870e+06   2.7099609e+01
   5.7683660e+06   2.9968262e+01
   5.7707340e+06   2.6916504e+01
   5.7722230e+06   3.0578613e+01
   5.7740310e+06   3.1311035e+01
   5.7758100e+06   2.9663086e+01
   5.7760110e+06   1.7822266e+01
   5.7760810e+06   1.8127441e+01
   5.7762070e+06   2.8381348e+01
   5.7764250e+06   2.8503418e+01
   5.7780530e+06   3.3630371e+01
   5.7782500e+06   2.4719238e+01
   5.7783860e+06   2.7832031e+01
   5.7790060e+06   2.6733398e+01
   5.7794950e+06   2.7770996e+01
   5.7813340e+06   1.5258789e+01
   5.7822600e+06   3.0761719e+01
   5.7830770e+06   2.8564453e+01
   5.7839090e+06   2.5451660e+01
   5.7849330e+06   3.6560059e+01
   5.7887980e+06   3.2775879e+01
   5.7907310e+06   2.8625488e+01
   5.7914950e+06   2.9724121e+01
   5.7918020e+06   3.8940430e+01
   5.7921900e+06   3.4118652e+01
   5.7926450e+06   2.9357910e+01
   5.7930780e+06   3.3813477e+01
   5.7954800e+06   2.6855469e+01
   5.7961840e+06   3.1555176e+01
   5.7974890e+06   3.1372070e+01
   5.7978380e+06   3.4057617e+01
   5.7982660e+06   2.7221680e+01
   5.7986150e+06   2.9724121e+01
   5.7986830e+06   2.6489258e+01
   5.7989830e+06   3.2836914e+01
   5.7990580e+06   2.7893066e+01
   5.7995210e+06   2.8503418e+01
   5.7996340e+06   3.0395508e+01
   5.8000890e+06   2.8930664e+01
   5.8008120e+06   2.7221680e+01
   5.8013340e+06   2.9418945e+01
   5.8066570e+06   3.5461426e+01
   5.8071730e+06   2.4841309e+01
   5.8074710e+06   3.1555176e+01
   5.8079400e+06   3.0639648e+01
   5.8104810e+06   3.5217285e+01
   5.8113480e+06   3.7475586e+01
   5.8126190e+06   3.2714844e+01
   5.8131000e+06   2.7709961e+01
   5.8134740e+06   2.9724121e+01
   5.8137590e+06   3.1005859e+01
   5.8140660e+06   2.9602051e+01
   5.8142910e+06   3.5034180e+01
   5.8177050e+06   3.0456543e+01
   5.8192150e+06   2.7404785e+01
   5.8250030e+06   3.4118652e+01
   5.8263270e+06   2.8808594e+01
   5.8276070e+06   3.0639648e+01
   5.8293590e+06   3.0639648e+01
   5.8296020e+06   2.9479980e+01
   5.8299600e+06   3.0761719e+01
   5.8322530e+06   2.2949219e+01
   5.8344030e+06   2.6855469e+01
   5.8355120e+06   3.0944824e+01
   5.8379700e+06   3.1250000e+01
   5.8389830e+06   3.0761719e+01
   5.8393490e+06   3.0944824e+01
   5.8396030e+06   3.2104492e+01
   5.8398600e+06   2.8625488e+01
   5.8407560e+06   2.9724121e+01
   5.8429620e+06   3.3142090e+01
   5.8454310e+06   3.3752441e+01
   5.8464760e+06   2.8564453e+01
   5.8468180e+06   2.6977539e+01
   5.8472640e+06   2.9479980e+01
   5.8475720e+06   2.9357910e+01
   5.8478400e+06   2.8259277e+01
   5.8481480e+06   2.8137207e+01
   5.8509610e+06   3.1799316e+01
   5.8527000e+06   2.7526855e+01
   5.8540130e+06   3.3813477e+01
   5.8546110e+06   3.2226562e+01
   5.8551510e+06   3.4484863e+01
   5.8560870e+06   3.1433105e+01
   5.8564250e+06   2.8747559e+01
   5.8567940e+06   3.1372070e+01
   5.8568970e+06   2.6000977e+01
   5.8570450e+06   3.0883789e+01
   5.8573210e+06   2.9296875e+01
   5.8574790e+06   3.0273438e+01
   5.8578880e+06   3.0578613e+01
   5.8583740e+06   3.0822754e+01
   5.8590070e+06   3.2104492e+01
   5.8615040e+06   2.8930664e+01
   5.8623180e+06   3.2775879e+01
   5.8625420e+06   2.8198242e+01
   5.8627650e+06   2.5451660e+01
   5.8628470e+06   3.2714844e+01
   5.8658470e+06   3.2043457e+01
   5.8710660e+06   3.1188965e+01
   5.8726540e+06   3.3508301e+01
   5.8744640e+06   3.3386230e+01
   5.8761180e+06   3.0761719e+01
   5.8770200e+06   3.0578613e+01
   5.8775330e+06   2.6489258e+01
   5.8782470e+06   3.0639648e+01
   5.8787750e+06   3.5278320e+01
   5.8791060e+06   3.0700684e+01
   5.8793190e+06   2.0690918e+01
   5.8794000e+06   2.1057129e+01
   5.8794400e+06   1.6296387e+01
   5.8796800e+06   3.2226562e+01
   5.8802550e+06   3.0761719e+01
   5.8803790e+06   2.8747559e+01
   5.8806540e+06   3.5522461e+01
   5.8809040e+06   2.8442383e+01
   5.8837800e+06   3.4912109e+01
   5.8866810e+06   3.1921387e+01
   5.8868730e+06   3.0273438e+01
   5.8873810e+06   3.0944824e+01
   5.8875300e+06   2.7221680e+01
   5.8875730e+06   2.0751953e+01
   5.8880490e+06   2.9235840e+01
   5.8883060e+06   2.8686523e+01
   5.8888660e+06   2.8381348e+01
   5.8900060e+06   2.8137207e+01
   5.8902330e+06   3.0151367e+01
   5.8904860e+06   2.9907227e+01
   5.8907440e+06   3.2592773e+01
   5.8917920e+06   2.7587891e+01
   5.8923130e+06   2.7832031e+01
   5.8928880e+06   2.7038574e+01
   5.8934870e+06   3.1982422e+01
   5.8952650e+06   2.8015137e+01
   5.8963130e+06   2.8320312e+01
   5.8971500e+06   3.1860352e+01
   5.8979760e+06   3.2897949e+01
   5.9002410e+06   3.0639648e+01
   5.9011060e+06   3.5583496e+01
   5.9013390e+06   2.7465820e+01
   5.9016730e+06   3.0761719e+01
   5.9020280e+06   3.0822754e+01
   5.9023350e+06   2.0324707e+01
   5.9023810e+06   1.9348145e+01
   5.9030390e+06   3.1005859e+01
   5.9032230e+06   2.4902344e+01
   5.9045730e+06   3.3081055e+01
   5.9062200e+06   2.9479980e+01
   5.9070210e+06   3.0273438e+01
   5.9072240e+06   2.9602051e+01
   5.9072950e+06   2.6428223e+01
   5.9074870e+06   2.9602051e+01
   5.9075960e+06   2.8442383e+01
   5.9076740e+06   2.5390625e+01
   5.9077600e+06   3.2653809e+01
   5.9080320e+06   2.5085449e+01
   5.9081340e+06   2.7832031e+01
   5.9082430e+06   2.6062012e+01
   5.9084860e+06   2.9968262e+01
   5.9085930e+06   2.6611328e+01
   5.9089400e+06   2.6000977e+01
   5.9090310e+06   2.8991699e+01
   5.9093070e+06   2.6000977e+01
   5.9094090e+06   2.8198242e+01
   5.9096610e+06   2.5756836e+01
   5.9098700e+06   2.7282715e+01
   5.9100090e+06   2.7526855e+01
   5.9101790e+06   3.1494141e+01
   5.9103520e+06   2.6062012e+01
   5.9104240e+06   3.3386230e+01
   5.9104610e+06   2.9113770e+01
   5.9104950e+06   2.2705078e+01
   5.9105290e+06   1.6723633e+01
   5.9105760e+06   2.3437500e+01
   5.9106120e+06   1.8981934e+01
   5.9106420e+06   3.0822754e+01
   5.9106830e+06   2.2338867e+01
   5.9107290e+06   1.7150879e+01
   5.9107750e+06   1.5502930e+01
   5.9108300e+06   2.4291992e+01
   5.9109000e+06   3.4118652e+01
   5.9109580e+06   1.9958496e+01
   5.9110090e+06   1.7333984e+01
   5.9110290e+06   2.6977539e+01
   5.9110680e+06   2.1789551e+01
   5.9118310e+06   2.7343750e+01
   5.9121630e+06   2.9418945e+01
   5.9173820e+06   2.9052734e+01
   5.9179260e+06   3.1555176e+01
   5.9187880e+06   2.3498535e+01
   5.9192730e+06   2.0629883e+01
   5.9193190e+06   1.6540527e+01
   5.9193340e+06   2.6062012e+01
   5.9196010e+06   2.7343750e+01
   5.9198050e+06   3.2226562e+01
   5.9199250e+06   2.8320312e+01
   5.9201490e+06   2.9541016e+01
   5.9205570e+06   3.0700684e+01
   5.9235790e+06   2.6428223e+01
   5.9260780e+06   3.0761719e+01
   5.9275200e+06   2.7587891e+01
   5.9281820e+06   3.2104492e+01
   5.9284780e+06   3.2531738e+01
   5.9309240e+06   2.3864746e+01
   5.9316460e+06   2.4780273e+01
   5.9320200e+06   3.4179688e+01
   5.9325740e+06   3.1616211e+01
   5.9327210e+06   2.8747559e+01
   5.9328300e+06   2.9296875e+01
   5.9329340e+06   2.8076172e+01
   5.9331140e+06   2.9052734e+01
   5.9332200e+06   2.8198242e+01
   5.9338760e+06   2.6916504e+01
   5.9343720e+06   3.0273438e+01
   5.9380890e+06   3.0029297e+01
   5.9393470e+06   3.5888672e+01
   5.9398580e+06   3.2470703e+01
   5.9419840e+06   3.0944824e+01
   5.9428280e+06   3.3142090e+01
   5.9435650e+06   2.9663086e+01
   5.9442380e+06   1.6418457e+01
   5.9444290e+06   3.2226562e+01
   5.9445410e+06   3.0700684e+01
   5.9449080e+06   2.8381348e+01
   5.9450950e+06   2.7832031e+01
   5.9453170e+06   2.9907227e+01
   5.9454200e+06   2.4963379e+01
   5.9455720e+06   2.9968262e+01
   5.9456990e+06   2.9663086e+01
   5.9459290e+06   2.4230957e+01
   5.9470530e+06   3.1372070e+01
   5.9476250e+06   3.0273438e+01
   5.9478590e+06   3.3203125e+01
   5.9480570e+06   2.8625488e+01
   5.9483770e+06   2.5146484e+01
   5.9486090e+06   3.0273438e+01
   5.9515470e+06   2.8686523e+01
   5.9517600e+06   1.7578125e+01
   5.9519050e+06   2.8869629e+01
   5.9519250e+06   2.1850586e+01
   5.9521940e+06   2.8381348e+01
   5.9522840e+06   2.8686523e+01
   5.9523790e+06   2.7832031e+01
   5.9527540e+06   3.1372070e+01
   5.9547060e+06   3.2775879e+01
   5.9552100e+06   2.9907227e+01
   5.9556680e+06   3.3508301e+01
   5.9565220e+06   3.0761719e+01
   5.9566700e+06   3.0395508e+01
   5.9575240e+06   2.8686523e+01
   5.9576940e+06   2.9907227e+01
   5.9578430e+06   2.8198242e+01
   5.9579900e+06   2.2888184e+01
   5.9595680e+06   2.6794434e+01
   5.9602630e+06   3.1066895e+01
   5.9610920e+06   3.1250000e+01
   5.9615350e+06   3.1799316e+01
   5.9620330e+06   2.5756836e+01
   5.9628210e+06   2.7221680e+01
   5.9631370e+06   2.8991699e+01
   5.9635440e+06   3.1005859e+01
   5.9636910e+06   3.0700684e+01
   5.9654620e+06   3.1677246e+01
   5.9669010e+06   3.1372070e+01
   5.9687330e+06   3.4118652e+01
   5.9699410e+06   3.4912109e+01
   5.9704510e+06   3.0151367e+01
   5.9706990e+06   2.7587891e+01
   5.9709990e+06   3.3142090e+01
   5.9754200e+06   3.0700684e+01
   5.9759900e+06   3.3142090e+01
   5.9764550e+06   2.6184082e+01
   5.9787410e+06   4.0344238e+01
   5.9797470e+06   2.5573730e+01
   5.9798670e+06   1.5441895e+01
   5.9811980e+06   3.4118652e+01
   5.9816170e+06   2.8808594e+01
   5.9816660e+06   1.7028809e+01
   5.9817840e+06   3.2226562e+01
   5.9861020e+06   2.8930664e+01
   5.9873820e+06   3.1982422e+01
   5.9874480e+06   1.7028809e+01
   5.9875010e+06   1.7944336e+01
   5.9875890e+06   3.0761719e+01
   5.9885570e+06   3.4179688e+01
   5.9888530e+06   3.0273438e+01
   5.9891130e+06   3.0700684e+01
   5.9895010e+06   2.4597168e+01
   5.9914660e+06   3.2165527e+01
   5.9944600e+06   3.0090332e+01
   5.9954880e+06   2.7038574e+01
   5.9966990e+06   2.9968262e+01
   5.9970070e+06   2.8503418e+01
   5.9971240e+06   3.1738281e+01
   5.9978180e+06   2.8442383e+01
   5.9980960e+06   2.9541016e+01
   5.9986080e+06   2.4658203e+01
   5.9987210e+06   2.8686523e+01
