   5.9990000e+06   0.0000000e+00
   1.0330000e+03   1.4465332e+01
   2.8090000e+03   1.4831543e+01
   6.0770000e+03   1.3977051e+01
   6.2640000e+03   1.7456055e+01
   8.7490000e+03   1.4587402e+01
   9.3790000e+03   2.6367188e+01
   1.0543000e+04   1.4343262e+01
   1.0685000e+04   1.4953613e+01
   1.0764000e+04   1.5502930e+01
   1.0982000e+04   1.5502930e+01
   1.1066000e+04   2.2094727e+01
   1.1144000e+04   1.4831543e+01
   1.1173000e+04   1.5380859e+01
   1.1209000e+04   1.5319824e+01
   1.1248000e+04   1.5136719e+01
   1.1298000e+04   1.4099121e+01
   1.1372000e+04   1.4160156e+01
   1.6098000e+04   1.8127441e+01
   1.6327000e+04   1.4038086e+01
   1.8531000e+04   1.6113281e+01
   2.3056000e+04   1.7517090e+01
   2.3555000e+04   1.5258789e+01
   2.7737000e+04   1.4953613e+01
   2.8440000e+04   1.7822266e+01
   2.8913000e+04   1.4892578e+01
   3.6551000e+04   2.2644043e+01
   4.0827000e+04   1.5747070e+01
   4.2018000e+04   1.4892578e+01
   4.4284000e+04   1.4099121e+01
   4.5717000e+04   1.5319824e+01
   4.6331000e+04   1.6418457e+01
   4.6408000e+04   2.4658203e+01
   4.6445000e+04   2.0507812e+01
   4.6656000e+04   1.5075684e+01
   4.6908000e+04   1.7517090e+01
   4.8294000e+04   1.6845703e+01
   4.9442000e+04   1.6845703e+01
   5.1302000e+04   1.6784668e+01
   5.1793000e+04   1.6723633e+01
   5.2146000e+04   2.0324707e+01
   5.4281000e+04   1.6906738e+01
   5.4965000e+04   2.4353027e+01
   5.5550000e+04   1.7639160e+01
   5.5802000e+04   1.7333984e+01
   6.1119000e+04   1.5747070e+01
   6.2690000e+04   1.8920898e+01
   6.3079000e+04   1.6906738e+01
   6.3983000e+04   1.6052246e+01
   6.4122000e+04   1.6113281e+01
   6.4458000e+04   1.7700195e+01
   6.4571000e+04   1.5686035e+01
   6.4735000e+04   1.9409180e+01
   6.4828000e+04   1.4465332e+01
   6.4881000e+04   1.5075684e+01
   6.4967000e+04   1.5319824e+01
   6.5099000e+04   1.4709473e+01
   6.5312000e+04   1.6845703e+01
   6.5470000e+04   1.5686035e+01
   6.6868000e+04   2.1667480e+01
   7.1856000e+04   1.5014648e+01
   7.6445000e+04   1.5075684e+01
   7.7947000e+04   1.5380859e+01
   7.9550000e+04   1.5686035e+01
   8.0909000e+04   2.3437500e+01
   8.0994000e+04   2.4047852e+01
   8.1067000e+04   1.8188477e+01
   8.1270000e+04   1.6235352e+01
   8.1672000e+04   1.7395020e+01
   8.1808000e+04   2.3925781e+01
   8.3043000e+04   1.5014648e+01
   8.3492000e+04   1.3977051e+01
   8.4128000e+04   1.8676758e+01
   8.4192000e+04   1.4099121e+01
   8.5784000e+04   1.4831543e+01
   9.1631000e+04   1.5441895e+01
   9.2482000e+04   2.0324707e+01
   9.2921000e+04   1.7395020e+01
   9.3109000e+04   1.4709473e+01
   9.3419000e+04   1.8981934e+01
   9.4194000e+04   1.4160156e+01
   9.6272000e+04   1.4892578e+01
   9.7247000e+04   1.6845703e+01
   9.8565000e+04   1.5380859e+01
   9.9176000e+04   1.6418457e+01
   1.0106300e+05   1.4099121e+01
   1.0187800e+05   1.5686035e+01
   1.0580900e+05   1.7639160e+01
   1.0635900e+05   2.5146484e+01
   1.0639500e+05   2.4658203e+01
   1.0645400e+05   1.9531250e+01
   1.0649700e+05   1.4038086e+01
   1.0653900e+05   1.5747070e+01
   1.0655700e+05   1.5136719e+01
   1.0828200e+05   1.6296387e+01
   1.0850300e+05   1.4526367e+01
   1.0875800e+05   1.4648438e+01
   1.0944400e+05   1.9104004e+01
   1.1104900e+05   1.5441895e+01
   1.1169900e+05   1.8615723e+01
   1.1191000e+05   1.7395020e+01
   1.1286300e+05   1.4404297e+01
   1.1350000e+05   1.6662598e+01
   1.1411900e+05   1.7883301e+01
   1.1482800e+05   1.4648438e+01
   1.1566700e+05   1.5380859e+01
   1.1992100e+05   1.5380859e+01
   1.2051800e+05   1.6662598e+01
   1.2147900e+05   2.0324707e+01
   1.2229200e+05   2.1484375e+01
   1.2233300e+05   2.1972656e+01
   1.2247700e+05   1.6052246e+01
   1.2256200e+05   2.4108887e+01
   1.2259900e+05   1.4953613e+01
   1.2270200e+05   1.7883301e+01
   1.2379100e+05   1.4099121e+01
   1.2543300e+05   1.6235352e+01
   1.2613800e+05   1.7211914e+01
   1.2670700e+05   1.6601562e+01
   1.2864600e+05   1.5747070e+01
   1.2996200e+05   1.7272949e+01
   1.3368900e+05   1.4892578e+01
   1.3485900e+05   1.4099121e+01
   1.3686900e+05   1.6967773e+01
   1.3856900e+05   1.7028809e+01
   1.3924100e+05   1.7700195e+01
   1.3957700e+05   1.5380859e+01
   1.3974400e+05   1.7395020e+01
   1.4023000e+05   1.7333984e+01
   1.4037700e+05   1.7150879e+01
   1.4483700e+05   1.6906738e+01
   1.4672700e+05   1.4831543e+01
   1.4943600e+05   1.6601562e+01
   1.4990800e+05   1.6601562e+01
   1.5258600e+05   1.4343262e+01
   1.5341800e+05   2.0019531e+01
   1.5597000e+05   1.7089844e+01
   1.5653600e+05   2.8930664e+01
   1.5980200e+05   1.7150879e+01
   1.6121500e+05   1.7639160e+01
   1.6293100e+05   1.4648438e+01
   1.6373700e+05   1.5014648e+01
   1.6601200e+05   1.8005371e+01
   1.6691600e+05   1.4343262e+01
   1.6874000e+05   1.3977051e+01
   1.6906900e+05   1.5563965e+01
   1.7000400e+05   1.6479492e+01
   1.7165000e+05   1.6540527e+01
   1.7355400e+05   1.5380859e+01
   1.7847200e+05   1.7456055e+01
   1.8005700e+05   1.6052246e+01
   1.8155200e+05   1.9470215e+01
   1.8159000e+05   1.8432617e+01
   1.8165200e+05   2.3498535e+01
   1.8305300e+05   1.6845703e+01
   1.8693200e+05   2.5939941e+01
   1.8696800e+05   2.0080566e+01
   1.8700300e+05   1.7211914e+01
   1.8703400e+05   1.4282227e+01
   1.8928600e+05   1.8920898e+01
   1.9078500e+05   1.6357422e+01
   1.9439000e+05   1.6357422e+01
   1.9442900e+05   1.6662598e+01
   1.9618400e+05   1.5869141e+01
   1.9651900e+05   1.4831543e+01
   1.9690900e+05   1.5869141e+01
   1.9723100e+05   1.4709473e+01
   1.9740300e+05   1.5625000e+01
   1.9768900e+05   1.4587402e+01
   1.9839300e+05   1.5930176e+01
   1.9898300e+05   1.6601562e+01
   1.9929300e+05   1.4038086e+01
   2.0021500e+05   2.5329590e+01
   2.0025000e+05   2.0874023e+01
   2.0028400e+05   1.7028809e+01
   2.0581900e+05   1.4770508e+01
   2.0621700e+05   1.8127441e+01
   2.1282500e+05   1.3977051e+01
   2.1343400e+05   2.4169922e+01
   2.1464400e+05   2.2155762e+01
   2.2361700e+05   1.7639160e+01
   2.2590000e+05   1.5380859e+01
   2.2796700e+05   1.6479492e+01
   2.3000800e+05   2.3254395e+01
   2.3163900e+05   1.8737793e+01
   2.3746800e+05   1.8737793e+01
   2.3869900e+05   1.6479492e+01
   2.3892300e+05   1.5380859e+01
   2.4322400e+05   2.1362305e+01
   2.4825000e+05   1.5991211e+01
   2.5332300e+05   1.7089844e+01
   2.5349900e+05   1.8127441e+01
   2.5361300e+05   2.5207520e+01
   2.5372900e+05   2.6000977e+01
   2.5384200e+05   1.4831543e+01
   2.5708300e+05   1.4892578e+01
   2.6193400e+05   1.3977051e+01
   2.6222000e+05   1.5930176e+01
   2.6272600e+05   1.4465332e+01
   2.6293700e+05   1.7028809e+01
   2.6324800e+05   1.6662598e+01
   2.6349000e+05   1.4465332e+01
   2.6393800e+05   1.4892578e+01
   2.7202700e+05   1.6235352e+01
   2.7408300e+05   1.4221191e+01
   2.7530000e+05   1.8371582e+01
   2.7901400e+05   1.5136719e+01
   2.8145800e+05   1.4160156e+01
   2.8169400e+05   1.4099121e+01
   2.8197500e+05   1.5563965e+01
   2.8207100e+05   1.5258789e+01
   2.8292000e+05   1.5441895e+01
   2.8329200e+05   1.9348145e+01
   2.8361100e+05   1.6113281e+01
   2.8385600e+05   1.6296387e+01
   2.8414000e+05   1.6662598e+01
   2.8443900e+05   1.6906738e+01
   2.8459600e+05   1.6113281e+01
   2.8515300e+05   1.5991211e+01
   2.8755100e+05   1.5441895e+01
   2.8761400e+05   2.0568848e+01
   2.8776300e+05   2.2155762e+01
   2.8813500e+05   1.8127441e+01
   2.8855000e+05   2.7343750e+01
   2.8858800e+05   1.8249512e+01
   2.8870700e+05   1.4526367e+01
   2.8880400e+05   1.4831543e+01
   2.8904400e+05   1.7211914e+01
   2.8910900e+05   1.6235352e+01
   2.8947600e+05   1.5869141e+01
   2.8954200e+05   2.0996094e+01
   2.8964700e+05   1.8859863e+01
   2.8972900e+05   1.4404297e+01
   2.9608300e+05   1.7395020e+01
   3.1090500e+05   1.6357422e+01
   3.1401500e+05   1.8005371e+01
   3.1650400e+05   1.8371582e+01
   3.1685300e+05   1.5258789e+01
   3.1748700e+05   1.9287109e+01
   3.2056800e+05   1.7333984e+01
   3.2764500e+05   1.8554688e+01
   3.3395600e+05   2.5451660e+01
   3.3464400e+05   1.4648438e+01
   3.3574900e+05   1.6662598e+01
   3.3592900e+05   1.7395020e+01
   3.3609500e+05   1.6357422e+01
   3.3628800e+05   1.4221191e+01
   3.4285800e+05   1.6357422e+01
   3.4338000e+05   1.5319824e+01
   3.4383600e+05   1.5686035e+01
   3.4441700e+05   1.7089844e+01
   3.4451700e+05   1.5625000e+01
   3.4482800e+05   1.5014648e+01
   3.5379200e+05   1.5502930e+01
   3.5382300e+05   1.6418457e+01
   3.6321800e+05   2.2827148e+01
   3.7110900e+05   1.7700195e+01
   3.7220000e+05   1.6296387e+01
   3.7318400e+05   1.4404297e+01
   3.7405300e+05   1.8981934e+01
   3.7420700e+05   1.5380859e+01
   3.7475400e+05   1.6601562e+01
   3.7483000e+05   1.6296387e+01
   3.7524800e+05   1.3977051e+01
   3.7540000e+05   1.4099121e+01
   3.7564300e+05   1.7272949e+01
   3.7602300e+05   1.4953613e+01
   3.7615600e+05   1.4038086e+01
   3.7627800e+05   2.5146484e+01
   3.7683700e+05   1.9042969e+01
   3.7701800e+05   1.4221191e+01
   3.8538000e+05   1.7944336e+01
   3.8573400e+05   1.8981934e+01
   3.9161600e+05   1.7395020e+01
   3.9217900e+05   1.5075684e+01
   3.9328200e+05   1.4587402e+01
   3.9358300e+05   1.5747070e+01
   3.9395800e+05   1.4099121e+01
   3.9414600e+05   1.4404297e+01
   3.9503000e+05   1.5930176e+01
   4.0058800e+05   1.4587402e+01
   4.0108500e+05   1.5441895e+01
   4.0251900e+05   1.8920898e+01
   4.0313100e+05   1.6967773e+01
   4.0327100e+05   1.4038086e+01
   4.0342200e+05   1.7028809e+01
   4.0360900e+05   1.4221191e+01
   4.0466200e+05   1.5075684e+01
   4.0637600e+05   1.4831543e+01
   4.0654400e+05   1.4099121e+01
   4.0722700e+05   2.5329590e+01
   4.0725900e+05   2.0385742e+01
   4.0731600e+05   1.8005371e+01
   4.2251000e+05   1.4526367e+01
   4.3080100e+05   1.6174316e+01
   4.3127900e+05   1.4648438e+01
   4.3156400e+05   1.5502930e+01
   4.3167900e+05   1.4343262e+01
   4.3296700e+05   1.4038086e+01
   4.3451100e+05   2.4230957e+01
   4.3806200e+05   1.4892578e+01
   4.4081700e+05   1.5563965e+01
   4.4454000e+05   1.4953613e+01
   4.4680200e+05   1.6479492e+01
   4.4709200e+05   1.4770508e+01
   4.4726300e+05   1.5075684e+01
   4.4744900e+05   1.5441895e+01
   4.4756300e+05   1.6235352e+01
   4.4766400e+05   1.4953613e+01
   4.5281100e+05   1.4892578e+01
   4.5451400e+05   1.4465332e+01
   4.5490200e+05   1.4404297e+01
   4.5535000e+05   1.7150879e+01
   4.5556700e+05   1.6784668e+01
   4.5605300e+05   1.4892578e+01
   4.5827400e+05   1.5075684e+01
   4.5843700e+05   1.5136719e+01
   4.5878600e+05   1.3977051e+01
   4.5918100e+05   1.5014648e+01
   4.5928300e+05   1.5380859e+01
   4.6156600e+05   1.6418457e+01
   4.6261200e+05   1.4343262e+01
   4.6279700e+05   1.5563965e+01
   4.6762300e+05   1.5136719e+01
   4.6869100e+05   1.6418457e+01
   4.6994800e+05   1.6784668e+01
   4.6999800e+05   1.4038086e+01
   4.7002700e+05   1.4953613e+01
   4.7717800e+05   1.6845703e+01
   4.7988200e+05   1.6174316e+01
   4.8162300e+05   1.9226074e+01
   4.8531700e+05   1.6540527e+01
   4.8548400e+05   1.5441895e+01
   4.8571100e+05   2.1301270e+01
   4.8645600e+05   1.5930176e+01
   4.8697000e+05   1.7333984e+01
   4.8727300e+05   1.4526367e+01
   4.9331400e+05   1.7822266e+01
   4.9658000e+05   1.4404297e+01
   4.9721600e+05   1.5686035e+01
   4.9803500e+05   1.9104004e+01
   4.9810300e+05   2.3376465e+01
   4.9814900e+05   1.4770508e+01
   4.9835000e+05   2.2216797e+01
   4.9839400e+05   1.5625000e+01
   4.9846700e+05   1.5686035e+01
   4.9870700e+05   1.4587402e+01
   4.9915600e+05   1.6052246e+01
   5.0035800e+05   1.5808105e+01
   5.0050000e+05   1.6052246e+01
   5.0267700e+05   1.5075684e+01
   5.0274100e+05   1.5014648e+01
   5.0805900e+05   1.8920898e+01
   5.1064400e+05   2.5512695e+01
   5.1070400e+05   2.2583008e+01
   5.1202900e+05   2.1667480e+01
   5.1878900e+05   1.7272949e+01
   5.2254400e+05   1.4770508e+01
   5.2312300e+05   1.4526367e+01
   5.2341200e+05   1.5563965e+01
   5.2364400e+05   1.4221191e+01
   5.2424700e+05   1.9042969e+01
   5.2917200e+05   1.6540527e+01
   5.3009700e+05   1.5075684e+01
   5.3281500e+05   1.5136719e+01
   5.3393700e+05   1.8066406e+01
   5.3512300e+05   1.4282227e+01
   5.3565500e+05   1.7089844e+01
   5.3631600e+05   1.6235352e+01
   5.3828300e+05   1.6174316e+01
   5.3900600e+05   1.5075684e+01
   5.3977700e+05   1.6174316e+01
   5.4022700e+05   2.1667480e+01
   5.4851800e+05   1.4953613e+01
   5.4892600e+05   1.6784668e+01
   5.5268200e+05   1.6601562e+01
   5.5362700e+05   1.8615723e+01
   5.5455300e+05   1.4160156e+01
   5.5506100e+05   1.6601562e+01
   5.5592500e+05   1.6723633e+01
   5.5684200e+05   1.7639160e+01
   5.6228700e+05   1.5319824e+01
   5.6273000e+05   1.4099121e+01
   5.6289900e+05   1.5930176e+01
   5.6324400e+05   1.5380859e+01
   5.6336500e+05   1.4892578e+01
   5.6349600e+05   1.4831543e+01
   5.6389400e+05   1.5808105e+01
   5.6532000e+05   1.4953613e+01
   5.6571200e+05   1.9531250e+01
   5.6598100e+05   1.5319824e+01
   5.6673600e+05   1.4648438e+01
   5.6801700e+05   1.5441895e+01
   5.6824500e+05   1.5502930e+01
   5.6877800e+05   1.4648438e+01
   5.6883900e+05   1.3977051e+01
   5.6891600e+05   1.7639160e+01
   5.7739600e+05   1.5747070e+01
   5.7868900e+05   1.5686035e+01
   5.8465100e+05   1.8554688e+01
   5.8599300e+05   2.0507812e+01
   5.9029300e+05   1.5686035e+01
   5.9060000e+05   1.7761230e+01
   5.9093100e+05   1.6967773e+01
   5.9426500e+05   1.9104004e+01
   6.0584700e+05   1.6540527e+01
   6.0634100e+05   1.6479492e+01
   6.0755300e+05   1.4282227e+01
   6.0779600e+05   1.5625000e+01
   6.0902100e+05   1.5563965e+01
   6.0925300e+05   1.6296387e+01
   6.0955100e+05   1.6479492e+01
   6.0994200e+05   1.5319824e+01
   6.1238500e+05   1.6235352e+01
   6.1275600e+05   1.4282227e+01
   6.1354600e+05   3.1005859e+01
   6.1359600e+05   2.0935059e+01
   6.1368300e+05   2.1667480e+01
   6.1439100e+05   1.4587402e+01
   6.1668900e+05   1.4526367e+01
   6.1702300e+05   1.6296387e+01
   6.1721300e+05   1.6357422e+01
   6.1752400e+05   1.7150879e+01
   6.1768000e+05   1.4404297e+01
   6.1772500e+05   2.1850586e+01
   6.1780500e+05   1.5502930e+01
   6.2556700e+05   1.6357422e+01
   6.2579300e+05   1.5014648e+01
   6.2674100e+05   1.6540527e+01
   6.2688900e+05   2.6184082e+01
   6.2693000e+05   1.9897461e+01
   6.2701100e+05   1.9958496e+01
   6.2711600e+05   1.7395020e+01
   6.2853500e+05   1.5563965e+01
   6.2935200e+05   1.4221191e+01
   6.2977700e+05   1.5563965e+01
   6.3006000e+05   1.6296387e+01
   6.3017600e+05   1.6784668e+01
   6.3193800e+05   1.4404297e+01
   6.3237100e+05   1.5319824e+01
   6.3329600e+05   1.5502930e+01
   6.3340400e+05   1.9897461e+01
   6.4168100e+05   1.4465332e+01
   6.4314800e+05   1.7333984e+01
   6.4395100e+05   1.6967773e+01
   6.4465600e+05   1.8188477e+01
   6.4544200e+05   1.4587402e+01
   6.4608600e+05   1.4343262e+01
   6.4662500e+05   1.4038086e+01
   6.4683400e+05   1.5991211e+01
   6.4705900e+05   1.4770508e+01
   6.4768200e+05   1.4648438e+01
   6.4790700e+05   1.7944336e+01
   6.4826800e+05   1.5197754e+01
   6.4864200e+05   1.4892578e+01
   6.4937000e+05   1.6967773e+01
   6.5359200e+05   1.4099121e+01
   6.5394000e+05   2.6306152e+01
   6.5428700e+05   1.6113281e+01
   6.5464400e+05   1.6418457e+01
   6.5503600e+05   1.8920898e+01
   6.5584800e+05   1.4099121e+01
   6.6480400e+05   1.6174316e+01
   6.7044700e+05   1.4526367e+01
   6.7117500e+05   1.5014648e+01
   6.7158600e+05   1.4953613e+01
   6.7201200e+05   1.4953613e+01
   6.7228600e+05   1.7395020e+01
   6.7555300e+05   1.5014648e+01
   6.8026200e+05   1.5625000e+01
   6.8100100e+05   1.6479492e+01
   6.8157200e+05   1.8798828e+01
   6.8339100e+05   1.5563965e+01
   6.8603300e+05   1.5625000e+01
   6.8662300e+05   1.4343262e+01
   6.8682500e+05   1.4709473e+01
   6.8723400e+05   1.4038086e+01
   6.8736900e+05   1.5319824e+01
   6.8749800e+05   1.8554688e+01
   6.8803100e+05   1.5258789e+01
   6.8823100e+05   1.4404297e+01
   6.8868000e+05   1.4953613e+01
   6.8889700e+05   1.4465332e+01
   6.8897800e+05   1.4099121e+01
   6.9192100e+05   1.5136719e+01
   6.9241300e+05   1.4526367e+01
   6.9268000e+05   1.4770508e+01
   6.9451000e+05   1.5136719e+01
   6.9461000e+05   1.5991211e+01
   6.9506100e+05   1.5686035e+01
   6.9808600e+05   1.6174316e+01
   6.9863100e+05   1.7211914e+01
   7.0079300e+05   1.9897461e+01
   7.0083400e+05   1.9226074e+01
   7.0108700e+05   1.4465332e+01
   7.0118900e+05   1.6296387e+01
   7.0134600e+05   1.7272949e+01
   7.0188800e+05   1.5319824e+01
   7.0218900e+05   1.5197754e+01
   7.0247100e+05   1.4709473e+01
   7.0352200e+05   1.4343262e+01
   7.3332400e+05   1.6479492e+01
   7.3569200e+05   1.5625000e+01
   7.3717100e+05   1.5686035e+01
   7.3776100e+05   1.4465332e+01
   7.3777200e+05   1.4953613e+01
   7.3996300e+05   1.5991211e+01
   7.4219000e+05   1.5136719e+01
   7.5040500e+05   1.4099121e+01
   7.5229100e+05   1.5136719e+01
   7.5740100e+05   2.2888184e+01
   7.5962800e+05   1.6052246e+01
   7.6135100e+05   1.7395020e+01
   7.6817400e+05   1.5930176e+01
   7.8270500e+05   1.6113281e+01
   7.8330100e+05   1.7456055e+01
   7.8875100e+05   1.9470215e+01
   7.8879800e+05   2.0629883e+01
   7.8883500e+05   1.3977051e+01
   7.8888500e+05   1.4160156e+01
   7.8936400e+05   1.8615723e+01
   7.9168600e+05   2.0446777e+01
   8.0293600e+05   1.6418457e+01
   8.1080400e+05   1.5625000e+01
   8.1276900e+05   1.6662598e+01
   8.1506300e+05   1.6357422e+01
   8.1893200e+05   1.8005371e+01
   8.2204000e+05   1.5747070e+01
   8.2241400e+05   1.4099121e+01
   8.2558900e+05   1.4831543e+01
   8.2878100e+05   1.6296387e+01
   8.2885900e+05   1.4038086e+01
   8.3122700e+05   1.6357422e+01
   8.3511900e+05   1.5319824e+01
   8.3631100e+05   2.7832031e+01
   8.3636100e+05   1.9226074e+01
   8.3901800e+05   1.6601562e+01
   8.4234900e+05   1.5380859e+01
   8.4581800e+05   1.4526367e+01
   8.4623200e+05   1.4465332e+01
   8.4647300e+05   2.4108887e+01
   8.4651900e+05   1.7517090e+01
   8.4672700e+05   2.4475098e+01
   8.4732400e+05   1.4282227e+01
   8.4755100e+05   1.5808105e+01
   8.4918200e+05   1.7456055e+01
   8.5346200e+05   1.5502930e+01
   8.5396400e+05   1.4831543e+01
   8.5641600e+05   1.8737793e+01
   8.5743500e+05   1.6540527e+01
   8.5823200e+05   1.6296387e+01
   8.5852300e+05   1.6906738e+01
   8.6042600e+05   1.5808105e+01
   8.6718100e+05   1.5991211e+01
   8.6927900e+05   1.6906738e+01
   8.7045700e+05   1.5014648e+01
   8.7084000e+05   1.4648438e+01
   8.7120600e+05   1.7700195e+01
   8.7144700e+05   1.5258789e+01
   8.7268700e+05   1.5991211e+01
   8.7314200e+05   1.4404297e+01
   8.7340200e+05   1.4038086e+01
   8.7366100e+05   1.6479492e+01
   8.7442100e+05   1.5075684e+01
   8.7456500e+05   2.6794434e+01
   8.7463200e+05   1.9531250e+01
   8.7465300e+05   1.6357422e+01
   8.7468400e+05   1.9104004e+01
   8.7477000e+05   1.7028809e+01
   8.7526400e+05   1.3977051e+01
   8.7533700e+05   1.6113281e+01
   8.8317600e+05   1.9653320e+01
   8.8427900e+05   1.6174316e+01
   8.8570700e+05   1.6723633e+01
   8.8975900e+05   1.5991211e+01
   8.9010600e+05   1.8798828e+01
   8.9022500e+05   1.5502930e+01
   8.9470900e+05   1.6784668e+01
   8.9523100e+05   1.4953613e+01
   8.9603200e+05   1.5197754e+01
   8.9606200e+05   2.0874023e+01
   8.9611500e+05   2.5329590e+01
   8.9616300e+05   2.0324707e+01
   8.9626300e+05   1.4038086e+01
   8.9888900e+05   1.4099121e+01
   8.9906600e+05   1.4526367e+01
   8.9990400e+05   1.6601562e+01
   9.0296400e+05   1.5991211e+01
   9.0334700e+05   1.4282227e+01
   9.0466000e+05   1.6113281e+01
   9.0535000e+05   1.8920898e+01
   9.0597200e+05   1.4465332e+01
   9.0650500e+05   1.5319824e+01
   9.0729000e+05   1.5686035e+01
   9.0791300e+05   1.5930176e+01
   9.0907200e+05   1.4160156e+01
   9.1071200e+05   1.7883301e+01
   9.1180400e+05   1.7456055e+01
   9.1381100e+05   2.0751953e+01
   9.1669300e+05   1.4465332e+01
   9.1881400e+05   1.3977051e+01
   9.1926600e+05   1.4404297e+01
   9.1941500e+05   1.6113281e+01
   9.2000200e+05   1.4892578e+01
   9.2341300e+05   1.5747070e+01
   9.2401100e+05   1.4282227e+01
   9.2462000e+05   1.4892578e+01
   9.2519500e+05   1.6174316e+01
   9.2579600e+05   1.4282227e+01
   9.2826600e+05   2.8869629e+01
   9.2833500e+05   1.4038086e+01
   9.3115400e+05   1.8432617e+01
   9.3407300e+05   1.7456055e+01
   9.3475300e+05   1.5014648e+01
   9.3508200e+05   1.5686035e+01
   9.3529500e+05   1.4831543e+01
   9.3563300e+05   1.4343262e+01
   9.3584500e+05   1.6784668e+01
   9.3763200e+05   1.4526367e+01
   9.3781400e+05   2.6855469e+01
   9.3785600e+05   1.8066406e+01
   9.3798900e+05   1.5869141e+01
   9.3808400e+05   1.4038086e+01
   9.3818500e+05   1.6601562e+01
   9.3852800e+05   1.4892578e+01
   9.4470200e+05   1.8127441e+01
   9.4661500e+05   2.3315430e+01
   9.4665900e+05   2.0446777e+01
   9.4670300e+05   1.6296387e+01
   9.4674600e+05   1.6784668e+01
   9.4682400e+05   1.5625000e+01
   9.4692500e+05   1.4770508e+01
   9.4697200e+05   1.3977051e+01
   9.4701300e+05   1.4404297e+01
   9.4707600e+05   1.4160156e+01
   9.5731500e+05   1.4404297e+01
   9.5848200e+05   1.5930176e+01
   9.5990400e+05   1.7944336e+01
   9.6139900e+05   1.4160156e+01
   9.6147600e+05   1.4892578e+01
   9.6211700e+05   1.6845703e+01
   9.6781000e+05   2.5085449e+01
   9.6796300e+05   1.5197754e+01
   9.6814200e+05   2.3864746e+01
   9.6818600e+05   1.5319824e+01
   9.7315200e+05   1.5991211e+01
   9.7423600e+05   1.8371582e+01
   9.7659600e+05   1.8249512e+01
   9.7677700e+05   1.4709473e+01
   9.7690400e+05   1.7517090e+01
   9.7708500e+05   1.5686035e+01
   9.8052500e+05   1.6967773e+01
   9.8175100e+05   1.4770508e+01
   9.8265500e+05   1.4404297e+01
   9.8290500e+05   2.6000977e+01
   9.8292300e+05   1.5563965e+01
   9.8769500e+05   1.4465332e+01
   9.8808100e+05   1.4343262e+01
   9.8830800e+05   1.7700195e+01
   9.8845500e+05   1.5808105e+01
   9.9347600e+05   1.5380859e+01
   9.9376500e+05   1.4831543e+01
   9.9415900e+05   1.6174316e+01
   9.9436100e+05   1.5502930e+01
   9.9476100e+05   1.4038086e+01
   9.9496700e+05   1.4770508e+01
   9.9636200e+05   1.8554688e+01
   9.9641600e+05   1.5197754e+01
   1.0010580e+06   1.4648438e+01
   1.0027030e+06   1.6113281e+01
   1.0029870e+06   1.5563965e+01
   1.0034240e+06   1.8493652e+01
   1.0038120e+06   1.5625000e+01
   1.0046100e+06   1.4648438e+01
   1.0047480e+06   1.5014648e+01
   1.0052290e+06   1.4099121e+01
   1.0060720e+06   1.4587402e+01
   1.0069570e+06   1.4099121e+01
   1.0078270e+06   1.4892578e+01
   1.0085120e+06   1.6052246e+01
   1.0087140e+06   1.7700195e+01
   1.0087630e+06   1.4526367e+01
   1.0100820e+06   1.4465332e+01
   1.0140480e+06   1.4587402e+01
   1.0163150e+06   1.4648438e+01
   1.0166430e+06   1.5380859e+01
   1.0194320e+06   1.5808105e+01
   1.0210690e+06   1.7089844e+01
   1.0235640e+06   1.4709473e+01
   1.0238930e+06   1.7333984e+01
   1.0288780e+06   1.8798828e+01
   1.0303340e+06   1.6296387e+01
   1.0313220e+06   1.4648438e+01
   1.0333040e+06   1.5197754e+01
   1.0336970e+06   1.5380859e+01
   1.0362220e+06   1.5991211e+01
   1.0396530e+06   1.5258789e+01
   1.0410400e+06   1.5197754e+01
   1.0413840e+06   1.5014648e+01
   1.0416660e+06   1.4282227e+01
   1.0417700e+06   1.4831543e+01
   1.0422860e+06   1.6906738e+01
   1.0424670e+06   1.5502930e+01
   1.0571610e+06   1.5075684e+01
   1.0646190e+06   1.7456055e+01
   1.0660020e+06   2.0080566e+01
   1.0660530e+06   2.4963379e+01
   1.0661540e+06   1.5563965e+01
   1.0746930e+06   1.6540527e+01
   1.0761030e+06   1.5014648e+01
   1.0765540e+06   1.4404297e+01
   1.0889360e+06   1.4160156e+01
   1.0922590e+06   1.5502930e+01
   1.0931850e+06   1.6479492e+01
   1.0937460e+06   1.5319824e+01
   1.0975060e+06   1.4526367e+01
   1.0992530e+06   1.4404297e+01
   1.0994250e+06   1.4526367e+01
   1.1000460e+06   1.5747070e+01
   1.1017370e+06   2.2705078e+01
   1.1018490e+06   2.5207520e+01
   1.1077460e+06   1.5930176e+01
   1.1086550e+06   1.7761230e+01
   1.1089530e+06   1.5380859e+01
   1.1102990e+06   1.5319824e+01
   1.1131440e+06   1.4465332e+01
   1.1146780e+06   1.5319824e+01
   1.1185240e+06   1.5502930e+01
   1.1189280e+06   1.8127441e+01
   1.1193530e+06   1.4770508e+01
   1.1246850e+06   1.7395020e+01
   1.1270670e+06   1.6906738e+01
   1.1286370e+06   1.8432617e+01
   1.1298310e+06   1.4770508e+01
   1.1305130e+06   1.6479492e+01
   1.1313510e+06   1.4831543e+01
   1.1360290e+06   1.7822266e+01
   1.1387600e+06   1.5014648e+01
   1.1429240e+06   1.8676758e+01
   1.1458810e+06   1.4404297e+01
   1.1462610e+06   1.5625000e+01
   1.1464190e+06   1.5136719e+01
   1.1466270e+06   1.8371582e+01
   1.1468930e+06   1.5625000e+01
   1.1471740e+06   1.5136719e+01
   1.1602320e+06   1.7944336e+01
   1.1614140e+06   1.6723633e+01
   1.1617070e+06   1.4282227e+01
   1.1621410e+06   1.5441895e+01
   1.1625670e+06   1.7944336e+01
   1.1627170e+06   1.4221191e+01
   1.1628830e+06   1.4587402e+01
   1.1632090e+06   1.4038086e+01
   1.1646900e+06   1.5014648e+01
   1.1739670e+06   1.4099121e+01
   1.1806880e+06   1.4160156e+01
   1.1816580e+06   1.8066406e+01
   1.1824870e+06   1.7272949e+01
   1.1825940e+06   2.3132324e+01
   1.1826250e+06   1.7272949e+01
   1.1877750e+06   1.4282227e+01
   1.1966850e+06   1.7089844e+01
   1.2006970e+06   1.4160156e+01
   1.2036560e+06   1.4038086e+01
   1.2057220e+06   1.4831543e+01
   1.2076740e+06   1.5808105e+01
   1.2124530e+06   1.5747070e+01
   1.2151490e+06   1.6662598e+01
   1.2175460e+06   1.8554688e+01
   1.2203700e+06   1.5258789e+01
   1.2228240e+06   1.8005371e+01
   1.2248810e+06   1.5014648e+01
   1.2260040e+06   1.4343262e+01
   1.2264100e+06   1.5686035e+01
   1.2265930e+06   1.6052246e+01
   1.2269960e+06   1.6845703e+01
   1.2377150e+06   1.6662598e+01
   1.2420840e+06   1.4648438e+01
   1.2441410e+06   1.7333984e+01
   1.2445700e+06   1.5258789e+01
   1.2451200e+06   1.9042969e+01
   1.2453090e+06   1.5258789e+01
   1.2521260e+06   1.5319824e+01
   1.2550740e+06   1.9042969e+01
   1.2582090e+06   1.8432617e+01
   1.2612560e+06   1.4099121e+01
   1.2641670e+06   1.5136719e+01
   1.2644130e+06   1.5991211e+01
   1.2648750e+06   1.5319824e+01
   1.2663950e+06   1.4892578e+01
   1.2674810e+06   1.4038086e+01
   1.2677920e+06   1.5014648e+01
   1.2682640e+06   1.5625000e+01
   1.2685110e+06   1.4831543e+01
   1.2686400e+06   1.4892578e+01
   1.2724830e+06   2.4841309e+01
   1.2725350e+06   1.7822266e+01
   1.2725870e+06   1.6784668e+01
   1.2726480e+06   1.8432617e+01
   1.2736520e+06   1.8554688e+01
   1.2740540e+06   1.4831543e+01
   1.2783590e+06   1.6418457e+01
   1.2793380e+06   1.4648438e+01
   1.2794730e+06   1.4099121e+01
   1.2795300e+06   1.5319824e+01
   1.2802240e+06   1.4160156e+01
   1.2855860e+06   1.5319824e+01
   1.2886270e+06   1.4587402e+01
   1.2921490e+06   1.5319824e+01
   1.2943430e+06   1.5686035e+01
   1.2967970e+06   1.7944336e+01
   1.2989520e+06   1.7333984e+01
   1.2999540e+06   1.4831543e+01
   1.3024710e+06   1.6174316e+01
   1.3059770e+06   2.0690918e+01
   1.3070970e+06   1.4892578e+01
   1.3076880e+06   1.7089844e+01
   1.3086370e+06   1.7456055e+01
   1.3092600e+06   1.6296387e+01
   1.3128190e+06   1.7517090e+01
   1.3156100e+06   1.3977051e+01
   1.3167250e+06   1.4282227e+01
   1.3178560e+06   1.8127441e+01
   1.3235560e+06   1.5380859e+01
   1.3262950e+06   1.7150879e+01
   1.3310080e+06   1.7272949e+01
   1.3324500e+06   1.5625000e+01
   1.3337750e+06   1.7272949e+01
   1.3366530e+06   1.4648438e+01
   1.3373440e+06   1.5075684e+01
   1.3377350e+06   1.5319824e+01
   1.3380150e+06   1.4953613e+01
   1.3385390e+06   1.4465332e+01
   1.3388870e+06   1.4221191e+01
   1.3394180e+06   1.5136719e+01
   1.3396440e+06   1.4221191e+01
   1.3399960e+06   1.7272949e+01
   1.3411580e+06   2.0263672e+01
   1.3412860e+06   1.4099121e+01
   1.3428290e+06   1.5747070e+01
   1.3432020e+06   2.6855469e+01
   1.3432370e+06   2.3681641e+01
   1.3440150e+06   1.5441895e+01
   1.3442040e+06   1.5197754e+01
   1.3444270e+06   1.5625000e+01
   1.3449720e+06   1.5075684e+01
   1.3455100e+06   1.4770508e+01
   1.3477330e+06   1.4343262e+01
   1.3511820e+06   1.4892578e+01
   1.3516240e+06   1.6723633e+01
   1.3520030e+06   1.5014648e+01
   1.3523440e+06   1.4099121e+01
   1.3524740e+06   1.5075684e+01
   1.3527070e+06   1.4953613e+01
   1.3528370e+06   1.6113281e+01
   1.3530030e+06   1.5136719e+01
   1.3535200e+06   1.4038086e+01
   1.3537000e+06   1.6601562e+01
   1.3539210e+06   1.4038086e+01
   1.3542050e+06   1.5136719e+01
   1.3544810e+06   1.4526367e+01
   1.3548900e+06   1.9775391e+01
   1.3551640e+06   1.4770508e+01
   1.3567100e+06   1.5319824e+01
   1.3568310e+06   1.8676758e+01
   1.3569290e+06   2.6306152e+01
   1.3638750e+06   1.5319824e+01
   1.3683730e+06   1.8005371e+01
   1.3686110e+06   1.4770508e+01
   1.3711740e+06   1.5380859e+01
   1.3726850e+06   1.5563965e+01
   1.3728400e+06   2.1606445e+01
   1.3739450e+06   1.4221191e+01
   1.3747530e+06   1.4648438e+01
   1.3750300e+06   1.3977051e+01
   1.3752240e+06   1.8066406e+01
   1.3757090e+06   1.5930176e+01
   1.3760280e+06   1.4648438e+01
   1.3768930e+06   1.4770508e+01
   1.3790250e+06   1.4282227e+01
   1.3831450e+06   1.6296387e+01
   1.3849490e+06   1.5075684e+01
   1.3867900e+06   1.5441895e+01
   1.3891190e+06   1.4953613e+01
   1.3899490e+06   1.5197754e+01
   1.3913220e+06   1.4953613e+01
   1.3913530e+06   2.4536133e+01
   1.3913890e+06   1.9348145e+01
   1.3914330e+06   1.5502930e+01
   1.3914680e+06   1.5014648e+01
   1.3915350e+06   1.4587402e+01
   1.3916640e+06   2.0690918e+01
   1.3917240e+06   1.4526367e+01
   1.3940870e+06   1.7639160e+01
   1.3954260e+06   2.0141602e+01
   1.4008440e+06   1.5808105e+01
   1.4010610e+06   1.4587402e+01
   1.4011730e+06   1.5075684e+01
   1.4014200e+06   1.5625000e+01
   1.4018520e+06   1.6052246e+01
   1.4018860e+06   2.5695801e+01
   1.4019290e+06   2.0324707e+01
   1.4019740e+06   1.6845703e+01
   1.4019930e+06   1.6540527e+01
   1.4023960e+06   1.6052246e+01
   1.4024720e+06   1.5563965e+01
   1.4026040e+06   1.5197754e+01
   1.4027560e+06   1.3977051e+01
   1.4033350e+06   1.4221191e+01
   1.4035010e+06   1.4709473e+01
   1.4036750e+06   1.4831543e+01
   1.4037250e+06   1.4343262e+01
   1.4038270e+06   1.9592285e+01
   1.4039960e+06   1.5258789e+01
   1.4042840e+06   1.6052246e+01
   1.4044380e+06   1.4587402e+01
   1.4046650e+06   1.4038086e+01
   1.4048920e+06   1.4282227e+01
   1.4049750e+06   1.6235352e+01
   1.4049970e+06   1.3977051e+01
   1.4117050e+06   1.5319824e+01
   1.4145120e+06   1.4343262e+01
   1.4150470e+06   1.5075684e+01
   1.4156210e+06   1.4709473e+01
   1.4163920e+06   1.4587402e+01
   1.4169130e+06   1.5380859e+01
   1.4183950e+06   1.4465332e+01
   1.4186530e+06   1.5869141e+01
   1.4196150e+06   1.4709473e+01
   1.4198780e+06   1.4282227e+01
   1.4202790e+06   1.4282227e+01
   1.4203960e+06   1.5930176e+01
   1.4206280e+06   1.5686035e+01
   1.4209050e+06   1.3977051e+01
   1.4211700e+06   1.6723633e+01
   1.4214210e+06   1.5625000e+01
   1.4217390e+06   1.5258789e+01
   1.4219760e+06   1.4099121e+01
   1.4220350e+06   1.5014648e+01
   1.4221390e+06   1.4343262e+01
   1.4223990e+06   1.4160156e+01
   1.4224480e+06   1.4343262e+01
   1.4226450e+06   1.4404297e+01
   1.4229040e+06   1.4770508e+01
   1.4234060e+06   1.5502930e+01
   1.4237590e+06   1.5991211e+01
   1.4240420e+06   1.6357422e+01
   1.4242310e+06   1.5686035e+01
   1.4244810e+06   1.7211914e+01
   1.4247130e+06   1.4831543e+01
   1.4249850e+06   1.4648438e+01
   1.4256260e+06   1.4770508e+01
   1.4259980e+06   1.6723633e+01
   1.4266670e+06   1.5563965e+01
   1.4312110e+06   1.4587402e+01
   1.4327480e+06   1.5136719e+01
   1.4354460e+06   1.5808105e+01
   1.4377270e+06   1.4465332e+01
   1.4452790e+06   1.6174316e+01
   1.4511360e+06   1.6052246e+01
   1.4523220e+06   1.5441895e+01
   1.4540110e+06   1.4648438e+01
   1.4568560e+06   2.3132324e+01
   1.4576500e+06   1.4892578e+01
   1.4593160e+06   1.4343262e+01
   1.4595860e+06   1.9042969e+01
   1.4622900e+06   2.6184082e+01
   1.4623830e+06   1.5136719e+01
   1.4720990e+06   1.4648438e+01
   1.4776640e+06   1.5747070e+01
   1.4843490e+06   1.9042969e+01
   1.4863180e+06   1.7761230e+01
   1.4894400e+06   1.4160156e+01
   1.4900410e+06   1.6540527e+01
   1.4979230e+06   1.9714355e+01
   1.4989490e+06   1.4282227e+01
   1.4991170e+06   2.7160645e+01
   1.4991570e+06   1.7822266e+01
   1.5008380e+06   1.6540527e+01
   1.5034530e+06   1.5319824e+01
   1.5039590e+06   1.5197754e+01
   1.5041630e+06   1.4953613e+01
   1.5049520e+06   1.6418457e+01
   1.5050310e+06   1.5869141e+01
   1.5052830e+06   1.6601562e+01
   1.5055420e+06   1.4343262e+01
   1.5057160e+06   1.5441895e+01
   1.5060490e+06   1.5625000e+01
   1.5070500e+06   2.4963379e+01
   1.5071040e+06   2.0263672e+01
   1.5072190e+06   1.4831543e+01
   1.5072700e+06   1.5197754e+01
   1.5096630e+06   1.5319824e+01
   1.5100290e+06   1.4953613e+01
   1.5100600e+06   1.4099121e+01
   1.5157340e+06   2.3193359e+01
   1.5182960e+06   1.3977051e+01
   1.5188790e+06   1.5380859e+01
   1.5200240e+06   1.5747070e+01
   1.5206130e+06   1.4038086e+01
   1.5215080e+06   1.5197754e+01
   1.5237950e+06   1.6235352e+01
   1.5250490e+06   2.2521973e+01
   1.5256020e+06   1.5563965e+01
   1.5258640e+06   1.7517090e+01
   1.5263490e+06   1.6723633e+01
   1.5274390e+06   1.4038086e+01
   1.5278500e+06   1.4465332e+01
   1.5282100e+06   1.5991211e+01
   1.5293550e+06   1.5502930e+01
   1.5295340e+06   1.4953613e+01
   1.5297920e+06   1.4770508e+01
   1.5306980e+06   1.4709473e+01
   1.5321170e+06   1.5563965e+01
   1.5324010e+06   1.6296387e+01
   1.5325810e+06   1.7700195e+01
   1.5332820e+06   1.9409180e+01
   1.5333200e+06   2.0202637e+01
   1.5333550e+06   1.5563965e+01
   1.5334430e+06   1.4526367e+01
   1.5334760e+06   1.5197754e+01
   1.5334960e+06   1.4953613e+01
   1.5336660e+06   2.3071289e+01
   1.5377580e+06   1.5014648e+01
   1.5380590e+06   1.4648438e+01
   1.5386460e+06   1.6357422e+01
   1.5473760e+06   1.5136719e+01
   1.5500360e+06   1.5380859e+01
   1.5503820e+06   1.5625000e+01
   1.5507590e+06   1.5014648e+01
   1.5510420e+06   1.6479492e+01
   1.5513410e+06   1.5136719e+01
   1.5518510e+06   1.4526367e+01
   1.5519950e+06   1.8554688e+01
   1.5532120e+06   1.7211914e+01
   1.5533910e+06   1.5380859e+01
   1.5536800e+06   1.6357422e+01
   1.5549120e+06   1.4770508e+01
   1.5688000e+06   1.4648438e+01
   1.5725740e+06   1.7639160e+01
   1.5728710e+06   1.3977051e+01
   1.5731900e+06   1.4709473e+01
   1.5738790e+06   1.7944336e+01
   1.5740230e+06   1.8066406e+01
   1.5745400e+06   1.6784668e+01
   1.5751190e+06   1.6296387e+01
   1.5760670e+06   1.6357422e+01
   1.5775530e+06   1.4953613e+01
   1.5821060e+06   1.6906738e+01
   1.5826390e+06   1.8981934e+01
   1.5852610e+06   1.7272949e+01
   1.5880960e+06   1.5625000e+01
   1.5887560e+06   1.5441895e+01
   1.5920370e+06   1.8005371e+01
   1.5936820e+06   1.3977051e+01
   1.5961440e+06   1.7883301e+01
   1.5964560e+06   2.4230957e+01
   1.6022630e+06   1.4099121e+01
   1.6077110e+06   2.4414062e+01
   1.6077530e+06   1.8798828e+01
   1.6078190e+06   1.5869141e+01
   1.6082800e+06   1.6418457e+01
   1.6154310e+06   1.9409180e+01
   1.6166570e+06   2.1240234e+01
   1.6176400e+06   1.4587402e+01
   1.6178320e+06   1.8005371e+01
   1.6178990e+06   1.5502930e+01
   1.6183710e+06   1.7211914e+01
   1.6185170e+06   1.4160156e+01
   1.6186280e+06   1.3977051e+01
   1.6187550e+06   1.4282227e+01
   1.6192390e+06   1.5075684e+01
   1.6195950e+06   1.4038086e+01
   1.6198690e+06   1.5258789e+01
   1.6201070e+06   1.4526367e+01
   1.6205110e+06   1.8493652e+01
   1.6206840e+06   1.5441895e+01
   1.6209580e+06   1.4831543e+01
   1.6213730e+06   1.4587402e+01
   1.6216820e+06   1.5747070e+01
   1.6218320e+06   1.4770508e+01
   1.6286370e+06   1.4038086e+01
   1.6292800e+06   1.6845703e+01
   1.6302990e+06   1.4282227e+01
   1.6368360e+06   1.5930176e+01
   1.6388140e+06   1.4831543e+01
   1.6396930e+06   1.4099121e+01
   1.6415290e+06   1.5686035e+01
   1.6466940e+06   1.9592285e+01
   1.6533530e+06   1.8737793e+01
   1.6542920e+06   1.4648438e+01
   1.6598060e+06   2.4291992e+01
   1.6619160e+06   1.5014648e+01
   1.6625330e+06   1.4709473e+01
   1.6642300e+06   1.4282227e+01
   1.6657350e+06   1.4526367e+01
   1.6676620e+06   1.6418457e+01
   1.6698090e+06   1.4648438e+01
   1.6702630e+06   1.4282227e+01
   1.6704330e+06   1.5625000e+01
   1.6725920e+06   1.4465332e+01
   1.6743020e+06   1.5747070e+01
   1.6763880e+06   1.4587402e+01
   1.6838210e+06   1.4404297e+01
   1.6845630e+06   1.7578125e+01
   1.6881500e+06   1.4404297e+01
   1.6883470e+06   1.5014648e+01
   1.6905620e+06   1.4648438e+01
   1.6910180e+06   2.2644043e+01
   1.6910570e+06   3.0639648e+01
   1.6911100e+06   1.8371582e+01
   1.6916820e+06   1.6113281e+01
   1.6918180e+06   1.8188477e+01
   1.6920530e+06   1.3977051e+01
   1.6922590e+06   1.4282227e+01
   1.6924660e+06   1.6540527e+01
   1.6925790e+06   1.5625000e+01
   1.6927580e+06   1.4465332e+01
   1.6928410e+06   1.4648438e+01
   1.6929120e+06   1.5197754e+01
   1.6930970e+06   1.4953613e+01
   1.6933630e+06   1.4404297e+01
   1.6934990e+06   1.5136719e+01
   1.6937140e+06   1.4648438e+01
   1.6941740e+06   1.6601562e+01
   1.6943550e+06   1.4587402e+01
   1.6944350e+06   1.6784668e+01
   1.6948650e+06   1.4709473e+01
   1.6953160e+06   1.5747070e+01
   1.6956390e+06   1.6845703e+01
   1.6960900e+06   1.4770508e+01
   1.6963720e+06   1.7150879e+01
   1.7001420e+06   1.6418457e+01
   1.7014910e+06   1.5930176e+01
   1.7016660e+06   1.4648438e+01
   1.7019750e+06   1.9409180e+01
   1.7026180e+06   1.4526367e+01
   1.7031080e+06   1.5197754e+01
   1.7033600e+06   1.5380859e+01
   1.7038680e+06   1.4038086e+01
   1.7041440e+06   1.6113281e+01
   1.7051740e+06   1.5502930e+01
   1.7060460e+06   1.8371582e+01
   1.7064260e+06   1.4587402e+01
   1.7069020e+06   1.6052246e+01
   1.7082740e+06   2.2521973e+01
   1.7097260e+06   1.4892578e+01
   1.7128000e+06   1.4465332e+01
   1.7142630e+06   1.6784668e+01
   1.7145460e+06   1.8981934e+01
   1.7146270e+06   2.7343750e+01
   1.7153790e+06   1.4343262e+01
   1.7154590e+06   1.5563965e+01
   1.7271260e+06   1.8066406e+01
   1.7277390e+06   1.5625000e+01
   1.7302480e+06   1.4648438e+01
   1.7307890e+06   1.5991211e+01
   1.7355240e+06   1.7517090e+01
   1.7431390e+06   2.0507812e+01
   1.7448000e+06   1.5502930e+01
   1.7504760e+06   1.4465332e+01
   1.7507360e+06   2.4658203e+01
   1.7507740e+06   2.0690918e+01
   1.7514360e+06   1.4221191e+01
   1.7522890e+06   1.7089844e+01
   1.7526270e+06   1.5930176e+01
   1.7529870e+06   1.5075684e+01
   1.7533950e+06   1.6906738e+01
   1.7536650e+06   1.4282227e+01
   1.7539950e+06   1.4343262e+01
   1.7542930e+06   1.5930176e+01
   1.7547740e+06   1.8188477e+01
   1.7553340e+06   1.9531250e+01
   1.7553810e+06   2.2521973e+01
   1.7562300e+06   1.8249512e+01
   1.7576100e+06   1.6235352e+01
   1.7585760e+06   1.4648438e+01
   1.7587740e+06   1.4648438e+01
   1.7618630e+06   1.7456055e+01
   1.7641010e+06   1.4160156e+01
   1.7655380e+06   1.5319824e+01
   1.7682060e+06   1.8310547e+01
   1.7682280e+06   1.3977051e+01
   1.7682450e+06   5.7434082e+01
   1.7683230e+06   3.3630371e+01
   1.7683700e+06   2.2583008e+01
   1.7683850e+06   4.6020508e+01
   1.7713850e+06   1.4587402e+01
   1.7778240e+06   1.7333984e+01
   1.7799500e+06   1.6906738e+01
   1.7803420e+06   1.4770508e+01
   1.7815120e+06   2.4475098e+01
   1.7815500e+06   2.0080566e+01
   1.7815870e+06   1.5808105e+01
   1.7816350e+06   1.4465332e+01
   1.7817670e+06   1.7822266e+01
   1.7818840e+06   1.5075684e+01
   1.7821530e+06   1.4099121e+01
   1.7826730e+06   1.5441895e+01
   1.7829740e+06   1.8310547e+01
   1.7832560e+06   1.5991211e+01
   1.7834490e+06   1.7578125e+01
   1.7834900e+06   1.4831543e+01
   1.7835800e+06   1.4038086e+01
   1.7836770e+06   1.4892578e+01
   1.7838530e+06   1.7272949e+01
   1.7839950e+06   1.4770508e+01
   1.7911000e+06   1.6113281e+01
   1.7931220e+06   1.6540527e+01
   1.7936250e+06   1.4587402e+01
   1.7938050e+06   1.4221191e+01
   1.7941320e+06   1.4587402e+01
   1.7944500e+06   1.5380859e+01
   1.7946960e+06   1.4282227e+01
   1.7951160e+06   1.4648438e+01
   1.7954590e+06   1.5441895e+01
   1.8051400e+06   1.4648438e+01
   1.8097500e+06   1.4404297e+01
   1.8140850e+06   1.7822266e+01
   1.8186480e+06   1.4160156e+01
   1.8188090e+06   2.5451660e+01
   1.8194370e+06   1.4587402e+01
   1.8247780e+06   1.4770508e+01
   1.8252400e+06   1.4831543e+01
   1.8253960e+06   1.5014648e+01
   1.8255360e+06   1.5441895e+01
   1.8259510e+06   1.6357422e+01
   1.8263740e+06   1.5075684e+01
   1.8277840e+06   1.6967773e+01
   1.8296830e+06   1.6662598e+01
   1.8305720e+06   2.1423340e+01
   1.8308070e+06   1.4404297e+01
   1.8308430e+06   2.2277832e+01
   1.8309610e+06   2.5146484e+01
   1.8311700e+06   1.9409180e+01
   1.8312340e+06   1.8798828e+01
   1.8313680e+06   1.9714355e+01
   1.8314600e+06   1.9348145e+01
   1.8318200e+06   1.6479492e+01
   1.8320420e+06   1.8798828e+01
   1.8324550e+06   1.7761230e+01
   1.8401300e+06   1.4953613e+01
   1.8424880e+06   1.4465332e+01
   1.8467690e+06   1.4526367e+01
   1.8526890e+06   1.4099121e+01
   1.8559650e+06   1.4526367e+01
   1.8567550e+06   1.4465332e+01
   1.8583790e+06   1.4465332e+01
   1.8630180e+06   1.5930176e+01
   1.8659430e+06   1.5136719e+01
   1.8681610e+06   1.6662598e+01
   1.8705170e+06   1.4953613e+01
   1.8732440e+06   1.6784668e+01
   1.8757020e+06   1.4404297e+01
   1.8826920e+06   1.4465332e+01
   1.8873640e+06   1.6296387e+01
   1.8895630e+06   1.7639160e+01
   1.8951840e+06   1.5747070e+01
   1.8974890e+06   1.5563965e+01
   1.8978960e+06   1.5563965e+01
   1.8982560e+06   1.6296387e+01
   1.9017460e+06   1.4221191e+01
   1.9018910e+06   1.7333984e+01
   1.9019600e+06   1.4038086e+01
   1.9047170e+06   1.5197754e+01
   1.9058020e+06   1.6662598e+01
   1.9064710e+06   1.5136719e+01
   1.9071030e+06   1.4892578e+01
   1.9077290e+06   1.4343262e+01
   1.9078090e+06   1.5014648e+01
   1.9082140e+06   1.5197754e+01
   1.9085690e+06   1.4709473e+01
   1.9086670e+06   1.4465332e+01
   1.9088200e+06   1.5563965e+01
   1.9093350e+06   1.3977051e+01
   1.9096130e+06   1.4831543e+01
   1.9097330e+06   1.4709473e+01
   1.9102350e+06   1.5869141e+01
   1.9246450e+06   1.4831543e+01
   1.9288320e+06   1.4770508e+01
   1.9348540e+06   1.5380859e+01
   1.9430300e+06   1.5930176e+01
   1.9461110e+06   1.4343262e+01
   1.9468250e+06   1.4587402e+01
   1.9492940e+06   1.5869141e+01
   1.9508980e+06   1.5686035e+01
   1.9516230e+06   1.6174316e+01
   1.9537200e+06   2.4475098e+01
   1.9549650e+06   1.5625000e+01
   1.9591080e+06   1.5869141e+01
   1.9615230e+06   1.6296387e+01
   1.9626780e+06   1.9104004e+01
   1.9689340e+06   1.8005371e+01
   1.9693600e+06   1.4221191e+01
   1.9699310e+06   1.5197754e+01
   1.9706620e+06   1.6174316e+01
   1.9712060e+06   1.4709473e+01
   1.9718730e+06   1.4648438e+01
   1.9722580e+06   1.8066406e+01
   1.9725430e+06   1.4953613e+01
   1.9740590e+06   1.5991211e+01
   1.9772790e+06   1.5563965e+01
   1.9785620e+06   1.4770508e+01
   1.9835520e+06   1.4892578e+01
   1.9851030e+06   1.4831543e+01
   1.9856260e+06   1.6174316e+01
   1.9861120e+06   2.4230957e+01
   1.9873390e+06   1.6174316e+01
   1.9878050e+06   1.5258789e+01
   1.9885020e+06   1.5380859e+01
   1.9937760e+06   1.7211914e+01
   1.9946450e+06   1.5380859e+01
   1.9948300e+06   1.8676758e+01
   1.9948800e+06   2.1728516e+01
   1.9983530e+06   1.4831543e+01
   1.9990820e+06   1.7150879e+01
   2.0001910e+06   1.4709473e+01
   2.0037640e+06   1.5197754e+01
   2.0048750e+06   1.8615723e+01
   2.0052450e+06   2.4169922e+01
   2.0066430e+06   1.5625000e+01
   2.0079130e+06   1.5319824e+01
   2.0080600e+06   1.6418457e+01
   2.0099490e+06   1.5625000e+01
   2.0128000e+06   1.7517090e+01
   2.0144120e+06   1.5563965e+01
   2.0151140e+06   1.4465332e+01
   2.0158300e+06   1.5075684e+01
   2.0161940e+06   1.5563965e+01
   2.0238310e+06   1.4465332e+01
   2.0244270e+06   1.4831543e+01
   2.0270560e+06   1.5991211e+01
   2.0285170e+06   1.7333984e+01
   2.0303630e+06   1.7639160e+01
   2.0319620e+06   1.6113281e+01
   2.0326660e+06   2.0202637e+01
   2.0329520e+06   2.6489258e+01
   2.0330080e+06   2.2766113e+01
   2.0333650e+06   1.5258789e+01
   2.0362190e+06   1.7395020e+01
   2.0369330e+06   1.6113281e+01
   2.0385890e+06   1.7089844e+01
   2.0396450e+06   1.5075684e+01
   2.0422440e+06   1.5441895e+01
   2.0424630e+06   1.4404297e+01
   2.0431430e+06   2.1118164e+01
   2.0431830e+06   2.1545410e+01
   2.0432920e+06   2.2277832e+01
   2.0433300e+06   1.7028809e+01
   2.0437120e+06   1.5319824e+01
   2.0441170e+06   1.5808105e+01
   2.0478590e+06   1.4831543e+01
   2.0491230e+06   1.5197754e+01
   2.0512010e+06   1.5136719e+01
   2.0552400e+06   1.4221191e+01
   2.0578660e+06   1.4953613e+01
   2.0588660e+06   1.7089844e+01
   2.0593630e+06   1.5380859e+01
   2.0598090e+06   1.4343262e+01
   2.0625190e+06   1.6845703e+01
   2.0628810e+06   1.4892578e+01
   2.0630830e+06   1.4526367e+01
   2.0631900e+06   1.4404297e+01
   2.0633430e+06   1.4526367e+01
   2.0634620e+06   1.4465332e+01
   2.0639090e+06   1.5319824e+01
   2.0664060e+06   1.6235352e+01
   2.0668680e+06   1.5808105e+01
   2.0670170e+06   1.4892578e+01
   2.0672350e+06   1.5563965e+01
   2.0674280e+06   1.7822266e+01
   2.0676910e+06   1.4465332e+01
   2.0684380e+06   1.5136719e+01
   2.0686050e+06   1.4404297e+01
   2.0724600e+06   1.7761230e+01
   2.0739370e+06   1.5014648e+01
   2.0745070e+06   1.5747070e+01
   2.0749070e+06   1.7883301e+01
   2.0750870e+06   1.8798828e+01
   2.0767560e+06   1.5075684e+01
   2.0769480e+06   1.4282227e+01
   2.0776390e+06   1.4709473e+01
   2.0783270e+06   1.5563965e+01
   2.0787740e+06   1.4099121e+01
   2.0796320e+06   1.4343262e+01
   2.0840510e+06   1.4892578e+01
   2.0843500e+06   1.4465332e+01
   2.0847050e+06   1.5808105e+01
   2.0848930e+06   1.5258789e+01
   2.0885280e+06   1.6479492e+01
   2.0930860e+06   1.5014648e+01
   2.0940480e+06   1.7822266e+01
   2.0950600e+06   2.4414062e+01
   2.0966900e+06   1.4038086e+01
   2.0971860e+06   1.4709473e+01
   2.0984420e+06   1.4648438e+01
   2.0995320e+06   1.6540527e+01
   2.1005410e+06   1.5441895e+01
   2.1042010e+06   1.4770508e+01
   2.1054560e+06   1.5380859e+01
   2.1066350e+06   1.5075684e+01
   2.1094840e+06   1.4953613e+01
   2.1102280e+06   1.4526367e+01
   2.1113120e+06   1.4221191e+01
   2.1120680e+06   1.5014648e+01
   2.1123990e+06   1.6601562e+01
   2.1147700e+06   1.5380859e+01
   2.1155990e+06   1.6113281e+01
   2.1159930e+06   1.4404297e+01
   2.1167690e+06   1.5686035e+01
   2.1169460e+06   1.4282227e+01
   2.1175820e+06   1.5441895e+01
   2.1179780e+06   1.5136719e+01
   2.1181400e+06   1.5502930e+01
   2.1187860e+06   1.4526367e+01
   2.1189650e+06   1.5869141e+01
   2.1190590e+06   1.5991211e+01
   2.1193540e+06   1.4892578e+01
   2.1195000e+06   1.5319824e+01
   2.1198860e+06   1.5014648e+01
   2.1200370e+06   1.4770508e+01
   2.1201960e+06   1.6845703e+01
   2.1203350e+06   1.4892578e+01
   2.1211600e+06   1.6296387e+01
   2.1216390e+06   1.6174316e+01
   2.1220850e+06   1.4709473e+01
   2.1227930e+06   1.4709473e+01
   2.1301690e+06   2.6550293e+01
   2.1302810e+06   2.1850586e+01
   2.1303610e+06   1.7517090e+01
   2.1341760e+06   1.5441895e+01
   2.1354490e+06   1.4831543e+01
   2.1361080e+06   1.7822266e+01
   2.1362780e+06   1.4709473e+01
   2.1371090e+06   1.4953613e+01
   2.1372990e+06   1.5380859e+01
   2.1378430e+06   1.6662598e+01
   2.1384990e+06   1.7517090e+01
   2.1393330e+06   1.5136719e+01
   2.1397710e+06   1.4343262e+01
   2.1426030e+06   1.6967773e+01
   2.1453370e+06   1.4404297e+01
   2.1467190e+06   1.5319824e+01
   2.1471200e+06   1.6784668e+01
   2.1484280e+06   1.5258789e+01
   2.1485620e+06   1.5869141e+01
   2.1489680e+06   1.6296387e+01
   2.1531910e+06   1.7761230e+01
   2.1542180e+06   1.4465332e+01
   2.1547220e+06   1.6845703e+01
   2.1565840e+06   1.5808105e+01
   2.1580750e+06   1.5869141e+01
   2.1585990e+06   1.5686035e+01
   2.1631820e+06   1.5502930e+01
   2.1634340e+06   1.5319824e+01
   2.1635280e+06   1.3977051e+01
   2.1713230e+06   1.6479492e+01
   2.1771130e+06   2.3803711e+01
   2.1771580e+06   2.1240234e+01
   2.1772560e+06   2.1362305e+01
   2.1798360e+06   2.0385742e+01
   2.1798860e+06   1.5869141e+01
   2.1839140e+06   1.5197754e+01
   2.1865070e+06   1.4770508e+01
   2.1890780e+06   1.5380859e+01
   2.1898830e+06   1.5197754e+01
   2.1911760e+06   1.6418457e+01
   2.1932140e+06   1.4709473e+01
   2.1937050e+06   1.4038086e+01
   2.1988770e+06   1.4160156e+01
   2.1993830e+06   1.5441895e+01
   2.2000560e+06   1.4099121e+01
   2.2005100e+06   1.5869141e+01
   2.2009390e+06   1.4221191e+01
   2.2012600e+06   1.4648438e+01
   2.2014080e+06   1.5869141e+01
   2.2014890e+06   1.6296387e+01
   2.2048050e+06   1.5319824e+01
   2.2055780e+06   1.6296387e+01
   2.2094670e+06   1.5197754e+01
   2.2133620e+06   1.3977051e+01
   2.2175040e+06   1.5686035e+01
   2.2223280e+06   1.7089844e+01
   2.2229860e+06   1.5380859e+01
   2.2232430e+06   1.4831543e+01
   2.2268370e+06   1.5075684e+01
   2.2278710e+06   1.5869141e+01
   2.2280720e+06   1.3977051e+01
   2.2295430e+06   1.5258789e+01
   2.2332660e+06   1.4587402e+01
   2.2356210e+06   1.4404297e+01
   2.2360840e+06   1.6845703e+01
   2.2362840e+06   1.5563965e+01
   2.2464600e+06   1.4770508e+01
   2.2484900e+06   1.9165039e+01
   2.2497850e+06   2.0690918e+01
   2.2500490e+06   1.6662598e+01
   2.2526600e+06   1.6296387e+01
   2.2527990e+06   1.5625000e+01
   2.2587800e+06   1.7211914e+01
   2.2617330e+06   1.6052246e+01
   2.2650670e+06   1.6113281e+01
   2.2674140e+06   1.4770508e+01
   2.2677350e+06   1.3977051e+01
   2.2683190e+06   1.7822266e+01
   2.2718210e+06   1.6296387e+01
   2.2722380e+06   1.4038086e+01
   2.2744270e+06   1.4587402e+01
   2.2748370e+06   1.6235352e+01
   2.2751480e+06   1.9653320e+01
   2.2769070e+06   1.4221191e+01
   2.2798870e+06   1.5258789e+01
   2.2802530e+06   1.5075684e+01
   2.2803920e+06   1.5991211e+01
   2.2808810e+06   1.4526367e+01
   2.2810150e+06   1.4709473e+01
   2.2811030e+06   1.4038086e+01
   2.2813290e+06   1.4709473e+01
   2.2814690e+06   1.4221191e+01
   2.2817060e+06   1.4038086e+01
   2.2831290e+06   1.4526367e+01
   2.2833560e+06   1.4282227e+01
   2.2836000e+06   1.5686035e+01
   2.2837610e+06   1.4526367e+01
   2.2839760e+06   1.5563965e+01
   2.2842950e+06   1.5258789e+01
   2.2855910e+06   1.7578125e+01
   2.2856870e+06   1.5136719e+01
   2.2865170e+06   1.4282227e+01
   2.2868830e+06   1.5014648e+01
   2.2872280e+06   1.4587402e+01
   2.2879390e+06   1.5197754e+01
   2.2884850e+06   1.4282227e+01
   2.2886160e+06   1.4648438e+01
   2.2891650e+06   1.4404297e+01
   2.2899080e+06   1.4160156e+01
   2.2905830e+06   1.4953613e+01
   2.2917620e+06   1.7639160e+01
   2.2924010e+06   1.5441895e+01
   2.2937730e+06   1.4465332e+01
   2.2939890e+06   1.5747070e+01
   2.2942970e+06   1.6906738e+01
   2.2944960e+06   1.5808105e+01
   2.2949050e+06   1.4160156e+01
   2.2951320e+06   1.5441895e+01
   2.2952910e+06   1.5502930e+01
   2.2959730e+06   1.4648438e+01
   2.2961960e+06   1.4892578e+01
   2.2962970e+06   1.5136719e+01
   2.2964140e+06   1.3977051e+01
   2.2972280e+06   1.6357422e+01
   2.2975480e+06   1.4831543e+01
   2.2976700e+06   1.4892578e+01
   2.2979210e+06   1.5686035e+01
   2.3008660e+06   1.8249512e+01
   2.3020220e+06   1.5625000e+01
   2.3023530e+06   1.5319824e+01
   2.3027710e+06   1.5686035e+01
   2.3035900e+06   1.5136719e+01
   2.3051770e+06   1.4892578e+01
   2.3110790e+06   1.6052246e+01
   2.3118950e+06   1.7028809e+01
   2.3145080e+06   1.6296387e+01
   2.3149360e+06   1.7822266e+01
   2.3153100e+06   1.7944336e+01
   2.3154680e+06   1.5808105e+01
   2.3158380e+06   1.5441895e+01
   2.3187440e+06   3.6560059e+01
   2.3217550e+06   1.5197754e+01
   2.3224780e+06   1.5258789e+01
   2.3226600e+06   1.5258789e+01
   2.3255120e+06   1.6235352e+01
   2.3314900e+06   1.5686035e+01
   2.3317330e+06   1.7761230e+01
   2.3319080e+06   1.5258789e+01
   2.3327910e+06   1.5930176e+01
   2.3329300e+06   1.4038086e+01
   2.3344930e+06   1.6296387e+01
   2.3381950e+06   1.5808105e+01
   2.3397400e+06   1.6052246e+01
   2.3408810e+06   2.3681641e+01
   2.3413990e+06   1.5808105e+01
   2.3439460e+06   1.5197754e+01
   2.3489010e+06   1.9104004e+01
   2.3510690e+06   1.6113281e+01
   2.3527110e+06   1.4892578e+01
   2.3559700e+06   1.5258789e+01
   2.3572570e+06   1.5197754e+01
   2.3644430e+06   1.7883301e+01
   2.3650460e+06   1.5563965e+01
   2.3687220e+06   1.4038086e+01
   2.3693770e+06   1.6357422e+01
   2.3694710e+06   1.4343262e+01
   2.3699080e+06   1.5075684e+01
   2.3700260e+06   1.4038086e+01
   2.3704860e+06   1.4038086e+01
   2.3706250e+06   1.4160156e+01
   2.3710020e+06   1.5136719e+01
   2.3738690e+06   1.4648438e+01
   2.3743050e+06   1.5014648e+01
   2.3785300e+06   1.4160156e+01
   2.3800870e+06   1.4282227e+01
   2.3833450e+06   1.5991211e+01
   2.3873230e+06   1.6113281e+01
   2.3882370e+06   1.5319824e+01
   2.3913710e+06   2.4658203e+01
   2.3916620e+06   1.4282227e+01
   2.3920800e+06   1.6906738e+01
   2.3926140e+06   1.4831543e+01
   2.3946660e+06   1.7150879e+01
   2.4043490e+06   1.5319824e+01
   2.4044930e+06   1.4953613e+01
   2.4061000e+06   1.7089844e+01
   2.4069790e+06   1.4099121e+01
   2.4077500e+06   1.4831543e+01
   2.4187660e+06   1.4526367e+01
   2.4198100e+06   1.6357422e+01
   2.4201960e+06   1.4526367e+01
   2.4204160e+06   1.5075684e+01
   2.4208970e+06   1.4587402e+01
   2.4282730e+06   1.9958496e+01
   2.4303950e+06   1.6418457e+01
   2.4338610e+06   1.6418457e+01
   2.4410170e+06   1.4648438e+01
   2.4445790e+06   1.5197754e+01
   2.4495000e+06   1.5869141e+01
   2.4568990e+06   1.4221191e+01
   2.4624770e+06   1.6052246e+01
   2.4654070e+06   1.4221191e+01
   2.4659570e+06   1.5686035e+01
   2.4660040e+06   1.8981934e+01
   2.4701010e+06   1.7150879e+01
   2.4712270e+06   1.4038086e+01
   2.4723100e+06   1.4709473e+01
   2.4735630e+06   1.4038086e+01
   2.4742270e+06   1.5136719e+01
   2.4743930e+06   1.8981934e+01
   2.4745200e+06   1.4709473e+01
   2.4842600e+06   1.4343262e+01
   2.4847800e+06   1.4953613e+01
   2.4851290e+06   1.5258789e+01
   2.4855780e+06   1.6174316e+01
   2.4862820e+06   1.8249512e+01
   2.4866840e+06   1.6784668e+01
   2.4890510e+06   1.4953613e+01
   2.4903300e+06   1.4343262e+01
   2.4924830e+06   1.6967773e+01
   2.4927640e+06   1.5502930e+01
   2.5003750e+06   1.6967773e+01
   2.5037100e+06   1.5808105e+01
   2.5045910e+06   1.4038086e+01
   2.5049850e+06   2.6855469e+01
   2.5050430e+06   1.4038086e+01
   2.5052580e+06   1.5869141e+01
   2.5063110e+06   1.6357422e+01
   2.5066260e+06   1.5319824e+01
   2.5106510e+06   1.4892578e+01
   2.5110210e+06   1.5380859e+01
   2.5114310e+06   2.1362305e+01
   2.5114690e+06   2.0812988e+01
   2.5115040e+06   1.8615723e+01
   2.5131830e+06   1.5930176e+01
   2.5144750e+06   1.7700195e+01
   2.5162030e+06   1.4343262e+01
   2.5177680e+06   1.7761230e+01
   2.5185580e+06   1.5747070e+01
   2.5201690e+06   2.4230957e+01
   2.5202660e+06   1.6418457e+01
   2.5205230e+06   1.5014648e+01
   2.5208500e+06   1.6235352e+01
   2.5209950e+06   1.5014648e+01
   2.5210440e+06   1.6723633e+01
   2.5211550e+06   1.4892578e+01
   2.5248260e+06   1.9653320e+01
   2.5318130e+06   1.6357422e+01
   2.5382510e+06   1.5625000e+01
   2.5442510e+06   1.5136719e+01
   2.5502340e+06   1.7456055e+01
   2.5507250e+06   1.4160156e+01
   2.5581860e+06   2.4230957e+01
   2.5582180e+06   2.2766113e+01
   2.5582500e+06   1.8676758e+01
   2.5582990e+06   1.4709473e+01
   2.5583390e+06   1.6967773e+01
   2.5587550e+06   1.8005371e+01
   2.5597510e+06   1.6662598e+01
   2.5606200e+06   1.5075684e+01
   2.5636440e+06   1.4526367e+01
   2.5673140e+06   1.4648438e+01
   2.5678060e+06   1.5686035e+01
   2.5682600e+06   1.5441895e+01
   2.5687900e+06   1.5319824e+01
   2.5697440e+06   1.5136719e+01
   2.5721850e+06   1.8737793e+01
   2.5734020e+06   1.7150879e+01
   2.5820940e+06   1.6235352e+01
   2.5836910e+06   1.7578125e+01
   2.5849710e+06   1.4404297e+01
   2.5854820e+06   2.4780273e+01
   2.5855210e+06   2.3803711e+01
   2.5896050e+06   1.3977051e+01
   2.5908180e+06   1.6906738e+01
   2.5924220e+06   1.6174316e+01
   2.5932780e+06   1.8127441e+01
   2.5957860e+06   1.5686035e+01
   2.5966220e+06   1.6296387e+01
   2.5980680e+06   1.6357422e+01
   2.5982820e+06   1.7089844e+01
   2.5983470e+06   1.4831543e+01
   2.5984490e+06   1.5075684e+01
   2.5985310e+06   1.7456055e+01
   2.5990210e+06   1.5014648e+01
   2.5992710e+06   1.3977051e+01
   2.5994600e+06   1.5625000e+01
   2.5999050e+06   1.4282227e+01
   2.5999810e+06   1.4892578e+01
   2.6005350e+06   1.5258789e+01
   2.6007650e+06   1.4709473e+01
   2.6010990e+06   1.5441895e+01
   2.6043760e+06   1.4404297e+01
   2.6047710e+06   1.5869141e+01
   2.6054160e+06   1.5258789e+01
   2.6056790e+06   1.4892578e+01
   2.6058790e+06   1.5197754e+01
   2.6075070e+06   1.5747070e+01
   2.6077500e+06   1.6113281e+01
   2.6104770e+06   1.5991211e+01
   2.6154560e+06   1.6723633e+01
   2.6205090e+06   1.5930176e+01
   2.6226300e+06   1.6906738e+01
   2.6229930e+06   1.7883301e+01
   2.6231480e+06   1.5319824e+01
   2.6235000e+06   1.4221191e+01
   2.6276640e+06   1.6967773e+01
   2.6297690e+06   1.6174316e+01
   2.6324560e+06   1.6540527e+01
   2.6339730e+06   1.5808105e+01
   2.6353870e+06   1.4831543e+01
   2.6357100e+06   1.7333984e+01
   2.6359590e+06   1.6784668e+01
   2.6361920e+06   1.4526367e+01
   2.6367800e+06   1.5930176e+01
   2.6411120e+06   1.6601562e+01
   2.6417670e+06   1.4404297e+01
   2.6421390e+06   1.4099121e+01
   2.6462490e+06   1.5808105e+01
   2.6464480e+06   2.4230957e+01
   2.6464900e+06   2.0446777e+01
   2.6465560e+06   1.9042969e+01
   2.6480650e+06   1.4770508e+01
   2.6484200e+06   1.4587402e+01
   2.6487120e+06   1.5930176e+01
   2.6488910e+06   1.5136719e+01
   2.6493650e+06   1.6174316e+01
   2.6494500e+06   1.4343262e+01
   2.6496350e+06   1.4465332e+01
   2.6496760e+06   1.4953613e+01
   2.6569030e+06   1.4343262e+01
   2.6586590e+06   1.6296387e+01
   2.6639950e+06   1.4160156e+01
   2.6650290e+06   1.6174316e+01
   2.6674020e+06   1.6967773e+01
   2.6688070e+06   1.4221191e+01
   2.6721060e+06   1.8920898e+01
   2.6722680e+06   2.3803711e+01
   2.6747390e+06   1.7944336e+01
   2.6782980e+06   1.5014648e+01
   2.6816870e+06   1.7700195e+01
   2.6838870e+06   1.4892578e+01
   2.6852180e+06   1.4770508e+01
   2.6864570e+06   1.4282227e+01
   2.6867650e+06   1.7822266e+01
   2.6870690e+06   1.4343262e+01
   2.6880750e+06   1.6174316e+01
   2.6887000e+06   1.5014648e+01
   2.6891040e+06   1.4221191e+01
   2.6898520e+06   1.6113281e+01
   2.6904570e+06   1.4404297e+01
   2.6910860e+06   1.5808105e+01
   2.6920510e+06   1.7150879e+01
   2.6922830e+06   1.5380859e+01
   2.6926910e+06   1.4160156e+01
   2.6929370e+06   1.3977051e+01
   2.6930630e+06   1.4465332e+01
   2.6937160e+06   1.4282227e+01
   2.6939630e+06   1.7089844e+01
   2.6943250e+06   1.4831543e+01
   2.6945770e+06   1.3977051e+01
   2.6960470e+06   1.4526367e+01
   2.6966400e+06   1.4526367e+01
   2.6970560e+06   1.4770508e+01
   2.6973550e+06   1.4404297e+01
   2.7003900e+06   1.4526367e+01
   2.7012930e+06   1.4831543e+01
   2.7111050e+06   1.8798828e+01
   2.7118670e+06   1.5991211e+01
   2.7124060e+06   1.9958496e+01
   2.7139340e+06   1.7028809e+01
   2.7156640e+06   1.6174316e+01
   2.7200430e+06   1.5014648e+01
   2.7229650e+06   1.6174316e+01
   2.7237970e+06   1.6784668e+01
   2.7252410e+06   1.4831543e+01
   2.7280360e+06   1.4038086e+01
   2.7319570e+06   1.4953613e+01
   2.7336460e+06   1.5869141e+01
   2.7368650e+06   1.5869141e+01
   2.7376610e+06   1.9775391e+01
   2.7377040e+06   1.8310547e+01
   2.7377360e+06   1.5686035e+01
   2.7394160e+06   1.5808105e+01
   2.7441940e+06   1.4038086e+01
   2.7449070e+06   1.5014648e+01
   2.7450930e+06   1.5808105e+01
   2.7455670e+06   1.3977051e+01
   2.7456370e+06   1.5014648e+01
   2.7459610e+06   1.5930176e+01
   2.7464560e+06   1.4099121e+01
   2.7475610e+06   1.3977051e+01
   2.7476550e+06   1.4282227e+01
   2.7479380e+06   1.7150879e+01
   2.7480580e+06   1.4221191e+01
   2.7482050e+06   1.4465332e+01
   2.7518090e+06   2.4414062e+01
   2.7518530e+06   2.3254395e+01
   2.7518940e+06   1.9531250e+01
   2.7519080e+06   1.7089844e+01
   2.7519360e+06   1.4404297e+01
   2.7520760e+06   1.4404297e+01
   2.7532580e+06   1.4404297e+01
   2.7551740e+06   1.5930176e+01
   2.7555430e+06   1.5930176e+01
   2.7575300e+06   1.4099121e+01
   2.7581060e+06   1.6662598e+01
   2.7588570e+06   1.6784668e+01
   2.7595510e+06   1.5991211e+01
   2.7607390e+06   1.4160156e+01
   2.7613840e+06   1.9653320e+01
   2.7628850e+06   1.4892578e+01
   2.7635760e+06   1.4099121e+01
   2.7691500e+06   1.7395020e+01
   2.7695200e+06   1.5991211e+01
   2.7696340e+06   1.4465332e+01
   2.7696860e+06   1.4160156e+01
   2.7697770e+06   1.5930176e+01
   2.7698910e+06   1.7211914e+01
   2.7700660e+06   1.5258789e+01
   2.7710520e+06   1.4343262e+01
   2.7711390e+06   1.5136719e+01
   2.7713920e+06   1.5380859e+01
   2.7714950e+06   1.5136719e+01
   2.7716250e+06   1.4648438e+01
   2.7718650e+06   1.4404297e+01
   2.7719510e+06   1.4038086e+01
   2.7721760e+06   1.5930176e+01
   2.7724130e+06   1.5625000e+01
   2.7728770e+06   1.6113281e+01
   2.7885440e+06   1.4038086e+01
   2.7980610e+06   1.4404297e+01
   2.8016100e+06   1.6662598e+01
   2.8045160e+06   1.5319824e+01
   2.8057570e+06   1.5075684e+01
   2.8086480e+06   1.6235352e+01
   2.8093370e+06   1.4709473e+01
   2.8107930e+06   1.4709473e+01
   2.8125820e+06   1.6296387e+01
   2.8132540e+06   1.7211914e+01
   2.8138400e+06   1.3977051e+01
   2.8171060e+06   1.9897461e+01
   2.8200450e+06   1.6784668e+01
   2.8221210e+06   1.5014648e+01
   2.8232490e+06   1.5075684e+01
   2.8236520e+06   1.5686035e+01
   2.8241420e+06   1.6479492e+01
   2.8245350e+06   1.4038086e+01
   2.8251700e+06   1.5441895e+01
   2.8254250e+06   1.5197754e+01
   2.8256180e+06   1.4526367e+01
   2.8259010e+06   1.6357422e+01
   2.8270130e+06   1.6662598e+01
   2.8277430e+06   1.6113281e+01
   2.8288230e+06   1.5197754e+01
   2.8291830e+06   1.6723633e+01
   2.8295880e+06   1.4221191e+01
   2.8392160e+06   1.5319824e+01
   2.8439840e+06   1.4404297e+01
   2.8452770e+06   2.5695801e+01
   2.8453080e+06   1.6784668e+01
   2.8453530e+06   1.6662598e+01
   2.8461030e+06   1.4953613e+01
   2.8471490e+06   1.6784668e+01
   2.8471680e+06   1.8005371e+01
   2.8485880e+06   1.4709473e+01
   2.8497100e+06   1.6174316e+01
   2.8506080e+06   1.5686035e+01
   2.8511080e+06   1.6113281e+01
   2.8513750e+06   1.4587402e+01
   2.8533920e+06   1.6296387e+01
   2.8538510e+06   1.7456055e+01
   2.8541740e+06   1.4587402e+01
   2.8556380e+06   1.5747070e+01
   2.8584040e+06   1.4343262e+01
   2.8587860e+06   1.6235352e+01
   2.8591400e+06   1.5075684e+01
   2.8597650e+06   1.8920898e+01
   2.8602720e+06   1.6296387e+01
   2.8615880e+06   1.8127441e+01
   2.8618620e+06   1.7028809e+01
   2.8634810e+06   1.4648438e+01
   2.8639510e+06   1.5075684e+01
   2.8642580e+06   1.4587402e+01
   2.8646710e+06   1.4221191e+01
   2.8654180e+06   1.6357422e+01
   2.8661990e+06   1.5136719e+01
   2.8677130e+06   1.4526367e+01
   2.8685990e+06   1.5258789e+01
   2.8692480e+06   1.6845703e+01
   2.8704310e+06   1.5563965e+01
   2.8722660e+06   2.3132324e+01
   2.8723030e+06   1.8005371e+01
   2.8723450e+06   1.9104004e+01
   2.8723840e+06   1.4282227e+01
   2.8724200e+06   1.5625000e+01
   2.8741030e+06   1.7028809e+01
   2.8753500e+06   1.5808105e+01
   2.8759450e+06   1.8005371e+01
   2.8766250e+06   1.4953613e+01
   2.8785600e+06   1.7700195e+01
   2.8788900e+06   1.4770508e+01
   2.8795140e+06   1.5747070e+01
   2.8801770e+06   1.4404297e+01
   2.8812470e+06   1.5380859e+01
   2.8818230e+06   1.4221191e+01
   2.8826120e+06   1.4038086e+01
   2.8828330e+06   1.4831543e+01
   2.8829680e+06   1.4648438e+01
   2.8830440e+06   1.4099121e+01
   2.8832340e+06   1.4221191e+01
   2.8834850e+06   1.6540527e+01
   2.8838210e+06   1.3977051e+01
   2.8839750e+06   1.3977051e+01
   2.8842860e+06   1.4892578e+01
   2.8853720e+06   1.5747070e+01
   2.8862940e+06   1.5319824e+01
   2.8871290e+06   1.5686035e+01
   2.8921660e+06   1.4526367e+01
   2.8926910e+06   1.6113281e+01
   2.8927960e+06   1.4404297e+01
   2.8943390e+06   1.5136719e+01
   2.8988630e+06   2.0690918e+01
   2.9003110e+06   1.6662598e+01
   2.9003330e+06   2.1301270e+01
   2.9003690e+06   2.2583008e+01
   2.9004140e+06   1.8066406e+01
   2.9004550e+06   1.6540527e+01
   2.9006030e+06   2.3376465e+01
   2.9006390e+06   1.4526367e+01
   2.9007240e+06   1.5258789e+01
   2.9007820e+06   1.5258789e+01
   2.9008040e+06   1.7578125e+01
   2.9013920e+06   2.1362305e+01
   2.9046760e+06   1.6662598e+01
   2.9086490e+06   1.5380859e+01
   2.9120080e+06   1.4953613e+01
   2.9128420e+06   1.4587402e+01
   2.9170850e+06   1.5014648e+01
   2.9178420e+06   1.9775391e+01
   2.9185260e+06   1.5625000e+01
   2.9199310e+06   1.6418457e+01
   2.9212380e+06   1.5930176e+01
   2.9221910e+06   1.5014648e+01
   2.9247110e+06   1.6906738e+01
   2.9319670e+06   1.5441895e+01
   2.9331020e+06   1.5625000e+01
   2.9368150e+06   1.4892578e+01
   2.9376620e+06   1.6113281e+01
   2.9381300e+06   1.5014648e+01
   2.9383030e+06   2.0385742e+01
   2.9385520e+06   1.4770508e+01
   2.9390930e+06   1.4709473e+01
   2.9395200e+06   1.4648438e+01
   2.9420830e+06   1.8615723e+01
   2.9423320e+06   1.4343262e+01
   2.9438030e+06   1.4404297e+01
   2.9481280e+06   1.4465332e+01
   2.9501070e+06   1.8249512e+01
   2.9506850e+06   1.5014648e+01
   2.9509480e+06   1.3977051e+01
   2.9514480e+06   1.4160156e+01
   2.9516600e+06   1.5686035e+01
   2.9519730e+06   1.5136719e+01
   2.9522900e+06   1.6418457e+01
   2.9530770e+06   1.7822266e+01
   2.9567550e+06   1.5014648e+01
   2.9570170e+06   1.4343262e+01
   2.9574200e+06   1.7089844e+01
   2.9578660e+06   1.5075684e+01
   2.9586000e+06   1.4770508e+01
   2.9599050e+06   1.4038086e+01
   2.9615320e+06   1.8371582e+01
   2.9632270e+06   2.3315430e+01
   2.9632710e+06   1.8981934e+01
   2.9633310e+06   1.7578125e+01
   2.9633690e+06   1.9714355e+01
   2.9636300e+06   1.4526367e+01
   2.9637780e+06   2.2399902e+01
   2.9638770e+06   1.5319824e+01
   2.9639320e+06   1.4465332e+01
   2.9640220e+06   1.6418457e+01
   2.9640430e+06   1.5808105e+01
   2.9647120e+06   1.4038086e+01
   2.9651840e+06   1.5197754e+01
   2.9656320e+06   1.4038086e+01
   2.9704800e+06   1.4526367e+01
   2.9746930e+06   1.6906738e+01
   2.9750490e+06   2.1728516e+01
   2.9750830e+06   1.7395020e+01
   2.9756200e+06   1.4648438e+01
   2.9778030e+06   1.5563965e+01
   2.9791160e+06   1.4648438e+01
   2.9803090e+06   1.7944336e+01
   2.9813270e+06   2.0202637e+01
   2.9827430e+06   1.4038086e+01
   2.9864840e+06   1.4038086e+01
   2.9875260e+06   2.0385742e+01
   2.9932500e+06   1.7272949e+01
   2.9953930e+06   1.5991211e+01
   2.9983470e+06   1.6479492e+01
   2.9997180e+06   2.2033691e+01
   2.9997690e+06   1.8737793e+01
   2.9998210e+06   1.8737793e+01
   2.9998890e+06   1.8615723e+01
   2.9999150e+06   1.4160156e+01
   3.0005390e+06   1.5319824e+01
   3.0009630e+06   1.5625000e+01
   3.0016780e+06   1.4892578e+01
   3.0027730e+06   1.6357422e+01
   3.0035110e+06   1.5197754e+01
   3.0084430e+06   1.4099121e+01
   3.0109310e+06   1.7395020e+01
   3.0121860e+06   1.4038086e+01
   3.0142690e+06   1.6174316e+01
   3.0194790e+06   2.3254395e+01
   3.0195110e+06   1.4770508e+01
   3.0195380e+06   1.8432617e+01
   3.0201810e+06   1.4160156e+01
   3.0207880e+06   1.6113281e+01
   3.0222250e+06   1.5258789e+01
   3.0252460e+06   1.6052246e+01
   3.0265230e+06   1.6357422e+01
   3.0272390e+06   1.4465332e+01
   3.0287040e+06   1.5380859e+01
   3.0289730e+06   1.4343262e+01
   3.0292170e+06   1.4465332e+01
   3.0294690e+06   1.4953613e+01
   3.0297140e+06   1.6479492e+01
   3.0304120e+06   1.4404297e+01
   3.0306590e+06   1.4770508e+01
   3.0307870e+06   1.5563965e+01
   3.0310230e+06   1.4770508e+01
   3.0317960e+06   1.4160156e+01
   3.0323590e+06   1.4587402e+01
   3.0335820e+06   1.3977051e+01
   3.0340220e+06   1.4526367e+01
   3.0351840e+06   1.6052246e+01
   3.0356710e+06   1.4587402e+01
   3.0367790e+06   1.8981934e+01
   3.0371940e+06   1.6235352e+01
   3.0379600e+06   1.5563965e+01
   3.0382410e+06   1.5625000e+01
   3.0410430e+06   1.4831543e+01
   3.0417340e+06   1.4465332e+01
   3.0418790e+06   1.3977051e+01
   3.0422460e+06   1.4465332e+01
   3.0426520e+06   1.4831543e+01
   3.0429610e+06   1.5380859e+01
   3.0433480e+06   1.4221191e+01
   3.0436160e+06   1.7822266e+01
   3.0443760e+06   1.6479492e+01
   3.0449190e+06   1.4892578e+01
   3.0454130e+06   1.5136719e+01
   3.0456020e+06   1.5136719e+01
   3.0457840e+06   1.4038086e+01
   3.0469650e+06   1.4526367e+01
   3.0472390e+06   1.4099121e+01
   3.0520300e+06   1.8371582e+01
   3.0523530e+06   1.4465332e+01
   3.0544860e+06   1.4404297e+01
   3.0566710e+06   1.5319824e+01
   3.0581450e+06   1.9592285e+01
   3.0581830e+06   1.9531250e+01
   3.0582230e+06   1.7761230e+01
   3.0583170e+06   1.7944336e+01
   3.0595970e+06   1.6479492e+01
   3.0597980e+06   1.5319824e+01
   3.0614500e+06   1.4221191e+01
   3.0618370e+06   1.5319824e+01
   3.0622200e+06   1.4282227e+01
   3.0649930e+06   1.5136719e+01
   3.0696230e+06   1.5380859e+01
   3.0755830e+06   1.6174316e+01
   3.0785900e+06   1.4404297e+01
   3.0803750e+06   1.4526367e+01
   3.0812890e+06   1.5197754e+01
   3.0852840e+06   1.5747070e+01
   3.0857230e+06   1.6723633e+01
   3.0863650e+06   1.4770508e+01
   3.0954820e+06   1.4526367e+01
   3.0974350e+06   1.4770508e+01
   3.1009520e+06   1.4953613e+01
   3.1026930e+06   1.5747070e+01
   3.1087280e+06   2.6062012e+01
   3.1087780e+06   2.3315430e+01
   3.1088330e+06   2.0874023e+01
   3.1088580e+06   1.5075684e+01
   3.1089660e+06   1.9470215e+01
   3.1097450e+06   1.5563965e+01
   3.1103240e+06   1.6479492e+01
   3.1111160e+06   1.4465332e+01
   3.1114180e+06   1.6418457e+01
   3.1119110e+06   1.4160156e+01
   3.1121990e+06   1.6174316e+01
   3.1127110e+06   1.4770508e+01
   3.1160110e+06   1.5747070e+01
   3.1162770e+06   1.4953613e+01
   3.1197670e+06   1.6113281e+01
   3.1230730e+06   1.4526367e+01
   3.1273240e+06   1.7700195e+01
   3.1282010e+06   1.6662598e+01
   3.1287660e+06   1.4099121e+01
   3.1298140e+06   1.7150879e+01
   3.1310590e+06   1.4648437e+01
   3.1312040e+06   1.5136719e+01
   3.1316600e+06   1.4282227e+01
   3.1318530e+06   1.5502930e+01
   3.1343720e+06   1.4648438e+01
   3.1353600e+06   1.4831543e+01
   3.1355720e+06   2.1301270e+01
   3.1356400e+06   2.3132324e+01
   3.1356760e+06   1.6418457e+01
   3.1357260e+06   1.3977051e+01
   3.1361190e+06   2.0690918e+01
   3.1361420e+06   1.4831543e+01
   3.1409220e+06   1.7944336e+01
   3.1420530e+06   1.4831543e+01
   3.1422850e+06   1.6235352e+01
   3.1426260e+06   1.7272949e+01
   3.1430080e+06   1.5747070e+01
   3.1433610e+06   1.3977051e+01
   3.1438490e+06   1.4770508e+01
   3.1452590e+06   1.5014648e+01
   3.1511600e+06   1.3977051e+01
   3.1522030e+06   1.4282227e+01
   3.1536490e+06   1.6296387e+01
   3.1570240e+06   1.4221191e+01
   3.1601550e+06   1.6601562e+01
   3.1623930e+06   1.4587402e+01
   3.1628820e+06   1.5930176e+01
   3.1631930e+06   1.4953613e+01
   3.1644170e+06   1.6906738e+01
   3.1648080e+06   1.5686035e+01
   3.1654810e+06   1.4709473e+01
   3.1664220e+06   1.4160156e+01
   3.1714030e+06   1.5258789e+01
   3.1720420e+06   1.4282227e+01
   3.1724260e+06   1.5014648e+01
   3.1727140e+06   1.7456055e+01
   3.1732190e+06   1.5747070e+01
   3.1733830e+06   1.5441895e+01
   3.1750640e+06   1.3977051e+01
   3.1756470e+06   1.7517090e+01
   3.1767190e+06   1.4526367e+01
   3.1802940e+06   1.6540527e+01
   3.1808130e+06   1.4404297e+01
   3.1848150e+06   1.5197754e+01
   3.1881860e+06   1.4465332e+01
   3.1899000e+06   1.4587402e+01
   3.1932240e+06   1.7272949e+01
   3.1973310e+06   1.4648438e+01
   3.1979630e+06   1.5625000e+01
   3.2017930e+06   1.8066406e+01
   3.2026740e+06   1.5319824e+01
   3.2030150e+06   1.8310547e+01
   3.2032050e+06   1.7333984e+01
   3.2035700e+06   1.4648438e+01
   3.2039750e+06   1.6601562e+01
   3.2041690e+06   1.4587402e+01
   3.2048980e+06   1.5319824e+01
   3.2052430e+06   1.5258789e+01
   3.2053140e+06   1.6784668e+01
   3.2054460e+06   1.4770508e+01
   3.2056740e+06   1.4160156e+01
   3.2060000e+06   1.5014648e+01
   3.2062380e+06   1.4953613e+01
   3.2081020e+06   1.4038086e+01
   3.2161760e+06   1.5869141e+01
   3.2194240e+06   1.4953613e+01
   3.2196840e+06   1.7822266e+01
   3.2199980e+06   1.5075684e+01
   3.2267610e+06   1.6540527e+01
   3.2283760e+06   1.8920898e+01
   3.2289190e+06   1.6296387e+01
   3.2293530e+06   1.6235352e+01
   3.2304770e+06   1.5197754e+01
   3.2314160e+06   1.6723633e+01
   3.2316310e+06   1.4404297e+01
   3.2317880e+06   1.4038086e+01
   3.2320290e+06   1.4953613e+01
   3.2322500e+06   1.5136719e+01
   3.2326220e+06   1.5502930e+01
   3.2328360e+06   1.4343262e+01
   3.2332360e+06   1.4953613e+01
   3.2349170e+06   1.4404297e+01
   3.2411950e+06   1.7639160e+01
   3.2418840e+06   1.5380859e+01
   3.2426080e+06   1.5869141e+01
   3.2432540e+06   1.5258789e+01
   3.2494900e+06   1.4465332e+01
   3.2508540e+06   1.6296387e+01
   3.2510750e+06   1.4648437e+01
   3.2518090e+06   1.6052246e+01
   3.2523870e+06   1.4770508e+01
   3.2590410e+06   1.4953613e+01
   3.2611630e+06   2.3193359e+01
   3.2611970e+06   1.7456055e+01
   3.2612270e+06   1.8737793e+01
   3.2616310e+06   1.8737793e+01
   3.2622550e+06   1.5075684e+01
   3.2626710e+06   1.5014648e+01
   3.2632780e+06   1.6052246e+01
   3.2635530e+06   1.5991211e+01
   3.2636330e+06   1.7028809e+01
   3.2641570e+06   1.4221191e+01
   3.2644370e+06   1.3977051e+01
   3.2752820e+06   2.3803711e+01
   3.2753170e+06   2.4108887e+01
   3.2754180e+06   2.0751953e+01
   3.2754640e+06   1.8249512e+01
   3.2780610e+06   1.5380859e+01
   3.2785410e+06   1.6601562e+01
   3.2795510e+06   1.8798828e+01
   3.2806190e+06   1.7272949e+01
   3.2812560e+06   1.4343262e+01
   3.2814210e+06   1.4709473e+01
   3.2817470e+06   1.4221191e+01
   3.2820390e+06   1.5075684e+01
   3.2826140e+06   1.6479492e+01
   3.2844310e+06   1.4404297e+01
   3.2921300e+06   1.5258789e+01
   3.2934020e+06   1.5747070e+01
   3.2936160e+06   1.5502930e+01
   3.2939610e+06   2.0629883e+01
   3.2940000e+06   1.9226074e+01
   3.2940760e+06   1.5075684e+01
   3.2942590e+06   1.4892578e+01
   3.2948280e+06   1.5625000e+01
   3.3004790e+06   1.7456055e+01
   3.3045290e+06   1.4587402e+01
   3.3054200e+06   1.4587402e+01
   3.3056470e+06   1.5869141e+01
   3.3060350e+06   1.4587402e+01
   3.3073830e+06   2.5939941e+01
   3.3076320e+06   1.5258789e+01
   3.3081300e+06   1.5441895e+01
   3.3095830e+06   1.6174316e+01
   3.3109950e+06   1.5502930e+01
   3.3117710e+06   1.6052246e+01
   3.3136760e+06   1.6784668e+01
   3.3183490e+06   1.6235352e+01
   3.3190480e+06   1.4831543e+01
   3.3198240e+06   2.6977539e+01
   3.3211180e+06   1.5686035e+01
   3.3215130e+06   1.6174316e+01
   3.3219860e+06   1.7028809e+01
   3.3226660e+06   1.4038086e+01
   3.3228680e+06   1.6357422e+01
   3.3230990e+06   1.4953613e+01
   3.3233490e+06   1.4221191e+01
   3.3235960e+06   1.3977051e+01
   3.3238230e+06   1.4465332e+01
   3.3241040e+06   1.3977051e+01
   3.3243640e+06   1.6357422e+01
   3.3293180e+06   1.4404297e+01
   3.3401110e+06   1.4221191e+01
   3.3435230e+06   1.5441895e+01
   3.3450030e+06   1.6662598e+01
   3.3455110e+06   1.6479492e+01
   3.3476040e+06   1.4160156e+01
   3.3499530e+06   1.8005371e+01
   3.3505430e+06   1.8249512e+01
   3.3513940e+06   1.3977051e+01
   3.3517890e+06   1.4831543e+01
   3.3521140e+06   1.8859863e+01
   3.3523040e+06   1.6601562e+01
   3.3525240e+06   1.4953613e+01
   3.3528840e+06   1.7517090e+01
   3.3534160e+06   1.6784668e+01
   3.3538800e+06   1.6479492e+01
   3.3547790e+06   1.4648438e+01
   3.3556230e+06   1.4343262e+01
   3.3573070e+06   1.5075684e+01
   3.3579580e+06   1.7089844e+01
   3.3595010e+06   1.8676758e+01
   3.3613110e+06   1.5991211e+01
   3.3662220e+06   1.5014648e+01
   3.3724940e+06   2.3376465e+01
   3.3740160e+06   1.4587402e+01
   3.3762710e+06   1.5258789e+01
   3.3775590e+06   1.4343262e+01
   3.3791000e+06   1.4404297e+01
   3.3803550e+06   1.6723633e+01
   3.3808040e+06   1.4282227e+01
   3.3830080e+06   2.3193359e+01
   3.3830530e+06   2.0996094e+01
   3.3830900e+06   1.9165039e+01
   3.3831370e+06   1.5075684e+01
   3.3833310e+06   1.3977051e+01
   3.3836480e+06   1.5380859e+01
   3.3838440e+06   1.5563965e+01
   3.3840330e+06   1.4404297e+01
   3.3845520e+06   1.4038086e+01
   3.3864100e+06   1.6784668e+01
   3.3867770e+06   1.4526367e+01
   3.3871750e+06   1.5808105e+01
   3.3947270e+06   1.5258789e+01
   3.3954600e+06   1.6784668e+01
   3.3959050e+06   1.4465332e+01
   3.3991690e+06   1.6418457e+01
   3.4057930e+06   1.5258789e+01
   3.4071760e+06   1.8615723e+01
   3.4091870e+06   1.5808105e+01
   3.4100100e+06   1.6601562e+01
   3.4199950e+06   1.7822266e+01
   3.4207140e+06   1.5380859e+01
   3.4256240e+06   1.4648438e+01
   3.4266100e+06   1.7211914e+01
   3.4271650e+06   1.7639160e+01
   3.4279250e+06   1.6357422e+01
   3.4285630e+06   1.3977051e+01
   3.4287450e+06   1.3977051e+01
   3.4310370e+06   1.4587402e+01
   3.4317010e+06   1.4160156e+01
   3.4321690e+06   1.4404297e+01
   3.4344880e+06   1.4282227e+01
   3.4351170e+06   1.5258789e+01
   3.4366250e+06   1.7028809e+01
   3.4375550e+06   1.7822266e+01
   3.4388610e+06   1.4587402e+01
   3.4415340e+06   1.7822266e+01
   3.4417770e+06   1.4038086e+01
   3.4424710e+06   1.4770508e+01
   3.4427940e+06   1.6174316e+01
   3.4431310e+06   1.4404297e+01
   3.4453610e+06   1.4465332e+01
   3.4463080e+06   1.4648438e+01
   3.4472770e+06   1.3977051e+01
   3.4477690e+06   1.7883301e+01
   3.4483810e+06   1.7150879e+01
   3.4488370e+06   1.6845703e+01
   3.4490500e+06   1.4221191e+01
   3.4525590e+06   1.4099121e+01
   3.4531070e+06   1.6967773e+01
   3.4538730e+06   2.4108887e+01
   3.4539420e+06   2.2888184e+01
   3.4539820e+06   1.6479492e+01
   3.4540330e+06   1.7517090e+01
   3.4540810e+06   1.4160156e+01
   3.4551270e+06   1.5136719e+01
   3.4567750e+06   1.7211914e+01
   3.4574540e+06   1.4038086e+01
   3.4620650e+06   1.8615723e+01
   3.4635700e+06   1.5014648e+01
   3.4638520e+06   1.6723633e+01
   3.4644900e+06   1.5441895e+01
   3.4672700e+06   1.4160156e+01
   3.4685330e+06   1.4160156e+01
   3.4728560e+06   1.6174316e+01
   3.4752720e+06   1.5563965e+01
   3.4769290e+06   1.6113281e+01
   3.4774780e+06   1.8249512e+01
   3.4865240e+06   1.5014648e+01
   3.4910150e+06   1.5930176e+01
   3.4940030e+06   1.5625000e+01
   3.4951210e+06   1.3977051e+01
   3.4962480e+06   1.4404297e+01
   3.4985540e+06   1.6784668e+01
   3.4991420e+06   1.5197754e+01
   3.4994250e+06   1.5625000e+01
   3.4996290e+06   1.4282227e+01
   3.5000420e+06   1.4648438e+01
   3.5014860e+06   1.4099121e+01
   3.5036230e+06   1.5686035e+01
   3.5059040e+06   1.8005371e+01
   3.5069900e+06   1.4404297e+01
   3.5076620e+06   1.4892578e+01
   3.5085500e+06   1.4831543e+01
   3.5086970e+06   1.7272949e+01
   3.5095080e+06   1.5808105e+01
   3.5137530e+06   2.6184082e+01
   3.5137950e+06   1.7639160e+01
   3.5138330e+06   1.6601562e+01
   3.5143060e+06   1.6723633e+01
   3.5163940e+06   1.5686035e+01
   3.5183800e+06   1.7517090e+01
   3.5186740e+06   1.5502930e+01
   3.5191090e+06   1.6052246e+01
   3.5199480e+06   1.5258789e+01
   3.5201510e+06   1.3977051e+01
   3.5221560e+06   2.2583008e+01
   3.5222000e+06   1.7150879e+01
   3.5228690e+06   1.4221191e+01
   3.5231310e+06   2.4414062e+01
   3.5237970e+06   1.4587402e+01
   3.5241410e+06   1.7944336e+01
   3.5255440e+06   1.4282227e+01
   3.5263360e+06   1.3977051e+01
   3.5285660e+06   1.4831543e+01
   3.5295770e+06   4.0771484e+01
   3.5307100e+06   1.8127441e+01
   3.5310120e+06   1.4404297e+01
   3.5315660e+06   1.5808105e+01
   3.5321640e+06   1.4221191e+01
   3.5322650e+06   1.4648438e+01
   3.5325730e+06   1.6906738e+01
   3.5327600e+06   1.7150879e+01
   3.5375700e+06   1.6174316e+01
   3.5381140e+06   1.4831543e+01
   3.5398500e+06   1.5625000e+01
   3.5400180e+06   2.1484375e+01
   3.5412150e+06   1.7333984e+01
   3.5468920e+06   1.3977051e+01
   3.5491000e+06   1.4770508e+01
   3.5498530e+06   1.9104004e+01
   3.5507070e+06   1.5808105e+01
   3.5510530e+06   1.4770508e+01
   3.5550190e+06   1.5869141e+01
   3.5559470e+06   1.5075684e+01
   3.5601120e+06   1.3977051e+01
   3.5622230e+06   1.5075684e+01
   3.5624140e+06   2.5634766e+01
   3.5624610e+06   2.3010254e+01
   3.5624950e+06   1.9042969e+01
   3.5625370e+06   1.5014648e+01
   3.5632050e+06   1.7761230e+01
   3.5682680e+06   1.7822266e+01
   3.5703240e+06   1.4526367e+01
   3.5712850e+06   1.7089844e+01
   3.5724210e+06   1.4282227e+01
   3.5758280e+06   1.7150879e+01
   3.5836220e+06   1.4221191e+01
   3.5841610e+06   1.9775391e+01
   3.5871780e+06   1.7761230e+01
   3.5888630e+06   1.4343262e+01
   3.5909300e+06   1.4099121e+01
   3.5936000e+06   1.5625000e+01
   3.5937390e+06   1.5808105e+01
   3.5943920e+06   1.5258789e+01
   3.5945620e+06   1.4831543e+01
   3.5969720e+06   1.7578125e+01
   3.5985660e+06   1.4648438e+01
   3.6000160e+06   1.4221191e+01
   3.6007770e+06   1.4892578e+01
   3.6060680e+06   1.4770508e+01
   3.6064280e+06   1.5686035e+01
   3.6067970e+06   1.6418457e+01
   3.6103580e+06   1.4892578e+01
   3.6107260e+06   1.9775391e+01
   3.6108490e+06   1.5930176e+01
   3.6182600e+06   1.4831543e+01
   3.6191740e+06   1.6906738e+01
   3.6214690e+06   1.5319824e+01
   3.6241620e+06   1.4892578e+01
   3.6247520e+06   1.5075684e+01
   3.6255660e+06   1.4221191e+01
   3.6275020e+06   1.5563965e+01
   3.6279820e+06   1.5014648e+01
   3.6281040e+06   1.4221191e+01
   3.6285170e+06   1.4038086e+01
   3.6295130e+06   1.6845703e+01
   3.6296840e+06   1.4892578e+01
   3.6298130e+06   1.6967773e+01
   3.6300340e+06   1.4587402e+01
   3.6341000e+06   1.5380859e+01
   3.6392050e+06   1.7517090e+01
   3.6423520e+06   2.5634766e+01
   3.6438740e+06   1.6357422e+01
   3.6472720e+06   1.7761230e+01
   3.6498100e+06   1.4038086e+01
   3.6513380e+06   1.4648438e+01
   3.6528250e+06   1.5930176e+01
   3.6535140e+06   1.4587402e+01
   3.6539960e+06   1.6235352e+01
   3.6549790e+06   1.5258789e+01
   3.6586070e+06   2.1789551e+01
   3.6612040e+06   1.5747070e+01
   3.6636770e+06   1.5380859e+01
   3.6655750e+06   1.4404297e+01
   3.6690530e+06   1.5869141e+01
   3.6693740e+06   1.4038086e+01
   3.6699820e+06   1.6723633e+01
   3.6703060e+06   1.5258789e+01
   3.6711200e+06   1.4770508e+01
   3.6717460e+06   1.6479492e+01
   3.6773080e+06   1.6601562e+01
   3.6774610e+06   1.5808105e+01
   3.6776160e+06   1.5563965e+01
   3.6778300e+06   1.5869141e+01
   3.6842430e+06   1.4953613e+01
   3.6849250e+06   1.5136719e+01
   3.6858030e+06   1.5930176e+01
   3.6888140e+06   1.9042969e+01
   3.6918550e+06   1.6174316e+01
   3.6924490e+06   1.4892578e+01
   3.6926390e+06   1.4221191e+01
   3.6930280e+06   1.6418457e+01
   3.6932890e+06   1.5136719e+01
   3.6948080e+06   1.5441895e+01
   3.6952250e+06   1.4526367e+01
   3.6954470e+06   1.6662598e+01
   3.7010730e+06   2.3071289e+01
   3.7011580e+06   2.5817871e+01
   3.7011980e+06   1.4465332e+01
   3.7024710e+06   1.5991211e+01
   3.7025960e+06   1.4404297e+01
   3.7050580e+06   1.5197754e+01
   3.7060430e+06   1.5197754e+01
   3.7062500e+06   1.7883301e+01
   3.7066160e+06   1.4221191e+01
   3.7069940e+06   1.4648438e+01
   3.7071310e+06   1.3977051e+01
   3.7139220e+06   1.4282227e+01
   3.7161820e+06   1.7395020e+01
   3.7184050e+06   1.4099121e+01
   3.7209170e+06   2.4780273e+01
   3.7209560e+06   1.7883301e+01
   3.7209910e+06   1.5991211e+01
   3.7210350e+06   1.4770508e+01
   3.7213170e+06   1.5747070e+01
   3.7232040e+06   1.6174316e+01
   3.7246250e+06   1.4648438e+01
   3.7247080e+06   2.1484375e+01
   3.7247470e+06   1.4465332e+01
   3.7249430e+06   1.5563965e+01
   3.7250950e+06   2.0874023e+01
   3.7251300e+06   1.6662598e+01
   3.7252490e+06   1.7150879e+01
   3.7252820e+06   1.4282227e+01
   3.7253390e+06   1.4221191e+01
   3.7254210e+06   1.5869141e+01
   3.7256640e+06   1.7272949e+01
   3.7257010e+06   1.6113281e+01
   3.7297310e+06   1.7211914e+01
   3.7306580e+06   1.7761230e+01
   3.7312320e+06   1.6052246e+01
   3.7399870e+06   1.7578125e+01
   3.7440750e+06   1.4221191e+01
   3.7481270e+06   1.9409180e+01
   3.7510310e+06   1.5563965e+01
   3.7520390e+06   2.4169922e+01
   3.7520810e+06   1.6540527e+01
   3.7526980e+06   1.4038086e+01
   3.7531040e+06   1.4831543e+01
   3.7532960e+06   1.8920898e+01
   3.7553080e+06   1.6296387e+01
   3.7553580e+06   1.5014648e+01
   3.7553870e+06   1.5686035e+01
   3.7554900e+06   2.1484375e+01
   3.7555030e+06   1.5075684e+01
   3.7639850e+06   1.4648437e+01
   3.7655550e+06   1.5563965e+01
   3.7690050e+06   1.7883301e+01
   3.7714240e+06   1.4282227e+01
   3.7724010e+06   1.5991211e+01
   3.7744820e+06   1.4526367e+01
   3.7765360e+06   1.7761230e+01
   3.7767160e+06   1.4648437e+01
   3.7772280e+06   1.8005371e+01
   3.7809470e+06   1.5625000e+01
   3.7822130e+06   1.4404297e+01
   3.7824720e+06   1.5441895e+01
   3.7832280e+06   1.5441895e+01
   3.7848850e+06   1.5563965e+01
   3.7855660e+06   1.5686035e+01
   3.7859040e+06   1.5075684e+01
   3.7861400e+06   1.4343262e+01
   3.7865410e+06   1.7211914e+01
   3.7868840e+06   1.4343262e+01
   3.7872280e+06   1.6906738e+01
   3.7873940e+06   1.6296387e+01
   3.7874470e+06   1.4587402e+01
   3.7876660e+06   1.5258789e+01
   3.7878870e+06   1.5441895e+01
   3.7879500e+06   1.4221191e+01
   3.7886270e+06   1.5502930e+01
   3.7889530e+06   1.6723633e+01
   3.7891830e+06   1.6784668e+01
   3.7892470e+06   1.4221191e+01
   3.7894640e+06   1.5869141e+01
   3.7898350e+06   1.4099121e+01
   3.7905930e+06   1.4221191e+01
   3.7920830e+06   1.5441895e+01
   3.7930590e+06   1.3977051e+01
   3.7935390e+06   1.5380859e+01
   3.7977880e+06   1.5991211e+01
   3.7984590e+06   1.4770508e+01
   3.8069940e+06   1.4953613e+01
   3.8078850e+06   1.7211914e+01
   3.8081810e+06   1.8066406e+01
   3.8085320e+06   1.5686035e+01
   3.8132350e+06   1.9226074e+01
   3.8135570e+06   1.4648438e+01
   3.8137290e+06   1.4343262e+01
   3.8143690e+06   1.3977051e+01
   3.8147340e+06   1.5197754e+01
   3.8153210e+06   1.4038086e+01
   3.8154940e+06   1.4343262e+01
   3.8215950e+06   1.5136719e+01
   3.8239590e+06   1.6662598e+01
   3.8244600e+06   1.5747070e+01
   3.8266140e+06   1.4770508e+01
   3.8279180e+06   1.6174316e+01
   3.8302710e+06   1.7883301e+01
   3.8322260e+06   1.6906738e+01
   3.8341830e+06   1.5869141e+01
   3.8346790e+06   1.4160156e+01
   3.8375790e+06   2.1118164e+01
   3.8376230e+06   1.7395020e+01
   3.8376610e+06   1.7517090e+01
   3.8377000e+06   1.6479492e+01
   3.8377640e+06   1.6601562e+01
   3.8398070e+06   1.4404297e+01
   3.8407740e+06   1.4160156e+01
   3.8430780e+06   1.4038086e+01
   3.8443170e+06   1.5625000e+01
   3.8501970e+06   1.5319824e+01
   3.8525440e+06   1.5747070e+01
   3.8529170e+06   1.6174316e+01
   3.8542860e+06   1.4160156e+01
   3.8545880e+06   2.0446777e+01
   3.8549790e+06   1.8920898e+01
   3.8576750e+06   1.4709473e+01
   3.8621180e+06   1.5197754e+01
   3.8637860e+06   1.9104004e+01
   3.8690330e+06   1.5197754e+01
   3.8734020e+06   1.4343262e+01
   3.8736110e+06   1.4770508e+01
   3.8746950e+06   1.4648438e+01
   3.8749260e+06   1.5380859e+01
   3.8789960e+06   1.4648438e+01
   3.8841770e+06   1.6967773e+01
   3.8858290e+06   1.6174316e+01
   3.8889160e+06   2.4536133e+01
   3.8889600e+06   1.9958496e+01
   3.8889970e+06   1.8737793e+01
   3.8890280e+06   1.7822266e+01
   3.8890380e+06   1.4282227e+01
   3.8896930e+06   1.5563965e+01
   3.8898000e+06   1.4587402e+01
   3.8900350e+06   1.7944336e+01
   3.8903590e+06   1.4648438e+01
   3.8906350e+06   1.5930176e+01
   3.8909560e+06   1.4709473e+01
   3.9004080e+06   1.4465332e+01
   3.9010680e+06   1.5686035e+01
   3.9022910e+06   1.5991211e+01
   3.9061810e+06   1.4038086e+01
   3.9104690e+06   1.6540527e+01
   3.9124880e+06   1.6113281e+01
   3.9130600e+06   1.5869141e+01
   3.9142820e+06   1.5991211e+01
   3.9150280e+06   1.6113281e+01
   3.9211990e+06   1.5563965e+01
   3.9219740e+06   1.3977051e+01
   3.9288360e+06   1.8005371e+01
   3.9302450e+06   1.8005371e+01
   3.9339700e+06   1.4343262e+01
   3.9370610e+06   1.4648437e+01
   3.9393690e+06   1.6113281e+01
   3.9401930e+06   1.4160156e+01
   3.9403890e+06   1.5625000e+01
   3.9405280e+06   2.3681641e+01
   3.9405760e+06   1.7700195e+01
   3.9406100e+06   1.9226074e+01
   3.9409000e+06   1.4282227e+01
   3.9409660e+06   1.8554688e+01
   3.9413090e+06   1.4282227e+01
   3.9420600e+06   1.6113281e+01
   3.9424440e+06   1.6174316e+01
   3.9487670e+06   1.6357422e+01
   3.9522030e+06   1.7211914e+01
   3.9533740e+06   1.6174316e+01
   3.9548830e+06   1.5380859e+01
   3.9555760e+06   1.6967773e+01
   3.9565140e+06   1.6601562e+01
   3.9569820e+06   1.5808105e+01
   3.9573890e+06   1.4709473e+01
   3.9578330e+06   1.5258789e+01
   3.9579340e+06   1.6601562e+01
   3.9581970e+06   1.3977051e+01
   3.9583560e+06   1.4831543e+01
   3.9588080e+06   1.4282227e+01
   3.9593340e+06   1.4770508e+01
   3.9595910e+06   1.4343262e+01
   3.9607030e+06   2.3071289e+01
   3.9681950e+06   1.4709473e+01
   3.9687720e+06   1.6967773e+01
   3.9690300e+06   2.2094727e+01
   3.9693020e+06   1.6723633e+01
   3.9743400e+06   1.4770508e+01
   3.9763330e+06   1.4953613e+01
   3.9774630e+06   1.7883301e+01
   3.9803260e+06   1.9348145e+01
   3.9803550e+06   1.4160156e+01
   3.9807190e+06   1.8249512e+01
   3.9808870e+06   1.5869141e+01
   3.9810400e+06   1.4587402e+01
   3.9813140e+06   1.5930176e+01
   3.9815830e+06   1.5808105e+01
   3.9821430e+06   1.4099121e+01
   3.9826150e+06   1.4953613e+01
   3.9886520e+06   1.5075684e+01
   3.9892810e+06   1.7700195e+01
   3.9912830e+06   1.4160156e+01
   4.0037230e+06   1.4282227e+01
   4.0055740e+06   1.5625000e+01
   4.0057050e+06   1.5258789e+01
   4.0057740e+06   1.6113281e+01
   4.0061450e+06   1.5136719e+01
   4.0064820e+06   1.5747070e+01
   4.0065480e+06   1.4526367e+01
   4.0141180e+06   1.6113281e+01
   4.0145600e+06   1.5075684e+01
   4.0197990e+06   2.0874023e+01
   4.0235140e+06   1.4465332e+01
   4.0239590e+06   1.6723633e+01
   4.0240250e+06   1.4221191e+01
   4.0240890e+06   1.4221191e+01
   4.0270370e+06   1.4221191e+01
   4.0281340e+06   1.7517090e+01
   4.0312440e+06   1.5563965e+01
   4.0321280e+06   1.6052246e+01
   4.0324070e+06   1.5747070e+01
   4.0340250e+06   1.5197754e+01
   4.0343450e+06   1.7028809e+01
   4.0399830e+06   1.5930176e+01
   4.0422390e+06   1.5319824e+01
   4.0427200e+06   1.6296387e+01
   4.0432650e+06   1.4953613e+01
   4.0442460e+06   1.5319824e+01
   4.0489900e+06   1.5991211e+01
   4.0493800e+06   2.6184082e+01
   4.0494410e+06   1.7578125e+01
   4.0500420e+06   1.4587402e+01
   4.0501980e+06   1.4038086e+01
   4.0529880e+06   1.7333984e+01
   4.0564010e+06   1.4221191e+01
   4.0611040e+06   1.5319824e+01
   4.0633890e+06   1.5747070e+01
   4.0667090e+06   1.6235352e+01
   4.0676760e+06   1.4770508e+01
   4.0698030e+06   1.5686035e+01
   4.0710730e+06   1.6784668e+01
   4.0719740e+06   1.4526367e+01
   4.0725710e+06   1.5563965e+01
   4.0730340e+06   1.7211914e+01
   4.0740560e+06   1.5258789e+01
   4.0767960e+06   2.3437500e+01
   4.0768320e+06   1.7028809e+01
   4.0768660e+06   1.7211914e+01
   4.0773810e+06   1.6540527e+01
   4.0781640e+06   1.4587402e+01
   4.0784720e+06   1.4831543e+01
   4.0850160e+06   1.4770508e+01
   4.0864730e+06   1.5075684e+01
   4.0868810e+06   1.4038086e+01
   4.0878840e+06   1.6784668e+01
   4.0928970e+06   1.5014648e+01
   4.0934420e+06   1.6540527e+01
   4.0938660e+06   1.4587402e+01
   4.0940580e+06   1.6723633e+01
   4.0943710e+06   1.7089844e+01
   4.0946310e+06   1.4526367e+01
   4.0949010e+06   1.4160156e+01
   4.0956430e+06   1.4221191e+01
   4.0957960e+06   1.4099121e+01
   4.0996910e+06   1.4709473e+01
   4.1003740e+06   1.7456055e+01
   4.1011150e+06   1.5197754e+01
   4.1023450e+06   1.5625000e+01
   4.1028410e+06   1.4831543e+01
   4.1029310e+06   1.5075684e+01
   4.1031600e+06   1.8249512e+01
   4.1033250e+06   1.4282227e+01
   4.1039420e+06   1.6174316e+01
   4.1042260e+06   1.4343262e+01
   4.1044060e+06   1.6357422e+01
   4.1046420e+06   1.4221191e+01
   4.1057030e+06   1.5441895e+01
   4.1059220e+06   1.6052246e+01
   4.1060870e+06   1.5258789e+01
   4.1068190e+06   1.4160156e+01
   4.1070020e+06   1.7028809e+01
   4.1073590e+06   2.5939941e+01
   4.1074170e+06   2.0629883e+01
   4.1077990e+06   1.5197754e+01
   4.1081370e+06   1.4404297e+01
   4.1083180e+06   1.7272949e+01
   4.1084790e+06   1.4221191e+01
   4.1089450e+06   1.4343262e+01
   4.1091920e+06   1.4831543e+01
   4.1146680e+06   1.5747070e+01
   4.1151200e+06   1.6296387e+01
   4.1154540e+06   1.5136719e+01
   4.1217090e+06   1.5197754e+01
   4.1230240e+06   1.3977051e+01
   4.1251260e+06   1.5380859e+01
   4.1284750e+06   1.8127441e+01
   4.1285740e+06   1.6845703e+01
   4.1302130e+06   1.6052246e+01
   4.1309500e+06   1.4587402e+01
   4.1329610e+06   1.3977051e+01
   4.1332780e+06   1.4770508e+01
   4.1335010e+06   1.5319824e+01
   4.1345030e+06   1.4587402e+01
   4.1417130e+06   1.4038086e+01
   4.1426440e+06   1.4221191e+01
   4.1451990e+06   1.6296387e+01
   4.1453650e+06   1.4831543e+01
   4.1481030e+06   1.6601562e+01
   4.1517970e+06   1.5441895e+01
   4.1524890e+06   1.5441895e+01
   4.1529480e+06   1.4831543e+01
   4.1562000e+06   1.5136719e+01
   4.1584450e+06   1.8371582e+01
   4.1626880e+06   1.7395020e+01
   4.1653390e+06   1.5869141e+01
   4.1657720e+06   1.7028809e+01
   4.1659620e+06   1.4282227e+01
   4.1664360e+06   1.5502930e+01
   4.1671460e+06   1.5075684e+01
   4.1673680e+06   1.4648438e+01
   4.1676370e+06   1.6845703e+01
   4.1681200e+06   1.4465332e+01
   4.1686700e+06   1.4709473e+01
   4.1688490e+06   1.4465332e+01
   4.1689590e+06   1.5747070e+01
   4.1693530e+06   1.4160156e+01
   4.1696620e+06   1.5319824e+01
   4.1699050e+06   1.4343262e+01
   4.1701140e+06   1.6296387e+01
   4.1706680e+06   1.5441895e+01
   4.1707690e+06   1.4648438e+01
   4.1753570e+06   1.7822266e+01
   4.1779850e+06   1.6357422e+01
   4.1811910e+06   1.6601562e+01
   4.1821900e+06   1.5441895e+01
   4.1824410e+06   1.4343262e+01
   4.1829370e+06   1.4648438e+01
   4.1861940e+06   1.6113281e+01
   4.1880160e+06   1.6662598e+01
   4.1903380e+06   1.5502930e+01
   4.1917930e+06   1.5197754e+01
   4.1925500e+06   1.6052246e+01
   4.1928660e+06   1.5197754e+01
   4.1930920e+06   1.5319824e+01
   4.1931740e+06   1.4099121e+01
   4.1932270e+06   1.6052246e+01
   4.1933150e+06   1.4099121e+01
   4.1934500e+06   1.4648438e+01
   4.1937760e+06   1.5197754e+01
   4.1939120e+06   1.4343262e+01
   4.1944090e+06   1.7028809e+01
   4.1953430e+06   1.5686035e+01
   4.1954790e+06   1.6357422e+01
   4.1955390e+06   1.4526367e+01
   4.1961220e+06   1.4465332e+01
   4.1964130e+06   1.4221191e+01
   4.1966500e+06   1.4587402e+01
   4.1967150e+06   1.4526367e+01
   4.1977530e+06   1.4709473e+01
   4.2008640e+06   1.5930176e+01
   4.2016470e+06   1.6662598e+01
   4.2044880e+06   1.5991211e+01
   4.2053610e+06   1.4343262e+01
   4.2114470e+06   1.5686035e+01
   4.2117360e+06   1.4587402e+01
   4.2120190e+06   1.5197754e+01
   4.2133560e+06   1.5319824e+01
   4.2216350e+06   1.5075684e+01
   4.2221250e+06   1.8554688e+01
   4.2224580e+06   1.5502930e+01
   4.2227310e+06   1.5197754e+01
   4.2228090e+06   1.7211914e+01
   4.2260920e+06   1.3977051e+01
   4.2265100e+06   1.6479492e+01
   4.2316900e+06   1.4160156e+01
   4.2332380e+06   1.6784668e+01
   4.2383140e+06   1.4892578e+01
   4.2397340e+06   2.2583008e+01
   4.2397710e+06   2.2460938e+01
   4.2401620e+06   1.8554688e+01
   4.2409310e+06   1.4038086e+01
   4.2464890e+06   1.4892578e+01
   4.2467980e+06   1.6296387e+01
   4.2471250e+06   1.4099121e+01
   4.2480690e+06   1.5808105e+01
   4.2486910e+06   1.7761230e+01
   4.2500450e+06   1.5380859e+01
   4.2507730e+06   1.6601562e+01
   4.2512790e+06   1.8127441e+01
   4.2533110e+06   1.8554688e+01
   4.2535960e+06   1.4953613e+01
   4.2538630e+06   1.8188477e+01
   4.2540510e+06   1.4709473e+01
   4.2541330e+06   1.6235352e+01
   4.2542360e+06   1.5808105e+01
   4.2543690e+06   1.4221191e+01
   4.2547500e+06   1.5686035e+01
   4.2550770e+06   1.5380859e+01
   4.2554280e+06   1.4282227e+01
   4.2559190e+06   1.5869141e+01
   4.2562890e+06   1.5563965e+01
   4.2569190e+06   1.5441895e+01
   4.2573370e+06   1.5563965e+01
   4.2575110e+06   1.4526367e+01
   4.2645370e+06   1.4709473e+01
   4.2651310e+06   1.4709473e+01
   4.2656110e+06   1.7089844e+01
   4.2657970e+06   1.4343262e+01
   4.2676720e+06   1.6540527e+01
   4.2685840e+06   1.7639160e+01
   4.2693610e+06   1.6662598e+01
   4.2758620e+06   1.5380859e+01
   4.2762300e+06   1.6723633e+01
   4.2767140e+06   1.5563965e+01
   4.2779040e+06   1.4343262e+01
   4.2785150e+06   1.5625000e+01
   4.2789950e+06   1.4831543e+01
   4.2794130e+06   1.4404297e+01
   4.2796350e+06   1.6418457e+01
   4.2801510e+06   1.4404297e+01
   4.2812590e+06   1.5197754e+01
   4.2866880e+06   1.5686035e+01
   4.2910650e+06   1.5014648e+01
   4.2943770e+06   1.5014648e+01
   4.2958900e+06   1.6479492e+01
   4.2979850e+06   1.5319824e+01
   4.2984030e+06   1.4160156e+01
   4.2987000e+06   1.6235352e+01
   4.2990210e+06   1.9165039e+01
   4.3050380e+06   1.5808105e+01
   4.3118200e+06   1.4465332e+01
   4.3128630e+06   2.2216797e+01
   4.3145750e+06   1.6296387e+01
   4.3156720e+06   1.4709473e+01
   4.3207590e+06   1.3977051e+01
   4.3250590e+06   1.6540527e+01
   4.3260840e+06   1.3977051e+01
   4.3267960e+06   1.6296387e+01
   4.3272950e+06   1.5136719e+01
   4.3273590e+06   2.0446777e+01
   4.3275670e+06   1.6174316e+01
   4.3282360e+06   1.4282227e+01
   4.3292590e+06   1.6540527e+01
   4.3300470e+06   1.4160156e+01
   4.3362050e+06   1.4099121e+01
   4.3408350e+06   1.4526367e+01
   4.3469610e+06   1.5014648e+01
   4.3504520e+06   1.4160156e+01
   4.3541230e+06   1.6357422e+01
   4.3551250e+06   1.5808105e+01
   4.3556590e+06   1.4221191e+01
   4.3558540e+06   1.5625000e+01
   4.3560000e+06   1.5686035e+01
   4.3562010e+06   1.4831543e+01
   4.3563080e+06   1.4770508e+01
   4.3566290e+06   1.5625000e+01
   4.3571510e+06   1.5441895e+01
   4.3632080e+06   2.4658203e+01
   4.3633020e+06   2.5146484e+01
   4.3633380e+06   1.7150879e+01
   4.3660330e+06   1.6113281e+01
   4.3667060e+06   1.6540527e+01
   4.3695310e+06   1.8432617e+01
   4.3746780e+06   1.8005371e+01
   4.3759480e+06   2.4230957e+01
   4.3759880e+06   2.3315430e+01
   4.3760210e+06   1.4160156e+01
   4.3761530e+06   2.0568848e+01
   4.3770970e+06   1.4709473e+01
   4.3776950e+06   1.5747070e+01
   4.3792810e+06   1.4526367e+01
   4.3795580e+06   1.4953613e+01
   4.3798810e+06   1.4404297e+01
   4.3804930e+06   2.2766113e+01
   4.3805380e+06   1.8066406e+01
   4.3821070e+06   1.4892578e+01
   4.3830560e+06   1.4587402e+01
   4.3835010e+06   1.6479492e+01
   4.3918430e+06   1.7395020e+01
   4.3927740e+06   1.4526367e+01
   4.3943860e+06   1.5808105e+01
   4.3949960e+06   1.5869141e+01
   4.3994000e+06   1.6235352e+01
   4.4054760e+06   1.8676758e+01
   4.4057670e+06   1.5258789e+01
   4.4066800e+06   1.5502930e+01
   4.4132130e+06   1.6235352e+01
   4.4143620e+06   1.5991211e+01
   4.4158920e+06   1.5991211e+01
   4.4178370e+06   1.4526367e+01
   4.4183570e+06   1.8371582e+01
   4.4212510e+06   1.4709473e+01
   4.4227000e+06   1.4282227e+01
   4.4235890e+06   1.5136719e+01
   4.4242390e+06   1.5808105e+01
   4.4250690e+06   1.4404297e+01
   4.4254650e+06   1.6906738e+01
   4.4255830e+06   1.4709473e+01
   4.4257080e+06   1.5625000e+01
   4.4261570e+06   1.5808105e+01
   4.4300340e+06   1.8310547e+01
   4.4307220e+06   1.5075684e+01
   4.4311210e+06   1.5991211e+01
   4.4319420e+06   1.5808105e+01
   4.4327290e+06   1.5991211e+01
   4.4337670e+06   1.5563965e+01
   4.4339860e+06   1.4221191e+01
   4.4342810e+06   1.5319824e+01
   4.4347420e+06   1.6113281e+01
   4.4348670e+06   1.8310547e+01
   4.4350440e+06   1.5502930e+01
   4.4356350e+06   1.4038086e+01
   4.4360410e+06   1.5014648e+01
   4.4392380e+06   1.4709473e+01
   4.4397490e+06   1.4404297e+01
   4.4402250e+06   1.5014648e+01
   4.4404470e+06   2.0507813e+01
   4.4405070e+06   2.3498535e+01
   4.4405520e+06   2.2644043e+01
   4.4411510e+06   1.4770508e+01
   4.4444680e+06   1.4099121e+01
   4.4474810e+06   1.6723633e+01
   4.4504560e+06   1.6418457e+01
   4.4511960e+06   1.9714355e+01
   4.4538580e+06   1.5014648e+01
   4.4552990e+06   1.5136719e+01
   4.4558240e+06   1.4709473e+01
   4.4637120e+06   1.4526367e+01
   4.4654580e+06   1.4831543e+01
   4.4656430e+06   1.4404297e+01
   4.4665960e+06   1.5136719e+01
   4.4674070e+06   1.4831543e+01
   4.4706580e+06   1.4038086e+01
   4.4732510e+06   1.4099121e+01
   4.4748430e+06   1.6052246e+01
   4.4774030e+06   1.6357422e+01
   4.4775000e+06   1.6601562e+01
   4.4784310e+06   1.6235352e+01
   4.4785400e+06   1.6113281e+01
   4.4788490e+06   1.5136719e+01
   4.4790790e+06   1.6418457e+01
   4.4795740e+06   1.4465332e+01
   4.4798320e+06   1.5380859e+01
   4.4805320e+06   1.4526367e+01
   4.4807010e+06   1.6235352e+01
   4.4812030e+06   1.4892578e+01
   4.4817420e+06   1.5747070e+01
   4.4821620e+06   1.4648438e+01
   4.4878610e+06   2.3315430e+01
   4.4879030e+06   2.2949219e+01
   4.4879400e+06   1.7150879e+01
   4.4879930e+06   1.4343262e+01
   4.4885430e+06   1.5747070e+01
   4.4891780e+06   1.4831543e+01
   4.4906920e+06   1.4404297e+01
   4.4933950e+06   1.7700195e+01
   4.4949250e+06   1.6235352e+01
   4.4953440e+06   1.5258789e+01
   4.4955060e+06   1.4953613e+01
   4.4961960e+06   1.4770508e+01
   4.4999760e+06   1.4831543e+01
   4.5003710e+06   1.4099121e+01
   4.5004820e+06   2.4780273e+01
   4.5005320e+06   2.3437500e+01
   4.5022860e+06   1.6357422e+01
   4.5035000e+06   1.4038086e+01
   4.5038280e+06   1.6052246e+01
   4.5042490e+06   1.4282227e+01
   4.5044270e+06   1.7089844e+01
   4.5055140e+06   1.4587402e+01
   4.5082270e+06   1.4709473e+01
   4.5094210e+06   1.4282227e+01
   4.5117290e+06   1.4709473e+01
   4.5178560e+06   1.4221191e+01
   4.5183530e+06   1.4282227e+01
   4.5190010e+06   1.4099121e+01
   4.5195660e+06   1.6906738e+01
   4.5199090e+06   1.5380859e+01
   4.5201780e+06   1.3977051e+01
   4.5203750e+06   1.4648438e+01
   4.5283200e+06   1.6784668e+01
   4.5310260e+06   1.4099121e+01
   4.5320720e+06   1.5686035e+01
   4.5351740e+06   2.1850586e+01
   4.5352210e+06   1.8737793e+01
   4.5352540e+06   1.6052246e+01
   4.5353640e+06   2.0935059e+01
   4.5354580e+06   1.6052246e+01
   4.5355160e+06   1.4343262e+01
   4.5355840e+06   1.5625000e+01
   4.5380850e+06   1.5319824e+01
   4.5401440e+06   1.4221191e+01
   4.5431390e+06   1.4770508e+01
   4.5434920e+06   1.5136719e+01
   4.5441760e+06   1.9714355e+01
   4.5442030e+06   1.6418457e+01
   4.5446280e+06   1.4831543e+01
   4.5452880e+06   1.4221191e+01
   4.5458360e+06   1.4648437e+01
   4.5464630e+06   1.5563965e+01
   4.5468930e+06   1.6967773e+01
   4.5471060e+06   1.5625000e+01
   4.5473750e+06   1.4648438e+01
   4.5478380e+06   1.5014648e+01
   4.5479630e+06   1.4221191e+01
   4.5481030e+06   1.5075684e+01
   4.5484100e+06   1.5014648e+01
   4.5487860e+06   1.4099121e+01
   4.5489630e+06   1.4404297e+01
   4.5492530e+06   1.4404297e+01
   4.5496120e+06   1.6967773e+01
   4.5499540e+06   1.5319824e+01
   4.5502930e+06   1.4160156e+01
   4.5504160e+06   1.7211914e+01
   4.5506310e+06   1.6967773e+01
   4.5510490e+06   1.6601562e+01
   4.5514740e+06   1.4709473e+01
   4.5581720e+06   2.1606445e+01
   4.5582200e+06   1.8676758e+01
   4.5582660e+06   1.4343262e+01
   4.5583210e+06   1.4038086e+01
   4.5583750e+06   1.4465332e+01
   4.5584030e+06   1.5502930e+01
   4.5642070e+06   1.5991211e+01
   4.5659520e+06   1.4404297e+01
   4.5678140e+06   1.4953613e+01
   4.5697500e+06   1.7333984e+01
   4.5708020e+06   1.4282227e+01
   4.5740370e+06   1.4648438e+01
   4.5765620e+06   1.7089844e+01
   4.5770400e+06   1.5441895e+01
   4.5785220e+06   1.5441895e+01
   4.5804690e+06   1.4160156e+01
   4.5806280e+06   1.4038086e+01
   4.5848170e+06   1.5258789e+01
   4.5890770e+06   1.5136719e+01
   4.5897280e+06   1.8859863e+01
   4.5897680e+06   2.2949219e+01
   4.5898250e+06   2.1850586e+01
   4.5898650e+06   1.5991211e+01
   4.5898780e+06   1.4648437e+01
   4.5900470e+06   1.7883301e+01
   4.5901190e+06   1.6601562e+01
   4.5937950e+06   1.5625000e+01
   4.5945530e+06   1.4709473e+01
   4.5963970e+06   1.5625000e+01
   4.5970100e+06   1.6296387e+01
   4.5973780e+06   1.4221191e+01
   4.5975620e+06   1.4526367e+01
   4.6016060e+06   1.9104004e+01
   4.6024010e+06   1.8737793e+01
   4.6030540e+06   1.6967773e+01
   4.6063890e+06   1.7517090e+01
   4.6069040e+06   1.4099121e+01
   4.6073240e+06   1.7211914e+01
   4.6074680e+06   1.5136719e+01
   4.6076880e+06   1.7944336e+01
   4.6078630e+06   1.4404297e+01
   4.6081340e+06   1.4038086e+01
   4.6087190e+06   1.4526367e+01
   4.6121220e+06   1.7822266e+01
   4.6122180e+06   2.0996094e+01
   4.6132550e+06   1.7150879e+01
   4.6193930e+06   1.8127441e+01
   4.6196720e+06   1.4465332e+01
   4.6234870e+06   1.5197754e+01
   4.6275230e+06   1.4892578e+01
   4.6294380e+06   1.6052246e+01
   4.6306670e+06   1.6296387e+01
   4.6319360e+06   1.5991211e+01
   4.6357800e+06   2.2705078e+01
   4.6358620e+06   2.0019531e+01
   4.6359090e+06   1.9042969e+01
   4.6359540e+06   1.5258789e+01
   4.6360110e+06   1.4221191e+01
   4.6360500e+06   1.6174316e+01
   4.6365250e+06   1.5502930e+01
   4.6370150e+06   1.4831543e+01
   4.6373080e+06   1.4282227e+01
   4.6379620e+06   1.4465332e+01
   4.6413540e+06   1.7578125e+01
   4.6441870e+06   1.7822266e+01
   4.6457800e+06   1.5563965e+01
   4.6460580e+06   1.5808105e+01
   4.6461180e+06   1.4160156e+01
   4.6464170e+06   1.5136719e+01
   4.6520900e+06   1.4404297e+01
   4.6572120e+06   1.5380859e+01
   4.6596750e+06   1.6479492e+01
   4.6608230e+06   1.6174316e+01
   4.6616790e+06   1.4526367e+01
   4.6624180e+06   1.4648438e+01
   4.6626750e+06   1.7639160e+01
   4.6628220e+06   1.4770508e+01
   4.6630300e+06   1.3977051e+01
   4.6637720e+06   1.4160156e+01
   4.6660280e+06   1.5014648e+01
   4.6664450e+06   1.4526367e+01
   4.6668780e+06   1.6723633e+01
   4.6671980e+06   1.5319824e+01
   4.6673890e+06   1.4770508e+01
   4.6679290e+06   1.5075684e+01
   4.6681180e+06   1.4038086e+01
   4.6710840e+06   1.8066406e+01
   4.6720230e+06   1.6174316e+01
   4.6727110e+06   1.5625000e+01
   4.6732990e+06   1.5930176e+01
   4.6769980e+06   1.4709473e+01
   4.6775210e+06   1.6479492e+01
   4.6780720e+06   1.4282227e+01
   4.6788190e+06   1.5075684e+01
   4.6798040e+06   1.5075684e+01
   4.6801160e+06   1.4831543e+01
   4.6806810e+06   1.7028809e+01
   4.6814640e+06   1.5197754e+01
   4.6819400e+06   1.4526367e+01
   4.6838560e+06   1.6296387e+01
   4.6863910e+06   1.4953613e+01
   4.6866180e+06   1.6052246e+01
   4.6867750e+06   1.4831543e+01
   4.6889260e+06   1.5136719e+01
   4.6901640e+06   1.4953613e+01
   4.6903540e+06   1.7028809e+01
   4.6907090e+06   1.4282227e+01
   4.6909410e+06   1.4953613e+01
   4.6965450e+06   1.5869141e+01
   4.6979650e+06   1.4587402e+01
   4.6999510e+06   1.6601562e+01
   4.7023150e+06   1.7883301e+01
   4.7040170e+06   1.7150879e+01
   4.7050000e+06   1.4770508e+01
   4.7054170e+06   1.4404297e+01
   4.7059280e+06   1.5441895e+01
   4.7106790e+06   1.5197754e+01
   4.7115660e+06   1.5136719e+01
   4.7126060e+06   1.5625000e+01
   4.7134690e+06   1.7333984e+01
   4.7178690e+06   1.5625000e+01
   4.7196370e+06   2.3132324e+01
   4.7199990e+06   1.4587402e+01
   4.7206840e+06   1.6479492e+01
   4.7211520e+06   1.7883301e+01
   4.7214330e+06   1.4282227e+01
   4.7233520e+06   1.4404297e+01
   4.7274070e+06   1.6784668e+01
   4.7281800e+06   1.7700195e+01
   4.7287030e+06   1.4099121e+01
   4.7298200e+06   1.5991211e+01
   4.7304220e+06   1.6113281e+01
   4.7309520e+06   1.6052246e+01
   4.7316680e+06   1.4404297e+01
   4.7328710e+06   1.4282227e+01
   4.7335840e+06   1.6601562e+01
   4.7336170e+06   1.5930176e+01
   4.7337950e+06   1.4282227e+01
   4.7429990e+06   1.4709473e+01
   4.7436240e+06   1.4221191e+01
   4.7457040e+06   1.5502930e+01
   4.7466280e+06   1.4587402e+01
   4.7479040e+06   1.4404297e+01
   4.7492690e+06   1.5075684e+01
   4.7510640e+06   1.4343262e+01
   4.7517450e+06   1.6601562e+01
   4.7522380e+06   1.4526367e+01
   4.7534860e+06   1.7944336e+01
   4.7538170e+06   1.6540527e+01
   4.7545190e+06   1.6052246e+01
   4.7578670e+06   1.5319824e+01
   4.7590810e+06   1.7700195e+01
   4.7601860e+06   1.6540527e+01
   4.7645220e+06   1.5869141e+01
   4.7661340e+06   1.5197754e+01
   4.7665120e+06   1.5197754e+01
   4.7670450e+06   1.5258789e+01
   4.7711790e+06   1.5319824e+01
   4.7728520e+06   1.6235352e+01
   4.7773340e+06   1.4831543e+01
   4.7794400e+06   1.4526367e+01
   4.7806010e+06   1.5319824e+01
   4.7831150e+06   1.4343262e+01
   4.7844660e+06   1.7395020e+01
   4.7870640e+06   1.5563965e+01
   4.7898190e+06   1.4831543e+01
   4.7918840e+06   1.9165039e+01
   4.7988070e+06   1.3977051e+01
   4.8000770e+06   1.4404297e+01
   4.8003510e+06   1.5686035e+01
   4.8006150e+06   1.6967773e+01
   4.8006550e+06   1.9226074e+01
   4.8007370e+06   1.5136719e+01
   4.8090900e+06   1.5136719e+01
   4.8145370e+06   1.6479492e+01
   4.8160570e+06   1.8432617e+01
   4.8171870e+06   1.4770508e+01
   4.8184990e+06   1.5502930e+01
   4.8187260e+06   1.5563965e+01
   4.8189420e+06   1.6235352e+01
   4.8192260e+06   1.8493652e+01
   4.8193050e+06   1.5869141e+01
   4.8195990e+06   1.3977051e+01
   4.8201970e+06   1.4343262e+01
   4.8246510e+06   1.6418457e+01
   4.8260310e+06   1.7333984e+01
   4.8277210e+06   1.4465332e+01
   4.8287690e+06   1.4282227e+01
   4.8289090e+06   1.4099121e+01
   4.8293250e+06   1.4038086e+01
   4.8294190e+06   1.4709473e+01
   4.8295210e+06   1.7333984e+01
   4.8385590e+06   1.4343262e+01
   4.8418080e+06   1.4038086e+01
   4.8446640e+06   1.6723633e+01
   4.8467240e+06   1.4404297e+01
   4.8478370e+06   1.4648438e+01
   4.8513540e+06   1.4587402e+01
   4.8515650e+06   1.6235352e+01
   4.8518640e+06   1.4099121e+01
   4.8525880e+06   1.5747070e+01
   4.8544830e+06   1.4221191e+01
   4.8570720e+06   1.5441895e+01
   4.8596690e+06   1.4404297e+01
   4.8614260e+06   1.7028809e+01
   4.8621280e+06   1.4892578e+01
   4.8623590e+06   1.6113281e+01
   4.8625120e+06   1.6174316e+01
   4.8640340e+06   1.6296387e+01
   4.8649170e+06   1.4099121e+01
   4.8654620e+06   1.4892578e+01
   4.8674740e+06   1.6418457e+01
   4.8682450e+06   1.4770508e+01
   4.8688470e+06   1.6479492e+01
   4.8690230e+06   1.5930176e+01
   4.8694300e+06   1.5380859e+01
   4.8695850e+06   1.4404297e+01
   4.8736250e+06   1.4953613e+01
   4.8748760e+06   1.5136719e+01
   4.8793090e+06   1.6174316e+01
   4.8827880e+06   1.8188477e+01
   4.8830490e+06   1.6113281e+01
   4.8834900e+06   1.4587402e+01
   4.8858280e+06   1.7028809e+01
   4.8886500e+06   1.4831543e+01
   4.8898640e+06   1.4892578e+01
   4.8903880e+06   1.4282227e+01
   4.8905240e+06   1.5197754e+01
   4.8911490e+06   1.6174316e+01
   4.8959060e+06   1.7272949e+01
   4.8970830e+06   1.8737793e+01
   4.8980520e+06   1.5197754e+01
   4.8985960e+06   1.4892578e+01
   4.8990740e+06   1.4282227e+01
   4.8996600e+06   1.5625000e+01
   4.8998630e+06   1.5319824e+01
   4.9000930e+06   1.5930176e+01
   4.9002640e+06   1.4465332e+01
   4.9006300e+06   1.5930176e+01
   4.9040730e+06   1.5930176e+01
   4.9090250e+06   1.4465332e+01
   4.9112090e+06   1.4404297e+01
   4.9155090e+06   1.5869141e+01
   4.9196100e+06   1.5319824e+01
   4.9199730e+06   1.5014648e+01
   4.9202770e+06   1.4099121e+01
   4.9206300e+06   1.6174316e+01
   4.9214400e+06   2.6916504e+01
   4.9217370e+06   1.4099121e+01
   4.9246760e+06   1.4160156e+01
   4.9250950e+06   1.5136719e+01
   4.9254440e+06   1.9958496e+01
   4.9261300e+06   1.5014648e+01
   4.9263360e+06   1.6906738e+01
   4.9264540e+06   1.4404297e+01
   4.9265830e+06   1.4160156e+01
   4.9267700e+06   1.4282227e+01
   4.9268830e+06   1.5319824e+01
   4.9270900e+06   1.4282227e+01
   4.9276050e+06   1.4160156e+01
   4.9278400e+06   1.4953613e+01
   4.9279350e+06   1.4526367e+01
   4.9284510e+06   1.4099121e+01
   4.9287490e+06   1.3977051e+01
   4.9292110e+06   1.6235352e+01
   4.9297520e+06   1.5808105e+01
   4.9302790e+06   1.7517090e+01
   4.9340910e+06   1.4221191e+01
   4.9355460e+06   1.6479492e+01
   4.9367270e+06   1.7028809e+01
   4.9370440e+06   1.5808105e+01
   4.9382460e+06   1.3977051e+01
   4.9410770e+06   1.6357422e+01
   4.9438370e+06   1.4770508e+01
   4.9472640e+06   1.4709473e+01
   4.9488360e+06   1.6723633e+01
   4.9530910e+06   2.6184082e+01
   4.9535800e+06   1.6906738e+01
   4.9543540e+06   1.7395020e+01
   4.9553780e+06   1.4770508e+01
   4.9559510e+06   1.4770508e+01
   4.9562870e+06   1.5197754e+01
   4.9567130e+06   1.6296387e+01
   4.9570560e+06   1.4343262e+01
   4.9574130e+06   1.5625000e+01
   4.9580410e+06   1.5014648e+01
   4.9596630e+06   1.4282227e+01
   4.9601460e+06   1.5319824e+01
   4.9601910e+06   1.6113281e+01
   4.9605570e+06   1.5808105e+01
   4.9611270e+06   1.5319824e+01
   4.9612470e+06   1.3977051e+01
   4.9613650e+06   1.3977051e+01
   4.9614420e+06   1.5136719e+01
   4.9615730e+06   1.5014648e+01
   4.9617040e+06   1.6052246e+01
   4.9619560e+06   1.4770508e+01
   4.9624400e+06   1.4465332e+01
   4.9625220e+06   1.4221191e+01
   4.9633140e+06   1.4587402e+01
   4.9634010e+06   1.5014648e+01
   4.9642950e+06   1.5136719e+01
   4.9667960e+06   1.5258789e+01
   4.9671270e+06   1.4892578e+01
   4.9759140e+06   1.9775391e+01
   4.9799630e+06   1.7211914e+01
   4.9829280e+06   1.5686035e+01
   4.9884480e+06   1.6967773e+01
   4.9897540e+06   1.4160156e+01
   4.9900150e+06   1.4404297e+01
   4.9906640e+06   1.4038086e+01
   4.9907590e+06   1.4038086e+01
   4.9960940e+06   1.6906738e+01
   4.9970080e+06   1.6723633e+01
   4.9992560e+06   1.5991211e+01
   4.9993430e+06   1.5991211e+01
   5.0003560e+06   1.6113281e+01
   5.0024120e+06   1.4587402e+01
   5.0032440e+06   1.7578125e+01
   5.0053830e+06   2.2644043e+01
   5.0054220e+06   2.0996094e+01
   5.0054520e+06   1.6723633e+01
   5.0054890e+06   1.4404297e+01
   5.0055250e+06   1.6052246e+01
   5.0057410e+06   1.4404297e+01
   5.0060870e+06   1.6174316e+01
   5.0138490e+06   1.7089844e+01
   5.0148150e+06   1.4099121e+01
   5.0171790e+06   1.4587402e+01
   5.0227020e+06   1.5197754e+01
   5.0242400e+06   1.8371582e+01
   5.0289250e+06   1.5625000e+01
   5.0310980e+06   1.4831543e+01
   5.0357450e+06   1.4465332e+01
   5.0372590e+06   1.5991211e+01
   5.0388750e+06   1.5625000e+01
   5.0419390e+06   1.6235352e+01
   5.0496030e+06   1.5197754e+01
   5.0503610e+06   1.4526367e+01
   5.0580810e+06   1.8432617e+01
   5.0606250e+06   1.3977051e+01
   5.0614310e+06   1.4526367e+01
   5.0617780e+06   1.4465332e+01
   5.0621100e+06   1.9104004e+01
   5.0625030e+06   1.4831543e+01
   5.0626780e+06   1.5197754e+01
   5.0705050e+06   1.4526367e+01
   5.0740450e+06   1.6906738e+01
   5.0770970e+06   2.6062012e+01
   5.0771310e+06   1.7272949e+01
   5.0771640e+06   1.5808105e+01
   5.0772260e+06   1.8493652e+01
   5.0772400e+06   1.5869141e+01
   5.0775420e+06   1.6296387e+01
   5.0825680e+06   1.4282227e+01
   5.0847910e+06   1.5197754e+01
   5.0855810e+06   2.2521973e+01
   5.0856250e+06   1.7333984e+01
   5.0859500e+06   1.4892578e+01
   5.0865100e+06   1.8005371e+01
   5.0889820e+06   1.6967773e+01
   5.0913770e+06   1.6906738e+01
   5.0922700e+06   1.6113281e+01
   5.0975660e+06   1.5075684e+01
   5.0995880e+06   1.5441895e+01
   5.1031180e+06   1.5991211e+01
   5.1078520e+06   1.4770508e+01
   5.1080830e+06   1.4770508e+01
   5.1090230e+06   1.4160156e+01
   5.1098880e+06   1.4404297e+01
   5.1099990e+06   1.6357422e+01
   5.1109590e+06   1.5380859e+01
   5.1111240e+06   1.4343262e+01
   5.1196830e+06   1.4831543e+01
   5.1210790e+06   1.5258789e+01
   5.1249860e+06   1.5869141e+01
   5.1271340e+06   1.4892578e+01
   5.1273440e+06   1.6784668e+01
   5.1273830e+06   2.5329590e+01
   5.1274150e+06   1.7944336e+01
   5.1274710e+06   1.7700195e+01
   5.1275180e+06   1.4038086e+01
   5.1278130e+06   1.5869141e+01
   5.1282360e+06   1.7822266e+01
   5.1285650e+06   1.4099121e+01
   5.1286620e+06   1.4709473e+01
   5.1288010e+06   1.4831543e+01
   5.1289140e+06   1.3977051e+01
   5.1293200e+06   1.4404297e+01
   5.1303470e+06   1.4648438e+01
   5.1305560e+06   1.6296387e+01
   5.1348040e+06   1.6052246e+01
   5.1370580e+06   2.9541016e+01
   5.1371260e+06   1.9287109e+01
   5.1371660e+06   1.5563965e+01
   5.1371920e+06   1.7700195e+01
   5.1378380e+06   1.4465332e+01
   5.1379570e+06   1.5258789e+01
   5.1426210e+06   1.6479492e+01
   5.1445460e+06   1.5991211e+01
   5.1447590e+06   2.2216797e+01
   5.1485660e+06   1.4282227e+01
   5.1525340e+06   1.8432617e+01
   5.1580210e+06   1.5197754e+01
   5.1591120e+06   1.8920898e+01
   5.1591780e+06   1.9409180e+01
   5.1592070e+06   1.5075684e+01
   5.1602110e+06   1.7028809e+01
   5.1606790e+06   1.5014648e+01
   5.1626430e+06   1.8432617e+01
   5.1693860e+06   1.5319824e+01
   5.1715280e+06   1.5930176e+01
   5.1753030e+06   1.5625000e+01
   5.1759540e+06   1.6601562e+01
   5.1763380e+06   1.5563965e+01
   5.1766990e+06   1.5991211e+01
   5.1813550e+06   1.7211914e+01
   5.1830260e+06   1.6296387e+01
   5.1851180e+06   2.2827148e+01
   5.1859600e+06   1.5319824e+01
   5.1862230e+06   1.6174316e+01
   5.1864360e+06   1.4831543e+01
   5.1865700e+06   1.5319824e+01
   5.1867360e+06   1.6052246e+01
   5.1869940e+06   1.4099121e+01
   5.1871960e+06   1.4038086e+01
   5.1876320e+06   1.6418457e+01
   5.1878470e+06   1.5258789e+01
   5.1918300e+06   1.3977051e+01
   5.1957350e+06   1.4648438e+01
   5.2022860e+06   1.7150879e+01
   5.2043400e+06   1.6906738e+01
   5.2053920e+06   1.4892578e+01
   5.2060790e+06   1.4953613e+01
   5.2091390e+06   1.5808105e+01
   5.2136080e+06   1.6967773e+01
   5.2138210e+06   2.1057129e+01
   5.2138580e+06   1.9836426e+01
   5.2138950e+06   1.4648438e+01
   5.2140000e+06   1.4953613e+01
   5.2152930e+06   1.7395020e+01
   5.2155590e+06   1.4709473e+01
   5.2157030e+06   1.7700195e+01
   5.2157290e+06   2.0141602e+01
   5.2159910e+06   2.8442383e+01
   5.2160270e+06   1.4709473e+01
   5.2162480e+06   1.5502930e+01
   5.2167900e+06   1.7272949e+01
   5.2168990e+06   1.4038086e+01
   5.2172850e+06   1.4160156e+01
   5.2179840e+06   1.4465332e+01
   5.2193360e+06   1.7822266e+01
   5.2193680e+06   1.3977051e+01
   5.2242410e+06   1.8554688e+01
   5.2280060e+06   1.7822266e+01
   5.2294370e+06   1.6540527e+01
   5.2299390e+06   1.4953613e+01
   5.2301040e+06   1.5258789e+01
   5.2341910e+06   1.5625000e+01
   5.2360800e+06   1.6357422e+01
   5.2365290e+06   1.3977051e+01
   5.2375030e+06   1.6479492e+01
   5.2391090e+06   1.6052246e+01
   5.2393970e+06   1.5808105e+01
   5.2395710e+06   1.3977051e+01
   5.2397350e+06   1.6296387e+01
   5.2403730e+06   1.5808105e+01
   5.2430430e+06   2.2033691e+01
   5.2430820e+06   2.2277832e+01
   5.2431190e+06   1.9348145e+01
   5.2431610e+06   1.4587402e+01
   5.2431820e+06   1.7700195e+01
   5.2432510e+06   1.4709473e+01
   5.2488210e+06   1.4892578e+01
   5.2510840e+06   1.4770508e+01
   5.2518410e+06   1.5502930e+01
   5.2540320e+06   1.6174316e+01
   5.2563480e+06   1.7150879e+01
   5.2580740e+06   2.3193359e+01
   5.2581250e+06   2.1911621e+01
   5.2581660e+06   1.7822266e+01
   5.2603340e+06   1.4404297e+01
   5.2628250e+06   1.4831543e+01
   5.2647010e+06   1.5991211e+01
   5.2648530e+06   1.5380859e+01
   5.2652550e+06   1.4221191e+01
   5.2654010e+06   1.4404297e+01
   5.2731740e+06   1.6479492e+01
   5.2754630e+06   1.4953613e+01
   5.2817710e+06   2.3742676e+01
   5.2818360e+06   2.4719238e+01
   5.2818890e+06   1.7822266e+01
   5.2819320e+06   1.4160156e+01
   5.2826970e+06   1.5136719e+01
   5.2832350e+06   1.3977051e+01
   5.2836570e+06   1.5258789e+01
   5.2839970e+06   1.4526367e+01
   5.2874670e+06   1.5991211e+01
   5.2890200e+06   1.4038086e+01
   5.2930650e+06   1.7272949e+01
   5.2945430e+06   1.4892578e+01
   5.2955720e+06   1.4221191e+01
   5.2960700e+06   1.4038086e+01
   5.2965740e+06   1.4160156e+01
   5.2969240e+06   1.3977051e+01
   5.2971710e+06   1.4282227e+01
   5.2973120e+06   1.4038086e+01
   5.2976670e+06   1.4465332e+01
   5.2978870e+06   1.4160156e+01
   5.2986500e+06   1.7578125e+01
   5.2990670e+06   1.4892578e+01
   5.3002240e+06   1.4465332e+01
   5.3017800e+06   1.5075684e+01
   5.3025230e+06   1.4160156e+01
   5.3036310e+06   1.5258789e+01
   5.3040070e+06   1.5380859e+01
   5.3045230e+06   1.4404297e+01
   5.3047140e+06   1.4038086e+01
   5.3049080e+06   1.4587402e+01
   5.3051130e+06   1.4892578e+01
   5.3084250e+06   1.4709473e+01
   5.3090930e+06   1.6357422e+01
   5.3103920e+06   1.5747070e+01
   5.3110270e+06   1.4404297e+01
   5.3117510e+06   1.5625000e+01
   5.3119130e+06   1.5747070e+01
   5.3121140e+06   1.5258789e+01
   5.3122500e+06   1.4648438e+01
   5.3124670e+06   1.4465332e+01
   5.3125430e+06   1.4404297e+01
   5.3128900e+06   1.5197754e+01
   5.3133290e+06   1.5686035e+01
   5.3146760e+06   1.6967773e+01
   5.3151190e+06   1.4404297e+01
   5.3223480e+06   1.4648437e+01
   5.3245650e+06   1.5686035e+01
   5.3258450e+06   1.6357422e+01
   5.3262710e+06   1.5502930e+01
   5.3271540e+06   1.6723633e+01
   5.3274260e+06   1.4099121e+01
   5.3278500e+06   1.4648437e+01
   5.3340140e+06   1.5258789e+01
   5.3344480e+06   1.5991211e+01
   5.3346380e+06   1.5686035e+01
   5.3348420e+06   1.4343262e+01
   5.3351130e+06   1.4221191e+01
   5.3390220e+06   2.2521973e+01
   5.3394340e+06   1.4404297e+01
   5.3475600e+06   1.5258789e+01
   5.3490740e+06   1.5747070e+01
   5.3511690e+06   1.5014648e+01
   5.3517540e+06   1.4282227e+01
   5.3525870e+06   1.6601562e+01
   5.3540340e+06   1.5625000e+01
   5.3548850e+06   1.5808105e+01
   5.3550660e+06   1.6662598e+01
   5.3625180e+06   1.7150879e+01
   5.3674620e+06   1.5563965e+01
   5.3688980e+06   1.7456055e+01
   5.3697990e+06   1.4953613e+01
   5.3727100e+06   1.5258789e+01
   5.3731090e+06   1.6479492e+01
   5.3737840e+06   1.4404297e+01
   5.3753540e+06   1.4831543e+01
   5.3769820e+06   1.4526367e+01
   5.3834520e+06   1.6906738e+01
   5.3838510e+06   1.4404297e+01
   5.3859520e+06   1.5075684e+01
   5.3885280e+06   1.6357422e+01
   5.3894890e+06   2.2949219e+01
   5.3924140e+06   1.4404297e+01
   5.3980770e+06   1.4099121e+01
   5.4008570e+06   1.8066406e+01
   5.4047350e+06   1.6601562e+01
   5.4052040e+06   1.7272949e+01
   5.4055450e+06   1.5808105e+01
   5.4056770e+06   1.4038086e+01
   5.4063230e+06   1.5625000e+01
   5.4093330e+06   1.5197754e+01
   5.4135540e+06   1.4404297e+01
   5.4143710e+06   1.4892578e+01
   5.4146790e+06   1.4892578e+01
   5.4149050e+06   1.4160156e+01
   5.4203900e+06   1.3977051e+01
   5.4224640e+06   1.4587402e+01
   5.4243950e+06   1.6540527e+01
   5.4247300e+06   1.4587402e+01
   5.4249860e+06   1.5686035e+01
   5.4256810e+06   1.4160156e+01
   5.4261020e+06   1.4892578e+01
   5.4266410e+06   1.5014648e+01
   5.4269020e+06   1.5319824e+01
   5.4286040e+06   1.5075684e+01
   5.4293480e+06   1.4831543e+01
   5.4297550e+06   1.4892578e+01
   5.4333050e+06   1.9287109e+01
   5.4343660e+06   1.4831543e+01
   5.4346310e+06   1.6784668e+01
   5.4349310e+06   1.4404297e+01
   5.4363040e+06   1.5808105e+01
   5.4371620e+06   1.6662598e+01
   5.4375700e+06   1.6052246e+01
   5.4378430e+06   1.4892578e+01
   5.4397560e+06   1.4831543e+01
   5.4431230e+06   1.6357422e+01
   5.4436620e+06   1.5197754e+01
   5.4451760e+06   1.5380859e+01
   5.4484250e+06   1.6540527e+01
   5.4504430e+06   1.3977051e+01
   5.4538780e+06   1.5869141e+01
   5.4567680e+06   1.4953613e+01
   5.4592850e+06   1.4221191e+01
   5.4594970e+06   1.3977051e+01
   5.4597880e+06   1.4526367e+01
   5.4600290e+06   1.5502930e+01
   5.4601610e+06   1.5991211e+01
   5.4603980e+06   1.5808105e+01
   5.4609860e+06   1.4221191e+01
   5.4617070e+06   1.4465332e+01
   5.4622300e+06   1.6662598e+01
   5.4626100e+06   1.4465332e+01
   5.4632180e+06   1.4099121e+01
   5.4675400e+06   1.4282227e+01
   5.4751850e+06   1.6235352e+01
   5.4770210e+06   1.4221191e+01
   5.4776860e+06   1.4526367e+01
   5.4782980e+06   2.2705078e+01
   5.4783350e+06   1.7333984e+01
   5.4783750e+06   1.5502930e+01
   5.4784130e+06   1.4099121e+01
   5.4788700e+06   1.5319824e+01
   5.4791960e+06   1.7089844e+01
   5.4796090e+06   1.4160156e+01
   5.4809280e+06   1.6479492e+01
   5.4816050e+06   1.4892578e+01
   5.4819790e+06   1.5563965e+01
   5.4822090e+06   1.4038086e+01
   5.4824080e+06   1.4404297e+01
   5.4883120e+06   1.8615723e+01
   5.4902350e+06   1.4953613e+01
   5.4922550e+06   1.5441895e+01
   5.4929680e+06   1.4038086e+01
   5.4980790e+06   1.5136719e+01
   5.4992130e+06   1.6357422e+01
   5.5053350e+06   1.6601562e+01
   5.5066100e+06   1.6052246e+01
   5.5098970e+06   1.4160156e+01
   5.5127070e+06   1.5136719e+01
   5.5135680e+06   1.3977051e+01
   5.5143250e+06   1.5197754e+01
   5.5145220e+06   1.4221191e+01
   5.5190460e+06   1.6357422e+01
   5.5196020e+06   1.6967773e+01
   5.5204440e+06   1.4099121e+01
   5.5210930e+06   1.5258789e+01
   5.5214490e+06   1.3977051e+01
   5.5221660e+06   1.7944336e+01
   5.5258220e+06   1.5380859e+01
   5.5307400e+06   1.4831543e+01
   5.5334750e+06   1.6235352e+01
   5.5363600e+06   1.6479492e+01
   5.5385070e+06   1.4404297e+01
   5.5392100e+06   2.2338867e+01
   5.5392430e+06   2.0080566e+01
   5.5393540e+06   1.3977051e+01
   5.5394220e+06   1.4953613e+01
   5.5399730e+06   1.4648438e+01
   5.5406960e+06   1.4038086e+01
   5.5412320e+06   1.4221191e+01
   5.5420120e+06   1.6174316e+01
   5.5421830e+06   1.4648437e+01
   5.5433220e+06   1.4709473e+01
   5.5434870e+06   1.4282227e+01
   5.5447400e+06   1.5319824e+01
   5.5453710e+06   1.4160156e+01
   5.5552860e+06   1.7822266e+01
   5.5580840e+06   1.6113281e+01
   5.5585030e+06   1.7028809e+01
   5.5587220e+06   1.4221191e+01
   5.5646870e+06   1.5502930e+01
   5.5683760e+06   1.5808105e+01
   5.5698890e+06   1.6723633e+01
   5.5753320e+06   1.5441895e+01
   5.5777430e+06   1.5991211e+01
   5.5835040e+06   1.5014648e+01
   5.5840330e+06   1.5197754e+01
   5.5841320e+06   1.5686035e+01
   5.5843470e+06   1.5869141e+01
   5.5850730e+06   1.5808105e+01
   5.5857310e+06   1.3977051e+01
   5.5923060e+06   1.4343262e+01
   5.5964920e+06   1.6174316e+01
   5.5968830e+06   2.0690918e+01
   5.5973840e+06   2.4291992e+01
   5.5974220e+06   2.0141602e+01
   5.5996570e+06   1.6052246e+01
   5.6014600e+06   1.8615723e+01
   5.6026130e+06   1.4221191e+01
   5.6034120e+06   1.6357422e+01
   5.6038950e+06   1.8981934e+01
   5.6086730e+06   1.8310547e+01
   5.6107920e+06   1.7395020e+01
   5.6115990e+06   1.5808105e+01
   5.6119980e+06   2.1789551e+01
   5.6120490e+06   2.0324707e+01
   5.6120970e+06   1.6174316e+01
   5.6121440e+06   1.4038086e+01
   5.6121850e+06   1.8127441e+01
   5.6122080e+06   1.6174316e+01
   5.6126900e+06   1.4831543e+01
   5.6133430e+06   1.5380859e+01
   5.6134030e+06   1.4404297e+01
   5.6136640e+06   1.4038086e+01
   5.6138410e+06   1.5014648e+01
   5.6178370e+06   1.5625000e+01
   5.6182180e+06   1.5563965e+01
   5.6186040e+06   1.4160156e+01
   5.6188800e+06   1.6113281e+01
   5.6190890e+06   1.5136719e+01
   5.6193300e+06   1.4282227e+01
   5.6195270e+06   1.5563965e+01
   5.6196990e+06   1.5075684e+01
   5.6206740e+06   1.4160156e+01
   5.6212140e+06   1.5563965e+01
   5.6215520e+06   1.4343262e+01
   5.6225210e+06   1.4770508e+01
   5.6231970e+06   1.5441895e+01
   5.6234530e+06   1.5075684e+01
   5.6235980e+06   1.4221191e+01
   5.6237170e+06   1.4282227e+01
   5.6333480e+06   1.4221191e+01
   5.6343360e+06   1.6357422e+01
   5.6359500e+06   1.4282227e+01
   5.6375290e+06   1.4343262e+01
   5.6382730e+06   1.5014648e+01
   5.6390620e+06   1.6784668e+01
   5.6422270e+06   1.4770508e+01
   5.6429200e+06   1.5869141e+01
   5.6445040e+06   1.5380859e+01
   5.6450200e+06   1.7333984e+01
   5.6473430e+06   1.4343262e+01
   5.6526810e+06   1.5808105e+01
   5.6532790e+06   1.5808105e+01
   5.6535250e+06   1.4648438e+01
   5.6537780e+06   1.5441895e+01
   5.6565400e+06   1.5502930e+01
   5.6589000e+06   1.5686035e+01
   5.6596010e+06   1.8737793e+01
   5.6603960e+06   1.5197754e+01
   5.6607410e+06   1.4404297e+01
   5.6609100e+06   1.6784668e+01
   5.6610890e+06   1.5869141e+01
   5.6621350e+06   1.4099121e+01
   5.6653180e+06   1.5075684e+01
   5.6702830e+06   1.4648437e+01
   5.6713600e+06   1.6113281e+01
   5.6715860e+06   1.8249512e+01
   5.6720410e+06   2.0263672e+01
   5.6732690e+06   1.4587402e+01
   5.6735880e+06   1.3977051e+01
   5.6739720e+06   1.5686035e+01
   5.6741510e+06   1.4709473e+01
   5.6744690e+06   1.4404297e+01
   5.6745990e+06   1.3977051e+01
   5.6747400e+06   1.5991211e+01
   5.6749800e+06   1.5197754e+01
   5.6755370e+06   1.4282227e+01
   5.6765040e+06   1.4770508e+01
   5.6769320e+06   1.4465332e+01
   5.6886760e+06   1.5197754e+01
   5.6909110e+06   1.6296387e+01
   5.6935900e+06   1.4343262e+01
   5.6966560e+06   1.4953613e+01
   5.6983840e+06   1.8005371e+01
   5.6999390e+06   1.5075684e+01
   5.7000950e+06   1.4343262e+01
   5.7004990e+06   1.4770508e+01
   5.7016050e+06   1.4221191e+01
   5.7017120e+06   1.4282227e+01
   5.7017500e+06   1.3977051e+01
   5.7017760e+06   1.6174316e+01
   5.7018540e+06   1.4831543e+01
   5.7104650e+06   1.5441895e+01
   5.7109920e+06   1.7211914e+01
   5.7113830e+06   1.6601562e+01
   5.7149360e+06   2.1789551e+01
   5.7149750e+06   2.0751953e+01
   5.7150360e+06   2.1972656e+01
   5.7150760e+06   1.5563965e+01
   5.7151310e+06   1.9531250e+01
   5.7158620e+06   1.6418457e+01
   5.7177080e+06   1.4038086e+01
   5.7181020e+06   1.5502930e+01
   5.7218470e+06   1.6418457e+01
   5.7226210e+06   1.4648438e+01
   5.7233390e+06   1.6052246e+01
   5.7245430e+06   1.5991211e+01
   5.7254980e+06   1.4038086e+01
   5.7267390e+06   1.6479492e+01
   5.7272010e+06   1.4648438e+01
   5.7273990e+06   1.4282227e+01
   5.7316770e+06   1.6601562e+01
   5.7345570e+06   1.4282227e+01
   5.7352840e+06   1.4099121e+01
   5.7364090e+06   1.4709473e+01
   5.7367020e+06   1.4160156e+01
   5.7368740e+06   1.5258789e+01
   5.7371870e+06   1.6113281e+01
   5.7374080e+06   1.4953613e+01
   5.7376240e+06   1.5319824e+01
   5.7378920e+06   1.7578125e+01
   5.7392940e+06   1.6784668e+01
   5.7398030e+06   1.6662598e+01
   5.7403880e+06   1.5686035e+01
   5.7413150e+06   1.4770508e+01
   5.7473690e+06   1.4648438e+01
   5.7512610e+06   1.5075684e+01
   5.7521120e+06   1.6235352e+01
   5.7527270e+06   1.6784668e+01
   5.7531670e+06   1.6052246e+01
   5.7548480e+06   1.4404297e+01
   5.7575090e+06   1.6723633e+01
   5.7599720e+06   1.6296387e+01
   5.7626610e+06   1.5014648e+01
   5.7651250e+06   1.4648438e+01
   5.7660660e+06   1.5502930e+01
   5.7681860e+06   1.4404297e+01
   5.7682570e+06   1.5747070e+01
   5.7682910e+06   1.4709473e+01
   5.7768910e+06   1.7028809e+01
   5.7783770e+06   1.5747070e+01
   5.7825310e+06   1.4831543e+01
   5.7835520e+06   1.5502930e+01
   5.7855640e+06   1.6357422e+01
   5.7892940e+06   1.6174316e+01
   5.7923310e+06   1.4404297e+01
   5.7927040e+06   1.5258789e+01
   5.7947970e+06   1.6174316e+01
   5.7989930e+06   1.4831543e+01
   5.8001090e+06   1.4038086e+01
   5.8008960e+06   1.7211914e+01
   5.8009310e+06   2.2583008e+01
   5.8009700e+06   1.7272949e+01
   5.8010090e+06   1.4526367e+01
   5.8010450e+06   1.9287109e+01
   5.8064310e+06   1.4038086e+01
   5.8074450e+06   1.4160156e+01
   5.8108100e+06   1.4160156e+01
   5.8122030e+06   2.4353027e+01
   5.8122510e+06   2.1728516e+01
   5.8124020e+06   1.5136719e+01
   5.8129240e+06   1.5502930e+01
   5.8147500e+06   1.6052246e+01
   5.8195160e+06   1.5686035e+01
   5.8216890e+06   2.6489258e+01
   5.8241220e+06   1.6540527e+01
   5.8251050e+06   1.4343262e+01
   5.8300090e+06   1.6479492e+01
   5.8337280e+06   1.3977051e+01
   5.8349140e+06   1.7211914e+01
   5.8349900e+06   1.7089844e+01
   5.8350540e+06   2.1179199e+01
   5.8380090e+06   1.5625000e+01
   5.8385810e+06   1.5197754e+01
   5.8403520e+06   1.4038086e+01
   5.8408030e+06   1.5197754e+01
   5.8418680e+06   1.4465332e+01
   5.8429940e+06   1.4404297e+01
   5.8465700e+06   1.5319824e+01
   5.8487730e+06   1.9592285e+01
   5.8537700e+06   1.6479492e+01
   5.8554040e+06   1.6357422e+01
   5.8569960e+06   1.4831543e+01
   5.8571430e+06   1.5441895e+01
   5.8573750e+06   1.4953613e+01
   5.8575460e+06   1.5502930e+01
   5.8577510e+06   1.4160156e+01
   5.8584270e+06   1.5075684e+01
   5.8587530e+06   1.5686035e+01
   5.8590240e+06   1.3977051e+01
   5.8593920e+06   1.5014648e+01
   5.8598130e+06   1.4038086e+01
   5.8599120e+06   1.5014648e+01
   5.8602040e+06   1.5869141e+01
   5.8604070e+06   1.5563965e+01
   5.8612020e+06   1.4404297e+01
   5.8621970e+06   1.4831543e+01
   5.8625800e+06   1.4831543e+01
   5.8731750e+06   1.4709473e+01
   5.8784280e+06   1.6967773e+01
   5.8787500e+06   2.5207520e+01
   5.8788010e+06   2.0202637e+01
   5.8788390e+06   1.5014648e+01
   5.8792660e+06   1.5563965e+01
   5.8803500e+06   1.4343262e+01
   5.8808030e+06   1.4282227e+01
   5.8847550e+06   1.6601562e+01
   5.8859520e+06   2.0446777e+01
   5.8871710e+06   1.4343262e+01
   5.8878960e+06   1.6540527e+01
   5.8886740e+06   1.8493652e+01
   5.8887710e+06   1.6235352e+01
   5.8889400e+06   1.4526367e+01
   5.8890060e+06   1.6052246e+01
   5.8891000e+06   1.5014648e+01
   5.8896720e+06   1.4770508e+01
   5.8949480e+06   1.5075684e+01
   5.8954810e+06   1.4282227e+01
   5.8955870e+06   1.7395020e+01
   5.8960760e+06   1.5136719e+01
   5.8961910e+06   1.3977051e+01
   5.8970010e+06   1.5197754e+01
   5.8971760e+06   1.4953613e+01
   5.8972810e+06   1.4343262e+01
   5.9029620e+06   1.8493652e+01
   5.9031270e+06   1.6662598e+01
   5.9034690e+06   1.5686035e+01
   5.9038440e+06   1.5625000e+01
   5.9046690e+06   1.5075684e+01
   5.9047970e+06   1.4526367e+01
   5.9054940e+06   1.5502930e+01
   5.9056290e+06   1.5258789e+01
   5.9059850e+06   1.5319824e+01
   5.9065270e+06   1.5747070e+01
   5.9074350e+06   1.5441895e+01
   5.9077950e+06   1.4892578e+01
   5.9116390e+06   1.5075684e+01
   5.9123500e+06   1.4160156e+01
   5.9173980e+06   1.5625000e+01
   5.9175090e+06   1.5747070e+01
   5.9183060e+06   1.8493652e+01
   5.9183420e+06   2.2033691e+01
   5.9183730e+06   1.6418457e+01
   5.9195730e+06   1.6723633e+01
   5.9200870e+06   2.1179199e+01
   5.9245670e+06   1.6113281e+01
   5.9272520e+06   1.7333984e+01
   5.9283150e+06   1.4038086e+01
   5.9288140e+06   1.5136719e+01
   5.9315300e+06   1.4282227e+01
   5.9321920e+06   1.5563965e+01
   5.9337530e+06   1.4648437e+01
   5.9373020e+06   1.6967773e+01
   5.9419970e+06   1.5747070e+01
   5.9425280e+06   1.5441895e+01
   5.9435330e+06   1.6723633e+01
   5.9450560e+06   1.5502930e+01
   5.9455490e+06   1.5869141e+01
   5.9462100e+06   1.6235352e+01
   5.9464440e+06   1.5502930e+01
   5.9528290e+06   1.5319824e+01
   5.9551910e+06   1.8371582e+01
   5.9596340e+06   1.7578125e+01
   5.9607710e+06   1.4526367e+01
   5.9614970e+06   1.5075684e+01
   5.9620460e+06   1.4587402e+01
   5.9628030e+06   1.4648438e+01
   5.9665470e+06   1.4099121e+01
   5.9712840e+06   1.6479492e+01
   5.9751930e+06   1.8371582e+01
   5.9760380e+06   1.5808105e+01
   5.9779500e+06   1.5441895e+01
   5.9809620e+06   1.6357422e+01
   5.9863120e+06   1.6601562e+01
   5.9874290e+06   1.8249512e+01
   5.9878900e+06   1.4221191e+01
   5.9932830e+06   1.7456055e+01
   5.9955150e+06   1.6357422e+01
   5.9967810e+06   1.5136719e+01
   5.9978340e+06   1.5502930e+01
   5.9985800e+06   1.5625000e+01
   5.9989420e+06   1.4221191e+01
