   3.0000000e+06   0.0000000e+00
   9.3000000e+01   1.8920898e+01
   6.7600000e+02   2.1850586e+01
   1.4430000e+03   2.0690918e+01
   1.7740000e+03   5.4504395e+01
   2.4040000e+03   1.9653320e+01
   3.1260000e+03   2.3742676e+01
   3.4930000e+03   2.3376465e+01
   3.8110000e+03   5.1147461e+01
   4.0780000e+03   2.1850586e+01
   4.7370000e+03   2.3681641e+01
   5.2770000e+03   5.5541992e+01
   5.8650000e+03   4.3151855e+01
   6.3370000e+03   2.4047852e+01
   6.7470000e+03   1.8188477e+01
   7.4440000e+03   3.9489746e+01
   7.4570000e+03   2.1728516e+01
   7.7780000e+03   2.2644043e+01
   8.2660000e+03   6.6345215e+01
   8.9980000e+03   4.5654297e+01
   9.4860000e+03   5.6030273e+01
   1.0168000e+04   5.3100586e+01
   1.0825000e+04   2.5634766e+01
   1.1210000e+04   2.7770996e+01
   1.1673000e+04   1.8676758e+01
   1.1966000e+04   5.4809570e+01
   1.2300000e+04   2.5207520e+01
   1.2826000e+04   5.8349609e+01
   1.3700000e+04   1.8432617e+01
   1.4293000e+04   4.9804688e+01
   1.4949000e+04   2.1301270e+01
   1.5496000e+04   2.1118164e+01
   1.5991000e+04   5.6762695e+01
   1.6742000e+04   5.0964355e+01
   1.7037000e+04   2.9113770e+01
   1.7666000e+04   5.6091309e+01
   1.8519000e+04   2.3986816e+01
   1.8804000e+04   4.0405273e+01
   1.9081000e+04   2.4047852e+01
   1.9826000e+04   5.2551270e+01
   2.0379000e+04   2.5390625e+01
   2.0389000e+04   2.0019531e+01
   2.0664000e+04   1.7700195e+01
   2.1133000e+04   5.4687500e+01
   2.1505000e+04   1.9958496e+01
   2.2126000e+04   2.4414062e+01
   2.2550000e+04   5.0598145e+01
   2.3223000e+04   2.1911621e+01
   2.3609000e+04   1.9042969e+01
   2.4273000e+04   5.8593750e+01
   2.4970000e+04   5.5725098e+01
   2.5341000e+04   2.3742676e+01
   2.5796000e+04   2.1362305e+01
   2.6593000e+04   5.4138184e+01
   2.7000000e+04   2.4108887e+01
   2.7373000e+04   2.4291992e+01
   2.8503000e+04   2.4291992e+01
   2.9080000e+04   2.5329590e+01
   2.9422000e+04   2.4780273e+01
   2.9816000e+04   5.9204102e+01
   3.0251000e+04   5.0537109e+01
   3.0552000e+04   1.7944336e+01
   3.0893000e+04   4.7729492e+01
   3.1456000e+04   2.6428223e+01
   3.1466000e+04   1.8188477e+01
   3.2153000e+04   1.7944336e+01
   3.2511000e+04   5.7312012e+01
   3.3223000e+04   5.6335449e+01
   3.3389000e+04   1.9287109e+01
   3.4042000e+04   2.0629883e+01
   3.5079000e+04   5.7006836e+01
   3.6187000e+04   5.6213379e+01
   3.6487000e+04   1.8554688e+01
   3.6901000e+04   2.1972656e+01
   3.7317000e+04   2.0935059e+01
   3.7953000e+04   5.0048828e+01
   3.8454000e+04   5.1269531e+01
   3.8717000e+04   2.0141602e+01
   3.9026000e+04   2.4291992e+01
   3.9877000e+04   1.8859863e+01
   4.0723000e+04   1.9653320e+01
   4.1492000e+04   3.1494141e+01
   4.2133000e+04   2.2888184e+01
   4.2710000e+04   1.8188477e+01
   4.2773000e+04   1.9897461e+01
   4.2825000e+04   1.7822266e+01
   4.2986000e+04   5.6091309e+01
   4.3411000e+04   2.1606445e+01
   4.3562000e+04   4.7729492e+01
   4.4147000e+04   5.7373047e+01
   4.4763000e+04   2.5695801e+01
   4.4998000e+04   2.5695801e+01
   4.5133000e+04   1.9592285e+01
   4.5823000e+04   2.2705078e+01
   4.6662000e+04   5.5847168e+01
   4.7231000e+04   5.6945801e+01
   4.7543000e+04   4.4128418e+01
   4.8072000e+04   5.6884766e+01
   4.8539000e+04   2.2033691e+01
   4.9348000e+04   2.3437500e+01
   4.9750000e+04   1.9897461e+01
   5.0208000e+04   1.9836426e+01
   5.0745000e+04   4.9194336e+01
   5.0969000e+04   2.0812988e+01
   5.1529000e+04   1.8554688e+01
   5.2318000e+04   5.7006836e+01
   5.2799000e+04   5.5175781e+01
   5.3619000e+04   4.8522949e+01
   5.4272000e+04   1.8493652e+01
   5.4805000e+04   5.9020996e+01
   5.5069000e+04   5.4809570e+01
   5.6143000e+04   5.4748535e+01
   5.6511000e+04   4.9560547e+01
   5.7055000e+04   2.4414062e+01
   5.7620000e+04   2.5085449e+01
   5.8249000e+04   2.1911621e+01
   5.8510000e+04   5.1574707e+01
   5.9446000e+04   5.6396484e+01
   5.9892000e+04   2.0507812e+01
   6.0424000e+04   3.9855957e+01
   6.0832000e+04   5.8410645e+01
   6.1518000e+04   2.0080566e+01
   6.1828000e+04   2.5939941e+01
   6.2192000e+04   4.7973633e+01
   6.3000000e+04   5.2673340e+01
   6.3582000e+04   5.3344727e+01
   6.4127000e+04   1.8981934e+01
   6.4413000e+04   5.9265137e+01
   6.4996000e+04   5.6274414e+01
   6.5424000e+04   2.4414062e+01
   6.5842000e+04   2.2827148e+01
   6.6671000e+04   1.9287109e+01
   6.7199000e+04   5.3344727e+01
   6.7853000e+04   5.7556152e+01
   6.8354000e+04   5.4565430e+01
   6.8710000e+04   2.0629883e+01
   6.9438000e+04   5.0476074e+01
   6.9904000e+04   2.2827148e+01
   7.0086000e+04   1.9775391e+01
   7.0771000e+04   2.4719238e+01
   7.1328000e+04   1.9104004e+01
   7.1933000e+04   5.0292969e+01
   7.2997000e+04   3.3752441e+01
   7.3560000e+04   1.8432617e+01
   7.3775000e+04   2.4841309e+01
   7.4396000e+04   2.6367188e+01
   7.4777000e+04   2.3498535e+01
   7.4859000e+04   2.1972656e+01
   7.5259000e+04   2.1240234e+01
   7.5725000e+04   5.5908203e+01
   7.6383000e+04   5.0170898e+01
   7.7014000e+04   5.8166504e+01
   7.7654000e+04   2.5939941e+01
   7.8435000e+04   6.0119629e+01
   7.9250000e+04   2.1362305e+01
   7.9533000e+04   2.0080566e+01
   7.9706000e+04   2.2949219e+01
   8.0203000e+04   5.6640625e+01
   8.1300000e+04   2.2888184e+01
   8.1931000e+04   3.0090332e+01
   8.2461000e+04   5.2978516e+01
   8.2854000e+04   6.0424805e+01
   8.3511000e+04   2.2521973e+01
   8.4023000e+04   6.2744141e+01
   8.4349000e+04   5.4870605e+01
   8.5137000e+04   5.6152344e+01
   8.5612000e+04   5.1696777e+01
   8.6089000e+04   5.1208496e+01
   8.6585000e+04   2.8015137e+01
   8.7069000e+04   2.3681641e+01
   8.7487000e+04   5.2001953e+01
   8.7971000e+04   5.5664062e+01
   8.8679000e+04   5.4077148e+01
   8.8827000e+04   2.3376465e+01
   8.9731000e+04   6.0302734e+01
   9.0246000e+04   5.5969238e+01
   9.0699000e+04   4.9560547e+01
   9.1253000e+04   4.8034668e+01
   9.1944000e+04   2.4536133e+01
   9.2466000e+04   2.1484375e+01
   9.2932000e+04   2.4597168e+01
   9.3530000e+04   1.8615723e+01
   9.4186000e+04   1.8554688e+01
   9.4744000e+04   5.5358887e+01
   9.5430000e+04   5.1208496e+01
   9.5868000e+04   6.2744141e+01
   9.6396000e+04   5.5969238e+01
   9.6789000e+04   5.6396484e+01
   9.7344000e+04   2.4536133e+01
   9.8016000e+04   2.2888184e+01
   9.8240000e+04   2.3132324e+01
   9.9032000e+04   5.5541992e+01
   9.9413000e+04   2.6428223e+01
   9.9974000e+04   5.3894043e+01
   1.0068300e+05   4.7668457e+01
   1.0104200e+05   2.5268555e+01
   1.0168400e+05   4.9743652e+01
   1.0215300e+05   2.0507812e+01
   1.0292100e+05   2.9235840e+01
   1.0342500e+05   5.3527832e+01
   1.0407500e+05   5.4809570e+01
   1.0453000e+05   1.7883301e+01
   1.0503600e+05   5.0415039e+01
   1.0558400e+05   2.0019531e+01
   1.0624900e+05   2.9541016e+01
   1.0699500e+05   2.1667480e+01
   1.0775700e+05   3.0883789e+01
   1.0811700e+05   2.4963379e+01
   1.0895200e+05   2.8930664e+01
   1.0942800e+05   1.9714355e+01
   1.0996800e+05   5.4870605e+01
   1.1086400e+05   5.5908203e+01
   1.1120700e+05   2.2766113e+01
   1.1174300e+05   1.9958496e+01
   1.1253000e+05   5.5664063e+01
   1.1303700e+05   2.4414062e+01
   1.1363400e+05   2.1057129e+01
   1.1421500e+05   5.3161621e+01
   1.1498500e+05   5.3344727e+01
   1.1531900e+05   2.3254395e+01
   1.1592400e+05   2.1301270e+01
   1.1607400e+05   2.7709961e+01
   1.1652900e+05   5.9997559e+01
   1.1746400e+05   5.7983398e+01
   1.1760400e+05   4.2053223e+01
   1.1825900e+05   1.9470215e+01
   1.1860200e+05   4.9865723e+01
   1.1930300e+05   2.5939941e+01
   1.1950500e+05   5.2978516e+01
   1.1973000e+05   2.0263672e+01
   1.2039600e+05   5.3833008e+01
   1.2105800e+05   2.0996094e+01
   1.2169800e+05   2.5634766e+01
   1.2247000e+05   5.3649902e+01
   1.2344400e+05   2.0446777e+01
   1.2369300e+05   1.9165039e+01
   1.2425300e+05   2.2094727e+01
   1.2462500e+05   5.8532715e+01
   1.2533000e+05   6.2927246e+01
   1.2576300e+05   2.2949219e+01
   1.2635300e+05   1.8005371e+01
   1.2674700e+05   2.2216797e+01
   1.2734800e+05   2.3498535e+01
   1.2793600e+05   2.5634766e+01
   1.2854100e+05   2.7221680e+01
   1.2909500e+05   2.2338867e+01
   1.2934600e+05   6.0852051e+01
   1.3029500e+05   1.9104004e+01
   1.3075500e+05   5.7922363e+01
   1.3136300e+05   2.2338867e+01
   1.3172200e+05   2.2827148e+01
   1.3227500e+05   2.0935059e+01
   1.3279200e+05   5.7373047e+01
   1.3353100e+05   5.4809570e+01
   1.3400000e+05   2.2277832e+01
   1.3461900e+05   5.6823730e+01
   1.3494500e+05   2.4169922e+01
   1.3535900e+05   4.6997070e+01
   1.3623700e+05   2.0141602e+01
   1.3681300e+05   2.4597168e+01
   1.3715200e+05   5.0964355e+01
   1.3769700e+05   5.7678223e+01
   1.3800800e+05   2.7099609e+01
   1.3845900e+05   2.5939941e+01
   1.3938900e+05   5.3710938e+01
   1.3987500e+05   1.8554687e+01
   1.4034700e+05   5.0720215e+01
   1.4095900e+05   4.6325684e+01
   1.4125300e+05   5.7739258e+01
   1.4177800e+05   1.9775391e+01
   1.4253000e+05   4.9621582e+01
   1.4285600e+05   5.1025391e+01
   1.4394700e+05   2.0385742e+01
   1.4414200e+05   2.7038574e+01
   1.4499500e+05   4.7546387e+01
   1.4576700e+05   5.5847168e+01
   1.4684500e+05   1.8005371e+01
   1.4725400e+05   6.0668945e+01
   1.4770600e+05   2.2094727e+01
   1.4800900e+05   2.1606445e+01
   1.4885800e+05   2.3010254e+01
   1.4945300e+05   2.5634766e+01
   1.4973900e+05   2.4536133e+01
   1.5063200e+05   5.4504395e+01
   1.5114900e+05   4.9194336e+01
   1.5163600e+05   2.1301270e+01
   1.5238700e+05   6.0363770e+01
   1.5293200e+05   6.2988281e+01
   1.5299100e+05   1.8798828e+01
   1.5334100e+05   5.6701660e+01
   1.5377000e+05   2.4108887e+01
   1.5405100e+05   2.6062012e+01
   1.5470800e+05   6.1828613e+01
   1.5526200e+05   2.2277832e+01
   1.5567100e+05   2.4658203e+01
   1.5636000e+05   5.7922363e+01
   1.5702000e+05   2.0874023e+01
   1.5761000e+05   4.1076660e+01
   1.5800300e+05   4.8767090e+01
   1.5835200e+05   1.9470215e+01
   1.5922100e+05   6.2438965e+01
   1.5983000e+05   2.0629883e+01
   1.6017600e+05   2.5634766e+01
   1.6062800e+05   5.8288574e+01
   1.6106400e+05   2.6306152e+01
   1.6202200e+05   2.2827148e+01
   1.6248000e+05   5.5847168e+01
   1.6331100e+05   1.9653320e+01
   1.6366200e+05   2.1118164e+01
   1.6407100e+05   5.5297852e+01
   1.6463700e+05   5.1513672e+01
   1.6528800e+05   2.3559570e+01
   1.6566300e+05   5.7678223e+01
   1.6612200e+05   1.8371582e+01
   1.6738200e+05   1.7883301e+01
   1.6786300e+05   5.7373047e+01
   1.6822900e+05   2.3071289e+01
   1.6890200e+05   4.9926758e+01
   1.6941700e+05   2.4291992e+01
   1.7006800e+05   5.8166504e+01
   1.7046800e+05   2.1606445e+01
   1.7132600e+05   2.0996094e+01
   1.7177700e+05   2.0019531e+01
   1.7179500e+05   1.8371582e+01
   1.7219100e+05   5.9448242e+01
   1.7266500e+05   2.3864746e+01
   1.7313500e+05   1.9470215e+01
   1.7357400e+05   2.1423340e+01
   1.7422600e+05   5.2917480e+01
   1.7479900e+05   5.2062988e+01
   1.7528900e+05   1.8615723e+01
   1.7587400e+05   4.3518066e+01
   1.7690800e+05   5.7983398e+01
   1.7779900e+05   5.2978516e+01
   1.7807000e+05   2.5878906e+01
   1.7872100e+05   5.1208496e+01
   1.7924500e+05   4.9865723e+01
   1.7992000e+05   2.2644043e+01
   1.8045200e+05   2.1057129e+01
   1.8118300e+05   6.0485840e+01
   1.8190900e+05   6.2683105e+01
   1.8247100e+05   6.0119629e+01
   1.8316700e+05   5.3405762e+01
   1.8371100e+05   2.4841309e+01
   1.8413300e+05   5.0720215e+01
   1.8479800e+05   6.3354492e+01
   1.8501100e+05   2.5146484e+01
   1.8568000e+05   2.0874023e+01
   1.8637900e+05   2.1972656e+01
   1.8679700e+05   2.6489258e+01
   1.8768300e+05   2.2583008e+01
   1.8821500e+05   4.8889160e+01
   1.8886900e+05   6.4453125e+01
   1.8921400e+05   2.2705078e+01
   1.8980300e+05   2.4963379e+01
   1.9005900e+05   1.7822266e+01
   1.9093800e+05   2.5573730e+01
   1.9170000e+05   2.4597168e+01
   1.9245300e+05   2.3254395e+01
   1.9287800e+05   4.3334961e+01
   1.9339700e+05   2.0141602e+01
   1.9368400e+05   2.1545410e+01
   1.9430600e+05   5.4260254e+01
   1.9499600e+05   1.7883301e+01
   1.9534100e+05   4.2419434e+01
   1.9579500e+05   1.8066406e+01
   1.9649200e+05   2.3559570e+01
   1.9724500e+05   6.4025879e+01
   1.9762700e+05   4.9499512e+01
   1.9821700e+05   2.2827148e+01
   1.9867400e+05   5.2429199e+01
   1.9906900e+05   1.8920898e+01
   1.9961100e+05   5.6457520e+01
   2.0045800e+05   5.9814453e+01
   2.0105600e+05   1.9287109e+01
   2.0157300e+05   2.2583008e+01
   2.0224500e+05   2.7709961e+01
   2.0283100e+05   2.7526855e+01
   2.0300000e+05   1.9653320e+01
   2.0313000e+05   1.8493652e+01
   2.0318200e+05   1.8920898e+01
   2.0370300e+05   5.4992676e+01
   2.0476700e+05   6.2316895e+01
   2.0553800e+05   2.1118164e+01
   2.0653000e+05   5.3222656e+01
   2.0717500e+05   4.9011230e+01
   2.0760700e+05   5.9387207e+01
   2.0817600e+05   2.0141602e+01
   2.0866500e+05   5.5358887e+01
   2.0941700e+05   5.9814453e+01
   2.0982600e+05   1.7944336e+01
   2.1027200e+05   5.0476074e+01
   2.1105200e+05   4.4982910e+01
   2.1147800e+05   5.4809570e+01
   2.1254300e+05   5.4260254e+01
   2.1299900e+05   2.3559570e+01
   2.1339000e+05   2.3986816e+01
   2.1427400e+05   2.3010254e+01
   2.1461000e+05   5.7312012e+01
   2.1525200e+05   2.2399902e+01
   2.1572200e+05   4.8217773e+01
   2.1662500e+05   2.3559570e+01
   2.1694100e+05   1.9348145e+01
   2.1766500e+05   2.3742676e+01
   2.1825700e+05   2.1911621e+01
   2.1861000e+05   4.7729492e+01
   2.1919200e+05   2.5268555e+01
   2.1980300e+05   2.5817871e+01
   2.2022100e+05   5.1757812e+01
   2.2111500e+05   5.6335449e+01
   2.2143500e+05   3.7963867e+01
   2.2201200e+05   5.8471680e+01
   2.2350700e+05   2.5878906e+01
   2.2430300e+05   5.2673340e+01
   2.2460600e+05   2.4475098e+01
   2.2476900e+05   2.3010254e+01
   2.2487700e+05   1.7944336e+01
   2.2494900e+05   1.8798828e+01
   2.2499400e+05   3.7963867e+01
   2.2517100e+05   2.0874023e+01
   2.2524200e+05   4.3518066e+01
   2.2534100e+05   1.9348145e+01
   2.2541100e+05   4.2663574e+01
   2.2547000e+05   4.0588379e+01
   2.2576500e+05   1.9104004e+01
   2.2588300e+05   1.9348145e+01
   2.2602800e+05   4.7302246e+01
   2.2634000e+05   1.9775391e+01
   2.2666200e+05   4.9438477e+01
   2.2693700e+05   2.4902344e+01
   2.2712000e+05   2.6977539e+01
   2.2757100e+05   2.3925781e+01
   2.2758700e+05   1.9592285e+01
   2.2782600e+05   5.2246094e+01
   2.2823600e+05   5.1574707e+01
   2.2826000e+05   1.8676758e+01
   2.2885000e+05   5.3039551e+01
   2.2923200e+05   5.6579590e+01
   2.3013200e+05   5.5664062e+01
   2.3081800e+05   2.0019531e+01
   2.3102000e+05   1.8310547e+01
   2.3114700e+05   2.2155762e+01
   2.3152700e+05   2.0690918e+01
   2.3170500e+05   2.0446777e+01
   2.3216000e+05   2.7282715e+01
   2.3283000e+05   4.4921875e+01
   2.3357300e+05   6.0363770e+01
   2.3425900e+05   2.4047852e+01
   2.3484500e+05   2.1545410e+01
   2.3560900e+05   5.8471680e+01
   2.3603600e+05   5.5786133e+01
   2.3661300e+05   2.6672363e+01
   2.3732000e+05   1.7822266e+01
   2.3754200e+05   5.5236816e+01
   2.3837500e+05   5.6945801e+01
   2.3892000e+05   2.6489258e+01
   2.3978800e+05   4.8461914e+01
   2.4051800e+05   5.0048828e+01
   2.4113000e+05   2.7587891e+01
   2.4136200e+05   2.3437500e+01
   2.4144200e+05   3.2348633e+01
   2.4148600e+05   2.0568848e+01
   2.4152900e+05   1.9287109e+01
   2.4158700e+05   1.7761230e+01
   2.4167600e+05   2.0996094e+01
   2.4246000e+05   4.1259766e+01
   2.4321500e+05   5.0170898e+01
   2.4488700e+05   2.7221680e+01
   2.4543300e+05   2.0019531e+01
   2.4630400e+05   5.6884766e+01
   2.4685500e+05   5.5358887e+01
   2.4742000e+05   2.1362305e+01
   2.4786500e+05   2.3315430e+01
   2.4849000e+05   2.3559570e+01
   2.4897900e+05   5.3771973e+01
   2.4934600e+05   2.0507812e+01
   2.5028200e+05   2.1728516e+01
   2.5060300e+05   2.0141602e+01
   2.5162700e+05   5.0292969e+01
   2.5187600e+05   5.7739258e+01
   2.5270900e+05   5.7128906e+01
   2.5313100e+05   6.0241699e+01
   2.5385200e+05   6.0058594e+01
   2.5441600e+05   5.2001953e+01
   2.5494300e+05   2.2521973e+01
   2.5534800e+05   1.8493652e+01
   2.5593600e+05   5.7495117e+01
   2.5640100e+05   5.8959961e+01
   2.5691800e+05   5.5114746e+01
   2.5718200e+05   5.5358887e+01
   2.5795500e+05   2.5451660e+01
   2.5847600e+05   5.0354004e+01
   2.5909200e+05   6.0729980e+01
   2.5977700e+05   2.1545410e+01
   2.6051900e+05   2.0507812e+01
   2.6104300e+05   2.5695801e+01
   2.6158900e+05   5.9997559e+01
   2.6210800e+05   2.2155762e+01
   2.6274800e+05   2.7526855e+01
   2.6349500e+05   2.8259277e+01
   2.6401200e+05   5.7617187e+01
   2.6465200e+05   2.3193359e+01
   2.6501500e+05   5.5786133e+01
   2.6587500e+05   2.6550293e+01
   2.6649700e+05   6.2194824e+01
   2.6704300e+05   2.6245117e+01
   2.6763100e+05   2.0019531e+01
   2.6851200e+05   5.4626465e+01
   2.6905500e+05   2.2827148e+01
   2.6986700e+05   2.5085449e+01
   2.7064700e+05   2.1545410e+01
   2.7125900e+05   5.5725098e+01
   2.7195200e+05   5.0659180e+01
   2.7253000e+05   2.4658203e+01
   2.7314500e+05   5.4077148e+01
   2.7354300e+05   2.1423340e+01
   2.7413400e+05   2.3681641e+01
   2.7470400e+05   2.3376465e+01
   2.7520300e+05   5.1940918e+01
   2.7568200e+05   5.3222656e+01
   2.7725900e+05   5.8898926e+01
   2.7752400e+05   5.5236816e+01
   2.7811700e+05   5.4748535e+01
   2.7898500e+05   5.1452637e+01
   2.7953400e+05   1.7883301e+01
   2.8020100e+05   1.8249512e+01
   2.8061200e+05   2.1240234e+01
   2.8151600e+05   1.8981934e+01
   2.8160600e+05   1.8005371e+01
   2.8220900e+05   4.1442871e+01
   2.8253000e+05   2.5573730e+01
   2.8273700e+05   2.7160645e+01
   2.8326000e+05   2.3315430e+01
   2.8332400e+05   2.0385742e+01
   2.8531400e+05   6.3110352e+01
   2.8592200e+05   5.9509277e+01
   2.8661100e+05   2.0996094e+01
   2.8706700e+05   6.0363770e+01
   2.8749500e+05   5.2124023e+01
   2.8810600e+05   5.7739258e+01
   2.8883100e+05   4.9560547e+01
   2.8936900e+05   2.3864746e+01
   2.8990800e+05   4.2480469e+01
   2.9024600e+05   5.6213379e+01
   2.9102100e+05   5.2307129e+01
   2.9134800e+05   2.4353027e+01
   2.9173800e+05   2.5756836e+01
   2.9228900e+05   5.2551270e+01
   2.9255100e+05   6.0485840e+01
   2.9290800e+05   5.7434082e+01
   2.9316300e+05   2.8686523e+01
   2.9373400e+05   5.1757812e+01
   2.9389900e+05   4.6936035e+01
   2.9475100e+05   2.3254395e+01
   2.9543500e+05   5.1025391e+01
   2.9568800e+05   6.0852051e+01
   2.9602200e+05   1.7883301e+01
   2.9670700e+05   5.8715820e+01
   2.9744100e+05   4.5166016e+01
   2.9800600e+05   1.9287109e+01
   2.9863600e+05   5.4809570e+01
   2.9945200e+05   1.9287109e+01
   2.9989000e+05   2.5878906e+01
   3.0072700e+05   6.0302734e+01
   3.0131500e+05   1.9531250e+01
   3.0185200e+05   5.9387207e+01
   3.0226800e+05   6.0363770e+01
   3.0311400e+05   2.3010254e+01
   3.0354500e+05   2.1484375e+01
   3.0430000e+05   4.9987793e+01
   3.0460200e+05   6.0729980e+01
   3.0524500e+05   2.1118164e+01
   3.0619400e+05   5.6091309e+01
   3.0653400e+05   5.6030273e+01
   3.0720700e+05   6.3232422e+01
   3.0773100e+05   4.4738770e+01
   3.0824900e+05   2.1118164e+01
   3.0874600e+05   1.7883301e+01
   3.0918100e+05   5.0292969e+01
   3.0977600e+05   5.9631348e+01
   3.1056000e+05   2.2033691e+01
   3.1140200e+05   5.7434082e+01
   3.1179200e+05   2.0874023e+01
   3.1217900e+05   1.8737793e+01
   3.1293900e+05   2.0019531e+01
   3.1347600e+05   4.8950195e+01
   3.1383900e+05   5.1757812e+01
   3.1410900e+05   5.3955078e+01
   3.1486700e+05   2.9052734e+01
   3.1570500e+05   5.7495117e+01
   3.1642600e+05   2.4658203e+01
   3.1676400e+05   2.2766113e+01
   3.1741200e+05   2.1606445e+01
   3.1804500e+05   1.8798828e+01
   3.1860200e+05   4.7973633e+01
   3.1935400e+05   5.7373047e+01
   3.1997200e+05   2.0996094e+01
   3.2076600e+05   4.8217773e+01
   3.2110800e+05   5.6518555e+01
   3.2143100e+05   5.3771973e+01
   3.2214600e+05   2.6367187e+01
   3.2294400e+05   1.8981934e+01
   3.2345700e+05   2.3376465e+01
   3.2419700e+05   2.0019531e+01
   3.2494700e+05   5.6335449e+01
   3.2541800e+05   5.3771973e+01
   3.2595200e+05   1.9226074e+01
   3.2669000e+05   2.3681641e+01
   3.2757200e+05   2.7526855e+01
   3.2787600e+05   5.3527832e+01
   3.2860000e+05   2.0874023e+01
   3.2897200e+05   2.0141602e+01
   3.3010500e+05   5.1757812e+01
   3.3055500e+05   2.8564453e+01
   3.3099600e+05   5.1086426e+01
   3.3183300e+05   5.0598145e+01
   3.3228600e+05   2.3193359e+01
   3.3266200e+05   2.3803711e+01
   3.3324900e+05   5.4443359e+01
   3.3358400e+05   5.4382324e+01
   3.3443900e+05   2.0568848e+01
   3.3471900e+05   1.8371582e+01
   3.3551900e+05   5.2368164e+01
   3.3643500e+05   5.4687500e+01
   3.3705400e+05   2.0996094e+01
   3.3743900e+05   2.3071289e+01
   3.3807000e+05   2.2766113e+01
   3.3809600e+05   1.8432617e+01
   3.3868700e+05   5.0781250e+01
   3.3938000e+05   2.1118164e+01
   3.4058300e+05   2.1057129e+01
   3.4099800e+05   5.3222656e+01
   3.4175600e+05   5.8166504e+01
   3.4238500e+05   2.2583008e+01
   3.4284800e+05   1.9470215e+01
   3.4410000e+05   6.1828613e+01
   3.4428000e+05   2.4047852e+01
   3.4433700e+05   1.8005371e+01
   3.4438000e+05   5.2551270e+01
   3.4449300e+05   2.2705078e+01
   3.4471400e+05   1.8310547e+01
   3.4513000e+05   2.1301270e+01
   3.4598400e+05   4.5410156e+01
   3.4678600e+05   2.3071289e+01
   3.4755000e+05   2.3742676e+01
   3.4796500e+05   5.7373047e+01
   3.4859900e+05   2.5695801e+01
   3.4926000e+05   5.3894043e+01
   3.4965600e+05   5.8593750e+01
   3.5010200e+05   5.6884766e+01
   3.5069900e+05   5.0537109e+01
   3.5159100e+05   2.4475098e+01
   3.5194300e+05   1.9592285e+01
   3.5263500e+05   5.2551270e+01
   3.5331300e+05   5.7678223e+01
   3.5332300e+05   1.9836426e+01
   3.5366900e+05   5.1574707e+01
   3.5417300e+05   5.4809570e+01
   3.5489300e+05   4.7729492e+01
   3.5542700e+05   2.0080566e+01
   3.5565700e+05   6.3049316e+01
   3.5636300e+05   5.1025391e+01
   3.5685900e+05   1.8798828e+01
   3.5732800e+05   1.9226074e+01
   3.5798900e+05   2.1850586e+01
   3.5852500e+05   1.9470215e+01
   3.5901100e+05   2.2460937e+01
   3.5985200e+05   6.0119629e+01
   3.6039000e+05   2.4230957e+01
   3.6112600e+05   1.9226074e+01
   3.6152100e+05   5.8532715e+01
   3.6244900e+05   1.8798828e+01
   3.6306100e+05   5.7250977e+01
   3.6359100e+05   1.8005371e+01
   3.6417400e+05   5.8471680e+01
   3.6445000e+05   2.1606445e+01
   3.6541500e+05   2.5634766e+01
   3.6583000e+05   4.4555664e+01
   3.6628700e+05   5.0720215e+01
   3.6687900e+05   5.8532715e+01
   3.6765800e+05   2.6550293e+01
   3.6801800e+05   5.2185059e+01
   3.6875200e+05   2.3681641e+01
   3.6896800e+05   2.7282715e+01
   3.6915200e+05   5.1635742e+01
   3.6962900e+05   2.5085449e+01
   3.7058700e+05   5.0781250e+01
   3.7090500e+05   2.3376465e+01
   3.7091700e+05   5.6396484e+01
   3.7093900e+05   1.9531250e+01
   3.7186300e+05   2.4108887e+01
   3.7290600e+05   5.0354004e+01
   3.7355300e+05   2.3681641e+01
   3.7463100e+05   5.8898926e+01
   3.7505500e+05   4.7302246e+01
   3.7561300e+05   2.3620605e+01
   3.7650600e+05   4.9377441e+01
   3.7719500e+05   5.4260254e+01
   3.7757900e+05   2.6611328e+01
   3.7839400e+05   4.9499512e+01
   3.7875800e+05   4.8645020e+01
   3.7978400e+05   4.7668457e+01
   3.8014200e+05   5.4138184e+01
   3.8033700e+05   2.4658203e+01
   3.8128200e+05   5.8959961e+01
   3.8188900e+05   1.8676758e+01
   3.8240500e+05   2.5024414e+01
   3.8322600e+05   5.7373047e+01
   3.8368700e+05   5.1818848e+01
   3.8411800e+05   6.6162109e+01
   3.8447800e+05   5.9692383e+01
   3.8533600e+05   1.7883301e+01
   3.8636900e+05   1.9653320e+01
   3.8719000e+05   2.6916504e+01
   3.8765100e+05   2.4353027e+01
   3.8842600e+05   4.4189453e+01
   3.8888500e+05   2.1179199e+01
   3.8960300e+05   2.1179199e+01
   3.9060500e+05   5.4504395e+01
   3.9101300e+05   5.4748535e+01
   3.9147900e+05   5.2307129e+01
   3.9222700e+05   5.2246094e+01
   3.9268000e+05   3.8940430e+01
   3.9371200e+05   2.8930664e+01
   3.9411800e+05   5.4809570e+01
   3.9521100e+05   2.2888184e+01
   3.9605400e+05   5.9143066e+01
   3.9633900e+05   6.0180664e+01
   3.9690300e+05   5.9326172e+01
   3.9741800e+05   2.3803711e+01
   3.9816900e+05   2.4414062e+01
   3.9879200e+05   5.6274414e+01
   3.9933500e+05   5.5297852e+01
   3.9962500e+05   2.5146484e+01
   4.0030200e+05   2.5939941e+01
   4.0117300e+05   2.1850586e+01
   4.0180400e+05   2.2827148e+01
   4.0235800e+05   2.3681641e+01
   4.0260200e+05   2.0507812e+01
   4.0338800e+05   2.5085449e+01
   4.0380100e+05   1.8737793e+01
   4.0438700e+05   6.2805176e+01
   4.0482000e+05   5.4382324e+01
   4.0581700e+05   5.5175781e+01
   4.0618800e+05   2.0202637e+01
   4.0695100e+05   5.9753418e+01
   4.0722200e+05   2.2583008e+01
   4.0792800e+05   5.5053711e+01
   4.0831200e+05   2.7099609e+01
   4.0891600e+05   2.3925781e+01
   4.1070000e+05   2.6428223e+01
   4.1104800e+05   2.2644043e+01
   4.1152400e+05   1.9836426e+01
   4.1217400e+05   5.2307129e+01
   4.1280600e+05   2.6184082e+01
   4.1282100e+05   1.9042969e+01
   4.1371900e+05   5.8532715e+01
   4.1414700e+05   2.4902344e+01
   4.1485300e+05   2.1972656e+01
   4.1522600e+05   4.9194336e+01
   4.1576600e+05   5.4260254e+01
   4.1607000e+05   4.7058105e+01
   4.1669800e+05   5.8349609e+01
   4.1732400e+05   2.3193359e+01
   4.1787000e+05   2.1667480e+01
   4.1824100e+05   4.9255371e+01
   4.1880000e+05   2.1606445e+01
   4.1978000e+05   4.5410156e+01
   4.2022500e+05   5.3649902e+01
   4.2091100e+05   2.5207520e+01
   4.2152900e+05   2.1057129e+01
   4.2217400e+05   5.4138184e+01
   4.2287300e+05   2.4475098e+01
   4.2368800e+05   5.9326172e+01
   4.2398800e+05   2.2216797e+01
   4.2475500e+05   4.7912598e+01
   4.2524700e+05   5.6640625e+01
   4.2573100e+05   6.0546875e+01
   4.2597300e+05   4.7912598e+01
   4.2657300e+05   1.8981934e+01
   4.2682500e+05   2.3620605e+01
   4.2730800e+05   5.2673340e+01
   4.2796200e+05   5.1025391e+01
   4.2862500e+05   4.8706055e+01
   4.2897900e+05   1.8127441e+01
   4.2941000e+05   5.0048828e+01
   4.2988700e+05   2.0690918e+01
   4.3059400e+05   5.3649902e+01
   4.3114900e+05   4.7912598e+01
   4.3116000e+05   1.8432617e+01
   4.3184500e+05   2.7099609e+01
   4.3272300e+05   1.9836426e+01
   4.3334300e+05   1.8493652e+01
   4.3353900e+05   1.8005371e+01
   4.3461000e+05   2.0446777e+01
   4.3602300e+05   5.2917480e+01
   4.3660700e+05   5.5969238e+01
   4.3726400e+05   2.2399902e+01
   4.3806600e+05   5.7006836e+01
   4.3859000e+05   2.3681641e+01
   4.3922800e+05   2.8503418e+01
   4.3979800e+05   2.1484375e+01
   4.4050800e+05   2.6733398e+01
   4.4107300e+05   5.9326172e+01
   4.4145100e+05   5.9692383e+01
   4.4209000e+05   2.0874023e+01
   4.4261800e+05   6.1340332e+01
   4.4329000e+05   5.0964355e+01
   4.4388500e+05   2.0019531e+01
   4.4449300e+05   6.2927246e+01
   4.4496200e+05   5.1818848e+01
   4.4562200e+05   1.9104004e+01
   4.4622100e+05   5.3222656e+01
   4.4706600e+05   5.9509277e+01
   4.4775100e+05   2.1850586e+01
   4.4806400e+05   4.9865723e+01
   4.4851600e+05   2.0446777e+01
   4.4919600e+05   5.2124023e+01
   4.4960700e+05   5.5236816e+01
   4.5057600e+05   4.0832520e+01
   4.5111400e+05   2.4902344e+01
   4.5155600e+05   6.1096191e+01
   4.5236300e+05   2.3132324e+01
   4.5311300e+05   5.1879883e+01
   4.5364200e+05   5.6396484e+01
   4.5405200e+05   2.4841309e+01
   4.5459900e+05   5.1208496e+01
   4.5557800e+05   2.1789551e+01
   4.5623100e+05   2.0996094e+01
   4.5667900e+05   5.1513672e+01
   4.5761900e+05   4.8461914e+01
   4.5793900e+05   2.1301270e+01
   4.5842700e+05   2.2521973e+01
   4.5889600e+05   6.1584473e+01
   4.5890700e+05   1.9165039e+01
   4.5960200e+05   6.0974121e+01
   4.6005300e+05   5.4077148e+01
   4.6076600e+05   5.1757812e+01
   4.6099600e+05   1.9409180e+01
   4.6163900e+05   2.1057129e+01
   4.6228500e+05   2.3010254e+01
   4.6292800e+05   2.3315430e+01
   4.6392100e+05   3.2104492e+01
   4.6424300e+05   1.8493652e+01
   4.6479400e+05   2.9052734e+01
   4.6539300e+05   2.5695801e+01
   4.6728900e+05   5.7373047e+01
   4.6808400e+05   6.3171387e+01
   4.6818800e+05   2.3986816e+01
   4.6829200e+05   2.0019531e+01
   4.6838700e+05   5.2429199e+01
   4.6842800e+05   3.9855957e+01
   4.6875600e+05   4.7851562e+01
   4.6890400e+05   2.8442383e+01
   4.6915800e+05   2.6916504e+01
   4.6948300e+05   5.1330566e+01
   4.6978400e+05   2.3315430e+01
   4.7013300e+05   2.0263672e+01
   4.7106000e+05   1.7944336e+01
   4.7179900e+05   1.9409180e+01
   4.7243400e+05   2.3315430e+01
   4.7331500e+05   5.0842285e+01
   4.7388400e+05   4.8339844e+01
   4.7468900e+05   2.5817871e+01
   4.7536000e+05   2.0019531e+01
   4.7586400e+05   4.7790527e+01
   4.7652500e+05   5.9082031e+01
   4.7703700e+05   2.1118164e+01
   4.7753400e+05   2.1057129e+01
   4.7836300e+05   2.3681641e+01
   4.7921700e+05   2.4291992e+01
   4.7970900e+05   5.2551270e+01
   4.8036600e+05   5.6213379e+01
   4.8073500e+05   2.2644043e+01
   4.8169000e+05   5.2978516e+01
   4.8295500e+05   5.0109863e+01
   4.8327900e+05   5.9753418e+01
   4.8386900e+05   2.4780273e+01
   4.8387900e+05   1.8066406e+01
   4.8478500e+05   2.2705078e+01
   4.8535700e+05   1.8310547e+01
   4.8572800e+05   2.2216797e+01
   4.8625900e+05   2.8076172e+01
   4.8695900e+05   5.5969238e+01
   4.8726200e+05   1.8615723e+01
   4.8836600e+05   6.2194824e+01
   4.8880500e+05   1.8249512e+01
   4.8947200e+05   1.7883301e+01
   4.9012500e+05   2.3132324e+01
   4.9079700e+05   2.2216797e+01
   4.9118000e+05   5.4809570e+01
   4.9192900e+05   5.8837891e+01
   4.9247200e+05   2.6489258e+01
   4.9316800e+05   2.4841309e+01
   4.9363700e+05   5.5114746e+01
   4.9397100e+05   2.4780273e+01
   4.9457200e+05   5.4016113e+01
   4.9514400e+05   2.1789551e+01
   4.9550400e+05   2.5817871e+01
   4.9595000e+05   2.3437500e+01
   4.9674800e+05   2.6245117e+01
   4.9714400e+05   5.7312012e+01
   4.9775800e+05   2.2705078e+01
   4.9819300e+05   2.2827148e+01
   4.9905500e+05   5.7617187e+01
   5.0091000e+05   2.1179199e+01
   5.0169600e+05   6.1096191e+01
   5.0236000e+05   5.9448242e+01
   5.0296700e+05   2.0568848e+01
   5.0298600e+05   1.8554687e+01
   5.0321300e+05   2.3132324e+01
   5.0403900e+05   2.0629883e+01
   5.0404900e+05   1.9470215e+01
   5.0476600e+05   5.5236816e+01
   5.0539500e+05   1.9165039e+01
   5.0608000e+05   5.6762695e+01
   5.0639700e+05   2.5268555e+01
   5.0684000e+05   5.8471680e+01
   5.0761700e+05   4.9194336e+01
   5.0839500e+05   5.2612305e+01
   5.0882100e+05   2.1850586e+01
   5.0939000e+05   2.3498535e+01
   5.0983100e+05   1.8615723e+01
   5.1063500e+05   5.0292969e+01
   5.1099900e+05   2.2033691e+01
   5.1186400e+05   5.0903320e+01
   5.1236200e+05   2.0385742e+01
   5.1273500e+05   2.3376465e+01
   5.1316300e+05   5.6274414e+01
   5.1402000e+05   2.1850586e+01
   5.1474000e+05   1.7944336e+01
   5.1514600e+05   5.0292969e+01
   5.1597900e+05   5.4504395e+01
   5.1631500e+05   5.4260254e+01
   5.1687200e+05   1.8676758e+01
   5.1745500e+05   3.6804199e+01
   5.1800400e+05   4.9377441e+01
   5.1841000e+05   4.9194336e+01
   5.1909700e+05   2.0324707e+01
   5.1986300e+05   2.1911621e+01
   5.2038700e+05   4.8583984e+01
   5.2132400e+05   5.7556152e+01
   5.2169400e+05   2.3376465e+01
   5.2242100e+05   1.9287109e+01
   5.2277500e+05   5.4260254e+01
   5.2364000e+05   1.9470215e+01
   5.2446900e+05   2.0080566e+01
   5.2479600e+05   5.3222656e+01
   5.2566100e+05   2.3071289e+01
   5.2590000e+05   2.5634766e+01
   5.2684800e+05   2.1301270e+01
   5.2797400e+05   2.1118164e+01
   5.2801600e+05   5.9143066e+01
   5.2829500e+05   1.8676758e+01
   5.2981400e+05   5.0476074e+01
   5.3051600e+05   4.3579102e+01
   5.3125700e+05   2.6245117e+01
   5.3159300e+05   2.0690918e+01
   5.3224800e+05   1.9714355e+01
   5.3241300e+05   5.7556152e+01
   5.3315400e+05   5.1452637e+01
   5.3359900e+05   2.2766113e+01
   5.3465300e+05   5.0720215e+01
   5.3505700e+05   5.9936523e+01
   5.3569200e+05   2.3925781e+01
   5.3642000e+05   5.6640625e+01
   5.3700800e+05   2.1789551e+01
   5.3739400e+05   1.9470215e+01
   5.3792000e+05   2.4902344e+01
   5.3852400e+05   2.4108887e+01
   5.3902200e+05   4.4189453e+01
   5.4013800e+05   2.1606445e+01
   5.4062300e+05   2.4414062e+01
   5.4133400e+05   4.9377441e+01
   5.4170300e+05   5.7189941e+01
   5.4215800e+05   5.6518555e+01
   5.4271900e+05   2.3925781e+01
   5.4340900e+05   6.0424805e+01
   5.4400200e+05   2.4353027e+01
   5.4466600e+05   4.2663574e+01
   5.4528900e+05   5.5664062e+01
   5.4578900e+05   5.6884766e+01
   5.4655700e+05   1.7883301e+01
   5.4697600e+05   5.6640625e+01
   5.4763000e+05   6.0363770e+01
   5.4831900e+05   1.9653320e+01
   5.4885900e+05   6.2866211e+01
   5.4916500e+05   5.4138184e+01
   5.4987000e+05   5.5603027e+01
   5.5014800e+05   2.2766113e+01
   5.5033500e+05   2.4414062e+01
   5.5107900e+05   2.0629883e+01
   5.5162200e+05   2.3315430e+01
   5.5221500e+05   2.2583008e+01
   5.5241800e+05   1.8981934e+01
   5.5286000e+05   5.0292969e+01
   5.5364600e+05   5.8105469e+01
   5.5415300e+05   5.4565430e+01
   5.5515800e+05   1.8127441e+01
   5.5604600e+05   5.7250977e+01
   5.5652600e+05   5.7373047e+01
   5.5690600e+05   1.9409180e+01
   5.5741600e+05   5.8349609e+01
   5.5817800e+05   5.9020996e+01
   5.5880200e+05   2.5390625e+01
   5.5943300e+05   5.8532715e+01
   5.6051300e+05   5.9631348e+01
   5.6087500e+05   5.4809570e+01
   5.6146800e+05   2.1362305e+01
   5.6183200e+05   2.0202637e+01
   5.6235600e+05   2.1179199e+01
   5.6300800e+05   2.3315430e+01
   5.6353000e+05   2.7160645e+01
   5.6415900e+05   5.4565430e+01
   5.6474200e+05   6.1157227e+01
   5.6517900e+05   6.0791016e+01
   5.6601300e+05   4.8889160e+01
   5.6628500e+05   2.2705078e+01
   5.6704400e+05   2.4841309e+01
   5.6752100e+05   5.9387207e+01
   5.6795300e+05   5.3894043e+01
   5.6836800e+05   5.3833008e+01
   5.6894700e+05   2.0996094e+01
   5.6938400e+05   4.4494629e+01
   5.7014400e+05   6.5368652e+01
   5.7015700e+05   1.9104004e+01
   5.7076300e+05   2.3193359e+01
   5.7143200e+05   5.0170898e+01
   5.7229000e+05   2.0690918e+01
   5.7292900e+05   5.7373047e+01
   5.7354100e+05   4.7851562e+01
   5.7394400e+05   6.2316895e+01
   5.7567200e+05   2.8320312e+01
   5.7638300e+05   1.9653320e+01
   5.7726800e+05   5.7434082e+01
   5.7772400e+05   2.2460938e+01
   5.7776000e+05   1.9104004e+01
   5.7777600e+05   2.3559570e+01
   5.7784300e+05   1.7822266e+01
   5.7859900e+05   5.9692383e+01
   5.7964700e+05   5.2795410e+01
   5.8056000e+05   5.2429199e+01
   5.8128200e+05   2.2277832e+01
   5.8204200e+05   4.3701172e+01
   5.8260200e+05   5.2368164e+01
   5.8319800e+05   5.9143066e+01
   5.8360200e+05   2.3376465e+01
   5.8416600e+05   4.8217773e+01
   5.8477500e+05   5.0231934e+01
   5.8542300e+05   6.3598633e+01
   5.8583500e+05   2.7038574e+01
   5.8631400e+05   5.9204102e+01
   5.8702300e+05   2.6428223e+01
   5.8797600e+05   2.4230957e+01
   5.8829900e+05   2.0996094e+01
   5.8906300e+05   5.6701660e+01
   5.8969100e+05   2.1057129e+01
   5.9025600e+05   2.1118164e+01
   5.9053600e+05   5.2978516e+01
   5.9114400e+05   6.1157227e+01
   5.9172300e+05   5.6823730e+01
   5.9274800e+05   5.5419922e+01
   5.9321200e+05   2.1179199e+01
   5.9394900e+05   2.2949219e+01
   5.9416600e+05   1.8920898e+01
   5.9477800e+05   2.0324707e+01
   5.9556400e+05   5.9692383e+01
   5.9589900e+05   2.2338867e+01
   5.9665400e+05   1.7761230e+01
   5.9705400e+05   4.8217773e+01
   5.9784300e+05   1.8981934e+01
   5.9841500e+05   5.2307129e+01
   5.9900900e+05   5.6884766e+01
   5.9924200e+05   4.3029785e+01
   6.0043700e+05   5.6152344e+01
   6.0094300e+05   5.6396484e+01
   6.0128200e+05   2.3742676e+01
   6.0244500e+05   2.1789551e+01
   6.0289800e+05   5.9753418e+01
   6.0356900e+05   6.2316895e+01
   6.0385200e+05   4.8217773e+01
   6.0475800e+05   2.0935059e+01
   6.0528800e+05   2.6000977e+01
   6.0590900e+05   1.7883301e+01
   6.0594300e+05   2.0507812e+01
   6.0701500e+05   2.3376465e+01
   6.0766100e+05   5.6945801e+01
   6.0811600e+05   5.3100586e+01
   6.0813000e+05   1.8920898e+01
   6.0860100e+05   5.3833008e+01
   6.0912600e+05   2.0996094e+01
   6.0976600e+05   2.2094727e+01
   6.1032500e+05   1.8493652e+01
   6.1080800e+05   2.3864746e+01
   6.1150400e+05   2.3315430e+01
   6.1209800e+05   2.2705078e+01
   6.1295100e+05   1.8676758e+01
   6.1368800e+05   2.4291992e+01
   6.1408300e+05   5.5175781e+01
   6.1515700e+05   5.9448242e+01
   6.1550100e+05   2.3864746e+01
   6.1621700e+05   3.0090332e+01
   6.1664300e+05   4.8217773e+01
   6.1750600e+05   2.7465820e+01
   6.1792000e+05   2.2521973e+01
   6.1839100e+05   2.0996094e+01
   6.1915600e+05   1.8554688e+01
   6.1959100e+05   4.9560547e+01
   6.2024800e+05   2.2583008e+01
   6.2063600e+05   5.5664062e+01
   6.2150700e+05   5.9570312e+01
   6.2205600e+05   2.5451660e+01
   6.2255200e+05   2.4414062e+01
   6.2298200e+05   2.1118164e+01
   6.2366000e+05   1.7822266e+01
   6.2421400e+05   5.7189941e+01
   6.2516100e+05   5.1818848e+01
   6.2660700e+05   2.7893066e+01
   6.2746900e+05   5.7739258e+01
   6.2862900e+05   1.9287109e+01
   6.2920600e+05   2.0507812e+01
   6.2963600e+05   6.2377930e+01
   6.3026400e+05   2.6916504e+01
   6.3065400e+05   2.4108887e+01
   6.3125600e+05   5.3405762e+01
   6.3177400e+05   5.1940918e+01
   6.3220600e+05   2.4414062e+01
   6.3327200e+05   6.1279297e+01
   6.3395400e+05   2.5451660e+01
   6.3445100e+05   2.4780273e+01
   6.3493800e+05   2.9968262e+01
   6.3553600e+05   5.7373047e+01
   6.3638700e+05   5.5419922e+01
   6.3685700e+05   5.7312012e+01
   6.3711700e+05   1.8554688e+01
   6.3788500e+05   2.2399902e+01
   6.3844800e+05   5.5419922e+01
   6.3925800e+05   2.6855469e+01
   6.3988900e+05   2.2277832e+01
   6.4014600e+05   6.2194824e+01
   6.4075800e+05   5.3466797e+01
   6.4139300e+05   5.3527832e+01
   6.4216200e+05   6.0913086e+01
   6.4301000e+05   2.1850586e+01
   6.4353800e+05   1.8432617e+01
   6.4418300e+05   6.5856934e+01
   6.4460300e+05   5.9204102e+01
   6.4643800e+05   2.5329590e+01
   6.4752000e+05   2.6672363e+01
   6.4815100e+05   6.0302734e+01
   6.4866800e+05   1.8737793e+01
   6.4917400e+05   5.8288574e+01
   6.4986400e+05   4.9743652e+01
   6.5022600e+05   5.2001953e+01
   6.5105100e+05   2.4230957e+01
   6.5165200e+05   2.7099609e+01
   6.5263700e+05   2.1606445e+01
   6.5324300e+05   1.9653320e+01
   6.5388200e+05   2.9113770e+01
   6.5475800e+05   5.8288574e+01
   6.5511500e+05   2.2888184e+01
   6.5547000e+05   5.0781250e+01
   6.5643200e+05   5.9509277e+01
   6.5669700e+05   5.6945801e+01
   6.5719100e+05   5.5297852e+01
   6.5794400e+05   4.6630859e+01
   6.5834100e+05   2.0446777e+01
   6.5946600e+05   2.2521973e+01
   6.5985000e+05   5.4626465e+01
   6.6036200e+05   5.3894043e+01
   6.6132300e+05   1.8615723e+01
   6.6188700e+05   5.6152344e+01
   6.6237000e+05   4.8095703e+01
   6.6291400e+05   2.3132324e+01
   6.6351000e+05   2.0568848e+01
   6.6421000e+05   5.2734375e+01
   6.6475200e+05   5.0476074e+01
   6.6536700e+05   4.9194336e+01
   6.6596900e+05   4.5593262e+01
   6.6650600e+05   1.9348145e+01
   6.6721000e+05   5.8532715e+01
   6.6814100e+05   5.9570312e+01
   6.6860400e+05   5.4382324e+01
   6.6916300e+05   2.3620605e+01
   6.6982200e+05   2.0568848e+01
   6.7029000e+05   2.7221680e+01
   6.7093800e+05   5.7861328e+01
   6.7148400e+05   5.3161621e+01
   6.7216900e+05   6.1157227e+01
   6.7241200e+05   1.8798828e+01
   6.7297000e+05   2.1240234e+01
   6.7348600e+05   2.4536133e+01
   6.7409400e+05   5.7556152e+01
   6.7440400e+05   2.5390625e+01
   6.7531500e+05   2.0446777e+01
   6.7576300e+05   4.5715332e+01
   6.7629300e+05   2.2399902e+01
   6.7680300e+05   5.5175781e+01
   6.7747200e+05   2.2033691e+01
   6.7803100e+05   2.5207520e+01
   6.7918400e+05   2.2460937e+01
   6.8011900e+05   2.1606445e+01
   6.8050600e+05   6.1340332e+01
   6.8096500e+05   2.2521973e+01
   6.8128800e+05   5.9875488e+01
   6.8189700e+05   2.7954102e+01
   6.8219200e+05   6.1096191e+01
   6.8419000e+05   2.4414062e+01
   6.8423400e+05   1.9775391e+01
   6.8443700e+05   2.0812988e+01
   6.8454700e+05   2.0812988e+01
   6.8475500e+05   1.9958496e+01
   6.8650000e+05   2.6794434e+01
   6.8719400e+05   5.0476074e+01
   6.8791200e+05   6.2561035e+01
   6.8821000e+05   4.7790527e+01
   6.8889400e+05   2.8137207e+01
   6.8965600e+05   6.0363770e+01
   6.9007900e+05   5.5603027e+01
   6.9068300e+05   5.6579590e+01
   6.9137700e+05   5.2368164e+01
   6.9188100e+05   6.2072754e+01
   6.9237700e+05   2.8869629e+01
   6.9278500e+05   5.1269531e+01
   6.9327000e+05   5.2185059e+01
   6.9413500e+05   5.8288574e+01
   6.9475200e+05   1.7761230e+01
   6.9524800e+05   4.4738770e+01
   6.9588500e+05   5.4748535e+01
   6.9639900e+05   6.2255859e+01
   6.9716700e+05   2.3071289e+01
   6.9752700e+05   4.9438477e+01
   6.9797800e+05   4.9072266e+01
   6.9858200e+05   5.7983398e+01
   6.9897900e+05   5.4016113e+01
   6.9949400e+05   2.2277832e+01
   7.0022300e+05   5.6762695e+01
   7.0071200e+05   4.1625977e+01
   7.0081200e+05   5.2917480e+01
   7.0091700e+05   1.8859863e+01
   7.0151700e+05   4.3762207e+01
   7.0170800e+05   5.8898926e+01
   7.0178800e+05   2.1057129e+01
   7.0218200e+05   5.7922363e+01
   7.0291000e+05   5.6579590e+01
   7.0350100e+05   5.6457520e+01
   7.0417900e+05   2.3803711e+01
   7.0480100e+05   2.7404785e+01
   7.0590300e+05   6.0424805e+01
   7.0685800e+05   1.9653320e+01
   7.0758600e+05   5.8898926e+01
   7.0811400e+05   2.3742676e+01
   7.0868300e+05   5.5236816e+01
   7.0947600e+05   1.8249512e+01
   7.1011900e+05   2.6428223e+01
   7.1077400e+05   4.9072266e+01
   7.1135900e+05   2.2033691e+01
   7.1202200e+05   2.2583008e+01
   7.1276500e+05   5.6396484e+01
   7.1314200e+05   2.5207520e+01
   7.1375700e+05   5.9387207e+01
   7.1430800e+05   2.1972656e+01
   7.1515500e+05   4.7302246e+01
   7.1568300e+05   2.4475098e+01
   7.1619200e+05   6.1950684e+01
   7.1685100e+05   4.9377441e+01
   7.1686500e+05   1.8127441e+01
   7.1740100e+05   5.2978516e+01
   7.1780000e+05   2.0935059e+01
   7.1825800e+05   2.3071289e+01
   7.1907900e+05   2.3376465e+01
   7.1958500e+05   5.4321289e+01
   7.2006600e+05   2.1179199e+01
   7.2072800e+05   2.1850586e+01
   7.2124000e+05   2.6977539e+01
   7.2176500e+05   1.8005371e+01
   7.2209300e+05   2.2949219e+01
   7.2314200e+05   5.4687500e+01
   7.2367000e+05   5.6884766e+01
   7.2441200e+05   5.5297852e+01
   7.2479500e+05   1.8127441e+01
   7.2542200e+05   6.0058594e+01
   7.2587700e+05   2.1362305e+01
   7.2652100e+05   2.3742676e+01
   7.2707200e+05   2.2033691e+01
   7.2764500e+05   1.9775391e+01
   7.2799000e+05   5.4992676e+01
   7.2856900e+05   5.1391602e+01
   7.2921700e+05   2.3376465e+01
   7.2955900e+05   5.2429199e+01
   7.3132600e+05   2.0996094e+01
   7.3250100e+05   2.0446777e+01
   7.3303900e+05   2.4414062e+01
   7.3397300e+05   6.0546875e+01
   7.3482400e+05   2.2399902e+01
   7.3551800e+05   2.1728516e+01
   7.3612000e+05   6.1767578e+01
   7.3655600e+05   4.6813965e+01
   7.3712000e+05   6.1218262e+01
   7.3782400e+05   4.0832520e+01
   7.3841800e+05   2.3925781e+01
   7.3890100e+05   4.1320801e+01
   7.3929600e+05   2.5878906e+01
   7.3982600e+05   5.2307129e+01
   7.4050100e+05   2.3010254e+01
   7.4111300e+05   5.1269531e+01
   7.4160900e+05   5.5053711e+01
   7.4211000e+05   2.5146484e+01
   7.4251300e+05   5.2124023e+01
   7.4327900e+05   4.8339844e+01
   7.4371300e+05   5.4504395e+01
   7.4430700e+05   5.6701660e+01
   7.4502100e+05   4.8095703e+01
   7.4549400e+05   5.5419922e+01
   7.4642200e+05   1.9592285e+01
   7.4678000e+05   1.9531250e+01
   7.4694900e+05   2.7404785e+01
   7.4760800e+05   2.1972656e+01
   7.4801300e+05   2.6611328e+01
   7.4885100e+05   2.1667480e+01
   7.4938100e+05   4.7607422e+01
   7.4976800e+05   2.3010254e+01
   7.5028000e+05   6.0729980e+01
   7.5069300e+05   1.8920898e+01
   7.5176200e+05   5.3710938e+01
   7.5216400e+05   5.6335449e+01
   7.5283300e+05   4.9865723e+01
   7.5338400e+05   5.3771973e+01
   7.5399300e+05   6.1096191e+01
   7.5435700e+05   2.4658203e+01
   7.5501800e+05   5.1818848e+01
   7.5653800e+05   1.9470215e+01
   7.5838400e+05   4.2297363e+01
   7.5895800e+05   5.8105469e+01
   7.5954200e+05   2.1667480e+01
   7.6002000e+05   5.4687500e+01
   7.6062000e+05   6.3232422e+01
   7.6107400e+05   2.2949219e+01
   7.6151100e+05   2.0812988e+01
   7.6210300e+05   2.4169922e+01
   7.6279200e+05   4.9560547e+01
   7.6323500e+05   2.1789551e+01
   7.6453900e+05   2.5695801e+01
   7.6477600e+05   2.2949219e+01
   7.6542600e+05   5.8837891e+01
   7.6590000e+05   2.4780273e+01
   7.6649900e+05   5.1269531e+01
   7.6733500e+05   2.4902344e+01
   7.6786500e+05   5.9509277e+01
   7.6813100e+05   2.6733398e+01
   7.6904200e+05   5.9631348e+01
   7.6975100e+05   5.8166504e+01
   7.7014200e+05   4.3701172e+01
   7.7079800e+05   6.3598633e+01
   7.7143600e+05   2.0324707e+01
   7.7171900e+05   5.1635742e+01
   7.7231700e+05   2.2827148e+01
   7.7322500e+05   5.8471680e+01
   7.7484200e+05   5.9570312e+01
   7.7564900e+05   3.1005859e+01
   7.7618300e+05   5.1025391e+01
   7.7670600e+05   1.8859863e+01
   7.7731100e+05   2.4414062e+01
   7.7771600e+05   5.9753418e+01
   7.7836100e+05   6.2194824e+01
   7.7878400e+05   5.4077148e+01
   7.7914300e+05   2.0141602e+01
   7.7975300e+05   4.7790527e+01
   7.8083300e+05   2.1118164e+01
   7.8134100e+05   2.2216797e+01
   7.8196200e+05   2.2827148e+01
   7.8243300e+05   5.1391602e+01
   7.8299800e+05   6.0363770e+01
   7.8394900e+05   4.9499512e+01
   7.8430700e+05   5.4748535e+01
   7.8475600e+05   5.4443359e+01
   7.8544300e+05   5.6579590e+01
   7.8601300e+05   2.1423340e+01
   7.8672900e+05   4.9804688e+01
   7.8746300e+05   2.7160645e+01
   7.8790700e+05   2.3437500e+01
   7.8822200e+05   5.0109863e+01
   7.8875900e+05   2.6000977e+01
   7.8924400e+05   5.3894043e+01
   7.8983100e+05   5.6335449e+01
   7.9038500e+05   5.7128906e+01
   7.9111700e+05   2.5268555e+01
   7.9172000e+05   5.5358887e+01
   7.9201700e+05   2.4291992e+01
   7.9264900e+05   5.3405762e+01
   7.9360500e+05   6.0607910e+01
   7.9404000e+05   2.2583008e+01
   7.9437500e+05   5.2734375e+01
   7.9439300e+05   1.7700195e+01
   7.9486800e+05   2.3376465e+01
   7.9563800e+05   2.0019531e+01
   7.9589500e+05   2.5817871e+01
   7.9653000e+05   5.5969238e+01
   7.9698700e+05   4.6813965e+01
   7.9742300e+05   5.2307129e+01
   7.9840600e+05   5.8959961e+01
   7.9892200e+05   2.3498535e+01
   7.9951400e+05   5.4260254e+01
   8.0120900e+05   5.3344727e+01
   8.0214600e+05   4.7912598e+01
   8.0291600e+05   2.8259277e+01
   8.0344200e+05   2.8259277e+01
   8.0404300e+05   3.1738281e+01
   8.0449500e+05   2.7770996e+01
   8.0538300e+05   6.0546875e+01
   8.0594900e+05   5.7189941e+01
   8.0656400e+05   2.0935059e+01
   8.0708700e+05   2.2399902e+01
   8.0769300e+05   1.9287109e+01
   8.0825700e+05   2.7221680e+01
   8.0882500e+05   5.4016113e+01
   8.0934300e+05   6.0424805e+01
   8.0980100e+05   1.8859863e+01
   8.1025400e+05   2.1301270e+01
   8.1056900e+05   5.6213379e+01
   8.1112700e+05   1.9409180e+01
   8.1121500e+05   2.0874023e+01
   8.1128500e+05   2.2216797e+01
   8.1400500e+05   1.8188477e+01
   8.1470200e+05   5.7861328e+01
   8.1519100e+05   5.2185059e+01
   8.1560200e+05   1.9531250e+01
   8.1621400e+05   2.4475098e+01
   8.1675300e+05   2.3315430e+01
   8.1756400e+05   1.9470215e+01
   8.1798900e+05   2.2949219e+01
   8.1825700e+05   2.2277832e+01
   8.1904400e+05   5.0048828e+01
   8.1954700e+05   2.3315430e+01
   8.2022000e+05   6.0058594e+01
   8.2071100e+05   5.5541992e+01
   8.2115100e+05   5.6213379e+01
   8.2178400e+05   4.5898438e+01
   8.2222800e+05   2.1972656e+01
   8.2269200e+05   1.8188477e+01
   8.2333200e+05   5.5847168e+01
   8.2361300e+05   2.0507812e+01
   8.2439000e+05   2.6855469e+01
   8.2494200e+05   2.0690918e+01
   8.2564100e+05   2.5817871e+01
   8.2610700e+05   2.0446777e+01
   8.2681600e+05   2.4841309e+01
   8.2728200e+05   4.8828125e+01
   8.2790600e+05   1.8066406e+01
   8.2851900e+05   6.2438965e+01
   8.2947200e+05   2.1301270e+01
   8.2993700e+05   5.2246094e+01
   8.3025000e+05   2.5451660e+01
   8.3088200e+05   4.9072266e+01
   8.3129000e+05   5.0231934e+01
   8.3182900e+05   5.4870605e+01
   8.3213700e+05   2.2033691e+01
   8.3282800e+05   2.5207520e+01
   8.3327100e+05   5.3649902e+01
   8.3390600e+05   5.5969238e+01
   8.3463200e+05   2.2827148e+01
   8.3507100e+05   5.3283691e+01
   8.3537000e+05   2.3498535e+01
   8.3610000e+05   5.7983398e+01
   8.3705400e+05   1.8493652e+01
   8.3794500e+05   2.1850586e+01
   8.3851500e+05   6.2072754e+01
   8.3904000e+05   5.8227539e+01
   8.3905000e+05   1.8920898e+01
   8.3980200e+05   5.4809570e+01
   8.4022800e+05   1.8676758e+01
   8.4084000e+05   2.1179199e+01
   8.4117800e+05   2.2644043e+01
   8.4198500e+05   1.8920898e+01
   8.4246900e+05   1.9714355e+01
   8.4294900e+05   5.6640625e+01
   8.4357200e+05   5.5603027e+01
   8.4402200e+05   2.2277832e+01
   8.4457200e+05   6.1462402e+01
   8.4516400e+05   6.1645508e+01
   8.4563400e+05   4.8706055e+01
   8.4596900e+05   5.5786133e+01
   8.4673100e+05   2.5146484e+01
   8.4711700e+05   1.9042969e+01
   8.4783800e+05   2.4414062e+01
   8.4818300e+05   5.8044434e+01
   8.4889200e+05   5.7434082e+01
   8.4964000e+05   1.9409180e+01
   8.5019300e+05   5.0903320e+01
   8.5046300e+05   5.6518555e+01
   8.5121800e+05   2.4230957e+01
   8.5289900e+05   2.7709961e+01
   8.5467000e+05   1.9165039e+01
   8.5546200e+05   2.0080566e+01
   8.5608400e+05   2.3193359e+01
   8.5655100e+05   2.1911621e+01
   8.5703000e+05   2.0690918e+01
   8.5759000e+05   2.4291992e+01
   8.5811000e+05   5.5114746e+01
   8.5859300e+05   5.9082031e+01
   8.5911100e+05   2.2521973e+01
   8.6010100e+05   5.7495117e+01
   8.6061900e+05   1.8798828e+01
   8.6108900e+05   2.4780273e+01
   8.6201300e+05   5.1513672e+01
   8.6231800e+05   2.0751953e+01
   8.6287900e+05   5.9387207e+01
   8.6348400e+05   2.2521973e+01
   8.6376800e+05   4.7119141e+01
   8.6397300e+05   2.2705078e+01
   8.6479600e+05   1.8188477e+01
   8.6557200e+05   5.9143066e+01
   8.6660000e+05   4.2663574e+01
   8.6688400e+05   2.3071289e+01
   8.6767900e+05   5.7006836e+01
   8.6814200e+05   3.0761719e+01
   8.6897400e+05   5.7128906e+01
   8.6980100e+05   4.7912598e+01
   8.7021000e+05   2.3681641e+01
   8.7075400e+05   5.6396484e+01
   8.7200500e+05   2.1301270e+01
   8.7229900e+05   2.0996094e+01
   8.7292900e+05   4.9072266e+01
   8.7338800e+05   5.1879883e+01
   8.7414100e+05   1.8859863e+01
   8.7653900e+05   2.9174805e+01
   8.7758500e+05   6.2500000e+01
   8.7817500e+05   2.1057129e+01
   8.7883800e+05   5.8959961e+01
   8.7919900e+05   5.4809570e+01
   8.7991400e+05   1.8188477e+01
   8.8039400e+05   2.6672363e+01
   8.8093500e+05   6.1462402e+01
   8.8163800e+05   2.3315430e+01
   8.8225500e+05   2.6123047e+01
   8.8261100e+05   2.5146484e+01
   8.8310200e+05   1.7761230e+01
   8.8343000e+05   5.7861328e+01
   8.8372200e+05   5.3100586e+01
   8.8430600e+05   2.2766113e+01
   8.8497000e+05   6.0791016e+01
   8.8535800e+05   1.8127441e+01
   8.8575000e+05   1.8066406e+01
   8.8665600e+05   5.8654785e+01
   8.8776400e+05   6.1706543e+01
   8.8850700e+05   5.2429199e+01
   8.8911600e+05   6.4697266e+01
   8.8969500e+05   5.9692383e+01
   8.9016400e+05   2.5146484e+01
   8.9099000e+05   4.4860840e+01
   8.9136100e+05   1.7822266e+01
   8.9197400e+05   5.4443359e+01
   8.9280600e+05   5.9570312e+01
   8.9325700e+05   4.7790527e+01
   8.9394200e+05   4.9743652e+01
   8.9429700e+05   1.7944336e+01
   8.9490600e+05   5.2795410e+01
   8.9541000e+05   2.1789551e+01
   8.9631000e+05   1.8249512e+01
   8.9672600e+05   2.5634766e+01
   8.9720200e+05   5.2307129e+01
   8.9755900e+05   5.6091309e+01
   8.9836200e+05   2.6367187e+01
   8.9923100e+05   6.3659668e+01
   8.9960700e+05   1.9531250e+01
   9.0014100e+05   4.8156738e+01
   9.0105500e+05   2.3376465e+01
   9.0144600e+05   2.0080566e+01
   9.0170700e+05   2.2094727e+01
   9.0242600e+05   2.1606445e+01
   9.0268800e+05   2.4169922e+01
   9.0343900e+05   5.4138184e+01
   9.0398800e+05   5.7250977e+01
   9.0426300e+05   2.0385742e+01
   9.0477000e+05   2.3437500e+01
   9.0543900e+05   5.8532715e+01
   9.0600600e+05   4.9987793e+01
   9.0663800e+05   2.3010254e+01
   9.0700700e+05   5.9814453e+01
   9.0750200e+05   4.7546387e+01
   9.0815300e+05   1.9775391e+01
   9.0906900e+05   2.5756836e+01
   9.0908500e+05   3.6315918e+01
   9.0914400e+05   1.8737793e+01
   9.0918600e+05   3.2897949e+01
   9.0929000e+05   3.1677246e+01
   9.0938900e+05   2.6123047e+01
   9.1330800e+05   5.0659180e+01
   9.1405900e+05   5.4321289e+01
   9.1464400e+05   2.4536133e+01
   9.1526600e+05   5.3222656e+01
   9.1614300e+05   1.8127441e+01
   9.1654800e+05   2.6489258e+01
   9.1715800e+05   2.4536133e+01
   9.1776800e+05   2.2399902e+01
   9.1807200e+05   2.1057129e+01
   9.1876200e+05   5.2978516e+01
   9.1936600e+05   5.4199219e+01
   9.2004600e+05   6.1767578e+01
   9.2059700e+05   5.0354004e+01
   9.2086500e+05   2.1301270e+01
   9.2148600e+05   2.1301270e+01
   9.2200000e+05   5.5969238e+01
   9.2270500e+05   2.8869629e+01
   9.2316400e+05   2.2949219e+01
   9.2388700e+05   2.3071289e+01
   9.2472700e+05   6.1950684e+01
   9.2534000e+05   2.1911621e+01
   9.2591800e+05   1.8432617e+01
   9.2638000e+05   1.9104004e+01
   9.2703100e+05   3.0090332e+01
   9.2765800e+05   6.3110352e+01
   9.2832100e+05   1.8554688e+01
   9.2867800e+05   6.2011719e+01
   9.2929500e+05   5.6457520e+01
   9.2977900e+05   2.2216797e+01
   9.2999800e+05   1.8249512e+01
   9.3107400e+05   2.0751953e+01
   9.3165100e+05   5.8044434e+01
   9.3240600e+05   2.0874023e+01
   9.3376100e+05   1.7822266e+01
   9.3422800e+05   2.1179199e+01
   9.3458200e+05   5.2062988e+01
   9.3543600e+05   2.6794434e+01
   9.3596500e+05   5.9875488e+01
   9.3662500e+05   1.8310547e+01
   9.3664600e+05   2.2216797e+01
   9.3669400e+05   2.2766113e+01
   9.3749300e+05   5.2185059e+01
   9.3790500e+05   2.1545410e+01
   9.3876800e+05   5.9753418e+01
   9.3971100e+05   2.2155762e+01
   9.4068500e+05   2.6367187e+01
   9.4123500e+05   1.9836426e+01
   9.4186800e+05   2.1911621e+01
   9.4234200e+05   2.2460937e+01
   9.4300700e+05   1.9287109e+01
   9.4364700e+05   6.0913086e+01
   9.4396200e+05   2.2277832e+01
   9.4451700e+05   2.6672363e+01
   9.4515300e+05   6.4514160e+01
   9.4556700e+05   5.4077148e+01
   9.4626100e+05   5.8959961e+01
   9.4708000e+05   5.9570312e+01
   9.4765000e+05   2.0568848e+01
   9.4811400e+05   5.7800293e+01
   9.4866300e+05   6.4636230e+01
   9.4927400e+05   5.6030273e+01
   9.4981000e+05   1.9653320e+01
   9.5051800e+05   2.0812988e+01
   9.5123700e+05   2.3803711e+01
   9.5167900e+05   1.8249512e+01
   9.5202400e+05   1.8310547e+01
   9.5240700e+05   2.0324707e+01
   9.5247800e+05   2.4780273e+01
   9.5252600e+05   1.7761230e+01
   9.5263200e+05   5.9204102e+01
   9.5352300e+05   4.9865723e+01
   9.5391800e+05   4.3029785e+01
   9.5459100e+05   4.9438477e+01
   9.5523200e+05   4.8767090e+01
   9.5576800e+05   2.4902344e+01
   9.5635800e+05   5.4809570e+01
   9.5667800e+05   1.8066406e+01
   9.5721600e+05   1.8737793e+01
   9.5792000e+05   5.5786133e+01
   9.5882500e+05   5.3771973e+01
   9.5920100e+05   2.6977539e+01
   9.5987600e+05   2.3742676e+01
   9.6044100e+05   6.0607910e+01
   9.6069300e+05   2.0568848e+01
   9.6119700e+05   5.5847168e+01
   9.6208000e+05   2.8198242e+01
   9.6254700e+05   2.1667480e+01
   9.6320300e+05   1.9653320e+01
   9.6368000e+05   5.3466797e+01
   9.6447300e+05   2.5268555e+01
   9.6487500e+05   2.4475098e+01
   9.6525700e+05   5.3161621e+01
   9.6616500e+05   6.2072754e+01
   9.6673600e+05   2.4108887e+01
   9.6745100e+05   2.0812988e+01
   9.6788100e+05   2.3071289e+01
   9.6822500e+05   5.5603027e+01
   9.6898300e+05   2.0507812e+01
   9.7003100e+05   6.0485840e+01
   9.7067600e+05   2.6306152e+01
   9.7097800e+05   5.9936523e+01
   9.7240600e+05   2.3742676e+01
   9.7313300e+05   5.6762695e+01
   9.7372400e+05   2.3620605e+01
   9.7440300e+05   1.9409180e+01
   9.7489600e+05   1.8432617e+01
   9.7556400e+05   2.0446777e+01
   9.7597900e+05   2.2705078e+01
   9.7668100e+05   2.5817871e+01
   9.7702300e+05   1.9226074e+01
   9.7780100e+05   4.6630859e+01
   9.7829700e+05   5.9753418e+01
   9.7880300e+05   5.1940918e+01
   9.7923100e+05   5.9692383e+01
   9.7978800e+05   5.4199219e+01
   9.8038200e+05   2.3498535e+01
   9.8099200e+05   2.9296875e+01
   9.8153500e+05   2.0507812e+01
   9.8200600e+05   5.2429199e+01
   9.8256200e+05   4.7424316e+01
   9.8320700e+05   5.2185059e+01
   9.8322000e+05   1.8737793e+01
   9.8347300e+05   2.3071289e+01
   9.8406800e+05   2.0629883e+01
   9.8461200e+05   5.5297852e+01
   9.8529400e+05   4.8583984e+01
   9.8562200e+05   5.7678223e+01
   9.8645300e+05   5.4199219e+01
   9.8858200e+05   4.6325684e+01
   9.8923600e+05   2.0202637e+01
   9.8925000e+05   2.5573730e+01
   9.8927100e+05   1.7700195e+01
   9.8930500e+05   1.8493652e+01
   9.8939300e+05   2.1606445e+01
   9.8953700e+05   2.3315430e+01
   9.9256000e+05   6.3354492e+01
   9.9320600e+05   2.3315430e+01
   9.9387000e+05   1.8554688e+01
   9.9443500e+05   5.0598145e+01
   9.9499800e+05   5.5541992e+01
   9.9554000e+05   5.0170898e+01
   9.9603300e+05   2.8869629e+01
   9.9686900e+05   5.5236816e+01
   9.9736500e+05   2.3315430e+01
   9.9792800e+05   2.6550293e+01
   9.9840700e+05   5.1818848e+01
   9.9951100e+05   2.4841309e+01
   1.0001400e+06   4.5043945e+01
   1.0006020e+06   5.2490234e+01
   1.0010300e+06   5.4443359e+01
   1.0015770e+06   2.2583008e+01
   1.0023660e+06   5.1940918e+01
   1.0028830e+06   2.0751953e+01
   1.0036630e+06   2.4291992e+01
   1.0041680e+06   2.6367187e+01
   1.0044580e+06   2.0996094e+01
   1.0051490e+06   4.9255371e+01
   1.0055770e+06   2.0446777e+01
   1.0061790e+06   2.3986816e+01
   1.0066430e+06   1.9897461e+01
   1.0073320e+06   5.9448242e+01
   1.0075630e+06   5.5847168e+01
   1.0082570e+06   2.0812988e+01
   1.0087470e+06   5.3649902e+01
   1.0094480e+06   5.7189941e+01
   1.0101680e+06   1.7883301e+01
   1.0112120e+06   1.9653320e+01
   1.0115670e+06   2.8503418e+01
   1.0120220e+06   4.6020508e+01
   1.0126420e+06   5.8959961e+01
   1.0132070e+06   2.8991699e+01
   1.0134560e+06   2.0324707e+01
   1.0134980e+06   2.0141602e+01
   1.0136520e+06   2.0263672e+01
   1.0142910e+06   1.8920898e+01
   1.0155610e+06   5.9143066e+01
   1.0155750e+06   1.9592285e+01
   1.0166290e+06   2.5085449e+01
   1.0168460e+06   4.3395996e+01
   1.0175000e+06   6.2316895e+01
   1.0179510e+06   2.3010254e+01
   1.0190020e+06   5.3710938e+01
   1.0197480e+06   5.1269531e+01
   1.0205810e+06   5.1025391e+01
   1.0211100e+06   5.7006836e+01
   1.0216230e+06   5.8715820e+01
   1.0222370e+06   5.6030273e+01
   1.0228300e+06   2.2155762e+01
   1.0233810e+06   2.6062012e+01
   1.0240580e+06   2.7160645e+01
   1.0246590e+06   2.4230957e+01
   1.0252080e+06   2.6306152e+01
   1.0255840e+06   2.1240234e+01
   1.0261700e+06   2.3437500e+01
   1.0264570e+06   4.7119141e+01
   1.0264710e+06   1.7761230e+01
   1.0270470e+06   4.6325684e+01
   1.0275590e+06   5.9326172e+01
   1.0280800e+06   2.6062012e+01
   1.0286830e+06   2.5024414e+01
   1.0292950e+06   2.2521973e+01
   1.0297970e+06   5.5236816e+01
   1.0302360e+06   4.9133301e+01
   1.0309250e+06   5.4382324e+01
   1.0317420e+06   2.3254395e+01
   1.0321480e+06   4.6081543e+01
   1.0327630e+06   2.6245117e+01
   1.0333330e+06   5.4077148e+01
   1.0339710e+06   2.2583008e+01
   1.0343920e+06   2.1118164e+01
   1.0352410e+06   5.7495117e+01
   1.0356600e+06   2.0141602e+01
   1.0364820e+06   1.8188477e+01
   1.0369900e+06   5.8410645e+01
   1.0376740e+06   5.9265137e+01
   1.0380360e+06   4.5654297e+01
   1.0381630e+06   1.9653320e+01
   1.0387020e+06   2.6611328e+01
   1.0387650e+06   1.8005371e+01
   1.0401180e+06   5.4687500e+01
   1.0404390e+06   2.1179199e+01
   1.0405260e+06   2.1606445e+01
   1.0405920e+06   1.9042969e+01
   1.0410460e+06   2.1423340e+01
   1.0421470e+06   6.0119629e+01
   1.0426750e+06   2.3315430e+01
   1.0437920e+06   3.8208008e+01
   1.0442770e+06   2.0568848e+01
   1.0449020e+06   5.1086426e+01
   1.0455400e+06   2.3620605e+01
   1.0462120e+06   1.9897461e+01
   1.0466780e+06   2.6184082e+01
   1.0472480e+06   5.1330566e+01
   1.0477160e+06   5.4077148e+01
   1.0484940e+06   1.8493652e+01
   1.0489200e+06   2.0263672e+01
   1.0494010e+06   5.9387207e+01
   1.0500400e+06   1.9958496e+01
   1.0506370e+06   6.1950684e+01
   1.0513760e+06   2.6672363e+01
   1.0518270e+06   6.0729980e+01
   1.0527590e+06   5.1635742e+01
   1.0530500e+06   5.1269531e+01
   1.0537440e+06   5.5358887e+01
   1.0541010e+06   5.4931641e+01
   1.0547360e+06   2.0996094e+01
   1.0553630e+06   5.5541992e+01
   1.0557720e+06   2.1850586e+01
   1.0562780e+06   2.0141602e+01
   1.0568720e+06   2.1362305e+01
   1.0572840e+06   6.0913086e+01
   1.0580490e+06   2.0080566e+01
   1.0586340e+06   5.3344727e+01
   1.0589710e+06   1.7944336e+01
   1.0605800e+06   1.9897461e+01
   1.0609600e+06   1.8432617e+01
   1.0614890e+06   5.5908203e+01
   1.0617880e+06   2.2094727e+01
   1.0635750e+06   2.2644043e+01
   1.0643180e+06   2.1118164e+01
   1.0648890e+06   5.2490234e+01
   1.0653540e+06   2.7954102e+01
   1.0660720e+06   1.9042969e+01
   1.0664320e+06   5.4260254e+01
   1.0671040e+06   2.2766113e+01
   1.0675090e+06   2.1545410e+01
   1.0680050e+06   2.0751953e+01
   1.0684540e+06   1.7822266e+01
   1.0684960e+06   5.9509277e+01
   1.0691980e+06   1.8127441e+01
   1.0703360e+06   2.3559570e+01
   1.0706790e+06   2.4291992e+01
   1.0712140e+06   2.4108887e+01
   1.0718540e+06   5.5480957e+01
   1.0722020e+06   6.2133789e+01
   1.0727510e+06   4.8278809e+01
   1.0732900e+06   5.2429199e+01
   1.0738290e+06   2.5390625e+01
   1.0741400e+06   2.3193359e+01
   1.0748270e+06   1.9042969e+01
   1.0752340e+06   5.8471680e+01
   1.0760170e+06   6.1462402e+01
   1.0766850e+06   2.5268555e+01
   1.0772280e+06   3.0700684e+01
   1.0776500e+06   2.3498535e+01
   1.0781660e+06   2.3681641e+01
   1.0785450e+06   2.0629883e+01
   1.0790270e+06   2.7099609e+01
   1.0791770e+06   2.2155762e+01
   1.0794290e+06   1.7944336e+01
   1.0799850e+06   2.0263672e+01
   1.0803660e+06   2.3132324e+01
   1.0807420e+06   5.3527832e+01
   1.0815230e+06   2.3437500e+01
   1.0818510e+06   5.1147461e+01
   1.0822900e+06   2.0690918e+01
   1.0829990e+06   5.6030273e+01
   1.0836740e+06   2.0202637e+01
   1.0847290e+06   2.3925781e+01
   1.0850930e+06   2.5573730e+01
   1.0858230e+06   2.3254395e+01
   1.0863900e+06   2.0446777e+01
   1.0864230e+06   3.1982422e+01
   1.0864470e+06   2.1057129e+01
   1.0865610e+06   2.6367188e+01
   1.0896400e+06   5.8654785e+01
   1.0903040e+06   4.9316406e+01
   1.0906840e+06   2.2644043e+01
   1.0912680e+06   5.7006836e+01
   1.0918590e+06   5.2124023e+01
   1.0925230e+06   4.5776367e+01
   1.0929760e+06   2.3925781e+01
   1.0937490e+06   2.5939941e+01
   1.0941550e+06   5.6945801e+01
   1.0948480e+06   2.8442383e+01
   1.0954150e+06   2.0080566e+01
   1.0957200e+06   2.4902344e+01
   1.0962480e+06   6.0852051e+01
   1.0968720e+06   5.4382324e+01
   1.0976030e+06   6.4331055e+01
   1.0980220e+06   2.7038574e+01
   1.0984930e+06   5.2307129e+01
   1.0989410e+06   2.6062012e+01
   1.0993690e+06   2.4780273e+01
   1.0996930e+06   5.3039551e+01
   1.1001970e+06   2.0446777e+01
   1.1007600e+06   2.2583008e+01
   1.1013240e+06   6.0302734e+01
   1.1019470e+06   5.0842285e+01
   1.1024280e+06   4.9377441e+01
   1.1029410e+06   2.5024414e+01
   1.1033840e+06   5.4199219e+01
   1.1040330e+06   5.3344727e+01
   1.1043120e+06   2.3986816e+01
   1.1048200e+06   1.9287109e+01
   1.1055710e+06   2.3071289e+01
   1.1063320e+06   2.1484375e+01
   1.1065610e+06   5.2490234e+01
   1.1070840e+06   5.4992676e+01
   1.1077310e+06   2.3498535e+01
   1.1084600e+06   5.6274414e+01
   1.1094530e+06   5.6518555e+01
   1.1102150e+06   5.7861328e+01
   1.1114250e+06   5.7800293e+01
   1.1118710e+06   5.7312012e+01
   1.1123180e+06   2.2460938e+01
   1.1128360e+06   2.7465820e+01
   1.1132130e+06   1.9592285e+01
   1.1132680e+06   1.7883301e+01
   1.1133330e+06   2.7221680e+01
   1.1134040e+06   7.1777344e+01
   1.1134240e+06   2.6489258e+01
   1.1134680e+06   2.1911621e+01
   1.1135130e+06   2.4291992e+01
   1.1136160e+06   2.1911621e+01
   1.1137670e+06   2.1118164e+01
   1.1180880e+06   6.3842773e+01
   1.1188300e+06   6.0119629e+01
   1.1192720e+06   5.5725098e+01
   1.1199630e+06   2.3071289e+01
   1.1205740e+06   5.1879883e+01
   1.1210270e+06   1.8066406e+01
   1.1217680e+06   2.7893066e+01
   1.1226160e+06   2.4841309e+01
   1.1226320e+06   1.7761230e+01
   1.1229060e+06   5.0720215e+01
   1.1237100e+06   2.2949219e+01
   1.1237290e+06   1.8371582e+01
   1.1240210e+06   5.3833008e+01
   1.1247320e+06   5.8654785e+01
   1.1253700e+06   2.0202637e+01
   1.1261360e+06   5.4626465e+01
   1.1266620e+06   5.8349609e+01
   1.1271940e+06   2.0385742e+01
   1.1281910e+06   4.2053223e+01
   1.1287640e+06   3.0395508e+01
   1.1289310e+06   5.1513672e+01
   1.1300230e+06   5.3161621e+01
   1.1306180e+06   6.0729980e+01
   1.1311980e+06   5.9814453e+01
   1.1318200e+06   2.6367188e+01
   1.1324260e+06   5.2062988e+01
   1.1328550e+06   4.8156738e+01
   1.1335540e+06   6.4086914e+01
   1.1341390e+06   6.0058594e+01
   1.1345280e+06   2.1057129e+01
   1.1351680e+06   5.1208496e+01
   1.1357060e+06   2.4841309e+01
   1.1363730e+06   4.5593262e+01
   1.1367900e+06   2.0080566e+01
   1.1373990e+06   1.8066406e+01
   1.1378550e+06   1.9958496e+01
   1.1386690e+06   2.3132324e+01
   1.1390590e+06   5.0537109e+01
   1.1397550e+06   2.7160645e+01
   1.1404020e+06   1.9287109e+01
   1.1409360e+06   2.2521973e+01
   1.1414810e+06   5.6213379e+01
   1.1423430e+06   2.8564453e+01
   1.1433650e+06   2.0690918e+01
   1.1433980e+06   5.8837891e+01
   1.1451890e+06   5.2734375e+01
   1.1460160e+06   5.1696777e+01
   1.1465790e+06   2.0080566e+01
   1.1470970e+06   5.6884766e+01
   1.1477390e+06   5.8532715e+01
   1.1484340e+06   6.1218262e+01
   1.1488960e+06   5.9753418e+01
   1.1494880e+06   6.0791016e+01
   1.1500350e+06   1.8005371e+01
   1.1507520e+06   2.1301270e+01
   1.1516230e+06   5.9692383e+01
   1.1522390e+06   4.8767090e+01
   1.1527370e+06   4.6691895e+01
   1.1532780e+06   5.6152344e+01
   1.1540120e+06   2.1179199e+01
   1.1544050e+06   2.2521973e+01
   1.1547980e+06   2.2155762e+01
   1.1553140e+06   5.3405762e+01
   1.1561270e+06   2.4169922e+01
   1.1565820e+06   4.7729492e+01
   1.1571650e+06   2.8076172e+01
   1.1577440e+06   5.3771973e+01
   1.1585000e+06   2.3071289e+01
   1.1585170e+06   5.0231934e+01
   1.1585590e+06   2.8137207e+01
   1.1603060e+06   6.2927246e+01
   1.1610530e+06   4.8156738e+01
   1.1615500e+06   2.7893066e+01
   1.1622170e+06   5.8410645e+01
   1.1627830e+06   2.4719238e+01
   1.1632770e+06   4.8950195e+01
   1.1637810e+06   5.9875488e+01
   1.1645350e+06   2.6855469e+01
   1.1648700e+06   5.1208496e+01
   1.1655380e+06   2.3986816e+01
   1.1662930e+06   5.7861328e+01
   1.1668410e+06   5.9570312e+01
   1.1674240e+06   2.3254395e+01
   1.1678910e+06   1.9897461e+01
   1.1686110e+06   4.8583984e+01
   1.1689130e+06   5.3649902e+01
   1.1694040e+06   5.5603027e+01
   1.1698360e+06   2.3071289e+01
   1.1703100e+06   5.8227539e+01
   1.1708500e+06   1.8005371e+01
   1.1711500e+06   2.2094727e+01
   1.1718490e+06   5.6457520e+01
   1.1725220e+06   5.6396484e+01
   1.1731630e+06   2.3437500e+01
   1.1733950e+06   2.4963379e+01
   1.1738020e+06   1.9409180e+01
   1.1752700e+06   5.7128906e+01
   1.1759830e+06   2.1911621e+01
   1.1765220e+06   2.8198242e+01
   1.1770020e+06   4.9743652e+01
   1.1774380e+06   2.3864746e+01
   1.1779700e+06   2.1179199e+01
   1.1786070e+06   2.5451660e+01
   1.1791300e+06   5.7556152e+01
   1.1797400e+06   2.1606445e+01
   1.1802370e+06   2.3132324e+01
   1.1809290e+06   1.7944336e+01
   1.1813150e+06   5.1330566e+01
   1.1822060e+06   6.1157227e+01
   1.1827490e+06   5.8105469e+01
   1.1838150e+06   2.3376465e+01
   1.1843030e+06   1.9165039e+01
   1.1848590e+06   2.3681641e+01
   1.1858300e+06   1.7700195e+01
   1.1866800e+06   5.9997559e+01
   1.1870370e+06   4.1381836e+01
   1.1875790e+06   2.2644043e+01
   1.1880390e+06   1.7761230e+01
   1.1888440e+06   2.0996094e+01
   1.1894650e+06   2.8198242e+01
   1.1900190e+06   5.9997559e+01
   1.1903790e+06   2.5146484e+01
   1.1910620e+06   2.8869629e+01
   1.1917500e+06   2.3620605e+01
   1.1922000e+06   2.3925781e+01
   1.1926960e+06   4.8889160e+01
   1.1936940e+06   2.1118164e+01
   1.1940840e+06   5.7006836e+01
   1.1951740e+06   2.7770996e+01
   1.1952950e+06   2.3376465e+01
   1.1954130e+06   2.4047852e+01
   1.1956690e+06   2.5939941e+01
   1.1988610e+06   2.7343750e+01
   1.1995850e+06   2.4414062e+01
   1.2002450e+06   5.6701660e+01
   1.2008330e+06   2.3498535e+01
   1.2014260e+06   5.0659180e+01
   1.2020490e+06   1.9470215e+01
   1.2024800e+06   5.5847168e+01
   1.2033310e+06   2.5695801e+01
   1.2036630e+06   2.2766113e+01
   1.2042940e+06   5.6152344e+01
   1.2047910e+06   5.0231934e+01
   1.2054480e+06   5.5480957e+01
   1.2060770e+06   2.4902344e+01
   1.2066630e+06   2.6977539e+01
   1.2074040e+06   2.7343750e+01
   1.2078190e+06   4.9499512e+01
   1.2083970e+06   2.0446777e+01
   1.2087880e+06   2.2033691e+01
   1.2093080e+06   2.0935059e+01
   1.2098990e+06   1.8615723e+01
   1.2102900e+06   5.9387207e+01
   1.2109120e+06   2.1179199e+01
   1.2116490e+06   2.0629883e+01
   1.2133410e+06   5.7800293e+01
   1.2138240e+06   2.8564453e+01
   1.2142110e+06   1.8981934e+01
   1.2149850e+06   6.4636230e+01
   1.2154850e+06   5.2490234e+01
   1.2160270e+06   2.7648926e+01
   1.2166000e+06   2.5390625e+01
   1.2169160e+06   2.4963379e+01
   1.2177970e+06   2.0996094e+01
   1.2180200e+06   1.8981934e+01
   1.2187410e+06   2.8381348e+01
   1.2194650e+06   5.7495117e+01
   1.2196670e+06   2.2644043e+01
   1.2204680e+06   4.9133301e+01
   1.2209650e+06   5.2551270e+01
   1.2215070e+06   2.1118164e+01
   1.2219760e+06   5.2978516e+01
   1.2225160e+06   2.0935059e+01
   1.2228800e+06   2.2949219e+01
   1.2235650e+06   2.0141602e+01
   1.2241280e+06   6.0607910e+01
   1.2247490e+06   5.5786133e+01
   1.2250810e+06   2.1789551e+01
   1.2251450e+06   1.9470215e+01
   1.2252300e+06   1.8981934e+01
   1.2252730e+06   2.9663086e+01
   1.2252940e+06   6.4147949e+01
   1.2253370e+06   2.0996094e+01
   1.2254510e+06   1.9775391e+01
   1.2255340e+06   2.5817871e+01
   1.2255970e+06   2.2460938e+01
   1.2297290e+06   2.0629883e+01
   1.2304550e+06   2.7343750e+01
   1.2311880e+06   5.5114746e+01
   1.2317630e+06   2.2277832e+01
   1.2323610e+06   5.7128906e+01
   1.2327350e+06   5.0292969e+01
   1.2337050e+06   5.8898926e+01
   1.2343580e+06   4.7424316e+01
   1.2348780e+06   2.4841309e+01
   1.2352130e+06   2.3681641e+01
   1.2358630e+06   5.5664062e+01
   1.2364040e+06   1.7761230e+01
   1.2371580e+06   1.9775391e+01
   1.2376870e+06   5.8776855e+01
   1.2383270e+06   5.0781250e+01
   1.2396910e+06   2.8076172e+01
   1.2397290e+06   2.7526855e+01
   1.2399380e+06   2.3254395e+01
   1.2424000e+06   2.0751953e+01
   1.2432780e+06   2.4353027e+01
   1.2439660e+06   5.8349609e+01
   1.2445910e+06   2.1301270e+01
   1.2451810e+06   1.8554687e+01
   1.2458710e+06   5.3466797e+01
   1.2462750e+06   1.7761230e+01
   1.2468280e+06   2.6794434e+01
   1.2475490e+06   6.2683105e+01
   1.2479580e+06   5.7250977e+01
   1.2485430e+06   2.3986816e+01
   1.2490150e+06   2.3437500e+01
   1.2494640e+06   3.9489746e+01
   1.2500700e+06   4.9194336e+01
   1.2506840e+06   2.1057129e+01
   1.2513750e+06   2.3132324e+01
   1.2519760e+06   2.7038574e+01
   1.2527490e+06   2.0385742e+01
   1.2533510e+06   1.7761230e+01
   1.2546150e+06   1.8432617e+01
   1.2546400e+06   1.8371582e+01
   1.2547560e+06   3.2409668e+01
   1.2547670e+06   2.8198242e+01
   1.2548400e+06   2.1545410e+01
   1.2548920e+06   2.4658203e+01
   1.2549340e+06   2.2460938e+01
   1.2549580e+06   1.8737793e+01
   1.2549820e+06   7.4218750e+01
   1.2549990e+06   1.8371582e+01
   1.2550220e+06   2.1972656e+01
   1.2550600e+06   1.9592285e+01
   1.2550960e+06   2.0812988e+01
   1.2551290e+06   7.3974609e+01
   1.2552000e+06   7.1166992e+01
   1.2552340e+06   2.0141602e+01
   1.2552500e+06   2.4169922e+01
   1.2553570e+06   5.8898926e+01
   1.2554080e+06   1.7700195e+01
   1.2554330e+06   1.8859863e+01
   1.2555550e+06   5.8532715e+01
   1.2556770e+06   5.4443359e+01
   1.2625260e+06   2.1911621e+01
   1.2635940e+06   5.5725098e+01
   1.2642180e+06   2.0263672e+01
   1.2646110e+06   5.9997559e+01
   1.2656720e+06   2.0141602e+01
   1.2664260e+06   2.4780273e+01
   1.2665770e+06   2.3254395e+01
   1.2674270e+06   2.0019531e+01
   1.2678600e+06   2.3254395e+01
   1.2686800e+06   2.1362305e+01
   1.2693850e+06   2.4963379e+01
   1.2698360e+06   2.0996094e+01
   1.2710310e+06   2.0568848e+01
   1.2710660e+06   1.8127441e+01
   1.2711730e+06   5.9875488e+01
   1.2711940e+06   1.9653320e+01
   1.2712600e+06   1.8371582e+01
   1.2713760e+06   2.0324707e+01
   1.2714590e+06   2.4719238e+01
   1.2716180e+06   2.5573730e+01
   1.2761480e+06   4.9987793e+01
   1.2770400e+06   2.2216797e+01
   1.2779210e+06   2.2949219e+01
   1.2786570e+06   5.9082031e+01
   1.2795020e+06   2.4414062e+01
   1.2803660e+06   2.2155762e+01
   1.2807850e+06   1.7700195e+01
   1.2808590e+06   2.5146484e+01
   1.2808690e+06   5.2917480e+01
   1.2809120e+06   1.7883301e+01
   1.2809730e+06   5.8715820e+01
   1.2809840e+06   3.3203125e+01
   1.2810310e+06   6.0363770e+01
   1.2810720e+06   6.0668945e+01
   1.2810910e+06   3.2470703e+01
   1.2811040e+06   2.2888184e+01
   1.2811330e+06   6.1279297e+01
   1.2811520e+06   1.8493652e+01
   1.2811770e+06   4.6447754e+01
   1.2811980e+06   1.9409180e+01
   1.2812160e+06   2.6306152e+01
   1.2812320e+06   4.6386719e+01
   1.2812560e+06   2.7648926e+01
   1.2812840e+06   3.8818359e+01
   1.2812990e+06   2.4658203e+01
   1.2813300e+06   2.2827148e+01
   1.2813480e+06   2.6977539e+01
   1.2813770e+06   2.0629883e+01
   1.2814070e+06   2.0812988e+01
   1.2814410e+06   3.5522461e+01
   1.2815250e+06   2.3742676e+01
   1.2816350e+06   2.6062012e+01
   1.2816970e+06   2.1301270e+01
   1.2818630e+06   2.2705078e+01
   1.2821640e+06   5.8166504e+01
   1.2890420e+06   2.4169922e+01
   1.2897040e+06   6.3110352e+01
   1.2900510e+06   2.3742676e+01
   1.2910250e+06   5.1208496e+01
   1.2921700e+06   5.2307129e+01
   1.2933690e+06   6.1401367e+01
   1.2958670e+06   5.3405762e+01
   1.2962330e+06   2.0568848e+01
   1.2965260e+06   5.8410645e+01
   1.2994910e+06   2.2888184e+01
   1.3002090e+06   2.7465820e+01
   1.3012420e+06   1.7700195e+01
   1.3015130e+06   2.5939941e+01
   1.3021450e+06   2.4902344e+01
   1.3024050e+06   5.3710938e+01
   1.3050330e+06   2.2583008e+01
   1.3063210e+06   6.7504883e+01
   1.3068900e+06   6.0241699e+01
   1.3070710e+06   2.7160645e+01
   1.3073520e+06   4.6020508e+01
   1.3073780e+06   1.8127441e+01
   1.3074560e+06   2.4414062e+01
   1.3074810e+06   2.6489258e+01
   1.3075030e+06   2.5085449e+01
   1.3075300e+06   5.1574707e+01
   1.3075400e+06   2.2216797e+01
   1.3075960e+06   5.8654785e+01
   1.3076060e+06   3.5400391e+01
   1.3076350e+06   2.0080566e+01
   1.3076570e+06   5.4504395e+01
   1.3076760e+06   2.9174805e+01
   1.3076980e+06   2.9602051e+01
   1.3077100e+06   2.3071289e+01
   1.3077300e+06   3.3142090e+01
   1.3077590e+06   5.0964355e+01
   1.3077870e+06   5.8837891e+01
   1.3078330e+06   6.6528320e+01
   1.3078780e+06   4.5227051e+01
   1.3079090e+06   1.9897461e+01
   1.3079270e+06   4.6508789e+01
   1.3079380e+06   1.9653320e+01
   1.3079730e+06   2.0385742e+01
   1.3080160e+06   1.9287109e+01
   1.3080290e+06   2.0935059e+01
   1.3080860e+06   1.8615723e+01
   1.3081210e+06   2.2216797e+01
   1.3081970e+06   2.0263672e+01
   1.3082100e+06   2.1606445e+01
   1.3083590e+06   5.2246094e+01
   1.3084570e+06   4.9621582e+01
   1.3165500e+06   2.7404785e+01
   1.3168740e+06   2.2644043e+01
   1.3171110e+06   6.2011719e+01
   1.3176370e+06   5.9020996e+01
   1.3197200e+06   5.9997559e+01
   1.3200410e+06   2.4597168e+01
   1.3203710e+06   6.1645508e+01
   1.3207110e+06   2.0996094e+01
   1.3219430e+06   2.5756836e+01
   1.3223280e+06   5.9448242e+01
   1.3227160e+06   1.8310547e+01
   1.3247600e+06   2.4536133e+01
   1.3253730e+06   2.1179199e+01
   1.3267800e+06   6.0485840e+01
   1.3269050e+06   6.7626953e+01
   1.3269870e+06   2.2338867e+01
   1.3270020e+06   1.7761230e+01
   1.3270730e+06   1.7700195e+01
   1.3271020e+06   2.1362305e+01
   1.3271710e+06   2.4475098e+01
   1.3271940e+06   2.6306152e+01
   1.3272300e+06   2.8442383e+01
   1.3272590e+06   2.6367188e+01
   1.3272690e+06   3.8635254e+01
   1.3273030e+06   2.7343750e+01
   1.3273280e+06   2.8686523e+01
   1.3273480e+06   1.9409180e+01
   1.3273850e+06   5.9448242e+01
   1.3274130e+06   2.9785156e+01
   1.3274320e+06   5.6274414e+01
   1.3274640e+06   3.1677246e+01
   1.3274950e+06   2.6733398e+01
   1.3275120e+06   1.8676758e+01
   1.3275470e+06   2.3315430e+01
   1.3275620e+06   1.7944336e+01
   1.3275790e+06   2.3681641e+01
   1.3275970e+06   2.0446777e+01
   1.3276070e+06   5.7556152e+01
   1.3276380e+06   2.1301270e+01
   1.3276640e+06   5.4260254e+01
   1.3277160e+06   1.8920898e+01
   1.3277350e+06   4.4128418e+01
   1.3277870e+06   2.3925781e+01
   1.3278210e+06   2.8015137e+01
   1.3278530e+06   1.7822266e+01
   1.3279490e+06   2.0019531e+01
   1.3281120e+06   5.5053711e+01
   1.3283080e+06   5.5358887e+01
   1.3341840e+06   5.9936523e+01
   1.3358230e+06   5.3833008e+01
   1.3358930e+06   2.3620605e+01
   1.3363040e+06   4.9621582e+01
   1.3368170e+06   2.7709961e+01
   1.3370460e+06   2.6367188e+01
   1.3372150e+06   5.3649902e+01
   1.3374510e+06   2.6000977e+01
   1.3376040e+06   5.0781250e+01
   1.3379900e+06   1.8798828e+01
   1.3393030e+06   5.3466797e+01
   1.3395970e+06   3.2592773e+01
   1.3396830e+06   2.0629883e+01
   1.3398530e+06   1.7822266e+01
   1.3399620e+06   2.0568848e+01
   1.3413370e+06   5.8532715e+01
   1.3415640e+06   3.9489746e+01
   1.3417760e+06   5.2612305e+01
   1.3418750e+06   4.8156738e+01
   1.3419970e+06   2.3071289e+01
   1.3421190e+06   1.8554688e+01
   1.3421530e+06   1.7883301e+01
   1.3421930e+06   3.4912109e+01
   1.3422500e+06   6.0119629e+01
   1.3422740e+06   1.8432617e+01
   1.3423090e+06   1.9775391e+01
   1.3423430e+06   2.2094727e+01
   1.3424160e+06   1.9897461e+01
   1.3424940e+06   2.3620605e+01
   1.3464690e+06   5.5480957e+01
   1.3471860e+06   5.5908203e+01
   1.3473560e+06   2.5207520e+01
   1.3475090e+06   1.8859863e+01
   1.3476790e+06   2.5756836e+01
   1.3490080e+06   2.3864746e+01
   1.3493170e+06   5.5969238e+01
   1.3493700e+06   4.3090820e+01
   1.3494390e+06   1.7822266e+01
   1.3494630e+06   2.6062012e+01
   1.3495260e+06   2.5451660e+01
   1.3495390e+06   5.7861328e+01
   1.3495660e+06   2.7770996e+01
   1.3495850e+06   2.9663086e+01
   1.3496210e+06   7.2448730e+01
   1.3496450e+06   3.1921387e+01
   1.3496700e+06   6.5185547e+01
   1.3496800e+06   1.7700195e+01
   1.3497060e+06   6.0791016e+01
   1.3497340e+06   3.4240723e+01
   1.3497750e+06   5.0598145e+01
   1.3497940e+06   2.8625488e+01
   1.3498180e+06   4.3823242e+01
   1.3498290e+06   5.9570312e+01
   1.3498660e+06   5.8532715e+01
   1.3498940e+06   2.6428223e+01
   1.3499210e+06   2.0202637e+01
   1.3499450e+06   2.6611328e+01
   1.3499670e+06   1.9226074e+01
   1.3499800e+06   2.3864746e+01
   1.3500000e+06   1.8676758e+01
   1.3500160e+06   4.0527344e+01
   1.3500440e+06   3.4118652e+01
   1.3500850e+06   2.4597168e+01
   1.3500950e+06   4.2297363e+01
   1.3501650e+06   2.1362305e+01
   1.3502670e+06   4.2724609e+01
   1.3503830e+06   2.0874023e+01
   1.3504810e+06   2.4902344e+01
   1.3506120e+06   5.8227539e+01
   1.3564000e+06   6.9213867e+01
   1.3568030e+06   2.6611328e+01
   1.3570110e+06   1.8066406e+01
   1.3572250e+06   2.4719238e+01
   1.3574620e+06   5.9204102e+01
   1.3577200e+06   5.1452637e+01
   1.3578190e+06   1.9897461e+01
   1.3578810e+06   5.3527832e+01
   1.3579890e+06   2.1789551e+01
   1.3581090e+06   5.7189941e+01
   1.3597990e+06   2.1057129e+01
   1.3599710e+06   5.5053711e+01
   1.3601440e+06   5.9692383e+01
   1.3603650e+06   2.0507812e+01
   1.3605450e+06   4.8828125e+01
   1.3605790e+06   2.2094727e+01
   1.3606700e+06   2.4108887e+01
   1.3607380e+06   5.5480957e+01
   1.3608430e+06   2.2583008e+01
   1.3610310e+06   5.2490234e+01
   1.3636030e+06   2.4719238e+01
   1.3640250e+06   5.5725098e+01
   1.3644650e+06   1.8127441e+01
   1.3646490e+06   2.2583008e+01
   1.3647540e+06   5.5541992e+01
   1.3648460e+06   2.5817871e+01
   1.3649420e+06   5.4687500e+01
   1.3649620e+06   2.3071289e+01
   1.3649960e+06   1.8554688e+01
   1.3650160e+06   2.1911621e+01
   1.3650260e+06   2.5390625e+01
   1.3650680e+06   2.3193359e+01
   1.3650860e+06   6.3049316e+01
   1.3650990e+06   2.8198242e+01
   1.3651360e+06   2.1667480e+01
   1.3651620e+06   5.6823730e+01
   1.3651860e+06   2.0385742e+01
   1.3652030e+06   4.4006348e+01
   1.3652230e+06   2.8564453e+01
   1.3652540e+06   5.5969238e+01
   1.3652650e+06   2.1850586e+01
   1.3653000e+06   2.8259277e+01
   1.3653150e+06   6.7138672e+01
   1.3653390e+06   3.0029297e+01
   1.3653650e+06   5.2368164e+01
   1.3653750e+06   1.9226074e+01
   1.3654050e+06   1.7944336e+01
   1.3654550e+06   6.6772461e+01
   1.3655820e+06   2.9663086e+01
   1.3656590e+06   2.2094727e+01
   1.3706610e+06   5.3955078e+01
   1.3712690e+06   5.2856445e+01
   1.3719480e+06   2.0385742e+01
   1.3722520e+06   2.4658203e+01
   1.3723780e+06   6.6284180e+01
   1.3724290e+06   1.7822266e+01
   1.3724660e+06   7.3181152e+01
   1.3725150e+06   3.0944824e+01
   1.3725310e+06   2.2460938e+01
   1.3725800e+06   5.6823730e+01
   1.3726160e+06   5.6274414e+01
   1.3726940e+06   6.1401367e+01
   1.3729290e+06   2.3193359e+01
   1.3767720e+06   2.7404785e+01
   1.3769990e+06   2.5451660e+01
   1.3771690e+06   5.1269531e+01
   1.3773640e+06   2.6428223e+01
   1.3775360e+06   6.3110352e+01
   1.3791540e+06   4.7668457e+01
   1.3797060e+06   5.4992676e+01
   1.3797690e+06   3.4240723e+01
   1.3797860e+06   1.8188477e+01
   1.3797980e+06   1.7944336e+01
   1.3798310e+06   5.7373047e+01
   1.3798720e+06   2.4902344e+01
   1.3798880e+06   5.8593750e+01
   1.3799120e+06   1.9897461e+01
   1.3799430e+06   3.9123535e+01
   1.3799600e+06   2.9296875e+01
   1.3799840e+06   2.5390625e+01
   1.3800010e+06   5.9204102e+01
   1.3800340e+06   4.3640137e+01
   1.3800650e+06   4.3945312e+01
   1.3800770e+06   2.8503418e+01
   1.3801120e+06   5.2490234e+01
   1.3801420e+06   2.0080566e+01
   1.3801720e+06   5.6823730e+01
   1.3801870e+06   1.8554688e+01
   1.3802220e+06   5.1757812e+01
   1.3802960e+06   6.3476562e+01
   1.3803170e+06   2.2277832e+01
   1.3803920e+06   1.7822266e+01
   1.3804870e+06   2.1484375e+01
   1.3805170e+06   5.8715820e+01
   1.3853100e+06   1.8371582e+01
   1.3855380e+06   6.0302734e+01
   1.3857740e+06   5.7312012e+01
   1.3869820e+06   5.2551270e+01
   1.3871450e+06   1.9470215e+01
   1.3873080e+06   2.2216797e+01
   1.3874390e+06   1.8554688e+01
   1.3874730e+06   2.2705078e+01
   1.3874840e+06   4.7607422e+01
   1.3875190e+06   1.7822266e+01
   1.3875380e+06   5.2062988e+01
   1.3875570e+06   1.8066406e+01
   1.3875810e+06   2.0507813e+01
   1.3875950e+06   6.2194824e+01
   1.3876160e+06   2.1850586e+01
   1.3876310e+06   5.1757812e+01
   1.3876740e+06   3.8574219e+01
   1.3876980e+06   5.9997559e+01
   1.3877460e+06   4.8950195e+01
   1.3877820e+06   1.8615723e+01
   1.3878250e+06   1.8188477e+01
   1.3878510e+06   1.9287109e+01
   1.3878760e+06   1.8920898e+01
   1.3879560e+06   2.0385742e+01
   1.3917370e+06   2.8381348e+01
   1.3919870e+06   5.2795410e+01
   1.3921620e+06   6.0180664e+01
   1.3937000e+06   5.2856445e+01
   1.3938580e+06   2.9418945e+01
   1.3938810e+06   1.9165039e+01
   1.3939180e+06   2.0202637e+01
   1.3939530e+06   7.2875977e+01
   1.3939980e+06   4.5532227e+01
   1.3940120e+06   3.1555176e+01
   1.3940700e+06   2.7343750e+01
   1.3940910e+06   2.4047852e+01
   1.3941590e+06   1.9775391e+01
   1.3942190e+06   1.8371582e+01
   1.3942480e+06   1.7944336e+01
   1.3943070e+06   1.9775391e+01
   1.3944080e+06   2.3864746e+01
   1.3985860e+06   5.0598145e+01
   1.3987510e+06   1.8310547e+01
   1.3987790e+06   1.8066406e+01
   1.3988280e+06   2.1484375e+01
   1.3988700e+06   5.1208496e+01
   1.3989250e+06   2.4169922e+01
   1.3989470e+06   1.8798828e+01
   1.3989790e+06   5.8349609e+01
   1.3990270e+06   1.7944336e+01
   1.3990590e+06   5.5480957e+01
   1.3991380e+06   2.2460938e+01
   1.3991510e+06   2.4108887e+01
   1.3991610e+06   3.3569336e+01
   1.3993040e+06   2.5329590e+01
   1.3993960e+06   5.8044434e+01
   1.4031790e+06   6.4819336e+01
   1.4032630e+06   5.4626465e+01
   1.4033440e+06   6.0119629e+01
   1.4033790e+06   1.7700195e+01
   1.4034430e+06   2.6245117e+01
   1.4034710e+06   1.9836426e+01
   1.4035330e+06   2.4169922e+01
   1.4067620e+06   4.7180176e+01
   1.4068650e+06   3.1250000e+01
   1.4069250e+06   1.8188477e+01
   1.4069370e+06   5.5114746e+01
   1.4069670e+06   1.8554688e+01
   1.4070190e+06   2.9541016e+01
   1.4070560e+06   2.3681641e+01
   1.4070790e+06   5.7556152e+01
   1.4071190e+06   2.0812988e+01
   1.4071490e+06   2.1179199e+01
   1.4071600e+06   4.5837402e+01
   1.4072000e+06   2.8747559e+01
   1.4072540e+06   1.8005371e+01
   1.4072640e+06   2.7221680e+01
   1.4073200e+06   5.6457520e+01
   1.4073520e+06   2.7526855e+01
   1.4119630e+06   2.9907227e+01
   1.4120630e+06   7.0922852e+01
   1.4121100e+06   2.0629883e+01
   1.4121460e+06   7.2021484e+01
   1.4121930e+06   2.2583008e+01
   1.4122450e+06   5.0292969e+01
   1.4122850e+06   2.4536133e+01
   1.4123170e+06   6.1279297e+01
   1.4123300e+06   2.1423340e+01
   1.4124190e+06   2.4230957e+01
   1.4125610e+06   2.7832031e+01
   1.4161270e+06   2.6672363e+01
   1.4164900e+06   2.9479980e+01
   1.4165800e+06   2.4353027e+01
   1.4166480e+06   1.8310547e+01
   1.4166820e+06   2.3498535e+01
   1.4167180e+06   1.8615723e+01
   1.4167700e+06   2.7160645e+01
   1.4167980e+06   1.8066406e+01
   1.4168620e+06   2.4719238e+01
   1.4169130e+06   2.0446777e+01
   1.4170010e+06   2.1057129e+01
   1.4170350e+06   1.7822266e+01
   1.4171710e+06   1.8188477e+01
   1.4208470e+06   4.8706055e+01
   1.4209810e+06   2.2460938e+01
   1.4210600e+06   5.3222656e+01
   1.4211090e+06   2.2644043e+01
   1.4211250e+06   3.6254883e+01
   1.4211850e+06   4.4799805e+01
   1.4212830e+06   5.6030273e+01
   1.4214630e+06   2.0385742e+01
   1.4257730e+06   2.0751953e+01
   1.4259230e+06   6.2500000e+01
   1.4259820e+06   1.8371582e+01
   1.4260100e+06   2.0019531e+01
   1.4260750e+06   5.1391602e+01
   1.4260980e+06   2.0019531e+01
   1.4261310e+06   2.2705078e+01
   1.4261910e+06   1.9287109e+01
   1.4262010e+06   5.5114746e+01
   1.4262460e+06   1.8676758e+01
   1.4262920e+06   2.1118164e+01
   1.4264020e+06   2.1606445e+01
   1.4264190e+06   4.4433594e+01
   1.4306090e+06   4.9377441e+01
   1.4306590e+06   1.8920898e+01
   1.4307070e+06   2.9296875e+01
   1.4307980e+06   5.3161621e+01
   1.4308560e+06   4.8889160e+01
   1.4309330e+06   2.1850586e+01
   1.4309460e+06   2.0324707e+01
   1.4309980e+06   1.8127441e+01
   1.4310290e+06   6.7199707e+01
   1.4311380e+06   2.2094727e+01
   1.4311660e+06   1.8798828e+01
   1.4359150e+06   2.0629883e+01
   1.4359890e+06   4.4982910e+01
   1.4360530e+06   2.0568848e+01
   1.4360760e+06   5.0109863e+01
   1.4361370e+06   5.6945801e+01
   1.4362150e+06   4.3457031e+01
   1.4362390e+06   1.9409180e+01
   1.4362740e+06   2.2155762e+01
   1.4362920e+06   5.3588867e+01
   1.4363380e+06   1.9592285e+01
   1.4363540e+06   2.5634766e+01
   1.4364080e+06   2.1118164e+01
   1.4365380e+06   1.9714355e+01
   1.4365480e+06   2.5512695e+01
   1.4412560e+06   2.5512695e+01
   1.4413590e+06   5.0720215e+01
   1.4414440e+06   1.7822266e+01
   1.4414840e+06   2.6550293e+01
   1.4415760e+06   2.7954102e+01
   1.4416430e+06   2.2521973e+01
   1.4416750e+06   1.8981934e+01
   1.4417480e+06   5.9814453e+01
   1.4417970e+06   5.3283691e+01
   1.4418990e+06   2.5817871e+01
   1.4462120e+06   2.2338867e+01
   1.4464070e+06   2.0080566e+01
   1.4465130e+06   4.9255371e+01
   1.4466020e+06   2.3925781e+01
   1.4467330e+06   2.3437500e+01
   1.4467660e+06   2.1423340e+01
   1.4467870e+06   5.2673340e+01
   1.4468250e+06   1.8554688e+01
   1.4468710e+06   6.1279297e+01
   1.4470240e+06   5.5847168e+01
   1.4525980e+06   2.2766113e+01
   1.4526100e+06   1.8676758e+01
   1.4526910e+06   6.1279297e+01
   1.4527410e+06   2.8991699e+01
   1.4528030e+06   2.5451660e+01
   1.4528390e+06   1.9042969e+01
   1.4528670e+06   6.1157227e+01
   1.4528850e+06   2.0629883e+01
   1.4529000e+06   1.8920898e+01
   1.4529270e+06   2.0629883e+01
   1.4529390e+06   3.1860352e+01
   1.4529740e+06   1.8493652e+01
   1.4529870e+06   4.5471191e+01
   1.4530190e+06   4.5349121e+01
   1.4530570e+06   2.0935059e+01
   1.4530700e+06   5.5236816e+01
   1.4531230e+06   4.8522949e+01
   1.4531840e+06   2.8747559e+01
   1.4532100e+06   4.8400879e+01
   1.4533230e+06   4.8278809e+01
   1.4536060e+06   5.5114746e+01
   1.4596760e+06   6.1523438e+01
   1.4598030e+06   5.7861328e+01
   1.4598550e+06   1.8249512e+01
   1.4599150e+06   2.3315430e+01
   1.4600210e+06   2.8564453e+01
   1.4600890e+06   1.7761230e+01
   1.4601140e+06   2.7099609e+01
   1.4601990e+06   2.3559570e+01
   1.4602720e+06   2.2155762e+01
   1.4650230e+06   2.6306152e+01
   1.4651560e+06   5.5603027e+01
   1.4652160e+06   5.6823730e+01
   1.4652670e+06   3.0639648e+01
   1.4653490e+06   4.8522949e+01
   1.4653650e+06   1.7883301e+01
   1.4654170e+06   3.1188965e+01
   1.4654310e+06   1.8737793e+01
   1.4654930e+06   2.5878906e+01
   1.4655130e+06   2.8686523e+01
   1.4655300e+06   5.1391602e+01
   1.4655690e+06   1.8127441e+01
   1.4656220e+06   2.1240234e+01
   1.4656550e+06   2.7099609e+01
   1.4656670e+06   2.9846191e+01
   1.4657010e+06   5.2001953e+01
   1.4657540e+06   4.9011230e+01
   1.4658220e+06   5.2001953e+01
   1.4659970e+06   5.9082031e+01
   1.4725290e+06   5.6579590e+01
   1.4727780e+06   5.1818848e+01
   1.4728060e+06   1.8798828e+01
   1.4728560e+06   1.9287109e+01
   1.4729460e+06   5.7128906e+01
   1.4730250e+06   5.0964355e+01
   1.4730360e+06   2.5573730e+01
   1.4730820e+06   5.8959961e+01
   1.4731300e+06   6.3354492e+01
   1.4731840e+06   4.8095703e+01
   1.4732010e+06   3.1738281e+01
   1.4732230e+06   5.0109863e+01
   1.4732690e+06   2.3803711e+01
   1.4733120e+06   2.1850586e+01
   1.4733540e+06   2.6916504e+01
   1.4734080e+06   5.4321289e+01
   1.4735180e+06   2.0446777e+01
   1.4736180e+06   4.9011230e+01
   1.4804160e+06   5.5358887e+01
   1.4805280e+06   1.9836426e+01
   1.4805970e+06   5.7067871e+01
   1.4806850e+06   1.7822266e+01
   1.4807100e+06   5.7189941e+01
   1.4807690e+06   5.0231934e+01
   1.4807910e+06   1.8920898e+01
   1.4808250e+06   3.6987305e+01
   1.4808560e+06   2.0446777e+01
   1.4808950e+06   5.9692383e+01
   1.4809440e+06   6.2622070e+01
   1.4809620e+06   2.4353027e+01
   1.4810080e+06   4.9255371e+01
   1.4810420e+06   1.8676758e+01
   1.4810610e+06   5.2856445e+01
   1.4811590e+06   5.4382324e+01
   1.4813370e+06   2.2521973e+01
   1.4817890e+06   5.5053711e+01
   1.4877070e+06   2.7343750e+01
   1.4877800e+06   5.3405762e+01
   1.4878720e+06   3.8330078e+01
   1.4879220e+06   2.0019531e+01
   1.4879490e+06   5.7250977e+01
   1.4880050e+06   5.4382324e+01
   1.4880570e+06   2.6000977e+01
   1.4880900e+06   2.6977539e+01
   1.4881200e+06   4.7058105e+01
   1.4881580e+06   6.2561035e+01
   1.4881790e+06   2.4047852e+01
   1.4882030e+06   2.0812988e+01
   1.4882570e+06   1.9897461e+01
   1.4883050e+06   4.8645020e+01
   1.4883160e+06   1.7761230e+01
   1.4883320e+06   1.8005371e+01
   1.4883750e+06   4.9438477e+01
   1.4884630e+06   4.8400879e+01
   1.4954950e+06   2.7282715e+01
   1.4956170e+06   2.5939941e+01
   1.4956930e+06   2.4597168e+01
   1.4957730e+06   2.6489258e+01
   1.4958140e+06   1.8493652e+01
   1.4958540e+06   5.9326172e+01
   1.4959010e+06   1.8066406e+01
   1.4959150e+06   4.8583984e+01
   1.4959530e+06   6.1401367e+01
   1.4959960e+06   2.9541016e+01
   1.4960120e+06   4.5593262e+01
   1.4960230e+06   2.0629883e+01
   1.4960590e+06   2.0812988e+01
   1.4960710e+06   2.3437500e+01
   1.4960970e+06   5.8715820e+01
   1.4961430e+06   3.4790039e+01
   1.4961540e+06   1.8676758e+01
   1.4962150e+06   4.7363281e+01
   1.4962710e+06   4.8950195e+01
   1.4963120e+06   4.0222168e+01
   1.4963800e+06   1.8005371e+01
   1.4965090e+06   5.6030273e+01
   1.4968520e+06   6.0852051e+01
   1.5031740e+06   5.9875488e+01
   1.5033460e+06   1.9348145e+01
   1.5033820e+06   2.1728516e+01
   1.5034310e+06   1.8920898e+01
   1.5034440e+06   2.3986816e+01
   1.5035110e+06   2.1057129e+01
   1.5035950e+06   2.2216797e+01
   1.5036190e+06   2.4902344e+01
   1.5036300e+06   4.4677734e+01
   1.5036840e+06   5.1879883e+01
   1.5037180e+06   1.8005371e+01
   1.5037530e+06   5.3100586e+01
   1.5037950e+06   4.8950195e+01
   1.5038490e+06   2.4230957e+01
   1.5039000e+06   4.7363281e+01
   1.5039610e+06   4.8767090e+01
   1.5040070e+06   4.9438477e+01
   1.5040750e+06   4.5166016e+01
   1.5105010e+06   2.2827148e+01
   1.5106440e+06   2.1423340e+01
   1.5106740e+06   1.8676758e+01
   1.5107310e+06   6.7932129e+01
   1.5108050e+06   5.6579590e+01
   1.5108310e+06   2.0019531e+01
   1.5108850e+06   5.9143066e+01
   1.5109020e+06   1.9714355e+01
   1.5109170e+06   2.0629883e+01
   1.5109390e+06   5.4626465e+01
   1.5109640e+06   1.8371582e+01
   1.5110040e+06   4.5410156e+01
   1.5110360e+06   4.9377441e+01
   1.5110840e+06   2.6000977e+01
   1.5111300e+06   4.4860840e+01
   1.5111760e+06   4.9194336e+01
   1.5112260e+06   4.5898438e+01
   1.5112710e+06   3.6010742e+01
   1.5113130e+06   1.9042969e+01
   1.5113800e+06   4.0405273e+01
   1.5114640e+06   1.8615723e+01
   1.5115210e+06   4.4982910e+01
   1.5120880e+06   5.8715820e+01
   1.5198020e+06   1.9287109e+01
   1.5198800e+06   2.7587891e+01
   1.5199460e+06   2.9785156e+01
   1.5200050e+06   2.0812988e+01
   1.5200250e+06   2.4169922e+01
   1.5200660e+06   2.2338867e+01
   1.5200760e+06   2.7709961e+01
   1.5201040e+06   5.1513672e+01
   1.5201340e+06   1.8615723e+01
   1.5201450e+06   4.2785645e+01
   1.5201830e+06   5.4870605e+01
   1.5202220e+06   4.9072266e+01
   1.5202420e+06   2.6123047e+01
   1.5202710e+06   4.8339844e+01
   1.5202910e+06   2.7648926e+01
   1.5203140e+06   4.3945312e+01
   1.5203320e+06   3.1372070e+01
   1.5203550e+06   1.8188477e+01
   1.5204010e+06   4.8034668e+01
   1.5204400e+06   5.2001953e+01
   1.5204770e+06   2.4536133e+01
   1.5205320e+06   4.5227051e+01
   1.5205780e+06   1.9653320e+01
   1.5206360e+06   2.1606445e+01
   1.5207070e+06   1.9287109e+01
   1.5208230e+06   1.8310547e+01
   1.5209430e+06   5.5847168e+01
   1.5284690e+06   1.8127441e+01
   1.5286300e+06   2.6794434e+01
   1.5286890e+06   2.8198242e+01
   1.5287850e+06   3.1250000e+01
   1.5288380e+06   5.5603027e+01
   1.5288930e+06   2.2338867e+01
   1.5289060e+06   5.9997559e+01
   1.5289190e+06   2.0324707e+01
   1.5289850e+06   5.3100586e+01
   1.5290080e+06   1.9165039e+01
   1.5290760e+06   2.8808594e+01
   1.5290920e+06   2.1240234e+01
   1.5291400e+06   2.0141602e+01
   1.5291810e+06   2.5512695e+01
   1.5292270e+06   1.8249512e+01
   1.5292720e+06   4.1564941e+01
   1.5293770e+06   4.6997070e+01
   1.5294970e+06   2.0629883e+01
   1.5296720e+06   1.8615723e+01
   1.5359780e+06   2.6672363e+01
   1.5360540e+06   1.8066406e+01
   1.5360940e+06   2.2705078e+01
   1.5361780e+06   2.1545410e+01
   1.5362080e+06   1.9531250e+01
   1.5362620e+06   6.6955566e+01
   1.5362920e+06   1.9836426e+01
   1.5363450e+06   1.9348145e+01
   1.5363590e+06   2.2033691e+01
   1.5364080e+06   6.1157227e+01
   1.5364300e+06   1.8432617e+01
   1.5364520e+06   5.9875488e+01
   1.5364710e+06   2.3254395e+01
   1.5364950e+06   5.7800293e+01
   1.5365070e+06   1.9409180e+01
   1.5365340e+06   4.9926758e+01
   1.5365550e+06   2.0446777e+01
   1.5365720e+06   5.4504395e+01
   1.5366040e+06   3.3325195e+01
   1.5366340e+06   2.1789551e+01
   1.5366600e+06   1.9042969e+01
   1.5366730e+06   4.5776367e+01
   1.5367000e+06   2.2521973e+01
   1.5367140e+06   2.3681641e+01
   1.5367660e+06   4.8767090e+01
   1.5368080e+06   3.8818359e+01
   1.5368480e+06   2.2399902e+01
   1.5369040e+06   4.2724609e+01
   1.5369710e+06   5.4260254e+01
   1.5371280e+06   4.8156738e+01
   1.5448170e+06   6.1096191e+01
   1.5449430e+06   6.1035156e+01
   1.5449880e+06   5.4748535e+01
   1.5450650e+06   5.6884766e+01
   1.5451210e+06   5.2795410e+01
   1.5451740e+06   5.3039551e+01
   1.5452100e+06   5.2612305e+01
   1.5452490e+06   2.0996094e+01
   1.5452610e+06   4.4128418e+01
   1.5453070e+06   5.7250977e+01
   1.5453290e+06   2.3803711e+01
   1.5453420e+06   3.5888672e+01
   1.5453940e+06   4.7485352e+01
   1.5454070e+06   2.0935059e+01
   1.5454350e+06   3.8757324e+01
   1.5454630e+06   2.5207520e+01
   1.5454880e+06   2.3559570e+01
   1.5455540e+06   2.1606445e+01
   1.5455720e+06   2.2888184e+01
   1.5456020e+06   4.4982910e+01
   1.5456470e+06   4.3090820e+01
   1.5456970e+06   4.0466309e+01
   1.5457470e+06   4.3579102e+01
   1.5458160e+06   4.3212891e+01
   1.5458720e+06   4.9682617e+01
   1.5534060e+06   5.9875488e+01
   1.5534980e+06   2.0385742e+01
   1.5535660e+06   1.8798828e+01
   1.5535880e+06   5.5541992e+01
   1.5536430e+06   2.8686523e+01
   1.5536530e+06   2.3376465e+01
   1.5536860e+06   1.8737793e+01
   1.5537280e+06   2.1362305e+01
   1.5537550e+06   1.8310547e+01
   1.5537700e+06   2.5268555e+01
   1.5538120e+06   5.2612305e+01
   1.5538300e+06   2.0263672e+01
   1.5538490e+06   5.7861328e+01
   1.5538670e+06   1.8249512e+01
   1.5538980e+06   3.9978027e+01
   1.5539280e+06   1.8310547e+01
   1.5539720e+06   2.1850586e+01
   1.5539960e+06   5.1208496e+01
   1.5540100e+06   1.9042969e+01
   1.5540480e+06   2.5146484e+01
   1.5540580e+06   3.5827637e+01
   1.5540920e+06   4.8767090e+01
   1.5541370e+06   4.3334961e+01
   1.5541890e+06   4.1503906e+01
   1.5542840e+06   4.6813965e+01
   1.5543940e+06   4.4738770e+01
   1.5613050e+06   2.0568848e+01
   1.5613930e+06   1.8310547e+01
   1.5614090e+06   5.2856445e+01
   1.5615350e+06   5.9020996e+01
   1.5615530e+06   1.7944336e+01
   1.5616480e+06   2.4719238e+01
   1.5617170e+06   2.1484375e+01
   1.5617440e+06   1.7700195e+01
   1.5617540e+06   5.3283691e+01
   1.5617790e+06   2.2460937e+01
   1.5618210e+06   5.4138184e+01
   1.5618430e+06   2.7832031e+01
   1.5618640e+06   2.2705078e+01
   1.5619040e+06   2.7404785e+01
   1.5619530e+06   1.7700195e+01
   1.5619830e+06   2.4230957e+01
   1.5620040e+06   6.0668945e+01
   1.5620670e+06   1.9897461e+01
   1.5621310e+06   4.3762207e+01
   1.5621550e+06   1.7883301e+01
   1.5621690e+06   2.3681641e+01
   1.5621980e+06   4.3762207e+01
   1.5622700e+06   4.2114258e+01
   1.5698160e+06   2.0812988e+01
   1.5699160e+06   4.9255371e+01
   1.5699870e+06   5.3161621e+01
   1.5700600e+06   2.9296875e+01
   1.5701000e+06   5.5419922e+01
   1.5701120e+06   2.1362305e+01
   1.5701530e+06   2.1789551e+01
   1.5701770e+06   2.1423340e+01
   1.5701980e+06   6.2561035e+01
   1.5702200e+06   2.1423340e+01
   1.5702440e+06   5.5114746e+01
   1.5702550e+06   3.3935547e+01
   1.5703050e+06   4.9865723e+01
   1.5703400e+06   3.6621094e+01
   1.5703730e+06   4.4311523e+01
   1.5703990e+06   2.4719238e+01
   1.5704120e+06   3.8085938e+01
   1.5704520e+06   3.5888672e+01
   1.5704810e+06   2.3010254e+01
   1.5704980e+06   3.7475586e+01
   1.5705640e+06   4.3823242e+01
   1.5705970e+06   1.8127441e+01
   1.5706270e+06   1.9592285e+01
   1.5706490e+06   4.6264648e+01
   1.5707190e+06   3.6437988e+01
   1.5707580e+06   2.0324707e+01
   1.5708150e+06   4.7424316e+01
   1.5708940e+06   4.3640137e+01
   1.5787430e+06   5.4931641e+01
   1.5788690e+06   2.7221680e+01
   1.5789840e+06   5.1818848e+01
   1.5790410e+06   2.4108887e+01
   1.5790850e+06   1.8920898e+01
   1.5791000e+06   6.0119629e+01
   1.5791620e+06   2.6367188e+01
   1.5791940e+06   1.7944336e+01
   1.5792360e+06   2.4475098e+01
   1.5792690e+06   1.8554688e+01
   1.5793010e+06   5.0537109e+01
   1.5793160e+06   1.8981934e+01
   1.5793520e+06   5.2185059e+01
   1.5794010e+06   5.6396484e+01
   1.5794190e+06   1.8188477e+01
   1.5794590e+06   5.0659180e+01
   1.5794750e+06   1.9531250e+01
   1.5795060e+06   4.3212891e+01
   1.5795530e+06   4.2297363e+01
   1.5796230e+06   2.5939941e+01
   1.5796470e+06   5.3344727e+01
   1.5797180e+06   4.7241211e+01
   1.5797940e+06   5.3833008e+01
   1.5799170e+06   1.8554688e+01
   1.5887850e+06   5.8532715e+01
   1.5888820e+06   2.2705078e+01
   1.5889040e+06   1.7822266e+01
   1.5889310e+06   2.4047852e+01
   1.5889610e+06   2.0812988e+01
   1.5890140e+06   6.0241699e+01
   1.5890770e+06   3.2104492e+01
   1.5890870e+06   2.3620605e+01
   1.5891120e+06   4.4067383e+01
   1.5891310e+06   2.2033691e+01
   1.5891510e+06   4.3090820e+01
   1.5891610e+06   1.9592285e+01
   1.5891880e+06   2.0751953e+01
   1.5891980e+06   4.4311523e+01
   1.5892350e+06   4.2114258e+01
   1.5892630e+06   2.2460938e+01
   1.5892730e+06   2.3132324e+01
   1.5892950e+06   1.9653320e+01
   1.5893170e+06   3.5522461e+01
   1.5893340e+06   1.8737793e+01
   1.5893550e+06   2.9357910e+01
   1.5893650e+06   2.9052734e+01
   1.5894120e+06   3.7963867e+01
   1.5894360e+06   1.9958496e+01
   1.5894700e+06   4.5898438e+01
   1.5894970e+06   2.3803711e+01
   1.5895150e+06   4.4738770e+01
   1.5895620e+06   4.2419434e+01
   1.5896200e+06   4.8950195e+01
   1.5896420e+06   2.3376465e+01
   1.5896830e+06   4.0039063e+01
   1.5897380e+06   5.1879883e+01
   1.5897960e+06   4.4982910e+01
   1.5898500e+06   4.9255371e+01
   1.5899490e+06   5.6091309e+01
   1.5901170e+06   5.2612305e+01
   1.5903880e+06   5.4016113e+01
   1.5994530e+06   5.3466797e+01
   1.5996230e+06   2.9174805e+01
   1.5997380e+06   2.2460938e+01
   1.5997780e+06   1.9653320e+01
   1.5998060e+06   2.6245117e+01
   1.5998600e+06   5.6091309e+01
   1.5998840e+06   1.8981934e+01
   1.5999120e+06   2.9113770e+01
   1.5999380e+06   5.8898926e+01
   1.5999530e+06   2.6123047e+01
   1.5999780e+06   1.9226074e+01
   1.5999920e+06   4.9438477e+01
   1.6000190e+06   2.8991699e+01
   1.6000540e+06   2.4475098e+01
   1.6000890e+06   2.9724121e+01
   1.6001420e+06   1.9348145e+01
   1.6001760e+06   3.1250000e+01
   1.6002190e+06   4.1809082e+01
   1.6002520e+06   2.0019531e+01
   1.6003020e+06   4.8645020e+01
   1.6003200e+06   2.6489258e+01
   1.6003710e+06   4.5043945e+01
   1.6004120e+06   4.0832520e+01
   1.6004640e+06   2.2766113e+01
   1.6004800e+06   4.2541504e+01
   1.6005290e+06   3.5156250e+01
   1.6006100e+06   4.5898438e+01
   1.6006670e+06   5.3344727e+01
   1.6008120e+06   5.1757812e+01
   1.6013040e+06   2.1728516e+01
   1.6090110e+06   2.4963379e+01
   1.6091960e+06   2.6123047e+01
   1.6093510e+06   1.9226074e+01
   1.6094290e+06   1.8005371e+01
   1.6094710e+06   5.4382324e+01
   1.6095110e+06   5.5603027e+01
   1.6095660e+06   4.5043945e+01
   1.6095840e+06   2.0080566e+01
   1.6096170e+06   5.4870605e+01
   1.6096680e+06   5.1269531e+01
   1.6096930e+06   1.8249512e+01
   1.6097120e+06   5.5297852e+01
   1.6097330e+06   1.9409180e+01
   1.6097600e+06   5.0781250e+01
   1.6097730e+06   2.4414062e+01
   1.6098120e+06   4.3334961e+01
   1.6098380e+06   2.5207520e+01
   1.6098540e+06   4.2480469e+01
   1.6099060e+06   4.5349121e+01
   1.6099440e+06   1.8798828e+01
   1.6099780e+06   1.9042969e+01
   1.6100250e+06   4.3457031e+01
   1.6101000e+06   4.2053223e+01
   1.6102440e+06   5.1391602e+01
   1.6192370e+06   1.7822266e+01
   1.6193720e+06   4.9804687e+01
   1.6194620e+06   2.5024414e+01
   1.6194860e+06   1.8432617e+01
   1.6195140e+06   5.2917480e+01
   1.6195340e+06   1.8615723e+01
   1.6195730e+06   4.8217773e+01
   1.6195880e+06   2.3254395e+01
   1.6196140e+06   5.0598145e+01
   1.6196260e+06   2.0507812e+01
   1.6196490e+06   4.0771484e+01
   1.6196790e+06   2.6611328e+01
   1.6196940e+06   2.3986816e+01
   1.6197320e+06   3.4973145e+01
   1.6197630e+06   6.4086914e+01
   1.6198030e+06   3.5461426e+01
   1.6198440e+06   3.5949707e+01
   1.6198590e+06   3.4851074e+01
   1.6198870e+06   3.0273438e+01
   1.6199300e+06   3.2836914e+01
   1.6199790e+06   2.0812988e+01
   1.6199930e+06   4.0710449e+01
   1.6200480e+06   3.7048340e+01
   1.6200730e+06   1.9287109e+01
   1.6201080e+06   4.7119141e+01
   1.6201260e+06   1.9287109e+01
   1.6201670e+06   4.9987793e+01
   1.6202360e+06   4.5532227e+01
   1.6203320e+06   5.3649902e+01
   1.6203440e+06   1.9409180e+01
   1.6204100e+06   4.6447754e+01
   1.6205060e+06   4.6264648e+01
   1.6206730e+06   2.0141602e+01
   1.6207580e+06   4.8767090e+01
   1.6210120e+06   5.3100586e+01
   1.6213670e+06   5.8410645e+01
   1.6296980e+06   2.6367188e+01
   1.6298550e+06   1.9470215e+01
   1.6299170e+06   1.8920898e+01
   1.6299740e+06   5.3344727e+01
   1.6300350e+06   5.7250977e+01
   1.6300580e+06   1.7761230e+01
   1.6301370e+06   6.0119629e+01
   1.6301750e+06   2.2521973e+01
   1.6301890e+06   5.1147461e+01
   1.6302220e+06   2.6550293e+01
   1.6302420e+06   6.0607910e+01
   1.6302760e+06   3.1005859e+01
   1.6302970e+06   5.1269531e+01
   1.6303280e+06   2.7282715e+01
   1.6303620e+06   1.9104004e+01
   1.6303850e+06   5.3527832e+01
   1.6304080e+06   3.2287598e+01
   1.6304280e+06   4.4860840e+01
   1.6304470e+06   2.1179199e+01
   1.6304710e+06   4.4799805e+01
   1.6305030e+06   3.5339355e+01
   1.6305270e+06   2.0202637e+01
   1.6305460e+06   3.8452148e+01
   1.6305980e+06   4.8034668e+01
   1.6306520e+06   3.7048340e+01
   1.6306780e+06   2.1423340e+01
   1.6307110e+06   1.8737793e+01
   1.6307660e+06   3.3264160e+01
   1.6308210e+06   4.5104980e+01
   1.6308740e+06   5.2307129e+01
   1.6309410e+06   4.7424316e+01
   1.6310450e+06   5.0231934e+01
   1.6399570e+06   2.6428223e+01
   1.6400640e+06   1.8066406e+01
   1.6400800e+06   1.7822266e+01
   1.6402210e+06   2.5207520e+01
   1.6403010e+06   5.4565430e+01
   1.6403500e+06   2.1667480e+01
   1.6403850e+06   2.5207520e+01
   1.6404260e+06   5.2001953e+01
   1.6404560e+06   2.7282715e+01
   1.6404710e+06   5.2673340e+01
   1.6404860e+06   1.9714355e+01
   1.6405130e+06   5.1086426e+01
   1.6405290e+06   2.9541016e+01
   1.6405450e+06   1.8798828e+01
   1.6405680e+06   3.9428711e+01
   1.6405860e+06   2.0996094e+01
   1.6406080e+06   4.0832520e+01
   1.6406240e+06   2.1057129e+01
   1.6406470e+06   3.8391113e+01
   1.6406860e+06   2.3986816e+01
   1.6407160e+06   2.1362305e+01
   1.6407320e+06   2.7282715e+01
   1.6407640e+06   4.1442871e+01
   1.6407830e+06   2.0874023e+01
   1.6407980e+06   2.5146484e+01
   1.6408330e+06   2.3742676e+01
   1.6408500e+06   3.8391113e+01
   1.6408920e+06   2.5512695e+01
   1.6409020e+06   2.4536133e+01
   1.6409180e+06   2.5634766e+01
   1.6409500e+06   3.8940430e+01
   1.6409610e+06   2.0507812e+01
   1.6410180e+06   3.7597656e+01
   1.6410510e+06   1.8676758e+01
   1.6411220e+06   4.4494629e+01
   1.6411750e+06   3.7353516e+01
   1.6412340e+06   5.3344727e+01
   1.6412960e+06   4.0466309e+01
   1.6414260e+06   5.1452637e+01
   1.6527350e+06   2.3864746e+01
   1.6528720e+06   5.7067871e+01
   1.6529320e+06   4.6142578e+01
   1.6529660e+06   1.8493652e+01
   1.6529810e+06   2.3071289e+01
   1.6530050e+06   2.1484375e+01
   1.6530370e+06   5.2124023e+01
   1.6530610e+06   2.3620605e+01
   1.6530760e+06   4.7241211e+01
   1.6531010e+06   2.2460938e+01
   1.6531180e+06   2.5573730e+01
   1.6531480e+06   4.5410156e+01
   1.6531810e+06   3.3813477e+01
   1.6532130e+06   2.1240234e+01
   1.6532580e+06   2.9968262e+01
   1.6532820e+06   1.8066406e+01
   1.6532990e+06   3.3752441e+01
   1.6533400e+06   2.0446777e+01
   1.6533640e+06   2.1240234e+01
   1.6533800e+06   3.4423828e+01
   1.6534110e+06   3.5034180e+01
   1.6534360e+06   2.8259277e+01
   1.6534530e+06   4.3273926e+01
   1.6534820e+06   1.8676758e+01
   1.6535200e+06   1.7761230e+01
   1.6535360e+06   3.0517578e+01
   1.6535800e+06   2.4291992e+01
   1.6536240e+06   3.4362793e+01
   1.6536970e+06   5.4260254e+01
   1.6537370e+06   1.9470215e+01
   1.6537730e+06   4.1687012e+01
   1.6538170e+06   3.7963867e+01
   1.6538930e+06   5.0537109e+01
   1.6539560e+06   4.8950195e+01
   1.6540490e+06   4.5043945e+01
   1.6541500e+06   4.6630859e+01
   1.6542470e+06   4.6203613e+01
   1.6543610e+06   5.1940918e+01
   1.6550750e+06   5.4931641e+01
   1.6658340e+06   2.8076172e+01
   1.6659850e+06   2.5878906e+01
   1.6660800e+06   5.5419922e+01
   1.6661080e+06   1.8005371e+01
   1.6661390e+06   4.3090820e+01
   1.6661760e+06   2.0324707e+01
   1.6662020e+06   3.4179688e+01
   1.6662230e+06   2.3620605e+01
   1.6662490e+06   2.5756836e+01
   1.6662870e+06   2.2338867e+01
   1.6663010e+06   2.0019531e+01
   1.6663380e+06   5.0109863e+01
   1.6663610e+06   2.7343750e+01
   1.6663840e+06   3.6560059e+01
   1.6664100e+06   2.1911621e+01
   1.6664370e+06   3.4118652e+01
   1.6664510e+06   3.2714844e+01
   1.6664710e+06   6.7871094e+01
   1.6664970e+06   3.7414551e+01
   1.6665070e+06   2.9174805e+01
   1.6665370e+06   1.9531250e+01
   1.6666170e+06   3.2470703e+01
   1.6666430e+06   1.7944336e+01
   1.6666700e+06   2.8991699e+01
   1.6666870e+06   2.8015137e+01
   1.6667160e+06   3.7292480e+01
   1.6667590e+06   3.5095215e+01
   1.6668010e+06   3.5522461e+01
   1.6668690e+06   4.1320801e+01
   1.6669140e+06   3.6315918e+01
   1.6669510e+06   3.8696289e+01
   1.6670360e+06   4.0893555e+01
   1.6671090e+06   1.9348145e+01
   1.6671660e+06   4.3884277e+01
   1.6672100e+06   3.9306641e+01
   1.6673490e+06   4.3457031e+01
   1.6674720e+06   4.8950195e+01
   1.6687100e+06   1.8371582e+01
   1.6783590e+06   2.5268555e+01
   1.6785310e+06   3.0151367e+01
   1.6786140e+06   4.7485352e+01
   1.6786580e+06   5.2124023e+01
   1.6786860e+06   1.8066406e+01
   1.6787650e+06   2.2094727e+01
   1.6787830e+06   2.6489258e+01
   1.6788170e+06   4.3701172e+01
   1.6788280e+06   2.6672363e+01
   1.6788690e+06   5.7495117e+01
   1.6789070e+06   4.0039063e+01
   1.6789210e+06   2.2583008e+01
   1.6789340e+06   3.5339355e+01
   1.6789480e+06   3.3325195e+01
   1.6789730e+06   2.4353027e+01
   1.6789850e+06   2.7954102e+01
   1.6790180e+06   4.5410156e+01
   1.6790340e+06   1.9958496e+01
   1.6790560e+06   3.3447266e+01
   1.6790790e+06   5.2734375e+01
   1.6791240e+06   2.7587891e+01
   1.6791370e+06   4.2541504e+01
   1.6791750e+06   3.6254883e+01
   1.6792350e+06   2.7038574e+01
   1.6792490e+06   4.8706055e+01
   1.6792710e+06   2.2521973e+01
   1.6793040e+06   2.3315430e+01
   1.6793300e+06   1.8371582e+01
   1.6793640e+06   1.9409180e+01
   1.6793920e+06   2.4291992e+01
   1.6794080e+06   2.1179199e+01
   1.6794560e+06   2.8259277e+01
   1.6795150e+06   3.0456543e+01
   1.6795530e+06   1.8127441e+01
   1.6796240e+06   4.3212891e+01
   1.6796690e+06   2.7954102e+01
   1.6797320e+06   2.6123047e+01
   1.6797910e+06   3.4729004e+01
   1.6798360e+06   2.5329590e+01
   1.6799070e+06   4.8950195e+01
   1.6799650e+06   4.6997070e+01
   1.6800640e+06   5.0537109e+01
   1.6804270e+06   5.4809570e+01
   1.6812410e+06   6.1340332e+01
   1.6903780e+06   6.5917969e+01
   1.6905460e+06   1.7822266e+01
   1.6906230e+06   5.3466797e+01
   1.6906650e+06   2.6855469e+01
   1.6907170e+06   5.2062988e+01
   1.6907560e+06   1.8432617e+01
   1.6907930e+06   2.0874023e+01
   1.6908210e+06   3.6499023e+01
   1.6908690e+06   2.5207520e+01
   1.6909020e+06   1.9165039e+01
   1.6909310e+06   5.4321289e+01
   1.6909750e+06   5.0781250e+01
   1.6910000e+06   6.5856934e+01
   1.6910100e+06   2.5939941e+01
   1.6910410e+06   4.6081543e+01
   1.6910510e+06   3.0639648e+01
   1.6910730e+06   2.9418945e+01
   1.6911000e+06   8.2458496e+01
   1.6911180e+06   2.1301270e+01
   1.6911570e+06   3.0578613e+01
   1.6911850e+06   2.5268555e+01
   1.6911980e+06   5.7678223e+01
   1.6912240e+06   1.9470215e+01
   1.6912620e+06   6.8603516e+01
   1.6912910e+06   1.8188477e+01
   1.6913140e+06   2.3681641e+01
   1.6913350e+06   3.2592773e+01
   1.6913610e+06   1.9409180e+01
   1.6913840e+06   2.4902344e+01
   1.6913950e+06   7.8674316e+01
   1.6914360e+06   1.8249512e+01
   1.6914600e+06   2.8503418e+01
   1.6914770e+06   1.8737793e+01
   1.6915010e+06   2.5268555e+01
   1.6915380e+06   1.7700195e+01
   1.6915990e+06   2.0263672e+01
   1.6916540e+06   2.8259277e+01
   1.6917050e+06   2.7832031e+01
   1.6917690e+06   3.1127930e+01
   1.6918300e+06   3.1005859e+01
   1.6919220e+06   4.5715332e+01
   1.6919670e+06   3.5156250e+01
   1.6920360e+06   4.7180176e+01
   1.6920480e+06   1.8371582e+01
   1.6920930e+06   1.8066406e+01
   1.6921570e+06   4.6691895e+01
   1.6922880e+06   5.4077148e+01
   1.6940270e+06   5.0415039e+01
   1.7052760e+06   2.0507812e+01
   1.7053400e+06   2.4719238e+01
   1.7053640e+06   1.8432617e+01
   1.7054160e+06   5.3955078e+01
   1.7054530e+06   2.6062012e+01
   1.7054880e+06   5.6640625e+01
   1.7055300e+06   6.8176270e+01
   1.7055620e+06   2.3132324e+01
   1.7055760e+06   5.1818848e+01
   1.7055970e+06   4.5288086e+01
   1.7056110e+06   1.9287109e+01
   1.7056250e+06   5.0415039e+01
   1.7056530e+06   3.1677246e+01
   1.7056720e+06   3.4362793e+01
   1.7056960e+06   4.3579102e+01
   1.7057230e+06   2.6062012e+01
   1.7057400e+06   2.7587891e+01
   1.7057570e+06   2.9541016e+01
   1.7057810e+06   3.3874512e+01
   1.7057940e+06   2.0385742e+01
   1.7058250e+06   2.5634766e+01
   1.7058480e+06   1.9470215e+01
   1.7058630e+06   2.4108887e+01
   1.7059000e+06   3.7109375e+01
   1.7059110e+06   2.3132324e+01
   1.7059420e+06   1.9287109e+01
   1.7059530e+06   3.3203125e+01
   1.7060370e+06   2.2644043e+01
   1.7060500e+06   3.5705566e+01
   1.7061040e+06   1.8615723e+01
   1.7061250e+06   3.7658691e+01
   1.7061530e+06   2.7282715e+01
   1.7061660e+06   2.8137207e+01
   1.7062280e+06   4.7485352e+01
   1.7062480e+06   2.3559570e+01
   1.7062650e+06   2.3925781e+01
   1.7062780e+06   2.2705078e+01
   1.7063020e+06   1.7761230e+01
   1.7063360e+06   4.9743652e+01
   1.7063630e+06   2.0935059e+01
   1.7063740e+06   2.2766113e+01
   1.7064050e+06   2.5695801e+01
   1.7064710e+06   1.9470215e+01
   1.7064940e+06   5.6579590e+01
   1.7065660e+06   2.1057129e+01
   1.7066040e+06   2.3620605e+01
   1.7066720e+06   1.8859863e+01
   1.7067150e+06   1.9897461e+01
   1.7067500e+06   2.8320313e+01
   1.7067940e+06   1.7944336e+01
   1.7068580e+06   3.8146973e+01
   1.7069280e+06   3.8940430e+01
   1.7070020e+06   3.8818359e+01
   1.7070780e+06   4.6875000e+01
   1.7073310e+06   4.5898438e+01
   1.7078880e+06   5.3039551e+01
   1.7189100e+06   2.6489258e+01
   1.7189270e+06   1.9104004e+01
   1.7190510e+06   5.3222656e+01
   1.7191090e+06   1.8920898e+01
   1.7191550e+06   4.6936035e+01
   1.7192340e+06   2.1179199e+01
   1.7192580e+06   2.2338867e+01
   1.7192950e+06   4.3762207e+01
   1.7193250e+06   7.0007324e+01
   1.7193410e+06   2.5085449e+01
   1.7193710e+06   2.9479980e+01
   1.7193850e+06   4.1076660e+01
   1.7194060e+06   5.5847168e+01
   1.7194250e+06   7.1105957e+01
   1.7194510e+06   5.6701660e+01
   1.7194700e+06   6.5002441e+01
   1.7195020e+06   3.1433105e+01
   1.7195250e+06   3.5461426e+01
   1.7195360e+06   4.6508789e+01
   1.7195570e+06   3.0273438e+01
   1.7195820e+06   3.6437988e+01
   1.7196050e+06   3.5461426e+01
   1.7196340e+06   1.8554688e+01
   1.7196590e+06   2.4841309e+01
   1.7196730e+06   3.3630371e+01
   1.7197050e+06   3.0578613e+01
   1.7197650e+06   2.3803711e+01
   1.7197900e+06   3.3447266e+01
   1.7198500e+06   2.6245117e+01
   1.7198690e+06   2.0019531e+01
   1.7199380e+06   2.7893066e+01
   1.7199750e+06   1.9653320e+01
   1.7199920e+06   2.0385742e+01
   1.7200150e+06   3.5949707e+01
   1.7200470e+06   4.4799805e+01
   1.7200750e+06   1.8005371e+01
   1.7201030e+06   2.2338867e+01
   1.7201510e+06   3.7963867e+01
   1.7201670e+06   2.5756836e+01
   1.7202040e+06   1.9042969e+01
   1.7202350e+06   1.8920898e+01
   1.7202760e+06   3.1127930e+01
   1.7203140e+06   2.4291992e+01
   1.7203730e+06   3.2897949e+01
   1.7204210e+06   2.2277832e+01
   1.7204570e+06   2.4291992e+01
   1.7205300e+06   3.9062500e+01
   1.7205840e+06   4.2785645e+01
   1.7207080e+06   4.6142578e+01
   1.7207780e+06   5.1635742e+01
   1.7211020e+06   5.4931641e+01
   1.7217890e+06   5.6152344e+01
   1.7326480e+06   5.1452637e+01
   1.7326780e+06   1.8188477e+01
   1.7328170e+06   5.1147461e+01
   1.7328270e+06   1.9592285e+01
   1.7328390e+06   1.8676758e+01
   1.7328950e+06   5.4504395e+01
   1.7329570e+06   4.9072266e+01
   1.7329880e+06   4.9682617e+01
   1.7329980e+06   6.6040039e+01
   1.7330370e+06   5.8227539e+01
   1.7330600e+06   6.8237305e+01
   1.7330790e+06   3.6926270e+01
   1.7331130e+06   4.3640137e+01
   1.7331410e+06   4.5349121e+01
   1.7331510e+06   1.9348145e+01
   1.7331750e+06   5.3771973e+01
   1.7332000e+06   6.2622070e+01
   1.7332330e+06   3.0456543e+01
   1.7332480e+06   2.8198242e+01
   1.7332630e+06   3.0822754e+01
   1.7333000e+06   4.5104980e+01
   1.7333100e+06   2.1179199e+01
   1.7333230e+06   4.8583984e+01
   1.7333410e+06   2.3498535e+01
   1.7333590e+06   1.9531250e+01
   1.7333890e+06   2.5512695e+01
   1.7334090e+06   2.6428223e+01
   1.7334470e+06   2.0935059e+01
   1.7334610e+06   2.5756836e+01
   1.7334920e+06   2.6062012e+01
   1.7335300e+06   2.3803711e+01
   1.7335430e+06   2.4353027e+01
   1.7335680e+06   3.0700684e+01
   1.7336110e+06   1.7883301e+01
   1.7336350e+06   2.1301270e+01
   1.7337000e+06   1.8798828e+01
   1.7337140e+06   2.0935059e+01
   1.7337330e+06   1.9592285e+01
   1.7337780e+06   2.6184082e+01
   1.7338200e+06   1.8615723e+01
   1.7338470e+06   1.9165039e+01
   1.7338780e+06   1.8188477e+01
   1.7338970e+06   1.8493652e+01
   1.7340030e+06   1.8615723e+01
   1.7340150e+06   4.7973633e+01
   1.7340440e+06   2.6733398e+01
   1.7341350e+06   1.9531250e+01
   1.7341790e+06   1.8554688e+01
   1.7342080e+06   2.8198242e+01
   1.7342860e+06   3.9001465e+01
   1.7343590e+06   3.3630371e+01
   1.7344200e+06   4.0039062e+01
   1.7344930e+06   4.3395996e+01
   1.7347520e+06   5.7128906e+01
   1.7350900e+06   5.3405762e+01
   1.7355580e+06   5.2185059e+01
   1.7366160e+06   2.4414062e+01
   1.7414330e+06   2.4169922e+01
   1.7467010e+06   2.1545410e+01
   1.7489490e+06   2.4169922e+01
   1.7489980e+06   1.8005371e+01
   1.7490580e+06   6.1462402e+01
   1.7490720e+06   1.8981934e+01
   1.7491300e+06   3.0883789e+01
   1.7491590e+06   4.3457031e+01
   1.7491870e+06   5.1025391e+01
   1.7491980e+06   2.1362305e+01
   1.7492290e+06   4.2724609e+01
   1.7492420e+06   3.7597656e+01
   1.7492620e+06   2.6489258e+01
   1.7492860e+06   4.6386719e+01
   1.7492990e+06   5.5053711e+01
   1.7493410e+06   5.8715820e+01
   1.7493610e+06   2.6123047e+01
   1.7493900e+06   4.5959473e+01
   1.7494150e+06   2.8991699e+01
   1.7494280e+06   3.3874512e+01
   1.7494640e+06   3.9550781e+01
   1.7494980e+06   2.1850586e+01
   1.7495330e+06   2.7648926e+01
   1.7495430e+06   3.6926270e+01
   1.7496250e+06   1.9165039e+01
   1.7496480e+06   1.8798828e+01
   1.7497220e+06   1.8066406e+01
   1.7497910e+06   1.9958496e+01
   1.7498270e+06   1.9897461e+01
   1.7498610e+06   2.6184082e+01
   1.7499260e+06   3.5644531e+01
   1.7499500e+06   2.3986816e+01
   1.7499760e+06   1.9348145e+01
   1.7500050e+06   1.9165039e+01
   1.7500380e+06   3.2653809e+01
   1.7500620e+06   4.7485352e+01
   1.7500900e+06   3.0578613e+01
   1.7501290e+06   1.8615723e+01
   1.7501870e+06   2.0751953e+01
   1.7502150e+06   2.0996094e+01
   1.7502580e+06   3.4790039e+01
   1.7503520e+06   3.7048340e+01
   1.7503780e+06   2.1118164e+01
   1.7503920e+06   1.8310547e+01
   1.7504490e+06   1.8737793e+01
   1.7504880e+06   1.9226074e+01
   1.7504990e+06   3.8818359e+01
   1.7505650e+06   2.6123047e+01
   1.7505990e+06   1.9836426e+01
   1.7506750e+06   3.7719727e+01
   1.7507360e+06   3.9123535e+01
   1.7508320e+06   4.8461914e+01
   1.7509640e+06   4.7912598e+01
   1.7511170e+06   5.3771973e+01
   1.7515860e+06   4.9377441e+01
   1.7517690e+06   5.5847168e+01
   1.7518880e+06   5.3344727e+01
   1.7520250e+06   5.8776855e+01
   1.7538770e+06   5.1452637e+01
   1.7666690e+06   1.9897461e+01
   1.7667420e+06   2.2583008e+01
   1.7695410e+06   2.6916504e+01
   1.7696610e+06   2.5146484e+01
   1.7696810e+06   2.7648926e+01
   1.7696910e+06   1.8249512e+01
   1.7697430e+06   2.5268555e+01
   1.7697800e+06   2.6916504e+01
   1.7697960e+06   5.4443359e+01
   1.7698260e+06   7.7819824e+01
   1.7698480e+06   2.7465820e+01
   1.7698670e+06   4.9621582e+01
   1.7698790e+06   4.3823242e+01
   1.7698930e+06   5.5786133e+01
   1.7699160e+06   3.4729004e+01
   1.7699350e+06   6.1767578e+01
   1.7699560e+06   2.3803711e+01
   1.7699820e+06   3.3020020e+01
   1.7700050e+06   2.9663086e+01
   1.7700200e+06   3.2287598e+01
   1.7700540e+06   3.1738281e+01
   1.7700860e+06   2.2583008e+01
   1.7701170e+06   4.0527344e+01
   1.7701270e+06   2.2033691e+01
   1.7701870e+06   3.4240723e+01
   1.7702340e+06   1.8554688e+01
   1.7702600e+06   2.5451660e+01
   1.7702930e+06   2.0446777e+01
   1.7703260e+06   2.0812988e+01
   1.7703360e+06   2.3742676e+01
   1.7703670e+06   2.3681641e+01
   1.7703830e+06   1.8615723e+01
   1.7704250e+06   2.5329590e+01
   1.7704700e+06   2.5451660e+01
   1.7704820e+06   2.9296875e+01
   1.7705230e+06   2.5695801e+01
   1.7705900e+06   2.3315430e+01
   1.7706230e+06   1.7883301e+01
   1.7706370e+06   2.1850586e+01
   1.7707120e+06   2.6184082e+01
   1.7707440e+06   2.5329590e+01
   1.7707810e+06   2.7587891e+01
   1.7708020e+06   1.8920898e+01
   1.7708530e+06   2.5329590e+01
   1.7708950e+06   2.6733398e+01
   1.7709110e+06   1.8859863e+01
   1.7709680e+06   2.0935059e+01
   1.7709990e+06   2.1484375e+01
   1.7710290e+06   2.8015137e+01
   1.7710540e+06   1.7822266e+01
   1.7711120e+06   3.1677246e+01
   1.7711360e+06   2.4108887e+01
   1.7711630e+06   2.0935059e+01
   1.7711930e+06   2.7221680e+01
   1.7712210e+06   3.6254883e+01
   1.7712490e+06   2.5268555e+01
   1.7712590e+06   2.8564453e+01
   1.7712920e+06   2.3193359e+01
   1.7713380e+06   3.1860352e+01
   1.7713680e+06   1.9348145e+01
   1.7714380e+06   4.0100098e+01
   1.7714760e+06   2.4108887e+01
   1.7715790e+06   4.2419434e+01
   1.7716490e+06   4.6386719e+01
   1.7717610e+06   4.7912598e+01
   1.7721200e+06   5.0903320e+01
   1.7722910e+06   5.7983398e+01
   1.7725420e+06   2.1911621e+01
   1.7730780e+06   5.1757813e+01
   1.7834790e+06   2.3681641e+01
   1.7885080e+06   1.8859863e+01
   1.7885200e+06   2.2033691e+01
   1.7885600e+06   2.4902344e+01
   1.7885830e+06   4.6264648e+01
   1.7885940e+06   5.3649902e+01
   1.7886160e+06   2.7099609e+01
   1.7886470e+06   5.8410645e+01
   1.7886740e+06   5.5480957e+01
   1.7886840e+06   3.5217285e+01
   1.7887020e+06   2.1972656e+01
   1.7887180e+06   3.6865234e+01
   1.7887410e+06   2.9113770e+01
   1.7887520e+06   2.8503418e+01
   1.7887860e+06   3.3996582e+01
   1.7888150e+06   2.9113770e+01
   1.7888250e+06   2.4841309e+01
   1.7888500e+06   2.9113770e+01
   1.7888740e+06   1.8859863e+01
   1.7888890e+06   2.6062012e+01
   1.7889120e+06   2.5634766e+01
   1.7889300e+06   2.0080566e+01
   1.7889490e+06   2.2644043e+01
   1.7890280e+06   2.2155762e+01
   1.7890620e+06   1.9165039e+01
   1.7891220e+06   1.8005371e+01
   1.7891330e+06   1.9958496e+01
   1.7891580e+06   2.1118164e+01
   1.7891960e+06   2.5146484e+01
   1.7892210e+06   1.7761230e+01
   1.7892950e+06   2.4047852e+01
   1.7893430e+06   2.0385742e+01
   1.7894210e+06   2.3376465e+01
   1.7894450e+06   2.0751953e+01
   1.7894850e+06   2.0263672e+01
   1.7895340e+06   1.9470215e+01
   1.7895880e+06   1.7822266e+01
   1.7896110e+06   1.8676758e+01
   1.7896670e+06   1.7944336e+01
   1.7896900e+06   2.0751953e+01
   1.7897230e+06   2.1118164e+01
   1.7897330e+06   1.8615723e+01
   1.7897740e+06   2.1301270e+01
   1.7898180e+06   1.9042969e+01
   1.7898950e+06   2.2033691e+01
   1.7899060e+06   2.0507812e+01
   1.7899310e+06   2.3925781e+01
   1.7899790e+06   2.1118164e+01
   1.7900020e+06   2.3559570e+01
   1.7900140e+06   2.3986816e+01
   1.7900460e+06   2.4963379e+01
   1.7900700e+06   1.8493652e+01
   1.7901210e+06   4.5532227e+01
   1.7901430e+06   2.9663086e+01
   1.7902010e+06   3.7475586e+01
   1.7902320e+06   2.0874023e+01
   1.7902430e+06   2.4169922e+01
   1.7903180e+06   4.8095703e+01
   1.7903820e+06   4.1015625e+01
   1.7904370e+06   2.1911621e+01
   1.7904700e+06   2.0568848e+01
   1.7905390e+06   4.9560547e+01
   1.7906260e+06   4.5776367e+01
   1.7908860e+06   3.7780762e+01
   1.7909970e+06   5.0231934e+01
   1.7913220e+06   1.8005371e+01
   1.7915980e+06   5.5053711e+01
   1.7917890e+06   5.5114746e+01
   1.7922200e+06   2.5451660e+01
   1.7928050e+06   5.6579590e+01
   1.7933510e+06   5.7678223e+01
   1.7945530e+06   2.0507812e+01
   1.8041400e+06   2.5390625e+01
   1.8048260e+06   2.6672363e+01
   1.8048400e+06   4.1381836e+01
   1.8048700e+06   2.4047852e+01
   1.8048980e+06   9.5886230e+01
   1.8049270e+06   2.9846191e+01
   1.8049500e+06   4.1259766e+01
   1.8049660e+06   4.3884277e+01
   1.8049780e+06   3.6193848e+01
   1.8050010e+06   5.0109863e+01
   1.8050330e+06   3.7536621e+01
   1.8050480e+06   3.3203125e+01
   1.8050640e+06   2.1057129e+01
   1.8050800e+06   2.2338867e+01
   1.8051080e+06   2.6367188e+01
   1.8051380e+06   2.3193359e+01
   1.8051500e+06   2.2827148e+01
   1.8051760e+06   2.9052734e+01
   1.8052440e+06   1.8859863e+01
   1.8052770e+06   2.6672363e+01
   1.8054280e+06   1.8676758e+01
   1.8054860e+06   1.8371582e+01
   1.8055050e+06   2.2277832e+01
   1.8055220e+06   2.3193359e+01
   1.8055990e+06   2.0019531e+01
   1.8056910e+06   2.2583008e+01
   1.8057200e+06   2.4230957e+01
   1.8057620e+06   1.8005371e+01
   1.8057830e+06   1.8127441e+01
   1.8058340e+06   2.1057129e+01
   1.8058740e+06   1.8249512e+01
   1.8059610e+06   1.9226074e+01
   1.8059760e+06   1.7944336e+01
   1.8060170e+06   1.8859863e+01
   1.8060420e+06   3.1616211e+01
   1.8060740e+06   1.8676758e+01
   1.8061380e+06   1.9775391e+01
   1.8061940e+06   2.0446777e+01
   1.8062270e+06   2.3193359e+01
   1.8063180e+06   1.8188477e+01
   1.8063400e+06   2.3193359e+01
   1.8063640e+06   3.2653809e+01
   1.8064310e+06   3.8696289e+01
   1.8064940e+06   3.5766602e+01
   1.8065790e+06   4.6325684e+01
   1.8067270e+06   4.7058105e+01
   1.8068190e+06   5.2734375e+01
   1.8068930e+06   4.2785645e+01
   1.8070340e+06   5.2490234e+01
   1.8073220e+06   4.6997070e+01
   1.8074880e+06   5.3405762e+01
   1.8078760e+06   5.2307129e+01
   1.8081090e+06   5.7006836e+01
   1.8084100e+06   4.9011230e+01
   1.8086510e+06   2.0751953e+01
   1.8090320e+06   5.8715820e+01
   1.8092800e+06   5.7067871e+01
   1.8122980e+06   1.9470215e+01
   1.8250060e+06   1.9592285e+01
   1.8250260e+06   6.1584473e+01
   1.8250510e+06   6.4636230e+01
   1.8250630e+06   4.9743652e+01
   1.8250890e+06   6.4270020e+01
   1.8251230e+06   6.4575195e+01
   1.8251490e+06   2.6550293e+01
   1.8251640e+06   3.2897949e+01
   1.8251980e+06   2.4841309e+01
   1.8252100e+06   2.6550293e+01
   1.8252400e+06   1.8798828e+01
   1.8252680e+06   3.0456543e+01
   1.8252940e+06   2.3559570e+01
   1.8253760e+06   1.8920898e+01
   1.8253950e+06   1.8066406e+01
   1.8254270e+06   2.8381348e+01
   1.8254630e+06   2.2705078e+01
   1.8255010e+06   2.1118164e+01
   1.8255520e+06   1.8615723e+01
   1.8255670e+06   2.3620605e+01
   1.8256310e+06   1.9226074e+01
   1.8256640e+06   1.9531250e+01
   1.8256740e+06   2.0690918e+01
   1.8257000e+06   2.0019531e+01
   1.8257590e+06   2.1850586e+01
   1.8258560e+06   1.9592285e+01
   1.8258950e+06   1.9409180e+01
   1.8260110e+06   1.9287109e+01
   1.8260420e+06   2.1606445e+01
   1.8260780e+06   2.2583008e+01
   1.8261120e+06   1.7944336e+01
   1.8261430e+06   2.1911621e+01
   1.8261800e+06   2.2949219e+01
   1.8262280e+06   2.1667480e+01
   1.8262460e+06   2.7404785e+01
   1.8262650e+06   1.7944336e+01
   1.8263150e+06   2.0690918e+01
   1.8263760e+06   1.9104004e+01
   1.8263870e+06   2.1179199e+01
   1.8264530e+06   1.7883301e+01
   1.8265340e+06   2.2033691e+01
   1.8265450e+06   2.0080566e+01
   1.8265730e+06   2.0202637e+01
   1.8266500e+06   1.7700195e+01
   1.8267380e+06   2.6611328e+01
   1.8268230e+06   4.4067383e+01
   1.8269460e+06   4.2846680e+01
   1.8270760e+06   4.5410156e+01
   1.8271670e+06   3.2226562e+01
   1.8272620e+06   2.2399902e+01
   1.8272860e+06   5.2185059e+01
   1.8274010e+06   4.4494629e+01
   1.8275180e+06   5.3283691e+01
   1.8276420e+06   5.3894043e+01
   1.8277640e+06   4.7424316e+01
   1.8280470e+06   1.9775391e+01
   1.8282340e+06   1.8981934e+01
   1.8284530e+06   5.4138184e+01
   1.8288370e+06   2.0751953e+01
   1.8291540e+06   2.3437500e+01
   1.8293520e+06   5.3649902e+01
   1.8295340e+06   5.4443359e+01
   1.8300760e+06   1.8249512e+01
   1.8302700e+06   1.9653320e+01
   1.8304560e+06   1.9470215e+01
   1.8305950e+06   1.7700195e+01
   1.8307830e+06   2.4963379e+01
   1.8309360e+06   4.9499512e+01
   1.8312930e+06   5.2368164e+01
   1.8314730e+06   2.5268555e+01
   1.8318150e+06   1.9775391e+01
   1.8319750e+06   5.4504395e+01
   1.8320920e+06   2.2338867e+01
   1.8321410e+06   2.4291992e+01
   1.8322270e+06   5.3527832e+01
   1.8325240e+06   1.7761230e+01
   1.8332690e+06   2.1789551e+01
   1.8335470e+06   2.2766113e+01
   1.8337230e+06   5.4931641e+01
   1.8338690e+06   2.0690918e+01
   1.8340240e+06   1.8615723e+01
   1.8343420e+06   1.8920898e+01
   1.8344820e+06   2.0385742e+01
   1.8351190e+06   5.7434082e+01
   1.8354420e+06   1.8920898e+01
   1.8359050e+06   5.0842285e+01
   1.8362330e+06   2.6733398e+01
   1.8367710e+06   1.9287109e+01
   1.8369290e+06   4.7729492e+01
   1.8370700e+06   4.8522949e+01
   1.8372400e+06   4.9560547e+01
   1.8377210e+06   2.3376465e+01
   1.8383610e+06   2.2216797e+01
   1.8385230e+06   2.0751953e+01
   1.8389140e+06   2.3010254e+01
   1.8390640e+06   4.9560547e+01
   1.8394080e+06   5.7495117e+01
   1.8395960e+06   5.1513672e+01
   1.8401300e+06   5.4565430e+01
   1.8408100e+06   2.3864746e+01
   1.8411840e+06   2.0568848e+01
   1.8415490e+06   2.4719238e+01
   1.8415750e+06   5.4931641e+01
   1.8415850e+06   2.6306152e+01
   1.8416180e+06   2.0751953e+01
   1.8416460e+06   2.7954102e+01
   1.8416700e+06   9.4970703e+01
   1.8416980e+06   5.9875488e+01
   1.8417230e+06   3.7963867e+01
   1.8417430e+06   4.9072266e+01
   1.8417670e+06   2.6184082e+01
   1.8417850e+06   2.6062012e+01
   1.8418010e+06   3.4240723e+01
   1.8418250e+06   3.2897949e+01
   1.8418560e+06   2.4047852e+01
   1.8418760e+06   3.3630371e+01
   1.8419140e+06   2.2583008e+01
   1.8419320e+06   2.0141602e+01
   1.8419610e+06   2.8930664e+01
   1.8419890e+06   2.0874023e+01
   1.8420430e+06   2.5451660e+01
   1.8420700e+06   2.1057129e+01
   1.8421220e+06   3.2409668e+01
   1.8421560e+06   2.0812988e+01
   1.8422050e+06   2.3132324e+01
   1.8422740e+06   2.1057129e+01
   1.8423070e+06   1.7761230e+01
   1.8423260e+06   2.0202637e+01
   1.8423580e+06   1.8432617e+01
   1.8423950e+06   2.9235840e+01
   1.8424600e+06   2.1179199e+01
   1.8424900e+06   2.5329590e+01
   1.8425230e+06   2.7038574e+01
   1.8425510e+06   1.9226074e+01
   1.8426440e+06   1.8066406e+01
   1.8426600e+06   2.2216797e+01
   1.8427130e+06   2.1728516e+01
   1.8427550e+06   2.0324707e+01
   1.8427690e+06   1.9409180e+01
   1.8427970e+06   2.2705078e+01
   1.8428100e+06   2.0507812e+01
   1.8428640e+06   2.0507812e+01
   1.8429670e+06   1.9958496e+01
   1.8429880e+06   1.9348145e+01
   1.8430100e+06   2.0263672e+01
   1.8431260e+06   3.1433105e+01
   1.8432110e+06   3.9428711e+01
   1.8432680e+06   3.5217285e+01
   1.8433270e+06   3.9367676e+01
   1.8434240e+06   4.7729492e+01
   1.8435060e+06   4.3090820e+01
   1.8436050e+06   4.4677734e+01
   1.8437470e+06   5.1147461e+01
   1.8439520e+06   5.0231934e+01
   1.8441970e+06   4.8400879e+01
   1.8443130e+06   4.7058105e+01
   1.8444320e+06   4.8217773e+01
   1.8446870e+06   5.5969238e+01
   1.8450740e+06   4.8828125e+01
   1.8456620e+06   1.8737793e+01
   1.8459220e+06   5.5480957e+01
   1.8468590e+06   5.0476074e+01
   1.8478840e+06   1.7822266e+01
   1.8481770e+06   2.6123047e+01
   1.8485970e+06   5.7800293e+01
   1.8488810e+06   4.3029785e+01
   1.8493860e+06   2.0263672e+01
   1.8494150e+06   2.1667480e+01
   1.8496580e+06   2.2338867e+01
   1.8498160e+06   1.9409180e+01
   1.8499440e+06   2.2888184e+01
   1.8502470e+06   5.2001953e+01
   1.8505320e+06   1.9287109e+01
   1.8508230e+06   5.1757813e+01
   1.8510640e+06   5.6762695e+01
   1.8513680e+06   5.7373047e+01
   1.8516360e+06   5.6213379e+01
   1.8525060e+06   5.5786133e+01
   1.8527050e+06   2.4169922e+01
   1.8530340e+06   5.2551270e+01
   1.8533860e+06   2.7221680e+01
   1.8540720e+06   2.1545410e+01
   1.8546130e+06   5.4504395e+01
   1.8549210e+06   4.6630859e+01
   1.8549490e+06   5.6823730e+01
   1.8551550e+06   1.8127441e+01
   1.8552020e+06   2.2338867e+01
   1.8552710e+06   2.0324707e+01
   1.8554700e+06   2.0874023e+01
   1.8554870e+06   5.5908203e+01
   1.8554990e+06   5.6762695e+01
   1.8555560e+06   3.1311035e+01
   1.8556010e+06   2.3986816e+01
   1.8556510e+06   1.9714355e+01
   1.8556640e+06   6.3903809e+01
   1.8556890e+06   1.8493652e+01
   1.8557220e+06   3.4790039e+01
   1.8557510e+06   6.0363770e+01
   1.8557790e+06   2.6000977e+01
   1.8557950e+06   2.3193359e+01
   1.8558220e+06   4.6081543e+01
   1.8558510e+06   2.1057129e+01
   1.8558850e+06   2.7648926e+01
   1.8559080e+06   2.5573730e+01
   1.8559370e+06   2.2460938e+01
   1.8559630e+06   3.6193848e+01
   1.8559850e+06   2.2827148e+01
   1.8559990e+06   2.1789551e+01
   1.8560320e+06   2.0141602e+01
   1.8560490e+06   2.1911621e+01
   1.8560870e+06   2.0385742e+01
   1.8561190e+06   2.1240234e+01
   1.8561390e+06   1.8676758e+01
   1.8561670e+06   2.4841309e+01
   1.8561860e+06   2.1789551e+01
   1.8562240e+06   1.9104004e+01
   1.8562620e+06   2.9724121e+01
   1.8562900e+06   2.2399902e+01
   1.8563620e+06   3.9245605e+01
   1.8563920e+06   1.8676758e+01
   1.8564350e+06   1.8188477e+01
   1.8564830e+06   2.1179199e+01
   1.8565220e+06   1.7700195e+01
   1.8566200e+06   1.8066406e+01
   1.8566650e+06   1.9165039e+01
   1.8566830e+06   1.8066406e+01
   1.8567850e+06   2.2399902e+01
   1.8568500e+06   2.2827148e+01
   1.8569140e+06   2.7709961e+01
   1.8570250e+06   5.0476074e+01
   1.8571040e+06   4.0466309e+01
   1.8572430e+06   4.8645020e+01
   1.8573650e+06   4.5288086e+01
   1.8574660e+06   4.5227051e+01
   1.8576780e+06   4.9804688e+01
   1.8578460e+06   5.2185059e+01
   1.8580260e+06   2.1850586e+01
   1.8582760e+06   1.8188477e+01
   1.8586400e+06   5.7678223e+01
   1.8589090e+06   1.8737793e+01
   1.8595380e+06   4.9255371e+01
   1.8602420e+06   1.7700195e+01
   1.8607160e+06   5.7556152e+01
   1.8614980e+06   5.9143066e+01
   1.8621490e+06   5.6335449e+01
   1.8624790e+06   5.7434082e+01
   1.8629900e+06   2.1118164e+01
   1.8636310e+06   5.2429199e+01
   1.8638910e+06   1.8127441e+01
   1.8642250e+06   2.0385742e+01
   1.8648900e+06   2.1484375e+01
   1.8654110e+06   2.5207520e+01
   1.8658090e+06   2.4597168e+01
   1.8664950e+06   2.4719238e+01
   1.8667870e+06   5.9753418e+01
   1.8671180e+06   1.8615723e+01
   1.8677360e+06   5.2612305e+01
   1.8681530e+06   5.8471680e+01
   1.8683450e+06   5.4992676e+01
   1.8685500e+06   2.0324707e+01
   1.8685950e+06   4.5837402e+01
   1.8686120e+06   2.4291992e+01
   1.8686620e+06   5.5969238e+01
   1.8687120e+06   8.4350586e+01
   1.8687220e+06   2.1545410e+01
   1.8687480e+06   3.2104492e+01
   1.8687690e+06   4.4616699e+01
   1.8688090e+06   7.2937012e+01
   1.8688220e+06   4.1259766e+01
   1.8688690e+06   4.6386719e+01
   1.8688840e+06   2.2583008e+01
   1.8689110e+06   2.7893066e+01
   1.8689270e+06   3.9611816e+01
   1.8689450e+06   2.4414062e+01
   1.8689620e+06   2.0935059e+01
   1.8689850e+06   3.2836914e+01
   1.8689970e+06   2.7343750e+01
   1.8690240e+06   2.1911621e+01
   1.8690350e+06   2.9296875e+01
   1.8690730e+06   1.9958496e+01
   1.8690840e+06   2.0874023e+01
   1.8691060e+06   1.8676758e+01
   1.8691310e+06   2.3071289e+01
   1.8691570e+06   1.8615723e+01
   1.8691980e+06   1.8432617e+01
   1.8692510e+06   2.4902344e+01
   1.8692740e+06   2.8259277e+01
   1.8693470e+06   2.1057129e+01
   1.8693640e+06   2.3010254e+01
   1.8693790e+06   2.1179199e+01
   1.8694020e+06   1.9104004e+01
   1.8694470e+06   1.7944336e+01
   1.8694700e+06   2.1301270e+01
   1.8695200e+06   2.0874023e+01
   1.8695330e+06   1.8066406e+01
   1.8695970e+06   2.2644043e+01
   1.8696860e+06   2.7648926e+01
   1.8697410e+06   1.9104004e+01
   1.8697790e+06   2.6733398e+01
   1.8698060e+06   1.8005371e+01
   1.8698850e+06   3.3874512e+01
   1.8699440e+06   3.8879395e+01
   1.8700620e+06   2.2155762e+01
   1.8701590e+06   5.1330566e+01
   1.8703150e+06   4.8339844e+01
   1.8704710e+06   4.8767090e+01
   1.8706620e+06   4.8400879e+01
   1.8708120e+06   5.0292969e+01
   1.8709500e+06   4.8828125e+01
   1.8711790e+06   5.6640625e+01
   1.8715030e+06   5.1086426e+01
   1.8715880e+06   4.9133301e+01
   1.8719170e+06   1.9348145e+01
   1.8722240e+06   1.9653320e+01
   1.8727910e+06   5.0170898e+01
   1.8730620e+06   1.7761230e+01
   1.8740120e+06   5.4809570e+01
   1.8743500e+06   5.0476074e+01
   1.8749700e+06   5.4321289e+01
   1.8758660e+06   4.7485352e+01
   1.8765110e+06   1.9165039e+01
   1.8768020e+06   2.2888184e+01
   1.8770830e+06   4.8645020e+01
   1.8773860e+06   2.0996094e+01
   1.8780850e+06   5.2734375e+01
   1.8784450e+06   2.3254395e+01
   1.8794870e+06   6.1340332e+01
   1.8796460e+06   4.7302246e+01
   1.8802300e+06   1.9287109e+01
   1.8804120e+06   1.9104004e+01
   1.8805560e+06   5.7312012e+01
   1.8808850e+06   5.9143066e+01
   1.8814930e+06   5.2001953e+01
   1.8824760e+06   5.9570312e+01
   1.8828960e+06   5.4443359e+01
   1.8839140e+06   1.9409180e+01
   1.8841880e+06   5.3588867e+01
   1.8844940e+06   2.3010254e+01
   1.8847000e+06   7.2448730e+01
   1.8847100e+06   2.3254395e+01
   1.8847340e+06   2.7282715e+01
   1.8847530e+06   3.1433105e+01
   1.8847820e+06   5.0537109e+01
   1.8848130e+06   7.2082520e+01
   1.8848490e+06   4.5593262e+01
   1.8848610e+06   3.7292480e+01
   1.8848890e+06   3.4301758e+01
   1.8849230e+06   4.4372559e+01
   1.8849450e+06   2.7526855e+01
   1.8849600e+06   2.7954102e+01
   1.8849870e+06   4.2907715e+01
   1.8850190e+06   2.2583008e+01
   1.8850350e+06   2.2216797e+01
   1.8850670e+06   2.2827148e+01
   1.8850890e+06   1.8188477e+01
   1.8851080e+06   2.4597168e+01
   1.8851300e+06   1.9226074e+01
   1.8851580e+06   1.8737793e+01
   1.8851800e+06   2.1545410e+01
   1.8852040e+06   2.1423340e+01
   1.8852370e+06   2.6489258e+01
   1.8852950e+06   3.0578613e+01
   1.8853240e+06   2.2277832e+01
   1.8853630e+06   2.2460938e+01
   1.8853760e+06   1.9897461e+01
   1.8854010e+06   2.6428223e+01
   1.8854870e+06   1.8249512e+01
   1.8855060e+06   1.9531250e+01
   1.8856080e+06   2.3620605e+01
   1.8856480e+06   1.9165039e+01
   1.8856830e+06   1.8310547e+01
   1.8857300e+06   1.8371582e+01
   1.8857570e+06   2.2766113e+01
   1.8858450e+06   2.1545410e+01
   1.8859040e+06   2.0324707e+01
   1.8859300e+06   2.4414062e+01
   1.8860150e+06   3.5034180e+01
   1.8861110e+06   3.2165527e+01
   1.8861830e+06   2.6855469e+01
   1.8862050e+06   1.7883301e+01
   1.8862700e+06   4.7485352e+01
   1.8863350e+06   4.4860840e+01
   1.8864350e+06   4.8950195e+01
   1.8865100e+06   4.7180176e+01
   1.8867100e+06   4.7058105e+01
   1.8869780e+06   5.2917480e+01
   1.8871440e+06   4.9743652e+01
   1.8872740e+06   5.2612305e+01
   1.8874690e+06   5.3833008e+01
   1.8876280e+06   1.7700195e+01
   1.8879340e+06   1.9897461e+01
   1.8883320e+06   5.0354004e+01
   1.8885440e+06   5.0659180e+01
   1.8887930e+06   2.0874023e+01
   1.8892910e+06   1.8859863e+01
   1.8900140e+06   5.3771973e+01
   1.8902970e+06   4.8339844e+01
   1.8909750e+06   1.7822266e+01
   1.8912410e+06   5.0354004e+01
   1.8915370e+06   4.4982910e+01
   1.8918560e+06   5.3710938e+01
   1.8921520e+06   2.5573730e+01
   1.8924030e+06   5.6213379e+01
   1.8926520e+06   2.0629883e+01
   1.8929430e+06   2.2399902e+01
   1.8932400e+06   2.0019531e+01
   1.8935660e+06   6.1523438e+01
   1.8939050e+06   5.2368164e+01
   1.8941990e+06   1.9348145e+01
   1.8945200e+06   5.7189941e+01
   1.8951510e+06   5.5175781e+01
   1.8955280e+06   5.2795410e+01
   1.8958990e+06   2.1240234e+01
   1.8962450e+06   4.7607422e+01
   1.8968550e+06   1.8005371e+01
   1.8971680e+06   1.9226074e+01
   1.8979100e+06   2.3681641e+01
   1.8988940e+06   2.1545410e+01
   1.8994840e+06   2.5756836e+01
   1.8998610e+06   4.9865723e+01
   1.9005750e+06   5.1940918e+01
   1.9006720e+06   2.6184082e+01
   1.9007510e+06   5.8959961e+01
   1.9007760e+06   5.3771973e+01
   1.9008200e+06   2.3559570e+01
   1.9008410e+06   7.7941895e+01
   1.9008540e+06   3.0151367e+01
   1.9008970e+06   7.5134277e+01
   1.9009250e+06   3.4423828e+01
   1.9009470e+06   2.4169922e+01
   1.9009620e+06   3.3020020e+01
   1.9009760e+06   3.7780762e+01
   1.9010020e+06   4.1137695e+01
   1.9010140e+06   2.7404785e+01
   1.9010300e+06   1.9409180e+01
   1.9010470e+06   2.2033691e+01
   1.9010690e+06   3.1433105e+01
   1.9011010e+06   2.8320312e+01
   1.9011220e+06   2.5512695e+01
   1.9011490e+06   3.6315918e+01
   1.9011650e+06   2.2583008e+01
   1.9011820e+06   2.6489258e+01
   1.9011990e+06   4.7058105e+01
   1.9012450e+06   2.7343750e+01
   1.9012650e+06   2.1728516e+01
   1.9012920e+06   2.6367188e+01
   1.9013180e+06   2.3193359e+01
   1.9013580e+06   2.6428223e+01
   1.9013760e+06   1.8371582e+01
   1.9014030e+06   2.0263672e+01
   1.9014150e+06   2.5817871e+01
   1.9014580e+06   2.5573730e+01
   1.9014680e+06   2.5146484e+01
   1.9015450e+06   1.9348145e+01
   1.9015970e+06   2.0080566e+01
   1.9016330e+06   1.7700195e+01
   1.9017100e+06   2.3803711e+01
   1.9017530e+06   2.2216797e+01
   1.9017800e+06   1.9775391e+01
   1.9018370e+06   2.2705078e+01
   1.9018750e+06   2.2399902e+01
   1.9019020e+06   1.9531250e+01
   1.9020800e+06   2.7404785e+01
   1.9021110e+06   1.8310547e+01
   1.9021610e+06   2.7038574e+01
   1.9021710e+06   2.1728516e+01
   1.9022370e+06   3.6010742e+01
   1.9023100e+06   4.4921875e+01
   1.9023770e+06   4.0893555e+01
   1.9024580e+06   4.4494629e+01
   1.9026950e+06   5.2551270e+01
   1.9028640e+06   4.7363281e+01
   1.9029740e+06   4.7424316e+01
   1.9031110e+06   5.4138184e+01
   1.9034570e+06   1.9470215e+01
   1.9035710e+06   5.1208496e+01
   1.9038340e+06   4.8522949e+01
   1.9040190e+06   4.8522949e+01
   1.9042630e+06   5.2490234e+01
   1.9044970e+06   1.8371582e+01
   1.9052260e+06   1.8981934e+01
   1.9053990e+06   4.9865723e+01
   1.9062380e+06   1.8371582e+01
   1.9064760e+06   2.0996094e+01
   1.9067620e+06   4.9987793e+01
   1.9073280e+06   5.2490234e+01
   1.9076020e+06   1.8981934e+01
   1.9078940e+06   1.9165039e+01
   1.9082620e+06   1.7700195e+01
   1.9085400e+06   2.3315430e+01
   1.9090900e+06   4.3762207e+01
   1.9095830e+06   5.3955078e+01
   1.9099170e+06   5.8044434e+01
   1.9103070e+06   2.0019531e+01
   1.9106290e+06   4.9987793e+01
   1.9109870e+06   2.2216797e+01
   1.9113820e+06   2.0141602e+01
   1.9117700e+06   2.0507812e+01
   1.9124160e+06   2.2277832e+01
   1.9128510e+06   1.9653320e+01
   1.9131410e+06   5.0964355e+01
   1.9133970e+06   4.0527344e+01
   1.9135080e+06   5.3222656e+01
   1.9135300e+06   2.7404785e+01
   1.9135700e+06   3.2226562e+01
   1.9135910e+06   7.2753906e+01
   1.9136410e+06   6.1035156e+01
   1.9136730e+06   2.8686523e+01
   1.9136890e+06   2.6733398e+01
   1.9137060e+06   6.9946289e+01
   1.9137320e+06   3.0334473e+01
   1.9137480e+06   3.1372070e+01
   1.9137670e+06   2.1545410e+01
   1.9137930e+06   2.2644043e+01
   1.9138140e+06   2.6611328e+01
   1.9138370e+06   2.4719238e+01
   1.9138580e+06   3.1188965e+01
   1.9138860e+06   2.5634766e+01
   1.9139050e+06   3.9550781e+01
   1.9139520e+06   4.4860840e+01
   1.9139700e+06   2.3132324e+01
   1.9139870e+06   3.2043457e+01
   1.9140340e+06   2.0568848e+01
   1.9140470e+06   2.2766113e+01
   1.9140770e+06   2.9541016e+01
   1.9141380e+06   2.9724121e+01
   1.9141590e+06   2.2888184e+01
   1.9141900e+06   2.6306152e+01
   1.9142070e+06   2.7954102e+01
   1.9142290e+06   2.4902344e+01
   1.9143430e+06   2.0690918e+01
   1.9143770e+06   1.8920898e+01
   1.9144130e+06   1.8249512e+01
   1.9145320e+06   2.0690918e+01
   1.9146380e+06   3.5461426e+01
   1.9147200e+06   4.4616699e+01
   1.9148810e+06   4.8767090e+01
   1.9151120e+06   4.4372559e+01
   1.9153460e+06   5.1574707e+01
   1.9155840e+06   5.1696777e+01
   1.9158690e+06   5.0354004e+01
   1.9160820e+06   5.2612305e+01
   1.9163290e+06   4.9499512e+01
   1.9168790e+06   1.7761230e+01
   1.9172400e+06   2.2338867e+01
   1.9175660e+06   2.0324707e+01
   1.9188590e+06   5.7189941e+01
   1.9191240e+06   2.0568848e+01
   1.9204140e+06   2.0141602e+01
   1.9211300e+06   2.1057129e+01
   1.9219720e+06   5.5603027e+01
   1.9230380e+06   2.0385742e+01
   1.9242240e+06   2.1484375e+01
   1.9256280e+06   2.0202637e+01
   1.9259870e+06   5.7312012e+01
   1.9264590e+06   2.1789551e+01
   1.9265910e+06   4.6142578e+01
   1.9266040e+06   4.2419434e+01
   1.9266220e+06   2.5573730e+01
   1.9266590e+06   2.4108887e+01
   1.9267150e+06   4.8400879e+01
   1.9267410e+06   2.2277832e+01
   1.9267680e+06   5.2124023e+01
   1.9267990e+06   4.9804688e+01
   1.9268260e+06   2.3498535e+01
   1.9268440e+06   2.6245117e+01
   1.9268640e+06   3.2409668e+01
   1.9268910e+06   2.6733398e+01
   1.9269350e+06   3.6071777e+01
   1.9269590e+06   2.6977539e+01
   1.9269840e+06   1.7761230e+01
   1.9269990e+06   2.1301270e+01
   1.9270290e+06   3.7841797e+01
   1.9270720e+06   2.1362305e+01
   1.9270990e+06   2.6489258e+01
   1.9271150e+06   2.6977539e+01
   1.9271350e+06   2.8259277e+01
   1.9271870e+06   2.7038574e+01
   1.9271990e+06   2.9174805e+01
   1.9272380e+06   1.8127441e+01
   1.9273140e+06   2.0568848e+01
   1.9273510e+06   2.3071289e+01
   1.9274160e+06   2.0629883e+01
   1.9274840e+06   1.7761230e+01
   1.9275400e+06   1.8676758e+01
   1.9275570e+06   2.2766113e+01
   1.9275920e+06   2.0080566e+01
   1.9276570e+06   2.1545410e+01
   1.9277100e+06   2.7832031e+01
   1.9277710e+06   3.0395508e+01
   1.9278410e+06   4.6264648e+01
   1.9278750e+06   1.8615723e+01
   1.9279380e+06   4.4799805e+01
   1.9280880e+06   5.3161621e+01
   1.9282570e+06   1.8737793e+01
   1.9283470e+06   4.9987793e+01
   1.9286940e+06   5.4565430e+01
   1.9288630e+06   5.1086426e+01
   1.9292330e+06   5.2612305e+01
   1.9295900e+06   5.2856445e+01
   1.9300450e+06   1.8737793e+01
   1.9303970e+06   2.0080566e+01
   1.9308110e+06   5.6335449e+01
   1.9311690e+06   5.7189941e+01
   1.9321930e+06   5.4992676e+01
   1.9331160e+06   4.8461914e+01
   1.9334420e+06   2.0141602e+01
   1.9350990e+06   2.4902344e+01
   1.9353840e+06   5.6884766e+01
   1.9360130e+06   2.2949219e+01
   1.9364380e+06   2.4230957e+01
   1.9371680e+06   2.5451660e+01
   1.9371800e+06   2.0324707e+01
   1.9372160e+06   4.5959473e+01
   1.9372370e+06   2.4536133e+01
   1.9372730e+06   2.4291992e+01
   1.9373110e+06   1.9409180e+01
   1.9373360e+06   5.7556152e+01
   1.9374000e+06   3.3874512e+01
   1.9374380e+06   1.7761230e+01
   1.9375350e+06   5.3405762e+01
   1.9389520e+06   5.6274414e+01
   1.9393440e+06   5.5908203e+01
   1.9403660e+06   5.1574707e+01
   1.9419470e+06   4.6997070e+01
   1.9424150e+06   2.2094727e+01
   1.9437280e+06   1.9531250e+01
   1.9451380e+06   3.9978027e+01
   1.9451970e+06   1.8798828e+01
   1.9452110e+06   5.3344727e+01
   1.9452410e+06   5.1635742e+01
   1.9452640e+06   2.2399902e+01
   1.9453010e+06   7.4157715e+01
   1.9453330e+06   5.3222656e+01
   1.9453510e+06   4.9743652e+01
   1.9453870e+06   6.4514160e+01
   1.9454190e+06   2.7038574e+01
   1.9454340e+06   3.7780762e+01
   1.9454720e+06   4.1625977e+01
   1.9454930e+06   2.7221680e+01
   1.9455130e+06   3.6682129e+01
   1.9455250e+06   3.1616211e+01
   1.9455750e+06   2.1118164e+01
   1.9456030e+06   2.9418945e+01
   1.9456380e+06   2.4291992e+01
   1.9456750e+06   2.3803711e+01
   1.9456890e+06   2.2399902e+01
   1.9457140e+06   2.7038574e+01
   1.9457460e+06   2.0385742e+01
   1.9457960e+06   3.1066895e+01
   1.9458600e+06   1.8981934e+01
   1.9459200e+06   2.4536133e+01
   1.9459850e+06   2.0874023e+01
   1.9460400e+06   1.8188477e+01
   1.9460870e+06   1.8615723e+01
   1.9461500e+06   2.6367188e+01
   1.9461820e+06   2.0202637e+01
   1.9462550e+06   2.1240234e+01
   1.9463200e+06   1.9653320e+01
   1.9463640e+06   2.9113770e+01
   1.9464020e+06   3.1127930e+01
   1.9464750e+06   3.1188965e+01
   1.9465160e+06   3.6315918e+01
   1.9465580e+06   3.6499023e+01
   1.9466160e+06   4.4799805e+01
   1.9467100e+06   4.8767090e+01
   1.9468180e+06   4.9072266e+01
   1.9469380e+06   5.4382324e+01
   1.9471800e+06   4.8645020e+01
   1.9474250e+06   4.8156738e+01
   1.9476200e+06   4.8461914e+01
   1.9477210e+06   5.2856445e+01
   1.9480130e+06   5.5297852e+01
   1.9482110e+06   2.0385742e+01
   1.9486130e+06   5.3894043e+01
   1.9488300e+06   5.5053711e+01
   1.9493480e+06   5.2795410e+01
   1.9497990e+06   1.8066406e+01
   1.9513810e+06   4.0344238e+01
   1.9532240e+06   5.2612305e+01
   1.9535740e+06   5.1818848e+01
   1.9549170e+06   5.7067871e+01
   1.9554940e+06   5.2978516e+01
   1.9572720e+06   5.7128906e+01
   1.9579000e+06   2.0629883e+01
   1.9616380e+06   2.6000977e+01
   1.9616720e+06   4.4677734e+01
   1.9617150e+06   1.9958496e+01
   1.9617660e+06   3.2165527e+01
   1.9617890e+06   5.4260254e+01
   1.9618010e+06   6.4880371e+01
   1.9618390e+06   4.0832520e+01
   1.9618620e+06   4.2358398e+01
   1.9618840e+06   2.8259277e+01
   1.9619020e+06   1.9470215e+01
   1.9619140e+06   4.6569824e+01
   1.9619270e+06   5.3344727e+01
   1.9619770e+06   6.4697266e+01
   1.9619980e+06   1.9470215e+01
   1.9620100e+06   2.0629883e+01
   1.9620240e+06   5.2001953e+01
   1.9620430e+06   2.4291992e+01
   1.9620650e+06   2.8137207e+01
   1.9621000e+06   3.9245605e+01
   1.9621110e+06   3.9367676e+01
   1.9621540e+06   2.0874023e+01
   1.9621670e+06   2.0935059e+01
   1.9622050e+06   3.2226563e+01
   1.9622420e+06   5.0598145e+01
   1.9622600e+06   2.7099609e+01
   1.9622830e+06   1.8249512e+01
   1.9623190e+06   3.0883789e+01
   1.9623350e+06   2.4902344e+01
   1.9623540e+06   1.7761230e+01
   1.9623680e+06   2.8625488e+01
   1.9624060e+06   2.5451660e+01
   1.9624650e+06   2.0996094e+01
   1.9625140e+06   1.9714355e+01
   1.9625420e+06   2.1606445e+01
   1.9625890e+06   3.4606934e+01
   1.9626260e+06   2.1545410e+01
   1.9626890e+06   3.1799316e+01
   1.9627280e+06   2.4353027e+01
   1.9628070e+06   4.2907715e+01
   1.9628600e+06   3.2958984e+01
   1.9629190e+06   1.9287109e+01
   1.9630510e+06   4.5349121e+01
   1.9631980e+06   5.0476074e+01
   1.9635000e+06   5.2917480e+01
   1.9637920e+06   5.3710938e+01
   1.9641040e+06   5.1330566e+01
   1.9648920e+06   1.8676758e+01
   1.9665390e+06   2.5390625e+01
   1.9722260e+06   2.6977539e+01
   1.9728250e+06   5.6579590e+01
   1.9748930e+06   2.5512695e+01
   1.9773080e+06   2.4414062e+01
   1.9800830e+06   5.0170898e+01
   1.9829220e+06   2.5024414e+01
   1.9829560e+06   5.0659180e+01
   1.9829720e+06   1.8371582e+01
   1.9830040e+06   7.2143555e+01
   1.9830230e+06   2.0874023e+01
   1.9830440e+06   5.2795410e+01
   1.9830560e+06   2.0751953e+01
   1.9830920e+06   2.9724121e+01
   1.9831030e+06   2.7343750e+01
   1.9831230e+06   4.1992188e+01
   1.9831510e+06   5.1574707e+01
   1.9831790e+06   5.1574707e+01
   1.9832090e+06   3.1127930e+01
   1.9832200e+06   6.0791016e+01
   1.9832600e+06   5.1696777e+01
   1.9832870e+06   4.4921875e+01
   1.9832990e+06   3.0517578e+01
   1.9833350e+06   3.4667969e+01
   1.9833570e+06   1.8127441e+01
   1.9833770e+06   3.3752441e+01
   1.9834000e+06   2.9724121e+01
   1.9834260e+06   3.1860352e+01
   1.9834420e+06   3.2653809e+01
   1.9834530e+06   2.7893066e+01
   1.9834800e+06   2.4169922e+01
   1.9835100e+06   2.1850586e+01
   1.9835420e+06   3.0517578e+01
   1.9835730e+06   2.1911621e+01
   1.9835850e+06   1.8188477e+01
   1.9836520e+06   2.0324707e+01
   1.9836870e+06   2.2644043e+01
   1.9837200e+06   2.2460938e+01
   1.9838060e+06   3.3203125e+01
   1.9838530e+06   2.3010254e+01
   1.9838700e+06   2.0996094e+01
   1.9838970e+06   2.5268555e+01
   1.9839130e+06   2.1545410e+01
   1.9839580e+06   3.7902832e+01
   1.9840090e+06   2.6611328e+01
   1.9840540e+06   4.0771484e+01
   1.9841050e+06   3.5217285e+01
   1.9841650e+06   4.8400879e+01
   1.9842030e+06   3.5766602e+01
   1.9842950e+06   5.0720215e+01
   1.9843550e+06   3.6987305e+01
   1.9844590e+06   4.7790527e+01
   1.9845130e+06   4.8645020e+01
   1.9846010e+06   4.2968750e+01
   1.9849360e+06   5.5908203e+01
   1.9852460e+06   4.8400879e+01
   1.9855440e+06   2.0202637e+01
   1.9862580e+06   6.3354492e+01
   1.9871990e+06   1.9287109e+01
   1.9877150e+06   5.5969238e+01
   2.1828990e+06   5.6335449e+01
   2.1994400e+06   1.8249512e+01
   2.2180040e+06   2.0629883e+01
   2.2224890e+06   2.6977539e+01
   2.2225000e+06   1.8676758e+01
   2.2238980e+06   2.5329590e+01
   2.2256710e+06   2.0263672e+01
   2.2310680e+06   6.0485840e+01
   2.2339750e+06   6.2316895e+01
   2.2357490e+06   2.5573730e+01
   2.2374960e+06   5.3771973e+01
   2.2392040e+06   2.6062012e+01
   2.2417720e+06   5.2246094e+01
   2.2440650e+06   2.2888184e+01
   2.2462400e+06   5.6762695e+01
   2.2478080e+06   2.9052734e+01
   2.2488980e+06   6.1279297e+01
   2.2520220e+06   2.2155762e+01
   2.2531440e+06   2.5573730e+01
   2.2556400e+06   1.8249512e+01
   2.2566710e+06   2.5146484e+01
   2.2578310e+06   2.5573730e+01
   2.2591280e+06   5.8471680e+01
   2.2600190e+06   4.8217773e+01
   2.2624270e+06   6.0119629e+01
   2.2635340e+06   4.7851562e+01
   2.2651150e+06   2.2949219e+01
   2.2666660e+06   5.7861328e+01
   2.2678950e+06   5.7373047e+01
   2.2693810e+06   2.3620605e+01
   2.2707390e+06   5.6030273e+01
   2.2719830e+06   2.6977539e+01
   2.2728260e+06   5.7250977e+01
   2.2743050e+06   2.2521973e+01
   2.2757900e+06   4.8156738e+01
   2.2774720e+06   2.5207520e+01
   2.2784440e+06   2.3742676e+01
   2.2795960e+06   2.2521973e+01
   2.2809000e+06   5.7312012e+01
   2.2818320e+06   5.1818848e+01
   2.2828700e+06   1.9409180e+01
   2.2838130e+06   5.0476074e+01
   2.2849300e+06   5.0415039e+01
   2.2861200e+06   5.9326172e+01
   2.2867540e+06   2.5329590e+01
   2.2876480e+06   1.7822266e+01
   2.2883850e+06   2.1118164e+01
   2.2895870e+06   5.6884766e+01
   2.2909580e+06   2.8076172e+01
   2.2924180e+06   4.1748047e+01
   2.2934970e+06   5.9326172e+01
   2.2942230e+06   5.1147461e+01
   2.2953850e+06   1.9348145e+01
   2.2967700e+06   5.2062988e+01
   2.2976150e+06   5.6030273e+01
   2.2986230e+06   1.8798828e+01
   2.3003130e+06   2.0812988e+01
   2.3013420e+06   5.2429199e+01
   2.3024560e+06   6.0729980e+01
   2.3033440e+06   6.2255859e+01
   2.3040540e+06   2.7343750e+01
   2.3054420e+06   2.1545410e+01
   2.3067070e+06   5.2001953e+01
   2.3073480e+06   2.5268555e+01
   2.3086090e+06   5.0903320e+01
   2.3092540e+06   5.7128906e+01
   2.3101950e+06   2.8869629e+01
   2.3111330e+06   2.0812988e+01
   2.3121990e+06   2.0874023e+01
   2.3132770e+06   5.8105469e+01
   2.3143320e+06   2.3132324e+01
   2.3143490e+06   1.8188477e+01
   2.3154180e+06   2.2399902e+01
   2.3166180e+06   6.0791016e+01
   2.3177240e+06   5.4931641e+01
   2.3183380e+06   2.3315430e+01
   2.3189060e+06   5.8471680e+01
   2.3200080e+06   2.2521973e+01
   2.3208510e+06   6.0546875e+01
   2.3216790e+06   2.3559570e+01
   2.3230050e+06   6.1706543e+01
   2.3236130e+06   1.9592285e+01
   2.3243190e+06   5.0048828e+01
   2.3250580e+06   2.2644043e+01
   2.3260800e+06   2.0446777e+01
   2.3267060e+06   6.1035156e+01
   2.3276760e+06   5.0476074e+01
   2.3290400e+06   4.6081543e+01
   2.3297920e+06   2.3010254e+01
   2.3310330e+06   5.1086426e+01
   2.3316440e+06   5.5358887e+01
   2.3324360e+06   1.9714355e+01
   2.3332960e+06   5.8837891e+01
   2.3343150e+06   6.2744141e+01
   2.3350950e+06   2.7465820e+01
   2.3358160e+06   2.2949219e+01
   2.3366930e+06   5.9631348e+01
   2.3379120e+06   4.3518066e+01
   2.3386090e+06   5.9326172e+01
   2.3399070e+06   5.5419922e+01
   2.3408330e+06   5.7434082e+01
   2.3422620e+06   5.9020996e+01
   2.3429830e+06   4.7607422e+01
   2.3437520e+06   2.2277832e+01
   2.3443760e+06   6.2866211e+01
   2.3453680e+06   5.6884766e+01
   2.3467370e+06   5.0048828e+01
   2.3474280e+06   2.7648926e+01
   2.3480100e+06   6.2316895e+01
   2.3489900e+06   2.6123047e+01
   2.3495350e+06   2.0568848e+01
   2.3504690e+06   2.3925781e+01
   2.3512050e+06   2.7099609e+01
   2.3522520e+06   5.5603027e+01
   2.3530900e+06   6.0668945e+01
   2.3543150e+06   5.4138184e+01
   2.3554750e+06   2.1484375e+01
   2.3560830e+06   2.2399902e+01
   2.3568900e+06   5.5480957e+01
   2.3577340e+06   1.7883301e+01
   2.3588910e+06   2.5878906e+01
   2.3597310e+06   5.5175781e+01
   2.3604310e+06   2.2460938e+01
   2.3612480e+06   1.8371582e+01
   2.3618490e+06   5.5297852e+01
   2.3627870e+06   2.2338867e+01
   2.3636990e+06   6.0668945e+01
   2.3642790e+06   2.6367188e+01
   2.3650720e+06   2.4353027e+01
   2.3656410e+06   2.8137207e+01
   2.3666050e+06   2.1606445e+01
   2.3673340e+06   5.3161621e+01
   2.3684090e+06   2.7343750e+01
   2.3694550e+06   5.6640625e+01
   2.3700420e+06   6.4575195e+01
   2.3709180e+06   2.1240234e+01
   2.3714050e+06   2.2277832e+01
   2.3722580e+06   2.5268555e+01
   2.3730130e+06   6.0607910e+01
   2.3738260e+06   1.9531250e+01
   2.3747250e+06   2.7221680e+01
   2.3751850e+06   5.8959961e+01
   2.3762960e+06   2.4108887e+01
   2.3767470e+06   5.8471680e+01
   2.3776540e+06   5.8532715e+01
   2.3784780e+06   2.4475098e+01
   2.3793400e+06   5.2124023e+01
   2.3804030e+06   4.6203613e+01
   2.3810020e+06   2.2399902e+01
   2.3821240e+06   2.3376465e+01
   2.3828550e+06   5.1696777e+01
   2.3835810e+06   1.8554688e+01
   2.3845620e+06   4.9987793e+01
   2.3852180e+06   6.1035156e+01
   2.3858820e+06   2.3742676e+01
   2.3869410e+06   6.2683105e+01
   2.3874630e+06   2.6611328e+01
   2.3885270e+06   5.5969238e+01
   2.3891350e+06   4.7607422e+01
   2.3900600e+06   5.4565430e+01
   2.3908290e+06   2.9602051e+01
   2.3919080e+06   5.1940918e+01
   2.3929190e+06   2.8503418e+01
   2.3932850e+06   2.3864746e+01
   2.3941940e+06   1.9287109e+01
   2.3948590e+06   2.1179199e+01
   2.3958890e+06   6.1889648e+01
   2.3964050e+06   4.8583984e+01
   2.3973420e+06   6.0424805e+01
   2.3977800e+06   2.7404785e+01
   2.3986830e+06   2.1484375e+01
   2.3993030e+06   2.0935059e+01
   2.4001440e+06   5.0292969e+01
   2.4008090e+06   5.1940918e+01
   2.4013400e+06   5.2612305e+01
   2.4024250e+06   1.9714355e+01
   2.4028460e+06   2.2399902e+01
   2.4037870e+06   2.6977539e+01
   2.4043690e+06   4.9499512e+01
   2.4051670e+06   2.3498535e+01
   2.4059570e+06   1.8981934e+01
   2.4064780e+06   2.3620605e+01
   2.4073690e+06   1.9836426e+01
   2.4081470e+06   5.8044434e+01
   2.4092920e+06   3.0517578e+01
   2.4097720e+06   2.2338867e+01
   2.4108280e+06   5.2612305e+01
   2.4115390e+06   4.6752930e+01
   2.4125360e+06   5.3649902e+01
   2.4132390e+06   6.0241699e+01
   2.4139590e+06   5.8410645e+01
   2.4146190e+06   2.3254395e+01
   2.4151740e+06   5.2246094e+01
   2.4158600e+06   2.2583008e+01
   2.4169700e+06   5.2551270e+01
   2.4173450e+06   2.0751953e+01
   2.4181800e+06   2.0874023e+01
   2.4186460e+06   1.7700195e+01
   2.4195210e+06   4.6997070e+01
   2.4203320e+06   6.2805176e+01
   2.4212040e+06   5.1635742e+01
   2.4219910e+06   2.6489258e+01
   2.4226210e+06   2.1728516e+01
   2.4230840e+06   2.0568848e+01
   2.4238280e+06   6.0607910e+01
   2.4244000e+06   5.5053711e+01
   2.4251400e+06   2.5207520e+01
   2.4258850e+06   2.0996094e+01
   2.4267150e+06   2.0141602e+01
   2.4273650e+06   1.8493652e+01
   2.4278110e+06   4.9621582e+01
   2.4285470e+06   2.7465820e+01
   2.4291790e+06   5.4077148e+01
   2.4299740e+06   5.9082031e+01
   2.4307170e+06   5.0964355e+01
   2.4309510e+06   1.8371582e+01
   2.4318850e+06   6.0302734e+01
   2.4323580e+06   2.2460937e+01
   2.4330900e+06   5.7128906e+01
   2.4335500e+06   2.0568848e+01
   2.4343140e+06   5.6152344e+01
   2.4350850e+06   5.8105469e+01
   2.4357620e+06   5.9020996e+01
   2.4368300e+06   2.8686523e+01
   2.4375520e+06   1.7822266e+01
   2.4381910e+06   3.0212402e+01
   2.4392910e+06   2.2155762e+01
   2.4398400e+06   2.0324707e+01
   2.4402310e+06   2.3437500e+01
   2.4409430e+06   2.3010254e+01
   2.4418020e+06   2.0629883e+01
   2.4427590e+06   5.1635742e+01
   2.4434580e+06   1.9409180e+01
   2.4440740e+06   2.6916504e+01
   2.4447510e+06   5.8776855e+01
   2.4456110e+06   5.0476074e+01
   2.4461930e+06   5.5664062e+01
   2.4472660e+06   5.7067871e+01
   2.4477850e+06   5.2978516e+01
   2.4485110e+06   5.7495117e+01
   2.4489740e+06   2.1362305e+01
   2.4497580e+06   2.1057129e+01
   2.4507010e+06   2.2888184e+01
   2.4511380e+06   2.4475098e+01
   2.4520040e+06   2.8686523e+01
   2.4527140e+06   2.5573730e+01
   2.4532450e+06   2.1301270e+01
   2.4539070e+06   5.9448242e+01
   2.4548500e+06   2.6855469e+01
   2.4560170e+06   1.9836426e+01
   2.4565070e+06   2.5390625e+01
   2.4571960e+06   5.3833008e+01
   2.4577270e+06   5.2001953e+01
   2.4589400e+06   5.8715820e+01
   2.4595860e+06   2.3132324e+01
   2.4603850e+06   2.3742676e+01
   2.4609960e+06   2.2033691e+01
   2.4618380e+06   1.9592285e+01
   2.4623970e+06   2.2521973e+01
   2.4631540e+06   4.7424316e+01
   2.4639190e+06   2.3925781e+01
   2.4645600e+06   5.9265137e+01
   2.4652340e+06   2.5573730e+01
   2.4660240e+06   1.7883301e+01
   2.4670730e+06   2.2216797e+01
   2.4676160e+06   2.6489258e+01
   2.4684140e+06   6.2500000e+01
   2.4692890e+06   2.3925781e+01
   2.4698230e+06   6.2805176e+01
   2.4704960e+06   1.7761230e+01
   2.4711800e+06   5.3405762e+01
   2.4718200e+06   2.6794434e+01
   2.4724380e+06   5.1086426e+01
   2.4732450e+06   2.0080566e+01
   2.4739650e+06   5.3771973e+01
   2.4746000e+06   2.3864746e+01
   2.4755050e+06   5.8837891e+01
   2.4759220e+06   5.5053711e+01
   2.4765700e+06   3.9611816e+01
   2.4771540e+06   2.4841309e+01
   2.4776490e+06   2.1118164e+01
   2.4776950e+06   2.4719238e+01
   2.4777290e+06   1.9348145e+01
   2.4779450e+06   2.0385742e+01
   2.4781290e+06   2.0996094e+01
   2.4785510e+06   2.1667480e+01
   2.4786200e+06   5.8593750e+01
   2.4790020e+06   2.6977539e+01
   2.4793460e+06   5.3039551e+01
   2.4800120e+06   5.6823730e+01
   2.4807400e+06   1.9958496e+01
   2.4817860e+06   2.3986816e+01
   2.4827530e+06   5.1513672e+01
   2.4834470e+06   2.1606445e+01
   2.4842600e+06   5.0354004e+01
   2.4848190e+06   3.0700684e+01
   2.4855480e+06   5.4870605e+01
   2.4861870e+06   5.0292969e+01
   2.4869040e+06   2.2094727e+01
   2.4875150e+06   5.9814453e+01
   2.4882780e+06   6.3110352e+01
   2.4889420e+06   2.1667480e+01
   2.4899270e+06   2.0935059e+01
   2.4905580e+06   3.9001465e+01
   2.4913460e+06   4.8889160e+01
   2.4919080e+06   2.3010254e+01
   2.4923890e+06   2.4291992e+01
   2.4928020e+06   2.1240234e+01
   2.4935940e+06   2.3681641e+01
   2.4942080e+06   2.3254395e+01
   2.4949520e+06   2.6428223e+01
   2.4956120e+06   6.0424805e+01
   2.4963620e+06   2.7709961e+01
   2.4970750e+06   5.9082031e+01
   2.4977830e+06   6.0424805e+01
   2.4984190e+06   2.6367187e+01
   2.4990270e+06   2.6672363e+01
   2.4997520e+06   5.8166504e+01
   2.5003660e+06   6.1706543e+01
   2.5008380e+06   6.0058594e+01
   2.5018870e+06   6.5246582e+01
   2.5028570e+06   2.2888184e+01
   2.5034950e+06   2.1118164e+01
   2.5039050e+06   2.5512695e+01
   2.5046470e+06   4.9377441e+01
   2.5058970e+06   5.0964355e+01
   2.5063620e+06   5.8532715e+01
   2.5070840e+06   1.8554688e+01
   2.5079690e+06   4.8339844e+01
   2.5085070e+06   2.8869629e+01
   2.5092580e+06   2.3010254e+01
   2.5100480e+06   2.5207520e+01
   2.5106590e+06   1.8188477e+01
   2.5112790e+06   5.9509277e+01
   2.5120610e+06   5.7189941e+01
   2.5125620e+06   4.9865723e+01
   2.5135740e+06   2.0263672e+01
   2.5141960e+06   5.9020996e+01
   2.5147340e+06   2.2216797e+01
   2.5155170e+06   6.1950684e+01
   2.5165220e+06   2.5512695e+01
   2.5170300e+06   2.6000977e+01
   2.5176190e+06   5.7800293e+01
   2.5183530e+06   2.5146484e+01
   2.5186560e+06   2.4902344e+01
   2.5194830e+06   5.2551270e+01
   2.5200110e+06   1.9592285e+01
   2.5207970e+06   5.9814453e+01
   2.5212980e+06   1.9592285e+01
   2.5220410e+06   2.2277832e+01
   2.5225730e+06   1.9958496e+01
   2.5232270e+06   2.6367188e+01
   2.5237950e+06   4.9011230e+01
   2.5243990e+06   2.3986816e+01
   2.5253850e+06   5.2734375e+01
   2.5260610e+06   5.1147461e+01
   2.5269860e+06   2.7526855e+01
   2.5274920e+06   2.1545410e+01
   2.5281970e+06   6.3537598e+01
   2.5295570e+06   5.2124023e+01
   2.5299690e+06   4.5227051e+01
   2.5307770e+06   4.4189453e+01
   2.5314260e+06   1.8676758e+01
   2.5320450e+06   5.8410645e+01
   2.5327880e+06   5.8593750e+01
   2.5334340e+06   1.9958496e+01
   2.5340590e+06   5.0537109e+01
   2.5351930e+06   4.1870117e+01
   2.5360200e+06   5.1330566e+01
   2.5366570e+06   5.8288574e+01
   2.5370760e+06   1.8676758e+01
   2.5382130e+06   2.4963379e+01
   2.5389070e+06   2.2766113e+01
   2.5397580e+06   2.7343750e+01
   2.5403030e+06   1.9348145e+01
   2.5409180e+06   1.9409180e+01
   2.5418290e+06   2.5024414e+01
   2.5427740e+06   2.6123047e+01
   2.5435060e+06   2.4536133e+01
   2.5443030e+06   6.3110352e+01
   2.5447390e+06   2.5085449e+01
   2.5454690e+06   2.0080566e+01
   2.5454790e+06   1.8554687e+01
   2.5466070e+06   5.8410645e+01
   2.5470350e+06   2.3376465e+01
   2.5478480e+06   5.2917480e+01
   2.5485380e+06   4.9255371e+01
   2.5492160e+06   2.1118164e+01
   2.5497740e+06   5.3283691e+01
   2.5506330e+06   5.9692383e+01
   2.5512860e+06   5.7128906e+01
   2.5520140e+06   2.0019531e+01
   2.5527360e+06   2.3803711e+01
   2.5537930e+06   3.9855957e+01
   2.5543250e+06   2.4475098e+01
   2.5551510e+06   5.2185059e+01
   2.5557090e+06   2.6367188e+01
   2.5565180e+06   2.4780273e+01
   2.5571410e+06   2.9479980e+01
   2.5578050e+06   2.4414062e+01
   2.5585820e+06   4.9926758e+01
   2.5594030e+06   2.7404785e+01
   2.5603330e+06   5.3710937e+01
   2.5611680e+06   5.9204102e+01
   2.5616830e+06   5.1879883e+01
   2.5626190e+06   5.5053711e+01
   2.5631790e+06   4.9743652e+01
   2.5637240e+06   4.8034668e+01
   2.5644880e+06   2.5146484e+01
   2.5651070e+06   2.3742676e+01
   2.5657140e+06   2.7160645e+01
   2.5664210e+06   5.5908203e+01
   2.5668390e+06   5.5297852e+01
   2.5676010e+06   5.8471680e+01
   2.5676120e+06   1.8676758e+01
   2.5683570e+06   2.4597168e+01
   2.5692000e+06   6.3476562e+01
   2.5698670e+06   5.8898926e+01
   2.5707770e+06   2.1789551e+01
   2.5707880e+06   1.7822266e+01
   2.5714340e+06   2.1057129e+01
   2.5719270e+06   2.5146484e+01
   2.5725540e+06   5.4138184e+01
   2.5735030e+06   5.1635742e+01
   2.5739590e+06   2.1179199e+01
   2.5748230e+06   2.4658203e+01
   2.5753410e+06   2.2277832e+01
   2.5761380e+06   2.5878906e+01
   2.5767860e+06   5.9204102e+01
   2.5773820e+06   4.7912598e+01
   2.5780530e+06   5.1696777e+01
   2.5788650e+06   2.8869629e+01
   2.5793970e+06   5.8105469e+01
   2.5805100e+06   6.0424805e+01
   2.5811540e+06   4.9316406e+01
   2.5816150e+06   2.2827148e+01
   2.5823260e+06   5.1147461e+01
   2.5828780e+06   6.0302734e+01
   2.5834570e+06   5.5786133e+01
   2.5840760e+06   4.7668457e+01
   2.5847630e+06   5.9814453e+01
   2.5853360e+06   2.4353027e+01
   2.5861170e+06   2.7770996e+01
   2.5872130e+06   5.8776855e+01
   2.5878690e+06   5.6030273e+01
   2.5884810e+06   2.3315430e+01
   2.5894280e+06   5.6701660e+01
   2.5898510e+06   2.3620605e+01
   2.5904710e+06   5.6945801e+01
   2.5912060e+06   5.6945801e+01
   2.5919860e+06   2.5451660e+01
   2.5930710e+06   5.1635742e+01
   2.5935050e+06   5.7922363e+01
   2.5941600e+06   5.8349609e+01
   2.5947410e+06   2.3986816e+01
   2.5952460e+06   5.6152344e+01
   2.5960700e+06   6.4025879e+01
   2.5967090e+06   2.7282715e+01
   2.5973570e+06   1.7822266e+01
   2.5979300e+06   2.1667480e+01
   2.5990430e+06   2.5451660e+01
   2.5996860e+06   6.0913086e+01
   2.6007880e+06   5.2185059e+01
   2.6016270e+06   2.0202637e+01
   2.6021770e+06   2.2338867e+01
   2.6029150e+06   2.4475098e+01
   2.6039830e+06   5.4199219e+01
   2.6044830e+06   4.9133301e+01
   2.6054910e+06   2.3071289e+01
   2.6060740e+06   2.3498535e+01
   2.6069240e+06   2.3559570e+01
   2.6075850e+06   5.7739258e+01
   2.6082730e+06   5.8715820e+01
   2.6087240e+06   2.4536133e+01
   2.6093670e+06   4.9804688e+01
   2.6099620e+06   5.3405762e+01
   2.6108820e+06   2.7221680e+01
   2.6115910e+06   5.8959961e+01
   2.6124270e+06   2.9235840e+01
   2.6129840e+06   6.1279297e+01
   2.6136720e+06   6.0485840e+01
   2.6145180e+06   5.9570312e+01
   2.6158000e+06   5.7800293e+01
   2.6163010e+06   4.7729492e+01
   2.6170960e+06   2.4658203e+01
   2.6172660e+06   1.8005371e+01
   2.6180200e+06   5.0170898e+01
   2.6186510e+06   6.6223145e+01
   2.6195190e+06   2.0263672e+01
   2.6195370e+06   1.9714355e+01
   2.6204490e+06   2.2033691e+01
   2.6210240e+06   4.0527344e+01
   2.6216160e+06   2.4841309e+01
   2.6223340e+06   2.4536133e+01
   2.6233520e+06   2.3925781e+01
   2.6238600e+06   6.2255859e+01
   2.6246290e+06   2.8320312e+01
   2.6252790e+06   5.9814453e+01
   2.6258290e+06   6.0180664e+01
   2.6264440e+06   5.0415039e+01
   2.6274350e+06   6.0363770e+01
   2.6282120e+06   5.9631348e+01
   2.6288840e+06   2.4658203e+01
   2.6295390e+06   2.0385742e+01
   2.6302400e+06   5.0964355e+01
   2.6312140e+06   2.8198242e+01
   2.6317630e+06   5.2978516e+01
   2.6328560e+06   2.2216797e+01
   2.6336180e+06   2.3315430e+01
   2.6340070e+06   5.5908203e+01
   2.6349660e+06   2.2583008e+01
   2.6357120e+06   6.6955566e+01
   2.6361190e+06   2.0874023e+01
   2.6369080e+06   5.3894043e+01
   2.6374840e+06   5.9814453e+01
   2.6377740e+06   4.9011230e+01
   2.6384390e+06   2.1911621e+01
   2.6391140e+06   2.3254395e+01
   2.6396720e+06   2.1362305e+01
   2.6403850e+06   2.1118164e+01
   2.6408850e+06   2.3803711e+01
   2.6419710e+06   2.2399902e+01
   2.6422750e+06   5.7739258e+01
   2.6427500e+06   5.7739258e+01
   2.6433950e+06   5.9753418e+01
   2.6443870e+06   2.2949219e+01
   2.6448290e+06   5.5603027e+01
   2.6455570e+06   2.3986816e+01
   2.6461640e+06   5.3833008e+01
   2.6468710e+06   6.2866211e+01
   2.6468890e+06   1.8188477e+01
   2.6477710e+06   4.8522949e+01
   2.6484740e+06   1.8615723e+01
   2.6493620e+06   2.4719238e+01
   2.6499610e+06   5.7434082e+01
   2.6508220e+06   4.2358398e+01
   2.6515510e+06   5.8532715e+01
   2.6521500e+06   2.6245117e+01
   2.6528850e+06   6.1096191e+01
   2.6535930e+06   2.4658203e+01
   2.6541480e+06   5.8166504e+01
   2.6548440e+06   2.3803711e+01
   2.6552320e+06   4.8034668e+01
   2.6558930e+06   2.4841309e+01
   2.6564530e+06   2.2094727e+01
   2.6573890e+06   2.1057129e+01
   2.6574050e+06   1.9287109e+01
   2.6582140e+06   5.8288574e+01
   2.6589780e+06   1.9409180e+01
   2.6598110e+06   5.6518555e+01
   2.6603370e+06   4.9621582e+01
   2.6610870e+06   1.8554688e+01
   2.6621720e+06   2.5207520e+01
   2.6624630e+06   5.5725098e+01
   2.6631700e+06   5.5725098e+01
   2.6638080e+06   4.8706055e+01
   2.6643280e+06   2.9663086e+01
   2.6649680e+06   5.3039551e+01
   2.6659390e+06   2.1545410e+01
   2.6664460e+06   6.0485840e+01
   2.6670880e+06   5.7373047e+01
   2.6678740e+06   5.8471680e+01
   2.6681990e+06   5.5908203e+01
   2.6688320e+06   5.7250977e+01
   2.6695630e+06   2.3986816e+01
   2.6700440e+06   6.2377930e+01
   2.6709520e+06   2.2399902e+01
   2.6716660e+06   5.9020996e+01
   2.6721020e+06   5.0292969e+01
   2.6727120e+06   4.4921875e+01
   2.6733610e+06   2.2277832e+01
   2.6739120e+06   2.2155762e+01
   2.6744680e+06   5.6152344e+01
   2.6755700e+06   5.6579590e+01
   2.6764000e+06   5.6274414e+01
   2.6771110e+06   2.3254395e+01
   2.6778570e+06   5.1391602e+01
   2.6786790e+06   4.9682617e+01
   2.6794530e+06   5.7128906e+01
   2.6802780e+06   2.6428223e+01
   2.6803010e+06   4.7424316e+01
   2.6803190e+06   2.4353027e+01
   2.6810600e+06   2.3742676e+01
   2.6810970e+06   1.9592285e+01
   2.6811360e+06   1.9592285e+01
   2.6811800e+06   5.2612305e+01
   2.6813900e+06   5.5541992e+01
   2.6821120e+06   5.8654785e+01
   2.6824430e+06   2.3193359e+01
   2.6830790e+06   5.5969238e+01
   2.6836220e+06   2.0446777e+01
   2.6844570e+06   2.2277832e+01
   2.6855110e+06   2.4475098e+01
   2.6861060e+06   5.7312012e+01
   2.6869890e+06   5.0109863e+01
   2.6876680e+06   2.4536133e+01
   2.6883730e+06   2.5085449e+01
   2.6895220e+06   2.5207520e+01
   2.6899710e+06   6.3232422e+01
   2.6902650e+06   5.4382324e+01
   2.6907310e+06   1.8432617e+01
   2.6913100e+06   6.0668945e+01
   2.6914470e+06   1.9470215e+01
   2.6918410e+06   3.9245605e+01
   2.6923670e+06   5.9387207e+01
   2.6929860e+06   5.8410645e+01
   2.6934040e+06   5.9509277e+01
   2.6936930e+06   5.7861328e+01
   2.6938000e+06   2.4780273e+01
   2.6945320e+06   2.3193359e+01
   2.6947520e+06   2.6123047e+01
   2.6957300e+06   2.2583008e+01
   2.6963680e+06   2.5451660e+01
   2.6972260e+06   5.6274414e+01
   2.6976660e+06   2.8625488e+01
   2.6985030e+06   2.1545410e+01
   2.6990050e+06   4.9926758e+01
   2.6995690e+06   2.3010254e+01
   2.7007360e+06   2.3742676e+01
   2.7012150e+06   5.4504395e+01
   2.7020410e+06   6.0546875e+01
   2.7029090e+06   1.8005371e+01
   2.7034760e+06   1.9592285e+01
   2.7040990e+06   2.6855469e+01
   2.7044790e+06   4.7668457e+01
   2.7050730e+06   2.7648926e+01
   2.7057570e+06   2.4108887e+01
   2.7065270e+06   5.0598145e+01
   2.7073110e+06   2.4780273e+01
   2.7082030e+06   2.3315430e+01
   2.7087520e+06   2.3376465e+01
   2.7095750e+06   5.9265137e+01
   2.7102430e+06   2.5207520e+01
   2.7110850e+06   5.9936523e+01
   2.7117140e+06   5.6518555e+01
   2.7123850e+06   2.1423340e+01
   2.7131520e+06   2.4353027e+01
   2.7137020e+06   5.7373047e+01
   2.7145090e+06   2.5939941e+01
   2.7150890e+06   1.8737793e+01
   2.7158470e+06   5.1391602e+01
   2.7178800e+06   1.9592285e+01
   2.7179460e+06   2.2399902e+01
   2.7180220e+06   1.8920898e+01
   2.7182290e+06   5.4077148e+01
   2.7187460e+06   5.1757812e+01
   2.7189270e+06   5.0842285e+01
   2.7192720e+06   4.8950195e+01
   2.7203440e+06   5.9143066e+01
   2.7211160e+06   2.6123047e+01
   2.7218320e+06   2.8930664e+01
   2.7226670e+06   5.0231934e+01
   2.7233210e+06   2.2460938e+01
   2.7238710e+06   1.9348145e+01
   2.7249260e+06   5.1940918e+01
   2.7259530e+06   2.3986816e+01
   2.7264800e+06   5.2551270e+01
   2.7270380e+06   2.3803711e+01
   2.7277650e+06   2.3986816e+01
   2.7288320e+06   1.8371582e+01
   2.7293270e+06   6.7199707e+01
   2.7301590e+06   2.6062012e+01
   2.7305200e+06   2.0507812e+01
   2.7312400e+06   1.9958496e+01
   2.7317070e+06   5.0842285e+01
   2.7324240e+06   6.0729980e+01
   2.7331000e+06   5.5725098e+01
   2.7341400e+06   5.7250977e+01
   2.7347110e+06   2.3376465e+01
   2.7355280e+06   2.3498535e+01
   2.7363060e+06   6.2011719e+01
   2.7368400e+06   4.9194336e+01
   2.7376260e+06   2.6306152e+01
   2.7382280e+06   5.6335449e+01
   2.7389980e+06   4.7668457e+01
   2.7394010e+06   6.3842773e+01
   2.7396480e+06   5.8776855e+01
   2.7405330e+06   5.2856445e+01
   2.7415540e+06   2.4291992e+01
   2.7423060e+06   2.6123047e+01
   2.7437170e+06   5.4321289e+01
   2.7443010e+06   6.4025879e+01
   2.7449960e+06   2.6062012e+01
   2.7454520e+06   2.6550293e+01
   2.7464080e+06   1.8310547e+01
   2.7469090e+06   2.1362305e+01
   2.7478200e+06   2.4597168e+01
   2.7484780e+06   4.8156738e+01
   2.7490750e+06   5.8105469e+01
   2.7499270e+06   4.9255371e+01
   2.7509210e+06   5.8593750e+01
   2.7515540e+06   2.5939941e+01
   2.7524690e+06   1.8859863e+01
   2.7529210e+06   2.0935059e+01
   2.7537750e+06   5.3466797e+01
   2.7545210e+06   3.2104492e+01
   2.7553310e+06   2.2155762e+01
   2.7558630e+06   5.8654785e+01
   2.7564500e+06   3.0029297e+01
   2.7571900e+06   4.9133301e+01
   2.7576880e+06   2.0263672e+01
   2.7582070e+06   2.5085449e+01
   2.7592620e+06   6.2377930e+01
   2.7598450e+06   2.2399902e+01
   2.7603610e+06   2.3925781e+01
   2.7610000e+06   1.9897461e+01
   2.7615820e+06   3.0822754e+01
   2.7622200e+06   4.3090820e+01
   2.7628680e+06   5.5541992e+01
   2.7632120e+06   5.3283691e+01
   2.7640120e+06   5.3710938e+01
   2.7649790e+06   6.0058594e+01
   2.7657170e+06   5.1391602e+01
   2.7663090e+06   5.1635742e+01
   2.7672460e+06   5.3039551e+01
   2.7678070e+06   2.0812988e+01
   2.7690540e+06   6.5185547e+01
   2.7697220e+06   5.2978516e+01
   2.7703100e+06   4.7119141e+01
   2.7708820e+06   5.9509277e+01
   2.7715240e+06   6.0119629e+01
   2.7726260e+06   4.7485352e+01
   2.7731200e+06   2.3742676e+01
   2.7736580e+06   5.6030273e+01
   2.7742310e+06   2.7526855e+01
   2.7746960e+06   5.3100586e+01
   2.7758640e+06   3.7719727e+01
   2.7763930e+06   4.8767090e+01
   2.7769040e+06   2.1789551e+01
   2.7773020e+06   2.6855469e+01
   2.7782840e+06   6.1584473e+01
   2.7787070e+06   1.9653320e+01
   2.7795320e+06   1.8066406e+01
   2.7802490e+06   5.6457520e+01
   2.7807750e+06   1.8493652e+01
   2.7813950e+06   5.4321289e+01
   2.7819980e+06   4.8828125e+01
   2.7827350e+06   2.5207520e+01
   2.7832780e+06   2.4353027e+01
   2.7841190e+06   1.8005371e+01
   2.7846950e+06   5.6823730e+01
   2.7853870e+06   5.6030273e+01
   2.7858600e+06   2.0385742e+01
   2.7865720e+06   5.7312012e+01
   2.7873610e+06   5.9997559e+01
   2.7880130e+06   5.2490234e+01
   2.7887000e+06   5.6152344e+01
   2.7894310e+06   6.2500000e+01
   2.7903620e+06   2.3071289e+01
   2.7907880e+06   2.4963379e+01
   2.7913200e+06   2.8076172e+01
   2.7920810e+06   5.4931641e+01
   2.7927850e+06   2.7282715e+01
   2.7940880e+06   1.9958496e+01
   2.7946260e+06   2.3376465e+01
   2.7955920e+06   2.6916504e+01
   2.7962130e+06   1.7944336e+01
   2.7968330e+06   2.0324707e+01
   2.7974690e+06   4.2541504e+01
   2.7980830e+06   2.1545410e+01
   2.7988900e+06   5.8288574e+01
   2.7995740e+06   2.2460938e+01
   2.7999610e+06   4.9682617e+01
   2.8008010e+06   5.9265137e+01
   2.8017340e+06   5.0170898e+01
   2.8022150e+06   2.0812988e+01
   2.8032230e+06   4.5715332e+01
   2.8039460e+06   4.8522949e+01
   2.8055990e+06   5.2734375e+01
   2.8064090e+06   2.5085449e+01
   2.8070510e+06   6.5429688e+01
   2.8076950e+06   5.0720215e+01
   2.8082680e+06   1.8127441e+01
   2.8090790e+06   4.0527344e+01
   2.8095670e+06   5.8776855e+01
   2.8101380e+06   2.4963379e+01
   2.8117540e+06   1.7944336e+01
   2.8118230e+06   2.2888184e+01
   2.8119330e+06   4.9316406e+01
   2.8126030e+06   2.2094727e+01
   2.8126730e+06   1.8920898e+01
   2.8130760e+06   4.6875000e+01
   2.8134860e+06   2.1362305e+01
   2.8137080e+06   2.5207520e+01
   2.8141870e+06   2.0019531e+01
   2.8147190e+06   1.7822266e+01
   2.8158690e+06   5.8105469e+01
   2.8167750e+06   4.6691895e+01
   2.8174300e+06   5.9936523e+01
   2.8183850e+06   4.7363281e+01
   2.8190050e+06   5.8532715e+01
   2.8195330e+06   2.3437500e+01
   2.8204300e+06   2.0141602e+01
   2.8209580e+06   5.7556152e+01
   2.8214640e+06   4.9743652e+01
   2.8221840e+06   1.8005371e+01
   2.8230950e+06   4.5776367e+01
   2.8235460e+06   1.9897461e+01
   2.8243120e+06   5.7434082e+01
   2.8248320e+06   2.2888184e+01
   2.8253330e+06   4.7790527e+01
   2.8258860e+06   5.3649902e+01
   2.8268580e+06   2.4536133e+01
   2.8272490e+06   2.0263672e+01
   2.8278880e+06   2.4169922e+01
   2.8285100e+06   1.8310547e+01
   2.8292930e+06   2.5268555e+01
   2.8293150e+06   1.8371582e+01
   2.8300030e+06   5.9082031e+01
   2.8304140e+06   6.0791016e+01
   2.8310690e+06   1.8737793e+01
   2.8317090e+06   4.8828125e+01
   2.8323070e+06   5.2490234e+01
   2.8328060e+06   2.4719238e+01
   2.8336870e+06   5.9875488e+01
   2.8342650e+06   2.1728516e+01
   2.8349090e+06   5.6335449e+01
   2.8357840e+06   5.8410645e+01
   2.8366320e+06   2.2521973e+01
   2.8371180e+06   5.3588867e+01
   2.8377030e+06   2.1728516e+01
   2.8385270e+06   3.0822754e+01
   2.8390580e+06   3.1616211e+01
   2.8398750e+06   4.7973633e+01
   2.8405310e+06   2.2949219e+01
   2.8411680e+06   5.8349609e+01
   2.8420650e+06   5.9204102e+01
   2.8423970e+06   2.1606445e+01
   2.8429370e+06   5.3161621e+01
   2.8436430e+06   4.9621582e+01
   2.8444520e+06   6.1279297e+01
   2.8453220e+06   6.3964844e+01
   2.8459540e+06   2.1789551e+01
   2.8469010e+06   6.3720703e+01
   2.8477720e+06   2.5634766e+01
   2.8486380e+06   2.5207520e+01
   2.8491660e+06   2.7404785e+01
   2.8497380e+06   2.3193359e+01
   2.8505210e+06   4.4189453e+01
   2.8512360e+06   1.9470215e+01
   2.8517030e+06   2.2338867e+01
   2.8530010e+06   3.0151367e+01
   2.8539530e+06   5.0903320e+01
   2.8547320e+06   6.3842773e+01
   2.8553170e+06   5.9265137e+01
   2.8557040e+06   2.8198242e+01
   2.8562790e+06   6.1889648e+01
   2.8570770e+06   5.8959961e+01
   2.8580360e+06   5.5297852e+01
   2.8586740e+06   4.9072266e+01
   2.8593580e+06   5.4199219e+01
   2.8597360e+06   5.7556152e+01
   2.8605210e+06   2.3437500e+01
   2.8612740e+06   6.0424805e+01
   2.8620960e+06   5.0109863e+01
   2.8626180e+06   2.8015137e+01
   2.8631640e+06   5.9875488e+01
   2.8638490e+06   2.0141602e+01
   2.8647930e+06   2.2033691e+01
   2.8654490e+06   5.7678223e+01
   2.8660570e+06   2.5756836e+01
   2.8665840e+06   5.3222656e+01
   2.8675170e+06   5.4809570e+01
   2.8680810e+06   6.4880371e+01
   2.8685190e+06   1.8188477e+01
   2.8688930e+06   5.3527832e+01
   2.8699270e+06   2.3498535e+01
   2.8707370e+06   2.5451660e+01
   2.8714520e+06   2.2827148e+01
   2.8719090e+06   2.0507812e+01
   2.8727690e+06   2.0935059e+01
   2.8731760e+06   1.9897461e+01
   2.8740250e+06   2.0446777e+01
   2.8747070e+06   1.8066406e+01
   2.8748050e+06   2.0385742e+01
   2.8754560e+06   1.9165039e+01
   2.8762980e+06   2.2766113e+01
   2.8770190e+06   4.6264648e+01
   2.8779360e+06   2.2827148e+01
   2.8784080e+06   2.3803711e+01
   2.8789000e+06   2.2094727e+01
   2.8796680e+06   2.8808594e+01
   2.8804560e+06   1.9226074e+01
   2.8810700e+06   2.2277832e+01
   2.8817200e+06   2.3498535e+01
   2.8823680e+06   5.8715820e+01
   2.8832380e+06   5.2856445e+01
   2.8839510e+06   2.0996094e+01
   2.8848770e+06   2.3010254e+01
   2.8855620e+06   2.2033691e+01
   2.8863760e+06   6.2133789e+01
   2.8870490e+06   2.2399902e+01
   2.8877250e+06   5.6457520e+01
   2.8888750e+06   2.3132324e+01
   2.8894140e+06   2.2277832e+01
   2.8898320e+06   2.3315430e+01
   2.8901150e+06   2.2155762e+01
   2.8907010e+06   2.0141602e+01
   2.8907120e+06   1.7883301e+01
   2.8913740e+06   5.1879883e+01
   2.8919190e+06   5.4504395e+01
   2.8926560e+06   5.5541992e+01
   2.8937080e+06   6.0424805e+01
   2.8940500e+06   2.7404785e+01
   2.8945710e+06   4.0710449e+01
   2.8953620e+06   6.0852051e+01
   2.8966610e+06   4.7851562e+01
   2.8975880e+06   2.2949219e+01
   2.8982380e+06   2.0935059e+01
   2.8988520e+06   1.8310547e+01
   2.8997580e+06   5.9387207e+01
   2.9004350e+06   2.7038574e+01
   2.9011010e+06   2.9052734e+01
   2.9020290e+06   2.0935059e+01
   2.9023770e+06   2.0507812e+01
   2.9023920e+06   1.9226074e+01
   2.9031040e+06   6.2072754e+01
   2.9042500e+06   2.8564453e+01
   2.9052760e+06   2.2827148e+01
   2.9062230e+06   5.8471680e+01
   2.9068230e+06   1.7822266e+01
   2.9076100e+06   2.2949219e+01
   2.9085840e+06   5.7556152e+01
   2.9093250e+06   5.3039551e+01
   2.9103810e+06   6.1035156e+01
   2.9109350e+06   5.8227539e+01
   2.9115570e+06   6.0668945e+01
   2.9122690e+06   2.4414062e+01
   2.9127940e+06   2.4230957e+01
   2.9139970e+06   2.0935059e+01
   2.9149250e+06   5.6274414e+01
   2.9152870e+06   2.4902344e+01
   2.9164980e+06   2.2827148e+01
   2.9170400e+06   5.0170898e+01
   2.9172580e+06   2.6916504e+01
   2.9181150e+06   3.8208008e+01
   2.9187290e+06   4.8278809e+01
   2.9193430e+06   2.5329590e+01
   2.9203960e+06   5.8410645e+01
   2.9208520e+06   2.0629883e+01
   2.9214890e+06   6.5124512e+01
   2.9223960e+06   2.4780273e+01
   2.9229520e+06   5.9020996e+01
   2.9235690e+06   5.0964355e+01
   2.9241120e+06   6.1584473e+01
   2.9246020e+06   5.0476074e+01
   2.9252470e+06   5.8410645e+01
   2.9262130e+06   4.6264648e+01
   2.9267860e+06   6.3232422e+01
   2.9274630e+06   2.8869629e+01
   2.9280100e+06   5.8410645e+01
   2.9289150e+06   5.1208496e+01
   2.9297690e+06   5.1879883e+01
   2.9305840e+06   5.3894043e+01
   2.9309900e+06   5.6213379e+01
   2.9321620e+06   2.6123047e+01
   2.9327180e+06   2.3559570e+01
   2.9330610e+06   1.8798828e+01
   2.9337370e+06   2.0202637e+01
   2.9343170e+06   5.5969238e+01
   2.9350880e+06   2.1972656e+01
   2.9358490e+06   2.1118164e+01
   2.9363960e+06   5.6701660e+01
   2.9371300e+06   6.3720703e+01
   2.9376420e+06   2.0019531e+01
   2.9387890e+06   1.8432617e+01
   2.9395380e+06   6.5124512e+01
   2.9401990e+06   2.0935059e+01
   2.9408630e+06   4.9377441e+01
   2.9416230e+06   2.7526855e+01
   2.9422410e+06   5.6274414e+01
   2.9429910e+06   2.3193359e+01
   2.9436270e+06   2.6306152e+01
   2.9445160e+06   5.4809570e+01
   2.9449880e+06   5.0292969e+01
   2.9460190e+06   5.8837891e+01
   2.9469530e+06   2.6245117e+01
   2.9475310e+06   3.9916992e+01
   2.9481810e+06   6.0180664e+01
   2.9491380e+06   2.7648926e+01
   2.9496750e+06   2.3620605e+01
   2.9503570e+06   2.5207520e+01
   2.9511680e+06   5.8776855e+01
   2.9516540e+06   4.9072266e+01
   2.9521680e+06   4.6997070e+01
   2.9533700e+06   4.3457031e+01
   2.9540460e+06   2.1423340e+01
   2.9545620e+06   2.6733398e+01
   2.9550490e+06   5.3527832e+01
   2.9557870e+06   5.3283691e+01
   2.9564230e+06   4.9377441e+01
   2.9570030e+06   2.4902344e+01
   2.9575310e+06   2.4597168e+01
   2.9582110e+06   1.8066406e+01
   2.9583200e+06   2.3742676e+01
   2.9594430e+06   6.0119629e+01
   2.9595170e+06   2.5512695e+01
   2.9597020e+06   1.9470215e+01
   2.9600990e+06   1.8127441e+01
   2.9602390e+06   2.1118164e+01
   2.9602990e+06   4.6081543e+01
   2.9603840e+06   2.2277832e+01
   2.9614620e+06   4.7607422e+01
   2.9622080e+06   2.4597168e+01
   2.9629290e+06   1.8676758e+01
   2.9635850e+06   5.9265137e+01
   2.9643500e+06   2.1362305e+01
   2.9651880e+06   1.8737793e+01
   2.9658540e+06   2.5329590e+01
   2.9666050e+06   2.5512695e+01
   2.9670690e+06   2.1057129e+01
   2.9679030e+06   1.9104004e+01
   2.9688880e+06   2.0996094e+01
   2.9695520e+06   2.4902344e+01
   2.9702030e+06   5.4870605e+01
   2.9706990e+06   2.6550293e+01
   2.9715240e+06   5.5236816e+01
   2.9719880e+06   2.7770996e+01
   2.9732750e+06   2.5939941e+01
   2.9739930e+06   5.7434082e+01
   2.9744150e+06   2.3132324e+01
   2.9753620e+06   4.3395996e+01
   2.9759080e+06   2.4963379e+01
   2.9766240e+06   5.1940918e+01
   2.9774110e+06   5.2307129e+01
   2.9780780e+06   2.2338867e+01
   2.9789840e+06   5.7617187e+01
   2.9794780e+06   2.1728516e+01
   2.9806090e+06   2.0507812e+01
   2.9810480e+06   6.0241699e+01
   2.9818150e+06   2.1545410e+01
   2.9823540e+06   5.2429199e+01
   2.9829130e+06   4.6630859e+01
   2.9829310e+06   1.8371582e+01
   2.9836180e+06   2.5146484e+01
   2.9843310e+06   2.1301270e+01
   2.9849880e+06   5.8776855e+01
   2.9854080e+06   2.0202637e+01
   2.9860410e+06   6.0485840e+01
   2.9866040e+06   2.3132324e+01
   2.9873720e+06   6.1462402e+01
   2.9884770e+06   2.1728516e+01
   2.9889280e+06   5.8837891e+01
   2.9893420e+06   2.2460937e+01
   2.9901480e+06   5.8654785e+01
   2.9913480e+06   4.8339844e+01
   2.9918560e+06   2.8076172e+01
   2.9927540e+06   2.1240234e+01
   2.9934050e+06   5.5053711e+01
   2.9940970e+06   6.3964844e+01
   2.9949380e+06   5.5908203e+01
   2.9955450e+06   4.8522949e+01
   2.9960840e+06   4.7546387e+01
   2.9968110e+06   6.0668945e+01
   2.9977670e+06   2.1179199e+01
   2.9984500e+06   2.0690918e+01
   2.9993160e+06   2.5024414e+01
   2.9997990e+06   5.6945801e+01
