   3.0000000e+06   0.0000000e+00
   4.7900000e+02   6.7504883e+01
   1.0540000e+03   6.3293457e+01
   1.5490000e+03   6.2438965e+01
   1.9910000e+03   7.5012207e+01
   2.4750000e+03   6.8115234e+01
   2.9620000e+03   6.8786621e+01
   3.4390000e+03   5.9875488e+01
   3.9520000e+03   6.7260742e+01
   4.5610000e+03   7.3608398e+01
   5.2290000e+03   7.0678711e+01
   5.7480000e+03   3.3508301e+01
   6.1780000e+03   6.9213867e+01
   6.6780000e+03   6.2316895e+01
   7.2210000e+03   6.1218262e+01
   7.7220000e+03   6.1584473e+01
   8.2390000e+03   7.1777344e+01
   8.8680000e+03   6.0119629e+01
   9.3110000e+03   6.2622070e+01
   1.0011000e+04   5.6945801e+01
   1.0654000e+04   6.0607910e+01
   1.1100000e+04   6.2133789e+01
   1.1607000e+04   6.7871094e+01
   1.2314000e+04   5.6091309e+01
   1.2894000e+04   5.6030273e+01
   1.3392000e+04   6.0913086e+01
   1.3804000e+04   5.9997559e+01
   1.4245000e+04   6.4636230e+01
   1.4756000e+04   6.8603516e+01
   1.5302000e+04   7.2265625e+01
   1.5733000e+04   6.0974121e+01
   1.6472000e+04   5.6945801e+01
   1.7099000e+04   6.4697266e+01
   1.7667000e+04   6.6040039e+01
   1.8388000e+04   5.7189941e+01
   1.8921000e+04   7.0678711e+01
   1.9402000e+04   5.4870605e+01
   1.9863000e+04   7.7758789e+01
   2.0313000e+04   6.2133789e+01
   2.0835000e+04   7.1899414e+01
   2.1278000e+04   5.6884766e+01
   2.1875000e+04   5.6823730e+01
   2.2363000e+04   6.5124512e+01
   2.3025000e+04   5.8532715e+01
   2.3469000e+04   7.3852539e+01
   2.3992000e+04   7.4645996e+01
   2.4434000e+04   5.6152344e+01
   2.5072000e+04   6.3598633e+01
   2.5520000e+04   7.0373535e+01
   2.6037000e+04   6.4086914e+01
   2.6627000e+04   5.8593750e+01
   2.7185000e+04   6.2072754e+01
   2.7648000e+04   6.0424805e+01
   2.8050000e+04   6.0791016e+01
   2.8493000e+04   5.8166504e+01
   2.8951000e+04   6.7871094e+01
   2.9474000e+04   6.0607910e+01
   3.0001000e+04   6.4514160e+01
   3.0652000e+04   6.1035156e+01
   3.1208000e+04   6.3659668e+01
   3.1744000e+04   6.5856934e+01
   3.2391000e+04   7.6721191e+01
   3.2918000e+04   5.7128906e+01
   3.3581000e+04   6.3537598e+01
   3.4106000e+04   6.8908691e+01
   3.4804000e+04   6.4453125e+01
   3.5294000e+04   6.9213867e+01
   3.5972000e+04   7.2448730e+01
   3.6519000e+04   6.8298340e+01
   3.7254000e+04   6.5856934e+01
   3.7786000e+04   6.5856934e+01
   3.8410000e+04   7.1838379e+01
   3.8926000e+04   6.6772461e+01
   3.9397000e+04   7.5134277e+01
   3.9944000e+04   5.7128906e+01
   4.0492000e+04   6.3659668e+01
   4.1167000e+04   5.6396484e+01
   4.1612000e+04   6.7016602e+01
   4.2109000e+04   6.6223145e+01
   4.2573000e+04   6.1889648e+01
   4.3218000e+04   5.3894043e+01
   4.3727000e+04   7.1594238e+01
   4.4216000e+04   5.5969238e+01
   4.4867000e+04   5.9020996e+01
   4.5648000e+04   6.6406250e+01
   4.6132000e+04   5.7739258e+01
   4.6631000e+04   6.4514160e+01
   4.7154000e+04   6.4025879e+01
   4.7773000e+04   6.3842773e+01
   4.8298000e+04   7.1289063e+01
   4.8784000e+04   6.3415527e+01
   4.9225000e+04   5.9326172e+01
   4.9962000e+04   6.1035156e+01
   5.0396000e+04   6.9274902e+01
   5.0919000e+04   6.8603516e+01
   5.1479000e+04   5.8959961e+01
   5.2015000e+04   5.9509277e+01
   5.2576000e+04   5.9814453e+01
   5.3167000e+04   6.2805176e+01
   5.3689000e+04   5.8776855e+01
   5.4203000e+04   6.6711426e+01
   5.4764000e+04   5.6884766e+01
   5.5260000e+04   6.1706543e+01
   5.5849000e+04   6.0119629e+01
   5.6316000e+04   6.9458008e+01
   5.6840000e+04   6.4392090e+01
   5.7291000e+04   6.6162109e+01
   5.7991000e+04   6.5063477e+01
   5.8571000e+04   6.0485840e+01
   5.9146000e+04   6.5490723e+01
   5.9756000e+04   6.5612793e+01
   6.0260000e+04   5.8776855e+01
   6.0791000e+04   5.9265137e+01
   6.1331000e+04   6.5795898e+01
   6.1850000e+04   6.9946289e+01
   6.2383000e+04   6.3903809e+01
   6.2845000e+04   6.5856934e+01
   6.3391000e+04   6.8481445e+01
   6.3898000e+04   6.2011719e+01
   6.4434000e+04   6.3903809e+01
   6.5006000e+04   6.0119629e+01
   6.5531000e+04   5.2124023e+01
   6.6173000e+04   6.7749023e+01
   6.6601000e+04   6.2011719e+01
   6.7237000e+04   6.3293457e+01
   6.7761000e+04   6.5063477e+01
   6.8162000e+04   6.3171387e+01
   6.8661000e+04   6.3110352e+01
   6.9179000e+04   7.5683594e+01
   6.9756000e+04   6.9885254e+01
   7.0298000e+04   7.3547363e+01
   7.0903000e+04   6.4941406e+01
   7.1550000e+04   6.2133789e+01
   7.2283000e+04   5.5786133e+01
   7.2849000e+04   6.7443848e+01
   7.3479000e+04   6.7565918e+01
   7.3924000e+04   6.1218262e+01
   7.4492000e+04   6.5307617e+01
   7.4915000e+04   6.3659668e+01
   7.5375000e+04   6.7504883e+01
   7.5885000e+04   6.3354492e+01
   7.6436000e+04   6.7199707e+01
   7.7117000e+04   6.2255859e+01
   7.7585000e+04   5.7861328e+01
   7.8038000e+04   6.4636230e+01
   7.8536000e+04   6.5856934e+01
   7.8831000e+04   7.2021484e+01
   7.9068000e+04   6.6589355e+01
   7.9478000e+04   5.9814453e+01
   7.9779000e+04   6.0791016e+01
   8.0234000e+04   6.6833496e+01
   8.0886000e+04   6.7932129e+01
   8.1361000e+04   6.5612793e+01
   8.1845000e+04   6.2255859e+01
   8.2375000e+04   6.2866211e+01
   8.3213000e+04   6.4147949e+01
   8.3770000e+04   6.1889648e+01
   8.4523000e+04   6.3781738e+01
   8.5022000e+04   2.9052734e+01
   8.5529000e+04   6.7138672e+01
   8.6155000e+04   6.7077637e+01
   8.6725000e+04   6.2622070e+01
   8.7372000e+04   7.3364258e+01
   8.7782000e+04   6.5429688e+01
   8.8543000e+04   6.2561035e+01
   8.9081000e+04   4.3518066e+01
   8.9722000e+04   6.7810059e+01
   9.0205000e+04   6.1645508e+01
   9.0687000e+04   6.4147949e+01
   9.1235000e+04   7.1105957e+01
   9.1677000e+04   5.5175781e+01
   9.2225000e+04   6.5429688e+01
   9.2751000e+04   6.3476563e+01
   9.3234000e+04   6.3110352e+01
   9.3707000e+04   6.4758301e+01
   9.4255000e+04   6.6833496e+01
   9.4749000e+04   6.0974121e+01
   9.5252000e+04   6.7810059e+01
   9.5761000e+04   6.1462402e+01
   9.6450000e+04   5.2551270e+01
   9.7032000e+04   7.2143555e+01
   9.7558000e+04   6.1889648e+01
   9.8082000e+04   6.1706543e+01
   9.8504000e+04   7.0129395e+01
   9.8985000e+04   5.7128906e+01
   9.9460000e+04   5.3649902e+01
   9.9918000e+04   6.0607910e+01
   1.0045700e+05   7.6171875e+01
   1.0098700e+05   6.4147949e+01
   1.0144200e+05   6.9213867e+01
   1.0197000e+05   6.1706543e+01
   1.0266200e+05   6.7932129e+01
   1.0321200e+05   6.3354492e+01
   1.0376300e+05   6.0363770e+01
   1.0449900e+05   6.8786621e+01
   1.0480500e+05   6.6467285e+01
   1.0543100e+05   6.1645508e+01
   1.0590500e+05   6.1889648e+01
   1.0634700e+05   6.3842773e+01
   1.0687300e+05   6.2866211e+01
   1.0739100e+05   7.5561523e+01
   1.0787500e+05   6.0485840e+01
   1.0832400e+05   6.8481445e+01
   1.0884500e+05   6.6650391e+01
   1.0935800e+05   6.0424805e+01
   1.0989600e+05   5.5114746e+01
   1.1058800e+05   6.1218262e+01
   1.1100900e+05   6.4758301e+01
   1.1150000e+05   6.5979004e+01
   1.1196500e+05   7.4890137e+01
   1.1247400e+05   5.9997559e+01
   1.1296100e+05   6.2438965e+01
   1.1345500e+05   7.1838379e+01
   1.1389000e+05   6.9824219e+01
   1.1434900e+05   5.8288574e+01
   1.1478100e+05   7.3120117e+01
   1.1523600e+05   6.8420410e+01
   1.1571700e+05   6.5551758e+01
   1.1616900e+05   6.5307617e+01
   1.1661200e+05   6.6650391e+01
   1.1707300e+05   6.5612793e+01
   1.1755500e+05   6.5673828e+01
   1.1806800e+05   5.7678223e+01
   1.1860000e+05   6.2072754e+01
   1.1904700e+05   5.4748535e+01
   1.1958800e+05   5.8959961e+01
   1.2015200e+05   6.1584473e+01
   1.2058800e+05   6.6955566e+01
   1.2102400e+05   5.4687500e+01
   1.2156500e+05   6.5856934e+01
   1.2221900e+05   6.9091797e+01
   1.2292100e+05   6.7565918e+01
   1.2341300e+05   5.9204102e+01
   1.2391800e+05   6.8054199e+01
   1.2429200e+05   6.7932129e+01
   1.2481900e+05   6.3354492e+01
   1.2529600e+05   6.4208984e+01
   1.2570200e+05   6.9885254e+01
   1.2625400e+05   6.4575195e+01
   1.2673600e+05   6.3293457e+01
   1.2719800e+05   6.4392090e+01
   1.2763700e+05   6.6772461e+01
   1.2811100e+05   6.0791016e+01
   1.2853600e+05   5.8288574e+01
   1.2898900e+05   6.8908691e+01
   1.2944200e+05   6.2500000e+01
   1.2988000e+05   7.0068359e+01
   1.3032900e+05   6.2011719e+01
   1.3078400e+05   5.8410645e+01
   1.3117500e+05   6.0729980e+01
   1.3163500e+05   5.7861328e+01
   1.3212400e+05   7.3059082e+01
   1.3275700e+05   6.4575195e+01
   1.3321200e+05   6.7077637e+01
   1.3367200e+05   6.3354492e+01
   1.3415600e+05   5.7861328e+01
   1.3458900e+05   6.7321777e+01
   1.3499600e+05   6.7871094e+01
   1.3545200e+05   6.6955566e+01
   1.3594100e+05   7.1899414e+01
   1.3648100e+05   6.3293457e+01
   1.3696600e+05   5.5297852e+01
   1.3746300e+05   6.3537598e+01
   1.3786800e+05   5.4199219e+01
   1.3832900e+05   6.5246582e+01
   1.3877300e+05   6.2194824e+01
   1.3921900e+05   5.7983398e+01
   1.3969800e+05   6.8786621e+01
   1.4017400e+05   5.9509277e+01
   1.4066600e+05   6.0607910e+01
   1.4111800e+05   6.2255859e+01
   1.4156800e+05   6.7138672e+01
   1.4194500e+05   6.9580078e+01
   1.4245100e+05   6.0302734e+01
   1.4281900e+05   6.9335938e+01
   1.4337700e+05   6.6833496e+01
   1.4385500e+05   6.9946289e+01
   1.4422100e+05   6.9274902e+01
   1.4478200e+05   6.1035156e+01
   1.4536100e+05   6.6040039e+01
   1.4581500e+05   6.0791016e+01
   1.4630200e+05   5.4870605e+01
   1.4670600e+05   6.2072754e+01
   1.4716000e+05   5.9692383e+01
   1.4757800e+05   5.7861328e+01
   1.4807100e+05   6.1523437e+01
   1.4843900e+05   5.6274414e+01
   1.4886100e+05   7.2021484e+01
   1.4931000e+05   6.9335938e+01
   1.4988500e+05   6.7749023e+01
   1.5027900e+05   6.2744141e+01
   1.5076900e+05   7.1228027e+01
   1.5123900e+05   6.3293457e+01
   1.5171200e+05   6.3476562e+01
   1.5220900e+05   6.3781738e+01
   1.5272300e+05   6.9519043e+01
   1.5320200e+05   6.0485840e+01
   1.5382400e+05   6.3415527e+01
   1.5426800e+05   6.3720703e+01
   1.5470500e+05   5.9997559e+01
   1.5508100e+05   6.1462402e+01
   1.5555800e+05   6.9519043e+01
   1.5609100e+05   5.5053711e+01
   1.5652900e+05   6.9580078e+01
   1.5688300e+05   6.6772461e+01
   1.5731100e+05   6.2622070e+01
   1.5768400e+05   6.3171387e+01
   1.5835500e+05   6.2133789e+01
   1.5882200e+05   6.3293457e+01
   1.5920100e+05   5.5236816e+01
   1.5959900e+05   2.2827148e+01
   1.6006200e+05   6.2683105e+01
   1.6051600e+05   6.7321777e+01
   1.6098000e+05   5.5480957e+01
   1.6147100e+05   5.9997559e+01
   1.6194900e+05   6.5368652e+01
   1.6255100e+05   6.2561035e+01
   1.6300000e+05   6.0485840e+01
   1.6340400e+05   5.5419922e+01
   1.6379600e+05   6.2500000e+01
   1.6421600e+05   3.2287598e+01
   1.6462300e+05   7.0861816e+01
   1.6508000e+05   6.0424805e+01
   1.6550500e+05   6.8481445e+01
   1.6586200e+05   6.7321777e+01
   1.6654900e+05   6.0913086e+01
   1.6695400e+05   5.5725098e+01
   1.6742200e+05   5.8715820e+01
   1.6778300e+05   7.0068359e+01
   1.6823400e+05   6.2438965e+01
   1.6865800e+05   7.3425293e+01
   1.6908300e+05   5.6457520e+01
   1.6948900e+05   6.6162109e+01
   1.6990400e+05   6.2011719e+01
   1.7038200e+05   6.8298340e+01
   1.7080600e+05   6.9824219e+01
   1.7125700e+05   5.4199219e+01
   1.7172600e+05   6.9030762e+01
   1.7218800e+05   6.7443848e+01
   1.7250700e+05   6.7749023e+01
   1.7293200e+05   6.5490723e+01
   1.7338700e+05   5.5908203e+01
   1.7380900e+05   6.3415527e+01
   1.7423200e+05   6.9641113e+01
   1.7464500e+05   5.8227539e+01
   1.7505300e+05   6.4514160e+01
   1.7557200e+05   6.3476562e+01
   1.7609100e+05   6.8420410e+01
   1.7660700e+05   6.9824219e+01
   1.7707400e+05   5.6030273e+01
   1.7764500e+05   6.9396973e+01
   1.7814400e+05   4.8950195e+01
   1.7854700e+05   5.4382324e+01
   1.7908000e+05   6.0302734e+01
   1.7947900e+05   6.6101074e+01
   1.7984700e+05   3.8513184e+01
   1.8036400e+05   6.0241699e+01
   1.8080300e+05   5.8166504e+01
   1.8112200e+05   7.0190430e+01
   1.8155800e+05   7.4584961e+01
   1.8200100e+05   6.4270020e+01
   1.8245400e+05   7.1777344e+01
   1.8287500e+05   6.2438965e+01
   1.8328500e+05   7.1228027e+01
   1.8369300e+05   6.9946289e+01
   1.8409300e+05   5.2917480e+01
   1.8445100e+05   6.9702148e+01
   1.8488700e+05   7.1533203e+01
   1.8552000e+05   6.1401367e+01
   1.8598000e+05   6.6772461e+01
   1.8637200e+05   6.1096191e+01
   1.8689400e+05   6.6223145e+01
   1.8733400e+05   6.2255859e+01
   1.8787200e+05   6.3232422e+01
   1.8840800e+05   5.6701660e+01
   1.8882500e+05   6.0546875e+01
   1.8921500e+05   6.6406250e+01
   1.8960500e+05   6.4636230e+01
   1.8996900e+05   7.1838379e+01
   1.9036500e+05   5.7373047e+01
   1.9085100e+05   6.6284180e+01
   1.9149200e+05   6.6345215e+01
   1.9188500e+05   7.0556641e+01
   1.9232800e+05   5.5603027e+01
   1.9279800e+05   6.2744141e+01
   1.9321000e+05   6.7626953e+01
   1.9365600e+05   6.2744141e+01
   1.9407300e+05   5.9082031e+01
   1.9447800e+05   6.6894531e+01
   1.9486800e+05   5.8837891e+01
   1.9526400e+05   6.2255859e+01
   1.9568700e+05   7.1777344e+01
   1.9623000e+05   6.5246582e+01
   1.9661600e+05   6.5917969e+01
   1.9702700e+05   7.2570801e+01
   1.9743300e+05   6.6772461e+01
   1.9776600e+05   6.7871094e+01
   1.9814700e+05   6.6772461e+01
   1.9840900e+05   6.5734863e+01
   1.9882800e+05   5.8288574e+01
   1.9926600e+05   6.2744141e+01
   1.9969800e+05   6.0363770e+01
   2.0008900e+05   5.8593750e+01
   2.0034200e+05   7.2021484e+01
   2.0046700e+05   2.5024414e+01
   2.0055600e+05   2.2766113e+01
   2.0063900e+05   6.8603516e+01
   2.0095700e+05   6.4392090e+01
   2.0106900e+05   1.8981934e+01
   2.0131800e+05   6.6894531e+01
   2.0153500e+05   6.1950684e+01
   2.0175500e+05   5.4016113e+01
   2.0203500e+05   5.8715820e+01
   2.0248600e+05   5.3955078e+01
   2.0274500e+05   5.7495117e+01
   2.0333000e+05   5.9326172e+01
   2.0373900e+05   6.1218262e+01
   2.0387900e+05   6.2927246e+01
   2.0403500e+05   6.2622070e+01
   2.0447100e+05   6.2072754e+01
   2.0486100e+05   6.9519043e+01
   2.0551100e+05   6.9458008e+01
   2.0577700e+05   6.1584473e+01
   2.0587600e+05   7.1105957e+01
   2.0594000e+05   5.8593750e+01
   2.0602600e+05   1.9042969e+01
   2.0622500e+05   6.3415527e+01
   2.0633000e+05   6.0729980e+01
   2.0646300e+05   6.5429688e+01
   2.0658100e+05   8.5205078e+01
   2.0660200e+05   1.9104004e+01
   2.0662200e+05   5.6091309e+01
   2.0668000e+05   3.7963867e+01
   2.0674100e+05   5.6579590e+01
   2.0714200e+05   6.2866211e+01
   2.0797400e+05   6.4453125e+01
   2.0864600e+05   6.2377930e+01
   2.0917500e+05   5.7250977e+01
   2.0966700e+05   6.1096191e+01
   2.1010600e+05   5.7373047e+01
   2.1055300e+05   6.5673828e+01
   2.1102100e+05   6.8176270e+01
   2.1146600e+05   6.8603516e+01
   2.1189400e+05   7.3547363e+01
   2.1228700e+05   5.5053711e+01
   2.1283300e+05   6.5185547e+01
   2.1328900e+05   6.6528320e+01
   2.1379200e+05   6.9274902e+01
   2.1417900e+05   6.8298340e+01
   2.1454600e+05   6.4453125e+01
   2.1497200e+05   6.6711426e+01
   2.1534500e+05   6.7016602e+01
   2.1579200e+05   5.8044434e+01
   2.1619100e+05   6.0363770e+01
   2.1668800e+05   5.9692383e+01
   2.1706100e+05   6.0241699e+01
   2.1748600e+05   5.9692383e+01
   2.1792600e+05   6.4208984e+01
   2.1839800e+05   7.3120117e+01
   2.1880600e+05   6.5124512e+01
   2.1919400e+05   6.3537598e+01
   2.1962700e+05   5.9020996e+01
   2.2008600e+05   6.2255859e+01
   2.2043800e+05   5.9875488e+01
   2.2078400e+05   6.2927246e+01
   2.2128900e+05   6.5490723e+01
   2.2168500e+05   7.1777344e+01
   2.2207900e+05   6.5063477e+01
   2.2263300e+05   7.0739746e+01
   2.2299400e+05   5.3100586e+01
   2.2329800e+05   6.1706543e+01
   2.2361500e+05   6.9030762e+01
   2.2403100e+05   5.8715820e+01
   2.2446100e+05   6.3842773e+01
   2.2489900e+05   6.5856934e+01
   2.2529100e+05   6.4697266e+01
   2.2588400e+05   6.7871094e+01
   2.2642000e+05   5.8776855e+01
   2.2670100e+05   6.6223145e+01
   2.2706500e+05   6.6833496e+01
   2.2747100e+05   6.8115234e+01
   2.2790000e+05   7.5256348e+01
   2.2841300e+05   6.7077637e+01
   2.2887900e+05   6.5979004e+01
   2.2930100e+05   6.8115234e+01
   2.2969800e+05   7.1533203e+01
   2.3011500e+05   6.5979004e+01
   2.3056000e+05   5.7739258e+01
   2.3089300e+05   6.6101074e+01
   2.3119800e+05   6.5185547e+01
   2.3158400e+05   6.0546875e+01
   2.3197500e+05   6.6162109e+01
   2.3252200e+05   6.5917969e+01
   2.3300900e+05   6.0241699e+01
   2.3346200e+05   5.8166504e+01
   2.3386200e+05   6.6894531e+01
   2.3411900e+05   5.7556152e+01
   2.3443500e+05   6.3842773e+01
   2.3486500e+05   6.5856934e+01
   2.3531400e+05   5.5725098e+01
   2.3571300e+05   5.1208496e+01
   2.3626300e+05   6.7810059e+01
   2.3673500e+05   6.6040039e+01
   2.3706900e+05   7.0068359e+01
   2.3744900e+05   6.2866211e+01
   2.3782500e+05   6.1462402e+01
   2.3813400e+05   6.8359375e+01
   2.3853700e+05   6.2011719e+01
   2.3892700e+05   6.9824219e+01
   2.3935200e+05   6.8725586e+01
   2.3980100e+05   6.4086914e+01
   2.4022500e+05   6.3110352e+01
   2.4065400e+05   6.5368652e+01
   2.4097500e+05   6.2988281e+01
   2.4135000e+05   6.4208984e+01
   2.4172600e+05   5.8105469e+01
   2.4209100e+05   7.0800781e+01
   2.4239700e+05   5.9997559e+01
   2.4273100e+05   6.2072754e+01
   2.4325200e+05   6.7138672e+01
   2.4353100e+05   6.0852051e+01
   2.4384100e+05   6.9213867e+01
   2.4411900e+05   6.5673828e+01
   2.4460600e+05   6.5979004e+01
   2.4506900e+05   6.5917969e+01
   2.4528500e+05   5.8471680e+01
   2.4545000e+05   5.7495117e+01
   2.4574900e+05   6.8969727e+01
   2.4607900e+05   5.6884766e+01
   2.4631600e+05   5.6457520e+01
   2.4652700e+05   6.2194824e+01
   2.4688600e+05   6.7382813e+01
   2.4756500e+05   5.9326172e+01
   2.4804200e+05   6.0668945e+01
   2.4843900e+05   7.0190430e+01
   2.4882000e+05   5.1330566e+01
   2.4926800e+05   5.6274414e+01
   2.4974600e+05   6.5979004e+01
   2.5022400e+05   6.2866211e+01
   2.5060100e+05   6.8786621e+01
   2.5107200e+05   6.4575195e+01
   2.5152200e+05   5.8044434e+01
   2.5192800e+05   6.5368652e+01
   2.5230900e+05   5.6396484e+01
   2.5271200e+05   6.4819336e+01
   2.5317800e+05   6.0119629e+01
   2.5363000e+05   6.0729980e+01
   2.5396900e+05   6.8420410e+01
   2.5438100e+05   5.8654785e+01
   2.5490600e+05   7.2143555e+01
   2.5524700e+05   5.6091309e+01
   2.5553600e+05   6.2622070e+01
   2.5586100e+05   6.8115234e+01
   2.5628800e+05   5.5480957e+01
   2.5665900e+05   6.0974121e+01
   2.5693100e+05   7.0922852e+01
   2.5731200e+05   7.0556641e+01
   2.5779100e+05   5.4870605e+01
   2.5819000e+05   6.3537598e+01
   2.5856000e+05   6.4025879e+01
   2.5902200e+05   5.6152344e+01
   2.5941200e+05   6.6467285e+01
   2.5986600e+05   6.3476562e+01
   2.6022500e+05   7.1289062e+01
   2.6054200e+05   6.1767578e+01
   2.6096600e+05   5.9875488e+01
   2.6137700e+05   5.3039551e+01
   2.6171500e+05   5.8288574e+01
   2.6223000e+05   6.4208984e+01
   2.6263600e+05   6.2316895e+01
   2.6309500e+05   5.8166504e+01
   2.6344900e+05   6.4270020e+01
   2.6385700e+05   5.8410645e+01
   2.6408900e+05   5.8166504e+01
   2.6440000e+05   5.6335449e+01
   2.6483700e+05   6.1584473e+01
   2.6521200e+05   5.7922363e+01
   2.6562100e+05   5.7006836e+01
   2.6603300e+05   7.1289063e+01
   2.6646200e+05   6.1157227e+01
   2.6681200e+05   5.5358887e+01
   2.6724100e+05   6.5551758e+01
   2.6768500e+05   6.0058594e+01
   2.6818700e+05   6.3476563e+01
   2.6852700e+05   6.5551758e+01
   2.6885800e+05   6.3476562e+01
   2.6921500e+05   5.8898926e+01
   2.6955900e+05   6.2438965e+01
   2.6991100e+05   6.8725586e+01
   2.7045200e+05   6.3476562e+01
   2.7094300e+05   5.3466797e+01
   2.7150700e+05   6.4941406e+01
   2.7188300e+05   6.8542480e+01
   2.7224200e+05   5.2734375e+01
   2.7259300e+05   5.5908203e+01
   2.7302500e+05   5.7739258e+01
   2.7332200e+05   6.3842773e+01
   2.7373100e+05   6.2927246e+01
   2.7408700e+05   6.3903809e+01
   2.7450400e+05   6.2927246e+01
   2.7496900e+05   5.5419922e+01
   2.7534800e+05   6.6894531e+01
   2.7573300e+05   5.6823730e+01
   2.7610400e+05   6.5673828e+01
   2.7639300e+05   5.4138184e+01
   2.7677700e+05   6.3293457e+01
   2.7715100e+05   6.3476562e+01
   2.7748000e+05   5.3100586e+01
   2.7783000e+05   5.7556152e+01
   2.7822000e+05   5.7128906e+01
   2.7858000e+05   6.0546875e+01
   2.7895900e+05   6.3049316e+01
   2.7934300e+05   5.8898926e+01
   2.7973700e+05   6.4331055e+01
   2.8007200e+05   6.4270020e+01
   2.8039600e+05   6.5307617e+01
   2.8077300e+05   7.0190430e+01
   2.8114100e+05   6.3415527e+01
   2.8157600e+05   5.2612305e+01
   2.8192600e+05   6.2805176e+01
   2.8228600e+05   6.0546875e+01
   2.8272800e+05   6.4392090e+01
   2.8305200e+05   7.0922852e+01
   2.8340700e+05   7.3974609e+01
   2.8381500e+05   5.6396484e+01
   2.8414600e+05   5.7067871e+01
   2.8434400e+05   6.4147949e+01
   2.8451000e+05   7.0373535e+01
   2.8461700e+05   6.1706543e+01
   2.8484600e+05   6.3354492e+01
   2.8504200e+05   6.3720703e+01
   2.8551900e+05   6.0485840e+01
   2.8590500e+05   6.0058594e+01
   2.8651000e+05   5.9936523e+01
   2.8698900e+05   5.6823730e+01
   2.8737700e+05   5.3710937e+01
   2.8784700e+05   6.4575195e+01
   2.8813500e+05   6.6345215e+01
   2.8852900e+05   6.4147949e+01
   2.8889300e+05   6.5124512e+01
   2.8929000e+05   6.7138672e+01
   2.8965000e+05   5.6030273e+01
   2.9000600e+05   6.1889648e+01
   2.9040300e+05   5.4809570e+01
   2.9078300e+05   5.6701660e+01
   2.9113600e+05   6.0424805e+01
   2.9160300e+05   5.7434082e+01
   2.9203900e+05   6.2316895e+01
   2.9229200e+05   6.4697266e+01
   2.9268600e+05   6.6406250e+01
   2.9308300e+05   5.9265137e+01
   2.9350000e+05   7.3059082e+01
   2.9384600e+05   6.4941406e+01
   2.9421300e+05   6.3354492e+01
   2.9462800e+05   6.5856934e+01
   2.9507100e+05   5.7617188e+01
   2.9544900e+05   6.0668945e+01
   2.9572900e+05   5.4321289e+01
   2.9609900e+05   5.6884766e+01
   2.9648500e+05   6.2683105e+01
   2.9679400e+05   5.3405762e+01
   2.9715900e+05   6.4575195e+01
   2.9750900e+05   6.1828613e+01
   2.9778200e+05   6.5734863e+01
   2.9819300e+05   6.2438965e+01
   2.9856000e+05   6.0119629e+01
   2.9896600e+05   6.3110352e+01
   2.9933700e+05   6.0607910e+01
   2.9969800e+05   6.5734863e+01
   3.0007100e+05   5.3955078e+01
   3.0046800e+05   6.3354492e+01
   3.0089200e+05   6.0607910e+01
   3.0125500e+05   6.3964844e+01
   3.0167400e+05   6.3903809e+01
   3.0194800e+05   5.8227539e+01
   3.0227900e+05   5.9387207e+01
   3.0268500e+05   6.3659668e+01
   3.0299100e+05   5.8959961e+01
   3.0342500e+05   6.0119629e+01
   3.0381700e+05   5.7495117e+01
   3.0425100e+05   5.7617188e+01
   3.0462400e+05   5.5847168e+01
   3.0511600e+05   6.1035156e+01
   3.0543900e+05   6.0241699e+01
   3.0580500e+05   6.3659668e+01
   3.0612600e+05   5.7189941e+01
   3.0652000e+05   5.7189941e+01
   3.0691700e+05   5.4138184e+01
   3.0730000e+05   6.5917969e+01
   3.0768000e+05   6.2683105e+01
   3.0802900e+05   5.7495117e+01
   3.0844900e+05   6.5429688e+01
   3.0876500e+05   6.7749023e+01
   3.0912400e+05   6.2438965e+01
   3.0947000e+05   5.9631348e+01
   3.0974600e+05   5.4687500e+01
   3.1012100e+05   6.6345215e+01
   3.1050600e+05   6.0302734e+01
   3.1089000e+05   6.7565918e+01
   3.1119900e+05   6.0852051e+01
   3.1157100e+05   6.0180664e+01
   3.1197500e+05   5.6701660e+01
   3.1245000e+05   5.9448242e+01
   3.1279100e+05   5.9509277e+01
   3.1320600e+05   5.2307129e+01
   3.1370400e+05   6.4819336e+01
   3.1405200e+05   5.4504395e+01
   3.1440100e+05   5.3283691e+01
   3.1471100e+05   5.3833008e+01
   3.1509100e+05   5.2978516e+01
   3.1546800e+05   6.1218262e+01
   3.1574400e+05   5.5419922e+01
   3.1610500e+05   6.3232422e+01
   3.1650700e+05   6.0241699e+01
   3.1692000e+05   5.9692383e+01
   3.1733300e+05   6.4392090e+01
   3.1767300e+05   6.2194824e+01
   3.1805700e+05   6.1645508e+01
   3.1834700e+05   6.0302734e+01
   3.1872800e+05   5.9509277e+01
   3.1917800e+05   5.8776855e+01
   3.1972500e+05   5.8959961e+01
   3.2015400e+05   5.9936523e+01
   3.2045300e+05   6.3659668e+01
   3.2080500e+05   6.2927246e+01
   3.2118600e+05   5.3161621e+01
   3.2151000e+05   5.6396484e+01
   3.2185900e+05   6.4941406e+01
   3.2223700e+05   5.9997559e+01
   3.2259100e+05   6.2072754e+01
   3.2290500e+05   5.6457520e+01
   3.2327900e+05   6.0546875e+01
   3.2369600e+05   6.3842773e+01
   3.2408000e+05   6.2011719e+01
   3.2450400e+05   6.0913086e+01
   3.2478300e+05   5.6030273e+01
   3.2512100e+05   5.7250977e+01
   3.2547700e+05   5.7189941e+01
   3.2583000e+05   5.5419922e+01
   3.2623100e+05   5.3894043e+01
   3.2675900e+05   5.9997559e+01
   3.2706200e+05   6.9458008e+01
   3.2742500e+05   5.1391602e+01
   3.2780000e+05   6.0974121e+01
   3.2816200e+05   5.9692383e+01
   3.2853400e+05   5.7067871e+01
   3.2889200e+05   5.7250977e+01
   3.2928400e+05   6.2500000e+01
   3.2964500e+05   5.4016113e+01
   3.3010700e+05   6.7565918e+01
   3.3068200e+05   6.5124512e+01
   3.3104300e+05   2.6733398e+01
   3.3138200e+05   5.9509277e+01
   3.3176500e+05   6.6528320e+01
   3.3210700e+05   6.2438965e+01
   3.3239900e+05   5.3161621e+01
   3.3279800e+05   5.7128906e+01
   3.3311800e+05   5.6030273e+01
   3.3351000e+05   6.3049316e+01
   3.3384700e+05   6.3720703e+01
   3.3413200e+05   5.5114746e+01
   3.3442100e+05   5.9814453e+01
   3.3479000e+05   5.7067871e+01
   3.3521300e+05   6.5429688e+01
   3.3564300e+05   5.7189941e+01
   3.3602800e+05   6.2500000e+01
   3.3636400e+05   5.3894043e+01
   3.3682500e+05   6.7138672e+01
   3.3713200e+05   6.0852051e+01
   3.3750900e+05   6.0180664e+01
   3.3789400e+05   5.6457520e+01
   3.3840800e+05   6.3476562e+01
   3.3868800e+05   5.5664062e+01
   3.3905600e+05   6.6772461e+01
   3.3947200e+05   5.7800293e+01
   3.3992100e+05   5.9082031e+01
   3.4032200e+05   5.5969238e+01
   3.4075700e+05   6.2194824e+01
   3.4106700e+05   6.0363770e+01
   3.4145300e+05   6.2316895e+01
   3.4181700e+05   7.1594238e+01
   3.4214400e+05   5.0659180e+01
   3.4244100e+05   6.9274902e+01
   3.4285000e+05   6.4880371e+01
   3.4325300e+05   5.8593750e+01
   3.4351500e+05   6.4331055e+01
   3.4380300e+05   6.2194824e+01
   3.4404400e+05   6.2377930e+01
   3.4450900e+05   5.8410645e+01
   3.4479300e+05   5.9020996e+01
   3.4514100e+05   5.4382324e+01
   3.4549500e+05   5.4565430e+01
   3.4578700e+05   6.0119629e+01
   3.4597600e+05   6.1157227e+01
   3.4614700e+05   5.1391602e+01
   3.4632100e+05   5.9326172e+01
   3.4687600e+05   5.2490234e+01
   3.4744200e+05   6.4147949e+01
   3.4793700e+05   5.6640625e+01
   3.4837400e+05   6.3476562e+01
   3.4874400e+05   7.1960449e+01
   3.4907000e+05   5.3649902e+01
   3.4944700e+05   6.1645508e+01
   3.4995300e+05   5.2368164e+01
   3.5045900e+05   7.3425293e+01
   3.5085000e+05   6.4514160e+01
   3.5127500e+05   5.9631348e+01
   3.5172200e+05   6.4941406e+01
   3.5208000e+05   6.0546875e+01
   3.5239600e+05   6.2011719e+01
   3.5286000e+05   5.8044434e+01
   3.5323900e+05   5.4870605e+01
   3.5363000e+05   5.4870605e+01
   3.5396900e+05   5.9387207e+01
   3.5448800e+05   6.2927246e+01
   3.5484400e+05   5.4321289e+01
   3.5518900e+05   5.4626465e+01
   3.5550600e+05   6.2255859e+01
   3.5592800e+05   5.9936523e+01
   3.5630000e+05   5.7922363e+01
   3.5675400e+05   6.0302734e+01
   3.5713500e+05   6.3537598e+01
   3.5750000e+05   6.7199707e+01
   3.5788200e+05   6.7687988e+01
   3.5814900e+05   5.5053711e+01
   3.5853700e+05   6.0363770e+01
   3.5888300e+05   6.3842773e+01
   3.5931200e+05   5.5603027e+01
   3.5976000e+05   5.0903320e+01
   3.6011500e+05   6.2988281e+01
   3.6049100e+05   5.7128906e+01
   3.6097200e+05   6.6833496e+01
   3.6142500e+05   6.0485840e+01
   3.6175500e+05   5.6884766e+01
   3.6213100e+05   6.2133789e+01
   3.6246500e+05   5.8349609e+01
   3.6276700e+05   5.7800293e+01
   3.6315000e+05   5.9326172e+01
   3.6355900e+05   6.8847656e+01
   3.6389900e+05   5.6579590e+01
   3.6433400e+05   5.7495117e+01
   3.6463300e+05   5.8715820e+01
   3.6500500e+05   6.5795898e+01
   3.6536700e+05   6.3110352e+01
   3.6577100e+05   6.0607910e+01
   3.6616400e+05   6.0607910e+01
   3.6659100e+05   5.8349609e+01
   3.6687900e+05   6.7687988e+01
   3.6725600e+05   6.2622070e+01
   3.6762900e+05   5.8044434e+01
   3.6803500e+05   5.8166504e+01
   3.6836200e+05   5.5908203e+01
   3.6871800e+05   6.0119629e+01
   3.6910000e+05   5.9692383e+01
   3.6944600e+05   6.4758301e+01
   3.6982900e+05   5.8166504e+01
   3.7021800e+05   6.3110352e+01
   3.7058900e+05   6.1096191e+01
   3.7098100e+05   6.6650391e+01
   3.7133900e+05   5.8715820e+01
   3.7179300e+05   6.6040039e+01
   3.7205600e+05   6.5551758e+01
   3.7242600e+05   6.7932129e+01
   3.7273300e+05   6.0241699e+01
   3.7298600e+05   5.8959961e+01
   3.7335600e+05   6.4575195e+01
   3.7357100e+05   5.8105469e+01
   3.7367200e+05   2.0935059e+01
   3.7378800e+05   6.2255859e+01
   3.7386300e+05   5.7006836e+01
   3.7398100e+05   7.8308105e+01
   3.7538900e+05   5.6579590e+01
   3.7582400e+05   5.2185059e+01
   3.7630400e+05   6.8054199e+01
   3.7675000e+05   6.1462402e+01
   3.7715200e+05   6.2744141e+01
   3.7758000e+05   5.1086426e+01
   3.7798900e+05   6.1157227e+01
   3.7853500e+05   6.7260742e+01
   3.7886000e+05   6.2744141e+01
   3.7980600e+05   6.2927246e+01
   3.8026600e+05   6.0180664e+01
   3.8065600e+05   7.2753906e+01
   3.8107100e+05   5.6152344e+01
   3.8146800e+05   6.1645508e+01
   3.8184000e+05   5.6274414e+01
   3.8218300e+05   5.5908203e+01
   3.8268400e+05   6.4575195e+01
   3.8303300e+05   5.7922363e+01
   3.8334300e+05   5.5419922e+01
   3.8391300e+05   6.0363770e+01
   3.8428200e+05   6.7382813e+01
   3.8464500e+05   5.3466797e+01
   3.8503100e+05   6.4880371e+01
   3.8542600e+05   6.6772461e+01
   3.8583700e+05   6.2255859e+01
   3.8622600e+05   6.6589355e+01
   3.8670500e+05   6.7138672e+01
   3.8704300e+05   5.6030273e+01
   3.8746500e+05   5.7006836e+01
   3.8779400e+05   5.9143066e+01
   3.8819300e+05   6.7626953e+01
   3.8866800e+05   6.3232422e+01
   3.8899600e+05   6.5063477e+01
   3.8939800e+05   5.7189941e+01
   3.8985400e+05   5.9875488e+01
   3.9012700e+05   6.4392090e+01
   3.9049000e+05   6.5002441e+01
   3.9090000e+05   6.8298340e+01
   3.9125400e+05   6.1157227e+01
   3.9158300e+05   5.8166504e+01
   3.9194100e+05   5.9326172e+01
   3.9232700e+05   6.1828613e+01
   3.9266300e+05   5.9997559e+01
   3.9318200e+05   5.5297852e+01
   3.9365700e+05   5.8288574e+01
   3.9404900e+05   6.1401367e+01
   3.9443400e+05   5.7189941e+01
   3.9475500e+05   6.0607910e+01
   3.9525500e+05   5.6274414e+01
   3.9560100e+05   6.4575195e+01
   3.9596100e+05   5.0415039e+01
   3.9638800e+05   5.9814453e+01
   3.9672300e+05   6.1401367e+01
   3.9709700e+05   5.9936523e+01
   3.9748800e+05   5.6274414e+01
   3.9793600e+05   5.3344727e+01
   3.9838100e+05   5.8105469e+01
   3.9870700e+05   5.6518555e+01
   3.9906300e+05   5.4992676e+01
   3.9941900e+05   5.8776855e+01
   3.9978200e+05   5.6091309e+01
   4.0029000e+05   5.6701660e+01
   4.0070100e+05   6.3049316e+01
   4.0104400e+05   6.1706543e+01
   4.0138500e+05   6.2072754e+01
   4.0175900e+05   5.8410645e+01
   4.0209000e+05   6.6406250e+01
   4.0240200e+05   6.1828613e+01
   4.0273600e+05   2.5573730e+01
   4.0308900e+05   7.0556641e+01
   4.0345700e+05   5.7922363e+01
   4.0387500e+05   2.4719238e+01
   4.0421600e+05   5.9020996e+01
   4.0476100e+05   6.4880371e+01
   4.0515900e+05   5.8044434e+01
   4.0543800e+05   5.9692383e+01
   4.0585300e+05   6.0058594e+01
   4.0622900e+05   6.0913086e+01
   4.0659200e+05   6.1828613e+01
   4.0694600e+05   5.7434082e+01
   4.0732700e+05   5.5908203e+01
   4.0767900e+05   5.9448242e+01
   4.0808000e+05   5.9082031e+01
   4.0849500e+05   6.7077637e+01
   4.0886200e+05   5.2490234e+01
   4.0926300e+05   6.0302734e+01
   4.0958900e+05   5.5541992e+01
   4.0995300e+05   5.3283691e+01
   4.1017900e+05   6.1401367e+01
   4.1034100e+05   6.2744141e+01
   4.1043600e+05   2.3254395e+01
   4.1048300e+05   6.1706543e+01
   4.1076100e+05   6.1096191e+01
   4.1092600e+05   5.7800293e+01
   4.1110700e+05   2.7343750e+01
   4.1123900e+05   5.4870605e+01
   4.1153900e+05   1.9470215e+01
   4.1156500e+05   5.8288574e+01
   4.1186000e+05   5.6579590e+01
   4.1202100e+05   6.1279297e+01
   4.1239900e+05   6.1828613e+01
   4.1271600e+05   5.9875488e+01
   4.1320000e+05   6.1401367e+01
   4.1429200e+05   5.7250977e+01
   4.1471600e+05   5.5175781e+01
   4.1516700e+05   5.6823730e+01
   4.1560500e+05   6.3537598e+01
   4.1605100e+05   5.6274414e+01
   4.1645100e+05   6.5124512e+01
   4.1682900e+05   5.7922363e+01
   4.1723900e+05   5.7861328e+01
   4.1761700e+05   5.5053711e+01
   4.1796600e+05   5.7800293e+01
   4.1847600e+05   6.0791016e+01
   4.1879500e+05   5.7128906e+01
   4.1919400e+05   5.9204102e+01
   4.1957600e+05   6.4331055e+01
   4.1993900e+05   6.1523438e+01
   4.2031800e+05   6.4819336e+01
   4.2073400e+05   6.3903809e+01
   4.2103900e+05   5.3771973e+01
   4.2146000e+05   6.0058594e+01
   4.2181700e+05   6.5124512e+01
   4.2217300e+05   6.3293457e+01
   4.2254900e+05   6.4086914e+01
   4.2293100e+05   5.8105469e+01
   4.2328500e+05   5.3466797e+01
   4.2364800e+05   6.1401367e+01
   4.2397200e+05   5.4809570e+01
   4.2445400e+05   6.6650391e+01
   4.2486100e+05   6.0241699e+01
   4.2519100e+05   6.2072754e+01
   4.2556400e+05   5.7556152e+01
   4.2599400e+05   5.4382324e+01
   4.2640700e+05   6.1218262e+01
   4.2679400e+05   5.2490234e+01
   4.2712300e+05   6.5490723e+01
   4.2749100e+05   5.7373047e+01
   4.2801600e+05   5.9448242e+01
   4.2846600e+05   6.1340332e+01
   4.2883200e+05   6.9396973e+01
   4.2919600e+05   6.0058594e+01
   4.2963200e+05   5.9936523e+01
   4.2998200e+05   5.7983398e+01
   4.3038000e+05   6.7932129e+01
   4.3067500e+05   6.0913086e+01
   4.3103800e+05   6.3476562e+01
   4.3135400e+05   5.6030273e+01
   4.3181800e+05   6.6101074e+01
   4.3220400e+05   6.2988281e+01
   4.3275700e+05   6.1462402e+01
   4.3322100e+05   5.9448242e+01
   4.3358400e+05   5.2612305e+01
   4.3394200e+05   6.2683105e+01
   4.3433300e+05   6.5124512e+01
   4.3464700e+05   5.7922363e+01
   4.3501500e+05   5.4931641e+01
   4.3544900e+05   6.7687988e+01
   4.3593400e+05   6.1401367e+01
   4.3636900e+05   5.3344727e+01
   4.3674300e+05   6.3720703e+01
   4.3709600e+05   5.8715820e+01
   4.3750600e+05   6.6955566e+01
   4.3774400e+05   5.7312012e+01
   4.3800800e+05   5.9143066e+01
   4.3808400e+05   2.1240234e+01
   4.3827100e+05   6.3171387e+01
   4.3853400e+05   6.4453125e+01
   4.3870500e+05   5.9692383e+01
   4.3890500e+05   6.8420410e+01
   4.4041800e+05   6.7993164e+01
   4.4100400e+05   5.7128906e+01
   4.4143000e+05   5.9265137e+01
   4.4180600e+05   5.7983398e+01
   4.4219800e+05   6.0058594e+01
   4.4268200e+05   5.2978516e+01
   4.4307500e+05   5.5358887e+01
   4.4342100e+05   6.3720703e+01
   4.4379100e+05   6.5307617e+01
   4.4427000e+05   6.2622070e+01
   4.4467900e+05   5.6396484e+01
   4.4506100e+05   6.4147949e+01
   4.4545500e+05   6.0363770e+01
   4.4580500e+05   5.4931641e+01
   4.4618500e+05   5.8044434e+01
   4.4649000e+05   6.4208984e+01
   4.4688200e+05   6.4453125e+01
   4.4735300e+05   5.9265137e+01
   4.4791600e+05   5.3344727e+01
   4.4839100e+05   6.3598633e+01
   4.4878300e+05   6.1889648e+01
   4.4913100e+05   5.7922363e+01
   4.4953000e+05   5.7434082e+01
   4.4985000e+05   6.4147949e+01
   4.5059200e+05   6.0791016e+01
   4.5096000e+05   5.8959961e+01
   4.5125800e+05   6.0729980e+01
   4.5164400e+05   7.0251465e+01
   4.5210700e+05   5.9875488e+01
   4.5282500e+05   6.3659668e+01
   4.5337500e+05   6.4636230e+01
   4.5388700e+05   6.2072754e+01
   4.5425800e+05   6.0424805e+01
   4.5467800e+05   5.8044434e+01
   4.5504200e+05   6.4147949e+01
   4.5558400e+05   6.8481445e+01
   4.5599100e+05   5.4199219e+01
   4.5639100e+05   6.1218262e+01
   4.5707100e+05   6.5490723e+01
   4.5741700e+05   6.5002441e+01
   4.5788200e+05   6.0424805e+01
   4.5842100e+05   7.2082520e+01
   4.5895300e+05   5.3894043e+01
   4.5939000e+05   6.2744141e+01
   4.5978000e+05   5.7861328e+01
   4.6017100e+05   6.8725586e+01
   4.6058800e+05   6.3476562e+01
   4.6117200e+05   5.7861328e+01
   4.6161100e+05   6.4636230e+01
   4.6196500e+05   6.1645508e+01
   4.6264800e+05   5.9631348e+01
   4.6299800e+05   6.2072754e+01
   4.6350800e+05   5.8715820e+01
   4.6400900e+05   4.9926758e+01
   4.6454300e+05   6.1279297e+01
   4.6498600e+05   6.1767578e+01
   4.6570100e+05   6.7443848e+01
   4.6611900e+05   7.4645996e+01
   4.6652100e+05   5.2795410e+01
   4.6693600e+05   6.3293457e+01
   4.6732400e+05   6.2377930e+01
   4.6745500e+05   6.5246582e+01
   4.6756900e+05   7.0739746e+01
   4.6771700e+05   6.5002441e+01
   4.6792900e+05   5.9143066e+01
   4.6953400e+05   5.5114746e+01
   4.7047800e+05   6.5002441e+01
   4.7119200e+05   6.8542480e+01
   4.7179900e+05   6.5246582e+01
   4.7223200e+05   6.2500000e+01
   4.7288100e+05   6.7504883e+01
   4.7343800e+05   5.6091309e+01
   4.7512100e+05   6.3293457e+01
   4.7577300e+05   6.5185547e+01
   4.7630600e+05   5.3833008e+01
   4.7701600e+05   6.3415527e+01
   4.7776100e+05   6.3537598e+01
   4.7858700e+05   6.2377930e+01
   4.7910300e+05   7.0312500e+01
   4.7962900e+05   6.6406250e+01
   4.8042800e+05   6.7810059e+01
   4.8124900e+05   5.5419922e+01
   4.8255100e+05   5.5603027e+01
   4.8324600e+05   5.8288574e+01
   4.8382500e+05   7.1411133e+01
   4.8440400e+05   6.0974121e+01
   4.8519300e+05   6.5002441e+01
   4.8570700e+05   6.0485840e+01
   4.8675500e+05   6.4636230e+01
   4.8726600e+05   6.6406250e+01
   4.8838900e+05   6.4392090e+01
   4.8881300e+05   3.7353516e+01
   4.8931400e+05   6.8847656e+01
   4.8985600e+05   5.9570312e+01
   4.9051100e+05   6.7810059e+01
   4.9091600e+05   6.5917969e+01
   4.9166400e+05   6.9763184e+01
   4.9216800e+05   6.0791016e+01
   4.9275100e+05   6.0241699e+01
   4.9354200e+05   6.1645508e+01
   4.9409200e+05   6.7199707e+01
   4.9478800e+05   5.9082031e+01
   4.9527600e+05   5.4992676e+01
   4.9597800e+05   6.3720703e+01
   4.9645900e+05   6.3415527e+01
   4.9705000e+05   5.9387207e+01
   4.9798000e+05   6.6711426e+01
   4.9868300e+05   6.7871094e+01
   4.9926900e+05   6.1401367e+01
   4.9979400e+05   6.1767578e+01
   5.0003200e+05   7.3059082e+01
   5.0038100e+05   6.4331055e+01
   5.0089200e+05   6.0729980e+01
   5.0128300e+05   6.7260742e+01
   5.0160400e+05   6.2500000e+01
   5.0179500e+05   5.1025391e+01
   5.0218500e+05   6.2561035e+01
   5.0255000e+05   5.7128906e+01
   5.0324900e+05   6.4819336e+01
   5.0358600e+05   6.1584473e+01
   5.0488400e+05   5.5297852e+01
   5.0559400e+05   6.8237305e+01
   5.0643700e+05   5.8715820e+01
   5.0701900e+05   5.7617188e+01
   5.0780400e+05   5.9143066e+01
   5.0852200e+05   6.6040039e+01
   5.0908300e+05   6.3232422e+01
   5.0975600e+05   6.1523438e+01
   5.1032900e+05   5.6152344e+01
   5.1078800e+05   6.3110352e+01
   5.1126000e+05   6.6528320e+01
   5.1180100e+05   7.1533203e+01
   5.1268600e+05   6.4636230e+01
   5.1325600e+05   6.1096191e+01
   5.1370900e+05   6.6650391e+01
   5.1423200e+05   5.3039551e+01
   5.1469400e+05   5.9265137e+01
   5.1525000e+05   6.3232422e+01
   5.1581200e+05   6.5917969e+01
   5.1634900e+05   5.9387207e+01
   5.1678900e+05   7.1289062e+01
   5.1722600e+05   6.1523437e+01
   5.1777400e+05   6.3293457e+01
   5.1823700e+05   7.3181152e+01
   5.1873100e+05   4.8828125e+01
   5.1919400e+05   6.6345215e+01
   5.1953000e+05   6.3110352e+01
   5.2005700e+05   5.9753418e+01
   5.2059000e+05   6.0363770e+01
   5.2146400e+05   5.5541992e+01
   5.2200400e+05   6.3415527e+01
   5.2256200e+05   6.3720703e+01
   5.2297200e+05   7.0922852e+01
   5.2350000e+05   6.2011719e+01
   5.2394400e+05   6.5795898e+01
   5.2435200e+05   6.4208984e+01
   5.2486300e+05   6.5856934e+01
   5.2539100e+05   5.6884766e+01
   5.2580900e+05   6.0485840e+01
   5.2624700e+05   5.8288574e+01
   5.2678300e+05   5.5358887e+01
   5.2701600e+05   5.7250977e+01
   5.2733600e+05   6.7077637e+01
   5.2754200e+05   6.5490723e+01
   5.2793100e+05   6.2622070e+01
   5.2813700e+05   6.5002441e+01
   5.2842300e+05   6.1401367e+01
   5.2862800e+05   6.2194824e+01
   5.2887100e+05   5.9020996e+01
   5.2889400e+05   2.4230957e+01
   5.2905300e+05   4.6264648e+01
   5.3085000e+05   6.1950684e+01
   5.3135400e+05   6.2072754e+01
   5.3184100e+05   5.6274414e+01
   5.3246400e+05   5.4443359e+01
   5.3295300e+05   6.1828613e+01
   5.3336700e+05   6.4453125e+01
   5.3378600e+05   5.6762695e+01
   5.3426400e+05   6.0791016e+01
   5.3466600e+05   6.8359375e+01
   5.3526900e+05   5.9265137e+01
   5.3576600e+05   6.5002441e+01
   5.3636400e+05   5.8410645e+01
   5.3687300e+05   6.2438965e+01
   5.3727200e+05   6.3842773e+01
   5.3759200e+05   7.0373535e+01
   5.3810600e+05   5.2734375e+01
   5.3853300e+05   6.0729980e+01
   5.3902200e+05   5.5603027e+01
   5.3946600e+05   5.4260254e+01
   5.3978300e+05   5.9631348e+01
   5.4052500e+05   6.1340332e+01
   5.4117000e+05   6.0607910e+01
   5.4150200e+05   5.7556152e+01
   5.4191400e+05   5.5541992e+01
   5.4236200e+05   5.9020996e+01
   5.4279900e+05   5.9509277e+01
   5.4325400e+05   5.8471680e+01
   5.4367700e+05   5.8410645e+01
   5.4414900e+05   5.9265137e+01
   5.4448300e+05   5.7983398e+01
   5.4478700e+05   6.6406250e+01
   5.4509700e+05   5.4321289e+01
   5.4554100e+05   5.0720215e+01
   5.4598800e+05   6.4514160e+01
   5.4640900e+05   6.7993164e+01
   5.4674900e+05   4.9682617e+01
   5.4713400e+05   6.1706543e+01
   5.4750700e+05   5.9326172e+01
   5.4789600e+05   5.4809570e+01
   5.4830400e+05   6.7199707e+01
   5.4875200e+05   6.6345215e+01
   5.4916200e+05   6.5551758e+01
   5.4949300e+05   6.2011719e+01
   5.4993100e+05   5.6579590e+01
   5.5041700e+05   6.2622070e+01
   5.5090400e+05   6.0913086e+01
   5.5144100e+05   6.5124512e+01
   5.5184400e+05   5.5236816e+01
   5.5239600e+05   5.4687500e+01
   5.5282000e+05   5.8776855e+01
   5.5319900e+05   5.8715820e+01
   5.5358900e+05   5.3833008e+01
   5.5396200e+05   6.3964844e+01
   5.5447300e+05   5.8166504e+01
   5.5496700e+05   6.3171387e+01
   5.5516400e+05   5.4199219e+01
   5.5524500e+05   6.9763184e+01
   5.5581300e+05   6.8481445e+01
   5.5607900e+05   7.0434570e+01
   5.5638300e+05   5.0781250e+01
   5.5653800e+05   7.0678711e+01
   5.5674000e+05   6.2377930e+01
   5.5678200e+05   2.3681641e+01
   5.5695300e+05   6.3903809e+01
   5.5728100e+05   5.6579590e+01
   5.5792400e+05   5.9082031e+01
   5.5839700e+05   5.9814453e+01
   5.5896600e+05   6.6772461e+01
   5.5936600e+05   6.9641113e+01
   5.5998600e+05   6.5551758e+01
   5.6036200e+05   5.9204102e+01
   5.6088100e+05   6.6162109e+01
   5.6126800e+05   5.3955078e+01
   5.6167100e+05   5.5419922e+01
   5.6203900e+05   6.1035156e+01
   5.6250900e+05   5.1086426e+01
   5.6288400e+05   6.7077637e+01
   5.6332000e+05   6.4636230e+01
   5.6374200e+05   6.2072754e+01
   5.6415800e+05   6.0119629e+01
   5.6454100e+05   6.2683105e+01
   5.6492300e+05   6.0058594e+01
   5.6541800e+05   6.2072754e+01
   5.6586700e+05   5.6701660e+01
   5.6622000e+05   5.4931641e+01
   5.6661700e+05   6.3476562e+01
   5.6698200e+05   6.4453125e+01
   5.6736500e+05   5.5236816e+01
   5.6778300e+05   5.3833008e+01
   5.6826900e+05   6.6162109e+01
   5.6871600e+05   6.7504883e+01
   5.6908600e+05   5.9265137e+01
   5.6948900e+05   6.0058594e+01
   5.7000300e+05   6.7871094e+01
   5.7039900e+05   5.8837891e+01
   5.7080600e+05   6.3354492e+01
   5.7123300e+05   5.7861328e+01
   5.7173700e+05   5.7800293e+01
   5.7216600e+05   5.3955078e+01
   5.7250200e+05   6.3598633e+01
   5.7304600e+05   6.8298340e+01
   5.7342500e+05   6.2316895e+01
   5.7399700e+05   5.8105469e+01
   5.7439000e+05   6.3842773e+01
   5.7476200e+05   6.2377930e+01
   5.7501800e+05   6.5246582e+01
   5.7522800e+05   6.0546875e+01
   5.7574500e+05   6.0485840e+01
   5.7610400e+05   6.1035156e+01
   5.7648700e+05   6.9580078e+01
   5.7694200e+05   5.5358887e+01
   5.7733800e+05   2.9846191e+01
   5.7788100e+05   6.2377930e+01
   5.7839100e+05   6.0607910e+01
   5.7879200e+05   5.6518555e+01
   5.7918800e+05   6.5734863e+01
   5.7956900e+05   5.3649902e+01
   5.7988300e+05   6.4147949e+01
   5.8024400e+05   6.3476562e+01
   5.8071300e+05   5.7922363e+01
   5.8130300e+05   6.0180664e+01
   5.8172400e+05   6.0485840e+01
   5.8212200e+05   5.4199219e+01
   5.8250000e+05   5.3649902e+01
   5.8293000e+05   6.4880371e+01
   5.8347800e+05   5.4443359e+01
   5.8391100e+05   5.8410645e+01
   5.8429400e+05   5.9387207e+01
   5.8470400e+05   6.8969727e+01
   5.8511400e+05   6.1767578e+01
   5.8547200e+05   6.1645508e+01
   5.8589600e+05   5.6152344e+01
   5.8651000e+05   6.0791016e+01
   5.8694200e+05   6.3049316e+01
   5.8731500e+05   7.0617676e+01
   5.8768800e+05   6.1645508e+01
   5.8813400e+05   5.4443359e+01
   5.8850000e+05   6.6894531e+01
   5.8895400e+05   5.4260254e+01
   5.8934800e+05   5.5297852e+01
   5.8978000e+05   6.5063477e+01
   5.9016400e+05   5.7006836e+01
   5.9061700e+05   7.0739746e+01
   5.9103400e+05   6.2072754e+01
   5.9143300e+05   6.0852051e+01
   5.9172300e+05   6.5795898e+01
   5.9210600e+05   5.2307129e+01
   5.9256400e+05   6.4758301e+01
   5.9301300e+05   6.5673828e+01
   5.9336200e+05   6.6223145e+01
   5.9382600e+05   5.7739258e+01
   5.9419400e+05   6.6345215e+01
   5.9456600e+05   5.5908203e+01
   5.9510800e+05   5.9387207e+01
   5.9549800e+05   5.4016113e+01
   5.9584900e+05   5.6762695e+01
   5.9619600e+05   6.2988281e+01
   5.9652200e+05   6.4453125e+01
   5.9708000e+05   6.3354492e+01
   5.9750800e+05   6.8786621e+01
   5.9783500e+05   6.0424805e+01
   5.9819000e+05   5.5786133e+01
   5.9864600e+05   5.7495117e+01
   5.9901500e+05   5.2062988e+01
   5.9948300e+05   5.8837891e+01
   5.9975300e+05   6.4758301e+01
   6.0018400e+05   5.9326172e+01
   6.0061800e+05   6.2622070e+01
   6.0100200e+05   5.6884766e+01
   6.0146000e+05   5.0964355e+01
   6.0191200e+05   5.9387207e+01
   6.0236100e+05   5.4016113e+01
   6.0274800e+05   6.2133789e+01
   6.0313900e+05   5.6518555e+01
   6.0360400e+05   5.3039551e+01
   6.0387200e+05   5.9936523e+01
   6.0413800e+05   6.4880371e+01
   6.0460800e+05   5.7861328e+01
   6.0502400e+05   7.0190430e+01
   6.0558100e+05   7.2692871e+01
   6.0585300e+05   6.7993164e+01
   6.0596200e+05   7.2814941e+01
   6.0601900e+05   2.3010254e+01
   6.0642500e+05   6.3537598e+01
   6.0670100e+05   5.9997559e+01
   6.0688200e+05   5.8593750e+01
   6.0706100e+05   6.0424805e+01
   6.0737000e+05   6.4453125e+01
   6.0757800e+05   5.6518555e+01
   6.0780200e+05   5.2734375e+01
   6.0815000e+05   6.1340332e+01
   6.0912400e+05   5.8166504e+01
   6.0962900e+05   6.0180664e+01
   6.1004100e+05   6.9152832e+01
   6.1048900e+05   7.2448730e+01
   6.1090600e+05   7.3059082e+01
   6.1128900e+05   5.1696777e+01
   6.1179900e+05   6.0119629e+01
   6.1224500e+05   6.1401367e+01
   6.1275500e+05   5.2673340e+01
   6.1324000e+05   5.8410645e+01
   6.1369300e+05   6.9641113e+01
   6.1417900e+05   5.6884766e+01
   6.1463900e+05   5.1757812e+01
   6.1494300e+05   6.4697266e+01
   6.1545400e+05   6.3659668e+01
   6.1579900e+05   5.8166504e+01
   6.1605800e+05   6.0119629e+01
   6.1660800e+05   5.9509277e+01
   6.1714300e+05   6.2377930e+01
   6.1760100e+05   6.1462402e+01
   6.1802100e+05   6.0607910e+01
   6.1833500e+05   6.3598633e+01
   6.1864800e+05   5.7312012e+01
   6.1882300e+05   6.7260742e+01
   6.1894600e+05   7.2204590e+01
   6.1949300e+05   6.3293457e+01
   6.1974800e+05   5.9387207e+01
   6.2020400e+05   6.8237305e+01
   6.2048800e+05   5.6213379e+01
   6.2084700e+05   6.5551758e+01
   6.2127400e+05   6.2927246e+01
   6.2180700e+05   6.5368652e+01
   6.2239300e+05   6.1218262e+01
   6.2267500e+05   5.8593750e+01
   6.2309300e+05   7.3486328e+01
   6.2341100e+05   7.2326660e+01
   6.2382300e+05   6.4880371e+01
   6.2427100e+05   7.3364258e+01
   6.2456600e+05   6.6162109e+01
   6.2513200e+05   6.1706543e+01
   6.2552900e+05   6.0424805e+01
   6.2572500e+05   5.4382324e+01
   6.2603200e+05   5.7556152e+01
   6.2638100e+05   6.3232422e+01
   6.2664600e+05   6.2622070e+01
   6.2684500e+05   6.1523438e+01
   6.2714300e+05   5.4992676e+01
   6.2716300e+05   3.0029297e+01
   6.2724700e+05   2.2705078e+01
   6.2736700e+05   2.0141602e+01
   6.2746200e+05   6.3720703e+01
   6.2782400e+05   5.6884766e+01
   6.2847400e+05   5.3222656e+01
   6.2898400e+05   6.5124512e+01
   6.2950700e+05   5.4443359e+01
   6.2988700e+05   6.1401367e+01
   6.3021600e+05   5.7739258e+01
   6.3052700e+05   6.3659668e+01
   6.3116600e+05   5.5541992e+01
   6.3151100e+05   6.1218262e+01
   6.3198700e+05   5.6945801e+01
   6.3243700e+05   5.0109863e+01
   6.3279900e+05   6.1035156e+01
   6.3328000e+05   6.4147949e+01
   6.3379000e+05   5.7128906e+01
   6.3412200e+05   6.4697266e+01
   6.3466100e+05   7.1594238e+01
   6.3499000e+05   6.3354492e+01
   6.3528300e+05   5.7006836e+01
   6.3580200e+05   5.9143066e+01
   6.3609300e+05   6.0180664e+01
   6.3637200e+05   6.4819336e+01
   6.3682300e+05   6.7016602e+01
   6.3728700e+05   6.6467285e+01
   6.3780900e+05   5.4016113e+01
   6.3834100e+05   5.8471680e+01
   6.3863500e+05   6.5368652e+01
   6.3914700e+05   6.7871094e+01
   6.3948100e+05   6.7932129e+01
   6.3979500e+05   5.9997559e+01
   6.4030900e+05   6.2438965e+01
   6.4062600e+05   6.5979004e+01
   6.4112100e+05   6.1279297e+01
   6.4154900e+05   5.8288574e+01
   6.4185200e+05   6.1584473e+01
   6.4230500e+05   6.4819336e+01
   6.4262700e+05   6.7443848e+01
   6.4294900e+05   5.7739258e+01
   6.4348900e+05   5.8776855e+01
   6.4393900e+05   7.3547363e+01
   6.4431700e+05   5.5480957e+01
   6.4482400e+05   6.2744141e+01
   6.4510200e+05   6.4514160e+01
   6.4548900e+05   5.5236816e+01
   6.4559400e+05   5.9814453e+01
   6.4594400e+05   5.2124023e+01
   6.4601800e+05   3.1188965e+01
   6.4618000e+05   5.4260254e+01
   6.4648800e+05   6.4453125e+01
   6.4697300e+05   6.2377930e+01
   6.4739300e+05   6.5612793e+01
   6.4792000e+05   5.0292969e+01
   6.4826100e+05   5.6762695e+01
   6.4862000e+05   5.8898926e+01
   6.4909500e+05   6.6040039e+01
   6.4946200e+05   4.7302246e+01
   6.4975900e+05   6.3598633e+01
   6.5011500e+05   5.8410645e+01
   6.5038600e+05   6.2011719e+01
   6.5072100e+05   6.4941406e+01
   6.5126400e+05   6.1706543e+01
   6.5173900e+05   6.1218262e+01
   6.5217900e+05   6.4636230e+01
   6.5264700e+05   6.2072754e+01
   6.5299300e+05   6.2438965e+01
   6.5354000e+05   6.5063477e+01
   6.5406200e+05   6.4086914e+01
   6.5441900e+05   5.9326172e+01
   6.5474800e+05   6.9213867e+01
   6.5504500e+05   6.5551758e+01
   6.5556000e+05   6.2316895e+01
   6.5607700e+05   5.3955078e+01
   6.5659500e+05   5.4016113e+01
   6.5694800e+05   6.0180664e+01
   6.5727600e+05   6.4208984e+01
   6.5763800e+05   5.9875488e+01
   6.5799300e+05   5.9143066e+01
   6.5834300e+05   5.7250977e+01
   6.5867900e+05   7.0678711e+01
   6.5923000e+05   5.6274414e+01
   6.5953800e+05   5.5664062e+01
   6.5984600e+05   5.7678223e+01
   6.6016900e+05   6.2683105e+01
   6.6047900e+05   5.8593750e+01
   6.6072700e+05   6.3415527e+01
   6.6110500e+05   6.0302734e+01
   6.6134000e+05   6.0913086e+01
   6.6160000e+05   6.0180664e+01
   6.6174400e+05   5.2978516e+01
   6.6192600e+05   2.0874023e+01
   6.6209600e+05   5.5175781e+01
   6.6259000e+05   5.7861328e+01
   6.6295900e+05   6.3354492e+01
   6.6327000e+05   5.5908203e+01
   6.6360300e+05   5.3405762e+01
   6.6394900e+05   6.7138672e+01
   6.6463400e+05   5.9204102e+01
   6.6526100e+05   6.4880371e+01
   6.6560900e+05   6.7138672e+01
   6.6617500e+05   7.2021484e+01
   6.6671100e+05   6.5246582e+01
   6.6729500e+05   7.5256348e+01
   6.6770200e+05   6.2072754e+01
   6.6805000e+05   6.8359375e+01
   6.6840500e+05   6.2805176e+01
   6.6875200e+05   5.9509277e+01
   6.6907500e+05   6.5673828e+01
   6.6943000e+05   5.4870605e+01
   6.6974900e+05   5.6274414e+01
   6.7010700e+05   6.3537598e+01
   6.7070700e+05   5.4138184e+01
   6.7107900e+05   6.1706543e+01
   6.7140500e+05   7.3303223e+01
   6.7171200e+05   6.6345215e+01
   6.7203200e+05   6.9335938e+01
   6.7252200e+05   5.3894043e+01
   6.7287200e+05   6.0058594e+01
   6.7336200e+05   6.3171387e+01
   6.7375500e+05   5.1818848e+01
   6.7406800e+05   5.8898926e+01
   6.7440900e+05   5.9326172e+01
   6.7471400e+05   5.8593750e+01
   6.7514900e+05   6.2866211e+01
   6.7567700e+05   5.3894043e+01
   6.7605600e+05   6.4941406e+01
   6.7641600e+05   5.5664062e+01
   6.7677300e+05   6.1950684e+01
   6.7712900e+05   6.1645508e+01
   6.7764800e+05   7.3669434e+01
   6.7805600e+05   6.6345215e+01
   6.7843000e+05   5.7189941e+01
   6.7883100e+05   5.1269531e+01
   6.7914800e+05   6.3110352e+01
   6.7951600e+05   5.3710938e+01
   6.8002800e+05   5.7128906e+01
   6.8040900e+05   6.4758301e+01
   6.8075800e+05   6.6284180e+01
   6.8130100e+05   5.6945801e+01
   6.8164500e+05   6.0546875e+01
   6.8203200e+05   6.0729980e+01
   6.8242900e+05   6.5795898e+01
   6.8281600e+05   6.5490723e+01
   6.8305900e+05   5.7006836e+01
   6.8348300e+05   6.4392090e+01
   6.8370500e+05   5.7800293e+01
   6.8414300e+05   7.0251465e+01
   6.8415700e+05   2.5573730e+01
   6.8421300e+05   2.2521973e+01
   6.8433300e+05   5.4992676e+01
   6.8447100e+05   5.3588867e+01
   6.8469000e+05   5.7922363e+01
   6.8482700e+05   6.8969727e+01
   6.8598600e+05   5.6213379e+01
   6.8652500e+05   6.5490723e+01
   6.8697000e+05   5.9997559e+01
   6.8737100e+05   6.5063477e+01
   6.8774100e+05   5.4504395e+01
   6.8817500e+05   5.7434082e+01
   6.8854200e+05   5.7739258e+01
   6.8892900e+05   5.9509277e+01
   6.8953700e+05   6.3049316e+01
   6.8988900e+05   6.6772461e+01
   6.9025500e+05   7.2509766e+01
   6.9060700e+05   5.9692383e+01
   6.9096100e+05   6.3476562e+01
   6.9132600e+05   6.5795898e+01
   6.9172800e+05   6.5979004e+01
   6.9208300e+05   5.9387207e+01
   6.9242500e+05   5.7678223e+01
   6.9290200e+05   5.2246094e+01
   6.9322400e+05   6.7138672e+01
   6.9361300e+05   6.1889648e+01
   6.9398000e+05   5.3405762e+01
   6.9435200e+05   5.7189941e+01
   6.9488200e+05   5.5969238e+01
   6.9526900e+05   5.9326172e+01
   6.9562300e+05   6.3842773e+01
   6.9609300e+05   5.9143066e+01
   6.9645600e+05   5.5847168e+01
   6.9676300e+05   6.2683105e+01
   6.9711000e+05   6.2255859e+01
   6.9769300e+05   6.3720703e+01
   6.9808900e+05   6.2744141e+01
   6.9838800e+05   6.8176270e+01
   6.9875300e+05   6.3293457e+01
   6.9909500e+05   6.8359375e+01
   6.9943600e+05   7.0251465e+01
   6.9977100e+05   6.3354492e+01
   7.0013100e+05   5.7739258e+01
   7.0047300e+05   6.7138672e+01
   7.0092000e+05   5.4565430e+01
   7.0154700e+05   5.8044434e+01
   7.0190900e+05   5.5603027e+01
   7.0221800e+05   6.2500000e+01
   7.0236400e+05   5.7861328e+01
   7.0249000e+05   6.4819336e+01
   7.0298000e+05   2.2644043e+01
   7.0301700e+05   4.9133301e+01
   7.0336200e+05   6.8176270e+01
   7.0369600e+05   4.9133301e+01
   7.0429700e+05   7.0373535e+01
   7.0442400e+05   6.5856934e+01
   7.0532700e+05   5.4748535e+01
   7.0579000e+05   6.0241699e+01
   7.0622000e+05   7.1411133e+01
   7.0659200e+05   5.7006836e+01
   7.0697300e+05   7.2265625e+01
   7.0732600e+05   5.5236816e+01
   7.0792900e+05   6.5429688e+01
   7.0829000e+05   6.4331055e+01
   7.0865900e+05   7.0068359e+01
   7.0909200e+05   5.3955078e+01
   7.0941200e+05   5.4504395e+01
   7.0976600e+05   6.3049316e+01
   7.1011900e+05   6.8725586e+01
   7.1047600e+05   6.9030762e+01
   7.1084300e+05   6.4025879e+01
   7.1125200e+05   6.1096191e+01
   7.1174700e+05   6.1401367e+01
   7.1207200e+05   6.0180664e+01
   7.1245300e+05   6.8115234e+01
   7.1278300e+05   6.1340332e+01
   7.1311600e+05   5.5053711e+01
   7.1344200e+05   6.4270020e+01
   7.1383100e+05   5.5786133e+01
   7.1449800e+05   6.4514160e+01
   7.1490700e+05   5.9814453e+01
   7.1528500e+05   6.1279297e+01
   7.1579400e+05   6.7749023e+01
   7.1614700e+05   6.0119629e+01
   7.1653900e+05   5.8532715e+01
   7.1684900e+05   5.7617188e+01
   7.1716100e+05   6.4025879e+01
   7.1752900e+05   5.5236816e+01
   7.1785500e+05   6.4636230e+01
   7.1819700e+05   6.7871094e+01
   7.1859200e+05   5.9265137e+01
   7.1896000e+05   5.4870605e+01
   7.1932400e+05   5.0476074e+01
   7.1988300e+05   6.2683105e+01
   7.2019400e+05   6.0607910e+01
   7.2057600e+05   6.4575195e+01
   7.2088800e+05   5.9326172e+01
   7.2124500e+05   5.5236816e+01
   7.2174600e+05   5.6884766e+01
   7.2208200e+05   6.4758301e+01
   7.2246800e+05   5.8227539e+01
   7.2283000e+05   6.0913086e+01
   7.2318600e+05   5.5175781e+01
   7.2357800e+05   5.4626465e+01
   7.2392400e+05   5.5664062e+01
   7.2430100e+05   5.2551270e+01
   7.2462900e+05   5.7922363e+01
   7.2535100e+05   5.5114746e+01
   7.2571800e+05   5.4809570e+01
   7.2604700e+05   6.8054199e+01
   7.2645700e+05   5.2551270e+01
   7.2685700e+05   6.2072754e+01
   7.2721200e+05   5.6396484e+01
   7.2757900e+05   6.4453125e+01
   7.2800100e+05   6.2561035e+01
   7.2833400e+05   6.2133789e+01
   7.2870100e+05   6.2805176e+01
   7.2925100e+05   6.9824219e+01
   7.2961000e+05   6.5795898e+01
   7.3000000e+05   6.8420410e+01
   7.3055900e+05   6.3537598e+01
   7.3094700e+05   6.0302734e+01
   7.3151700e+05   6.2377930e+01
   7.3177500e+05   5.8288574e+01
   7.3197700e+05   5.9448242e+01
   7.3205000e+05   2.9296875e+01
   7.3212000e+05   5.1696777e+01
   7.3213800e+05   2.6733398e+01
   7.3241800e+05   6.6467285e+01
   7.3274300e+05   6.2377930e+01
   7.3295300e+05   5.8105469e+01
   7.3305400e+05   2.9357910e+01
   7.3311600e+05   5.6396484e+01
   7.3314200e+05   3.7231445e+01
   7.3322900e+05   2.6184082e+01
   7.3326100e+05   5.9082031e+01
   7.3332200e+05   2.1667480e+01
   7.3342800e+05   5.4565430e+01
   7.3509200e+05   5.7678223e+01
   7.3556400e+05   5.3955078e+01
   7.3594300e+05   6.3842773e+01
   7.3642600e+05   7.6416016e+01
   7.3683000e+05   6.3476562e+01
   7.3719100e+05   7.0739746e+01
   7.3756400e+05   6.2316895e+01
   7.3798300e+05   6.6040039e+01
   7.3839500e+05   6.3293457e+01
   7.3879400e+05   6.7138672e+01
   7.3920200e+05   6.4331055e+01
   7.3968800e+05   6.2622070e+01
   7.4023300e+05   7.0922852e+01
   7.4058700e+05   7.0861816e+01
   7.4096900e+05   6.6894531e+01
   7.4135200e+05   6.2561035e+01
   7.4172600e+05   6.1340332e+01
   7.4216900e+05   6.3842773e+01
   7.4252800e+05   6.3537598e+01
   7.4302700e+05   5.8898926e+01
   7.4340800e+05   5.7617188e+01
   7.4380800e+05   6.4208984e+01
   7.4418400e+05   6.7932129e+01
   7.4455800e+05   7.3486328e+01
   7.4497900e+05   6.7749023e+01
   7.4537900e+05   5.2429199e+01
   7.4578200e+05   6.3598633e+01
   7.4625100e+05   6.0302734e+01
   7.4657900e+05   6.4392090e+01
   7.4702000e+05   5.9692383e+01
   7.4739400e+05   6.1584473e+01
   7.4790200e+05   5.1940918e+01
   7.4828100e+05   5.5603027e+01
   7.4869500e+05   7.6049805e+01
   7.4905300e+05   7.2570801e+01
   7.4948400e+05   5.8471680e+01
   7.4994300e+05   6.6528320e+01
   7.5023900e+05   6.0302734e+01
   7.5073700e+05   5.3039551e+01
   7.5111700e+05   6.5979004e+01
   7.5153300e+05   5.5908203e+01
   7.5193700e+05   6.5429688e+01
   7.5234100e+05   5.7678223e+01
   7.5271600e+05   5.5969238e+01
   7.5312600e+05   5.8776855e+01
   7.5350200e+05   5.7067871e+01
   7.5387700e+05   6.2866211e+01
   7.5427000e+05   5.8593750e+01
   7.5470500e+05   6.4941406e+01
   7.5515100e+05   5.7861328e+01
   7.5549300e+05   6.1279297e+01
   7.5587500e+05   5.9020996e+01
   7.5614600e+05   6.0058594e+01
   7.5635800e+05   6.2072754e+01
   7.5644500e+05   2.6550293e+01
   7.5647700e+05   6.2072754e+01
   7.5653400e+05   2.7282715e+01
   7.5698600e+05   6.3964844e+01
   7.5811000e+05   5.8532715e+01
   7.5856100e+05   6.6223145e+01
   7.5902200e+05   6.7565918e+01
   7.5942500e+05   5.5175781e+01
   7.5987000e+05   5.6091309e+01
   7.6029300e+05   6.1401367e+01
   7.6071800e+05   6.8420410e+01
   7.6105000e+05   6.2255859e+01
   7.6145600e+05   5.8471680e+01
   7.6190700e+05   6.2255859e+01
   7.6233800e+05   6.2683105e+01
   7.6270000e+05   6.3415527e+01
   7.6327300e+05   5.8044434e+01
   7.6374900e+05   5.2734375e+01
   7.6448800e+05   6.9030762e+01
   7.6522900e+05   7.1472168e+01
   7.6569200e+05   6.7810059e+01
   7.6609600e+05   5.8715820e+01
   7.6664000e+05   6.6528320e+01
   7.6706500e+05   5.1513672e+01
   7.6749300e+05   7.2814941e+01
   7.6811200e+05   4.9682617e+01
   7.6845600e+05   5.8654785e+01
   7.6890300e+05   5.6457520e+01
   7.6934700e+05   6.2133789e+01
   7.6977000e+05   6.9702148e+01
   7.7026000e+05   6.6711426e+01
   7.7061100e+05   6.1340332e+01
   7.7110500e+05   7.1777344e+01
   7.7157400e+05   5.8105469e+01
   7.7190200e+05   5.2917480e+01
   7.7240600e+05   7.8796387e+01
   7.7283800e+05   5.7250977e+01
   7.7315500e+05   6.5124512e+01
   7.7339200e+05   6.9213867e+01
   7.7355800e+05   5.6640625e+01
   7.7374100e+05   5.0964355e+01
   7.7388600e+05   2.4841309e+01
   7.7389800e+05   6.8176270e+01
   7.7395900e+05   2.4108887e+01
   7.7413300e+05   3.0273438e+01
   7.7415900e+05   5.8959961e+01
   7.7452200e+05   5.9082031e+01
   7.7600200e+05   6.6284180e+01
   7.7647900e+05   6.2133789e+01
   7.7698900e+05   6.3415527e+01
   7.7743300e+05   2.4658203e+01
   7.7791700e+05   7.0800781e+01
   7.7845400e+05   5.9020996e+01
   7.7905600e+05   6.2622070e+01
   7.7949300e+05   6.4819336e+01
   7.8016800e+05   5.9326172e+01
   7.8067600e+05   6.7016602e+01
   7.8100900e+05   6.2255859e+01
   7.8144100e+05   5.8776855e+01
   7.8181600e+05   5.2001953e+01
   7.8227400e+05   5.8105469e+01
   7.8272200e+05   6.1767578e+01
   7.8317400e+05   6.6345215e+01
   7.8353100e+05   6.0546875e+01
   7.8403800e+05   7.3486328e+01
   7.8453300e+05   5.5297852e+01
   7.8496400e+05   5.6396484e+01
   7.8538300e+05   6.9885254e+01
   7.8574100e+05   6.4208984e+01
   7.8614200e+05   6.2194824e+01
   7.8658600e+05   5.5114746e+01
   7.8713000e+05   7.2265625e+01
   7.8760900e+05   5.5358887e+01
   7.8800100e+05   6.2622070e+01
   7.8843700e+05   6.9152832e+01
   7.8881900e+05   6.0485840e+01
   7.8925300e+05   6.6284180e+01
   7.8964000e+05   5.8410645e+01
   7.9007300e+05   6.3659668e+01
   7.9054300e+05   6.6162109e+01
   7.9086700e+05   6.5002441e+01
   7.9117200e+05   6.5795898e+01
   7.9152100e+05   5.5664062e+01
   7.9192200e+05   5.2551270e+01
   7.9234700e+05   6.9519043e+01
   7.9294400e+05   5.9509277e+01
   7.9345500e+05   7.2265625e+01
   7.9396100e+05   5.6335449e+01
   7.9439100e+05   6.3293457e+01
   7.9479600e+05   6.5002441e+01
   7.9524300e+05   6.5673828e+01
   7.9586800e+05   6.0913086e+01
   7.9632300e+05   6.1584473e+01
   7.9676600e+05   8.0139160e+01
   7.9717200e+05   5.8837891e+01
   7.9758200e+05   6.3903809e+01
   7.9799700e+05   6.5612793e+01
   7.9865300e+05   6.6101074e+01
   7.9913700e+05   5.6640625e+01
   7.9957000e+05   6.1218262e+01
   7.9985200e+05   5.4138184e+01
   8.0002600e+05   6.1279297e+01
   8.0010100e+05   6.8725586e+01
   8.0017000e+05   2.5634766e+01
   8.0030600e+05   2.5573730e+01
   8.0056300e+05   6.2683105e+01
   8.0059900e+05   2.4353027e+01
   8.0074300e+05   6.6711426e+01
   8.0235900e+05   5.9509277e+01
   8.0289500e+05   7.1350098e+01
   8.0334000e+05   5.6945801e+01
   8.0378300e+05   6.3415527e+01
   8.0414000e+05   5.7861328e+01
   8.0458400e+05   6.6833496e+01
   8.0505500e+05   6.5063477e+01
   8.0547900e+05   5.7800293e+01
   8.0592000e+05   5.6396484e+01
   8.0632900e+05   5.5725098e+01
   8.0680500e+05   5.5175781e+01
   8.0735500e+05   6.4758301e+01
   8.0786500e+05   5.3527832e+01
   8.0827300e+05   5.8715820e+01
   8.0872100e+05   6.3293457e+01
   8.0915900e+05   6.6101074e+01
   8.0966500e+05   7.1960449e+01
   8.1001600e+05   5.5297852e+01
   8.1046000e+05   6.9274902e+01
   8.1089500e+05   6.9519043e+01
   8.1099700e+05   7.0251465e+01
   8.1107600e+05   6.8176270e+01
   8.1109700e+05   4.1381836e+01
   8.1120300e+05   5.5786133e+01
   8.1139600e+05   5.6762695e+01
   8.1328500e+05   4.2785645e+01
   8.1374900e+05   5.2734375e+01
   8.1421200e+05   5.3405762e+01
   8.1495900e+05   6.5246582e+01
   8.1545900e+05   6.3598633e+01
   8.1596000e+05   6.1584473e+01
   8.1636200e+05   5.4260254e+01
   8.1678700e+05   7.9162598e+01
   8.1727200e+05   7.6293945e+01
   8.1800500e+05   6.2133789e+01
   8.1840700e+05   7.1899414e+01
   8.1882500e+05   6.7626953e+01
   8.1947100e+05   6.1157227e+01
   8.1991500e+05   7.5378418e+01
   8.2041200e+05   6.2011719e+01
   8.2076800e+05   6.6284180e+01
   8.2127400e+05   6.8298340e+01
   8.2175600e+05   6.1584473e+01
   8.2215100e+05   6.5734863e+01
   8.2264600e+05   5.8471680e+01
   8.2302700e+05   5.5786133e+01
   8.2345100e+05   6.2072754e+01
   8.2392000e+05   6.3049316e+01
   8.2443800e+05   5.9814453e+01
   8.2492900e+05   6.1279297e+01
   8.2539800e+05   7.0556641e+01
   8.2584600e+05   5.0354004e+01
   8.2629100e+05   6.7810059e+01
   8.2672400e+05   6.7871094e+01
   8.2716600e+05   6.5734863e+01
   8.2766800e+05   6.5185547e+01
   8.2804800e+05   6.2133789e+01
   8.2852500e+05   6.8969727e+01
   8.2903000e+05   4.7607422e+01
   8.2949900e+05   6.3293457e+01
   8.3022800e+05   6.5795898e+01
   8.3069500e+05   6.3903809e+01
   8.3110100e+05   7.3608398e+01
   8.3159400e+05   6.7993164e+01
   8.3198300e+05   6.1584473e+01
   8.3240000e+05   6.1218262e+01
   8.3289400e+05   6.5795898e+01
   8.3334700e+05   5.3710938e+01
   8.3384900e+05   5.6396484e+01
   8.3437200e+05   5.9326172e+01
   8.3477900e+05   5.4748535e+01
   8.3517400e+05   7.4707031e+01
   8.3563700e+05   5.3344727e+01
   8.3621500e+05   7.2692871e+01
   8.3664500e+05   5.7373047e+01
   8.3709900e+05   7.4279785e+01
   8.3768500e+05   7.0007324e+01
   8.3823700e+05   6.1889648e+01
   8.3861300e+05   6.5612793e+01
   8.3910200e+05   6.7382813e+01
   8.3953600e+05   5.9509277e+01
   8.3995300e+05   6.4819336e+01
   8.4044200e+05   7.1289062e+01
   8.4080200e+05   6.3354492e+01
   8.4123800e+05   6.6101074e+01
   8.4176100e+05   6.7260742e+01
   8.4225800e+05   7.1777344e+01
   8.4282200e+05   6.1401367e+01
   8.4360900e+05   6.3415527e+01
   8.4406600e+05   6.2072754e+01
   8.4449300e+05   7.0495605e+01
   8.4497700e+05   6.1096191e+01
   8.4545400e+05   5.8837891e+01
   8.4599200e+05   6.6894531e+01
   8.4646400e+05   6.7626953e+01
   8.4694200e+05   6.2805176e+01
   8.4737700e+05   6.7260742e+01
   8.4780900e+05   7.0678711e+01
   8.4834100e+05   6.4147949e+01
   8.4879900e+05   5.9570312e+01
   8.4940300e+05   5.9814453e+01
   8.4988600e+05   5.8471680e+01
   8.5037500e+05   7.4584961e+01
   8.5087400e+05   6.5734863e+01
   8.5133800e+05   6.2316895e+01
   8.5173200e+05   5.1452637e+01
   8.5196600e+05   6.2683105e+01
   8.5228100e+05   5.9387207e+01
   8.5238100e+05   2.3620605e+01
   8.5250500e+05   6.2500000e+01
   8.5257500e+05   2.9174805e+01
   8.5270400e+05   2.5695801e+01
   8.5273500e+05   7.3364258e+01
   8.5306600e+05   5.7373047e+01
   8.5321900e+05   7.3791504e+01
   8.5351400e+05   6.1462402e+01
   8.5366900e+05   6.0791016e+01
   8.5584800e+05   6.9580078e+01
   8.5643600e+05   6.7749023e+01
   8.5703300e+05   7.2509766e+01
   8.5751000e+05   6.0668945e+01
   8.5814300e+05   6.8847656e+01
   8.5873700e+05   5.6701660e+01
   8.5928200e+05   7.1289062e+01
   8.5984700e+05   7.5927734e+01
   8.6039800e+05   7.0312500e+01
   8.6102000e+05   6.9335938e+01
   8.6153800e+05   6.4697266e+01
   8.6215800e+05   5.9265137e+01
   8.6265500e+05   6.4147949e+01
   8.6314000e+05   5.9570312e+01
   8.6362300e+05   7.0922852e+01
   8.6408400e+05   6.7626953e+01
   8.6459900e+05   6.4147949e+01
   8.6517000e+05   6.5612793e+01
   8.6563400e+05   6.8359375e+01
   8.6611400e+05   6.0791016e+01
   8.6656600e+05   6.8664551e+01
   8.6702700e+05   5.9509277e+01
   8.6755900e+05   6.2194824e+01
   8.6832300e+05   5.3039551e+01
   8.6878100e+05   6.4514160e+01
   8.6931200e+05   7.2387695e+01
   8.6978700e+05   7.1166992e+01
   8.7033600e+05   6.1950684e+01
   8.7088700e+05   7.0495605e+01
   8.7135600e+05   6.5490723e+01
   8.7210900e+05   6.8420410e+01
   8.7264600e+05   6.6589355e+01
   8.7320700e+05   7.2570801e+01
   8.7375000e+05   7.1105957e+01
   8.7433600e+05   6.5246582e+01
   8.7496100e+05   5.6030273e+01
   8.7519800e+05   5.6579590e+01
   8.7544800e+05   6.6772461e+01
   8.7563900e+05   7.0678711e+01
   8.7566300e+05   2.7160645e+01
   8.7590300e+05   2.7893066e+01
   8.7600600e+05   2.2888184e+01
   8.7631500e+05   6.1340332e+01
   8.7759600e+05   7.1838379e+01
   8.7815700e+05   6.8969727e+01
   8.7876600e+05   6.6040039e+01
   8.7932100e+05   6.4453125e+01
   8.7979700e+05   6.0974121e+01
   8.8031100e+05   7.4523926e+01
   8.8083900e+05   5.9326172e+01
   8.8130000e+05   6.7993164e+01
   8.8175400e+05   6.6711426e+01
   8.8201600e+05   5.7312012e+01
   8.8234600e+05   5.5847168e+01
   8.8276900e+05   6.9091797e+01
   8.8310700e+05   5.4687500e+01
   8.8359700e+05   6.3598633e+01
   8.8414100e+05   5.8593750e+01
   8.8475900e+05   6.8725586e+01
   8.8523100e+05   6.5124512e+01
   8.8553700e+05   5.6213379e+01
   8.8587300e+05   6.3476563e+01
   8.8640500e+05   3.1921387e+01
   8.8651000e+05   6.7687988e+01
   8.8780900e+05   6.5063477e+01
   8.8836700e+05   5.9082031e+01
   8.8882200e+05   7.7331543e+01
   8.8937400e+05   6.0180664e+01
   8.8999700e+05   7.4096680e+01
   8.9048700e+05   6.5429688e+01
   8.9093800e+05   6.1767578e+01
   8.9144100e+05   6.3598633e+01
   8.9194000e+05   5.8471680e+01
   8.9251000e+05   6.5063477e+01
   8.9309800e+05   6.7077637e+01
   8.9374800e+05   7.0312500e+01
   8.9426200e+05   7.4035645e+01
   8.9484400e+05   6.5490723e+01
   8.9538200e+05   5.6640625e+01
   8.9587900e+05   6.9824219e+01
   8.9635200e+05   6.0607910e+01
   8.9694500e+05   6.5063477e+01
   8.9745700e+05   6.8908691e+01
   8.9798500e+05   6.2805176e+01
   8.9850500e+05   6.5673828e+01
   8.9920400e+05   5.8837891e+01
   8.9967900e+05   6.7687988e+01
   9.0022900e+05   7.4768066e+01
   9.0069400e+05   6.9091797e+01
   9.0117600e+05   6.4208984e+01
   9.0178700e+05   6.4819336e+01
   9.0228300e+05   6.3781738e+01
   9.0279400e+05   6.8420410e+01
   9.0334400e+05   6.8481445e+01
   9.0394400e+05   6.8847656e+01
   9.0452700e+05   6.7138672e+01
   9.0502400e+05   6.4453125e+01
   9.0553800e+05   6.4697266e+01
   9.0615600e+05   7.0251465e+01
   9.0697200e+05   7.5134277e+01
   9.0745600e+05   6.0241699e+01
   9.0799400e+05   6.9091797e+01
   9.0848900e+05   6.9824219e+01
   9.0886000e+05   7.0739746e+01
   9.0895000e+05   5.6640625e+01
   9.0897900e+05   5.2185059e+01
   9.0901200e+05   5.0903320e+01
   9.0905000e+05   2.3986816e+01
   9.0908000e+05   6.4819336e+01
   9.0919400e+05   5.6152344e+01
   9.1252500e+05   7.1594238e+01
   9.1318100e+05   6.6162109e+01
   9.1370900e+05   7.0007324e+01
   9.1424100e+05   6.2438965e+01
   9.1475900e+05   6.0180664e+01
   9.1527700e+05   6.2316895e+01
   9.1585100e+05   7.2326660e+01
   9.1636400e+05   5.5541992e+01
   9.1692200e+05   6.4697266e+01
   9.1739900e+05   6.9458008e+01
   9.1788600e+05   6.2316895e+01
   9.1851300e+05   7.1350098e+01
   9.1907800e+05   6.9885254e+01
   9.1963900e+05   6.2072754e+01
   9.2020700e+05   6.5917969e+01
   9.2074200e+05   7.0007324e+01
   9.2131100e+05   6.7749023e+01
   9.2193400e+05   6.7810059e+01
   9.2257100e+05   6.9213867e+01
   9.2311400e+05   7.6049805e+01
   9.2360700e+05   6.4575195e+01
   9.2407800e+05   6.5246582e+01
   9.2462900e+05   6.4147949e+01
   9.2523800e+05   6.1523438e+01
   9.2580700e+05   7.3303223e+01
   9.2640100e+05   6.0485840e+01
   9.2698400e+05   7.5439453e+01
   9.2751800e+05   7.3852539e+01
   9.2798600e+05   7.4462891e+01
   9.2850300e+05   7.1044922e+01
   9.2900300e+05   7.1716309e+01
   9.2962700e+05   6.2438965e+01
   9.3031400e+05   5.6152344e+01
   9.3093700e+05   5.7434082e+01
   9.3145000e+05   6.5246582e+01
   9.3203800e+05   5.9692383e+01
   9.3253000e+05   6.9702148e+01
   9.3291300e+05   6.0974121e+01
   9.3323800e+05   6.3293457e+01
   9.3365400e+05   6.7443848e+01
   9.3407100e+05   6.5429688e+01
   9.3484200e+05   6.9152832e+01
   9.3545500e+05   6.6833496e+01
   9.3598500e+05   7.3242188e+01
   9.3663200e+05   6.5246582e+01
   9.3717900e+05   6.4392090e+01
   9.3802400e+05   6.5612793e+01
   9.3859900e+05   6.1523438e+01
   9.3918700e+05   6.4941406e+01
   9.3965900e+05   6.4392090e+01
   9.4022700e+05   6.9458008e+01
   9.4077500e+05   7.0922852e+01
   9.4132100e+05   6.0668945e+01
   9.4191900e+05   6.9030762e+01
   9.4242500e+05   6.3476562e+01
   9.4297400e+05   5.4809570e+01
   9.4345500e+05   6.2988281e+01
   9.4399500e+05   7.1411133e+01
   9.4458000e+05   6.4208984e+01
   9.4501000e+05   6.0607910e+01
   9.4556800e+05   6.4392090e+01
   9.4660000e+05   6.6833496e+01
   9.4729900e+05   6.7687988e+01
   9.4778500e+05   6.9152832e+01
   9.4831100e+05   6.3293457e+01
   9.4884600e+05   5.9814453e+01
   9.4966700e+05   5.3588867e+01
   9.5020600e+05   5.7556152e+01
   9.5074200e+05   7.0129395e+01
   9.5135300e+05   6.3537598e+01
   9.5193900e+05   5.8776855e+01
   9.5240000e+05   7.5744629e+01
   9.5277600e+05   6.4697266e+01
   9.5296900e+05   6.6650391e+01
   9.5302500e+05   1.9409180e+01
   9.5427800e+05   6.7687988e+01
   9.5489300e+05   6.2133789e+01
   9.5540600e+05   5.9387207e+01
   9.5611500e+05   6.8176270e+01
   9.5665600e+05   7.3303223e+01
   9.5717400e+05   7.3425293e+01
   9.5776700e+05   6.0791016e+01
   9.5838400e+05   5.9448242e+01
   9.5898200e+05   6.1157227e+01
   9.5941200e+05   6.2866211e+01
   9.5991400e+05   6.7626953e+01
   9.6047000e+05   6.3964844e+01
   9.6112200e+05   6.9946289e+01
   9.6175500e+05   5.0170898e+01
   9.6234700e+05   4.6386719e+01
   9.6295600e+05   6.2438965e+01
   9.6342900e+05   6.7199707e+01
   9.6449500e+05   6.3598633e+01
   9.6521400e+05   7.1044922e+01
   9.6586100e+05   6.9213867e+01
   9.6678300e+05   7.1289063e+01
   9.6735100e+05   6.3842773e+01
   9.6789500e+05   6.1096191e+01
   9.6842000e+05   7.1472168e+01
   9.6907400e+05   6.9335938e+01
   9.6946200e+05   6.8847656e+01
   9.6996200e+05   5.9326172e+01
   9.7049600e+05   5.7434082e+01
   9.7066900e+05   2.9724121e+01
   9.7074300e+05   2.2521973e+01
   9.7084900e+05   1.9165039e+01
   9.7090300e+05   5.7189941e+01
   9.7102400e+05   6.8298340e+01
   9.7109000e+05   6.5979004e+01
   9.7110600e+05   2.1667480e+01
   9.7128800e+05   2.2583008e+01
   9.7131100e+05   6.2194824e+01
   9.7294400e+05   6.1828613e+01
   9.7432300e+05   7.3608398e+01
   9.7504200e+05   6.7749023e+01
   9.7574200e+05   6.2988281e+01
   9.7643000e+05   6.3720703e+01
   9.7696800e+05   6.8359375e+01
   9.7758400e+05   6.6650391e+01
   9.7823200e+05   6.9763184e+01
   9.7875800e+05   6.3842773e+01
   9.7941500e+05   6.2072754e+01
   9.8001800e+05   6.9885254e+01
   9.8074700e+05   6.2622070e+01
   9.8132200e+05   5.9082031e+01
   9.8200700e+05   6.6650391e+01
   9.8254500e+05   6.8359375e+01
   9.8307000e+05   7.6660156e+01
   9.8375800e+05   6.7810059e+01
   9.8433500e+05   6.1218262e+01
   9.8496800e+05   7.2448730e+01
   9.8547100e+05   6.0058594e+01
   9.8609000e+05   7.2143555e+01
   9.8672200e+05   6.2438965e+01
   9.8718600e+05   5.9936523e+01
   9.8766000e+05   7.1960449e+01
   9.8797300e+05   2.6000977e+01
   9.8823000e+05   6.1828613e+01
   9.8833400e+05   4.1442871e+01
   9.8847900e+05   6.6894531e+01
   9.8850100e+05   3.1982422e+01
   9.8854400e+05   2.1240234e+01
   9.8863300e+05   6.1645508e+01
   9.8881100e+05   2.8015137e+01
   9.8882100e+05   2.5512695e+01
   9.8884500e+05   5.4443359e+01
   9.8897900e+05   5.4565430e+01
   9.8903200e+05   5.8593750e+01
   9.8908600e+05   6.1096191e+01
   9.8911200e+05   3.6437988e+01
   9.8920000e+05   4.8828125e+01
   9.8923100e+05   5.2856445e+01
   9.8933400e+05   4.8156738e+01
   9.9369400e+05   6.7382813e+01
   9.9433700e+05   7.0556641e+01
   9.9497100e+05   6.2133789e+01
   9.9576000e+05   6.5185547e+01
   9.9642000e+05   6.8847656e+01
   9.9726900e+05   7.2021484e+01
   9.9835900e+05   6.7260742e+01
   9.9927700e+05   6.5368652e+01
   1.0001730e+06   6.8237305e+01
   1.0008120e+06   6.9335938e+01
   1.0013550e+06   6.6833496e+01
   1.0020470e+06   7.5500488e+01
   1.0024700e+06   7.3120117e+01
   1.0030990e+06   6.5856934e+01
   1.0037740e+06   5.2490234e+01
   1.0047160e+06   6.9030762e+01
   1.0056540e+06   5.9387207e+01
   1.0061960e+06   6.0729980e+01
   1.0067230e+06   7.5805664e+01
   1.0072500e+06   6.5490723e+01
   1.0077670e+06   6.0058594e+01
   1.0083780e+06   6.4270020e+01
   1.0090590e+06   6.3903809e+01
   1.0096590e+06   5.7434082e+01
   1.0101140e+06   6.1523438e+01
   1.0108820e+06   6.8237305e+01
   1.0116930e+06   6.3659668e+01
   1.0122940e+06   6.6589355e+01
   1.0128650e+06   6.6101074e+01
   1.0135460e+06   5.5480957e+01
   1.0141870e+06   5.8471680e+01
   1.0146670e+06   6.4025879e+01
   1.0152700e+06   7.1899414e+01
   1.0154850e+06   7.0434570e+01
   1.0155470e+06   6.0363770e+01
   1.0156310e+06   6.3781738e+01
   1.0156600e+06   2.5878906e+01
   1.0158050e+06   2.7893066e+01
   1.0180880e+06   7.1838379e+01
   1.0188870e+06   6.3842773e+01
   1.0194940e+06   7.5744629e+01
   1.0199640e+06   6.0974121e+01
   1.0210460e+06   7.4340820e+01
   1.0217000e+06   7.0129395e+01
   1.0223130e+06   5.9570312e+01
   1.0229450e+06   6.2805176e+01
   1.0236670e+06   5.9326172e+01
   1.0243770e+06   6.8298340e+01
   1.0249350e+06   6.2561035e+01
   1.0255350e+06   6.6467285e+01
   1.0264380e+06   7.7087402e+01
   1.0270570e+06   6.7077637e+01
   1.0276120e+06   6.1523438e+01
   1.0281980e+06   6.8298340e+01
   1.0287870e+06   6.4392090e+01
   1.0299090e+06   7.1655273e+01
   1.0305050e+06   6.2927246e+01
   1.0311230e+06   6.8481445e+01
   1.0318520e+06   5.9692383e+01
   1.0326730e+06   6.1645508e+01
   1.0332280e+06   7.5439453e+01
   1.0337710e+06   6.5734863e+01
   1.0343110e+06   5.3344727e+01
   1.0350050e+06   6.7260742e+01
   1.0357110e+06   7.1289062e+01
   1.0362010e+06   6.7810059e+01
   1.0367510e+06   5.3833008e+01
   1.0374810e+06   7.1655273e+01
   1.0388610e+06   6.2133789e+01
   1.0392850e+06   6.8420410e+01
   1.0395170e+06   6.4636230e+01
   1.0398400e+06   2.5512695e+01
   1.0398890e+06   5.9692383e+01
   1.0403170e+06   7.0251465e+01
   1.0408550e+06   6.4697266e+01
   1.0414620e+06   6.2927246e+01
   1.0420800e+06   6.5246582e+01
   1.0427690e+06   6.0852051e+01
   1.0430980e+06   7.5988770e+01
   1.0435880e+06   5.7128906e+01
   1.0441780e+06   7.3608398e+01
   1.0453740e+06   6.5246582e+01
   1.0461450e+06   6.9580078e+01
   1.0474790e+06   6.6467285e+01
   1.0482520e+06   6.3293457e+01
   1.0488680e+06   5.9997559e+01
   1.0495240e+06   6.8786621e+01
   1.0501550e+06   7.3059082e+01
   1.0506240e+06   6.2805176e+01
   1.0513790e+06   6.1096191e+01
   1.0520970e+06   6.7199707e+01
   1.0527040e+06   6.2316895e+01
   1.0550890e+06   7.1289063e+01
   1.0562620e+06   6.7199707e+01
   1.0567780e+06   5.5236816e+01
   1.0572510e+06   6.6467285e+01
   1.0579140e+06   5.1635742e+01
   1.0587070e+06   7.2143555e+01
   1.0593120e+06   7.0739746e+01
   1.0599630e+06   6.6894531e+01
   1.0605530e+06   6.6040039e+01
   1.0608690e+06   6.4697266e+01
   1.0610340e+06   1.9287109e+01
   1.0610840e+06   6.2805176e+01
   1.0613680e+06   6.3659668e+01
   1.0615060e+06   2.8320313e+01
   1.0615200e+06   2.0141602e+01
   1.0615840e+06   2.2766113e+01
   1.0616100e+06   2.3010254e+01
   1.0616230e+06   6.9946289e+01
   1.0616360e+06   1.9653320e+01
   1.0617300e+06   5.7739258e+01
   1.0617440e+06   2.5512695e+01
   1.0617850e+06   5.7861328e+01
   1.0618110e+06   4.1503906e+01
   1.0618320e+06   2.7954102e+01
   1.0618720e+06   6.0913086e+01
   1.0619940e+06   2.4719238e+01
   1.0650660e+06   6.6345215e+01
   1.0658860e+06   6.6345215e+01
   1.0664430e+06   6.3110352e+01
   1.0670260e+06   6.8420410e+01
   1.0678470e+06   7.3608398e+01
   1.0685630e+06   6.6711426e+01
   1.0691610e+06   6.2561035e+01
   1.0697680e+06   6.4025879e+01
   1.0703520e+06   6.3354492e+01
   1.0707980e+06   6.2194824e+01
   1.0716490e+06   6.4758301e+01
   1.0720930e+06   6.4392090e+01
   1.0726030e+06   6.0668945e+01
   1.0736590e+06   6.6162109e+01
   1.0743200e+06   2.3071289e+01
   1.0749140e+06   6.9274902e+01
   1.0755750e+06   6.6650391e+01
   1.0761580e+06   7.8002930e+01
   1.0769070e+06   7.7575684e+01
   1.0775030e+06   6.6162109e+01
   1.0781830e+06   5.7128906e+01
   1.0789370e+06   5.8715820e+01
   1.0796150e+06   6.6589355e+01
   1.0805270e+06   6.2866211e+01
   1.0813500e+06   6.2927246e+01
   1.0820390e+06   6.0668945e+01
   1.0825460e+06   7.4707031e+01
   1.0831360e+06   6.8664551e+01
   1.0837900e+06   6.9824219e+01
   1.0848880e+06   7.0007324e+01
   1.0854930e+06   6.2744141e+01
   1.0859310e+06   6.3049316e+01
   1.0861740e+06   5.7250977e+01
   1.0862580e+06   7.2875977e+01
   1.0863280e+06   6.7749023e+01
   1.0863730e+06   5.9448242e+01
   1.0864880e+06   7.0129395e+01
   1.0901780e+06   7.7575684e+01
   1.0908580e+06   6.6650391e+01
   1.0914110e+06   6.5673828e+01
   1.0919810e+06   7.3669434e+01
   1.0929520e+06   6.1767578e+01
   1.0936320e+06   6.7749023e+01
   1.0942690e+06   6.1828613e+01
   1.0949050e+06   6.0913086e+01
   1.0954270e+06   6.0058594e+01
   1.0961480e+06   6.2500000e+01
   1.0966500e+06   7.2753906e+01
   1.0974900e+06   7.2143555e+01
   1.0982000e+06   5.8593750e+01
   1.0988890e+06   5.5847168e+01
   1.0995480e+06   7.0556641e+01
   1.1002510e+06   5.9204102e+01
   1.1008750e+06   6.3598633e+01
   1.1014800e+06   5.3894043e+01
   1.1023460e+06   5.2062988e+01
   1.1029430e+06   7.3730469e+01
   1.1038310e+06   5.2062988e+01
   1.1046650e+06   6.2255859e+01
   1.1053040e+06   6.2438965e+01
   1.1064280e+06   7.2387695e+01
   1.1071570e+06   6.3415527e+01
   1.1076500e+06   6.4147949e+01
   1.1083580e+06   6.2255859e+01
   1.1088740e+06   6.2805176e+01
   1.1093220e+06   6.8176270e+01
   1.1103770e+06   5.7250977e+01
   1.1107040e+06   7.3730469e+01
   1.1112860e+06   6.3720703e+01
   1.1117700e+06   7.2875977e+01
   1.1121080e+06   2.1911621e+01
   1.1122310e+06   6.1035156e+01
   1.1123460e+06   6.8908691e+01
   1.1125030e+06   6.6101074e+01
   1.1126960e+06   5.5480957e+01
   1.1127770e+06   6.3293457e+01
   1.1128280e+06   5.2001953e+01
   1.1129580e+06   2.3193359e+01
   1.1129700e+06   6.1035156e+01
   1.1130170e+06   5.1147461e+01
   1.1130840e+06   6.4941406e+01
   1.1131600e+06   6.0241699e+01
   1.1131890e+06   4.3029785e+01
   1.1132400e+06   5.2124023e+01
   1.1132580e+06   2.8991699e+01
   1.1133490e+06   5.9997559e+01
   1.1183160e+06   6.9702148e+01
   1.1192180e+06   7.3791504e+01
   1.1198700e+06   7.0617676e+01
   1.1204210e+06   5.3588867e+01
   1.1211770e+06   6.8298340e+01
   1.1220380e+06   6.8237305e+01
   1.1231730e+06   6.9641113e+01
   1.1240620e+06   7.0922852e+01
   1.1245490e+06   5.6335449e+01
   1.1257810e+06   6.3659668e+01
   1.1265020e+06   6.1706543e+01
   1.1272090e+06   6.4819336e+01
   1.1278890e+06   6.9946289e+01
   1.1283500e+06   7.0983887e+01
   1.1290550e+06   6.7871094e+01
   1.1294960e+06   6.5917969e+01
   1.1310370e+06   6.3659668e+01
   1.1318810e+06   5.7983398e+01
   1.1325260e+06   6.4636230e+01
   1.1332580e+06   7.2875977e+01
   1.1337460e+06   7.3730469e+01
   1.1342170e+06   6.5856934e+01
   1.1347260e+06   7.2387695e+01
   1.1351270e+06   6.2133789e+01
   1.1357040e+06   6.1523438e+01
   1.1362600e+06   6.9213867e+01
   1.1368250e+06   6.4819336e+01
   1.1374990e+06   6.5979004e+01
   1.1382820e+06   5.9814453e+01
   1.1392170e+06   6.7932129e+01
   1.1400340e+06   6.5490723e+01
   1.1407400e+06   7.2570801e+01
   1.1415080e+06   6.8481445e+01
   1.1419220e+06   6.3842773e+01
   1.1421200e+06   6.4453125e+01
   1.1422380e+06   6.7810059e+01
   1.1423360e+06   2.5146484e+01
   1.1448330e+06   5.5480957e+01
   1.1453680e+06   6.0363770e+01
   1.1459990e+06   6.6406250e+01
   1.1467910e+06   6.6406250e+01
   1.1474010e+06   6.6223145e+01
   1.1485400e+06   6.4575195e+01
   1.1496210e+06   6.9580078e+01
   1.1501040e+06   6.4941406e+01
   1.1508770e+06   6.7932129e+01
   1.1517330e+06   6.5979004e+01
   1.1525280e+06   5.9692383e+01
   1.1533670e+06   6.7932129e+01
   1.1537800e+06   7.8063965e+01
   1.1546130e+06   5.8166504e+01
   1.1554250e+06   6.5246582e+01
   1.1560400e+06   7.2570801e+01
   1.1569090e+06   5.4199219e+01
   1.1577600e+06   5.7739258e+01
   1.1586510e+06   7.0617676e+01
   1.1591170e+06   6.0241699e+01
   1.1595010e+06   7.0556641e+01
   1.1609350e+06   6.1584473e+01
   1.1617270e+06   6.4697266e+01
   1.1626510e+06   6.6650391e+01
   1.1633480e+06   5.7189941e+01
   1.1643900e+06   5.9204102e+01
   1.1661310e+06   5.6762695e+01
   1.1668850e+06   6.6345215e+01
   1.1676870e+06   6.0852051e+01
   1.1686250e+06   6.7993164e+01
   1.1697870e+06   6.5673828e+01
   1.1704960e+06   6.5979004e+01
   1.1714880e+06   6.5734863e+01
   1.1723820e+06   6.1889648e+01
   1.1729480e+06   6.9519043e+01
   1.1732730e+06   5.4260254e+01
   1.1739900e+06   6.9824219e+01
   1.1743620e+06   6.8847656e+01
   1.1746330e+06   2.0751953e+01
   1.1746610e+06   6.3110352e+01
   1.1747800e+06   2.9235840e+01
   1.1748840e+06   2.3620605e+01
   1.1772020e+06   6.7260742e+01
   1.1781840e+06   6.2194824e+01
   1.1793750e+06   7.4645996e+01
   1.1804060e+06   7.1228027e+01
   1.1812050e+06   6.2194824e+01
   1.1823560e+06   6.5002441e+01
   1.1830670e+06   7.1166992e+01
   1.1853950e+06   5.3344727e+01
   1.1860330e+06   6.7749023e+01
   1.1869410e+06   7.1105957e+01
   1.1888690e+06   6.8847656e+01
   1.1896340e+06   6.3537598e+01
   1.1909630e+06   7.5378418e+01
   1.1928670e+06   6.2500000e+01
   1.1939320e+06   6.2255859e+01
   1.1945450e+06   6.2988281e+01
   1.1949440e+06   6.4758301e+01
   1.1951510e+06   6.4086914e+01
   1.1951940e+06   5.6518555e+01
   1.1952730e+06   7.4035645e+01
   1.1953160e+06   1.9348145e+01
   1.1953280e+06   5.5847168e+01
   1.1954420e+06   6.5490723e+01
   1.2006130e+06   7.5561523e+01
   1.2021450e+06   6.6650391e+01
   1.2027880e+06   6.0485840e+01
   1.2035730e+06   7.0495605e+01
   1.2059180e+06   6.1096191e+01
   1.2068110e+06   7.5683594e+01
   1.2081500e+06   6.3232422e+01
   1.2100930e+06   7.2753906e+01
   1.2108860e+06   7.0129395e+01
   1.2130070e+06   4.2663574e+01
   1.2133360e+06   6.3781738e+01
   1.2168580e+06   5.7006836e+01
   1.2194500e+06   6.6345215e+01
   1.2216280e+06   8.0444336e+01
   1.2228780e+06   6.0546875e+01
   1.2248760e+06   6.0668945e+01
   1.2250460e+06   6.8176270e+01
   1.2251350e+06   5.9814453e+01
   1.2251880e+06   5.9814453e+01
   1.2252480e+06   2.0080566e+01
   1.2252820e+06   5.0170898e+01
   1.2253770e+06   7.1044922e+01
   1.2256480e+06   6.4025879e+01
   1.2392890e+06   6.2927246e+01
   1.2396550e+06   5.7678223e+01
   1.2397710e+06   6.9580078e+01
   1.2398870e+06   6.2438965e+01
   1.2399220e+06   1.9287109e+01
   1.2399460e+06   6.0180664e+01
   1.2508150e+06   7.5378418e+01
   1.2513980e+06   6.5002441e+01
   1.2517920e+06   7.2326660e+01
   1.2544320e+06   6.1401367e+01
   1.2546080e+06   7.3242188e+01
   1.2546880e+06   3.7170410e+01
   1.2547300e+06   5.8776855e+01
   1.2547600e+06   5.4138184e+01
   1.2547850e+06   5.1330566e+01
   1.2548140e+06   2.2644043e+01
   1.2548350e+06   6.1035156e+01
   1.2548580e+06   3.8940430e+01
   1.2549200e+06   6.4086914e+01
   1.2549470e+06   4.1320801e+01
   1.2549950e+06   5.8532715e+01
   1.2550650e+06   5.9448242e+01
   1.2551580e+06   4.6997070e+01
   1.2552210e+06   5.9875488e+01
   1.2552990e+06   5.5480957e+01
   1.2553910e+06   7.2570801e+01
   1.2554540e+06   5.5847168e+01
   1.2650580e+06   6.5368652e+01
   1.2704550e+06   6.0546875e+01
   1.2707420e+06   6.0852051e+01
   1.2709050e+06   6.5795898e+01
   1.2710130e+06   5.9875488e+01
   1.2710360e+06   5.0476074e+01
   1.2711090e+06   6.2622070e+01
   1.2711450e+06   5.6640625e+01
   1.2711750e+06   2.2888184e+01
   1.2712230e+06   5.6030273e+01
   1.2713330e+06   6.2866211e+01
   1.2801390e+06   6.6589355e+01
   1.2805850e+06   6.2133789e+01
   1.2807330e+06   7.5378418e+01
   1.2807890e+06   6.6955566e+01
   1.2808350e+06   5.3894043e+01
   1.2808850e+06   2.0324707e+01
   1.2809170e+06   3.9916992e+01
   1.2809580e+06   4.9621582e+01
   1.2809990e+06   5.5541992e+01
   1.2810490e+06   5.1025391e+01
   1.2810900e+06   4.9560547e+01
   1.2811270e+06   5.6701660e+01
   1.2811620e+06   5.0415039e+01
   1.2812160e+06   5.9326172e+01
   1.2813090e+06   5.2551270e+01
   1.2814210e+06   6.4758301e+01
   1.2816360e+06   6.2377930e+01
   1.2818530e+06   5.2062988e+01
   1.2929890e+06   6.8359375e+01
   1.2948220e+06   7.4096680e+01
   1.2955870e+06   7.0495605e+01
   1.2961900e+06   6.6040039e+01
   1.2966350e+06   6.6162109e+01
   1.2986560e+06   7.0739746e+01
   1.2991370e+06   6.3598633e+01
   1.2997940e+06   5.8166504e+01
   1.3015730e+06   5.9448242e+01
   1.3020560e+06   7.1289062e+01
   1.3022580e+06   5.9509277e+01
   1.3024200e+06   6.7199707e+01
   1.3048990e+06   6.1645508e+01
   1.3060960e+06   7.2326660e+01
   1.3068750e+06   7.1960449e+01
   1.3070830e+06   6.5002441e+01
   1.3071780e+06   6.9030762e+01
   1.3072350e+06   6.7687988e+01
   1.3072660e+06   5.2795410e+01
   1.3073070e+06   4.8583984e+01
   1.3073640e+06   5.9448242e+01
   1.3073760e+06   2.0019531e+01
   1.3074430e+06   5.5114746e+01
   1.3074760e+06   5.5297852e+01
   1.3075140e+06   6.0180664e+01
   1.3075530e+06   5.6640625e+01
   1.3076030e+06   5.7312012e+01
   1.3076690e+06   4.7973633e+01
   1.3077240e+06   5.8532715e+01
   1.3077890e+06   5.8898926e+01
   1.3079910e+06   5.8898926e+01
   1.3082370e+06   6.0974121e+01
   1.3148970e+06   7.4218750e+01
   1.3165420e+06   7.3730469e+01
   1.3170500e+06   6.3659668e+01
   1.3175880e+06   6.1706543e+01
   1.3190650e+06   7.0190430e+01
   1.3197320e+06   6.9335938e+01
   1.3201120e+06   6.5246582e+01
   1.3205340e+06   7.0556641e+01
   1.3216790e+06   7.2082520e+01
   1.3223590e+06   7.0556641e+01
   1.3225670e+06   7.3730469e+01
   1.3227460e+06   6.7260742e+01
   1.3245760e+06   6.6711426e+01
   1.3252930e+06   6.7749023e+01
   1.3261750e+06   6.4636230e+01
   1.3266440e+06   5.8166504e+01
   1.3269120e+06   6.9274902e+01
   1.3269530e+06   5.5480957e+01
   1.3270530e+06   6.0119629e+01
   1.3270770e+06   4.9926758e+01
   1.3271240e+06   6.5307617e+01
   1.3271470e+06   3.8146973e+01
   1.3271840e+06   5.2490234e+01
   1.3272190e+06   5.1025391e+01
   1.3272560e+06   4.9682617e+01
   1.3272990e+06   4.8339844e+01
   1.3273620e+06   6.2805176e+01
   1.3274170e+06   5.3344727e+01
   1.3274510e+06   4.6325684e+01
   1.3277610e+06   4.8339844e+01
   1.3278620e+06   6.1340332e+01
   1.3343470e+06   7.5622559e+01
   1.3348100e+06   6.7749023e+01
   1.3359020e+06   7.3425293e+01
   1.3365890e+06   7.0922852e+01
   1.3370080e+06   7.3974609e+01
   1.3372570e+06   6.0485840e+01
   1.3373890e+06   6.9335938e+01
   1.3392050e+06   6.4941406e+01
   1.3394850e+06   6.2500000e+01
   1.3397620e+06   6.5246582e+01
   1.3413140e+06   6.8298340e+01
   1.3415870e+06   6.2500000e+01
   1.3417380e+06   7.0983887e+01
   1.3418350e+06   6.8359375e+01
   1.3418990e+06   2.0751953e+01
   1.3419190e+06   5.7373047e+01
   1.3420010e+06   5.5297852e+01
   1.3420590e+06   8.0200195e+01
   1.3421240e+06   6.9458008e+01
   1.3421930e+06   5.1879883e+01
   1.3422290e+06   4.6081543e+01
   1.3422870e+06   6.3293457e+01
   1.3467090e+06   7.4462891e+01
   1.3471800e+06   6.1279297e+01
   1.3474520e+06   6.9091797e+01
   1.3476760e+06   6.3049316e+01
   1.3493020e+06   6.1279297e+01
   1.3494020e+06   6.1035156e+01
   1.3494530e+06   5.8471680e+01
   1.3494920e+06   6.3964844e+01
   1.3495300e+06   6.9213867e+01
   1.3495460e+06   2.9724121e+01
   1.3495810e+06   5.5725098e+01
   1.3496220e+06   4.7668457e+01
   1.3496630e+06   6.3293457e+01
   1.3496900e+06   4.7180176e+01
   1.3497300e+06   5.1818848e+01
   1.3497660e+06   4.8095703e+01
   1.3498110e+06   2.3498535e+01
   1.3499140e+06   5.2551270e+01
   1.3501310e+06   6.5551758e+01
   1.3558840e+06   6.6711426e+01
   1.3562870e+06   7.1838379e+01
   1.3572660e+06   5.7189941e+01
   1.3573640e+06   7.1044922e+01
   1.3574800e+06   6.2377930e+01
   1.3576730e+06   6.5612793e+01
   1.3578350e+06   6.7077637e+01
   1.3598230e+06   6.5002441e+01
   1.3601410e+06   2.9174805e+01
   1.3603200e+06   6.7504883e+01
   1.3604440e+06   6.9091797e+01
   1.3605540e+06   6.7504883e+01
   1.3608430e+06   6.6894531e+01
   1.3644880e+06   6.7016602e+01
   1.3647190e+06   7.3364258e+01
   1.3648170e+06   6.0913086e+01
   1.3648640e+06   5.7373047e+01
   1.3649120e+06   6.6284180e+01
   1.3649480e+06   5.2734375e+01
   1.3650020e+06   5.7250977e+01
   1.3650440e+06   5.7739258e+01
   1.3650690e+06   2.8747559e+01
   1.3651160e+06   5.6091309e+01
   1.3651410e+06   4.1992188e+01
   1.3651990e+06   6.0791016e+01
   1.3653180e+06   6.7016602e+01
   1.3654910e+06   5.9020996e+01
   1.3704800e+06   5.9692383e+01
   1.3707490e+06   6.8054199e+01
   1.3708260e+06   6.7138672e+01
   1.3720910e+06   7.2021484e+01
   1.3721540e+06   6.9091797e+01
   1.3722340e+06   6.0241699e+01
   1.3722850e+06   5.7434082e+01
   1.3723710e+06   6.5246582e+01
   1.3724190e+06   5.7556152e+01
   1.3724420e+06   2.9235840e+01
   1.3724680e+06   5.7128906e+01
   1.3725280e+06   5.8471680e+01
   1.3726220e+06   6.5368652e+01
   1.3727070e+06   6.9824219e+01
   1.3767300e+06   6.4514160e+01
   1.3769100e+06   6.1645508e+01
   1.3770610e+06   6.3842773e+01
   1.3771540e+06   6.0241699e+01
   1.3773300e+06   6.7626953e+01
   1.3795390e+06   6.2622070e+01
   1.3796200e+06   6.4636230e+01
   1.3797360e+06   7.0312500e+01
   1.3797640e+06   4.9011230e+01
   1.3798280e+06   6.1279297e+01
   1.3798620e+06   5.8410645e+01
   1.3799190e+06   5.9204102e+01
   1.3799470e+06   2.7160645e+01
   1.3799800e+06   5.7983398e+01
   1.3800150e+06   6.2438965e+01
   1.3801200e+06   5.5480957e+01
   1.3802740e+06   6.0241699e+01
   1.3842090e+06   6.0363770e+01
   1.3850020e+06   6.3537598e+01
   1.3851240e+06   5.4138184e+01
   1.3853340e+06   7.3059082e+01
   1.3855030e+06   6.7199707e+01
   1.3873030e+06   7.4707031e+01
   1.3873830e+06   6.4514160e+01
   1.3874270e+06   6.1401367e+01
   1.3874620e+06   5.3710937e+01
   1.3875210e+06   6.5490723e+01
   1.3875500e+06   4.5166016e+01
   1.3876310e+06   5.8593750e+01
   1.3877030e+06   5.5175781e+01
   1.3918250e+06   7.2753906e+01
   1.3918910e+06   6.7810059e+01
   1.3920630e+06   4.6325684e+01
   1.3936830e+06   6.6711426e+01
   1.3938080e+06   5.9020996e+01
   1.3938760e+06   7.1777344e+01
   1.3939120e+06   5.7617188e+01
   1.3939550e+06   6.7565918e+01
   1.3940110e+06   5.6518555e+01
   1.3940470e+06   2.8869629e+01
   1.3940710e+06   5.8532715e+01
   1.3941400e+06   6.8359375e+01
   1.3984950e+06   5.6518555e+01
   1.3986720e+06   6.7687988e+01
   1.3987600e+06   6.1218262e+01
   1.3988080e+06   5.6884766e+01
   1.3988500e+06   5.9448242e+01
   1.3988650e+06   2.0019531e+01
   1.3988970e+06   6.2622070e+01
   1.3989530e+06   6.3964844e+01
   1.3990430e+06   5.2062988e+01
   1.4030700e+06   6.3903809e+01
   1.4031890e+06   7.1044922e+01
   1.4032810e+06   6.4941406e+01
   1.4033070e+06   5.3100586e+01
   1.4033420e+06   5.9509277e+01
   1.4034800e+06   6.8176270e+01
   1.4067860e+06   6.4147949e+01
   1.4068930e+06   6.1340332e+01
   1.4069220e+06   4.8583984e+01
   1.4069580e+06   5.8044434e+01
   1.4070100e+06   5.6396484e+01
   1.4070610e+06   7.7514648e+01
   1.4071020e+06   5.8959961e+01
   1.4071780e+06   6.3842773e+01
   1.4118950e+06   6.9580078e+01
   1.4119900e+06   7.0312500e+01
   1.4120170e+06   5.7922363e+01
   1.4120660e+06   5.9143066e+01
   1.4121080e+06   6.0424805e+01
   1.4122170e+06   6.5246582e+01
   1.4122460e+06   3.1127930e+01
   1.4123410e+06   6.7565918e+01
   1.4165280e+06   7.1777344e+01
   1.4166070e+06   6.7993164e+01
   1.4166550e+06   5.8227539e+01
   1.4167040e+06   6.1035156e+01
   1.4167710e+06   5.7250977e+01
   1.4167940e+06   2.3620605e+01
   1.4168850e+06   6.2622070e+01
   1.4172100e+06   7.3303223e+01
   1.4208870e+06   6.9030762e+01
   1.4209610e+06   6.1645508e+01
   1.4210160e+06   6.2561035e+01
   1.4210560e+06   6.8603516e+01
   1.4211170e+06   6.3537598e+01
   1.4211660e+06   5.4382324e+01
   1.4212180e+06   2.9357910e+01
   1.4258560e+06   6.1157227e+01
   1.4259830e+06   6.5124512e+01
   1.4260300e+06   5.5725098e+01
   1.4261020e+06   6.5124512e+01
   1.4261350e+06   6.0546875e+01
   1.4261990e+06   6.8237305e+01
   1.4265230e+06   6.5002441e+01
   1.4306870e+06   7.2998047e+01
   1.4307530e+06   6.4636230e+01
   1.4307810e+06   6.4514160e+01
   1.4308170e+06   5.5480957e+01
   1.4308710e+06   6.1096191e+01
   1.4309040e+06   2.3498535e+01
   1.4309660e+06   6.5917969e+01
   1.4358450e+06   6.9458008e+01
   1.4359820e+06   7.2753906e+01
   1.4360310e+06   5.5847168e+01
   1.4360800e+06   6.4514160e+01
   1.4361150e+06   5.2795410e+01
   1.4361830e+06   6.9091797e+01
   1.4410830e+06   7.4584961e+01
   1.4413980e+06   6.0791016e+01
   1.4414670e+06   7.6477051e+01
   1.4414910e+06   5.2795410e+01
   1.4415320e+06   6.5795898e+01
   1.4415940e+06   6.7626953e+01
   1.4416480e+06   6.9030762e+01
   1.4417040e+06   5.4382324e+01
   1.4464010e+06   6.5246582e+01
   1.4465440e+06   5.9570312e+01
   1.4465790e+06   6.3354492e+01
   1.4466170e+06   5.6884766e+01
   1.4466650e+06   4.7302246e+01
   1.4467900e+06   2.5512695e+01
   1.4468320e+06   6.3598633e+01
   1.4524640e+06   6.4453125e+01
   1.4526850e+06   6.9213867e+01
   1.4527490e+06   7.2692871e+01
   1.4527800e+06   5.1574707e+01
   1.4528270e+06   5.5358887e+01
   1.4528690e+06   6.1401367e+01
   1.4529070e+06   5.6030273e+01
   1.4529180e+06   2.2155762e+01
   1.4529550e+06   1.9042969e+01
   1.4529960e+06   6.2316895e+01
   1.4530900e+06   6.5490723e+01
   1.4596820e+06   7.2021484e+01
   1.4598590e+06   7.4645996e+01
   1.4599050e+06   6.1584473e+01
   1.4599450e+06   6.4758301e+01
   1.4600120e+06   6.1279297e+01
   1.4600740e+06   6.8847656e+01
   1.4601650e+06   5.7006836e+01
   1.4650980e+06   6.4086914e+01
   1.4652610e+06   7.7209473e+01
   1.4653140e+06   6.5856934e+01
   1.4653420e+06   4.8828125e+01
   1.4653940e+06   6.4819336e+01
   1.4654220e+06   4.4799805e+01
   1.4654430e+06   2.3437500e+01
   1.4654760e+06   6.4575195e+01
   1.4655000e+06   5.3039551e+01
   1.4655760e+06   5.6884766e+01
   1.4655860e+06   1.9470215e+01
   1.4656880e+06   5.9204102e+01
   1.4726470e+06   6.6223145e+01
   1.4728490e+06   6.9274902e+01
   1.4729020e+06   5.6457520e+01
   1.4729250e+06   4.5166016e+01
   1.4729780e+06   5.5725098e+01
   1.4730450e+06   5.6213379e+01
   1.4730890e+06   5.3344727e+01
   1.4731810e+06   5.1208496e+01
   1.4732110e+06   5.4016113e+01
   1.4803150e+06   7.4707031e+01
   1.4805320e+06   7.0068359e+01
   1.4805880e+06   6.3476562e+01
   1.4806290e+06   5.2124023e+01
   1.4806900e+06   6.1462402e+01
   1.4807510e+06   6.1828613e+01
   1.4807810e+06   5.5786133e+01
   1.4808830e+06   6.4086914e+01
   1.4876350e+06   5.7373047e+01
   1.4877930e+06   6.7321777e+01
   1.4878650e+06   6.6955566e+01
   1.4878940e+06   4.3762207e+01
   1.4879540e+06   1.9287109e+01
   1.4880470e+06   3.9428711e+01
   1.4880860e+06   6.5551758e+01
   1.4953720e+06   6.4331055e+01
   1.4956520e+06   6.9396973e+01
   1.4957230e+06   6.7321777e+01
   1.4957560e+06   6.4392090e+01
   1.4958000e+06   6.5551758e+01
   1.4958410e+06   5.9936523e+01
   1.4959110e+06   6.0913086e+01
   1.4959690e+06   6.9519043e+01
   1.4960600e+06   5.7556152e+01
   1.4962580e+06   6.2988281e+01
   1.5027940e+06   6.6528320e+01
   1.5032680e+06   7.6782227e+01
   1.5034070e+06   6.4453125e+01
   1.5034670e+06   5.9936523e+01
   1.5035060e+06   5.5969238e+01
   1.5035970e+06   5.8105469e+01
   1.5036850e+06   3.2897949e+01
   1.5037320e+06   6.1584473e+01
   1.5038630e+06   6.5734863e+01
   1.5105430e+06   6.6223145e+01
   1.5107090e+06   6.5246582e+01
   1.5107680e+06   6.7687988e+01
   1.5108030e+06   4.7119141e+01
   1.5108670e+06   5.4504395e+01
   1.5108920e+06   2.5329590e+01
   1.5109080e+06   5.2673340e+01
   1.5109600e+06   6.2072754e+01
   1.5112870e+06   6.9458008e+01
   1.5186250e+06   6.0485840e+01
   1.5193630e+06   6.2866211e+01
   1.5197260e+06   6.7504883e+01
   1.5198970e+06   5.8166504e+01
   1.5199620e+06   7.2265625e+01
   1.5199990e+06   5.2124023e+01
   1.5200530e+06   6.9213867e+01
   1.5201120e+06   5.3710938e+01
   1.5201240e+06   1.9348145e+01
   1.5201640e+06   6.5917969e+01
   1.5202220e+06   6.2377930e+01
   1.5203560e+06   5.1879883e+01
   1.5206640e+06   5.8166504e+01
   1.5278830e+06   6.2316895e+01
   1.5286210e+06   7.3730469e+01
   1.5287370e+06   6.8420410e+01
   1.5287850e+06   6.9274902e+01
   1.5288200e+06   5.2490234e+01
   1.5288900e+06   6.3232422e+01
   1.5289770e+06   6.6589355e+01
   1.5289940e+06   3.2409668e+01
   1.5291140e+06   5.8105469e+01
   1.5354310e+06   7.0861816e+01
   1.5361090e+06   6.0302734e+01
   1.5362160e+06   6.3537598e+01
   1.5362530e+06   5.2246094e+01
   1.5363010e+06   6.4880371e+01
   1.5363480e+06   6.4025879e+01
   1.5363870e+06   5.5114746e+01
   1.5364390e+06   6.3964844e+01
   1.5365120e+06   6.4758301e+01
   1.5366320e+06   6.4575195e+01
   1.5368200e+06   6.6467285e+01
   1.5448390e+06   6.0791016e+01
   1.5449950e+06   7.0617676e+01
   1.5450480e+06   5.9448242e+01
   1.5450920e+06   5.8471680e+01
   1.5451300e+06   6.4270020e+01
   1.5451860e+06   6.1706543e+01
   1.5452530e+06   6.7138672e+01
   1.5453170e+06   5.4138184e+01
   1.5454190e+06   6.3842773e+01
   1.5459170e+06   7.4707031e+01
   1.5533530e+06   6.6284180e+01
   1.5535300e+06   6.5124512e+01
   1.5535850e+06   6.8786621e+01
   1.5536550e+06   6.3232422e+01
   1.5536990e+06   6.5979004e+01
   1.5537660e+06   6.8298340e+01
   1.5538330e+06   6.2683105e+01
   1.5539030e+06   6.6467285e+01
   1.5540470e+06   6.3049316e+01
   1.5613630e+06   7.3120117e+01
   1.5615440e+06   6.2805176e+01
   1.5616010e+06   5.8288574e+01
   1.5616440e+06   6.6772461e+01
   1.5616960e+06   6.4331055e+01
   1.5617460e+06   6.9702148e+01
   1.5618330e+06   5.7250977e+01
   1.5619250e+06   4.9499512e+01
   1.5620680e+06   5.1635742e+01
   1.5698310e+06   6.2744141e+01
   1.5699950e+06   6.2561035e+01
   1.5700410e+06   6.1828613e+01
   1.5700830e+06   5.9509277e+01
   1.5701310e+06   6.7077637e+01
   1.5701830e+06   7.2204590e+01
   1.5702290e+06   5.8044434e+01
   1.5703020e+06   6.1035156e+01
   1.5704090e+06   5.5053711e+01
   1.5706090e+06   6.7138672e+01
   1.5708030e+06   5.8349609e+01
   1.5786630e+06   6.5795898e+01
   1.5789310e+06   6.2072754e+01
   1.5789760e+06   6.8603516e+01
   1.5790580e+06   7.0800781e+01
   1.5791100e+06   5.6030273e+01
   1.5792000e+06   5.8349609e+01
   1.5793090e+06   6.2683105e+01
   1.5793760e+06   6.6101074e+01
   1.5798530e+06   6.4392090e+01
   1.5880150e+06   6.4453125e+01
   1.5888650e+06   7.3974609e+01
   1.5889740e+06   6.6284180e+01
   1.5890080e+06   6.4880371e+01
   1.5890480e+06   5.3894043e+01
   1.5890990e+06   5.8288574e+01
   1.5891440e+06   5.8044434e+01
   1.5891920e+06   6.5979004e+01
   1.5892250e+06   6.2744141e+01
   1.5893300e+06   5.9570312e+01
   1.5894210e+06   5.9631348e+01
   1.5895390e+06   6.0424805e+01
   1.5896640e+06   5.4870605e+01
   1.5899120e+06   6.3781738e+01
   1.5987260e+06   6.2927246e+01
   1.5995720e+06   7.2937012e+01
   1.5997090e+06   5.9570312e+01
   1.5997670e+06   6.9396973e+01
   1.5997920e+06   2.0690918e+01
   1.5998260e+06   6.3720703e+01
   1.5998950e+06   6.0607910e+01
   1.5999520e+06   5.6701660e+01
   1.6000120e+06   6.1035156e+01
   1.6000720e+06   6.9458008e+01
   1.6001310e+06   6.1950684e+01
   1.6002430e+06   6.7687988e+01
   1.6006140e+06   5.6945801e+01
   1.6091270e+06   6.5002441e+01
   1.6092690e+06   6.8664551e+01
   1.6093910e+06   5.5603027e+01
   1.6094530e+06   7.1411133e+01
   1.6095140e+06   6.8786621e+01
   1.6095870e+06   6.1157227e+01
   1.6096280e+06   2.9174805e+01
   1.6096460e+06   6.4575195e+01
   1.6096960e+06   6.3049316e+01
   1.6097780e+06   5.4016113e+01
   1.6099680e+06   6.5673828e+01
   1.6193290e+06   6.5490723e+01
   1.6194490e+06   7.1899414e+01
   1.6195110e+06   6.4392090e+01
   1.6195500e+06   6.0729980e+01
   1.6196090e+06   5.7739258e+01
   1.6196450e+06   4.9194336e+01
   1.6196880e+06   5.0415039e+01
   1.6197380e+06   6.4575195e+01
   1.6198120e+06   5.5297852e+01
   1.6198590e+06   6.2438965e+01
   1.6199700e+06   5.8166504e+01
   1.6201490e+06   5.8532715e+01
   1.6203600e+06   6.9885254e+01
   1.6298560e+06   7.0007324e+01
   1.6299920e+06   7.1716309e+01
   1.6300650e+06   6.2927246e+01
   1.6301310e+06   6.2866211e+01
   1.6302070e+06   6.2988281e+01
   1.6302620e+06   6.1096191e+01
   1.6303440e+06   6.0424805e+01
   1.6304080e+06   6.6955566e+01
   1.6304910e+06   6.2622070e+01
   1.6306620e+06   5.9631348e+01
   1.6401870e+06   8.2641602e+01
   1.6402540e+06   6.9519043e+01
   1.6403350e+06   6.6406250e+01
   1.6403740e+06   5.2490234e+01
   1.6404490e+06   6.2744141e+01
   1.6404910e+06   5.7617187e+01
   1.6405310e+06   5.7495117e+01
   1.6405690e+06   6.1767578e+01
   1.6406580e+06   7.1228027e+01
   1.6407920e+06   3.8818359e+01
   1.6409710e+06   6.4453125e+01
   1.6410670e+06   5.9265137e+01
   1.6529140e+06   7.0129395e+01
   1.6529800e+06   5.9936523e+01
   1.6530160e+06   6.9824219e+01
   1.6530540e+06   5.9265137e+01
   1.6530890e+06   6.0302734e+01
   1.6531330e+06   5.8532715e+01
   1.6531540e+06   1.9287109e+01
   1.6531690e+06   5.3283691e+01
   1.6531970e+06   4.9072266e+01
   1.6532490e+06   7.0678711e+01
   1.6533550e+06   6.7443848e+01
   1.6534350e+06   5.9448242e+01
   1.6535420e+06   7.4279785e+01
   1.6536020e+06   6.5002441e+01
   1.6536740e+06   6.0302734e+01
   1.6538090e+06   6.6650391e+01
   1.6539140e+06   5.7495117e+01
   1.6660250e+06   6.0974121e+01
   1.6661130e+06   7.1166992e+01
   1.6661650e+06   6.0058594e+01
   1.6662070e+06   6.0668945e+01
   1.6662690e+06   6.9519043e+01
   1.6663020e+06   5.7922363e+01
   1.6663440e+06   5.8410645e+01
   1.6664010e+06   6.0974121e+01
   1.6664430e+06   5.9448242e+01
   1.6665070e+06   5.3100586e+01
   1.6666940e+06   5.8776855e+01
   1.6668320e+06   4.9011230e+01
   1.6669710e+06   5.3527832e+01
   1.6670690e+06   6.2316895e+01
   1.6785960e+06   6.4819336e+01
   1.6786990e+06   7.5988770e+01
   1.6787600e+06   6.9824219e+01
   1.6788130e+06   6.2500000e+01
   1.6788470e+06   5.1940918e+01
   1.6788900e+06   6.1584473e+01
   1.6789340e+06   4.9194336e+01
   1.6789870e+06   5.9570312e+01
   1.6790130e+06   2.6611328e+01
   1.6790350e+06   5.0537109e+01
   1.6790650e+06   4.4250488e+01
   1.6791440e+06   5.2612305e+01
   1.6791800e+06   4.8583984e+01
   1.6793190e+06   5.9997559e+01
   1.6794360e+06   5.7495117e+01
   1.6795090e+06   6.5673828e+01
   1.6797160e+06   5.9082031e+01
   1.6898740e+06   6.1462402e+01
   1.6906210e+06   6.7687988e+01
   1.6907190e+06   6.3720703e+01
   1.6908170e+06   6.6894531e+01
   1.6908830e+06   7.1472168e+01
   1.6909730e+06   5.5725098e+01
   1.6910170e+06   5.9020996e+01
   1.6910610e+06   5.0598145e+01
   1.6910830e+06   2.2705078e+01
   1.6911030e+06   5.1757812e+01
   1.6911320e+06   5.1818848e+01
   1.6911590e+06   2.1850586e+01
   1.6911820e+06   5.8349609e+01
   1.6912330e+06   6.0546875e+01
   1.6913030e+06   4.9011230e+01
   1.6913670e+06   5.8410645e+01
   1.6915450e+06   5.5847168e+01
   1.6916480e+06   5.8837891e+01
   1.6918040e+06   6.2622070e+01
   1.7039440e+06   6.7199707e+01
   1.7053950e+06   6.1035156e+01
   1.7055040e+06   7.3242188e+01
   1.7055390e+06   6.3232422e+01
   1.7055820e+06   6.2866211e+01
   1.7056110e+06   4.5471191e+01
   1.7056370e+06   5.9570312e+01
   1.7056620e+06   4.8828125e+01
   1.7056880e+06   4.3273926e+01
   1.7057010e+06   4.4433594e+01
   1.7057440e+06   4.3701172e+01
   1.7057740e+06   6.3171387e+01
   1.7057990e+06   4.2114258e+01
   1.7058440e+06   6.2438965e+01
   1.7058570e+06   2.2338867e+01
   1.7058920e+06   5.1208496e+01
   1.7059430e+06   5.6457520e+01
   1.7060120e+06   6.1584473e+01
   1.7061020e+06   6.4270020e+01
   1.7061840e+06   5.5358887e+01
   1.7063040e+06   5.5908203e+01
   1.7064360e+06   5.4199219e+01
   1.7065730e+06   6.6711426e+01
   1.7066730e+06   5.4626465e+01
   1.7067900e+06   5.7800293e+01
   1.7124920e+06   7.7880859e+01
   1.7190310e+06   6.6040039e+01
   1.7191870e+06   6.4270020e+01
   1.7192410e+06   6.0546875e+01
   1.7192900e+06   6.1218262e+01
   1.7193430e+06   6.6833496e+01
   1.7193800e+06   5.5786133e+01
   1.7194110e+06   4.9255371e+01
   1.7194350e+06   4.1015625e+01
   1.7194620e+06   4.9072266e+01
   1.7194870e+06   4.1076660e+01
   1.7195150e+06   4.8706055e+01
   1.7195430e+06   3.5644531e+01
   1.7195640e+06   2.9357910e+01
   1.7195790e+06   1.9165039e+01
   1.7196010e+06   4.1259766e+01
   1.7196270e+06   2.4841309e+01
   1.7196430e+06   3.9367676e+01
   1.7196900e+06   4.4189453e+01
   1.7197210e+06   2.4108887e+01
   1.7197490e+06   4.7119141e+01
   1.7197950e+06   4.9438477e+01
   1.7198650e+06   5.0537109e+01
   1.7199460e+06   5.4260254e+01
   1.7200120e+06   5.1208496e+01
   1.7200770e+06   5.7006836e+01
   1.7201380e+06   6.0791016e+01
   1.7201700e+06   3.8574219e+01
   1.7203170e+06   5.7739258e+01
   1.7204390e+06   5.3771973e+01
   1.7317830e+06   7.5988770e+01
   1.7329330e+06   6.6528320e+01
   1.7330100e+06   6.3415527e+01
   1.7330600e+06   6.2744141e+01
   1.7330970e+06   5.8288574e+01
   1.7331230e+06   3.7902832e+01
   1.7331510e+06   3.3752441e+01
   1.7331710e+06   3.9062500e+01
   1.7331910e+06   3.5705566e+01
   1.7332160e+06   2.5878906e+01
   1.7332270e+06   2.5024414e+01
   1.7332560e+06   2.4719238e+01
   1.7332780e+06   2.6916504e+01
   1.7332980e+06   3.6193848e+01
   1.7333290e+06   1.9104004e+01
   1.7333480e+06   1.9714355e+01
   1.7333700e+06   2.6916504e+01
   1.7333840e+06   3.2348633e+01
   1.7334100e+06   3.2958984e+01
   1.7334420e+06   2.4047852e+01
   1.7334710e+06   3.9001465e+01
   1.7335160e+06   4.2053223e+01
   1.7335530e+06   3.7170410e+01
   1.7336310e+06   5.0720215e+01
   1.7336610e+06   3.9001465e+01
   1.7337160e+06   4.8278809e+01
   1.7337460e+06   3.9733887e+01
   1.7338070e+06   5.2673340e+01
   1.7338350e+06   3.5522461e+01
   1.7338900e+06   4.8095703e+01
   1.7339470e+06   5.5664062e+01
   1.7340210e+06   5.9265137e+01
   1.7340870e+06   5.3039551e+01
   1.7341600e+06   4.4738770e+01
   1.7423390e+06   7.2082520e+01
   1.7450200e+06   7.0190430e+01
   1.7452700e+06   7.8002930e+01
   1.7455350e+06   6.5124512e+01
   1.7456440e+06   7.3486328e+01
   1.7457310e+06   5.9509277e+01
   1.7460050e+06   6.8054199e+01
   1.7491440e+06   7.8430176e+01
   1.7492390e+06   6.1767578e+01
   1.7492920e+06   5.4321289e+01
   1.7493260e+06   5.8776855e+01
   1.7493440e+06   3.3142090e+01
   1.7493660e+06   4.2541504e+01
   1.7493850e+06   2.3498535e+01
   1.7493980e+06   2.7954102e+01
   1.7494260e+06   3.4179688e+01
   1.7494470e+06   2.5024414e+01
   1.7494630e+06   3.6132812e+01
   1.7494860e+06   2.2094727e+01
   1.7495010e+06   1.9104004e+01
   1.7495130e+06   2.3620605e+01
   1.7495420e+06   2.0751953e+01
   1.7495650e+06   2.5085449e+01
   1.7496440e+06   2.5817871e+01
   1.7496570e+06   2.4291992e+01
   1.7496900e+06   3.4790039e+01
   1.7497340e+06   3.9367676e+01
   1.7497600e+06   2.5573730e+01
   1.7498210e+06   3.7841797e+01
   1.7498540e+06   4.5043945e+01
   1.7498860e+06   3.7231445e+01
   1.7499420e+06   4.7485352e+01
   1.7499990e+06   4.3273926e+01
   1.7500520e+06   4.0161133e+01
   1.7501130e+06   4.8278809e+01
   1.7501480e+06   5.0231934e+01
   1.7501910e+06   3.7475586e+01
   1.7502640e+06   4.9316406e+01
   1.7503460e+06   5.5419922e+01
   1.7504200e+06   5.5541992e+01
   1.7504790e+06   5.0903320e+01
   1.7505740e+06   5.2490234e+01
   1.7507580e+06   5.7861328e+01
   1.7508490e+06   5.3100586e+01
   1.7512110e+06   5.0415039e+01
   1.7513550e+06   6.0546875e+01
   1.7572760e+06   6.9335938e+01
   1.7586520e+06   7.5317383e+01
   1.7587860e+06   6.4758301e+01
   1.7610150e+06   7.4035645e+01
   1.7613360e+06   7.4523926e+01
   1.7616410e+06   5.6823730e+01
   1.7628580e+06   6.7565918e+01
   1.7629860e+06   6.4941406e+01
   1.7630870e+06   6.9519043e+01
   1.7631900e+06   6.0607910e+01
   1.7632960e+06   7.2937012e+01
   1.7633970e+06   6.5307617e+01
   1.7635050e+06   6.1523438e+01
   1.7635580e+06   5.5114746e+01
   1.7636410e+06   7.2509766e+01
   1.7637600e+06   5.1208496e+01
   1.7638670e+06   6.7199707e+01
   1.7641220e+06   6.6711426e+01
   1.7670730e+06   6.9152832e+01
   1.7673760e+06   6.3354492e+01
   1.7689510e+06   6.2683105e+01
   1.7696190e+06   5.5603027e+01
   1.7697620e+06   7.0373535e+01
   1.7698250e+06   6.0485840e+01
   1.7698740e+06   6.8664551e+01
   1.7698840e+06   2.1850586e+01
   1.7699000e+06   5.1208496e+01
   1.7699310e+06   5.1818848e+01
   1.7699570e+06   4.1503906e+01
   1.7699690e+06   2.8625488e+01
   1.7700000e+06   3.9855957e+01
   1.7700140e+06   3.8879395e+01
   1.7700360e+06   2.4963379e+01
   1.7700460e+06   2.4108887e+01
   1.7700730e+06   1.9470215e+01
   1.7701330e+06   3.7963867e+01
   1.7701650e+06   3.6560059e+01
   1.7702180e+06   1.9165039e+01
   1.7702470e+06   2.4658203e+01
   1.7702840e+06   2.2888184e+01
   1.7703100e+06   1.9287109e+01
   1.7703490e+06   2.5207520e+01
   1.7703890e+06   3.4484863e+01
   1.7704230e+06   3.4912109e+01
   1.7704480e+06   3.1982422e+01
   1.7704930e+06   3.4545898e+01
   1.7705350e+06   4.0344238e+01
   1.7705520e+06   2.2277832e+01
   1.7705900e+06   4.1015625e+01
   1.7706400e+06   3.6865234e+01
   1.7706760e+06   4.2846680e+01
   1.7707140e+06   3.7292480e+01
   1.7707720e+06   4.3579102e+01
   1.7708410e+06   4.9438477e+01
   1.7709360e+06   4.5776367e+01
   1.7710720e+06   6.2500000e+01
   1.7712270e+06   5.1513672e+01
   1.7713260e+06   5.9020996e+01
   1.7742570e+06   7.6965332e+01
   1.7760750e+06   7.2021484e+01
   1.7765710e+06   6.7565918e+01
   1.7768760e+06   6.2683105e+01
   1.7774370e+06   6.4514160e+01
   1.7782810e+06   6.7443848e+01
   1.7787450e+06   6.6589355e+01
   1.7792870e+06   6.4392090e+01
   1.7797790e+06   7.0800781e+01
   1.7802210e+06   6.0668945e+01
   1.7809220e+06   8.1604004e+01
   1.7811180e+06   7.0556641e+01
   1.7814380e+06   5.3588867e+01
   1.7817090e+06   6.7321777e+01
   1.7824500e+06   7.2326660e+01
   1.7826010e+06   5.9997559e+01
   1.7828300e+06   5.8166504e+01
   1.7831780e+06   7.2204590e+01
   1.7836990e+06   6.1767578e+01
   1.7838900e+06   6.1035156e+01
   1.7841660e+06   6.8725586e+01
   1.7844500e+06   5.1147461e+01
   1.7845900e+06   5.9448242e+01
   1.7848450e+06   6.4025879e+01
   1.7859240e+06   6.8969727e+01
   1.7861340e+06   6.1401367e+01
   1.7866440e+06   6.7443848e+01
   1.7871770e+06   6.1096191e+01
   1.7874750e+06   5.1269531e+01
   1.7875920e+06   2.0141602e+01
   1.7877680e+06   5.6701660e+01
   1.7878360e+06   5.7189941e+01
   1.7879130e+06   5.9570312e+01
   1.7880560e+06   6.2744141e+01
   1.7881380e+06   5.4504395e+01
   1.7882310e+06   7.1228027e+01
   1.7882960e+06   3.7719727e+01
   1.7883250e+06   3.4240723e+01
   1.7884000e+06   3.9916992e+01
   1.7884450e+06   4.8461914e+01
   1.7885100e+06   4.4860840e+01
   1.7885500e+06   3.6621094e+01
   1.7885750e+06   3.0761719e+01
   1.7886020e+06   4.6569824e+01
   1.7886160e+06   2.5756836e+01
   1.7886370e+06   2.5573730e+01
   1.7886610e+06   4.0527344e+01
   1.7886880e+06   2.8625488e+01
   1.7887120e+06   2.1911621e+01
   1.7887430e+06   2.2033691e+01
   1.7887860e+06   1.9348145e+01
   1.7888200e+06   2.4658203e+01
   1.7888610e+06   2.4108887e+01
   1.7888730e+06   2.0629883e+01
   1.7889240e+06   2.3681641e+01
   1.7889590e+06   2.2888184e+01
   1.7889820e+06   3.6071777e+01
   1.7890440e+06   4.3884277e+01
   1.7891010e+06   4.3945312e+01
   1.7891870e+06   3.4179688e+01
   1.7892820e+06   4.4677734e+01
   1.7893360e+06   4.2297363e+01
   1.7894210e+06   4.0954590e+01
   1.7894730e+06   4.3273926e+01
   1.7895050e+06   1.8981934e+01
   1.7896020e+06   4.8583984e+01
   1.7939830e+06   6.6650391e+01
   1.7952210e+06   6.9946289e+01
   1.7958890e+06   6.0913086e+01
   1.7961440e+06   6.4575195e+01
   1.7967800e+06   6.9030762e+01
   1.7971380e+06   6.6040039e+01
   1.7978890e+06   6.1523438e+01
   1.7981190e+06   6.1035156e+01
   1.7982730e+06   6.8176270e+01
   1.7983590e+06   1.8981934e+01
   1.7985940e+06   6.7565918e+01
   1.7988520e+06   7.5744629e+01
   1.7990360e+06   5.1147461e+01
   1.7993820e+06   6.1035156e+01
   1.7999150e+06   6.2438965e+01
   1.8000420e+06   5.8105469e+01
   1.8001920e+06   5.3283691e+01
   1.8005310e+06   5.7312012e+01
   1.8011940e+06   6.0729980e+01
   1.8014780e+06   6.0729980e+01
   1.8016410e+06   6.7443848e+01
   1.8017170e+06   1.9592285e+01
   1.8017390e+06   6.2255859e+01
   1.8019970e+06   6.6528320e+01
   1.8031410e+06   6.5917969e+01
   1.8036660e+06   6.9396973e+01
   1.8038600e+06   5.9997559e+01
   1.8039720e+06   6.5490723e+01
   1.8040650e+06   6.1279297e+01
   1.8041690e+06   6.8664551e+01
   1.8042400e+06   5.6457520e+01
   1.8043630e+06   5.6396484e+01
   1.8044860e+06   6.0546875e+01
   1.8045430e+06   4.9316406e+01
   1.8046180e+06   6.1401367e+01
   1.8046300e+06   2.4658203e+01
   1.8046560e+06   4.3334961e+01
   1.8047230e+06   4.5288086e+01
   1.8047710e+06   5.0048828e+01
   1.8047920e+06   2.2277832e+01
   1.8048060e+06   3.5034180e+01
   1.8048370e+06   4.2785645e+01
   1.8048640e+06   4.4250488e+01
   1.8048960e+06   5.1513672e+01
   1.8049210e+06   2.6794434e+01
   1.8049380e+06   2.2521973e+01
   1.8049870e+06   2.3010254e+01
   1.8050200e+06   2.2644043e+01
   1.8050360e+06   2.8625488e+01
   1.8050650e+06   2.0385742e+01
   1.8050920e+06   2.4475098e+01
   1.8051030e+06   2.8320312e+01
   1.8051340e+06   2.1362305e+01
   1.8051750e+06   3.0639648e+01
   1.8052370e+06   4.0222168e+01
   1.8053340e+06   5.0109863e+01
   1.8053620e+06   3.1799316e+01
   1.8054230e+06   4.5532227e+01
   1.8054940e+06   4.6691895e+01
   1.8056370e+06   5.1879883e+01
   1.8099850e+06   6.4147949e+01
   1.8110590e+06   6.1218262e+01
   1.8113080e+06   6.2316895e+01
   1.8118980e+06   5.3466797e+01
   1.8128540e+06   6.9030762e+01
   1.8134290e+06   7.4645996e+01
   1.8139840e+06   6.8786621e+01
   1.8149020e+06   5.9326172e+01
   1.8150870e+06   5.9326172e+01
   1.8154380e+06   6.3720703e+01
   1.8156780e+06   5.8410645e+01
   1.8162020e+06   7.2631836e+01
   1.8165180e+06   6.2988281e+01
   1.8171860e+06   7.2875977e+01
   1.8173390e+06   6.4086914e+01
   1.8176100e+06   5.6579590e+01
   1.8177380e+06   5.9509277e+01
   1.8179980e+06   6.2805176e+01
   1.8181930e+06   5.5847168e+01
   1.8195100e+06   6.5795898e+01
   1.8197970e+06   5.5908203e+01
   1.8198870e+06   5.9997559e+01
   1.8201360e+06   6.3598633e+01
   1.8201520e+06   1.9165039e+01
   1.8202720e+06   6.6711426e+01
   1.8204850e+06   5.7739258e+01
   1.8219670e+06   6.1096191e+01
   1.8225040e+06   6.0058594e+01
   1.8228070e+06   7.2753906e+01
   1.8234700e+06   5.3588867e+01
   1.8238930e+06   5.7250977e+01
   1.8242060e+06   6.0791016e+01
   1.8243360e+06   6.5368652e+01
   1.8244290e+06   5.3161621e+01
   1.8245780e+06   6.6955566e+01
   1.8246340e+06   5.7189941e+01
   1.8246590e+06   3.3935547e+01
   1.8246980e+06   4.7668457e+01
   1.8247630e+06   5.3039551e+01
   1.8247940e+06   4.3945312e+01
   1.8248500e+06   4.1381836e+01
   1.8248840e+06   4.3090820e+01
   1.8249140e+06   3.1616211e+01
   1.8249380e+06   3.2531738e+01
   1.8249710e+06   4.4006348e+01
   1.8250070e+06   3.2226562e+01
   1.8250310e+06   2.6306152e+01
   1.8250650e+06   2.4963379e+01
   1.8250770e+06   2.9052734e+01
   1.8251020e+06   2.9174805e+01
   1.8251510e+06   2.7099609e+01
   1.8251710e+06   2.6000977e+01
   1.8252220e+06   2.2277832e+01
   1.8252390e+06   1.9653320e+01
   1.8253040e+06   3.9123535e+01
   1.8253480e+06   3.8330078e+01
   1.8253840e+06   3.9001465e+01
   1.8254810e+06   4.9377441e+01
   1.8256250e+06   4.9011230e+01
   1.8257400e+06   5.6762695e+01
   1.8258660e+06   4.7790527e+01
   1.8260950e+06   6.0607910e+01
   1.8293060e+06   7.9162598e+01
   1.8320810e+06   6.9824219e+01
   1.8324020e+06   6.8664551e+01
   1.8330250e+06   7.7148438e+01
   1.8334840e+06   6.7749023e+01
   1.8337450e+06   6.1950684e+01
   1.8339660e+06   5.4443359e+01
   1.8344310e+06   5.5358887e+01
   1.8347800e+06   6.1767578e+01
   1.8352000e+06   7.0983887e+01
   1.8356690e+06   6.1950684e+01
   1.8359410e+06   6.0363770e+01
   1.8362200e+06   5.9570312e+01
   1.8367340e+06   6.0791016e+01
   1.8372890e+06   5.6762695e+01
   1.8374510e+06   5.1208496e+01
   1.8376140e+06   5.6701660e+01
   1.8377260e+06   5.7067871e+01
   1.8377990e+06   5.4199219e+01
   1.8381380e+06   5.9387207e+01
   1.8389130e+06   5.7495117e+01
   1.8392480e+06   5.4809570e+01
   1.8397760e+06   6.3964844e+01
   1.8400420e+06   6.1706543e+01
   1.8403690e+06   5.8776855e+01
   1.8405610e+06   7.0617676e+01
   1.8406880e+06   6.2133789e+01
   1.8408020e+06   6.2805176e+01
   1.8409060e+06   5.4626465e+01
   1.8409700e+06   5.9692383e+01
   1.8411180e+06   6.0241699e+01
   1.8412280e+06   5.7373047e+01
   1.8412700e+06   5.1940918e+01
   1.8413280e+06   4.8400879e+01
   1.8413420e+06   2.1179199e+01
   1.8413730e+06   1.9165039e+01
   1.8413910e+06   5.4992676e+01
   1.8414270e+06   4.6997070e+01
   1.8414740e+06   4.6752930e+01
   1.8414990e+06   2.1362305e+01
   1.8415210e+06   5.9265137e+01
   1.8415510e+06   3.8452148e+01
   1.8415880e+06   4.1687012e+01
   1.8416100e+06   1.9287109e+01
   1.8416210e+06   3.9062500e+01
   1.8416450e+06   2.3254395e+01
   1.8416820e+06   2.8381348e+01
   1.8417080e+06   1.9348145e+01
   1.8417230e+06   2.5085449e+01
   1.8417650e+06   2.5695801e+01
   1.8417910e+06   2.5451660e+01
   1.8418370e+06   2.3498535e+01
   1.8418780e+06   3.2897949e+01
   1.8419460e+06   4.0649414e+01
   1.8419880e+06   3.6743164e+01
   1.8420470e+06   2.3254395e+01
   1.8421610e+06   4.4311523e+01
   1.8422530e+06   5.0537109e+01
   1.8423370e+06   4.9926758e+01
   1.8424020e+06   5.1940918e+01
   1.8426100e+06   5.9143066e+01
   1.8469840e+06   7.0190430e+01
   1.8475860e+06   7.0373535e+01
   1.8479640e+06   6.7810059e+01
   1.8485280e+06   6.4697266e+01
   1.8490680e+06   7.0190430e+01
   1.8502070e+06   6.4025879e+01
   1.8505410e+06   6.3598633e+01
   1.8508850e+06   5.7800293e+01
   1.8516430e+06   6.8115234e+01
   1.8520250e+06   6.6955566e+01
   1.8523410e+06   5.7006836e+01
   1.8524350e+06   6.8420410e+01
   1.8530160e+06   6.3415527e+01
   1.8532740e+06   5.6274414e+01
   1.8539330e+06   5.9997559e+01
   1.8544200e+06   6.1462402e+01
   1.8545420e+06   5.9692383e+01
   1.8546710e+06   5.8776855e+01
   1.8548060e+06   5.6579590e+01
   1.8550910e+06   5.6335449e+01
   1.8552410e+06   5.5175781e+01
   1.8556490e+06   6.6894531e+01
   1.8558260e+06   6.0302734e+01
   1.8558890e+06   6.5124512e+01
   1.8559120e+06   3.8757324e+01
   1.8559370e+06   3.8940430e+01
   1.8559640e+06   3.3569336e+01
   1.8559870e+06   3.3325195e+01
   1.8560060e+06   4.4494629e+01
   1.8560300e+06   2.1362305e+01
   1.8560560e+06   2.5146484e+01
   1.8560860e+06   2.0263672e+01
   1.8561770e+06   2.8198242e+01
   1.8562060e+06   2.3925781e+01
   1.8562180e+06   2.4780273e+01
   1.8562740e+06   4.0771484e+01
   1.8563270e+06   4.1931152e+01
   1.8563610e+06   4.1015625e+01
   1.8564140e+06   4.3518066e+01
   1.8564780e+06   4.1198730e+01
   1.8564980e+06   1.9348145e+01
   1.8565570e+06   4.1259766e+01
   1.8566310e+06   4.8950195e+01
   1.8566700e+06   4.0222168e+01
   1.8567130e+06   2.0263672e+01
   1.8567650e+06   5.0292969e+01
   1.8568600e+06   5.3588867e+01
   1.8599470e+06   6.3598633e+01
   1.8618630e+06   7.1472168e+01
   1.8625270e+06   7.4218750e+01
   1.8628600e+06   6.6223145e+01
   1.8637530e+06   6.7443848e+01
   1.8642220e+06   6.0913086e+01
   1.8644080e+06   6.4025879e+01
   1.8647450e+06   6.4331055e+01
   1.8652980e+06   5.8715820e+01
   1.8657190e+06   6.8969727e+01
   1.8657530e+06   6.0302734e+01
   1.8660880e+06   6.0852051e+01
   1.8665800e+06   6.8542480e+01
   1.8670100e+06   6.7443848e+01
   1.8671480e+06   6.7138672e+01
   1.8673680e+06   6.2805176e+01
   1.8676180e+06   6.3049316e+01
   1.8686130e+06   5.7495117e+01
   1.8688540e+06   5.9936523e+01
   1.8689370e+06   5.9631348e+01
   1.8689590e+06   3.5522461e+01
   1.8689910e+06   4.3029785e+01
   1.8690140e+06   3.4118652e+01
   1.8690360e+06   3.1738281e+01
   1.8690480e+06   3.4667969e+01
   1.8690800e+06   4.1564941e+01
   1.8691060e+06   4.4738770e+01
   1.8691320e+06   2.4291992e+01
   1.8691460e+06   3.4545898e+01
   1.8691800e+06   3.4729004e+01
   1.8692370e+06   1.9470215e+01
   1.8692480e+06   2.8198242e+01
   1.8692930e+06   3.6987305e+01
   1.8693350e+06   3.1127930e+01
   1.8693810e+06   3.4362793e+01
   1.8694390e+06   4.3090820e+01
   1.8694750e+06   3.7902832e+01
   1.8695340e+06   5.6335449e+01
   1.8695640e+06   3.3264160e+01
   1.8696430e+06   4.8095703e+01
   1.8697450e+06   5.0842285e+01
   1.8698210e+06   5.0720215e+01
   1.8699040e+06   5.0598145e+01
   1.8699870e+06   5.5053711e+01
   1.8721680e+06   6.0058594e+01
   1.8743130e+06   6.5368652e+01
   1.8748460e+06   6.7443848e+01
   1.8751850e+06   6.6223145e+01
   1.8757840e+06   7.0861816e+01
   1.8761850e+06   5.8654785e+01
   1.8765740e+06   6.9580078e+01
   1.8767830e+06   7.1350098e+01
   1.8773160e+06   5.3649902e+01
   1.8776780e+06   6.8481445e+01
   1.8779660e+06   6.1279297e+01
   1.8783050e+06   7.0068359e+01
   1.8786220e+06   5.9814453e+01
   1.8790240e+06   6.1950684e+01
   1.8793610e+06   7.0617676e+01
   1.8795480e+06   5.8044434e+01
   1.8797050e+06   5.9997559e+01
   1.8802110e+06   4.4677734e+01
   1.8807580e+06   6.0791016e+01
   1.8808440e+06   6.8542480e+01
   1.8811680e+06   6.8115234e+01
   1.8816420e+06   5.7312012e+01
   1.8821610e+06   5.8288574e+01
   1.8823940e+06   5.6396484e+01
   1.8826200e+06   6.3415527e+01
   1.8827930e+06   5.6396484e+01
   1.8830890e+06   5.4992676e+01
   1.8834860e+06   6.0974121e+01
   1.8840810e+06   6.7504883e+01
   1.8842690e+06   5.8898926e+01
   1.8848430e+06   7.0434570e+01
   1.8849650e+06   6.1401367e+01
   1.8849970e+06   5.0842285e+01
   1.8850320e+06   4.5959473e+01
   1.8850490e+06   2.2827148e+01
   1.8850760e+06   3.7353516e+01
   1.8851020e+06   4.2480469e+01
   1.8851170e+06   3.3691406e+01
   1.8851420e+06   3.2897949e+01
   1.8851560e+06   3.2104492e+01
   1.8851840e+06   2.2949219e+01
   1.8852080e+06   4.1076660e+01
   1.8852470e+06   2.4597168e+01
   1.8852730e+06   2.1057129e+01
   1.8853050e+06   2.1667480e+01
   1.8853280e+06   3.0212402e+01
   1.8853470e+06   2.4902344e+01
   1.8854000e+06   2.8991699e+01
   1.8854410e+06   3.1494141e+01
   1.8854930e+06   2.4230957e+01
   1.8855360e+06   4.2602539e+01
   1.8855840e+06   3.2714844e+01
   1.8856410e+06   4.0222168e+01
   1.8856790e+06   4.0527344e+01
   1.8857400e+06   4.5532227e+01
   1.8857690e+06   3.7597656e+01
   1.8858320e+06   5.0903320e+01
   1.8859590e+06   5.1025391e+01
   1.8860500e+06   4.8767090e+01
   1.8896220e+06   7.1472168e+01
   1.8899410e+06   6.3171387e+01
   1.8910810e+06   5.4626465e+01
   1.8914470e+06   5.8471680e+01
   1.8917800e+06   6.0424805e+01
   1.8921900e+06   6.0974121e+01
   1.8933750e+06   6.7077637e+01
   1.8936180e+06   5.8166504e+01
   1.8939240e+06   5.9204102e+01
   1.8945670e+06   5.3955078e+01
   1.8950490e+06   6.1828613e+01
   1.8954030e+06   5.5664062e+01
   1.8955650e+06   6.7932129e+01
   1.8957990e+06   6.2011719e+01
   1.8961410e+06   6.2805176e+01
   1.8966070e+06   5.7067871e+01
   1.8968890e+06   6.1950684e+01
   1.8970650e+06   5.4199219e+01
   1.8972270e+06   6.6223145e+01
   1.8974270e+06   5.8166504e+01
   1.8978900e+06   6.2255859e+01
   1.8981160e+06   6.3720703e+01
   1.8985450e+06   7.2875977e+01
   1.8988610e+06   6.2438965e+01
   1.8990210e+06   5.8166504e+01
   1.8991290e+06   6.7077637e+01
   1.8999340e+06   6.4941406e+01
   1.9002150e+06   5.7373047e+01
   1.9004850e+06   6.7443848e+01
   1.9006630e+06   6.4453125e+01
   1.9010840e+06   5.3466797e+01
   1.9011250e+06   4.7668457e+01
   1.9011570e+06   4.3212891e+01
   1.9011840e+06   3.2714844e+01
   1.9012100e+06   4.5471191e+01
   1.9012380e+06   1.9531250e+01
   1.9012620e+06   3.0761719e+01
   1.9012750e+06   2.0263672e+01
   1.9013140e+06   3.1860352e+01
   1.9013620e+06   3.4362793e+01
   1.9014040e+06   2.5085449e+01
   1.9014540e+06   2.6184082e+01
   1.9014890e+06   3.0334473e+01
   1.9015250e+06   2.1362305e+01
   1.9015370e+06   1.9531250e+01
   1.9015710e+06   3.0639648e+01
   1.9016010e+06   2.8381348e+01
   1.9016550e+06   6.2377930e+01
   1.9016830e+06   3.2165527e+01
   1.9017380e+06   3.9123535e+01
   1.9017930e+06   2.3742676e+01
   1.9018610e+06   3.2226562e+01
   1.9018960e+06   3.8879395e+01
   1.9019630e+06   4.8522949e+01
   1.9020350e+06   5.9265137e+01
   1.9020840e+06   3.7109375e+01
   1.9022230e+06   5.4626465e+01
   1.9024150e+06   6.5856934e+01
   1.9042260e+06   7.1166992e+01
   1.9060520e+06   5.8837891e+01
   1.9066710e+06   6.8237305e+01
   1.9082310e+06   6.2805176e+01
   1.9085260e+06   6.1584473e+01
   1.9091530e+06   7.3913574e+01
   1.9095410e+06   6.5795898e+01
   1.9099130e+06   5.7312012e+01
   1.9100910e+06   5.9753418e+01
   1.9103490e+06   6.5795898e+01
   1.9105650e+06   6.5551758e+01
   1.9109500e+06   6.6040039e+01
   1.9116190e+06   6.0607910e+01
   1.9117910e+06   5.6823730e+01
   1.9121030e+06   5.8410645e+01
   1.9130410e+06   6.2316895e+01
   1.9132920e+06   5.5053711e+01
   1.9134850e+06   5.8349609e+01
   1.9137350e+06   5.9692383e+01
   1.9138330e+06   1.9226074e+01
   1.9139080e+06   6.6223145e+01
   1.9139530e+06   5.0292969e+01
   1.9139740e+06   4.0039062e+01
   1.9140020e+06   3.6437988e+01
   1.9140240e+06   2.1484375e+01
   1.9140390e+06   3.9001465e+01
   1.9140520e+06   2.7465820e+01
   1.9140710e+06   2.3193359e+01
   1.9140960e+06   2.9663086e+01
   1.9141080e+06   1.8981934e+01
   1.9141330e+06   2.2827148e+01
   1.9142060e+06   2.6855469e+01
   1.9142240e+06   2.3376465e+01
   1.9142530e+06   2.1362305e+01
   1.9142700e+06   2.4658203e+01
   1.9143130e+06   2.0507812e+01
   1.9143250e+06   2.5634766e+01
   1.9143680e+06   4.2724609e+01
   1.9144200e+06   4.4738770e+01
   1.9144630e+06   3.8696289e+01
   1.9144880e+06   2.9052734e+01
   1.9145600e+06   3.8330078e+01
   1.9146460e+06   4.9499512e+01
   1.9147270e+06   4.7302246e+01
   1.9165660e+06   5.4016113e+01
   1.9170280e+06   6.6894531e+01
   1.9174170e+06   6.1584473e+01
   1.9183360e+06   6.6345215e+01
   1.9189890e+06   6.2744141e+01
   1.9198740e+06   6.1950684e+01
   1.9205410e+06   6.2316895e+01
   1.9207670e+06   5.7983398e+01
   1.9215420e+06   6.2255859e+01
   1.9216880e+06   6.1706543e+01
   1.9223710e+06   5.9570312e+01
   1.9225650e+06   5.6091309e+01
   1.9227840e+06   5.9631348e+01
   1.9235530e+06   5.9265137e+01
   1.9239190e+06   2.5756836e+01
   1.9241010e+06   6.0485840e+01
   1.9242810e+06   6.3537598e+01
   1.9244770e+06   6.4392090e+01
   1.9248150e+06   5.9326172e+01
   1.9255060e+06   5.6945801e+01
   1.9257620e+06   5.7922363e+01
   1.9262520e+06   6.0791016e+01
   1.9266200e+06   5.7739258e+01
   1.9268150e+06   5.2429199e+01
   1.9269120e+06   5.5175781e+01
   1.9269590e+06   5.7983398e+01
   1.9269880e+06   4.2907715e+01
   1.9270150e+06   3.4362793e+01
   1.9270360e+06   3.0334473e+01
   1.9270550e+06   2.7587891e+01
   1.9270760e+06   2.3254395e+01
   1.9271020e+06   2.9602051e+01
   1.9271270e+06   2.1484375e+01
   1.9271530e+06   2.5878906e+01
   1.9271770e+06   2.1301270e+01
   1.9272310e+06   2.8137207e+01
   1.9272630e+06   3.3081055e+01
   1.9273000e+06   2.1545410e+01
   1.9273430e+06   2.4902344e+01
   1.9273780e+06   2.8442383e+01
   1.9274190e+06   3.0517578e+01
   1.9274620e+06   4.4921875e+01
   1.9275110e+06   3.3264160e+01
   1.9275820e+06   4.2541504e+01
   1.9276470e+06   3.5827637e+01
   1.9276610e+06   2.0263672e+01
   1.9276850e+06   3.6315918e+01
   1.9277510e+06   4.0161133e+01
   1.9277870e+06   3.4301758e+01
   1.9278270e+06   4.4189453e+01
   1.9279080e+06   5.3649902e+01
   1.9280010e+06   4.8645020e+01
   1.9281250e+06   5.5114746e+01
   1.9294000e+06   6.2866211e+01
   1.9307140e+06   5.2551270e+01
   1.9313460e+06   5.7983398e+01
   1.9323050e+06   6.4025879e+01
   1.9330000e+06   6.5673828e+01
   1.9333010e+06   5.9082031e+01
   1.9342430e+06   5.4077148e+01
   1.9345430e+06   6.8725586e+01
   1.9354940e+06   6.2316895e+01
   1.9358230e+06   6.4758301e+01
   1.9362130e+06   6.3903809e+01
   1.9369890e+06   6.3537598e+01
   1.9371640e+06   6.0485840e+01
   1.9375850e+06   5.7373047e+01
   1.9379670e+06   6.2988281e+01
   1.9381910e+06   6.1401367e+01
   1.9386770e+06   5.7312012e+01
   1.9389600e+06   6.3049316e+01
   1.9393040e+06   5.5969238e+01
   1.9396070e+06   6.1706543e+01
   1.9397910e+06   6.2194824e+01
   1.9400210e+06   5.6762695e+01
   1.9404000e+06   5.1513672e+01
   1.9406000e+06   6.1157227e+01
   1.9414890e+06   5.7617188e+01
   1.9425150e+06   5.9936523e+01
   1.9427030e+06   6.1828613e+01
   1.9429340e+06   6.5002441e+01
   1.9433880e+06   5.5175781e+01
   1.9436690e+06   5.8227539e+01
   1.9438250e+06   6.3293457e+01
   1.9441480e+06   5.4504395e+01
   1.9445910e+06   6.4025879e+01
   1.9453530e+06   5.5236816e+01
   1.9454870e+06   6.8237305e+01
   1.9455270e+06   6.2500000e+01
   1.9455540e+06   3.7231445e+01
   1.9455810e+06   3.1311035e+01
   1.9455910e+06   2.7832031e+01
   1.9456140e+06   3.7780762e+01
   1.9456400e+06   3.3264160e+01
   1.9456740e+06   2.4841309e+01
   1.9457030e+06   2.3376465e+01
   1.9457470e+06   2.5756836e+01
   1.9457840e+06   2.2094727e+01
   1.9458020e+06   2.0507812e+01
   1.9458930e+06   2.8381348e+01
   1.9459100e+06   2.6123047e+01
   1.9459580e+06   2.2949219e+01
   1.9459980e+06   2.5451660e+01
   1.9460400e+06   3.6071777e+01
   1.9460750e+06   3.3569336e+01
   1.9461130e+06   2.1240234e+01
   1.9461320e+06   3.1982422e+01
   1.9461620e+06   3.5583496e+01
   1.9461970e+06   2.7770996e+01
   1.9462310e+06   3.5705566e+01
   1.9462930e+06   3.9367676e+01
   1.9463270e+06   2.0874023e+01
   1.9463900e+06   3.7536621e+01
   1.9464380e+06   3.4790039e+01
   1.9464870e+06   3.7353516e+01
   1.9465250e+06   3.6254883e+01
   1.9465950e+06   4.7363281e+01
   1.9467040e+06   4.6447754e+01
   1.9468250e+06   5.8349609e+01
   1.9487570e+06   5.5236816e+01
   1.9492020e+06   6.5307617e+01
   1.9504210e+06   6.1523437e+01
   1.9508740e+06   5.9936523e+01
   1.9511990e+06   6.1157227e+01
   1.9517530e+06   6.7138672e+01
   1.9521530e+06   6.5429688e+01
   1.9531820e+06   5.9936523e+01
   1.9537800e+06   6.0424805e+01
   1.9541090e+06   7.0983887e+01
   1.9545900e+06   5.8410645e+01
   1.9549330e+06   6.1218262e+01
   1.9552460e+06   5.4870605e+01
   1.9554780e+06   5.8715820e+01
   1.9562710e+06   5.6274414e+01
   1.9564790e+06   6.1523438e+01
   1.9571750e+06   5.8044434e+01
   1.9573240e+06   6.4147949e+01
   1.9576060e+06   5.8349609e+01
   1.9581710e+06   5.5786133e+01
   1.9584670e+06   5.3527832e+01
   1.9590820e+06   5.8471680e+01
   1.9595030e+06   7.0373535e+01
   1.9599930e+06   6.1645508e+01
   1.9606610e+06   4.9255371e+01
   1.9610460e+06   6.0180664e+01
   1.9614030e+06   6.3171387e+01
   1.9616130e+06   6.3598633e+01
   1.9619650e+06   6.2194824e+01
   1.9620680e+06   6.1889648e+01
   1.9621180e+06   7.1533203e+01
   1.9621550e+06   5.4321289e+01
   1.9621790e+06   4.3457031e+01
   1.9622090e+06   2.2888184e+01
   1.9622220e+06   2.9479980e+01
   1.9622460e+06   2.2399902e+01
   1.9622730e+06   2.8320312e+01
   1.9622840e+06   2.8930664e+01
   1.9623160e+06   3.0456543e+01
   1.9623400e+06   2.5085449e+01
   1.9623650e+06   2.7038574e+01
   1.9624050e+06   1.9592285e+01
   1.9624290e+06   1.9104004e+01
   1.9624720e+06   1.8981934e+01
   1.9625130e+06   2.7282715e+01
   1.9625500e+06   2.4841309e+01
   1.9625650e+06   2.5024414e+01
   1.9625870e+06   1.9653320e+01
   1.9626130e+06   2.1911621e+01
   1.9626480e+06   3.1066895e+01
   1.9626620e+06   3.7780762e+01
   1.9627010e+06   2.6855469e+01
   1.9627500e+06   2.4414062e+01
   1.9627810e+06   2.8198242e+01
   1.9628200e+06   3.2226563e+01
   1.9628390e+06   2.3620605e+01
   1.9628560e+06   3.0517578e+01
   1.9629080e+06   3.3813477e+01
   1.9629560e+06   3.9428711e+01
   1.9629850e+06   3.4667969e+01
   1.9630470e+06   4.3029785e+01
   1.9630930e+06   3.8330078e+01
   1.9632220e+06   5.0292969e+01
   1.9634430e+06   5.4504395e+01
   1.9636430e+06   5.6884766e+01
   1.9637980e+06   6.4636230e+01
   1.9648580e+06   6.7749023e+01
   1.9657770e+06   5.7495117e+01
   1.9669420e+06   6.1157227e+01
   1.9682010e+06   5.4077148e+01
   1.9688690e+06   5.8715820e+01
   1.9696430e+06   5.9570312e+01
   1.9704650e+06   6.5063477e+01
   1.9706960e+06   5.1452637e+01
   1.9709650e+06   6.3598633e+01
   1.9715460e+06   6.3232422e+01
   1.9719030e+06   5.9204102e+01
   1.9724260e+06   5.9082031e+01
   1.9728180e+06   6.1157227e+01
   1.9731930e+06   5.2062988e+01
   1.9736260e+06   5.8532715e+01
   1.9738550e+06   5.5908203e+01
   1.9741690e+06   6.3842773e+01
   1.9748440e+06   5.9570312e+01
   1.9750590e+06   6.4575195e+01
   1.9755560e+06   5.3466797e+01
   1.9758810e+06   5.7067871e+01
   1.9764740e+06   6.6040039e+01
   1.9769700e+06   5.6091309e+01
   1.9773780e+06   5.9204102e+01
   1.9777300e+06   5.9204102e+01
   1.9781540e+06   5.8349609e+01
   1.9786700e+06   6.3842773e+01
   1.9790990e+06   5.4992676e+01
   1.9795890e+06   6.2500000e+01
   1.9798570e+06   5.5419922e+01
   1.9801020e+06   5.8898926e+01
   1.9804870e+06   5.3955078e+01
   1.9807500e+06   5.1757812e+01
   1.9811250e+06   5.1330566e+01
   1.9813320e+06   5.3039551e+01
   1.9826250e+06   6.1401367e+01
   1.9828680e+06   5.0231934e+01
   1.9831160e+06   2.9113770e+01
   1.9832350e+06   5.9387207e+01
   1.9832770e+06   5.7617188e+01
   1.9833150e+06   5.5664062e+01
   1.9833400e+06   4.5471191e+01
   1.9833580e+06   2.3620605e+01
   1.9833800e+06   2.6672363e+01
   1.9834230e+06   2.6916504e+01
   1.9834470e+06   2.5390625e+01
   1.9834950e+06   2.5268555e+01
   1.9835480e+06   2.6184082e+01
   1.9835720e+06   2.1301270e+01
   1.9836360e+06   2.7343750e+01
   1.9836520e+06   2.9846191e+01
   1.9837100e+06   2.0385742e+01
   1.9837630e+06   2.6916504e+01
   1.9837960e+06   3.0029297e+01
   1.9838620e+06   2.0751953e+01
   1.9838840e+06   1.9775391e+01
   1.9839100e+06   3.4057617e+01
   1.9839250e+06   1.9348145e+01
   1.9839600e+06   2.8503418e+01
   1.9839900e+06   1.9226074e+01
   1.9840010e+06   2.8381348e+01
   1.9840290e+06   2.8137207e+01
   1.9840740e+06   1.9958496e+01
   1.9840910e+06   3.0944824e+01
   1.9841380e+06   2.8625488e+01
   1.9841770e+06   3.6315918e+01
   1.9842430e+06   3.5766602e+01
   1.9842890e+06   2.1484375e+01
   1.9843490e+06   4.2785645e+01
   1.9843950e+06   4.5532227e+01
   1.9844620e+06   4.9011230e+01
   1.9845920e+06   5.0842285e+01
   1.9847360e+06   4.8645020e+01
   1.9848770e+06   5.3344727e+01
   1.9850790e+06   4.7180176e+01
   1.9879290e+06   5.2673340e+01
   1.9885190e+06   6.7993164e+01
   1.9904270e+06   6.1950684e+01
   1.9909830e+06   6.3659668e+01
   1.9912240e+06   5.7250977e+01
   1.9921350e+06   5.7922363e+01
   1.9927540e+06   7.1533203e+01
   1.9932600e+06   6.3354492e+01
   1.9935750e+06   6.1828613e+01
   1.9940500e+06   5.6274414e+01
   1.9943880e+06   6.0974121e+01
   1.9950330e+06   5.4321289e+01
   1.9953010e+06   6.5795898e+01
   1.9959700e+06   5.8288574e+01
   1.9962220e+06   5.6457520e+01
   1.9965140e+06   5.4931641e+01
   1.9968930e+06   5.5725098e+01
   1.9977220e+06   6.4147949e+01
   1.9982360e+06   5.9631348e+01
   1.9986500e+06   5.5236816e+01
   1.9990240e+06   5.4382324e+01
   1.9998400e+06   6.1889648e+01
   2.0006810e+06   6.4636230e+01
   2.0009590e+06   6.1096191e+01
   2.0013170e+06   5.0964355e+01
   2.0020570e+06   6.8176270e+01
   2.0023130e+06   5.4809570e+01
   2.0027650e+06   7.3120117e+01
   2.0030990e+06   5.6762695e+01
   2.0033290e+06   5.6274414e+01
   2.0038690e+06   6.8664551e+01
   2.0044870e+06   5.9082031e+01
   2.0056040e+06   6.1096191e+01
   2.0058090e+06   5.6274414e+01
   2.0064960e+06   6.4392090e+01
   2.0069030e+06   6.7504883e+01
   2.0078300e+06   6.7993164e+01
   2.0081370e+06   5.6701660e+01
   2.0083000e+06   5.4260254e+01
   2.0093170e+06   5.7067871e+01
   2.0100310e+06   5.7495117e+01
   2.0103530e+06   6.2011719e+01
   2.0104950e+06   5.9265137e+01
   2.0109610e+06   6.8847656e+01
   2.0113540e+06   5.9936523e+01
   2.0117500e+06   6.1706543e+01
   2.0119680e+06   6.2500000e+01
   2.0128990e+06   6.6101074e+01
   2.0139140e+06   6.3354492e+01
   2.0141530e+06   4.8339844e+01
   2.0148060e+06   6.2255859e+01
   2.0151660e+06   6.5734863e+01
   2.0157950e+06   5.3833008e+01
   2.0165890e+06   6.3781738e+01
   2.0168340e+06   5.6518555e+01
   2.0175560e+06   5.7678223e+01
   2.0184020e+06   5.9631348e+01
   2.0187530e+06   6.7016602e+01
   2.0194590e+06   5.6152344e+01
   2.0196530e+06   1.9836426e+01
   2.0206720e+06   6.0058594e+01
   2.0210280e+06   6.2622070e+01
   2.0225300e+06   6.6589355e+01
   2.0230450e+06   5.5297852e+01
   2.0233440e+06   6.3842773e+01
   2.0248050e+06   6.1523438e+01
   2.0249940e+06   5.8898926e+01
   2.0253410e+06   7.0739746e+01
   2.0257430e+06   6.1096191e+01
   2.0262410e+06   7.3303223e+01
   2.0277940e+06   6.6101074e+01
   2.0287500e+06   5.9875488e+01
   2.0294250e+06   6.1340332e+01
   2.0308950e+06   5.7556152e+01
   2.0318640e+06   6.3537598e+01
   2.0321650e+06   6.4147949e+01
   2.0328290e+06   6.1279297e+01
   2.0334640e+06   6.0424805e+01
   2.0345390e+06   6.7749023e+01
   2.0349620e+06   6.0913086e+01
   2.0362060e+06   5.4931641e+01
   2.0370220e+06   5.4504395e+01
   2.0373900e+06   6.4758301e+01
   2.0385270e+06   5.8715820e+01
   2.0402380e+06   6.5856934e+01
   2.0411420e+06   6.0424805e+01
   2.0417150e+06   5.8044434e+01
   2.0443340e+06   6.5551758e+01
   2.0447880e+06   5.9143066e+01
   2.0456580e+06   5.7006836e+01
   2.0469400e+06   6.3415527e+01
   2.0482940e+06   6.0058594e+01
   2.0494930e+06   5.4992676e+01
   2.0507540e+06   5.4565430e+01
   2.0525930e+06   5.9509277e+01
   2.0539960e+06   5.7128906e+01
   2.0557370e+06   6.4392090e+01
   2.0566550e+06   6.4758301e+01
   2.0584950e+06   4.7363281e+01
   2.0607210e+06   5.7495117e+01
   2.0634970e+06   6.3049316e+01
   2.0652300e+06   7.2631836e+01
   2.0674430e+06   6.5185547e+01
   2.0687140e+06   6.2316895e+01
   2.0702960e+06   6.5979004e+01
   2.0724900e+06   6.7199707e+01
   2.0748950e+06   6.4636230e+01
   2.0804420e+06   5.9204102e+01
   2.0848640e+06   5.7739258e+01
   2.0863050e+06   6.5734863e+01
   2.1005150e+06   6.5002441e+01
   2.1076700e+06   7.1411133e+01
   2.2946220e+06   6.7443848e+01
   2.3476760e+06   2.8930664e+01
   2.3478290e+06   2.1057129e+01
   2.3499180e+06   2.5512695e+01
   2.3963360e+06   7.4645996e+01
   2.4074310e+06   5.9570312e+01
   2.4102970e+06   7.3242188e+01
   2.4122780e+06   6.8481445e+01
   2.4157860e+06   6.5917969e+01
   2.4174010e+06   7.0922852e+01
   2.4211590e+06   6.7260742e+01
   2.4242410e+06   6.4697266e+01
   2.4272960e+06   6.7504883e+01
   2.4290390e+06   6.7626953e+01
   2.4309650e+06   7.7148438e+01
   2.4328430e+06   6.2072754e+01
   2.4351880e+06   5.8776855e+01
   2.4375940e+06   7.1472168e+01
   2.4394430e+06   5.9875488e+01
   2.4405380e+06   6.1035156e+01
   2.4420030e+06   8.2031250e+01
   2.4433480e+06   7.0800781e+01
   2.4443530e+06   6.3537598e+01
   2.4455350e+06   7.4218750e+01
   2.4470330e+06   7.6416016e+01
   2.4485310e+06   6.7932129e+01
   2.4495930e+06   7.0800781e+01
   2.4513770e+06   6.3964844e+01
   2.4524120e+06   6.5307617e+01
   2.4534380e+06   7.1472168e+01
   2.4545740e+06   6.2866211e+01
   2.4556450e+06   7.0739746e+01
   2.4571340e+06   6.6955566e+01
   2.4584230e+06   7.3791504e+01
   2.4599510e+06   7.0190430e+01
   2.4610730e+06   6.0424805e+01
   2.4620430e+06   6.5307617e+01
   2.4630210e+06   5.9631348e+01
   2.4642020e+06   7.3974609e+01
   2.4650120e+06   6.6528320e+01
   2.4662910e+06   6.8847656e+01
   2.4670870e+06   7.4401855e+01
   2.4680390e+06   7.2204590e+01
   2.4689380e+06   6.7871094e+01
   2.4699480e+06   7.1350098e+01
   2.4709210e+06   7.0007324e+01
   2.4726610e+06   6.7810059e+01
   2.4738600e+06   7.6293945e+01
   2.4748800e+06   7.0312500e+01
   2.4758410e+06   6.7443848e+01
   2.4767260e+06   7.5256348e+01
   2.4775480e+06   7.1350098e+01
   2.4788750e+06   7.4340820e+01
   2.4795760e+06   6.1828613e+01
   2.4804630e+06   6.1401367e+01
   2.4812310e+06   6.9030762e+01
   2.4825710e+06   7.3852539e+01
   2.4838830e+06   7.2631836e+01
   2.4850430e+06   6.2438965e+01
   2.4858960e+06   7.1166992e+01
   2.4868180e+06   7.7819824e+01
   2.4877130e+06   7.2326660e+01
   2.4885560e+06   7.3425293e+01
   2.4897010e+06   7.3669434e+01
   2.4906400e+06   6.8725586e+01
   2.4916590e+06   6.9274902e+01
   2.4925440e+06   6.9763184e+01
   2.4938720e+06   6.2866211e+01
   2.4948900e+06   6.0180664e+01
   2.4956870e+06   7.0434570e+01
   2.4967070e+06   6.6101074e+01
   2.4975870e+06   7.8552246e+01
   2.4982370e+06   5.7983398e+01
   2.4991430e+06   6.7077637e+01
   2.5000410e+06   6.7626953e+01
   2.5011720e+06   6.3659668e+01
   2.5026270e+06   6.8298340e+01
   2.5034410e+06   6.2316895e+01
   2.5045080e+06   6.3232422e+01
   2.5052480e+06   7.2448730e+01
   2.5060910e+06   6.8481445e+01
   2.5068750e+06   7.6721191e+01
   2.5076970e+06   7.0617676e+01
   2.5084900e+06   6.6467285e+01
   2.5094420e+06   6.5856934e+01
   2.5101980e+06   5.7861328e+01
   2.5109670e+06   6.7810059e+01
   2.5117880e+06   7.0861816e+01
   2.5126870e+06   6.2011719e+01
   2.5135260e+06   7.0800781e+01
   2.5145650e+06   6.4819336e+01
   2.5153190e+06   7.1411133e+01
   2.5164850e+06   5.5725098e+01
   2.5171450e+06   5.9875488e+01
   2.5178830e+06   7.0922852e+01
   2.5185740e+06   6.5307617e+01
   2.5194040e+06   6.7443848e+01
   2.5200650e+06   6.3842773e+01
   2.5209260e+06   6.9458008e+01
   2.5218280e+06   5.6213379e+01
   2.5225860e+06   7.4768066e+01
   2.5233750e+06   7.3608398e+01
   2.5240930e+06   5.4504395e+01
   2.5249730e+06   6.3659668e+01
   2.5257140e+06   7.6110840e+01
   2.5264410e+06   5.9082031e+01
   2.5272730e+06   7.0373535e+01
   2.5280080e+06   7.1411133e+01
   2.5288490e+06   7.3669434e+01
   2.5297150e+06   6.0363770e+01
   2.5304310e+06   6.0668945e+01
   2.5311070e+06   5.9997559e+01
   2.5317560e+06   7.4584961e+01
   2.5326800e+06   6.4758301e+01
   2.5335630e+06   6.3232422e+01
   2.5342750e+06   6.7810059e+01
   2.5349900e+06   7.5500488e+01
   2.5358620e+06   6.6406250e+01
   2.5365740e+06   6.1950684e+01
   2.5372680e+06   6.6284180e+01
   2.5380350e+06   7.2448730e+01
   2.5386610e+06   6.6772461e+01
   2.5394030e+06   6.1462402e+01
   2.5403180e+06   6.8420410e+01
   2.5409750e+06   6.5002441e+01
   2.5417210e+06   7.1166992e+01
   2.5425420e+06   7.0800781e+01
   2.5434920e+06   6.7138672e+01
   2.5443930e+06   6.7077637e+01
   2.5451010e+06   6.6284180e+01
   2.5458470e+06   6.9274902e+01
   2.5465620e+06   7.2570801e+01
   2.5473180e+06   6.5124512e+01
   2.5481700e+06   6.2133789e+01
   2.5490600e+06   6.4941406e+01
   2.5495840e+06   6.1279297e+01
   2.5503580e+06   6.0302734e+01
   2.5512220e+06   7.3608398e+01
   2.5519460e+06   6.8969727e+01
   2.5526920e+06   6.7565918e+01
   2.5539470e+06   6.7077637e+01
   2.5546160e+06   7.5561523e+01
   2.5553850e+06   7.3608398e+01
   2.5561260e+06   6.5795898e+01
   2.5568170e+06   6.9091797e+01
   2.5575150e+06   7.5134277e+01
   2.5581910e+06   6.8847656e+01
   2.5590200e+06   7.5012207e+01
   2.5596550e+06   7.5012207e+01
   2.5604450e+06   6.3903809e+01
   2.5613590e+06   6.8481445e+01
   2.5619750e+06   6.7626953e+01
   2.5628480e+06   7.7087402e+01
   2.5635040e+06   6.0974121e+01
   2.5643220e+06   6.5612793e+01
   2.5651100e+06   5.6396484e+01
   2.5658200e+06   7.1166992e+01
   2.5666670e+06   6.0363770e+01
   2.5673710e+06   7.5805664e+01
   2.5680750e+06   6.8481445e+01
   2.5687690e+06   7.0617676e+01
   2.5694390e+06   7.4340820e+01
   2.5700640e+06   7.4279785e+01
   2.5708200e+06   6.5490723e+01
   2.5714340e+06   6.1767578e+01
   2.5720870e+06   6.4636230e+01
   2.5727450e+06   6.9458008e+01
   2.5735830e+06   7.6477051e+01
   2.5743290e+06   6.4270020e+01
   2.5750340e+06   6.5185547e+01
   2.5757240e+06   7.0800781e+01
   2.5766560e+06   6.1218262e+01
   2.5775740e+06   7.5561523e+01
   2.5784830e+06   7.3181152e+01
   2.5790030e+06   6.9030762e+01
   2.5796750e+06   6.1828613e+01
   2.5802960e+06   6.7321777e+01
   2.5809880e+06   6.6406250e+01
   2.5817590e+06   5.8959961e+01
   2.5825980e+06   6.5551758e+01
   2.5833010e+06   7.1777344e+01
   2.5841540e+06   7.4279785e+01
   2.5849230e+06   5.3771973e+01
   2.5855620e+06   7.4279785e+01
   2.5862660e+06   5.7800293e+01
   2.5869020e+06   6.4514160e+01
   2.5875850e+06   6.6345215e+01
   2.5882380e+06   5.9204102e+01
   2.5889780e+06   7.4340820e+01
   2.5897610e+06   6.4819336e+01
   2.5906660e+06   7.5683594e+01
   2.5913310e+06   6.8237305e+01
   2.5919940e+06   7.3547363e+01
   2.5927830e+06   6.5917969e+01
   2.5934470e+06   7.1533203e+01
   2.5940720e+06   6.1340332e+01
   2.5948140e+06   6.4758301e+01
   2.5959440e+06   6.6528320e+01
   2.5965570e+06   6.6528320e+01
   2.5973180e+06   5.7800293e+01
   2.5980580e+06   6.4575195e+01
   2.5989380e+06   6.6528320e+01
   2.5996670e+06   7.4035645e+01
   2.6002640e+06   7.0800781e+01
   2.6009990e+06   6.7565918e+01
   2.6017210e+06   6.7260742e+01
   2.6022540e+06   6.5979004e+01
   2.6028910e+06   6.6894531e+01
   2.6034820e+06   7.2692871e+01
   2.6041560e+06   6.4270020e+01
   2.6049020e+06   6.7749023e+01
   2.6057180e+06   6.9885254e+01
   2.6062990e+06   6.0729980e+01
   2.6069810e+06   7.2998047e+01
   2.6076790e+06   6.5673828e+01
   2.6082780e+06   7.5500488e+01
   2.6089030e+06   6.5979004e+01
   2.6095800e+06   7.2021484e+01
   2.6102080e+06   6.2622070e+01
   2.6110500e+06   7.3181152e+01
   2.6118070e+06   6.5490723e+01
   2.6124820e+06   6.0302734e+01
   2.6132170e+06   6.1218262e+01
   2.6139310e+06   6.8847656e+01
   2.6145030e+06   7.7575684e+01
   2.6151220e+06   5.7312012e+01
   2.6157770e+06   5.8288574e+01
   2.6165100e+06   6.1401367e+01
   2.6174280e+06   6.0913086e+01
   2.6180360e+06   6.1279297e+01
   2.6186470e+06   5.7556152e+01
   2.6194110e+06   6.8603516e+01
   2.6200460e+06   7.1105957e+01
   2.6207930e+06   5.6945801e+01
   2.6214430e+06   7.3120117e+01
   2.6225520e+06   7.4951172e+01
   2.6232680e+06   6.9274902e+01
   2.6239990e+06   6.7565918e+01
   2.6246630e+06   6.4819336e+01
   2.6253160e+06   6.7504883e+01
   2.6260100e+06   6.8237305e+01
   2.6267450e+06   6.4208984e+01
   2.6273490e+06   7.6904297e+01
   2.6280730e+06   5.9814453e+01
   2.6287660e+06   6.0852051e+01
   2.6294740e+06   6.7138672e+01
   2.6301430e+06   7.0617676e+01
   2.6308950e+06   7.1228027e+01
   2.6316340e+06   6.1950684e+01
   2.6323110e+06   6.3659668e+01
   2.6330070e+06   6.7443848e+01
   2.6335900e+06   5.9265137e+01
   2.6342070e+06   7.5439453e+01
   2.6348530e+06   6.9519043e+01
   2.6354460e+06   7.1411133e+01
   2.6362620e+06   6.8420410e+01
   2.6370190e+06   2.9907227e+01
   2.6376050e+06   6.2438965e+01
   2.6382610e+06   6.4941406e+01
   2.6388770e+06   6.6345215e+01
   2.6396070e+06   7.2570801e+01
   2.6405180e+06   6.4392090e+01
   2.6413260e+06   6.9702148e+01
   2.6420420e+06   7.5195312e+01
   2.6426890e+06   7.1105957e+01
   2.6434620e+06   6.8176270e+01
   2.6441270e+06   6.7749023e+01
   2.6448570e+06   5.7189941e+01
   2.6454000e+06   6.7565918e+01
   2.6460420e+06   6.4819336e+01
   2.6466720e+06   6.8054199e+01
   2.6473090e+06   7.7758789e+01
   2.6479300e+06   6.2561035e+01
   2.6487350e+06   6.7932129e+01
   2.6494160e+06   6.8664551e+01
   2.6500900e+06   7.4829102e+01
   2.6508000e+06   6.9580078e+01
   2.6515680e+06   7.2631836e+01
   2.6522090e+06   6.8054199e+01
   2.6528750e+06   6.6223145e+01
   2.6535020e+06   7.0739746e+01
   2.6543450e+06   6.8298340e+01
   2.6549590e+06   6.5429688e+01
   2.6556660e+06   7.2753906e+01
   2.6563360e+06   6.1340332e+01
   2.6571870e+06   6.8054199e+01
   2.6578250e+06   6.1889648e+01
   2.6585220e+06   6.4392090e+01
   2.6591110e+06   7.3730469e+01
   2.6596840e+06   6.6894531e+01
   2.6603020e+06   7.6110840e+01
   2.6610240e+06   7.0495605e+01
   2.6616360e+06   6.5856934e+01
   2.6622290e+06   7.0800781e+01
   2.6629470e+06   6.7260742e+01
   2.6640750e+06   5.8349609e+01
   2.6647490e+06   6.6162109e+01
   2.6654000e+06   6.0424805e+01
   2.6660410e+06   6.3964844e+01
   2.6666610e+06   6.6223145e+01
   2.6673300e+06   7.2998047e+01
   2.6679980e+06   6.5490723e+01
   2.6687290e+06   7.5439453e+01
   2.6694500e+06   5.9082031e+01
   2.6700810e+06   7.0739746e+01
   2.6707660e+06   6.6528320e+01
   2.6715400e+06   7.4035645e+01
   2.6721630e+06   5.4687500e+01
   2.6728170e+06   7.1289062e+01
   2.6736180e+06   6.4270020e+01
   2.6742250e+06   5.2795410e+01
   2.6748670e+06   7.1289062e+01
   2.6755490e+06   6.6711426e+01
   2.6761910e+06   5.8105469e+01
   2.6769300e+06   6.2744141e+01
   2.6776680e+06   7.3913574e+01
   2.6783700e+06   6.7382813e+01
   2.6789690e+06   7.0007324e+01
   2.6795930e+06   5.8410645e+01
   2.6802050e+06   6.9885254e+01
   2.6813150e+06   6.3415527e+01
   2.6818720e+06   6.0852051e+01
   2.6826210e+06   6.7443848e+01
   2.6833280e+06   5.3466797e+01
   2.6839130e+06   7.4218750e+01
   2.6846520e+06   7.1350098e+01
   2.6853840e+06   6.0852051e+01
   2.6861860e+06   6.0180664e+01
   2.6868220e+06   6.7260742e+01
   2.6874020e+06   6.5795898e+01
   2.6882020e+06   6.7565918e+01
   2.6888550e+06   6.7077637e+01
   2.6895470e+06   7.2692871e+01
   2.6902330e+06   6.6772461e+01
   2.6911290e+06   7.4523926e+01
   2.6917650e+06   6.5917969e+01
   2.6924050e+06   5.6091309e+01
   2.6931240e+06   6.9946289e+01
   2.6937200e+06   6.6101074e+01
   2.6943920e+06   6.6467285e+01
   2.6951030e+06   6.3476563e+01
   2.6957590e+06   6.7382812e+01
   2.6964180e+06   6.8725586e+01
   2.6971580e+06   6.5673828e+01
   2.6977640e+06   6.8603516e+01
   2.6989790e+06   7.5866699e+01
   2.6996240e+06   6.4208984e+01
   2.7002610e+06   6.3842773e+01
   2.7009250e+06   7.0312500e+01
   2.7015720e+06   6.6955566e+01
   2.7022080e+06   7.2692871e+01
   2.7028470e+06   7.5988770e+01
   2.7035100e+06   5.7983398e+01
   2.7041740e+06   6.4086914e+01
   2.7046990e+06   7.0556641e+01
   2.7054250e+06   6.7321777e+01
   2.7061070e+06   6.9091797e+01
   2.7068140e+06   5.8044434e+01
   2.7075060e+06   7.0434570e+01
   2.7080880e+06   5.8776855e+01
   2.7089030e+06   6.0119629e+01
   2.7094530e+06   6.7932129e+01
   2.7101590e+06   5.9326172e+01
   2.7107410e+06   6.0607910e+01
   2.7114020e+06   6.3110352e+01
   2.7125180e+06   6.6467285e+01
   2.7131350e+06   6.4453125e+01
   2.7136920e+06   6.5917969e+01
   2.7144590e+06   6.7749023e+01
   2.7150780e+06   6.2194824e+01
   2.7157700e+06   5.4687500e+01
   2.7164650e+06   6.1035156e+01
   2.7171020e+06   5.9753418e+01
   2.7179900e+06   6.8847656e+01
   2.7185760e+06   6.7321777e+01
   2.7192690e+06   6.7321777e+01
   2.7199810e+06   6.5795898e+01
   2.7206620e+06   6.0791016e+01
   2.7212900e+06   6.9335938e+01
   2.7220260e+06   6.6833496e+01
   2.7226280e+06   6.7932129e+01
   2.7234270e+06   6.2255859e+01
   2.7244730e+06   6.7138672e+01
   2.7250980e+06   6.3964844e+01
   2.7258390e+06   6.7199707e+01
   2.7265980e+06   6.2988281e+01
   2.7273290e+06   5.1269531e+01
   2.7279980e+06   6.4025879e+01
   2.7286910e+06   7.1716309e+01
   2.7293940e+06   5.9936523e+01
   2.7300530e+06   6.5124512e+01
   2.7307010e+06   5.2978516e+01
   2.7313030e+06   6.3598633e+01
   2.7318530e+06   6.3171387e+01
   2.7325500e+06   6.4697266e+01
   2.7331310e+06   7.0617676e+01
   2.7338190e+06   6.5795898e+01
   2.7345100e+06   7.1533203e+01
   2.7351040e+06   7.3852539e+01
   2.7357960e+06   6.0424805e+01
   2.7365860e+06   6.2683105e+01
   2.7371930e+06   6.6650391e+01
   2.7377230e+06   7.5317383e+01
   2.7383310e+06   6.4758301e+01
   2.7390120e+06   5.7250977e+01
   2.7396820e+06   6.1950684e+01
   2.7404960e+06   6.3720703e+01
   2.7411750e+06   6.1157227e+01
   2.7418590e+06   6.5307617e+01
   2.7424720e+06   6.0363770e+01
   2.7431640e+06   6.9885254e+01
   2.7437870e+06   7.1350098e+01
   2.7444540e+06   3.9611816e+01
   2.7451390e+06   6.5185547e+01
   2.7458300e+06   6.8664551e+01
   2.7467430e+06   6.8603516e+01
   2.7474980e+06   6.1279297e+01
   2.7481150e+06   6.7687988e+01
   2.7487600e+06   6.1218262e+01
   2.7493050e+06   6.7138672e+01
   2.7499740e+06   6.8481445e+01
   2.7505250e+06   6.2622070e+01
   2.7511530e+06   5.8654785e+01
   2.7517680e+06   6.9885254e+01
   2.7524580e+06   6.8969727e+01
   2.7531530e+06   6.9335938e+01
   2.7539640e+06   6.0058594e+01
   2.7548960e+06   6.9702148e+01
   2.7555910e+06   6.4392090e+01
   2.7561930e+06   6.2133789e+01
   2.7569180e+06   7.3181152e+01
   2.7577650e+06   6.4208984e+01
   2.7583740e+06   5.3649902e+01
   2.7594010e+06   6.3720703e+01
   2.7602850e+06   6.5490723e+01
   2.7612690e+06   6.2744141e+01
   2.7620440e+06   6.8054199e+01
   2.7629710e+06   5.7250977e+01
   2.7638460e+06   6.9213867e+01
   2.7645090e+06   6.4025879e+01
   2.7652430e+06   7.0434570e+01
   2.7655260e+06   5.8532715e+01
   2.7657110e+06   6.6528320e+01
   2.7660130e+06   6.5734863e+01
   2.7664560e+06   7.2021484e+01
   2.7667710e+06   6.2011719e+01
   2.7671340e+06   6.3415527e+01
   2.7675190e+06   6.5673828e+01
   2.7678830e+06   7.4279785e+01
   2.7681910e+06   7.1044922e+01
   2.7688670e+06   7.1411133e+01
   2.7692460e+06   6.1584473e+01
   2.7699120e+06   6.4697266e+01
   2.7709780e+06   5.9997559e+01
   2.7716950e+06   6.2622070e+01
   2.7724710e+06   6.9580078e+01
   2.7730460e+06   5.8227539e+01
   2.7737240e+06   7.1350098e+01
   2.7743550e+06   6.3415527e+01
   2.7749530e+06   5.9753418e+01
   2.7757100e+06   7.0861816e+01
   2.7763510e+06   5.9631348e+01
   2.7769690e+06   6.7199707e+01
   2.7777190e+06   7.3425293e+01
   2.7784280e+06   6.7443848e+01
   2.7791610e+06   6.4453125e+01
   2.7798880e+06   5.5053711e+01
   2.7805070e+06   5.5236816e+01
   2.7811000e+06   5.8288574e+01
   2.7817260e+06   6.2011719e+01
   2.7823070e+06   5.0292969e+01
   2.7829870e+06   6.1035156e+01
   2.7835900e+06   6.1096191e+01
   2.7844360e+06   6.6284180e+01
   2.7850720e+06   6.0791016e+01
   2.7856950e+06   7.3913574e+01
   2.7864410e+06   6.7993164e+01
   2.7871290e+06   7.1533203e+01
   2.7877060e+06   6.2194824e+01
   2.7883510e+06   5.9814453e+01
   2.7891120e+06   5.7922363e+01
   2.7897110e+06   7.5683594e+01
   2.7904800e+06   6.3110352e+01
   2.7911000e+06   7.0617676e+01
   2.7919040e+06   6.2622070e+01
   2.7925020e+06   6.9335938e+01
   2.7933310e+06   5.9143066e+01
   2.7938730e+06   6.7871094e+01
   2.7945920e+06   5.4260254e+01
   2.7956480e+06   5.8410645e+01
   2.7963080e+06   6.0180664e+01
   2.7969400e+06   7.0312500e+01
   2.7975550e+06   6.3781738e+01
   2.7981980e+06   6.3171387e+01
   2.7989510e+06   7.3059082e+01
   2.7997320e+06   7.3608398e+01
   2.8004450e+06   6.8481445e+01
   2.8009120e+06   6.7565918e+01
   2.8014640e+06   6.4636230e+01
   2.8022010e+06   7.3120117e+01
   2.8028000e+06   7.6782227e+01
   2.8033880e+06   6.1340332e+01
   2.8041300e+06   6.2194824e+01
   2.8050890e+06   7.1289063e+01
   2.8056710e+06   7.1838379e+01
   2.8063720e+06   6.5795898e+01
   2.8071440e+06   6.4941406e+01
   2.8079100e+06   6.4147949e+01
   2.8086160e+06   6.7443848e+01
   2.8092270e+06   6.3171387e+01
   2.8098430e+06   6.9885254e+01
   2.8104780e+06   6.5612793e+01
   2.8110460e+06   6.6467285e+01
   2.8120140e+06   5.5969238e+01
   2.8129580e+06   5.9814453e+01
   2.8135900e+06   6.8969727e+01
   2.8142740e+06   6.9274902e+01
   2.8149360e+06   6.7871094e+01
   2.8157020e+06   7.4401855e+01
   2.8163300e+06   7.0739746e+01
   2.8170950e+06   6.0974121e+01
   2.8177620e+06   6.8542480e+01
   2.8183420e+06   6.4575195e+01
   2.8189920e+06   6.5002441e+01
   2.8196810e+06   7.2753906e+01
   2.8206120e+06   6.5917969e+01
   2.8213470e+06   6.6162109e+01
   2.8219680e+06   6.1401367e+01
   2.8227160e+06   7.2265625e+01
   2.8233250e+06   6.6711426e+01
   2.8241130e+06   6.7077637e+01
   2.8248830e+06   5.9997559e+01
   2.8255000e+06   6.0913086e+01
   2.8260860e+06   6.8725586e+01
   2.8268680e+06   5.5175781e+01
   2.8275510e+06   5.4687500e+01
   2.8281700e+06   5.7800293e+01
   2.8291860e+06   5.9570312e+01
   2.8300090e+06   7.3486328e+01
   2.8308210e+06   6.6162109e+01
   2.8314380e+06   6.7932129e+01
   2.8323660e+06   6.8969727e+01
   2.8329780e+06   7.0800781e+01
   2.8336890e+06   5.8410645e+01
   2.8343530e+06   6.8115234e+01
   2.8350260e+06   6.0607910e+01
   2.8356180e+06   7.0312500e+01
   2.8365300e+06   7.0373535e+01
   2.8371500e+06   6.7749023e+01
   2.8378180e+06   6.1157227e+01
   2.8383620e+06   6.6101074e+01
   2.8387870e+06   7.1899414e+01
   2.8398660e+06   6.3903809e+01
   2.8405390e+06   6.2194824e+01
   2.8412460e+06   7.1594238e+01
   2.8419840e+06   6.4270020e+01
   2.8426920e+06   5.9265137e+01
   2.8434330e+06   6.5246582e+01
   2.8439980e+06   6.5063477e+01
   2.8447290e+06   6.3049316e+01
   2.8454220e+06   6.6345215e+01
   2.8461700e+06   8.1054688e+01
   2.8468840e+06   5.7067871e+01
   2.8475360e+06   6.1462402e+01
   2.8482950e+06   6.6101074e+01
   2.8492290e+06   6.7871094e+01
   2.8497360e+06   6.6345215e+01
   2.8505050e+06   6.8298340e+01
   2.8510960e+06   6.1279297e+01
   2.8517010e+06   6.0363770e+01
   2.8524080e+06   5.9509277e+01
   2.8530610e+06   5.9082031e+01
   2.8537280e+06   7.3852539e+01
   2.8544480e+06   5.9692383e+01
   2.8551070e+06   6.5490723e+01
   2.8559550e+06   6.3598633e+01
   2.8565370e+06   7.3669434e+01
   2.8571470e+06   6.2805176e+01
   2.8578690e+06   5.9997559e+01
   2.8584970e+06   6.7687988e+01
   2.8591180e+06   6.4208984e+01
   2.8597540e+06   6.3781738e+01
   2.8603970e+06   5.9753418e+01
   2.8611340e+06   5.6823730e+01
   2.8618450e+06   7.0373535e+01
   2.8625250e+06   6.7443848e+01
   2.8632420e+06   7.0983887e+01
   2.8638810e+06   7.1289062e+01
   2.8647470e+06   6.1645508e+01
   2.8653890e+06   5.9936523e+01
   2.8660000e+06   5.6823730e+01
   2.8668220e+06   7.6721191e+01
   2.8674900e+06   6.4392090e+01
   2.8682120e+06   6.1828613e+01
   2.8688600e+06   7.4523926e+01
   2.8695710e+06   5.6335449e+01
   2.8706400e+06   7.4401855e+01
   2.8712870e+06   6.9885254e+01
   2.8718790e+06   6.7993164e+01
   2.8724810e+06   6.7199707e+01
   2.8732120e+06   7.2326660e+01
   2.8738320e+06   5.7189941e+01
   2.8744770e+06   6.4086914e+01
   2.8751680e+06   6.9702148e+01
   2.8757810e+06   6.7871094e+01
   2.8764840e+06   5.5847168e+01
   2.8771150e+06   6.1035156e+01
   2.8778610e+06   6.8420410e+01
   2.8784260e+06   6.6162109e+01
   2.8790980e+06   6.6345215e+01
   2.8797400e+06   6.6650391e+01
   2.8805260e+06   6.2194824e+01
   2.8811710e+06   6.1401367e+01
   2.8818120e+06   7.0190430e+01
   2.8824280e+06   6.9213867e+01
   2.8831060e+06   7.3852539e+01
   2.8836810e+06   6.6162109e+01
   2.8843390e+06   7.4462891e+01
   2.8849890e+06   6.1706543e+01
   2.8856860e+06   6.9519043e+01
   2.8863480e+06   6.9274902e+01
   2.8872920e+06   6.8786621e+01
   2.8878490e+06   6.4147949e+01
   2.8884830e+06   6.1035156e+01
   2.8891590e+06   5.7922363e+01
   2.8898520e+06   6.0485840e+01
   2.8904670e+06   6.8847656e+01
   2.8911270e+06   7.6477051e+01
   2.8917010e+06   6.5063477e+01
   2.8924510e+06   5.3527832e+01
   2.8935730e+06   6.4453125e+01
   2.8941160e+06   7.4279785e+01
   2.8947850e+06   6.2072754e+01
   2.8955360e+06   6.5490723e+01
   2.8962110e+06   6.3903809e+01
   2.8968930e+06   6.3720703e+01
   2.8975560e+06   6.8725586e+01
   2.8981870e+06   6.5856934e+01
   2.8987830e+06   6.9458008e+01
   2.8993940e+06   6.0546875e+01
   2.9001540e+06   6.8481445e+01
   2.9007620e+06   6.5429688e+01
   2.9015410e+06   6.5429688e+01
   2.9021600e+06   5.7556152e+01
   2.9027750e+06   7.4279785e+01
   2.9034720e+06   4.9316406e+01
   2.9042130e+06   6.3415527e+01
   2.9049180e+06   6.7260742e+01
   2.9055690e+06   6.0119629e+01
   2.9061990e+06   6.1401367e+01
   2.9069910e+06   6.6284180e+01
   2.9076030e+06   6.9580078e+01
   2.9082960e+06   6.6223145e+01
   2.9088540e+06   6.6345215e+01
   2.9094800e+06   5.8593750e+01
   2.9101420e+06   6.3781738e+01
   2.9108040e+06   6.3781738e+01
   2.9114250e+06   5.2978516e+01
   2.9121130e+06   7.5256348e+01
   2.9130310e+06   6.1157227e+01
   2.9137270e+06   7.7148438e+01
   2.9142880e+06   5.4748535e+01
   2.9149670e+06   7.0495605e+01
   2.9156080e+06   6.2927246e+01
   2.9163800e+06   5.9326172e+01
   2.9171050e+06   7.5988770e+01
   2.9177280e+06   7.2753906e+01
   2.9186130e+06   6.7260742e+01
   2.9192110e+06   6.5979004e+01
   2.9198510e+06   5.6762695e+01
   2.9204990e+06   7.3608398e+01
   2.9212180e+06   7.4523926e+01
   2.9222290e+06   6.7687988e+01
   2.9228630e+06   6.9213867e+01
   2.9234670e+06   5.9204102e+01
   2.9244640e+06   6.8115234e+01
   2.9250390e+06   5.6640625e+01
   2.9256440e+06   5.9509277e+01
   2.9262970e+06   6.7749023e+01
   2.9270340e+06   6.1828613e+01
   2.9276420e+06   6.1584473e+01
   2.9283840e+06   6.7749023e+01
   2.9291380e+06   6.0852051e+01
   2.9297790e+06   6.8359375e+01
   2.9303740e+06   6.4270020e+01
   2.9310630e+06   6.8359375e+01
   2.9316810e+06   5.9448242e+01
   2.9322280e+06   5.8898926e+01
   2.9328630e+06   6.7260742e+01
   2.9334530e+06   5.6030273e+01
   2.9340510e+06   6.7687988e+01
   2.9345720e+06   6.0363770e+01
   2.9351780e+06   5.5664062e+01
   2.9358450e+06   5.5480957e+01
   2.9363960e+06   6.7810059e+01
   2.9371410e+06   6.8542480e+01
   2.9378410e+06   5.9814453e+01
   2.9387520e+06   6.8847656e+01
   2.9393890e+06   7.2814941e+01
   2.9400900e+06   6.6284180e+01
   2.9407310e+06   7.1350098e+01
   2.9415070e+06   6.0058594e+01
   2.9423080e+06   6.8054199e+01
   2.9428640e+06   5.5541992e+01
   2.9436170e+06   6.4880371e+01
   2.9443290e+06   5.8166504e+01
   2.9449450e+06   7.2143555e+01
   2.9456080e+06   5.5725098e+01
   2.9461860e+06   6.5368652e+01
   2.9472020e+06   6.5917969e+01
   2.9479740e+06   6.1523438e+01
   2.9485250e+06   5.5236816e+01
   2.9490290e+06   5.9448242e+01
   2.9497740e+06   6.4941406e+01
   2.9504740e+06   5.9631348e+01
   2.9511370e+06   6.7138672e+01
   2.9517520e+06   5.8044434e+01
   2.9522400e+06   6.9152832e+01
   2.9529320e+06   7.2875977e+01
   2.9539110e+06   6.7626953e+01
   2.9546260e+06   6.5612793e+01
   2.9551370e+06   6.1828613e+01
   2.9556220e+06   5.9692383e+01
   2.9562460e+06   6.4941406e+01
   2.9569110e+06   7.1289062e+01
   2.9575750e+06   5.9997559e+01
   2.9582680e+06   6.8237305e+01
   2.9593640e+06   6.5734863e+01
   2.9602050e+06   6.0729980e+01
   2.9607900e+06   6.1889648e+01
   2.9613890e+06   6.5063477e+01
   2.9621170e+06   6.9396973e+01
   2.9627230e+06   7.3547363e+01
   2.9633870e+06   6.6955566e+01
   2.9639820e+06   6.0241699e+01
   2.9646280e+06   5.9936523e+01
   2.9653330e+06   7.1899414e+01
   2.9660470e+06   5.8105469e+01
   2.9666530e+06   6.9030762e+01
   2.9673050e+06   7.0556641e+01
   2.9682820e+06   6.7504883e+01
   2.9689200e+06   5.4565430e+01
   2.9695550e+06   6.0119629e+01
   2.9701670e+06   6.6345215e+01
   2.9707970e+06   5.7678223e+01
   2.9714720e+06   6.2377930e+01
   2.9721780e+06   5.7556152e+01
   2.9727770e+06   6.5307617e+01
   2.9735540e+06   6.2683105e+01
   2.9741370e+06   7.4157715e+01
   2.9747530e+06   6.6223145e+01
   2.9753840e+06   5.9753418e+01
   2.9761110e+06   6.7382813e+01
   2.9766870e+06   6.3354492e+01
   2.9772060e+06   7.4340820e+01
   2.9778660e+06   6.0791016e+01
   2.9783630e+06   6.8542480e+01
   2.9789030e+06   7.0556641e+01
   2.9799560e+06   6.1157227e+01
   2.9805840e+06   5.6152344e+01
   2.9811550e+06   6.9091797e+01
   2.9818450e+06   6.0913086e+01
   2.9824830e+06   6.0424805e+01
   2.9831510e+06   5.8959961e+01
   2.9836480e+06   6.0363770e+01
   2.9845650e+06   6.4392090e+01
   2.9852320e+06   6.6223145e+01
   2.9858630e+06   6.8176270e+01
   2.9868000e+06   6.2255859e+01
   2.9875990e+06   5.9265137e+01
   2.9884560e+06   6.5856934e+01
   2.9890330e+06   5.8288574e+01
   2.9896540e+06   6.4331055e+01
   2.9904130e+06   6.6589355e+01
   2.9910520e+06   7.0739746e+01
   2.9917070e+06   5.8959961e+01
   2.9923740e+06   6.9396973e+01
   2.9929440e+06   6.1889648e+01
   2.9936020e+06   6.2438965e+01
   2.9943670e+06   6.4453125e+01
   2.9948700e+06   6.5368652e+01
   2.9954850e+06   5.8837891e+01
   2.9962160e+06   6.2561035e+01
   2.9968840e+06   6.1218262e+01
   2.9975200e+06   5.7128906e+01
   2.9983630e+06   5.6884766e+01
   2.9990310e+06   5.6640625e+01
   2.9996600e+06   6.9396973e+01
