   5.9990000e+06   0.0000000e+00
   1.8860000e+03   2.8625488e+01
   2.1950000e+03   2.8137207e+01
   5.0000000e+03   3.1494141e+01
   7.1570000e+03   2.3071289e+01
   9.6640000e+03   3.2775879e+01
   1.0882000e+04   2.7709961e+01
   1.1157000e+04   2.7893066e+01
   1.1433000e+04   2.4230957e+01
   1.1828000e+04   3.2653809e+01
   1.2193000e+04   2.6550293e+01
   1.2443000e+04   2.6672363e+01
   1.2578000e+04   3.1982422e+01
   1.2679000e+04   2.3681641e+01
   1.3512000e+04   2.8259277e+01
   1.3702000e+04   2.6489258e+01
   1.3771000e+04   3.6987305e+01
   1.3835000e+04   2.2949219e+01
   2.3111000e+04   3.0883789e+01
   2.3913000e+04   3.3203125e+01
   2.4015000e+04   2.8991699e+01
   2.4270000e+04   2.8503418e+01
   2.4356000e+04   2.8381348e+01
   2.9458000e+04   3.5034180e+01
   3.0031000e+04   3.3752441e+01
   3.0144000e+04   3.3020020e+01
   3.0194000e+04   2.8747559e+01
   3.0269000e+04   2.6489258e+01
   3.0407000e+04   2.4169922e+01
   3.1433000e+04   3.0578613e+01
   3.1462000e+04   2.6245117e+01
   3.1488000e+04   2.8625488e+01
   3.7697000e+04   2.8564453e+01
   3.7863000e+04   3.1921387e+01
   3.7911000e+04   2.6550293e+01
   3.7982000e+04   2.9418945e+01
   3.8125000e+04   2.4414063e+01
   3.8626000e+04   2.6306152e+01
   3.8765000e+04   2.8015137e+01
   3.8881000e+04   2.2705078e+01
   3.8950000e+04   3.0273438e+01
   3.8988000e+04   2.2827148e+01
   3.9047000e+04   3.2897949e+01
   4.3063000e+04   3.1494141e+01
   4.4276000e+04   2.7954102e+01
   4.4493000e+04   2.9052734e+01
   4.4791000e+04   2.9052734e+01
   4.9157000e+04   2.9418945e+01
   5.2982000e+04   3.2287598e+01
   5.3603000e+04   3.6376953e+01
   5.3768000e+04   2.6367188e+01
   5.3831000e+04   2.4719238e+01
   5.4576000e+04   2.8686523e+01
   5.4965000e+04   3.8635254e+01
   5.5111000e+04   2.3010254e+01
   5.7964000e+04   3.3264160e+01
   5.8105000e+04   2.7221680e+01
   5.8484000e+04   2.7832031e+01
   5.8593000e+04   2.8198242e+01
   5.9076000e+04   3.1982422e+01
   5.9210000e+04   2.7465820e+01
   5.9304000e+04   2.8869629e+01
   6.7966000e+04   3.7475586e+01
   6.8968000e+04   2.4536133e+01
   6.9072000e+04   3.1982422e+01
   6.9140000e+04   2.4963379e+01
   6.9193000e+04   2.5756836e+01
   6.9288000e+04   2.4353027e+01
   6.9483000e+04   2.2827148e+01
   6.9611000e+04   2.3071289e+01
   6.9719000e+04   2.8503418e+01
   7.1177000e+04   2.5024414e+01
   7.1363000e+04   2.9602051e+01
   7.1439000e+04   2.7038574e+01
   7.1653000e+04   3.2348633e+01
   7.1764000e+04   3.3752441e+01
   7.7587000e+04   3.2470703e+01
   7.8056000e+04   3.2897949e+01
   7.8507000e+04   2.8076172e+01
   7.8581000e+04   2.7343750e+01
   8.1688000e+04   2.7221680e+01
   8.1998000e+04   3.3081055e+01
   8.2096000e+04   2.6611328e+01
   8.6434000e+04   3.2409668e+01
   9.0384000e+04   2.7404785e+01
   9.0704000e+04   3.5461426e+01
   9.0935000e+04   3.6743164e+01
   9.1018000e+04   2.6916504e+01
   9.1097000e+04   2.8259277e+01
   9.1306000e+04   2.7160645e+01
   9.1845000e+04   2.6794434e+01
   9.1947000e+04   3.0761719e+01
   9.2032000e+04   3.1616211e+01
   9.2119000e+04   3.0944824e+01
   9.7487000e+04   2.9235840e+01
   1.0029100e+05   2.8259277e+01
   1.0048200e+05   3.0273438e+01
   1.0068000e+05   2.9052734e+01
   1.0140800e+05   3.0212402e+01
   1.0146200e+05   2.4902344e+01
   1.0165500e+05   2.6000977e+01
   1.0234400e+05   2.4047852e+01
   1.0254900e+05   3.0822754e+01
   1.0262500e+05   3.6132812e+01
   1.0267600e+05   3.0700684e+01
   1.0355500e+05   2.9968262e+01
   1.1264200e+05   3.1066895e+01
   1.1421200e+05   3.1311035e+01
   1.1455600e+05   3.3142090e+01
   1.1494000e+05   3.0700684e+01
   1.1526600e+05   3.1738281e+01
   1.1530600e+05   2.4963379e+01
   1.1535600e+05   2.4963379e+01
   1.1539300e+05   2.4597168e+01
   1.2174800e+05   3.4179688e+01
   1.2228800e+05   3.0944824e+01
   1.2251300e+05   2.9602051e+01
   1.2279200e+05   2.6184082e+01
   1.2337500e+05   2.4108887e+01
   1.2344800e+05   3.0822754e+01
   1.2350100e+05   2.6855469e+01
   1.2620900e+05   3.4667969e+01
   1.2637900e+05   3.4667969e+01
   1.2667600e+05   2.9174805e+01
   1.2677600e+05   2.8320312e+01
   1.2790300e+05   2.9663086e+01
   1.2800200e+05   3.0822754e+01
   1.3633900e+05   3.4729004e+01
   1.3671300e+05   3.2897949e+01
   1.3677800e+05   2.8564453e+01
   1.3684700e+05   2.4719238e+01
   1.3687300e+05   2.2888184e+01
   1.3692300e+05   3.0212402e+01
   1.3699300e+05   3.6437988e+01
   1.3788500e+05   2.7099609e+01
   1.4563000e+05   3.0639648e+01
   1.4628200e+05   2.8991699e+01
   1.4638800e+05   3.6621094e+01
   1.4660000e+05   2.7587891e+01
   1.4666300e+05   2.6733398e+01
   1.4712500e+05   3.3874512e+01
   1.4718500e+05   2.8076172e+01
   1.4811500e+05   3.0273438e+01
   1.4819600e+05   3.2714844e+01
   1.4882600e+05   2.3925781e+01
   1.5112700e+05   2.6245117e+01
   1.5661400e+05   2.6855469e+01
   1.5879800e+05   3.2653809e+01
   1.5906500e+05   2.5207520e+01
   1.6093100e+05   3.0578613e+01
   1.6118400e+05   3.1250000e+01
   1.6128600e+05   3.3020020e+01
   1.6146400e+05   2.6855469e+01
   1.6152600e+05   2.4536133e+01
   1.6252800e+05   2.6672363e+01
   1.6259800e+05   3.1066895e+01
   1.6834400e+05   2.7099609e+01
   1.6976800e+05   3.2775879e+01
   1.7166800e+05   2.8747559e+01
   1.7211500e+05   3.1921387e+01
   1.7216500e+05   2.7465820e+01
   1.7237800e+05   2.9785156e+01
   1.7250000e+05   2.6977539e+01
   1.7823700e+05   3.1799316e+01
   1.7995800e+05   3.1250000e+01
   1.8027600e+05   2.9846191e+01
   1.8033100e+05   2.7160645e+01
   1.8073300e+05   2.5512695e+01
   1.8081700e+05   3.0334473e+01
   1.8106800e+05   2.4230957e+01
   1.8169000e+05   2.5451660e+01
   1.8388000e+05   3.2592773e+01
   1.8397200e+05   3.6987305e+01
   1.8402300e+05   2.2766113e+01
   1.8408000e+05   2.4169922e+01
   1.8419900e+05   2.5085449e+01
   1.8425800e+05   2.5512695e+01
   1.8436900e+05   2.4353027e+01
   1.8960300e+05   3.0639648e+01
   1.8991700e+05   3.2409668e+01
   1.8999000e+05   2.8869629e+01
   1.9007200e+05   2.4902344e+01
   1.9012400e+05   3.3813477e+01
   1.9147600e+05   3.0090332e+01
   1.9182100e+05   3.4118652e+01
   1.9251900e+05   2.3742676e+01
   1.9266700e+05   2.3010254e+01
   1.9275900e+05   2.6855469e+01
   1.9451000e+05   3.0334473e+01
   1.9482400e+05   3.4179688e+01
   1.9488600e+05   2.3132324e+01
   1.9492200e+05   2.6245117e+01
   1.9496200e+05   2.8564453e+01
   1.9863200e+05   3.0700684e+01
   1.9871800e+05   3.0334473e+01
   1.9919900e+05   2.7954102e+01
   1.9995100e+05   2.8564453e+01
   2.0580900e+05   2.8564453e+01
   2.0626700e+05   2.7832031e+01
   2.0721000e+05   2.9174805e+01
   2.0732400e+05   2.9418945e+01
   2.0738000e+05   2.8503418e+01
   2.0745600e+05   2.8015137e+01
   2.0747800e+05   2.5573730e+01
   2.1312500e+05   3.5949707e+01
   2.1367800e+05   2.4353027e+01
   2.1428700e+05   2.8808594e+01
   2.1460600e+05   2.7404785e+01
   2.1469400e+05   2.8747559e+01
   2.1476400e+05   3.6682129e+01
   2.1830700e+05   2.7832031e+01
   2.2270800e+05   3.3081055e+01
   2.2279600e+05   3.8574219e+01
   2.2335400e+05   2.5878906e+01
   2.2374900e+05   2.7221680e+01
   2.2384200e+05   2.9052734e+01
   2.2394200e+05   2.4597168e+01
   2.2605200e+05   2.6550293e+01
   2.2611300e+05   2.7343750e+01
   2.3042500e+05   2.9357910e+01
   2.3456300e+05   4.0161133e+01
   2.3460200e+05   2.6489258e+01
   2.3462000e+05   2.4475098e+01
   2.3466000e+05   3.2226562e+01
   2.3469300e+05   2.9418945e+01
   2.3573200e+05   2.7832031e+01
   2.3899700e+05   2.9174805e+01
   2.3956900e+05   2.9663086e+01
   2.3986600e+05   3.0334473e+01
   2.4006700e+05   2.8869629e+01
   2.4015300e+05   3.3691406e+01
   2.4300800e+05   3.1433105e+01
   2.4867400e+05   3.5217285e+01
   2.4902100e+05   2.7526855e+01
   2.4911300e+05   3.3752441e+01
   2.4942600e+05   3.0212402e+01
   2.4998200e+05   2.8808594e+01
   2.5527600e+05   3.2470703e+01
   2.5749600e+05   2.5878906e+01
   2.5766700e+05   3.2470703e+01
   2.5794500e+05   2.4230957e+01
   2.5822800e+05   3.0517578e+01
   2.5837700e+05   2.3559570e+01
   2.5842900e+05   3.0334473e+01
   2.5903800e+05   2.3559570e+01
   2.5909500e+05   2.9113770e+01
   2.5937400e+05   2.3559570e+01
   2.5943400e+05   2.3986816e+01
   2.6497800e+05   3.0944824e+01
   2.6532400e+05   2.5756836e+01
   2.6596200e+05   2.7099609e+01
   2.6601500e+05   2.6245117e+01
   2.6605100e+05   2.4780273e+01
   2.7026200e+05   4.1564941e+01
   2.7049300e+05   2.5878906e+01
   2.7052700e+05   3.3203125e+01
   2.7059300e+05   2.4902344e+01
   2.7103800e+05   2.5451660e+01
   2.7566200e+05   2.9785156e+01
   2.7574200e+05   3.8146973e+01
   2.7580800e+05   2.6428223e+01
   2.7675900e+05   2.8991699e+01
   2.7702300e+05   2.9296875e+01
   2.7710900e+05   3.1921387e+01
   2.7719800e+05   2.4414062e+01
   2.7723100e+05   2.4353027e+01
   2.7726400e+05   2.2888184e+01
   2.7729300e+05   2.7587891e+01
   2.8533500e+05   2.9418945e+01
   2.8560300e+05   2.6184082e+01
   2.8603000e+05   2.9846191e+01
   2.8607700e+05   3.0700684e+01
   2.8613400e+05   2.9602051e+01
   2.8621400e+05   3.1372070e+01
   2.8956100e+05   3.0334473e+01
   2.9018000e+05   3.2958984e+01
   2.9070500e+05   2.7832031e+01
   2.9341300e+05   3.3020020e+01
   2.9367800e+05   3.5461426e+01
   2.9371100e+05   2.6916504e+01
   2.9381200e+05   2.5329590e+01
   2.9604400e+05   2.8869629e+01
   2.9610100e+05   3.3386230e+01
   2.9614500e+05   2.6306152e+01
   2.9674500e+05   2.5024414e+01
   3.0219300e+05   3.4484863e+01
   3.0442300e+05   3.0334473e+01
   3.0476000e+05   3.1677246e+01
   3.1055200e+05   2.5146484e+01
   3.1344200e+05   3.1250000e+01
   3.1352900e+05   2.8869629e+01
   3.1370900e+05   2.8015137e+01
   3.1391200e+05   3.1982422e+01
   3.1394900e+05   3.1311035e+01
   3.1968500e+05   3.6560059e+01
   3.2145100e+05   3.1494141e+01
   3.2152900e+05   3.0456543e+01
   3.2161400e+05   2.8930664e+01
   3.2171900e+05   3.5461426e+01
   3.2213500e+05   2.8747559e+01
   3.2252200e+05   2.2766113e+01
   3.2267700e+05   3.3630371e+01
   3.2274400e+05   2.8381348e+01
   3.2763100e+05   3.4790039e+01
   3.2898400e+05   2.9296875e+01
   3.3204700e+05   3.7292480e+01
   3.3239800e+05   2.7954102e+01
   3.3272100e+05   3.0944824e+01
   3.3283800e+05   2.6855469e+01
   3.3298600e+05   3.3935547e+01
   3.3526000e+05   3.1677246e+01
   3.3535300e+05   2.6489258e+01
   3.3604000e+05   2.6062012e+01
   3.3629400e+05   3.2470703e+01
   3.3644600e+05   2.8869629e+01
   3.3667800e+05   2.9602051e+01
   3.3669300e+05   2.6000977e+01
   3.3673900e+05   2.9052734e+01
   3.4278200e+05   3.6499023e+01
   3.4291100e+05   3.4240723e+01
   3.4328000e+05   2.8503418e+01
   3.4335500e+05   2.4841309e+01
   3.4450700e+05   2.9357910e+01
   3.4457700e+05   3.3508301e+01
   3.4469100e+05   2.5756836e+01
   3.4475700e+05   2.5085449e+01
   3.5145400e+05   2.7770996e+01
   3.5183800e+05   3.3142090e+01
   3.5188400e+05   2.9663086e+01
   3.5724700e+05   3.9245605e+01
   3.5796000e+05   3.6132812e+01
   3.6340000e+05   3.3264160e+01
   3.6413800e+05   3.7414551e+01
   3.6553800e+05   2.9357910e+01
   3.6580900e+05   3.8269043e+01
   3.6598900e+05   2.6306152e+01
   3.6642100e+05   2.7893066e+01
   3.6646000e+05   3.2775879e+01
   3.6651200e+05   2.8503418e+01
   3.6652800e+05   2.4841309e+01
   3.7180700e+05   3.0822754e+01
   3.7191500e+05   4.0161133e+01
   3.7206700e+05   2.7526855e+01
   3.7380200e+05   2.8442383e+01
   3.7398300e+05   2.9663086e+01
   3.7401400e+05   2.7648926e+01
   3.7496800e+05   2.7954102e+01
   3.7501200e+05   2.2949219e+01
   3.8334700e+05   2.4780273e+01
   3.8350600e+05   2.9357910e+01
   3.8374600e+05   4.0100098e+01
   3.8397300e+05   2.5695801e+01
   3.8404900e+05   2.7038574e+01
   3.8926800e+05   3.6865234e+01
   3.9102800e+05   2.7954102e+01
   3.9119800e+05   2.4719238e+01
   3.9145300e+05   2.8198242e+01
   3.9158000e+05   2.9113770e+01
   3.9706800e+05   3.0090332e+01
   3.9721600e+05   2.7221680e+01
   3.9744500e+05   3.0883789e+01
   3.9775000e+05   2.8686523e+01
   3.9784900e+05   2.9479980e+01
   4.0172200e+05   3.0029297e+01
   4.0180400e+05   2.4719238e+01
   4.0196700e+05   2.8991699e+01
   4.0247400e+05   2.6367188e+01
   4.0587600e+05   3.1494141e+01
   4.0606400e+05   3.1494141e+01
   4.0984800e+05   4.0161133e+01
   4.1275100e+05   2.7832031e+01
   4.1340300e+05   2.7465820e+01
   4.1375600e+05   3.2531738e+01
   4.1399000e+05   2.4169922e+01
   4.1420300e+05   2.8381348e+01
   4.2028300e+05   3.0761719e+01
   4.2309500e+05   3.6437988e+01
   4.2370100e+05   3.4057617e+01
   4.2379000e+05   2.8015137e+01
   4.2380800e+05   2.7465820e+01
   4.2385200e+05   2.8442383e+01
   4.2388100e+05   2.6611328e+01
   4.2499600e+05   2.9968262e+01
   4.2504700e+05   2.5573730e+01
   4.3129400e+05   2.9113770e+01
   4.3418300e+05   3.2226562e+01
   4.3443000e+05   2.6184082e+01
   4.3497100e+05   2.8137207e+01
   4.3505100e+05   2.6611328e+01
   4.4137200e+05   3.0578613e+01
   4.4336400e+05   2.6489258e+01
   4.4345400e+05   2.9785156e+01
   4.4349700e+05   3.9001465e+01
   4.4354000e+05   2.9357910e+01
   4.4356700e+05   2.3376465e+01
   4.4360600e+05   3.1799316e+01
   4.4914100e+05   3.0761719e+01
   4.4953000e+05   4.6447754e+01
   4.5256700e+05   3.2775879e+01
   4.5325500e+05   2.9724121e+01
   4.5337800e+05   2.8320312e+01
   4.5344200e+05   2.8198242e+01
   4.5437100e+05   2.6062012e+01
   4.5445600e+05   2.8686523e+01
   4.5512100e+05   2.5451660e+01
   4.6079000e+05   2.9052734e+01
   4.6294700e+05   3.2104492e+01
   4.6307400e+05   3.2653809e+01
   4.6318400e+05   2.6916504e+01
   4.6340700e+05   2.9052734e+01
   4.6350600e+05   3.2409668e+01
   4.6384300e+05   2.8015137e+01
   4.6910400e+05   3.2043457e+01
   4.6930300e+05   3.5156250e+01
   4.6964400e+05   2.9785156e+01
   4.6974400e+05   2.2766113e+01
   4.7433800e+05   3.3996582e+01
   4.7770300e+05   3.7353516e+01
   4.7954600e+05   3.9123535e+01
   4.7979000e+05   3.1433105e+01
   4.8049400e+05   3.6560059e+01
   4.8057700e+05   2.7038574e+01
   4.8074200e+05   3.8574219e+01
   4.8124900e+05   3.6010742e+01
   4.8134600e+05   2.5512695e+01
   4.8140000e+05   2.2827148e+01
   4.8143600e+05   2.7893066e+01
   4.8435600e+05   3.0700684e+01
   4.8513100e+05   3.2531738e+01
   4.8521800e+05   3.3691406e+01
   4.8989600e+05   3.1799316e+01
   4.9197600e+05   2.8686523e+01
   4.9232900e+05   3.3264160e+01
   4.9297800e+05   2.9663086e+01
   4.9302400e+05   2.5451660e+01
   4.9610100e+05   3.1555176e+01
   4.9629200e+05   2.7832031e+01
   4.9651500e+05   3.6560059e+01
   4.9716000e+05   3.6560059e+01
   4.9760300e+05   2.7221680e+01
   4.9807100e+05   3.5095215e+01
   4.9853700e+05   2.3925781e+01
   4.9868200e+05   3.0700684e+01
   4.9871500e+05   2.6306152e+01
   5.0595000e+05   2.9602051e+01
   5.0648200e+05   3.7536621e+01
   5.0663600e+05   2.9602051e+01
   5.0692400e+05   2.6062012e+01
   5.0696800e+05   2.9541016e+01
   5.0701800e+05   2.9968262e+01
   5.0706000e+05   2.6245117e+01
   5.0711300e+05   2.5695801e+01
   5.0772700e+05   2.3071289e+01
   5.0778200e+05   2.4047852e+01
   5.1151900e+05   2.9968262e+01
   5.1160600e+05   2.6123047e+01
   5.1200800e+05   2.8869629e+01
   5.1224300e+05   3.0883789e+01
   5.1262300e+05   2.9479980e+01
   5.1277400e+05   2.5085449e+01
   5.1283900e+05   3.5522461e+01
   5.1672500e+05   2.9968262e+01
   5.1718700e+05   3.1066895e+01
   5.2053000e+05   3.3813477e+01
   5.2464300e+05   3.1921387e+01
   5.2475200e+05   3.9550781e+01
   5.2489600e+05   3.4301758e+01
   5.2524200e+05   3.4118652e+01
   5.2577000e+05   2.5085449e+01
   5.2582700e+05   2.8991699e+01
   5.2593400e+05   2.8808594e+01
   5.2596800e+05   2.5512695e+01
   5.2637800e+05   2.5573730e+01
   5.2640900e+05   2.8198242e+01
   5.2644100e+05   2.3559570e+01
   5.2646500e+05   2.6000977e+01
   5.3115100e+05   3.3142090e+01
   5.3192400e+05   2.9602051e+01
   5.3195700e+05   3.0273438e+01
   5.3204500e+05   3.1738281e+01
   5.3208600e+05   2.3437500e+01
   5.3234800e+05   3.0334473e+01
   5.3810500e+05   3.1311035e+01
   5.3854400e+05   3.1982422e+01
   5.3889800e+05   3.5888672e+01
   5.3901100e+05   2.7099609e+01
   5.3972400e+05   3.3874512e+01
   5.3993300e+05   2.8076172e+01
   5.4032800e+05   2.5878906e+01
   5.4324400e+05   3.5644531e+01
   5.4335800e+05   3.0761719e+01
   5.5067800e+05   2.7770996e+01
   5.5078500e+05   2.7770996e+01
   5.5139400e+05   2.5939941e+01
   5.5155100e+05   2.6611328e+01
   5.5162000e+05   3.4179688e+01
   5.5506900e+05   3.1799316e+01
   5.5643700e+05   2.9479980e+01
   5.5674200e+05   3.2897949e+01
   5.5696600e+05   3.5156250e+01
   5.5709000e+05   3.1188965e+01
   5.6356800e+05   2.7343750e+01
   5.6393500e+05   2.7587891e+01
   5.6405500e+05   2.5512695e+01
   5.6456200e+05   3.1433105e+01
   5.6477600e+05   3.1860352e+01
   5.6481800e+05   3.2226562e+01
   5.7029600e+05   2.8015137e+01
   5.7113600e+05   3.1372070e+01
   5.7120600e+05   3.0456543e+01
   5.7172600e+05   2.6855469e+01
   5.7176400e+05   2.4475098e+01
   5.7191900e+05   3.2043457e+01
   5.7200700e+05   2.7099609e+01
   5.7204700e+05   2.7954102e+01
   5.7209000e+05   2.3681641e+01
   5.7441700e+05   3.2104492e+01
   5.7445600e+05   2.6306152e+01
   5.7452700e+05   3.1799316e+01
   5.7477700e+05   2.7770996e+01
   5.7532900e+05   2.4414062e+01
   5.7866900e+05   2.6550293e+01
   5.7936000e+05   3.6132812e+01
   5.7972800e+05   3.1860352e+01
   5.7981000e+05   2.2766113e+01
   5.7989000e+05   2.7343750e+01
   5.7993100e+05   2.7221680e+01
   5.8035500e+05   2.5207520e+01
   5.8040200e+05   2.5268555e+01
   5.8520400e+05   2.4414062e+01
   5.8791600e+05   3.4423828e+01
   5.8810400e+05   3.5339355e+01
   5.8816600e+05   2.7648926e+01
   5.8847600e+05   2.5878906e+01
   5.9299400e+05   2.8442383e+01
   5.9334200e+05   3.0029297e+01
   5.9339400e+05   3.4179688e+01
   5.9348100e+05   2.6428223e+01
   5.9356500e+05   2.8808594e+01
   5.9363500e+05   2.5695801e+01
   5.9390000e+05   3.0761719e+01
   5.9410800e+05   2.9479980e+01
   5.9415600e+05   2.4047852e+01
   5.9423800e+05   2.8381348e+01
   5.9431500e+05   2.5207520e+01
   5.9440600e+05   2.5756836e+01
   5.9450700e+05   2.4353027e+01
   5.9487700e+05   2.6000977e+01
   5.9500900e+05   2.4597168e+01
   6.0234100e+05   3.7292480e+01
   6.0378000e+05   3.0578613e+01
   6.0411300e+05   3.0761719e+01
   6.0417400e+05   3.3813477e+01
   6.0419900e+05   2.9602051e+01
   6.0446300e+05   2.9174805e+01
   6.0459700e+05   2.6611328e+01
   6.0490600e+05   3.0517578e+01
   6.0533700e+05   2.7404785e+01
   6.0546300e+05   2.6184082e+01
   6.1112400e+05   3.3325195e+01
   6.1227900e+05   3.4667969e+01
   6.1253000e+05   3.3203125e+01
   6.1654500e+05   3.2287598e+01
   6.2085600e+05   2.9174805e+01
   6.2099600e+05   2.7465820e+01
   6.2126900e+05   2.6306152e+01
   6.2466400e+05   3.5827637e+01
   6.2523800e+05   2.9907227e+01
   6.2556700e+05   3.3447266e+01
   6.2564800e+05   2.7526855e+01
   6.2588000e+05   3.0151367e+01
   6.2595700e+05   3.3691406e+01
   6.2627900e+05   2.8137207e+01
   6.2731300e+05   2.5573730e+01
   6.2739000e+05   3.6621094e+01
   6.2746000e+05   2.4353027e+01
   6.3188000e+05   3.0273438e+01
   6.3686900e+05   2.6550293e+01
   6.3730800e+05   2.8503418e+01
   6.3735700e+05   2.3620605e+01
   6.3749300e+05   2.7160645e+01
   6.3910500e+05   3.3203125e+01
   6.3937900e+05   2.7770996e+01
   6.3942100e+05   3.6621094e+01
   6.3946400e+05   2.9113770e+01
   6.3952600e+05   3.7902832e+01
   6.4888700e+05   3.1677246e+01
   6.4904300e+05   2.3071289e+01
   6.4930400e+05   3.6865234e+01
   6.4934500e+05   2.3193359e+01
   6.5695400e+05   2.4963379e+01
   6.5702500e+05   3.4545898e+01
   6.5706400e+05   3.6621094e+01
   6.5718400e+05   2.6794434e+01
   6.5733600e+05   2.2705078e+01
   6.5772300e+05   3.0578613e+01
   6.5808100e+05   2.7099609e+01
   6.5812700e+05   3.0761719e+01
   6.5817000e+05   2.7648926e+01
   6.6266100e+05   3.1982422e+01
   6.6328200e+05   2.6184082e+01
   6.6649900e+05   2.7709961e+01
   6.6660100e+05   3.1433105e+01
   6.6666700e+05   2.3071289e+01
   6.6709000e+05   2.5329590e+01
   6.6714700e+05   2.9174805e+01
   6.6721600e+05   3.3020020e+01
   6.6726800e+05   2.9968262e+01
   6.6912700e+05   2.6855469e+01
   6.6919300e+05   3.0822754e+01
   6.6926700e+05   3.2104492e+01
   6.6973200e+05   3.1738281e+01
   6.6988900e+05   2.8625488e+01
   6.7602300e+05   2.7465820e+01
   6.7617800e+05   2.9296875e+01
   6.7631700e+05   2.8381348e+01
   6.7639100e+05   2.5634766e+01
   6.7672000e+05   3.1250000e+01
   6.7690400e+05   2.6977539e+01
   6.7708400e+05   2.6672363e+01
   6.7752500e+05   2.8564453e+01
   6.7861300e+05   2.9846191e+01
   6.7888100e+05   2.4353027e+01
   6.7937200e+05   3.1921387e+01
   6.7946300e+05   2.7526855e+01
   6.7956800e+05   2.8808594e+01
   6.7967400e+05   2.7404785e+01
   6.7972100e+05   2.8808594e+01
   6.7977300e+05   2.7221680e+01
   6.7981900e+05   2.2705078e+01
   6.8043700e+05   2.5878906e+01
   6.8048800e+05   2.6794434e+01
   6.8584500e+05   3.0273438e+01
   6.8596500e+05   2.3742676e+01
   6.8611600e+05   2.6489258e+01
   6.8672800e+05   2.4963379e+01
   6.8718500e+05   3.5583496e+01
   6.8721600e+05   3.0456543e+01
   6.9455000e+05   2.8869629e+01
   6.9576500e+05   3.1433105e+01
   6.9599400e+05   2.6550293e+01
   6.9608900e+05   3.2592773e+01
   6.9626000e+05   3.2165527e+01
   6.9634300e+05   2.4963379e+01
   6.9672600e+05   3.1433105e+01
   6.9702300e+05   2.5756836e+01
   7.0083600e+05   2.6306152e+01
   7.0096900e+05   2.8076172e+01
   7.0137100e+05   3.0334473e+01
   7.0143300e+05   2.9663086e+01
   7.0149200e+05   2.7404785e+01
   7.0162300e+05   2.7404785e+01
   7.0193100e+05   2.5878906e+01
   7.0732800e+05   2.7282715e+01
   7.0750200e+05   2.9785156e+01
   7.1426500e+05   3.2714844e+01
   7.1447400e+05   2.6489258e+01
   7.1463000e+05   3.3203125e+01
   7.1494000e+05   2.4780273e+01
   7.1508900e+05   3.0883789e+01
   7.1513500e+05   2.5390625e+01
   7.1546700e+05   2.2705078e+01
   7.1559000e+05   2.9235840e+01
   7.2050900e+05   2.5939941e+01
   7.2060600e+05   3.1372070e+01
   7.2066600e+05   2.6733398e+01
   7.2071500e+05   2.6855469e+01
   7.2106600e+05   2.7770996e+01
   7.2125600e+05   2.8076172e+01
   7.2129200e+05   2.4536133e+01
   7.2132100e+05   2.5024414e+01
   7.2209800e+05   2.6916504e+01
   7.2216700e+05   3.0578613e+01
   7.2221500e+05   2.7832031e+01
   7.2411400e+05   3.0151367e+01
   7.2443600e+05   3.4240723e+01
   7.2448800e+05   2.4963379e+01
   7.2459100e+05   3.5705566e+01
   7.2519700e+05   2.7587891e+01
   7.2527500e+05   3.2287598e+01
   7.2534100e+05   2.9113770e+01
   7.2561500e+05   3.0822754e+01
   7.2976900e+05   2.6062012e+01
   7.3003000e+05   2.2827148e+01
   7.3010600e+05   2.8198242e+01
   7.3065300e+05   2.9418945e+01
   7.3089800e+05   2.8564453e+01
   7.3094400e+05   2.5146484e+01
   7.3102000e+05   3.0334473e+01
   7.3936600e+05   3.0639648e+01
   7.3985600e+05   2.9907227e+01
   7.3989800e+05   2.3620605e+01
   7.3993800e+05   3.1311035e+01
   7.3999400e+05   2.4841309e+01
   7.4069800e+05   2.7526855e+01
   7.4418000e+05   2.8808594e+01
   7.4440200e+05   2.3437500e+01
   7.4450300e+05   2.5329590e+01
   7.4881100e+05   2.4902344e+01
   7.4889000e+05   2.3620605e+01
   7.4921600e+05   2.9663086e+01
   7.5351200e+05   3.0334473e+01
   7.5356500e+05   3.0761719e+01
   7.5363200e+05   2.5634766e+01
   7.5373000e+05   3.0883789e+01
   7.5379900e+05   2.9602051e+01
   7.5933100e+05   3.0944824e+01
   7.5965400e+05   2.5268555e+01
   7.5990600e+05   2.5817871e+01
   7.5995000e+05   2.3254395e+01
   7.5997200e+05   2.3132324e+01
   7.6466200e+05   2.9479980e+01
   7.6492600e+05   2.8869629e+01
   7.6578900e+05   2.7465820e+01
   7.6614600e+05   2.6672363e+01
   7.6619400e+05   2.3986816e+01
   7.6624200e+05   2.2949219e+01
   7.6670500e+05   2.7465820e+01
   7.6783300e+05   3.5644531e+01
   7.6789700e+05   3.4667969e+01
   7.6798000e+05   2.7099609e+01
   7.6815500e+05   2.6611328e+01
   7.6818000e+05   2.5512695e+01
   7.7772200e+05   3.2470703e+01
   7.7804700e+05   3.1860352e+01
   7.8397600e+05   3.0151367e+01
   7.8537600e+05   3.0639648e+01
   7.8546500e+05   2.7221680e+01
   7.8551100e+05   2.4108887e+01
   7.8579900e+05   2.5085449e+01
   7.8623100e+05   3.0029297e+01
   7.8626200e+05   2.5756836e+01
   7.9147300e+05   3.4118652e+01
   7.9335700e+05   3.0151367e+01
   7.9483800e+05   3.0944824e+01
   7.9502200e+05   3.2470703e+01
   7.9531900e+05   2.8564453e+01
   7.9548000e+05   2.6733398e+01
   7.9558300e+05   2.4841309e+01
   7.9571600e+05   2.3803711e+01
   7.9597500e+05   2.9296875e+01
   7.9603200e+05   2.4658203e+01
   7.9608400e+05   2.3620605e+01
   7.9617800e+05   2.7099609e+01
   7.9704500e+05   2.8686523e+01
   7.9710700e+05   3.3996582e+01
   7.9715500e+05   2.5146484e+01
   7.9725800e+05   2.2949219e+01
   7.9775500e+05   2.7648926e+01
   7.9787400e+05   2.6794434e+01
   7.9796000e+05   2.4841309e+01
   8.0878600e+05   3.2775879e+01
   8.0916900e+05   3.0700684e+01
   8.0924600e+05   2.2949219e+01
   8.0969900e+05   2.5817871e+01
   8.0975600e+05   3.0090332e+01
   8.0980400e+05   2.9357910e+01
   8.0995900e+05   2.8259277e+01
   8.1011300e+05   3.1066895e+01
   8.1046300e+05   2.6611328e+01
   8.1053100e+05   3.2287598e+01
   8.1589700e+05   2.7221680e+01
   8.1685400e+05   3.2897949e+01
   8.1848900e+05   3.0578613e+01
   8.1876900e+05   3.7109375e+01
   8.1897500e+05   3.0212402e+01
   8.1906900e+05   2.4536133e+01
   8.1911400e+05   2.6672363e+01
   8.1995500e+05   2.8686523e+01
   8.2010200e+05   3.3142090e+01
   8.2018600e+05   2.7648926e+01
   8.2024300e+05   3.5827637e+01
   8.2026600e+05   2.5634766e+01
   8.2882900e+05   2.7404785e+01
   8.2910000e+05   3.3264160e+01
   8.2942700e+05   2.6428223e+01
   8.2947600e+05   2.4658203e+01
   8.3450700e+05   3.0700684e+01
   8.3469800e+05   2.8198242e+01
   8.3491700e+05   3.1494141e+01
   8.3531300e+05   2.5512695e+01
   8.3536600e+05   2.8869629e+01
   8.3549700e+05   2.9357910e+01
   8.3554200e+05   3.2043457e+01
   8.3567200e+05   2.4719238e+01
   8.3569600e+05   2.3193359e+01
   8.3582500e+05   2.9602051e+01
   8.4003500e+05   2.4658203e+01
   8.4535800e+05   3.2836914e+01
   8.4555900e+05   2.9968262e+01
   8.4562500e+05   3.0029297e+01
   8.4565300e+05   2.7832031e+01
   8.4568400e+05   2.5024414e+01
   8.4573300e+05   2.4169922e+01
   8.4627600e+05   2.7099609e+01
   8.4795300e+05   2.8564453e+01
   8.5220700e+05   3.2897949e+01
   8.5274500e+05   3.0212402e+01
   8.5288600e+05   3.0639648e+01
   8.5315500e+05   2.8869629e+01
   8.5323800e+05   2.6428223e+01
   8.5330000e+05   2.8564453e+01
   8.5400500e+05   3.0700684e+01
   8.5408700e+05   2.3559570e+01
   8.5411900e+05   2.3803711e+01
   8.6318300e+05   3.4545898e+01
   8.6329200e+05   3.3325195e+01
   8.6351200e+05   2.5085449e+01
   8.6358800e+05   2.7343750e+01
   8.6373600e+05   2.9907227e+01
   8.6382100e+05   2.5024414e+01
   8.6435900e+05   2.7465820e+01
   8.6465300e+05   2.8625488e+01
   8.6470200e+05   2.7954102e+01
   8.6478200e+05   2.9235840e+01
   8.6481400e+05   2.5512695e+01
   8.7256700e+05   3.1188965e+01
   8.7314200e+05   2.5451660e+01
   8.7334600e+05   2.3803711e+01
   8.7350000e+05   2.5817871e+01
   8.7357000e+05   2.4841309e+01
   8.7396600e+05   3.0151367e+01
   8.7486200e+05   2.5939941e+01
   8.7495300e+05   2.6977539e+01
   8.7499800e+05   2.3864746e+01
   8.7508200e+05   3.0822754e+01
   8.7518100e+05   2.3071289e+01
   8.8325700e+05   2.6428223e+01
   8.8336800e+05   2.6184082e+01
   8.8367300e+05   3.2531738e+01
   8.8379700e+05   3.0334473e+01
   8.8396900e+05   2.8808594e+01
   8.8405700e+05   2.7648926e+01
   8.8413400e+05   2.6672363e+01
   8.8447000e+05   3.1127930e+01
   8.8449700e+05   2.4047852e+01
   8.9156900e+05   2.7954102e+01
   8.9470000e+05   3.4667969e+01
   8.9532600e+05   2.5939941e+01
   8.9559200e+05   2.7282715e+01
   8.9561400e+05   2.9541016e+01
   8.9670800e+05   2.7404785e+01
   8.9720700e+05   2.6367188e+01
   8.9723300e+05   2.6428223e+01
   8.9725500e+05   2.6428223e+01
   8.9728100e+05   2.8015137e+01
   8.9729600e+05   2.6611328e+01
   9.0382500e+05   2.8686523e+01
   9.0402400e+05   2.9724121e+01
   9.1111700e+05   3.3813477e+01
   9.1158400e+05   2.8625488e+01
   9.1163900e+05   2.4414062e+01
   9.1168600e+05   2.5268555e+01
   9.1172300e+05   2.8503418e+01
   9.1175700e+05   2.2949219e+01
   9.1418200e+05   3.4423828e+01
   9.1901500e+05   2.7893066e+01
   9.1911300e+05   3.5949707e+01
   9.1915100e+05   2.3193359e+01
   9.1920100e+05   2.2949219e+01
   9.1923400e+05   3.0822754e+01
   9.1926400e+05   2.4902344e+01
   9.2676400e+05   3.2592773e+01
   9.3101100e+05   2.9724121e+01
   9.3107400e+05   2.3742676e+01
   9.3115900e+05   3.4790039e+01
   9.3124600e+05   3.2775879e+01
   9.3144300e+05   2.5756836e+01
   9.3149900e+05   2.8137207e+01
   9.3167600e+05   2.8564453e+01
   9.3190800e+05   3.0883789e+01
   9.3196600e+05   2.8015137e+01
   9.3214600e+05   2.6672363e+01
   9.3231700e+05   2.7160645e+01
   9.3238700e+05   2.9296875e+01
   9.3242700e+05   2.3437500e+01
   9.3860200e+05   2.8625488e+01
   9.4155400e+05   3.3447266e+01
   9.4198700e+05   3.2409668e+01
   9.4237500e+05   2.3010254e+01
   9.4249400e+05   2.9357910e+01
   9.4255300e+05   3.0456543e+01
   9.4269800e+05   3.1066895e+01
   9.4283000e+05   3.1494141e+01
   9.4291800e+05   2.6672363e+01
   9.4295800e+05   2.4963379e+01
   9.4302000e+05   3.0456543e+01
   9.4393300e+05   2.8503418e+01
   9.4399000e+05   2.7587891e+01
   9.4402600e+05   2.7587891e+01
   9.4415500e+05   2.5573730e+01
   9.4424500e+05   2.8015137e+01
   9.4518600e+05   3.0517578e+01
   9.4522500e+05   2.4963379e+01
   9.5178400e+05   2.6123047e+01
   9.5319900e+05   2.6489258e+01
   9.5338600e+05   2.7954102e+01
   9.5354600e+05   3.5583496e+01
   9.5384600e+05   3.6193848e+01
   9.5390600e+05   2.8747559e+01
   9.5394600e+05   3.1311035e+01
   9.5476600e+05   2.9235840e+01
   9.5483200e+05   2.6672363e+01
   9.5504200e+05   2.7160645e+01
   9.6198800e+05   3.3325195e+01
   9.6218400e+05   2.8381348e+01
   9.6234800e+05   2.5573730e+01
   9.6240000e+05   2.4902344e+01
   9.6248600e+05   3.2470703e+01
   9.6259800e+05   3.3447266e+01
   9.6264400e+05   2.5695801e+01
   9.6274400e+05   2.4536133e+01
   9.6289300e+05   2.8015137e+01
   9.6293200e+05   2.3986816e+01
   9.6410000e+05   2.6855469e+01
   9.7133400e+05   2.6062012e+01
   9.7144500e+05   2.4780273e+01
   9.7170200e+05   2.6916504e+01
   9.7174100e+05   2.3254395e+01
   9.7178100e+05   2.7587891e+01
   9.7231900e+05   3.0761719e+01
   9.7268500e+05   2.7404785e+01
   9.7274600e+05   3.1066895e+01
   9.7277500e+05   2.5085449e+01
   9.7290400e+05   2.3559570e+01
   9.8320900e+05   2.9602051e+01
   9.8361300e+05   2.8503418e+01
   9.8375900e+05   3.0395508e+01
   9.8385200e+05   2.7526855e+01
   9.8401400e+05   2.5268555e+01
   9.8411300e+05   2.8015137e+01
   9.8467000e+05   2.4841309e+01
   9.8472300e+05   2.7648926e+01
   9.8475800e+05   2.7587891e+01
   9.8478600e+05   2.3132324e+01
   9.8482200e+05   2.3559570e+01
   9.8486700e+05   3.0273438e+01
   9.9446200e+05   3.0883789e+01
   9.9521400e+05   2.6672363e+01
   9.9730500e+05   3.2226562e+01
   9.9743700e+05   3.3508301e+01
   9.9762300e+05   2.7343750e+01
   9.9781600e+05   3.0273438e+01
   9.9865000e+05   3.0090332e+01
   9.9876800e+05   3.2043457e+01
   9.9933100e+05   2.4841309e+01
   1.0062960e+06   3.5644531e+01
   1.0064620e+06   3.6804199e+01
   1.0065600e+06   2.7343750e+01
   1.0075160e+06   3.0761719e+01
   1.0076050e+06   2.8137207e+01
   1.0087180e+06   2.9357910e+01
   1.0088120e+06   2.7526855e+01
   1.0088490e+06   2.9479980e+01
   1.0090370e+06   2.9846191e+01
   1.0098230e+06   2.6977539e+01
   1.0098780e+06   2.3315430e+01
   1.0099730e+06   3.5217285e+01
   1.0224760e+06   3.3386230e+01
   1.0225400e+06   3.0761719e+01
   1.0226030e+06   3.2897949e+01
   1.0280490e+06   3.1555176e+01
   1.0282460e+06   2.8869629e+01
   1.0286510e+06   3.0395508e+01
   1.0287030e+06   2.5573730e+01
   1.0287780e+06   2.5756836e+01
   1.0291190e+06   2.8930664e+01
   1.0325600e+06   3.1860352e+01
   1.0326770e+06   2.6794434e+01
   1.0327290e+06   2.6672363e+01
   1.0327680e+06   3.5522461e+01
   1.0361590e+06   3.2348633e+01
   1.0365000e+06   3.3142090e+01
   1.0366120e+06   2.9357910e+01
   1.0377120e+06   2.4108887e+01
   1.0377530e+06   2.5207520e+01
   1.0377790e+06   3.1127930e+01
   1.0378170e+06   3.0090332e+01
   1.0415940e+06   2.9174805e+01
   1.0416640e+06   3.1372070e+01
   1.0417770e+06   2.9296875e+01
   1.0418170e+06   2.6245117e+01
   1.0418790e+06   2.6245117e+01
   1.0457180e+06   3.8757324e+01
   1.0499420e+06   2.4536133e+01
   1.0500840e+06   3.3813477e+01
   1.0501210e+06   2.4658203e+01
   1.0508830e+06   2.8076172e+01
   1.0512390e+06   2.3681641e+01
   1.0512910e+06   2.3620605e+01
   1.0554680e+06   2.9113770e+01
   1.0601540e+06   3.1494141e+01
   1.0604500e+06   3.3813477e+01
   1.0621110e+06   2.7526855e+01
   1.0622570e+06   3.1799316e+01
   1.0623710e+06   2.8625488e+01
   1.0624070e+06   2.3925781e+01
   1.0624460e+06   2.3010254e+01
   1.0624650e+06   2.5390625e+01
   1.0624950e+06   2.5024414e+01
   1.0708190e+06   3.1372070e+01
   1.0729480e+06   3.1066895e+01
   1.0731130e+06   3.1860352e+01
   1.0731780e+06   2.8442383e+01
   1.0732590e+06   2.5817871e+01
   1.0746310e+06   2.7648926e+01
   1.0747040e+06   3.5522461e+01
   1.0753810e+06   2.8564453e+01
   1.0754820e+06   2.9724121e+01
   1.0755270e+06   2.7587891e+01
   1.0807410e+06   3.2714844e+01
   1.0820310e+06   2.6794434e+01
   1.0854400e+06   2.7832031e+01
   1.0855720e+06   2.9235840e+01
   1.0856860e+06   2.9479980e+01
   1.0859570e+06   2.5024414e+01
   1.0874130e+06   2.5939941e+01
   1.0874770e+06   2.3681641e+01
   1.0874970e+06   2.4536133e+01
   1.0875290e+06   3.1188965e+01
   1.0891470e+06   3.6132812e+01
   1.0892520e+06   2.5268555e+01
   1.0931630e+06   2.9724121e+01
   1.0947310e+06   3.2409668e+01
   1.0947910e+06   3.1616211e+01
   1.0949040e+06   2.8320312e+01
   1.0949530e+06   2.9113770e+01
   1.0957830e+06   2.6428223e+01
   1.0958130e+06   2.5756836e+01
   1.0976560e+06   3.6804199e+01
   1.0979390e+06   2.8930664e+01
   1.0983100e+06   2.7221680e+01
   1.0983580e+06   2.8564453e+01
   1.0984180e+06   3.0151367e+01
   1.0984750e+06   2.7343750e+01
   1.0986180e+06   2.7526855e+01
   1.0987470e+06   2.5878906e+01
   1.0989800e+06   2.6733398e+01
   1.0991320e+06   2.2888184e+01
   1.0992100e+06   2.4169922e+01
   1.0994380e+06   2.3071289e+01
   1.0994700e+06   2.6245117e+01
   1.0995300e+06   2.3437500e+01
   1.1071550e+06   3.4423828e+01
   1.1075510e+06   3.2104492e+01
   1.1077060e+06   2.7465820e+01
   1.1079270e+06   2.7343750e+01
   1.1101170e+06   2.8320312e+01
   1.1102540e+06   3.0578613e+01
   1.1103250e+06   2.8137207e+01
   1.1129400e+06   3.0944824e+01
   1.1143400e+06   2.8015137e+01
   1.1173820e+06   2.9296875e+01
   1.1183110e+06   3.3386230e+01
   1.1184680e+06   2.3437500e+01
   1.1187520e+06   2.5024414e+01
   1.1188660e+06   3.0517578e+01
   1.1189840e+06   3.4057617e+01
   1.1191490e+06   3.0090332e+01
   1.1192710e+06   2.7343750e+01
   1.1197880e+06   2.6794434e+01
   1.1204330e+06   2.8320312e+01
   1.1204840e+06   2.7893066e+01
   1.1205990e+06   2.3620605e+01
   1.1206790e+06   2.5451660e+01
   1.1207540e+06   2.7404785e+01
   1.1208200e+06   2.3742676e+01
   1.1296870e+06   2.9602051e+01
   1.1299710e+06   2.8198242e+01
   1.1301060e+06   2.7221680e+01
   1.1302580e+06   3.3447266e+01
   1.1323550e+06   3.0090332e+01
   1.1325680e+06   2.6916504e+01
   1.1326420e+06   3.1188965e+01
   1.1328210e+06   3.1738281e+01
   1.1330640e+06   2.8137207e+01
   1.1331810e+06   2.4658203e+01
   1.1360260e+06   3.1005859e+01
   1.1371510e+06   3.1799316e+01
   1.1372890e+06   2.8747559e+01
   1.1374290e+06   2.9846191e+01
   1.1379000e+06   2.5329590e+01
   1.1379270e+06   2.7099609e+01
   1.1379430e+06   2.3437500e+01
   1.1442120e+06   3.6010742e+01
   1.1456400e+06   2.5634766e+01
   1.1462350e+06   2.9968262e+01
   1.1467140e+06   3.1127930e+01
   1.1476410e+06   3.1799316e+01
   1.1476900e+06   2.4230957e+01
   1.1477310e+06   2.8747559e+01
   1.1477820e+06   2.5573730e+01
   1.1524590e+06   2.5390625e+01
   1.1534930e+06   3.2775879e+01
   1.1556060e+06   3.3935547e+01
   1.1557180e+06   2.9052734e+01
   1.1557670e+06   2.5634766e+01
   1.1558200e+06   2.3010254e+01
   1.1572210e+06   2.8015137e+01
   1.1573460e+06   3.0212402e+01
   1.1575200e+06   2.5573730e+01
   1.1590170e+06   2.9663086e+01
   1.1592490e+06   3.2348633e+01
   1.1597620e+06   2.7770996e+01
   1.1598600e+06   3.0456543e+01
   1.1599190e+06   2.4536133e+01
   1.1599420e+06   2.2766113e+01
   1.1600820e+06   2.3986816e+01
   1.1602670e+06   2.5268555e+01
   1.1603610e+06   2.4902344e+01
   1.1604800e+06   2.8015137e+01
   1.1605360e+06   2.4169922e+01
   1.1605720e+06   2.4414062e+01
   1.1606210e+06   2.6550293e+01
   1.1680450e+06   3.5827637e+01
   1.1683250e+06   3.2043457e+01
   1.1685090e+06   2.3376465e+01
   1.1685840e+06   2.7465820e+01
   1.1687150e+06   2.6672363e+01
   1.1694060e+06   2.8442383e+01
   1.1695710e+06   2.5329590e+01
   1.1714330e+06   3.3630371e+01
   1.1721050e+06   3.3691406e+01
   1.1745700e+06   2.7709961e+01
   1.1746870e+06   3.5766602e+01
   1.1747240e+06   2.8869629e+01
   1.1749810e+06   2.3376465e+01
   1.1752030e+06   2.8564453e+01
   1.1754000e+06   2.7770996e+01
   1.1755540e+06   2.9357910e+01
   1.1756990e+06   2.3620605e+01
   1.1789130e+06   3.2897949e+01
   1.1790470e+06   2.7648926e+01
   1.1793850e+06   2.4780273e+01
   1.1794240e+06   2.6428223e+01
   1.1795980e+06   2.5817871e+01
   1.1799900e+06   2.6245117e+01
   1.1801040e+06   3.3447266e+01
   1.1878680e+06   3.1433105e+01
   1.1895120e+06   3.9001465e+01
   1.1896700e+06   2.8869629e+01
   1.1897170e+06   2.8076172e+01
   1.1897830e+06   3.1555176e+01
   1.1899830e+06   2.7648926e+01
   1.1906740e+06   2.7832031e+01
   1.1925680e+06   2.8991699e+01
   1.1927160e+06   3.0151367e+01
   1.1927490e+06   2.8625488e+01
   1.1928180e+06   2.6916504e+01
   1.1928520e+06   2.6550293e+01
   1.1928710e+06   2.8076172e+01
   1.2017950e+06   3.4606934e+01
   1.2030130e+06   2.5573730e+01
   1.2031220e+06   2.6489258e+01
   1.2032540e+06   2.8747559e+01
   1.2042500e+06   2.8686523e+01
   1.2045200e+06   2.6855469e+01
   1.2047070e+06   2.3925781e+01
   1.2048630e+06   2.3681641e+01
   1.2048830e+06   2.4658203e+01
   1.2049560e+06   2.6062012e+01
   1.2051240e+06   2.4169922e+01
   1.2053060e+06   3.0456543e+01
   1.2053660e+06   2.3742676e+01
   1.2053980e+06   2.5268555e+01
   1.2071230e+06   3.4362793e+01
   1.2110940e+06   2.8320312e+01
   1.2156300e+06   3.0395508e+01
   1.2156890e+06   2.5695801e+01
   1.2158390e+06   3.2104492e+01
   1.2159690e+06   3.7536621e+01
   1.2163970e+06   2.7465820e+01
   1.2171310e+06   2.4353027e+01
   1.2172480e+06   2.8320312e+01
   1.2174350e+06   2.6855469e+01
   1.2178800e+06   2.9724121e+01
   1.2179380e+06   3.1005859e+01
   1.2183520e+06   2.5451660e+01
   1.2184050e+06   2.4597168e+01
   1.2184670e+06   2.3315430e+01
   1.2185420e+06   2.4169922e+01
   1.2186040e+06   2.6977539e+01
   1.2186350e+06   2.3681641e+01
   1.2187370e+06   3.1738281e+01
   1.2254610e+06   2.9052734e+01
   1.2283440e+06   2.8259277e+01
   1.2283970e+06   2.7893066e+01
   1.2285190e+06   2.6916504e+01
   1.2285900e+06   2.7221680e+01
   1.2296170e+06   2.8015137e+01
   1.2297180e+06   2.8686523e+01
   1.2297960e+06   2.5207520e+01
   1.2353480e+06   3.1311035e+01
   1.2357180e+06   2.9357910e+01
   1.2366940e+06   3.9733887e+01
   1.2368560e+06   2.2888184e+01
   1.2370360e+06   2.3803711e+01
   1.2378300e+06   3.0151367e+01
   1.2379030e+06   2.8564453e+01
   1.2385570e+06   3.3630371e+01
   1.2386000e+06   2.3498535e+01
   1.2386610e+06   2.8076172e+01
   1.2468410e+06   2.8381348e+01
   1.2469810e+06   2.9968262e+01
   1.2470940e+06   2.9113770e+01
   1.2471990e+06   3.2592773e+01
   1.2474320e+06   2.8625488e+01
   1.2478670e+06   3.3203125e+01
   1.2479880e+06   2.6855469e+01
   1.2480840e+06   2.7038574e+01
   1.2573930e+06   3.0151367e+01
   1.2574810e+06   2.3742676e+01
   1.2575390e+06   2.3193359e+01
   1.2575830e+06   3.1311035e+01
   1.2577770e+06   2.7404785e+01
   1.2590910e+06   2.6794434e+01
   1.2592460e+06   2.5512695e+01
   1.2607090e+06   2.6794434e+01
   1.2608580e+06   3.2653809e+01
   1.2609280e+06   2.5512695e+01
   1.2609400e+06   2.8503418e+01
   1.2610460e+06   2.3925781e+01
   1.2694250e+06   3.6621094e+01
   1.2707870e+06   3.1433105e+01
   1.2709430e+06   2.3010254e+01
   1.2710420e+06   2.5878906e+01
   1.2711090e+06   2.3010254e+01
   1.2711460e+06   2.6245117e+01
   1.2712290e+06   2.4353027e+01
   1.2713160e+06   3.1677246e+01
   1.2713950e+06   2.6611328e+01
   1.2714920e+06   2.4841309e+01
   1.2715220e+06   2.6794434e+01
   1.2716990e+06   2.7954102e+01
   1.2760620e+06   2.6489258e+01
   1.2761120e+06   2.7282715e+01
   1.2761890e+06   2.7160645e+01
   1.2762860e+06   2.7343750e+01
   1.2775190e+06   3.3935547e+01
   1.2776160e+06   2.9174805e+01
   1.2776620e+06   2.5146484e+01
   1.2842960e+06   2.6062012e+01
   1.2844260e+06   2.6306152e+01
   1.2846440e+06   2.7160645e+01
   1.2848960e+06   2.8320312e+01
   1.2851600e+06   2.8442383e+01
   1.2852240e+06   3.1372070e+01
   1.2855530e+06   2.5024414e+01
   1.2861840e+06   3.5827637e+01
   1.2862350e+06   2.9724121e+01
   1.2863740e+06   2.4047852e+01
   1.2867070e+06   2.5817871e+01
   1.2867820e+06   2.8381348e+01
   1.2868640e+06   2.3437500e+01
   1.2869600e+06   2.5451660e+01
   1.2872350e+06   2.6550293e+01
   1.2875060e+06   2.5817871e+01
   1.2885990e+06   2.6428223e+01
   1.2887250e+06   2.8015137e+01
   1.2941960e+06   3.0395508e+01
   1.2947620e+06   2.8381348e+01
   1.2948180e+06   2.8808594e+01
   1.2949360e+06   2.9602051e+01
   1.2949620e+06   2.5573730e+01
   1.2950990e+06   2.9541016e+01
   1.2953800e+06   2.8076172e+01
   1.3023210e+06   2.8381348e+01
   1.3024150e+06   3.1188965e+01
   1.3025590e+06   2.7343750e+01
   1.3027120e+06   2.7893066e+01
   1.3061130e+06   2.8991699e+01
   1.3066200e+06   3.3020020e+01
   1.3101370e+06   3.5522461e+01
   1.3120650e+06   3.4301758e+01
   1.3123600e+06   2.7160645e+01
   1.3125480e+06   2.9235840e+01
   1.3128070e+06   3.1250000e+01
   1.3129580e+06   3.5278320e+01
   1.3130610e+06   2.8625488e+01
   1.3131180e+06   2.3742676e+01
   1.3131770e+06   3.2409668e+01
   1.3137930e+06   2.7343750e+01
   1.3138520e+06   3.8391113e+01
   1.3176410e+06   3.1555176e+01
   1.3188430e+06   3.3996582e+01
   1.3201340e+06   2.9174805e+01
   1.3238100e+06   2.9785156e+01
   1.3240230e+06   2.9785156e+01
   1.3240800e+06   3.0212402e+01
   1.3241990e+06   2.3437500e+01
   1.3247380e+06   2.8320312e+01
   1.3249020e+06   3.2836914e+01
   1.3257600e+06   3.0700684e+01
   1.3260800e+06   2.9235840e+01
   1.3261380e+06   2.7160645e+01
   1.3262120e+06   2.7648926e+01
   1.3262490e+06   2.3620605e+01
   1.3263050e+06   2.5329590e+01
   1.3263470e+06   2.2949219e+01
   1.3263880e+06   2.9174805e+01
   1.3264400e+06   2.5878906e+01
   1.3387940e+06   3.0029297e+01
   1.3389160e+06   3.0700684e+01
   1.3390010e+06   3.0090332e+01
   1.3390710e+06   2.7893066e+01
   1.3401230e+06   2.8747559e+01
   1.3407660e+06   2.6245117e+01
   1.3408680e+06   2.8808594e+01
   1.3410920e+06   2.3132324e+01
   1.3434800e+06   3.1677246e+01
   1.3436230e+06   2.9296875e+01
   1.3437710e+06   3.1250000e+01
   1.3438770e+06   2.6916504e+01
   1.3440560e+06   3.0639648e+01
   1.3467810e+06   2.7404785e+01
   1.3469420e+06   3.1066895e+01
   1.3471310e+06   2.7526855e+01
   1.3474390e+06   3.0212402e+01
   1.3478220e+06   2.7221680e+01
   1.3560630e+06   2.8564453e+01
   1.3563470e+06   3.3813477e+01
   1.3565720e+06   3.1066895e+01
   1.3567480e+06   3.2165527e+01
   1.3568530e+06   3.0029297e+01
   1.3569780e+06   2.8503418e+01
   1.3570230e+06   2.3376465e+01
   1.3571740e+06   2.3193359e+01
   1.3574670e+06   2.6000977e+01
   1.3575120e+06   2.3925781e+01
   1.3575630e+06   2.6489258e+01
   1.3620840e+06   2.5390625e+01
   1.3622760e+06   2.5390625e+01
   1.3623140e+06   2.4108887e+01
   1.3623640e+06   3.2531738e+01
   1.3624140e+06   2.8991699e+01
   1.3624500e+06   2.6611328e+01
   1.3647250e+06   3.4729004e+01
   1.3648660e+06   2.9663086e+01
   1.3653970e+06   2.6306152e+01
   1.3655890e+06   3.1860352e+01
   1.3747200e+06   3.2287598e+01
   1.3747730e+06   3.5827637e+01
   1.3748750e+06   2.5207520e+01
   1.3773100e+06   2.7465820e+01
   1.3773800e+06   3.2897949e+01
   1.3774240e+06   2.4841309e+01
   1.3774570e+06   2.2888184e+01
   1.3774880e+06   2.2827148e+01
   1.3775040e+06   2.8320312e+01
   1.3775490e+06   2.3498535e+01
   1.3842200e+06   3.7536621e+01
   1.3850590e+06   3.0578613e+01
   1.3851270e+06   2.3742676e+01
   1.3853520e+06   2.6794434e+01
   1.3855210e+06   2.8503418e+01
   1.3856210e+06   2.9418945e+01
   1.3860700e+06   3.1860352e+01
   1.3868560e+06   2.7038574e+01
   1.3875010e+06   3.0822754e+01
   1.3876370e+06   3.0944824e+01
   1.3878220e+06   2.8747559e+01
   1.3934970e+06   2.7893066e+01
   1.3940150e+06   2.5512695e+01
   1.3943910e+06   2.7343750e+01
   1.3945920e+06   2.9846191e+01
   1.3947250e+06   3.1127930e+01
   1.3948880e+06   2.4963379e+01
   1.3954620e+06   2.7404785e+01
   1.3955380e+06   2.8137207e+01
   1.3956410e+06   2.5634766e+01
   1.3957240e+06   2.6245117e+01
   1.3958390e+06   2.3986816e+01
   1.3962120e+06   2.9357910e+01
   1.3965650e+06   2.5024414e+01
   1.3974040e+06   2.5146484e+01
   1.3974980e+06   2.4169922e+01
   1.3975750e+06   3.0700684e+01
   1.3976430e+06   2.3986816e+01
   1.3977910e+06   3.2287598e+01
   1.3985800e+06   2.8625488e+01
   1.3988080e+06   2.5268555e+01
   1.3988540e+06   2.5451660e+01
   1.3988890e+06   2.6123047e+01
   1.4126140e+06   3.2958984e+01
   1.4127240e+06   3.2348633e+01
   1.4128250e+06   2.8930664e+01
   1.4128980e+06   2.6367188e+01
   1.4137780e+06   2.8808594e+01
   1.4138620e+06   2.8625488e+01
   1.4139360e+06   2.6855469e+01
   1.4139700e+06   2.7526855e+01
   1.4144650e+06   3.2348633e+01
   1.4145450e+06   2.5878906e+01
   1.4149220e+06   3.0944824e+01
   1.4150780e+06   3.0273438e+01
   1.4154040e+06   2.4841309e+01
   1.4159070e+06   3.2104492e+01
   1.4160630e+06   2.6245117e+01
   1.4162130e+06   2.6184082e+01
   1.4163460e+06   2.4169922e+01
   1.4163920e+06   2.6489258e+01
   1.4164650e+06   2.2888184e+01
   1.4165020e+06   2.5939941e+01
   1.4165350e+06   2.4414062e+01
   1.4165630e+06   2.3498535e+01
   1.4166470e+06   2.3254395e+01
   1.4299580e+06   2.9296875e+01
   1.4300310e+06   3.0334473e+01
   1.4301600e+06   2.8076172e+01
   1.4302740e+06   2.4230957e+01
   1.4303430e+06   3.1555176e+01
   1.4303970e+06   2.8503418e+01
   1.4409650e+06   3.2897949e+01
   1.4410340e+06   2.8137207e+01
   1.4411480e+06   2.9785156e+01
   1.4412600e+06   3.1311035e+01
   1.4415020e+06   3.0334473e+01
   1.4419060e+06   2.8747559e+01
   1.4420070e+06   2.6611328e+01
   1.4420330e+06   2.3742676e+01
   1.4420940e+06   2.3437500e+01
   1.4421210e+06   2.5756836e+01
   1.4421430e+06   2.9785156e+01
   1.4421610e+06   2.2949219e+01
   1.4421840e+06   3.1005859e+01
   1.4483960e+06   2.7954102e+01
   1.4485970e+06   2.9479980e+01
   1.4486330e+06   2.2949219e+01
   1.4486800e+06   2.4047852e+01
   1.4487990e+06   2.6245117e+01
   1.4525030e+06   3.0395508e+01
   1.4535740e+06   3.3264160e+01
   1.4582840e+06   2.8381348e+01
   1.4584220e+06   3.0944824e+01
   1.4585380e+06   2.9174805e+01
   1.4585840e+06   3.1066895e+01
   1.4587100e+06   2.6977539e+01
   1.4592410e+06   2.9357910e+01
   1.4592990e+06   2.4658203e+01
   1.4643330e+06   2.8747559e+01
   1.4644050e+06   2.8259277e+01
   1.4644870e+06   3.4423828e+01
   1.4646390e+06   2.2705078e+01
   1.4701590e+06   3.0151367e+01
   1.4704700e+06   2.3986816e+01
   1.4705820e+06   3.3569336e+01
   1.4707060e+06   2.8442383e+01
   1.4707990e+06   2.7648926e+01
   1.4711160e+06   3.2409668e+01
   1.4713680e+06   3.4606934e+01
   1.4714010e+06   2.4047852e+01
   1.4715210e+06   2.4291992e+01
   1.4715910e+06   2.4108887e+01
   1.4716570e+06   3.3386230e+01
   1.4795400e+06   2.5939941e+01
   1.4796610e+06   2.9235840e+01
   1.4798210e+06   3.0700684e+01
   1.4800320e+06   2.6367188e+01
   1.4801610e+06   3.1555176e+01
   1.4804840e+06   2.8381348e+01
   1.4807290e+06   2.7221680e+01
   1.4808710e+06   2.6550293e+01
   1.4809520e+06   2.3864746e+01
   1.4812080e+06   2.3681641e+01
   1.4813190e+06   2.3803711e+01
   1.4820010e+06   2.5573730e+01
   1.4820620e+06   2.7099609e+01
   1.4820870e+06   3.0090332e+01
   1.4821590e+06   3.1188965e+01
   1.4821730e+06   2.6123047e+01
   1.4822070e+06   3.1005859e+01
   1.4822370e+06   3.0700684e+01
   1.4823060e+06   2.7526855e+01
   1.4934360e+06   3.3020020e+01
   1.4958240e+06   3.2775879e+01
   1.4959190e+06   3.0273438e+01
   1.4959740e+06   3.5888672e+01
   1.4960420e+06   2.7954102e+01
   1.4962040e+06   3.0090332e+01
   1.4963030e+06   2.4658203e+01
   1.5066960e+06   3.1738281e+01
   1.5067740e+06   3.0700684e+01
   1.5068370e+06   3.0883789e+01
   1.5068720e+06   2.2766113e+01
   1.5068990e+06   3.3630371e+01
   1.5069380e+06   2.7343750e+01
   1.5172480e+06   3.1494141e+01
   1.5173330e+06   3.1066895e+01
   1.5174120e+06   2.3193359e+01
   1.5174870e+06   3.5034180e+01
   1.5175280e+06   2.3315430e+01
   1.5235350e+06   3.3081055e+01
   1.5239100e+06   2.7465820e+01
   1.5251230e+06   3.3752441e+01
   1.5251660e+06   2.5634766e+01
   1.5252240e+06   3.4179688e+01
   1.5252730e+06   2.5573730e+01
   1.5253120e+06   3.0212402e+01
   1.5320460e+06   3.0456543e+01
   1.5326880e+06   3.1555176e+01
   1.5327540e+06   2.9296875e+01
   1.5328190e+06   2.6916504e+01
   1.5329370e+06   2.3010254e+01
   1.5409130e+06   2.8808594e+01
   1.5409980e+06   3.1616211e+01
   1.5411240e+06   2.5756836e+01
   1.5411750e+06   2.2766113e+01
   1.5462620e+06   3.3508301e+01
   1.5498590e+06   3.0944824e+01
   1.5499290e+06   3.2409668e+01
   1.5500220e+06   2.8625488e+01
   1.5500500e+06   2.2888184e+01
   1.5500810e+06   3.0029297e+01
   1.5502110e+06   2.7465820e+01
   1.5584520e+06   3.7231445e+01
   1.5585660e+06   3.0090332e+01
   1.5586650e+06   2.3681641e+01
   1.5588010e+06   3.4423828e+01
   1.5588350e+06   2.5085449e+01
   1.5588620e+06   2.5878906e+01
   1.5617960e+06   3.7475586e+01
   1.5619080e+06   3.4667969e+01
   1.5620000e+06   2.4597168e+01
   1.5620410e+06   2.8686523e+01
   1.5620550e+06   2.3681641e+01
   1.5621190e+06   2.9724121e+01
   1.5621720e+06   3.3264160e+01
   1.5623300e+06   2.5695801e+01
   1.5670500e+06   3.2653809e+01
   1.5671600e+06   3.6682129e+01
   1.5671870e+06   2.2766113e+01
   1.5673950e+06   2.4475098e+01
   1.5720960e+06   2.7038574e+01
   1.5758300e+06   2.8686523e+01
   1.5761180e+06   2.8869629e+01
   1.5761630e+06   2.6855469e+01
   1.5762880e+06   2.6306152e+01
   1.5763380e+06   2.5878906e+01
   1.5764370e+06   2.3864746e+01
   1.5779010e+06   2.7282715e+01
   1.5780050e+06   2.5390625e+01
   1.5845270e+06   2.7587891e+01
   1.5845890e+06   2.6794434e+01
   1.5846390e+06   2.7221680e+01
   1.5846650e+06   2.5329590e+01
   1.5847210e+06   2.6123047e+01
   1.5897500e+06   3.0395508e+01
   1.5929900e+06   3.3935547e+01
   1.5931080e+06   3.6315918e+01
   1.5932000e+06   2.9052734e+01
   1.5980060e+06   3.1982422e+01
   1.5994560e+06   3.2165527e+01
   1.5997080e+06   3.7292480e+01
   1.5997840e+06   2.6977539e+01
   1.5998310e+06   2.3376465e+01
   1.5998850e+06   2.2827148e+01
   1.5999160e+06   2.8747559e+01
   1.5999400e+06   2.6489258e+01
   1.5999890e+06   3.2287598e+01
   1.6077580e+06   3.1311035e+01
   1.6091410e+06   2.8808594e+01
   1.6091820e+06   2.8015137e+01
   1.6093450e+06   3.0456543e+01
   1.6093860e+06   2.6672363e+01
   1.6094620e+06   2.4658203e+01
   1.6095040e+06   2.9296875e+01
   1.6132640e+06   3.3630371e+01
   1.6138980e+06   2.5512695e+01
   1.6139960e+06   3.2104492e+01
   1.6140620e+06   3.4912109e+01
   1.6141120e+06   2.4047852e+01
   1.6141810e+06   2.5573730e+01
   1.6141930e+06   2.5146484e+01
   1.6142450e+06   3.2348633e+01
   1.6238480e+06   3.0578613e+01
   1.6257210e+06   3.2409668e+01
   1.6257920e+06   2.8564453e+01
   1.6258800e+06   2.6306152e+01
   1.6259120e+06   3.1738281e+01
   1.6259310e+06   2.3193359e+01
   1.6260320e+06   2.9846191e+01
   1.6382180e+06   2.8747559e+01
   1.6383250e+06   2.3010254e+01
   1.6383550e+06   3.1188965e+01
   1.6383940e+06   3.5827637e+01
   1.6384170e+06   2.5695801e+01
   1.6384500e+06   2.3925781e+01
   1.6384730e+06   2.4353027e+01
   1.6384860e+06   2.2766113e+01
   1.6385330e+06   2.5390625e+01
   1.6386040e+06   2.5695801e+01
   1.6426410e+06   3.3447266e+01
   1.6428740e+06   2.7893066e+01
   1.6431170e+06   2.8930664e+01
   1.6433920e+06   2.7770996e+01
   1.6435980e+06   2.7343750e+01
   1.6438780e+06   2.5390625e+01
   1.6442810e+06   3.3752441e+01
   1.6464990e+06   3.1127930e+01
   1.6469750e+06   2.7343750e+01
   1.6470940e+06   2.6611328e+01
   1.6474640e+06   2.8137207e+01
   1.6476880e+06   2.6611328e+01
   1.6500890e+06   3.2226562e+01
   1.6501520e+06   2.9235840e+01
   1.6501890e+06   3.3447266e+01
   1.6502210e+06   2.6916504e+01
   1.6502530e+06   2.7343750e+01
   1.6502680e+06   3.0212402e+01
   1.6503410e+06   2.3376465e+01
   1.6534940e+06   2.8930664e+01
   1.6535570e+06   3.0273438e+01
   1.6536330e+06   3.1066895e+01
   1.6536580e+06   3.3569336e+01
   1.6536870e+06   2.4108887e+01
   1.6537310e+06   2.6123047e+01
   1.6537540e+06   2.2766113e+01
   1.6574710e+06   2.8930664e+01
   1.6575300e+06   3.2897949e+01
   1.6575670e+06   2.7160645e+01
   1.6576050e+06   2.5878906e+01
   1.6576650e+06   2.6306152e+01
   1.6577010e+06   2.2827148e+01
   1.6577250e+06   2.8564453e+01
   1.6577510e+06   3.0578613e+01
   1.6577630e+06   2.2705078e+01
   1.6578170e+06   2.3132324e+01
   1.6616870e+06   2.9052734e+01
   1.6620940e+06   2.5939941e+01
   1.6622370e+06   2.4963379e+01
   1.6623290e+06   2.7404785e+01
   1.6625400e+06   2.6062012e+01
   1.6642820e+06   2.5512695e+01
   1.6644250e+06   2.5512695e+01
   1.6646330e+06   2.3742676e+01
   1.6647200e+06   2.9541016e+01
   1.6648850e+06   2.9663086e+01
   1.6652930e+06   3.2592773e+01
   1.6695400e+06   3.3569336e+01
   1.6696240e+06   2.9357910e+01
   1.6696840e+06   2.8686523e+01
   1.6697130e+06   2.4597168e+01
   1.6697610e+06   2.3254395e+01
   1.6698100e+06   2.9113770e+01
   1.6698660e+06   2.7648926e+01
   1.6733060e+06   3.4545898e+01
   1.6736700e+06   2.7893066e+01
   1.6738380e+06   3.2958984e+01
   1.6741650e+06   3.1372070e+01
   1.6744680e+06   2.4291992e+01
   1.6746320e+06   3.3203125e+01
   1.6747050e+06   2.5878906e+01
   1.6749180e+06   2.7160645e+01
   1.6752120e+06   3.2836914e+01
   1.6753420e+06   2.4047852e+01
   1.6754140e+06   2.4353027e+01
   1.6754470e+06   2.6367188e+01
   1.6755260e+06   2.7954102e+01
   1.6755620e+06   2.3864746e+01
   1.6756080e+06   2.9479980e+01
   1.6756640e+06   3.0090332e+01
   1.6757520e+06   2.8930664e+01
   1.6760530e+06   2.5451660e+01
   1.6761450e+06   3.0456543e+01
   1.6763300e+06   2.3437500e+01
   1.6765030e+06   2.5939941e+01
   1.6774100e+06   3.1066895e+01
   1.6779100e+06   2.6367188e+01
   1.6785960e+06   2.6062012e+01
   1.6786770e+06   2.9602051e+01
   1.6787500e+06   2.3681641e+01
   1.6790450e+06   2.5634766e+01
   1.6802620e+06   3.0517578e+01
   1.6803780e+06   2.6428223e+01
   1.6804320e+06   2.4963379e+01
   1.6804870e+06   2.6000977e+01
   1.6818960e+06   2.5939941e+01
   1.6819910e+06   2.4047852e+01
   1.6822260e+06   2.7221680e+01
   1.6826180e+06   3.0517578e+01
   1.6826730e+06   2.3803711e+01
   1.6827170e+06   2.7465820e+01
   1.6845980e+06   2.5573730e+01
   1.6846410e+06   2.9602051e+01
   1.6847480e+06   2.6000977e+01
   1.6847840e+06   2.6733398e+01
   1.6848930e+06   2.2766113e+01
   1.6876460e+06   2.9235840e+01
   1.6876960e+06   2.7465820e+01
   1.6878600e+06   2.8015137e+01
   1.6892720e+06   3.1005859e+01
   1.6893220e+06   2.9785156e+01
   1.6893520e+06   2.8442383e+01
   1.6894170e+06   2.7038574e+01
   1.6894280e+06   2.5146484e+01
   1.6894530e+06   2.6245117e+01
   1.6894820e+06   2.4902344e+01
   1.6895020e+06   2.7099609e+01
   1.6895600e+06   2.6550293e+01
   1.6932090e+06   2.5207520e+01
   1.6933710e+06   2.3864746e+01
   1.6934250e+06   2.7282715e+01
   1.6937780e+06   2.5756836e+01
   1.6939680e+06   2.5939941e+01
   1.6941280e+06   2.6550293e+01
   1.6942020e+06   2.2949219e+01
   1.6943750e+06   2.4902344e+01
   1.6955650e+06   2.8869629e+01
   1.6956040e+06   2.6611328e+01
   1.6956550e+06   2.4475098e+01
   1.6957420e+06   2.5207520e+01
   1.6958790e+06   2.3681641e+01
   1.6959150e+06   2.2949219e+01
   1.6959830e+06   2.5207520e+01
   1.6974890e+06   3.0395508e+01
   1.6975330e+06   2.6916504e+01
   1.6975890e+06   2.5085449e+01
   1.7000170e+06   3.5583496e+01
   1.7000520e+06   3.0883789e+01
   1.7000930e+06   2.7221680e+01
   1.7001670e+06   2.5695801e+01
   1.7002300e+06   3.2836914e+01
   1.7002670e+06   2.2888184e+01
   1.7033490e+06   3.2592773e+01
   1.7034260e+06   3.3447266e+01
   1.7034560e+06   2.5939941e+01
   1.7034770e+06   2.2766113e+01
   1.7035090e+06   2.3193359e+01
   1.7035410e+06   2.6306152e+01
   1.7035730e+06   2.5878906e+01
   1.7035980e+06   2.9235840e+01
   1.7036260e+06   2.5817871e+01
   1.7036670e+06   2.6000977e+01
   1.7036890e+06   2.5390625e+01
   1.7077760e+06   2.7648926e+01
   1.7078700e+06   3.1738281e+01
   1.7079560e+06   2.7526855e+01
   1.7080040e+06   2.5573730e+01
   1.7082020e+06   2.5756836e+01
   1.7082630e+06   2.7893066e+01
   1.7083410e+06   2.3132324e+01
   1.7084060e+06   2.3925781e+01
   1.7084730e+06   2.6245117e+01
   1.7087170e+06   2.9296875e+01
   1.7088040e+06   2.4291992e+01
   1.7088940e+06   2.8930664e+01
   1.7091240e+06   2.5146484e+01
   1.7091890e+06   2.2888184e+01
   1.7097940e+06   2.4414062e+01
   1.7116140e+06   2.9846191e+01
   1.7116720e+06   2.6184082e+01
   1.7117260e+06   2.4353027e+01
   1.7117650e+06   2.5085449e+01
   1.7117760e+06   2.3559570e+01
   1.7118580e+06   2.5207520e+01
   1.7119260e+06   2.6733398e+01
   1.7119720e+06   2.3803711e+01
   1.7158380e+06   3.0090332e+01
   1.7159190e+06   2.7954102e+01
   1.7159620e+06   2.6489258e+01
   1.7160020e+06   2.3681641e+01
   1.7160800e+06   2.3742676e+01
   1.7161560e+06   2.8869629e+01
   1.7162220e+06   2.4230957e+01
   1.7162900e+06   2.3803711e+01
   1.7188610e+06   3.1311035e+01
   1.7188930e+06   2.5573730e+01
   1.7189290e+06   2.4353027e+01
   1.7189470e+06   2.6306152e+01
   1.7189580e+06   2.4597168e+01
   1.7189990e+06   3.3996582e+01
   1.7190360e+06   2.6245117e+01
   1.7190590e+06   2.9663086e+01
   1.7237970e+06   3.1127930e+01
   1.7238480e+06   2.8015137e+01
   1.7239120e+06   2.8076172e+01
   1.7240040e+06   2.6672363e+01
   1.7240670e+06   2.4841309e+01
   1.7241390e+06   2.2888184e+01
   1.7244010e+06   2.2888184e+01
   1.7267110e+06   3.0029297e+01
   1.7267350e+06   2.2766113e+01
   1.7267830e+06   2.9968262e+01
   1.7268240e+06   3.3874512e+01
   1.7268490e+06   2.6794434e+01
   1.7273230e+06   2.4780273e+01
   1.7313070e+06   2.7099609e+01
   1.7313540e+06   2.4414062e+01
   1.7314030e+06   2.3071289e+01
   1.7314780e+06   2.8625488e+01
   1.7316700e+06   2.6000977e+01
   1.7341250e+06   2.6733398e+01
   1.7341670e+06   2.6062012e+01
   1.7342160e+06   2.5146484e+01
   1.7342620e+06   2.4780273e+01
   1.7343750e+06   2.7526855e+01
   1.7344440e+06   2.7343750e+01
   1.7344790e+06   2.5329590e+01
   1.7345290e+06   2.6062012e+01
   1.7388450e+06   2.7465820e+01
   1.7389180e+06   3.3020020e+01
   1.7389510e+06   2.7038574e+01
   1.7390870e+06   3.0517578e+01
   1.7391370e+06   2.2705078e+01
   1.7427840e+06   2.3925781e+01
   1.7428300e+06   2.6306152e+01
   1.7428920e+06   2.3437500e+01
   1.7429060e+06   2.3315430e+01
   1.7429430e+06   2.3742676e+01
   1.7429550e+06   2.5146484e+01
   1.7429890e+06   2.4780273e+01
   1.7430370e+06   2.5512695e+01
   1.7467910e+06   2.9724121e+01
   1.7468660e+06   3.1921387e+01
   1.7469120e+06   2.3742676e+01
   1.7469790e+06   2.7221680e+01
   1.7471160e+06   2.4963379e+01
   1.7472310e+06   2.7648926e+01
   1.7499370e+06   3.0578613e+01
   1.7499630e+06   2.3010254e+01
   1.7500250e+06   2.5329590e+01
   1.7500830e+06   2.2888184e+01
   1.7542470e+06   2.8381348e+01
   1.7543330e+06   2.6733398e+01
   1.7543790e+06   2.3498535e+01
   1.7545680e+06   3.0029297e+01
   1.7585220e+06   3.5766602e+01
   1.7585540e+06   3.1921387e+01
   1.7585760e+06   2.3620605e+01
   1.7586520e+06   2.7038574e+01
   1.7587540e+06   2.7404785e+01
   1.7588090e+06   2.3437500e+01
   1.7590440e+06   2.3864746e+01
   1.7629610e+06   2.4963379e+01
   1.7629960e+06   2.7343750e+01
   1.7630410e+06   2.2888184e+01
   1.7630760e+06   2.9296875e+01
   1.7631090e+06   3.0578613e+01
   1.7666000e+06   3.6499023e+01
   1.7666200e+06   3.8574219e+01
   1.7666830e+06   2.8076172e+01
   1.7667360e+06   2.3132324e+01
   1.7668460e+06   2.2705078e+01
   1.7713770e+06   2.9479980e+01
   1.7714200e+06   2.5146484e+01
   1.7714580e+06   2.8259277e+01
   1.7714770e+06   2.4353027e+01
   1.7715250e+06   2.3864746e+01
   1.7715500e+06   2.7404785e+01
   1.7765020e+06   3.3020020e+01
   1.7765220e+06   3.1005859e+01
   1.7765520e+06   2.6916504e+01
   1.7766260e+06   2.3254395e+01
   1.7768320e+06   2.3132324e+01
   1.7769030e+06   3.2226563e+01
   1.7769490e+06   2.4353027e+01
   1.7818950e+06   2.6916504e+01
   1.7819210e+06   3.2348633e+01
   1.7819490e+06   2.9479980e+01
   1.7819950e+06   2.4169922e+01
   1.7822410e+06   2.5146484e+01
   1.7823040e+06   2.3315430e+01
   1.7880890e+06   2.4963379e+01
   1.7881310e+06   3.3142090e+01
   1.7882120e+06   2.5878906e+01
   1.7882720e+06   2.3010254e+01
   1.7882940e+06   2.6245117e+01
   1.7884460e+06   3.0700684e+01
   1.7887300e+06   2.7465820e+01
   1.7931820e+06   2.3742676e+01
   1.7932100e+06   2.4047852e+01
   1.7932420e+06   2.9479980e+01
   1.7932650e+06   2.5024414e+01
   1.7933020e+06   3.1616211e+01
   1.7933250e+06   2.3315430e+01
   1.7933640e+06   3.0944824e+01
   1.7933920e+06   2.7160645e+01
   1.7980990e+06   3.1311035e+01
   1.7981250e+06   2.9602051e+01
   1.7981550e+06   3.1433105e+01
   1.7982310e+06   2.5390625e+01
   1.7983820e+06   2.7832031e+01
   1.8049090e+06   3.2592773e+01
   1.8049490e+06   2.6489258e+01
   1.8050600e+06   2.3315430e+01
   1.8051070e+06   3.0700684e+01
   1.8051420e+06   2.2888184e+01
   1.8108570e+06   3.2409668e+01
   1.8108840e+06   2.7832031e+01
   1.8109130e+06   3.2470703e+01
   1.8109510e+06   3.0212402e+01
   1.8109880e+06   2.5695801e+01
   1.8110410e+06   2.3437500e+01
   1.8162430e+06   2.7160645e+01
   1.8162630e+06   2.3010254e+01
   1.8162820e+06   2.8137207e+01
   1.8162940e+06   2.5512695e+01
   1.8163550e+06   2.4169922e+01
   1.8164350e+06   2.5634766e+01
   1.8164820e+06   2.4291992e+01
   1.8247110e+06   3.5217285e+01
   1.8247450e+06   3.2409668e+01
   1.8247680e+06   3.5766602e+01
   1.8248040e+06   2.4047852e+01
   1.8248270e+06   2.7832031e+01
   1.8248800e+06   2.4291992e+01
   1.8249300e+06   2.4719238e+01
   1.8251490e+06   2.6733398e+01
   1.8294350e+06   2.2705078e+01
   1.8294700e+06   2.6855469e+01
   1.8295000e+06   2.4780273e+01
   1.8295290e+06   2.3864746e+01
   1.8295850e+06   2.5756836e+01
   1.8373800e+06   2.6550293e+01
   1.8374210e+06   3.3813477e+01
   1.8374520e+06   3.2775879e+01
   1.8374820e+06   3.4667969e+01
   1.8374920e+06   2.5451660e+01
   1.8375220e+06   2.8320312e+01
   1.8375430e+06   2.3925781e+01
   1.8375710e+06   2.3986816e+01
   1.8375950e+06   2.2766113e+01
   1.8377240e+06   2.3559570e+01
   1.8462960e+06   3.2958984e+01
   1.8463260e+06   2.5634766e+01
   1.8463730e+06   2.5756836e+01
   1.8464160e+06   2.6306152e+01
   1.8464690e+06   2.5085449e+01
   1.8464850e+06   2.4414062e+01
   1.8554380e+06   2.8930664e+01
   1.8554640e+06   2.9724121e+01
   1.8555230e+06   2.8137207e+01
   1.8555850e+06   2.6428223e+01
   1.8555960e+06   2.7221680e+01
   1.8556490e+06   2.4291992e+01
   1.8557080e+06   2.7221680e+01
   1.8558670e+06   2.5146484e+01
   1.8729350e+06   2.8625488e+01
   1.8729660e+06   3.8879395e+01
   1.8729800e+06   3.1921387e+01
   1.8730450e+06   2.5512695e+01
   1.8731150e+06   2.4169922e+01
   1.8731510e+06   2.4230957e+01
   1.8733590e+06   2.3742676e+01
   1.8771120e+06   2.9174805e+01
   1.8773230e+06   2.4475098e+01
   1.8774630e+06   2.9052734e+01
   1.8775690e+06   3.2531738e+01
   1.8776810e+06   3.2165527e+01
   1.8777240e+06   2.2949219e+01
   1.8778100e+06   2.3193359e+01
   1.8780940e+06   2.6184082e+01
   1.9523200e+06   2.8869629e+01
   1.9556090e+06   2.6855469e+01
   1.9556860e+06   3.2287598e+01
   1.9557790e+06   2.7954102e+01
   1.9558380e+06   2.9113770e+01
   1.9558630e+06   2.4475098e+01
   1.9559230e+06   2.3193359e+01
   1.9559740e+06   2.3315430e+01
   1.9560670e+06   2.5085449e+01
   1.9561760e+06   2.6916504e+01
   1.9786180e+06   2.9174805e+01
   1.9798950e+06   2.7160645e+01
   1.9807540e+06   3.5034180e+01
   1.9809830e+06   3.2165527e+01
   1.9811910e+06   2.4658203e+01
   1.9812920e+06   2.6794434e+01
   1.9814010e+06   2.4597168e+01
   1.9814820e+06   2.8503418e+01
   1.9815310e+06   2.3864746e+01
   1.9816020e+06   2.8198242e+01
   1.9816900e+06   2.5268555e+01
   1.9817860e+06   2.3132324e+01
   1.9818170e+06   2.3071289e+01
   2.0015580e+06   3.0090332e+01
   2.0022320e+06   2.8808594e+01
   2.0031540e+06   3.0395508e+01
   2.0035320e+06   3.1433105e+01
   2.0036630e+06   2.5329590e+01
   2.0039320e+06   2.8381348e+01
   2.0040100e+06   2.7587891e+01
   2.0042130e+06   2.9907227e+01
   2.0043780e+06   2.4719238e+01
   2.0047490e+06   2.9235840e+01
   2.0053180e+06   2.3925781e+01
   2.0058400e+06   2.5695801e+01
   2.0062580e+06   3.5278320e+01
   2.0067600e+06   2.7282715e+01
   2.0069430e+06   2.5817871e+01
   2.0070560e+06   2.6000977e+01
   2.0071640e+06   2.3437500e+01
   2.0074010e+06   2.3254395e+01
   2.0247840e+06   3.2043457e+01
   2.0251110e+06   3.0883789e+01
   2.0252760e+06   2.3132324e+01
   2.0253670e+06   2.5390625e+01
   2.0256050e+06   2.7099609e+01
   2.0257550e+06   2.6733398e+01
   2.0266790e+06   2.7709961e+01
   2.0269080e+06   3.3325195e+01
   2.0272160e+06   2.7893066e+01
   2.0274760e+06   2.4597168e+01
   2.0276960e+06   2.3559570e+01
   2.0310350e+06   3.1494141e+01
   2.0349370e+06   2.6794434e+01
   2.0460550e+06   3.2592773e+01
   2.0512280e+06   3.1127930e+01
   2.0556760e+06   2.7526855e+01
   2.0559530e+06   2.7465820e+01
   2.0563180e+06   2.8137207e+01
   2.0564350e+06   2.6184082e+01
   2.0568010e+06   2.6611328e+01
   2.0569130e+06   2.9418945e+01
   2.0569800e+06   2.3803711e+01
   2.0570940e+06   2.9602051e+01
   2.0572420e+06   3.1799316e+01
   2.0579440e+06   2.9602051e+01
   2.0583800e+06   2.3681641e+01
   2.0586090e+06   2.7282715e+01
   2.0591500e+06   2.9479980e+01
   2.0601550e+06   2.3437500e+01
   2.0605560e+06   2.5024414e+01
   2.0608810e+06   3.1433105e+01
   2.0703900e+06   3.5156250e+01
   2.0764470e+06   2.9113770e+01
   2.0808980e+06   2.9663086e+01
   2.0862330e+06   2.8320313e+01
   2.0865470e+06   2.7770996e+01
   2.0868400e+06   2.9724121e+01
   2.0873050e+06   2.9174805e+01
   2.0874250e+06   2.8869629e+01
   2.0876500e+06   2.7404785e+01
   2.0877740e+06   2.9602051e+01
   2.0881160e+06   3.2226562e+01
   2.0881820e+06   2.6428223e+01
   2.0883410e+06   2.6367188e+01
   2.0884940e+06   2.7099609e+01
   2.0885980e+06   2.5329590e+01
   2.0889100e+06   2.6000977e+01
   2.0896500e+06   2.7343750e+01
   2.0900690e+06   2.9357910e+01
   2.0911290e+06   2.8808594e+01
   2.0914610e+06   2.3254395e+01
   2.0915290e+06   2.3559570e+01
   2.0916170e+06   2.7465820e+01
   2.0916630e+06   2.2949219e+01
   2.0917820e+06   2.3437500e+01
   2.0920160e+06   3.0639648e+01
   2.0921380e+06   2.5390625e+01
   2.0922260e+06   2.5146484e+01
   2.0923370e+06   2.5634766e+01
   2.0924080e+06   2.6977539e+01
   2.0926130e+06   2.3437500e+01
   2.0928810e+06   2.3925781e+01
   2.0934980e+06   2.5634766e+01
   2.0939190e+06   3.5888672e+01
   2.1083420e+06   3.0395508e+01
   2.1125170e+06   3.1860352e+01
   2.1170700e+06   3.1494141e+01
   2.1192420e+06   3.4179688e+01
   2.1198780e+06   3.9062500e+01
   2.1206090e+06   2.6916504e+01
   2.1207450e+06   2.6184082e+01
   2.1219680e+06   3.1677246e+01
   2.1258890e+06   2.9113770e+01
   2.1296450e+06   3.6010742e+01
   2.1306220e+06   3.3752441e+01
   2.1355490e+06   2.6977539e+01
   2.1375260e+06   2.8259277e+01
   2.1395490e+06   2.9846191e+01
   2.1435300e+06   3.3447266e+01
   2.1451560e+06   3.2714844e+01
   2.1459420e+06   2.9418945e+01
   2.1461650e+06   3.1066895e+01
   2.1463700e+06   2.6489258e+01
   2.1465090e+06   3.0944824e+01
   2.1465810e+06   3.1066895e+01
   2.1466760e+06   3.2592773e+01
   2.1468430e+06   2.7343750e+01
   2.1470590e+06   3.0700684e+01
   2.1473180e+06   2.9541016e+01
   2.1474180e+06   2.7709961e+01
   2.1482390e+06   2.9357910e+01
   2.1484710e+06   2.2949219e+01
   2.1490850e+06   2.6794434e+01
   2.1559460e+06   2.6916504e+01
   2.1663610e+06   2.6977539e+01
   2.1714180e+06   2.6489258e+01
   2.1718970e+06   2.5634766e+01
   2.1723320e+06   2.7526855e+01
   2.1727240e+06   3.1555176e+01
   2.1730350e+06   3.2531738e+01
   2.1733630e+06   3.4179688e+01
   2.1739320e+06   2.8015137e+01
   2.1740150e+06   3.0822754e+01
   2.1741450e+06   2.9418945e+01
   2.1742730e+06   2.8625488e+01
   2.1743870e+06   2.2705078e+01
   2.1744860e+06   2.5878906e+01
   2.1746650e+06   2.7038574e+01
   2.1749240e+06   2.6062012e+01
   2.1893400e+06   2.5939941e+01
   2.1922290e+06   3.1616211e+01
   2.1930320e+06   2.7404785e+01
   2.1934720e+06   3.3691406e+01
   2.1939850e+06   2.4780273e+01
   2.1941350e+06   3.2470703e+01
   2.1944540e+06   2.6184082e+01
   2.1945720e+06   2.8991699e+01
   2.1948050e+06   2.7954102e+01
   2.1950970e+06   2.5207520e+01
   2.1951890e+06   2.7832031e+01
   2.1952910e+06   2.9846191e+01
   2.1954600e+06   2.3376465e+01
   2.1956040e+06   2.7526855e+01
   2.1957440e+06   2.3742676e+01
   2.1958470e+06   2.3986816e+01
   2.1960100e+06   3.1555176e+01
   2.1960680e+06   2.5329590e+01
   2.1964890e+06   2.4841309e+01
   2.1967200e+06   2.4963379e+01
   2.1969490e+06   3.0700684e+01
   2.1970140e+06   2.9846191e+01
   2.1971210e+06   2.6123047e+01
   2.1976240e+06   2.3620605e+01
   2.1978980e+06   2.9479980e+01
   2.1980450e+06   2.2949219e+01
   2.1982870e+06   2.3071289e+01
   2.2046040e+06   3.3325195e+01
   2.2168360e+06   3.7475586e+01
   2.2190460e+06   3.2714844e+01
   2.2238590e+06   2.8503418e+01
   2.2260620e+06   2.8564453e+01
   2.2270870e+06   2.7648926e+01
   2.2304090e+06   3.2836914e+01
   2.2305890e+06   3.0395508e+01
   2.2307260e+06   3.4179688e+01
   2.2309810e+06   3.0090332e+01
   2.2312640e+06   3.2348633e+01
   2.2316630e+06   3.2226562e+01
   2.2317460e+06   2.6184082e+01
   2.2318520e+06   3.1494141e+01
   2.2319870e+06   2.7343750e+01
   2.2321320e+06   2.3803711e+01
   2.2323660e+06   2.5756836e+01
   2.2333170e+06   3.4118652e+01
   2.2341440e+06   3.6315918e+01
   2.2345270e+06   2.6672363e+01
   2.2345720e+06   2.5085449e+01
   2.2346400e+06   3.2653809e+01
   2.2346910e+06   2.8808594e+01
   2.2347150e+06   2.4536133e+01
   2.2348780e+06   3.0151367e+01
   2.2350690e+06   2.4963379e+01
   2.2430300e+06   3.4240723e+01
   2.2495280e+06   3.9916992e+01
   2.2510950e+06   3.1066895e+01
   2.2542670e+06   2.7221680e+01
   2.2567460e+06   3.4606934e+01
   2.2573830e+06   3.3142090e+01
   2.2578110e+06   2.6550293e+01
   2.2580620e+06   3.1555176e+01
   2.2582140e+06   3.1555176e+01
   2.2583510e+06   2.4597168e+01
   2.2584300e+06   2.3315430e+01
   2.2585420e+06   2.6184082e+01
   2.2586710e+06   2.3437500e+01
   2.2593390e+06   2.3193359e+01
   2.2598400e+06   2.8320312e+01
   2.2599170e+06   3.1311035e+01
   2.2603720e+06   3.1372070e+01
   2.2606210e+06   2.6245117e+01
   2.2609710e+06   3.3752441e+01
   2.2610720e+06   2.9968262e+01
   2.2612530e+06   2.5756836e+01
   2.2615150e+06   3.1738281e+01
   2.2616660e+06   2.3315430e+01
   2.2619640e+06   2.7648926e+01
   2.2698830e+06   3.1372070e+01
   2.2712940e+06   3.2897949e+01
   2.2763630e+06   2.7648926e+01
   2.2822140e+06   3.1433105e+01
   2.2892260e+06   2.6123047e+01
   2.2944550e+06   3.0944824e+01
   2.2951160e+06   2.6855469e+01
   2.2953340e+06   2.8381348e+01
   2.2954670e+06   3.4606934e+01
   2.2958560e+06   3.0700684e+01
   2.2966110e+06   2.5268555e+01
   2.2975590e+06   2.7282715e+01
   2.2976170e+06   2.8869629e+01
   2.2976580e+06   2.3559570e+01
   2.2977510e+06   2.6428223e+01
   2.2978940e+06   2.5817871e+01
   2.2980030e+06   2.4719238e+01
   2.2981430e+06   2.8564453e+01
   2.2985120e+06   2.3010254e+01
   2.2988270e+06   2.8747559e+01
   2.2989980e+06   2.5878906e+01
   2.2997210e+06   2.5573730e+01
   2.3000060e+06   2.4169922e+01
   2.3011450e+06   2.6733398e+01
   2.3013030e+06   2.9113770e+01
   2.3014780e+06   2.6184082e+01
   2.3017940e+06   2.6123047e+01
   2.3022590e+06   2.7832031e+01
   2.3024080e+06   3.4118652e+01
   2.3029070e+06   2.8320312e+01
   2.3035280e+06   3.1555176e+01
   2.3040680e+06   3.0456543e+01
   2.3077900e+06   3.1188965e+01
   2.3114190e+06   3.6682129e+01
   2.3136150e+06   3.4301758e+01
   2.3201740e+06   4.4433594e+01
   2.3238260e+06   3.0761719e+01
   2.3256490e+06   2.7282715e+01
   2.3259150e+06   2.8564453e+01
   2.3261060e+06   3.2226562e+01
   2.3262220e+06   2.8137207e+01
   2.3264260e+06   3.1005859e+01
   2.3267500e+06   2.4719238e+01
   2.3269690e+06   2.9418945e+01
   2.3290360e+06   2.8747559e+01
   2.3292890e+06   3.0517578e+01
   2.3293780e+06   2.6245117e+01
   2.3294330e+06   2.8015137e+01
   2.3296640e+06   3.1188965e+01
   2.3297450e+06   2.4658203e+01
   2.3298120e+06   2.7465820e+01
   2.3300590e+06   2.7221680e+01
   2.3301600e+06   2.7404785e+01
   2.3302650e+06   2.9174805e+01
   2.3303240e+06   2.5146484e+01
   2.3305530e+06   2.6367188e+01
   2.3306540e+06   2.8137207e+01
   2.3307220e+06   2.4291992e+01
   2.3308350e+06   2.4902344e+01
   2.3311670e+06   2.4719238e+01
   2.3471980e+06   3.0517578e+01
   2.3482610e+06   2.6855469e+01
   2.3515300e+06   2.8503418e+01
   2.3529120e+06   2.4963379e+01
   2.3530060e+06   2.6306152e+01
   2.3535880e+06   3.1433105e+01
   2.3537290e+06   2.7099609e+01
   2.3569320e+06   2.5573730e+01
   2.3579690e+06   3.0517578e+01
   2.3581400e+06   2.3742676e+01
   2.3582790e+06   2.7343750e+01
   2.3585650e+06   2.5573730e+01
   2.3588160e+06   2.5451660e+01
   2.3597600e+06   2.7893066e+01
   2.3598320e+06   2.6611328e+01
   2.3599120e+06   2.5329590e+01
   2.3599660e+06   2.8442383e+01
   2.3600660e+06   2.9113770e+01
   2.3605720e+06   2.7038574e+01
   2.3606960e+06   2.4353027e+01
   2.3611090e+06   2.8747559e+01
   2.3612470e+06   2.3620605e+01
   2.3614470e+06   2.5207520e+01
   2.3653140e+06   2.7893066e+01
   2.3775380e+06   2.8991699e+01
   2.3776730e+06   3.3325195e+01
   2.3777770e+06   3.1066895e+01
   2.3779540e+06   2.6550293e+01
   2.3781020e+06   3.1860352e+01
   2.3783530e+06   2.5512695e+01
   2.3786780e+06   2.4902344e+01
   2.3848080e+06   3.6010742e+01
   2.3896940e+06   2.9479980e+01
   2.3897790e+06   2.8747559e+01
   2.3899430e+06   3.0944824e+01
   2.3901250e+06   3.0334473e+01
   2.3904320e+06   2.6611328e+01
   2.3907250e+06   2.6977539e+01
   2.3911850e+06   2.5451660e+01
   2.3988760e+06   3.0517578e+01
   2.4014730e+06   3.1127930e+01
   2.4029510e+06   3.4240723e+01
   2.4030580e+06   2.8869629e+01
   2.4033820e+06   2.6672363e+01
   2.4123390e+06   3.7597656e+01
   2.4150490e+06   3.0517578e+01
   2.4151400e+06   3.1188965e+01
   2.4152740e+06   3.0578613e+01
   2.4154740e+06   2.3254395e+01
   2.4157120e+06   3.3508301e+01
   2.4160340e+06   2.8503418e+01
   2.4167980e+06   3.0883789e+01
   2.4168910e+06   3.0517578e+01
   2.4180760e+06   3.2226562e+01
   2.4263480e+06   3.8330078e+01
   2.4264720e+06   3.2775879e+01
   2.4266690e+06   3.0639648e+01
   2.4361070e+06   3.2287598e+01
   2.4362220e+06   2.4963379e+01
   2.4366000e+06   3.4912109e+01
   2.4368810e+06   3.1188965e+01
   2.4437610e+06   3.1921387e+01
   2.4438390e+06   2.6733398e+01
   2.4440040e+06   2.9235840e+01
   2.4442330e+06   3.2348633e+01
   2.4443960e+06   2.9357910e+01
   2.4444950e+06   2.2766113e+01
   2.4446350e+06   2.4475098e+01
   2.4447720e+06   2.7404785e+01
   2.4448630e+06   2.8808594e+01
   2.4531800e+06   3.5278320e+01
   2.4532730e+06   3.7780762e+01
   2.4533470e+06   2.5268555e+01
   2.4536180e+06   3.0944824e+01
   2.4539920e+06   2.6794434e+01
   2.4611700e+06   3.2287598e+01
   2.4613430e+06   3.1982422e+01
   2.4614550e+06   2.8747559e+01
   2.4619690e+06   3.1127930e+01
   2.4696350e+06   3.0273438e+01
   2.4697190e+06   2.8991699e+01
   2.4697640e+06   2.6306152e+01
   2.4698470e+06   3.1982422e+01
   2.4699340e+06   2.8930664e+01
   2.4781820e+06   2.8930664e+01
   2.4782590e+06   3.2165527e+01
   2.4783180e+06   2.7709961e+01
   2.4784270e+06   2.4414062e+01
   2.4786740e+06   2.5268555e+01
   2.4838270e+06   2.9602051e+01
   2.4885620e+06   2.8015137e+01
   2.4886670e+06   2.9907227e+01
   2.4887540e+06   3.1372070e+01
   2.4888200e+06   2.6672363e+01
   2.4893050e+06   2.7709961e+01
   2.4894880e+06   2.3193359e+01
   2.4990190e+06   3.1677246e+01
   2.4997850e+06   2.6977539e+01
   2.4998670e+06   2.9785156e+01
   2.4999260e+06   3.2043457e+01
   2.5001530e+06   2.8564453e+01
   2.5005570e+06   2.9785156e+01
   2.5013920e+06   2.4902344e+01
   2.5017060e+06   2.3620605e+01
   2.5094850e+06   3.0151367e+01
   2.5095620e+06   3.4729004e+01
   2.5097990e+06   2.8320312e+01
   2.5100200e+06   3.1555176e+01
   2.5180010e+06   3.1921387e+01
   2.5181370e+06   2.6428223e+01
   2.5182670e+06   2.4291992e+01
   2.5183390e+06   2.8015137e+01
   2.5314260e+06   2.7465820e+01
   2.5315320e+06   2.8869629e+01
   2.5315920e+06   2.6733398e+01
   2.5317170e+06   2.7099609e+01
   2.5318480e+06   2.6000977e+01
   2.5320380e+06   2.5756836e+01
   2.5321430e+06   2.7648926e+01
   2.5405940e+06   3.9245605e+01
   2.5422720e+06   3.4423828e+01
   2.5467510e+06   3.4912109e+01
   2.5468360e+06   3.2043457e+01
   2.5469780e+06   2.8747559e+01
   2.5471160e+06   3.0700684e+01
   2.5474930e+06   2.8625488e+01
   2.5480520e+06   3.0761719e+01
   2.5482470e+06   3.0151367e+01
   2.5591920e+06   3.5156250e+01
   2.5636780e+06   2.8747559e+01
   2.5637540e+06   3.0761719e+01
   2.5638280e+06   2.8198242e+01
   2.5638990e+06   3.0578613e+01
   2.5643300e+06   2.9418945e+01
   2.5723680e+06   2.5939941e+01
   2.5748430e+06   3.2470703e+01
   2.5981050e+06   3.0578613e+01
   2.5998500e+06   2.5146484e+01
   2.6063130e+06   2.6977539e+01
   2.6063920e+06   2.9541016e+01
   2.6065770e+06   3.3996582e+01
   2.6067230e+06   3.1250000e+01
   2.6068020e+06   2.7526855e+01
   2.6068790e+06   3.2775879e+01
   2.6071150e+06   2.2705078e+01
   2.6072830e+06   2.6550293e+01
   2.6075540e+06   3.2531738e+01
   2.6076670e+06   2.5329590e+01
   2.6138360e+06   2.9724121e+01
   2.6246820e+06   3.3569336e+01
   2.6276570e+06   3.2043457e+01
   2.6298030e+06   2.6184082e+01
   2.6345170e+06   2.5878906e+01
   2.6365070e+06   2.9113770e+01
   2.6384460e+06   3.2836914e+01
   2.6396320e+06   2.8137207e+01
   2.6398090e+06   3.1616211e+01
   2.6400140e+06   2.6000977e+01
   2.6401360e+06   2.7893066e+01
   2.6403640e+06   2.4230957e+01
   2.6404290e+06   2.3376465e+01
   2.6406000e+06   2.8015137e+01
   2.6407790e+06   2.2705078e+01
   2.6412160e+06   2.8564453e+01
   2.6512660e+06   3.3752441e+01
   2.6529200e+06   3.1982422e+01
   2.6563740e+06   2.5695801e+01
   2.6592770e+06   3.0578613e+01
   2.6615620e+06   4.1137695e+01
   2.6658210e+06   2.7343750e+01
   2.6709710e+06   3.5034180e+01
   2.6738590e+06   2.5085449e+01
   2.6809470e+06   2.8991699e+01
   2.6842740e+06   3.4851074e+01
   2.6848000e+06   3.1799316e+01
   2.6865260e+06   2.9907227e+01
   2.6898900e+06   2.6184082e+01
   2.6903430e+06   3.1250000e+01
   2.6904950e+06   2.9296875e+01
   2.6916690e+06   3.3081055e+01
   2.6918100e+06   3.2104492e+01
   2.6919300e+06   2.6184082e+01
   2.6920510e+06   3.1250000e+01
   2.6922060e+06   2.3498535e+01
   2.6924550e+06   2.3681641e+01
   2.6927200e+06   2.6367188e+01
   2.6928800e+06   2.6733398e+01
   2.6929610e+06   2.5573730e+01
   2.6931880e+06   2.3559570e+01
   2.6944320e+06   3.2043457e+01
   2.6955970e+06   2.8564453e+01
   2.6956860e+06   2.3620605e+01
   2.6965530e+06   2.3254395e+01
   2.7131760e+06   3.3813477e+01
   2.7155820e+06   3.4301758e+01
   2.7168620e+06   2.8991699e+01
   2.7208450e+06   2.9907227e+01
   2.7281000e+06   2.4475098e+01
   2.7286120e+06   2.3986816e+01
   2.7289840e+06   3.3203125e+01
   2.7297240e+06   2.7343750e+01
   2.7300660e+06   2.8686523e+01
   2.7301470e+06   3.5888672e+01
   2.7307190e+06   3.0395508e+01
   2.7310930e+06   3.5827637e+01
   2.7363720e+06   2.7404785e+01
   2.7388660e+06   2.6123047e+01
   2.7416670e+06   2.9296875e+01
   2.7447670e+06   2.4658203e+01
   2.7454740e+06   2.7038574e+01
   2.7470610e+06   3.4179688e+01
   2.7471580e+06   3.0578613e+01
   2.7471980e+06   2.3315430e+01
   2.7473320e+06   2.9968262e+01
   2.7474350e+06   2.3376465e+01
   2.7475150e+06   2.8625488e+01
   2.7476180e+06   3.3142090e+01
   2.7477890e+06   2.6062012e+01
   2.7478840e+06   2.3254395e+01
   2.7480330e+06   2.9357910e+01
   2.7481940e+06   2.7343750e+01
   2.7482600e+06   2.6184082e+01
   2.7483490e+06   2.5085449e+01
   2.7484550e+06   2.6794434e+01
   2.7485620e+06   2.6733398e+01
   2.7487120e+06   2.9113770e+01
   2.7611420e+06   2.6977539e+01
   2.7638060e+06   2.8991699e+01
   2.7649600e+06   2.6245117e+01
   2.7692780e+06   2.6489258e+01
   2.7760060e+06   2.8747559e+01
   2.7764130e+06   2.7770996e+01
   2.7770520e+06   2.6916504e+01
   2.7772610e+06   2.7587891e+01
   2.7777980e+06   2.7160645e+01
   2.7778520e+06   2.6367188e+01
   2.7779920e+06   2.7832031e+01
   2.7783560e+06   2.2705078e+01
   2.7784150e+06   2.5390625e+01
   2.7796450e+06   2.2766113e+01
   2.7805410e+06   2.4658203e+01
   2.7873090e+06   3.0151367e+01
   2.7922060e+06   3.0151367e+01
   2.7923750e+06   2.6000977e+01
   2.7924470e+06   3.3996582e+01
   2.7932200e+06   2.7709961e+01
   2.7933200e+06   2.4841309e+01
   2.7933890e+06   3.0212402e+01
   2.7934520e+06   2.2705078e+01
   2.7934940e+06   2.5329590e+01
   2.7939740e+06   3.0761719e+01
   2.7940290e+06   2.7465820e+01
   2.7941160e+06   2.6611328e+01
   2.7943760e+06   2.9602051e+01
   2.7944600e+06   2.3803711e+01
   2.7944960e+06   2.2705078e+01
   2.7946970e+06   2.6123047e+01
   2.7952640e+06   2.5207520e+01
   2.7959710e+06   2.8015137e+01
   2.7960900e+06   2.8015137e+01
   2.7963090e+06   2.5512695e+01
   2.7968970e+06   2.6489258e+01
   2.7970660e+06   2.9113770e+01
   2.7972180e+06   2.4353027e+01
   2.7974000e+06   2.9296875e+01
   2.7977590e+06   2.6550293e+01
   2.7979760e+06   2.2949219e+01
   2.8085940e+06   3.2287598e+01
   2.8183420e+06   2.7587891e+01
   2.8194420e+06   2.9174805e+01
   2.8199640e+06   3.2897949e+01
   2.8237760e+06   3.2958984e+01
   2.8239790e+06   2.9602051e+01
   2.8240270e+06   2.7221680e+01
   2.8240970e+06   2.6428223e+01
   2.8241730e+06   2.8137207e+01
   2.8246600e+06   2.3193359e+01
   2.8248130e+06   2.3986816e+01
   2.8250330e+06   2.4108887e+01
   2.8255990e+06   2.4841309e+01
   2.8267990e+06   2.6733398e+01
   2.8286840e+06   2.7832031e+01
   2.8298480e+06   2.5878906e+01
   2.8332770e+06   3.5400391e+01
   2.8345170e+06   2.8869629e+01
   2.8375080e+06   3.6010742e+01
   2.8389980e+06   2.9052734e+01
   2.8414060e+06   3.0456543e+01
   2.8442710e+06   3.1372070e+01
   2.8445560e+06   2.4658203e+01
   2.8449190e+06   3.3874512e+01
   2.8450670e+06   2.7038574e+01
   2.8454450e+06   2.7160645e+01
   2.8457050e+06   2.4475098e+01
   2.8459090e+06   2.7099609e+01
   2.8462550e+06   2.7526855e+01
   2.8476390e+06   2.2888184e+01
   2.8500370e+06   2.5939941e+01
   2.8514860e+06   2.8198242e+01
   2.8525540e+06   3.1250000e+01
   2.8550060e+06   2.8686523e+01
   2.8577640e+06   3.3630371e+01
   2.8586100e+06   2.8259277e+01
   2.8592430e+06   2.9602051e+01
   2.8594950e+06   2.3010254e+01
   2.8595490e+06   2.8503418e+01
   2.8596020e+06   3.2104492e+01
   2.8596640e+06   2.9052734e+01
   2.8597090e+06   2.4353027e+01
   2.8598040e+06   2.6367188e+01
   2.8598500e+06   2.3620605e+01
   2.8616210e+06   2.8625488e+01
   2.8652860e+06   2.9357910e+01
   2.8749690e+06   2.6245117e+01
   2.8763010e+06   3.2958984e+01
   2.8769630e+06   2.8808594e+01
   2.8777770e+06   3.6743164e+01
   2.8785770e+06   3.2775879e+01
   2.8787840e+06   2.4841309e+01
   2.8788790e+06   3.2226562e+01
   2.8789810e+06   3.1982422e+01
   2.8790410e+06   2.5756836e+01
   2.8791130e+06   2.3437500e+01
   2.8791770e+06   2.7221680e+01
   2.8795230e+06   3.3386230e+01
   2.8812870e+06   3.0029297e+01
   2.8813780e+06   2.9235840e+01
   2.8857670e+06   3.2348633e+01
   2.8912300e+06   3.1372070e+01
   2.8919730e+06   2.8747559e+01
   2.8942100e+06   2.8686523e+01
   2.9020900e+06   2.6977539e+01
   2.9023990e+06   3.3569336e+01
   2.9029090e+06   2.8808594e+01
   2.9033920e+06   2.3498535e+01
   2.9035450e+06   3.1677246e+01
   2.9039600e+06   2.6611328e+01
   2.9055200e+06   3.2104492e+01
   2.9057110e+06   3.2897949e+01
   2.9057690e+06   2.5817871e+01
   2.9058160e+06   2.5634766e+01
   2.9058510e+06   2.2949219e+01
   2.9060090e+06   3.2287598e+01
   2.9060360e+06   2.2705078e+01
   2.9063840e+06   2.5085449e+01
   2.9065680e+06   3.1616211e+01
   2.9069950e+06   3.4851074e+01
   2.9072350e+06   2.8808594e+01
   2.9078170e+06   2.7343750e+01
   2.9114160e+06   2.8808594e+01
   2.9195070e+06   2.5390625e+01
   2.9200480e+06   3.0334473e+01
   2.9208270e+06   3.7109375e+01
   2.9214970e+06   3.0273438e+01
   2.9219350e+06   2.5756836e+01
   2.9238940e+06   2.6855469e+01
   2.9247320e+06   3.1921387e+01
   2.9250130e+06   2.6123047e+01
   2.9261810e+06   2.3742676e+01
   2.9264060e+06   2.7221680e+01
   2.9307610e+06   3.6743164e+01
   2.9327450e+06   3.3813477e+01
   2.9335210e+06   2.3803711e+01
   2.9356480e+06   3.0456543e+01
   2.9369390e+06   3.0273438e+01
   2.9377760e+06   3.1799316e+01
   2.9383690e+06   2.8808594e+01
   2.9385610e+06   2.9479980e+01
   2.9388770e+06   2.2888184e+01
   2.9389780e+06   2.4963379e+01
   2.9395430e+06   2.2766113e+01
   2.9397760e+06   3.2592773e+01
   2.9401000e+06   2.3254395e+01
   2.9402050e+06   3.3508301e+01
   2.9402930e+06   2.3132324e+01
   2.9403380e+06   2.6367188e+01
   2.9404270e+06   2.6184082e+01
   2.9405670e+06   2.7221680e+01
   2.9408810e+06   2.8320312e+01
   2.9414260e+06   3.0700684e+01
   2.9414960e+06   2.7282715e+01
   2.9415490e+06   2.3010254e+01
   2.9418180e+06   3.1372070e+01
   2.9418700e+06   2.5695801e+01
   2.9423020e+06   2.7404785e+01
   2.9423900e+06   2.3132324e+01
   2.9427080e+06   2.7282715e+01
   2.9433590e+06   2.9968262e+01
   2.9487290e+06   2.9663086e+01
   2.9494890e+06   3.4606934e+01
   2.9499070e+06   3.1982422e+01
   2.9504400e+06   2.6611328e+01
   2.9573420e+06   3.1127930e+01
   2.9587700e+06   3.0700684e+01
   2.9592620e+06   2.8747559e+01
   2.9598910e+06   2.6306152e+01
   2.9602180e+06   2.7221680e+01
   2.9604200e+06   2.6611328e+01
   2.9605000e+06   3.2104492e+01
   2.9609040e+06   2.4963379e+01
   2.9609660e+06   2.6611328e+01
   2.9610190e+06   2.6855469e+01
   2.9750530e+06   3.4912109e+01
   2.9775090e+06   2.8747559e+01
   2.9807470e+06   2.7587891e+01
   2.9813390e+06   2.7221680e+01
   2.9814330e+06   2.6489258e+01
   2.9827240e+06   3.0517578e+01
   2.9831870e+06   3.0090332e+01
   2.9841950e+06   2.7282715e+01
   2.9853790e+06   2.7465820e+01
   2.9866120e+06   3.1494141e+01
   2.9869590e+06   2.6672363e+01
   2.9870660e+06   3.3508301e+01
   2.9874560e+06   2.5390625e+01
   2.9875250e+06   2.9785156e+01
   2.9876170e+06   2.8869629e+01
   2.9876520e+06   2.7709961e+01
   2.9878550e+06   2.9052734e+01
   2.9880130e+06   2.8015137e+01
   2.9881470e+06   2.5817871e+01
   2.9883300e+06   2.6428223e+01
   2.9883820e+06   2.6306152e+01
   2.9890070e+06   2.6916504e+01
   2.9892170e+06   2.6550293e+01
   2.9894050e+06   3.2531738e+01
   2.9899800e+06   3.0151367e+01
   2.9900720e+06   3.1433105e+01
   2.9901480e+06   2.9663086e+01
   2.9902560e+06   2.5207520e+01
   3.0000240e+06   3.1250000e+01
   3.0013630e+06   2.9113770e+01
   3.0030500e+06   3.6804199e+01
   3.0033640e+06   3.0090332e+01
   3.0046130e+06   3.1433105e+01
   3.0050730e+06   3.0090332e+01
   3.0054800e+06   2.6977539e+01
   3.0115540e+06   2.8320313e+01
   3.0117550e+06   3.3020020e+01
   3.0126070e+06   3.1188965e+01
   3.0129420e+06   2.7038574e+01
   3.0130210e+06   2.9541016e+01
   3.0131960e+06   2.4414062e+01
   3.0133480e+06   2.8564453e+01
   3.0136650e+06   2.7893066e+01
   3.0137350e+06   2.5268555e+01
   3.0142440e+06   2.7770996e+01
   3.0211820e+06   3.1311035e+01
   3.0276200e+06   2.6428223e+01
   3.0286330e+06   2.8442383e+01
   3.0290680e+06   2.5451660e+01
   3.0292670e+06   3.3813477e+01
   3.0297410e+06   3.3752441e+01
   3.0298640e+06   2.6550293e+01
   3.0299110e+06   2.7770996e+01
   3.0301590e+06   2.9418945e+01
   3.0302230e+06   2.6794434e+01
   3.0302860e+06   2.3742676e+01
   3.0303320e+06   2.3132324e+01
   3.0303740e+06   2.6123047e+01
   3.0304440e+06   2.3925781e+01
   3.0384240e+06   3.1799316e+01
   3.0392160e+06   2.8198242e+01
   3.0397860e+06   3.1127930e+01
   3.0399630e+06   3.0334473e+01
   3.0400360e+06   2.4841309e+01
   3.0401240e+06   2.6855469e+01
   3.0402090e+06   2.8869629e+01
   3.0403430e+06   2.4719238e+01
   3.0403840e+06   2.6245117e+01
   3.0406360e+06   2.4353027e+01
   3.0407020e+06   2.6367188e+01
   3.0413040e+06   2.3986816e+01
   3.0414880e+06   2.9479980e+01
   3.0466570e+06   2.8808594e+01
   3.0471000e+06   2.7038574e+01
   3.0472970e+06   3.1311035e+01
   3.0474560e+06   2.9968262e+01
   3.0481190e+06   2.6855469e+01
   3.0486670e+06   2.8991699e+01
   3.0490480e+06   3.2287598e+01
   3.0494270e+06   2.6794434e+01
   3.0495320e+06   2.6916504e+01
   3.0499750e+06   2.6000977e+01
   3.0500870e+06   2.6306152e+01
   3.0510190e+06   2.9907227e+01
   3.0517750e+06   3.0517578e+01
   3.0553510e+06   2.9541016e+01
   3.0597210e+06   3.1188965e+01
   3.0600250e+06   2.8869629e+01
   3.0602030e+06   2.8869629e+01
   3.0603370e+06   2.8259277e+01
   3.0604010e+06   3.3752441e+01
   3.0604910e+06   2.4169922e+01
   3.0607170e+06   3.2165527e+01
   3.0608720e+06   2.4169922e+01
   3.0615260e+06   3.1250000e+01
   3.0658750e+06   3.2531738e+01
   3.0661630e+06   3.2470703e+01
   3.0670830e+06   3.2470703e+01
   3.0675030e+06   3.0212402e+01
   3.0676660e+06   2.9907227e+01
   3.0677260e+06   2.9113770e+01
   3.0677540e+06   2.3315430e+01
   3.0678350e+06   2.5390625e+01
   3.0679270e+06   2.5268555e+01
   3.0699500e+06   2.5878906e+01
   3.0702240e+06   2.6062012e+01
   3.0703020e+06   2.4963379e+01
   3.0703780e+06   3.0639648e+01
   3.0704340e+06   2.3315430e+01
   3.0740340e+06   2.7954102e+01
   3.0747630e+06   3.5827637e+01
   3.0758860e+06   3.1066895e+01
   3.0760000e+06   3.1433105e+01
   3.0761650e+06   2.6062012e+01
   3.0836830e+06   3.3691406e+01
   3.0875290e+06   2.6428223e+01
   3.0876290e+06   2.3986816e+01
   3.0879820e+06   2.8076172e+01
   3.0882740e+06   2.5390625e+01
   3.0884580e+06   2.7709961e+01
   3.0895980e+06   3.0151367e+01
   3.0896310e+06   3.5522461e+01
   3.0896600e+06   2.5268555e+01
   3.0897180e+06   2.5695801e+01
   3.0897920e+06   2.6611328e+01
   3.0937770e+06   3.2043457e+01
   3.0946720e+06   2.5390625e+01
   3.0947630e+06   2.5634766e+01
   3.0948630e+06   2.8198242e+01
   3.0949170e+06   2.8503418e+01
   3.0952130e+06   2.2888184e+01
   3.0953520e+06   2.7465820e+01
   3.0987120e+06   3.6010742e+01
   3.0992200e+06   2.5512695e+01
   3.0997310e+06   2.8320313e+01
   3.1074080e+06   2.9479980e+01
   3.1079480e+06   2.9174805e+01
   3.1084570e+06   3.6499023e+01
   3.1085550e+06   3.9306641e+01
   3.1086150e+06   3.1494141e+01
   3.1086560e+06   2.6733398e+01
   3.1087700e+06   3.2836914e+01
   3.1088990e+06   2.8137207e+01
   3.1089290e+06   2.3376465e+01
   3.1154520e+06   3.1677246e+01
   3.1173150e+06   3.0334473e+01
   3.1176490e+06   2.7526855e+01
   3.1177780e+06   2.9602051e+01
   3.1180750e+06   2.9052734e+01
   3.1182820e+06   3.1005859e+01
   3.1185160e+06   2.3681641e+01
   3.1187930e+06   2.8259277e+01
   3.1191870e+06   2.8076172e+01
   3.1240230e+06   3.6743164e+01
   3.1276950e+06   3.2104492e+01
   3.1286800e+06   2.8198242e+01
   3.1292630e+06   3.1494141e+01
   3.1304550e+06   2.6428223e+01
   3.1309240e+06   2.5512695e+01
   3.1311460e+06   2.8076172e+01
   3.1313320e+06   2.8381348e+01
   3.1313760e+06   2.7343750e+01
   3.1316950e+06   2.6794434e+01
   3.1317690e+06   2.8503418e+01
   3.1318870e+06   2.8198242e+01
   3.1320530e+06   2.9968262e+01
   3.1321780e+06   2.4597168e+01
   3.1327720e+06   2.9907227e+01
   3.1329130e+06   2.7160645e+01
   3.1329670e+06   2.5512695e+01
   3.1374360e+06   2.9296875e+01
   3.1404330e+06   2.5573730e+01
   3.1424930e+06   2.8076172e+01
   3.1429640e+06   3.0517578e+01
   3.1433150e+06   3.1982422e+01
   3.1434310e+06   2.3925781e+01
   3.1436160e+06   2.5878906e+01
   3.1439210e+06   3.1250000e+01
   3.1440080e+06   3.3203125e+01
   3.1442480e+06   2.5329590e+01
   3.1443350e+06   2.6855469e+01
   3.1444240e+06   2.4597168e+01
   3.1446220e+06   2.4475098e+01
   3.1470670e+06   2.6306152e+01
   3.1480250e+06   3.4301758e+01
   3.1493220e+06   2.9785156e+01
   3.1501680e+06   2.7282715e+01
   3.1503560e+06   3.2104492e+01
   3.1507300e+06   2.5207520e+01
   3.1508880e+06   3.0578613e+01
   3.1511390e+06   2.6306152e+01
   3.1512290e+06   2.3986816e+01
   3.1513270e+06   2.2827148e+01
   3.1514390e+06   3.2470703e+01
   3.1518210e+06   3.1799316e+01
   3.1550360e+06   3.2470703e+01
   3.1627220e+06   3.3020020e+01
   3.1630670e+06   3.1372070e+01
   3.1633870e+06   2.8137207e+01
   3.1636690e+06   3.1311035e+01
   3.1637190e+06   3.2653809e+01
   3.1637620e+06   2.3437500e+01
   3.1638130e+06   2.9968262e+01
   3.1639640e+06   2.3742676e+01
   3.1641960e+06   2.8930664e+01
   3.1668290e+06   3.0334473e+01
   3.1669750e+06   3.4851074e+01
   3.1671790e+06   2.5512695e+01
   3.1672820e+06   2.8320312e+01
   3.1706620e+06   3.1188965e+01
   3.1708470e+06   3.2287598e+01
   3.1710560e+06   3.1127930e+01
   3.1711930e+06   2.9235840e+01
   3.1714520e+06   2.6794434e+01
   3.1784040e+06   3.0700684e+01
   3.1801670e+06   3.5217285e+01
   3.1805110e+06   3.0639648e+01
   3.1809190e+06   2.7832031e+01
   3.1810650e+06   2.4353027e+01
   3.1813200e+06   2.4169922e+01
   3.1815090e+06   2.9785156e+01
   3.1816480e+06   3.0761719e+01
   3.1820470e+06   2.6611328e+01
   3.1822180e+06   2.9296875e+01
   3.1822770e+06   2.5512695e+01
   3.1823680e+06   2.4536133e+01
   3.1827140e+06   2.6428223e+01
   3.1832360e+06   2.6245117e+01
   3.1838010e+06   2.4414062e+01
   3.1848780e+06   2.8869629e+01
   3.1855520e+06   2.7893066e+01
   3.1859240e+06   2.9541016e+01
   3.1859640e+06   2.9846191e+01
   3.1866630e+06   2.7221680e+01
   3.1870700e+06   2.7587891e+01
   3.1873580e+06   2.6916504e+01
   3.1944510e+06   2.8686523e+01
   3.1945720e+06   3.2958984e+01
   3.1947830e+06   3.2043457e+01
   3.1956320e+06   2.6977539e+01
   3.1959490e+06   2.7343750e+01
   3.1960220e+06   3.3752441e+01
   3.1965650e+06   2.5939941e+01
   3.1967230e+06   3.3386230e+01
   3.1972960e+06   2.6977539e+01
   3.1989590e+06   3.4423828e+01
   3.1992420e+06   2.9663086e+01
   3.1992760e+06   2.7770996e+01
   3.1994080e+06   2.8869629e+01
   3.1994970e+06   2.5451660e+01
   3.1997570e+06   2.5512695e+01
   3.2086920e+06   2.6306152e+01
   3.2091090e+06   2.6306152e+01
   3.2094890e+06   3.0761719e+01
   3.2095920e+06   3.3935547e+01
   3.2098050e+06   3.0639648e+01
   3.2105540e+06   2.5573730e+01
   3.2110340e+06   2.8503418e+01
   3.2110840e+06   2.5817871e+01
   3.2112080e+06   2.8259277e+01
   3.2117820e+06   2.8930664e+01
   3.2119020e+06   3.0456543e+01
   3.2121870e+06   2.7343750e+01
   3.2127060e+06   2.8442383e+01
   3.2130910e+06   2.9785156e+01
   3.2139910e+06   2.7282715e+01
   3.2140900e+06   2.7221680e+01
   3.2142010e+06   2.4475098e+01
   3.2143990e+06   2.5329590e+01
   3.2212880e+06   3.0761719e+01
   3.2215140e+06   2.5512695e+01
   3.2216400e+06   3.1250000e+01
   3.2217830e+06   2.9602051e+01
   3.2218450e+06   2.8137207e+01
   3.2219410e+06   2.6428223e+01
   3.2223620e+06   2.2949219e+01
   3.2224130e+06   2.4047852e+01
   3.2224480e+06   2.3132324e+01
   3.2226360e+06   2.8137207e+01
   3.2234580e+06   3.1372070e+01
   3.2256570e+06   2.9724121e+01
   3.2260510e+06   3.4179688e+01
   3.2262200e+06   2.4108887e+01
   3.2269150e+06   3.2165527e+01
   3.2280070e+06   3.1799316e+01
   3.2295420e+06   3.0273438e+01
   3.2303910e+06   2.4902344e+01
   3.2308470e+06   2.8625488e+01
   3.2312330e+06   2.8625488e+01
   3.2358170e+06   3.5522461e+01
   3.2371720e+06   2.4658203e+01
   3.2392400e+06   2.6245117e+01
   3.2393500e+06   3.0212402e+01
   3.2395600e+06   2.7893066e+01
   3.2396080e+06   2.5573730e+01
   3.2397880e+06   2.4230957e+01
   3.2401860e+06   2.7099609e+01
   3.2407180e+06   2.7038574e+01
   3.2407780e+06   3.1738281e+01
   3.2408430e+06   2.2766113e+01
   3.2409350e+06   2.4108887e+01
   3.2409870e+06   3.5827637e+01
   3.2414260e+06   2.6123047e+01
   3.2492210e+06   2.7832031e+01
   3.2496460e+06   3.5827637e+01
   3.2504700e+06   2.8747559e+01
   3.2505560e+06   3.4423828e+01
   3.2506190e+06   2.2888184e+01
   3.2512010e+06   2.8503418e+01
   3.2524020e+06   3.4179688e+01
   3.2524340e+06   2.8320312e+01
   3.2524440e+06   3.0395508e+01
   3.2525080e+06   2.8015137e+01
   3.2579490e+06   3.4240723e+01
   3.2608710e+06   3.5339355e+01
   3.2620910e+06   3.2653809e+01
   3.2621890e+06   2.7221680e+01
   3.2623320e+06   2.9357910e+01
   3.2626660e+06   2.7038574e+01
   3.2628110e+06   2.7832031e+01
   3.2628650e+06   2.4475098e+01
   3.2630040e+06   3.3203125e+01
   3.2631640e+06   2.6550293e+01
   3.2635160e+06   2.5573730e+01
   3.2635570e+06   2.9418945e+01
   3.2636120e+06   2.3437500e+01
   3.2636720e+06   2.4108887e+01
   3.2637400e+06   2.3986816e+01
   3.2640570e+06   2.3437500e+01
   3.2649770e+06   2.8442383e+01
   3.2652030e+06   3.2409668e+01
   3.2679380e+06   3.5034180e+01
   3.2681830e+06   2.6855469e+01
   3.2682490e+06   2.8381348e+01
   3.2683960e+06   2.9479980e+01
   3.2781750e+06   2.8137207e+01
   3.2784020e+06   3.5461426e+01
   3.2785520e+06   2.5939941e+01
   3.2791330e+06   2.8747559e+01
   3.2791880e+06   2.5146484e+01
   3.2792730e+06   2.5817871e+01
   3.2793080e+06   2.8137207e+01
   3.2795470e+06   2.4536133e+01
   3.2798200e+06   2.4230957e+01
   3.2800360e+06   2.6611328e+01
   3.2802000e+06   2.3681641e+01
   3.2806120e+06   2.5695801e+01
   3.2812530e+06   2.8686523e+01
   3.2816750e+06   2.4536133e+01
   3.2817670e+06   3.0151367e+01
   3.2822980e+06   2.4047852e+01
   3.2865860e+06   2.9174805e+01
   3.2878640e+06   3.9306641e+01
   3.2900780e+06   2.5756836e+01
   3.2905880e+06   3.1860352e+01
   3.2925470e+06   2.8808594e+01
   3.2926140e+06   3.1005859e+01
   3.2926510e+06   2.3193359e+01
   3.2927350e+06   2.6977539e+01
   3.2930410e+06   2.4230957e+01
   3.2932150e+06   2.8198242e+01
   3.2933240e+06   3.0822754e+01
   3.2942290e+06   2.8076172e+01
   3.2942850e+06   2.9663086e+01
   3.2983420e+06   2.9418945e+01
   3.2987840e+06   2.9663086e+01
   3.2989490e+06   3.3630371e+01
   3.2990550e+06   2.4108887e+01
   3.2991380e+06   3.0090332e+01
   3.2993080e+06   3.1860352e+01
   3.2994400e+06   2.6062012e+01
   3.3008580e+06   3.2287598e+01
   3.3009420e+06   2.8015137e+01
   3.3009660e+06   2.8015137e+01
   3.3010090e+06   2.3071289e+01
   3.3042250e+06   2.7282715e+01
   3.3121430e+06   2.9663086e+01
   3.3125290e+06   3.3752441e+01
   3.3132220e+06   2.9296875e+01
   3.3132650e+06   2.5878906e+01
   3.3158090e+06   2.3559570e+01
   3.3160040e+06   2.8930664e+01
   3.3160810e+06   2.6733398e+01
   3.3163740e+06   2.3986816e+01
   3.3165180e+06   2.7160645e+01
   3.3166730e+06   2.3254395e+01
   3.3170540e+06   2.6489258e+01
   3.3183480e+06   2.9602051e+01
   3.3189280e+06   2.9907227e+01
   3.3191760e+06   3.0029297e+01
   3.3192710e+06   2.2705078e+01
   3.3193350e+06   2.8564453e+01
   3.3193760e+06   2.2827148e+01
   3.3194150e+06   2.5207520e+01
   3.3253890e+06   3.0456543e+01
   3.3257440e+06   2.8625488e+01
   3.3262340e+06   2.9602051e+01
   3.3270000e+06   3.4057617e+01
   3.3274440e+06   2.4475098e+01
   3.3279390e+06   3.0090332e+01
   3.3280580e+06   2.5390625e+01
   3.3281890e+06   2.5634766e+01
   3.3282210e+06   2.4414062e+01
   3.3283630e+06   2.6611328e+01
   3.3284460e+06   2.7221680e+01
   3.3314920e+06   2.8076172e+01
   3.3316450e+06   2.4902344e+01
   3.3319330e+06   3.4301758e+01
   3.3320110e+06   3.3752441e+01
   3.3321320e+06   2.6062012e+01
   3.3321910e+06   2.9113770e+01
   3.3326160e+06   2.6489258e+01
   3.3326900e+06   2.5268555e+01
   3.3430770e+06   3.0822754e+01
   3.3445140e+06   3.5705566e+01
   3.3453250e+06   3.1738281e+01
   3.3455320e+06   2.8564453e+01
   3.3456350e+06   2.5329590e+01
   3.3458030e+06   3.2226562e+01
   3.3459330e+06   3.0212402e+01
   3.3462150e+06   2.5512695e+01
   3.3462590e+06   2.6184082e+01
   3.3474460e+06   2.7160645e+01
   3.3477810e+06   2.5817871e+01
   3.3478500e+06   2.2827148e+01
   3.3479590e+06   2.8564453e+01
   3.3480050e+06   2.6672363e+01
   3.3508210e+06   3.3142090e+01
   3.3536160e+06   2.8869629e+01
   3.3536960e+06   2.9052734e+01
   3.3539770e+06   2.7160645e+01
   3.3540960e+06   3.7719727e+01
   3.3548070e+06   2.8198242e+01
   3.3559880e+06   2.9541016e+01
   3.3561780e+06   2.7465820e+01
   3.3562430e+06   2.9968262e+01
   3.3562840e+06   2.4841309e+01
   3.3564230e+06   2.6977539e+01
   3.3569200e+06   3.5522461e+01
   3.3576250e+06   3.1616211e+01
   3.3580400e+06   3.0334473e+01
   3.3587230e+06   2.5573730e+01
   3.3630900e+06   3.0395508e+01
   3.3684860e+06   3.6437988e+01
   3.3724680e+06   3.5156250e+01
   3.3725710e+06   2.5756836e+01
   3.3727520e+06   2.8137207e+01
   3.3729070e+06   2.9968262e+01
   3.3729530e+06   2.4963379e+01
   3.3729910e+06   2.8503418e+01
   3.3731910e+06   2.9907227e+01
   3.3732560e+06   2.5085449e+01
   3.3733430e+06   2.4291992e+01
   3.3735110e+06   2.6367188e+01
   3.3736180e+06   3.3813477e+01
   3.3737380e+06   3.1494141e+01
   3.3737770e+06   2.2888184e+01
   3.3740780e+06   2.7465820e+01
   3.3741730e+06   2.6794434e+01
   3.3745800e+06   2.3681641e+01
   3.3747990e+06   2.3559570e+01
   3.3756950e+06   2.9663086e+01
   3.3759200e+06   3.0578613e+01
   3.3760300e+06   3.2653809e+01
   3.3762210e+06   2.8381348e+01
   3.3794600e+06   3.4423828e+01
   3.3832200e+06   3.0517578e+01
   3.3847490e+06   2.7160645e+01
   3.3871660e+06   2.7770996e+01
   3.3875690e+06   3.5156250e+01
   3.3879340e+06   2.8381348e+01
   3.3880470e+06   2.5329590e+01
   3.3882380e+06   2.9479980e+01
   3.3883300e+06   2.3620605e+01
   3.3884230e+06   3.0151367e+01
   3.3891150e+06   2.3864746e+01
   3.3892640e+06   3.3142090e+01
   3.3893700e+06   2.7282715e+01
   3.3898230e+06   2.5695801e+01
   3.3935100e+06   2.8991699e+01
   3.3954130e+06   3.4973145e+01
   3.3974630e+06   2.9968262e+01
   3.3976090e+06   2.6611328e+01
   3.3976960e+06   2.5573730e+01
   3.3984210e+06   3.2592773e+01
   3.3984890e+06   3.6071777e+01
   3.4076240e+06   3.2287598e+01
   3.4080560e+06   3.1005859e+01
   3.4081730e+06   3.2409668e+01
   3.4082550e+06   2.7282715e+01
   3.4083150e+06   2.3559570e+01
   3.4083450e+06   2.3132324e+01
   3.4085730e+06   2.6306152e+01
   3.4087560e+06   2.9113770e+01
   3.4104220e+06   3.0944824e+01
   3.4106570e+06   2.6550293e+01
   3.4149120e+06   2.5878906e+01
   3.4152500e+06   3.2409668e+01
   3.4153520e+06   2.9785156e+01
   3.4154380e+06   2.7282715e+01
   3.4156480e+06   2.3071289e+01
   3.4158750e+06   2.7893066e+01
   3.4236490e+06   2.8564453e+01
   3.4243930e+06   2.8930664e+01
   3.4246690e+06   2.7465820e+01
   3.4247300e+06   3.7170410e+01
   3.4249880e+06   3.3386230e+01
   3.4251280e+06   3.0700684e+01
   3.4252810e+06   3.2470703e+01
   3.4255470e+06   2.6489258e+01
   3.4320640e+06   3.2897949e+01
   3.4323060e+06   2.7160645e+01
   3.4325880e+06   2.6916504e+01
   3.4339780e+06   2.6611328e+01
   3.4341070e+06   3.2531738e+01
   3.4344100e+06   3.1738281e+01
   3.4344660e+06   3.1372070e+01
   3.4416290e+06   2.9296875e+01
   3.4418600e+06   3.7780762e+01
   3.4419940e+06   2.6916504e+01
   3.4420930e+06   2.9907227e+01
   3.4422910e+06   2.6977539e+01
   3.4430230e+06   3.4118652e+01
   3.4439910e+06   2.6855469e+01
   3.4444240e+06   2.9357910e+01
   3.4449430e+06   2.9541016e+01
   3.4528500e+06   2.8747559e+01
   3.4529640e+06   3.9367676e+01
   3.4531720e+06   3.0578613e+01
   3.4535420e+06   2.6733398e+01
   3.4536090e+06   3.0700684e+01
   3.4536820e+06   2.8381348e+01
   3.4537540e+06   2.4475098e+01
   3.4539330e+06   3.1616211e+01
   3.4542180e+06   2.6245117e+01
   3.4543070e+06   2.4230957e+01
   3.4543600e+06   2.3437500e+01
   3.4544830e+06   2.4108887e+01
   3.4545250e+06   2.3620605e+01
   3.4546750e+06   2.3437500e+01
   3.4548890e+06   2.5878906e+01
   3.4549500e+06   2.5634766e+01
   3.4551360e+06   2.4658203e+01
   3.4552390e+06   2.5146484e+01
   3.4561490e+06   2.7465820e+01
   3.4562100e+06   3.0639648e+01
   3.4606280e+06   2.9724121e+01
   3.4642660e+06   3.3081055e+01
   3.4666530e+06   3.1250000e+01
   3.4668650e+06   3.1738281e+01
   3.4670730e+06   2.8747559e+01
   3.4671520e+06   2.8076172e+01
   3.4672110e+06   2.4536133e+01
   3.4674870e+06   2.7221680e+01
   3.4714930e+06   2.9479980e+01
   3.4716300e+06   2.6855469e+01
   3.4716850e+06   2.4902344e+01
   3.4717250e+06   2.5878906e+01
   3.4717580e+06   2.3071289e+01
   3.4740020e+06   3.6193848e+01
   3.4744010e+06   2.7954102e+01
   3.4745190e+06   2.4475098e+01
   3.4746300e+06   2.5695801e+01
   3.4747690e+06   2.9052734e+01
   3.4749600e+06   2.8869629e+01
   3.4751010e+06   2.5024414e+01
   3.4834640e+06   3.7902832e+01
   3.4836310e+06   2.8869629e+01
   3.4838160e+06   2.3681641e+01
   3.4839820e+06   2.8625488e+01
   3.4840200e+06   2.4169922e+01
   3.4841330e+06   2.9052734e+01
   3.4841950e+06   2.4658203e+01
   3.4842580e+06   2.9113770e+01
   3.4844130e+06   2.6123047e+01
   3.4887580e+06   2.7343750e+01
   3.4890780e+06   3.6010742e+01
   3.4893130e+06   2.5390625e+01
   3.4893720e+06   2.5695801e+01
   3.4899960e+06   2.5939941e+01
   3.4902870e+06   2.8320312e+01
   3.4904730e+06   2.4414062e+01
   3.4905560e+06   2.6489258e+01
   3.4906130e+06   2.5878906e+01
   3.4906470e+06   3.0090332e+01
   3.4907530e+06   2.4536133e+01
   3.4909950e+06   2.3498535e+01
   3.4911990e+06   2.4536133e+01
   3.4917100e+06   3.1738281e+01
   3.4971860e+06   3.1677246e+01
   3.4981620e+06   2.7221680e+01
   3.4983800e+06   3.0883789e+01
   3.4984970e+06   2.5085449e+01
   3.4985930e+06   2.5634766e+01
   3.4986920e+06   2.7954102e+01
   3.4987840e+06   3.0456543e+01
   3.4994940e+06   2.9418945e+01
   3.4995980e+06   3.1250000e+01
   3.4996590e+06   3.1066895e+01
   3.5098220e+06   2.8442383e+01
   3.5103950e+06   3.1982422e+01
   3.5115020e+06   3.3935547e+01
   3.5118900e+06   2.7221680e+01
   3.5119490e+06   2.5451660e+01
   3.5120380e+06   2.4658203e+01
   3.5147730e+06   3.3325195e+01
   3.5150170e+06   2.5695801e+01
   3.5151510e+06   3.5400391e+01
   3.5151950e+06   2.6245117e+01
   3.5155640e+06   3.2470703e+01
   3.5156540e+06   2.8320312e+01
   3.5157730e+06   3.2897949e+01
   3.5163340e+06   2.7648926e+01
   3.5165680e+06   2.7526855e+01
   3.5167730e+06   2.6977539e+01
   3.5168530e+06   3.2226562e+01
   3.5170070e+06   2.6733398e+01
   3.5171430e+06   2.5756836e+01
   3.5216190e+06   3.8085938e+01
   3.5219180e+06   3.0090332e+01
   3.5238920e+06   3.3142090e+01
   3.5245320e+06   2.3559570e+01
   3.5265170e+06   3.3142090e+01
   3.5267950e+06   3.8085938e+01
   3.5269150e+06   2.3010254e+01
   3.5271670e+06   2.8564453e+01
   3.5275550e+06   3.1127930e+01
   3.5276540e+06   2.3925781e+01
   3.5277740e+06   2.4169922e+01
   3.5279210e+06   2.5573730e+01
   3.5279590e+06   2.6977539e+01
   3.5280040e+06   2.2888184e+01
   3.5324510e+06   2.9541016e+01
   3.5356380e+06   3.2897949e+01
   3.5365510e+06   3.3081055e+01
   3.5370020e+06   2.7282715e+01
   3.5372760e+06   2.5146484e+01
   3.5373930e+06   3.2226562e+01
   3.5374530e+06   2.6794434e+01
   3.5375090e+06   2.5024414e+01
   3.5375810e+06   2.3010254e+01
   3.5379720e+06   3.0517578e+01
   3.5382030e+06   3.6376953e+01
   3.5383170e+06   2.5817871e+01
   3.5402630e+06   3.1860352e+01
   3.5404230e+06   2.6367188e+01
   3.5404510e+06   2.3681641e+01
   3.5406010e+06   2.8808594e+01
   3.5406510e+06   2.8137207e+01
   3.5407580e+06   2.6062012e+01
   3.5408640e+06   2.3559570e+01
   3.5415450e+06   3.1311035e+01
   3.5415800e+06   2.2949219e+01
   3.5467530e+06   3.4118652e+01
   3.5504400e+06   2.6245117e+01
   3.5505700e+06   3.2287598e+01
   3.5507760e+06   3.3996582e+01
   3.5509510e+06   2.5817871e+01
   3.5510520e+06   3.0883789e+01
   3.5513660e+06   2.5634766e+01
   3.5514970e+06   2.9113770e+01
   3.5519850e+06   2.6123047e+01
   3.5522050e+06   2.4902344e+01
   3.5524640e+06   3.1433105e+01
   3.5565580e+06   3.1982422e+01
   3.5566180e+06   2.9541016e+01
   3.5568460e+06   2.9541016e+01
   3.5584880e+06   3.1799316e+01
   3.5590280e+06   2.8320312e+01
   3.5601760e+06   3.9123535e+01
   3.5602810e+06   2.3071289e+01
   3.5604540e+06   2.7465820e+01
   3.5611750e+06   3.2714844e+01
   3.5612180e+06   3.1311035e+01
   3.5612480e+06   2.4780273e+01
   3.5612750e+06   2.8991699e+01
   3.5726060e+06   2.7770996e+01
   3.5735670e+06   3.4545898e+01
   3.5739660e+06   3.3630371e+01
   3.5741790e+06   3.5278320e+01
   3.5746040e+06   2.3559570e+01
   3.5749430e+06   2.5878906e+01
   3.5751140e+06   2.3742676e+01
   3.5751940e+06   2.8381348e+01
   3.5752400e+06   3.0639648e+01
   3.5753840e+06   2.8076172e+01
   3.5754410e+06   2.9968262e+01
   3.5756080e+06   2.5878906e+01
   3.5757400e+06   2.3315430e+01
   3.5757860e+06   2.4963379e+01
   3.5758610e+06   2.3986816e+01
   3.5760610e+06   2.6184082e+01
   3.5761360e+06   2.3193359e+01
   3.5763530e+06   2.6184082e+01
   3.5796850e+06   3.0578613e+01
   3.5798720e+06   2.8137207e+01
   3.5862630e+06   2.7709961e+01
   3.5865920e+06   2.8747559e+01
   3.5867940e+06   2.8930664e+01
   3.5960120e+06   2.7954102e+01
   3.5973920e+06   3.3569336e+01
   3.5977500e+06   2.7709961e+01
   3.5995790e+06   3.3325195e+01
   3.6000100e+06   3.3874512e+01
   3.6000760e+06   3.3630371e+01
   3.6001440e+06   2.4353027e+01
   3.6003020e+06   2.3498535e+01
   3.6003610e+06   2.3193359e+01
   3.6050230e+06   3.1433105e+01
   3.6050830e+06   2.6794434e+01
   3.6104880e+06   3.1982422e+01
   3.6106530e+06   2.7893066e+01
   3.6108680e+06   2.9235840e+01
   3.6113230e+06   3.1921387e+01
   3.6115710e+06   2.4780273e+01
   3.6131260e+06   2.9418945e+01
   3.6140320e+06   3.0639648e+01
   3.6142590e+06   3.0944824e+01
   3.6143350e+06   2.8137207e+01
   3.6144010e+06   3.3508301e+01
   3.6144750e+06   2.4108887e+01
   3.6145110e+06   2.3620605e+01
   3.6146070e+06   2.8198242e+01
   3.6146960e+06   2.7404785e+01
   3.6149320e+06   2.4108887e+01
   3.6180110e+06   2.8808594e+01
   3.6183220e+06   2.6428223e+01
   3.6187070e+06   2.6428223e+01
   3.6189270e+06   3.2653809e+01
   3.6258340e+06   2.3864746e+01
   3.6264540e+06   3.3813477e+01
   3.6267330e+06   3.4057617e+01
   3.6269450e+06   3.3203125e+01
   3.6270060e+06   3.1738281e+01
   3.6270960e+06   2.7648926e+01
   3.6303870e+06   3.3081055e+01
   3.6310710e+06   3.3508301e+01
   3.6314690e+06   3.2775879e+01
   3.6400460e+06   2.9296875e+01
   3.6401910e+06   2.6550293e+01
   3.6405090e+06   3.1066895e+01
   3.6406270e+06   3.0029297e+01
   3.6415080e+06   2.9846191e+01
   3.6415770e+06   2.4841309e+01
   3.6416370e+06   2.4230957e+01
   3.6448430e+06   2.9541016e+01
   3.6449060e+06   3.4362793e+01
   3.6561350e+06   3.1799316e+01
   3.6571780e+06   3.4606934e+01
   3.6573790e+06   2.8076172e+01
   3.6575970e+06   2.7648926e+01
   3.6578020e+06   3.0822754e+01
   3.6584340e+06   2.3803711e+01
   3.6607160e+06   2.9052734e+01
   3.6612300e+06   3.3996582e+01
   3.6620000e+06   3.1982422e+01
   3.6639090e+06   2.4902344e+01
   3.6643250e+06   3.1860352e+01
   3.6657930e+06   2.8869629e+01
   3.6659660e+06   3.0456543e+01
   3.6660560e+06   2.4291992e+01
   3.6661440e+06   2.9296875e+01
   3.6662120e+06   2.3315430e+01
   3.6663560e+06   2.4291992e+01
   3.6663820e+06   2.3803711e+01
   3.6681720e+06   2.9235840e+01
   3.6684330e+06   2.6123047e+01
   3.6686820e+06   3.6743164e+01
   3.6687700e+06   3.1372070e+01
   3.6688350e+06   2.9663086e+01
   3.6802600e+06   3.0761719e+01
   3.6805410e+06   2.8198242e+01
   3.6806320e+06   2.4719238e+01
   3.6810410e+06   3.3020020e+01
   3.6812510e+06   3.1311035e+01
   3.6812920e+06   2.3071289e+01
   3.6813800e+06   2.6672363e+01
   3.6868180e+06   3.1494141e+01
   3.6896350e+06   3.2714844e+01
   3.6905120e+06   2.7709961e+01
   3.6907840e+06   3.0883789e+01
   3.6908110e+06   2.3010254e+01
   3.6909980e+06   3.3569336e+01
   3.6920430e+06   2.6184082e+01
   3.6924670e+06   2.5817871e+01
   3.6926090e+06   2.7343750e+01
   3.6926850e+06   2.7160645e+01
   3.6989840e+06   3.0090332e+01
   3.6995680e+06   2.7404785e+01
   3.6998990e+06   2.7770996e+01
   3.7002540e+06   2.5817871e+01
   3.7006330e+06   3.3447266e+01
   3.7007450e+06   3.0700684e+01
   3.7008130e+06   2.4230957e+01
   3.7011010e+06   2.4780273e+01
   3.7011760e+06   2.2949219e+01
   3.7012170e+06   2.4902344e+01
   3.7012700e+06   2.3925781e+01
   3.7015660e+06   3.2470703e+01
   3.7016240e+06   2.3071289e+01
   3.7017610e+06   2.7038574e+01
   3.7018420e+06   2.7221680e+01
   3.7018710e+06   2.3986816e+01
   3.7019450e+06   2.5329590e+01
   3.7054870e+06   3.5766602e+01
   3.7103420e+06   3.2470703e+01
   3.7125590e+06   3.4423828e+01
   3.7128880e+06   3.0883789e+01
   3.7130570e+06   3.0578613e+01
   3.7131560e+06   2.9052734e+01
   3.7133450e+06   2.3620605e+01
   3.7174020e+06   3.1616211e+01
   3.7207830e+06   3.4240723e+01
   3.7218000e+06   3.3081055e+01
   3.7221950e+06   2.6245117e+01
   3.7223470e+06   3.3386230e+01
   3.7224260e+06   2.8564453e+01
   3.7226550e+06   2.6184082e+01
   3.7226800e+06   2.6428223e+01
   3.7227370e+06   2.4414063e+01
   3.7228080e+06   2.6977539e+01
   3.7293610e+06   2.8381348e+01
   3.7361740e+06   2.7648926e+01
   3.7364760e+06   2.5146484e+01
   3.7365490e+06   2.8442383e+01
   3.7365790e+06   2.2766113e+01
   3.7366900e+06   2.3864746e+01
   3.7369730e+06   3.9123535e+01
   3.7402970e+06   3.4790039e+01
   3.7403630e+06   2.9418945e+01
   3.7421910e+06   2.8991699e+01
   3.7422590e+06   2.6428223e+01
   3.7423770e+06   2.6855469e+01
   3.7424100e+06   2.9113770e+01
   3.7424650e+06   2.4536133e+01
   3.7424970e+06   2.3132324e+01
   3.7425860e+06   3.3081055e+01
   3.7500490e+06   2.8320312e+01
   3.7509100e+06   2.6977539e+01
   3.7510670e+06   3.0212402e+01
   3.7512160e+06   3.1311035e+01
   3.7512510e+06   2.2705078e+01
   3.7513970e+06   2.3010254e+01
   3.7514660e+06   2.5146484e+01
   3.7514920e+06   2.3437500e+01
   3.7560240e+06   2.9113770e+01
   3.7567460e+06   3.1494141e+01
   3.7568430e+06   2.6794434e+01
   3.7571770e+06   2.7404785e+01
   3.7572910e+06   2.8259277e+01
   3.7573720e+06   2.9907227e+01
   3.7574250e+06   3.2897949e+01
   3.7576220e+06   2.6855469e+01
   3.7577890e+06   2.9785156e+01
   3.7578310e+06   2.4536133e+01
   3.7590070e+06   3.5766602e+01
   3.7595990e+06   2.6794434e+01
   3.7634380e+06   3.4301758e+01
   3.7659110e+06   3.0822754e+01
   3.7665120e+06   2.9357910e+01
   3.7669420e+06   2.8076172e+01
   3.7696110e+06   3.2897949e+01
   3.7709140e+06   2.4414062e+01
   3.7713970e+06   2.8137207e+01
   3.7716130e+06   2.9418945e+01
   3.7718530e+06   2.7709961e+01
   3.7722660e+06   2.8930664e+01
   3.7724890e+06   3.0029297e+01
   3.7725500e+06   2.8015137e+01
   3.7726650e+06   3.2104492e+01
   3.7727530e+06   2.5634766e+01
   3.7730460e+06   2.7954102e+01
   3.7731520e+06   2.6550293e+01
   3.7747460e+06   3.3264160e+01
   3.7754800e+06   2.3925781e+01
   3.7757330e+06   3.0334473e+01
   3.7758260e+06   2.2827148e+01
   3.7758990e+06   2.4108887e+01
   3.7759920e+06   2.6733398e+01
   3.7760350e+06   2.4597168e+01
   3.7768870e+06   2.7648926e+01
   3.7780550e+06   3.2958984e+01
   3.7781230e+06   2.8930664e+01
   3.7783140e+06   3.1860352e+01
   3.7786900e+06   2.6611328e+01
   3.7792220e+06   2.3803711e+01
   3.7814190e+06   2.7282715e+01
   3.7821370e+06   2.9174805e+01
   3.7918380e+06   3.4118652e+01
   3.7925240e+06   2.8808594e+01
   3.7925970e+06   2.3986816e+01
   3.7926390e+06   3.3264160e+01
   3.7929230e+06   2.9907227e+01
   3.7931030e+06   2.4536133e+01
   3.7931840e+06   2.5390625e+01
   3.7940190e+06   3.1738281e+01
   3.7940920e+06   3.4057617e+01
   3.7943660e+06   2.4536133e+01
   3.7948400e+06   2.6306152e+01
   3.7956140e+06   2.9174805e+01
   3.7957740e+06   2.6123047e+01
   3.7960100e+06   2.8625488e+01
   3.7961100e+06   2.8686523e+01
   3.7962330e+06   2.5207520e+01
   3.7967310e+06   2.3803711e+01
   3.7975300e+06   2.9846191e+01
   3.7982720e+06   2.9968262e+01
   3.7983300e+06   2.9296875e+01
   3.7983870e+06   2.4169922e+01
   3.7986250e+06   2.3925781e+01
   3.8092510e+06   2.7648926e+01
   3.8096090e+06   3.7902832e+01
   3.8096820e+06   2.3925781e+01
   3.8104190e+06   2.6367188e+01
   3.8104990e+06   2.6611328e+01
   3.8107360e+06   2.6550293e+01
   3.8108020e+06   2.7282715e+01
   3.8109190e+06   2.5939941e+01
   3.8110530e+06   2.4719238e+01
   3.8111140e+06   3.2958984e+01
   3.8120840e+06   2.8259277e+01
   3.8157230e+06   3.0883789e+01
   3.8157810e+06   2.9663086e+01
   3.8158210e+06   2.6306152e+01
   3.8252000e+06   3.2104492e+01
   3.8267790e+06   3.0334473e+01
   3.8270860e+06   2.4719238e+01
   3.8272710e+06   3.2348633e+01
   3.8273130e+06   2.7770996e+01
   3.8273500e+06   2.3010254e+01
   3.8273950e+06   2.3925781e+01
   3.8275130e+06   2.8625488e+01
   3.8278050e+06   2.4475098e+01
   3.8278400e+06   3.1677246e+01
   3.8278720e+06   2.4108887e+01
   3.8284560e+06   2.7099609e+01
   3.8378990e+06   3.0456543e+01
   3.8381420e+06   2.7526855e+01
   3.8385530e+06   3.1372070e+01
   3.8390140e+06   3.1188965e+01
   3.8390670e+06   2.6733398e+01
   3.8391170e+06   2.3010254e+01
   3.8391620e+06   2.7404785e+01
   3.8392030e+06   2.9663086e+01
   3.8425550e+06   2.6062012e+01
   3.8487960e+06   3.1738281e+01
   3.8515650e+06   2.5207520e+01
   3.8516720e+06   4.0161133e+01
   3.8520210e+06   3.3081055e+01
   3.8522040e+06   3.1555176e+01
   3.8523460e+06   2.9235840e+01
   3.8523900e+06   2.3925781e+01
   3.8525470e+06   2.5695801e+01
   3.8526230e+06   2.6489258e+01
   3.8552980e+06   3.0456543e+01
   3.8559180e+06   3.4118652e+01
   3.8560860e+06   2.9296875e+01
   3.8657650e+06   2.9724121e+01
   3.8661950e+06   2.8259277e+01
   3.8662900e+06   2.7465820e+01
   3.8667190e+06   3.8024902e+01
   3.8667830e+06   2.7709961e+01
   3.8668100e+06   3.1860352e+01
   3.8700000e+06   3.5522461e+01
   3.8704820e+06   3.2165527e+01
   3.8746880e+06   2.8686523e+01
   3.8760160e+06   2.9785156e+01
   3.8761970e+06   3.4790039e+01
   3.8762620e+06   3.4790039e+01
   3.8763260e+06   2.7038574e+01
   3.8763560e+06   2.3132324e+01
   3.8763910e+06   2.3071289e+01
   3.8776170e+06   2.7465820e+01
   3.8778330e+06   2.6489258e+01
   3.8795510e+06   3.3081055e+01
   3.8831820e+06   3.7902832e+01
   3.8860790e+06   3.3630371e+01
   3.8862680e+06   3.1494141e+01
   3.8863780e+06   2.6306152e+01
   3.8864900e+06   2.8503418e+01
   3.8866340e+06   2.5390625e+01
   3.8866880e+06   2.9357910e+01
   3.8871290e+06   3.4790039e+01
   3.8875060e+06   2.9846191e+01
   3.8875660e+06   2.3498535e+01
   3.8877070e+06   2.4719238e+01
   3.8877830e+06   2.6062012e+01
   3.8878230e+06   2.6306152e+01
   3.8878500e+06   2.4780273e+01
   3.8879150e+06   2.3620605e+01
   3.8937700e+06   2.3864746e+01
   3.8950860e+06   3.2897949e+01
   3.8953030e+06   3.5888672e+01
   3.8964090e+06   3.0517578e+01
   3.8968310e+06   2.7282715e+01
   3.8999170e+06   2.7221680e+01
   3.9001800e+06   3.0578613e+01
   3.9072050e+06   2.8991699e+01
   3.9072630e+06   2.6184082e+01
   3.9077350e+06   2.8747559e+01
   3.9079780e+06   2.3071289e+01
   3.9081140e+06   2.6123047e+01
   3.9081890e+06   2.5573730e+01
   3.9082390e+06   3.1982422e+01
   3.9082890e+06   2.7648926e+01
   3.9083200e+06   2.6855469e+01
   3.9118720e+06   2.8747559e+01
   3.9165340e+06   3.5400391e+01
   3.9166240e+06   3.3630371e+01
   3.9166910e+06   2.9724121e+01
   3.9168030e+06   2.5207520e+01
   3.9168840e+06   2.8442383e+01
   3.9170720e+06   2.4047852e+01
   3.9171550e+06   2.3437500e+01
   3.9173730e+06   3.6010742e+01
   3.9178230e+06   2.6489258e+01
   3.9185530e+06   3.2043457e+01
   3.9187050e+06   2.8503418e+01
   3.9190330e+06   3.4179688e+01
   3.9191200e+06   3.5705566e+01
   3.9197300e+06   2.4291992e+01
   3.9197680e+06   2.5756836e+01
   3.9198200e+06   2.7099609e+01
   3.9200500e+06   2.7465820e+01
   3.9201100e+06   2.7832031e+01
   3.9207380e+06   2.7832031e+01
   3.9274610e+06   3.1188965e+01
   3.9275660e+06   3.1738281e+01
   3.9281290e+06   2.5268555e+01
   3.9281860e+06   2.6306152e+01
   3.9283020e+06   3.8146973e+01
   3.9283570e+06   3.0395508e+01
   3.9284260e+06   2.9235840e+01
   3.9287470e+06   2.5390625e+01
   3.9288520e+06   2.2766113e+01
   3.9289970e+06   2.2827148e+01
   3.9290500e+06   2.4475098e+01
   3.9291200e+06   2.4108887e+01
   3.9295810e+06   2.2949219e+01
   3.9338380e+06   3.3691406e+01
   3.9380480e+06   3.1738281e+01
   3.9382220e+06   3.1555176e+01
   3.9383640e+06   3.1738281e+01
   3.9387680e+06   3.6437988e+01
   3.9388500e+06   2.5329590e+01
   3.9390750e+06   3.2104492e+01
   3.9392430e+06   3.0029297e+01
   3.9393030e+06   2.2827148e+01
   3.9394040e+06   3.0639648e+01
   3.9441460e+06   3.4912109e+01
   3.9444310e+06   2.6855469e+01
   3.9445190e+06   2.8808594e+01
   3.9446580e+06   2.9785156e+01
   3.9449440e+06   3.5461426e+01
   3.9449800e+06   2.4780273e+01
   3.9450100e+06   2.3071289e+01
   3.9500990e+06   3.3081055e+01
   3.9508500e+06   2.7954102e+01
   3.9518720e+06   3.7963867e+01
   3.9534930e+06   3.0212402e+01
   3.9543020e+06   2.8869629e+01
   3.9545500e+06   2.9113770e+01
   3.9546090e+06   2.8686523e+01
   3.9570960e+06   2.9602051e+01
   3.9579330e+06   2.8625488e+01
   3.9616920e+06   3.1921387e+01
   3.9654320e+06   2.9846191e+01
   3.9655580e+06   2.4719238e+01
   3.9656880e+06   3.5095215e+01
   3.9659140e+06   3.0090332e+01
   3.9661330e+06   2.8869629e+01
   3.9664460e+06   2.9296875e+01
   3.9664910e+06   2.5146484e+01
   3.9665460e+06   3.1860352e+01
   3.9677390e+06   2.5451660e+01
   3.9677910e+06   2.4108887e+01
   3.9678570e+06   2.3986816e+01
   3.9679240e+06   2.3803711e+01
   3.9701000e+06   3.0029297e+01
   3.9701980e+06   2.6489258e+01
   3.9704620e+06   2.9602051e+01
   3.9706200e+06   2.5024414e+01
   3.9708660e+06   2.9479980e+01
   3.9709160e+06   2.3376465e+01
   3.9712520e+06   2.5451660e+01
   3.9758920e+06   2.6550293e+01
   3.9797680e+06   2.9968262e+01
   3.9826250e+06   2.9968262e+01
   3.9830850e+06   3.1555176e+01
   3.9831430e+06   2.6916504e+01
   3.9833600e+06   3.1616211e+01
   3.9834510e+06   2.7893066e+01
   3.9835020e+06   2.4291992e+01
   3.9836150e+06   2.4353027e+01
   3.9836850e+06   2.4414062e+01
   3.9909520e+06   3.5278320e+01
   3.9927310e+06   2.8076172e+01
   3.9929600e+06   2.5390625e+01
   3.9933900e+06   3.0944824e+01
   3.9934420e+06   2.4780273e+01
   3.9934810e+06   3.3935547e+01
   3.9935420e+06   2.6733398e+01
   3.9942670e+06   3.4118652e+01
   3.9943390e+06   3.2775879e+01
   3.9944360e+06   2.3803711e+01
   3.9945310e+06   2.7832031e+01
   3.9950630e+06   3.0395508e+01
   3.9972930e+06   3.4057617e+01
   3.9981790e+06   2.8564453e+01
   3.9992230e+06   2.7587891e+01
   4.0058150e+06   3.0578613e+01
   4.0081870e+06   3.2165527e+01
   4.0084350e+06   3.0334473e+01
   4.0086040e+06   3.8391113e+01
   4.0087950e+06   3.0029297e+01
   4.0088760e+06   2.9235840e+01
   4.0089440e+06   2.5695801e+01
   4.0090190e+06   2.4597168e+01
   4.0133620e+06   3.4240723e+01
   4.0137410e+06   2.4353027e+01
   4.0138090e+06   2.3254395e+01
   4.0138470e+06   2.5939941e+01
   4.0138870e+06   2.4841309e+01
   4.0205700e+06   2.9296875e+01
   4.0207350e+06   2.5451660e+01
   4.0208800e+06   2.6367188e+01
   4.0210990e+06   2.7038574e+01
   4.0244980e+06   3.5522461e+01
   4.0287870e+06   2.8930664e+01
   4.0291440e+06   2.7770996e+01
   4.0294180e+06   3.2226562e+01
   4.0295210e+06   2.8442383e+01
   4.0317740e+06   2.8198242e+01
   4.0318540e+06   3.1555176e+01
   4.0320360e+06   2.9479980e+01
   4.0321050e+06   2.3132324e+01
   4.0322850e+06   2.7221680e+01
   4.0325300e+06   2.9174805e+01
   4.0325970e+06   2.9357910e+01
   4.0326300e+06   2.5573730e+01
   4.0326910e+06   2.4108887e+01
   4.0386460e+06   3.2409668e+01
   4.0396330e+06   2.7282715e+01
   4.0398720e+06   2.6611328e+01
   4.0399750e+06   3.0639648e+01
   4.0400120e+06   2.6367188e+01
   4.0447730e+06   3.3203125e+01
   4.0449640e+06   2.7526855e+01
   4.0484380e+06   3.0151367e+01
   4.0545270e+06   2.9235840e+01
   4.0555240e+06   2.9479980e+01
   4.0556030e+06   3.3508301e+01
   4.0557050e+06   2.6489258e+01
   4.0557730e+06   2.7465820e+01
   4.0559110e+06   2.4780273e+01
   4.0560780e+06   3.5583496e+01
   4.0575970e+06   2.4353027e+01
   4.0577530e+06   2.6672363e+01
   4.0592240e+06   3.4423828e+01
   4.0595090e+06   3.0029297e+01
   4.0595610e+06   2.9174805e+01
   4.0595860e+06   3.1738281e+01
   4.0596310e+06   2.3071289e+01
   4.0621900e+06   3.0151367e+01
   4.0625650e+06   2.8625488e+01
   4.0627850e+06   2.7709961e+01
   4.0662930e+06   2.8686523e+01
   4.0681660e+06   2.9846191e+01
   4.0732960e+06   2.5512695e+01
   4.0737610e+06   3.3935547e+01
   4.0738150e+06   2.7954102e+01
   4.0750300e+06   4.2114258e+01
   4.0752730e+06   3.1372070e+01
   4.0753920e+06   2.8137207e+01
   4.0755220e+06   3.2409668e+01
   4.0759690e+06   2.9113770e+01
   4.0762720e+06   3.2775879e+01
   4.0763640e+06   2.8808594e+01
   4.0765490e+06   3.0761719e+01
   4.0766120e+06   2.7099609e+01
   4.0766860e+06   2.5085449e+01
   4.0767850e+06   2.9479980e+01
   4.0768180e+06   2.8442383e+01
   4.0825960e+06   2.9357910e+01
   4.0845140e+06   2.5390625e+01
   4.0857180e+06   3.6193848e+01
   4.0858870e+06   2.4719238e+01
   4.0863540e+06   2.7282715e+01
   4.0894150e+06   2.8564453e+01
   4.0932340e+06   3.2165527e+01
   4.0953550e+06   2.6977539e+01
   4.0956200e+06   3.2226562e+01
   4.0961380e+06   2.7770996e+01
   4.0962720e+06   2.7709961e+01
   4.0963490e+06   2.3803711e+01
   4.0965960e+06   3.1860352e+01
   4.0966670e+06   2.9052734e+01
   4.0967300e+06   2.6184082e+01
   4.0987460e+06   2.9541016e+01
   4.0995490e+06   3.7536621e+01
   4.0996230e+06   2.6550293e+01
   4.0998940e+06   3.1127930e+01
   4.0999650e+06   2.9174805e+01
   4.1000160e+06   2.2949219e+01
   4.1000660e+06   2.4414062e+01
   4.1000940e+06   2.8015137e+01
   4.1085100e+06   3.1555176e+01
   4.1113900e+06   2.9602051e+01
   4.1118420e+06   2.7893066e+01
   4.1121690e+06   2.5207520e+01
   4.1123080e+06   2.5634766e+01
   4.1152540e+06   3.4301758e+01
   4.1159700e+06   3.4362793e+01
   4.1163450e+06   2.4230957e+01
   4.1164120e+06   3.2287598e+01
   4.1174310e+06   3.0578613e+01
   4.1175540e+06   2.4902344e+01
   4.1177270e+06   2.7221680e+01
   4.1177870e+06   3.0212402e+01
   4.1179090e+06   2.6306152e+01
   4.1190290e+06   2.4658203e+01
   4.1190630e+06   2.9602051e+01
   4.1191070e+06   2.7099609e+01
   4.1257220e+06   3.0578613e+01
   4.1264050e+06   3.0395508e+01
   4.1265260e+06   3.4912109e+01
   4.1266230e+06   3.4729004e+01
   4.1269450e+06   3.0151367e+01
   4.1270520e+06   3.0517578e+01
   4.1278160e+06   3.2287598e+01
   4.1279200e+06   2.7465820e+01
   4.1280640e+06   2.3071289e+01
   4.1281460e+06   2.4841309e+01
   4.1282370e+06   2.9113770e+01
   4.1285680e+06   2.5390625e+01
   4.1286850e+06   2.6916504e+01
   4.1287270e+06   3.0639648e+01
   4.1333860e+06   3.0883789e+01
   4.1338010e+06   2.4963379e+01
   4.1339600e+06   2.7038574e+01
   4.1345540e+06   2.6184082e+01
   4.1346850e+06   2.8381348e+01
   4.1432990e+06   3.1188965e+01
   4.1444530e+06   2.8137207e+01
   4.1447990e+06   3.0151367e+01
   4.1448550e+06   3.2165527e+01
   4.1451490e+06   3.1494141e+01
   4.1452170e+06   3.3325195e+01
   4.1453090e+06   3.5888672e+01
   4.1453360e+06   2.8320313e+01
   4.1495380e+06   3.3874512e+01
   4.1506170e+06   3.8269043e+01
   4.1506850e+06   2.4902344e+01
   4.1507570e+06   2.3498535e+01
   4.1509660e+06   3.4118652e+01
   4.1513540e+06   3.0456543e+01
   4.1606370e+06   3.0944824e+01
   4.1609080e+06   3.6437988e+01
   4.1609570e+06   3.4484863e+01
   4.1613430e+06   3.4057617e+01
   4.1641610e+06   3.1738281e+01
   4.1663800e+06   3.2714844e+01
   4.1675440e+06   3.8208008e+01
   4.1686450e+06   2.7709961e+01
   4.1690300e+06   2.8625488e+01
   4.1690670e+06   2.3620605e+01
   4.1696740e+06   3.0273438e+01
   4.1697510e+06   3.1555176e+01
   4.1698200e+06   2.4780273e+01
   4.1699490e+06   2.7282715e+01
   4.1700130e+06   2.5268555e+01
   4.1700810e+06   2.6489258e+01
   4.1702900e+06   2.8503418e+01
   4.1737550e+06   3.5156250e+01
   4.1774840e+06   3.3691406e+01
   4.1781110e+06   3.1921387e+01
   4.1784960e+06   2.5268555e+01
   4.1788340e+06   3.1921387e+01
   4.1790990e+06   3.3142090e+01
   4.1791990e+06   2.8137207e+01
   4.1835280e+06   2.8076172e+01
   4.1863170e+06   3.1494141e+01
   4.1865610e+06   3.3691406e+01
   4.1866670e+06   3.6254883e+01
   4.1869090e+06   2.7587891e+01
   4.1874110e+06   2.3437500e+01
   4.1875600e+06   2.7526855e+01
   4.1876080e+06   2.4169922e+01
   4.1876780e+06   2.7893066e+01
   4.1877900e+06   2.6367188e+01
   4.1878810e+06   2.2949219e+01
   4.1879500e+06   2.7587891e+01
   4.1879980e+06   3.6132812e+01
   4.1907310e+06   3.5827637e+01
   4.1936230e+06   3.6621094e+01
   4.1966250e+06   3.0639648e+01
   4.1987010e+06   2.8503418e+01
   4.2009190e+06   2.9541016e+01
   4.2009870e+06   2.6672363e+01
   4.2010640e+06   2.5634766e+01
   4.2012120e+06   2.7770996e+01
   4.2014390e+06   2.6245117e+01
   4.2023160e+06   3.1555176e+01
   4.2024370e+06   2.6245117e+01
   4.2024880e+06   2.6123047e+01
   4.2064040e+06   3.1860352e+01
   4.2064980e+06   2.5085449e+01
   4.2065450e+06   3.3508301e+01
   4.2065730e+06   2.4414062e+01
   4.2104950e+06   3.0456543e+01
   4.2141550e+06   2.9907227e+01
   4.2185790e+06   2.4230957e+01
   4.2189280e+06   4.0161133e+01
   4.2192600e+06   2.7343750e+01
   4.2193460e+06   2.5573730e+01
   4.2195110e+06   2.5390625e+01
   4.2196220e+06   2.8930664e+01
   4.2196760e+06   2.5451660e+01
   4.2199950e+06   2.6245117e+01
   4.2200680e+06   2.6000977e+01
   4.2250440e+06   3.4301758e+01
   4.2290150e+06   3.5400391e+01
   4.2294910e+06   2.7709961e+01
   4.2296480e+06   3.0517578e+01
   4.2298200e+06   3.1066895e+01
   4.2298780e+06   2.5451660e+01
   4.2299350e+06   2.8076172e+01
   4.2302800e+06   2.6550293e+01
   4.2313360e+06   3.1799316e+01
   4.2314350e+06   2.8930664e+01
   4.2315140e+06   3.1005859e+01
   4.2315340e+06   2.3620605e+01
   4.2315870e+06   3.1066895e+01
   4.2316340e+06   2.2766113e+01
   4.2316660e+06   2.4047852e+01
   4.2332960e+06   2.7954102e+01
   4.2336270e+06   3.3569336e+01
   4.2338130e+06   2.6611328e+01
   4.2339360e+06   2.3437500e+01
   4.2339770e+06   2.6489258e+01
   4.2401470e+06   3.4179688e+01
   4.2410830e+06   3.0029297e+01
   4.2453070e+06   2.8686523e+01
   4.2457120e+06   2.5573730e+01
   4.2460090e+06   2.7526855e+01
   4.2466620e+06   3.1188965e+01
   4.2467330e+06   2.8320312e+01
   4.2468750e+06   2.3803711e+01
   4.2469170e+06   2.4414062e+01
   4.2471780e+06   3.0029297e+01
   4.2537780e+06   3.0761719e+01
   4.2539340e+06   2.3376465e+01
   4.2540170e+06   2.7038574e+01
   4.2543300e+06   3.1311035e+01
   4.2545940e+06   2.8015137e+01
   4.2548550e+06   2.8686523e+01
   4.2549160e+06   2.8198242e+01
   4.2549990e+06   2.3010254e+01
   4.2550470e+06   2.8015137e+01
   4.2553560e+06   2.6489258e+01
   4.2610860e+06   2.6000977e+01
   4.2613290e+06   3.4729004e+01
   4.2614440e+06   2.8198242e+01
   4.2697030e+06   3.0334473e+01
   4.2700740e+06   3.3142090e+01
   4.2701470e+06   2.8381348e+01
   4.2702070e+06   3.0517578e+01
   4.2703810e+06   2.6245117e+01
   4.2713270e+06   2.7954102e+01
   4.2714820e+06   2.5512695e+01
   4.2715330e+06   2.3132324e+01
   4.2729830e+06   3.0395508e+01
   4.2733380e+06   2.3803711e+01
   4.2737020e+06   2.4291992e+01
   4.2740510e+06   2.5634766e+01
   4.2741930e+06   3.1066895e+01
   4.2743570e+06   2.4414062e+01
   4.2746000e+06   2.9479980e+01
   4.2747250e+06   2.5939941e+01
   4.2747990e+06   3.3569336e+01
   4.2756750e+06   2.5695801e+01
   4.2758710e+06   2.9541016e+01
   4.2759630e+06   2.6245117e+01
   4.2760830e+06   2.5573730e+01
   4.2761230e+06   2.3620605e+01
   4.2762790e+06   2.6245117e+01
   4.2765640e+06   3.2897949e+01
   4.2773210e+06   2.5207520e+01
   4.2874730e+06   3.4423828e+01
   4.2899310e+06   3.1066895e+01
   4.2901790e+06   3.1433105e+01
   4.2902620e+06   3.0517578e+01
   4.2905300e+06   3.1005859e+01
   4.2907500e+06   2.4414062e+01
   4.2908490e+06   2.6489258e+01
   4.2912400e+06   3.5400391e+01
   4.2978750e+06   3.5644531e+01
   4.2988440e+06   2.7343750e+01
   4.2994620e+06   3.3447266e+01
   4.3001390e+06   2.9357910e+01
   4.3004210e+06   3.1005859e+01
   4.3012800e+06   2.7954102e+01
   4.3013310e+06   2.4719238e+01
   4.3088020e+06   3.0944824e+01
   4.3090570e+06   2.8564453e+01
   4.3091470e+06   2.5573730e+01
   4.3091730e+06   2.9724121e+01
   4.3092080e+06   2.4902344e+01
   4.3093120e+06   2.5634766e+01
   4.3102810e+06   2.9052734e+01
   4.3152130e+06   3.8208008e+01
   4.3161340e+06   3.2714844e+01
   4.3163390e+06   2.5512695e+01
   4.3164380e+06   2.8625488e+01
   4.3169770e+06   3.0578613e+01
   4.3170400e+06   2.5390625e+01
   4.3219970e+06   2.5451660e+01
   4.3281840e+06   3.3691406e+01
   4.3282960e+06   3.8757324e+01
   4.3284250e+06   2.5085449e+01
   4.3284940e+06   2.7832031e+01
   4.3289780e+06   2.6123047e+01
   4.3291580e+06   2.8320312e+01
   4.3292410e+06   3.0944824e+01
   4.3293310e+06   2.7343750e+01
   4.3293680e+06   2.9479980e+01
   4.3294360e+06   2.3437500e+01
   4.3369270e+06   3.5766602e+01
   4.3394770e+06   2.9113770e+01
   4.3398270e+06   3.2165527e+01
   4.3399330e+06   3.3142090e+01
   4.3403870e+06   2.9724121e+01
   4.3405700e+06   2.7404785e+01
   4.3413660e+06   2.3803711e+01
   4.3415450e+06   3.0639648e+01
   4.3415970e+06   3.1433105e+01
   4.3416560e+06   3.2592773e+01
   4.3417260e+06   2.9235840e+01
   4.3418080e+06   2.7648926e+01
   4.3546130e+06   2.8381348e+01
   4.3547500e+06   3.4118652e+01
   4.3548120e+06   3.0334473e+01
   4.3579140e+06   3.0151367e+01
   4.3579800e+06   2.4475098e+01
   4.3580310e+06   2.5878906e+01
   4.3644970e+06   3.1982422e+01
   4.3655690e+06   4.0405273e+01
   4.3669570e+06   3.3935547e+01
   4.3670400e+06   3.1799316e+01
   4.3670680e+06   2.4230957e+01
   4.3671310e+06   2.8259277e+01
   4.3673650e+06   2.6245117e+01
   4.3675430e+06   2.4230957e+01
   4.3686690e+06   2.9541016e+01
   4.3687670e+06   2.8381348e+01
   4.3724510e+06   2.9602051e+01
   4.3770060e+06   3.1738281e+01
   4.3771330e+06   2.6733398e+01
   4.3772300e+06   3.0273438e+01
   4.3772820e+06   2.6733398e+01
   4.3780310e+06   2.6794434e+01
   4.3851080e+06   3.2226563e+01
   4.3854550e+06   2.7954102e+01
   4.3855390e+06   2.7893066e+01
   4.3855820e+06   3.0517578e+01
   4.3856620e+06   2.6306152e+01
   4.3859380e+06   3.1494141e+01
   4.3875600e+06   3.0883789e+01
   4.3877950e+06   2.7465820e+01
   4.3878780e+06   3.3142090e+01
   4.3879440e+06   2.3315430e+01
   4.3879770e+06   2.4719238e+01
   4.3880060e+06   2.6611328e+01
   4.3880430e+06   2.6916504e+01
   4.3880870e+06   2.7832031e+01
   4.3977860e+06   3.6682129e+01
   4.3982290e+06   2.7160645e+01
   4.3983760e+06   2.6489258e+01
   4.3984530e+06   3.4973145e+01
   4.3985280e+06   2.3620605e+01
   4.4042440e+06   3.4606934e+01
   4.4064110e+06   2.4353027e+01
   4.4065200e+06   2.8808594e+01
   4.4067100e+06   3.1433105e+01
   4.4067330e+06   2.6245117e+01
   4.4067920e+06   2.9479980e+01
   4.4078640e+06   2.8381348e+01
   4.4106150e+06   2.7160645e+01
   4.4111160e+06   2.7099609e+01
   4.4111820e+06   2.4047852e+01
   4.4112230e+06   2.7465820e+01
   4.4113450e+06   2.2705078e+01
   4.4152640e+06   2.9479980e+01
   4.4206400e+06   3.0273438e+01
   4.4207610e+06   3.1799316e+01
   4.4208220e+06   2.4719238e+01
   4.4208620e+06   2.3132324e+01
   4.4208920e+06   3.8024902e+01
   4.4209430e+06   2.4414062e+01
   4.4274750e+06   3.5339355e+01
   4.4276370e+06   3.0883789e+01
   4.4277090e+06   3.1372070e+01
   4.4277800e+06   2.7954102e+01
   4.4351930e+06   3.1005859e+01
   4.4353360e+06   2.9357910e+01
   4.4354610e+06   2.9418945e+01
   4.4355440e+06   2.5146484e+01
   4.4387700e+06   3.0029297e+01
   4.4388950e+06   3.4729004e+01
   4.4390180e+06   2.5268555e+01
   4.4390700e+06   2.7038574e+01
   4.4391370e+06   2.6062012e+01
   4.4392270e+06   2.7038574e+01
   4.4393050e+06   2.8564453e+01
   4.4438370e+06   2.9541016e+01
   4.4439640e+06   2.7648926e+01
   4.4440340e+06   2.6428223e+01
   4.4528100e+06   3.0151367e+01
   4.4540090e+06   3.2043457e+01
   4.4544220e+06   2.5268555e+01
   4.4545300e+06   3.0273438e+01
   4.4545880e+06   2.8015137e+01
   4.4546560e+06   3.2714844e+01
   4.4555190e+06   3.2653809e+01
   4.4586580e+06   3.7414551e+01
   4.4599120e+06   2.5756836e+01
   4.4628150e+06   2.9846191e+01
   4.4629990e+06   2.5878906e+01
   4.4630470e+06   2.5695801e+01
   4.4631220e+06   3.6499023e+01
   4.4632410e+06   2.3864746e+01
   4.4703820e+06   2.9541016e+01
   4.4715110e+06   3.1616211e+01
   4.4716190e+06   2.8564453e+01
   4.4717600e+06   2.8259277e+01
   4.4717920e+06   2.4658203e+01
   4.4741970e+06   2.9296875e+01
   4.4742490e+06   2.6000977e+01
   4.4743220e+06   2.9418945e+01
   4.4745270e+06   3.9306641e+01
   4.4843990e+06   3.2165527e+01
   4.4845760e+06   2.7770996e+01
   4.4846820e+06   3.6682129e+01
   4.4860820e+06   3.4729004e+01
   4.4862510e+06   2.7648926e+01
   4.4863940e+06   2.5878906e+01
   4.4864320e+06   2.3803711e+01
   4.4864810e+06   2.3925781e+01
   4.4865410e+06   2.6489258e+01
   4.4865810e+06   2.6550293e+01
   4.4866120e+06   2.9968262e+01
   4.4914060e+06   3.3386230e+01
   4.4943770e+06   3.5522461e+01
   4.4968130e+06   3.4057617e+01
   4.4969040e+06   2.8808594e+01
   4.4970420e+06   3.0822754e+01
   4.5058920e+06   3.1433105e+01
   4.5060070e+06   3.0456543e+01
   4.5060600e+06   2.7648926e+01
   4.5117050e+06   2.6672363e+01
   4.5118190e+06   3.2653809e+01
   4.5119010e+06   3.0273438e+01
   4.5120420e+06   3.1250000e+01
   4.5190720e+06   3.0029297e+01
   4.5192060e+06   2.4719238e+01
   4.5193060e+06   2.8381348e+01
   4.5195320e+06   2.9785156e+01
   4.5264190e+06   3.1188965e+01
   4.5267080e+06   2.9052734e+01
   4.5267990e+06   3.0700684e+01
   4.5268460e+06   2.6062012e+01
   4.5271020e+06   2.9235840e+01
   4.5308830e+06   2.8015137e+01
   4.5356980e+06   3.2043457e+01
   4.5362010e+06   2.4597168e+01
   4.5362830e+06   2.7526855e+01
   4.5363190e+06   2.9785156e+01
   4.5363830e+06   2.7954102e+01
   4.5364360e+06   2.3986816e+01
   4.5364590e+06   3.3874512e+01
   4.5364860e+06   2.5817871e+01
   4.5462650e+06   2.6245117e+01
   4.5470450e+06   3.3020020e+01
   4.5471590e+06   3.3020020e+01
   4.5472550e+06   3.1188965e+01
   4.5560430e+06   2.8137207e+01
   4.5561300e+06   2.9357910e+01
   4.5563220e+06   2.5634766e+01
   4.5613840e+06   2.7038574e+01
   4.5634180e+06   2.7954102e+01
   4.5640710e+06   2.9296875e+01
   4.5641720e+06   2.8869629e+01
   4.5642040e+06   2.9785156e+01
   4.5642490e+06   3.3325195e+01
   4.5645580e+06   2.4414063e+01
   4.5690680e+06   3.1860352e+01
   4.5715720e+06   3.1921387e+01
   4.5717430e+06   2.7832031e+01
   4.5718470e+06   2.3010254e+01
   4.5719130e+06   2.9418945e+01
   4.5788010e+06   3.3508301e+01
   4.5795760e+06   2.3742676e+01
   4.5797120e+06   2.7770996e+01
   4.5798000e+06   2.9174805e+01
   4.5798870e+06   2.7770996e+01
   4.5862500e+06   2.4841309e+01
   4.5863680e+06   3.6926270e+01
   4.5911180e+06   3.2226562e+01
   4.5947180e+06   2.8259277e+01
   4.5955990e+06   3.1921387e+01
   4.5958180e+06   3.3264160e+01
   4.5959380e+06   2.8198242e+01
   4.5959740e+06   2.3986816e+01
   4.5960230e+06   2.6306152e+01
   4.5960960e+06   2.4230957e+01
   4.6011510e+06   2.7221680e+01
   4.6013920e+06   3.4667969e+01
   4.6016400e+06   2.8869629e+01
   4.6064620e+06   3.1311035e+01
   4.6110340e+06   3.2653809e+01
   4.6114460e+06   3.3996582e+01
   4.6115730e+06   2.9052734e+01
   4.6117190e+06   2.6428223e+01
   4.6212780e+06   3.3142090e+01
   4.6213300e+06   2.5085449e+01
   4.6214390e+06   3.2592773e+01
   4.6265310e+06   3.4240723e+01
   4.6271100e+06   2.7587891e+01
   4.6318570e+06   3.0395508e+01
   4.6320290e+06   3.6376953e+01
   4.6321170e+06   2.8869629e+01
   4.6322000e+06   2.6611328e+01
   4.6322370e+06   3.1066895e+01
   4.6322710e+06   2.6062012e+01
   4.6323160e+06   2.4597168e+01
   4.6372540e+06   3.3508301e+01
   4.6393750e+06   3.3142090e+01
   4.6417320e+06   3.5949707e+01
   4.6418620e+06   3.3935547e+01
   4.6419050e+06   2.7282715e+01
   4.6464510e+06   2.9479980e+01
   4.6510110e+06   3.9306641e+01
   4.6511340e+06   3.3203125e+01
   4.6511960e+06   3.0395508e+01
   4.6570190e+06   2.5939941e+01
   4.6586030e+06   2.2827148e+01
   4.6586690e+06   3.2348633e+01
   4.6587710e+06   2.8442383e+01
   4.6588860e+06   2.8442383e+01
   4.6635170e+06   3.0456543e+01
   4.6665700e+06   2.7221680e+01
   4.6702540e+06   3.2958984e+01
   4.6707270e+06   2.6184082e+01
   4.6708620e+06   2.9602051e+01
   4.6709260e+06   2.7832031e+01
   4.6711270e+06   3.3081055e+01
   4.6758890e+06   3.0944824e+01
   4.6784250e+06   3.2592773e+01
   4.6819470e+06   2.9785156e+01
   4.6820690e+06   3.1677246e+01
   4.6880740e+06   3.2653809e+01
   4.6898920e+06   3.4118652e+01
   4.6921910e+06   2.6611328e+01
   4.6927320e+06   3.7109375e+01
   4.6929410e+06   3.0273438e+01
   4.6931560e+06   3.0639648e+01
   4.6994730e+06   3.2470703e+01
   4.7020360e+06   3.7292480e+01
   4.7021240e+06   2.7954102e+01
   4.7021940e+06   3.6499023e+01
   4.7022480e+06   2.4414062e+01
   4.7022800e+06   2.3681641e+01
   4.7023540e+06   2.6000977e+01
   4.7127890e+06   2.7893066e+01
   4.7131120e+06   2.6672363e+01
   4.7211630e+06   3.0456543e+01
   4.7219150e+06   3.3447266e+01
   4.7220190e+06   2.7099609e+01
   4.7221840e+06   3.7658691e+01
   4.7222930e+06   2.7404785e+01
   4.7223610e+06   2.9724121e+01
   4.7224020e+06   2.6123047e+01
   4.7224320e+06   2.3986816e+01
   4.7225220e+06   2.3559570e+01
   4.7284470e+06   3.4545898e+01
   4.7323270e+06   3.3935547e+01
   4.7324000e+06   2.2949219e+01
   4.7380170e+06   2.7709961e+01
   4.7416330e+06   3.5095215e+01
   4.7428390e+06   3.2653809e+01
   4.7474730e+06   3.4179688e+01
   4.7504170e+06   3.0822754e+01
   4.7537080e+06   3.4851074e+01
   4.7538700e+06   3.3325195e+01
   4.7540900e+06   3.1188965e+01
   4.7542120e+06   2.4780273e+01
   4.7543770e+06   2.3071289e+01
   4.7588460e+06   2.9357910e+01
   4.7606630e+06   3.3630371e+01
   4.7631630e+06   3.2165527e+01
   4.7661800e+06   3.5034180e+01
   4.7663920e+06   3.3996582e+01
   4.7762270e+06   3.3813477e+01
   4.7783330e+06   3.4606934e+01
   4.7784770e+06   2.9663086e+01
   4.7849320e+06   2.7587891e+01
   4.7892090e+06   3.2775879e+01
   4.7897300e+06   2.8869629e+01
   4.7897950e+06   2.4353027e+01
   4.7898900e+06   2.7282715e+01
   4.7944970e+06   2.8320312e+01
   4.7948920e+06   2.6184082e+01
   4.7950940e+06   2.9541016e+01
   4.8002620e+06   2.9663086e+01
   4.8021570e+06   3.1799316e+01
   4.8022510e+06   3.1433105e+01
   4.8023580e+06   2.4963379e+01
   4.8081430e+06   2.6489258e+01
   4.8111510e+06   2.7893066e+01
   4.8122870e+06   2.9296875e+01
   4.8134720e+06   2.9479980e+01
   4.8138790e+06   2.9907227e+01
   4.8141030e+06   2.9235840e+01
   4.8142040e+06   2.9785156e+01
   4.8142680e+06   3.1311035e+01
   4.8143810e+06   2.6489258e+01
   4.8196200e+06   2.6489258e+01
   4.8216140e+06   3.2775879e+01
   4.8217340e+06   3.2836914e+01
   4.8220330e+06   3.0456543e+01
   4.8260640e+06   3.2226562e+01
   4.8313390e+06   3.2653809e+01
   4.8328930e+06   3.3142090e+01
   4.8332660e+06   2.8137207e+01
   4.8334900e+06   3.3752441e+01
   4.8335930e+06   3.4667969e+01
   4.8394210e+06   3.1066895e+01
   4.8415850e+06   3.3142090e+01
   4.8425260e+06   3.3386230e+01
   4.8452370e+06   2.8503418e+01
   4.8453510e+06   3.1616211e+01
   4.8505430e+06   3.3874512e+01
   4.8552600e+06   2.7770996e+01
   4.8561100e+06   3.0517578e+01
   4.8561740e+06   3.1799316e+01
   4.8562580e+06   3.0273438e+01
   4.8564410e+06   3.0883789e+01
   4.8622860e+06   2.8930664e+01
   4.8649960e+06   3.1005859e+01
   4.8660440e+06   3.0151367e+01
   4.8662250e+06   3.0883789e+01
   4.8663440e+06   2.4169922e+01
   4.8664640e+06   2.5878906e+01
   4.8722050e+06   3.4362793e+01
   4.8756390e+06   2.9785156e+01
   4.8767550e+06   2.5390625e+01
   4.8768130e+06   2.9113770e+01
   4.8770870e+06   2.5024414e+01
   4.8843440e+06   3.6254883e+01
   4.8870250e+06   3.0944824e+01
   4.8879340e+06   3.4851074e+01
   4.8879940e+06   3.1188965e+01
   4.8880560e+06   2.8747559e+01
   4.8881780e+06   3.0395508e+01
   4.8889340e+06   2.7954102e+01
   4.8979930e+06   3.1738281e+01
   4.8981440e+06   3.1677246e+01
   4.8984500e+06   2.5268555e+01
   4.8995370e+06   2.6428223e+01
   4.9058140e+06   3.4362793e+01
   4.9078110e+06   3.3386230e+01
   4.9079880e+06   3.3447266e+01
   4.9081540e+06   3.0456543e+01
   4.9120640e+06   3.2958984e+01
   4.9148660e+06   3.0273438e+01
   4.9150240e+06   3.0273438e+01
   4.9152950e+06   2.7648926e+01
   4.9153380e+06   2.4108887e+01
   4.9154010e+06   2.5390625e+01
   4.9154420e+06   2.6123047e+01
   4.9226230e+06   3.4057617e+01
   4.9243040e+06   3.3569336e+01
   4.9244070e+06   3.6560059e+01
   4.9248000e+06   2.9235840e+01
   4.9335790e+06   2.9724121e+01
   4.9340240e+06   3.1799316e+01
   4.9340840e+06   2.8930664e+01
   4.9342140e+06   2.3254395e+01
   4.9360750e+06   2.5329590e+01
   4.9366710e+06   3.6987305e+01
   4.9372370e+06   3.0212402e+01
   4.9376680e+06   2.4963379e+01
   4.9383910e+06   2.6123047e+01
   4.9428550e+06   2.9846191e+01
   4.9429830e+06   3.3569336e+01
   4.9430110e+06   2.8808594e+01
   4.9431240e+06   2.7099609e+01
   4.9432370e+06   2.5939941e+01
   4.9437880e+06   3.1555176e+01
   4.9462810e+06   2.7343750e+01
   4.9464120e+06   2.6062012e+01
   4.9467920e+06   2.7954102e+01
   4.9469610e+06   2.6550293e+01
   4.9471470e+06   2.6428223e+01
   4.9475310e+06   3.4790039e+01
   4.9480730e+06   3.0944824e+01
   4.9483950e+06   2.8198242e+01
   4.9485540e+06   2.8503418e+01
   4.9489900e+06   2.7282715e+01
   4.9491770e+06   2.3925781e+01
   4.9491890e+06   3.2714844e+01
   4.9503430e+06   3.2653809e+01
   4.9504360e+06   2.7221680e+01
   4.9532750e+06   2.7160645e+01
   4.9569210e+06   3.2592773e+01
   4.9601700e+06   2.3071289e+01
   4.9602120e+06   2.8015137e+01
   4.9603600e+06   2.8137207e+01
   4.9687590e+06   2.7954102e+01
   4.9688960e+06   2.8930664e+01
   4.9690330e+06   2.8076172e+01
   4.9690760e+06   2.4597168e+01
   4.9691810e+06   2.9296875e+01
   4.9692040e+06   2.8564453e+01
   4.9693040e+06   3.0761719e+01
   4.9738980e+06   2.9357910e+01
   4.9770120e+06   2.8930664e+01
   4.9770890e+06   3.0578613e+01
   4.9772700e+06   2.8991699e+01
   4.9775380e+06   3.0700684e+01
   4.9775990e+06   2.6184082e+01
   4.9778850e+06   2.9785156e+01
   4.9780730e+06   3.1066895e+01
   4.9784740e+06   2.8259277e+01
   4.9785500e+06   2.3559570e+01
   4.9792440e+06   3.2348633e+01
   4.9795370e+06   2.6550293e+01
   4.9797100e+06   2.7343750e+01
   4.9801600e+06   2.6123047e+01
   4.9804340e+06   2.7893066e+01
   4.9810110e+06   2.9907227e+01
   4.9812670e+06   2.2888184e+01
   4.9816100e+06   3.1738281e+01
   4.9821740e+06   2.8869629e+01
   4.9825370e+06   2.9724121e+01
   4.9826150e+06   3.1066895e+01
   4.9827360e+06   2.6367188e+01
   4.9853770e+06   2.9846191e+01
   4.9854900e+06   2.7282715e+01
   4.9856020e+06   2.8015137e+01
   4.9857080e+06   2.6489258e+01
   4.9857330e+06   2.4047852e+01
   4.9859420e+06   2.9968262e+01
   4.9952930e+06   2.8930664e+01
   4.9957000e+06   3.2958984e+01
   4.9959000e+06   2.9663086e+01
   4.9960590e+06   2.8991699e+01
   4.9962640e+06   3.2104492e+01
   4.9965900e+06   2.9785156e+01
   5.0047380e+06   2.9418945e+01
   5.0047760e+06   2.7526855e+01
   5.0049200e+06   3.3203125e+01
   5.0052920e+06   2.5573730e+01
   5.0055220e+06   3.3874512e+01
   5.0058600e+06   2.6245117e+01
   5.0059290e+06   3.3813477e+01
   5.0077570e+06   2.8625488e+01
   5.0079120e+06   3.4240723e+01
   5.0084330e+06   3.0212402e+01
   5.0170520e+06   3.4912109e+01
   5.0176600e+06   2.9418945e+01
   5.0177680e+06   3.3264160e+01
   5.0178560e+06   2.2766113e+01
   5.0179600e+06   3.2653809e+01
   5.0180150e+06   2.3254395e+01
   5.0180970e+06   2.5329590e+01
   5.0181790e+06   2.6245117e+01
   5.0186030e+06   2.5634766e+01
   5.0197000e+06   2.5939941e+01
   5.0197810e+06   2.6489258e+01
   5.0204400e+06   2.7770996e+01
   5.0207570e+06   2.8869629e+01
   5.0209000e+06   2.8564453e+01
   5.0209350e+06   2.8137207e+01
   5.0209770e+06   3.0517578e+01
   5.0210150e+06   2.3254395e+01
   5.0212070e+06   2.7465820e+01
   5.0283680e+06   3.1372070e+01
   5.0300380e+06   2.8991699e+01
   5.0301130e+06   3.1921387e+01
   5.0301590e+06   3.0273438e+01
   5.0302260e+06   2.7770996e+01
   5.0306330e+06   2.3620605e+01
   5.0311930e+06   3.1005859e+01
   5.0401040e+06   3.0151367e+01
   5.0402080e+06   3.0822754e+01
   5.0403130e+06   2.7648926e+01
   5.0406450e+06   2.7832031e+01
   5.0411600e+06   3.2104492e+01
   5.0413270e+06   2.5024414e+01
   5.0421770e+06   2.3315430e+01
   5.0424780e+06   2.3803711e+01
   5.0425700e+06   3.1188965e+01
   5.0426390e+06   2.7343750e+01
   5.0427140e+06   2.7954102e+01
   5.0427650e+06   2.2888184e+01
   5.0428470e+06   2.5878906e+01
   5.0428650e+06   2.3803711e+01
   5.0429550e+06   2.7526855e+01
   5.0446430e+06   3.3020020e+01
   5.0485820e+06   2.7770996e+01
   5.0519260e+06   3.1433105e+01
   5.0521290e+06   2.6184082e+01
   5.0523350e+06   3.2592773e+01
   5.0536270e+06   3.3813477e+01
   5.0538880e+06   2.8381348e+01
   5.0540540e+06   3.1372070e+01
   5.0541010e+06   3.2592773e+01
   5.0590720e+06   3.5095215e+01
   5.0628400e+06   2.8198242e+01
   5.0628940e+06   2.6733398e+01
   5.0630400e+06   2.8320313e+01
   5.0631450e+06   2.8686523e+01
   5.0635830e+06   2.9846191e+01
   5.0638560e+06   2.6611328e+01
   5.0646290e+06   3.3325195e+01
   5.0650170e+06   3.3874512e+01
   5.0653300e+06   3.1860352e+01
   5.0653910e+06   2.8564453e+01
   5.0654250e+06   2.5634766e+01
   5.0732230e+06   2.7526855e+01
   5.0733720e+06   3.2348633e+01
   5.0735010e+06   2.6062012e+01
   5.0741130e+06   3.1250000e+01
   5.0742870e+06   2.7343750e+01
   5.0743410e+06   2.3864746e+01
   5.0744280e+06   2.8747559e+01
   5.0744620e+06   2.3498535e+01
   5.0745780e+06   2.7160645e+01
   5.0746010e+06   2.4353027e+01
   5.0746630e+06   2.6245117e+01
   5.0780650e+06   3.0029297e+01
   5.0825400e+06   2.9418945e+01
   5.0826200e+06   2.8381348e+01
   5.0827670e+06   2.7038574e+01
   5.0829850e+06   2.5390625e+01
   5.0867690e+06   2.8747559e+01
   5.0878290e+06   3.9794922e+01
   5.0878760e+06   2.9724121e+01
   5.0879360e+06   3.0090332e+01
   5.0883000e+06   3.0578613e+01
   5.0884690e+06   2.6855469e+01
   5.0886430e+06   2.3864746e+01
   5.0924420e+06   3.8879395e+01
   5.0924870e+06   2.8564453e+01
   5.0925010e+06   3.1799316e+01
   5.0925350e+06   2.9846191e+01
   5.0997700e+06   3.0151367e+01
   5.0998540e+06   2.7954102e+01
   5.0999240e+06   3.0212402e+01
   5.0999960e+06   3.0761719e+01
   5.1001380e+06   2.7038574e+01
   5.1004920e+06   2.5634766e+01
   5.1044910e+06   3.2348633e+01
   5.1054840e+06   3.0273438e+01
   5.1057250e+06   2.8442383e+01
   5.1058440e+06   3.6010742e+01
   5.1059820e+06   3.0822754e+01
   5.1060700e+06   2.6123047e+01
   5.1061200e+06   2.4780273e+01
   5.1061750e+06   2.9052734e+01
   5.1063280e+06   2.3254395e+01
   5.1063910e+06   2.8259277e+01
   5.1065440e+06   2.5085449e+01
   5.1066910e+06   2.5329590e+01
   5.1102250e+06   2.9235840e+01
   5.1105980e+06   2.8442383e+01
   5.1106770e+06   3.6621094e+01
   5.1107210e+06   2.6977539e+01
   5.1107430e+06   2.8564453e+01
   5.1107840e+06   2.4658203e+01
   5.1108780e+06   2.8137207e+01
   5.1111730e+06   3.0395508e+01
   5.1170240e+06   2.9113770e+01
   5.1171750e+06   2.7770996e+01
   5.1172760e+06   3.3081055e+01
   5.1173260e+06   2.3071289e+01
   5.1175370e+06   3.3081055e+01
   5.1215050e+06   2.3315430e+01
   5.1284780e+06   2.6367188e+01
   5.1285440e+06   2.9113770e+01
   5.1286380e+06   2.7038574e+01
   5.1287440e+06   2.2705078e+01
   5.1288800e+06   2.9479980e+01
   5.1320330e+06   3.0212402e+01
   5.1322110e+06   3.2470703e+01
   5.1322480e+06   3.0822754e+01
   5.1323400e+06   2.7954102e+01
   5.1324440e+06   2.5329590e+01
   5.1325090e+06   2.2949219e+01
   5.1325460e+06   2.9724121e+01
   5.1326980e+06   2.7038574e+01
   5.1327980e+06   2.7465820e+01
   5.1358780e+06   3.7109375e+01
   5.1360330e+06   3.1982422e+01
   5.1361130e+06   2.7587891e+01
   5.1390980e+06   2.2888184e+01
   5.1393000e+06   2.9052734e+01
   5.1394040e+06   3.0822754e+01
   5.1396760e+06   3.0151367e+01
   5.1398300e+06   3.0761719e+01
   5.1398950e+06   2.4597168e+01
   5.1399480e+06   2.9602051e+01
   5.1511670e+06   3.0883789e+01
   5.1513470e+06   2.9418945e+01
   5.1514060e+06   3.3325195e+01
   5.1514500e+06   2.5268555e+01
   5.1611790e+06   2.6306152e+01
   5.1614000e+06   2.3071289e+01
   5.1614670e+06   2.7404785e+01
   5.1615560e+06   2.6794434e+01
   5.1615860e+06   2.3315430e+01
   5.1616410e+06   2.6611328e+01
   5.1634930e+06   3.3142090e+01
   5.1635640e+06   2.6733398e+01
   5.1635860e+06   2.5695801e+01
   5.1636280e+06   3.2104492e+01
   5.1636650e+06   2.7160645e+01
   5.1636930e+06   2.7709961e+01
   5.1637800e+06   2.8381348e+01
   5.1640100e+06   2.5268555e+01
   5.1642020e+06   2.3681641e+01
   5.1748880e+06   3.1555176e+01
   5.1749650e+06   3.7109375e+01
   5.1750570e+06   2.5756836e+01
   5.1750730e+06   2.6245117e+01
   5.1795650e+06   3.1066895e+01
   5.1799910e+06   3.1799316e+01
   5.1800830e+06   2.7465820e+01
   5.1801390e+06   3.0090332e+01
   5.1801890e+06   2.3010254e+01
   5.1802240e+06   2.5207520e+01
   5.1905960e+06   3.3569336e+01
   5.1908160e+06   3.8208008e+01
   5.1908610e+06   2.9113770e+01
   5.1909410e+06   2.4780273e+01
   5.1910080e+06   2.6367188e+01
   5.1910410e+06   2.7404785e+01
   5.1910830e+06   3.0029297e+01
   5.1911900e+06   2.6855469e+01
   5.1927560e+06   2.7282715e+01
   5.1931400e+06   3.3264160e+01
   5.1933360e+06   3.0517578e+01
   5.1935360e+06   2.6367188e+01
   5.1935900e+06   2.5451660e+01
   5.1936540e+06   2.3681641e+01
   5.1937570e+06   3.3142090e+01
   5.1937930e+06   2.4536133e+01
   5.1938310e+06   2.8625488e+01
   5.2050790e+06   3.6010742e+01
   5.2052060e+06   3.3874512e+01
   5.2052800e+06   3.3203125e+01
   5.2052990e+06   2.5695801e+01
   5.2104600e+06   2.4780273e+01
   5.2131510e+06   3.1127930e+01
   5.2158140e+06   2.9357910e+01
   5.2161340e+06   3.3447266e+01
   5.2161910e+06   2.9113770e+01
   5.2162840e+06   2.6977539e+01
   5.2163190e+06   2.6184082e+01
   5.2163640e+06   2.5024414e+01
   5.2164290e+06   2.9785156e+01
   5.2209530e+06   3.3996582e+01
   5.2223280e+06   3.4484863e+01
   5.2223590e+06   3.0151367e+01
   5.2224100e+06   2.5085449e+01
   5.2224280e+06   2.7587891e+01
   5.2307730e+06   3.2714844e+01
   5.2329850e+06   3.3874512e+01
   5.2330530e+06   2.5878906e+01
   5.2331910e+06   3.0212402e+01
   5.2332630e+06   2.9052734e+01
   5.2375900e+06   3.1250000e+01
   5.2420280e+06   2.6184082e+01
   5.2420850e+06   2.4291992e+01
   5.2421950e+06   3.2409668e+01
   5.2422160e+06   2.5024414e+01
   5.2422620e+06   2.5634766e+01
   5.2422740e+06   3.0090332e+01
   5.2423080e+06   2.3620605e+01
   5.2434430e+06   3.1372070e+01
   5.2477610e+06   3.5949707e+01
   5.2513260e+06   2.8686523e+01
   5.2514330e+06   2.8259277e+01
   5.2515210e+06   3.1066895e+01
   5.2515610e+06   3.0883789e+01
   5.2516040e+06   2.2705078e+01
   5.2516680e+06   2.8442383e+01
   5.2561640e+06   3.9855957e+01
   5.2570150e+06   2.9846191e+01
   5.2571250e+06   2.5268555e+01
   5.2571900e+06   2.9174805e+01
   5.2572510e+06   3.1738281e+01
   5.2673470e+06   2.7282715e+01
   5.2674590e+06   2.6306152e+01
   5.2674880e+06   3.0456543e+01
   5.2675330e+06   2.5878906e+01
   5.2675660e+06   2.6184082e+01
   5.2729940e+06   3.2226562e+01
   5.2764410e+06   3.1188965e+01
   5.2771970e+06   3.2653809e+01
   5.2772480e+06   2.7465820e+01
   5.2772980e+06   2.6916504e+01
   5.2773460e+06   2.3742676e+01
   5.2773760e+06   2.3925781e+01
   5.2830480e+06   2.3193359e+01
   5.2869240e+06   2.4902344e+01
   5.2869900e+06   2.5512695e+01
   5.2870570e+06   3.2531738e+01
   5.2870850e+06   2.5390625e+01
   5.2943670e+06   3.2653809e+01
   5.2960170e+06   3.1555176e+01
   5.2960620e+06   3.5095215e+01
   5.2960970e+06   2.3071289e+01
   5.2961260e+06   2.5329590e+01
   5.2961550e+06   2.2888184e+01
   5.3052560e+06   3.5522461e+01
   5.3058620e+06   3.2592773e+01
   5.3061140e+06   2.8198242e+01
   5.3062280e+06   2.7343750e+01
   5.3063560e+06   2.8930664e+01
   5.3064110e+06   2.4414062e+01
   5.3064850e+06   2.7709961e+01
   5.3065040e+06   2.6123047e+01
   5.3065270e+06   2.7770996e+01
   5.3065570e+06   2.2705078e+01
   5.3066050e+06   2.5756836e+01
   5.3066320e+06   2.2766113e+01
   5.3121210e+06   3.2531738e+01
   5.3122680e+06   2.9541016e+01
   5.3123110e+06   2.8869629e+01
   5.3123420e+06   3.4729004e+01
   5.3123700e+06   2.9479980e+01
   5.3124020e+06   3.9367676e+01
   5.3124440e+06   3.0883789e+01
   5.3124760e+06   3.9062500e+01
   5.3125360e+06   3.3874512e+01
   5.3175390e+06   3.1860352e+01
   5.3176200e+06   3.0700684e+01
   5.3176810e+06   2.4597168e+01
   5.3178140e+06   2.9235840e+01
   5.3179060e+06   2.6855469e+01
   5.3180090e+06   2.4414062e+01
   5.3192090e+06   3.2043457e+01
   5.3196910e+06   2.7160645e+01
   5.3200230e+06   3.0700684e+01
   5.3201290e+06   2.8381348e+01
   5.3234530e+06   3.3325195e+01
   5.3238110e+06   3.0700684e+01
   5.3239380e+06   2.6123047e+01
   5.3239710e+06   3.4790039e+01
   5.3240040e+06   3.2104492e+01
   5.3240330e+06   2.4719238e+01
   5.3240530e+06   3.3996582e+01
   5.3240670e+06   2.2949219e+01
   5.3241090e+06   2.7526855e+01
   5.3241700e+06   3.1372070e+01
   5.3286470e+06   3.1799316e+01
   5.3287730e+06   3.1555176e+01
   5.3288310e+06   2.9235840e+01
   5.3289490e+06   2.7282715e+01
   5.3290210e+06   2.5817871e+01
   5.3290880e+06   2.5573730e+01
   5.3291520e+06   2.4658203e+01
   5.3292730e+06   2.7343750e+01
   5.3293450e+06   2.7893066e+01
   5.3295470e+06   3.0944824e+01
   5.3296260e+06   3.1433105e+01
   5.3298340e+06   2.7770996e+01
   5.3299740e+06   2.4230957e+01
   5.3300760e+06   2.3376465e+01
   5.3302100e+06   2.4780273e+01
   5.3322700e+06   3.0578613e+01
   5.3323500e+06   2.3376465e+01
   5.3323880e+06   2.4475098e+01
   5.3324380e+06   2.7587891e+01
   5.3324840e+06   2.6855469e+01
   5.3369020e+06   2.8076172e+01
   5.3369460e+06   3.2653809e+01
   5.3369680e+06   3.1005859e+01
   5.3370000e+06   2.5268555e+01
   5.3370210e+06   2.5268555e+01
   5.3370400e+06   2.5207520e+01
   5.3370860e+06   2.5878906e+01
   5.3373830e+06   3.3630371e+01
   5.3407090e+06   2.6550293e+01
   5.3409110e+06   2.7465820e+01
   5.3409620e+06   2.5756836e+01
   5.3412790e+06   2.3254395e+01
   5.3413910e+06   3.3996582e+01
   5.3415730e+06   4.0649414e+01
   5.3416810e+06   2.4963379e+01
   5.3424290e+06   2.5085449e+01
   5.3429610e+06   2.9174805e+01
   5.3430460e+06   2.4658203e+01
   5.3431410e+06   2.7404785e+01
   5.3437420e+06   2.6733398e+01
   5.3437830e+06   2.4414062e+01
   5.3438350e+06   2.3742676e+01
   5.3438730e+06   2.7099609e+01
   5.3439060e+06   2.2949219e+01
   5.3439450e+06   2.3620605e+01
   5.3440530e+06   2.6489258e+01
   5.3440830e+06   2.5939941e+01
   5.3442210e+06   2.4108887e+01
   5.3442730e+06   2.2949219e+01
   5.3443190e+06   2.5634766e+01
   5.3444520e+06   2.5085449e+01
   5.3446840e+06   2.2705078e+01
   5.3447030e+06   2.6794434e+01
   5.3462650e+06   3.4118652e+01
   5.3464650e+06   2.7465820e+01
   5.3466640e+06   2.5207520e+01
   5.3482130e+06   2.9724121e+01
   5.3482770e+06   2.8991699e+01
   5.3483100e+06   3.0090332e+01
   5.3483250e+06   2.8503418e+01
   5.3483990e+06   2.4291992e+01
   5.3484520e+06   2.3315430e+01
   5.3485080e+06   2.4230957e+01
   5.3506900e+06   3.4606934e+01
   5.3507490e+06   2.5024414e+01
   5.3507750e+06   2.6733398e+01
   5.3508050e+06   3.1066895e+01
   5.3508350e+06   2.4475098e+01
   5.3508730e+06   2.7282715e+01
   5.3509160e+06   2.4291992e+01
   5.3532160e+06   3.2348633e+01
   5.3532650e+06   2.3437500e+01
   5.3532950e+06   2.7770996e+01
   5.3533280e+06   2.9357910e+01
   5.3533970e+06   2.3498535e+01
   5.3534470e+06   2.3071289e+01
   5.3534600e+06   2.3681641e+01
   5.3535010e+06   2.5939941e+01
   5.3535470e+06   2.3254395e+01
   5.3566650e+06   2.8930664e+01
   5.3567030e+06   2.6794434e+01
   5.3568100e+06   2.4353027e+01
   5.3568300e+06   2.9724121e+01
   5.3568430e+06   2.6489258e+01
   5.3569010e+06   2.5207520e+01
   5.3569230e+06   2.7465820e+01
   5.3605140e+06   3.9916992e+01
   5.3609850e+06   3.0151367e+01
   5.3611560e+06   2.7770996e+01
   5.3613830e+06   3.6010742e+01
   5.3615000e+06   2.6855469e+01
   5.3619400e+06   2.4353027e+01
   5.3620520e+06   3.1311035e+01
   5.3623360e+06   2.6123047e+01
   5.3624310e+06   2.3925781e+01
   5.3626650e+06   2.2888184e+01
   5.3627340e+06   2.5878906e+01
   5.3628070e+06   2.4047852e+01
   5.3629170e+06   2.5024414e+01
   5.3629500e+06   2.5085449e+01
   5.3629880e+06   2.3925781e+01
   5.3631590e+06   2.5878906e+01
   5.3632010e+06   2.3620605e+01
   5.3632440e+06   2.2705078e+01
   5.3633910e+06   2.3010254e+01
   5.3653910e+06   3.1982422e+01
   5.3654380e+06   3.1982422e+01
   5.3655030e+06   3.2348633e+01
   5.3656350e+06   2.6123047e+01
   5.3673200e+06   2.9174805e+01
   5.3673530e+06   2.7465820e+01
   5.3673690e+06   2.6916504e+01
   5.3674140e+06   2.6733398e+01
   5.3674570e+06   2.4841309e+01
   5.3674900e+06   2.3742676e+01
   5.3675980e+06   2.4719238e+01
   5.3711850e+06   3.2592773e+01
   5.3712990e+06   3.3020020e+01
   5.3714470e+06   2.9296875e+01
   5.3722760e+06   3.1311035e+01
   5.3723020e+06   2.4475098e+01
   5.3723270e+06   2.3742676e+01
   5.3723720e+06   2.3010254e+01
   5.3724480e+06   2.5939941e+01
   5.3755860e+06   2.4719238e+01
   5.3756190e+06   3.1311035e+01
   5.3756370e+06   2.3254395e+01
   5.3756560e+06   2.4597168e+01
   5.3757410e+06   2.6306152e+01
   5.3758520e+06   2.8015137e+01
   5.3761320e+06   2.4353027e+01
   5.3795380e+06   2.4719238e+01
   5.3806010e+06   2.7587891e+01
   5.3806620e+06   2.9968262e+01
   5.3807180e+06   2.7832031e+01
   5.3808390e+06   2.7404785e+01
   5.3837100e+06   2.9235840e+01
   5.3837560e+06   3.3081055e+01
   5.3837870e+06   2.3376465e+01
   5.3838100e+06   3.3447266e+01
   5.3838940e+06   3.0944824e+01
   5.3839490e+06   2.3925781e+01
   5.3840010e+06   2.7465820e+01
   5.3874330e+06   2.4902344e+01
   5.3875580e+06   2.8991699e+01
   5.3876480e+06   2.3620605e+01
   5.3878950e+06   2.6733398e+01
   5.3879670e+06   2.4841309e+01
   5.3888450e+06   2.6062012e+01
   5.3889370e+06   3.4057617e+01
   5.3889910e+06   2.9907227e+01
   5.3892500e+06   3.1127930e+01
   5.3912580e+06   2.9541016e+01
   5.3913120e+06   2.3254395e+01
   5.3913600e+06   2.7038574e+01
   5.3914440e+06   2.3315430e+01
   5.3914590e+06   2.3071289e+01
   5.3915260e+06   2.3986816e+01
   5.3955170e+06   3.3447266e+01
   5.3955620e+06   2.7587891e+01
   5.3956240e+06   2.8259277e+01
   5.3957010e+06   3.1433105e+01
   5.3958760e+06   2.3742676e+01
   5.3959830e+06   3.0456543e+01
   5.3960780e+06   2.4169922e+01
   5.3978230e+06   2.9724121e+01
   5.3978640e+06   2.7038574e+01
   5.3980060e+06   2.3010254e+01
   5.4018020e+06   2.8869629e+01
   5.4018290e+06   2.3925781e+01
   5.4018530e+06   2.8747559e+01
   5.4020210e+06   2.5756836e+01
   5.4020760e+06   2.4658203e+01
   5.4051260e+06   2.3742676e+01
   5.4051600e+06   3.0578613e+01
   5.4051990e+06   3.0029297e+01
   5.4052670e+06   2.3864746e+01
   5.4053120e+06   2.5146484e+01
   5.4053420e+06   2.4963379e+01
   5.4085880e+06   3.2775879e+01
   5.4087190e+06   2.4902344e+01
   5.4087780e+06   3.1005859e+01
   5.4090260e+06   2.9113770e+01
   5.4091390e+06   2.8808594e+01
   5.4092550e+06   2.7221680e+01
   5.4093890e+06   2.5878906e+01
   5.4099660e+06   2.4597168e+01
   5.4101110e+06   2.4719238e+01
   5.4103290e+06   2.3315430e+01
   5.4127720e+06   2.7587891e+01
   5.4128220e+06   2.3010254e+01
   5.4129470e+06   2.3559570e+01
   5.4129740e+06   2.4169922e+01
   5.4129900e+06   3.1738281e+01
   5.4172280e+06   3.4912109e+01
   5.4172600e+06   2.6306152e+01
   5.4172990e+06   2.6794434e+01
   5.4173610e+06   2.6611328e+01
   5.4174190e+06   2.6062012e+01
   5.4174930e+06   2.2827148e+01
   5.4216710e+06   2.8015137e+01
   5.4217040e+06   2.7526855e+01
   5.4217230e+06   2.6062012e+01
   5.4217480e+06   2.4536133e+01
   5.4217660e+06   2.5878906e+01
   5.4219810e+06   2.7832031e+01
   5.4257760e+06   3.0395508e+01
   5.4258240e+06   2.4902344e+01
   5.4258550e+06   2.6733398e+01
   5.4259580e+06   2.9113770e+01
   5.4296060e+06   2.5817871e+01
   5.4296310e+06   2.5146484e+01
   5.4296590e+06   2.5085449e+01
   5.4296780e+06   2.3254395e+01
   5.4297800e+06   2.5390625e+01
   5.4298280e+06   2.3254395e+01
   5.4337820e+06   2.9602051e+01
   5.4338130e+06   2.4963379e+01
   5.4338370e+06   2.8442383e+01
   5.4338520e+06   2.3986816e+01
   5.4338970e+06   2.3193359e+01
   5.4382910e+06   3.1921387e+01
   5.4383240e+06   2.4169922e+01
   5.4383420e+06   2.5024414e+01
   5.4383770e+06   2.5512695e+01
   5.4383940e+06   2.9296875e+01
   5.4384340e+06   2.2766113e+01
   5.4384740e+06   2.7893066e+01
   5.4385480e+06   2.3742676e+01
   5.4385690e+06   2.3498535e+01
   5.4435190e+06   3.1494141e+01
   5.4435500e+06   2.4658203e+01
   5.4435750e+06   2.5634766e+01
   5.4435920e+06   2.4963379e+01
   5.4482020e+06   3.8024902e+01
   5.4482230e+06   2.3315430e+01
   5.4482430e+06   2.3010254e+01
   5.4482970e+06   2.5573730e+01
   5.4483390e+06   2.4291992e+01
   5.4526060e+06   2.8259277e+01
   5.4526320e+06   2.3437500e+01
   5.4526950e+06   2.3803711e+01
   5.4527220e+06   2.9479980e+01
   5.4527590e+06   2.9907227e+01
   5.4527780e+06   2.7221680e+01
   5.4574170e+06   2.7465820e+01
   5.4574490e+06   2.7954102e+01
   5.4574830e+06   3.0822754e+01
   5.4574970e+06   2.6794434e+01
   5.4575120e+06   2.4291992e+01
   5.4575990e+06   2.7954102e+01
   5.4618720e+06   3.3203125e+01
   5.4618940e+06   2.2766113e+01
   5.4619230e+06   2.3620605e+01
   5.4619640e+06   2.5207520e+01
   5.4620060e+06   2.6062012e+01
   5.4620280e+06   2.7465820e+01
   5.4664090e+06   3.2897949e+01
   5.4664290e+06   4.1015625e+01
   5.4665200e+06   2.3498535e+01
   5.4665420e+06   2.3132324e+01
   5.4665560e+06   2.9174805e+01
   5.4665950e+06   2.4902344e+01
   5.4724830e+06   2.6916504e+01
   5.4725050e+06   3.0761719e+01
   5.4725760e+06   2.4291992e+01
   5.4726010e+06   2.4536133e+01
   5.4726150e+06   2.7770996e+01
   5.4726490e+06   2.5756836e+01
   5.4793560e+06   2.9113770e+01
   5.4793910e+06   3.0700684e+01
   5.4794250e+06   3.0578613e+01
   5.4794990e+06   2.4414062e+01
   5.4795420e+06   2.5695801e+01
   5.4796460e+06   2.4719238e+01
   5.4844050e+06   3.3020020e+01
   5.4844430e+06   3.0517578e+01
   5.4844620e+06   2.6245117e+01
   5.4844930e+06   2.2766113e+01
   5.4846550e+06   3.2775879e+01
   5.4907630e+06   4.1931152e+01
   5.4907930e+06   3.8208008e+01
   5.4908150e+06   2.9357910e+01
   5.4908300e+06   2.4291992e+01
   5.4908650e+06   2.3925781e+01
   5.4981080e+06   2.9174805e+01
   5.4981360e+06   2.6489258e+01
   5.4981510e+06   2.5756836e+01
   5.4981620e+06   2.8076172e+01
   5.4981970e+06   3.2470703e+01
   5.4982370e+06   2.5451660e+01
   5.4982620e+06   2.4414062e+01
   5.4982900e+06   2.3681641e+01
   5.5067620e+06   3.1005859e+01
   5.5067810e+06   2.3437500e+01
   5.5068130e+06   3.4240723e+01
   5.5069060e+06   2.7221680e+01
   5.5069260e+06   2.7648926e+01
   5.5069810e+06   2.2888184e+01
   5.5070050e+06   2.4475098e+01
   5.5174730e+06   3.0334473e+01
   5.5175250e+06   2.9479980e+01
   5.5175560e+06   2.4841309e+01
   5.5175870e+06   2.4658203e+01
   5.5176080e+06   2.7343750e+01
   5.5176470e+06   2.6794434e+01
   5.5176670e+06   2.5939941e+01
   5.5177010e+06   2.2949219e+01
   5.5179350e+06   2.4169922e+01
   5.5277230e+06   3.2775879e+01
   5.5277520e+06   3.5888672e+01
   5.5277740e+06   2.3498535e+01
   5.5278020e+06   2.7282715e+01
   5.5278670e+06   2.6977539e+01
   5.5283320e+06   3.0029297e+01
   5.5390690e+06   2.2827148e+01
   5.5390830e+06   2.4597168e+01
   5.5391130e+06   3.2226562e+01
   5.5391330e+06   2.7526855e+01
   5.5391740e+06   3.3142090e+01
   5.5392490e+06   2.8930664e+01
   5.5393100e+06   2.5146484e+01
   5.5393840e+06   2.5939941e+01
   5.5394830e+06   2.6855469e+01
   5.5396230e+06   2.5756836e+01
   5.5465450e+06   2.7038574e+01
   5.5465670e+06   3.2287598e+01
   5.5465940e+06   2.8991699e+01
   5.5466330e+06   2.8381348e+01
   5.5466860e+06   2.6550293e+01
   5.5468130e+06   2.2705078e+01
   5.5587770e+06   3.5766602e+01
   5.5588140e+06   2.3193359e+01
   5.5588350e+06   2.5756836e+01
   5.5588550e+06   4.4921875e+01
   5.5588790e+06   2.9479980e+01
   5.5589110e+06   2.4108887e+01
   5.5589530e+06   2.6794434e+01
   5.5591090e+06   2.8503418e+01
   5.5651600e+06   2.4353027e+01
   5.5651890e+06   3.8024902e+01
   5.5652090e+06   3.0273438e+01
   5.5652240e+06   2.2888184e+01
   5.5652510e+06   2.6489258e+01
   5.5653330e+06   2.6977539e+01
   5.6407820e+06   2.8137207e+01
   5.6528890e+06   3.0029297e+01
   5.6536110e+06   2.7404785e+01
   5.6542340e+06   3.2775879e+01
   5.6547620e+06   3.1555176e+01
   5.6550370e+06   3.0212402e+01
   5.6551460e+06   2.3986816e+01
   5.6552360e+06   3.6743164e+01
   5.6553320e+06   2.9724121e+01
   5.6553550e+06   2.3071289e+01
   5.6554180e+06   2.9235840e+01
   5.6554440e+06   2.3620605e+01
   5.6555160e+06   3.3630371e+01
   5.6556440e+06   3.1616211e+01
   5.6557460e+06   2.7709961e+01
   5.6558670e+06   2.3498535e+01
   5.6697750e+06   3.6437988e+01
   5.6723260e+06   2.5695801e+01
   5.6740660e+06   2.8442383e+01
   5.6751050e+06   2.8625488e+01
   5.6753330e+06   3.2714844e+01
   5.6754160e+06   2.7282715e+01
   5.6755420e+06   2.5085449e+01
   5.6756330e+06   2.6550293e+01
   5.6756870e+06   3.0029297e+01
   5.6757460e+06   2.5024414e+01
   5.6757830e+06   2.5573730e+01
   5.6758200e+06   2.3986816e+01
   5.6759370e+06   2.3559570e+01
   5.6760860e+06   2.6428223e+01
   5.6829690e+06   3.2287598e+01
   5.6943590e+06   3.5522461e+01
   5.6948240e+06   2.8869629e+01
   5.6951930e+06   3.3874512e+01
   5.6954480e+06   2.7343750e+01
   5.6955730e+06   3.3508301e+01
   5.6957200e+06   2.6428223e+01
   5.6957820e+06   2.5329590e+01
   5.6958470e+06   2.3742676e+01
   5.6958850e+06   2.4108887e+01
   5.6959330e+06   2.2949219e+01
   5.6959920e+06   2.4108887e+01
   5.6961840e+06   2.8381348e+01
   5.6963270e+06   2.7221680e+01
   5.7022450e+06   3.5278320e+01
   5.7134960e+06   2.7526855e+01
   5.7143070e+06   2.6123047e+01
   5.7148690e+06   2.4841309e+01
   5.7150610e+06   2.8442383e+01
   5.7151430e+06   2.7465820e+01
   5.7153090e+06   3.1372070e+01
   5.7153630e+06   2.6855469e+01
   5.7154450e+06   2.4719238e+01
   5.7154860e+06   2.8869629e+01
   5.7156010e+06   2.6916504e+01
   5.7156470e+06   2.3742676e+01
   5.7157140e+06   2.9052734e+01
   5.7158270e+06   2.5756836e+01
   5.7259880e+06   3.2043457e+01
   5.7279940e+06   3.2775879e+01
   5.7316310e+06   3.4606934e+01
   5.7332340e+06   2.8259277e+01
   5.7336600e+06   3.0822754e+01
   5.7339170e+06   2.5634766e+01
   5.7340600e+06   3.1677246e+01
   5.7341480e+06   3.4118652e+01
   5.7341940e+06   2.5146484e+01
   5.7343010e+06   2.6672363e+01
   5.7344140e+06   3.3630371e+01
   5.7344980e+06   3.1372070e+01
   5.7347580e+06   2.7954102e+01
   5.7349340e+06   2.7465820e+01
   5.7350910e+06   2.6550293e+01
   5.7352080e+06   2.4475098e+01
   5.7353560e+06   2.3071289e+01
   5.7355790e+06   3.4423828e+01
   5.7358770e+06   2.4047852e+01
   5.7359960e+06   2.5268555e+01
   5.7362340e+06   2.8320312e+01
   5.7364720e+06   2.2827148e+01
   5.7369430e+06   3.2043457e+01
   5.7398140e+06   2.6916504e+01
   5.7498630e+06   3.5217285e+01
   5.7537320e+06   3.2775879e+01
   5.7540700e+06   2.3315430e+01
   5.7543540e+06   3.2897949e+01
   5.7546120e+06   2.7343750e+01
   5.7547210e+06   3.2653809e+01
   5.7548870e+06   2.9846191e+01
   5.7549660e+06   2.3437500e+01
   5.7550350e+06   2.9724121e+01
   5.7551310e+06   2.6794434e+01
   5.7552740e+06   2.6733398e+01
   5.7553190e+06   2.6367188e+01
   5.7554220e+06   2.4108887e+01
   5.7556260e+06   2.6123047e+01
   5.7559630e+06   2.6611328e+01
   5.7562520e+06   2.4108887e+01
   5.7603690e+06   3.0700684e+01
   5.7706330e+06   2.3254395e+01
   5.7718280e+06   3.7048340e+01
   5.7730220e+06   2.7648926e+01
   5.7732290e+06   3.6071777e+01
   5.7733800e+06   2.5573730e+01
   5.7736440e+06   3.0029297e+01
   5.7737930e+06   3.2409668e+01
   5.7739060e+06   2.5817871e+01
   5.7740060e+06   3.0517578e+01
   5.7740730e+06   2.4963379e+01
   5.7741660e+06   3.3203125e+01
   5.7742120e+06   2.4047852e+01
   5.7742600e+06   2.3681641e+01
   5.7743110e+06   2.8137207e+01
   5.7743920e+06   2.7282715e+01
   5.7745660e+06   2.2705078e+01
   5.7749700e+06   2.9418945e+01
   5.7751780e+06   2.4169922e+01
   5.7754070e+06   3.1005859e+01
   5.7766720e+06   3.0822754e+01
   5.7770210e+06   3.1982422e+01
   5.7772460e+06   2.5329590e+01
   5.7776060e+06   3.2043457e+01
   5.7858740e+06   3.5400391e+01
   5.7926590e+06   2.8015137e+01
   5.7951560e+06   3.1738281e+01
   5.7955950e+06   2.4963379e+01
   5.7960280e+06   2.4658203e+01
   5.7964400e+06   2.5573730e+01
   5.7965980e+06   2.7709961e+01
   5.7968090e+06   2.7221680e+01
   5.7969270e+06   2.5451660e+01
   5.7969770e+06   2.7770996e+01
   5.7971630e+06   2.8991699e+01
   5.7971870e+06   2.7038574e+01
   5.7972980e+06   2.2705078e+01
   5.7974850e+06   2.2766113e+01
   5.7976320e+06   3.2043457e+01
   5.7979740e+06   2.6977539e+01
   5.7999300e+06   2.3376465e+01
   5.8140380e+06   3.5461426e+01
   5.8164620e+06   2.9663086e+01
   5.8180240e+06   4.1381836e+01
   5.8193340e+06   3.1005859e+01
   5.8194710e+06   3.0456543e+01
   5.8196310e+06   2.2827148e+01
   5.8199740e+06   2.6489258e+01
   5.8202010e+06   2.3925781e+01
   5.8203000e+06   3.1555176e+01
   5.8205710e+06   2.3315430e+01
   5.8209640e+06   3.0456543e+01
   5.8212400e+06   3.0090332e+01
   5.8213230e+06   2.6062012e+01
   5.8214290e+06   2.6184082e+01
   5.8215390e+06   2.5817871e+01
   5.8216650e+06   2.5329590e+01
   5.8217270e+06   2.2766113e+01
   5.8219270e+06   2.5085449e+01
   5.8220450e+06   2.6184082e+01
   5.8223180e+06   2.5390625e+01
   5.8225450e+06   2.4780273e+01
   5.8335020e+06   2.9357910e+01
   5.8397010e+06   3.6193848e+01
   5.8413640e+06   3.5217285e+01
   5.8438960e+06   3.3264160e+01
   5.8456500e+06   3.1616211e+01
   5.8463420e+06   2.8686523e+01
   5.8476380e+06   3.1372070e+01
   5.8487830e+06   2.3437500e+01
   5.8491750e+06   2.3193359e+01
   5.8493700e+06   3.4912109e+01
   5.8494140e+06   2.8320312e+01
   5.8495390e+06   2.6367188e+01
   5.8495750e+06   2.6977539e+01
   5.8496160e+06   2.3864746e+01
   5.8496600e+06   2.3620605e+01
   5.8498240e+06   2.3132324e+01
   5.8507570e+06   2.6733398e+01
   5.8511080e+06   3.2409668e+01
   5.8512310e+06   2.4780273e+01
   5.8513070e+06   2.5878906e+01
   5.8514390e+06   2.8808594e+01
   5.8515960e+06   2.4108887e+01
   5.8516710e+06   2.3803711e+01
   5.8518620e+06   2.3193359e+01
   5.8521070e+06   2.3681641e+01
   5.8627460e+06   3.6804199e+01
   5.8634560e+06   2.4902344e+01
   5.8653060e+06   3.3813477e+01
   5.8688460e+06   3.2348633e+01
   5.8691230e+06   3.1738281e+01
   5.8693040e+06   2.9785156e+01
   5.8694670e+06   3.5949707e+01
   5.8697710e+06   3.1555176e+01
   5.8700480e+06   3.0883789e+01
   5.8702880e+06   3.1921387e+01
   5.8705120e+06   2.6123047e+01
   5.8707700e+06   2.6611328e+01
   5.8708700e+06   2.6428223e+01
   5.8709880e+06   3.1677246e+01
   5.8711230e+06   2.9296875e+01
   5.8711840e+06   2.6306152e+01
   5.8716640e+06   3.1311035e+01
   5.8718130e+06   2.6672363e+01
   5.8719490e+06   2.3193359e+01
   5.8720240e+06   2.4169922e+01
   5.8722000e+06   2.8442383e+01
   5.8722350e+06   2.2949219e+01
   5.8724450e+06   2.2705078e+01
   5.8726420e+06   2.2827148e+01
   5.8727820e+06   2.2827148e+01
   5.8729330e+06   2.5451660e+01
   5.8733110e+06   2.5939941e+01
   5.8735650e+06   2.6062012e+01
   5.8737490e+06   2.5024414e+01
   5.8739240e+06   3.1005859e+01
   5.8792130e+06   3.2531738e+01
   5.8858370e+06   3.5339355e+01
   5.8870220e+06   2.6550293e+01
   5.8871760e+06   3.1127930e+01
   5.8874390e+06   2.6550293e+01
   5.8877880e+06   2.4475098e+01
   5.8925360e+06   3.1188965e+01
   5.8990200e+06   3.0456543e+01
   5.9033930e+06   2.7587891e+01
   5.9079710e+06   2.7709961e+01
   5.9102150e+06   3.2165527e+01
   5.9116520e+06   3.1982422e+01
   5.9117610e+06   3.0212402e+01
   5.9120180e+06   3.1311035e+01
   5.9121490e+06   3.1005859e+01
   5.9122350e+06   2.5146484e+01
   5.9123270e+06   2.2949219e+01
   5.9125420e+06   2.7770996e+01
   5.9127200e+06   2.5939941e+01
   5.9133670e+06   2.5329590e+01
   5.9136150e+06   3.1677246e+01
   5.9141500e+06   3.3264160e+01
   5.9144080e+06   3.2226562e+01
   5.9145530e+06   2.7343750e+01
   5.9146090e+06   2.6489258e+01
   5.9148070e+06   2.7465820e+01
   5.9148870e+06   2.8930664e+01
   5.9149490e+06   2.7099609e+01
   5.9152640e+06   2.4536133e+01
   5.9153380e+06   2.9785156e+01
   5.9154080e+06   3.1433105e+01
   5.9156260e+06   2.8686523e+01
   5.9157750e+06   2.9602051e+01
   5.9230440e+06   2.4353027e+01
   5.9290400e+06   3.4057617e+01
   5.9353350e+06   2.7282715e+01
   5.9370550e+06   3.2836914e+01
   5.9372440e+06   3.1494141e+01
   5.9373470e+06   2.6428223e+01
   5.9375340e+06   3.1494141e+01
   5.9376860e+06   2.4597168e+01
   5.9377920e+06   2.3620605e+01
   5.9379670e+06   2.9357910e+01
   5.9381590e+06   3.0517578e+01
   5.9382970e+06   2.7526855e+01
   5.9391180e+06   2.6245117e+01
   5.9394580e+06   2.4658203e+01
   5.9396600e+06   2.6916504e+01
   5.9398170e+06   2.6733398e+01
   5.9399060e+06   2.6672363e+01
   5.9402220e+06   2.3620605e+01
   5.9403560e+06   2.5756836e+01
   5.9406680e+06   2.8930664e+01
   5.9410110e+06   2.7893066e+01
   5.9411480e+06   3.1127930e+01
   5.9414270e+06   3.1005859e+01
   5.9419000e+06   3.0029297e+01
   5.9422480e+06   2.7526855e+01
   5.9512670e+06   3.2714844e+01
   5.9514550e+06   3.4667969e+01
   5.9516320e+06   3.5339355e+01
   5.9517770e+06   2.7587891e+01
   5.9518960e+06   2.5634766e+01
   5.9520980e+06   2.6977539e+01
   5.9587830e+06   3.1311035e+01
   5.9616980e+06   3.1188965e+01
   5.9617990e+06   3.2653809e+01
   5.9619610e+06   3.3935547e+01
   5.9621170e+06   2.4902344e+01
   5.9623000e+06   2.6550293e+01
   5.9624390e+06   2.6855469e+01
   5.9724000e+06   2.6550293e+01
   5.9748930e+06   3.4301758e+01
   5.9749630e+06   3.3447266e+01
   5.9750510e+06   2.8442383e+01
   5.9751590e+06   2.6733398e+01
   5.9754930e+06   2.9113770e+01
   5.9756630e+06   2.7099609e+01
   5.9759510e+06   2.5085449e+01
   5.9763330e+06   2.8137207e+01
   5.9867210e+06   2.9846191e+01
   5.9868080e+06   3.3813477e+01
   5.9869450e+06   3.2043457e+01
   5.9871630e+06   3.2592773e+01
   5.9872730e+06   3.4606934e+01
   5.9874210e+06   2.7221680e+01
   5.9876590e+06   2.7709961e+01
   5.9877750e+06   3.0578613e+01
   5.9963080e+06   3.2592773e+01
