   5.9990000e+06   0.0000000e+00
   4.0500000e+02   2.1057129e+01
   6.1300000e+02   1.9348145e+01
   7.3200000e+02   1.8493652e+01
   8.1700000e+02   2.0568848e+01
   1.3920000e+03   1.8737793e+01
   1.4280000e+03   2.3925781e+01
   1.4830000e+03   3.3630371e+01
   1.5110000e+03   1.9958496e+01
   1.5340000e+03   2.2033691e+01
   1.5460000e+03   1.8920898e+01
   1.5590000e+03   2.0385742e+01
   1.0683000e+04   2.3132324e+01
   1.1738000e+04   1.7272949e+01
   1.1903000e+04   1.8127441e+01
   1.1914000e+04   1.8432617e+01
   1.2217000e+04   1.7639160e+01
   1.2407000e+04   2.2460938e+01
   1.2829000e+04   1.8859863e+01
   1.3014000e+04   1.8310547e+01
   1.3854000e+04   1.6357422e+01
   1.3897000e+04   1.9653320e+01
   1.4388000e+04   2.5024414e+01
   1.4414000e+04   2.5390625e+01
   1.4509000e+04   2.7282715e+01
   1.4541000e+04   3.3691406e+01
   1.4573000e+04   1.9531250e+01
   1.4622000e+04   2.2277832e+01
   1.4690000e+04   1.9714355e+01
   1.5194000e+04   1.7089844e+01
   1.5292000e+04   2.1728516e+01
   1.5343000e+04   1.6784668e+01
   1.5365000e+04   1.8615723e+01
   1.5944000e+04   2.1118164e+01
   1.5998000e+04   2.4963379e+01
   1.6022000e+04   2.5268555e+01
   1.6080000e+04   2.6245117e+01
   1.6287000e+04   2.5878906e+01
   2.3046000e+04   1.6235352e+01
   2.3337000e+04   1.8737793e+01
   2.3499000e+04   2.1606445e+01
   2.3610000e+04   2.2583008e+01
   2.3790000e+04   1.6784668e+01
   2.4032000e+04   1.6235352e+01
   2.4062000e+04   2.2583008e+01
   2.4219000e+04   2.5268555e+01
   2.4448000e+04   1.8249512e+01
   2.4484000e+04   2.7038574e+01
   3.0750000e+04   1.6601562e+01
   3.0787000e+04   1.7517090e+01
   3.1140000e+04   2.0812988e+01
   3.1162000e+04   2.0690918e+01
   3.1368000e+04   1.6235352e+01
   3.1425000e+04   3.1494141e+01
   3.1441000e+04   2.5024414e+01
   3.1462000e+04   1.8432617e+01
   3.7515000e+04   1.7883301e+01
   3.7550000e+04   1.6174316e+01
   3.7637000e+04   1.7578125e+01
   3.7717000e+04   1.9775391e+01
   3.7802000e+04   2.1789551e+01
   3.7823000e+04   2.6733398e+01
   3.7851000e+04   2.4597168e+01
   4.2881000e+04   1.7883301e+01
   4.2985000e+04   1.7211914e+01
   4.3118000e+04   1.7578125e+01
   4.3384000e+04   1.7822266e+01
   4.4080000e+04   1.8920898e+01
   4.4284000e+04   2.2033691e+01
   4.4358000e+04   2.4719238e+01
   4.4385000e+04   1.6540527e+01
   4.4700000e+04   1.7761230e+01
   4.4727000e+04   2.1789551e+01
   4.4830000e+04   1.9897461e+01
   4.4941000e+04   2.4291992e+01
   4.4999000e+04   1.7822266e+01
   5.3883000e+04   1.8127441e+01
   5.4216000e+04   2.0874023e+01
   5.4413000e+04   1.7883301e+01
   5.4492000e+04   1.7150879e+01
   5.4550000e+04   1.6418457e+01
   5.4702000e+04   1.6906738e+01
   5.4765000e+04   1.6357422e+01
   5.4787000e+04   1.8798828e+01
   5.4898000e+04   1.7517090e+01
   5.8330000e+04   1.7272949e+01
   5.8491000e+04   2.0324707e+01
   5.8842000e+04   2.3193359e+01
   5.9646000e+04   1.8798828e+01
   5.9775000e+04   2.2583008e+01
   5.9900000e+04   2.0324707e+01
   5.9931000e+04   3.5766602e+01
   5.9982000e+04   1.6906738e+01
   6.0161000e+04   2.5878906e+01
   6.0180000e+04   1.7578125e+01
   6.0206000e+04   2.4169922e+01
   6.0256000e+04   2.1362305e+01
   6.9780000e+04   1.9958496e+01
   6.9982000e+04   1.7272949e+01
   7.0067000e+04   1.8127441e+01
   7.0838000e+04   1.8493652e+01
   7.0931000e+04   1.7211914e+01
   7.1365000e+04   1.6174316e+01
   7.1502000e+04   2.0446777e+01
   7.1512000e+04   1.6967773e+01
   7.1723000e+04   1.9226074e+01
   7.1763000e+04   1.8554688e+01
   7.1949000e+04   2.1911621e+01
   7.1998000e+04   2.0263672e+01
   7.2049000e+04   2.9235840e+01
   7.2136000e+04   1.9714355e+01
   7.2192000e+04   1.6235352e+01
   7.2222000e+04   2.7832031e+01
   7.2331000e+04   2.0568848e+01
   7.8082000e+04   1.9348145e+01
   7.8304000e+04   1.8432617e+01
   7.8339000e+04   1.6235352e+01
   7.8555000e+04   1.6845703e+01
   7.8588000e+04   1.6357422e+01
   7.8603000e+04   2.1606445e+01
   8.2076000e+04   1.6357422e+01
   8.2470000e+04   1.6296387e+01
   8.6624000e+04   1.8737793e+01
   9.0785000e+04   2.0874023e+01
   9.1072000e+04   1.9592285e+01
   9.1315000e+04   2.1057129e+01
   9.1466000e+04   1.6723633e+01
   9.1859000e+04   1.9592285e+01
   9.1926000e+04   1.9226074e+01
   9.2057000e+04   2.3864746e+01
   9.8555000e+04   1.8737793e+01
   9.9276000e+04   1.7333984e+01
   9.9494000e+04   1.6967773e+01
   9.9803000e+04   1.7883301e+01
   1.0023500e+05   1.7395020e+01
   1.0045500e+05   2.2644043e+01
   1.0047300e+05   1.8676758e+01
   1.0050900e+05   1.6174316e+01
   1.0079400e+05   1.7700195e+01
   1.0095600e+05   1.8920898e+01
   1.0267600e+05   2.0874023e+01
   1.0318600e+05   1.7944336e+01
   1.0323800e+05   2.2888184e+01
   1.0329100e+05   3.4118652e+01
   1.0331500e+05   2.9479980e+01
   1.0334100e+05   3.2592773e+01
   1.0335800e+05   1.9714355e+01
   1.0344200e+05   3.1127930e+01
   1.0350400e+05   2.2949219e+01
   1.0351500e+05   2.8625488e+01
   1.0352700e+05   2.8015137e+01
   1.1432600e+05   2.0507812e+01
   1.1451100e+05   1.9653320e+01
   1.1531900e+05   1.6479492e+01
   1.1540100e+05   1.7456055e+01
   1.1548100e+05   1.7150879e+01
   1.1579800e+05   3.0700684e+01
   1.1597300e+05   1.8127441e+01
   1.2169300e+05   1.9836426e+01
   1.2177300e+05   1.8676758e+01
   1.2183200e+05   1.8554688e+01
   1.2190000e+05   1.8859863e+01
   1.2220000e+05   1.6479492e+01
   1.2344300e+05   1.6479492e+01
   1.2583800e+05   1.6479492e+01
   1.2644300e+05   2.3986816e+01
   1.2654600e+05   2.1484375e+01
   1.2701200e+05   1.8798828e+01
   1.2723900e+05   1.6601562e+01
   1.2731100e+05   1.6662598e+01
   1.2750200e+05   1.8310547e+01
   1.2765400e+05   2.2155762e+01
   1.2783400e+05   1.8066406e+01
   1.2787400e+05   2.4841309e+01
   1.2795800e+05   2.6245117e+01
   1.2800900e+05   1.9897461e+01
   1.2802400e+05   2.2155762e+01
   1.3698600e+05   1.9104004e+01
   1.3720200e+05   1.6967773e+01
   1.3761000e+05   2.0935059e+01
   1.3772800e+05   2.0507812e+01
   1.3776900e+05   1.9897461e+01
   1.3783100e+05   1.7822266e+01
   1.3827600e+05   2.3132324e+01
   1.3832000e+05   1.7456055e+01
   1.3837000e+05   2.1179199e+01
   1.3838600e+05   1.6967773e+01
   1.3867500e+05   1.9348145e+01
   1.3869600e+05   2.1057129e+01
   1.3924200e+05   1.6784668e+01
   1.3926500e+05   2.2094727e+01
   1.3930600e+05   1.6601562e+01
   1.3933100e+05   2.1606445e+01
   1.3935400e+05   1.7700195e+01
   1.3936500e+05   2.0202637e+01
   1.3938700e+05   1.7333984e+01
   1.3984300e+05   2.1545410e+01
   1.4239000e+05   1.7639160e+01
   1.4662500e+05   1.9958496e+01
   1.4678800e+05   1.6296387e+01
   1.4696600e+05   2.1240234e+01
   1.4700400e+05   1.7456055e+01
   1.4726700e+05   2.5329590e+01
   1.4836800e+05   3.0639648e+01
   1.4865800e+05   2.7709961e+01
   1.4872000e+05   2.4047852e+01
   1.4877400e+05   2.0629883e+01
   1.4879700e+05   1.7822266e+01
   1.5089500e+05   2.1789551e+01
   1.5115900e+05   1.6540527e+01
   1.5120200e+05   1.7211914e+01
   1.5869600e+05   1.8188477e+01
   1.5870800e+05   1.8188477e+01
   1.5876800e+05   2.4169922e+01
   1.5877900e+05   2.8869629e+01
   1.6162800e+05   2.0751953e+01
   1.6180700e+05   2.5634766e+01
   1.6243300e+05   2.1911621e+01
   1.6249500e+05   2.2583008e+01
   1.6252000e+05   1.8493652e+01
   1.6253100e+05   2.8686523e+01
   1.6257500e+05   1.8859863e+01
   1.6259600e+05   1.6601562e+01
   1.6265200e+05   2.2033691e+01
   1.6268300e+05   1.6967773e+01
   1.7084600e+05   1.7272949e+01
   1.7109700e+05   2.1362305e+01
   1.7136500e+05   1.8920898e+01
   1.7159700e+05   1.6357422e+01
   1.7173700e+05   2.5390625e+01
   1.7245100e+05   1.6357422e+01
   1.7256700e+05   1.7333984e+01
   1.7265500e+05   1.8127441e+01
   1.7699500e+05   1.6418457e+01
   1.7701800e+05   2.2155762e+01
   1.7704900e+05   2.0385742e+01
   1.8059400e+05   1.8737793e+01
   1.8095600e+05   1.8066406e+01
   1.8102400e+05   2.0507812e+01
   1.8113400e+05   1.7822266e+01
   1.8123800e+05   1.7578125e+01
   1.8148400e+05   2.4841309e+01
   1.8151900e+05   1.7150879e+01
   1.8152900e+05   2.9846191e+01
   1.8156700e+05   1.9104004e+01
   1.8162700e+05   1.7456055e+01
   1.8163800e+05   2.0019531e+01
   1.8450100e+05   1.7150879e+01
   1.8947500e+05   1.8432617e+01
   1.8995600e+05   2.2155762e+01
   1.9009300e+05   1.6784668e+01
   1.9047700e+05   2.0629883e+01
   1.9070500e+05   2.6977539e+01
   1.9075900e+05   1.8127441e+01
   1.9094900e+05   2.3925781e+01
   1.9138800e+05   1.7150879e+01
   1.9283500e+05   2.2338867e+01
   1.9373300e+05   1.9226074e+01
   1.9399500e+05   2.0446777e+01
   1.9507100e+05   2.2338867e+01
   1.9517100e+05   1.6784668e+01
   1.9531800e+05   2.0629883e+01
   1.9544900e+05   2.0812988e+01
   1.9858700e+05   1.7578125e+01
   1.9872800e+05   2.0812988e+01
   1.9897900e+05   2.2216797e+01
   1.9975100e+05   1.7150879e+01
   1.9995500e+05   2.2033691e+01
   1.9996600e+05   2.3376465e+01
   1.9998200e+05   1.6174316e+01
   2.0000300e+05   1.6662598e+01
   2.0071600e+05   1.9287109e+01
   2.0527100e+05   5.6030273e+01
   2.0530700e+05   4.1809082e+01
   2.0536400e+05   4.6875000e+01
   2.0539700e+05   3.2714844e+01
   2.0543400e+05   2.9785156e+01
   2.0544800e+05   2.0507812e+01
   2.0559400e+05   2.3986816e+01
   2.0562500e+05   5.2429199e+01
   2.0594100e+05   2.4963379e+01
   2.0619600e+05   1.8676758e+01
   2.0752400e+05   1.6906738e+01
   2.1260000e+05   5.0109863e+01
   2.1266200e+05   4.6630859e+01
   2.1270000e+05   3.7963867e+01
   2.1275300e+05   3.3020020e+01
   2.1279200e+05   2.5756836e+01
   2.1283800e+05   2.4536133e+01
   2.1288100e+05   2.1667480e+01
   2.1293400e+05   2.1667480e+01
   2.1306200e+05   3.9978027e+01
   2.1310900e+05   2.3498535e+01
   2.1325400e+05   1.6723633e+01
   2.1341800e+05   2.3010254e+01
   2.1368700e+05   1.7761230e+01
   2.1409300e+05   1.7639160e+01
   2.1731600e+05   1.7761230e+01
   2.1760500e+05   2.2155762e+01
   2.1762200e+05   3.5583496e+01
   2.1783000e+05   1.8249512e+01
   2.1787700e+05   2.6428223e+01
   2.1829200e+05   2.1423340e+01
   2.2277600e+05   1.7028809e+01
   2.2299100e+05   1.8859863e+01
   2.2340200e+05   2.0324707e+01
   2.2344400e+05   2.1911621e+01
   2.2348400e+05   2.0080566e+01
   2.2393800e+05   2.3681641e+01
   2.2395400e+05   1.8127441e+01
   2.2459900e+05   1.8798828e+01
   2.2473500e+05   2.2094727e+01
   2.2500000e+05   2.1484375e+01
   2.2531200e+05   1.7089844e+01
   2.2541800e+05   2.5573730e+01
   2.2547400e+05   2.0629883e+01
   2.2551500e+05   2.1362305e+01
   2.2578800e+05   1.9958496e+01
   2.2600800e+05   1.6540527e+01
   2.2611400e+05   1.7761230e+01
   2.3050000e+05   1.9531250e+01
   2.3081400e+05   1.9958496e+01
   2.3172600e+05   2.0080566e+01
   2.3464900e+05   1.8005371e+01
   2.3466200e+05   2.2216797e+01
   2.3469400e+05   3.7780762e+01
   2.3471300e+05   1.8981934e+01
   2.3956800e+05   1.9531250e+01
   2.4021600e+05   1.8737793e+01
   2.4023900e+05   1.6418457e+01
   2.4824100e+05   1.8127441e+01
   2.4853000e+05   1.8371582e+01
   2.4854100e+05   1.6601562e+01
   2.4861300e+05   2.2766113e+01
   2.4895400e+05   2.0080566e+01
   2.4935900e+05   1.7517090e+01
   2.5059700e+05   1.6296387e+01
   2.5078900e+05   1.7517090e+01
   2.5083200e+05   1.8127441e+01
   2.5087300e+05   1.7150879e+01
   2.5089800e+05   1.7883301e+01
   2.5624700e+05   1.9470215e+01
   2.5636500e+05   1.8798828e+01
   2.5696500e+05   1.7456055e+01
   2.5717400e+05   2.9357910e+01
   2.5745000e+05   2.1484375e+01
   2.5767600e+05   1.6479492e+01
   2.6141600e+05   1.8859863e+01
   2.6471700e+05   1.6723633e+01
   2.6473400e+05   1.6418457e+01
   2.6475300e+05   2.2949219e+01
   2.6477500e+05   1.9042969e+01
   2.6586200e+05   2.0202637e+01
   2.6614100e+05   1.8615723e+01
   2.6618600e+05   1.9104004e+01
   2.7056400e+05   1.9897461e+01
   2.7065100e+05   1.8127441e+01
   2.7103500e+05   1.8676758e+01
   2.7484500e+05   1.7578125e+01
   2.7485800e+05   2.5207520e+01
   2.7488100e+05   2.5573730e+01
   2.7558800e+05   2.2155762e+01
   2.7559800e+05   2.0202637e+01
   2.7562600e+05   2.0263672e+01
   2.7565300e+05   3.3508301e+01
   2.7773300e+05   1.8554688e+01
   2.7854500e+05   2.3071289e+01
   2.7858600e+05   1.8493652e+01
   2.8529200e+05   1.9409180e+01
   2.8855100e+05   1.4288330e+02
   2.8858200e+05   1.0534668e+02
   2.8861000e+05   7.9467773e+01
   2.8862800e+05   2.2277832e+01
   2.8867400e+05   1.0040283e+02
   2.8871000e+05   6.5246582e+01
   2.8874600e+05   4.8461914e+01
   2.8887100e+05   1.0351562e+02
   2.8891100e+05   1.8005371e+01
   2.8905100e+05   9.9975586e+01
   2.8908600e+05   5.4626465e+01
   2.8911000e+05   3.0456543e+01
   2.8913700e+05   5.1513672e+01
   2.8915500e+05   2.2338867e+01
   2.8929200e+05   1.1206055e+02
   2.8932900e+05   5.3283691e+01
   2.8934800e+05   3.9367676e+01
   2.8937400e+05   2.8259277e+01
   2.8938900e+05   2.4230957e+01
   2.8940800e+05   1.8066406e+01
   2.8963500e+05   1.0156250e+02
   2.8965900e+05   1.9958496e+01
   2.8970400e+05   6.6894531e+01
   2.8971500e+05   1.6967773e+01
   2.8974100e+05   2.1850586e+01
   2.8995400e+05   1.8432617e+01
   2.8996500e+05   3.2043457e+01
   2.9001100e+05   1.8066406e+01
   2.9005500e+05   1.9531250e+01
   2.9012600e+05   4.8278809e+01
   2.9015300e+05   9.3872070e+01
   2.9017400e+05   4.5959473e+01
   2.9019100e+05   3.4851074e+01
   2.9023000e+05   4.3334961e+01
   2.9024000e+05   2.7587891e+01
   2.9027700e+05   1.6784668e+01
   2.9050100e+05   4.4189453e+01
   2.9053800e+05   3.8818359e+01
   2.9055600e+05   3.4240723e+01
   2.9057800e+05   2.6428223e+01
   2.9060500e+05   7.0129395e+01
   2.9061600e+05   2.8747559e+01
   2.9063000e+05   2.7038574e+01
   2.9064200e+05   1.6784668e+01
   2.9067000e+05   1.8188477e+01
   2.9088200e+05   6.6589355e+01
   2.9092500e+05   2.5329590e+01
   2.9094800e+05   9.1430664e+01
   2.9098600e+05   2.6855469e+01
   2.9101900e+05   1.8981934e+01
   2.9106200e+05   4.4128418e+01
   2.9115100e+05   3.0517578e+01
   2.9117300e+05   7.4829102e+01
   2.9119000e+05   1.8615723e+01
   2.9126200e+05   1.7272949e+01
   2.9131600e+05   1.8554688e+01
   2.9133800e+05   8.0688477e+01
   2.9161400e+05   1.8066406e+01
   2.9166600e+05   7.1044922e+01
   2.9168300e+05   4.1870117e+01
   2.9178600e+05   1.8371582e+01
   2.9185100e+05   2.5634766e+01
   2.9192200e+05   1.7822266e+01
   2.9195300e+05   8.9111328e+01
   2.9196600e+05   1.6662598e+01
   2.9202400e+05   4.5715332e+01
   2.9205300e+05   2.2155762e+01
   2.9207700e+05   1.7700195e+01
   2.9211900e+05   1.9958496e+01
   2.9224600e+05   3.7414551e+01
   2.9230700e+05   2.5268555e+01
   2.9231700e+05   1.9653320e+01
   2.9237000e+05   8.2214355e+01
   2.9239400e+05   2.3925781e+01
   2.9246700e+05   5.9265137e+01
   2.9249400e+05   2.0385742e+01
   2.9253300e+05   1.7395020e+01
   2.9255400e+05   1.9714355e+01
   2.9257300e+05   2.0812988e+01
   2.9272600e+05   3.0944824e+01
   2.9274200e+05   3.6804199e+01
   2.9277300e+05   1.8188477e+01
   2.9299200e+05   3.2104492e+01
   2.9302500e+05   2.5695801e+01
   2.9329700e+05   3.3996582e+01
   2.9343800e+05   2.2155762e+01
   2.9359400e+05   2.5634766e+01
   2.9481400e+05   2.9541016e+01
   2.9486100e+05   2.1423340e+01
   2.9491600e+05   9.7290039e+01
   2.9494300e+05   1.9470215e+01
   2.9505100e+05   8.8195801e+01
   2.9510900e+05   5.7739258e+01
   2.9517900e+05   4.1503906e+01
   2.9524700e+05   2.9785156e+01
   2.9531900e+05   2.3681641e+01
   2.9544900e+05   4.6264648e+01
   2.9550100e+05   1.8493652e+01
   2.9564400e+05   2.4108887e+01
   2.9574700e+05   8.5083008e+01
   2.9575700e+05   3.4362793e+01
   2.9587500e+05   5.8654785e+01
   2.9589900e+05   2.2155762e+01
   2.9603300e+05   1.8127441e+01
   2.9604500e+05   2.8503418e+01
   2.9606300e+05   1.8737793e+01
   2.9612300e+05   2.1728516e+01
   2.9638500e+05   3.0395508e+01
   2.9648400e+05   2.0019531e+01
   2.9660500e+05   1.7028809e+01
   3.0241900e+05   2.0812988e+01
   3.0442200e+05   2.5939941e+01
   3.0477800e+05   1.6418457e+01
   3.0516700e+05   1.7822266e+01
   3.0543300e+05   2.4047852e+01
   3.0976400e+05   3.1494141e+01
   3.0982900e+05   1.7517090e+01
   3.1274500e+05   1.6418457e+01
   3.1276200e+05   1.9836426e+01
   3.1277800e+05   1.8859863e+01
   3.1304600e+05   1.6601562e+01
   3.2031200e+05   2.0141602e+01
   3.2068700e+05   1.7028809e+01
   3.2078900e+05   1.9592285e+01
   3.2097900e+05   2.0996094e+01
   3.2120700e+05   2.3071289e+01
   3.2123600e+05   1.9042969e+01
   3.2196300e+05   1.9165039e+01
   3.3114400e+05   1.9165039e+01
   3.3125700e+05   2.5695801e+01
   3.3171000e+05   2.1118164e+01
   3.3174900e+05   1.9409180e+01
   3.3289300e+05   2.4230957e+01
   3.3503900e+05   1.9836426e+01
   3.3513200e+05   2.1789551e+01
   3.3535500e+05   1.6235352e+01
   3.4195600e+05   1.6784668e+01
   3.4257600e+05   1.7822266e+01
   3.4271300e+05   1.8493652e+01
   3.4273000e+05   2.1423340e+01
   3.4296000e+05   2.0812988e+01
   3.4979600e+05   2.4108887e+01
   3.5035700e+05   1.9836426e+01
   3.5076400e+05   2.7038574e+01
   3.5085600e+05   1.8371582e+01
   3.5087400e+05   2.2399902e+01
   3.5089400e+05   1.6418457e+01
   3.5716700e+05   1.8615723e+01
   3.5739200e+05   1.6479492e+01
   3.5740900e+05   1.9592285e+01
   3.5775000e+05   1.8859863e+01
   3.6591300e+05   1.9104004e+01
   3.6616600e+05   1.7028809e+01
   3.6683100e+05   1.6845703e+01
   3.7175700e+05   2.4780273e+01
   3.7185300e+05   1.8249512e+01
   3.7334100e+05   1.7272949e+01
   3.7355600e+05   1.8127441e+01
   3.7401300e+05   1.7333984e+01
   3.7429400e+05   1.8432617e+01
   3.7436200e+05   2.0690918e+01
   3.7449700e+05   1.9531250e+01
   3.7454200e+05   1.6418457e+01
   3.7484100e+05   2.2094727e+01
   3.7488200e+05   1.6723633e+01
   3.7490200e+05   2.2094727e+01
   3.7495600e+05   1.6479492e+01
   3.8312100e+05   1.8676758e+01
   3.8313100e+05   1.8249512e+01
   3.8334300e+05   2.2155762e+01
   3.8374400e+05   2.2399902e+01
   3.8982100e+05   2.1911621e+01
   3.8996200e+05   1.6418457e+01
   3.9027000e+05   2.1240234e+01
   3.9035200e+05   1.7456055e+01
   3.9135700e+05   1.7517090e+01
   3.9160300e+05   1.9409180e+01
   3.9776800e+05   1.6601562e+01
   3.9804100e+05   2.4414062e+01
   3.9910600e+05   2.5573730e+01
   3.9953600e+05   1.8859863e+01
   3.9960100e+05   1.6662598e+01
   3.9979500e+05   3.1188965e+01
   3.9983700e+05   1.8981934e+01
   4.0005300e+05   1.8493652e+01
   4.0014900e+05   1.8737793e+01
   4.0027700e+05   1.7639160e+01
   4.0096800e+05   2.2583008e+01
   4.0180400e+05   2.2033691e+01
   4.0208100e+05   2.1240234e+01
   4.0250800e+05   1.7944336e+01
   4.0573700e+05   1.6296387e+01
   4.0586400e+05   1.8798828e+01
   4.0618300e+05   2.4475098e+01
   4.1322300e+05   1.7211914e+01
   4.1342000e+05   2.3498535e+01
   4.1470800e+05   2.3498535e+01
   4.1472300e+05   1.8005371e+01
   4.1506500e+05   1.6296387e+01
   4.1516500e+05   1.6784668e+01
   4.1522900e+05   2.1972656e+01
   4.1524200e+05   1.7700195e+01
   4.1528900e+05   1.9165039e+01
   4.1535300e+05   2.4475098e+01
   4.1536900e+05   1.6662598e+01
   4.1545700e+05   1.7883301e+01
   4.2387300e+05   2.6550293e+01
   4.2390800e+05   2.9602051e+01
   4.3347400e+05   2.1728516e+01
   4.3373000e+05   2.2705078e+01
   4.3377000e+05   1.9897461e+01
   4.3393800e+05   1.9531250e+01
   4.3398400e+05   2.0935059e+01
   4.3405200e+05   1.9531250e+01
   4.3407100e+05   1.8432617e+01
   4.3432000e+05   1.7883301e+01
   4.3450800e+05   1.8859863e+01
   4.3658100e+05   2.2766113e+01
   4.3668800e+05   2.7038574e+01
   4.3670700e+05   3.7353516e+01
   4.3672900e+05   2.1972656e+01
   4.4357100e+05   1.6662598e+01
   4.4369800e+05   1.6967773e+01
   4.4378800e+05   1.6296387e+01
   4.4900100e+05   1.7395020e+01
   4.4955900e+05   1.8005371e+01
   4.4969100e+05   1.8676758e+01
   4.5290400e+05   2.0263672e+01
   4.5303100e+05   1.9897461e+01
   4.5323900e+05   1.9287109e+01
   4.5339100e+05   1.6601562e+01
   4.5370400e+05   2.0080566e+01
   4.6298300e+05   1.8981934e+01
   4.6300400e+05   1.6479492e+01
   4.6341500e+05   2.1606445e+01
   4.6812500e+05   1.7700195e+01
   4.6814900e+05   1.6418457e+01
   4.6818400e+05   2.5390625e+01
   4.6822100e+05   2.2766113e+01
   4.6830500e+05   1.6174316e+01
   4.6832500e+05   2.4902344e+01
   4.6853300e+05   2.5024414e+01
   4.6856300e+05   1.8859863e+01
   4.6865500e+05   2.3010254e+01
   4.6871000e+05   2.0446777e+01
   4.6878400e+05   1.7639160e+01
   4.6881200e+05   1.7028809e+01
   4.6888200e+05   3.1066895e+01
   4.7098200e+05   1.8554688e+01
   4.7779800e+05   1.8371582e+01
   4.7835200e+05   1.7028809e+01
   4.7872100e+05   2.2888184e+01
   4.7876500e+05   2.5573730e+01
   4.7880400e+05   2.5756836e+01
   4.7884200e+05   2.6916504e+01
   4.7893000e+05   2.4291992e+01
   4.7898900e+05   1.8310547e+01
   4.7935700e+05   1.8371582e+01
   4.7960600e+05   1.7333984e+01
   4.8143500e+05   1.7028809e+01
   4.8146100e+05   1.6601562e+01
   4.8148100e+05   3.0090332e+01
   4.8399100e+05   1.8127441e+01
   4.8431900e+05   1.8310547e+01
   4.9104200e+05   1.6784668e+01
   4.9112700e+05   2.2521973e+01
   4.9130100e+05   1.6967773e+01
   4.9178700e+05   1.7333984e+01
   4.9186200e+05   1.8310547e+01
   4.9187400e+05   1.7150879e+01
   4.9305400e+05   1.6479492e+01
   4.9698600e+05   1.6174316e+01
   4.9705100e+05   1.7089844e+01
   4.9716100e+05   2.5268555e+01
   4.9743400e+05   1.8310547e+01
   4.9828500e+05   1.7700195e+01
   4.9876200e+05   1.8371582e+01
   5.0413900e+05   1.8676758e+01
   5.0558500e+05   2.1118164e+01
   5.0560100e+05   3.0883789e+01
   5.0568700e+05   2.2583008e+01
   5.0569700e+05   1.6540527e+01
   5.0583300e+05   1.8981934e+01
   5.0610400e+05   2.0080566e+01
   5.1124500e+05   2.0141602e+01
   5.1126900e+05   1.6540527e+01
   5.1142100e+05   1.7211914e+01
   5.1154800e+05   1.8737793e+01
   5.1288300e+05   2.1179199e+01
   5.1582900e+05   2.0629883e+01
   5.1619200e+05   2.1240234e+01
   5.1645600e+05   2.1057129e+01
   5.1677400e+05   1.7883301e+01
   5.2464600e+05   1.8066406e+01
   5.2466300e+05   1.7578125e+01
   5.2491300e+05   1.8737793e+01
   5.2591200e+05   1.7822266e+01
   5.2622700e+05   1.9653320e+01
   5.2642000e+05   1.6357422e+01
   5.2651900e+05   2.2705078e+01
   5.2657400e+05   1.6174316e+01
   5.2660300e+05   2.3620605e+01
   5.2690900e+05   2.4658203e+01
   5.2694300e+05   2.9663086e+01
   5.2696700e+05   2.8198242e+01
   5.2705400e+05   1.9104004e+01
   5.3048800e+05   2.0324707e+01
   5.3117000e+05   2.0996094e+01
   5.3250000e+05   2.0690918e+01
   5.3266300e+05   2.0690918e+01
   5.3768500e+05   1.8005371e+01
   5.3784800e+05   1.7761230e+01
   5.3820200e+05   1.6601562e+01
   5.3825100e+05   2.3620605e+01
   5.3826300e+05   2.2460938e+01
   5.3828500e+05   1.7150879e+01
   5.3840600e+05   1.6662598e+01
   5.3852800e+05   1.9226074e+01
   5.3870300e+05   1.6845703e+01
   5.3879200e+05   2.2583008e+01
   5.3883600e+05   2.0996094e+01
   5.3885300e+05   1.7578125e+01
   5.3919200e+05   2.6306152e+01
   5.3941100e+05   2.3376465e+01
   5.4317000e+05   2.0446777e+01
   5.4336300e+05   1.8859863e+01
   5.4433900e+05   2.2094727e+01
   5.4868400e+05   1.7395020e+01
   5.5007100e+05   1.6784668e+01
   5.5008700e+05   2.1972656e+01
   5.5026700e+05   1.8554688e+01
   5.5045000e+05   1.8859863e+01
   5.5050300e+05   1.6296387e+01
   5.5060700e+05   1.8737793e+01
   5.5067200e+05   1.9775391e+01
   5.5071600e+05   1.6479492e+01
   5.5102300e+05   1.8554688e+01
   5.5668500e+05   1.6540527e+01
   5.5669900e+05   2.6428223e+01
   5.6179600e+05   1.8554688e+01
   5.6233100e+05   1.9470215e+01
   5.6238900e+05   1.9958496e+01
   5.6240400e+05   2.4658203e+01
   5.6267600e+05   2.7526855e+01
   5.6270800e+05   1.7150879e+01
   5.6327500e+05   2.5817871e+01
   5.6368200e+05   2.0446777e+01
   5.6372200e+05   1.6357422e+01
   5.6407200e+05   1.7395020e+01
   5.7083900e+05   1.9592285e+01
   5.7114800e+05   1.9165039e+01
   5.7218400e+05   2.6611328e+01
   5.7222900e+05   1.8981934e+01
   5.7247900e+05   2.0812988e+01
   5.7251900e+05   1.6601562e+01
   5.7265400e+05   2.0019531e+01
   5.7305600e+05   2.5085449e+01
   5.7315200e+05   1.9653320e+01
   5.7330900e+05   1.8127441e+01
   5.7349200e+05   1.8432617e+01
   5.7367000e+05   1.6357422e+01
   5.7397600e+05   1.9592285e+01
   5.7429400e+05   1.6174316e+01
   5.7438400e+05   1.6174316e+01
   5.7443600e+05   1.7883301e+01
   5.7451700e+05   2.4169922e+01
   5.7453800e+05   3.0456543e+01
   5.7501500e+05   1.7883301e+01
   5.7860700e+05   1.6784668e+01
   5.7868700e+05   1.9958496e+01
   5.8047800e+05   1.9714355e+01
   5.8054900e+05   1.8615723e+01
   5.8620900e+05   2.0690918e+01
   5.8653800e+05   2.0812988e+01
   5.8810800e+05   1.8615723e+01
   5.9445800e+05   1.6357422e+01
   5.9453200e+05   1.8066406e+01
   5.9480400e+05   1.8371582e+01
   5.9503100e+05   1.8005371e+01
   5.9504300e+05   2.5512695e+01
   5.9533500e+05   2.5329590e+01
   5.9539900e+05   2.2460938e+01
   5.9545900e+05   1.7333984e+01
   5.9567000e+05   1.8859863e+01
   5.9632400e+05   2.5451660e+01
   5.9639800e+05   2.3864746e+01
   5.9660300e+05   1.8920898e+01
   5.9670100e+05   1.6662598e+01
   5.9685300e+05   2.2033691e+01
   5.9690200e+05   2.1362305e+01
   5.9692600e+05   2.0812988e+01
   5.9723000e+05   1.7211914e+01
   5.9725000e+05   2.2644043e+01
   5.9728400e+05   1.9042969e+01
   6.0462200e+05   1.6784668e+01
   6.0560300e+05   2.1545410e+01
   6.1100500e+05   1.8249512e+01
   6.1147600e+05   1.6723633e+01
   6.1176800e+05   2.0019531e+01
   6.1190800e+05   2.2460938e+01
   6.2063600e+05   1.6174316e+01
   6.2096600e+05   2.0751953e+01
   6.2126900e+05   1.6906738e+01
   6.2462000e+05   1.9775391e+01
   6.2477400e+05   2.1240234e+01
   6.2479900e+05   1.7211914e+01
   6.2483000e+05   2.7282715e+01
   6.2506300e+05   1.8371582e+01
   6.2540000e+05   1.6540527e+01
   6.2541900e+05   1.9653320e+01
   6.2544800e+05   3.2897949e+01
   6.2547500e+05   2.1484375e+01
   6.2553800e+05   1.9592285e+01
   6.2558700e+05   2.0202637e+01
   6.2606200e+05   1.8920898e+01
   6.3652600e+05   2.6794434e+01
   6.3653700e+05   1.6601562e+01
   6.3659000e+05   2.6672363e+01
   6.3662000e+05   1.6479492e+01
   6.3688500e+05   2.0019531e+01
   6.3950200e+05   1.9714355e+01
   6.3952900e+05   1.8005371e+01
   6.3955200e+05   1.9226074e+01
   6.3956300e+05   2.4963379e+01
   6.3957700e+05   2.3986816e+01
   6.4795800e+05   1.7639160e+01
   6.4799400e+05   1.7578125e+01
   6.4837900e+05   1.6967773e+01
   6.4867100e+05   1.8737793e+01
   6.4902500e+05   2.4230957e+01
   6.4932600e+05   2.0568848e+01
   6.5528400e+05   2.3132324e+01
   6.5577600e+05   2.4658203e+01
   6.5688700e+05   2.4169922e+01
   6.5695100e+05   2.7221680e+01
   6.5698400e+05   1.6418457e+01
   6.5701000e+05   3.1738281e+01
   6.5703600e+05   2.4597168e+01
   6.5711700e+05   1.7028809e+01
   6.6344900e+05   1.7272949e+01
   6.6354800e+05   2.0202637e+01
   6.6618800e+05   1.7456055e+01
   6.6650000e+05   3.4729004e+01
   6.6667500e+05   2.5451660e+01
   6.6726500e+05   2.4291992e+01
   6.6729500e+05   1.8676758e+01
   6.6737300e+05   1.7883301e+01
   6.6847800e+05   1.9592285e+01
   6.6856900e+05   1.8920898e+01
   6.6861000e+05   1.6357422e+01
   6.6866500e+05   1.8371582e+01
   6.7542800e+05   1.6845703e+01
   6.7590200e+05   1.9226074e+01
   6.7635800e+05   2.1179199e+01
   6.7639200e+05   1.7333984e+01
   6.7640200e+05   2.0141602e+01
   6.7683000e+05   1.6784668e+01
   6.7745300e+05   1.9042969e+01
   6.7994500e+05   1.9592285e+01
   6.8441600e+05   1.7150879e+01
   6.8515800e+05   3.0700684e+01
   6.8560100e+05   1.9775391e+01
   6.8579100e+05   1.9775391e+01
   6.8590200e+05   2.4536133e+01
   6.8615300e+05   1.8371582e+01
   6.8676400e+05   2.2216797e+01
   6.8722500e+05   1.8310547e+01
   6.9498600e+05   2.6489258e+01
   6.9499700e+05   1.6906738e+01
   6.9501400e+05   1.7578125e+01
   6.9507100e+05   2.1911621e+01
   6.9508400e+05   2.0385742e+01
   6.9558400e+05   2.3437500e+01
   6.9561100e+05   1.6906738e+01
   6.9566600e+05   1.6357422e+01
   6.9573900e+05   2.0935059e+01
   6.9675500e+05   1.8920898e+01
   7.0089500e+05   2.3498535e+01
   7.0104100e+05   2.4108887e+01
   7.0680200e+05   1.9104004e+01
   7.0728000e+05   1.8432617e+01
   7.0730900e+05   2.7954102e+01
   7.0753300e+05   1.9348145e+01
   7.0756600e+05   1.7578125e+01
   7.0787400e+05   2.0263672e+01
   7.1047900e+05   2.0202637e+01
   7.1105900e+05   1.9775391e+01
   7.1110300e+05   1.9897461e+01
   7.1513100e+05   1.6479492e+01
   7.1529300e+05   1.7700195e+01
   7.1953400e+05   2.0935059e+01
   7.1983600e+05   2.5268555e+01
   7.1990300e+05   1.7395020e+01
   7.1992600e+05   1.6662598e+01
   7.1996100e+05   2.7221680e+01
   7.2124500e+05   2.1118164e+01
   7.2128100e+05   1.6296387e+01
   7.2129300e+05   1.7517090e+01
   7.2154100e+05   2.1606445e+01
   7.2158900e+05   1.9226074e+01
   7.2170200e+05   1.7089844e+01
   7.2176900e+05   1.6784668e+01
   7.2202600e+05   1.8615723e+01
   7.2216200e+05   1.7028809e+01
   7.2217700e+05   2.1545410e+01
   7.2222700e+05   1.7700195e+01
   7.2226800e+05   2.5756836e+01
   7.2234600e+05   3.1860352e+01
   7.2247400e+05   1.7456055e+01
   7.2260400e+05   1.7089844e+01
   7.2277300e+05   1.9653320e+01
   7.2282700e+05   2.0812988e+01
   7.2286600e+05   2.8442383e+01
   7.2289200e+05   1.6479492e+01
   7.2291800e+05   2.1423340e+01
   7.2302400e+05   1.6723633e+01
   7.2359300e+05   2.1179199e+01
   7.2362600e+05   1.8981934e+01
   7.2376400e+05   2.0568848e+01
   7.2410500e+05   1.6906738e+01
   7.2508600e+05   1.6174316e+01
   7.2514100e+05   1.7578125e+01
   7.2515300e+05   1.8859863e+01
   7.2520700e+05   1.7578125e+01
   7.2522800e+05   2.0385742e+01
   7.2530100e+05   1.6235352e+01
   7.2987100e+05   2.1911621e+01
   7.3009300e+05   1.6845703e+01
   7.3083800e+05   2.2460938e+01
   7.3940500e+05   2.1484375e+01
   7.4006300e+05   1.7089844e+01
   7.4007600e+05   4.4860840e+01
   7.4008600e+05   1.7639160e+01
   7.4013400e+05   1.8554688e+01
   7.4069600e+05   1.8432617e+01
   7.4367200e+05   2.2399902e+01
   7.4373200e+05   1.9714355e+01
   7.4378000e+05   2.1362305e+01
   7.4439400e+05   2.5329590e+01
   7.4467300e+05   1.7211914e+01
   7.4470100e+05   2.2338867e+01
   7.4478900e+05   2.2399902e+01
   7.4912800e+05   1.7089844e+01
   7.5216300e+05   2.5573730e+01
   7.5223200e+05   2.1423340e+01
   7.5239600e+05   2.1057129e+01
   7.5241500e+05   1.8554688e+01
   7.5264300e+05   1.7761230e+01
   7.5274300e+05   1.8676758e+01
   7.5284700e+05   1.8371582e+01
   7.5288100e+05   1.6235352e+01
   7.5297000e+05   1.7578125e+01
   7.5298000e+05   2.4597168e+01
   7.5300200e+05   2.1606445e+01
   7.5301700e+05   2.3132324e+01
   7.5361000e+05   1.9104004e+01
   7.5379200e+05   1.8249512e+01
   7.5917700e+05   2.6123047e+01
   7.5926000e+05   2.7038574e+01
   7.5928500e+05   1.8005371e+01
   7.5932300e+05   1.8920898e+01
   7.5998100e+05   1.8066406e+01
   7.6588800e+05   2.4719238e+01
   7.6599200e+05   4.1870117e+01
   7.6608000e+05   2.2888184e+01
   7.6609900e+05   2.5024414e+01
   7.6611500e+05   2.6733398e+01
   7.6616200e+05   1.6296387e+01
   7.6617600e+05   2.6245117e+01
   7.6621000e+05   1.8249512e+01
   7.6821500e+05   1.6723633e+01
   7.6824900e+05   1.9531250e+01
   7.6826800e+05   3.1555176e+01
   7.6829500e+05   2.7526855e+01
   7.6831200e+05   2.9357910e+01
   7.6835600e+05   1.6601562e+01
   7.6836800e+05   2.8625488e+01
   7.7816200e+05   2.5390625e+01
   7.7839200e+05   1.7150879e+01
   7.8504200e+05   1.6296387e+01
   7.8512000e+05   2.4719238e+01
   7.8535000e+05   1.7211914e+01
   7.8581900e+05   2.4108887e+01
   7.8584900e+05   1.9470215e+01
   7.8618900e+05   2.0751953e+01
   7.8622200e+05   1.9714355e+01
   7.9414800e+05   1.7028809e+01
   7.9418600e+05   2.2583008e+01
   7.9420200e+05   1.9226074e+01
   7.9538800e+05   2.0629883e+01
   7.9564900e+05   2.3986816e+01
   7.9614500e+05   1.8493652e+01
   7.9618900e+05   2.4719238e+01
   7.9626000e+05   2.3193359e+01
   7.9630000e+05   1.6723633e+01
   7.9704300e+05   1.6418457e+01
   7.9731900e+05   1.6601562e+01
   7.9738400e+05   1.7272949e+01
   7.9742700e+05   1.8432617e+01
   7.9766500e+05   1.9287109e+01
   7.9772800e+05   1.8432617e+01
   7.9786700e+05   2.3925781e+01
   7.9788000e+05   2.0690918e+01
   8.0859500e+05   2.0690918e+01
   8.0864900e+05   3.0883789e+01
   8.0869400e+05   2.8442383e+01
   8.0878400e+05   1.6296387e+01
   8.0889600e+05   2.5329590e+01
   8.0891700e+05   2.4536133e+01
   8.0921300e+05   2.1484375e+01
   8.0997600e+05   1.8615723e+01
   8.1037500e+05   1.6418457e+01
   8.1040000e+05   2.4902344e+01
   8.1047000e+05   2.1667480e+01
   8.1049500e+05   2.2766113e+01
   8.1056600e+05   1.8127441e+01
   8.1073200e+05   1.8371582e+01
   8.1095600e+05   2.0568848e+01
   8.1113700e+05   1.8310547e+01
   8.1123700e+05   2.1728516e+01
   8.1184900e+05   1.7395020e+01
   8.1187400e+05   2.7709961e+01
   8.1188600e+05   2.3742676e+01
   8.1850400e+05   1.7822266e+01
   8.1895200e+05   1.6845703e+01
   8.1907100e+05   1.7211914e+01
   8.1910400e+05   1.6967773e+01
   8.1912800e+05   2.3437500e+01
   8.1937500e+05   1.6296387e+01
   8.1940300e+05   1.8188477e+01
   8.1941800e+05   2.4353027e+01
   8.1948400e+05   1.7700195e+01
   8.1978700e+05   1.6418457e+01
   8.2028500e+05   2.5939941e+01
   8.2030000e+05   2.3437500e+01
   8.2836700e+05   2.0385742e+01
   8.2860800e+05   2.4963379e+01
   8.2866000e+05   1.9348145e+01
   8.2914300e+05   2.2766113e+01
   8.2948700e+05   1.9592285e+01
   8.3366700e+05   1.8737793e+01
   8.3431000e+05   1.6662598e+01
   8.3451400e+05   1.6479492e+01
   8.3568900e+05   1.9714355e+01
   8.3571200e+05   2.3925781e+01
   8.3582800e+05   2.5329590e+01
   8.3588000e+05   2.1179199e+01
   8.3637500e+05   1.6784668e+01
   8.3648800e+05   1.8676758e+01
   8.3650800e+05   1.8737793e+01
   8.3656300e+05   1.7395020e+01
   8.3662500e+05   1.8859863e+01
   8.3665300e+05   2.7282715e+01
   8.3678100e+05   1.9592285e+01
   8.3679800e+05   2.7893066e+01
   8.3681800e+05   2.4658203e+01
   8.3682900e+05   1.8371582e+01
   8.3684600e+05   1.8432617e+01
   8.4591800e+05   1.7150879e+01
   8.4625400e+05   1.7333984e+01
   8.4653000e+05   1.8981934e+01
   8.4715500e+05   1.7333984e+01
   8.4725700e+05   1.8127441e+01
   8.4727200e+05   1.8371582e+01
   8.4737900e+05   2.0324707e+01
   8.4745000e+05   2.1606445e+01
   8.4789100e+05   1.6235352e+01
   8.5329500e+05   1.8188477e+01
   8.5366900e+05   1.9104004e+01
   8.5408700e+05   2.0141602e+01
   8.5449300e+05   1.7944336e+01
   8.5457600e+05   1.8371582e+01
   8.5462300e+05   2.1240234e+01
   8.5471300e+05   1.8127441e+01
   8.5480300e+05   1.8127441e+01
   8.5493000e+05   1.8920898e+01
   8.5495900e+05   1.7333984e+01
   8.5497500e+05   1.8127441e+01
   8.5507300e+05   2.2827148e+01
   8.5529700e+05   2.0202637e+01
   8.5530800e+05   2.6184082e+01
   8.5531900e+05   3.0334473e+01
   8.5535200e+05   2.0080566e+01
   8.6353400e+05   1.9165039e+01
   8.6378600e+05   1.6662598e+01
   8.6403200e+05   1.8920898e+01
   8.6407400e+05   2.0263672e+01
   8.6422200e+05   2.1484375e+01
   8.6423900e+05   2.5390625e+01
   8.6455500e+05   1.8676758e+01
   8.6460200e+05   1.9226074e+01
   8.6463500e+05   1.7517090e+01
   8.6482500e+05   1.6479492e+01
   8.6484100e+05   2.6733398e+01
   8.6485700e+05   2.1545410e+01
   8.6487100e+05   1.8615723e+01
   8.6494000e+05   1.9470215e+01
   8.6498100e+05   1.6174316e+01
   8.7317000e+05   2.1728516e+01
   8.7350500e+05   1.7456055e+01
   8.7420500e+05   1.8127441e+01
   8.7426400e+05   1.8066406e+01
   8.7432000e+05   1.6418457e+01
   8.7436600e+05   1.7272949e+01
   8.7454400e+05   2.0202637e+01
   8.7456000e+05   1.7333984e+01
   8.7467100e+05   2.5451660e+01
   8.7481300e+05   1.7089844e+01
   8.7483400e+05   1.7883301e+01
   8.7485800e+05   1.6540527e+01
   8.7520100e+05   1.6662598e+01
   8.7522700e+05   2.2705078e+01
   8.7524100e+05   1.9958496e+01
   8.7525700e+05   2.1911621e+01
   8.7528200e+05   1.7822266e+01
   8.8266000e+05   2.0874023e+01
   8.8286700e+05   1.7456055e+01
   8.8299100e+05   2.2521973e+01
   8.8300100e+05   2.1789551e+01
   8.8309100e+05   2.0568848e+01
   8.8382500e+05   1.7639160e+01
   8.8416300e+05   2.0141602e+01
   8.8436100e+05   1.6357422e+01
   8.8440300e+05   2.5085449e+01
   8.8442700e+05   2.2033691e+01
   8.8449200e+05   1.8127441e+01
   8.9130400e+05   1.7700195e+01
   8.9299000e+05   1.9226074e+01
   8.9510000e+05   1.8310547e+01
   8.9530100e+05   1.8249512e+01
   8.9564000e+05   1.9287109e+01
   8.9598900e+05   1.7700195e+01
   8.9600200e+05   2.1911621e+01
   8.9606200e+05   2.0629883e+01
   8.9615000e+05   2.2399902e+01
   8.9630400e+05   2.0507812e+01
   8.9637700e+05   2.4841309e+01
   8.9638800e+05   1.6906738e+01
   8.9719600e+05   1.6723633e+01
   8.9725100e+05   1.6418457e+01
   8.9726100e+05   2.3803711e+01
   8.9728500e+05   3.1982422e+01
   8.9731300e+05   2.1789551e+01
   8.9732400e+05   3.2348633e+01
   9.0379400e+05   1.7150879e+01
   9.0386300e+05   1.7028809e+01
   9.0463400e+05   2.0446777e+01
   9.0487100e+05   1.6906738e+01
   9.1178400e+05   2.1911621e+01
   9.1192100e+05   1.9165039e+01
   9.1259000e+05   1.9592285e+01
   9.1261600e+05   1.9775391e+01
   9.1329400e+05   1.8371582e+01
   9.1331100e+05   2.5451660e+01
   9.1333400e+05   2.0446777e+01
   9.1335300e+05   2.3437500e+01
   9.1426900e+05   1.7517090e+01
   9.1925000e+05   1.8371582e+01
   9.1928800e+05   1.9958496e+01
   9.1932400e+05   3.5095215e+01
   9.1933500e+05   2.2766113e+01
   9.1956400e+05   2.1667480e+01
   9.2038600e+05   1.9165039e+01
   9.2052600e+05   1.9104004e+01
   9.2054400e+05   1.8249512e+01
   9.2060100e+05   1.7639160e+01
   9.2067200e+05   2.1484375e+01
   9.2071900e+05   1.8981934e+01
   9.3097500e+05   1.8920898e+01
   9.3196000e+05   2.0080566e+01
   9.3219500e+05   1.8615723e+01
   9.3266400e+05   1.8371582e+01
   9.3303800e+05   1.6845703e+01
   9.3319900e+05   1.7456055e+01
   9.3322700e+05   2.6489258e+01
   9.3323800e+05   1.6784668e+01
   9.3326800e+05   2.6916504e+01
   9.3345700e+05   1.7150879e+01
   9.3347300e+05   2.0751953e+01
   9.3380500e+05   1.6174316e+01
   9.4205100e+05   2.5207520e+01
   9.4302400e+05   1.9042969e+01
   9.4345200e+05   2.2705078e+01
   9.4347200e+05   2.3986816e+01
   9.4350700e+05   1.8249512e+01
   9.4361500e+05   1.6784668e+01
   9.4368200e+05   1.8066406e+01
   9.4377500e+05   2.0568848e+01
   9.4378600e+05   1.9165039e+01
   9.4394500e+05   2.1789551e+01
   9.4417700e+05   1.7944336e+01
   9.4428400e+05   2.2399902e+01
   9.4468200e+05   1.7272949e+01
   9.4472200e+05   1.9714355e+01
   9.4503600e+05   2.0263672e+01
   9.4507400e+05   2.2033691e+01
   9.4511200e+05   2.0141602e+01
   9.4526100e+05   1.8737793e+01
   9.5319600e+05   1.7272949e+01
   9.5352900e+05   1.8432617e+01
   9.5381200e+05   1.9653320e+01
   9.5384300e+05   1.6418457e+01
   9.5385900e+05   1.6662598e+01
   9.5388900e+05   1.9348145e+01
   9.5438000e+05   1.6174316e+01
   9.5444200e+05   2.6672363e+01
   9.5459900e+05   1.9287109e+01
   9.5462500e+05   1.8371582e+01
   9.5467700e+05   1.6967773e+01
   9.5468900e+05   1.7150879e+01
   9.5476700e+05   2.0935059e+01
   9.5481700e+05   2.1423340e+01
   9.6199500e+05   1.9165039e+01
   9.6232200e+05   1.9165039e+01
   9.6296400e+05   2.7160645e+01
   9.6310700e+05   2.2705078e+01
   9.6347300e+05   1.6845703e+01
   9.6360200e+05   1.7639160e+01
   9.6363100e+05   1.8676758e+01
   9.6389900e+05   2.1545410e+01
   9.6393600e+05   2.3315430e+01
   9.6415200e+05   2.0935059e+01
   9.6416900e+05   2.0324707e+01
   9.6418600e+05   1.6601562e+01
   9.6460300e+05   1.7211914e+01
   9.6463600e+05   2.1545410e+01
   9.6478200e+05   2.0141602e+01
   9.6495600e+05   2.3437500e+01
   9.7087600e+05   1.8005371e+01
   9.7100200e+05   2.1606445e+01
   9.7110900e+05   2.3193359e+01
   9.7151400e+05   2.5634766e+01
   9.7156500e+05   2.0629883e+01
   9.7298400e+05   1.8310547e+01
   9.8313300e+05   1.6418457e+01
   9.8365100e+05   2.1423340e+01
   9.8387700e+05   1.6174316e+01
   9.8434400e+05   1.8249512e+01
   9.8458600e+05   2.1728516e+01
   9.8462300e+05   1.6235352e+01
   9.8471000e+05   1.8493652e+01
   9.8476800e+05   1.6601562e+01
   9.8479300e+05   2.0263672e+01
   9.8482700e+05   5.7861328e+01
   9.8484800e+05   2.3010254e+01
   9.8487100e+05   3.5644531e+01
   9.8489700e+05   2.3315430e+01
   9.8492900e+05   2.3376465e+01
   9.8494400e+05   3.6193848e+01
   9.8496500e+05   1.9836426e+01
   9.8510700e+05   1.8188477e+01
   9.9743400e+05   2.0446777e+01
   9.9750800e+05   1.7761230e+01
   9.9785800e+05   1.8554688e+01
   9.9789600e+05   1.6906738e+01
   9.9795300e+05   1.9653320e+01
   9.9800300e+05   1.6357422e+01
   9.9806700e+05   1.8554688e+01
   9.9824500e+05   1.7089844e+01
   9.9833800e+05   1.7089844e+01
   9.9838500e+05   1.8493652e+01
   9.9850400e+05   1.6540527e+01
   9.9868000e+05   1.8676758e+01
   9.9870900e+05   1.9958496e+01
   9.9885200e+05   1.8859863e+01
   9.9895600e+05   1.8615723e+01
   9.9907500e+05   2.1728516e+01
   9.9909500e+05   2.0080566e+01
   9.9919100e+05   1.7944336e+01
   1.0063860e+06   2.1118164e+01
   1.0069610e+06   2.0324707e+01
   1.0076780e+06   1.7883301e+01
   1.0079520e+06   1.7578125e+01
   1.0082180e+06   1.6967773e+01
   1.0082520e+06   1.7517090e+01
   1.0082800e+06   2.0324707e+01
   1.0083440e+06   1.8310547e+01
   1.0083590e+06   2.6855469e+01
   1.0084970e+06   2.6489258e+01
   1.0085210e+06   1.7028809e+01
   1.0085510e+06   2.8381348e+01
   1.0086990e+06   2.0385742e+01
   1.0087280e+06   1.6540527e+01
   1.0087800e+06   1.8798828e+01
   1.0098670e+06   2.8442383e+01
   1.0098960e+06   2.1606445e+01
   1.0099500e+06   3.1372070e+01
   1.0099890e+06   1.6174316e+01
   1.0100040e+06   2.8076172e+01
   1.0100350e+06   1.9653320e+01
   1.0226290e+06   2.1057129e+01
   1.0229060e+06   1.7761230e+01
   1.0229330e+06   2.0812988e+01
   1.0231300e+06   1.7333984e+01
   1.0232280e+06   1.9165039e+01
   1.0235350e+06   1.8188477e+01
   1.0236650e+06   1.6235352e+01
   1.0286990e+06   1.8554688e+01
   1.0291310e+06   1.7883301e+01
   1.0291750e+06   1.9348145e+01
   1.0291910e+06   1.6967773e+01
   1.0326100e+06   1.8127441e+01
   1.0327510e+06   1.7700195e+01
   1.0328760e+06   2.6245117e+01
   1.0332460e+06   2.0263672e+01
   1.0336330e+06   2.6611328e+01
   1.0336750e+06   1.8676758e+01
   1.0337200e+06   1.9958496e+01
   1.0338570e+06   2.0507812e+01
   1.0339610e+06   1.7211914e+01
   1.0352270e+06   1.6174316e+01
   1.0352790e+06   1.8371582e+01
   1.0353000e+06   1.9653320e+01
   1.0354310e+06   1.8676758e+01
   1.0358170e+06   1.6967773e+01
   1.0359540e+06   1.6479492e+01
   1.0359670e+06   1.7150879e+01
   1.0361690e+06   2.1301270e+01
   1.0364940e+06   1.7456055e+01
   1.0365220e+06   2.0202637e+01
   1.0366180e+06   1.6662598e+01
   1.0377610e+06   1.8981934e+01
   1.0378070e+06   2.0446777e+01
   1.0378690e+06   3.2165527e+01
   1.0379290e+06   1.6174316e+01
   1.0406720e+06   1.8371582e+01
   1.0408680e+06   1.7395020e+01
   1.0409080e+06   1.6906738e+01
   1.0409410e+06   2.0935059e+01
   1.0410000e+06   2.3010254e+01
   1.0415370e+06   1.9714355e+01
   1.0415680e+06   1.8981934e+01
   1.0415980e+06   1.8249512e+01
   1.0416420e+06   1.7333984e+01
   1.0417940e+06   1.6784668e+01
   1.0419020e+06   1.7761230e+01
   1.0497170e+06   2.0812988e+01
   1.0498980e+06   1.8676758e+01
   1.0500810e+06   1.9104004e+01
   1.0509690e+06   1.6845703e+01
   1.0510100e+06   1.7333984e+01
   1.0511460e+06   1.7944336e+01
   1.0514170e+06   2.9907227e+01
   1.0601620e+06   1.8493652e+01
   1.0603810e+06   2.0568848e+01
   1.0606080e+06   1.9287109e+01
   1.0614970e+06   1.7944336e+01
   1.0616890e+06   1.8981934e+01
   1.0619870e+06   1.8127441e+01
   1.0621940e+06   1.6418457e+01
   1.0623840e+06   1.6723633e+01
   1.0624040e+06   2.2094727e+01
   1.0624660e+06   2.5939941e+01
   1.0624910e+06   2.4169922e+01
   1.0625180e+06   2.0385742e+01
   1.0625720e+06   2.8320312e+01
   1.0626270e+06   2.2583008e+01
   1.0729500e+06   1.9653320e+01
   1.0731410e+06   1.6235352e+01
   1.0733290e+06   2.0263672e+01
   1.0736030e+06   1.6784668e+01
   1.0736530e+06   1.9287109e+01
   1.0738980e+06   1.8493652e+01
   1.0746070e+06   1.9897461e+01
   1.0746240e+06   2.3193359e+01
   1.0746920e+06   1.7944336e+01
   1.0748270e+06   1.7028809e+01
   1.0750100e+06   1.8493652e+01
   1.0752360e+06   1.6662598e+01
   1.0752800e+06   2.5695801e+01
   1.0753420e+06   2.0751953e+01
   1.0753550e+06   1.6601562e+01
   1.0756260e+06   2.4230957e+01
   1.0764040e+06   1.8798828e+01
   1.0764190e+06   1.6723633e+01
   1.0764460e+06   3.0212402e+01
   1.0764770e+06   1.9714355e+01
   1.0764880e+06   1.6235352e+01
   1.0856050e+06   2.3559570e+01
   1.0857230e+06   1.9531250e+01
   1.0859580e+06   1.9470215e+01
   1.0865870e+06   1.7883301e+01
   1.0866520e+06   1.8737793e+01
   1.0868410e+06   2.0812988e+01
   1.0869340e+06   2.4414062e+01
   1.0869580e+06   2.0629883e+01
   1.0869950e+06   2.2155762e+01
   1.0870290e+06   2.7954102e+01
   1.0872130e+06   1.6723633e+01
   1.0875090e+06   2.3986816e+01
   1.0875230e+06   1.6174316e+01
   1.0875450e+06   2.8076172e+01
   1.0875550e+06   1.8615723e+01
   1.0891040e+06   2.2033691e+01
   1.0949530e+06   1.8066406e+01
   1.0950800e+06   1.8737793e+01
   1.0950960e+06   2.2033691e+01
   1.0952380e+06   2.1728516e+01
   1.0956010e+06   1.7211914e+01
   1.0957820e+06   1.7211914e+01
   1.0959620e+06   2.9785156e+01
   1.0994220e+06   1.7822266e+01
   1.0994480e+06   1.9592285e+01
   1.0994610e+06   2.1545410e+01
   1.0994910e+06   1.7089844e+01
   1.0995040e+06   1.9836426e+01
   1.1067880e+06   1.9775391e+01
   1.1071180e+06   2.4780273e+01
   1.1072780e+06   1.6479492e+01
   1.1078890e+06   1.7883301e+01
   1.1102000e+06   1.8005371e+01
   1.1102500e+06   2.1972656e+01
   1.1104460e+06   1.9165039e+01
   1.1187840e+06   1.7883301e+01
   1.1192990e+06   1.6845703e+01
   1.1195020e+06   1.8432617e+01
   1.1195330e+06   1.8554688e+01
   1.1197900e+06   2.1301270e+01
   1.1198030e+06   1.6784668e+01
   1.1207850e+06   2.0263672e+01
   1.1208220e+06   1.6845703e+01
   1.1208580e+06   1.6174316e+01
   1.1208720e+06   2.3498535e+01
   1.1209020e+06   1.8066406e+01
   1.1209420e+06   1.6601562e+01
   1.1209590e+06   1.8066406e+01
   1.1294400e+06   1.6479492e+01
   1.1297660e+06   1.8249512e+01
   1.1300820e+06   1.8676758e+01
   1.1311390e+06   1.6601562e+01
   1.1311890e+06   1.9653320e+01
   1.1312280e+06   2.1606445e+01
   1.1312870e+06   1.8615723e+01
   1.1313180e+06   1.7333984e+01
   1.1314230e+06   1.9348145e+01
   1.1314610e+06   1.6357422e+01
   1.1317350e+06   1.9042969e+01
   1.1320190e+06   2.4780273e+01
   1.1320670e+06   1.9348145e+01
   1.1322440e+06   1.7883301e+01
   1.1323740e+06   1.9470215e+01
   1.1350780e+06   1.7028809e+01
   1.1351660e+06   1.9897461e+01
   1.1352110e+06   1.7211914e+01
   1.1352300e+06   1.6296387e+01
   1.1352750e+06   1.9104004e+01
   1.1353610e+06   1.9470215e+01
   1.1369980e+06   1.6418457e+01
   1.1374240e+06   1.9958496e+01
   1.1379230e+06   1.7944336e+01
   1.1379630e+06   2.4963379e+01
   1.1379730e+06   2.1789551e+01
   1.1477390e+06   1.8249512e+01
   1.1477820e+06   2.5817871e+01
   1.1481590e+06   1.6601562e+01
   1.1483300e+06   1.7089844e+01
   1.1537040e+06   2.0263672e+01
   1.1557110e+06   1.6784668e+01
   1.1559290e+06   2.4841309e+01
   1.1569840e+06   2.2644043e+01
   1.1571960e+06   2.1606445e+01
   1.1573740e+06   1.6967773e+01
   1.1585850e+06   2.3376465e+01
   1.1586210e+06   1.6845703e+01
   1.1586430e+06   2.1240234e+01
   1.1587120e+06   2.0507812e+01
   1.1588590e+06   2.2399902e+01
   1.1588700e+06   3.1982422e+01
   1.1588980e+06   1.8554688e+01
   1.1589260e+06   3.2653809e+01
   1.1589540e+06   1.6723633e+01
   1.1684340e+06   1.6479492e+01
   1.1686110e+06   1.7761230e+01
   1.1687460e+06   2.6367188e+01
   1.1699720e+06   1.6235352e+01
   1.1701550e+06   1.9104004e+01
   1.1703240e+06   1.6967773e+01
   1.1706230e+06   1.7578125e+01
   1.1707360e+06   3.3386230e+01
   1.1707510e+06   2.5939941e+01
   1.1709530e+06   2.1301270e+01
   1.1709740e+06   1.7211914e+01
   1.1711740e+06   2.6428223e+01
   1.1713410e+06   3.0029297e+01
   1.1713530e+06   1.8798828e+01
   1.1713630e+06   1.7028809e+01
   1.1755300e+06   1.9653320e+01
   1.1756530e+06   1.9409180e+01
   1.1784980e+06   1.6723633e+01
   1.1786520e+06   1.6174316e+01
   1.1786670e+06   1.9042969e+01
   1.1791980e+06   1.9104004e+01
   1.1792490e+06   1.6601562e+01
   1.1792770e+06   1.7028809e+01
   1.1793930e+06   2.1240234e+01
   1.1795540e+06   2.0507812e+01
   1.1795810e+06   1.9226074e+01
   1.1796180e+06   2.6916504e+01
   1.1796350e+06   1.8554688e+01
   1.1893270e+06   2.2277832e+01
   1.1893440e+06   1.8493652e+01
   1.1895090e+06   1.9348145e+01
   1.1895240e+06   1.7700195e+01
   1.1896970e+06   1.7517090e+01
   1.1898150e+06   1.8127441e+01
   1.1906760e+06   2.1301270e+01
   1.1928780e+06   1.6357422e+01
   1.1929030e+06   2.6367188e+01
   1.1929250e+06   3.5034180e+01
   1.1929510e+06   2.3132324e+01
   1.1929780e+06   4.6936035e+01
   1.1930320e+06   2.3254395e+01
   1.1930920e+06   1.7089844e+01
   1.2031190e+06   1.9104004e+01
   1.2033540e+06   2.3803711e+01
   1.2041620e+06   1.8432617e+01
   1.2042950e+06   1.7333984e+01
   1.2043550e+06   1.8493652e+01
   1.2043950e+06   1.7395020e+01
   1.2044090e+06   1.9775391e+01
   1.2044240e+06   1.6784668e+01
   1.2044570e+06   2.6611328e+01
   1.2046130e+06   2.2888184e+01
   1.2046780e+06   2.4902344e+01
   1.2046930e+06   2.0263672e+01
   1.2049250e+06   1.8310547e+01
   1.2053920e+06   1.7272949e+01
   1.2063210e+06   1.6967773e+01
   1.2063620e+06   1.9714355e+01
   1.2064120e+06   1.8737793e+01
   1.2064510e+06   2.6123047e+01
   1.2069680e+06   1.6479492e+01
   1.2069780e+06   1.7517090e+01
   1.2149990e+06   1.9592285e+01
   1.2152070e+06   2.4597168e+01
   1.2152170e+06   2.2216797e+01
   1.2187220e+06   2.5756836e+01
   1.2188400e+06   1.6357422e+01
   1.2198850e+06   1.7395020e+01
   1.2199760e+06   2.3986816e+01
   1.2200150e+06   1.6235352e+01
   1.2200280e+06   2.0385742e+01
   1.2200630e+06   1.9348145e+01
   1.2201480e+06   2.9418945e+01
   1.2201590e+06   1.7578125e+01
   1.2202540e+06   1.7456055e+01
   1.2285600e+06   2.3315430e+01
   1.2289200e+06   2.0874023e+01
   1.2298690e+06   1.6540527e+01
   1.2352250e+06   2.5512695e+01
   1.2352940e+06   2.2949219e+01
   1.2353480e+06   2.5329590e+01
   1.2354000e+06   1.7578125e+01
   1.2354510e+06   1.6723633e+01
   1.2354850e+06   2.0629883e+01
   1.2355230e+06   2.0263672e+01
   1.2355390e+06   2.1057129e+01
   1.2355580e+06   1.8737793e+01
   1.2355690e+06   1.8493652e+01
   1.2361640e+06   1.7089844e+01
   1.2362720e+06   1.7944336e+01
   1.2366710e+06   1.6418457e+01
   1.2367890e+06   2.1850586e+01
   1.2367990e+06   2.3437500e+01
   1.2369280e+06   1.8737793e+01
   1.2370620e+06   1.7456055e+01
   1.2371450e+06   2.0324707e+01
   1.2371750e+06   1.7028809e+01
   1.2372370e+06   2.4658203e+01
   1.2372650e+06   2.2155762e+01
   1.2378710e+06   1.7333984e+01
   1.2379090e+06   1.6967773e+01
   1.2380750e+06   2.0446777e+01
   1.2381300e+06   2.0568848e+01
   1.2387850e+06   1.8737793e+01
   1.2458660e+06   1.7150879e+01
   1.2461230e+06   2.0019531e+01
   1.2464710e+06   2.4108887e+01
   1.2466260e+06   1.6906738e+01
   1.2467140e+06   1.7150879e+01
   1.2469360e+06   2.6611328e+01
   1.2470560e+06   1.9592285e+01
   1.2569540e+06   2.0812988e+01
   1.2574050e+06   2.0446777e+01
   1.2574400e+06   1.7150879e+01
   1.2575950e+06   1.6723633e+01
   1.2590590e+06   2.1118164e+01
   1.2591430e+06   2.7221680e+01
   1.2592290e+06   1.6723633e+01
   1.2593880e+06   2.0629883e+01
   1.2594360e+06   1.8615723e+01
   1.2595040e+06   1.7395020e+01
   1.2598030e+06   1.8493652e+01
   1.2598610e+06   2.0690918e+01
   1.2601630e+06   1.7028809e+01
   1.2603390e+06   1.7028809e+01
   1.2606870e+06   1.8188477e+01
   1.2608100e+06   2.4353027e+01
   1.2608950e+06   1.6418457e+01
   1.2609120e+06   3.3691406e+01
   1.2609240e+06   2.5634766e+01
   1.2609400e+06   2.9602051e+01
   1.2609610e+06   1.2280273e+02
   1.2609840e+06   3.0944824e+01
   1.2610140e+06   2.1240234e+01
   1.2610410e+06   2.0019531e+01
   1.2610510e+06   3.5339355e+01
   1.2610890e+06   1.9958496e+01
   1.2611020e+06   1.9958496e+01
   1.2611260e+06   2.9418945e+01
   1.2709590e+06   2.0324707e+01
   1.2716750e+06   2.0446777e+01
   1.2758860e+06   1.6174316e+01
   1.2760880e+06   2.0874023e+01
   1.2763520e+06   1.6662598e+01
   1.2763880e+06   1.9531250e+01
   1.2772320e+06   1.8310547e+01
   1.2772900e+06   1.9836426e+01
   1.2773080e+06   1.7822266e+01
   1.2773640e+06   2.1484375e+01
   1.2774150e+06   1.7639160e+01
   1.2775940e+06   2.0324707e+01
   1.2776660e+06   2.4475098e+01
   1.2776950e+06   2.4841309e+01
   1.2846380e+06   2.1301270e+01
   1.2846490e+06   1.7517090e+01
   1.2848500e+06   2.3193359e+01
   1.2851480e+06   1.7028809e+01
   1.2855830e+06   2.4230957e+01
   1.2856410e+06   2.4780273e+01
   1.2857520e+06   2.3986816e+01
   1.2875250e+06   1.6296387e+01
   1.2875860e+06   1.6967773e+01
   1.2876630e+06   1.7395020e+01
   1.2880470e+06   1.7700195e+01
   1.2880910e+06   2.0385742e+01
   1.2882960e+06   2.7160645e+01
   1.2886710e+06   1.8737793e+01
   1.2897660e+06   1.6235352e+01
   1.2897850e+06   1.6662598e+01
   1.2902050e+06   1.9531250e+01
   1.2905200e+06   2.0690918e+01
   1.2905320e+06   1.8981934e+01
   1.2905660e+06   2.0935059e+01
   1.2905870e+06   2.3376465e+01
   1.2951630e+06   2.0080566e+01
   1.2952520e+06   1.7822266e+01
   1.2953410e+06   1.7395020e+01
   1.2957070e+06   2.0874023e+01
   1.3026790e+06   1.9653320e+01
   1.3027680e+06   1.6479492e+01
   1.3030580e+06   2.5207520e+01
   1.3031290e+06   2.3742676e+01
   1.3035520e+06   2.1179199e+01
   1.3038970e+06   2.1606445e+01
   1.3044770e+06   1.9104004e+01
   1.3049010e+06   1.9042969e+01
   1.3049560e+06   2.0629883e+01
   1.3051300e+06   2.6489258e+01
   1.3051530e+06   2.0141602e+01
   1.3053240e+06   1.9042969e+01
   1.3059240e+06   2.0202637e+01
   1.3059680e+06   1.8737793e+01
   1.3060270e+06   1.7883301e+01
   1.3060380e+06   1.6845703e+01
   1.3123700e+06   1.6784668e+01
   1.3126060e+06   1.6174316e+01
   1.3129340e+06   1.7883301e+01
   1.3131490e+06   1.6235352e+01
   1.3133390e+06   1.8981934e+01
   1.3139190e+06   1.6296387e+01
   1.3141870e+06   1.6174316e+01
   1.3144580e+06   1.6357422e+01
   1.3154490e+06   1.9531250e+01
   1.3240830e+06   1.8554688e+01
   1.3246390e+06   1.8737793e+01
   1.3249500e+06   2.2827148e+01
   1.3250490e+06   2.9846191e+01
   1.3254340e+06   1.9531250e+01
   1.3264070e+06   1.9287109e+01
   1.3264310e+06   2.2888184e+01
   1.3264580e+06   3.3203125e+01
   1.3264690e+06   2.5390625e+01
   1.3264820e+06   2.0324707e+01
   1.3264920e+06   1.8615723e+01
   1.3265690e+06   2.9296875e+01
   1.3265920e+06   2.2033691e+01
   1.3386310e+06   2.0446777e+01
   1.3386660e+06   1.9226074e+01
   1.3387580e+06   1.7272949e+01
   1.3389130e+06   2.4963379e+01
   1.3390850e+06   1.7211914e+01
   1.3427630e+06   1.9714355e+01
   1.3428080e+06   1.8676758e+01
   1.3429120e+06   2.3315430e+01
   1.3429660e+06   1.6906738e+01
   1.3429950e+06   1.8493652e+01
   1.3434700e+06   2.3010254e+01
   1.3440440e+06   2.2521973e+01
   1.3441040e+06   2.2155762e+01
   1.3441590e+06   1.9958496e+01
   1.3469600e+06   1.8615723e+01
   1.3472690e+06   2.2583008e+01
   1.3474340e+06   1.7883301e+01
   1.3555320e+06   1.8371582e+01
   1.3555630e+06   1.9409180e+01
   1.3555880e+06   1.7456055e+01
   1.3563780e+06   2.0080566e+01
   1.3564060e+06   1.8127441e+01
   1.3575610e+06   1.6601562e+01
   1.3575880e+06   1.8249512e+01
   1.3576050e+06   1.7822266e+01
   1.3576320e+06   2.5756836e+01
   1.3576500e+06   1.6235352e+01
   1.3576870e+06   1.8188477e+01
   1.3577360e+06   1.8737793e+01
   1.3577860e+06   2.2277832e+01
   1.3580560e+06   2.2460938e+01
   1.3581190e+06   1.8310547e+01
   1.3624280e+06   1.6967773e+01
   1.3624540e+06   1.9531250e+01
   1.3627750e+06   1.7883301e+01
   1.3648850e+06   1.8554688e+01
   1.3653150e+06   2.1972656e+01
   1.3653770e+06   1.6540527e+01
   1.3654090e+06   2.0263672e+01
   1.3654210e+06   1.6845703e+01
   1.3655480e+06   1.6967773e+01
   1.3745200e+06   1.7883301e+01
   1.3746790e+06   1.8554688e+01
   1.3749140e+06   1.8554688e+01
   1.3775540e+06   2.1118164e+01
   1.3775650e+06   2.1789551e+01
   1.3775960e+06   2.3681641e+01
   1.3776190e+06   2.3071289e+01
   1.3776290e+06   2.5451660e+01
   1.3851980e+06   2.0507812e+01
   1.3853940e+06   1.6235352e+01
   1.3855460e+06   1.9958496e+01
   1.3858240e+06   1.7944336e+01
   1.3858480e+06   1.6357422e+01
   1.3935140e+06   2.1484375e+01
   1.3935950e+06   2.2521973e+01
   1.3936180e+06   1.8005371e+01
   1.3937610e+06   2.1179199e+01
   1.3960540e+06   1.7944336e+01
   1.3961090e+06   1.8798828e+01
   1.3988750e+06   2.3010254e+01
   1.3989050e+06   2.1789551e+01
   1.3989340e+06   5.0048828e+01
   1.3989550e+06   2.6550293e+01
   1.3989810e+06   2.6428223e+01
   1.3990140e+06   2.1484375e+01
   1.3990270e+06   1.7333984e+01
   1.3990490e+06   1.6906738e+01
   1.3990810e+06   2.8747559e+01
   1.3990910e+06   1.9653320e+01
   1.3991100e+06   2.5207520e+01
   1.4119250e+06   1.6357422e+01
   1.4125190e+06   2.0141602e+01
   1.4127630e+06   1.8005371e+01
   1.4127870e+06   2.2583008e+01
   1.4128320e+06   1.6296387e+01
   1.4129860e+06   1.9287109e+01
   1.4140820e+06   1.7150879e+01
   1.4150660e+06   2.3254395e+01
   1.4151530e+06   3.1494141e+01
   1.4151740e+06   2.3559570e+01
   1.4152000e+06   1.9226074e+01
   1.4152140e+06   1.9714355e+01
   1.4165620e+06   2.2521973e+01
   1.4165910e+06   3.8452148e+01
   1.4166030e+06   2.6123047e+01
   1.4166340e+06   2.0324707e+01
   1.4166610e+06   3.1799316e+01
   1.4166900e+06   3.0883789e+01
   1.4167140e+06   2.1789551e+01
   1.4167380e+06   1.7578125e+01
   1.4167890e+06   1.6418457e+01
   1.4303000e+06   1.7883301e+01
   1.4304760e+06   1.6845703e+01
   1.4306610e+06   2.4475098e+01
   1.4307470e+06   1.6418457e+01
   1.4345500e+06   1.9409180e+01
   1.4403970e+06   2.0324707e+01
   1.4405830e+06   2.5939941e+01
   1.4406300e+06   1.7761230e+01
   1.4406910e+06   2.5451660e+01
   1.4411050e+06   2.1850586e+01
   1.4414790e+06   1.8188477e+01
   1.4415760e+06   1.6540527e+01
   1.4417090e+06   1.7456055e+01
   1.4419980e+06   1.9775391e+01
   1.4421610e+06   2.4963379e+01
   1.4421840e+06   1.8371582e+01
   1.4421980e+06   2.7770996e+01
   1.4422130e+06   1.8554688e+01
   1.4422280e+06   2.9846191e+01
   1.4422390e+06   3.6071777e+01
   1.4422550e+06   3.3508301e+01
   1.4422840e+06   1.9165039e+01
   1.4423250e+06   2.1301270e+01
   1.4484750e+06   1.6174316e+01
   1.4486320e+06   2.1179199e+01
   1.4487750e+06   2.1606445e+01
   1.4489890e+06   2.4658203e+01
   1.4490650e+06   1.9348145e+01
   1.4586240e+06   1.7883301e+01
   1.4588540e+06   3.2287598e+01
   1.4589200e+06   1.8249512e+01
   1.4592890e+06   2.6916504e+01
   1.4635040e+06   2.3315430e+01
   1.4637310e+06   1.8249512e+01
   1.4638310e+06   2.2338867e+01
   1.4641960e+06   2.0141602e+01
   1.4642780e+06   1.7272949e+01
   1.4644640e+06   2.1911621e+01
   1.4644850e+06   1.9226074e+01
   1.4650300e+06   1.8920898e+01
   1.4651060e+06   1.8737793e+01
   1.4655420e+06   1.9836426e+01
   1.4707820e+06   1.7883301e+01
   1.4709150e+06   2.0507812e+01
   1.4715750e+06   2.5939941e+01
   1.4716390e+06   1.6235352e+01
   1.4716800e+06   1.7456055e+01
   1.4765350e+06   3.8452148e+01
   1.4765970e+06   2.2338867e+01
   1.4791030e+06   1.6418457e+01
   1.4793430e+06   1.9958496e+01
   1.4795220e+06   2.7404785e+01
   1.4797730e+06   1.9470215e+01
   1.4798190e+06   2.0629883e+01
   1.4799430e+06   1.8005371e+01
   1.4810210e+06   1.6479492e+01
   1.4810730e+06   1.6357422e+01
   1.4821890e+06   1.8920898e+01
   1.4822110e+06   1.7089844e+01
   1.4822350e+06   5.1757812e+01
   1.4822470e+06   2.5329590e+01
   1.4822570e+06   1.2713623e+02
   1.4822700e+06   1.9592285e+01
   1.4822980e+06   5.5603027e+01
   1.4823090e+06   4.0466309e+01
   1.4823250e+06   2.6611328e+01
   1.4823440e+06   2.8930664e+01
   1.4823550e+06   3.4606934e+01
   1.4823730e+06   3.2775879e+01
   1.4823990e+06   1.9531250e+01
   1.4824280e+06   2.8015137e+01
   1.4824430e+06   1.7578125e+01
   1.4824630e+06   2.3986816e+01
   1.4825160e+06   1.8798828e+01
   1.4825490e+06   1.7822266e+01
   1.4826030e+06   1.8859863e+01
   1.4959790e+06   1.6601562e+01
   1.4959970e+06   2.9174805e+01
   1.4960630e+06   1.6235352e+01
   1.4961250e+06   2.6367188e+01
   1.4961400e+06   2.1667480e+01
   1.4961820e+06   1.7517090e+01
   1.5067800e+06   2.1545410e+01
   1.5068000e+06   1.7883301e+01
   1.5068530e+06   1.6174316e+01
   1.5068800e+06   2.0080566e+01
   1.5069380e+06   2.1301270e+01
   1.5069830e+06   3.2043457e+01
   1.5117550e+06   1.6967773e+01
   1.5117690e+06   2.3742676e+01
   1.5122720e+06   2.0690918e+01
   1.5162120e+06   1.7761230e+01
   1.5173960e+06   1.7700195e+01
   1.5174160e+06   1.7761230e+01
   1.5174430e+06   1.6906738e+01
   1.5174680e+06   1.9531250e+01
   1.5175390e+06   2.2033691e+01
   1.5175690e+06   2.5146484e+01
   1.5242110e+06   1.8554688e+01
   1.5246440e+06   1.6784668e+01
   1.5247960e+06   2.2460938e+01
   1.5251670e+06   2.2094727e+01
   1.5252800e+06   2.2705078e+01
   1.5252910e+06   2.2644043e+01
   1.5253340e+06   2.3620605e+01
   1.5253450e+06   2.4841309e+01
   1.5253840e+06   1.8615723e+01
   1.5327680e+06   1.7211914e+01
   1.5328170e+06   2.4047852e+01
   1.5328290e+06   2.0080566e+01
   1.5328520e+06   1.6723633e+01
   1.5329240e+06   3.2592773e+01
   1.5329400e+06   2.9418945e+01
   1.5371540e+06   1.6357422e+01
   1.5411020e+06   1.6784668e+01
   1.5411280e+06   1.6662598e+01
   1.5411540e+06   2.0080566e+01
   1.5411760e+06   1.9165039e+01
   1.5412190e+06   1.7578125e+01
   1.5412570e+06   1.8493652e+01
   1.5498710e+06   1.6906738e+01
   1.5500650e+06   1.6967773e+01
   1.5500870e+06   2.3010254e+01
   1.5501000e+06   1.7578125e+01
   1.5502040e+06   1.9165039e+01
   1.5587700e+06   1.6357422e+01
   1.5588610e+06   1.8127441e+01
   1.5588930e+06   2.0751953e+01
   1.5590310e+06   1.7639160e+01
   1.5621710e+06   1.6296387e+01
   1.5622030e+06   2.0568848e+01
   1.5622310e+06   1.7456055e+01
   1.5622850e+06   1.8981934e+01
   1.5622990e+06   2.0385742e+01
   1.5623510e+06   1.6357422e+01
   1.5668060e+06   1.9531250e+01
   1.5668230e+06   1.9714355e+01
   1.5668710e+06   1.7028809e+01
   1.5669680e+06   1.9348145e+01
   1.5669930e+06   1.9042969e+01
   1.5670870e+06   1.8371582e+01
   1.5671320e+06   1.6418457e+01
   1.5762840e+06   2.1484375e+01
   1.5764230e+06   1.7578125e+01
   1.5764370e+06   1.9104004e+01
   1.5765500e+06   1.6479492e+01
   1.5779840e+06   1.7822266e+01
   1.5781090e+06   1.8798828e+01
   1.5830950e+06   1.6906738e+01
   1.5835470e+06   1.7639160e+01
   1.5837860e+06   1.8737793e+01
   1.5842100e+06   1.8920898e+01
   1.5843300e+06   2.0263672e+01
   1.5845970e+06   1.7272949e+01
   1.5847880e+06   1.7028809e+01
   1.5929820e+06   2.6000977e+01
   1.5930890e+06   1.6235352e+01
   1.5931800e+06   1.7028809e+01
   1.5932370e+06   2.6306152e+01
   1.5932760e+06   2.6428223e+01
   1.5990110e+06   2.0751953e+01
   1.5996230e+06   1.8615723e+01
   1.5996580e+06   1.6784668e+01
   1.5997650e+06   1.9592285e+01
   1.5999130e+06   2.6489258e+01
   1.5999800e+06   2.7770996e+01
   1.6000020e+06   1.8981934e+01
   1.6000210e+06   2.0812988e+01
   1.6000390e+06   1.7761230e+01
   1.6018310e+06   1.8615723e+01
   1.6094220e+06   1.7822266e+01
   1.6095180e+06   1.7700195e+01
   1.6096910e+06   1.9104004e+01
   1.6141790e+06   2.5817871e+01
   1.6141930e+06   1.8981934e+01
   1.6142120e+06   6.4758301e+01
   1.6142300e+06   3.1066895e+01
   1.6142450e+06   3.7170410e+01
   1.6142650e+06   2.2827148e+01
   1.6142890e+06   3.6804199e+01
   1.6143130e+06   2.1850586e+01
   1.6143280e+06   3.3447266e+01
   1.6143740e+06   2.1789551e+01
   1.6143920e+06   1.9531250e+01
   1.6144330e+06   1.8859863e+01
   1.6144520e+06   1.9592285e+01
   1.6144660e+06   1.6723633e+01
   1.6144930e+06   1.8737793e+01
   1.6258110e+06   1.7639160e+01
   1.6258430e+06   2.3803711e+01
   1.6258960e+06   2.6794434e+01
   1.6259180e+06   1.9592285e+01
   1.6259300e+06   3.0761719e+01
   1.6259490e+06   1.6967773e+01
   1.6259710e+06   1.9104004e+01
   1.6259980e+06   2.5329590e+01
   1.6260080e+06   2.9907227e+01
   1.6260300e+06   2.8198242e+01
   1.6260620e+06   2.7587891e+01
   1.6261250e+06   2.8198242e+01
   1.6261380e+06   2.4841309e+01
   1.6262010e+06   2.3681641e+01
   1.6383830e+06   2.7038574e+01
   1.6384220e+06   2.2338867e+01
   1.6384430e+06   3.8757324e+01
   1.6384620e+06   1.8798828e+01
   1.6384860e+06   2.6062012e+01
   1.6385180e+06   6.2072754e+01
   1.6385280e+06   2.5207520e+01
   1.6385550e+06   3.4179688e+01
   1.6385690e+06   2.2277832e+01
   1.6385790e+06   3.1921387e+01
   1.6386050e+06   3.5888672e+01
   1.6386150e+06   2.5634766e+01
   1.6386410e+06   1.8432617e+01
   1.6386540e+06   3.1372070e+01
   1.6386760e+06   3.0883789e+01
   1.6387690e+06   1.6845703e+01
   1.6388720e+06   1.8066406e+01
   1.6389230e+06   1.7028809e+01
   1.6390680e+06   1.6723633e+01
   1.6462290e+06   2.1118164e+01
   1.6463650e+06   2.1850586e+01
   1.6463950e+06   1.7395020e+01
   1.6464870e+06   1.8066406e+01
   1.6465850e+06   1.8371582e+01
   1.6466030e+06   2.3620605e+01
   1.6466910e+06   1.8493652e+01
   1.6467170e+06   2.3437500e+01
   1.6468040e+06   1.7578125e+01
   1.6469880e+06   1.7883301e+01
   1.6471230e+06   1.6662598e+01
   1.6474030e+06   1.8066406e+01
   1.6476340e+06   2.1911621e+01
   1.6501630e+06   1.7883301e+01
   1.6502790e+06   2.4780273e+01
   1.6502910e+06   1.6784668e+01
   1.6503270e+06   1.8676758e+01
   1.6503460e+06   1.9775391e+01
   1.6503850e+06   1.9165039e+01
   1.6504490e+06   1.7883301e+01
   1.6535700e+06   2.1972656e+01
   1.6536210e+06   2.2827148e+01
   1.6536480e+06   2.1362305e+01
   1.6536700e+06   1.6967773e+01
   1.6536910e+06   2.0935059e+01
   1.6537160e+06   2.0751953e+01
   1.6537370e+06   1.6601562e+01
   1.6537550e+06   4.0405273e+01
   1.6537670e+06   3.0761719e+01
   1.6537830e+06   1.8615723e+01
   1.6538000e+06   2.0935059e+01
   1.6538530e+06   1.9531250e+01
   1.6575410e+06   1.7211914e+01
   1.6575820e+06   1.8249512e+01
   1.6575980e+06   1.8371582e+01
   1.6576120e+06   2.2644043e+01
   1.6576320e+06   3.7292480e+01
   1.6576520e+06   3.0395508e+01
   1.6576660e+06   2.2094727e+01
   1.6576770e+06   3.5034180e+01
   1.6577030e+06   3.3752441e+01
   1.6577170e+06   3.0090332e+01
   1.6577280e+06   1.6479492e+01
   1.6577450e+06   1.5234375e+02
   1.6577620e+06   3.6804199e+01
   1.6577900e+06   1.2792969e+02
   1.6578130e+06   2.4902344e+01
   1.6578250e+06   1.9531250e+01
   1.6578460e+06   3.1677246e+01
   1.6578770e+06   2.9724121e+01
   1.6578940e+06   2.2460938e+01
   1.6579240e+06   2.1911621e+01
   1.6579390e+06   1.9775391e+01
   1.6579490e+06   1.8798828e+01
   1.6579880e+06   3.4606934e+01
   1.6581090e+06   2.0568848e+01
   1.6643890e+06   2.0385742e+01
   1.6644800e+06   1.9470215e+01
   1.6645330e+06   1.9226074e+01
   1.6646180e+06   2.0690918e+01
   1.6646340e+06   1.6296387e+01
   1.6646470e+06   1.6662598e+01
   1.6647050e+06   2.0507812e+01
   1.6647170e+06   1.7028809e+01
   1.6647300e+06   2.8869629e+01
   1.6647590e+06   1.6784668e+01
   1.6648390e+06   2.0568848e+01
   1.6648500e+06   1.9348145e+01
   1.6648970e+06   1.7944336e+01
   1.6649360e+06   1.8737793e+01
   1.6649790e+06   2.9235840e+01
   1.6650040e+06   1.6357422e+01
   1.6651150e+06   1.8981934e+01
   1.6651320e+06   2.1789551e+01
   1.6651690e+06   2.5817871e+01
   1.6652210e+06   1.8615723e+01
   1.6654830e+06   1.7272949e+01
   1.6695870e+06   2.0568848e+01
   1.6696160e+06   1.6418457e+01
   1.6696420e+06   1.8432617e+01
   1.6696720e+06   6.0668945e+01
   1.6696850e+06   4.6447754e+01
   1.6697200e+06   1.5429688e+02
   1.6697420e+06   3.7170410e+01
   1.6697600e+06   1.0534668e+02
   1.6697730e+06   6.3781738e+01
   1.6697900e+06   8.6120605e+01
   1.6698070e+06   3.4301758e+01
   1.6698180e+06   6.2011719e+01
   1.6698460e+06   8.3923340e+01
   1.6698660e+06   2.0446777e+01
   1.6698850e+06   7.4096680e+01
   1.6699050e+06   2.8503418e+01
   1.6699210e+06   6.8298340e+01
   1.6699430e+06   2.4169922e+01
   1.6699780e+06   6.7871094e+01
   1.6699890e+06   1.7883301e+01
   1.6700170e+06   7.2448730e+01
   1.6700390e+06   2.3620605e+01
   1.6700750e+06   7.7819824e+01
   1.6701030e+06   3.4057617e+01
   1.6701370e+06   8.5021973e+01
   1.6701970e+06   7.8308105e+01
   1.6702080e+06   1.9653320e+01
   1.6702500e+06   1.6296387e+01
   1.6702600e+06   7.1105957e+01
   1.6703020e+06   2.2583008e+01
   1.6703320e+06   7.2143555e+01
   1.6703570e+06   1.6723633e+01
   1.6703800e+06   2.0874023e+01
   1.6705110e+06   1.6357422e+01
   1.6705420e+06   1.7456055e+01
   1.6723040e+06   1.7761230e+01
   1.6731210e+06   1.6662598e+01
   1.6744130e+06   2.6062012e+01
   1.6748320e+06   1.9042969e+01
   1.6748850e+06   2.2033691e+01
   1.6749840e+06   2.8015137e+01
   1.6750450e+06   1.8127441e+01
   1.6750800e+06   1.8127441e+01
   1.6751010e+06   1.8066406e+01
   1.6751200e+06   2.0690918e+01
   1.6751340e+06   1.6296387e+01
   1.6751560e+06   1.9653320e+01
   1.6751910e+06   2.0141602e+01
   1.6752160e+06   3.1005859e+01
   1.6752690e+06   4.3945312e+01
   1.6752840e+06   2.5268555e+01
   1.6753010e+06   2.3742676e+01
   1.6753220e+06   2.0874023e+01
   1.6753550e+06   2.1362305e+01
   1.6753750e+06   4.1503906e+01
   1.6753990e+06   2.1606445e+01
   1.6754400e+06   1.6296387e+01
   1.6754530e+06   2.3803711e+01
   1.6755000e+06   1.6174316e+01
   1.6755160e+06   2.1606445e+01
   1.6755480e+06   2.2033691e+01
   1.6755800e+06   1.6662598e+01
   1.6756560e+06   2.0385742e+01
   1.6756720e+06   1.6357422e+01
   1.6756870e+06   2.9418945e+01
   1.6757350e+06   1.9165039e+01
   1.6757610e+06   1.9531250e+01
   1.6758300e+06   1.8798828e+01
   1.6758590e+06   1.6967773e+01
   1.6771330e+06   2.0263672e+01
   1.6774820e+06   1.8432617e+01
   1.6788230e+06   1.7578125e+01
   1.6790370e+06   2.0446777e+01
   1.6791390e+06   1.7395020e+01
   1.6805260e+06   1.7639160e+01
   1.6806660e+06   1.7639160e+01
   1.6806930e+06   1.7028809e+01
   1.6821560e+06   1.8432617e+01
   1.6822690e+06   1.8859863e+01
   1.6823680e+06   1.7578125e+01
   1.6824780e+06   1.7028809e+01
   1.6825760e+06   2.3193359e+01
   1.6826940e+06   2.0263672e+01
   1.6827760e+06   2.3010254e+01
   1.6828060e+06   1.7700195e+01
   1.6846770e+06   2.0812988e+01
   1.6847080e+06   2.1972656e+01
   1.6847180e+06   1.9226074e+01
   1.6847420e+06   1.7639160e+01
   1.6847710e+06   1.8249512e+01
   1.6848050e+06   2.7587891e+01
   1.6848290e+06   3.4423828e+01
   1.6848470e+06   2.1057129e+01
   1.6848700e+06   4.7851562e+01
   1.6848820e+06   3.5278320e+01
   1.6848940e+06   3.2775879e+01
   1.6849060e+06   2.7343750e+01
   1.6849360e+06   2.2766113e+01
   1.6849580e+06   1.9714355e+01
   1.6877240e+06   1.8554688e+01
   1.6878580e+06   2.0690918e+01
   1.6878740e+06   1.6662598e+01
   1.6879860e+06   1.7700195e+01
   1.6881840e+06   1.8554688e+01
   1.6884240e+06   1.6845703e+01
   1.6885680e+06   1.6540527e+01
   1.6893500e+06   1.6662598e+01
   1.6893870e+06   2.2460938e+01
   1.6893990e+06   1.9348145e+01
   1.6894240e+06   2.3864746e+01
   1.6894480e+06   3.1250000e+01
   1.6894620e+06   1.3159180e+02
   1.6894900e+06   2.8259277e+01
   1.6895190e+06   2.7160645e+01
   1.6895290e+06   9.7045898e+01
   1.6895670e+06   4.5104980e+01
   1.6895820e+06   1.2933350e+02
   1.6896080e+06   5.9753418e+01
   1.6896270e+06   1.8554688e+01
   1.6896480e+06   6.8359375e+01
   1.6896820e+06   6.5734863e+01
   1.6897120e+06   3.2348633e+01
   1.6897240e+06   6.1706543e+01
   1.6897610e+06   5.0231934e+01
   1.6897730e+06   1.6174316e+01
   1.6898100e+06   6.0485840e+01
   1.6898300e+06   2.2033691e+01
   1.6898490e+06   2.4230957e+01
   1.6898700e+06   8.7280273e+01
   1.6899010e+06   1.7333984e+01
   1.6899360e+06   7.4829102e+01
   1.6899530e+06   2.1606445e+01
   1.6899920e+06   2.3437500e+01
   1.6900030e+06   7.3791504e+01
   1.6900330e+06   2.3193359e+01
   1.6900910e+06   1.8249512e+01
   1.6901250e+06   1.7944336e+01
   1.6901360e+06   8.7646484e+01
   1.6901650e+06   2.0690918e+01
   1.6901840e+06   2.0751953e+01
   1.6902640e+06   1.8554688e+01
   1.6927610e+06   1.7883301e+01
   1.6940220e+06   2.0324707e+01
   1.6941450e+06   2.1423340e+01
   1.6942780e+06   2.4841309e+01
   1.6944500e+06   1.7028809e+01
   1.6946260e+06   1.7822266e+01
   1.6947520e+06   2.5756836e+01
   1.6951610e+06   1.6296387e+01
   1.6953500e+06   1.7089844e+01
   1.6964430e+06   1.6418457e+01
   1.6975510e+06   2.0507812e+01
   1.6975610e+06   1.8615723e+01
   1.6976000e+06   1.8798828e+01
   1.6976170e+06   1.9592285e+01
   1.6976310e+06   3.3508301e+01
   1.6976440e+06   1.8127441e+01
   1.6976660e+06   2.8259277e+01
   1.6976810e+06   1.9042969e+01
   1.6977200e+06   1.7456055e+01
   1.6977460e+06   2.8259277e+01
   1.6977610e+06   2.0324707e+01
   1.6978930e+06   1.7456055e+01
   1.7000650e+06   1.7395020e+01
   1.7001380e+06   2.1118164e+01
   1.7001740e+06   4.0405273e+01
   1.7001880e+06   2.0019531e+01
   1.7002060e+06   2.7770996e+01
   1.7002200e+06   2.8137207e+01
   1.7002490e+06   2.5085449e+01
   1.7002590e+06   2.1423340e+01
   1.7002780e+06   1.2677002e+02
   1.7003000e+06   2.3071289e+01
   1.7003330e+06   2.2827148e+01
   1.7003550e+06   1.7395020e+01
   1.7034420e+06   1.7578125e+01
   1.7034860e+06   2.0080566e+01
   1.7035200e+06   2.6916504e+01
   1.7035470e+06   4.5410156e+01
   1.7035660e+06   2.4780273e+01
   1.7035840e+06   3.8269043e+01
   1.7036030e+06   1.2072754e+02
   1.7036210e+06   5.9326172e+01
   1.7036380e+06   2.8747559e+01
   1.7036600e+06   1.2426758e+02
   1.7036840e+06   5.7739258e+01
   1.7037010e+06   9.2468262e+01
   1.7037180e+06   2.4536133e+01
   1.7037340e+06   8.2885742e+01
   1.7037460e+06   3.8452148e+01
   1.7037650e+06   4.5654297e+01
   1.7037960e+06   4.6997070e+01
   1.7038240e+06   3.3264160e+01
   1.7038370e+06   2.4230957e+01
   1.7038580e+06   2.5329590e+01
   1.7038760e+06   2.6489258e+01
   1.7039240e+06   2.0690918e+01
   1.7039550e+06   6.9580078e+01
   1.7039680e+06   2.6428223e+01
   1.7039970e+06   1.8066406e+01
   1.7040290e+06   7.2814941e+01
   1.7040400e+06   2.1484375e+01
   1.7040920e+06   7.4279785e+01
   1.7041160e+06   1.9409180e+01
   1.7041360e+06   2.2277832e+01
   1.7041740e+06   1.8493652e+01
   1.7042290e+06   7.9833984e+01
   1.7043040e+06   1.6174316e+01
   1.7043530e+06   1.6601562e+01
   1.7043760e+06   1.7395020e+01
   1.7043940e+06   1.8127441e+01
   1.7079920e+06   1.8554688e+01
   1.7080650e+06   2.2033691e+01
   1.7081120e+06   1.9531250e+01
   1.7082870e+06   2.2705078e+01
   1.7083060e+06   2.3010254e+01
   1.7083360e+06   2.0202637e+01
   1.7083510e+06   2.5573730e+01
   1.7083730e+06   1.7944336e+01
   1.7085250e+06   2.0446777e+01
   1.7085550e+06   1.6723633e+01
   1.7086850e+06   2.4719238e+01
   1.7087810e+06   1.8432617e+01
   1.7090680e+06   1.8371582e+01
   1.7092540e+06   1.8920898e+01
   1.7116270e+06   1.8005371e+01
   1.7116910e+06   3.4484863e+01
   1.7117180e+06   2.8442383e+01
   1.7117480e+06   2.5512695e+01
   1.7117680e+06   1.4404297e+02
   1.7117990e+06   6.7199707e+01
   1.7118100e+06   3.2226562e+01
   1.7118220e+06   1.2017822e+02
   1.7118500e+06   1.9897461e+01
   1.7118740e+06   2.7099609e+01
   1.7119040e+06   2.5634766e+01
   1.7119140e+06   2.4963379e+01
   1.7119280e+06   4.9743652e+01
   1.7119540e+06   2.8259277e+01
   1.7119800e+06   2.3742676e+01
   1.7119970e+06   2.8381348e+01
   1.7120270e+06   2.6794434e+01
   1.7120700e+06   1.6540527e+01
   1.7159320e+06   1.6174316e+01
   1.7159760e+06   2.3315430e+01
   1.7159890e+06   2.4475098e+01
   1.7160160e+06   4.3579102e+01
   1.7160420e+06   2.6916504e+01
   1.7160560e+06   2.2216797e+01
   1.7160660e+06   2.0202637e+01
   1.7160770e+06   1.8859863e+01
   1.7161190e+06   1.8676758e+01
   1.7161400e+06   1.8310547e+01
   1.7161520e+06   2.0996094e+01
   1.7161670e+06   2.8991699e+01
   1.7161810e+06   1.2261963e+02
   1.7162050e+06   2.5573730e+01
   1.7162430e+06   1.7456055e+01
   1.7162770e+06   2.4414063e+01
   1.7163080e+06   2.4902344e+01
   1.7188990e+06   1.6296387e+01
   1.7189420e+06   1.7150879e+01
   1.7189540e+06   3.2531738e+01
   1.7189650e+06   1.8554688e+01
   1.7189800e+06   1.3360596e+02
   1.7190020e+06   5.3161621e+01
   1.7190130e+06   4.8583984e+01
   1.7190380e+06   4.3945312e+01
   1.7190540e+06   5.8898926e+01
   1.7190650e+06   4.7180176e+01
   1.7190840e+06   5.7128906e+01
   1.7190970e+06   8.1115723e+01
   1.7191180e+06   3.9306641e+01
   1.7191320e+06   4.8095703e+01
   1.7191650e+06   2.9235840e+01
   1.7191890e+06   2.3498535e+01
   1.7192030e+06   2.9785156e+01
   1.7192400e+06   1.9287109e+01
   1.7192580e+06   3.3935547e+01
   1.7192760e+06   3.6926270e+01
   1.7192900e+06   2.0751953e+01
   1.7193250e+06   1.9226074e+01
   1.7193500e+06   1.6357422e+01
   1.7193660e+06   2.3742676e+01
   1.7193870e+06   3.2165527e+01
   1.7194170e+06   2.0874023e+01
   1.7194390e+06   4.1625977e+01
   1.7194590e+06   3.7475586e+01
   1.7194740e+06   1.9470215e+01
   1.7195080e+06   1.6906738e+01
   1.7195340e+06   2.3498535e+01
   1.7195480e+06   2.2705078e+01
   1.7195970e+06   1.7028809e+01
   1.7196200e+06   2.5085449e+01
   1.7196460e+06   2.1545410e+01
   1.7197070e+06   7.6721191e+01
   1.7199190e+06   1.7211914e+01
   1.7207380e+06   1.6723633e+01
   1.7239180e+06   2.1423340e+01
   1.7240640e+06   3.8513184e+01
   1.7240910e+06   2.8625488e+01
   1.7241240e+06   2.0812988e+01
   1.7241450e+06   1.1737061e+02
   1.7241770e+06   2.8259277e+01
   1.7242210e+06   2.7343750e+01
   1.7242340e+06   2.4047852e+01
   1.7242660e+06   1.8005371e+01
   1.7243080e+06   1.8188477e+01
   1.7243340e+06   1.7211914e+01
   1.7243490e+06   2.8991699e+01
   1.7267440e+06   1.6601562e+01
   1.7267720e+06   3.0456543e+01
   1.7267910e+06   1.8981934e+01
   1.7268010e+06   2.4658203e+01
   1.7268260e+06   5.6030273e+01
   1.7268560e+06   4.5898438e+01
   1.7268670e+06   8.0139160e+01
   1.7268900e+06   4.2175293e+01
   1.7269170e+06   9.1064453e+01
   1.7269290e+06   4.1076660e+01
   1.7269600e+06   7.7453613e+01
   1.7269770e+06   3.2897949e+01
   1.7269980e+06   3.3691406e+01
   1.7270230e+06   1.9531250e+01
   1.7270400e+06   2.1545410e+01
   1.7270580e+06   3.2897949e+01
   1.7270710e+06   1.8310547e+01
   1.7270930e+06   1.9042969e+01
   1.7271160e+06   4.4067383e+01
   1.7271420e+06   2.1789551e+01
   1.7271570e+06   2.5878906e+01
   1.7271890e+06   2.6855469e+01
   1.7272110e+06   1.7578125e+01
   1.7272460e+06   2.1606445e+01
   1.7273120e+06   1.6357422e+01
   1.7273490e+06   2.0019531e+01
   1.7273710e+06   2.7709961e+01
   1.7274430e+06   1.6296387e+01
   1.7275480e+06   2.1301270e+01
   1.7314780e+06   1.6601562e+01
   1.7315480e+06   2.8625488e+01
   1.7315640e+06   9.9731445e+01
   1.7315880e+06   2.4963379e+01
   1.7316010e+06   2.2705078e+01
   1.7316230e+06   2.2949219e+01
   1.7316330e+06   2.5207520e+01
   1.7316620e+06   3.6193848e+01
   1.7316850e+06   2.5390625e+01
   1.7317780e+06   1.8249512e+01
   1.7317900e+06   1.7150879e+01
   1.7318330e+06   1.6845703e+01
   1.7318550e+06   2.4597168e+01
   1.7342010e+06   1.6174316e+01
   1.7342260e+06   2.4414062e+01
   1.7342550e+06   1.2646484e+02
   1.7342670e+06   2.7526855e+01
   1.7342800e+06   6.8420410e+01
   1.7342940e+06   2.8808594e+01
   1.7343160e+06   1.3342285e+02
   1.7343330e+06   6.9946289e+01
   1.7343650e+06   7.3486328e+01
   1.7343760e+06   4.1748047e+01
   1.7343890e+06   3.4606934e+01
   1.7344110e+06   6.0424805e+01
   1.7344390e+06   4.1564941e+01
   1.7344560e+06   3.7902832e+01
   1.7344840e+06   1.8310547e+01
   1.7345030e+06   1.8859863e+01
   1.7345270e+06   2.5817871e+01
   1.7345590e+06   1.6540527e+01
   1.7345750e+06   1.9531250e+01
   1.7345970e+06   1.7578125e+01
   1.7346230e+06   2.1423340e+01
   1.7346390e+06   1.7944336e+01
   1.7346720e+06   1.7456055e+01
   1.7346960e+06   2.0874023e+01
   1.7347130e+06   1.9042969e+01
   1.7347240e+06   2.5085449e+01
   1.7348080e+06   1.9714355e+01
   1.7348240e+06   2.3620605e+01
   1.7354120e+06   1.6906738e+01
   1.7390090e+06   2.3315430e+01
   1.7390370e+06   2.3559570e+01
   1.7390470e+06   1.0498047e+02
   1.7390860e+06   3.6315918e+01
   1.7391060e+06   3.6926270e+01
   1.7391270e+06   2.7832031e+01
   1.7391380e+06   1.1645508e+02
   1.7391560e+06   4.1870117e+01
   1.7391810e+06   2.0446777e+01
   1.7392040e+06   2.0385742e+01
   1.7392180e+06   1.7700195e+01
   1.7392280e+06   2.3315430e+01
   1.7392700e+06   3.2348633e+01
   1.7392820e+06   2.9541016e+01
   1.7428580e+06   1.8310547e+01
   1.7428860e+06   2.4719238e+01
   1.7429280e+06   4.5532227e+01
   1.7429500e+06   1.0955811e+02
   1.7429780e+06   5.7800293e+01
   1.7429960e+06   9.1857910e+01
   1.7430200e+06   4.9072266e+01
   1.7430410e+06   4.8095703e+01
   1.7430590e+06   3.8085938e+01
   1.7430770e+06   4.6447754e+01
   1.7430870e+06   4.3945312e+01
   1.7431160e+06   2.1850586e+01
   1.7431360e+06   3.2104492e+01
   1.7431630e+06   1.8920898e+01
   1.7431730e+06   1.6540527e+01
   1.7432190e+06   2.3010254e+01
   1.7432300e+06   2.5024414e+01
   1.7432440e+06   1.9958496e+01
   1.7432910e+06   2.2399902e+01
   1.7433310e+06   6.7382812e+01
   1.7433560e+06   3.3935547e+01
   1.7433670e+06   2.3193359e+01
   1.7434400e+06   1.7272949e+01
   1.7434980e+06   1.7456055e+01
   1.7435090e+06   2.1118164e+01
   1.7435440e+06   2.4658203e+01
   1.7435970e+06   8.0200195e+01
   1.7436210e+06   1.7272949e+01
   1.7437070e+06   1.6357422e+01
   1.7449610e+06   1.8249512e+01
   1.7469300e+06   1.8127441e+01
   1.7469940e+06   1.6540527e+01
   1.7470160e+06   2.5390625e+01
   1.7470350e+06   3.3691406e+01
   1.7470610e+06   1.7578125e+01
   1.7470900e+06   1.8981934e+01
   1.7471640e+06   1.7822266e+01
   1.7471820e+06   2.2460937e+01
   1.7472570e+06   1.6540527e+01
   1.7472680e+06   9.4543457e+01
   1.7472920e+06   1.6723633e+01
   1.7500150e+06   1.9226074e+01
   1.7500390e+06   1.9470215e+01
   1.7500490e+06   5.1452637e+01
   1.7500760e+06   6.4941406e+01
   1.7500890e+06   2.0202637e+01
   1.7500990e+06   9.0881348e+01
   1.7501170e+06   4.6875000e+01
   1.7501430e+06   5.1452637e+01
   1.7501590e+06   2.5573730e+01
   1.7501780e+06   2.8564453e+01
   1.7501940e+06   2.1362305e+01
   1.7502130e+06   3.4667969e+01
   1.7502480e+06   3.0517578e+01
   1.7502780e+06   4.2907715e+01
   1.7503000e+06   2.0874023e+01
   1.7503230e+06   2.8808594e+01
   1.7503400e+06   3.5339355e+01
   1.7503500e+06   1.8127441e+01
   1.7503740e+06   2.4230957e+01
   1.7503970e+06   5.4809570e+01
   1.7504300e+06   2.0812988e+01
   1.7504640e+06   6.0913086e+01
   1.7504770e+06   2.5390625e+01
   1.7504910e+06   3.5583496e+01
   1.7505280e+06   2.5817871e+01
   1.7505590e+06   2.4475098e+01
   1.7505990e+06   1.7395020e+01
   1.7506200e+06   3.0029297e+01
   1.7543790e+06   1.7211914e+01
   1.7544180e+06   2.0385742e+01
   1.7544450e+06   3.4362793e+01
   1.7544620e+06   1.0449219e+02
   1.7544800e+06   2.8564453e+01
   1.7544920e+06   3.3935547e+01
   1.7545200e+06   2.2155762e+01
   1.7545400e+06   2.6672363e+01
   1.7545650e+06   2.7465820e+01
   1.7546280e+06   2.1423340e+01
   1.7546390e+06   3.7719727e+01
   1.7546730e+06   1.9653320e+01
   1.7546900e+06   2.0568848e+01
   1.7547290e+06   1.8371582e+01
   1.7547810e+06   1.8798828e+01
   1.7548690e+06   1.7395020e+01
   1.7585190e+06   2.2399902e+01
   1.7585740e+06   2.5573730e+01
   1.7585870e+06   1.1413574e+02
   1.7586110e+06   3.2409668e+01
   1.7586240e+06   5.9143066e+01
   1.7586470e+06   9.7290039e+01
   1.7586740e+06   5.5114746e+01
   1.7586940e+06   7.3669434e+01
   1.7587160e+06   7.6110840e+01
   1.7587310e+06   3.6926270e+01
   1.7587420e+06   2.6855469e+01
   1.7587650e+06   2.8808594e+01
   1.7587830e+06   2.7160645e+01
   1.7588090e+06   1.7028809e+01
   1.7588400e+06   2.5390625e+01
   1.7588940e+06   1.8005371e+01
   1.7589090e+06   3.0273437e+01
   1.7589320e+06   1.9104004e+01
   1.7589660e+06   1.9470215e+01
   1.7589760e+06   2.1545410e+01
   1.7590520e+06   1.8859863e+01
   1.7591250e+06   2.1606445e+01
   1.7591500e+06   5.0598145e+01
   1.7592350e+06   2.2155762e+01
   1.7592710e+06   1.7639160e+01
   1.7593900e+06   1.6357422e+01
   1.7629420e+06   1.8371582e+01
   1.7629740e+06   3.2531738e+01
   1.7629880e+06   3.0090332e+01
   1.7630050e+06   1.0845947e+02
   1.7630340e+06   2.5939941e+01
   1.7630650e+06   2.1118164e+01
   1.7630990e+06   2.5207520e+01
   1.7631180e+06   4.3090820e+01
   1.7631410e+06   2.3132324e+01
   1.7631860e+06   2.0202637e+01
   1.7632260e+06   1.6296387e+01
   1.7632420e+06   1.9531250e+01
   1.7665880e+06   1.7150879e+01
   1.7666280e+06   1.0186768e+02
   1.7666510e+06   8.0139160e+01
   1.7666720e+06   1.0021973e+02
   1.7666980e+06   7.4279785e+01
   1.7667100e+06   6.2561035e+01
   1.7667380e+06   2.9663086e+01
   1.7667480e+06   3.6682129e+01
   1.7667730e+06   1.9348145e+01
   1.7668040e+06   2.0629883e+01
   1.7668310e+06   3.2775879e+01
   1.7668670e+06   2.0996094e+01
   1.7668790e+06   2.2460938e+01
   1.7669070e+06   1.9042969e+01
   1.7669350e+06   1.6662598e+01
   1.7669450e+06   3.5217285e+01
   1.7669740e+06   3.4301758e+01
   1.7669890e+06   2.6000977e+01
   1.7670110e+06   4.5837402e+01
   1.7670230e+06   2.3315430e+01
   1.7670660e+06   2.5939941e+01
   1.7670790e+06   2.6306152e+01
   1.7670980e+06   2.8320312e+01
   1.7671410e+06   5.9631348e+01
   1.7671780e+06   1.6235352e+01
   1.7672060e+06   5.5725098e+01
   1.7672560e+06   1.7822266e+01
   1.7672750e+06   2.4291992e+01
   1.7672980e+06   1.9226074e+01
   1.7673100e+06   2.1301270e+01
   1.7713950e+06   1.9104004e+01
   1.7714100e+06   1.1865234e+02
   1.7714380e+06   5.4382324e+01
   1.7714520e+06   3.8696289e+01
   1.7714630e+06   1.0296631e+02
   1.7714840e+06   3.8330078e+01
   1.7715010e+06   5.7983398e+01
   1.7715230e+06   6.6040039e+01
   1.7715460e+06   3.9611816e+01
   1.7715600e+06   2.6489258e+01
   1.7715790e+06   3.1494141e+01
   1.7715970e+06   2.4963379e+01
   1.7716150e+06   1.6418457e+01
   1.7716490e+06   1.6662598e+01
   1.7716630e+06   2.0996094e+01
   1.7717040e+06   1.8798828e+01
   1.7765340e+06   1.9287109e+01
   1.7765440e+06   8.5388184e+01
   1.7765650e+06   6.1950684e+01
   1.7765850e+06   9.9243164e+01
   1.7766060e+06   6.8847656e+01
   1.7766160e+06   2.6306152e+01
   1.7766280e+06   4.2358398e+01
   1.7766570e+06   3.9733887e+01
   1.7766670e+06   6.7565918e+01
   1.7767030e+06   2.0141602e+01
   1.7767220e+06   4.4738770e+01
   1.7767480e+06   3.2775879e+01
   1.7767580e+06   2.9968262e+01
   1.7767780e+06   2.1423340e+01
   1.7767920e+06   2.4047852e+01
   1.7768130e+06   2.0812988e+01
   1.7768440e+06   2.4353027e+01
   1.7768550e+06   1.8615723e+01
   1.7768760e+06   2.3254395e+01
   1.7769060e+06   3.6132812e+01
   1.7769230e+06   1.8493652e+01
   1.7769540e+06   3.7353516e+01
   1.7769720e+06   1.9409180e+01
   1.7770050e+06   5.2001953e+01
   1.7770360e+06   3.0456543e+01
   1.7770610e+06   1.8554688e+01
   1.7770890e+06   1.6906738e+01
   1.7771310e+06   5.5236816e+01
   1.7773420e+06   2.0141602e+01
   1.7819250e+06   1.6784668e+01
   1.7819430e+06   1.3598633e+02
   1.7819630e+06   7.2143555e+01
   1.7819810e+06   3.6621094e+01
   1.7819930e+06   4.1076660e+01
   1.7820130e+06   6.7138672e+01
   1.7820370e+06   8.6486816e+01
   1.7820580e+06   3.8208008e+01
   1.7820710e+06   6.2683105e+01
   1.7820900e+06   2.2521973e+01
   1.7821010e+06   2.5878906e+01
   1.7821190e+06   1.9226074e+01
   1.7821490e+06   2.3742676e+01
   1.7821590e+06   2.7954102e+01
   1.7821800e+06   1.7272949e+01
   1.7822130e+06   1.8371582e+01
   1.7822250e+06   2.4291992e+01
   1.7823020e+06   2.0690918e+01
   1.7823340e+06   2.7038574e+01
   1.7823570e+06   1.6723633e+01
   1.7823910e+06   2.4902344e+01
   1.7824450e+06   2.1362305e+01
   1.7826270e+06   2.0202637e+01
   1.7882290e+06   1.6540527e+01
   1.7882480e+06   4.6569824e+01
   1.7882630e+06   6.5979004e+01
   1.7882780e+06   1.0174561e+02
   1.7883070e+06   7.0800781e+01
   1.7883210e+06   6.8115234e+01
   1.7883440e+06   3.4545898e+01
   1.7883690e+06   6.1096191e+01
   1.7883930e+06   2.6489258e+01
   1.7884120e+06   3.2836914e+01
   1.7884330e+06   2.9602051e+01
   1.7884480e+06   2.0629883e+01
   1.7884620e+06   1.7822266e+01
   1.7884920e+06   1.7944336e+01
   1.7885200e+06   1.9470215e+01
   1.7885580e+06   2.2155762e+01
   1.7885760e+06   2.1606445e+01
   1.7886190e+06   4.8339844e+01
   1.7886470e+06   2.4414062e+01
   1.7886690e+06   2.0568848e+01
   1.7887070e+06   3.5949707e+01
   1.7887200e+06   3.2531738e+01
   1.7887580e+06   5.7189941e+01
   1.7888630e+06   1.8859863e+01
   1.7888730e+06   1.7700195e+01
   1.7894260e+06   1.7028809e+01
   1.7931310e+06   1.9287109e+01
   1.7931600e+06   1.7333984e+01
   1.7931720e+06   1.0980225e+02
   1.7931930e+06   2.8808594e+01
   1.7932120e+06   6.5063477e+01
   1.7932290e+06   2.8015137e+01
   1.7932490e+06   9.5581055e+01
   1.7932620e+06   4.1992188e+01
   1.7932870e+06   1.7456055e+01
   1.7933170e+06   1.7272949e+01
   1.7933440e+06   3.4179688e+01
   1.7933650e+06   2.2216797e+01
   1.7934300e+06   2.1667480e+01
   1.7934510e+06   1.8310547e+01
   1.7982050e+06   1.6723633e+01
   1.7982310e+06   9.5703125e+01
   1.7982490e+06   1.0729980e+02
   1.7982660e+06   7.3913574e+01
   1.7982920e+06   8.7097168e+01
   1.7983090e+06   4.3212891e+01
   1.7983200e+06   3.6376953e+01
   1.7983450e+06   6.9824219e+01
   1.7983810e+06   3.5888672e+01
   1.7984020e+06   1.9042969e+01
   1.7984280e+06   3.4118652e+01
   1.7984530e+06   2.2521973e+01
   1.7984750e+06   1.7395020e+01
   1.7984890e+06   2.6306152e+01
   1.7985140e+06   3.3447266e+01
   1.7985430e+06   1.6784668e+01
   1.7985630e+06   1.7761230e+01
   1.7985920e+06   3.4179688e+01
   1.7986040e+06   5.2978516e+01
   1.7986480e+06   1.7150879e+01
   1.7986640e+06   5.7739258e+01
   1.7986920e+06   2.0690918e+01
   1.7987550e+06   5.4138184e+01
   1.7987890e+06   2.5390625e+01
   1.7988650e+06   6.3415527e+01
   1.7989380e+06   1.6662598e+01
   1.8049650e+06   2.2155762e+01
   1.8049770e+06   1.1840820e+02
   1.8050010e+06   6.5002441e+01
   1.8050110e+06   3.1433105e+01
   1.8050270e+06   8.2153320e+01
   1.8050440e+06   8.7768555e+01
   1.8050550e+06   5.7250977e+01
   1.8050730e+06   4.3518066e+01
   1.8050880e+06   1.8981934e+01
   1.8051090e+06   8.7890625e+01
   1.8051200e+06   2.4414062e+01
   1.8051320e+06   3.3996582e+01
   1.8051620e+06   2.1179199e+01
   1.8051950e+06   3.2104492e+01
   1.8052070e+06   2.4108887e+01
   1.8052330e+06   2.3925781e+01
   1.8052510e+06   2.1057129e+01
   1.8052720e+06   1.9958496e+01
   1.8052930e+06   2.1118164e+01
   1.8053100e+06   4.3334961e+01
   1.8053340e+06   1.6357422e+01
   1.8053440e+06   2.3010254e+01
   1.8053780e+06   2.0568848e+01
   1.8053940e+06   2.0812988e+01
   1.8054150e+06   2.3315430e+01
   1.8054310e+06   1.7395020e+01
   1.8054810e+06   1.9531250e+01
   1.8055440e+06   1.7883301e+01
   1.8055600e+06   6.5063477e+01
   1.8055780e+06   1.6723633e+01
   1.8056080e+06   2.1667480e+01
   1.8056300e+06   2.0507812e+01
   1.8065000e+06   1.6357422e+01
   1.8107870e+06   1.8615723e+01
   1.8108220e+06   1.3226318e+02
   1.8108420e+06   5.0903320e+01
   1.8108560e+06   1.8066406e+01
   1.8108690e+06   9.4726562e+01
   1.8108980e+06   3.0334473e+01
   1.8109100e+06   3.9794922e+01
   1.8109290e+06   9.3566895e+01
   1.8109540e+06   4.3945312e+01
   1.8109780e+06   3.4057617e+01
   1.8109910e+06   2.1545410e+01
   1.8110080e+06   2.8015137e+01
   1.8110270e+06   4.5959473e+01
   1.8110500e+06   3.1921387e+01
   1.8110730e+06   2.9663086e+01
   1.8110830e+06   2.1850586e+01
   1.8111000e+06   1.7333984e+01
   1.8111980e+06   1.9714355e+01
   1.8112090e+06   1.6784668e+01
   1.8112730e+06   1.7089844e+01
   1.8112950e+06   2.9907227e+01
   1.8162800e+06   1.9897461e+01
   1.8162960e+06   1.2823486e+02
   1.8163100e+06   7.5378418e+01
   1.8163300e+06   1.0327148e+02
   1.8163520e+06   6.9030762e+01
   1.8163650e+06   2.4047852e+01
   1.8163860e+06   8.6242676e+01
   1.8163960e+06   3.3752441e+01
   1.8164200e+06   3.4179688e+01
   1.8164370e+06   2.8930664e+01
   1.8164480e+06   2.7343750e+01
   1.8164690e+06   1.7333984e+01
   1.8164930e+06   3.0883789e+01
   1.8165120e+06   3.0700684e+01
   1.8165350e+06   2.6367188e+01
   1.8165530e+06   1.8371582e+01
   1.8165780e+06   1.9836426e+01
   1.8165910e+06   1.7028809e+01
   1.8166290e+06   1.8859863e+01
   1.8166660e+06   2.0874023e+01
   1.8167130e+06   1.8493652e+01
   1.8167450e+06   1.6357422e+01
   1.8167790e+06   6.2988281e+01
   1.8168080e+06   1.9653320e+01
   1.8247390e+06   1.2347412e+02
   1.8247650e+06   5.6030273e+01
   1.8247800e+06   1.0998535e+02
   1.8248060e+06   2.0812988e+01
   1.8248230e+06   9.0026855e+01
   1.8248630e+06   6.5795898e+01
   1.8248810e+06   2.7099609e+01
   1.8248980e+06   6.5002441e+01
   1.8249290e+06   2.2583008e+01
   1.8249500e+06   2.6733398e+01
   1.8249800e+06   2.1301270e+01
   1.8250030e+06   2.6306152e+01
   1.8250330e+06   1.6174316e+01
   1.8250500e+06   2.3254395e+01
   1.8250670e+06   1.9592285e+01
   1.8251270e+06   2.1972656e+01
   1.8251580e+06   2.0629883e+01
   1.8251860e+06   2.2460938e+01
   1.8252090e+06   1.8798828e+01
   1.8252500e+06   5.0231934e+01
   1.8252750e+06   1.7517090e+01
   1.8252880e+06   2.7465820e+01
   1.8253640e+06   2.3254395e+01
   1.8254200e+06   1.8676758e+01
   1.8293400e+06   2.2033691e+01
   1.8293840e+06   2.3925781e+01
   1.8294000e+06   1.0650635e+02
   1.8294270e+06   7.6232910e+01
   1.8294490e+06   3.4851074e+01
   1.8294780e+06   2.5268555e+01
   1.8295200e+06   2.3498535e+01
   1.8295480e+06   9.2895508e+01
   1.8295860e+06   2.0996094e+01
   1.8296170e+06   1.8920898e+01
   1.8375760e+06   1.2780762e+02
   1.8375960e+06   8.5021973e+01
   1.8376100e+06   8.7219238e+01
   1.8376330e+06   8.2214355e+01
   1.8376550e+06   1.0620117e+02
   1.8376680e+06   5.1391602e+01
   1.8376840e+06   2.0874023e+01
   1.8376980e+06   6.4575195e+01
   1.8377120e+06   4.4555664e+01
   1.8377330e+06   3.6987305e+01
   1.8377430e+06   2.9785156e+01
   1.8377650e+06   2.7893066e+01
   1.8377950e+06   3.8208008e+01
   1.8378090e+06   3.3691406e+01
   1.8378330e+06   2.4841309e+01
   1.8378460e+06   2.4047852e+01
   1.8378680e+06   2.7404785e+01
   1.8379070e+06   2.6550293e+01
   1.8379240e+06   5.3649902e+01
   1.8379390e+06   3.2714844e+01
   1.8379590e+06   1.7639160e+01
   1.8379770e+06   2.8869629e+01
   1.8379950e+06   2.6855469e+01
   1.8380130e+06   1.6357422e+01
   1.8380230e+06   1.6296387e+01
   1.8380590e+06   3.7536621e+01
   1.8380740e+06   2.0507812e+01
   1.8381170e+06   4.6447754e+01
   1.8381460e+06   2.0996094e+01
   1.8382040e+06   2.1484375e+01
   1.8382180e+06   7.4279785e+01
   1.8382670e+06   1.9836426e+01
   1.8383850e+06   2.4841309e+01
   1.8385050e+06   7.0983887e+01
   1.8386160e+06   7.6416016e+01
   1.8463180e+06   2.1057129e+01
   1.8463390e+06   1.3519287e+02
   1.8463550e+06   2.8869629e+01
   1.8463670e+06   4.4982910e+01
   1.8463850e+06   1.1242676e+02
   1.8464200e+06   5.2551270e+01
   1.8464380e+06   8.1726074e+01
   1.8464710e+06   4.3029785e+01
   1.8464900e+06   8.1420898e+01
   1.8465210e+06   8.0810547e+01
   1.8465360e+06   3.9672852e+01
   1.8465590e+06   1.9348145e+01
   1.8465740e+06   2.9846191e+01
   1.8465920e+06   4.0771484e+01
   1.8466260e+06   2.8076172e+01
   1.8466390e+06   2.2949219e+01
   1.8466510e+06   1.8371582e+01
   1.8466970e+06   1.7028809e+01
   1.8467280e+06   2.7526855e+01
   1.8467750e+06   1.8554688e+01
   1.8468510e+06   2.3986816e+01
   1.8468840e+06   1.9958496e+01
   1.8469120e+06   2.5878906e+01
   1.8469440e+06   1.8798828e+01
   1.8469960e+06   1.8676758e+01
   1.8470060e+06   1.6784668e+01
   1.8554860e+06   2.5695801e+01
   1.8555050e+06   1.0083008e+02
   1.8555270e+06   3.4973145e+01
   1.8555420e+06   1.2200928e+02
   1.8555670e+06   4.0100098e+01
   1.8555800e+06   1.1755371e+02
   1.8555970e+06   2.0080566e+01
   1.8556150e+06   7.0800781e+01
   1.8556360e+06   1.6723633e+01
   1.8556520e+06   3.5278320e+01
   1.8556680e+06   3.2287598e+01
   1.8557020e+06   2.0324707e+01
   1.8557250e+06   2.1301270e+01
   1.8557420e+06   2.2338867e+01
   1.8557610e+06   1.9592285e+01
   1.8557870e+06   2.8869629e+01
   1.8558000e+06   2.8747559e+01
   1.8558380e+06   2.1972656e+01
   1.8558530e+06   2.9052734e+01
   1.8558790e+06   3.4667969e+01
   1.8558990e+06   2.6794434e+01
   1.8559210e+06   5.8410645e+01
   1.8559500e+06   2.2399902e+01
   1.8559800e+06   1.8188477e+01
   1.8560250e+06   2.1667480e+01
   1.8560530e+06   1.7944336e+01
   1.8560790e+06   1.7761230e+01
   1.8560890e+06   2.0019531e+01
   1.8561490e+06   7.0617676e+01
   1.8576210e+06   1.8676758e+01
   1.8729000e+06   2.0263672e+01
   1.8729100e+06   1.4294434e+02
   1.8729480e+06   1.2066650e+02
   1.8729740e+06   4.9560547e+01
   1.8729850e+06   1.0351562e+02
   1.8730230e+06   6.7382812e+01
   1.8730330e+06   3.9672852e+01
   1.8730580e+06   3.2592773e+01
   1.8730710e+06   2.6306152e+01
   1.8730860e+06   3.6071777e+01
   1.8731100e+06   3.8208008e+01
   1.8731410e+06   1.9653320e+01
   1.8731540e+06   2.3132324e+01
   1.8731990e+06   1.8920898e+01
   1.8732200e+06   2.5207520e+01
   1.8732320e+06   2.2766113e+01
   1.8732540e+06   2.2460938e+01
   1.8732850e+06   2.3681641e+01
   1.8732990e+06   5.6274414e+01
   1.8733140e+06   1.6784668e+01
   1.8733260e+06   1.7700195e+01
   1.8733660e+06   7.5805664e+01
   1.8733950e+06   2.0446777e+01
   1.8734260e+06   1.6662598e+01
   1.8734410e+06   1.7395020e+01
   1.8734660e+06   2.1057129e+01
   1.8734930e+06   2.0812988e+01
   1.8735370e+06   1.6357422e+01
   1.8735630e+06   2.4780273e+01
   1.8736040e+06   1.8066406e+01
   1.8736520e+06   1.8371582e+01
   1.8737090e+06   2.4536133e+01
   1.8737390e+06   8.1665039e+01
   1.8747560e+06   1.7028809e+01
   1.8754380e+06   1.6540527e+01
   1.8773900e+06   1.9226074e+01
   1.8774660e+06   1.8066406e+01
   1.8775190e+06   1.8432617e+01
   1.8775600e+06   9.6069336e+01
   1.9558160e+06   1.7089844e+01
   1.9558600e+06   1.9104004e+01
   1.9558870e+06   2.6672363e+01
   1.9560220e+06   1.8310547e+01
   1.9560830e+06   2.5268555e+01
   1.9561210e+06   1.7395020e+01
   1.9562290e+06   1.6906738e+01
   1.9815740e+06   1.6845703e+01
   1.9817360e+06   2.9724121e+01
   1.9818430e+06   2.4291992e+01
   1.9818530e+06   1.6174316e+01
   2.0256330e+06   2.0751953e+01
   2.0563560e+06   2.0446777e+01
   2.0572860e+06   1.8249512e+01
   2.0600700e+06   1.6296387e+01
   2.0870950e+06   6.9885254e+01
   2.0871260e+06   1.6418457e+01
   2.0872870e+06   1.6845703e+01
   2.0923850e+06   1.7456055e+01
   2.0929860e+06   1.6906738e+01
   2.0933360e+06   1.8432617e+01
   2.1200030e+06   6.3598633e+01
   2.1208740e+06   2.1606445e+01
   2.1405880e+06   1.7395020e+01
   2.1411840e+06   1.9104004e+01
   2.1453620e+06   1.7028809e+01
   2.1466770e+06   1.7578125e+01
   2.1467450e+06   1.6540527e+01
   2.1467790e+06   4.9743652e+01
   2.1469700e+06   1.7028809e+01
   2.1473720e+06   1.6784668e+01
   2.1719140e+06   1.6174316e+01
   2.1746850e+06   1.7395020e+01
   2.1934530e+06   1.6601562e+01
   2.1937530e+06   1.7456055e+01
   2.1939900e+06   1.7089844e+01
   2.1940640e+06   6.8054199e+01
   2.1941450e+06   5.3405762e+01
   2.1943990e+06   1.6418457e+01
   2.1945530e+06   1.6357422e+01
   2.1945710e+06   5.1025391e+01
   2.1946320e+06   1.6906738e+01
   2.1970190e+06   1.7395020e+01
   2.1982070e+06   1.9775391e+01
   2.2318530e+06   1.7028809e+01
   2.2318920e+06   1.7639160e+01
   2.2320360e+06   1.6967773e+01
   2.2321580e+06   6.4025879e+01
   2.2321830e+06   2.1911621e+01
   2.2326870e+06   2.0324707e+01
   2.2348480e+06   2.2155762e+01
   2.2573230e+06   7.0129395e+01
   2.2574480e+06   1.7272949e+01
   2.2575540e+06   6.5429688e+01
   2.2575990e+06   5.4199219e+01
   2.2577240e+06   2.0507812e+01
   2.2577550e+06   1.6967773e+01
   2.2577860e+06   3.1311035e+01
   2.2578040e+06   4.7546387e+01
   2.2578390e+06   1.7578125e+01
   2.2579750e+06   5.7434082e+01
   2.2580550e+06   3.0822754e+01
   2.2581050e+06   1.6601562e+01
   2.2583200e+06   2.0935059e+01
   2.2583450e+06   1.8859863e+01
   2.2583570e+06   5.2307129e+01
   2.2584430e+06   1.9226074e+01
   2.2585010e+06   3.3020020e+01
   2.2585130e+06   6.0241699e+01
   2.2586190e+06   1.6479492e+01
   2.2586810e+06   1.6845703e+01
   2.2587600e+06   2.0690918e+01
   2.2587700e+06   1.6723633e+01
   2.2589220e+06   1.6235352e+01
   2.2589630e+06   1.6723633e+01
   2.2595310e+06   1.6967773e+01
   2.2601180e+06   1.6784668e+01
   2.2855250e+06   1.8127441e+01
   2.2861800e+06   1.8493652e+01
   2.2946790e+06   6.6162109e+01
   2.2948750e+06   6.9274902e+01
   2.2948920e+06   1.6479492e+01
   2.2949960e+06   5.1513672e+01
   2.2954020e+06   3.7353516e+01
   2.2954190e+06   5.9814453e+01
   2.2954700e+06   4.5715332e+01
   2.2955130e+06   2.2583008e+01
   2.2956240e+06   2.8137207e+01
   2.2958240e+06   1.7272949e+01
   2.2958840e+06   5.2673340e+01
   2.2959520e+06   1.6967773e+01
   2.2961850e+06   1.8737793e+01
   2.3144380e+06   1.7700195e+01
   2.3148170e+06   1.7272949e+01
   2.3150160e+06   1.6967773e+01
   2.3160870e+06   2.1057129e+01
   2.3167810e+06   1.7517090e+01
   2.3171830e+06   1.8615723e+01
   2.3176580e+06   2.0263672e+01
   2.3188490e+06   1.8798828e+01
   2.3255210e+06   4.9011230e+01
   2.3256460e+06   5.5053711e+01
   2.3257180e+06   2.8564453e+01
   2.3257460e+06   1.8188477e+01
   2.3257680e+06   1.6296387e+01
   2.3258560e+06   2.7465820e+01
   2.3258740e+06   6.0119629e+01
   2.3259110e+06   2.0629883e+01
   2.3259230e+06   1.6662598e+01
   2.3260610e+06   6.0852051e+01
   2.3261820e+06   1.8676758e+01
   2.3262600e+06   1.6662598e+01
   2.3262900e+06   2.2766113e+01
   2.3263560e+06   4.9621582e+01
   2.3265870e+06   2.8991699e+01
   2.3266020e+06   1.8859863e+01
   2.3268000e+06   1.7456055e+01
   2.3268380e+06   1.9226074e+01
   2.3485440e+06   1.7639160e+01
   2.3523880e+06   1.6174316e+01
   2.3527980e+06   6.9946289e+01
   2.3528760e+06   1.6784668e+01
   2.3530170e+06   4.7119141e+01
   2.3530270e+06   2.8381348e+01
   2.3531930e+06   2.9235840e+01
   2.3532350e+06   5.8288574e+01
   2.3533780e+06   1.8188477e+01
   2.3535460e+06   5.8715820e+01
   2.3536080e+06   1.8310547e+01
   2.3537260e+06   1.9836426e+01
   2.3537600e+06   5.8776855e+01
   2.3537990e+06   6.0485840e+01
   2.3538350e+06   1.7211914e+01
   2.3539300e+06   3.2531738e+01
   2.3540720e+06   1.6967773e+01
   2.3540830e+06   6.6467285e+01
   2.3541180e+06   1.7028809e+01
   2.3542230e+06   1.8249512e+01
   2.3579700e+06   6.0607910e+01
   2.3581770e+06   2.0324707e+01
   2.3584110e+06   1.6296387e+01
   2.3584340e+06   1.6784668e+01
   2.3588690e+06   5.9753418e+01
   2.3591440e+06   1.6662598e+01
   2.3740660e+06   1.8798828e+01
   2.3753820e+06   1.6174316e+01
   2.3758270e+06   1.7517090e+01
   2.3769490e+06   1.7333984e+01
   2.3774580e+06   5.0598145e+01
   2.3775450e+06   1.8859863e+01
   2.3775570e+06   6.7932129e+01
   2.3776910e+06   1.6662598e+01
   2.3777040e+06   2.2949219e+01
   2.3777160e+06   6.3232422e+01
   2.3778070e+06   5.8593750e+01
   2.3778270e+06   2.0751953e+01
   2.3779790e+06   5.3527832e+01
   2.3780000e+06   1.7639160e+01
   2.3780750e+06   1.7822266e+01
   2.3780890e+06   3.1860352e+01
   2.3781830e+06   1.8554688e+01
   2.3782220e+06   1.8493652e+01
   2.3782320e+06   5.4626465e+01
   2.3782720e+06   4.2968750e+01
   2.3783260e+06   2.9479980e+01
   2.3785990e+06   5.5297852e+01
   2.3786390e+06   1.6540527e+01
   2.3896560e+06   1.6357422e+01
   2.3897260e+06   5.9814453e+01
   2.3897360e+06   3.3325195e+01
   2.3898250e+06   1.8127441e+01
   2.3898490e+06   6.3720703e+01
   2.3898680e+06   3.4301758e+01
   2.3899660e+06   1.8066406e+01
   2.3899850e+06   1.6967773e+01
   2.3900510e+06   2.4108887e+01
   2.3901050e+06   5.2490234e+01
   2.3901210e+06   2.0690918e+01
   2.3901360e+06   1.8676758e+01
   2.3902340e+06   1.6235352e+01
   2.3903360e+06   6.1401367e+01
   2.3905660e+06   3.0700684e+01
   2.3905780e+06   5.7983398e+01
   2.3907280e+06   1.6784668e+01
   2.3908390e+06   5.9204102e+01
   2.3910910e+06   1.6906738e+01
   2.4028790e+06   5.8349609e+01
   2.4029700e+06   6.3964844e+01
   2.4030100e+06   1.9226074e+01
   2.4030690e+06   3.7048340e+01
   2.4030820e+06   5.6274414e+01
   2.4031510e+06   3.3203125e+01
   2.4033110e+06   1.6601562e+01
   2.4034440e+06   1.6662598e+01
   2.4034620e+06   1.8066406e+01
   2.4040530e+06   2.0996094e+01
   2.4041800e+06   1.6845703e+01
   2.4149610e+06   7.0434570e+01
   2.4150170e+06   1.7333984e+01
   2.4150860e+06   1.6357422e+01
   2.4151190e+06   6.6223145e+01
   2.4151560e+06   1.8249512e+01
   2.4151670e+06   1.8554688e+01
   2.4152030e+06   2.7832031e+01
   2.4152240e+06   2.0690918e+01
   2.4152540e+06   2.1301270e+01
   2.4154100e+06   7.3547363e+01
   2.4154410e+06   2.8869629e+01
   2.4155750e+06   2.0751953e+01
   2.4157090e+06   1.8249512e+01
   2.4157700e+06   6.1218262e+01
   2.4157990e+06   2.0507812e+01
   2.4158110e+06   1.7517090e+01
   2.4158920e+06   2.8747559e+01
   2.4159260e+06   1.7822266e+01
   2.4163780e+06   1.9592285e+01
   2.4165510e+06   1.8859863e+01
   2.4166040e+06   2.2277832e+01
   2.4166360e+06   1.9348145e+01
   2.4167300e+06   1.6967773e+01
   2.4171840e+06   1.9470215e+01
   2.4172560e+06   2.4719238e+01
   2.4263160e+06   4.5715332e+01
   2.4263700e+06   2.1301270e+01
   2.4264670e+06   2.0202637e+01
   2.4265070e+06   5.7617188e+01
   2.4265290e+06   2.0446777e+01
   2.4267640e+06   1.8981934e+01
   2.4269680e+06   5.2307129e+01
   2.4271440e+06   5.9082031e+01
   2.4275980e+06   5.2490234e+01
   2.4276380e+06   4.5410156e+01
   2.4276770e+06   3.2043457e+01
   2.4277230e+06   2.5878906e+01
   2.4279280e+06   2.3803711e+01
   2.4279610e+06   1.9775391e+01
   2.4359990e+06   7.4096680e+01
   2.4360230e+06   1.6296387e+01
   2.4360780e+06   1.9104004e+01
   2.4361460e+06   1.8188477e+01
   2.4362700e+06   3.1188965e+01
   2.4362840e+06   6.5734863e+01
   2.4363140e+06   1.7089844e+01
   2.4364000e+06   1.7761230e+01
   2.4364610e+06   1.8310547e+01
   2.4365020e+06   5.4809570e+01
   2.4365300e+06   2.8503418e+01
   2.4365840e+06   1.8615723e+01
   2.4366350e+06   1.8615723e+01
   2.4368120e+06   6.1340332e+01
   2.4368280e+06   2.0385742e+01
   2.4372430e+06   2.4780273e+01
   2.4437380e+06   5.9387207e+01
   2.4438480e+06   6.4758301e+01
   2.4438890e+06   1.8981934e+01
   2.4439040e+06   1.7944336e+01
   2.4440070e+06   5.8410645e+01
   2.4440270e+06   2.3437500e+01
   2.4441520e+06   3.4057617e+01
   2.4442540e+06   1.8737793e+01
   2.4442640e+06   6.5917969e+01
   2.4444260e+06   1.6845703e+01
   2.4444940e+06   2.4780273e+01
   2.4445200e+06   6.2744141e+01
   2.4445710e+06   1.7272949e+01
   2.4445840e+06   2.1362305e+01
   2.4447060e+06   1.6967773e+01
   2.4447310e+06   5.4504395e+01
   2.4448310e+06   1.6357422e+01
   2.4448540e+06   2.4108887e+01
   2.4450600e+06   5.7250977e+01
   2.4531120e+06   5.8532715e+01
   2.4532130e+06   5.3100586e+01
   2.4532370e+06   1.8188477e+01
   2.4533000e+06   1.7578125e+01
   2.4533310e+06   1.6296387e+01
   2.4533530e+06   1.7395020e+01
   2.4534830e+06   2.6672363e+01
   2.4536180e+06   1.7211914e+01
   2.4536300e+06   1.9042969e+01
   2.4537010e+06   1.6784668e+01
   2.4538520e+06   6.2927246e+01
   2.4539460e+06   1.6906738e+01
   2.4539750e+06   1.6845703e+01
   2.4540380e+06   6.2805176e+01
   2.4541540e+06   3.3935547e+01
   2.4610780e+06   1.6174316e+01
   2.4611530e+06   7.3730469e+01
   2.4612090e+06   1.6174316e+01
   2.4613410e+06   2.3742676e+01
   2.4613830e+06   1.8981934e+01
   2.4614090e+06   5.3833008e+01
   2.4614390e+06   2.0935059e+01
   2.4614770e+06   2.4291992e+01
   2.4614910e+06   1.7700195e+01
   2.4615120e+06   1.8676758e+01
   2.4616770e+06   6.4880371e+01
   2.4617110e+06   1.7944336e+01
   2.4618760e+06   1.6418457e+01
   2.4619310e+06   5.8410645e+01
   2.4695940e+06   6.3232422e+01
   2.4696210e+06   1.6601562e+01
   2.4696560e+06   1.6174316e+01
   2.4697000e+06   1.7272949e+01
   2.4697200e+06   2.4658203e+01
   2.4697320e+06   1.7761230e+01
   2.4697480e+06   4.6386719e+01
   2.4697810e+06   1.6235352e+01
   2.4698470e+06   6.8420410e+01
   2.4698630e+06   2.3559570e+01
   2.4698860e+06   2.3681641e+01
   2.4700010e+06   1.6174316e+01
   2.4701850e+06   5.9082031e+01
   2.4702350e+06   2.2155762e+01
   2.4702460e+06   2.4658203e+01
   2.4703850e+06   1.6296387e+01
   2.4781810e+06   4.6936035e+01
   2.4782690e+06   5.5969238e+01
   2.4782960e+06   2.9357910e+01
   2.4783260e+06   1.6601562e+01
   2.4784040e+06   1.7639160e+01
   2.4784380e+06   6.5368652e+01
   2.4785780e+06   1.7883301e+01
   2.4786100e+06   3.0029297e+01
   2.4786230e+06   5.3649902e+01
   2.4787450e+06   1.8981934e+01
   2.4788120e+06   5.7556152e+01
   2.4790460e+06   1.8310547e+01
   2.4790640e+06   6.3537598e+01
   2.4791260e+06   3.1494141e+01
   2.4885680e+06   6.3354492e+01
   2.4886640e+06   1.8859863e+01
   2.4886970e+06   6.1950684e+01
   2.4887300e+06   2.8198242e+01
   2.4887470e+06   2.2216797e+01
   2.4888450e+06   2.3254395e+01
   2.4888740e+06   1.9592285e+01
   2.4889680e+06   1.7517090e+01
   2.4889780e+06   1.6845703e+01
   2.4890400e+06   5.9326172e+01
   2.4892980e+06   2.3803711e+01
   2.4894830e+06   2.3498535e+01
   2.4895260e+06   5.8044434e+01
   2.4997400e+06   1.7700195e+01
   2.4998050e+06   1.8005371e+01
   2.4998160e+06   2.1179199e+01
   2.4998540e+06   2.2521973e+01
   2.4998930e+06   7.9223633e+01
   2.4999030e+06   1.8554688e+01
   2.4999310e+06   2.3254395e+01
   2.4999780e+06   1.7395020e+01
   2.5000270e+06   1.6357422e+01
   2.5000520e+06   1.8920898e+01
   2.5002310e+06   1.8554688e+01
   2.5007160e+06   1.7272949e+01
   2.5008600e+06   1.8920898e+01
   2.5011030e+06   1.8371582e+01
   2.5013920e+06   1.6479492e+01
   2.5016560e+06   2.1057129e+01
   2.5016880e+06   1.7578125e+01
   2.5094110e+06   6.7749023e+01
   2.5094760e+06   1.6235352e+01
   2.5094880e+06   1.8310547e+01
   2.5095470e+06   2.3010254e+01
   2.5096300e+06   5.4016113e+01
   2.5096490e+06   1.7333984e+01
   2.5096940e+06   2.1484375e+01
   2.5097840e+06   2.7282715e+01
   2.5098030e+06   6.0302734e+01
   2.5098930e+06   1.6723633e+01
   2.5100000e+06   1.8371582e+01
   2.5101000e+06   1.7761230e+01
   2.5180710e+06   7.2387695e+01
   2.5182040e+06   6.2866211e+01
   2.5182320e+06   2.6000977e+01
   2.5182670e+06   2.4230957e+01
   2.5182790e+06   1.6479492e+01
   2.5183490e+06   1.6418457e+01
   2.5183690e+06   1.8615723e+01
   2.5184200e+06   2.4047852e+01
   2.5184320e+06   2.0324707e+01
   2.5313410e+06   1.7333984e+01
   2.5314090e+06   6.5734863e+01
   2.5314780e+06   1.7700195e+01
   2.5315150e+06   3.0944824e+01
   2.5315330e+06   5.4626465e+01
   2.5315450e+06   2.5817871e+01
   2.5315890e+06   1.7700195e+01
   2.5317350e+06   1.8188477e+01
   2.5318000e+06   5.9814453e+01
   2.5318210e+06   1.7639160e+01
   2.5318340e+06   2.6489258e+01
   2.5319320e+06   2.8930664e+01
   2.5319510e+06   2.1972656e+01
   2.5320510e+06   1.7272949e+01
   2.5320700e+06   1.6174316e+01
   2.5321760e+06   2.1118164e+01
   2.5467630e+06   6.6711426e+01
   2.5468190e+06   1.7150879e+01
   2.5468370e+06   2.5329590e+01
   2.5468610e+06   2.7099609e+01
   2.5468790e+06   5.4992676e+01
   2.5469820e+06   3.2165527e+01
   2.5470130e+06   1.8676758e+01
   2.5471000e+06   1.9836426e+01
   2.5471380e+06   2.8686523e+01
   2.5471500e+06   1.6784668e+01
   2.5471820e+06   1.7150879e+01
   2.5472650e+06   1.6662598e+01
   2.5475500e+06   1.6296387e+01
   2.5477990e+06   5.1635742e+01
   2.5478140e+06   3.0944824e+01
   2.5480290e+06   2.0019531e+01
   2.5480550e+06   2.3254395e+01
   2.5636190e+06   2.0263672e+01
   2.5636570e+06   6.3720703e+01
   2.5637020e+06   1.6479492e+01
   2.5637190e+06   6.6406250e+01
   2.5637510e+06   1.7883301e+01
   2.5637730e+06   3.7353516e+01
   2.5638270e+06   1.9897461e+01
   2.5638380e+06   3.2226562e+01
   2.5638710e+06   4.2419434e+01
   2.5639230e+06   1.8432617e+01
   2.5641390e+06   1.7456055e+01
   2.5642380e+06   1.9958496e+01
   2.5643650e+06   4.5715332e+01
   2.5644390e+06   1.7700195e+01
   2.5645740e+06   1.6845703e+01
   2.5645850e+06   3.0700684e+01
   2.5647930e+06   6.2500000e+01
   2.5992350e+06   2.2521973e+01
   2.6061680e+06   6.1462402e+01
   2.6062170e+06   2.2338867e+01
   2.6062280e+06   5.7861328e+01
   2.6062670e+06   1.7456055e+01
   2.6062790e+06   3.4973145e+01
   2.6063080e+06   1.6357422e+01
   2.6063450e+06   2.3742676e+01
   2.6063980e+06   2.4719238e+01
   2.6064320e+06   7.3303223e+01
   2.6064540e+06   2.2277832e+01
   2.6064800e+06   1.7150879e+01
   2.6065300e+06   5.1208496e+01
   2.6065600e+06   2.8686523e+01
   2.6066480e+06   2.6611328e+01
   2.6066730e+06   1.6967773e+01
   2.6067500e+06   5.3588867e+01
   2.6068170e+06   3.3508301e+01
   2.6068400e+06   1.9348145e+01
   2.6069050e+06   2.8259277e+01
   2.6069600e+06   6.7138672e+01
   2.6069770e+06   1.9592285e+01
   2.6070440e+06   1.8432617e+01
   2.6070770e+06   6.0852051e+01
   2.6071190e+06   1.9653320e+01
   2.6071650e+06   2.7587891e+01
   2.6072220e+06   2.0935059e+01
   2.6072400e+06   2.4658203e+01
   2.6072750e+06   2.2644043e+01
   2.6072850e+06   2.6367188e+01
   2.6073340e+06   2.0935059e+01
   2.6074000e+06   2.1362305e+01
   2.6074110e+06   5.5114746e+01
   2.6074630e+06   1.8615723e+01
   2.6075330e+06   2.8259277e+01
   2.6075990e+06   4.4555664e+01
   2.6076330e+06   1.7761230e+01
   2.6076470e+06   2.1240234e+01
   2.6077400e+06   1.7028809e+01
   2.6077770e+06   5.5358887e+01
   2.6077950e+06   2.3864746e+01
   2.6078360e+06   1.6601562e+01
   2.6078690e+06   1.6296387e+01
   2.6079340e+06   2.1789551e+01
   2.6079760e+06   1.9287109e+01
   2.6082730e+06   1.6967773e+01
   2.6360380e+06   1.8920898e+01
   2.6365500e+06   1.9531250e+01
   2.6394070e+06   4.9011230e+01
   2.6394550e+06   1.7639160e+01
   2.6394670e+06   2.1850586e+01
   2.6395480e+06   4.6630859e+01
   2.6396010e+06   2.5573730e+01
   2.6396220e+06   1.8676758e+01
   2.6396930e+06   6.3598633e+01
   2.6397300e+06   1.7517090e+01
   2.6397470e+06   5.1025391e+01
   2.6397700e+06   2.4536133e+01
   2.6397810e+06   3.2287598e+01
   2.6398060e+06   2.2888184e+01
   2.6399160e+06   6.5917969e+01
   2.6399960e+06   4.5898438e+01
   2.6400120e+06   1.7517090e+01
   2.6400440e+06   2.3620605e+01
   2.6401290e+06   5.2673340e+01
   2.6401610e+06   1.9897461e+01
   2.6401850e+06   3.8146973e+01
   2.6402760e+06   1.7822266e+01
   2.6403220e+06   4.1931152e+01
   2.6403620e+06   1.8249512e+01
   2.6403880e+06   1.8676758e+01
   2.6405160e+06   2.8686523e+01
   2.6405300e+06   1.8005371e+01
   2.6405970e+06   4.0649414e+01
   2.6406550e+06   1.6174316e+01
   2.6406940e+06   1.7456055e+01
   2.6407100e+06   3.9855957e+01
   2.6407410e+06   2.8015137e+01
   2.6407670e+06   1.7089844e+01
   2.6408390e+06   3.3508301e+01
   2.6408910e+06   1.7822266e+01
   2.6409780e+06   4.9194336e+01
   2.6410720e+06   4.2358398e+01
   2.6410990e+06   1.6296387e+01
   2.6412320e+06   4.5593262e+01
   2.6412610e+06   1.7517090e+01
   2.6666360e+06   2.0019531e+01
   2.6676940e+06   1.7028809e+01
   2.6717030e+06   2.0812988e+01
   2.6722010e+06   1.8127441e+01
   2.6728520e+06   2.3010254e+01
   2.6767800e+06   1.9470215e+01
   2.6882220e+06   1.6174316e+01
   2.6888040e+06   2.0935059e+01
   2.6896240e+06   1.7822266e+01
   2.6910660e+06   2.0812988e+01
   2.6911240e+06   2.2949219e+01
   2.6911700e+06   2.5329590e+01
   2.6913190e+06   1.7883301e+01
   2.6921000e+06   1.7028809e+01
   2.6922780e+06   1.7700195e+01
   2.6941350e+06   1.7272949e+01
   2.6948200e+06   1.9714355e+01
   2.6966820e+06   1.6845703e+01
   2.6967440e+06   1.7578125e+01
   2.7117140e+06   1.7333984e+01
   2.7121040e+06   1.7822266e+01
   2.7133630e+06   1.6296387e+01
   2.7211910e+06   1.7883301e+01
   2.7235070e+06   1.6601562e+01
   2.7243140e+06   2.0629883e+01
   2.7283610e+06   1.6235352e+01
   2.7286420e+06   1.7456055e+01
   2.7288540e+06   2.2888184e+01
   2.7294250e+06   1.6357422e+01
   2.7297090e+06   1.9042969e+01
   2.7309300e+06   1.6906738e+01
   2.7317150e+06   2.1301270e+01
   2.7317520e+06   1.6479492e+01
   2.7317910e+06   1.6967773e+01
   2.7318480e+06   2.0019531e+01
   2.7406890e+06   1.6784668e+01
   2.7470160e+06   5.7006836e+01
   2.7470370e+06   1.8676758e+01
   2.7470610e+06   4.2480469e+01
   2.7470800e+06   1.6296387e+01
   2.7471120e+06   3.1127930e+01
   2.7471850e+06   1.8981934e+01
   2.7472110e+06   2.0263672e+01
   2.7472320e+06   6.9824219e+01
   2.7473030e+06   2.5024414e+01
   2.7473220e+06   2.4230957e+01
   2.7473800e+06   1.6357422e+01
   2.7474460e+06   2.0690918e+01
   2.7474850e+06   2.2094727e+01
   2.7475070e+06   5.1086426e+01
   2.7475920e+06   1.8554688e+01
   2.7476220e+06   1.7395020e+01
   2.7477430e+06   1.6174316e+01
   2.7478770e+06   2.7282715e+01
   2.7478890e+06   2.3193359e+01
   2.7479380e+06   6.5734863e+01
   2.7479640e+06   1.7700195e+01
   2.7480350e+06   1.9287109e+01
   2.7480770e+06   2.0812988e+01
   2.7481220e+06   1.6601562e+01
   2.7481530e+06   2.7404785e+01
   2.7482710e+06   1.7272949e+01
   2.7482810e+06   3.1494141e+01
   2.7483010e+06   1.9287109e+01
   2.7483180e+06   1.7089844e+01
   2.7484460e+06   2.0019531e+01
   2.7485130e+06   2.9479980e+01
   2.7487860e+06   1.6967773e+01
   2.7736110e+06   1.7150879e+01
   2.7788520e+06   1.9531250e+01
   2.7793150e+06   1.6662598e+01
   2.7803200e+06   1.6479492e+01
   2.7805870e+06   1.8676758e+01
   2.7909650e+06   1.9470215e+01
   2.7911510e+06   1.8981934e+01
   2.7925890e+06   1.8615723e+01
   2.7933660e+06   1.6479492e+01
   2.7939610e+06   1.7578125e+01
   2.7941100e+06   1.9165039e+01
   2.7944610e+06   2.1484375e+01
   2.7949070e+06   1.7395020e+01
   2.7951040e+06   1.8554688e+01
   2.7952520e+06   1.7150879e+01
   2.7954310e+06   1.7211914e+01
   2.7955600e+06   1.7944336e+01
   2.8090560e+06   1.8798828e+01
   2.8092050e+06   1.7272949e+01
   2.8130990e+06   2.4169922e+01
   2.8198950e+06   1.9165039e+01
   2.8208080e+06   1.7883301e+01
   2.8209870e+06   1.8676758e+01
   2.8216850e+06   2.3681641e+01
   2.8221560e+06   1.8005371e+01
   2.8223630e+06   1.8859863e+01
   2.8226870e+06   1.7944336e+01
   2.8228330e+06   1.7700195e+01
   2.8230460e+06   1.9775391e+01
   2.8230810e+06   2.3193359e+01
   2.8231680e+06   1.8798828e+01
   2.8232170e+06   1.7517090e+01
   2.8235330e+06   1.7883301e+01
   2.8238800e+06   2.5634766e+01
   2.8239180e+06   1.6967773e+01
   2.8241330e+06   2.0568848e+01
   2.8243220e+06   1.6479492e+01
   2.8246770e+06   1.9042969e+01
   2.8248560e+06   1.7517090e+01
   2.8248750e+06   1.8676758e+01
   2.8253340e+06   2.0507812e+01
   2.8267950e+06   1.8188477e+01
   2.8270100e+06   2.2094727e+01
   2.8404050e+06   1.6845703e+01
   2.8409290e+06   1.7944336e+01
   2.8411580e+06   1.6235352e+01
   2.8427760e+06   1.7456055e+01
   2.8429540e+06   1.9104004e+01
   2.8430660e+06   1.9226074e+01
   2.8435920e+06   1.7517090e+01
   2.8436420e+06   1.8188477e+01
   2.8436870e+06   1.6601562e+01
   2.8437770e+06   1.8737793e+01
   2.8538510e+06   2.0202637e+01
   2.8549200e+06   1.7028809e+01
   2.8550920e+06   1.7517090e+01
   2.8552360e+06   2.3681641e+01
   2.8555390e+06   1.8432617e+01
   2.8577140e+06   1.6174316e+01
   2.8578590e+06   2.5329590e+01
   2.8579390e+06   1.7578125e+01
   2.8581400e+06   2.2766113e+01
   2.8581890e+06   1.6723633e+01
   2.8582130e+06   1.9714355e+01
   2.8586650e+06   1.8737793e+01
   2.8593260e+06   1.7761230e+01
   2.8597500e+06   1.7761230e+01
   2.8597920e+06   1.6784668e+01
   2.8605740e+06   1.9287109e+01
   2.8606360e+06   1.6784668e+01
   2.8606730e+06   2.0019531e+01
   2.8606940e+06   1.7700195e+01
   2.8607590e+06   2.0690918e+01
   2.8609340e+06   1.8798828e+01
   2.8612110e+06   1.8737793e+01
   2.8613470e+06   2.2033691e+01
   2.8636420e+06   1.8066406e+01
   2.8642640e+06   1.9226074e+01
   2.8649500e+06   1.6296387e+01
   2.8729380e+06   1.8554688e+01
   2.8746860e+06   2.0629883e+01
   2.8757680e+06   1.7822266e+01
   2.8764570e+06   1.6601562e+01
   2.8766180e+06   1.7883301e+01
   2.8767230e+06   1.7639160e+01
   2.8785190e+06   1.7028809e+01
   2.8791770e+06   1.9287109e+01
   2.8794550e+06   2.0751953e+01
   2.8805840e+06   1.6235352e+01
   2.8806410e+06   1.7089844e+01
   2.8808450e+06   1.8310547e+01
   2.8813630e+06   1.7211914e+01
   2.8815000e+06   2.2277832e+01
   2.8815270e+06   2.1118164e+01
   2.8815860e+06   1.6479492e+01
   2.8909510e+06   1.9409180e+01
   2.8910210e+06   1.9287109e+01
   2.8923380e+06   2.6306152e+01
   2.8923510e+06   1.8005371e+01
   2.8923860e+06   1.7456055e+01
   2.9017890e+06   2.0324707e+01
   2.9025490e+06   1.9165039e+01
   2.9025820e+06   1.6845703e+01
   2.9028990e+06   2.0080566e+01
   2.9030200e+06   1.8249512e+01
   2.9031740e+06   2.0080566e+01
   2.9032700e+06   1.8310547e+01
   2.9037530e+06   2.4841309e+01
   2.9037750e+06   1.3140869e+02
   2.9038810e+06   1.9897461e+01
   2.9064950e+06   2.1301270e+01
   2.9084290e+06   1.8798828e+01
   2.9084690e+06   1.7028809e+01
   2.9085030e+06   1.7883301e+01
   2.9085430e+06   1.6418457e+01
   2.9097860e+06   1.6662598e+01
   2.9098100e+06   1.8615723e+01
   2.9104160e+06   2.0385742e+01
   2.9112670e+06   1.6906738e+01
   2.9113160e+06   1.6235352e+01
   2.9113310e+06   1.7333984e+01
   2.9114110e+06   2.0263672e+01
   2.9115850e+06   1.7395020e+01
   2.9120990e+06   2.3376465e+01
   2.9136340e+06   1.7150879e+01
   2.9150430e+06   2.0629883e+01
   2.9158100e+06   1.7456055e+01
   2.9227740e+06   2.2949219e+01
   2.9228550e+06   2.2277832e+01
   2.9251550e+06   1.7517090e+01
   2.9253810e+06   1.8798828e+01
   2.9286640e+06   1.8310547e+01
   2.9287570e+06   1.6723633e+01
   2.9338190e+06   1.8798828e+01
   2.9338980e+06   1.6296387e+01
   2.9354400e+06   1.8371582e+01
   2.9385780e+06   1.7333984e+01
   2.9385980e+06   1.9165039e+01
   2.9388720e+06   2.2399902e+01
   2.9395020e+06   2.2827148e+01
   2.9395460e+06   1.7578125e+01
   2.9395910e+06   1.7089844e+01
   2.9396420e+06   1.7456055e+01
   2.9397110e+06   1.6296387e+01
   2.9398310e+06   2.3193359e+01
   2.9405930e+06   1.8554688e+01
   2.9408230e+06   2.0996094e+01
   2.9413100e+06   2.4841309e+01
   2.9427570e+06   1.8310547e+01
   2.9436290e+06   2.0141602e+01
   2.9482050e+06   2.3071289e+01
   2.9496630e+06   1.7517090e+01
   2.9497640e+06   1.7761230e+01
   2.9564180e+06   1.9592285e+01
   2.9574070e+06   1.7028809e+01
   2.9575260e+06   2.1179199e+01
   2.9589690e+06   2.0812988e+01
   2.9604340e+06   5.6396484e+01
   2.9604720e+06   5.2246094e+01
   2.9605370e+06   1.6540527e+01
   2.9606480e+06   3.0639648e+01
   2.9607720e+06   4.9987793e+01
   2.9608240e+06   5.3466797e+01
   2.9608770e+06   2.0141602e+01
   2.9608870e+06   2.7709961e+01
   2.9609240e+06   2.0812988e+01
   2.9609770e+06   1.6723633e+01
   2.9610070e+06   5.5969238e+01
   2.9610280e+06   1.6662598e+01
   2.9610810e+06   1.6540527e+01
   2.9611710e+06   1.6845703e+01
   2.9613260e+06   1.6296387e+01
   2.9613590e+06   5.1879883e+01
   2.9614030e+06   2.8259277e+01
   2.9739730e+06   2.1301270e+01
   2.9740670e+06   2.1240234e+01
   2.9764670e+06   1.8249512e+01
   2.9795810e+06   2.3559570e+01
   2.9801690e+06   1.6479492e+01
   2.9805600e+06   1.6174316e+01
   2.9812340e+06   1.6601562e+01
   2.9813620e+06   1.6296387e+01
   2.9816340e+06   1.7272949e+01
   2.9860720e+06   1.9104004e+01
   2.9863030e+06   1.7517090e+01
   2.9871770e+06   2.0874023e+01
   2.9872170e+06   1.7028809e+01
   2.9873200e+06   2.2277832e+01
   2.9875430e+06   2.1423340e+01
   2.9876180e+06   2.2521973e+01
   2.9881210e+06   1.8615723e+01
   2.9883020e+06   1.6662598e+01
   2.9884370e+06   1.8798828e+01
   2.9894530e+06   1.7700195e+01
   2.9896660e+06   1.7944336e+01
   2.9903360e+06   1.6418457e+01
   2.9906260e+06   1.6174316e+01
   2.9907420e+06   1.6662598e+01
   2.9930470e+06   1.8615723e+01
   3.0025110e+06   2.0507812e+01
   3.0051890e+06   2.0751953e+01
   3.0052770e+06   1.6174316e+01
   3.0065250e+06   1.7211914e+01
   3.0079130e+06   2.2033691e+01
   3.0080720e+06   1.8920898e+01
   3.0099080e+06   1.7150879e+01
   3.0105510e+06   1.6784668e+01
   3.0121230e+06   2.0019531e+01
   3.0121800e+06   1.6601562e+01
   3.0122640e+06   2.0935059e+01
   3.0123290e+06   2.0751953e+01
   3.0125540e+06   1.9104004e+01
   3.0127480e+06   2.1850586e+01
   3.0127960e+06   1.7089844e+01
   3.0128400e+06   1.7517090e+01
   3.0129310e+06   1.9714355e+01
   3.0136250e+06   1.7395020e+01
   3.0138300e+06   1.6601562e+01
   3.0202170e+06   1.7150879e+01
   3.0205780e+06   2.0446777e+01
   3.0207290e+06   1.7150879e+01
   3.0215340e+06   1.7517090e+01
   3.0262720e+06   1.6296387e+01
   3.0266950e+06   2.1667480e+01
   3.0272560e+06   1.7517090e+01
   3.0279550e+06   1.6357422e+01
   3.0280390e+06   1.8859863e+01
   3.0282040e+06   2.0141602e+01
   3.0283440e+06   1.7333984e+01
   3.0284900e+06   1.9592285e+01
   3.0285350e+06   1.9775391e+01
   3.0295910e+06   1.9775391e+01
   3.0297650e+06   2.2155762e+01
   3.0305430e+06   1.8310547e+01
   3.0403500e+06   2.0324707e+01
   3.0404990e+06   1.8676758e+01
   3.0406340e+06   1.7028809e+01
   3.0412710e+06   2.0629883e+01
   3.0465590e+06   1.7333984e+01
   3.0473240e+06   2.0141602e+01
   3.0476680e+06   1.7761230e+01
   3.0482250e+06   1.6784668e+01
   3.0484770e+06   2.8259277e+01
   3.0485580e+06   2.1545410e+01
   3.0486070e+06   1.7150879e+01
   3.0602900e+06   2.0629883e+01
   3.0606060e+06   1.7578125e+01
   3.0614710e+06   1.9775391e+01
   3.0614860e+06   2.2644043e+01
   3.0624500e+06   1.6357422e+01
   3.0624870e+06   1.6601562e+01
   3.0625580e+06   1.9104004e+01
   3.0628200e+06   1.7333984e+01
   3.0628600e+06   2.0446777e+01
   3.0630400e+06   2.0629883e+01
   3.0697300e+06   1.9897461e+01
   3.0704500e+06   1.7578125e+01
   3.0731080e+06   2.8625488e+01
   3.0731220e+06   1.7517090e+01
   3.0731630e+06   3.8024902e+01
   3.0731790e+06   2.4902344e+01
   3.0737390e+06   2.0874023e+01
   3.0737810e+06   1.6540527e+01
   3.0738250e+06   1.6418457e+01
   3.0739120e+06   1.8676758e+01
   3.0739630e+06   2.3742676e+01
   3.0741560e+06   1.7333984e+01
   3.0742000e+06   2.1911621e+01
   3.0743290e+06   2.6306152e+01
   3.0743810e+06   1.7639160e+01
   3.0744410e+06   2.0141602e+01
   3.0747680e+06   1.8920898e+01
   3.0748580e+06   1.9165039e+01
   3.0753150e+06   1.8005371e+01
   3.0754590e+06   1.9714355e+01
   3.0852590e+06   1.9470215e+01
   3.0855140e+06   1.7639160e+01
   3.0856620e+06   1.9409180e+01
   3.0869290e+06   1.8554688e+01
   3.0878430e+06   2.1240234e+01
   3.0880910e+06   2.1850586e+01
   3.0881120e+06   1.9104004e+01
   3.0881760e+06   2.1118164e+01
   3.0885330e+06   1.7150879e+01
   3.0887820e+06   2.0751953e+01
   3.0890930e+06   2.0812988e+01
   3.0899130e+06   1.9897461e+01
   3.0906390e+06   1.8615723e+01
   3.0908710e+06   1.8432617e+01
   3.0986920e+06   1.7761230e+01
   3.0990100e+06   1.8432617e+01
   3.0990800e+06   1.7822266e+01
   3.0995730e+06   1.6174316e+01
   3.1001030e+06   1.9775391e+01
   3.1072700e+06   1.9958496e+01
   3.1073610e+06   1.8615723e+01
   3.1081680e+06   2.1606445e+01
   3.1088210e+06   1.8737793e+01
   3.1090100e+06   1.9836426e+01
   3.1091580e+06   1.7944336e+01
   3.1151060e+06   2.2399902e+01
   3.1151640e+06   3.1188965e+01
   3.1152260e+06   2.3803711e+01
   3.1152730e+06   2.2888184e+01
   3.1156430e+06   1.7639160e+01
   3.1169970e+06   2.4780273e+01
   3.1171650e+06   1.9592285e+01
   3.1183330e+06   1.6479492e+01
   3.1189750e+06   2.3254395e+01
   3.1190800e+06   2.2338867e+01
   3.1191060e+06   2.1179199e+01
   3.1191360e+06   1.8615723e+01
   3.1191830e+06   1.6235352e+01
   3.1299890e+06   1.9836426e+01
   3.1300460e+06   2.4780273e+01
   3.1309050e+06   1.6174316e+01
   3.1311000e+06   1.8554688e+01
   3.1322750e+06   1.8737793e+01
   3.1331030e+06   1.7089844e+01
   3.1332140e+06   1.9836426e+01
   3.1406120e+06   1.7150879e+01
   3.1407900e+06   2.3681641e+01
   3.1426490e+06   1.7517090e+01
   3.1430780e+06   2.0629883e+01
   3.1439500e+06   2.2705078e+01
   3.1443600e+06   1.6601562e+01
   3.1448320e+06   2.2033691e+01
   3.1450900e+06   1.7700195e+01
   3.1451070e+06   1.8798828e+01
   3.1451960e+06   1.7700195e+01
   3.1452500e+06   2.4475098e+01
   3.1454880e+06   1.8310547e+01
   3.1476500e+06   2.2155762e+01
   3.1482700e+06   1.9531250e+01
   3.1515390e+06   1.6967773e+01
   3.1518910e+06   1.8005371e+01
   3.1551280e+06   2.2949219e+01
   3.1552000e+06   1.8188477e+01
   3.1615370e+06   2.1240234e+01
   3.1622820e+06   1.6967773e+01
   3.1624420e+06   1.7456055e+01
   3.1625070e+06   1.7822266e+01
   3.1630740e+06   1.7761230e+01
   3.1635940e+06   1.9531250e+01
   3.1637140e+06   1.7150879e+01
   3.1673230e+06   1.7578125e+01
   3.1686760e+06   1.6723633e+01
   3.1704940e+06   1.6967773e+01
   3.1706250e+06   2.1362305e+01
   3.1708170e+06   2.1179199e+01
   3.1708650e+06   2.7893066e+01
   3.1713720e+06   1.7272949e+01
   3.1714120e+06   1.7272949e+01
   3.1714480e+06   1.6296387e+01
   3.1718450e+06   1.7700195e+01
   3.1719520e+06   1.6479492e+01
   3.1719990e+06   1.6540527e+01
   3.1722020e+06   2.0446777e+01
   3.1726900e+06   1.8737793e+01
   3.1787000e+06   1.9409180e+01
   3.1790950e+06   1.7578125e+01
   3.1803230e+06   1.7028809e+01
   3.1803400e+06   1.6784668e+01
   3.1819010e+06   1.9653320e+01
   3.1822390e+06   1.6906738e+01
   3.1829250e+06   1.8615723e+01
   3.1833250e+06   1.7395020e+01
   3.1833350e+06   2.5268555e+01
   3.1859210e+06   2.1240234e+01
   3.1859760e+06   1.7883301e+01
   3.1867250e+06   1.7639160e+01
   3.1924420e+06   1.7272949e+01
   3.1925920e+06   2.0019531e+01
   3.1949290e+06   2.1972656e+01
   3.1955740e+06   1.9226074e+01
   3.1957110e+06   1.7150879e+01
   3.1957220e+06   2.3193359e+01
   3.1994990e+06   1.7456055e+01
   3.1997220e+06   1.9165039e+01
   3.2000160e+06   2.2338867e+01
   3.2000600e+06   2.0446777e+01
   3.2000890e+06   1.6479492e+01
   3.2001010e+06   2.0935059e+01
   3.2001420e+06   2.0019531e+01
   3.2094640e+06   1.8737793e+01
   3.2095710e+06   1.6601562e+01
   3.2096080e+06   1.7822266e+01
   3.2099260e+06   1.6174316e+01
   3.2099680e+06   1.8493652e+01
   3.2142280e+06   1.6723633e+01
   3.2150450e+06   1.6906738e+01
   3.2159830e+06   2.2888184e+01
   3.2173800e+06   2.1972656e+01
   3.2175410e+06   1.6235352e+01
   3.2208180e+06   1.7883301e+01
   3.2210810e+06   1.8920898e+01
   3.2211100e+06   2.0080566e+01
   3.2211560e+06   1.8066406e+01
   3.2215690e+06   1.7639160e+01
   3.2216100e+06   1.8249512e+01
   3.2219430e+06   2.2827148e+01
   3.2219560e+06   1.9409180e+01
   3.2221230e+06   2.3010254e+01
   3.2221680e+06   1.6723633e+01
   3.2221970e+06   1.7517090e+01
   3.2225390e+06   1.6662598e+01
   3.2229670e+06   2.4414062e+01
   3.2233040e+06   2.0202637e+01
   3.2292220e+06   1.7272949e+01
   3.2361220e+06   1.7578125e+01
   3.2383370e+06   2.1118164e+01
   3.2384010e+06   2.0141602e+01
   3.2388080e+06   1.7700195e+01
   3.2392790e+06   1.6540527e+01
   3.2393150e+06   1.9042969e+01
   3.2396980e+06   1.7211914e+01
   3.2397080e+06   1.7456055e+01
   3.2404080e+06   2.2888184e+01
   3.2405420e+06   2.2277832e+01
   3.2405880e+06   1.9897461e+01
   3.2407730e+06   1.7333984e+01
   3.2410580e+06   2.1118164e+01
   3.2524710e+06   1.7333984e+01
   3.2524980e+06   2.6367188e+01
   3.2525270e+06   2.2644043e+01
   3.2525620e+06   1.9042969e+01
   3.2590700e+06   1.8981934e+01
   3.2607390e+06   2.0019531e+01
   3.2614080e+06   2.2949219e+01
   3.2615660e+06   1.6479492e+01
   3.2618930e+06   1.7456055e+01
   3.2637190e+06   1.8798828e+01
   3.2649100e+06   1.8310547e+01
   3.2651010e+06   2.0935059e+01
   3.2653530e+06   1.9287109e+01
   3.2654730e+06   1.6784668e+01
   3.2768270e+06   1.6906738e+01
   3.2773870e+06   2.3803711e+01
   3.2776400e+06   1.7822266e+01
   3.2779980e+06   2.0507812e+01
   3.2780150e+06   1.6296387e+01
   3.2780470e+06   2.1179199e+01
   3.2780840e+06   1.8432617e+01
   3.2783790e+06   1.8920898e+01
   3.2786240e+06   1.8737793e+01
   3.2792510e+06   2.1179199e+01
   3.2793400e+06   2.4536133e+01
   3.2797690e+06   1.8005371e+01
   3.2798830e+06   1.7761230e+01
   3.2799310e+06   2.6794434e+01
   3.2799450e+06   2.5878906e+01
   3.2806730e+06   1.6723633e+01
   3.2927280e+06   1.9592285e+01
   3.2933120e+06   2.0202637e+01
   3.2984180e+06   2.1362305e+01
   3.2991890e+06   2.4902344e+01
   3.2992270e+06   1.7761230e+01
   3.2998780e+06   1.8249512e+01
   3.2998910e+06   1.3299561e+02
   3.2999250e+06   1.9714355e+01
   3.3010980e+06   2.2949219e+01
   3.3011230e+06   1.7211914e+01
   3.3011460e+06   1.9104004e+01
   3.3011600e+06   2.3437500e+01
   3.3015740e+06   1.7028809e+01
   3.3016370e+06   1.8371582e+01
   3.3016900e+06   1.6418457e+01
   3.3017580e+06   1.7150879e+01
   3.3043450e+06   1.9348145e+01
   3.3044740e+06   1.9226074e+01
   3.3051990e+06   1.8005371e+01
   3.3056350e+06   1.7089844e+01
   3.3124060e+06   2.0019531e+01
   3.3127130e+06   2.0507812e+01
   3.3152510e+06   1.7395020e+01
   3.3156530e+06   1.8493652e+01
   3.3159600e+06   1.9348145e+01
   3.3166400e+06   1.6296387e+01
   3.3166940e+06   2.0690918e+01
   3.3167160e+06   1.8554688e+01
   3.3167540e+06   2.0446777e+01
   3.3167980e+06   1.7089844e+01
   3.3168570e+06   1.9104004e+01
   3.3170340e+06   1.6357422e+01
   3.3173960e+06   1.8554688e+01
   3.3174360e+06   1.6296387e+01
   3.3174680e+06   2.0080566e+01
   3.3175870e+06   2.0690918e+01
   3.3176090e+06   1.7395020e+01
   3.3177510e+06   2.0690918e+01
   3.3179430e+06   2.1301270e+01
   3.3182870e+06   1.2402344e+02
   3.3183020e+06   2.8503418e+01
   3.3185400e+06   1.7639160e+01
   3.3187570e+06   1.7456055e+01
   3.3187780e+06   1.9653320e+01
   3.3188110e+06   2.1362305e+01
   3.3191080e+06   1.6235352e+01
   3.3192070e+06   1.9165039e+01
   3.3193600e+06   1.6174316e+01
   3.3194530e+06   1.9348145e+01
   3.3234300e+06   1.7456055e+01
   3.3235760e+06   1.9287109e+01
   3.3238420e+06   1.8432617e+01
   3.3273080e+06   1.9714355e+01
   3.3274850e+06   2.0263672e+01
   3.3277900e+06   1.8371582e+01
   3.3282560e+06   1.8859863e+01
   3.3308690e+06   1.7150879e+01
   3.3317140e+06   7.3303223e+01
   3.3319850e+06   2.0568848e+01
   3.3320400e+06   1.9104004e+01
   3.3323920e+06   1.9958496e+01
   3.3325480e+06   2.4536133e+01
   3.3326350e+06   2.5817871e+01
   3.3326490e+06   1.7211914e+01
   3.3380850e+06   2.1728516e+01
   3.3389760e+06   1.6601562e+01
   3.3473680e+06   1.9104004e+01
   3.3479490e+06   1.6418457e+01
   3.3530920e+06   1.6418457e+01
   3.3533980e+06   1.8005371e+01
   3.3534200e+06   3.0700684e+01
   3.3534490e+06   2.1667480e+01
   3.3534680e+06   2.3620605e+01
   3.3564930e+06   1.8737793e+01
   3.3566640e+06   2.4414062e+01
   3.3569190e+06   1.9226074e+01
   3.3576900e+06   1.7761230e+01
   3.3581330e+06   1.9897461e+01
   3.3590320e+06   1.9042969e+01
   3.3630830e+06   2.0141602e+01
   3.3713650e+06   1.6906738e+01
   3.3719340e+06   1.9836426e+01
   3.3721800e+06   1.7883301e+01
   3.3724440e+06   1.7944336e+01
   3.3743390e+06   1.7272949e+01
   3.3794440e+06   1.8005371e+01
   3.3824660e+06   1.8249512e+01
   3.3842270e+06   1.7089844e+01
   3.3843230e+06   1.7944336e+01
   3.3845550e+06   2.0385742e+01
   3.3880370e+06   2.1789551e+01
   3.3882970e+06   1.6479492e+01
   3.3888690e+06   1.7944336e+01
   3.3889050e+06   2.0629883e+01
   3.3889590e+06   1.7822266e+01
   3.3893060e+06   2.1423340e+01
   3.3967630e+06   1.9531250e+01
   3.3969310e+06   1.7395020e+01
   3.3974730e+06   2.5878906e+01
   3.3975790e+06   6.7077637e+01
   3.3976200e+06   1.6296387e+01
   3.3976630e+06   1.8188477e+01
   3.3988640e+06   1.9775391e+01
   3.3991570e+06   2.4902344e+01
   3.3992080e+06   1.6296387e+01
   3.3992340e+06   1.8493652e+01
   3.3992530e+06   1.6723633e+01
   3.3996040e+06   1.6174316e+01
   3.4082040e+06   1.7272949e+01
   3.4087200e+06   2.3193359e+01
   3.4093130e+06   2.0507812e+01
   3.4114420e+06   1.7456055e+01
   3.4128830e+06   2.0751953e+01
   3.4135230e+06   1.6174316e+01
   3.4139940e+06   2.3437500e+01
   3.4140370e+06   1.6906738e+01
   3.4144490e+06   1.9958496e+01
   3.4144770e+06   1.9287109e+01
   3.4145030e+06   1.6967773e+01
   3.4145470e+06   1.9226074e+01
   3.4145880e+06   1.6540527e+01
   3.4147690e+06   2.7282715e+01
   3.4147980e+06   2.0568848e+01
   3.4148110e+06   1.8493652e+01
   3.4148520e+06   1.9348145e+01
   3.4150780e+06   1.8310547e+01
   3.4151020e+06   1.8615723e+01
   3.4152900e+06   2.1545410e+01
   3.4238890e+06   2.0935059e+01
   3.4241350e+06   1.6662598e+01
   3.4243370e+06   2.6184082e+01
   3.4316820e+06   2.3986816e+01
   3.4323060e+06   2.6306152e+01
   3.4332160e+06   1.7761230e+01
   3.4334700e+06   1.9226074e+01
   3.4335280e+06   2.9235840e+01
   3.4335480e+06   1.8127441e+01
   3.4338430e+06   1.7944336e+01
   3.4338940e+06   2.3254395e+01
   3.4339140e+06   1.8798828e+01
   3.4339640e+06   2.1789551e+01
   3.4340250e+06   1.8188477e+01
   3.4342630e+06   1.8798828e+01
   3.4343170e+06   2.4230957e+01
   3.4344540e+06   1.9470215e+01
   3.4344790e+06   2.3010254e+01
   3.4345040e+06   1.7395020e+01
   3.4422080e+06   1.6906738e+01
   3.4426680e+06   1.6906738e+01
   3.4428930e+06   2.0874023e+01
   3.4433290e+06   1.9165039e+01
   3.4433770e+06   1.7395020e+01
   3.4434380e+06   1.9226074e+01
   3.4437350e+06   1.7395020e+01
   3.4492800e+06   1.9653320e+01
   3.4519530e+06   1.6235352e+01
   3.4523290e+06   1.7578125e+01
   3.4528220e+06   1.9226074e+01
   3.4528620e+06   1.8066406e+01
   3.4528770e+06   1.7761230e+01
   3.4532120e+06   2.2338867e+01
   3.4562270e+06   1.9348145e+01
   3.4618610e+06   2.4963379e+01
   3.4664240e+06   1.8554688e+01
   3.4666110e+06   1.9165039e+01
   3.4672910e+06   2.3498535e+01
   3.4674960e+06   1.6662598e+01
   3.4684400e+06   2.3254395e+01
   3.4685250e+06   2.7221680e+01
   3.4700530e+06   1.6235352e+01
   3.4705840e+06   1.6784668e+01
   3.4708120e+06   1.8005371e+01
   3.4709940e+06   1.6784668e+01
   3.4711340e+06   1.8310547e+01
   3.4712270e+06   1.8798828e+01
   3.4713640e+06   2.4719238e+01
   3.4716600e+06   2.4108887e+01
   3.4717440e+06   1.8798828e+01
   3.4744320e+06   1.6357422e+01
   3.4847770e+06   2.0202637e+01
   3.4849810e+06   2.1545410e+01
   3.4850270e+06   1.8615723e+01
   3.4851080e+06   1.7272949e+01
   3.4852630e+06   1.7883301e+01
   3.4872020e+06   1.9836426e+01
   3.4876690e+06   1.9287109e+01
   3.4879010e+06   1.6479492e+01
   3.4888160e+06   1.6967773e+01
   3.4972120e+06   1.7395020e+01
   3.4978090e+06   1.6479492e+01
   3.4980680e+06   2.1240234e+01
   3.4981140e+06   1.9836426e+01
   3.4981590e+06   1.6906738e+01
   3.4981770e+06   1.8737793e+01
   3.5104340e+06   2.1301270e+01
   3.5107550e+06   2.0263672e+01
   3.5116680e+06   1.9592285e+01
   3.5123340e+06   1.7944336e+01
   3.5133950e+06   2.2460938e+01
   3.5136080e+06   1.9104004e+01
   3.5138810e+06   2.0385742e+01
   3.5139200e+06   2.0080566e+01
   3.5139490e+06   2.1240234e+01
   3.5139620e+06   2.2644043e+01
   3.5140320e+06   2.0141602e+01
   3.5140580e+06   1.7150879e+01
   3.5141340e+06   1.8676758e+01
   3.5141550e+06   2.6000977e+01
   3.5172200e+06   2.1301270e+01
   3.5210910e+06   2.0324707e+01
   3.5212950e+06   1.7333984e+01
   3.5215550e+06   2.0080566e+01
   3.5216670e+06   2.0141602e+01
   3.5222240e+06   2.1911621e+01
   3.5255660e+06   1.8188477e+01
   3.5257870e+06   1.6540527e+01
   3.5267030e+06   1.9470215e+01
   3.5268400e+06   1.9409180e+01
   3.5271420e+06   1.8981934e+01
   3.5278470e+06   2.1301270e+01
   3.5278590e+06   1.6723633e+01
   3.5278860e+06   1.7333984e+01
   3.5279330e+06   1.7517090e+01
   3.5279570e+06   2.7954102e+01
   3.5372250e+06   2.1301270e+01
   3.5378100e+06   1.8737793e+01
   3.5383100e+06   2.0446777e+01
   3.5386370e+06   2.1606445e+01
   3.5387250e+06   2.0935059e+01
   3.5389140e+06   1.9226074e+01
   3.5392420e+06   1.8859863e+01
   3.5392700e+06   2.0935059e+01
   3.5392890e+06   1.8615723e+01
   3.5393770e+06   1.7639160e+01
   3.5395580e+06   1.6296387e+01
   3.5395990e+06   3.2897949e+01
   3.5406180e+06   1.8981934e+01
   3.5411700e+06   1.7944336e+01
   3.5413310e+06   1.9409180e+01
   3.5415150e+06   1.8737793e+01
   3.5415420e+06   2.5573730e+01
   3.5495570e+06   1.9531250e+01
   3.5502450e+06   2.4047852e+01
   3.5506050e+06   1.6906738e+01
   3.5509090e+06   1.7517090e+01
   3.5511260e+06   1.6784668e+01
   3.5513540e+06   1.7150879e+01
   3.5515260e+06   2.2338867e+01
   3.5517890e+06   1.7333984e+01
   3.5520150e+06   1.6906738e+01
   3.5564070e+06   2.0019531e+01
   3.5569150e+06   1.9653320e+01
   3.5569850e+06   1.9042969e+01
   3.5592700e+06   1.8188477e+01
   3.5600720e+06   1.6723633e+01
   3.5610530e+06   1.9592285e+01
   3.5612000e+06   1.8188477e+01
   3.5612320e+06   1.6723633e+01
   3.5612680e+06   1.7517090e+01
   3.5612800e+06   1.8615723e+01
   3.5613340e+06   1.8920898e+01
   3.5615670e+06   2.0141602e+01
   3.5721470e+06   1.9042969e+01
   3.5727300e+06   2.9418945e+01
   3.5727490e+06   1.6906738e+01
   3.5727840e+06   2.3254395e+01
   3.5730720e+06   2.2155762e+01
   3.5730930e+06   1.8127441e+01
   3.5731070e+06   1.6418457e+01
   3.5734870e+06   2.1118164e+01
   3.5735950e+06   1.6235352e+01
   3.5739840e+06   2.0385742e+01
   3.5743720e+06   1.6296387e+01
   3.5745500e+06   2.3010254e+01
   3.5746160e+06   1.6723633e+01
   3.5768350e+06   2.0690918e+01
   3.5774660e+06   2.0385742e+01
   3.5802870e+06   1.6723633e+01
   3.5805940e+06   1.7395020e+01
   3.5808860e+06   1.8188477e+01
   3.5814130e+06   1.9104004e+01
   3.5859710e+06   1.6906738e+01
   3.5861690e+06   1.7333984e+01
   3.5862600e+06   2.2277832e+01
   3.5866050e+06   2.0202637e+01
   3.5868440e+06   1.6235352e+01
   3.5970330e+06   1.8859863e+01
   3.5973390e+06   1.9287109e+01
   3.5977170e+06   1.8249512e+01
   3.5977990e+06   1.8310547e+01
   3.5983450e+06   1.7333984e+01
   3.5984360e+06   1.6174316e+01
   3.5986580e+06   2.1667480e+01
   3.5987960e+06   2.4047852e+01
   3.5990160e+06   2.1789551e+01
   3.5990570e+06   1.7578125e+01
   3.5993760e+06   1.7700195e+01
   3.5996820e+06   1.8981934e+01
   3.5997100e+06   2.9541016e+01
   3.5998000e+06   1.9104004e+01
   3.5998360e+06   2.3254395e+01
   3.6003780e+06   1.9042969e+01
   3.6050710e+06   2.3925781e+01
   3.6152090e+06   2.1972656e+01
   3.6155510e+06   1.8676758e+01
   3.6165650e+06   2.0141602e+01
   3.6166970e+06   1.7578125e+01
   3.6176340e+06   1.8737793e+01
   3.6188960e+06   2.1179199e+01
   3.6230820e+06   2.0629883e+01
   3.6254730e+06   1.8310547e+01
   3.6255570e+06   1.6357422e+01
   3.6256660e+06   1.8737793e+01
   3.6257560e+06   3.1738281e+01
   3.6257800e+06   1.8432617e+01
   3.6309980e+06   1.9042969e+01
   3.6312370e+06   2.2155762e+01
   3.6396300e+06   2.0263672e+01
   3.6400280e+06   1.6662598e+01
   3.6400950e+06   1.6235352e+01
   3.6405940e+06   1.6967773e+01
   3.6408320e+06   1.9836426e+01
   3.6414570e+06   2.0446777e+01
   3.6416450e+06   1.6845703e+01
   3.6435870e+06   1.7028809e+01
   3.6439630e+06   2.2155762e+01
   3.6442250e+06   1.8005371e+01
   3.6444100e+06   1.7578125e+01
   3.6448820e+06   1.8249512e+01
   3.6552020e+06   1.7700195e+01
   3.6552890e+06   1.6479492e+01
   3.6566560e+06   1.9531250e+01
   3.6568300e+06   1.7761230e+01
   3.6574830e+06   1.7150879e+01
   3.6577660e+06   2.0446777e+01
   3.6579040e+06   1.6601562e+01
   3.6583300e+06   2.1057129e+01
   3.6664230e+06   1.8920898e+01
   3.6665770e+06   1.9348145e+01
   3.6668760e+06   1.6174316e+01
   3.6669180e+06   1.9348145e+01
   3.6685950e+06   4.7973633e+01
   3.6686700e+06   4.3395996e+01
   3.6687020e+06   4.7851563e+01
   3.6687440e+06   3.6010742e+01
   3.6687790e+06   2.8381348e+01
   3.6688150e+06   2.9052734e+01
   3.6688430e+06   1.6723633e+01
   3.6688810e+06   3.2409668e+01
   3.6689450e+06   1.6418457e+01
   3.6694460e+06   4.8583984e+01
   3.6694810e+06   2.9602051e+01
   3.6694990e+06   1.7395020e+01
   3.6695260e+06   2.0080566e+01
   3.6695590e+06   2.3010254e+01
   3.6695870e+06   1.6662598e+01
   3.6696340e+06   2.2827148e+01
   3.6696810e+06   2.3742676e+01
   3.6697220e+06   3.2531738e+01
   3.6698260e+06   3.3752441e+01
   3.6698780e+06   2.3437500e+01
   3.6699340e+06   1.7761230e+01
   3.6699900e+06   1.7456055e+01
   3.6700510e+06   2.1667480e+01
   3.6701090e+06   2.0507812e+01
   3.6701740e+06   2.0385742e+01
   3.6702420e+06   2.1667480e+01
   3.6703410e+06   2.9602051e+01
   3.6704260e+06   3.3996582e+01
   3.6704440e+06   1.8371582e+01
   3.6705110e+06   2.4414062e+01
   3.6706270e+06   2.0568848e+01
   3.6706580e+06   3.2653809e+01
   3.6709120e+06   2.1301270e+01
   3.6797780e+06   2.4597168e+01
   3.6800030e+06   2.4047852e+01
   3.6806320e+06   1.8371582e+01
   3.6903450e+06   2.0019531e+01
   3.6906770e+06   1.7456055e+01
   3.6908240e+06   2.1972656e+01
   3.6910130e+06   1.8737793e+01
   3.6910740e+06   1.7822266e+01
   3.6938050e+06   2.0324707e+01
   3.6943580e+06   1.7822266e+01
   3.6945000e+06   1.8981934e+01
   3.6949130e+06   1.9958496e+01
   3.6949330e+06   1.7272949e+01
   3.6949810e+06   1.7578125e+01
   3.7002650e+06   1.7517090e+01
   3.7004450e+06   1.9775391e+01
   3.7005400e+06   2.4230957e+01
   3.7013280e+06   1.8981934e+01
   3.7018100e+06   1.9470215e+01
   3.7018340e+06   2.0141602e+01
   3.7018780e+06   2.4719238e+01
   3.7053200e+06   1.8188477e+01
   3.7054750e+06   1.8798828e+01
   3.7056750e+06   1.9165039e+01
   3.7060360e+06   1.6723633e+01
   3.7204620e+06   1.9714355e+01
   3.7213930e+06   1.6845703e+01
   3.7214480e+06   2.3559570e+01
   3.7216530e+06   1.6845703e+01
   3.7217990e+06   2.0935059e+01
   3.7293390e+06   5.1086426e+01
   3.7293860e+06   6.0241699e+01
   3.7294050e+06   1.7517090e+01
   3.7294370e+06   2.6794434e+01
   3.7302270e+06   1.9104004e+01
   3.7306620e+06   2.2155762e+01
   3.7307540e+06   1.8920898e+01
   3.7359780e+06   2.0446777e+01
   3.7363310e+06   1.8371582e+01
   3.7364750e+06   1.9836426e+01
   3.7364910e+06   1.8859863e+01
   3.7365110e+06   1.7150879e+01
   3.7367450e+06   1.8493652e+01
   3.7402120e+06   1.8310547e+01
   3.7402730e+06   1.8493652e+01
   3.7402990e+06   1.7150879e+01
   3.7403160e+06   1.8920898e+01
   3.7403900e+06   2.0263672e+01
   3.7425720e+06   1.9836426e+01
   3.7427050e+06   2.6367188e+01
   3.7497790e+06   2.2766113e+01
   3.7499640e+06   2.2155762e+01
   3.7500570e+06   1.7456055e+01
   3.7503730e+06   1.7456055e+01
   3.7507200e+06   1.7150879e+01
   3.7508190e+06   2.2766113e+01
   3.7508540e+06   1.8432617e+01
   3.7509070e+06   2.2338867e+01
   3.7509680e+06   1.7272949e+01
   3.7510060e+06   1.9470215e+01
   3.7514500e+06   1.9287109e+01
   3.7537830e+06   1.9042969e+01
   3.7539680e+06   1.6174316e+01
   3.7568960e+06   1.9165039e+01
   3.7572900e+06   1.8005371e+01
   3.7573300e+06   1.8859863e+01
   3.7573860e+06   2.0019531e+01
   3.7650950e+06   2.0874023e+01
   3.7666650e+06   1.8310547e+01
   3.7669510e+06   2.0935059e+01
   3.7673460e+06   2.1057129e+01
   3.7682870e+06   1.6296387e+01
   3.7684810e+06   1.6235352e+01
   3.7685630e+06   1.7700195e+01
   3.7688770e+06   1.8249512e+01
   3.7728640e+06   1.6967773e+01
   3.7730860e+06   1.8249512e+01
   3.7732270e+06   1.9836426e+01
   3.7734220e+06   1.8005371e+01
   3.7737490e+06   1.8554688e+01
   3.7738720e+06   3.4362793e+01
   3.7742990e+06   1.7150879e+01
   3.7789380e+06   2.1484375e+01
   3.7791030e+06   1.8249512e+01
   3.7793460e+06   1.9226074e+01
   3.7794700e+06   2.1545410e+01
   3.7800060e+06   1.8737793e+01
   3.7802030e+06   1.6601562e+01
   3.7809350e+06   1.9104004e+01
   3.7809650e+06   2.4841309e+01
   3.7810130e+06   1.7456055e+01
   3.7810550e+06   1.9348145e+01
   3.7810880e+06   1.7883301e+01
   3.7812460e+06   1.7639160e+01
   3.7812760e+06   2.5939941e+01
   3.7814360e+06   1.8981934e+01
   3.7814520e+06   1.6479492e+01
   3.7814760e+06   2.4841309e+01
   3.7815680e+06   1.6784668e+01
   3.7816690e+06   2.5695801e+01
   3.7846290e+06   1.7028809e+01
   3.7899280e+06   1.7761230e+01
   3.7905030e+06   2.4047852e+01
   3.7912060e+06   1.6296387e+01
   3.7918030e+06   1.8371582e+01
   3.7920000e+06   1.6540527e+01
   3.7920470e+06   1.8798828e+01
   3.7920790e+06   2.5817871e+01
   3.7920950e+06   2.3986816e+01
   3.7921130e+06   1.6601562e+01
   3.7922060e+06   2.4536133e+01
   3.7948030e+06   1.8920898e+01
   3.7958680e+06   1.8981934e+01
   3.7962160e+06   1.8371582e+01
   3.7963970e+06   1.7517090e+01
   3.7966470e+06   2.0568848e+01
   3.7966820e+06   2.0507812e+01
   3.7984380e+06   2.1911621e+01
   3.8072750e+06   1.6906738e+01
   3.8079870e+06   1.7089844e+01
   3.8085100e+06   1.8371582e+01
   3.8090470e+06   1.6967773e+01
   3.8092420e+06   2.0263672e+01
   3.8092770e+06   2.3742676e+01
   3.8093200e+06   1.9287109e+01
   3.8094150e+06   1.9836426e+01
   3.8096820e+06   1.7456055e+01
   3.8121460e+06   1.6174316e+01
   3.8151650e+06   1.9409180e+01
   3.8156950e+06   7.5805664e+01
   3.8157190e+06   2.0568848e+01
   3.8157440e+06   6.3598633e+01
   3.8157910e+06   3.3142090e+01
   3.8158090e+06   2.4780273e+01
   3.8158410e+06   1.7150879e+01
   3.8158570e+06   1.9958496e+01
   3.8260440e+06   1.9165039e+01
   3.8264580e+06   1.7089844e+01
   3.8265980e+06   2.2644043e+01
   3.8266620e+06   1.8981934e+01
   3.8267220e+06   2.0324707e+01
   3.8274300e+06   1.8188477e+01
   3.8276810e+06   1.8981934e+01
   3.8278850e+06   2.4597168e+01
   3.8279050e+06   3.0517578e+01
   3.8279370e+06   1.6723633e+01
   3.8281570e+06   1.9653320e+01
   3.8381560e+06   1.6479492e+01
   3.8386710e+06   1.8493652e+01
   3.8391430e+06   1.8676758e+01
   3.8393780e+06   2.1728516e+01
   3.8399290e+06   2.5146484e+01
   3.8399480e+06   1.6601562e+01
   3.8399880e+06   1.7333984e+01
   3.8405090e+06   1.8737793e+01
   3.8405660e+06   2.0507812e+01
   3.8409480e+06   1.7395020e+01
   3.8410300e+06   2.3620605e+01
   3.8412830e+06   1.7700195e+01
   3.8415300e+06   1.9958496e+01
   3.8420140e+06   1.8249512e+01
   3.8422100e+06   2.1423340e+01
   3.8424770e+06   1.7028809e+01
   3.8425050e+06   1.9165039e+01
   3.8425280e+06   1.7089844e+01
   3.8515140e+06   1.7028809e+01
   3.8517320e+06   2.1545410e+01
   3.8520370e+06   1.6418457e+01
   3.8522610e+06   1.8005371e+01
   3.8524120e+06   1.6906738e+01
   3.8526300e+06   1.7456055e+01
   3.8530200e+06   1.6784668e+01
   3.8530560e+06   2.9479980e+01
   3.8531260e+06   1.8737793e+01
   3.8531370e+06   2.6550293e+01
   3.8531590e+06   1.8066406e+01
   3.8531810e+06   1.7395020e+01
   3.8553300e+06   1.6540527e+01
   3.8563760e+06   1.8432617e+01
   3.8651760e+06   1.7944336e+01
   3.8655640e+06   2.7404785e+01
   3.8659910e+06   1.6601562e+01
   3.8660650e+06   2.0751953e+01
   3.8662360e+06   1.6357422e+01
   3.8667870e+06   1.8310547e+01
   3.8668850e+06   2.2827148e+01
   3.8763940e+06   1.9653320e+01
   3.8764860e+06   2.0874023e+01
   3.8766230e+06   1.9226074e+01
   3.8783380e+06   1.7639160e+01
   3.8785860e+06   1.7333984e+01
   3.8786830e+06   1.8249512e+01
   3.8787050e+06   3.0395508e+01
   3.8787150e+06   2.1240234e+01
   3.8790630e+06   2.3437500e+01
   3.8791860e+06   2.1484375e+01
   3.8792340e+06   2.2460938e+01
   3.8792450e+06   2.0874023e+01
   3.8803690e+06   2.2399902e+01
   3.8869120e+06   2.1484375e+01
   3.8874830e+06   1.7883301e+01
   3.8875570e+06   1.7456055e+01
   3.8949540e+06   1.8737793e+01
   3.8951340e+06   1.6906738e+01
   3.8953870e+06   1.7578125e+01
   3.8976820e+06   1.9104004e+01
   3.8978060e+06   2.0812988e+01
   3.8979060e+06   1.7944336e+01
   3.8980130e+06   1.6174316e+01
   3.8980450e+06   1.7211914e+01
   3.8982790e+06   2.5085449e+01
   3.8983320e+06   1.8981934e+01
   3.8984250e+06   2.2705078e+01
   3.8998560e+06   1.8737793e+01
   3.9000830e+06   1.6845703e+01
   3.9053640e+06   1.7578125e+01
   3.9054270e+06   1.7395020e+01
   3.9057180e+06   1.8066406e+01
   3.9061200e+06   1.7883301e+01
   3.9062760e+06   2.4047852e+01
   3.9069300e+06   1.8676758e+01
   3.9074810e+06   2.3559570e+01
   3.9075970e+06   1.7639160e+01
   3.9077420e+06   2.0690918e+01
   3.9078000e+06   2.2949219e+01
   3.9169430e+06   1.8127441e+01
   3.9173510e+06   1.6174316e+01
   3.9176650e+06   1.6906738e+01
   3.9200240e+06   1.8554688e+01
   3.9201210e+06   1.8554688e+01
   3.9204050e+06   2.1911621e+01
   3.9204520e+06   2.7893066e+01
   3.9204690e+06   2.0568848e+01
   3.9204890e+06   2.2949219e+01
   3.9205570e+06   1.6845703e+01
   3.9207480e+06   1.8859863e+01
   3.9275080e+06   1.7150879e+01
   3.9276110e+06   2.2583008e+01
   3.9278900e+06   2.2766113e+01
   3.9290290e+06   2.0202637e+01
   3.9290940e+06   1.8066406e+01
   3.9294570e+06   2.5817871e+01
   3.9294890e+06   1.9165039e+01
   3.9294990e+06   2.3071289e+01
   3.9295170e+06   1.8981934e+01
   3.9296300e+06   1.9165039e+01
   3.9383200e+06   1.6906738e+01
   3.9389650e+06   1.9104004e+01
   3.9390280e+06   1.7883301e+01
   3.9393070e+06   1.9287109e+01
   3.9393590e+06   1.8859863e+01
   3.9394230e+06   1.9409180e+01
   3.9397080e+06   1.9714355e+01
   3.9398050e+06   1.6540527e+01
   3.9399220e+06   1.8066406e+01
   3.9400530e+06   1.9226074e+01
   3.9405500e+06   2.3193359e+01
   3.9406740e+06   2.0080566e+01
   3.9408890e+06   1.7089844e+01
   3.9411040e+06   2.1057129e+01
   3.9431420e+06   1.8249512e+01
   3.9431790e+06   1.9592285e+01
   3.9432220e+06   1.8066406e+01
   3.9434550e+06   2.3925781e+01
   3.9435140e+06   2.2338867e+01
   3.9435630e+06   1.8432617e+01
   3.9436650e+06   2.7526855e+01
   3.9440700e+06   1.8554688e+01
   3.9442150e+06   2.1545410e+01
   3.9445200e+06   1.7761230e+01
   3.9538200e+06   1.6540527e+01
   3.9542900e+06   1.7272949e+01
   3.9546640e+06   1.7028809e+01
   3.9554170e+06   2.3437500e+01
   3.9617380e+06   1.8005371e+01
   3.9653770e+06   1.8249512e+01
   3.9657450e+06   2.0080566e+01
   3.9659070e+06   2.0324707e+01
   3.9662650e+06   1.7028809e+01
   3.9662810e+06   1.9165039e+01
   3.9667430e+06   2.3803711e+01
   3.9667950e+06   1.9836426e+01
   3.9668460e+06   2.0141602e+01
   3.9670410e+06   2.1850586e+01
   3.9675280e+06   2.0568848e+01
   3.9675700e+06   1.7639160e+01
   3.9676240e+06   1.8859863e+01
   3.9676450e+06   1.6479492e+01
   3.9677400e+06   1.7211914e+01
   3.9679520e+06   1.8493652e+01
   3.9679990e+06   1.8127441e+01
   3.9680150e+06   1.9592285e+01
   3.9709330e+06   1.6967773e+01
   3.9712750e+06   1.9775391e+01
   3.9818310e+06   1.7272949e+01
   3.9825310e+06   1.7761230e+01
   3.9826280e+06   2.0019531e+01
   3.9826780e+06   1.6967773e+01
   3.9836760e+06   1.7883301e+01
   3.9842980e+06   1.6479492e+01
   3.9845380e+06   2.0874023e+01
   3.9846730e+06   2.1545410e+01
   3.9847170e+06   2.2521973e+01
   3.9848150e+06   2.0935059e+01
   3.9851170e+06   1.7395020e+01
   3.9852110e+06   1.8615723e+01
   3.9852320e+06   1.9958496e+01
   3.9919490e+06   2.1667480e+01
   3.9920620e+06   1.9958496e+01
   3.9923200e+06   1.7272949e+01
   3.9930240e+06   1.9653320e+01
   3.9933840e+06   1.7517090e+01
   3.9937560e+06   2.2033691e+01
   3.9940940e+06   2.2338867e+01
   3.9942250e+06   1.8920898e+01
   3.9943770e+06   1.7272949e+01
   3.9973030e+06   2.6855469e+01
   3.9975740e+06   1.9348145e+01
   3.9979930e+06   2.2033691e+01
   3.9980280e+06   1.7211914e+01
   4.0070640e+06   1.9226074e+01
   4.0078570e+06   1.8493652e+01
   4.0078940e+06   1.7883301e+01
   4.0079260e+06   1.6296387e+01
   4.0081090e+06   2.4108887e+01
   4.0081700e+06   1.6662598e+01
   4.0086320e+06   2.1545410e+01
   4.0088740e+06   1.9714355e+01
   4.0119420e+06   1.6235352e+01
   4.0119670e+06   1.7822266e+01
   4.0119940e+06   1.8005371e+01
   4.0121220e+06   2.1972656e+01
   4.0124980e+06   1.9775391e+01
   4.0130980e+06   1.6418457e+01
   4.0139140e+06   1.8371582e+01
   4.0142520e+06   1.8615723e+01
   4.0199270e+06   1.8798828e+01
   4.0199450e+06   2.0141602e+01
   4.0204310e+06   2.0263672e+01
   4.0207010e+06   1.6479492e+01
   4.0210720e+06   1.7944336e+01
   4.0289250e+06   1.6235352e+01
   4.0289630e+06   1.6662598e+01
   4.0292060e+06   1.7578125e+01
   4.0320630e+06   2.1850586e+01
   4.0321320e+06   1.9592285e+01
   4.0323890e+06   2.7099609e+01
   4.0324330e+06   1.9836426e+01
   4.0324680e+06   2.7282715e+01
   4.0324910e+06   1.6540527e+01
   4.0325120e+06   1.7517090e+01
   4.0326230e+06   2.4475098e+01
   4.0327000e+06   1.7272949e+01
   4.0387360e+06   1.7272949e+01
   4.0390260e+06   1.7578125e+01
   4.0390710e+06   1.6784668e+01
   4.0399060e+06   1.6174316e+01
   4.0400340e+06   2.2338867e+01
   4.0404340e+06   1.6784668e+01
   4.0423160e+06   1.6357422e+01
   4.0429720e+06   1.8615723e+01
   4.0437780e+06   2.3315430e+01
   4.0438210e+06   1.8920898e+01
   4.0438460e+06   1.1767578e+02
   4.0438910e+06   1.0589600e+02
   4.0439780e+06   1.9653320e+01
   4.0440430e+06   1.9409180e+01
   4.0442250e+06   2.6123047e+01
   4.0447300e+06   1.6784668e+01
   4.0448610e+06   1.6906738e+01
   4.0450100e+06   1.9287109e+01
   4.0558170e+06   1.9287109e+01
   4.0560740e+06   1.7578125e+01
   4.0562610e+06   2.0446777e+01
   4.0567570e+06   1.8798828e+01
   4.0596300e+06   2.6855469e+01
   4.0596540e+06   3.4423828e+01
   4.0613220e+06   1.8371582e+01
   4.0615660e+06   1.6784668e+01
   4.0616640e+06   1.8798828e+01
   4.0616830e+06   2.1667480e+01
   4.0618490e+06   2.2766113e+01
   4.0618750e+06   1.7272949e+01
   4.0619030e+06   2.1057129e+01
   4.0621650e+06   1.6601563e+01
   4.0727520e+06   2.1850586e+01
   4.0728210e+06   1.7578125e+01
   4.0735440e+06   1.9104004e+01
   4.0738340e+06   1.9897461e+01
   4.0768450e+06   2.2155762e+01
   4.0768840e+06   1.7028809e+01
   4.0769700e+06   2.4414062e+01
   4.0771280e+06   1.6662598e+01
   4.0850420e+06   1.6235352e+01
   4.0857960e+06   1.6784668e+01
   4.0858060e+06   1.7944336e+01
   4.0861740e+06   1.6723633e+01
   4.0863040e+06   1.7517090e+01
   4.0863450e+06   1.7639160e+01
   4.0863760e+06   2.5329590e+01
   4.0945790e+06   1.7517090e+01
   4.0946430e+06   2.6062012e+01
   4.0947000e+06   1.6967773e+01
   4.0948230e+06   2.3925781e+01
   4.0951560e+06   2.0080566e+01
   4.0952920e+06   1.9592285e+01
   4.0953270e+06   1.9104004e+01
   4.0956530e+06   1.7211914e+01
   4.0962190e+06   1.6235352e+01
   4.0963370e+06   2.0812988e+01
   4.0963870e+06   2.1118164e+01
   4.0965690e+06   1.7089844e+01
   4.0966430e+06   1.9470215e+01
   4.0967920e+06   1.6601562e+01
   4.1001500e+06   2.1484375e+01
   4.1002280e+06   2.1545410e+01
   4.1002410e+06   1.6296387e+01
   4.1112620e+06   1.6540527e+01
   4.1113030e+06   1.6174316e+01
   4.1113390e+06   1.7456055e+01
   4.1117170e+06   1.9775391e+01
   4.1119860e+06   1.7639160e+01
   4.1120040e+06   2.2827148e+01
   4.1121830e+06   1.6601562e+01
   4.1155630e+06   2.0263672e+01
   4.1156440e+06   2.9968262e+01
   4.1156720e+06   1.7456055e+01
   4.1161210e+06   1.6845703e+01
   4.1163990e+06   1.6601562e+01
   4.1181220e+06   1.9958496e+01
   4.1191340e+06   2.4108887e+01
   4.1191560e+06   2.0507812e+01
   4.1259160e+06   1.7822266e+01
   4.1265440e+06   2.3254395e+01
   4.1273080e+06   1.7150879e+01
   4.1273500e+06   1.8859863e+01
   4.1274550e+06   1.6479492e+01
   4.1275160e+06   1.7089844e+01
   4.1277470e+06   1.7028809e+01
   4.1278330e+06   2.2033691e+01
   4.1282110e+06   2.3803711e+01
   4.1287420e+06   2.1728516e+01
   4.1308870e+06   1.6235352e+01
   4.1320880e+06   2.4230957e+01
   4.1321070e+06   1.8066406e+01
   4.1322540e+06   1.6906738e+01
   4.1337220e+06   1.8493652e+01
   4.1337620e+06   2.1728516e+01
   4.1338010e+06   2.0690918e+01
   4.1338270e+06   1.6723633e+01
   4.1340470e+06   1.9897461e+01
   4.1446640e+06   2.1362305e+01
   4.1448550e+06   1.6296387e+01
   4.1451760e+06   1.6784668e+01
   4.1458590e+06   1.6723633e+01
   4.1505910e+06   1.6662598e+01
   4.1506510e+06   2.1728516e+01
   4.1509450e+06   2.0751953e+01
   4.1511670e+06   1.8432617e+01
   4.1542710e+06   2.2949219e+01
   4.1546400e+06   1.9348145e+01
   4.1547800e+06   1.9653320e+01
   4.1550180e+06   2.2705078e+01
   4.1550400e+06   2.2033691e+01
   4.1550510e+06   1.8066406e+01
   4.1553000e+06   1.8859863e+01
   4.1612640e+06   1.6174316e+01
   4.1620790e+06   1.8005371e+01
   4.1621180e+06   1.8310547e+01
   4.1621560e+06   1.8371582e+01
   4.1623290e+06   1.6723633e+01
   4.1624730e+06   1.6906738e+01
   4.1687480e+06   1.6174316e+01
   4.1687850e+06   2.0019531e+01
   4.1690770e+06   1.6784668e+01
   4.1697150e+06   2.2216797e+01
   4.1697600e+06   1.6296387e+01
   4.1699570e+06   2.1118164e+01
   4.1700850e+06   2.2827148e+01
   4.1765380e+06   1.7639160e+01
   4.1772280e+06   2.3315430e+01
   4.1777550e+06   2.5268555e+01
   4.1778420e+06   1.7456055e+01
   4.1779340e+06   2.5451660e+01
   4.1780010e+06   1.9958496e+01
   4.1780590e+06   1.6601563e+01
   4.1781630e+06   2.2216797e+01
   4.1783490e+06   1.7333984e+01
   4.1783630e+06   1.9409180e+01
   4.1792350e+06   1.8127441e+01
   4.1867190e+06   1.6540527e+01
   4.1869070e+06   1.7578125e+01
   4.1872910e+06   3.0212402e+01
   4.1873280e+06   1.6906738e+01
   4.1873380e+06   2.2888184e+01
   4.1874170e+06   1.7395020e+01
   4.1875110e+06   2.0202637e+01
   4.1875450e+06   1.6601563e+01
   4.1875970e+06   1.7517090e+01
   4.1876370e+06   1.7883301e+01
   4.1876550e+06   1.8615723e+01
   4.1879300e+06   1.7395020e+01
   4.1879670e+06   1.9226074e+01
   4.1880730e+06   1.7883301e+01
   4.1907450e+06   1.8554688e+01
   4.1909430e+06   1.7272949e+01
   4.1910620e+06   1.7822266e+01
   4.2002860e+06   1.7272949e+01
   4.2010320e+06   1.7150879e+01
   4.2012600e+06   1.8615723e+01
   4.2015030e+06   2.4536133e+01
   4.2024850e+06   1.6296387e+01
   4.2030100e+06   1.8920898e+01
   4.2051650e+06   1.6296387e+01
   4.2056290e+06   2.1240234e+01
   4.2056550e+06   1.9653320e+01
   4.2061600e+06   2.1789551e+01
   4.2061810e+06   1.8859863e+01
   4.2063020e+06   1.8371582e+01
   4.2065020e+06   1.6357422e+01
   4.2065890e+06   1.6174316e+01
   4.2149980e+06   1.6357422e+01
   4.2154630e+06   1.6174316e+01
   4.2164500e+06   1.6601562e+01
   4.2166750e+06   1.9897461e+01
   4.2185890e+06   1.6601562e+01
   4.2187820e+06   1.9226074e+01
   4.2189330e+06   1.6601562e+01
   4.2192270e+06   1.8371582e+01
   4.2192450e+06   1.8554688e+01
   4.2194530e+06   1.8310547e+01
   4.2195500e+06   2.0202637e+01
   4.2201980e+06   1.8310547e+01
   4.2298350e+06   1.9775391e+01
   4.2299940e+06   1.7944336e+01
   4.2302130e+06   2.6428223e+01
   4.2302520e+06   1.7028809e+01
   4.2302770e+06   2.1057129e+01
   4.2317120e+06   1.6906738e+01
   4.2318570e+06   1.8371582e+01
   4.2324890e+06   2.2399902e+01
   4.2325360e+06   2.0935059e+01
   4.2325750e+06   1.9714355e+01
   4.2327640e+06   1.6784668e+01
   4.2331270e+06   2.8625488e+01
   4.2333540e+06   1.9714355e+01
   4.2339360e+06   1.9470215e+01
   4.2339910e+06   2.3864746e+01
   4.2340610e+06   2.2277832e+01
   4.2452200e+06   1.8310547e+01
   4.2453540e+06   2.7282715e+01
   4.2454750e+06   1.6296387e+01
   4.2457280e+06   1.9042969e+01
   4.2460030e+06   1.8066406e+01
   4.2461390e+06   2.2827148e+01
   4.2462170e+06   1.9897461e+01
   4.2462400e+06   1.7517090e+01
   4.2475640e+06   1.8127441e+01
   4.2477620e+06   1.7333984e+01
   4.2478020e+06   1.8859863e+01
   4.2478300e+06   1.8615723e+01
   4.2478630e+06   1.6235352e+01
   4.2482350e+06   1.7089844e+01
   4.2538100e+06   1.7883301e+01
   4.2540300e+06   1.7150879e+01
   4.2547210e+06   1.6906738e+01
   4.2549780e+06   2.7160645e+01
   4.2550270e+06   2.4047852e+01
   4.2550640e+06   2.0812988e+01
   4.2553110e+06   1.6296387e+01
   4.2613610e+06   1.8554688e+01
   4.2614650e+06   2.1118164e+01
   4.2621640e+06   1.8188477e+01
   4.2676430e+06   1.8310547e+01
   4.2684990e+06   1.9714355e+01
   4.2699300e+06   2.1911621e+01
   4.2699690e+06   1.7456055e+01
   4.2702900e+06   2.0935059e+01
   4.2703760e+06   1.8615723e+01
   4.2715670e+06   1.9226074e+01
   4.2728970e+06   1.3159180e+02
   4.2729520e+06   2.4658203e+01
   4.2731520e+06   2.1850586e+01
   4.2733250e+06   2.3437500e+01
   4.2739280e+06   1.8066406e+01
   4.2740530e+06   2.0446777e+01
   4.2741090e+06   2.3559570e+01
   4.2742500e+06   1.8615723e+01
   4.2744250e+06   2.0385742e+01
   4.2745160e+06   2.2583008e+01
   4.2745400e+06   1.9714355e+01
   4.2765060e+06   1.8432617e+01
   4.2773020e+06   2.0874023e+01
   4.2773450e+06   2.0568848e+01
   4.2900490e+06   1.8127441e+01
   4.2905440e+06   2.0263672e+01
   4.2908280e+06   2.0874023e+01
   4.2909310e+06   1.7700195e+01
   4.2912190e+06   1.7822266e+01
   4.2912700e+06   1.9714355e+01
   4.2987060e+06   1.9714355e+01
   4.2997880e+06   2.3254395e+01
   4.3003160e+06   1.6967773e+01
   4.3006960e+06   2.1850586e+01
   4.3013570e+06   1.9104004e+01
   4.3043310e+06   1.8981934e+01
   4.3047040e+06   1.8981934e+01
   4.3059440e+06   1.7395020e+01
   4.3082930e+06   1.8371582e+01
   4.3088730e+06   1.8737793e+01
   4.3092950e+06   2.6000977e+01
   4.3093250e+06   1.9775391e+01
   4.3093910e+06   2.7526855e+01
   4.3094030e+06   2.1484375e+01
   4.3102800e+06   1.7028809e+01
   4.3172060e+06   2.3742676e+01
   4.3172540e+06   1.6662598e+01
   4.3179070e+06   2.0507812e+01
   4.3284080e+06   1.9592285e+01
   4.3284990e+06   1.9409180e+01
   4.3287980e+06   1.9775391e+01
   4.3291280e+06   2.4169922e+01
   4.3292020e+06   2.1179199e+01
   4.3292530e+06   2.0202637e+01
   4.3292810e+06   1.6479492e+01
   4.3294530e+06   2.0568848e+01
   4.3383950e+06   2.3986816e+01
   4.3386530e+06   1.8737793e+01
   4.3391340e+06   1.6906738e+01
   4.3393580e+06   1.9592285e+01
   4.3394050e+06   1.7761230e+01
   4.3394750e+06   2.6184082e+01
   4.3394900e+06   1.6662598e+01
   4.3395720e+06   2.5939941e+01
   4.3403670e+06   1.7272949e+01
   4.3418490e+06   2.3437500e+01
   4.3418590e+06   1.6662598e+01
   4.3419110e+06   2.4719238e+01
   4.3419270e+06   3.2653809e+01
   4.3546380e+06   1.6662598e+01
   4.3552930e+06   1.8066406e+01
   4.3553360e+06   1.6296387e+01
   4.3554370e+06   1.6845703e+01
   4.3555320e+06   2.0935059e+01
   4.3557990e+06   1.6296387e+01
   4.3558680e+06   2.1545410e+01
   4.3561400e+06   1.7700195e+01
   4.3571680e+06   1.6540527e+01
   4.3576090e+06   1.7944336e+01
   4.3579630e+06   1.8188477e+01
   4.3579880e+06   1.7211914e+01
   4.3580400e+06   2.5512695e+01
   4.3674060e+06   1.8066406e+01
   4.3675430e+06   1.9165039e+01
   4.3687770e+06   2.0202637e+01
   4.3690060e+06   2.0141602e+01
   4.3690620e+06   2.4841309e+01
   4.3691400e+06   1.9104004e+01
   4.3760230e+06   1.8432617e+01
   4.3763850e+06   2.5024414e+01
   4.3766600e+06   2.3925781e+01
   4.3767360e+06   1.9042969e+01
   4.3769150e+06   1.7700195e+01
   4.3772250e+06   1.9165039e+01
   4.3772570e+06   2.2094727e+01
   4.3855820e+06   1.8554688e+01
   4.3857150e+06   1.6723633e+01
   4.3858500e+06   1.8188477e+01
   4.3880590e+06   2.8930664e+01
   4.3880890e+06   2.0263672e+01
   4.3881120e+06   1.8249512e+01
   4.3881300e+06   1.8676758e+01
   4.3881890e+06   3.7353516e+01
   4.3976050e+06   2.0812988e+01
   4.3979990e+06   2.2399902e+01
   4.3980310e+06   1.6601562e+01
   4.3983030e+06   2.0324707e+01
   4.3983980e+06   1.9348145e+01
   4.3984160e+06   1.9470215e+01
   4.3985200e+06   1.6418457e+01
   4.4067910e+06   2.4108887e+01
   4.4072310e+06   2.1850586e+01
   4.4075190e+06   2.0874023e+01
   4.4075630e+06   1.8920898e+01
   4.4102370e+06   2.2033691e+01
   4.4110540e+06   1.9042969e+01
   4.4111610e+06   1.6357422e+01
   4.4114900e+06   1.9165039e+01
   4.4209060e+06   1.7578125e+01
   4.4209300e+06   2.1301270e+01
   4.4209410e+06   1.8554688e+01
   4.4209730e+06   2.0690918e+01
   4.4212100e+06   1.9165039e+01
   4.4235860e+06   1.6845703e+01
   4.4236370e+06   2.2460938e+01
   4.4236930e+06   2.1484375e+01
   4.4237070e+06   1.8005371e+01
   4.4237530e+06   2.8808594e+01
   4.4238540e+06   2.0141602e+01
   4.4276850e+06   2.2399902e+01
   4.4277770e+06   1.8127441e+01
   4.4278360e+06   2.0263672e+01
   4.4279130e+06   1.7333984e+01
   4.4279650e+06   1.8554688e+01
   4.4279760e+06   2.5024414e+01
   4.4284100e+06   1.8188477e+01
   4.4284630e+06   1.8920898e+01
   4.4352460e+06   1.6418457e+01
   4.4355640e+06   2.1423340e+01
   4.4358410e+06   2.0385742e+01
   4.4359110e+06   2.4169922e+01
   4.4392250e+06   1.9592285e+01
   4.4393470e+06   1.7578125e+01
   4.4394580e+06   2.1179199e+01
   4.4395580e+06   1.7761230e+01
   4.4396060e+06   2.0996094e+01
   4.4396410e+06   1.7517090e+01
   4.4431280e+06   1.7639160e+01
   4.4433590e+06   1.6662598e+01
   4.4433980e+06   2.9968262e+01
   4.4434270e+06   2.2949219e+01
   4.4434530e+06   2.0935059e+01
   4.4434690e+06   1.6601562e+01
   4.4440470e+06   2.0446777e+01
   4.4529140e+06   1.7944336e+01
   4.4529520e+06   1.6357422e+01
   4.4546010e+06   1.7089844e+01
   4.4546320e+06   2.0874023e+01
   4.4631850e+06   2.2521973e+01
   4.4632580e+06   1.6662598e+01
   4.4632750e+06   2.0629883e+01
   4.4633950e+06   1.6418457e+01
   4.4713410e+06   1.7700195e+01
   4.4714050e+06   2.5817871e+01
   4.4716430e+06   2.6733398e+01
   4.4718080e+06   2.0629883e+01
   4.4742250e+06   2.0385742e+01
   4.4743030e+06   1.8493652e+01
   4.4743330e+06   1.7272949e+01
   4.4744570e+06   2.3315430e+01
   4.4841230e+06   1.6784668e+01
   4.4845880e+06   2.3925781e+01
   4.4847380e+06   1.7333984e+01
   4.4851590e+06   1.6967773e+01
   4.4852320e+06   1.6723633e+01
   4.4865670e+06   2.6611328e+01
   4.4866070e+06   1.9165039e+01
   4.4866780e+06   2.0812988e+01
   4.4867830e+06   1.9409180e+01
   4.4868020e+06   1.6418457e+01
   4.4962990e+06   1.7578125e+01
   4.4966010e+06   1.7272949e+01
   4.4968580e+06   2.2583008e+01
   4.4969400e+06   1.6174316e+01
   4.4970190e+06   2.3315430e+01
   4.4971020e+06   1.7822266e+01
   4.4971210e+06   1.7150879e+01
   4.4971400e+06   1.6174316e+01
   4.5059490e+06   2.0874023e+01
   4.5060350e+06   1.6906738e+01
   4.5060470e+06   2.4536133e+01
   4.5061330e+06   1.7150879e+01
   4.5061550e+06   1.6967773e+01
   4.5064440e+06   1.8005371e+01
   4.5119750e+06   2.1850586e+01
   4.5121340e+06   2.1606445e+01
   4.5121740e+06   1.6723633e+01
   4.5122180e+06   1.9775391e+01
   4.5188520e+06   1.6906738e+01
   4.5191490e+06   1.6174316e+01
   4.5192150e+06   1.8920898e+01
   4.5193140e+06   1.6784668e+01
   4.5194520e+06   1.6418457e+01
   4.5256480e+06   1.8188477e+01
   4.5258880e+06   2.0996094e+01
   4.5263260e+06   1.9653320e+01
   4.5264810e+06   1.9470215e+01
   4.5267970e+06   1.7517090e+01
   4.5268920e+06   1.8981934e+01
   4.5271230e+06   1.7578125e+01
   4.5271350e+06   1.7150879e+01
   4.5364760e+06   1.7395020e+01
   4.5365170e+06   1.6296387e+01
   4.5365350e+06   1.9531250e+01
   4.5365690e+06   2.3315430e+01
   4.5366390e+06   2.0202637e+01
   4.5366650e+06   1.6174316e+01
   4.5367520e+06   1.6906738e+01
   4.5368460e+06   1.6174316e+01
   4.5368840e+06   1.9531250e+01
   4.5465580e+06   2.2094727e+01
   4.5472080e+06   1.7944336e+01
   4.5472440e+06   1.8310547e+01
   4.5473170e+06   1.8615723e+01
   4.5473400e+06   1.6784668e+01
   4.5556240e+06   1.6601562e+01
   4.5560460e+06   1.9775391e+01
   4.5561370e+06   1.6967773e+01
   4.5562410e+06   2.5146484e+01
   4.5563100e+06   1.9348145e+01
   4.5563230e+06   1.8493652e+01
   4.5631330e+06   1.9836426e+01
   4.5643310e+06   1.9165039e+01
   4.5643620e+06   2.4169922e+01
   4.5644140e+06   1.7517090e+01
   4.5644500e+06   1.7456055e+01
   4.5645400e+06   1.7639160e+01
   4.5645550e+06   1.9104004e+01
   4.5719160e+06   1.7456055e+01
   4.5719630e+06   1.8188477e+01
   4.5722310e+06   2.1179199e+01
   4.5724270e+06   1.6845703e+01
   4.5724520e+06   1.9409180e+01
   4.5791240e+06   2.3132324e+01
   4.5797530e+06   1.8005371e+01
   4.5797770e+06   1.7517090e+01
   4.5798500e+06   1.6235352e+01
   4.5799420e+06   2.2766113e+01
   4.5799660e+06   1.7395020e+01
   4.5799910e+06   1.6601562e+01
   4.5802500e+06   1.7761230e+01
   4.5859040e+06   1.6601562e+01
   4.5861970e+06   1.7333984e+01
   4.5863200e+06   2.2949219e+01
   4.5863900e+06   1.6418457e+01
   4.5864520e+06   1.9836426e+01
   4.5864750e+06   1.9042969e+01
   4.5865940e+06   2.0568848e+01
   4.5960810e+06   1.6418457e+01
   4.5962660e+06   1.6601562e+01
   4.6013840e+06   1.9531250e+01
   4.6014490e+06   2.1362305e+01
   4.6015150e+06   2.1057129e+01
   4.6015840e+06   1.6906738e+01
   4.6016140e+06   1.6296387e+01
   4.6016670e+06   1.7028809e+01
   4.6108340e+06   1.8981934e+01
   4.6113980e+06   1.9531250e+01
   4.6114590e+06   1.8066406e+01
   4.6115460e+06   1.8554688e+01
   4.6116910e+06   3.1982422e+01
   4.6117630e+06   1.7395020e+01
   4.6207130e+06   2.3986816e+01
   4.6207640e+06   2.1789551e+01
   4.6207790e+06   1.8798828e+01
   4.6208200e+06   2.0263672e+01
   4.6214440e+06   1.7333984e+01
   4.6214660e+06   1.6906738e+01
   4.6215000e+06   2.2338867e+01
   4.6215650e+06   2.2216797e+01
   4.6215820e+06   1.8066406e+01
   4.6216680e+06   1.6357422e+01
   4.6216820e+06   2.6794434e+01
   4.6319980e+06   2.4780273e+01
   4.6322810e+06   2.0080566e+01
   4.6323480e+06   1.6479492e+01
   4.6324010e+06   1.6723633e+01
   4.6324320e+06   1.6967773e+01
   4.6324740e+06   1.6906738e+01
   4.6325130e+06   1.9165039e+01
   4.6410410e+06   2.0568848e+01
   4.6417770e+06   2.5390625e+01
   4.6419390e+06   1.8798828e+01
   4.6509110e+06   1.6418457e+01
   4.6509400e+06   1.7028809e+01
   4.6511170e+06   1.7883301e+01
   4.6511690e+06   1.9714355e+01
   4.6512170e+06   1.9165039e+01
   4.6512540e+06   2.3559570e+01
   4.6513490e+06   1.8432617e+01
   4.6513720e+06   1.8066406e+01
   4.6514140e+06   1.8920898e+01
   4.6587310e+06   1.6845703e+01
   4.6588060e+06   1.7578125e+01
   4.6588230e+06   1.7761230e+01
   4.6588540e+06   2.3925781e+01
   4.6588790e+06   1.8554688e+01
   4.6589600e+06   2.7770996e+01
   4.6589750e+06   1.6235352e+01
   4.6592250e+06   1.7333984e+01
   4.6699700e+06   2.1789551e+01
   4.6709320e+06   1.8798828e+01
   4.6709840e+06   2.2888184e+01
   4.6710060e+06   1.6479492e+01
   4.6710430e+06   1.8798828e+01
   4.6711300e+06   1.8249512e+01
   4.6712650e+06   1.7333984e+01
   4.6796560e+06   1.9592285e+01
   4.6806350e+06   1.7578125e+01
   4.6811390e+06   1.8005371e+01
   4.6814470e+06   2.0629883e+01
   4.6816090e+06   2.2216797e+01
   4.6816820e+06   2.6428223e+01
   4.6817170e+06   2.1972656e+01
   4.6817630e+06   1.6662598e+01
   4.6819030e+06   2.0385742e+01
   4.6819760e+06   2.1179199e+01
   4.6820240e+06   1.9714355e+01
   4.6821240e+06   1.8798828e+01
   4.6931150e+06   2.0507812e+01
   4.6932040e+06   1.7395020e+01
   4.6932900e+06   1.7333984e+01
   4.6933510e+06   1.7639160e+01
   4.6933630e+06   2.5939941e+01
   4.7025130e+06   1.6906738e+01
   4.7025320e+06   2.1362305e+01
   4.7026140e+06   2.1484375e+01
   4.7026290e+06   2.1301270e+01
   4.7027530e+06   2.0568848e+01
   4.7027790e+06   1.7333984e+01
   4.7029030e+06   1.7028809e+01
   4.7128020e+06   2.0629883e+01
   4.7128720e+06   2.0446777e+01
   4.7129030e+06   2.2827148e+01
   4.7129300e+06   2.1972656e+01
   4.7130480e+06   2.7709961e+01
   4.7130640e+06   1.7761230e+01
   4.7132400e+06   1.8188477e+01
   4.7132620e+06   1.6662598e+01
   4.7225440e+06   1.7211914e+01
   4.7225810e+06   1.6479492e+01
   4.7226110e+06   1.7578125e+01
   4.7226590e+06   2.5695801e+01
   4.7226760e+06   2.3254395e+01
   4.7227160e+06   1.8615723e+01
   4.7227640e+06   1.6601562e+01
   4.7229340e+06   1.6174316e+01
   4.7323510e+06   1.7333984e+01
   4.7323870e+06   1.6357422e+01
   4.7324120e+06   1.8676758e+01
   4.7324710e+06   2.3071289e+01
   4.7325070e+06   1.7089844e+01
   4.7325240e+06   1.6967773e+01
   4.7325790e+06   1.9531250e+01
   4.7326950e+06   1.6174316e+01
   4.7415870e+06   1.9348145e+01
   4.7419810e+06   2.0446777e+01
   4.7422840e+06   2.0507812e+01
   4.7423590e+06   2.1667480e+01
   4.7424100e+06   1.7333984e+01
   4.7424450e+06   1.7822266e+01
   4.7424760e+06   1.7578125e+01
   4.7427240e+06   1.8676758e+01
   4.7427340e+06   2.4230957e+01
   4.7427630e+06   1.9836426e+01
   4.7429170e+06   1.7578125e+01
   4.7429610e+06   1.7211914e+01
   4.7429880e+06   1.9104004e+01
   4.7430190e+06   1.6540527e+01
   4.7430730e+06   2.2155762e+01
   4.7430960e+06   1.9165039e+01
   4.7433230e+06   1.7578125e+01
   4.7542070e+06   2.1850586e+01
   4.7542530e+06   1.8981934e+01
   4.7543010e+06   1.7578125e+01
   4.7543210e+06   2.0385742e+01
   4.7544040e+06   1.8615723e+01
   4.7544240e+06   2.0019531e+01
   4.7546090e+06   1.8737793e+01
   4.7546310e+06   2.4047852e+01
   4.7662330e+06   2.0751953e+01
   4.7663440e+06   1.8127441e+01
   4.7664000e+06   2.1606445e+01
   4.7665900e+06   1.6845703e+01
   4.7666360e+06   1.7639160e+01
   4.7666460e+06   1.8920898e+01
   4.7743170e+06   1.6418457e+01
   4.7782300e+06   1.6906738e+01
   4.7783290e+06   1.6784668e+01
   4.7785220e+06   1.6601562e+01
   4.7785510e+06   1.7761230e+01
   4.7786150e+06   1.6906738e+01
   4.7786840e+06   1.6418457e+01
   4.7892640e+06   1.6723633e+01
   4.7894660e+06   1.9348145e+01
   4.7895760e+06   1.7028809e+01
   4.7898810e+06   2.1057129e+01
   4.7899420e+06   2.2521973e+01
   4.7900010e+06   1.9531250e+01
   4.7900130e+06   2.5146484e+01
   4.7900340e+06   1.6357422e+01
   4.7901010e+06   1.6296387e+01
   4.7901210e+06   1.8371582e+01
   4.7901990e+06   1.6723633e+01
   4.7902110e+06   1.9104004e+01
   4.7903530e+06   1.8493652e+01
   4.8024040e+06   1.9836426e+01
   4.8024680e+06   1.8981934e+01
   4.8024840e+06   2.4841309e+01
   4.8025370e+06   2.2766113e+01
   4.8026570e+06   1.8493652e+01
   4.8026800e+06   2.3620605e+01
   4.8028510e+06   1.6479492e+01
   4.8142380e+06   2.3254395e+01
   4.8143570e+06   1.8188477e+01
   4.8144050e+06   1.8554688e+01
   4.8144500e+06   1.9042969e+01
   4.8145140e+06   1.8859863e+01
   4.8145350e+06   1.9653320e+01
   4.8145590e+06   1.7700195e+01
   4.8146650e+06   1.6296387e+01
   4.8146930e+06   2.0446777e+01
   4.8149520e+06   1.6296387e+01
   4.8206150e+06   2.6550293e+01
   4.8206400e+06   2.6977539e+01
   4.8207520e+06   1.8127441e+01
   4.8208480e+06   1.9287109e+01
   4.8211020e+06   1.6174316e+01
   4.8211490e+06   1.6662598e+01
   4.8212810e+06   2.1728516e+01
   4.8213340e+06   1.9348145e+01
   4.8214790e+06   1.6235352e+01
   4.8214980e+06   1.7517090e+01
   4.8215860e+06   1.7883301e+01
   4.8216850e+06   1.9958496e+01
   4.8218330e+06   2.0324707e+01
   4.8219380e+06   1.9531250e+01
   4.8221870e+06   1.7456055e+01
   4.8336490e+06   1.6723633e+01
   4.8336870e+06   2.9907227e+01
   4.8337650e+06   2.3132324e+01
   4.8338500e+06   1.9470215e+01
   4.8338850e+06   1.9287109e+01
   4.8340560e+06   2.0080566e+01
   4.8453500e+06   1.8249512e+01
   4.8453820e+06   1.6906738e+01
   4.8454140e+06   1.9409180e+01
   4.8454590e+06   1.7272949e+01
   4.8455510e+06   2.2827148e+01
   4.8458670e+06   1.6601562e+01
   4.8561600e+06   1.6906738e+01
   4.8562850e+06   1.7883301e+01
   4.8563360e+06   2.0996094e+01
   4.8564220e+06   1.7272949e+01
   4.8564440e+06   1.6662598e+01
   4.8564690e+06   1.6967773e+01
   4.8564860e+06   1.8554688e+01
   4.8565960e+06   1.9104004e+01
   4.8566120e+06   3.2348633e+01
   4.8663250e+06   2.4902344e+01
   4.8664470e+06   1.8493652e+01
   4.8664650e+06   1.6479492e+01
   4.8665350e+06   1.7639160e+01
   4.8665540e+06   2.0324707e+01
   4.8666890e+06   1.6296387e+01
   4.8671350e+06   1.6845703e+01
   4.8768900e+06   1.8371582e+01
   4.8769410e+06   2.3925781e+01
   4.8769730e+06   1.7150879e+01
   4.8769900e+06   2.2033691e+01
   4.8770870e+06   3.0517578e+01
   4.8771010e+06   1.7822266e+01
   4.8774190e+06   2.4780273e+01
   4.8774410e+06   1.9531250e+01
   4.8881170e+06   2.1789551e+01
   4.8882090e+06   1.6540527e+01
   4.8882350e+06   1.7883301e+01
   4.8883180e+06   1.9531250e+01
   4.8883950e+06   1.7883301e+01
   4.8886860e+06   1.8249512e+01
   4.8979130e+06   2.6794434e+01
   4.8980770e+06   1.9958496e+01
   4.8981420e+06   2.0935059e+01
   4.8982720e+06   1.7822266e+01
   4.8983010e+06   1.9775391e+01
   4.8985270e+06   1.6906738e+01
   4.8985650e+06   1.6479492e+01
   4.9078970e+06   1.8249512e+01
   4.9079710e+06   2.5695801e+01
   4.9080790e+06   2.6855469e+01
   4.9081920e+06   1.6296387e+01
   4.9082090e+06   2.5207520e+01
   4.9083660e+06   1.6174316e+01
   4.9154990e+06   1.9287109e+01
   4.9155910e+06   1.9592285e+01
   4.9156690e+06   1.8920898e+01
   4.9158210e+06   1.8188477e+01
   4.9160230e+06   1.7700195e+01
   4.9240980e+06   1.7395020e+01
   4.9243180e+06   1.6601562e+01
   4.9243570e+06   1.6662598e+01
   4.9243830e+06   2.2521973e+01
   4.9244590e+06   1.6540527e+01
   4.9244730e+06   2.4353027e+01
   4.9244850e+06   1.9042969e+01
   4.9249690e+06   1.9287109e+01
   4.9341410e+06   1.6296387e+01
   4.9342370e+06   1.7578125e+01
   4.9342990e+06   2.1972656e+01
   4.9343200e+06   2.0751953e+01
   4.9345080e+06   1.7333984e+01
   4.9345790e+06   1.8676758e+01
   4.9349500e+06   1.8127441e+01
   4.9427340e+06   1.7578125e+01
   4.9435000e+06   2.2338867e+01
   4.9436180e+06   1.8554688e+01
   4.9436500e+06   2.0141602e+01
   4.9436660e+06   2.1057129e+01
   4.9468760e+06   1.7822266e+01
   4.9469380e+06   1.6479492e+01
   4.9469860e+06   2.2277832e+01
   4.9471660e+06   2.1301270e+01
   4.9475080e+06   1.6662598e+01
   4.9476840e+06   1.7150879e+01
   4.9490790e+06   1.6906738e+01
   4.9495050e+06   1.7822266e+01
   4.9499840e+06   2.4230957e+01
   4.9500260e+06   2.5024414e+01
   4.9500680e+06   2.5756836e+01
   4.9501010e+06   2.3925781e+01
   4.9502440e+06   1.6601562e+01
   4.9503250e+06   2.7770996e+01
   4.9503530e+06   3.8513184e+01
   4.9503830e+06   2.3742676e+01
   4.9504810e+06   2.2338867e+01
   4.9505090e+06   2.5878906e+01
   4.9505370e+06   1.8249512e+01
   4.9506020e+06   1.6174316e+01
   4.9511890e+06   1.9836426e+01
   4.9604840e+06   1.7272949e+01
   4.9605720e+06   2.1057129e+01
   4.9605920e+06   1.7822266e+01
   4.9607310e+06   2.2033691e+01
   4.9692880e+06   2.0324707e+01
   4.9694000e+06   2.2949219e+01
   4.9694320e+06   2.0324707e+01
   4.9697910e+06   2.2949219e+01
   4.9700620e+06   1.8066406e+01
   4.9766240e+06   2.2399902e+01
   4.9766470e+06   1.6357422e+01
   4.9769640e+06   5.3039551e+01
   4.9769760e+06   1.8432617e+01
   4.9769950e+06   2.2216797e+01
   4.9772250e+06   1.6479492e+01
   4.9772680e+06   3.3264160e+01
   4.9772900e+06   1.9104004e+01
   4.9773210e+06   1.7883301e+01
   4.9774420e+06   1.7944336e+01
   4.9774550e+06   1.9653320e+01
   4.9822060e+06   1.7639160e+01
   4.9822340e+06   3.2470703e+01
   4.9822690e+06   3.1433105e+01
   4.9825840e+06   2.3925781e+01
   4.9826660e+06   2.0446777e+01
   4.9826800e+06   1.8066406e+01
   4.9828270e+06   1.7395020e+01
   4.9828380e+06   1.8249512e+01
   4.9829670e+06   2.1728516e+01
   4.9861990e+06   1.9104004e+01
   4.9863800e+06   1.9042969e+01
   4.9865810e+06   1.9409180e+01
   4.9866630e+06   1.8371582e+01
   4.9867580e+06   2.2583008e+01
   4.9873850e+06   1.8432617e+01
   4.9953800e+06   2.0385742e+01
   4.9955600e+06   1.9836426e+01
   4.9957130e+06   1.6174316e+01
   4.9957620e+06   1.7456055e+01
   4.9958810e+06   1.9653320e+01
   4.9959860e+06   1.7395020e+01
   4.9961280e+06   2.0507812e+01
   4.9963190e+06   1.7395020e+01
   4.9963380e+06   1.7761230e+01
   4.9976600e+06   1.6723633e+01
   4.9977880e+06   1.7395020e+01
   4.9978530e+06   1.8615723e+01
   4.9980520e+06   1.8493652e+01
   5.0043720e+06   1.8859863e+01
   5.0045700e+06   1.8310547e+01
   5.0046390e+06   1.8066406e+01
   5.0048990e+06   2.0874023e+01
   5.0049410e+06   2.0446777e+01
   5.0050790e+06   1.6601562e+01
   5.0051230e+06   2.7770996e+01
   5.0051910e+06   1.7944336e+01
   5.0052790e+06   2.2216797e+01
   5.0057620e+06   2.0690918e+01
   5.0071960e+06   1.7272949e+01
   5.0073020e+06   2.4230957e+01
   5.0073730e+06   1.6418457e+01
   5.0074780e+06   2.6367188e+01
   5.0075060e+06   4.0283203e+01
   5.0075300e+06   2.1606445e+01
   5.0075920e+06   1.9042969e+01
   5.0076030e+06   2.6428223e+01
   5.0076420e+06   2.1606445e+01
   5.0078340e+06   1.6479492e+01
   5.0175370e+06   1.6479492e+01
   5.0176900e+06   1.8005371e+01
   5.0178770e+06   1.6418457e+01
   5.0182690e+06   1.9592285e+01
   5.0184220e+06   2.2155762e+01
   5.0185630e+06   2.5573730e+01
   5.0188950e+06   1.9226074e+01
   5.0211520e+06   2.3986816e+01
   5.0212180e+06   1.7822266e+01
   5.0213870e+06   1.7700195e+01
   5.0217290e+06   1.8981934e+01
   5.0217420e+06   2.5939941e+01
   5.0218530e+06   2.2216797e+01
   5.0302270e+06   1.7578125e+01
   5.0302910e+06   1.7028809e+01
   5.0306290e+06   2.0019531e+01
   5.0307550e+06   1.9897461e+01
   5.0310160e+06   2.3010254e+01
   5.0397980e+06   1.7761230e+01
   5.0399910e+06   2.5329590e+01
   5.0400020e+06   2.2033691e+01
   5.0400570e+06   1.7700195e+01
   5.0403260e+06   1.9409180e+01
   5.0404330e+06   1.7578125e+01
   5.0406630e+06   1.6418457e+01
   5.0406750e+06   2.0446777e+01
   5.0431690e+06   1.7944336e+01
   5.0437040e+06   1.8127441e+01
   5.0502040e+06   1.8066406e+01
   5.0513670e+06   1.6357422e+01
   5.0514960e+06   1.8493652e+01
   5.0516490e+06   1.6479492e+01
   5.0518800e+06   1.6784668e+01
   5.0519630e+06   2.1423340e+01
   5.0519800e+06   2.0812988e+01
   5.0520090e+06   2.4475098e+01
   5.0520790e+06   1.9531250e+01
   5.0521660e+06   3.4240723e+01
   5.0523290e+06   2.9113770e+01
   5.0624880e+06   2.0751953e+01
   5.0625660e+06   1.8493652e+01
   5.0629550e+06   1.7944336e+01
   5.0630600e+06   1.9836426e+01
   5.0631280e+06   1.6845703e+01
   5.0631470e+06   1.9470215e+01
   5.0633010e+06   1.7211914e+01
   5.0633420e+06   1.9714355e+01
   5.0638380e+06   2.3437500e+01
   5.0638530e+06   2.0019531e+01
   5.0722390e+06   1.8127441e+01
   5.0728600e+06   1.8615723e+01
   5.0730400e+06   2.0202637e+01
   5.0730520e+06   2.1911621e+01
   5.0731600e+06   2.0568848e+01
   5.0732870e+06   2.0690918e+01
   5.0733650e+06   1.8432617e+01
   5.0733750e+06   2.0690918e+01
   5.0734930e+06   1.6967773e+01
   5.0735210e+06   1.7639160e+01
   5.0737880e+06   1.9287109e+01
   5.0817170e+06   1.7211914e+01
   5.0818630e+06   1.8798828e+01
   5.0820910e+06   1.9653320e+01
   5.0821990e+06   2.1545410e+01
   5.0822220e+06   1.8859863e+01
   5.0825720e+06   1.7211914e+01
   5.0829410e+06   1.7333984e+01
   5.0875070e+06   1.6418457e+01
   5.0875570e+06   2.2277832e+01
   5.0875930e+06   1.9104004e+01
   5.0877090e+06   1.8066406e+01
   5.0877200e+06   1.6662598e+01
   5.0878670e+06   2.2277832e+01
   5.0879540e+06   1.7822266e+01
   5.0879660e+06   2.5817871e+01
   5.0881090e+06   1.7333984e+01
   5.0925360e+06   1.7395020e+01
   5.0925670e+06   2.0080566e+01
   5.0925910e+06   2.0385742e+01
   5.0926010e+06   3.0212402e+01
   5.0926920e+06   1.9531250e+01
   5.0927050e+06   2.5695801e+01
   5.0928180e+06   2.7404785e+01
   5.0929990e+06   2.1240234e+01
   5.0999030e+06   2.4291992e+01
   5.1000260e+06   2.0935059e+01
   5.1000470e+06   2.1240234e+01
   5.1001400e+06   2.1789551e+01
   5.1002170e+06   1.7456055e+01
   5.1002630e+06   1.6357422e+01
   5.1061930e+06   1.8615723e+01
   5.1063640e+06   1.9104004e+01
   5.1064280e+06   1.6479492e+01
   5.1066320e+06   1.7639160e+01
   5.1066660e+06   1.8798828e+01
   5.1067020e+06   1.9714355e+01
   5.1069260e+06   1.6601562e+01
   5.1109080e+06   1.7883301e+01
   5.1109900e+06   1.7639160e+01
   5.1111050e+06   1.7211914e+01
   5.1111810e+06   2.3986816e+01
   5.1111970e+06   1.6174316e+01
   5.1112190e+06   1.9958496e+01
   5.1112730e+06   1.7944336e+01
   5.1113420e+06   2.0935059e+01
   5.1117260e+06   2.3254395e+01
   5.1156790e+06   2.0751953e+01
   5.1157520e+06   1.7639160e+01
   5.1157750e+06   2.9785156e+01
   5.1158830e+06   1.8859863e+01
   5.1160840e+06   2.0874023e+01
   5.1161480e+06   1.8371582e+01
   5.1161590e+06   1.8737793e+01
   5.1162290e+06   1.7761230e+01
   5.1163410e+06   1.8249512e+01
   5.1165880e+06   1.6662598e+01
   5.1166910e+06   1.7395020e+01
   5.1168350e+06   1.7272949e+01
   5.1168890e+06   2.3803711e+01
   5.1169060e+06   2.1423340e+01
   5.1169260e+06   1.6357422e+01
   5.1169780e+06   2.4414062e+01
   5.1169970e+06   2.0080566e+01
   5.1172870e+06   1.9226074e+01
   5.1289460e+06   1.9348145e+01
   5.1289740e+06   2.0202637e+01
   5.1290650e+06   2.3986816e+01
   5.1290820e+06   1.7211914e+01
   5.1291960e+06   1.7150879e+01
   5.1293010e+06   1.6418457e+01
   5.1293130e+06   1.8737793e+01
   5.1327170e+06   1.8981934e+01
   5.1329720e+06   3.3203125e+01
   5.1329870e+06   2.5756836e+01
   5.1330090e+06   2.7099609e+01
   5.1359660e+06   1.6967773e+01
   5.1361010e+06   1.9104004e+01
   5.1361150e+06   2.3742676e+01
   5.1361400e+06   2.4658203e+01
   5.1363000e+06   2.2644043e+01
   5.1363270e+06   1.6174316e+01
   5.1366810e+06   1.9958496e+01
   5.1367540e+06   2.0141602e+01
   5.1367720e+06   2.0019531e+01
   5.1386030e+06   2.1972656e+01
   5.1388140e+06   2.4658203e+01
   5.1388250e+06   1.8493652e+01
   5.1390060e+06   1.8310547e+01
   5.1390330e+06   3.6254883e+01
   5.1390490e+06   2.3559570e+01
   5.1393360e+06   1.8737793e+01
   5.1394780e+06   1.7456055e+01
   5.1397800e+06   1.6418457e+01
   5.1397990e+06   1.7333984e+01
   5.1398820e+06   2.2094727e+01
   5.1399010e+06   2.3254395e+01
   5.1399620e+06   1.6601562e+01
   5.1399820e+06   2.5878906e+01
   5.1510680e+06   1.6967773e+01
   5.1514100e+06   2.6367188e+01
   5.1514660e+06   2.0324707e+01
   5.1515160e+06   1.9592285e+01
   5.1515980e+06   2.0019531e+01
   5.1516250e+06   2.1057129e+01
   5.1516580e+06   1.8005371e+01
   5.1609670e+06   1.9836426e+01
   5.1610240e+06   1.6967773e+01
   5.1610510e+06   2.6306152e+01
   5.1612510e+06   1.9104004e+01
   5.1613260e+06   2.6245117e+01
   5.1614380e+06   2.0080566e+01
   5.1614500e+06   2.1911621e+01
   5.1615680e+06   1.6967773e+01
   5.1615920e+06   2.8076172e+01
   5.1616030e+06   1.8127441e+01
   5.1616530e+06   2.2949219e+01
   5.1616840e+06   1.8737793e+01
   5.1616960e+06   2.4230957e+01
   5.1640240e+06   1.9714355e+01
   5.1641110e+06   1.9836426e+01
   5.1641780e+06   1.7456055e+01
   5.1642520e+06   1.8615723e+01
   5.1642630e+06   3.7170410e+01
   5.1642840e+06   2.6550293e+01
   5.1745680e+06   1.7333984e+01
   5.1745970e+06   1.8615723e+01
   5.1746290e+06   1.6540527e+01
   5.1749110e+06   1.8676758e+01
   5.1750410e+06   2.1423340e+01
   5.1750940e+06   2.3864746e+01
   5.1751430e+06   1.7395020e+01
   5.1800620e+06   1.6235352e+01
   5.1801400e+06   1.8310547e+01
   5.1801960e+06   1.9470215e+01
   5.1802140e+06   2.7099609e+01
   5.1802760e+06   1.6601563e+01
   5.1803610e+06   2.0935059e+01
   5.1893560e+06   2.0141602e+01
   5.1903710e+06   1.6418457e+01
   5.1904770e+06   2.1850586e+01
   5.1908390e+06   2.2827148e+01
   5.1909030e+06   2.5878906e+01
   5.1910110e+06   2.1301270e+01
   5.1910830e+06   1.7272949e+01
   5.1911740e+06   1.8676758e+01
   5.1912000e+06   2.0751953e+01
   5.1913860e+06   1.6723633e+01
   5.1914160e+06   1.8371582e+01
   5.1928710e+06   1.8859863e+01
   5.1930180e+06   2.7526855e+01
   5.1930680e+06   2.1362305e+01
   5.1931090e+06   2.6245117e+01
   5.1931760e+06   2.5512695e+01
   5.1932050e+06   1.8249512e+01
   5.1932230e+06   2.0446777e+01
   5.1934960e+06   1.6784668e+01
   5.1935090e+06   3.0639648e+01
   5.1935350e+06   1.8859863e+01
   5.1935770e+06   2.0385742e+01
   5.1937430e+06   1.9165039e+01
   5.1937830e+06   1.6845703e+01
   5.1938030e+06   1.7456055e+01
   5.1938260e+06   2.1545410e+01
   5.1938560e+06   2.4230957e+01
   5.1939350e+06   1.6357422e+01
   5.2048720e+06   1.6418457e+01
   5.2052030e+06   1.6601562e+01
   5.2052860e+06   2.1484375e+01
   5.2053150e+06   1.6601562e+01
   5.2053400e+06   3.5278320e+01
   5.2054320e+06   1.9897461e+01
   5.2136860e+06   1.7578125e+01
   5.2163080e+06   1.7700195e+01
   5.2163380e+06   1.8188477e+01
   5.2163680e+06   2.0629883e+01
   5.2164000e+06   2.6000977e+01
   5.2164400e+06   2.3681641e+01
   5.2165560e+06   1.6662598e+01
   5.2166430e+06   1.9531250e+01
   5.2223260e+06   1.8615723e+01
   5.2223620e+06   1.9775391e+01
   5.2223910e+06   3.1494141e+01
   5.2224080e+06   3.2409668e+01
   5.2224260e+06   1.7639160e+01
   5.2224450e+06   1.6906738e+01
   5.2224800e+06   2.0263672e+01
   5.2224920e+06   3.9062500e+01
   5.2225020e+06   2.1789551e+01
   5.2329860e+06   2.1179199e+01
   5.2331790e+06   1.8005371e+01
   5.2332460e+06   3.1066895e+01
   5.2333090e+06   1.6662598e+01
   5.2333250e+06   2.9541016e+01
   5.2333670e+06   2.2033691e+01
   5.2416370e+06   1.7700195e+01
   5.2417460e+06   1.6845703e+01
   5.2418490e+06   2.1423340e+01
   5.2418670e+06   1.8859863e+01
   5.2421300e+06   2.6000977e+01
   5.2421600e+06   2.5451660e+01
   5.2421730e+06   2.8686523e+01
   5.2422420e+06   1.8188477e+01
   5.2422770e+06   1.8737793e+01
   5.2422980e+06   4.1076660e+01
   5.2423350e+06   2.2766113e+01
   5.2423590e+06   1.8554688e+01
   5.2505120e+06   1.6723633e+01
   5.2506510e+06   1.6235352e+01
   5.2509950e+06   2.2705078e+01
   5.2510150e+06   1.6845703e+01
   5.2511320e+06   2.0874023e+01
   5.2513910e+06   1.8127441e+01
   5.2515960e+06   1.8676758e+01
   5.2516270e+06   1.6906738e+01
   5.2516420e+06   1.7272949e+01
   5.2516550e+06   2.8076172e+01
   5.2517060e+06   2.2460938e+01
   5.2517190e+06   1.6296387e+01
   5.2566640e+06   1.7333984e+01
   5.2567320e+06   2.1545410e+01
   5.2569410e+06   1.7700195e+01
   5.2569760e+06   1.9531250e+01
   5.2571680e+06   2.0446777e+01
   5.2571860e+06   2.1484375e+01
   5.2572250e+06   4.5654297e+01
   5.2572410e+06   2.0385742e+01
   5.2572630e+06   3.6132812e+01
   5.2572820e+06   1.9104004e+01
   5.2573010e+06   3.2897949e+01
   5.2573150e+06   1.7517090e+01
   5.2673940e+06   2.0019531e+01
   5.2674700e+06   2.1911621e+01
   5.2675160e+06   2.7587891e+01
   5.2675280e+06   1.8493652e+01
   5.2675530e+06   2.8564453e+01
   5.2675790e+06   1.6601562e+01
   5.2676140e+06   1.8920898e+01
   5.2676270e+06   1.6174316e+01
   5.2676470e+06   1.8798828e+01
   5.2677330e+06   2.7404785e+01
   5.2678250e+06   1.6784668e+01
   5.2773450e+06   1.7578125e+01
   5.2773600e+06   3.5217285e+01
   5.2773890e+06   1.9958496e+01
   5.2773990e+06   2.7526855e+01
   5.2774240e+06   2.8137207e+01
   5.2774920e+06   1.8859863e+01
   5.2775830e+06   1.6967773e+01
   5.2870700e+06   2.0446777e+01
   5.2871120e+06   2.2277832e+01
   5.2871240e+06   3.5888672e+01
   5.2871410e+06   2.5024414e+01
   5.2871900e+06   3.7963867e+01
   5.2872400e+06   1.9714355e+01
   5.2873660e+06   2.1606445e+01
   5.2958400e+06   1.7517090e+01
   5.2959170e+06   2.4230957e+01
   5.2960240e+06   1.9104004e+01
   5.2960940e+06   4.0222168e+01
   5.2961130e+06   3.7414551e+01
   5.2961230e+06   1.7028809e+01
   5.2961420e+06   1.6540527e+01
   5.2961560e+06   1.7883301e+01
   5.2962230e+06   1.9287109e+01
   5.2963600e+06   1.7456055e+01
   5.3065570e+06   1.6784668e+01
   5.3065960e+06   1.6845703e+01
   5.3066190e+06   3.1311035e+01
   5.3066400e+06   2.1057129e+01
   5.3066670e+06   1.8066406e+01
   5.3066840e+06   3.1188965e+01
   5.3067090e+06   1.9531250e+01
   5.3067340e+06   2.8076172e+01
   5.3067500e+06   2.8442383e+01
   5.3067780e+06   2.0141602e+01
   5.3067970e+06   2.2094727e+01
   5.3068570e+06   1.6601562e+01
   5.3069140e+06   2.8076172e+01
   5.3070710e+06   1.9836426e+01
   5.3120900e+06   2.1240234e+01
   5.3123350e+06   3.7170410e+01
   5.3123640e+06   3.8574219e+01
   5.3123750e+06   4.3762207e+01
   5.3123860e+06   2.5024414e+01
   5.3123990e+06   1.8066406e+01
   5.3124250e+06   2.9541016e+01
   5.3124370e+06   2.5329590e+01
   5.3124650e+06   3.1188965e+01
   5.3124830e+06   3.7231445e+01
   5.3125120e+06   4.0222168e+01
   5.3125250e+06   2.7893066e+01
   5.3125610e+06   1.9958496e+01
   5.3126020e+06   2.0324707e+01
   5.3126240e+06   1.7333984e+01
   5.3172250e+06   1.8676758e+01
   5.3176070e+06   1.8066406e+01
   5.3177800e+06   2.0751953e+01
   5.3179470e+06   1.8432617e+01
   5.3180250e+06   1.9348145e+01
   5.3181350e+06   1.9958496e+01
   5.3182990e+06   2.0629883e+01
   5.3183240e+06   2.8259277e+01
   5.3183970e+06   1.6601563e+01
   5.3185680e+06   1.8310547e+01
   5.3186080e+06   2.6245117e+01
   5.3186450e+06   1.8920898e+01
   5.3186730e+06   1.8554688e+01
   5.3188740e+06   1.8249512e+01
   5.3189610e+06   1.7944336e+01
   5.3191350e+06   1.6479492e+01
   5.3191820e+06   1.6784668e+01
   5.3192750e+06   1.7822266e+01
   5.3194320e+06   1.6235352e+01
   5.3195410e+06   1.9714355e+01
   5.3196430e+06   1.9470215e+01
   5.3196570e+06   1.8798828e+01
   5.3198780e+06   2.0996094e+01
   5.3199060e+06   1.9165039e+01
   5.3199740e+06   1.8737793e+01
   5.3200280e+06   1.7211914e+01
   5.3203040e+06   1.7333984e+01
   5.3204110e+06   2.5268555e+01
   5.3204680e+06   1.7089844e+01
   5.3208640e+06   1.6235352e+01
   5.3212150e+06   1.6967773e+01
   5.3213560e+06   1.6235352e+01
   5.3235940e+06   2.1179199e+01
   5.3239270e+06   1.7028809e+01
   5.3239830e+06   2.0996094e+01
   5.3240120e+06   1.8737793e+01
   5.3240240e+06   4.7973633e+01
   5.3240470e+06   3.6437988e+01
   5.3240770e+06   1.3903809e+02
   5.3240890e+06   7.0129395e+01
   5.3241060e+06   5.5847168e+01
   5.3241260e+06   2.0935059e+01
   5.3241370e+06   5.5603027e+01
   5.3241570e+06   3.1311035e+01
   5.3241680e+06   2.3620605e+01
   5.3241920e+06   2.6245117e+01
   5.3242140e+06   4.1259766e+01
   5.3242450e+06   2.6184082e+01
   5.3242580e+06   2.5146484e+01
   5.3242860e+06   2.1667480e+01
   5.3243140e+06   2.0996094e+01
   5.3243250e+06   1.9042969e+01
   5.3243700e+06   1.7272949e+01
   5.3243800e+06   1.7578125e+01
   5.3243940e+06   2.0202637e+01
   5.3245600e+06   1.9042969e+01
   5.3302190e+06   1.8371582e+01
   5.3304560e+06   1.7883301e+01
   5.3323480e+06   2.0446777e+01
   5.3323600e+06   2.0568848e+01
   5.3324080e+06   2.2277832e+01
   5.3324240e+06   4.1381836e+01
   5.3324380e+06   1.9836426e+01
   5.3324580e+06   1.7089844e+01
   5.3324860e+06   1.9775391e+01
   5.3325080e+06   2.4597168e+01
   5.3325200e+06   2.5451660e+01
   5.3325440e+06   1.6601562e+01
   5.3325570e+06   2.7832031e+01
   5.3325750e+06   2.9113770e+01
   5.3327010e+06   1.7272949e+01
   5.3369830e+06   3.2592773e+01
   5.3370120e+06   1.3360596e+02
   5.3370320e+06   6.0791016e+01
   5.3370510e+06   1.1279297e+02
   5.3370830e+06   1.1846924e+02
   5.3371140e+06   8.3007812e+01
   5.3371450e+06   9.8876953e+01
   5.3371600e+06   2.8930664e+01
   5.3371720e+06   4.2358398e+01
   5.3371840e+06   1.8005371e+01
   5.3371950e+06   3.1250000e+01
   5.3372250e+06   3.9184570e+01
   5.3372520e+06   5.0476074e+01
   5.3372870e+06   6.2255859e+01
   5.3373070e+06   2.1545410e+01
   5.3373240e+06   3.7963867e+01
   5.3373520e+06   4.0283203e+01
   5.3373620e+06   3.7658691e+01
   5.3373790e+06   1.7028809e+01
   5.3374270e+06   7.4218750e+01
   5.3374370e+06   2.5146484e+01
   5.3374730e+06   5.9448242e+01
   5.3374910e+06   2.9357910e+01
   5.3375010e+06   2.1179199e+01
   5.3375240e+06   5.1086426e+01
   5.3375470e+06   2.7587891e+01
   5.3375790e+06   6.9763184e+01
   5.3375900e+06   3.7719727e+01
   5.3376390e+06   7.1838379e+01
   5.3376970e+06   5.8654785e+01
   5.3377380e+06   2.4414062e+01
   5.3377730e+06   8.0383301e+01
   5.3378000e+06   2.1057129e+01
   5.3378200e+06   1.6540527e+01
   5.3379000e+06   1.7089844e+01
   5.3379920e+06   1.8066406e+01
   5.3436840e+06   1.8371582e+01
   5.3439440e+06   1.8493652e+01
   5.3440020e+06   1.9531250e+01
   5.3440160e+06   2.4963379e+01
   5.3440330e+06   1.8005371e+01
   5.3440590e+06   1.7456055e+01
   5.3440810e+06   2.0324707e+01
   5.3440960e+06   2.6672363e+01
   5.3441380e+06   2.7587891e+01
   5.3441620e+06   2.6306152e+01
   5.3441890e+06   1.6479492e+01
   5.3442100e+06   2.2155762e+01
   5.3442440e+06   2.5573730e+01
   5.3442670e+06   1.6296387e+01
   5.3442920e+06   2.6367188e+01
   5.3443020e+06   1.8371582e+01
   5.3443400e+06   2.1972656e+01
   5.3443600e+06   1.0650635e+02
   5.3443820e+06   2.0568848e+01
   5.3444520e+06   1.8493652e+01
   5.3444700e+06   3.2165527e+01
   5.3444810e+06   2.2033691e+01
   5.3445920e+06   2.6794434e+01
   5.3446090e+06   1.9958496e+01
   5.3447340e+06   2.1728516e+01
   5.3447460e+06   1.9775391e+01
   5.3449960e+06   1.6418457e+01
   5.3484040e+06   1.8127441e+01
   5.3484660e+06   1.6967773e+01
   5.3484880e+06   1.6357422e+01
   5.3485170e+06   2.5146484e+01
   5.3485970e+06   1.8554688e+01
   5.3486200e+06   1.9165039e+01
   5.3486330e+06   1.6601563e+01
   5.3486960e+06   2.0751953e+01
   5.3487330e+06   2.0385742e+01
   5.3487490e+06   2.4719238e+01
   5.3488680e+06   1.7822266e+01
   5.3489080e+06   1.7150879e+01
   5.3489870e+06   1.7272949e+01
   5.3490410e+06   2.0202637e+01
   5.3490540e+06   2.1179199e+01
   5.3507990e+06   2.0141602e+01
   5.3508760e+06   2.1911621e+01
   5.3509200e+06   2.0324707e+01
   5.3509640e+06   1.6418457e+01
   5.3509870e+06   2.0324707e+01
   5.3510030e+06   2.1057129e+01
   5.3510240e+06   2.4658203e+01
   5.3510630e+06   1.7028809e+01
   5.3532890e+06   1.6662598e+01
   5.3533410e+06   2.0751953e+01
   5.3533580e+06   1.8859863e+01
   5.3533920e+06   1.9653320e+01
   5.3534040e+06   3.9672852e+01
   5.3534350e+06   2.3559570e+01
   5.3534590e+06   2.0202637e+01
   5.3534730e+06   2.2583008e+01
   5.3534910e+06   2.7709961e+01
   5.3535110e+06   2.8930664e+01
   5.3535310e+06   1.8676758e+01
   5.3535640e+06   1.1938477e+02
   5.3535840e+06   2.6123047e+01
   5.3536150e+06   1.9348145e+01
   5.3536330e+06   2.0446777e+01
   5.3536470e+06   1.7639160e+01
   5.3567210e+06   1.8127441e+01
   5.3567550e+06   2.0141602e+01
   5.3567660e+06   1.6540527e+01
   5.3567970e+06   5.0048828e+01
   5.3568260e+06   3.5888672e+01
   5.3568370e+06   1.0241699e+02
   5.3568670e+06   3.9550781e+01
   5.3568870e+06   1.4105225e+02
   5.3569000e+06   4.2053223e+01
   5.3569290e+06   1.4447021e+02
   5.3569480e+06   5.0781250e+01
   5.3569660e+06   1.1401367e+02
   5.3570020e+06   8.5876465e+01
   5.3570200e+06   2.5207520e+01
   5.3570340e+06   3.0944824e+01
   5.3570500e+06   3.3447266e+01
   5.3570710e+06   3.0029297e+01
   5.3570900e+06   5.9509277e+01
   5.3571140e+06   1.9836426e+01
   5.3571260e+06   2.9418945e+01
   5.3571520e+06   1.1065674e+02
   5.3571710e+06   1.7395020e+01
   5.3572070e+06   2.2583008e+01
   5.3572410e+06   1.8615723e+01
   5.3572670e+06   2.6184082e+01
   5.3572790e+06   1.8188477e+01
   5.3573080e+06   6.2805176e+01
   5.3573510e+06   2.5085449e+01
   5.3573780e+06   2.8747559e+01
   5.3574530e+06   2.3254395e+01
   5.3575230e+06   1.6235352e+01
   5.3575400e+06   9.3261719e+01
   5.3575560e+06   1.6662598e+01
   5.3575670e+06   1.6296387e+01
   5.3575830e+06   1.8371582e+01
   5.3576850e+06   1.6174316e+01
   5.3623580e+06   2.0690918e+01
   5.3624250e+06   1.6418457e+01
   5.3624640e+06   1.9165039e+01
   5.3625810e+06   1.7883301e+01
   5.3626080e+06   2.6672363e+01
   5.3626220e+06   2.1972656e+01
   5.3626640e+06   1.7944336e+01
   5.3627160e+06   1.6357422e+01
   5.3627370e+06   3.5644531e+01
   5.3627700e+06   2.6428223e+01
   5.3628250e+06   2.1789551e+01
   5.3628490e+06   2.0080566e+01
   5.3629670e+06   2.3559570e+01
   5.3629810e+06   3.8208008e+01
   5.3630130e+06   2.7221680e+01
   5.3631280e+06   1.6540527e+01
   5.3633280e+06   2.4841309e+01
   5.3633600e+06   2.2338867e+01
   5.3634410e+06   1.8005371e+01
   5.3637000e+06   1.6601562e+01
   5.3673540e+06   2.1118164e+01
   5.3673960e+06   1.9470215e+01
   5.3674110e+06   3.0456543e+01
   5.3674260e+06   1.8554688e+01
   5.3674470e+06   1.1218262e+02
   5.3674610e+06   2.9296875e+01
   5.3674900e+06   2.6855469e+01
   5.3675030e+06   2.5451660e+01
   5.3675170e+06   1.2817383e+02
   5.3675440e+06   4.1076660e+01
   5.3675630e+06   3.5400391e+01
   5.3675750e+06   1.0931396e+02
   5.3676020e+06   4.3273926e+01
   5.3676210e+06   8.7951660e+01
   5.3676400e+06   4.5715332e+01
   5.3676700e+06   8.1726074e+01
   5.3676890e+06   3.3264160e+01
   5.3676990e+06   2.8564453e+01
   5.3677270e+06   3.0761719e+01
   5.3677860e+06   1.9287109e+01
   5.3678410e+06   8.3007812e+01
   5.3678730e+06   2.9052734e+01
   5.3679190e+06   1.6967773e+01
   5.3679930e+06   2.3010254e+01
   5.3680150e+06   1.9592285e+01
   5.3680920e+06   1.7517090e+01
   5.3723120e+06   1.6296387e+01
   5.3723300e+06   1.8676758e+01
   5.3723670e+06   1.9531250e+01
   5.3724090e+06   2.9541016e+01
   5.3724400e+06   1.9226074e+01
   5.3724650e+06   4.8461914e+01
   5.3724750e+06   3.2104492e+01
   5.3724990e+06   9.7412109e+01
   5.3725290e+06   3.4240723e+01
   5.3725460e+06   1.7578125e+01
   5.3725910e+06   1.2585449e+02
   5.3726040e+06   2.1911621e+01
   5.3726340e+06   1.6235352e+01
   5.3726710e+06   1.7517090e+01
   5.3756340e+06   1.6418457e+01
   5.3756640e+06   2.0263672e+01
   5.3756900e+06   2.7526855e+01
   5.3757070e+06   1.0443115e+02
   5.3757200e+06   4.2175293e+01
   5.3757370e+06   5.4260254e+01
   5.3757640e+06   3.7780762e+01
   5.3757860e+06   1.0485840e+02
   5.3758030e+06   4.7058105e+01
   5.3758290e+06   7.6354980e+01
   5.3758700e+06   6.9946289e+01
   5.3758860e+06   2.5573730e+01
   5.3759020e+06   3.2409668e+01
   5.3759220e+06   1.8920898e+01
   5.3759360e+06   4.2846680e+01
   5.3759570e+06   3.2897949e+01
   5.3759830e+06   2.4780273e+01
   5.3759990e+06   2.4291992e+01
   5.3760270e+06   1.9897461e+01
   5.3760430e+06   3.5461426e+01
   5.3760570e+06   1.9653320e+01
   5.3760810e+06   1.7395020e+01
   5.3760920e+06   2.4658203e+01
   5.3761150e+06   5.0781250e+01
   5.3761400e+06   2.7587891e+01
   5.3761590e+06   1.6357422e+01
   5.3761930e+06   3.4729004e+01
   5.3762040e+06   1.7150879e+01
   5.3762300e+06   6.2377930e+01
   5.3762560e+06   1.6601562e+01
   5.3762760e+06   1.9531250e+01
   5.3763220e+06   2.0751953e+01
   5.3763400e+06   1.9897461e+01
   5.3763540e+06   1.6296387e+01
   5.3763790e+06   1.9653320e+01
   5.3764230e+06   1.7456055e+01
   5.3764360e+06   1.6967773e+01
   5.3764900e+06   7.5439453e+01
   5.3765170e+06   2.0263672e+01
   5.3766760e+06   1.6601562e+01
   5.3806680e+06   2.3498535e+01
   5.3807090e+06   2.3864746e+01
   5.3807200e+06   3.0822754e+01
   5.3807540e+06   1.9348145e+01
   5.3807760e+06   3.4851074e+01
   5.3807880e+06   1.6967773e+01
   5.3808130e+06   1.1004639e+02
   5.3808400e+06   2.0446777e+01
   5.3808660e+06   2.3620605e+01
   5.3808760e+06   2.7465820e+01
   5.3809130e+06   2.6306152e+01
   5.3809240e+06   2.7282715e+01
   5.3809520e+06   2.3498535e+01
   5.3810590e+06   2.3071289e+01
   5.3810740e+06   1.6418457e+01
   5.3814030e+06   2.2705078e+01
   5.3838410e+06   2.0385742e+01
   5.3838540e+06   2.0019531e+01
   5.3838700e+06   4.1076660e+01
   5.3838890e+06   1.3116455e+02
   5.3839160e+06   6.7382812e+01
   5.3839450e+06   9.2163086e+01
   5.3839570e+06   3.6315918e+01
   5.3839720e+06   3.9489746e+01
   5.3839940e+06   9.4543457e+01
   5.3840110e+06   2.0324707e+01
   5.3840320e+06   5.0964355e+01
   5.3840540e+06   3.4179688e+01
   5.3840780e+06   5.1269531e+01
   5.3840900e+06   2.4658203e+01
   5.3841110e+06   3.1738281e+01
   5.3841300e+06   2.2338867e+01
   5.3841400e+06   2.1972656e+01
   5.3841760e+06   2.6733398e+01
   5.3842000e+06   3.6499023e+01
   5.3842120e+06   3.8391113e+01
   5.3842270e+06   3.5583496e+01
   5.3842560e+06   5.0170898e+01
   5.3842660e+06   2.3681641e+01
   5.3842830e+06   1.8432617e+01
   5.3843100e+06   1.7517090e+01
   5.3843300e+06   1.7517090e+01
   5.3843490e+06   4.0039062e+01
   5.3843820e+06   5.4443359e+01
   5.3844050e+06   1.9165039e+01
   5.3844720e+06   5.7006836e+01
   5.3845010e+06   3.2165527e+01
   5.3864480e+06   1.6357422e+01
   5.3878280e+06   1.8554688e+01
   5.3879540e+06   1.8066406e+01
   5.3879740e+06   2.0629883e+01
   5.3880310e+06   1.9714355e+01
   5.3880610e+06   1.8615723e+01
   5.3880710e+06   2.0324707e+01
   5.3882000e+06   1.8676758e+01
   5.3883520e+06   1.8432617e+01
   5.3884470e+06   1.6357422e+01
   5.3884750e+06   1.6479492e+01
   5.3885580e+06   1.7944336e+01
   5.3886270e+06   1.7822266e+01
   5.3886800e+06   1.9470215e+01
   5.3913970e+06   1.6296387e+01
   5.3914330e+06   1.0302734e+02
   5.3914560e+06   6.9274902e+01
   5.3914700e+06   3.3813477e+01
   5.3914810e+06   2.3742676e+01
   5.3915050e+06   1.4337158e+02
   5.3915270e+06   4.5898438e+01
   5.3915460e+06   2.7832031e+01
   5.3915560e+06   6.4880371e+01
   5.3915760e+06   3.5583496e+01
   5.3915910e+06   3.2531738e+01
   5.3916110e+06   3.5461426e+01
   5.3916220e+06   2.8198242e+01
   5.3916510e+06   3.0090332e+01
   5.3916660e+06   4.7058105e+01
   5.3917080e+06   2.7954102e+01
   5.3917180e+06   2.1484375e+01
   5.3917300e+06   1.6662598e+01
   5.3917610e+06   1.6540527e+01
   5.3917710e+06   2.6794434e+01
   5.3917840e+06   1.8371582e+01
   5.3918330e+06   4.0222168e+01
   5.3918550e+06   2.6184082e+01
   5.3918690e+06   1.7639160e+01
   5.3919270e+06   2.4475098e+01
   5.3919380e+06   1.7883301e+01
   5.3956970e+06   1.7395020e+01
   5.3957320e+06   3.0700684e+01
   5.3957590e+06   1.9592285e+01
   5.3957870e+06   1.1206055e+02
   5.3958220e+06   2.0141602e+01
   5.3958340e+06   1.7639160e+01
   5.3958670e+06   2.1728516e+01
   5.3958940e+06   1.8859863e+01
   5.3959090e+06   9.6801758e+01
   5.3959350e+06   4.6752930e+01
   5.3959530e+06   1.8981934e+01
   5.3960330e+06   1.8798828e+01
   5.3978900e+06   2.4414063e+01
   5.3979050e+06   1.2152100e+02
   5.3979290e+06   5.5114746e+01
   5.3979470e+06   4.5288086e+01
   5.3979750e+06   1.2408447e+02
   5.3979930e+06   5.2551270e+01
   5.3980180e+06   3.7536621e+01
   5.3980300e+06   1.7700195e+01
   5.3980590e+06   2.9785156e+01
   5.3980720e+06   3.3569336e+01
   5.3980910e+06   2.4902344e+01
   5.3981070e+06   3.8513184e+01
   5.3981380e+06   2.6306152e+01
   5.3981740e+06   1.6723633e+01
   5.3982100e+06   1.7639160e+01
   5.3982690e+06   1.6601562e+01
   5.3983050e+06   1.7517090e+01
   5.4018220e+06   1.8676758e+01
   5.4018500e+06   2.3437500e+01
   5.4018780e+06   2.4291992e+01
   5.4019010e+06   1.1865234e+02
   5.4019150e+06   3.0761719e+01
   5.4019560e+06   3.5949707e+01
   5.4019770e+06   5.5603027e+01
   5.4019980e+06   3.3142090e+01
   5.4020180e+06   1.0314941e+02
   5.4020370e+06   3.5827637e+01
   5.4020610e+06   2.3437500e+01
   5.4020730e+06   2.4475098e+01
   5.4020970e+06   1.8310547e+01
   5.4021100e+06   1.8188477e+01
   5.4021510e+06   2.0019531e+01
   5.4051820e+06   2.0690918e+01
   5.4052120e+06   3.7170410e+01
   5.4052250e+06   5.3100586e+01
   5.4052520e+06   1.1285400e+02
   5.4052620e+06   2.5634766e+01
   5.4052740e+06   4.2114258e+01
   5.4052840e+06   2.8625488e+01
   5.4052960e+06   9.9243164e+01
   5.4053310e+06   2.5512695e+01
   5.4053410e+06   2.1301270e+01
   5.4053580e+06   7.2570801e+01
   5.4053850e+06   4.6447754e+01
   5.4053950e+06   4.4677734e+01
   5.4054180e+06   2.5573730e+01
   5.4054430e+06   2.7587891e+01
   5.4054580e+06   1.9714355e+01
   5.4054890e+06   1.6540527e+01
   5.4055090e+06   1.8676758e+01
   5.4055260e+06   1.8859863e+01
   5.4055380e+06   1.6967773e+01
   5.4055940e+06   1.6967773e+01
   5.4056250e+06   2.4169922e+01
   5.4056350e+06   2.4719238e+01
   5.4057620e+06   2.2399902e+01
   5.4057800e+06   1.8371582e+01
   5.4059700e+06   1.6845703e+01
   5.4090450e+06   1.7456055e+01
   5.4090860e+06   1.6296387e+01
   5.4091070e+06   2.2644043e+01
   5.4091630e+06   1.7944336e+01
   5.4093010e+06   1.6357422e+01
   5.4102220e+06   2.3742676e+01
   5.4102630e+06   2.3498535e+01
   5.4102730e+06   2.0874023e+01
   5.4103100e+06   2.2338867e+01
   5.4103420e+06   1.6357422e+01
   5.4103780e+06   2.0690918e+01
   5.4128290e+06   2.2583008e+01
   5.4128420e+06   1.3275146e+02
   5.4128770e+06   6.8237305e+01
   5.4128950e+06   8.4899902e+01
   5.4129110e+06   3.4606934e+01
   5.4129250e+06   6.0363770e+01
   5.4129400e+06   4.7302246e+01
   5.4129650e+06   4.0100098e+01
   5.4129840e+06   7.5866699e+01
   5.4130090e+06   2.7648926e+01
   5.4130200e+06   1.8127441e+01
   5.4130370e+06   3.8879395e+01
   5.4130530e+06   2.3620605e+01
   5.4130750e+06   1.6540527e+01
   5.4131030e+06   1.9104004e+01
   5.4131230e+06   2.2216797e+01
   5.4131620e+06   4.4128418e+01
   5.4132220e+06   2.2399902e+01
   5.4132470e+06   1.7700195e+01
   5.4132710e+06   2.7587891e+01
   5.4133310e+06   5.5847168e+01
   5.4133540e+06   2.0874023e+01
   5.4134660e+06   1.8249512e+01
   5.4173290e+06   1.8493652e+01
   5.4173420e+06   1.7089844e+01
   5.4173540e+06   1.2945557e+02
   5.4173780e+06   4.0161133e+01
   5.4173880e+06   5.9692383e+01
   5.4174100e+06   1.7639160e+01
   5.4174270e+06   8.3923340e+01
   5.4174420e+06   6.4636230e+01
   5.4174870e+06   2.4963379e+01
   5.4175000e+06   7.4584961e+01
   5.4175230e+06   2.3010254e+01
   5.4175510e+06   2.4719238e+01
   5.4175840e+06   1.6723633e+01
   5.4216740e+06   1.8127441e+01
   5.4217220e+06   2.5329590e+01
   5.4217340e+06   1.1444092e+02
   5.4217650e+06   4.5227051e+01
   5.4217940e+06   9.6069336e+01
   5.4218160e+06   7.3120117e+01
   5.4218300e+06   5.0720215e+01
   5.4218440e+06   4.7485352e+01
   5.4218560e+06   2.9052734e+01
   5.4218770e+06   2.8137207e+01
   5.4218950e+06   2.2644043e+01
   5.4219070e+06   1.8981934e+01
   5.4219190e+06   7.3425293e+01
   5.4219460e+06   2.3803711e+01
   5.4219590e+06   2.8869629e+01
   5.4219890e+06   2.2705078e+01
   5.4220200e+06   2.3620605e+01
   5.4220780e+06   2.7526855e+01
   5.4221000e+06   1.7639160e+01
   5.4221390e+06   1.7761230e+01
   5.4221620e+06   7.2143555e+01
   5.4221720e+06   1.6479492e+01
   5.4222030e+06   1.9104004e+01
   5.4222140e+06   2.6672363e+01
   5.4222670e+06   1.9592285e+01
   5.4223000e+06   1.7639160e+01
   5.4223120e+06   2.0263672e+01
   5.4224510e+06   1.9104004e+01
   5.4225630e+06   1.6845703e+01
   5.4258730e+06   1.7517090e+01
   5.4258960e+06   1.2060547e+02
   5.4259100e+06   3.4912109e+01
   5.4259450e+06   3.8940430e+01
   5.4259670e+06   5.1696777e+01
   5.4259770e+06   2.6306152e+01
   5.4260020e+06   2.1118164e+01
   5.4260270e+06   3.1005859e+01
   5.4260380e+06   3.6804199e+01
   5.4260530e+06   8.9172363e+01
   5.4260840e+06   1.7517090e+01
   5.4295800e+06   1.7395020e+01
   5.4296140e+06   1.0400391e+02
   5.4296370e+06   8.1420898e+01
   5.4296570e+06   2.5939941e+01
   5.4296680e+06   2.3559570e+01
   5.4296840e+06   5.9753418e+01
   5.4297000e+06   6.5490723e+01
   5.4297290e+06   6.7993164e+01
   5.4297400e+06   4.2602539e+01
   5.4297740e+06   2.8076172e+01
   5.4297900e+06   2.0202637e+01
   5.4298070e+06   2.7893066e+01
   5.4298360e+06   2.8259277e+01
   5.4298500e+06   2.1118164e+01
   5.4298640e+06   1.7883301e+01
   5.4299020e+06   1.8981934e+01
   5.4299650e+06   2.0202637e+01
   5.4300000e+06   1.7639160e+01
   5.4300530e+06   5.5175781e+01
   5.4300700e+06   2.4841309e+01
   5.4301210e+06   1.7211914e+01
   5.4301590e+06   1.9042969e+01
   5.4301990e+06   1.8432617e+01
   5.4337660e+06   1.7578125e+01
   5.4337810e+06   3.0578613e+01
   5.4337930e+06   1.0949707e+02
   5.4338140e+06   7.3120117e+01
   5.4338270e+06   5.3649902e+01
   5.4338570e+06   2.9602051e+01
   5.4338850e+06   3.6315918e+01
   5.4339020e+06   2.3803711e+01
   5.4339120e+06   2.2888184e+01
   5.4339420e+06   2.1606445e+01
   5.4339710e+06   1.8127441e+01
   5.4340100e+06   1.6601562e+01
   5.4383800e+06   1.7822266e+01
   5.4384020e+06   9.7351074e+01
   5.4384250e+06   1.0614014e+02
   5.4384440e+06   8.4411621e+01
   5.4384670e+06   5.1269531e+01
   5.4384870e+06   6.2438965e+01
   5.4385010e+06   7.4645996e+01
   5.4385180e+06   3.0883789e+01
   5.4385320e+06   4.7424316e+01
   5.4385550e+06   5.9082031e+01
   5.4385820e+06   3.5949707e+01
   5.4386090e+06   5.2124023e+01
   5.4386350e+06   1.7272949e+01
   5.4386490e+06   1.7944336e+01
   5.4386670e+06   2.4719238e+01
   5.4386990e+06   1.8188477e+01
   5.4387110e+06   2.0874023e+01
   5.4387220e+06   1.6845703e+01
   5.4387370e+06   1.7639160e+01
   5.4387620e+06   2.2399902e+01
   5.4387730e+06   4.5104980e+01
   5.4388030e+06   1.9897461e+01
   5.4388590e+06   2.1179199e+01
   5.4388850e+06   1.9592285e+01
   5.4389610e+06   1.8188477e+01
   5.4389770e+06   1.8005371e+01
   5.4390300e+06   1.8920898e+01
   5.4390470e+06   1.7578125e+01
   5.4390850e+06   6.6711426e+01
   5.4391220e+06   1.9897461e+01
   5.4408510e+06   1.6479492e+01
   5.4435750e+06   2.4291992e+01
   5.4435940e+06   8.6120605e+01
   5.4436160e+06   3.7658691e+01
   5.4436270e+06   7.2143555e+01
   5.4436430e+06   4.0893555e+01
   5.4436620e+06   9.0393066e+01
   5.4436790e+06   7.0190430e+01
   5.4436990e+06   2.1850586e+01
   5.4437190e+06   4.7363281e+01
   5.4437350e+06   3.1799316e+01
   5.4437700e+06   3.5461426e+01
   5.4437840e+06   2.0935059e+01
   5.4438010e+06   2.9174805e+01
   5.4438290e+06   1.8188477e+01
   5.4438540e+06   1.9958496e+01
   5.4439110e+06   1.8188477e+01
   5.4439840e+06   2.5817871e+01
   5.4482210e+06   1.6418457e+01
   5.4482360e+06   1.2530518e+02
   5.4482600e+06   6.8298340e+01
   5.4482830e+06   7.5256348e+01
   5.4482970e+06   5.0292969e+01
   5.4483190e+06   3.3264160e+01
   5.4483320e+06   4.8400879e+01
   5.4483480e+06   3.6437988e+01
   5.4483820e+06   5.6640625e+01
   5.4483960e+06   3.3264160e+01
   5.4484220e+06   2.8686523e+01
   5.4484550e+06   1.9287109e+01
   5.4484660e+06   2.4658203e+01
   5.4485010e+06   1.6418457e+01
   5.4485250e+06   2.5207520e+01
   5.4485530e+06   1.7089844e+01
   5.4485740e+06   2.2644043e+01
   5.4485850e+06   1.8615723e+01
   5.4486000e+06   5.6213379e+01
   5.4486230e+06   1.6418457e+01
   5.4487080e+06   1.6967773e+01
   5.4487360e+06   1.9348145e+01
   5.4488120e+06   2.1057129e+01
   5.4488440e+06   1.7089844e+01
   5.4490340e+06   1.8310547e+01
   5.4525620e+06   1.7944336e+01
   5.4525910e+06   1.1193848e+02
   5.4526060e+06   4.3151855e+01
   5.4526240e+06   4.1015625e+01
   5.4526400e+06   2.6428223e+01
   5.4526550e+06   2.5573730e+01
   5.4526720e+06   7.4584961e+01
   5.4526820e+06   3.7658691e+01
   5.4527190e+06   6.2683105e+01
   5.4527400e+06   2.5390625e+01
   5.4527540e+06   1.7822266e+01
   5.4527700e+06   7.4584961e+01
   5.4528280e+06   2.7893066e+01
   5.4528940e+06   1.7578125e+01
   5.4575610e+06   2.8015137e+01
   5.4575760e+06   8.3984375e+01
   5.4575940e+06   4.8767090e+01
   5.4576070e+06   5.0231934e+01
   5.4576220e+06   6.9335938e+01
   5.4576400e+06   5.9143066e+01
   5.4576670e+06   5.2917480e+01
   5.4576810e+06   7.1166992e+01
   5.4577070e+06   5.3466797e+01
   5.4577230e+06   2.9663086e+01
   5.4577380e+06   3.4851074e+01
   5.4577640e+06   3.1127930e+01
   5.4577990e+06   2.7038574e+01
   5.4578310e+06   2.0690918e+01
   5.4578660e+06   2.4597168e+01
   5.4579070e+06   1.7578125e+01
   5.4579370e+06   2.4047852e+01
   5.4579690e+06   3.0273438e+01
   5.4580890e+06   1.7822266e+01
   5.4581190e+06   1.8249512e+01
   5.4582950e+06   1.6967773e+01
   5.4617880e+06   1.0589600e+02
   5.4618020e+06   3.1250000e+01
   5.4618140e+06   5.2001953e+01
   5.4618330e+06   2.6855469e+01
   5.4618650e+06   3.9550781e+01
   5.4618890e+06   3.2714844e+01
   5.4619090e+06   1.7395020e+01
   5.4619460e+06   1.8066406e+01
   5.4619670e+06   1.8615723e+01
   5.4619860e+06   2.8625488e+01
   5.4620040e+06   1.9958496e+01
   5.4620670e+06   1.9104004e+01
   5.4620870e+06   2.3010254e+01
   5.4664080e+06   1.6662598e+01
   5.4664200e+06   2.5085449e+01
   5.4664380e+06   1.3714600e+02
   5.4664610e+06   4.7058105e+01
   5.4664810e+06   8.0017090e+01
   5.4664950e+06   6.7504883e+01
   5.4665060e+06   6.7993164e+01
   5.4665210e+06   5.4565430e+01
   5.4665460e+06   3.3386230e+01
   5.4665620e+06   7.0800781e+01
   5.4665850e+06   3.7353516e+01
   5.4666040e+06   2.4108887e+01
   5.4666230e+06   2.0568848e+01
   5.4666440e+06   2.8381348e+01
   5.4666580e+06   2.4719238e+01
   5.4666970e+06   1.9348145e+01
   5.4667530e+06   2.0141602e+01
   5.4667830e+06   3.4851074e+01
   5.4668020e+06   1.8493652e+01
   5.4668320e+06   1.8859863e+01
   5.4668550e+06   1.6601562e+01
   5.4668760e+06   1.8737793e+01
   5.4668950e+06   1.9958496e+01
   5.4669410e+06   5.4260254e+01
   5.4670890e+06   1.8188477e+01
   5.4671690e+06   2.5695801e+01
   5.4674840e+06   1.7761230e+01
   5.4725100e+06   2.8442383e+01
   5.4725240e+06   1.0125732e+02
   5.4725600e+06   6.7993164e+01
   5.4725720e+06   6.0180664e+01
   5.4725930e+06   1.8920898e+01
   5.4726040e+06   4.1870117e+01
   5.4726360e+06   5.2062988e+01
   5.4726460e+06   2.3315430e+01
   5.4726580e+06   4.2114258e+01
   5.4726780e+06   2.4353027e+01
   5.4727150e+06   1.9470215e+01
   5.4727700e+06   2.4475098e+01
   5.4728000e+06   1.8798828e+01
   5.4728220e+06   2.4902344e+01
   5.4728530e+06   1.8920898e+01
   5.4728750e+06   1.8310547e+01
   5.4729060e+06   2.3498535e+01
   5.4729510e+06   1.6235352e+01
   5.4729610e+06   1.7456055e+01
   5.4729730e+06   1.8249512e+01
   5.4730090e+06   1.6784668e+01
   5.4730250e+06   1.6601562e+01
   5.4730970e+06   1.6296387e+01
   5.4734160e+06   1.6174316e+01
   5.4734770e+06   1.9653320e+01
   5.4793110e+06   1.6784668e+01
   5.4793410e+06   1.2268066e+02
   5.4793660e+06   4.1809082e+01
   5.4793930e+06   8.1054687e+01
   5.4794080e+06   3.6865234e+01
   5.4794330e+06   4.0954590e+01
   5.4794430e+06   1.0076904e+02
   5.4794710e+06   4.6936035e+01
   5.4794930e+06   6.6040039e+01
   5.4795110e+06   4.4128418e+01
   5.4795280e+06   3.4118652e+01
   5.4795410e+06   2.7954102e+01
   5.4795650e+06   3.0151367e+01
   5.4795850e+06   3.4118652e+01
   5.4796050e+06   3.2104492e+01
   5.4796190e+06   1.9287109e+01
   5.4796470e+06   1.7639160e+01
   5.4796660e+06   1.7395020e+01
   5.4796940e+06   2.2766113e+01
   5.4797080e+06   1.8554688e+01
   5.4797540e+06   1.6845703e+01
   5.4797650e+06   1.9165039e+01
   5.4797930e+06   2.0812988e+01
   5.4799150e+06   1.6784668e+01
   5.4843340e+06   2.4780273e+01
   5.4843570e+06   4.1015625e+01
   5.4843900e+06   3.5034180e+01
   5.4844070e+06   1.0058594e+02
   5.4844210e+06   3.8879395e+01
   5.4844470e+06   1.8310547e+01
   5.4844640e+06   2.2399902e+01
   5.4844800e+06   2.5329590e+01
   5.4844980e+06   7.5866699e+01
   5.4845170e+06   2.1423340e+01
   5.4845440e+06   2.0141602e+01
   5.4845700e+06   3.1555176e+01
   5.4845820e+06   2.2277832e+01
   5.4846210e+06   1.7944336e+01
   5.4846400e+06   1.7089844e+01
   5.4908000e+06   1.6479492e+01
   5.4908190e+06   9.4543457e+01
   5.4908290e+06   7.8979492e+01
   5.4908420e+06   3.8391113e+01
   5.4908540e+06   8.6242676e+01
   5.4908730e+06   7.8918457e+01
   5.4908940e+06   4.5104980e+01
   5.4909190e+06   6.1218262e+01
   5.4909300e+06   3.8757324e+01
   5.4909520e+06   2.8320313e+01
   5.4909650e+06   2.1728516e+01
   5.4909910e+06   3.1921387e+01
   5.4910060e+06   3.5705566e+01
   5.4910360e+06   2.1484375e+01
   5.4910470e+06   2.3315430e+01
   5.4910650e+06   2.3498535e+01
   5.4911200e+06   1.7944336e+01
   5.4911360e+06   4.7668457e+01
   5.4911550e+06   3.4729004e+01
   5.4911700e+06   1.9226074e+01
   5.4912030e+06   2.2888184e+01
   5.4912170e+06   1.7822266e+01
   5.4912670e+06   2.8442383e+01
   5.4912990e+06   2.0568848e+01
   5.4913320e+06   2.0996094e+01
   5.4913700e+06   1.9165039e+01
   5.4913910e+06   2.7587891e+01
   5.4914340e+06   1.8432617e+01
   5.4980420e+06   1.7822266e+01
   5.4980710e+06   1.3787842e+02
   5.4980970e+06   3.3996582e+01
   5.4981070e+06   3.5217285e+01
   5.4981180e+06   9.7961426e+01
   5.4981390e+06   2.8076172e+01
   5.4981540e+06   3.8330078e+01
   5.4981740e+06   8.0139160e+01
   5.4981990e+06   3.5644531e+01
   5.4982220e+06   4.4799805e+01
   5.4982330e+06   2.9724121e+01
   5.4982660e+06   2.1118164e+01
   5.4982770e+06   3.8452148e+01
   5.4982930e+06   1.9470215e+01
   5.4983090e+06   2.0446777e+01
   5.4983210e+06   1.6845703e+01
   5.4983380e+06   1.6296387e+01
   5.4983620e+06   1.6601562e+01
   5.4983880e+06   1.7150879e+01
   5.4984120e+06   2.0568848e+01
   5.4984410e+06   1.8493652e+01
   5.4984570e+06   2.0812988e+01
   5.4985150e+06   1.7944336e+01
   5.4985580e+06   1.8859863e+01
   5.5067950e+06   2.0263672e+01
   5.5068260e+06   6.4514160e+01
   5.5068470e+06   1.2249756e+02
   5.5068570e+06   2.8198242e+01
   5.5068760e+06   6.2866211e+01
   5.5068980e+06   1.2652588e+02
   5.5069200e+06   4.3518066e+01
   5.5069340e+06   5.7128906e+01
   5.5069540e+06   4.6447754e+01
   5.5069760e+06   4.7790527e+01
   5.5070090e+06   3.5278320e+01
   5.5070370e+06   3.5888672e+01
   5.5070550e+06   2.7282715e+01
   5.5070810e+06   2.1911621e+01
   5.5071260e+06   1.9104004e+01
   5.5071620e+06   1.8066406e+01
   5.5071720e+06   1.8615723e+01
   5.5072070e+06   2.2705078e+01
   5.5072230e+06   1.9104004e+01
   5.5072430e+06   1.9226074e+01
   5.5072660e+06   2.7770996e+01
   5.5072870e+06   2.5939941e+01
   5.5073040e+06   1.7822266e+01
   5.5073460e+06   2.0629883e+01
   5.5073660e+06   2.1789551e+01
   5.5074170e+06   1.8798828e+01
   5.5075630e+06   1.6967773e+01
   5.5076810e+06   1.7578125e+01
   5.5077860e+06   1.6967773e+01
   5.5079670e+06   1.6601562e+01
   5.5086660e+06   1.6174316e+01
   5.5175120e+06   1.8798828e+01
   5.5175330e+06   1.3073730e+02
   5.5175550e+06   5.1757813e+01
   5.5175730e+06   9.0087891e+01
   5.5175840e+06   3.3386230e+01
   5.5176020e+06   4.0222168e+01
   5.5176260e+06   1.0101318e+02
   5.5176440e+06   2.7099609e+01
   5.5176690e+06   5.7739258e+01
   5.5176970e+06   4.0771484e+01
   5.5177070e+06   4.4372559e+01
   5.5177190e+06   7.1289063e+01
   5.5177490e+06   3.8330078e+01
   5.5177720e+06   3.0822754e+01
   5.5177900e+06   2.4719238e+01
   5.5178030e+06   1.7211914e+01
   5.5178340e+06   2.1423340e+01
   5.5178440e+06   1.9714355e+01
   5.5178660e+06   2.3559570e+01
   5.5178820e+06   2.4780273e+01
   5.5179070e+06   1.9592285e+01
   5.5179290e+06   2.4353027e+01
   5.5179400e+06   1.9348145e+01
   5.5179600e+06   1.6418457e+01
   5.5179770e+06   1.7028809e+01
   5.5180120e+06   2.1850586e+01
   5.5180420e+06   2.4963379e+01
   5.5180530e+06   2.0812988e+01
   5.5180650e+06   2.5451660e+01
   5.5180780e+06   2.1301270e+01
   5.5181060e+06   1.7456055e+01
   5.5181300e+06   1.8432617e+01
   5.5181470e+06   7.0251465e+01
   5.5181670e+06   2.5451660e+01
   5.5182770e+06   1.6723633e+01
   5.5183420e+06   1.8432617e+01
   5.5185100e+06   1.7272949e+01
   5.5277630e+06   1.3330078e+02
   5.5277830e+06   4.6752930e+01
   5.5278080e+06   1.3726807e+02
   5.5278290e+06   3.1616211e+01
   5.5278570e+06   1.1669922e+02
   5.5278730e+06   4.7241211e+01
   5.5279010e+06   4.0283203e+01
   5.5279110e+06   3.6621094e+01
   5.5279260e+06   6.6650391e+01
   5.5279530e+06   2.2460938e+01
   5.5279650e+06   2.4658203e+01
   5.5279940e+06   2.1240234e+01
   5.5280260e+06   2.7343750e+01
   5.5280380e+06   2.3559570e+01
   5.5280560e+06   2.4047852e+01
   5.5280760e+06   2.6916504e+01
   5.5281040e+06   2.5939941e+01
   5.5281220e+06   3.1677246e+01
   5.5281570e+06   1.8981934e+01
   5.5281770e+06   2.2705078e+01
   5.5281920e+06   1.7456055e+01
   5.5282380e+06   2.7099609e+01
   5.5282930e+06   2.2705078e+01
   5.5283200e+06   2.1484375e+01
   5.5284210e+06   4.0222168e+01
   5.5284590e+06   1.6174316e+01
   5.5285190e+06   2.6428223e+01
   5.5390890e+06   9.9243164e+01
   5.5391090e+06   6.4086914e+01
   5.5391320e+06   8.1542969e+01
   5.5391490e+06   6.8725586e+01
   5.5391800e+06   9.0515137e+01
   5.5392020e+06   4.3457031e+01
   5.5392240e+06   7.2998047e+01
   5.5392470e+06   2.9724121e+01
   5.5392630e+06   6.2072754e+01
   5.5392770e+06   2.8198242e+01
   5.5392970e+06   4.1442871e+01
   5.5393110e+06   2.4230957e+01
   5.5393230e+06   2.8808594e+01
   5.5393470e+06   2.7770996e+01
   5.5393690e+06   2.1667480e+01
   5.5393890e+06   2.2583008e+01
   5.5394150e+06   2.7038574e+01
   5.5394530e+06   2.6428223e+01
   5.5394790e+06   2.5390625e+01
   5.5394920e+06   1.6418457e+01
   5.5395390e+06   2.3559570e+01
   5.5395560e+06   2.5146484e+01
   5.5395660e+06   1.9409180e+01
   5.5395860e+06   2.2216797e+01
   5.5396030e+06   5.4077148e+01
   5.5396190e+06   2.4169922e+01
   5.5396410e+06   2.3437500e+01
   5.5396980e+06   1.9836426e+01
   5.5397170e+06   1.6479492e+01
   5.5397810e+06   1.6235352e+01
   5.5397960e+06   2.6000977e+01
   5.5398190e+06   1.8920898e+01
   5.5398350e+06   1.9042969e+01
   5.5400740e+06   1.6174316e+01
   5.5465480e+06   1.8859863e+01
   5.5465600e+06   1.8554688e+01
   5.5465700e+06   1.3336182e+02
   5.5466060e+06   3.9916992e+01
   5.5466190e+06   6.1035156e+01
   5.5466420e+06   2.5573730e+01
   5.5466580e+06   7.2021484e+01
   5.5466830e+06   3.9184570e+01
   5.5466960e+06   2.2216797e+01
   5.5467090e+06   6.1096191e+01
   5.5467380e+06   3.0578613e+01
   5.5467510e+06   1.8615723e+01
   5.5467650e+06   2.2033691e+01
   5.5467800e+06   3.9184570e+01
   5.5468090e+06   2.4475098e+01
   5.5468230e+06   1.8920898e+01
   5.5468330e+06   3.5827637e+01
   5.5468510e+06   1.7272949e+01
   5.5468830e+06   2.7893066e+01
   5.5469030e+06   2.0507813e+01
   5.5469140e+06   2.6062012e+01
   5.5469460e+06   1.6174316e+01
   5.5470720e+06   1.6967773e+01
   5.5588070e+06   1.6784668e+01
   5.5588230e+06   1.3897705e+02
   5.5588420e+06   6.1645508e+01
   5.5588620e+06   1.1334229e+02
   5.5588860e+06   4.7424316e+01
   5.5589130e+06   1.2060547e+02
   5.5589310e+06   4.6813965e+01
   5.5589560e+06   4.7668457e+01
   5.5589680e+06   2.6428223e+01
   5.5589900e+06   3.2592773e+01
   5.5590000e+06   9.8266602e+01
   5.5590180e+06   2.9907227e+01
   5.5590300e+06   2.4963379e+01
   5.5590560e+06   2.9174805e+01
   5.5590720e+06   2.3498535e+01
   5.5591000e+06   1.9348145e+01
   5.5591260e+06   3.5095215e+01
   5.5591390e+06   1.8310547e+01
   5.5591730e+06   1.7517090e+01
   5.5591980e+06   2.1301270e+01
   5.5592160e+06   1.8920898e+01
   5.5592370e+06   2.1362305e+01
   5.5592760e+06   2.9602051e+01
   5.5592960e+06   1.6967773e+01
   5.5593180e+06   2.5878906e+01
   5.5593300e+06   2.6245117e+01
   5.5593500e+06   1.7211914e+01
   5.5593760e+06   3.9123535e+01
   5.5593980e+06   2.1118164e+01
   5.5594530e+06   2.3559570e+01
   5.5594640e+06   1.7944336e+01
   5.5595470e+06   1.6723633e+01
   5.5595770e+06   2.2644043e+01
   5.5596350e+06   2.0385742e+01
   5.5596930e+06   4.8767090e+01
   5.5599630e+06   1.6662598e+01
   5.5650020e+06   1.9775391e+01
   5.5650480e+06   1.8554688e+01
   5.5650760e+06   1.1822510e+02
   5.5650890e+06   4.0344238e+01
   5.5651130e+06   2.0141602e+01
   5.5651250e+06   2.1606445e+01
   5.5651490e+06   2.7160645e+01
   5.5651730e+06   3.5339355e+01
   5.5652000e+06   2.1240234e+01
   5.5652160e+06   1.9531250e+01
   5.5652280e+06   1.1749268e+02
   5.5652590e+06   2.0568848e+01
   5.5652910e+06   2.3559570e+01
   5.5653200e+06   5.0048828e+01
   5.5653560e+06   2.4780273e+01
   5.5653680e+06   8.6303711e+01
   5.5653980e+06   1.6906738e+01
   5.5654260e+06   1.8432617e+01
   5.6554760e+06   2.8747559e+01
   5.6555140e+06   4.1320801e+01
   5.6555300e+06   1.7456055e+01
   5.6555660e+06   1.6723633e+01
   5.6555770e+06   1.6296387e+01
   5.6556080e+06   2.2155762e+01
   5.6556350e+06   2.3010254e+01
   5.6556970e+06   1.6967773e+01
   5.6557270e+06   1.6601562e+01
   5.6557790e+06   2.1423340e+01
   5.6559480e+06   2.2521973e+01
   5.6747390e+06   1.6723633e+01
   5.6749470e+06   1.6662598e+01
   5.6750210e+06   2.0141602e+01
   5.6751270e+06   1.8371582e+01
   5.6751510e+06   2.2521973e+01
   5.6752680e+06   2.0690918e+01
   5.6755220e+06   2.0874023e+01
   5.6755810e+06   2.0141602e+01
   5.6756280e+06   2.3376465e+01
   5.6757600e+06   1.7517090e+01
   5.6760000e+06   2.6855469e+01
   5.6957850e+06   1.8493652e+01
   5.6958490e+06   1.8493652e+01
   5.6959910e+06   2.7160645e+01
   5.6961320e+06   1.7150879e+01
   5.6961580e+06   1.8310547e+01
   5.6962940e+06   2.1362305e+01
   5.6963850e+06   1.8615723e+01
   5.7148850e+06   1.7822266e+01
   5.7150440e+06   1.8005371e+01
   5.7150950e+06   2.1484375e+01
   5.7157710e+06   2.0019531e+01
   5.7159060e+06   1.8249512e+01
   5.7342550e+06   1.9531250e+01
   5.7396610e+06   1.7761230e+01
   5.7399470e+06   2.1850586e+01
   5.7549730e+06   1.7944336e+01
   5.7553430e+06   2.0874023e+01
   5.7561520e+06   1.6723633e+01
   5.7735670e+06   1.7700195e+01
   5.7950610e+06   1.7211914e+01
   5.7951760e+06   1.7211914e+01
   5.7954110e+06   1.9531250e+01
   5.7972290e+06   1.6418457e+01
   5.7973410e+06   1.7883301e+01
   5.7975540e+06   1.7395020e+01
   5.7999320e+06   2.2521973e+01
   5.8181210e+06   1.7150879e+01
   5.8183810e+06   1.7333984e+01
   5.8195390e+06   6.1645508e+01
   5.8195760e+06   1.8981934e+01
   5.8199170e+06   1.6296387e+01
   5.8200860e+06   1.6845703e+01
   5.8202170e+06   4.9499512e+01
   5.8203700e+06   2.8076172e+01
   5.8204930e+06   1.8005371e+01
   5.8208170e+06   1.6357422e+01
   5.8211190e+06   1.8432617e+01
   5.8225590e+06   1.8432617e+01
   5.8445500e+06   1.8981934e+01
   5.8457070e+06   6.5917969e+01
   5.8474590e+06   1.8127441e+01
   5.8484220e+06   1.8859863e+01
   5.8486420e+06   1.7517090e+01
   5.8497830e+06   1.7761230e+01
   5.8701890e+06   6.1035156e+01
   5.8703050e+06   2.2399902e+01
   5.8705680e+06   4.6630859e+01
   5.8706430e+06   5.9204102e+01
   5.8707270e+06   1.8310547e+01
   5.8707510e+06   1.8249512e+01
   5.8708330e+06   5.4687500e+01
   5.8708890e+06   2.4108887e+01
   5.8709980e+06   1.9470215e+01
   5.8711680e+06   1.6662598e+01
   5.8715950e+06   1.9958496e+01
   5.8716110e+06   1.6296387e+01
   5.8717080e+06   5.6701660e+01
   5.8718010e+06   1.8920898e+01
   5.8859450e+06   1.7211914e+01
   5.8868080e+06   5.1391602e+01
   5.8869350e+06   1.7639160e+01
   5.8870580e+06   6.2866211e+01
   5.8872070e+06   5.1086426e+01
   5.8873180e+06   1.6296387e+01
   5.9114230e+06   6.5856934e+01
   5.9115660e+06   5.3710938e+01
   5.9116870e+06   1.6540527e+01
   5.9117080e+06   5.0354004e+01
   5.9117390e+06   2.5024414e+01
   5.9118570e+06   1.9409180e+01
   5.9121330e+06   6.2866211e+01
   5.9121910e+06   5.9936523e+01
   5.9122180e+06   1.9226074e+01
   5.9123330e+06   1.7822266e+01
   5.9123560e+06   1.7089844e+01
   5.9124100e+06   3.2836914e+01
   5.9124840e+06   2.0324707e+01
   5.9125310e+06   1.6357422e+01
   5.9126500e+06   1.7578125e+01
   5.9127330e+06   3.1311035e+01
   5.9128550e+06   1.8066406e+01
   5.9317600e+06   2.1362305e+01
   5.9356620e+06   1.8188477e+01
   5.9361660e+06   1.7761230e+01
   5.9369010e+06   5.7128906e+01
   5.9369990e+06   5.8288574e+01
   5.9370180e+06   1.8371582e+01
   5.9371250e+06   4.4921875e+01
   5.9371590e+06   1.6479492e+01
   5.9374460e+06   2.5695801e+01
   5.9376880e+06   6.5124512e+01
   5.9377650e+06   1.8737793e+01
   5.9377880e+06   2.0263672e+01
   5.9378750e+06   6.2805176e+01
   5.9378890e+06   2.6550293e+01
   5.9379240e+06   2.1484375e+01
   5.9380400e+06   1.7150879e+01
   5.9380800e+06   1.7272949e+01
   5.9381810e+06   1.7089844e+01
   5.9382070e+06   1.7333984e+01
   5.9383120e+06   5.4992676e+01
   5.9506600e+06   5.5725098e+01
   5.9507500e+06   6.2011719e+01
   5.9508220e+06   1.7395020e+01
   5.9512230e+06   4.1870117e+01
   5.9513740e+06   6.1523438e+01
   5.9513880e+06   1.8127441e+01
   5.9514400e+06   1.7822266e+01
   5.9516760e+06   6.2927246e+01
   5.9517820e+06   1.6479492e+01
   5.9519500e+06   6.8115234e+01
   5.9519930e+06   4.0954590e+01
   5.9523770e+06   6.3903809e+01
   5.9525450e+06   2.7343750e+01
   5.9615790e+06   6.9274902e+01
   5.9616980e+06   6.6284180e+01
   5.9617210e+06   1.9714355e+01
   5.9617550e+06   2.3925781e+01
   5.9618510e+06   1.7333984e+01
   5.9619000e+06   1.6906738e+01
   5.9619270e+06   2.0202637e+01
   5.9620710e+06   2.1850586e+01
   5.9621610e+06   5.7556152e+01
   5.9621740e+06   1.6357422e+01
   5.9622330e+06   1.8493652e+01
   5.9748430e+06   6.4270020e+01
   5.9749020e+06   1.7211914e+01
   5.9749420e+06   6.6955566e+01
   5.9749800e+06   1.9042969e+01
   5.9750110e+06   2.9296875e+01
   5.9750800e+06   6.4392090e+01
   5.9751540e+06   3.1860352e+01
   5.9751660e+06   1.9348145e+01
   5.9751940e+06   5.2368164e+01
   5.9752330e+06   2.1301270e+01
   5.9752990e+06   1.6174316e+01
   5.9754900e+06   6.4514160e+01
   5.9755040e+06   1.7944336e+01
   5.9755740e+06   2.2583008e+01
   5.9755970e+06   2.4475098e+01
   5.9756430e+06   2.5085449e+01
   5.9756530e+06   6.5002441e+01
   5.9756970e+06   2.2033691e+01
   5.9757720e+06   1.6906738e+01
   5.9758750e+06   5.9570313e+01
   5.9759200e+06   1.8432617e+01
   5.9866920e+06   5.4626465e+01
   5.9867490e+06   5.2673340e+01
   5.9867660e+06   2.0141602e+01
   5.9868540e+06   1.7333984e+01
   5.9869120e+06   6.4697266e+01
   5.9869350e+06   2.0263672e+01
   5.9869990e+06   1.9531250e+01
   5.9870170e+06   2.8747559e+01
   5.9870460e+06   1.7822266e+01
   5.9870920e+06   1.6723633e+01
   5.9871580e+06   5.0903320e+01
   5.9872430e+06   2.2583008e+01
   5.9874190e+06   1.9042969e+01
   5.9876150e+06   5.3283691e+01
