   5.9990000e+06   0.0000000e+00
   1.5940000e+03   2.0019531e+01
   1.8730000e+03   2.3742676e+01
   6.2500000e+03   1.8493652e+01
   6.2860000e+03   1.8981934e+01
   7.1650000e+03   1.9653320e+01
   1.2680000e+04   2.3620605e+01
   1.3515000e+04   2.3864746e+01
   1.3748000e+04   2.3132324e+01
   1.3760000e+04   2.0507812e+01
   1.3789000e+04   2.5085449e+01
   1.3815000e+04   2.0263672e+01
   2.2329000e+04   2.0690918e+01
   2.2516000e+04   1.9653320e+01
   2.2793000e+04   1.9165039e+01
   2.3115000e+04   2.1789551e+01
   2.4288000e+04   1.9531250e+01
   2.4300000e+04   2.2827148e+01
   2.4323000e+04   2.2338867e+01
   2.4360000e+04   2.8747559e+01
   2.4391000e+04   1.9409180e+01
   2.4444000e+04   1.9531250e+01
   3.0127000e+04   2.1179199e+01
   3.0174000e+04   2.8259277e+01
   3.0814000e+04   2.1301270e+01
   3.1460000e+04   2.2338867e+01
   3.1471000e+04   3.0334473e+01
   3.1498000e+04   1.9470215e+01
   3.7839000e+04   1.8127441e+01
   3.7905000e+04   1.9958496e+01
   3.7958000e+04   1.8371582e+01
   3.8909000e+04   2.2155762e+01
   3.8973000e+04   3.2836914e+01
   3.9019000e+04   2.0568848e+01
   4.3435000e+04   1.9409180e+01
   4.5010000e+04   2.0446777e+01
   4.5319000e+04   1.8493652e+01
   5.3816000e+04   1.8127441e+01
   5.3987000e+04   1.8066406e+01
   5.4010000e+04   2.0080566e+01
   5.5158000e+04   2.1606445e+01
   5.8200000e+04   1.9165039e+01
   5.8509000e+04   1.8249512e+01
   5.9114000e+04   2.2460938e+01
   5.9314000e+04   2.0263672e+01
   6.0278000e+04   1.9958496e+01
   6.8724000e+04   1.9104004e+01
   6.9162000e+04   1.9165039e+01
   6.9253000e+04   2.3864746e+01
   6.9415000e+04   1.8493652e+01
   6.9479000e+04   1.8920898e+01
   6.9496000e+04   2.0080566e+01
   6.9632000e+04   2.2033691e+01
   6.9661000e+04   2.1118164e+01
   6.9710000e+04   2.1057129e+01
   7.1501000e+04   1.8981934e+01
   7.1747000e+04   2.8503418e+01
   7.1759000e+04   1.8798828e+01
   7.7632000e+04   2.3742676e+01
   7.7661000e+04   2.0385742e+01
   7.8199000e+04   1.8920898e+01
   8.0966000e+04   2.0263672e+01
   8.1802000e+04   1.8554688e+01
   8.2011000e+04   2.1423340e+01
   8.2064000e+04   2.2521973e+01
   8.2083000e+04   2.2705078e+01
   8.2109000e+04   1.8249512e+01
   9.0731000e+04   1.8371582e+01
   9.0936000e+04   2.1484375e+01
   9.0948000e+04   2.3864746e+01
   9.0963000e+04   2.7709961e+01
   9.0985000e+04   1.8737793e+01
   9.1085000e+04   2.1118164e+01
   9.1440000e+04   1.8432617e+01
   9.1973000e+04   2.1606445e+01
   9.2106000e+04   2.0874023e+01
   9.9515000e+04   2.0996094e+01
   1.0066500e+05   1.9836426e+01
   1.0142900e+05   2.6000977e+01
   1.0157200e+05   2.0507812e+01
   1.0239900e+05   1.8432617e+01
   1.0254800e+05   1.8432617e+01
   1.0263800e+05   2.3925781e+01
   1.0266200e+05   2.2766113e+01
   1.0270900e+05   2.4597168e+01
   1.0998100e+05   1.8676758e+01
   1.1004300e+05   1.9470215e+01
   1.1423900e+05   1.9958496e+01
   1.1457000e+05   1.8981934e+01
   1.1493200e+05   2.7404785e+01
   1.1526800e+05   2.9602051e+01
   1.1529200e+05   2.0080566e+01
   1.1530300e+05   2.4291992e+01
   1.1533000e+05   2.4108887e+01
   1.1536400e+05   1.8920898e+01
   1.1537500e+05   1.8249512e+01
   1.1541300e+05   2.1667480e+01
   1.2228000e+05   2.0507812e+01
   1.2280200e+05   2.3498535e+01
   1.2344000e+05   2.3132324e+01
   1.2348700e+05   1.8554688e+01
   1.2353900e+05   2.4414062e+01
   1.2357000e+05   2.1911621e+01
   1.2367400e+05   1.9897461e+01
   1.2617700e+05   1.9836426e+01
   1.2649700e+05   2.1789551e+01
   1.2692700e+05   1.9836426e+01
   1.2796500e+05   1.9958496e+01
   1.2810100e+05   2.2827148e+01
   1.3682200e+05   1.9348145e+01
   1.3691100e+05   2.3620605e+01
   1.3692300e+05   1.9592285e+01
   1.3695200e+05   1.9287109e+01
   1.3698500e+05   2.3071289e+01
   1.3699800e+05   2.1484375e+01
   1.4399800e+05   2.2888184e+01
   1.4495900e+05   2.0263672e+01
   1.4568000e+05   2.4414062e+01
   1.4569200e+05   1.8920898e+01
   1.4573900e+05   2.3437500e+01
   1.4638500e+05   1.9287109e+01
   1.4667100e+05   1.8737793e+01
   1.4722800e+05   1.9226074e+01
   1.5099200e+05   1.8188477e+01
   1.5116600e+05   1.9592285e+01
   1.5123000e+05   2.1362305e+01
   1.5128900e+05   2.0385742e+01
   1.5877400e+05   2.0446777e+01
   1.6139600e+05   1.9104004e+01
   1.6142700e+05   2.3010254e+01
   1.6148700e+05   1.8920898e+01
   1.6150900e+05   3.0761719e+01
   1.6154800e+05   2.3315430e+01
   1.6159600e+05   2.0324707e+01
   1.6251700e+05   1.9409180e+01
   1.7212100e+05   1.8432617e+01
   1.7240800e+05   1.9897461e+01
   1.7249800e+05   2.1606445e+01
   1.7253100e+05   2.6184082e+01
   1.7997900e+05   1.8798828e+01
   1.8012600e+05   2.0141602e+01
   1.8031900e+05   3.1066895e+01
   1.8079800e+05   1.8493652e+01
   1.8081000e+05   2.0874023e+01
   1.8100800e+05   2.0019531e+01
   1.8164500e+05   1.8127441e+01
   1.8396400e+05   1.9653320e+01
   1.8405500e+05   2.2583008e+01
   1.8410300e+05   2.7709961e+01
   1.8413500e+05   2.0690918e+01
   1.8432800e+05   1.8676758e+01
   1.8447400e+05   1.8920898e+01
   1.8945300e+05   1.9042969e+01
   1.8959200e+05   1.9042969e+01
   1.9000800e+05   1.8615723e+01
   1.9004300e+05   2.0751953e+01
   1.9006400e+05   2.0874023e+01
   1.9185900e+05   2.1545410e+01
   1.9280800e+05   2.2521973e+01
   1.9290500e+05   2.5024414e+01
   1.9398300e+05   1.8066406e+01
   1.9484000e+05   2.5268555e+01
   1.9488000e+05   1.8981934e+01
   1.9492300e+05   2.1118164e+01
   1.9493900e+05   1.8920898e+01
   1.9864200e+05   1.9592285e+01
   1.9872600e+05   1.8981934e+01
   2.0589300e+05   1.8310547e+01
   2.0736100e+05   2.3681641e+01
   2.0738300e+05   2.6977539e+01
   2.0739400e+05   1.9042969e+01
   2.0740900e+05   3.0700684e+01
   2.0742400e+05   2.6428223e+01
   2.0745600e+05   1.9165039e+01
   2.0752800e+05   2.1911621e+01
   2.1392900e+05   1.9653320e+01
   2.1426600e+05   1.8371582e+01
   2.1468000e+05   2.5634766e+01
   2.1470300e+05   2.6367188e+01
   2.1472400e+05   3.0090332e+01
   2.1473400e+05   2.0629883e+01
   2.1744900e+05   2.0385742e+01
   2.1830700e+05   2.0568848e+01
   2.1851400e+05   1.8371582e+01
   2.2272500e+05   2.0568848e+01
   2.2287900e+05   2.3986816e+01
   2.2383600e+05   2.4047852e+01
   2.2388400e+05   1.8554688e+01
   2.2392300e+05   2.4597168e+01
   2.2393700e+05   3.0151367e+01
   2.2396900e+05   2.0080566e+01
   2.2399400e+05   2.2827148e+01
   2.2405100e+05   1.8371582e+01
   2.2618900e+05   1.8188477e+01
   2.3049700e+05   1.9348145e+01
   2.3061800e+05   1.9897461e+01
   2.3463600e+05   1.9836426e+01
   2.3465200e+05   3.2775879e+01
   2.3925600e+05   1.8615723e+01
   2.3950900e+05   2.0019531e+01
   2.4008700e+05   2.2827148e+01
   2.4012700e+05   1.8920898e+01
   2.4016600e+05   2.6489258e+01
   2.4017800e+05   1.8066406e+01
   2.4892700e+05   2.0812988e+01
   2.4913300e+05   2.2705078e+01
   2.4930400e+05   1.9287109e+01
   2.4943600e+05   2.3315430e+01
   2.5772400e+05   2.3193359e+01
   2.5837800e+05   2.4291992e+01
   2.5840000e+05   2.5268555e+01
   2.5841900e+05   1.9775391e+01
   2.5894000e+05   2.0812988e+01
   2.5910000e+05   2.3681641e+01
   2.5914100e+05   2.6123047e+01
   2.5940600e+05   3.4179688e+01
   2.5942700e+05   2.4536133e+01
   2.5946100e+05   1.9836426e+01
   2.5947100e+05   1.8859863e+01
   2.6006300e+05   1.9714355e+01
   2.6496300e+05   1.8493652e+01
   2.6545500e+05   2.0080566e+01
   2.6602800e+05   2.4597168e+01
   2.6606100e+05   2.0874023e+01
   2.6608400e+05   2.1118164e+01
   2.6610700e+05   2.0751953e+01
   2.7060200e+05   2.0751953e+01
   2.7573700e+05   1.8371582e+01
   2.7580500e+05   1.8920898e+01
   2.7615200e+05   1.8127441e+01
   2.7712900e+05   2.8686523e+01
   2.7714200e+05   1.8188477e+01
   2.7718100e+05   2.8869629e+01
   2.7725000e+05   1.8066406e+01
   2.7726800e+05   2.7893066e+01
   2.7732800e+05   2.0080566e+01
   2.8521300e+05   1.8859863e+01
   2.8534200e+05   1.8920898e+01
   2.8541500e+05   2.3254395e+01
   2.8604400e+05   2.7038574e+01
   2.8608900e+05   3.0578613e+01
   2.8612200e+05   2.6062012e+01
   2.8617100e+05   2.5451660e+01
   2.8621600e+05   2.0446777e+01
   2.8625800e+05   2.8503418e+01
   2.8959300e+05   1.8981934e+01
   2.8996000e+05   2.0202637e+01
   2.9070400e+05   1.8676758e+01
   2.9341400e+05   1.8981934e+01
   2.9374400e+05   2.8930664e+01
   2.9608700e+05   2.0996094e+01
   2.9614100e+05   1.9897461e+01
   2.9618600e+05   2.1911621e+01
   2.9620500e+05   2.0629883e+01
   2.9623600e+05   1.9958496e+01
   3.0384000e+05   1.9958496e+01
   3.0489700e+05   2.1179199e+01
   3.1344300e+05   1.9042969e+01
   3.1350000e+05   2.3071289e+01
   3.1368300e+05   1.8554688e+01
   3.1395700e+05   2.2766113e+01
   3.1402700e+05   2.2338867e+01
   3.1935000e+05   2.0874023e+01
   3.2168400e+05   2.1667480e+01
   3.2208400e+05   1.8676758e+01
   3.2248900e+05   1.9775391e+01
   3.2269500e+05   2.4719238e+01
   3.2274900e+05   1.9653320e+01
   3.2277900e+05   2.9663086e+01
   3.2287100e+05   1.8920898e+01
   3.3287500e+05   2.0935059e+01
   3.3298800e+05   2.0019531e+01
   3.3533400e+05   1.9653320e+01
   3.3536400e+05   2.2155762e+01
   3.3668900e+05   2.5573730e+01
   3.3671100e+05   2.1057129e+01
   3.3672300e+05   2.7099609e+01
   3.3676000e+05   1.9897461e+01
   3.3680200e+05   1.9897461e+01
   3.4283800e+05   2.1789551e+01
   3.4335200e+05   2.5573730e+01
   3.4456400e+05   2.3925781e+01
   3.4460500e+05   1.8066406e+01
   3.4467800e+05   3.4423828e+01
   3.4473600e+05   1.9775391e+01
   3.5143900e+05   1.8249512e+01
   3.5157200e+05   1.9226074e+01
   3.5795200e+05   1.8798828e+01
   3.6521100e+05   2.2521973e+01
   3.6532600e+05   1.8493652e+01
   3.6594100e+05   1.8066406e+01
   3.6646200e+05   2.8259277e+01
   3.6649400e+05   2.4597168e+01
   3.6650900e+05   3.1005859e+01
   3.6655200e+05   3.0578613e+01
   3.6656600e+05   1.9958496e+01
   3.7180900e+05   1.8615723e+01
   3.7191500e+05   1.9042969e+01
   3.7205100e+05   1.9531250e+01
   3.7220800e+05   1.8554688e+01
   3.7409600e+05   2.0446777e+01
   3.7498000e+05   1.8615723e+01
   3.7503200e+05   2.0019531e+01
   3.7505000e+05   2.8381348e+01
   3.8407500e+05   1.8554688e+01
   3.9103100e+05   2.4353027e+01
   3.9132800e+05   1.9714355e+01
   3.9146700e+05   3.1738281e+01
   3.9636500e+05   2.2094727e+01
   3.9706600e+05   1.9470215e+01
   3.9717200e+05   1.9226074e+01
   3.9737900e+05   1.9531250e+01
   3.9781800e+05   2.6306152e+01
   3.9787700e+05   2.2766113e+01
   4.0170700e+05   1.9958496e+01
   4.0186000e+05   2.1179199e+01
   4.0210300e+05   1.9409180e+01
   4.0260300e+05   2.1179199e+01
   4.0585700e+05   2.3193359e+01
   4.0590300e+05   2.0141602e+01
   4.0604900e+05   1.9287109e+01
   4.0629600e+05   1.8127441e+01
   4.1141100e+05   1.8310547e+01
   4.1288100e+05   1.9470215e+01
   4.1316200e+05   1.8676758e+01
   4.1323700e+05   1.8066406e+01
   4.1336800e+05   2.0019531e+01
   4.2328000e+05   1.8798828e+01
   4.2341900e+05   1.9775391e+01
   4.2375700e+05   1.9287109e+01
   4.2385300e+05   2.0751953e+01
   4.2389300e+05   2.0385742e+01
   4.3403500e+05   2.0141602e+01
   4.3414100e+05   2.0385742e+01
   4.3431900e+05   2.2399902e+01
   4.3448000e+05   2.3315430e+01
   4.3501300e+05   2.5085449e+01
   4.4432800e+05   1.8371582e+01
   4.4942200e+05   2.0324707e+01
   4.4953100e+05   1.9958496e+01
   4.4966300e+05   2.4169922e+01
   4.4983700e+05   2.0935059e+01
   4.5328800e+05   1.9104004e+01
   4.5365800e+05   2.2399902e+01
   4.5446700e+05   1.9226074e+01
   4.5455400e+05   2.1179199e+01
   4.6296300e+05   1.8310547e+01
   4.6312600e+05   2.0874023e+01
   4.6380200e+05   1.9348145e+01
   4.6846700e+05   1.9653320e+01
   4.6890100e+05   2.4047852e+01
   4.6908800e+05   1.9592285e+01
   4.6947800e+05   2.1240234e+01
   4.7577900e+05   1.8554688e+01
   4.7978500e+05   1.8066406e+01
   4.7984200e+05   2.0629883e+01
   4.8053000e+05   1.8981934e+01
   4.8075800e+05   1.9897461e+01
   4.8141900e+05   2.2827148e+01
   4.8148400e+05   2.7465820e+01
   4.8518600e+05   1.8615723e+01
   4.8529000e+05   1.8737793e+01
   4.9190600e+05   1.8188477e+01
   4.9196500e+05   2.0629883e+01
   4.9299000e+05   1.9653320e+01
   4.9308600e+05   2.0141602e+01
   4.9728600e+05   1.9348145e+01
   4.9794000e+05   1.9042969e+01
   4.9859100e+05   1.8676758e+01
   4.9869200e+05   1.8737793e+01
   4.9870700e+05   2.4658203e+01
   4.9872100e+05   3.0273438e+01
   4.9875700e+05   2.2399902e+01
   4.9878800e+05   1.9775391e+01
   5.0584500e+05   2.1179199e+01
   5.0664200e+05   1.9042969e+01
   5.0695400e+05   1.9836426e+01
   5.0702000e+05   2.7343750e+01
   5.0706000e+05   2.0324707e+01
   5.0709500e+05   3.5339355e+01
   5.0780100e+05   2.0446777e+01
   5.0782300e+05   1.8127441e+01
   5.0789700e+05   2.3010254e+01
   5.1154900e+05   2.0324707e+01
   5.1199400e+05   1.9775391e+01
   5.1222000e+05   1.8798828e+01
   5.1278400e+05   2.0385742e+01
   5.1282600e+05   2.6794434e+01
   5.1659600e+05   1.9897461e+01
   5.1671400e+05   1.9836426e+01
   5.1677600e+05   2.1667480e+01
   5.2475000e+05   1.9409180e+01
   5.2490300e+05   1.8249512e+01
   5.2581500e+05   2.3864746e+01
   5.2583800e+05   1.8432617e+01
   5.2594700e+05   1.8432617e+01
   5.2597800e+05   2.4597168e+01
   5.2639500e+05   1.8127441e+01
   5.2643100e+05   2.3925781e+01
   5.2644500e+05   2.2766113e+01
   5.2656100e+05   1.8676758e+01
   5.3095100e+05   1.8676758e+01
   5.3112500e+05   1.9592285e+01
   5.3138700e+05   1.8066406e+01
   5.3196600e+05   2.9052734e+01
   5.3209800e+05   2.5146484e+01
   5.3902400e+05   2.0751953e+01
   5.3915600e+05   1.8127441e+01
   5.4305600e+05   1.8188477e+01
   5.5079400e+05   1.8615723e+01
   5.5092300e+05   2.1667480e+01
   5.5158600e+05   1.9165039e+01
   5.5677200e+05   1.9287109e+01
   5.6360200e+05   2.0629883e+01
   5.6366400e+05   2.2033691e+01
   5.6424300e+05   2.7099609e+01
   5.6478500e+05   1.9714355e+01
   5.6484900e+05   2.2888184e+01
   5.7173300e+05   1.8676758e+01
   5.7176500e+05   1.8920898e+01
   5.7178700e+05   2.4902344e+01
   5.7198500e+05   2.0019531e+01
   5.7205200e+05   3.4179688e+01
   5.7210500e+05   1.8371582e+01
   5.7445900e+05   2.1728516e+01
   5.7450800e+05   1.8859863e+01
   5.7453100e+05   2.1118164e+01
   5.7457000e+05   2.1423340e+01
   5.7459400e+05   2.0324707e+01
   5.7867600e+05   2.6672363e+01
   5.7901800e+05   1.8432617e+01
   5.7979500e+05   1.8310547e+01
   5.7981400e+05   3.5888672e+01
   5.7984400e+05   1.9714355e+01
   5.7987900e+05   1.8920898e+01
   5.7999000e+05   1.8249512e+01
   5.8013500e+05   1.8615723e+01
   5.8039300e+05   1.8676758e+01
   5.8040300e+05   2.3925781e+01
   5.8041800e+05   2.7343750e+01
   5.8047500e+05   2.0080566e+01
   5.8049200e+05   2.1362305e+01
   5.8790100e+05   2.3437500e+01
   5.8807900e+05   2.0019531e+01
   5.8813100e+05   1.8737793e+01
   5.8850000e+05   1.8920898e+01
   5.9256700e+05   2.2216797e+01
   5.9300400e+05   2.0202637e+01
   5.9339800e+05   2.6733398e+01
   5.9342400e+05   1.9653320e+01
   5.9346600e+05   2.0019531e+01
   5.9358300e+05   2.3071289e+01
   5.9363200e+05   1.8859863e+01
   5.9419200e+05   2.1362305e+01
   5.9430000e+05   1.8066406e+01
   5.9441500e+05   2.3376465e+01
   5.9496700e+05   2.4902344e+01
   5.9497900e+05   2.1301270e+01
   5.9509400e+05   2.1057129e+01
   6.0387700e+05   2.2705078e+01
   6.0416200e+05   1.8249512e+01
   6.0429500e+05   1.9836426e+01
   6.0437800e+05   1.8615723e+01
   6.0443800e+05   2.1911621e+01
   6.0494600e+05   2.1057129e+01
   6.0530700e+05   1.8737793e+01
   6.0546600e+05   2.8930664e+01
   6.1168500e+05   1.9653320e+01
   6.1250600e+05   2.4780273e+01
   6.2080900e+05   1.8188477e+01
   6.2125200e+05   1.9897461e+01
   6.2586400e+05   1.8798828e+01
   6.2628000e+05   2.2644043e+01
   6.2739800e+05   1.8859863e+01
   6.2747900e+05   1.9775391e+01
   6.2763800e+05   2.1972656e+01
   6.3663000e+05   2.0080566e+01
   6.3686900e+05   2.3803711e+01
   6.3699600e+05   1.8127441e+01
   6.3743900e+05   2.4536133e+01
   6.3942700e+05   1.8432617e+01
   6.3949300e+05   1.8066406e+01
   6.3951300e+05   1.8615723e+01
   6.3953300e+05   1.9897461e+01
   6.3957900e+05   2.0385742e+01
   6.4888100e+05   1.8310547e+01
   6.4930500e+05   2.0141602e+01
   6.4931900e+05   2.7221680e+01
   6.5705400e+05   1.9348145e+01
   6.5720300e+05   2.0263672e+01
   6.5746300e+05   1.9836426e+01
   6.5771800e+05   1.9897461e+01
   6.5807800e+05   1.8859863e+01
   6.5813000e+05   1.9042969e+01
   6.6661000e+05   1.9470215e+01
   6.6728300e+05   1.8981934e+01
   6.6733100e+05   2.0446777e+01
   6.6910600e+05   2.0080566e+01
   6.6916000e+05   2.1423340e+01
   6.6972700e+05   1.8981934e+01
   6.6984600e+05   2.8503418e+01
   6.6987300e+05   1.8127441e+01
   6.6988900e+05   1.8554688e+01
   6.7603400e+05   2.4658203e+01
   6.7640100e+05   2.4658203e+01
   6.7965700e+05   2.0263672e+01
   6.7969300e+05   2.7648926e+01
   6.7972100e+05   2.5146484e+01
   6.7979400e+05   1.8859863e+01
   6.8005800e+05   2.1179199e+01
   6.8042500e+05   1.8554688e+01
   6.8630200e+05   2.2705078e+01
   6.8716700e+05   2.2460938e+01
   6.8719500e+05   1.8798828e+01
   6.8721700e+05   2.0507812e+01
   6.9484800e+05   2.0324707e+01
   6.9527700e+05   1.9226074e+01
   6.9574700e+05   1.8493652e+01
   6.9608400e+05   2.2521973e+01
   6.9650800e+05   1.9042969e+01
   6.9669700e+05   1.9409180e+01
   6.9702300e+05   2.6367188e+01
   6.9704400e+05   1.8554688e+01
   6.9959900e+05   1.8188477e+01
   6.9993000e+05   1.8798828e+01
   7.0083400e+05   1.8615723e+01
   7.0096500e+05   1.8737793e+01
   7.0103600e+05   2.0141602e+01
   7.0105300e+05   2.0507812e+01
   7.0110000e+05   2.5817871e+01
   7.0148900e+05   1.8676758e+01
   7.0193400e+05   2.1484375e+01
   7.0735300e+05   1.9775391e+01
   7.0749500e+05   2.0507812e+01
   7.1145000e+05   2.2949219e+01
   7.1431300e+05   2.1728516e+01
   7.1444200e+05   1.9165039e+01
   7.1464300e+05   1.8432617e+01
   7.1471200e+05   1.9958496e+01
   7.1473700e+05   1.8615723e+01
   7.1492100e+05   1.9409180e+01
   7.1548800e+05   1.8127441e+01
   7.2054700e+05   1.8188477e+01
   7.2061700e+05   1.9897461e+01
   7.2066200e+05   1.9592285e+01
   7.2107300e+05   2.0996094e+01
   7.2126900e+05   2.6000977e+01
   7.2129700e+05   1.8798828e+01
   7.2212100e+05   1.8310547e+01
   7.2444400e+05   1.9287109e+01
   7.2446400e+05   1.9226074e+01
   7.2450100e+05   2.0141602e+01
   7.2463900e+05   2.0751953e+01
   7.3001700e+05   1.8615723e+01
   7.3005400e+05   2.0446777e+01
   7.3064000e+05   2.0690918e+01
   7.3092400e+05   2.0080566e+01
   7.3095300e+05   2.1301270e+01
   7.3100300e+05   2.2155762e+01
   7.3989900e+05   2.2094727e+01
   7.3995200e+05   2.4475098e+01
   7.3996500e+05   2.3864746e+01
   7.4000100e+05   2.3498535e+01
   7.4440400e+05   1.9836426e+01
   7.4441900e+05   1.8249512e+01
   7.4466200e+05   2.0324707e+01
   7.5346700e+05   2.0202637e+01
   7.5352000e+05   1.9226074e+01
   7.5359900e+05   2.2155762e+01
   7.5365900e+05   1.8066406e+01
   7.5380500e+05   2.1240234e+01
   7.5947600e+05   1.9226074e+01
   7.5963300e+05   1.8859863e+01
   7.5992600e+05   3.0517578e+01
   7.5995600e+05   3.0761719e+01
   7.5997500e+05   2.5573730e+01
   7.6619400e+05   1.9104004e+01
   7.6647700e+05   2.1667480e+01
   7.6787900e+05   1.8371582e+01
   7.6792800e+05   1.8310547e+01
   7.6797000e+05   2.1606445e+01
   7.6817200e+05   1.9531250e+01
   7.6820200e+05   2.3254395e+01
   7.6821200e+05   4.2114258e+01
   7.6822300e+05   2.2949219e+01
   7.6824800e+05   1.8737793e+01
   7.6827100e+05   2.4536133e+01
   7.7804300e+05   2.2094727e+01
   7.7809800e+05   1.8371582e+01
   7.8461600e+05   1.8554688e+01
   7.8475100e+05   1.8554688e+01
   7.8548300e+05   2.0935059e+01
   7.8583600e+05   2.0629883e+01
   7.8625500e+05   1.9714355e+01
   7.9442900e+05   2.0507812e+01
   7.9480200e+05   1.8066406e+01
   7.9557900e+05   2.1423340e+01
   7.9560400e+05   1.8859863e+01
   7.9562300e+05   2.1484375e+01
   7.9605500e+05   2.1484375e+01
   7.9620200e+05   2.0507812e+01
   7.9706900e+05   1.8371582e+01
   7.9709200e+05   1.8493652e+01
   7.9712400e+05   1.8859863e+01
   7.9726200e+05   1.9042969e+01
   7.9779100e+05   1.8188477e+01
   7.9782300e+05   1.8859863e+01
   8.0922800e+05   1.9226074e+01
   8.0974300e+05   2.3498535e+01
   8.0975300e+05   2.6611328e+01
   8.0985900e+05   2.2460938e+01
   8.0999700e+05   1.8737793e+01
   8.1011900e+05   2.0385742e+01
   8.1045700e+05   2.0324707e+01
   8.1050300e+05   2.1728516e+01
   8.1901500e+05   2.3803711e+01
   8.1903200e+05   2.0141602e+01
   8.1905400e+05   2.7954102e+01
   8.1916100e+05   1.9104004e+01
   8.2027000e+05   1.9653320e+01
   8.2033300e+05   2.4841309e+01
   8.2708200e+05   2.0263672e+01
   8.2832200e+05   1.8127441e+01
   8.2879900e+05   1.8676758e+01
   8.2941000e+05   2.1911621e+01
   8.2943600e+05   1.8859863e+01
   8.2947300e+05   2.0874023e+01
   8.3457800e+05   2.0385742e+01
   8.3530100e+05   2.2277832e+01
   8.3552500e+05   1.9348145e+01
   8.3687400e+05   1.8859863e+01
   8.4556600e+05   1.9409180e+01
   8.4559700e+05   2.1789551e+01
   8.4562900e+05   1.8432617e+01
   8.4573800e+05   1.9042969e+01
   8.4630300e+05   2.0935059e+01
   8.5281100e+05   2.0996094e+01
   8.5308300e+05   2.1606445e+01
   8.5313300e+05   2.0629883e+01
   8.5315000e+05   1.8066406e+01
   8.5320000e+05   2.0568848e+01
   8.5408400e+05   4.0039062e+01
   8.5411200e+05   1.8981934e+01
   8.5547300e+05   2.0935059e+01
   8.6318300e+05   1.9836426e+01
   8.6327800e+05   1.8554688e+01
   8.6353800e+05   1.9653320e+01
   8.6371100e+05   2.2949219e+01
   8.6429700e+05   1.8920898e+01
   8.6484100e+05   2.5878906e+01
   8.6485400e+05   3.2531738e+01
   8.6489400e+05   1.9470215e+01
   8.7204300e+05   2.0568848e+01
   8.7313400e+05   1.8493652e+01
   8.7349400e+05   2.0141602e+01
   8.7361000e+05   2.0385742e+01
   8.7499000e+05   1.9104004e+01
   8.7502300e+05   3.5644531e+01
   8.7504800e+05   2.4414063e+01
   8.7509300e+05   2.2949219e+01
   8.7514500e+05   2.9785156e+01
   8.7515800e+05   2.4780273e+01
   8.8324400e+05   1.9165039e+01
   8.8375400e+05   1.8554688e+01
   8.8407000e+05   2.1728516e+01
   8.8410900e+05   3.8574219e+01
   8.8413600e+05   2.1179199e+01
   8.8418300e+05   1.8127441e+01
   8.8445000e+05   1.9897461e+01
   8.8447800e+05   2.5390625e+01
   8.9080600e+05   2.3498535e+01
   8.9330400e+05   1.9104004e+01
   8.9532400e+05   1.8981934e+01
   8.9561500e+05   3.1494141e+01
   8.9729100e+05   3.4729004e+01
   8.9730600e+05   1.8127441e+01
   8.9732600e+05   1.9042969e+01
   9.0401800e+05   1.9836426e+01
   9.1114800e+05   1.9775391e+01
   9.1128900e+05   2.0263672e+01
   9.1156900e+05   1.9897461e+01
   9.1160900e+05   1.8737793e+01
   9.1162700e+05   1.8310547e+01
   9.1164800e+05   2.2277832e+01
   9.1166600e+05   1.9470215e+01
   9.1168900e+05   2.5756836e+01
   9.1170000e+05   2.0385742e+01
   9.1416700e+05   2.1728516e+01
   9.1920100e+05   2.1667480e+01
   9.1922000e+05   6.2866211e+01
   9.1925500e+05   2.1545410e+01
   9.1927500e+05   2.0080566e+01
   9.3025700e+05   2.3315430e+01
   9.3066700e+05   1.8920898e+01
   9.3101100e+05   1.9042969e+01
   9.3123400e+05   2.9235840e+01
   9.3142200e+05   1.9287109e+01
   9.3193400e+05   2.1911621e+01
   9.3194600e+05   1.8188477e+01
   9.3232200e+05   1.9775391e+01
   9.3239500e+05   2.1606445e+01
   9.4166300e+05   1.9714355e+01
   9.4269100e+05   1.9042969e+01
   9.4270500e+05   2.2277832e+01
   9.4299000e+05   1.8371582e+01
   9.4394500e+05   2.2033691e+01
   9.4397700e+05   1.9836426e+01
   9.4400100e+05   1.8920898e+01
   9.4403400e+05   1.9653320e+01
   9.4418600e+05   1.8249512e+01
   9.4529800e+05   2.0141602e+01
   9.5321600e+05   2.1972656e+01
   9.5352100e+05   1.9653320e+01
   9.5383800e+05   2.1118164e+01
   9.5386800e+05   2.0446777e+01
   9.5478000e+05   2.4108887e+01
   9.5497000e+05   1.8066406e+01
   9.6204000e+05   1.8676758e+01
   9.6222600e+05   1.8676758e+01
   9.6236500e+05   1.9165039e+01
   9.6245400e+05   1.9958496e+01
   9.6263800e+05   1.9348145e+01
   9.6292500e+05   3.3142090e+01
   9.6296100e+05   1.9042969e+01
   9.7171200e+05   1.8127441e+01
   9.7181800e+05   2.0874023e+01
   9.7229800e+05   1.8798828e+01
   9.7272600e+05   1.9531250e+01
   9.7278500e+05   2.1850586e+01
   9.7291200e+05   2.0568848e+01
   9.7297400e+05   1.8676758e+01
   9.7300900e+05   2.0507812e+01
   9.7303300e+05   2.0507812e+01
   9.8236400e+05   2.0568848e+01
   9.8323000e+05   1.8798828e+01
   9.8384800e+05   2.3925781e+01
   9.8407700e+05   1.9470215e+01
   9.8412400e+05   2.0080566e+01
   9.8476500e+05   2.0385742e+01
   9.8478700e+05   2.5634766e+01
   9.8484800e+05   2.1118164e+01
   9.8486100e+05   2.0568848e+01
   9.8488800e+05   1.9958496e+01
   9.8491700e+05   2.1728516e+01
   9.9728200e+05   2.1850586e+01
   9.9741100e+05   1.9714355e+01
   9.9941700e+05   1.9592285e+01
   1.0060370e+06   1.9409180e+01
   1.0063350e+06   2.5207520e+01
   1.0066550e+06   2.0141602e+01
   1.0075180e+06   2.3254395e+01
   1.0075800e+06   1.8493652e+01
   1.0075960e+06   2.5451660e+01
   1.0086900e+06   1.8066406e+01
   1.0088230e+06   2.3742676e+01
   1.0088790e+06   2.0751953e+01
   1.0098040e+06   1.8371582e+01
   1.0098360e+06   3.9367676e+01
   1.0098780e+06   2.8198242e+01
   1.0099110e+06   2.5390625e+01
   1.0099460e+06   2.2216797e+01
   1.0099710e+06   2.0141602e+01
   1.0223490e+06   1.8737793e+01
   1.0225240e+06   1.9287109e+01
   1.0285520e+06   1.8554688e+01
   1.0285800e+06   2.8869629e+01
   1.0286080e+06   2.0751953e+01
   1.0286590e+06   2.6062012e+01
   1.0325730e+06   2.0935059e+01
   1.0327070e+06   1.9348145e+01
   1.0327950e+06   1.8249512e+01
   1.0366140e+06   2.4597168e+01
   1.0366360e+06   1.9653320e+01
   1.0370380e+06   2.0935059e+01
   1.0377190e+06   1.9165039e+01
   1.0377470e+06   2.7099609e+01
   1.0377710e+06   3.8208008e+01
   1.0377990e+06   2.0141602e+01
   1.0378230e+06   1.9958496e+01
   1.0416220e+06   1.8249512e+01
   1.0417250e+06   1.8981934e+01
   1.0418010e+06   2.3071289e+01
   1.0418700e+06   1.9958496e+01
   1.0499690e+06   1.8310547e+01
   1.0503870e+06   2.0324707e+01
   1.0512280e+06   1.8249512e+01
   1.0512710e+06   2.0751953e+01
   1.0575640e+06   2.0812988e+01
   1.0601590e+06   2.0629883e+01
   1.0601910e+06   1.9104004e+01
   1.0616490e+06   2.0202637e+01
   1.0624130e+06   1.8737793e+01
   1.0624400e+06   2.4963379e+01
   1.0624570e+06   2.3681641e+01
   1.0624750e+06   3.2287598e+01
   1.0625000e+06   2.6916504e+01
   1.0625460e+06   2.0263672e+01
   1.0729200e+06   1.8432617e+01
   1.0746190e+06   2.0507812e+01
   1.0746840e+06   2.1972656e+01
   1.0756880e+06   1.9470215e+01
   1.0849320e+06   1.8859863e+01
   1.0855580e+06   1.9958496e+01
   1.0874980e+06   2.1240234e+01
   1.0875330e+06   2.2766113e+01
   1.0875520e+06   2.6062012e+01
   1.0875710e+06   1.8676758e+01
   1.0876040e+06   1.8859863e+01
   1.0891250e+06   1.8981934e+01
   1.0892540e+06   1.9897461e+01
   1.0948130e+06   2.1179199e+01
   1.0949240e+06   1.8127441e+01
   1.0957810e+06   2.0629883e+01
   1.0977940e+06   1.8981934e+01
   1.0983620e+06   1.8371582e+01
   1.0983880e+06   1.9470215e+01
   1.0984010e+06   1.8188477e+01
   1.0984790e+06   2.0812988e+01
   1.0987350e+06   1.8554688e+01
   1.0987710e+06   2.6123047e+01
   1.0988120e+06   2.1423340e+01
   1.0994090e+06   1.9409180e+01
   1.0994640e+06   2.9907227e+01
   1.0994820e+06   2.2644043e+01
   1.1077090e+06   1.8676758e+01
   1.1102400e+06   1.8249512e+01
   1.1103060e+06   1.9714355e+01
   1.1190220e+06   2.0935059e+01
   1.1204810e+06   1.8676758e+01
   1.1205260e+06   1.8127441e+01
   1.1205420e+06   3.1677246e+01
   1.1207640e+06   1.8432617e+01
   1.1207870e+06   2.0629883e+01
   1.1207980e+06   3.0761719e+01
   1.1299750e+06   2.4230957e+01
   1.1323860e+06   2.0507812e+01
   1.1324870e+06   1.8188477e+01
   1.1330750e+06   2.0751953e+01
   1.1331390e+06   1.8737793e+01
   1.1332070e+06   2.0935059e+01
   1.1367100e+06   2.2216797e+01
   1.1371280e+06   1.9653320e+01
   1.1371940e+06   2.4414062e+01
   1.1373230e+06   1.8371582e+01
   1.1374260e+06   1.8127441e+01
   1.1378800e+06   2.0446777e+01
   1.1379090e+06   2.9357910e+01
   1.1446810e+06   2.0263672e+01
   1.1458720e+06   2.0996094e+01
   1.1463870e+06   1.9775391e+01
   1.1468930e+06   1.9287109e+01
   1.1477020e+06   2.2399902e+01
   1.1477510e+06   2.1240234e+01
   1.1477820e+06   3.1921387e+01
   1.1555980e+06   2.0385742e+01
   1.1557240e+06   2.0568848e+01
   1.1558980e+06   2.0507812e+01
   1.1573630e+06   1.8127441e+01
   1.1591110e+06   1.8859863e+01
   1.1592220e+06   2.0324707e+01
   1.1597330e+06   2.5817871e+01
   1.1597870e+06   2.7404785e+01
   1.1605470e+06   2.0751953e+01
   1.1606220e+06   2.0019531e+01
   1.1610600e+06   1.9470215e+01
   1.1683450e+06   1.9897461e+01
   1.1684490e+06   1.8371582e+01
   1.1685780e+06   2.2583008e+01
   1.1692250e+06   1.9714355e+01
   1.1692490e+06   2.2155762e+01
   1.1692820e+06   2.2460938e+01
   1.1747560e+06   2.9968262e+01
   1.1747930e+06   1.8432617e+01
   1.1753890e+06   2.0263672e+01
   1.1757050e+06   2.0690918e+01
   1.1787100e+06   2.0324707e+01
   1.1788680e+06   1.9775391e+01
   1.1793080e+06   1.9042969e+01
   1.1793860e+06   1.8859863e+01
   1.1796280e+06   2.2277832e+01
   1.1797240e+06   1.9226074e+01
   1.1800780e+06   1.8066406e+01
   1.1897660e+06   1.9409180e+01
   1.1926250e+06   1.8066406e+01
   1.1927740e+06   1.9042969e+01
   1.1927990e+06   2.2644043e+01
   1.1928150e+06   1.9836426e+01
   1.1928320e+06   2.1850586e+01
   1.1928700e+06   1.9226074e+01
   1.1929090e+06   2.6794434e+01
   1.1929220e+06   1.9226074e+01
   1.2006660e+06   1.9348145e+01
   1.2029940e+06   2.0935059e+01
   1.2032570e+06   2.2216797e+01
   1.2049330e+06   1.8432617e+01
   1.2053340e+06   1.9348145e+01
   1.2053710e+06   2.6245117e+01
   1.2054210e+06   2.0202637e+01
   1.2054380e+06   1.8798828e+01
   1.2069440e+06   2.2216797e+01
   1.2071550e+06   1.8798828e+01
   1.2159900e+06   1.8066406e+01
   1.2163180e+06   1.8371582e+01
   1.2169750e+06   2.1301270e+01
   1.2171230e+06   1.8127441e+01
   1.2171540e+06   1.9409180e+01
   1.2179020e+06   2.0629883e+01
   1.2179760e+06   1.9592285e+01
   1.2184070e+06   1.8371582e+01
   1.2184830e+06   1.9470215e+01
   1.2185160e+06   2.5451660e+01
   1.2185820e+06   1.8188477e+01
   1.2186280e+06   1.8737793e+01
   1.2285660e+06   1.8554688e+01
   1.2286430e+06   2.1301270e+01
   1.2291630e+06   2.1179199e+01
   1.2297480e+06   2.0263672e+01
   1.2298130e+06   2.4291992e+01
   1.2298380e+06   1.8127441e+01
   1.2363300e+06   2.4230957e+01
   1.2368190e+06   1.8249512e+01
   1.2370410e+06   1.9226074e+01
   1.2378310e+06   2.2094727e+01
   1.2378940e+06   2.0019531e+01
   1.2386800e+06   1.8249512e+01
   1.2387230e+06   2.3681641e+01
   1.2470700e+06   2.0935059e+01
   1.2472370e+06   1.9104004e+01
   1.2480360e+06   1.9165039e+01
   1.2480640e+06   2.5817871e+01
   1.2480910e+06   2.0080566e+01
   1.2481070e+06   1.8371582e+01
   1.2560010e+06   1.8493652e+01
   1.2566830e+06   1.8066406e+01
   1.2572290e+06   1.9226074e+01
   1.2573970e+06   1.9104004e+01
   1.2574650e+06   1.8737793e+01
   1.2574760e+06   1.9104004e+01
   1.2575380e+06   1.8188477e+01
   1.2575550e+06   1.8737793e+01
   1.2577930e+06   2.3071289e+01
   1.2590170e+06   1.8615723e+01
   1.2607870e+06   1.8676758e+01
   1.2608960e+06   1.9348145e+01
   1.2609170e+06   3.5583496e+01
   1.2609490e+06   2.9418945e+01
   1.2609940e+06   1.8371582e+01
   1.2610180e+06   2.2583008e+01
   1.2610550e+06   1.9897461e+01
   1.2710600e+06   2.0446777e+01
   1.2712100e+06   1.8371582e+01
   1.2714070e+06   1.9409180e+01
   1.2715170e+06   1.8554688e+01
   1.2742950e+06   1.9714355e+01
   1.2759530e+06   1.8737793e+01
   1.2844030e+06   1.8981934e+01
   1.2845680e+06   2.4536133e+01
   1.2848700e+06   1.9287109e+01
   1.2862150e+06   2.6367188e+01
   1.2862760e+06   2.0690918e+01
   1.2867940e+06   4.0405273e+01
   1.2869060e+06   2.7832031e+01
   1.2869320e+06   1.9958496e+01
   1.2886290e+06   1.8737793e+01
   1.2886890e+06   1.8188477e+01
   1.2887280e+06   2.6245117e+01
   1.2948790e+06   1.8920898e+01
   1.2949680e+06   2.0202637e+01
   1.2951000e+06   1.9714355e+01
   1.2953810e+06   2.0446777e+01
   1.3024470e+06   2.0751953e+01
   1.3025430e+06   1.8737793e+01
   1.3027370e+06   1.8676758e+01
   1.3060480e+06   1.9104004e+01
   1.3060920e+06   1.8188477e+01
   1.3061180e+06   2.1972656e+01
   1.3122340e+06   1.8249512e+01
   1.3123510e+06   1.8554688e+01
   1.3130560e+06   1.9287109e+01
   1.3131100e+06   1.8798828e+01
   1.3131260e+06   2.1728516e+01
   1.3138130e+06   1.9042969e+01
   1.3235540e+06   2.0507812e+01
   1.3237100e+06   1.8371582e+01
   1.3240450e+06   1.8066406e+01
   1.3242050e+06   2.0507812e+01
   1.3245480e+06   1.9226074e+01
   1.3247650e+06   2.1789551e+01
   1.3252300e+06   2.1179199e+01
   1.3261900e+06   1.9165039e+01
   1.3262440e+06   2.2155762e+01
   1.3262940e+06   2.0629883e+01
   1.3263410e+06   2.1057129e+01
   1.3263760e+06   2.8320312e+01
   1.3263860e+06   1.8432617e+01
   1.3264220e+06   2.3986816e+01
   1.3264420e+06   1.9348145e+01
   1.3389050e+06   1.8188477e+01
   1.3406220e+06   2.1240234e+01
   1.3407310e+06   1.9409180e+01
   1.3408420e+06   2.0446777e+01
   1.3408630e+06   2.4902344e+01
   1.3410650e+06   1.8920898e+01
   1.3436120e+06   1.8554688e+01
   1.3437550e+06   1.9287109e+01
   1.3438250e+06   1.8737793e+01
   1.3439020e+06   1.9653320e+01
   1.3468060e+06   1.8798828e+01
   1.3469150e+06   2.0568848e+01
   1.3474410e+06   1.8554688e+01
   1.3560260e+06   1.8737793e+01
   1.3561030e+06   1.8310547e+01
   1.3563570e+06   2.4047852e+01
   1.3569460e+06   1.8676758e+01
   1.3570580e+06   1.8859863e+01
   1.3571700e+06   1.8493652e+01
   1.3574950e+06   2.0324707e+01
   1.3575220e+06   2.3132324e+01
   1.3575370e+06   2.0812988e+01
   1.3575940e+06   2.2399902e+01
   1.3576330e+06   1.9775391e+01
   1.3623520e+06   2.3986816e+01
   1.3623640e+06   2.7038574e+01
   1.3623930e+06   1.9348145e+01
   1.3624460e+06   2.9296875e+01
   1.3648630e+06   1.9470215e+01
   1.3654220e+06   1.9348145e+01
   1.3655640e+06   1.9042969e+01
   1.3655740e+06   2.1057129e+01
   1.3747270e+06   1.8371582e+01
   1.3773950e+06   2.5268555e+01
   1.3774950e+06   2.3132324e+01
   1.3775730e+06   2.5268555e+01
   1.3859820e+06   1.9653320e+01
   1.3860490e+06   2.3498535e+01
   1.3940250e+06   1.9042969e+01
   1.3946070e+06   1.9897461e+01
   1.3946960e+06   2.0202637e+01
   1.3948690e+06   1.8127441e+01
   1.3954540e+06   1.8310547e+01
   1.3954980e+06   1.8310547e+01
   1.3955650e+06   1.8310547e+01
   1.3962990e+06   1.9348145e+01
   1.3974380e+06   1.8127441e+01
   1.3974880e+06   1.8310547e+01
   1.3975240e+06   1.8188477e+01
   1.3975900e+06   2.0629883e+01
   1.3976040e+06   1.8371582e+01
   1.3977770e+06   1.8554688e+01
   1.3988800e+06   1.8310547e+01
   1.3989160e+06   2.5512695e+01
   1.3989260e+06   3.4301758e+01
   1.3989530e+06   2.7099609e+01
   1.3989800e+06   3.4667969e+01
   1.3990120e+06   2.4719238e+01
   1.4081650e+06   1.8188477e+01
   1.4107320e+06   1.8371582e+01
   1.4124780e+06   2.3803711e+01
   1.4127990e+06   2.3559570e+01
   1.4138460e+06   1.8310547e+01
   1.4144930e+06   1.8066406e+01
   1.4149220e+06   1.8859863e+01
   1.4150900e+06   2.6794434e+01
   1.4159740e+06   1.9226074e+01
   1.4162400e+06   2.0263672e+01
   1.4163030e+06   2.1057129e+01
   1.4163180e+06   2.1118164e+01
   1.4163470e+06   2.3620605e+01
   1.4164010e+06   1.8310547e+01
   1.4164360e+06   1.9470215e+01
   1.4164690e+06   2.1911621e+01
   1.4165520e+06   2.6306152e+01
   1.4165710e+06   2.2583008e+01
   1.4166320e+06   2.0019531e+01
   1.4298020e+06   1.8066406e+01
   1.4300180e+06   1.9897461e+01
   1.4301430e+06   1.9104004e+01
   1.4303590e+06   1.9714355e+01
   1.4310870e+06   1.8310547e+01
   1.4367990e+06   2.0324707e+01
   1.4404970e+06   1.8066406e+01
   1.4409770e+06   1.8554688e+01
   1.4410290e+06   1.9042969e+01
   1.4411340e+06   1.9531250e+01
   1.4412550e+06   1.9287109e+01
   1.4421250e+06   1.9104004e+01
   1.4421620e+06   2.3437500e+01
   1.4422000e+06   1.8432617e+01
   1.4422130e+06   1.8615723e+01
   1.4483900e+06   2.0324707e+01
   1.4486190e+06   2.6367188e+01
   1.4582860e+06   1.9714355e+01
   1.4584250e+06   2.2949219e+01
   1.4585240e+06   2.0263672e+01
   1.4585660e+06   1.8249512e+01
   1.4587020e+06   2.0202637e+01
   1.4592690e+06   2.2277832e+01
   1.4642660e+06   2.0385742e+01
   1.4643090e+06   1.9165039e+01
   1.4644820e+06   1.9104004e+01
   1.4693840e+06   1.8066406e+01
   1.4705780e+06   2.6855469e+01
   1.4706940e+06   1.9226074e+01
   1.4707770e+06   2.3925781e+01
   1.4714190e+06   2.4536133e+01
   1.4795370e+06   2.1911621e+01
   1.4796590e+06   1.8554688e+01
   1.4800480e+06   1.9470215e+01
   1.4804660e+06   1.8066406e+01
   1.4807260e+06   1.9348145e+01
   1.4807460e+06   1.9958496e+01
   1.4820500e+06   2.6794434e+01
   1.4820790e+06   2.8198242e+01
   1.4820930e+06   2.4841309e+01
   1.4821680e+06   3.0212402e+01
   1.4822150e+06   2.6794434e+01
   1.4822650e+06   1.8066406e+01
   1.4822890e+06   2.1301270e+01
   1.4823610e+06   2.4414062e+01
   1.4824820e+06   1.8981934e+01
   1.4959160e+06   1.9714355e+01
   1.4960440e+06   2.4230957e+01
   1.4961720e+06   2.1240234e+01
   1.5053760e+06   1.8127441e+01
   1.5068020e+06   2.1789551e+01
   1.5068470e+06   2.0812988e+01
   1.5068860e+06   1.8432617e+01
   1.5167270e+06   2.0629883e+01
   1.5172910e+06   1.9348145e+01
   1.5173330e+06   2.4536133e+01
   1.5174780e+06   1.9226074e+01
   1.5174890e+06   2.1728516e+01
   1.5251800e+06   1.9958496e+01
   1.5252230e+06   1.9104004e+01
   1.5252710e+06   2.6062012e+01
   1.5252840e+06   2.8930664e+01
   1.5326350e+06   2.0263672e+01
   1.5327130e+06   2.1179199e+01
   1.5327550e+06   1.8188477e+01
   1.5409260e+06   1.8432617e+01
   1.5411240e+06   1.8432617e+01
   1.5500090e+06   1.8066406e+01
   1.5500780e+06   2.7099609e+01
   1.5584900e+06   1.8249512e+01
   1.5588650e+06   1.8554688e+01
   1.5618940e+06   1.8066406e+01
   1.5620530e+06   2.0080566e+01
   1.5670550e+06   1.8188477e+01
   1.5671430e+06   2.0446777e+01
   1.5762710e+06   1.8188477e+01
   1.5763490e+06   2.1240234e+01
   1.5779110e+06   1.8188477e+01
   1.5844820e+06   2.4597168e+01
   1.5846680e+06   1.9165039e+01
   1.5854560e+06   2.1179199e+01
   1.5930110e+06   1.9042969e+01
   1.5931580e+06   2.2399902e+01
   1.5932220e+06   1.9287109e+01
   1.5997870e+06   2.2766113e+01
   1.5998550e+06   2.5878906e+01
   1.5998820e+06   1.8981934e+01
   1.5999390e+06   2.3925781e+01
   1.5999650e+06   2.0324707e+01
   1.6029950e+06   2.2705078e+01
   1.6068150e+06   1.9653320e+01
   1.6094400e+06   1.9165039e+01
   1.6140450e+06   1.8615723e+01
   1.6141030e+06   1.9714355e+01
   1.6141580e+06   2.6245117e+01
   1.6142010e+06   3.2714844e+01
   1.6142140e+06   2.3193359e+01
   1.6142610e+06   2.1545410e+01
   1.6143300e+06   2.5695801e+01
   1.6144000e+06   1.9348145e+01
   1.6258260e+06   1.8066406e+01
   1.6258950e+06   2.0996094e+01
   1.6259370e+06   2.3071289e+01
   1.6259850e+06   2.1240234e+01
   1.6260050e+06   2.0080566e+01
   1.6260250e+06   2.6428223e+01
   1.6382150e+06   1.9348145e+01
   1.6383030e+06   2.0935059e+01
   1.6384280e+06   1.8188477e+01
   1.6384760e+06   2.5634766e+01
   1.6385150e+06   2.9724121e+01
   1.6385270e+06   3.0334473e+01
   1.6385490e+06   1.9226074e+01
   1.6385790e+06   1.9226074e+01
   1.6385930e+06   1.8859863e+01
   1.6386310e+06   2.3803711e+01
   1.6387350e+06   2.2521973e+01
   1.6387880e+06   1.9165039e+01
   1.6389970e+06   2.0446777e+01
   1.6430920e+06   1.9592285e+01
   1.6450080e+06   1.8432617e+01
   1.6465170e+06   1.8310547e+01
   1.6476680e+06   1.9287109e+01
   1.6500480e+06   1.8188477e+01
   1.6501700e+06   3.2470703e+01
   1.6502500e+06   1.8676758e+01
   1.6502790e+06   1.8493652e+01
   1.6503210e+06   1.8066406e+01
   1.6536340e+06   2.7893066e+01
   1.6536600e+06   2.0568848e+01
   1.6536850e+06   2.0385742e+01
   1.6537010e+06   2.4963379e+01
   1.6537150e+06   1.8310547e+01
   1.6537340e+06   2.1057129e+01
   1.6537900e+06   2.5146484e+01
   1.6538190e+06   1.8432617e+01
   1.6573790e+06   1.8066406e+01
   1.6574750e+06   2.0202637e+01
   1.6575520e+06   2.2277832e+01
   1.6576130e+06   1.8554688e+01
   1.6576550e+06   3.3996582e+01
   1.6576710e+06   1.9592285e+01
   1.6577000e+06   2.3559570e+01
   1.6577300e+06   2.5207520e+01
   1.6577570e+06   2.1301270e+01
   1.6577740e+06   2.1911621e+01
   1.6577940e+06   2.5756836e+01
   1.6578130e+06   1.9348145e+01
   1.6578460e+06   2.4719238e+01
   1.6582640e+06   2.4414062e+01
   1.6611490e+06   2.0385742e+01
   1.6613390e+06   1.8310547e+01
   1.6617360e+06   1.9287109e+01
   1.6620150e+06   1.8920898e+01
   1.6625230e+06   1.8554688e+01
   1.6641560e+06   1.8188477e+01
   1.6647230e+06   2.7404785e+01
   1.6663170e+06   1.8737793e+01
   1.6695130e+06   2.1789551e+01
   1.6695830e+06   2.2033691e+01
   1.6696240e+06   3.4545898e+01
   1.6696530e+06   2.0446777e+01
   1.6696630e+06   2.4719238e+01
   1.6696880e+06   2.0385742e+01
   1.6697200e+06   2.0996094e+01
   1.6697490e+06   2.2644043e+01
   1.6697860e+06   2.3864746e+01
   1.6698160e+06   2.3071289e+01
   1.6700750e+06   2.1423340e+01
   1.6701060e+06   1.8615723e+01
   1.6701830e+06   1.9042969e+01
   1.6703860e+06   1.9042969e+01
   1.6738360e+06   1.8371582e+01
   1.6741580e+06   1.8371582e+01
   1.6749500e+06   1.9531250e+01
   1.6752180e+06   1.9592285e+01
   1.6753670e+06   2.0690918e+01
   1.6753830e+06   2.8015137e+01
   1.6754100e+06   2.0996094e+01
   1.6754640e+06   2.4291992e+01
   1.6756040e+06   1.8188477e+01
   1.6756470e+06   1.9958496e+01
   1.6758110e+06   1.8859863e+01
   1.6758410e+06   1.8127441e+01
   1.6762940e+06   1.8554688e+01
   1.6785750e+06   1.8737793e+01
   1.6786860e+06   1.9042969e+01
   1.6787970e+06   1.8676758e+01
   1.6788350e+06   2.7770996e+01
   1.6788730e+06   1.9653320e+01
   1.6803730e+06   2.4963379e+01
   1.6818900e+06   2.0751953e+01
   1.6826000e+06   1.8371582e+01
   1.6846280e+06   2.3498535e+01
   1.6846550e+06   1.9348145e+01
   1.6846860e+06   3.1860352e+01
   1.6847180e+06   1.9226074e+01
   1.6847450e+06   1.8371582e+01
   1.6847830e+06   2.6367188e+01
   1.6848400e+06   2.2949219e+01
   1.6848540e+06   2.3559570e+01
   1.6849000e+06   2.4536133e+01
   1.6849550e+06   2.1423340e+01
   1.6879260e+06   1.8371582e+01
   1.6892300e+06   1.8249512e+01
   1.6893160e+06   2.4047852e+01
   1.6894100e+06   2.0874023e+01
   1.6894320e+06   1.8066406e+01
   1.6894570e+06   2.5268555e+01
   1.6894760e+06   2.3803711e+01
   1.6895020e+06   2.0507812e+01
   1.6895250e+06   2.3986816e+01
   1.6895540e+06   2.0996094e+01
   1.6896420e+06   2.0935059e+01
   1.6899340e+06   2.1118164e+01
   1.6899540e+06   2.3193359e+01
   1.6900180e+06   1.8493652e+01
   1.6933860e+06   1.8249512e+01
   1.6937720e+06   1.8188477e+01
   1.6938150e+06   1.8127441e+01
   1.6941460e+06   2.1972656e+01
   1.6954650e+06   1.9531250e+01
   1.6955720e+06   1.8554688e+01
   1.6956160e+06   2.1850586e+01
   1.6956260e+06   1.8310547e+01
   1.6956480e+06   2.1789551e+01
   1.6957480e+06   1.8737793e+01
   1.6959090e+06   2.1606445e+01
   1.6959250e+06   1.8188477e+01
   1.6959430e+06   2.0385742e+01
   1.6962380e+06   2.3681641e+01
   1.6974900e+06   2.0507812e+01
   1.6975260e+06   2.0446777e+01
   1.6975610e+06   2.0263672e+01
   1.6975910e+06   1.9836426e+01
   1.6976130e+06   2.4353027e+01
   1.6976450e+06   2.6000977e+01
   1.6977240e+06   2.0446777e+01
   1.6999830e+06   1.8310547e+01
   1.7000190e+06   2.8686523e+01
   1.7000880e+06   2.2888184e+01
   1.7000990e+06   2.5695801e+01
   1.7001220e+06   2.1118164e+01
   1.7001650e+06   2.0141602e+01
   1.7001900e+06   2.7282715e+01
   1.7002090e+06   1.8310547e+01
   1.7002270e+06   2.4169922e+01
   1.7002480e+06   2.3010254e+01
   1.7003100e+06   1.8249512e+01
   1.7034850e+06   2.0385742e+01
   1.7035370e+06   2.1240234e+01
   1.7035580e+06   2.1240234e+01
   1.7035690e+06   2.0446777e+01
   1.7036160e+06   1.8554688e+01
   1.7036610e+06   2.1850586e+01
   1.7037130e+06   2.5512695e+01
   1.7041600e+06   1.9409180e+01
   1.7079400e+06   2.1301270e+01
   1.7082150e+06   1.9531250e+01
   1.7083360e+06   1.8371582e+01
   1.7087530e+06   2.0874023e+01
   1.7088730e+06   1.8554688e+01
   1.7089540e+06   2.0324707e+01
   1.7091460e+06   1.9653320e+01
   1.7091770e+06   2.2521973e+01
   1.7097770e+06   1.8249512e+01
   1.7115860e+06   1.8188477e+01
   1.7116340e+06   1.8554688e+01
   1.7116720e+06   1.9531250e+01
   1.7117070e+06   2.1423340e+01
   1.7117450e+06   2.0324707e+01
   1.7117670e+06   2.6306152e+01
   1.7117950e+06   1.8249512e+01
   1.7118340e+06   1.8188477e+01
   1.7118450e+06   1.8737793e+01
   1.7118610e+06   2.0202637e+01
   1.7118920e+06   1.8554688e+01
   1.7125090e+06   1.8981934e+01
   1.7158580e+06   2.2033691e+01
   1.7159330e+06   1.8066406e+01
   1.7159920e+06   2.2766113e+01
   1.7161320e+06   3.2653809e+01
   1.7161470e+06   2.1850586e+01
   1.7162050e+06   2.0202637e+01
   1.7163410e+06   2.0141602e+01
   1.7164060e+06   2.2277832e+01
   1.7188620e+06   2.4475098e+01
   1.7189000e+06   2.0568848e+01
   1.7189590e+06   2.1301270e+01
   1.7189780e+06   2.3803711e+01
   1.7190050e+06   2.4841309e+01
   1.7190200e+06   2.7893066e+01
   1.7190310e+06   1.9592285e+01
   1.7190660e+06   2.0629883e+01
   1.7191100e+06   1.8127441e+01
   1.7191500e+06   2.1606445e+01
   1.7193300e+06   1.8066406e+01
   1.7194520e+06   2.5024414e+01
   1.7200180e+06   1.8493652e+01
   1.7218280e+06   1.9226074e+01
   1.7238180e+06   2.0629883e+01
   1.7238790e+06   2.3925781e+01
   1.7239770e+06   1.8249512e+01
   1.7240380e+06   1.8310547e+01
   1.7241970e+06   1.9042969e+01
   1.7266530e+06   1.9287109e+01
   1.7266870e+06   1.9409180e+01
   1.7267210e+06   2.0568848e+01
   1.7267570e+06   1.8798828e+01
   1.7267830e+06   2.5817871e+01
   1.7268190e+06   2.0812988e+01
   1.7268610e+06   1.9104004e+01
   1.7268930e+06   1.9287109e+01
   1.7269040e+06   1.8615723e+01
   1.7313420e+06   3.3691406e+01
   1.7313630e+06   2.0324707e+01
   1.7314280e+06   2.0019531e+01
   1.7315310e+06   2.0202637e+01
   1.7315550e+06   1.8493652e+01
   1.7316940e+06   1.8310547e+01
   1.7340000e+06   1.8127441e+01
   1.7341070e+06   1.8615723e+01
   1.7341270e+06   2.0874023e+01
   1.7341630e+06   2.3437500e+01
   1.7341860e+06   1.9104004e+01
   1.7342350e+06   2.2766113e+01
   1.7342990e+06   2.6062012e+01
   1.7343360e+06   2.0080566e+01
   1.7344460e+06   2.0141602e+01
   1.7388930e+06   1.8432617e+01
   1.7389480e+06   2.6611328e+01
   1.7390620e+06   2.0874023e+01
   1.7391290e+06   2.2399902e+01
   1.7391840e+06   2.2277832e+01
   1.7392240e+06   2.4841309e+01
   1.7392590e+06   1.8615723e+01
   1.7427590e+06   1.8127441e+01
   1.7427880e+06   2.2827148e+01
   1.7428390e+06   3.1616211e+01
   1.7428720e+06   2.3681641e+01
   1.7428950e+06   2.2216797e+01
   1.7429160e+06   1.8859863e+01
   1.7429580e+06   1.9836426e+01
   1.7429910e+06   1.9348145e+01
   1.7430440e+06   2.1667480e+01
   1.7430630e+06   2.0507812e+01
   1.7430800e+06   1.9226074e+01
   1.7433450e+06   1.8859863e+01
   1.7467620e+06   2.0141602e+01
   1.7468960e+06   2.6489258e+01
   1.7470800e+06   1.8615723e+01
   1.7472350e+06   1.8554688e+01
   1.7499800e+06   2.1972656e+01
   1.7500430e+06   1.8493652e+01
   1.7500610e+06   1.8371582e+01
   1.7500990e+06   1.8066406e+01
   1.7501320e+06   1.9042969e+01
   1.7501540e+06   1.9348145e+01
   1.7501930e+06   1.9042969e+01
   1.7502390e+06   2.1301270e+01
   1.7504170e+06   1.8798828e+01
   1.7508140e+06   2.0019531e+01
   1.7509440e+06   2.1789551e+01
   1.7543890e+06   2.1484375e+01
   1.7544700e+06   2.5024414e+01
   1.7545080e+06   2.1057129e+01
   1.7545590e+06   2.4047852e+01
   1.7585120e+06   2.4047852e+01
   1.7585380e+06   2.1728516e+01
   1.7586720e+06   1.9470215e+01
   1.7586840e+06   2.0935059e+01
   1.7587050e+06   2.0935059e+01
   1.7587200e+06   1.9836426e+01
   1.7591170e+06   1.8066406e+01
   1.7630020e+06   2.1118164e+01
   1.7630470e+06   1.9653320e+01
   1.7630690e+06   1.9470215e+01
   1.7631160e+06   1.8066406e+01
   1.7631710e+06   2.1850586e+01
   1.7631880e+06   1.8798828e+01
   1.7665880e+06   2.0385742e+01
   1.7666080e+06   2.7709961e+01
   1.7666830e+06   2.1972656e+01
   1.7667030e+06   2.5512695e+01
   1.7667710e+06   2.0263672e+01
   1.7669230e+06   2.1667480e+01
   1.7674270e+06   1.8493652e+01
   1.7713820e+06   1.8615723e+01
   1.7714000e+06   2.6123047e+01
   1.7714370e+06   2.3803711e+01
   1.7714710e+06   1.9348145e+01
   1.7715140e+06   2.2888184e+01
   1.7764850e+06   2.6733398e+01
   1.7764960e+06   2.1179199e+01
   1.7765490e+06   2.2216797e+01
   1.7765920e+06   2.3681641e+01
   1.7769770e+06   1.9165039e+01
   1.7771250e+06   1.9165039e+01
   1.7771640e+06   1.8371582e+01
   1.7818980e+06   1.9042969e+01
   1.7819080e+06   3.1005859e+01
   1.7819300e+06   2.4230957e+01
   1.7819510e+06   1.9714355e+01
   1.7819720e+06   1.9409180e+01
   1.7819860e+06   2.0996094e+01
   1.7820090e+06   1.9653320e+01
   1.7821640e+06   1.9104004e+01
   1.7879640e+06   2.0629883e+01
   1.7881090e+06   2.2583008e+01
   1.7881540e+06   1.8249512e+01
   1.7881640e+06   1.8127441e+01
   1.7881960e+06   1.9042969e+01
   1.7882190e+06   1.8249512e+01
   1.7882820e+06   2.4047852e+01
   1.7883990e+06   2.0080566e+01
   1.7884200e+06   1.8920898e+01
   1.7931620e+06   1.8676758e+01
   1.7931820e+06   2.0568848e+01
   1.7932010e+06   2.0690918e+01
   1.7932390e+06   2.2033691e+01
   1.7932490e+06   2.8686523e+01
   1.7933330e+06   2.1423340e+01
   1.7981180e+06   2.6733398e+01
   1.7981350e+06   2.4108887e+01
   1.7981520e+06   1.8371582e+01
   1.7981870e+06   2.2766113e+01
   1.7982210e+06   2.4719238e+01
   1.7982400e+06   1.8554688e+01
   1.8048990e+06   2.4719238e+01
   1.8049210e+06   2.7465820e+01
   1.8049480e+06   3.3081055e+01
   1.8049630e+06   1.9531250e+01
   1.8049810e+06   1.9897461e+01
   1.8050100e+06   2.4475098e+01
   1.8050440e+06   2.1789551e+01
   1.8053330e+06   1.8676758e+01
   1.8108440e+06   1.8371582e+01
   1.8108570e+06   2.1545410e+01
   1.8109070e+06   1.8493652e+01
   1.8109580e+06   2.9113770e+01
   1.8110020e+06   2.1362305e+01
   1.8110300e+06   2.5756836e+01
   1.8114200e+06   1.9165039e+01
   1.8115170e+06   2.3986816e+01
   1.8162520e+06   2.4353027e+01
   1.8162770e+06   1.8554688e+01
   1.8163140e+06   2.3437500e+01
   1.8163580e+06   1.8920898e+01
   1.8163680e+06   1.8676758e+01
   1.8164000e+06   1.9897461e+01
   1.8247230e+06   2.0690918e+01
   1.8247440e+06   1.9958496e+01
   1.8247940e+06   1.8798828e+01
   1.8248370e+06   1.9348145e+01
   1.8248590e+06   2.0690918e+01
   1.8248730e+06   2.6428223e+01
   1.8251750e+06   2.1545410e+01
   1.8252870e+06   1.9104004e+01
   1.8255680e+06   2.0935059e+01
   1.8294420e+06   2.9418945e+01
   1.8294840e+06   1.8127441e+01
   1.8295460e+06   1.8615723e+01
   1.8296000e+06   1.8432617e+01
   1.8373950e+06   1.8920898e+01
   1.8374170e+06   2.0690918e+01
   1.8374280e+06   1.8066406e+01
   1.8374490e+06   2.5695801e+01
   1.8374620e+06   1.8676758e+01
   1.8374930e+06   1.8188477e+01
   1.8375070e+06   2.5024414e+01
   1.8375820e+06   2.0507812e+01
   1.8375920e+06   2.2094727e+01
   1.8376140e+06   2.0568848e+01
   1.8376550e+06   1.9836426e+01
   1.8380000e+06   2.0507812e+01
   1.8381330e+06   1.9836426e+01
   1.8462890e+06   1.9348145e+01
   1.8463260e+06   2.7221680e+01
   1.8463550e+06   2.3864746e+01
   1.8463720e+06   2.0935059e+01
   1.8464060e+06   2.1728516e+01
   1.8464370e+06   2.2033691e+01
   1.8464500e+06   1.9348145e+01
   1.8464880e+06   2.5207520e+01
   1.8465240e+06   2.3071289e+01
   1.8469180e+06   2.8015137e+01
   1.8469920e+06   1.9958496e+01
   1.8554400e+06   2.3803711e+01
   1.8554810e+06   2.8503418e+01
   1.8555030e+06   2.0080566e+01
   1.8555170e+06   2.4841309e+01
   1.8555430e+06   2.0751953e+01
   1.8555800e+06   1.8554688e+01
   1.8557060e+06   2.2033691e+01
   1.8557330e+06   2.0141602e+01
   1.8557600e+06   2.0141602e+01
   1.8558280e+06   1.9226074e+01
   1.8561030e+06   1.8249512e+01
   1.8562880e+06   1.8920898e+01
   1.8729170e+06   2.2521973e+01
   1.8729460e+06   2.8930664e+01
   1.8729680e+06   2.0385742e+01
   1.8729890e+06   1.9592285e+01
   1.8730290e+06   2.0812988e+01
   1.8730570e+06   2.1545410e+01
   1.8732990e+06   2.1911621e+01
   1.8734270e+06   1.8554688e+01
   1.8735610e+06   2.3681641e+01
   1.8736670e+06   2.6550293e+01
   1.8768790e+06   1.9775391e+01
   1.8774640e+06   1.9348145e+01
   1.8775510e+06   1.9470215e+01
   1.8776310e+06   1.8981934e+01
   1.9457930e+06   2.1179199e+01
   1.9555610e+06   1.9653320e+01
   1.9556380e+06   1.9531250e+01
   1.9558820e+06   2.0874023e+01
   1.9561650e+06   1.9409180e+01
   1.9811320e+06   2.0874023e+01
   1.9813580e+06   2.5756836e+01
   1.9814760e+06   1.8432617e+01
   1.9815010e+06   1.8127441e+01
   1.9816140e+06   1.9165039e+01
   1.9818480e+06   1.9714355e+01
   2.0038000e+06   2.0019531e+01
   2.0039220e+06   2.1362305e+01
   2.0040610e+06   1.8066406e+01
   2.0042190e+06   1.8249512e+01
   2.0043810e+06   2.0019531e+01
   2.0068360e+06   2.0690918e+01
   2.0069910e+06   1.8127441e+01
   2.0071570e+06   2.1484375e+01
   2.0250820e+06   1.8188477e+01
   2.0252090e+06   1.9470215e+01
   2.0253640e+06   1.8737793e+01
   2.0256070e+06   2.1484375e+01
   2.0277210e+06   1.8859863e+01
   2.0556900e+06   1.9287109e+01
   2.0558330e+06   2.0324707e+01
   2.0563280e+06   1.9165039e+01
   2.0601210e+06   2.0141602e+01
   2.0862550e+06   1.9042969e+01
   2.0870360e+06   1.8188477e+01
   2.0885980e+06   1.8127441e+01
   2.0915300e+06   1.8127441e+01
   2.0916270e+06   1.8554688e+01
   2.0917270e+06   1.9958496e+01
   2.0918470e+06   2.1484375e+01
   2.0920150e+06   1.8493652e+01
   2.0922470e+06   1.9592285e+01
   2.0923140e+06   1.9287109e+01
   2.1193240e+06   1.8310547e+01
   2.1355360e+06   1.8737793e+01
   2.1435070e+06   1.8859863e+01
   2.1437390e+06   2.0324707e+01
   2.1439640e+06   2.1240234e+01
   2.1452800e+06   1.8676758e+01
   2.1469550e+06   1.9470215e+01
   2.1704130e+06   1.9714355e+01
   2.1717850e+06   1.9836426e+01
   2.1722980e+06   1.9165039e+01
   2.1731200e+06   1.8554688e+01
   2.1745610e+06   1.8798828e+01
   2.1747290e+06   1.9165039e+01
   2.1839800e+06   2.0812988e+01
   2.1940200e+06   1.8920898e+01
   2.1944060e+06   1.8981934e+01
   2.1952100e+06   1.8493652e+01
   2.1982140e+06   1.8127441e+01
   2.2107570e+06   2.0080566e+01
   2.2318850e+06   1.8066406e+01
   2.2320500e+06   1.8371582e+01
   2.2321530e+06   1.8981934e+01
   2.2322860e+06   1.9592285e+01
   2.2346160e+06   2.0263672e+01
   2.2349380e+06   1.8188477e+01
   2.2413800e+06   1.9348145e+01
   2.2514890e+06   1.8554688e+01
   2.2577470e+06   1.9287109e+01
   2.2580520e+06   1.8920898e+01
   2.2583190e+06   2.1423340e+01
   2.2588300e+06   1.8554688e+01
   2.2823980e+06   2.2216797e+01
   2.2861680e+06   1.9226074e+01
   2.2880150e+06   1.9104004e+01
   2.2948130e+06   1.9775391e+01
   2.2953180e+06   2.1362305e+01
   2.2960200e+06   1.9348145e+01
   2.2976260e+06   2.0996094e+01
   2.2982090e+06   1.8798828e+01
   2.2998760e+06   1.8127441e+01
   2.3168930e+06   2.0690918e+01
   2.3256350e+06   2.0507812e+01
   2.3259010e+06   1.9104004e+01
   2.3261060e+06   2.3193359e+01
   2.3264060e+06   1.8310547e+01
   2.3308260e+06   1.8737793e+01
   2.3489810e+06   1.9470215e+01
   2.3506650e+06   2.1118164e+01
   2.3568670e+06   1.9592285e+01
   2.3774950e+06   2.0568848e+01
   2.3776000e+06   1.8371582e+01
   2.3779540e+06   2.2460938e+01
   2.3781760e+06   1.8249512e+01
   2.3895910e+06   1.8310547e+01
   2.4028590e+06   1.9897461e+01
   2.4029920e+06   1.9409180e+01
   2.4152350e+06   1.8066406e+01
   2.4154130e+06   2.5939941e+01
   2.4158290e+06   1.8859863e+01
   2.4261260e+06   2.1118164e+01
   2.4264340e+06   1.8920898e+01
   2.4359530e+06   2.1057129e+01
   2.4439120e+06   2.1972656e+01
   2.4441160e+06   1.8432617e+01
   2.4442300e+06   2.0324707e+01
   2.4444870e+06   2.1179199e+01
   2.4532350e+06   1.9104004e+01
   2.4612610e+06   1.9042969e+01
   2.4618770e+06   1.8188477e+01
   2.4695300e+06   1.8737793e+01
   2.4697150e+06   2.1972656e+01
   2.4698350e+06   2.1728516e+01
   2.4783260e+06   2.0996094e+01
   2.4784550e+06   1.8371582e+01
   2.4885420e+06   1.8249512e+01
   2.4887630e+06   2.0568848e+01
   2.4888850e+06   1.9775391e+01
   2.4890480e+06   1.8310547e+01
   2.4998590e+06   2.0874023e+01
   2.4999520e+06   1.8615723e+01
   2.5013820e+06   2.0141602e+01
   2.5097210e+06   1.8920898e+01
   2.5099730e+06   2.1301270e+01
   2.5184350e+06   1.9775391e+01
   2.5314050e+06   2.2583008e+01
   2.5325610e+06   1.8493652e+01
   2.5466490e+06   2.0935059e+01
   2.5468730e+06   2.1179199e+01
   2.5482390e+06   1.8432617e+01
   2.5635200e+06   1.9226074e+01
   2.5636590e+06   1.8981934e+01
   2.5638170e+06   2.1362305e+01
   2.5639250e+06   1.9653320e+01
   2.5642450e+06   1.9836426e+01
   2.5822100e+06   1.8432617e+01
   2.5851010e+06   1.8737793e+01
   2.5887090e+06   1.9592285e+01
   2.6061860e+06   1.8310547e+01
   2.6063190e+06   1.8432617e+01
   2.6063940e+06   1.8066406e+01
   2.6067640e+06   1.9714355e+01
   2.6074360e+06   1.9836426e+01
   2.6354570e+06   1.8798828e+01
   2.6391160e+06   1.8127441e+01
   2.6396110e+06   1.8249512e+01
   2.6403300e+06   1.9531250e+01
   2.6409030e+06   1.8310547e+01
   2.6624080e+06   2.0812988e+01
   2.6711380e+06   1.8615723e+01
   2.6826310e+06   1.8615723e+01
   2.6917200e+06   2.0629883e+01
   2.6919430e+06   1.8798828e+01
   2.6929390e+06   1.8615723e+01
   2.6956740e+06   1.8981934e+01
   2.7150400e+06   1.8066406e+01
   2.7236950e+06   2.4597168e+01
   2.7289870e+06   1.8188477e+01
   2.7309220e+06   1.9653320e+01
   2.7470630e+06   1.8981934e+01
   2.7474300e+06   2.0812988e+01
   2.7476300e+06   2.3193359e+01
   2.7478990e+06   1.9897461e+01
   2.7483180e+06   2.2949219e+01
   2.7733350e+06   1.8981934e+01
   2.7773740e+06   2.0629883e+01
   2.7904360e+06   1.8249512e+01
   2.7923990e+06   2.0202637e+01
   2.7935030e+06   2.3620605e+01
   2.7941580e+06   1.8066406e+01
   2.7944310e+06   2.1240234e+01
   2.7963630e+06   1.8798828e+01
   2.7974690e+06   1.8676758e+01
   2.8105140e+06   1.9226074e+01
   2.8129120e+06   2.0751953e+01
   2.8162690e+06   1.8676758e+01
   2.8227960e+06   1.8737793e+01
   2.8239960e+06   1.8676758e+01
   2.8242270e+06   1.8188477e+01
   2.8349540e+06   1.8615723e+01
   2.8367470e+06   1.9897461e+01
   2.8415390e+06   1.8859863e+01
   2.8432480e+06   1.8188477e+01
   2.8446290e+06   1.9226074e+01
   2.8456750e+06   1.8371582e+01
   2.8462040e+06   2.2277832e+01
   2.8522240e+06   1.8066406e+01
   2.8552380e+06   1.9104004e+01
   2.8553510e+06   1.8066406e+01
   2.8578640e+06   1.9348145e+01
   2.8589790e+06   1.9042969e+01
   2.8594810e+06   1.9653320e+01
   2.8597280e+06   2.0690918e+01
   2.8655770e+06   2.0080566e+01
   2.8697860e+06   2.1423340e+01
   2.8744730e+06   2.0690918e+01
   2.8787610e+06   2.1606445e+01
   2.8789250e+06   2.1423340e+01
   2.8791320e+06   1.8249512e+01
   2.8795100e+06   1.9470215e+01
   2.8811600e+06   2.0202637e+01
   2.8819350e+06   1.9531250e+01
   2.8906250e+06   2.1484375e+01
   2.9011450e+06   1.9653320e+01
   2.9035640e+06   1.9714355e+01
   2.9039960e+06   1.9714355e+01
   2.9050940e+06   1.9958496e+01
   2.9059090e+06   2.1240234e+01
   2.9060430e+06   2.1728516e+01
   2.9088900e+06   2.4780273e+01
   2.9205910e+06   1.9409180e+01
   2.9244040e+06   1.8798828e+01
   2.9251290e+06   1.8249512e+01
   2.9287260e+06   1.8249512e+01
   2.9332250e+06   1.9348145e+01
   2.9369630e+06   2.0507812e+01
   2.9384000e+06   1.8188477e+01
   2.9400440e+06   2.0812988e+01
   2.9417060e+06   2.1118164e+01
   2.9420270e+06   1.8188477e+01
   2.9424610e+06   2.2827148e+01
   2.9426970e+06   2.2033691e+01
   2.9427820e+06   1.9226074e+01
   2.9434890e+06   1.8554688e+01
   2.9494800e+06   1.8859863e+01
   2.9576360e+06   1.9775391e+01
   2.9598390e+06   1.8188477e+01
   2.9609080e+06   1.9348145e+01
   2.9763930e+06   1.8615723e+01
   2.9767870e+06   1.9836426e+01
   2.9800740e+06   1.9592285e+01
   2.9809630e+06   1.8676758e+01
   2.9834620e+06   1.8676758e+01
   2.9867590e+06   2.8503418e+01
   2.9872730e+06   2.0202637e+01
   2.9876180e+06   2.1057129e+01
   2.9880420e+06   2.0935059e+01
   2.9881380e+06   1.8127441e+01
   2.9901780e+06   2.2277832e+01
   3.0008170e+06   2.0568848e+01
   3.0084430e+06   1.9714355e+01
   3.0119340e+06   2.3437500e+01
   3.0122250e+06   1.9104004e+01
   3.0127830e+06   1.9592285e+01
   3.0131360e+06   1.8371582e+01
   3.0133500e+06   1.9592285e+01
   3.0142330e+06   1.8127441e+01
   3.0194890e+06   1.8737793e+01
   3.0207440e+06   1.8371582e+01
   3.0269530e+06   1.9104004e+01
   3.0282200e+06   1.8615723e+01
   3.0289870e+06   2.1789551e+01
   3.0299640e+06   1.9470215e+01
   3.0302130e+06   2.0568848e+01
   3.0303020e+06   1.9165039e+01
   3.0399300e+06   2.0935059e+01
   3.0402840e+06   1.9836426e+01
   3.0413460e+06   1.8920898e+01
   3.0453600e+06   1.8981934e+01
   3.0465890e+06   2.0996094e+01
   3.0468980e+06   1.9775391e+01
   3.0471110e+06   1.9714355e+01
   3.0473340e+06   1.8249512e+01
   3.0474570e+06   2.5024414e+01
   3.0512130e+06   2.0019531e+01
   3.0512760e+06   1.8432617e+01
   3.0519350e+06   1.9287109e+01
   3.0520080e+06   1.9409180e+01
   3.0524010e+06   1.8066406e+01
   3.0589970e+06   2.3376465e+01
   3.0592510e+06   1.8493652e+01
   3.0603230e+06   1.8432617e+01
   3.0603830e+06   1.9042969e+01
   3.0606690e+06   1.8676758e+01
   3.0615240e+06   2.1118164e+01
   3.0642740e+06   1.8249512e+01
   3.0677520e+06   1.8615723e+01
   3.0678160e+06   2.2399902e+01
   3.0700500e+06   1.8920898e+01
   3.0703640e+06   2.2521973e+01
   3.0703890e+06   1.8066406e+01
   3.0737630e+06   2.0141602e+01
   3.0759710e+06   1.9470215e+01
   3.0760770e+06   1.9104004e+01
   3.0866130e+06   1.9775391e+01
   3.0874850e+06   1.9287109e+01
   3.0876270e+06   2.3071289e+01
   3.0896480e+06   1.8249512e+01
   3.0896670e+06   1.9104004e+01
   3.0897110e+06   2.0141602e+01
   3.0947380e+06   2.0324707e+01
   3.0949110e+06   2.1179199e+01
   3.0952690e+06   1.8066406e+01
   3.0957470e+06   1.8432617e+01
   3.0987690e+06   1.9409180e+01
   3.1080520e+06   2.0385742e+01
   3.1085780e+06   1.9531250e+01
   3.1087480e+06   2.0263672e+01
   3.1173300e+06   2.1850586e+01
   3.1182770e+06   1.9226074e+01
   3.1184800e+06   1.9470215e+01
   3.1263160e+06   1.8371582e+01
   3.1294730e+06   1.9470215e+01
   3.1309070e+06   1.8981934e+01
   3.1311810e+06   1.8798828e+01
   3.1313560e+06   1.8737793e+01
   3.1314100e+06   2.3559570e+01
   3.1328120e+06   2.0629883e+01
   3.1330720e+06   2.4963379e+01
   3.1335240e+06   1.8493652e+01
   3.1412960e+06   1.8310547e+01
   3.1430080e+06   2.1118164e+01
   3.1433990e+06   1.9775391e+01
   3.1435400e+06   2.1362305e+01
   3.1439910e+06   1.8676758e+01
   3.1440470e+06   1.8859863e+01
   3.1443060e+06   1.8066406e+01
   3.1447960e+06   1.8127441e+01
   3.1457550e+06   2.2338867e+01
   3.1486470e+06   1.8554688e+01
   3.1504690e+06   1.9226074e+01
   3.1507690e+06   2.6428223e+01
   3.1509490e+06   1.8676758e+01
   3.1512130e+06   2.8320312e+01
   3.1546260e+06   1.8676758e+01
   3.1550150e+06   1.9042969e+01
   3.1620070e+06   1.8188477e+01
   3.1627160e+06   1.8188477e+01
   3.1629660e+06   2.0751953e+01
   3.1637030e+06   1.9165039e+01
   3.1637140e+06   1.8737793e+01
   3.1665920e+06   2.1911621e+01
   3.1666560e+06   1.8310547e+01
   3.1668350e+06   1.8432617e+01
   3.1671870e+06   1.8310547e+01
   3.1672940e+06   1.8188477e+01
   3.1673220e+06   1.8249512e+01
   3.1673650e+06   2.2583008e+01
   3.1706530e+06   1.9287109e+01
   3.1706990e+06   1.9287109e+01
   3.1711550e+06   1.8554688e+01
   3.1711980e+06   1.9042969e+01
   3.1761260e+06   2.4475098e+01
   3.1791610e+06   1.8859863e+01
   3.1793060e+06   1.9409180e+01
   3.1806990e+06   1.9348145e+01
   3.1809100e+06   2.3010254e+01
   3.1809810e+06   1.9409180e+01
   3.1810490e+06   1.8676758e+01
   3.1814690e+06   1.8127441e+01
   3.1816610e+06   2.1545410e+01
   3.1817910e+06   2.0019531e+01
   3.1818850e+06   2.0507812e+01
   3.1820590e+06   1.9775391e+01
   3.1823160e+06   1.9653320e+01
   3.1859370e+06   1.9165039e+01
   3.1866340e+06   1.8310547e+01
   3.1920780e+06   1.8371582e+01
   3.1945710e+06   1.8310547e+01
   3.1946880e+06   1.8249512e+01
   3.1951020e+06   2.5573730e+01
   3.1958700e+06   1.8737793e+01
   3.1959770e+06   1.9836426e+01
   3.1960260e+06   2.1057129e+01
   3.1960700e+06   1.9226074e+01
   3.1992910e+06   1.8737793e+01
   3.1993180e+06   1.9470215e+01
   3.1993650e+06   2.0385742e+01
   3.1999070e+06   1.9592285e+01
   3.2089610e+06   1.8249512e+01
   3.2090760e+06   2.0568848e+01
   3.2094850e+06   1.9470215e+01
   3.2095820e+06   1.8920898e+01
   3.2110500e+06   2.1423340e+01
   3.2139910e+06   1.8249512e+01
   3.2140490e+06   1.9592285e+01
   3.2141700e+06   2.2338867e+01
   3.2142160e+06   2.2705078e+01
   3.2214070e+06   2.0935059e+01
   3.2219460e+06   2.1118164e+01
   3.2224070e+06   3.1494141e+01
   3.2225190e+06   1.8493652e+01
   3.2265060e+06   1.9897461e+01
   3.2270830e+06   1.8737793e+01
   3.2308520e+06   2.0935059e+01
   3.2342870e+06   2.1911621e+01
   3.2379260e+06   1.9042969e+01
   3.2394300e+06   1.9348145e+01
   3.2395260e+06   1.9042969e+01
   3.2395360e+06   1.9653320e+01
   3.2395820e+06   2.7099609e+01
   3.2407070e+06   1.8859863e+01
   3.2407770e+06   2.2644043e+01
   3.2409660e+06   1.8493652e+01
   3.2410050e+06   1.8676758e+01
   3.2499630e+06   1.8066406e+01
   3.2502180e+06   1.9470215e+01
   3.2505010e+06   2.0812988e+01
   3.2512560e+06   1.8798828e+01
   3.2524500e+06   1.8127441e+01
   3.2524630e+06   2.4047852e+01
   3.2524840e+06   2.2277832e+01
   3.2525130e+06   2.4047852e+01
   3.2619420e+06   1.8066406e+01
   3.2620760e+06   1.8493652e+01
   3.2622990e+06   1.8615723e+01
   3.2623150e+06   1.9226074e+01
   3.2627140e+06   2.2399902e+01
   3.2627980e+06   1.9042969e+01
   3.2635560e+06   1.8737793e+01
   3.2637150e+06   1.8676758e+01
   3.2659600e+06   1.8371582e+01
   3.2661120e+06   1.8615723e+01
   3.2681440e+06   1.8554688e+01
   3.2682560e+06   2.2338867e+01
   3.2683030e+06   2.0935059e+01
   3.2683700e+06   1.9836426e+01
   3.2730970e+06   1.9409180e+01
   3.2765980e+06   1.8981934e+01
   3.2783670e+06   1.8981934e+01
   3.2785510e+06   2.2705078e+01
   3.2789030e+06   2.0690918e+01
   3.2791890e+06   2.0019531e+01
   3.2793210e+06   1.8127441e+01
   3.2798290e+06   1.8493652e+01
   3.2811330e+06   2.1118164e+01
   3.2912200e+06   2.0812988e+01
   3.2925590e+06   1.8066406e+01
   3.2925710e+06   1.8493652e+01
   3.2932880e+06   2.0202637e+01
   3.2991230e+06   2.0996094e+01
   3.2994640e+06   1.9104004e+01
   3.3010220e+06   1.8737793e+01
   3.3010930e+06   2.0751953e+01
   3.3011330e+06   1.8554688e+01
   3.3043540e+06   1.9836426e+01
   3.3116290e+06   1.8249512e+01
   3.3125250e+06   1.9653320e+01
   3.3130730e+06   2.1362305e+01
   3.3132410e+06   2.3132324e+01
   3.3132660e+06   1.8798828e+01
   3.3157570e+06   1.9042969e+01
   3.3167370e+06   1.8798828e+01
   3.3170500e+06   2.4658203e+01
   3.3191880e+06   2.1606445e+01
   3.3192710e+06   1.9104004e+01
   3.3243560e+06   1.8798828e+01
   3.3280650e+06   1.9409180e+01
   3.3281560e+06   2.2277832e+01
   3.3282190e+06   2.6000977e+01
   3.3316420e+06   1.8981934e+01
   3.3320210e+06   1.9958496e+01
   3.3321670e+06   2.1423340e+01
   3.3321810e+06   1.9531250e+01
   3.3327020e+06   2.0996094e+01
   3.3410270e+06   1.8127441e+01
   3.3430800e+06   1.9287109e+01
   3.3455680e+06   2.4475098e+01
   3.3457920e+06   1.9592285e+01
   3.3459420e+06   1.9470215e+01
   3.3462020e+06   1.9165039e+01
   3.3462840e+06   1.9409180e+01
   3.3475350e+06   2.0080566e+01
   3.3478130e+06   1.9042969e+01
   3.3539420e+06   1.8981934e+01
   3.3540900e+06   2.9846191e+01
   3.3562650e+06   1.9531250e+01
   3.3563120e+06   2.2155762e+01
   3.3563470e+06   1.8127441e+01
   3.3565440e+06   2.0019531e+01
   3.3568960e+06   1.9653320e+01
   3.3577420e+06   1.9042969e+01
   3.3580920e+06   2.1850586e+01
   3.3677420e+06   1.9775391e+01
   3.3700480e+06   2.2338867e+01
   3.3723560e+06   1.9775391e+01
   3.3727380e+06   2.0263672e+01
   3.3732890e+06   1.8066406e+01
   3.3733200e+06   2.8869629e+01
   3.3737740e+06   1.8554688e+01
   3.3782180e+06   2.0141602e+01
   3.3818620e+06   1.8371582e+01
   3.3832560e+06   2.0446777e+01
   3.3858520e+06   1.9226074e+01
   3.3879310e+06   1.8554688e+01
   3.3879700e+06   2.0690918e+01
   3.3883090e+06   1.8371582e+01
   3.3884000e+06   2.1179199e+01
   3.3893040e+06   2.7587891e+01
   3.3893820e+06   2.1728516e+01
   3.3984990e+06   1.8310547e+01
   3.4007160e+06   1.8371582e+01
   3.4075740e+06   2.1667480e+01
   3.4078910e+06   1.9226074e+01
   3.4081670e+06   1.8371582e+01
   3.4082370e+06   1.9836426e+01
   3.4095050e+06   1.8615723e+01
   3.4104550e+06   2.0996094e+01
   3.4109120e+06   1.8127441e+01
   3.4109720e+06   1.8371582e+01
   3.4152510e+06   2.0080566e+01
   3.4154230e+06   1.8859863e+01
   3.4243340e+06   1.9531250e+01
   3.4245620e+06   2.1423340e+01
   3.4249890e+06   2.0019531e+01
   3.4252310e+06   1.9714355e+01
   3.4255420e+06   1.8188477e+01
   3.4277830e+06   2.2094727e+01
   3.4319990e+06   2.1484375e+01
   3.4322990e+06   1.8676758e+01
   3.4325540e+06   2.0385742e+01
   3.4326000e+06   2.0812988e+01
   3.4384590e+06   1.8859863e+01
   3.4416780e+06   2.5451660e+01
   3.4418110e+06   2.0935059e+01
   3.4418570e+06   2.0019531e+01
   3.4430300e+06   1.8798828e+01
   3.4451310e+06   2.4169922e+01
   3.4451910e+06   2.0935059e+01
   3.4535810e+06   1.8066406e+01
   3.4542820e+06   2.8991699e+01
   3.4546900e+06   1.8798828e+01
   3.4549860e+06   1.8737793e+01
   3.4616760e+06   1.8188477e+01
   3.4663420e+06   1.8554688e+01
   3.4667430e+06   2.5695801e+01
   3.4667770e+06   1.9470215e+01
   3.4672090e+06   1.9409180e+01
   3.4674790e+06   2.1484375e+01
   3.4675340e+06   2.3437500e+01
   3.4716400e+06   1.9470215e+01
   3.4716510e+06   2.8564453e+01
   3.4717240e+06   2.1972656e+01
   3.4717850e+06   1.8249512e+01
   3.4739940e+06   1.9348145e+01
   3.4743920e+06   2.0568848e+01
   3.4750170e+06   2.3132324e+01
   3.4808840e+06   1.9775391e+01
   3.4831450e+06   1.8554688e+01
   3.4836820e+06   1.8981934e+01
   3.4837790e+06   2.0080566e+01
   3.4839670e+06   2.1057129e+01
   3.4841720e+06   1.9226074e+01
   3.4844500e+06   2.0690918e+01
   3.4890790e+06   1.8981934e+01
   3.4893910e+06   1.9226074e+01
   3.4906070e+06   1.8249512e+01
   3.4906210e+06   1.9348145e+01
   3.4907450e+06   2.2033691e+01
   3.4980260e+06   1.9592285e+01
   3.4981680e+06   2.2888184e+01
   3.4986470e+06   1.9836426e+01
   3.4987230e+06   1.8981934e+01
   3.4987800e+06   1.8615723e+01
   3.4996920e+06   2.0141602e+01
   3.5071710e+06   2.1789551e+01
   3.5105770e+06   2.3559570e+01
   3.5113690e+06   2.1789551e+01
   3.5116040e+06   1.9592285e+01
   3.5118580e+06   2.0935059e+01
   3.5151760e+06   1.9226074e+01
   3.5152220e+06   2.0507812e+01
   3.5157200e+06   1.8798828e+01
   3.5171480e+06   2.1606445e+01
   3.5216070e+06   2.0690918e+01
   3.5218430e+06   1.8371582e+01
   3.5219410e+06   1.9042969e+01
   3.5259880e+06   1.8798828e+01
   3.5269080e+06   1.9592285e+01
   3.5275880e+06   1.8798828e+01
   3.5276650e+06   1.8127441e+01
   3.5279440e+06   2.2033691e+01
   3.5280130e+06   1.9287109e+01
   3.5365990e+06   1.9470215e+01
   3.5374560e+06   2.0263672e+01
   3.5375620e+06   2.1057129e+01
   3.5376020e+06   2.0507812e+01
   3.5404900e+06   1.8676758e+01
   3.5407780e+06   1.9104004e+01
   3.5414490e+06   2.1362305e+01
   3.5415240e+06   1.8554688e+01
   3.5415720e+06   2.3681641e+01
   3.5416130e+06   1.8554688e+01
   3.5505750e+06   1.8310547e+01
   3.5510280e+06   1.8676758e+01
   3.5511020e+06   2.0751953e+01
   3.5565770e+06   2.2460938e+01
   3.5568950e+06   1.8371582e+01
   3.5586120e+06   2.0385742e+01
   3.5601710e+06   2.0080566e+01
   3.5612180e+06   1.9592285e+01
   3.5612550e+06   2.4902344e+01
   3.5612710e+06   1.9531250e+01
   3.5735170e+06   2.0996094e+01
   3.5749120e+06   2.1301270e+01
   3.5750060e+06   2.2766113e+01
   3.5751090e+06   2.1179199e+01
   3.5751270e+06   2.2705078e+01
   3.5752080e+06   1.8310547e+01
   3.5753840e+06   1.8127441e+01
   3.5761190e+06   1.9226074e+01
   3.5761750e+06   3.0578613e+01
   3.5764190e+06   1.8188477e+01
   3.5798590e+06   1.8798828e+01
   3.5799590e+06   2.2338867e+01
   3.5805070e+06   1.8188477e+01
   3.5865670e+06   2.3620605e+01
   3.5867640e+06   2.2705078e+01
   3.5867910e+06   2.1911621e+01
   3.5922410e+06   1.8432617e+01
   3.5963530e+06   1.8127441e+01
   3.5965190e+06   2.0629883e+01
   3.5972860e+06   1.8554688e+01
   3.5977180e+06   1.8920898e+01
   3.6000540e+06   1.8676758e+01
   3.6001750e+06   2.1179199e+01
   3.6002780e+06   2.0507812e+01
   3.6003080e+06   2.1606445e+01
   3.6048660e+06   2.0263672e+01
   3.6052780e+06   2.0019531e+01
   3.6107650e+06   1.8676758e+01
   3.6108940e+06   2.4108887e+01
   3.6113550e+06   1.8371582e+01
   3.6136380e+06   1.9470215e+01
   3.6139710e+06   2.1240234e+01
   3.6143350e+06   2.0080566e+01
   3.6144350e+06   1.8615723e+01
   3.6149210e+06   2.0202637e+01
   3.6180060e+06   1.8066406e+01
   3.6189550e+06   2.3376465e+01
   3.6260500e+06   2.0996094e+01
   3.6310170e+06   1.8432617e+01
   3.6401560e+06   2.2399902e+01
   3.6402010e+06   2.8564453e+01
   3.6404610e+06   2.1240234e+01
   3.6406270e+06   1.8249512e+01
   3.6415990e+06   2.1606445e+01
   3.6416320e+06   2.0019531e+01
   3.6417120e+06   1.8615723e+01
   3.6444200e+06   2.1972656e+01
   3.6448990e+06   2.0263672e+01
   3.6489870e+06   1.9714355e+01
   3.6492840e+06   2.0935059e+01
   3.6575520e+06   1.8371582e+01
   3.6584620e+06   1.8066406e+01
   3.6659670e+06   2.1728516e+01
   3.6660300e+06   2.0751953e+01
   3.6660440e+06   2.1667480e+01
   3.6661810e+06   2.7832031e+01
   3.6687360e+06   1.9714355e+01
   3.6687830e+06   3.5156250e+01
   3.6688750e+06   1.8371582e+01
   3.6689150e+06   2.0690918e+01
   3.6777980e+06   1.9287109e+01
   3.6799860e+06   2.0751953e+01
   3.6804780e+06   1.8798828e+01
   3.6807800e+06   2.2644043e+01
   3.6810570e+06   2.4291992e+01
   3.6812970e+06   2.0507812e+01
   3.6906530e+06   1.9775391e+01
   3.6907820e+06   1.8066406e+01
   3.6909730e+06   2.1362305e+01
   3.6925650e+06   2.7160645e+01
   3.6926690e+06   1.8188477e+01
   3.6984080e+06   1.9531250e+01
   3.6998970e+06   1.9042969e+01
   3.7002270e+06   1.8737793e+01
   3.7003570e+06   1.8127441e+01
   3.7007690e+06   2.5207520e+01
   3.7008290e+06   2.5878906e+01
   3.7012700e+06   1.9165039e+01
   3.7017730e+06   1.8615723e+01
   3.7018070e+06   2.6123047e+01
   3.7018260e+06   1.9653320e+01
   3.7018480e+06   2.1911621e+01
   3.7052930e+06   2.1301270e+01
   3.7125320e+06   2.3254395e+01
   3.7131150e+06   2.4536133e+01
   3.7132190e+06   2.3437500e+01
   3.7134040e+06   1.8981934e+01
   3.7218510e+06   1.9592285e+01
   3.7226760e+06   2.1118164e+01
   3.7227130e+06   2.3742676e+01
   3.7227310e+06   1.9165039e+01
   3.7227670e+06   2.0629883e+01
   3.7292910e+06   1.9470215e+01
   3.7366030e+06   2.1728516e+01
   3.7366760e+06   1.9775391e+01
   3.7369600e+06   2.0019531e+01
   3.7403040e+06   2.2460938e+01
   3.7424610e+06   1.8859863e+01
   3.7424920e+06   2.0507812e+01
   3.7425190e+06   1.9226074e+01
   3.7487880e+06   1.8798828e+01
   3.7497820e+06   2.0324707e+01
   3.7500390e+06   1.9165039e+01
   3.7512150e+06   2.3132324e+01
   3.7512400e+06   2.5207520e+01
   3.7513080e+06   1.8371582e+01
   3.7514470e+06   1.9531250e+01
   3.7514570e+06   1.9409180e+01
   3.7514990e+06   2.1911621e+01
   3.7565860e+06   1.8066406e+01
   3.7573120e+06   1.9592285e+01
   3.7573760e+06   1.8798828e+01
   3.7574060e+06   2.3254395e+01
   3.7574230e+06   1.9775391e+01
   3.7576500e+06   1.9531250e+01
   3.7576890e+06   3.0761719e+01
   3.7590720e+06   1.8554688e+01
   3.7667810e+06   1.9775391e+01
   3.7669330e+06   1.8554688e+01
   3.7724110e+06   1.9104004e+01
   3.7725720e+06   2.2705078e+01
   3.7748030e+06   2.0324707e+01
   3.7758310e+06   1.9470215e+01
   3.7760140e+06   2.2705078e+01
   3.7769090e+06   1.9042969e+01
   3.7781180e+06   1.8737793e+01
   3.7784000e+06   2.0263672e+01
   3.7784940e+06   2.6367188e+01
   3.7894010e+06   2.2094727e+01
   3.7922170e+06   2.0080566e+01
   3.7925030e+06   2.1667480e+01
   3.7926430e+06   3.1677246e+01
   3.7929630e+06   1.8066406e+01
   3.7960200e+06   1.8798828e+01
   3.7960520e+06   2.1667480e+01
   3.7961220e+06   1.9287109e+01
   3.7962210e+06   1.9104004e+01
   3.7975030e+06   1.8066406e+01
   3.7977440e+06   1.8371582e+01
   3.7982960e+06   2.3010254e+01
   3.7983250e+06   2.2583008e+01
   3.7983440e+06   2.1911621e+01
   3.7985760e+06   1.8798828e+01
   3.7986280e+06   1.9226074e+01
   3.8093110e+06   1.9470215e+01
   3.8096760e+06   2.1240234e+01
   3.8107680e+06   1.8859863e+01
   3.8107930e+06   2.9174805e+01
   3.8108730e+06   1.8310547e+01
   3.8111190e+06   2.0446777e+01
   3.8111610e+06   1.8371582e+01
   3.8112520e+06   1.8127441e+01
   3.8157770e+06   1.9592285e+01
   3.8266710e+06   1.8554688e+01
   3.8269000e+06   2.2033691e+01
   3.8270570e+06   1.9531250e+01
   3.8273210e+06   1.8127441e+01
   3.8278370e+06   2.1118164e+01
   3.8278640e+06   3.5583496e+01
   3.8278830e+06   2.8991699e+01
   3.8279080e+06   2.0812988e+01
   3.8285020e+06   1.9348145e+01
   3.8381360e+06   2.0568848e+01
   3.8387830e+06   1.8188477e+01
   3.8390500e+06   1.8676758e+01
   3.8390880e+06   2.2033691e+01
   3.8391150e+06   2.3742676e+01
   3.8391480e+06   1.9714355e+01
   3.8391880e+06   1.8493652e+01
   3.8521600e+06   1.8371582e+01
   3.8523210e+06   2.0874023e+01
   3.8523880e+06   1.9531250e+01
   3.8525720e+06   2.0080566e+01
   3.8557880e+06   2.1240234e+01
   3.8560660e+06   2.0019531e+01
   3.8561970e+06   2.2766113e+01
   3.8563450e+06   2.0446777e+01
   3.8667470e+06   2.2155762e+01
   3.8668000e+06   2.1911621e+01
   3.8762560e+06   2.1423340e+01
   3.8763070e+06   1.9714355e+01
   3.8763730e+06   1.9653320e+01
   3.8769150e+06   1.9470215e+01
   3.8795190e+06   1.8554688e+01
   3.8848340e+06   2.0263672e+01
   3.8861940e+06   1.8066406e+01
   3.8863630e+06   2.2216797e+01
   3.8864670e+06   1.9958496e+01
   3.8868930e+06   1.9042969e+01
   3.8871170e+06   1.8554688e+01
   3.8877380e+06   1.8188477e+01
   3.8877650e+06   3.0273438e+01
   3.8877850e+06   2.0324707e+01
   3.8878200e+06   2.6733398e+01
   3.8997980e+06   1.9958496e+01
   3.8999200e+06   1.8554688e+01
   3.9000740e+06   2.1728516e+01
   3.9064260e+06   1.8676758e+01
   3.9067850e+06   2.1850586e+01
   3.9067990e+06   2.0996094e+01
   3.9071980e+06   2.4047852e+01
   3.9072510e+06   2.1606445e+01
   3.9081700e+06   1.9104004e+01
   3.9082440e+06   1.9165039e+01
   3.9082590e+06   2.4475098e+01
   3.9166740e+06   1.9409180e+01
   3.9168040e+06   2.0263672e+01
   3.9168630e+06   2.1057129e+01
   3.9170710e+06   1.9897461e+01
   3.9171300e+06   2.3071289e+01
   3.9173430e+06   1.8371582e+01
   3.9177850e+06   1.8127441e+01
   3.9190700e+06   1.8981934e+01
   3.9192430e+06   1.8737793e+01
   3.9197550e+06   1.9348145e+01
   3.9198110e+06   4.1381836e+01
   3.9198690e+06   2.3620605e+01
   3.9200840e+06   2.2399902e+01
   3.9200980e+06   1.8371582e+01
   3.9261150e+06   1.8066406e+01
   3.9274550e+06   2.6611328e+01
   3.9284420e+06   2.1972656e+01
   3.9287800e+06   2.0629883e+01
   3.9288340e+06   2.0935059e+01
   3.9290040e+06   2.0874023e+01
   3.9291770e+06   1.8615723e+01
   3.9377630e+06   1.9042969e+01
   3.9380480e+06   2.1301270e+01
   3.9384990e+06   1.9470215e+01
   3.9387900e+06   1.8981934e+01
   3.9388020e+06   3.2226562e+01
   3.9388220e+06   1.9958496e+01
   3.9393980e+06   2.0263672e+01
   3.9441390e+06   2.2521973e+01
   3.9443740e+06   1.8798828e+01
   3.9449410e+06   1.8493652e+01
   3.9449960e+06   2.1240234e+01
   3.9450600e+06   2.1484375e+01
   3.9542820e+06   2.0324707e+01
   3.9545960e+06   1.9409180e+01
   3.9641030e+06   2.0202637e+01
   3.9655630e+06   1.8615723e+01
   3.9657160e+06   2.0263672e+01
   3.9659000e+06   2.2949219e+01
   3.9661170e+06   2.0690918e+01
   3.9665210e+06   1.8493652e+01
   3.9680070e+06   2.1606445e+01
   3.9701420e+06   2.0019531e+01
   3.9707370e+06   1.8066406e+01
   3.9709210e+06   1.9348145e+01
   3.9712030e+06   2.0812988e+01
   3.9822840e+06   2.2094727e+01
   3.9825720e+06   1.8737793e+01
   3.9830590e+06   1.8066406e+01
   3.9831250e+06   2.6306152e+01
   3.9834270e+06   2.4047852e+01
   3.9834550e+06   2.5268555e+01
   3.9834780e+06   2.0385742e+01
   3.9835020e+06   1.9653320e+01
   3.9836210e+06   1.8676758e+01
   3.9836820e+06   2.0874023e+01
   3.9934420e+06   3.5949707e+01
   3.9935290e+06   1.8432617e+01
   3.9951880e+06   1.9042969e+01
   3.9972670e+06   1.8371582e+01
   3.9992270e+06   1.8249512e+01
   4.0066660e+06   2.0080566e+01
   4.0084240e+06   1.9775391e+01
   4.0089420e+06   1.9775391e+01
   4.0090010e+06   2.6123047e+01
   4.0132940e+06   1.9714355e+01
   4.0137940e+06   2.2155762e+01
   4.0138270e+06   4.1137695e+01
   4.0138840e+06   1.9042969e+01
   4.0155840e+06   1.9775391e+01
   4.0206900e+06   3.0700684e+01
   4.0209110e+06   1.8798828e+01
   4.0288030e+06   2.0812988e+01
   4.0294130e+06   2.2644043e+01
   4.0321570e+06   1.9042969e+01
   4.0323270e+06   1.9897461e+01
   4.0323800e+06   1.9653320e+01
   4.0326100e+06   2.6184082e+01
   4.0326530e+06   2.0507812e+01
   4.0326680e+06   3.3081055e+01
   4.0327130e+06   2.0812988e+01
   4.0332350e+06   2.0019531e+01
   4.0399090e+06   1.9287109e+01
   4.0399280e+06   2.2155762e+01
   4.0399780e+06   2.0080566e+01
   4.0399970e+06   1.8737793e+01
   4.0442350e+06   1.9104004e+01
   4.0447890e+06   2.2094727e+01
   4.0449550e+06   1.9653320e+01
   4.0555710e+06   1.9287109e+01
   4.0556760e+06   2.2888184e+01
   4.0557850e+06   1.9592285e+01
   4.0560630e+06   2.2155762e+01
   4.0577440e+06   2.5878906e+01
   4.0594190e+06   1.9287109e+01
   4.0594780e+06   1.8066406e+01
   4.0596090e+06   3.3386230e+01
   4.0619810e+06   2.0019531e+01
   4.0621960e+06   1.9958496e+01
   4.0626530e+06   2.0446777e+01
   4.0733010e+06   1.9531250e+01
   4.0734560e+06   2.0385742e+01
   4.0738040e+06   1.9592285e+01
   4.0753580e+06   1.9836426e+01
   4.0755610e+06   2.1606445e+01
   4.0764210e+06   1.8554688e+01
   4.0765050e+06   2.0751953e+01
   4.0765600e+06   2.4475098e+01
   4.0766760e+06   1.9470215e+01
   4.0768120e+06   3.5827637e+01
   4.0772220e+06   1.9226074e+01
   4.0856930e+06   1.8493652e+01
   4.0858850e+06   2.4353027e+01
   4.0953970e+06   1.8127441e+01
   4.0963460e+06   1.8127441e+01
   4.0966910e+06   2.3010254e+01
   4.0967120e+06   1.8249512e+01
   4.0967230e+06   2.6428223e+01
   4.0967360e+06   2.5695801e+01
   4.0967650e+06   2.0690918e+01
   4.0968000e+06   2.1240234e+01
   4.0996030e+06   1.8127441e+01
   4.0997220e+06   2.1484375e+01
   4.0999950e+06   2.8015137e+01
   4.1000250e+06   2.3132324e+01
   4.1000490e+06   2.9602051e+01
   4.1117230e+06   1.8981934e+01
   4.1121710e+06   2.0324707e+01
   4.1123130e+06   1.8798828e+01
   4.1162770e+06   2.1850586e+01
   4.1164830e+06   1.8188477e+01
   4.1175780e+06   2.4597168e+01
   4.1176270e+06   1.8066406e+01
   4.1177730e+06   2.5817871e+01
   4.1178170e+06   2.5207520e+01
   4.1178570e+06   1.8554688e+01
   4.1178970e+06   2.1850586e+01
   4.1262320e+06   1.8920898e+01
   4.1263470e+06   1.9226074e+01
   4.1265740e+06   1.9470215e+01
   4.1270400e+06   2.4230957e+01
   4.1270620e+06   2.5634766e+01
   4.1281310e+06   1.8310547e+01
   4.1282320e+06   1.8981934e+01
   4.1287130e+06   2.2949219e+01
   4.1287310e+06   2.5329590e+01
   4.1337460e+06   1.8432617e+01
   4.1346840e+06   2.5146484e+01
   4.1347280e+06   2.1057129e+01
   4.1438630e+06   1.8554688e+01
   4.1448300e+06   2.2216797e+01
   4.1452750e+06   2.3925781e+01
   4.1452880e+06   1.9287109e+01
   4.1453570e+06   2.4353027e+01
   4.1507300e+06   2.3132324e+01
   4.1508920e+06   1.8249512e+01
   4.1513940e+06   2.5634766e+01
   4.1609720e+06   1.8920898e+01
   4.1610460e+06   1.8432617e+01
   4.1685430e+06   2.0446777e+01
   4.1690260e+06   1.8676758e+01
   4.1697750e+06   2.4536133e+01
   4.1698680e+06   1.8188477e+01
   4.1699190e+06   1.9226074e+01
   4.1699590e+06   2.1667480e+01
   4.1699890e+06   2.2216797e+01
   4.1700210e+06   3.1616211e+01
   4.1700560e+06   1.8310547e+01
   4.1786990e+06   2.6794434e+01
   4.1788270e+06   2.0202637e+01
   4.1792330e+06   2.1850586e+01
   4.1863710e+06   1.8798828e+01
   4.1868110e+06   1.9592285e+01
   4.1878090e+06   2.2155762e+01
   4.1878390e+06   1.9775391e+01
   4.1878880e+06   1.9470215e+01
   4.1879640e+06   3.1494141e+01
   4.1879830e+06   1.9409180e+01
   4.1908430e+06   1.8127441e+01
   4.1996870e+06   1.8798828e+01
   4.2004260e+06   1.8249512e+01
   4.2008540e+06   2.4658203e+01
   4.2012350e+06   1.8737793e+01
   4.2014320e+06   2.0324707e+01
   4.2014810e+06   2.0996094e+01
   4.2024250e+06   2.5268555e+01
   4.2024440e+06   2.6733398e+01
   4.2065160e+06   1.8554688e+01
   4.2065590e+06   1.9042969e+01
   4.2195800e+06   2.3620605e+01
   4.2196420e+06   2.0019531e+01
   4.2197480e+06   2.0324707e+01
   4.2295630e+06   2.4658203e+01
   4.2298110e+06   2.1118164e+01
   4.2314020e+06   2.1362305e+01
   4.2314690e+06   1.9287109e+01
   4.2315190e+06   2.2033691e+01
   4.2315390e+06   1.9226074e+01
   4.2335320e+06   1.9409180e+01
   4.2336110e+06   2.2705078e+01
   4.2339320e+06   2.0080566e+01
   4.2339600e+06   2.7587891e+01
   4.2339750e+06   2.1301270e+01
   4.2339940e+06   2.5024414e+01
   4.2457920e+06   1.8127441e+01
   4.2459850e+06   2.2705078e+01
   4.2460180e+06   2.4597168e+01
   4.2467460e+06   1.8127441e+01
   4.2467590e+06   1.9836426e+01
   4.2468550e+06   1.9042969e+01
   4.2469150e+06   2.0080566e+01
   4.2469510e+06   2.2216797e+01
   4.2537780e+06   2.0935059e+01
   4.2548700e+06   1.9714355e+01
   4.2549510e+06   1.9042969e+01
   4.2549820e+06   2.1118164e+01
   4.2550310e+06   1.8310547e+01
   4.2550500e+06   1.8432617e+01
   4.2700890e+06   1.9287109e+01
   4.2701420e+06   1.8066406e+01
   4.2714720e+06   2.2033691e+01
   4.2744260e+06   1.8493652e+01
   4.2745960e+06   2.2705078e+01
   4.2746840e+06   1.9836426e+01
   4.2746970e+06   1.8615723e+01
   4.2747490e+06   1.9348145e+01
   4.2751400e+06   1.8798828e+01
   4.2759650e+06   1.8249512e+01
   4.2760600e+06   1.8127441e+01
   4.2760860e+06   2.0629883e+01
   4.2761610e+06   2.2094727e+01
   4.2901820e+06   1.8737793e+01
   4.2911890e+06   1.8066406e+01
   4.3004550e+06   1.8920898e+01
   4.3012890e+06   1.9714355e+01
   4.3091610e+06   2.8259277e+01
   4.3092170e+06   2.0324707e+01
   4.3092600e+06   2.5146484e+01
   4.3093030e+06   1.8554688e+01
   4.3102710e+06   2.0080566e+01
   4.3163120e+06   1.8066406e+01
   4.3164160e+06   2.1057129e+01
   4.3169590e+06   2.0874023e+01
   4.3170400e+06   2.0202637e+01
   4.3273580e+06   1.8615723e+01
   4.3284250e+06   2.4475098e+01
   4.3293020e+06   1.8493652e+01
   4.3293440e+06   1.8859863e+01
   4.3294460e+06   1.8554688e+01
   4.3393240e+06   2.1301270e+01
   4.3394740e+06   1.8554688e+01
   4.3395420e+06   1.8371582e+01
   4.3398420e+06   2.1606445e+01
   4.3399210e+06   2.3681641e+01
   4.3404060e+06   2.2644043e+01
   4.3416210e+06   1.9042969e+01
   4.3417040e+06   2.1911621e+01
   4.3417640e+06   2.3498535e+01
   4.3418070e+06   2.0568848e+01
   4.3418280e+06   2.1911621e+01
   4.3498200e+06   1.9836426e+01
   4.3544930e+06   2.0629883e+01
   4.3547590e+06   2.1362305e+01
   4.3548090e+06   1.8920898e+01
   4.3579220e+06   1.8371582e+01
   4.3579880e+06   1.9042969e+01
   4.3670360e+06   1.9531250e+01
   4.3670620e+06   2.3681641e+01
   4.3670940e+06   1.9165039e+01
   4.3671470e+06   1.9958496e+01
   4.3673540e+06   2.0446777e+01
   4.3673970e+06   2.1484375e+01
   4.3687500e+06   2.3132324e+01
   4.3687900e+06   2.3071289e+01
   4.3770030e+06   1.9409180e+01
   4.3772180e+06   1.9042969e+01
   4.3851800e+06   1.8249512e+01
   4.3852320e+06   2.3437500e+01
   4.3852760e+06   1.9653320e+01
   4.3855530e+06   2.2766113e+01
   4.3856620e+06   2.0507813e+01
   4.3859110e+06   1.8798828e+01
   4.3868150e+06   1.8798828e+01
   4.3876180e+06   2.4169922e+01
   4.3879490e+06   3.0334473e+01
   4.3879720e+06   2.1423340e+01
   4.3880160e+06   2.0385742e+01
   4.3880300e+06   3.1921387e+01
   4.3982740e+06   2.1240234e+01
   4.3984780e+06   1.8249512e+01
   4.4061360e+06   2.0324707e+01
   4.4065070e+06   1.9042969e+01
   4.4065930e+06   1.8066406e+01
   4.4067000e+06   2.2155762e+01
   4.4111620e+06   1.9714355e+01
   4.4112000e+06   1.9531250e+01
   4.4112330e+06   1.9653320e+01
   4.4208180e+06   1.8188477e+01
   4.4208940e+06   3.2470703e+01
   4.4209150e+06   2.2583008e+01
   4.4275890e+06   1.9287109e+01
   4.4353210e+06   1.9409180e+01
   4.4355430e+06   2.6489258e+01
   4.4388330e+06   1.9348145e+01
   4.4390320e+06   1.8310547e+01
   4.4391130e+06   1.8981934e+01
   4.4391310e+06   1.8554688e+01
   4.4391950e+06   1.9165039e+01
   4.4393080e+06   2.5024414e+01
   4.4439670e+06   2.2094727e+01
   4.4544240e+06   1.9531250e+01
   4.4546040e+06   1.8249512e+01
   4.4625390e+06   2.0080566e+01
   4.4630720e+06   2.4230957e+01
   4.4631120e+06   2.3437500e+01
   4.4633850e+06   2.1484375e+01
   4.4715760e+06   1.9042969e+01
   4.4741910e+06   1.9042969e+01
   4.4743140e+06   2.3864746e+01
   4.4846660e+06   1.9287109e+01
   4.4846980e+06   1.8798828e+01
   4.4864650e+06   2.3681641e+01
   4.4864780e+06   2.1179199e+01
   4.4865750e+06   1.8737793e+01
   4.4866150e+06   2.0019531e+01
   4.5058610e+06   1.8676758e+01
   4.5118970e+06   1.9897461e+01
   4.5119700e+06   2.5207520e+01
   4.5120430e+06   2.1911621e+01
   4.5191620e+06   2.2888184e+01
   4.5193000e+06   2.0263672e+01
   4.5195370e+06   1.9409180e+01
   4.5363150e+06   2.1850586e+01
   4.5363730e+06   2.0935059e+01
   4.5363890e+06   2.9785156e+01
   4.5364120e+06   1.8310547e+01
   4.5364470e+06   1.9226074e+01
   4.5364710e+06   2.3376465e+01
   4.5445410e+06   1.8371582e+01
   4.5468530e+06   1.8798828e+01
   4.5470340e+06   2.2583008e+01
   4.5561180e+06   1.8737793e+01
   4.5639180e+06   1.8615723e+01
   4.5640640e+06   2.0568848e+01
   4.5641300e+06   2.2033691e+01
   4.5642090e+06   1.8127441e+01
   4.5642410e+06   1.8127441e+01
   4.5642970e+06   1.8615723e+01
   4.5718430e+06   1.8432617e+01
   4.5718640e+06   2.0812988e+01
   4.5718850e+06   2.0935059e+01
   4.5719070e+06   2.5695801e+01
   4.5719470e+06   1.8432617e+01
   4.5796460e+06   2.0568848e+01
   4.5797250e+06   2.1240234e+01
   4.5797590e+06   1.9104004e+01
   4.5798300e+06   2.4597168e+01
   4.5799130e+06   1.8920898e+01
   4.5864370e+06   1.9592285e+01
   4.5958400e+06   2.4169922e+01
   4.5962770e+06   2.3498535e+01
   4.6012820e+06   1.8859863e+01
   4.6014550e+06   1.8127441e+01
   4.6113980e+06   2.0629883e+01
   4.6213710e+06   2.1484375e+01
   4.6321360e+06   2.7648926e+01
   4.6322180e+06   2.0629883e+01
   4.6418090e+06   2.2949219e+01
   4.6419480e+06   2.3620605e+01
   4.6419700e+06   1.8981934e+01
   4.6479790e+06   1.8554688e+01
   4.6480340e+06   1.9348145e+01
   4.6587310e+06   2.6367188e+01
   4.6588570e+06   1.8676758e+01
   4.6708450e+06   2.1301270e+01
   4.6709170e+06   2.0629883e+01
   4.6709910e+06   1.9531250e+01
   4.6710910e+06   2.0324707e+01
   4.6817770e+06   1.9714355e+01
   4.6818790e+06   2.5817871e+01
   4.6931720e+06   1.8737793e+01
   4.6933660e+06   1.8554688e+01
   4.7020990e+06   1.9897461e+01
   4.7021310e+06   2.2644043e+01
   4.7022430e+06   1.9836426e+01
   4.7024430e+06   1.8188477e+01
   4.7025590e+06   1.9287109e+01
   4.7127590e+06   1.8615723e+01
   4.7128280e+06   1.8249512e+01
   4.7220830e+06   2.0812988e+01
   4.7223050e+06   1.8371582e+01
   4.7223420e+06   2.2277832e+01
   4.7224340e+06   2.0019531e+01
   4.7428400e+06   1.8920898e+01
   4.7542190e+06   2.0446777e+01
   4.7543100e+06   2.0874023e+01
   4.7662610e+06   1.9287109e+01
   4.7663130e+06   2.5207520e+01
   4.7663460e+06   2.0935059e+01
   4.7784040e+06   1.9104004e+01
   4.7784650e+06   1.9653320e+01
   4.7898360e+06   2.1179199e+01
   4.7898790e+06   1.8188477e+01
   4.7899250e+06   1.8066406e+01
   4.7899900e+06   1.8493652e+01
   4.8024410e+06   1.8493652e+01
   4.8026500e+06   2.0812988e+01
   4.8139080e+06   1.8493652e+01
   4.8141510e+06   1.8554688e+01
   4.8142610e+06   1.8920898e+01
   4.8144940e+06   1.8676758e+01
   4.8147170e+06   2.1606445e+01
   4.8216720e+06   1.8737793e+01
   4.8334810e+06   1.9287109e+01
   4.8335890e+06   2.2583008e+01
   4.8337840e+06   2.0019531e+01
   4.8452900e+06   2.1240234e+01
   4.8454680e+06   2.0141602e+01
   4.8561990e+06   1.8554688e+01
   4.8562540e+06   2.1423340e+01
   4.8563850e+06   1.9042969e+01
   4.8664680e+06   1.9226074e+01
   4.8665410e+06   2.0568848e+01
   4.8666680e+06   1.9775391e+01
   4.8667650e+06   1.8371582e+01
   4.8768300e+06   1.9470215e+01
   4.8768910e+06   1.9165039e+01
   4.8769990e+06   1.8371582e+01
   4.8771080e+06   1.9165039e+01
   4.8880860e+06   1.8066406e+01
   4.8881640e+06   2.5207520e+01
   4.8980940e+06   2.2155762e+01
   4.8981520e+06   1.8127441e+01
   4.8981720e+06   1.8737793e+01
   4.8983600e+06   1.8066406e+01
   4.9151240e+06   2.5695801e+01
   4.9152930e+06   1.9897461e+01
   4.9156900e+06   1.9958496e+01
   4.9242850e+06   2.1484375e+01
   4.9340520e+06   2.1789551e+01
   4.9430280e+06   2.1118164e+01
   4.9431450e+06   1.8066406e+01
   4.9432690e+06   1.8371582e+01
   4.9463200e+06   2.2583008e+01
   4.9471790e+06   2.0080566e+01
   4.9483720e+06   1.8737793e+01
   4.9504590e+06   1.8066406e+01
   4.9512920e+06   1.9958496e+01
   4.9603090e+06   2.1240234e+01
   4.9603680e+06   1.8920898e+01
   4.9689930e+06   2.0751953e+01
   4.9690770e+06   1.9714355e+01
   4.9692070e+06   1.8249512e+01
   4.9771770e+06   2.0141602e+01
   4.9773930e+06   1.8066406e+01
   4.9785560e+06   2.7770996e+01
   4.9786350e+06   1.8920898e+01
   4.9788190e+06   1.9104004e+01
   4.9792680e+06   1.9470215e+01
   4.9804290e+06   2.0202637e+01
   4.9812530e+06   1.8432617e+01
   4.9826180e+06   1.8798828e+01
   4.9827350e+06   1.8310547e+01
   4.9828090e+06   1.9348145e+01
   4.9830360e+06   2.0324707e+01
   4.9856160e+06   1.8188477e+01
   4.9858060e+06   2.0324707e+01
   4.9859400e+06   1.8066406e+01
   4.9958730e+06   1.9836426e+01
   5.0047560e+06   2.0507812e+01
   5.0049160e+06   2.0996094e+01
   5.0059260e+06   1.9226074e+01
   5.0076770e+06   2.0263672e+01
   5.0178070e+06   1.8554688e+01
   5.0180320e+06   2.2521973e+01
   5.0180860e+06   1.9958496e+01
   5.0182390e+06   1.9226074e+01
   5.0185680e+06   1.9042969e+01
   5.0197760e+06   1.8371582e+01
   5.0197870e+06   2.1118164e+01
   5.0207850e+06   1.8249512e+01
   5.0208630e+06   2.0446777e+01
   5.0208820e+06   1.9104004e+01
   5.0209300e+06   1.9104004e+01
   5.0209550e+06   3.5400391e+01
   5.0303990e+06   2.2399902e+01
   5.0306130e+06   1.8615723e+01
   5.0313860e+06   1.9897461e+01
   5.0401630e+06   2.1911621e+01
   5.0413220e+06   1.9714355e+01
   5.0425280e+06   1.8676758e+01
   5.0427010e+06   2.3193359e+01
   5.0427510e+06   2.5939941e+01
   5.0427690e+06   1.8249512e+01
   5.0428450e+06   1.8127441e+01
   5.0445500e+06   1.9409180e+01
   5.0522000e+06   1.9470215e+01
   5.0523790e+06   1.8066406e+01
   5.0540620e+06   2.3742676e+01
   5.0540940e+06   2.3315430e+01
   5.0541310e+06   2.1484375e+01
   5.0541690e+06   1.9165039e+01
   5.0629260e+06   1.9287109e+01
   5.0630890e+06   2.0263672e+01
   5.0632680e+06   1.8188477e+01
   5.0650550e+06   2.1667480e+01
   5.0651990e+06   1.8737793e+01
   5.0653730e+06   2.2094727e+01
   5.0653870e+06   3.6804199e+01
   5.0654500e+06   2.3559570e+01
   5.0733550e+06   1.8310547e+01
   5.0735220e+06   1.9348145e+01
   5.0743140e+06   2.0507812e+01
   5.0743670e+06   2.8076172e+01
   5.0743910e+06   2.0263672e+01
   5.0744060e+06   1.8127441e+01
   5.0746050e+06   2.1484375e+01
   5.0746290e+06   2.2460938e+01
   5.0746500e+06   2.1240234e+01
   5.0746940e+06   1.9104004e+01
   5.0780970e+06   1.8310547e+01
   5.0823010e+06   2.2033691e+01
   5.0825830e+06   1.8737793e+01
   5.0826420e+06   1.8493652e+01
   5.0877380e+06   2.1606445e+01
   5.0879070e+06   1.9775391e+01
   5.0886930e+06   2.0935059e+01
   5.0887310e+06   1.8188477e+01
   5.0925310e+06   1.8554688e+01
   5.0925530e+06   2.5146484e+01
   5.0925810e+06   1.8737793e+01
   5.0998110e+06   2.0751953e+01
   5.0998960e+06   1.9042969e+01
   5.0999520e+06   1.8615723e+01
   5.1001450e+06   2.1423340e+01
   5.1055850e+06   1.9958496e+01
   5.1060220e+06   2.3925781e+01
   5.1061530e+06   1.8676758e+01
   5.1061990e+06   1.8737793e+01
   5.1063680e+06   2.0141602e+01
   5.1065240e+06   1.9226074e+01
   5.1106620e+06   1.8676758e+01
   5.1107190e+06   2.1423340e+01
   5.1107740e+06   2.0324707e+01
   5.1108480e+06   1.8249512e+01
   5.1171070e+06   1.8737793e+01
   5.1171820e+06   2.2033691e+01
   5.1172690e+06   2.5695801e+01
   5.1285980e+06   1.9653320e+01
   5.1286630e+06   1.9287109e+01
   5.1288820e+06   1.9348145e+01
   5.1293080e+06   1.8737793e+01
   5.1322000e+06   1.8493652e+01
   5.1322870e+06   2.6611328e+01
   5.1323560e+06   1.8066406e+01
   5.1327610e+06   1.9226074e+01
   5.1360480e+06   2.3071289e+01
   5.1393850e+06   1.9287109e+01
   5.1394000e+06   1.8493652e+01
   5.1394840e+06   1.8737793e+01
   5.1397920e+06   2.3803711e+01
   5.1398140e+06   2.4353027e+01
   5.1398340e+06   1.9409180e+01
   5.1399440e+06   2.2583008e+01
   5.1399880e+06   1.8188477e+01
   5.1511560e+06   2.0935059e+01
   5.1513020e+06   2.3620605e+01
   5.1514020e+06   2.1728516e+01
   5.1612320e+06   1.8859863e+01
   5.1614500e+06   2.0629883e+01
   5.1614670e+06   2.1972656e+01
   5.1615140e+06   2.3132324e+01
   5.1615380e+06   2.2277832e+01
   5.1616410e+06   1.9836426e+01
   5.1619680e+06   2.0141602e+01
   5.1635270e+06   1.8066406e+01
   5.1635780e+06   1.8249512e+01
   5.1636760e+06   1.8859863e+01
   5.1638060e+06   2.4597168e+01
   5.1641850e+06   1.8066406e+01
   5.1750570e+06   2.2644043e+01
   5.1750690e+06   2.0263672e+01
   5.1800290e+06   1.8371582e+01
   5.1800780e+06   2.0202637e+01
   5.1801120e+06   1.9287109e+01
   5.1801400e+06   1.9226074e+01
   5.1908350e+06   1.8493652e+01
   5.1909510e+06   1.9348145e+01
   5.1910210e+06   2.4230957e+01
   5.1934060e+06   1.8737793e+01
   5.1936260e+06   2.2155762e+01
   5.1936450e+06   2.3681641e+01
   5.1937180e+06   2.4475098e+01
   5.1938020e+06   2.1789551e+01
   5.1938310e+06   2.1850586e+01
   5.1938680e+06   2.1545410e+01
   5.2051630e+06   2.1301270e+01
   5.2052090e+06   1.8371582e+01
   5.2052730e+06   2.1606445e+01
   5.2052870e+06   2.0935059e+01
   5.2053410e+06   2.1362305e+01
   5.2159660e+06   1.8676758e+01
   5.2162140e+06   2.1179199e+01
   5.2162850e+06   2.0141602e+01
   5.2163470e+06   1.8432617e+01
   5.2164200e+06   2.3193359e+01
   5.2223430e+06   1.8249512e+01
   5.2223560e+06   2.1362305e+01
   5.2223760e+06   2.0446777e+01
   5.2223970e+06   2.1118164e+01
   5.2224690e+06   2.1728516e+01
   5.2225120e+06   2.4475098e+01
   5.2331280e+06   2.1118164e+01
   5.2332050e+06   2.0080566e+01
   5.2332630e+06   2.0446777e+01
   5.2333050e+06   2.1118164e+01
   5.2421080e+06   1.9226074e+01
   5.2422050e+06   2.4536133e+01
   5.2422180e+06   2.5878906e+01
   5.2422510e+06   2.4353027e+01
   5.2423100e+06   2.0080566e+01
   5.2515370e+06   1.9042969e+01
   5.2515780e+06   2.0507812e+01
   5.2516410e+06   1.8920898e+01
   5.2571820e+06   2.4414062e+01
   5.2572110e+06   1.8188477e+01
   5.2675130e+06   1.9836426e+01
   5.2675340e+06   2.0141602e+01
   5.2771640e+06   1.8127441e+01
   5.2773450e+06   2.1911621e+01
   5.2773890e+06   2.3986816e+01
   5.2869480e+06   1.9348145e+01
   5.2870060e+06   2.0080566e+01
   5.2870430e+06   1.9958496e+01
   5.2871070e+06   2.1301270e+01
   5.2871830e+06   1.9042969e+01
   5.2952350e+06   1.8066406e+01
   5.2953860e+06   2.2949219e+01
   5.2960180e+06   1.9958496e+01
   5.2961050e+06   2.0385742e+01
   5.2961330e+06   2.8259277e+01
   5.3062670e+06   1.9104004e+01
   5.3063480e+06   2.0935059e+01
   5.3064910e+06   1.8920898e+01
   5.3065130e+06   2.2033691e+01
   5.3065450e+06   1.8920898e+01
   5.3066030e+06   2.6428223e+01
   5.3066250e+06   1.8676758e+01
   5.3066760e+06   2.2460938e+01
   5.3066910e+06   2.2583008e+01
   5.3067330e+06   1.9775391e+01
   5.3122630e+06   2.6550293e+01
   5.3123290e+06   2.3559570e+01
   5.3123710e+06   2.1362305e+01
   5.3124300e+06   2.4169922e+01
   5.3125170e+06   1.9653320e+01
   5.3125480e+06   2.0446777e+01
   5.3176230e+06   2.0080566e+01
   5.3176340e+06   1.8188477e+01
   5.3178300e+06   2.2949219e+01
   5.3180280e+06   1.8676758e+01
   5.3204350e+06   1.9104004e+01
   5.3238790e+06   1.9714355e+01
   5.3239310e+06   2.0263672e+01
   5.3239460e+06   1.8432617e+01
   5.3239860e+06   2.1789551e+01
   5.3240140e+06   2.6977539e+01
   5.3240390e+06   2.5817871e+01
   5.3240740e+06   2.7099609e+01
   5.3240900e+06   2.6062012e+01
   5.3241750e+06   2.2399902e+01
   5.3244300e+06   2.1545410e+01
   5.3287980e+06   1.8127441e+01
   5.3288180e+06   1.9592285e+01
   5.3290500e+06   1.8188477e+01
   5.3292810e+06   1.9042969e+01
   5.3293230e+06   1.9775391e+01
   5.3322350e+06   2.1118164e+01
   5.3323050e+06   1.8554688e+01
   5.3323600e+06   2.0202637e+01
   5.3323750e+06   2.6916504e+01
   5.3324180e+06   2.5634766e+01
   5.3324500e+06   2.4658203e+01
   5.3324690e+06   2.8320312e+01
   5.3368920e+06   1.8798828e+01
   5.3369350e+06   1.8920898e+01
   5.3369520e+06   2.5939941e+01
   5.3369940e+06   2.2338867e+01
   5.3370290e+06   3.2958984e+01
   5.3370650e+06   1.8981934e+01
   5.3370860e+06   1.9104004e+01
   5.3373420e+06   2.0996094e+01
   5.3374080e+06   2.2766113e+01
   5.3374450e+06   2.0324707e+01
   5.3375020e+06   1.8310547e+01
   5.3375740e+06   1.9226074e+01
   5.3376300e+06   1.9470215e+01
   5.3377610e+06   2.4230957e+01
   5.3377820e+06   2.1606445e+01
   5.3379070e+06   2.0690918e+01
   5.3381930e+06   1.8371582e+01
   5.3408170e+06   1.8371582e+01
   5.3417240e+06   1.9592285e+01
   5.3430220e+06   2.0385742e+01
   5.3431280e+06   1.9775391e+01
   5.3438130e+06   1.9165039e+01
   5.3438560e+06   2.6489258e+01
   5.3439560e+06   1.8066406e+01
   5.3440970e+06   2.3071289e+01
   5.3441230e+06   2.5390625e+01
   5.3441950e+06   2.0446777e+01
   5.3442080e+06   2.1789551e+01
   5.3445080e+06   1.8676758e+01
   5.3459600e+06   1.8737793e+01
   5.3462440e+06   2.4353027e+01
   5.3482300e+06   1.8615723e+01
   5.3482680e+06   2.1118164e+01
   5.3483260e+06   1.9531250e+01
   5.3483640e+06   2.5756836e+01
   5.3484210e+06   1.8920898e+01
   5.3485260e+06   2.7343750e+01
   5.3506020e+06   2.0507812e+01
   5.3506840e+06   2.0019531e+01
   5.3507380e+06   1.9592285e+01
   5.3508090e+06   2.6977539e+01
   5.3508780e+06   2.5268555e+01
   5.3509790e+06   1.8188477e+01
   5.3531870e+06   2.0141602e+01
   5.3533170e+06   2.4841309e+01
   5.3534140e+06   1.8737793e+01
   5.3534250e+06   1.9042969e+01
   5.3534470e+06   1.9165039e+01
   5.3534950e+06   2.7893066e+01
   5.3535150e+06   2.8503418e+01
   5.3535400e+06   2.2216797e+01
   5.3565920e+06   1.8371582e+01
   5.3566720e+06   1.8127441e+01
   5.3567330e+06   2.9968262e+01
   5.3567830e+06   2.4414062e+01
   5.3568130e+06   3.3325195e+01
   5.3568340e+06   2.1911621e+01
   5.3568680e+06   2.5512695e+01
   5.3569050e+06   2.5451660e+01
   5.3570120e+06   2.2216797e+01
   5.3574950e+06   2.4291992e+01
   5.3576100e+06   1.9592285e+01
   5.3607930e+06   1.8676758e+01
   5.3609190e+06   1.9165039e+01
   5.3611570e+06   2.0324707e+01
   5.3613780e+06   1.9592285e+01
   5.3614260e+06   1.9897461e+01
   5.3620340e+06   2.0751953e+01
   5.3623930e+06   1.9592285e+01
   5.3626690e+06   1.9836426e+01
   5.3627500e+06   2.1301270e+01
   5.3628880e+06   1.8615723e+01
   5.3631450e+06   1.8066406e+01
   5.3632630e+06   1.9226074e+01
   5.3633030e+06   2.3559570e+01
   5.3635100e+06   2.2216797e+01
   5.3653920e+06   2.0996094e+01
   5.3654820e+06   1.9042969e+01
   5.3673300e+06   2.0141602e+01
   5.3673490e+06   2.1972656e+01
   5.3673820e+06   1.9592285e+01
   5.3674540e+06   2.0446777e+01
   5.3674660e+06   2.3803711e+01
   5.3674980e+06   2.1240234e+01
   5.3675820e+06   2.9174805e+01
   5.3711180e+06   1.8920898e+01
   5.3712480e+06   1.8676758e+01
   5.3712770e+06   1.9104004e+01
   5.3714690e+06   1.8066406e+01
   5.3722550e+06   2.0935059e+01
   5.3722920e+06   1.9592285e+01
   5.3723250e+06   1.8127441e+01
   5.3723540e+06   2.2888184e+01
   5.3724180e+06   2.2155762e+01
   5.3724350e+06   2.1850586e+01
   5.3725310e+06   2.8381348e+01
   5.3725760e+06   2.0019531e+01
   5.3725880e+06   2.0996094e+01
   5.3727700e+06   2.0202637e+01
   5.3755780e+06   2.9174805e+01
   5.3756140e+06   2.6794434e+01
   5.3756790e+06   1.9775391e+01
   5.3756930e+06   2.5756836e+01
   5.3757660e+06   2.2949219e+01
   5.3757920e+06   1.9653320e+01
   5.3758530e+06   2.0385742e+01
   5.3763850e+06   2.0141602e+01
   5.3795340e+06   2.0019531e+01
   5.3797030e+06   1.8310547e+01
   5.3805550e+06   1.9592285e+01
   5.3805870e+06   2.0629883e+01
   5.3806300e+06   2.1728516e+01
   5.3806800e+06   2.0019531e+01
   5.3807070e+06   2.2644043e+01
   5.3808310e+06   1.8371582e+01
   5.3808990e+06   2.8015137e+01
   5.3811410e+06   2.0751953e+01
   5.3836950e+06   1.9226074e+01
   5.3837990e+06   2.1606445e+01
   5.3838440e+06   1.9165039e+01
   5.3838710e+06   2.4108887e+01
   5.3838960e+06   1.9958496e+01
   5.3839400e+06   1.8737793e+01
   5.3839810e+06   2.5573730e+01
   5.3840970e+06   2.0874023e+01
   5.3843760e+06   2.1667480e+01
   5.3845160e+06   1.8676758e+01
   5.3845330e+06   1.8249512e+01
   5.3846490e+06   1.9470215e+01
   5.3876450e+06   2.2033691e+01
   5.3876920e+06   1.9836426e+01
   5.3879910e+06   2.5146484e+01
   5.3888480e+06   1.8554688e+01
   5.3888710e+06   2.0751953e+01
   5.3889680e+06   1.8737793e+01
   5.3890220e+06   2.0874023e+01
   5.3890750e+06   2.2033691e+01
   5.3890960e+06   1.8493652e+01
   5.3892280e+06   1.8066406e+01
   5.3896230e+06   2.1423340e+01
   5.3912870e+06   2.0629883e+01
   5.3913210e+06   2.1606445e+01
   5.3913320e+06   2.7282715e+01
   5.3913590e+06   2.1850586e+01
   5.3914140e+06   2.1301270e+01
   5.3914390e+06   1.8554688e+01
   5.3914810e+06   2.3559570e+01
   5.3915280e+06   1.8859863e+01
   5.3954960e+06   1.9287109e+01
   5.3956740e+06   2.0446777e+01
   5.3957350e+06   1.8676758e+01
   5.3957550e+06   1.9592285e+01
   5.3957970e+06   1.8859863e+01
   5.3960210e+06   1.9470215e+01
   5.3978090e+06   1.9409180e+01
   5.3978430e+06   1.8066406e+01
   5.3978610e+06   2.6245117e+01
   5.3979130e+06   2.0507812e+01
   5.3980040e+06   2.4719238e+01
   5.4017830e+06   2.6367188e+01
   5.4018220e+06   2.5207520e+01
   5.4018670e+06   2.2521973e+01
   5.4019070e+06   1.8737793e+01
   5.4019250e+06   2.2766113e+01
   5.4019530e+06   1.9958496e+01
   5.4019880e+06   1.9897461e+01
   5.4020220e+06   1.8554688e+01
   5.4051070e+06   1.8920898e+01
   5.4051690e+06   3.6499023e+01
   5.4051910e+06   1.8920898e+01
   5.4052430e+06   2.5634766e+01
   5.4052620e+06   1.9409180e+01
   5.4052920e+06   2.1728516e+01
   5.4053340e+06   2.0874023e+01
   5.4080250e+06   1.9226074e+01
   5.4087740e+06   2.2033691e+01
   5.4091210e+06   1.8493652e+01
   5.4091520e+06   2.2277832e+01
   5.4099470e+06   1.9653320e+01
   5.4100870e+06   2.2705078e+01
   5.4127460e+06   1.9287109e+01
   5.4127860e+06   2.4963379e+01
   5.4128040e+06   1.9775391e+01
   5.4128480e+06   2.5695801e+01
   5.4128780e+06   2.6000977e+01
   5.4129050e+06   2.7282715e+01
   5.4129180e+06   2.3559570e+01
   5.4129580e+06   1.9897461e+01
   5.4131200e+06   1.9226074e+01
   5.4172640e+06   2.3193359e+01
   5.4173410e+06   2.1667480e+01
   5.4173710e+06   2.2949219e+01
   5.4174120e+06   1.8676758e+01
   5.4174330e+06   1.9226074e+01
   5.4174600e+06   2.6611328e+01
   5.4175050e+06   2.1118164e+01
   5.4216540e+06   1.8737793e+01
   5.4217010e+06   1.8798828e+01
   5.4217720e+06   2.2644043e+01
   5.4217970e+06   2.3620605e+01
   5.4218200e+06   1.9653320e+01
   5.4218790e+06   1.8310547e+01
   5.4219460e+06   2.5268555e+01
   5.4223730e+06   1.8066406e+01
   5.4258380e+06   2.0202637e+01
   5.4259860e+06   1.9042969e+01
   5.4260430e+06   2.0568848e+01
   5.4260800e+06   1.9470215e+01
   5.4295850e+06   3.3325195e+01
   5.4296130e+06   2.8930664e+01
   5.4296230e+06   2.1240234e+01
   5.4296480e+06   2.2277832e+01
   5.4296720e+06   2.0996094e+01
   5.4297080e+06   1.9287109e+01
   5.4297850e+06   1.8920898e+01
   5.4301160e+06   1.8249512e+01
   5.4301920e+06   2.0751953e+01
   5.4303520e+06   1.9897461e+01
   5.4334930e+06   2.0080566e+01
   5.4337710e+06   2.4841309e+01
   5.4337980e+06   2.8564453e+01
   5.4338160e+06   2.4291992e+01
   5.4338360e+06   2.1301270e+01
   5.4338860e+06   3.0578613e+01
   5.4339330e+06   2.1362305e+01
   5.4382460e+06   2.7160645e+01
   5.4382910e+06   1.8615723e+01
   5.4383150e+06   2.0202637e+01
   5.4383910e+06   1.9775391e+01
   5.4384510e+06   1.9348145e+01
   5.4384860e+06   2.5878906e+01
   5.4387480e+06   1.9226074e+01
   5.4389260e+06   2.3681641e+01
   5.4435030e+06   2.1240234e+01
   5.4435420e+06   2.0202637e+01
   5.4436130e+06   1.9958496e+01
   5.4436380e+06   2.0507812e+01
   5.4436500e+06   2.0141602e+01
   5.4436780e+06   2.1179199e+01
   5.4437150e+06   2.2827148e+01
   5.4437310e+06   1.9042969e+01
   5.4481900e+06   2.1606445e+01
   5.4482040e+06   2.3925781e+01
   5.4482400e+06   2.0202637e+01
   5.4482830e+06   2.0080566e+01
   5.4484150e+06   2.0629883e+01
   5.4526230e+06   2.2766113e+01
   5.4526610e+06   2.1362305e+01
   5.4526840e+06   1.9470215e+01
   5.4527200e+06   2.5634766e+01
   5.4527560e+06   2.0019531e+01
   5.4527850e+06   1.8127441e+01
   5.4574530e+06   2.2399902e+01
   5.4574640e+06   2.0263672e+01
   5.4575020e+06   1.9042969e+01
   5.4575490e+06   2.0690918e+01
   5.4575930e+06   2.0507812e+01
   5.4576150e+06   2.0385742e+01
   5.4618670e+06   1.9348145e+01
   5.4618880e+06   2.0080566e+01
   5.4619850e+06   1.8432617e+01
   5.4619950e+06   2.4414062e+01
   5.4620440e+06   2.2644043e+01
   5.4664160e+06   1.8127441e+01
   5.4664270e+06   2.3925781e+01
   5.4664800e+06   2.0263672e+01
   5.4665270e+06   1.9042969e+01
   5.4667930e+06   1.9226074e+01
   5.4724720e+06   2.2583008e+01
   5.4724950e+06   1.9775391e+01
   5.4725220e+06   1.8066406e+01
   5.4725530e+06   2.2827148e+01
   5.4726110e+06   2.0019531e+01
   5.4730290e+06   1.8737793e+01
   5.4793750e+06   2.3559570e+01
   5.4793980e+06   2.0690918e+01
   5.4794260e+06   2.2338867e+01
   5.4794470e+06   1.8981934e+01
   5.4794750e+06   2.2644043e+01
   5.4794980e+06   1.9042969e+01
   5.4795500e+06   1.8981934e+01
   5.4843940e+06   2.1301270e+01
   5.4844120e+06   2.0751953e+01
   5.4844530e+06   1.8066406e+01
   5.4844680e+06   2.1118164e+01
   5.4845240e+06   1.9226074e+01
   5.4846010e+06   1.9592285e+01
   5.4907570e+06   2.6123047e+01
   5.4907770e+06   3.0273438e+01
   5.4908670e+06   2.1667480e+01
   5.4908870e+06   1.9592285e+01
   5.4909570e+06   1.8066406e+01
   5.4911490e+06   1.8615723e+01
   5.4912000e+06   2.0324707e+01
   5.4913560e+06   1.9104004e+01
   5.4914800e+06   1.9958496e+01
   5.4980910e+06   1.9653320e+01
   5.4981160e+06   2.7221680e+01
   5.4981800e+06   1.9897461e+01
   5.4982100e+06   2.3559570e+01
   5.4982460e+06   2.1728516e+01
   5.4982960e+06   2.3254395e+01
   5.5067730e+06   1.9836426e+01
   5.5067830e+06   2.0935059e+01
   5.5068150e+06   2.3864746e+01
   5.5068440e+06   1.9592285e+01
   5.5068890e+06   1.8127441e+01
   5.5069370e+06   1.8066406e+01
   5.5070170e+06   1.8554688e+01
   5.5071640e+06   1.8615723e+01
   5.5175290e+06   1.9226074e+01
   5.5175460e+06   1.8432617e+01
   5.5175820e+06   2.0019531e+01
   5.5176110e+06   2.0996094e+01
   5.5176310e+06   2.4353027e+01
   5.5176690e+06   2.6794434e+01
   5.5177010e+06   1.8554688e+01
   5.5178040e+06   1.9348145e+01
   5.5180270e+06   1.8920898e+01
   5.5276980e+06   2.0751953e+01
   5.5277360e+06   2.7709961e+01
   5.5278390e+06   1.9104004e+01
   5.5278550e+06   2.4291992e+01
   5.5278820e+06   2.1118164e+01
   5.5279290e+06   1.9592285e+01
   5.5279670e+06   1.8554688e+01
   5.5285460e+06   1.9531250e+01
   5.5390780e+06   2.2827148e+01
   5.5390980e+06   3.0944824e+01
   5.5391420e+06   2.0080566e+01
   5.5391910e+06   1.8249512e+01
   5.5392020e+06   1.9958496e+01
   5.5392330e+06   1.9042969e+01
   5.5392530e+06   1.8615723e+01
   5.5392730e+06   1.8493652e+01
   5.5393000e+06   2.0263672e+01
   5.5394930e+06   2.0507812e+01
   5.5395880e+06   1.8554688e+01
   5.5399520e+06   2.0690918e+01
   5.5465430e+06   2.0202637e+01
   5.5465620e+06   3.2043457e+01
   5.5465930e+06   3.0395508e+01
   5.5466260e+06   2.1911621e+01
   5.5466560e+06   2.6123047e+01
   5.5466820e+06   1.8310547e+01
   5.5470660e+06   1.8920898e+01
   5.5587490e+06   1.8249512e+01
   5.5588010e+06   2.0202637e+01
   5.5588160e+06   2.3986816e+01
   5.5588370e+06   1.8554688e+01
   5.5588580e+06   1.9042969e+01
   5.5588860e+06   2.2888184e+01
   5.5589190e+06   1.8432617e+01
   5.5589300e+06   1.8798828e+01
   5.5589630e+06   1.9226074e+01
   5.5589870e+06   1.9958496e+01
   5.5589980e+06   1.9409180e+01
   5.5591170e+06   1.9226074e+01
   5.5593110e+06   1.9409180e+01
   5.5594630e+06   1.9348145e+01
   5.5651740e+06   2.5146484e+01
   5.5651870e+06   2.1118164e+01
   5.5652190e+06   2.4780273e+01
   5.5652460e+06   2.4353027e+01
   5.5652930e+06   2.1545410e+01
   5.5653350e+06   2.1362305e+01
   5.5653590e+06   1.9226074e+01
   5.5653910e+06   2.1240234e+01
   5.5654830e+06   2.1606445e+01
   5.6551600e+06   2.3864746e+01
   5.6552350e+06   2.1057129e+01
   5.6552590e+06   2.0812988e+01
   5.6552970e+06   1.8493652e+01
   5.6553230e+06   2.4536133e+01
   5.6554060e+06   2.1179199e+01
   5.6554590e+06   1.9348145e+01
   5.6555730e+06   1.8188477e+01
   5.6560000e+06   1.9653320e+01
   5.6755690e+06   1.8676758e+01
   5.6756630e+06   2.7099609e+01
   5.6756790e+06   1.8066406e+01
   5.6757210e+06   1.8371582e+01
   5.6757550e+06   2.1972656e+01
   5.6759190e+06   2.0812988e+01
   5.6956460e+06   1.9836426e+01
   5.6958460e+06   1.9104004e+01
   5.6959220e+06   2.1240234e+01
   5.6960170e+06   2.2155762e+01
   5.6962130e+06   1.8249512e+01
   5.7154100e+06   1.8310547e+01
   5.7155190e+06   2.7404785e+01
   5.7156320e+06   1.9042969e+01
   5.7157550e+06   1.8432617e+01
   5.7339290e+06   1.8127441e+01
   5.7340610e+06   1.8554688e+01
   5.7341810e+06   2.1606445e+01
   5.7355300e+06   1.8310547e+01
   5.7371290e+06   1.8371582e+01
   5.7547730e+06   1.9592285e+01
   5.7549640e+06   1.9470215e+01
   5.7550550e+06   1.8615723e+01
   5.7552790e+06   1.9653320e+01
   5.7729210e+06   1.8249512e+01
   5.7732680e+06   1.9226074e+01
   5.7738930e+06   2.1179199e+01
   5.7742390e+06   1.9470215e+01
   5.7753660e+06   1.8493652e+01
   5.7768570e+06   1.9958496e+01
   5.7770940e+06   2.0874023e+01
   5.7952550e+06   1.9836426e+01
   5.7953560e+06   1.9531250e+01
   5.7955130e+06   2.0690918e+01
   5.7968320e+06   1.9653320e+01
   5.7969420e+06   2.1911621e+01
   5.7970490e+06   1.9348145e+01
   5.7971890e+06   1.8432617e+01
   5.7972880e+06   2.1423340e+01
   5.7973000e+06   2.4536133e+01
   5.8190290e+06   1.9348145e+01
   5.8192510e+06   2.0874023e+01
   5.8194610e+06   1.8371582e+01
   5.8198710e+06   1.9104004e+01
   5.8204340e+06   2.1667480e+01
   5.8219440e+06   2.1179199e+01
   5.8453510e+06   1.9104004e+01
   5.8456620e+06   1.8310547e+01
   5.8461280e+06   1.8493652e+01
   5.8496850e+06   2.1301270e+01
   5.8497820e+06   1.9348145e+01
   5.8516510e+06   1.9287109e+01
   5.8698890e+06   1.8920898e+01
   5.8705160e+06   2.0568848e+01
   5.8707700e+06   1.9104004e+01
   5.8710400e+06   2.0019531e+01
   5.8720150e+06   1.8981934e+01
   5.8867220e+06   1.8859863e+01
   5.8872100e+06   1.9470215e+01
   5.9083850e+06   1.8249512e+01
   5.9097690e+06   2.0874023e+01
   5.9113210e+06   2.0996094e+01
   5.9125200e+06   1.9653320e+01
   5.9306440e+06   1.9104004e+01
   5.9369480e+06   1.8127441e+01
   5.9371040e+06   1.9104004e+01
   5.9377050e+06   1.8066406e+01
   5.9377870e+06   1.8676758e+01
   5.9380620e+06   1.8676758e+01
   5.9382660e+06   1.9104004e+01
   5.9507080e+06   2.1545410e+01
   5.9522240e+06   1.8981934e+01
   5.9615270e+06   1.8432617e+01
   5.9616670e+06   2.0385742e+01
   5.9618570e+06   1.8859863e+01
   5.9747350e+06   1.8249512e+01
   5.9759210e+06   1.8127441e+01
   5.9864920e+06   1.9531250e+01
   5.9866290e+06   1.8798828e+01
   5.9867440e+06   1.9042969e+01
   5.9869530e+06   2.1606445e+01
   5.9876530e+06   1.8554688e+01
   5.9878530e+06   1.9592285e+01
