   3.0000000e+06   0.0000000e+00
   3.1947000e+04   2.4780273e+01
   3.8736000e+04   2.4658203e+01
   5.2147000e+04   2.3681641e+01
   5.4207000e+04   3.1555176e+01
   5.6977000e+04   2.3498535e+01
   5.8083000e+04   3.1311035e+01
   5.9161000e+04   2.5512695e+01
   6.1217000e+04   2.5878906e+01
   6.4098000e+04   2.4475098e+01
   6.9838000e+04   2.3742676e+01
   7.3602000e+04   2.3559570e+01
   7.4707000e+04   2.6428223e+01
   7.6731000e+04   2.4780273e+01
   7.9580000e+04   3.0151367e+01
   8.1564000e+04   2.9357910e+01
   8.2565000e+04   2.3437500e+01
   8.3655000e+04   2.5390625e+01
   8.4725000e+04   2.4902344e+01
   8.5556000e+04   2.4353027e+01
   8.6459000e+04   2.7954102e+01
   8.8084000e+04   2.5634766e+01
   9.0619000e+04   2.9846191e+01
   9.2802000e+04   2.7221680e+01
   9.4684000e+04   3.0334473e+01
   9.5802000e+04   2.4414062e+01
   9.6906000e+04   2.5756836e+01
   9.7530000e+04   2.4047852e+01
   9.8555000e+04   2.6489258e+01
   1.0054500e+05   2.3742676e+01
   1.0154200e+05   3.2287598e+01
   1.0265500e+05   2.7465820e+01
   1.0352300e+05   2.7282715e+01
   1.0461000e+05   2.4414062e+01
   1.0704700e+05   2.5207520e+01
   1.0785800e+05   3.3142090e+01
   1.0882500e+05   2.6855469e+01
   1.1017500e+05   2.4475098e+01
   1.1099100e+05   2.4353027e+01
   1.1297100e+05   2.4963379e+01
   1.1494300e+05   2.5390625e+01
   1.1598800e+05   2.5024414e+01
   1.1847100e+05   2.8808594e+01
   1.2019900e+05   2.5939941e+01
   1.2139700e+05   2.6428223e+01
   1.2245400e+05   2.6245117e+01
   1.2324700e+05   2.6306152e+01
   1.2431800e+05   3.1250000e+01
   1.2519400e+05   2.7526855e+01
   1.2586800e+05   2.3925781e+01
   1.2665700e+05   2.5756836e+01
   1.2809400e+05   2.3864746e+01
   1.2911500e+05   2.6367188e+01
   1.2989700e+05   2.8747559e+01
   1.3109000e+05   2.3742676e+01
   1.3210400e+05   2.8930664e+01
   1.3375400e+05   2.7221680e+01
   1.3541400e+05   2.5878906e+01
   1.3751300e+05   2.5085449e+01
   1.3824700e+05   2.7038574e+01
   1.4028700e+05   3.1372070e+01
   1.4093900e+05   2.3864746e+01
   1.4203700e+05   3.2043457e+01
   1.4309300e+05   2.6000977e+01
   1.4354200e+05   2.5390625e+01
   1.4558200e+05   2.4536133e+01
   1.4605700e+05   2.3437500e+01
   1.4814600e+05   2.5329590e+01
   1.4878700e+05   2.3437500e+01
   1.4984400e+05   2.3742676e+01
   1.5060000e+05   2.5451660e+01
   1.5197600e+05   2.4658203e+01
   1.5336800e+05   2.7038574e+01
   1.5427100e+05   2.6245117e+01
   1.5491100e+05   3.1616211e+01
   1.5608000e+05   2.4963379e+01
   1.5665900e+05   2.4169922e+01
   1.5812300e+05   2.4475098e+01
   1.5909200e+05   2.6428223e+01
   1.5984800e+05   2.3559570e+01
   1.6100800e+05   2.4414062e+01
   1.6184400e+05   2.4902344e+01
   1.6247500e+05   2.5390625e+01
   1.6391800e+05   2.6123047e+01
   1.6470100e+05   2.6245117e+01
   1.6536100e+05   2.6489258e+01
   1.6671300e+05   2.6794434e+01
   1.6766100e+05   2.3986816e+01
   1.6870100e+05   3.0822754e+01
   1.6953300e+05   2.7648926e+01
   1.7030500e+05   2.5207520e+01
   1.7126000e+05   2.6428223e+01
   1.7191700e+05   2.9663086e+01
   1.7318600e+05   2.4230957e+01
   1.7402200e+05   2.6733398e+01
   1.7560900e+05   2.8686523e+01
   1.7666900e+05   2.7221680e+01
   1.7737800e+05   2.3559570e+01
   1.7852800e+05   2.8015137e+01
   1.7985100e+05   2.5146484e+01
   1.8073800e+05   2.6733398e+01
   1.8137200e+05   2.5695801e+01
   1.8228600e+05   2.6916504e+01
   1.8323900e+05   2.5878906e+01
   1.8395200e+05   2.8259277e+01
   1.8487900e+05   2.6184082e+01
   1.8538600e+05   2.3437500e+01
   1.8714300e+05   2.5268555e+01
   1.8785200e+05   2.7404785e+01
   1.8898600e+05   2.7160645e+01
   1.9020500e+05   2.8015137e+01
   1.9106400e+05   2.5817871e+01
   1.9209200e+05   2.4108887e+01
   1.9294700e+05   2.4414062e+01
   1.9359000e+05   2.6367188e+01
   1.9484500e+05   2.6123047e+01
   1.9616100e+05   2.4353027e+01
   1.9703700e+05   2.6367188e+01
   1.9765200e+05   2.4719238e+01
   1.9867000e+05   2.8198242e+01
   1.9955300e+05   2.4169922e+01
   2.0009200e+05   2.8259277e+01
   2.0081700e+05   2.7587891e+01
   2.0130600e+05   2.9113770e+01
   2.0356700e+05   2.4475098e+01
   2.0421600e+05   2.5878906e+01
   2.0502900e+05   2.4658203e+01
   2.0596800e+05   2.3620605e+01
   2.0703200e+05   2.5451660e+01
   2.0771400e+05   2.8503418e+01
   2.0865800e+05   2.7343750e+01
   2.0967200e+05   2.3803711e+01
   2.1027200e+05   2.7832031e+01
   2.1110900e+05   3.0822754e+01
   2.1265500e+05   2.5695801e+01
   2.1333400e+05   2.7099609e+01
   2.1422400e+05   2.7832031e+01
   2.1483000e+05   2.4597168e+01
   2.1552400e+05   2.9724121e+01
   2.1611300e+05   2.5939941e+01
   2.1685500e+05   2.5451660e+01
   2.1758400e+05   2.5573730e+01
   2.1824700e+05   2.5390625e+01
   2.1890700e+05   2.4902344e+01
   2.2070000e+05   2.3742676e+01
   2.2142300e+05   2.7099609e+01
   2.2251600e+05   2.6123047e+01
   2.2337200e+05   2.9113770e+01
   2.2395000e+05   2.5085449e+01
   2.2490800e+05   2.9479980e+01
   2.2591200e+05   2.8747559e+01
   2.2660000e+05   2.4230957e+01
   2.2720400e+05   2.4169922e+01
   2.2774400e+05   2.8442383e+01
   2.2832900e+05   2.5085449e+01
   2.2926900e+05   2.9968262e+01
   2.3085200e+05   2.9174805e+01
   2.3161200e+05   2.5695801e+01
   2.3277500e+05   2.3803711e+01
   2.3356200e+05   2.7282715e+01
   2.3424100e+05   3.0090332e+01
   2.3528800e+05   2.8503418e+01
   2.3680700e+05   2.9846191e+01
   2.3738500e+05   2.3559570e+01
   2.3807500e+05   2.5146484e+01
   2.4105900e+05   2.8991699e+01
   2.4183800e+05   3.0700684e+01
   2.4239200e+05   2.3803711e+01
   2.4321800e+05   2.3742676e+01
   2.4402200e+05   2.4475098e+01
   2.4481000e+05   2.4902344e+01
   2.4544500e+05   2.8259277e+01
   2.4604400e+05   2.5817871e+01
   2.4748100e+05   2.6489258e+01
   2.4862700e+05   2.5634766e+01
   2.4938300e+05   2.5085449e+01
   2.5032300e+05   2.7038574e+01
   2.5098100e+05   3.0151367e+01
   2.5182500e+05   2.5878906e+01
   2.5253800e+05   2.5878906e+01
   2.5349800e+05   2.6062012e+01
   2.5391600e+05   2.6672363e+01
   2.5441300e+05   2.6062012e+01
   2.5498600e+05   2.3620605e+01
   2.5559200e+05   3.3752441e+01
   2.5678700e+05   2.5573730e+01
   2.5796700e+05   2.3681641e+01
   2.5857200e+05   2.4719238e+01
   2.5941200e+05   2.5146484e+01
   2.6081000e+05   2.5878906e+01
   2.6185700e+05   2.9174805e+01
   2.6252100e+05   2.8747559e+01
   2.6365900e+05   3.2470703e+01
   2.6450100e+05   2.3498535e+01
   2.6525800e+05   2.6794434e+01
   2.6597700e+05   2.5268555e+01
   2.6679700e+05   2.4291992e+01
   2.6729600e+05   2.4291992e+01
   2.6814200e+05   2.6428223e+01
   2.6903000e+05   2.5024414e+01
   2.6978300e+05   2.5451660e+01
   2.7069800e+05   2.4108887e+01
   2.7122000e+05   2.7832031e+01
   2.7251300e+05   2.4841309e+01
   2.7393300e+05   2.3925781e+01
   2.7476200e+05   2.3925781e+01
   2.7562200e+05   2.6794434e+01
   2.7633600e+05   3.1005859e+01
   2.7705000e+05   2.7465820e+01
   2.7778800e+05   2.8259277e+01
   2.7860000e+05   2.5695801e+01
   2.7955200e+05   2.5634766e+01
   2.7993500e+05   2.8259277e+01
   2.8121600e+05   2.7770996e+01
   2.8179000e+05   2.3498535e+01
   2.8254700e+05   2.7648926e+01
   2.8318000e+05   2.6672363e+01
   2.8393300e+05   2.6367188e+01
   2.8480300e+05   2.4169922e+01
   2.8552700e+05   2.5024414e+01
   2.8613900e+05   2.5695801e+01
   2.8691300e+05   2.6000977e+01
   2.8756200e+05   2.3437500e+01
   2.8822100e+05   2.3742676e+01
   2.8908100e+05   2.9052734e+01
   2.8973800e+05   2.6916504e+01
   2.9022400e+05   2.3986816e+01
   2.9118400e+05   2.5939941e+01
   2.9166800e+05   2.3437500e+01
   2.9222000e+05   2.4902344e+01
   2.9310200e+05   2.4780273e+01
   2.9364100e+05   2.4414063e+01
   2.9451600e+05   2.6550293e+01
   2.9499500e+05   3.0151367e+01
   2.9578400e+05   2.8991699e+01
   2.9684600e+05   2.5817871e+01
   2.9775100e+05   2.4291992e+01
   2.9829700e+05   2.6794434e+01
   2.9891800e+05   2.5207520e+01
   2.9973200e+05   2.6367188e+01
   3.0045100e+05   2.5878906e+01
   3.0140100e+05   2.4414062e+01
   3.0295800e+05   2.5024414e+01
   3.0368400e+05   2.6367188e+01
   3.0467000e+05   2.4536133e+01
   3.0500300e+05   2.4108887e+01
   3.0575100e+05   2.3620605e+01
   3.0707300e+05   2.4047852e+01
   3.0779500e+05   2.7893066e+01
   3.0888300e+05   2.9357910e+01
   3.0947000e+05   2.9052734e+01
   3.1010700e+05   2.6550293e+01
   3.1060800e+05   3.0212402e+01
   3.1176300e+05   2.4902344e+01
   3.1306100e+05   2.6000977e+01
   3.1375100e+05   2.5695801e+01
   3.1455600e+05   2.4353027e+01
   3.1608000e+05   2.4780273e+01
   3.1646300e+05   2.4291992e+01
   3.1734600e+05   2.4719238e+01
   3.1805000e+05   2.4841309e+01
   3.1848000e+05   2.8503418e+01
   3.1893700e+05   2.7465820e+01
   3.1965100e+05   2.4353027e+01
   3.2062100e+05   2.9418945e+01
   3.2125200e+05   2.4291992e+01
   3.2300400e+05   2.6733398e+01
   3.2362200e+05   2.5146484e+01
   3.2448700e+05   2.9602051e+01
   3.2511400e+05   2.3498535e+01
   3.2586100e+05   2.4841309e+01
   3.2684500e+05   2.4230957e+01
   3.2811400e+05   2.4902344e+01
   3.2861800e+05   2.5634766e+01
   3.2947400e+05   2.7404785e+01
   3.3018900e+05   2.5329590e+01
   3.3127100e+05   2.5207520e+01
   3.3183800e+05   2.4353027e+01
   3.3225900e+05   2.5329590e+01
   3.3363500e+05   2.6184082e+01
   3.3462800e+05   2.4475098e+01
   3.3518800e+05   2.6062012e+01
   3.3581000e+05   2.5268555e+01
   3.3666100e+05   2.3559570e+01
   3.3751900e+05   2.4475098e+01
   3.3811100e+05   2.5024414e+01
   3.3852000e+05   2.4047852e+01
   3.3899700e+05   2.4047852e+01
   3.4005400e+05   2.6672363e+01
   3.4068000e+05   2.5024414e+01
   3.4157600e+05   2.3803711e+01
   3.4308300e+05   2.4780273e+01
   3.4377800e+05   2.3864746e+01
   3.4423100e+05   2.5146484e+01
   3.4549600e+05   2.5878906e+01
   3.4650600e+05   2.4719238e+01
   3.4701300e+05   2.4353027e+01
   3.4748400e+05   2.3620605e+01
   3.4832300e+05   2.5756836e+01
   3.4895600e+05   2.7526855e+01
   3.4952000e+05   2.7832031e+01
   3.5023300e+05   2.7587891e+01
   3.5098200e+05   2.8076172e+01
   3.5166000e+05   2.5268555e+01
   3.5269000e+05   2.7832031e+01
   3.5349900e+05   2.4047852e+01
   3.5427200e+05   2.4353027e+01
   3.5486700e+05   2.6367188e+01
   3.5568300e+05   2.4291992e+01
   3.5642600e+05   2.6245117e+01
   3.5712200e+05   2.4475098e+01
   3.5772400e+05   2.5634766e+01
   3.5854800e+05   2.9052734e+01
   3.5908100e+05   2.5512695e+01
   3.5996800e+05   2.7221680e+01
   3.6056300e+05   2.4169922e+01
   3.6116000e+05   2.3559570e+01
   3.6171700e+05   2.5695801e+01
   3.6281500e+05   3.1311035e+01
   3.6361600e+05   2.3803711e+01
   3.6506800e+05   3.1372070e+01
   3.6553800e+05   2.3681641e+01
   3.6616700e+05   2.4291992e+01
   3.6684900e+05   2.3559570e+01
   3.6750700e+05   2.5634766e+01
   3.6849400e+05   2.4230957e+01
   3.6943100e+05   2.7954102e+01
   3.7064200e+05   2.4841309e+01
   3.7136700e+05   3.0822754e+01
   3.7349700e+05   2.5817871e+01
   3.7403100e+05   2.5268555e+01
   3.7439800e+05   2.5207520e+01
   3.7502900e+05   2.6855469e+01
   3.7628500e+05   2.8015137e+01
   3.7699900e+05   2.9296875e+01
   3.7767000e+05   2.4353027e+01
   3.7827000e+05   2.7832031e+01
   3.7883400e+05   2.4719238e+01
   3.7951200e+05   2.4902344e+01
   3.7999800e+05   3.2226562e+01
   3.8064400e+05   2.9296875e+01
   3.8107800e+05   2.4353027e+01
   3.8146400e+05   3.2775879e+01
   3.8216000e+05   2.5024414e+01
   3.8253700e+05   2.5085449e+01
   3.8322400e+05   2.4047852e+01
   3.8379200e+05   2.5146484e+01
   3.8450900e+05   2.9479980e+01
   3.8545000e+05   2.4963379e+01
   3.8608600e+05   3.2287598e+01
   3.8665000e+05   2.8198242e+01
   3.8816700e+05   2.5695801e+01
   3.8861300e+05   2.7221680e+01
   3.9003800e+05   2.3803711e+01
   3.9062200e+05   2.6733398e+01
   3.9155100e+05   2.3803711e+01
   3.9201500e+05   2.4658203e+01
   3.9210300e+05   2.5695801e+01
   3.9212200e+05   2.9785156e+01
   3.9213900e+05   8.9660645e+01
   3.9216700e+05   3.9978027e+01
   3.9219600e+05   3.3691406e+01
   3.9220800e+05   6.7810059e+01
   3.9225800e+05   7.1960449e+01
   3.9226900e+05   2.8625488e+01
   3.9229400e+05   4.5410156e+01
   3.9232200e+05   9.0087891e+01
   3.9234000e+05   5.9509277e+01
   3.9236600e+05   8.2214355e+01
   3.9240000e+05   5.2551270e+01
   3.9241200e+05   3.2775879e+01
   3.9243700e+05   3.2287598e+01
   3.9245100e+05   4.3457031e+01
   3.9248700e+05   4.9316406e+01
   3.9249800e+05   2.7404785e+01
   3.9251300e+05   2.4536133e+01
   3.9254700e+05   4.6325684e+01
   3.9255700e+05   3.2043457e+01
   3.9257900e+05   3.6621094e+01
   3.9262000e+05   2.5268555e+01
   3.9264800e+05   2.4169922e+01
   3.9268800e+05   3.0700684e+01
   3.9274000e+05   2.4719238e+01
   3.9279400e+05   3.0578613e+01
   3.9284000e+05   3.4484863e+01
   3.9287800e+05   2.4291992e+01
   3.9296600e+05   2.4230957e+01
   3.9300000e+05   2.3559570e+01
   3.9304800e+05   2.6245117e+01
   3.9306600e+05   3.2043457e+01
   3.9310800e+05   3.2165527e+01
   3.9315100e+05   3.0090332e+01
   3.9317300e+05   2.4047852e+01
   3.9321200e+05   2.4963379e+01
   3.9323500e+05   2.3803711e+01
   3.9325600e+05   2.7709961e+01
   3.9332800e+05   2.7038574e+01
   3.9334400e+05   2.3742676e+01
   3.9339400e+05   2.4353027e+01
   3.9341800e+05   2.4414062e+01
   3.9346700e+05   2.8198242e+01
   3.9351700e+05   2.3864746e+01
   3.9355700e+05   2.8930664e+01
   3.9356700e+05   2.4169922e+01
   3.9364400e+05   2.7160645e+01
   3.9375200e+05   2.7465820e+01
   3.9377200e+05   2.5939941e+01
   3.9385100e+05   2.3986816e+01
   3.9388400e+05   2.8015137e+01
   3.9398800e+05   2.6916504e+01
   3.9406300e+05   3.0029297e+01
   3.9408900e+05   2.5573730e+01
   3.9414800e+05   3.3935547e+01
   3.9416800e+05   3.4667969e+01
   3.9422800e+05   2.5573730e+01
   3.9426400e+05   2.4719238e+01
   3.9432900e+05   2.5756836e+01
   3.9437100e+05   2.3437500e+01
   3.9443200e+05   2.3681641e+01
   3.9445900e+05   3.1250000e+01
   3.9447900e+05   2.4658203e+01
   3.9452500e+05   2.4414062e+01
   3.9454400e+05   2.4902344e+01
   3.9456600e+05   2.3620605e+01
   3.9464400e+05   2.3803711e+01
   3.9472300e+05   3.3935547e+01
   3.9481600e+05   2.5634766e+01
   3.9483900e+05   2.3864746e+01
   3.9489400e+05   2.6916504e+01
   3.9498900e+05   3.0944824e+01
   3.9512700e+05   4.6875000e+01
   3.9536200e+05   2.4841309e+01
   3.9550100e+05   3.8391113e+01
   3.9563700e+05   4.1381836e+01
   3.9937600e+05   2.6977539e+01
   4.0018000e+05   2.3498535e+01
   4.0749100e+05   2.3803711e+01
   4.0927400e+05   2.6611328e+01
   4.1005800e+05   3.0456543e+01
   4.1325600e+05   3.0822754e+01
   4.1379200e+05   3.0212402e+01
   4.1406600e+05   2.9602051e+01
   4.1479700e+05   2.8381348e+01
   4.1537500e+05   2.8381348e+01
   4.1581100e+05   2.6794434e+01
   4.1611900e+05   2.3437500e+01
   4.1687900e+05   2.6550293e+01
   4.1719800e+05   2.3925781e+01
   4.1783300e+05   2.3498535e+01
   4.1818100e+05   2.6062012e+01
   4.1935200e+05   2.3986816e+01
   4.2054500e+05   2.7343750e+01
   4.2074800e+05   2.9724121e+01
   4.2093600e+05   2.7099609e+01
   4.2180700e+05   2.4597168e+01
   4.2200600e+05   2.4597168e+01
   4.2217000e+05   2.5207520e+01
   4.2270500e+05   2.3559570e+01
   4.2308500e+05   2.4658203e+01
   4.2334500e+05   2.5390625e+01
   4.2392600e+05   2.6672363e+01
   4.2436800e+05   2.5695801e+01
   4.2452300e+05   2.3864746e+01
   4.2514800e+05   2.6184082e+01
   4.2525400e+05   3.2287598e+01
   4.2642000e+05   2.7526855e+01
   4.2661900e+05   3.0761719e+01
   4.2703400e+05   2.7893066e+01
   4.2733900e+05   3.1555176e+01
   4.2755200e+05   2.6489258e+01
   4.2818200e+05   2.4536133e+01
   4.2843500e+05   2.4353027e+01
   4.2888200e+05   2.5878906e+01
   4.2902200e+05   2.4414062e+01
   4.2933500e+05   2.3742676e+01
   4.2969300e+05   2.3498535e+01
   4.3003400e+05   2.8198242e+01
   4.3023700e+05   2.3986816e+01
   4.3085400e+05   2.5207520e+01
   4.3100900e+05   2.3742676e+01
   4.3132600e+05   3.1555176e+01
   4.3189300e+05   2.5146484e+01
   4.3209900e+05   2.7954102e+01
   4.3224100e+05   2.7282715e+01
   4.3267400e+05   2.3986816e+01
   4.3286800e+05   2.8930664e+01
   4.3348200e+05   2.7709961e+01
   4.3367300e+05   2.8259277e+01
   4.3408200e+05   2.6428223e+01
   4.3424700e+05   2.6977539e+01
   4.3440400e+05   2.4658203e+01
   4.3458600e+05   2.6062012e+01
   4.3472700e+05   2.7160645e+01
   4.3486600e+05   2.6123047e+01
   4.3496900e+05   2.9235840e+01
   4.3510500e+05   2.6916504e+01
   4.3523500e+05   2.3498535e+01
   4.3524500e+05   6.1767578e+01
   4.3529600e+05   4.8339844e+01
   4.3533500e+05   3.6926270e+01
   4.3543100e+05   3.2836914e+01
   4.3548100e+05   2.4780273e+01
   4.3552900e+05   5.0537109e+01
   4.3557300e+05   2.3559570e+01
   4.3563200e+05   2.7282715e+01
   4.3564400e+05   7.9162598e+01
   4.3569300e+05   3.9306641e+01
   4.3575000e+05   2.3437500e+01
   4.3576300e+05   4.0100098e+01
   4.3578200e+05   2.6367188e+01
   4.3580900e+05   4.7302246e+01
   4.3583900e+05   2.6611328e+01
   4.3585200e+05   2.7954102e+01
   4.3586700e+05   5.8715820e+01
   4.3588400e+05   2.3559570e+01
   4.3590100e+05   4.2175293e+01
   4.3592300e+05   6.1950684e+01
   4.3594200e+05   6.7626953e+01
   4.3595300e+05   3.9611816e+01
   4.3596400e+05   3.4362793e+01
   4.3597500e+05   4.9621582e+01
   4.3599700e+05   3.6743164e+01
   4.3602200e+05   6.6406250e+01
   4.3604300e+05   2.5329590e+01
   4.3607100e+05   4.7302246e+01
   4.3608900e+05   2.4841309e+01
   4.3611100e+05   2.8198242e+01
   4.3612200e+05   4.2480469e+01
   4.3615200e+05   3.9611816e+01
   4.3618400e+05   2.8381348e+01
   4.3619700e+05   3.3386230e+01
   4.3620900e+05   3.7963867e+01
   4.3624300e+05   2.8259277e+01
   4.3627300e+05   3.1555176e+01
   4.3631200e+05   2.9113770e+01
   4.3634500e+05   2.7770996e+01
   4.3636200e+05   2.4780273e+01
   4.3637800e+05   3.2836914e+01
   4.3640600e+05   3.2531738e+01
   4.3645100e+05   2.9785156e+01
   4.3650300e+05   3.6804199e+01
   4.3653700e+05   2.7038574e+01
   4.3656400e+05   4.3945312e+01
   4.3660300e+05   3.0517578e+01
   4.3665400e+05   2.8015137e+01
   4.3670400e+05   2.4169922e+01
   4.3671900e+05   3.1555176e+01
   4.3675300e+05   2.4353027e+01
   4.3678600e+05   3.0395508e+01
   4.3686300e+05   2.5573730e+01
   4.3687700e+05   2.7526855e+01
   4.3695100e+05   2.4475098e+01
   4.3697500e+05   3.3264160e+01
   4.3700800e+05   2.5268555e+01
   4.3703700e+05   3.2287598e+01
   4.3705500e+05   2.5390625e+01
   4.3708800e+05   2.6184082e+01
   4.3711200e+05   2.4108887e+01
   4.3716000e+05   2.5634766e+01
   4.3718100e+05   2.5268555e+01
   4.3722100e+05   2.7709961e+01
   4.3724900e+05   2.5817871e+01
   4.3740800e+05   3.7658691e+01
   4.3750800e+05   2.4353027e+01
   4.3754800e+05   2.6000977e+01
   4.3764700e+05   3.0578613e+01
   4.3787500e+05   2.7832031e+01
   4.6187400e+05   2.6550293e+01
   4.6492100e+05   2.5634766e+01
   4.6547500e+05   2.4597168e+01
   4.6768300e+05   2.6672363e+01
   4.6861100e+05   2.3620605e+01
   4.6970000e+05   2.7465820e+01
   4.6998800e+05   2.5146484e+01
   4.7075000e+05   2.6794434e+01
   4.7102500e+05   3.0822754e+01
   4.7335400e+05   2.5817871e+01
   4.7404100e+05   2.6794434e+01
   4.7436800e+05   2.4902344e+01
   4.7496600e+05   2.6550293e+01
   4.7525700e+05   2.9418945e+01
   4.7592700e+05   2.8198242e+01
   4.7619900e+05   2.7099609e+01
   4.7720800e+05   2.8015137e+01
   4.7749100e+05   2.7526855e+01
   4.7766400e+05   2.6550293e+01
   4.7767900e+05   4.5532227e+01
   4.7777200e+05   2.4841309e+01
   4.7778800e+05   3.6193848e+01
   4.7784600e+05   5.3649902e+01
   4.7786900e+05   5.1208496e+01
   4.7790000e+05   7.0312500e+01
   4.7804300e+05   2.5085449e+01
   4.7811900e+05   2.8320312e+01
   4.7817300e+05   2.4353027e+01
   4.7841500e+05   2.4108887e+01
   4.7858600e+05   2.4108887e+01
   4.8328300e+05   2.8869629e+01
   4.8348100e+05   2.4780273e+01
   4.8363800e+05   3.1799316e+01
   4.8405200e+05   2.5024414e+01
   4.8419500e+05   2.7465820e+01
   4.8434000e+05   2.7648926e+01
   4.8435400e+05   2.3498535e+01
   4.8443500e+05   3.8024902e+01
   4.8465500e+05   2.6062012e+01
   4.8664200e+05   2.3498535e+01
   4.8677700e+05   2.3620605e+01
   4.8680900e+05   5.3955078e+01
   4.8687300e+05   2.6245117e+01
   4.8695600e+05   4.4372559e+01
   4.8699500e+05   6.9824219e+01
   4.8703500e+05   2.5939941e+01
   4.8708000e+05   2.4108887e+01
   4.8718500e+05   2.6367188e+01
   4.8738000e+05   3.1372070e+01
   4.9023900e+05   2.6184082e+01
   4.9034700e+05   2.5390625e+01
   4.9148500e+05   2.8015137e+01
   4.9160400e+05   2.9113770e+01
   4.9177000e+05   2.3437500e+01
   4.9194000e+05   2.4841309e+01
   4.9206200e+05   4.7363281e+01
   4.9212400e+05   2.4841309e+01
   4.9213500e+05   2.3986816e+01
   4.9215000e+05   7.4951172e+01
   4.9223100e+05   2.5146484e+01
   4.9225700e+05   3.1982422e+01
   4.9238800e+05   3.0456543e+01
   4.9250900e+05   2.9235840e+01
   4.9260200e+05   4.6508789e+01
   4.9263800e+05   2.6184082e+01
   4.9278500e+05   2.8625488e+01
   4.9590900e+05   2.4963379e+01
   4.9652500e+05   3.0700684e+01
   4.9663300e+05   3.1311035e+01
   4.9673600e+05   2.9052734e+01
   4.9680600e+05   2.3864746e+01
   4.9684200e+05   2.6977539e+01
   4.9692500e+05   2.9602051e+01
   4.9704000e+05   1.1456299e+02
   4.9713500e+05   2.4230957e+01
   4.9726300e+05   4.8889160e+01
   5.0075400e+05   2.4414062e+01
   5.0084200e+05   2.5390625e+01
   5.0144100e+05   2.7587891e+01
   5.0153900e+05   2.5268555e+01
   5.0157800e+05   6.4453125e+01
   5.0162900e+05   2.5390625e+01
   5.0163900e+05   4.2175293e+01
   5.0169400e+05   2.6184082e+01
   5.0176200e+05   6.1279297e+01
   5.0177600e+05   4.3273926e+01
   5.0179600e+05   5.1269531e+01
   5.0195900e+05   3.8085938e+01
   5.0206600e+05   2.5695801e+01
   5.0213500e+05   5.9570312e+01
   5.0217500e+05   3.1433105e+01
   5.0229500e+05   2.5146484e+01
   5.0246800e+05   2.6306152e+01
   5.0267100e+05   2.3559570e+01
   5.0473900e+05   2.9479980e+01
   5.0481700e+05   2.9907227e+01
   5.0784600e+05   2.6855469e+01
   5.0793900e+05   2.3742676e+01
   5.0798400e+05   2.4353027e+01
   5.0803500e+05   2.6428223e+01
   5.0807500e+05   6.7932129e+01
   5.0811100e+05   3.0395508e+01
   5.0819200e+05   2.7038574e+01
   5.0821000e+05   6.3842773e+01
   5.0824700e+05   3.0517578e+01
   5.0829100e+05   4.2602539e+01
   5.0831800e+05   6.5063477e+01
   5.0837500e+05   7.7148438e+01
   5.0845500e+05   2.8381348e+01
   5.0853900e+05   8.9050293e+01
   5.0862600e+05   3.4301758e+01
   5.0870000e+05   3.0273438e+01
   5.0876100e+05   2.6611328e+01
   5.0879300e+05   4.9011230e+01
   5.0883800e+05   2.4963379e+01
   5.0888200e+05   2.8381348e+01
   5.0896700e+05   2.4719238e+01
   5.0905700e+05   2.8869629e+01
   5.0917200e+05   2.7526855e+01
   5.0923900e+05   3.0334473e+01
   5.0925400e+05   2.8991699e+01
   5.0930800e+05   2.5878906e+01
   5.0951000e+05   3.1066895e+01
   5.0956000e+05   2.6123047e+01
   5.0967000e+05   2.3864746e+01
   5.1582000e+05   2.7282715e+01
   5.1589900e+05   3.2165527e+01
   5.1596500e+05   2.8076172e+01
   5.1606500e+05   2.5939941e+01
   5.1908900e+05   3.1311035e+01
   5.1916900e+05   2.6428223e+01
   5.1928400e+05   3.0517578e+01
   5.1939600e+05   8.2763672e+01
   5.1942700e+05   4.9743652e+01
   5.1958800e+05   2.8076172e+01
   5.1962800e+05   2.3986816e+01
   5.1966700e+05   5.5175781e+01
   5.1971700e+05   2.9418945e+01
   5.2000000e+05   2.3559570e+01
   5.2008900e+05   2.6000977e+01
   5.2024600e+05   2.5878906e+01
   5.2067600e+05   2.4047852e+01
   5.2342400e+05   2.7587891e+01
   5.2349800e+05   2.5512695e+01
   5.2351700e+05   6.3964844e+01
   5.2356800e+05   2.6672363e+01
   5.2365600e+05   2.6306152e+01
   5.2373800e+05   2.3986816e+01
   5.2383000e+05   2.5207520e+01
   5.2386400e+05   6.6528320e+01
   5.2391600e+05   2.3498535e+01
   5.2415100e+05   2.3986816e+01
   5.2423700e+05   2.7038574e+01
   5.2776700e+05   2.8930664e+01
   5.2783400e+05   2.5756836e+01
   5.2787400e+05   4.2480469e+01
   5.2788700e+05   8.3618164e+01
   5.2798200e+05   2.5939941e+01
   5.2799400e+05   4.1809082e+01
   5.2800900e+05   6.3659668e+01
   5.2803000e+05   2.6184082e+01
   5.2807700e+05   2.5329590e+01
   5.2810800e+05   4.3273926e+01
   5.2815900e+05   2.5512695e+01
   5.2816900e+05   6.0974121e+01
   5.2824400e+05   2.9174805e+01
   5.2828400e+05   5.0659180e+01
   5.2830700e+05   2.7099609e+01
   5.2833600e+05   4.9316406e+01
   5.2843200e+05   2.8442383e+01
   5.2849000e+05   2.8625488e+01
   5.2852100e+05   2.6550293e+01
   5.2864500e+05   2.4658203e+01
   5.2867700e+05   2.3742676e+01
   5.2904700e+05   2.9174805e+01
   5.3323400e+05   3.2836914e+01
   5.3328300e+05   2.5146484e+01
   5.3330100e+05   7.3303223e+01
   5.3332400e+05   3.7841797e+01
   5.3337600e+05   2.3803711e+01
   5.3340400e+05   2.9479980e+01
   5.3342600e+05   9.2651367e+01
   5.3346800e+05   3.0151367e+01
   5.3353600e+05   5.9692383e+01
   5.3356300e+05   5.6457520e+01
   5.3362800e+05   3.0944824e+01
   5.3371300e+05   4.7973633e+01
   5.3379300e+05   2.5695801e+01
   5.3389700e+05   2.8320312e+01
   5.3403600e+05   2.6367188e+01
   5.3427100e+05   2.4414062e+01
   5.3442500e+05   2.6672363e+01
   5.3847000e+05   2.8747559e+01
   5.3853400e+05   2.5695801e+01
   5.3855400e+05   6.7443848e+01
   5.3857300e+05   3.1311035e+01
   5.3861700e+05   5.1879883e+01
   5.3863900e+05   2.3986816e+01
   5.3866400e+05   8.2519531e+01
   5.3869900e+05   3.9611816e+01
   5.3874000e+05   2.3620605e+01
   5.3878200e+05   5.7617188e+01
   5.3882100e+05   4.5776367e+01
   5.3883100e+05   2.6123047e+01
   5.3888800e+05   2.7526855e+01
   5.3896800e+05   3.1188965e+01
   5.3898400e+05   5.8471680e+01
   5.3904000e+05   4.3334961e+01
   5.3905600e+05   2.6245117e+01
   5.3915800e+05   2.4780273e+01
   5.3917000e+05   6.2744141e+01
   5.3925400e+05   2.8747559e+01
   5.3941100e+05   2.4780273e+01
   5.3954400e+05   3.1311035e+01
   5.3955700e+05   2.6489258e+01
   5.3962600e+05   2.4414062e+01
   5.3977600e+05   2.4108887e+01
   5.3988200e+05   2.8625488e+01
   5.4021600e+05   2.6000977e+01
   5.4312300e+05   2.6306152e+01
   5.4317500e+05   2.4230957e+01
   5.4321200e+05   4.5043945e+01
   5.4322500e+05   7.1838379e+01
   5.4328400e+05   2.3437500e+01
   5.4337100e+05   2.5634766e+01
   5.4338300e+05   3.7902832e+01
   5.4342800e+05   2.7526855e+01
   5.4351400e+05   2.6062012e+01
   5.4364500e+05   2.5634766e+01
   5.4672900e+05   2.8808594e+01
   5.4675500e+05   3.2714844e+01
   5.4680600e+05   4.5654297e+01
   5.4681700e+05   6.3476562e+01
   5.4688400e+05   2.6977539e+01
   5.4689400e+05   5.0415039e+01
   5.4692000e+05   6.8969727e+01
   5.4693300e+05   2.8381348e+01
   5.4698300e+05   3.8513184e+01
   5.4702000e+05   5.5725098e+01
   5.4707000e+05   2.4658203e+01
   5.4716000e+05   3.0151367e+01
   5.4721300e+05   4.1564941e+01
   5.4730900e+05   2.8198242e+01
   5.4737000e+05   2.4047852e+01
   5.4738400e+05   5.2856445e+01
   5.4758500e+05   2.4963379e+01
   5.4764400e+05   2.3437500e+01
   5.4774900e+05   3.6437988e+01
   5.4779400e+05   2.6184082e+01
   5.4781200e+05   5.4809570e+01
   5.4795200e+05   2.4902344e+01
   5.4826200e+05   2.5634766e+01
   5.4841900e+05   2.4841309e+01
   5.5220500e+05   2.7526855e+01
   5.5226300e+05   2.5573730e+01
   5.5228900e+05   6.6406250e+01
   5.5237200e+05   2.3986816e+01
   5.5238300e+05   4.2602539e+01
   5.5240000e+05   5.8898926e+01
   5.5242000e+05   2.3498535e+01
   5.5246300e+05   3.5095215e+01
   5.5251100e+05   2.4780273e+01
   5.5256100e+05   6.7199707e+01
   5.5264600e+05   2.6733398e+01
   5.5269600e+05   2.7709961e+01
   5.5280700e+05   3.1188965e+01
   5.5290100e+05   2.4414062e+01
   5.5305400e+05   9.6618652e+01
   5.5314700e+05   2.7587891e+01
   5.5334800e+05   2.9174805e+01
   5.5364200e+05   2.7221680e+01
   5.5666300e+05   2.6855469e+01
   5.5670200e+05   2.4230957e+01
   5.5676600e+05   3.3081055e+01
   5.5678500e+05   6.4208984e+01
   5.5681200e+05   2.6550293e+01
   5.5682600e+05   2.8869629e+01
   5.5686800e+05   4.8034668e+01
   5.5700500e+05   2.4780273e+01
   5.5702000e+05   4.0649414e+01
   5.5703500e+05   2.4841309e+01
   5.5711700e+05   2.4902344e+01
   5.5745800e+05   2.8625488e+01
   5.5755700e+05   2.5268555e+01
   5.5761200e+05   2.6672363e+01
   5.5773000e+05   2.5207520e+01
   5.5782000e+05   2.6916504e+01
   5.6185900e+05   3.4912109e+01
   5.6190800e+05   2.6062012e+01
   5.6191800e+05   7.2692871e+01
   5.6193800e+05   2.7770996e+01
   5.6195500e+05   2.8381348e+01
   5.6198300e+05   5.4870605e+01
   5.6201500e+05   6.1462402e+01
   5.6205400e+05   2.8747559e+01
   5.6207500e+05   2.8991699e+01
   5.6209400e+05   2.5329590e+01
   5.6212000e+05   6.0241699e+01
   5.6214600e+05   2.7343750e+01
   5.6220300e+05   2.3864746e+01
   5.6227400e+05   3.1372070e+01
   5.6232700e+05   4.5715332e+01
   5.6234200e+05   7.5012207e+01
   5.6241400e+05   2.3437500e+01
   5.6244500e+05   2.8137207e+01
   5.6246500e+05   2.7160645e+01
   5.6248700e+05   3.8818359e+01
   5.6258300e+05   2.4230957e+01
   5.6267200e+05   2.6123047e+01
   5.6289600e+05   3.3020020e+01
   5.6300600e+05   2.5085449e+01
   5.6343900e+05   2.3681641e+01
   5.6805100e+05   2.6184082e+01
   5.6811400e+05   2.7587891e+01
   5.6814600e+05   6.9152832e+01
   5.6821100e+05   2.7954102e+01
   5.6823500e+05   5.9448242e+01
   5.6826600e+05   2.4230957e+01
   5.6828400e+05   3.0639648e+01
   5.6833900e+05   6.9152832e+01
   5.6837400e+05   2.6367188e+01
   5.6843000e+05   2.7526855e+01
   5.6852400e+05   3.6743164e+01
   5.6854800e+05   6.0852051e+01
   5.6856400e+05   4.2846680e+01
   5.6869600e+05   2.3864746e+01
   5.6875900e+05   2.7709961e+01
   5.6877700e+05   4.3395996e+01
   5.6888100e+05   2.8381348e+01
   5.6893100e+05   5.3100586e+01
   5.6910600e+05   2.4902344e+01
   5.6923600e+05   2.5329590e+01
   5.6934200e+05   2.5146484e+01
   5.6936900e+05   6.2744141e+01
   5.6958900e+05   2.5146484e+01
   5.7435400e+05   2.4902344e+01
   5.7440000e+05   2.7465820e+01
   5.7441900e+05   6.4147949e+01
   5.7444300e+05   2.8503418e+01
   5.7449700e+05   2.4658203e+01
   5.7451200e+05   7.0312500e+01
   5.7457200e+05   4.3334961e+01
   5.7459600e+05   3.7658691e+01
   5.7461700e+05   7.2448730e+01
   5.7465100e+05   2.5756836e+01
   5.7470100e+05   2.3437500e+01
   5.7478600e+05   6.9702148e+01
   5.7482600e+05   2.9052734e+01
   5.7484900e+05   3.8635254e+01
   5.7489800e+05   3.5644531e+01
   5.7501900e+05   6.0729980e+01
   5.7507600e+05   2.6672363e+01
   5.7530700e+05   2.3620605e+01
   5.7536800e+05   2.3559570e+01
   5.7557600e+05   2.9174805e+01
   5.7561200e+05   4.6508789e+01
   5.7569200e+05   2.3681641e+01
   5.7591800e+05   2.5390625e+01
   5.7615000e+05   2.4047852e+01
   5.8045200e+05   2.5329590e+01
   5.8049200e+05   2.5024414e+01
   5.8050800e+05   2.7954102e+01
   5.8053000e+05   9.9975586e+01
   5.8060900e+05   8.2580566e+01
   5.8062300e+05   2.4536133e+01
   5.8063900e+05   2.5573730e+01
   5.8064900e+05   2.8991699e+01
   5.8070100e+05   3.0517578e+01
   5.8071200e+05   5.8837891e+01
   5.8074700e+05   2.8381348e+01
   5.8077900e+05   4.4677734e+01
   5.8087600e+05   2.8076172e+01
   5.8096500e+05   6.2927246e+01
   5.8103900e+05   3.0517578e+01
   5.8113100e+05   3.8452148e+01
   5.8115800e+05   2.3437500e+01
   5.8126400e+05   2.3498535e+01
   5.8129600e+05   6.6284180e+01
   5.8160900e+05   2.5207520e+01
   5.8176400e+05   2.3986816e+01
   5.8192000e+05   2.4963379e+01
   5.8661900e+05   2.7343750e+01
   5.8666300e+05   2.5573730e+01
   5.8668500e+05   6.4208984e+01
   5.8671500e+05   2.7832031e+01
   5.8674100e+05   2.4169922e+01
   5.8679600e+05   4.3090820e+01
   5.8681800e+05   2.7282715e+01
   5.8682900e+05   2.9663086e+01
   5.8684100e+05   2.3681641e+01
   5.8687200e+05   8.6120605e+01
   5.8691000e+05   2.4902344e+01
   5.8701300e+05   2.6367188e+01
   5.8703500e+05   4.8461914e+01
   5.8706500e+05   6.0241699e+01
   5.8719100e+05   2.6550293e+01
   5.8722300e+05   5.4382324e+01
   5.8726200e+05   2.4536133e+01
   5.8754400e+05   2.6000977e+01
   5.8765000e+05   2.7832031e+01
   5.8767800e+05   2.4536133e+01
   5.8783500e+05   2.8808594e+01
   5.8820600e+05   2.3498535e+01
   5.8842900e+05   2.6916504e+01
   5.9185000e+05   2.4963379e+01
   5.9231500e+05   2.6184082e+01
   5.9239400e+05   2.3620605e+01
   5.9241800e+05   5.3649902e+01
   5.9245000e+05   5.1940918e+01
   5.9254000e+05   4.9438477e+01
   5.9256600e+05   2.6794434e+01
   5.9258300e+05   2.3498535e+01
   5.9266100e+05   2.6489258e+01
   5.9269000e+05   2.3559570e+01
   5.9270000e+05   3.8330078e+01
   5.9276600e+05   5.0415039e+01
   5.9283900e+05   3.4179688e+01
   5.9293500e+05   2.8503418e+01
   5.9301100e+05   2.4414062e+01
   5.9303800e+05   2.4230957e+01
   5.9332300e+05   2.4719238e+01
   5.9352800e+05   2.6000977e+01
   5.9368000e+05   2.3986816e+01
   5.9817500e+05   2.5085449e+01
   5.9826000e+05   2.7038574e+01
   5.9833600e+05   2.9541016e+01
   5.9836300e+05   6.1218262e+01
   5.9841300e+05   2.7709961e+01
   5.9845600e+05   5.4931641e+01
   5.9846600e+05   2.9113770e+01
   5.9849200e+05   3.4973145e+01
   5.9858300e+05   5.8105469e+01
   5.9860800e+05   2.4291992e+01
   5.9865700e+05   4.9926758e+01
   5.9869300e+05   2.5695801e+01
   5.9875100e+05   2.3925781e+01
   5.9876300e+05   5.8471680e+01
   5.9882000e+05   2.6977539e+01
   5.9893400e+05   2.5939941e+01
   5.9896100e+05   2.3437500e+01
   5.9903200e+05   4.7302246e+01
   5.9961600e+05   2.5512695e+01
   5.9977300e+05   2.5634766e+01
   6.0437900e+05   2.9174805e+01
   6.0443300e+05   2.4047852e+01
   6.0445400e+05   6.9458008e+01
   6.0448000e+05   2.8015137e+01
   6.0452400e+05   2.8564453e+01
   6.0455100e+05   6.2561035e+01
   6.0456800e+05   2.7709961e+01
   6.0458700e+05   4.0100098e+01
   6.0463800e+05   6.1523437e+01
   6.0466600e+05   2.3498535e+01
   6.0477400e+05   3.9916992e+01
   6.0489900e+05   4.4189453e+01
   6.0495000e+05   5.4626465e+01
   6.0512600e+05   5.0842285e+01
   6.0517900e+05   2.3559570e+01
   6.0520600e+05   2.3437500e+01
   6.0529300e+05   2.3498535e+01
   6.0532000e+05   2.5573730e+01
   6.0543100e+05   2.4902344e+01
   6.0547600e+05   2.4780273e+01
   6.0573300e+05   2.5573730e+01
   6.1241400e+05   2.6733398e+01
   6.1271800e+05   2.6428223e+01
   6.1278300e+05   2.7709961e+01
   6.1279300e+05   6.6528320e+01
   6.1281000e+05   3.0090332e+01
   6.1287200e+05   8.1420898e+01
   6.1290000e+05   2.7526855e+01
   6.1294100e+05   3.3020020e+01
   6.1297500e+05   2.5878906e+01
   6.1298500e+05   3.0334473e+01
   6.1305900e+05   3.6987305e+01
   6.1312000e+05   2.5878906e+01
   6.1313400e+05   5.6945801e+01
   6.1319600e+05   2.4597168e+01
   6.1327500e+05   5.9143066e+01
   6.1332200e+05   2.5634766e+01
   6.1334300e+05   2.6611328e+01
   6.1343500e+05   2.7221680e+01
   6.1344700e+05   6.2194824e+01
   6.1346800e+05   3.4606934e+01
   6.1354700e+05   2.7404785e+01
   6.1357900e+05   2.3803711e+01
   6.1363800e+05   2.5512695e+01
   6.1365700e+05   5.7556152e+01
   6.1375900e+05   2.5390625e+01
   6.1391100e+05   2.5085449e+01
   6.1405700e+05   5.6274414e+01
   6.1424800e+05   2.6245117e+01
   6.1431600e+05   2.7465820e+01
   6.1466900e+05   2.4108887e+01
   6.1999000e+05   2.5146484e+01
   6.2078100e+05   2.3620605e+01
   6.2085900e+05   1.1511230e+02
   6.2087500e+05   2.9907227e+01
   6.2092100e+05   3.5278320e+01
   6.2093500e+05   2.5878906e+01
   6.2103200e+05   5.3344727e+01
   6.2117000e+05   2.4597168e+01
   6.2119200e+05   6.9763184e+01
   6.2125700e+05   2.8015137e+01
   6.2136600e+05   8.2946777e+01
   6.2143600e+05   2.8991699e+01
   6.2156300e+05   5.6396484e+01
   6.2157400e+05   2.4353027e+01
   6.2167000e+05   3.0700684e+01
   6.2175600e+05   2.4658203e+01
   6.2178400e+05   2.5939941e+01
   6.2186100e+05   2.4230957e+01
   6.2194600e+05   2.3620605e+01
   6.2214800e+05   2.3986816e+01
   6.2221700e+05   2.3742676e+01
   6.2232100e+05   2.4536133e+01
   6.2786000e+05   2.7221680e+01
   6.2794600e+05   9.8632812e+01
   6.2796300e+05   2.6062012e+01
   6.2799100e+05   2.8259277e+01
   6.2802500e+05   6.8359375e+01
   6.2804900e+05   4.0710449e+01
   6.2810600e+05   2.4047852e+01
   6.2817000e+05   2.8076172e+01
   6.2820900e+05   3.5949707e+01
   6.2829000e+05   2.3620605e+01
   6.2835500e+05   5.5297852e+01
   6.2844200e+05   2.4108887e+01
   6.2852800e+05   4.1564941e+01
   6.2859300e+05   5.7739258e+01
   6.2875400e+05   2.3986816e+01
   6.2887100e+05   3.2531738e+01
   6.2918900e+05   2.4658203e+01
   6.2922500e+05   2.3620605e+01
   6.3345400e+05   2.4414062e+01
   6.3350500e+05   2.6245117e+01
   6.3351700e+05   2.8991699e+01
   6.3359500e+05   5.1879883e+01
   6.3361000e+05   5.4565430e+01
   6.3363700e+05   2.9479980e+01
   6.3369300e+05   3.2470703e+01
   6.3373600e+05   3.8513184e+01
   6.3382500e+05   6.0424805e+01
   6.3386100e+05   2.3437500e+01
   6.3393500e+05   3.3752441e+01
   6.3400300e+05   3.1982422e+01
   6.3410300e+05   2.5695801e+01
   6.3439600e+05   2.4108887e+01
   6.3458200e+05   2.6916504e+01
   6.4079800e+05   2.9296875e+01
   6.4087100e+05   2.7099609e+01
   6.4090800e+05   7.7941895e+01
   6.4092200e+05   2.7282715e+01
   6.4094500e+05   3.5156250e+01
   6.4096800e+05   3.0700684e+01
   6.4099900e+05   6.7321777e+01
   6.4102700e+05   2.5878906e+01
   6.4106500e+05   5.2612305e+01
   6.4108800e+05   4.1198730e+01
   6.4117500e+05   6.2011719e+01
   6.4118900e+05   2.3986816e+01
   6.4123000e+05   3.7353516e+01
   6.4124300e+05   2.3864746e+01
   6.4133900e+05   6.2072754e+01
   6.4137100e+05   5.2856445e+01
   6.4155700e+05   5.1574707e+01
   6.4162600e+05   2.6550293e+01
   6.4163600e+05   3.4790039e+01
   6.4170500e+05   2.8808594e+01
   6.4175700e+05   2.6184082e+01
   6.4185800e+05   5.8288574e+01
   6.4186900e+05   3.1250000e+01
   6.4194800e+05   3.4057617e+01
   6.4197800e+05   2.5207520e+01
   6.4261600e+05   2.3864746e+01
   6.4284100e+05   2.3681641e+01
   6.4886100e+05   2.4780273e+01
   6.4892600e+05   2.5146484e+01
   6.4896100e+05   3.8208008e+01
   6.4897700e+05   3.1616211e+01
   6.4903600e+05   6.1584473e+01
   6.4906900e+05   3.9916992e+01
   6.4910000e+05   5.5725098e+01
   6.4915400e+05   2.9174805e+01
   6.4925300e+05   7.2387695e+01
   6.4931300e+05   5.3405762e+01
   6.4940300e+05   2.8503418e+01
   6.4949600e+05   3.7963867e+01
   6.4954300e+05   2.7648926e+01
   6.4957700e+05   6.2194824e+01
   6.4981300e+05   2.6428223e+01
   6.4994500e+05   2.4353027e+01
   6.5006100e+05   2.5512695e+01
   6.5015500e+05   2.3986816e+01
   6.5024200e+05   2.3742676e+01
   6.5034900e+05   2.9602051e+01
   6.5049000e+05   2.3559570e+01
   6.5091300e+05   2.4353027e+01
   6.5639400e+05   3.0273438e+01
   6.5647500e+05   7.1594238e+01
   6.5650700e+05   6.1889648e+01
   6.5655900e+05   4.9743652e+01
   6.5656900e+05   4.0222168e+01
   6.5660100e+05   2.5573730e+01
   6.5663000e+05   3.0090332e+01
   6.5664900e+05   5.2551270e+01
   6.5671100e+05   3.4362793e+01
   6.5672100e+05   2.4841309e+01
   6.5676500e+05   2.5634766e+01
   6.5679200e+05   5.3833008e+01
   6.5680300e+05   2.8564453e+01
   6.5686800e+05   2.7221680e+01
   6.5690500e+05   2.5695801e+01
   6.5692400e+05   3.4790039e+01
   6.5697000e+05   2.6794434e+01
   6.5703800e+05   5.5419922e+01
   6.5704900e+05   2.6000977e+01
   6.5712800e+05   2.5451660e+01
   6.5722200e+05   4.5959473e+01
   6.5724100e+05   2.6000977e+01
   6.5731700e+05   2.3925781e+01
   6.5739200e+05   2.4291992e+01
   6.5747900e+05   2.3864746e+01
   6.5763100e+05   2.5268555e+01
   6.5776200e+05   2.3559570e+01
   6.6232000e+05   2.3986816e+01
   6.6244400e+05   2.8259277e+01
   6.6246800e+05   6.1584473e+01
   6.6247900e+05   5.0903320e+01
   6.6255600e+05   6.8664551e+01
   6.6257600e+05   3.7109375e+01
   6.6261200e+05   3.2531738e+01
   6.6268600e+05   5.3588867e+01
   6.6270000e+05   3.0029297e+01
   6.6286900e+05   2.3864746e+01
   6.6311400e+05   2.6855469e+01
   6.6317800e+05   2.3864746e+01
   6.6336300e+05   2.3925781e+01
   6.6816400e+05   2.7343750e+01
   6.6821200e+05   2.7343750e+01
   6.6830900e+05   4.2785645e+01
   6.6832200e+05   6.6162109e+01
   6.6838400e+05   2.8259277e+01
   6.6842200e+05   6.0607910e+01
   6.6844300e+05   2.6367188e+01
   6.6851000e+05   2.3742676e+01
   6.6856600e+05   6.1523438e+01
   6.6862900e+05   5.5297852e+01
   6.6883400e+05   2.4963379e+01
   6.6889100e+05   2.4047852e+01
   6.6903100e+05   4.2968750e+01
   6.6904600e+05   2.5390625e+01
   6.6913700e+05   2.4597168e+01
   6.6923300e+05   2.4475098e+01
   6.6935100e+05   2.5024414e+01
   6.6980800e+05   2.5207520e+01
   6.7508900e+05   2.5268555e+01
   6.7523800e+05   6.5124512e+01
   6.7526100e+05   5.5603027e+01
   6.7529300e+05   2.9907227e+01
   6.7532800e+05   6.1035156e+01
   6.7533900e+05   4.2480469e+01
   6.7537400e+05   2.6794434e+01
   6.7542200e+05   7.1899414e+01
   6.7543700e+05   3.7658691e+01
   6.7548700e+05   2.4047852e+01
   6.7560900e+05   2.3559570e+01
   6.7567100e+05   3.1799316e+01
   6.7570100e+05   6.3293457e+01
   6.7574300e+05   2.8320312e+01
   6.7582700e+05   2.3498535e+01
   6.7585700e+05   4.2663574e+01
   6.7592300e+05   2.3620605e+01
   6.7605400e+05   5.5847168e+01
   6.7615100e+05   2.5512695e+01
   6.7627400e+05   2.6184082e+01
   6.7647500e+05   2.3498535e+01
   6.7652400e+05   2.7038574e+01
   6.8396000e+05   3.0761719e+01
   6.8411000e+05   2.6855469e+01
   6.8417000e+05   6.2377930e+01
   6.8419300e+05   3.3935547e+01
   6.8421100e+05   4.3640137e+01
   6.8424300e+05   2.3864746e+01
   6.8427800e+05   5.0231934e+01
   6.8433600e+05   3.6499023e+01
   6.8436200e+05   5.2978516e+01
   6.8439500e+05   2.8320312e+01
   6.8448200e+05   2.7648926e+01
   6.8449700e+05   2.6550293e+01
   6.8452800e+05   5.8593750e+01
   6.8458300e+05   2.3742676e+01
   6.8469000e+05   3.3630371e+01
   6.8470000e+05   9.3261719e+01
   6.8472900e+05   2.7099609e+01
   6.8478500e+05   2.5634766e+01
   6.8498300e+05   5.3466797e+01
   6.8507600e+05   5.0109863e+01
   6.8519600e+05   2.3681641e+01
   6.8552000e+05   2.7404785e+01
   6.8571900e+05   2.4291992e+01
   6.8580500e+05   2.7221680e+01
   6.9247800e+05   2.6184082e+01
   6.9257300e+05   2.9296875e+01
   6.9260200e+05   7.1166992e+01
   6.9261900e+05   4.3579102e+01
   6.9268100e+05   4.3518066e+01
   6.9270300e+05   6.7871094e+01
   6.9273400e+05   3.3508301e+01
   6.9276200e+05   3.7170410e+01
   6.9281000e+05   4.7851562e+01
   6.9285600e+05   5.3771973e+01
   6.9296800e+05   2.6794434e+01
   6.9299400e+05   4.1625977e+01
   6.9304700e+05   2.3803711e+01
   6.9306000e+05   5.9692383e+01
   6.9310600e+05   2.4353027e+01
   6.9316100e+05   2.7343750e+01
   6.9359900e+05   4.3945312e+01
   6.9367200e+05   2.3681641e+01
   6.9386600e+05   2.4719238e+01
   6.9403500e+05   2.4230957e+01
   6.9450400e+05   2.6672363e+01
   7.0055900e+05   2.5329590e+01
   7.0063300e+05   2.9541016e+01
   7.0066800e+05   6.4758301e+01
   7.0068300e+05   4.6752930e+01
   7.0070100e+05   4.3701172e+01
   7.0073500e+05   2.8381348e+01
   7.0076300e+05   6.8054199e+01
   7.0077500e+05   2.3864746e+01
   7.0081900e+05   2.9968262e+01
   7.0088300e+05   3.3447266e+01
   7.0090400e+05   5.5908203e+01
   7.0095100e+05   2.8259277e+01
   7.0099800e+05   2.3803711e+01
   7.0103300e+05   2.4475098e+01
   7.0110000e+05   6.9396973e+01
   7.0112900e+05   2.6489258e+01
   7.0126000e+05   2.5329590e+01
   7.0135200e+05   3.6621094e+01
   7.0142300e+05   5.8471680e+01
   7.0148500e+05   2.5451660e+01
   7.1006900e+05   2.7099609e+01
   7.1013100e+05   2.7221680e+01
   7.1017000e+05   6.9030762e+01
   7.1018900e+05   3.9184570e+01
   7.1020200e+05   2.9479980e+01
   7.1024500e+05   5.2795410e+01
   7.1027400e+05   2.5878906e+01
   7.1030300e+05   4.4433594e+01
   7.1035400e+05   5.8349609e+01
   7.1037400e+05   3.0029297e+01
   7.1040000e+05   4.3762207e+01
   7.1043600e+05   3.3386230e+01
   7.1045900e+05   2.6672363e+01
   7.1053200e+05   5.5236816e+01
   7.1054300e+05   5.0781250e+01
   7.1056500e+05   2.8137207e+01
   7.1058800e+05   2.7832031e+01
   7.1066000e+05   6.2255859e+01
   7.1067800e+05   2.7526855e+01
   7.1073500e+05   2.3986816e+01
   7.1080900e+05   2.3864746e+01
   7.1084400e+05   4.2480469e+01
   7.1086500e+05   5.8471680e+01
   7.1089100e+05   2.5817871e+01
   7.1095100e+05   2.9235840e+01
   7.1104500e+05   2.8503418e+01
   7.1113200e+05   2.7160645e+01
   7.1157200e+05   5.0659180e+01
   7.1176700e+05   2.4230957e+01
   7.2078100e+05   2.8381348e+01
   7.2084400e+05   2.3620605e+01
   7.2086400e+05   6.6406250e+01
   7.2089600e+05   3.8757324e+01
   7.2093600e+05   7.2082520e+01
   7.2098100e+05   6.3598633e+01
   7.2101000e+05   5.7739258e+01
   7.2108800e+05   3.4362793e+01
   7.2113600e+05   5.9143066e+01
   7.2116900e+05   5.8105469e+01
   7.2124400e+05   2.9113770e+01
   7.2131700e+05   2.4291992e+01
   7.2133600e+05   6.3049316e+01
   7.2136500e+05   3.8146973e+01
   7.2150800e+05   6.5063477e+01
   7.2152600e+05   3.1860352e+01
   7.2166900e+05   2.3498535e+01
   7.2191600e+05   6.2255859e+01
   7.2221800e+05   2.5695801e+01
   7.2232300e+05   2.4536133e+01
   7.2881200e+05   2.7465820e+01
   7.2890800e+05   6.1706543e+01
   7.2897700e+05   2.5756836e+01
   7.2900600e+05   6.8176270e+01
   7.2905200e+05   5.3955078e+01
   7.2908500e+05   6.2500000e+01
   7.2910600e+05   2.6977539e+01
   7.2915700e+05   2.7832031e+01
   7.2931000e+05   6.7260742e+01
   7.2932200e+05   2.8198242e+01
   7.2933600e+05   4.3090820e+01
   7.2945000e+05   2.3498535e+01
   7.2947600e+05   5.0231934e+01
   7.2956900e+05   2.7160645e+01
   7.2965100e+05   2.4169922e+01
   7.2994500e+05   2.4902344e+01
   7.3008500e+05   2.3620605e+01
   7.3020100e+05   2.5878906e+01
   7.3668400e+05   2.6855469e+01
   7.3682000e+05   8.4472656e+01
   7.3684200e+05   2.7832031e+01
   7.3693100e+05   7.0678711e+01
   7.3698500e+05   2.5756836e+01
   7.3705900e+05   2.5939941e+01
   7.3708900e+05   2.6977539e+01
   7.3711000e+05   2.5756836e+01
   7.3712900e+05   3.7414551e+01
   7.3715200e+05   2.6916504e+01
   7.3716700e+05   2.8015137e+01
   7.3721900e+05   5.7983398e+01
   7.3732900e+05   2.8442383e+01
   7.3741500e+05   6.5002441e+01
   7.3742700e+05   4.1442871e+01
   7.3757600e+05   2.5390625e+01
   7.3766300e+05   2.4291992e+01
   7.3789800e+05   2.5268555e+01
   7.3799200e+05   2.5207520e+01
   7.3810100e+05   2.6062012e+01
   7.4437000e+05   2.7465820e+01
   7.4450100e+05   2.5024414e+01
   7.4456000e+05   2.6062012e+01
   7.4458000e+05   3.1921387e+01
   7.4459800e+05   4.9438477e+01
   7.4465200e+05   2.6428223e+01
   7.4466500e+05   2.5695801e+01
   7.4470000e+05   3.8757324e+01
   7.4472500e+05   2.5024414e+01
   7.4474800e+05   6.0974121e+01
   7.4478700e+05   4.9804688e+01
   7.4487700e+05   2.6794434e+01
   7.4492600e+05   2.4353027e+01
   7.4497100e+05   5.1086426e+01
   7.4498700e+05   2.3498535e+01
   7.4522900e+05   2.8442383e+01
   7.4531700e+05   5.9997559e+01
   7.4549500e+05   2.6123047e+01
   7.4561900e+05   2.5085449e+01
   7.4583000e+05   2.4780273e+01
   7.4590000e+05   2.7282715e+01
   7.4611700e+05   2.3498535e+01
   7.5512700e+05   2.6794434e+01
   7.5517900e+05   2.4841309e+01
   7.5524600e+05   5.9570312e+01
   7.5526000e+05   2.9235840e+01
   7.5528300e+05   3.6193848e+01
   7.5532200e+05   5.6518555e+01
   7.5533800e+05   3.1433105e+01
   7.5535600e+05   4.4555664e+01
   7.5537600e+05   2.4414062e+01
   7.5542400e+05   6.5124512e+01
   7.5546800e+05   3.1433105e+01
   7.5548100e+05   4.1503906e+01
   7.5554400e+05   2.9846191e+01
   7.5560400e+05   2.9968262e+01
   7.5563100e+05   3.5766602e+01
   7.5564800e+05   4.5349121e+01
   7.5570600e+05   3.1555176e+01
   7.5571600e+05   5.8349609e+01
   7.5587000e+05   2.4230957e+01
   7.5589700e+05   3.5583496e+01
   7.5593000e+05   2.5878906e+01
   7.5600400e+05   5.3039551e+01
   7.5613600e+05   2.4291992e+01
   7.5625200e+05   2.6550293e+01
   7.5696700e+05   2.8564453e+01
   7.6734200e+05   2.4658203e+01
   7.6740200e+05   7.3669434e+01
   7.6741700e+05   2.6062012e+01
   7.6746900e+05   3.5522461e+01
   7.6749100e+05   6.5551758e+01
   7.6751700e+05   3.1616211e+01
   7.6753900e+05   2.7832031e+01
   7.6755500e+05   2.9602051e+01
   7.6758600e+05   3.1311035e+01
   7.6761200e+05   4.4372559e+01
   7.6762400e+05   5.0048828e+01
   7.6768800e+05   2.9541016e+01
   7.6772500e+05   3.1433105e+01
   7.6778000e+05   6.3049316e+01
   7.6787400e+05   3.9855957e+01
   7.6789900e+05   5.3894043e+01
   7.6805600e+05   5.4382324e+01
   7.6823900e+05   5.7250977e+01
   7.6825000e+05   3.0273438e+01
   7.6839400e+05   2.3620605e+01
   7.6854400e+05   2.3803711e+01
   7.6870800e+05   2.9357910e+01
   7.6908800e+05   2.3559570e+01
   7.6936800e+05   2.5451660e+01
   7.7887800e+05   2.6672363e+01
   7.7905100e+05   6.1584473e+01
   7.7906800e+05   2.3925781e+01
   7.7913200e+05   3.1188965e+01
   7.7914300e+05   5.2368164e+01
   7.7916300e+05   3.4545898e+01
   7.7919100e+05   3.3020020e+01
   7.7921300e+05   2.6184082e+01
   7.7924500e+05   3.0761719e+01
   7.7929200e+05   2.3925781e+01
   7.7932100e+05   7.0434570e+01
   7.7937100e+05   3.0395508e+01
   7.7945600e+05   4.9560547e+01
   7.7947700e+05   2.8259277e+01
   7.7949700e+05   2.8930664e+01
   7.7956300e+05   4.9560547e+01
   7.7961600e+05   2.4597168e+01
   7.7964300e+05   5.1086426e+01
   7.7994200e+05   4.9926758e+01
   7.8002200e+05   2.3498535e+01
   7.8008100e+05   2.5085449e+01
   7.8021800e+05   2.5024414e+01
   7.8057000e+05   2.4169922e+01
   7.8069500e+05   2.3498535e+01
   7.8101800e+05   2.6245117e+01
   7.8983300e+05   2.5329590e+01
   7.8989700e+05   2.7709961e+01
   7.8996700e+05   2.3559570e+01
   7.8999600e+05   2.3803711e+01
   7.9002100e+05   3.9306641e+01
   7.9005500e+05   2.3559570e+01
   7.9007400e+05   2.7709961e+01
   7.9010500e+05   6.3537598e+01
   7.9014000e+05   4.1259766e+01
   7.9021600e+05   5.3771973e+01
   7.9025400e+05   2.4597168e+01
   7.9031700e+05   2.5634766e+01
   7.9039200e+05   6.1767578e+01
   7.9040500e+05   4.5410156e+01
   7.9044200e+05   2.3437500e+01
   7.9050400e+05   3.2104492e+01
   7.9063400e+05   4.3884277e+01
   7.9066100e+05   2.4414062e+01
   7.9068200e+05   5.2429199e+01
   7.9082600e+05   2.4841309e+01
   7.9087100e+05   2.4719238e+01
   7.9095500e+05   2.8503418e+01
   7.9124800e+05   2.3925781e+01
   7.9153300e+05   2.3681641e+01
   7.9214000e+05   2.3925781e+01
   8.0260300e+05   2.4414062e+01
   8.0267500e+05   2.3620605e+01
   8.0274600e+05   2.7404785e+01
   8.0276500e+05   5.8898926e+01
   8.0279400e+05   2.8259277e+01
   8.0283500e+05   2.6489258e+01
   8.0285000e+05   6.8725586e+01
   8.0286500e+05   3.6071777e+01
   8.0292700e+05   2.6062012e+01
   8.0294600e+05   4.7973633e+01
   8.0297600e+05   3.0029297e+01
   8.0302800e+05   3.6071777e+01
   8.0310100e+05   2.9296875e+01
   8.0320700e+05   2.3864746e+01
   8.0325800e+05   1.0260010e+02
   8.0342600e+05   6.5307617e+01
   8.0344900e+05   3.7292480e+01
   8.0358700e+05   5.1635742e+01
   8.0364000e+05   2.4291992e+01
   8.0374200e+05   2.6672363e+01
   8.0400300e+05   2.3559570e+01
   8.0426800e+05   2.6184082e+01
   8.0466700e+05   2.5939941e+01
   8.0487000e+05   2.4169922e+01
   8.1775700e+05   2.5878906e+01
   8.1785100e+05   2.4597168e+01
   8.1790900e+05   3.0090332e+01
   8.1793400e+05   3.3386230e+01
   8.1799200e+05   3.6315918e+01
   8.1801900e+05   6.6894531e+01
   8.1806700e+05   3.2714844e+01
   8.1811500e+05   6.4880371e+01
   8.1815900e+05   5.0659180e+01
   8.1819800e+05   2.4658203e+01
   8.1823500e+05   3.0639648e+01
   8.1824500e+05   6.3720703e+01
   8.1829100e+05   2.8015137e+01
   8.1834800e+05   3.5034180e+01
   8.1839100e+05   2.3437500e+01
   8.1842900e+05   6.3415527e+01
   8.1851500e+05   2.9785156e+01
   8.1858500e+05   6.9763184e+01
   8.1868500e+05   2.8015137e+01
   8.1871300e+05   4.5288086e+01
   8.1876000e+05   2.3742676e+01
   8.1885200e+05   6.5246582e+01
   8.1895500e+05   2.5085449e+01
   8.1914400e+05   2.5878906e+01
   8.1922400e+05   2.4597168e+01
   8.1950600e+05   2.6672363e+01
   8.6178100e+05   4.1259766e+01
   8.6186400e+05   2.5817871e+01
   8.6188100e+05   5.9814453e+01
   8.6191100e+05   3.0273438e+01
   8.6197500e+05   2.9357910e+01
   8.6206200e+05   2.7770996e+01
   8.6230800e+05   2.3803711e+01
   8.6245700e+05   2.6733398e+01
   8.6266900e+05   2.3864746e+01
   8.6406000e+05   2.5878906e+01
   8.6436300e+05   2.4108887e+01
   9.8756700e+05   2.8564453e+01
   1.0556190e+06   2.4291992e+01
   1.0598510e+06   2.5390625e+01
   1.0800870e+06   2.4291992e+01
   1.0826140e+06   2.5451660e+01
   1.0878730e+06   2.4291992e+01
   1.0933320e+06   2.9479980e+01
   1.0946810e+06   2.8625488e+01
   1.0983510e+06   3.5095215e+01
   1.1011890e+06   2.4902344e+01
   1.1022320e+06   2.4291992e+01
   1.1048770e+06   2.8564453e+01
   1.1062540e+06   2.5390625e+01
   1.1101040e+06   2.9418945e+01
   1.1117770e+06   2.5817871e+01
   1.1128200e+06   2.5207520e+01
   1.1158650e+06   2.9479980e+01
   1.1180460e+06   2.6672363e+01
   1.1206600e+06   2.3559570e+01
   1.1230710e+06   2.4780273e+01
   1.1244220e+06   3.0517578e+01
   1.1259560e+06   2.8259277e+01
   1.1291980e+06   2.6000977e+01
   1.1327790e+06   2.3986816e+01
   1.1340600e+06   2.7893066e+01
   1.1363680e+06   2.4719238e+01
   1.1371390e+06   2.4353027e+01
   1.1391040e+06   2.4780273e+01
   1.1413820e+06   2.7709961e+01
   1.1445910e+06   2.9541016e+01
   1.1456380e+06   2.4291992e+01
   1.1468890e+06   3.1250000e+01
   1.1493650e+06   2.5207520e+01
   1.1502160e+06   2.5329590e+01
   1.1515120e+06   2.9907227e+01
   1.1529530e+06   2.4353027e+01
   1.1539800e+06   2.3742676e+01
   1.1554770e+06   2.7587891e+01
   1.1569380e+06   2.9846191e+01
   1.1580540e+06   2.7587891e+01
   1.1603810e+06   2.4230957e+01
   1.1613960e+06   2.4536133e+01
   1.1630190e+06   3.3264160e+01
   1.1638960e+06   2.4414062e+01
   1.1663220e+06   2.4353027e+01
   1.1674550e+06   2.4719238e+01
   1.1685700e+06   2.8503418e+01
   1.1706490e+06   2.4108887e+01
   1.1720450e+06   2.7832031e+01
   1.1728040e+06   2.4658203e+01
   1.1743440e+06   2.6367188e+01
   1.1754480e+06   2.4658203e+01
   1.1768180e+06   2.4963379e+01
   1.1776130e+06   3.0395508e+01
   1.1787090e+06   2.4536133e+01
   1.1792630e+06   2.4291992e+01
   1.1814160e+06   2.4719238e+01
   1.1822790e+06   2.8076172e+01
   1.1832910e+06   2.4658203e+01
   1.1845800e+06   2.4353027e+01
   1.1853300e+06   2.6306152e+01
   1.1879170e+06   2.5451660e+01
   1.1884870e+06   2.6245117e+01
   1.1897260e+06   2.4169922e+01
   1.1909830e+06   2.4475098e+01
   1.1917680e+06   2.4780273e+01
   1.1927210e+06   2.6123047e+01
   1.1933620e+06   2.7587891e+01
   1.1946070e+06   2.8381348e+01
   1.1965750e+06   2.5634766e+01
   1.1984590e+06   2.5573730e+01
   1.2006450e+06   2.6123047e+01
   1.2011840e+06   2.3803711e+01
   1.2026640e+06   2.3437500e+01
   1.2035350e+06   2.3864746e+01
   1.2046800e+06   2.5146484e+01
   1.2055640e+06   3.5766602e+01
   1.2065330e+06   2.5268555e+01
   1.2081360e+06   3.0517578e+01
   1.2088540e+06   2.5512695e+01
   1.2105290e+06   2.3437500e+01
   1.2118290e+06   2.5634766e+01
   1.2128050e+06   2.4658203e+01
   1.2143130e+06   3.1616211e+01
   1.2149960e+06   2.7221680e+01
   1.2155000e+06   2.6000977e+01
   1.2170560e+06   2.4047852e+01
   1.2178120e+06   2.8503418e+01
   1.2188370e+06   2.4963379e+01
   1.2198480e+06   2.7282715e+01
   1.2206860e+06   2.4108887e+01
   1.2215490e+06   2.5390625e+01
   1.2231670e+06   2.4047852e+01
   1.2242920e+06   2.7099609e+01
   1.2249210e+06   2.6794434e+01
   1.2259040e+06   2.4719238e+01
   1.2265750e+06   2.4597168e+01
   1.2287890e+06   3.1005859e+01
   1.2294960e+06   2.4169922e+01
   1.2303150e+06   2.6794434e+01
   1.2309390e+06   2.6245117e+01
   1.2317090e+06   2.7832031e+01
   1.2327390e+06   2.4841309e+01
   1.2333220e+06   2.3803711e+01
   1.2345750e+06   2.8137207e+01
   1.2362040e+06   2.6245117e+01
   1.2370800e+06   2.3498535e+01
   1.2379180e+06   2.6428223e+01
   1.2392730e+06   2.7770996e+01
   1.2410250e+06   2.7893066e+01
   1.2420560e+06   2.4719238e+01
   1.2429220e+06   2.5451660e+01
   1.2446110e+06   2.7221680e+01
   1.2458560e+06   2.7587891e+01
   1.2475370e+06   3.2653809e+01
   1.2482060e+06   2.7709961e+01
   1.2493630e+06   2.9296875e+01
   1.2501540e+06   2.7893066e+01
   1.2511120e+06   2.5695801e+01
   1.2545100e+06   2.9174805e+01
   1.2551640e+06   2.7526855e+01
   1.2560880e+06   2.3498535e+01
   1.2571210e+06   2.5268555e+01
   1.2584430e+06   2.3437500e+01
   1.2591790e+06   2.3559570e+01
   1.2599710e+06   2.5634766e+01
   1.2605570e+06   2.8808594e+01
   1.2615720e+06   2.5695801e+01
   1.2622740e+06   2.4230957e+01
   1.2630500e+06   2.7343750e+01
   1.2644220e+06   2.5512695e+01
   1.2654020e+06   2.6184082e+01
   1.2660730e+06   2.4963379e+01
   1.2688560e+06   2.5390625e+01
   1.2695600e+06   2.3620605e+01
   1.2712700e+06   3.0456543e+01
   1.2717690e+06   2.4414062e+01
   1.2726010e+06   2.3437500e+01
   1.2734990e+06   2.3437500e+01
   1.2747620e+06   2.7099609e+01
   1.2754890e+06   2.5451660e+01
   1.2761080e+06   2.7648926e+01
   1.2778290e+06   2.6672363e+01
   1.2783910e+06   2.6184082e+01
   1.2790040e+06   2.3559570e+01
   1.2802750e+06   2.9296875e+01
   1.2807510e+06   2.4597168e+01
   1.2817810e+06   2.3925781e+01
   1.2823400e+06   2.6611328e+01
   1.2832100e+06   2.8503418e+01
   1.2846660e+06   2.3864746e+01
   1.2853640e+06   2.4597168e+01
   1.2872690e+06   2.4047852e+01
   1.2879210e+06   2.4536133e+01
   1.2894450e+06   2.5390625e+01
   1.2909590e+06   2.5024414e+01
   1.2919010e+06   2.6428223e+01
   1.2927180e+06   2.5878906e+01
   1.2934290e+06   2.7099609e+01
   1.2942790e+06   2.4841309e+01
   1.2949310e+06   2.9724121e+01
   1.2965270e+06   2.7954102e+01
   1.2975800e+06   2.6916504e+01
   1.2983250e+06   2.9235840e+01
   1.2993810e+06   2.4169922e+01
   1.3001440e+06   2.5024414e+01
   1.3011250e+06   2.4536133e+01
   1.3017040e+06   2.5085449e+01
   1.3028250e+06   2.5573730e+01
   1.3035530e+06   2.5878906e+01
   1.3047000e+06   2.4902344e+01
   1.3053540e+06   2.6916504e+01
   1.3072310e+06   2.7954102e+01
   1.3083200e+06   2.4658203e+01
   1.3090020e+06   2.4719238e+01
   1.3096190e+06   2.4597168e+01
   1.3101290e+06   2.6245117e+01
   1.3111800e+06   2.3620605e+01
   1.3124020e+06   2.3681641e+01
   1.3129600e+06   2.7282715e+01
   1.3135610e+06   2.4780273e+01
   1.3145540e+06   2.8930664e+01
   1.3161690e+06   2.6672363e+01
   1.3170820e+06   2.5512695e+01
   1.3179440e+06   2.5939941e+01
   1.3189830e+06   2.8259277e+01
   1.3195980e+06   2.4780273e+01
   1.3202880e+06   2.6550293e+01
   1.3207870e+06   2.9357910e+01
   1.3218470e+06   2.7465820e+01
   1.3230850e+06   2.7160645e+01
   1.3239090e+06   2.7770996e+01
   1.3250640e+06   2.5207520e+01
   1.3258590e+06   2.4230957e+01
   1.3272020e+06   2.5207520e+01
   1.3277530e+06   2.3620605e+01
   1.3284350e+06   2.6245117e+01
   1.3292160e+06   2.5390625e+01
   1.3307220e+06   2.8808594e+01
   1.3314020e+06   2.4902344e+01
   1.3326840e+06   2.3620605e+01
   1.3332060e+06   2.5878906e+01
   1.3344460e+06   2.3559570e+01
   1.3350290e+06   2.3803711e+01
   1.3356060e+06   2.6794434e+01
   1.3366460e+06   2.8808594e+01
   1.3372290e+06   2.5146484e+01
   1.3378320e+06   2.6672363e+01
   1.3386800e+06   2.3620605e+01
   1.3394740e+06   2.6123047e+01
   1.3400380e+06   2.5756836e+01
   1.3418890e+06   2.3864746e+01
   1.3423490e+06   2.3681641e+01
   1.3440780e+06   2.7893066e+01
   1.3447490e+06   2.4719238e+01
   1.3455060e+06   2.5329590e+01
   1.3464910e+06   2.7038574e+01
   1.3485750e+06   2.6000977e+01
   1.3491230e+06   2.4230957e+01
   1.3498670e+06   2.6123047e+01
   1.3504540e+06   2.3681641e+01
   1.3519530e+06   3.6926270e+01
   1.3525210e+06   2.7832031e+01
   1.3530250e+06   2.5085449e+01
   1.3536540e+06   2.4230957e+01
   1.3542970e+06   2.5207520e+01
   1.3552040e+06   2.7587891e+01
   1.3570030e+06   2.5329590e+01
   1.3575440e+06   2.4169922e+01
   1.3583030e+06   2.4536133e+01
   1.3589500e+06   2.5939941e+01
   1.3597780e+06   3.1066895e+01
   1.3604180e+06   2.4658203e+01
   1.3618260e+06   2.9052734e+01
   1.3623920e+06   2.5939941e+01
   1.3632150e+06   2.4658203e+01
   1.3639100e+06   2.7160645e+01
   1.3647350e+06   2.4780273e+01
   1.3663830e+06   2.4597168e+01
   1.3669010e+06   3.0456543e+01
   1.3675550e+06   2.8381348e+01
   1.3682360e+06   2.4414062e+01
   1.3695320e+06   2.9724121e+01
   1.3700800e+06   2.8808594e+01
   1.3707100e+06   2.5939941e+01
   1.3714530e+06   2.8259277e+01
   1.3722600e+06   2.4108887e+01
   1.3732190e+06   2.6123047e+01
   1.3745300e+06   2.3742676e+01
   1.3760030e+06   2.4658203e+01
   1.3768410e+06   2.4597168e+01
   1.3776110e+06   2.4963379e+01
   1.3784720e+06   2.8320312e+01
   1.3792170e+06   2.5939941e+01
   1.3804160e+06   2.5573730e+01
   1.3809870e+06   2.6245117e+01
   1.3818760e+06   2.4597168e+01
   1.3829800e+06   2.4230957e+01
   1.3839150e+06   2.6123047e+01
   1.3846410e+06   3.0151367e+01
   1.3854020e+06   2.5268555e+01
   1.3860420e+06   2.5024414e+01
   1.3867380e+06   2.6062012e+01
   1.3878180e+06   2.8259277e+01
   1.3884260e+06   2.3986816e+01
   1.3890590e+06   2.5573730e+01
   1.3905410e+06   2.3803711e+01
   1.3910230e+06   2.5573730e+01
   1.3916950e+06   2.5878906e+01
   1.3925790e+06   2.5268555e+01
   1.3933160e+06   2.3620605e+01
   1.3939760e+06   3.3325195e+01
   1.3945020e+06   2.5390625e+01
   1.3956600e+06   3.2348633e+01
   1.3978180e+06   3.0761719e+01
   1.3996920e+06   2.8564453e+01
   1.4012500e+06   2.6916504e+01
   1.4016810e+06   2.4658203e+01
   1.4031200e+06   2.4230957e+01
   1.4042190e+06   2.6062012e+01
   1.4050510e+06   2.4597168e+01
   1.4056350e+06   2.4475098e+01
   1.4061560e+06   2.6489258e+01
   1.4067750e+06   2.5024414e+01
   1.4078960e+06   2.3925781e+01
   1.4092700e+06   2.4475098e+01
   1.4110500e+06   2.4597168e+01
   1.4116360e+06   2.3498535e+01
   1.4118630e+06   2.7038574e+01
   1.4124370e+06   2.8869629e+01
   1.4131470e+06   2.4780273e+01
   1.4136490e+06   2.6000977e+01
   1.4142290e+06   2.3681641e+01
   1.4165610e+06   2.6367188e+01
   1.4173520e+06   2.4353027e+01
   1.4183300e+06   2.5085449e+01
   1.4191290e+06   2.6733398e+01
   1.4197530e+06   2.4047852e+01
   1.4210580e+06   2.4963379e+01
   1.4217020e+06   2.4963379e+01
   1.4228200e+06   2.3681641e+01
   1.4233480e+06   2.6428223e+01
   1.4250490e+06   2.7221680e+01
   1.4257060e+06   2.4414062e+01
   1.4262740e+06   2.4475098e+01
   1.4288630e+06   2.4719238e+01
   1.4293930e+06   2.6123047e+01
   1.4299410e+06   2.6855469e+01
   1.4305140e+06   2.7954102e+01
   1.4310420e+06   2.4414062e+01
   1.4319970e+06   2.4841309e+01
   1.4324360e+06   2.7893066e+01
   1.4341960e+06   2.3681641e+01
   1.4349410e+06   2.6977539e+01
   1.4355300e+06   2.4597168e+01
   1.4361050e+06   2.5268555e+01
   1.4374720e+06   2.4353027e+01
   1.4380440e+06   2.7099609e+01
   1.4399740e+06   2.3986816e+01
   1.4414570e+06   2.6184082e+01
   1.4423750e+06   2.4108887e+01
   1.4430260e+06   2.8625488e+01
   1.4436180e+06   2.3742676e+01
   1.4445480e+06   2.5512695e+01
   1.4452210e+06   2.4108887e+01
   1.4461050e+06   2.6062012e+01
   1.4465870e+06   3.0822754e+01
   1.4474100e+06   2.5939941e+01
   1.4479510e+06   2.4291992e+01
   1.4487250e+06   2.7343750e+01
   1.4495750e+06   2.3681641e+01
   1.4500970e+06   2.4169922e+01
   1.4509400e+06   2.3620605e+01
   1.4515260e+06   2.7526855e+01
   1.4520840e+06   2.3742676e+01
   1.4526320e+06   2.6428223e+01
   1.4531200e+06   2.9479980e+01
   1.4539270e+06   2.8991699e+01
   1.4551200e+06   2.4353027e+01
   1.4557280e+06   2.3742676e+01
   1.4561530e+06   2.3437500e+01
   1.4572190e+06   2.3559570e+01
   1.4577990e+06   2.4291992e+01
   1.4587070e+06   2.4475098e+01
   1.4598210e+06   2.4414062e+01
   1.4623690e+06   2.5329590e+01
   1.4628650e+06   2.5939941e+01
   1.4635750e+06   2.8686523e+01
   1.4643250e+06   2.8320312e+01
   1.4651860e+06   2.8747559e+01
   1.4657130e+06   2.3864746e+01
   1.4662170e+06   2.8808594e+01
   1.4670110e+06   2.5329590e+01
   1.4679410e+06   2.4169922e+01
   1.4686440e+06   2.7709961e+01
   1.4693320e+06   2.3925781e+01
   1.4701500e+06   2.7160645e+01
   1.4706510e+06   2.7099609e+01
   1.4722210e+06   2.6855469e+01
   1.4734170e+06   2.6977539e+01
   1.4742210e+06   2.3681641e+01
   1.4751340e+06   2.6550293e+01
   1.4756190e+06   2.7099609e+01
   1.4762780e+06   2.3742676e+01
   1.4768140e+06   2.6672363e+01
   1.4773220e+06   2.5512695e+01
   1.4781450e+06   2.4719238e+01
   1.4786220e+06   2.3437500e+01
   1.4792260e+06   2.3620605e+01
   1.4799600e+06   2.4353027e+01
   1.4807330e+06   3.0334473e+01
   1.4815050e+06   2.4353027e+01
   1.4822850e+06   3.0517578e+01
   1.4828880e+06   2.9663086e+01
   1.4833620e+06   2.4597168e+01
   1.4839370e+06   2.4536133e+01
   1.4847390e+06   3.3203125e+01
   1.4852570e+06   2.4169922e+01
   1.4858880e+06   2.4902344e+01
   1.4864650e+06   2.8015137e+01
   1.4871180e+06   2.3742676e+01
   1.4893630e+06   2.3986816e+01
   1.4898960e+06   2.8381348e+01
   1.4904850e+06   2.4414062e+01
   1.4910420e+06   2.5878906e+01
   1.4916810e+06   2.5146484e+01
   1.4930800e+06   2.6245117e+01
   1.4936410e+06   2.4841309e+01
   1.4942950e+06   2.4841309e+01
   1.4949860e+06   2.9357910e+01
   1.4968980e+06   2.4719238e+01
   1.4974700e+06   3.0090332e+01
   1.4981410e+06   2.5695801e+01
   1.4989940e+06   2.4047852e+01
   1.4997390e+06   2.6672363e+01
   1.5003340e+06   2.4963379e+01
   1.5010840e+06   2.4230957e+01
   1.5016300e+06   2.4963379e+01
   1.5021980e+06   2.3925781e+01
   1.5031720e+06   2.5634766e+01
   1.5037080e+06   2.8869629e+01
   1.5042020e+06   2.7648926e+01
   1.5048050e+06   2.7832031e+01
   1.5056010e+06   2.4841309e+01
   1.5064740e+06   2.4230957e+01
   1.5076190e+06   2.6123047e+01
   1.5084100e+06   2.4536133e+01
   1.5091570e+06   2.3437500e+01
   1.5099260e+06   2.9418945e+01
   1.5106840e+06   2.3498535e+01
   1.5112270e+06   2.6123047e+01
   1.5117460e+06   2.6428223e+01
   1.5122970e+06   2.4230957e+01
   1.5131040e+06   2.3986816e+01
   1.5140680e+06   2.4353027e+01
   1.5150010e+06   2.5268555e+01
   1.5154290e+06   2.6367188e+01
   1.5161820e+06   2.5634766e+01
   1.5175180e+06   2.4597168e+01
   1.5181650e+06   2.9907227e+01
   1.5190110e+06   2.6062012e+01
   1.5193800e+06   2.4902344e+01
   1.5206570e+06   2.5817871e+01
   1.5213250e+06   3.0517578e+01
   1.5219710e+06   2.6245117e+01
   1.5231520e+06   2.3925781e+01
   1.5237400e+06   2.4047852e+01
   1.5244340e+06   2.5878906e+01
   1.5251610e+06   2.4230957e+01
   1.5255840e+06   2.6184082e+01
   1.5263050e+06   2.8747559e+01
   1.5281900e+06   2.3742676e+01
   1.5286910e+06   2.5024414e+01
   1.5293020e+06   2.4108887e+01
   1.5298080e+06   3.1921387e+01
   1.5306560e+06   2.4597168e+01
   1.5311680e+06   3.0761719e+01
   1.5316660e+06   2.6977539e+01
   1.5323390e+06   2.9479980e+01
   1.5328470e+06   2.7038574e+01
   1.5333420e+06   2.8686523e+01
   1.5340450e+06   2.4719238e+01
   1.5345290e+06   3.0090332e+01
   1.5351770e+06   3.1372070e+01
   1.5359290e+06   2.4963379e+01
   1.5366100e+06   2.3620605e+01
   1.5371860e+06   2.3559570e+01
   1.5377180e+06   2.6550293e+01
   1.5384410e+06   2.6733398e+01
   1.5393290e+06   2.7160645e+01
   1.5399080e+06   2.3742676e+01
   1.5405790e+06   2.3437500e+01
   1.5414440e+06   2.4475098e+01
   1.5424080e+06   2.3986816e+01
   1.5430570e+06   2.3803711e+01
   1.5439600e+06   2.6916504e+01
   1.5446010e+06   2.6123047e+01
   1.5452610e+06   2.5268555e+01
   1.5456990e+06   2.4841309e+01
   1.5464170e+06   2.5146484e+01
   1.5469630e+06   2.4475098e+01
   1.5476830e+06   2.3559570e+01
   1.5483790e+06   2.8076172e+01
   1.5489710e+06   2.7465820e+01
   1.5499500e+06   2.6367188e+01
   1.5505360e+06   2.3864746e+01
   1.5512490e+06   2.3742676e+01
   1.5519960e+06   2.5512695e+01
   1.5532010e+06   2.8930664e+01
   1.5538350e+06   2.6367188e+01
   1.5546350e+06   2.3742676e+01
   1.5552650e+06   3.0090332e+01
   1.5563950e+06   2.8076172e+01
   1.5574460e+06   3.0517578e+01
   1.5583490e+06   2.5634766e+01
   1.5589010e+06   2.4841309e+01
   1.5593380e+06   2.5451660e+01
   1.5599240e+06   2.8015137e+01
   1.5608730e+06   2.5756836e+01
   1.5617240e+06   3.0456543e+01
   1.5622720e+06   2.7954102e+01
   1.5632270e+06   2.4841309e+01
   1.5639210e+06   2.4230957e+01
   1.5645490e+06   2.6611328e+01
   1.5657530e+06   2.9296875e+01
   1.5664530e+06   2.5695801e+01
   1.5670700e+06   2.4719238e+01
   1.5676250e+06   2.5390625e+01
   1.5688780e+06   2.4780273e+01
   1.5697860e+06   2.4719238e+01
   1.5705000e+06   2.3742676e+01
   1.5711140e+06   2.4902344e+01
   1.5715210e+06   2.8076172e+01
   1.5735790e+06   2.6123047e+01
   1.5743330e+06   2.6489258e+01
   1.5750650e+06   2.5085449e+01
   1.5756460e+06   2.3559570e+01
   1.5764940e+06   2.3986816e+01
   1.5772170e+06   2.4353027e+01
   1.5786580e+06   2.7648926e+01
   1.5791910e+06   2.7160645e+01
   1.5797850e+06   2.5268555e+01
   1.5804230e+06   2.4108887e+01
   1.5817580e+06   2.3437500e+01
   1.5822220e+06   2.8259277e+01
   1.5829160e+06   2.4108887e+01
   1.5835870e+06   2.6184082e+01
   1.5848850e+06   2.4353027e+01
   1.5856640e+06   2.5085449e+01
   1.5864040e+06   2.8625488e+01
   1.5868740e+06   2.6977539e+01
   1.5876950e+06   2.5024414e+01
   1.5883630e+06   2.3681641e+01
   1.5889960e+06   2.7526855e+01
   1.5898570e+06   2.4536133e+01
   1.5904510e+06   2.6245117e+01
   1.5914080e+06   2.9174805e+01
   1.5922280e+06   2.5634766e+01
   1.5932760e+06   2.3742676e+01
   1.5942720e+06   2.3437500e+01
   1.5948810e+06   2.4658203e+01
   1.5955050e+06   2.4658203e+01
   1.5962060e+06   3.0029297e+01
   1.5969120e+06   2.6306152e+01
   1.5979410e+06   2.6000977e+01
   1.5987400e+06   2.4108887e+01
   1.5994610e+06   2.4902344e+01
   1.6008690e+06   3.2592773e+01
   1.6014450e+06   2.7770996e+01
   1.6020050e+06   2.3559570e+01
   1.6030250e+06   2.4230957e+01
   1.6039370e+06   2.8137207e+01
   1.6047140e+06   2.6000977e+01
   1.6055960e+06   2.9174805e+01
   1.6062960e+06   2.6428223e+01
   1.6075700e+06   2.4353027e+01
   1.6080990e+06   3.2592773e+01
   1.6087360e+06   2.4963379e+01
   1.6093460e+06   2.6062012e+01
   1.6103080e+06   2.4230957e+01
   1.6112160e+06   2.4841309e+01
   1.6119950e+06   2.8320313e+01
   1.6125270e+06   2.8686523e+01
   1.6129610e+06   2.8198242e+01
   1.6143470e+06   2.4963379e+01
   1.6153310e+06   2.4719238e+01
   1.6157690e+06   2.4780273e+01
   1.6166040e+06   2.4780273e+01
   1.6171610e+06   2.8259277e+01
   1.6185340e+06   3.4484863e+01
   1.6192500e+06   2.9907227e+01
   1.6198980e+06   2.3925781e+01
   1.6204590e+06   3.2592773e+01
   1.6219470e+06   2.6184082e+01
   1.6226490e+06   2.3742676e+01
   1.6233540e+06   2.3803711e+01
   1.6240860e+06   2.5695801e+01
   1.6245920e+06   2.6184082e+01
   1.6251520e+06   2.6794434e+01
   1.6260650e+06   3.0151367e+01
   1.6272310e+06   2.5512695e+01
   1.6277770e+06   2.9052734e+01
   1.6287380e+06   2.4536133e+01
   1.6290800e+06   2.6062012e+01
   1.6299280e+06   2.5390625e+01
   1.6303940e+06   2.5329590e+01
   1.6315890e+06   2.5268555e+01
   1.6321090e+06   2.4719238e+01
   1.6329210e+06   2.9846191e+01
   1.6333890e+06   2.3681641e+01
   1.6349430e+06   2.5756836e+01
   1.6358030e+06   2.8381348e+01
   1.6362680e+06   2.7404785e+01
   1.6368410e+06   2.5573730e+01
   1.6374110e+06   2.9907227e+01
   1.6385250e+06   2.4108887e+01
   1.6390220e+06   2.9052734e+01
   1.6408300e+06   2.5939941e+01
   1.6412870e+06   2.3620605e+01
   1.6419350e+06   2.5878906e+01
   1.6426250e+06   2.9785156e+01
   1.6433720e+06   2.5939941e+01
   1.6439660e+06   2.9357910e+01
   1.6450210e+06   2.5451660e+01
   1.6461390e+06   2.7954102e+01
   1.6469520e+06   2.6855469e+01
   1.6473830e+06   2.8564453e+01
   1.6482880e+06   2.7770996e+01
   1.6489000e+06   2.5085449e+01
   1.6494990e+06   2.4963379e+01
   1.6500130e+06   2.5085449e+01
   1.6504890e+06   2.6550293e+01
   1.6510020e+06   2.4597168e+01
   1.6524640e+06   2.3986816e+01
   1.6530320e+06   2.5146484e+01
   1.6538700e+06   2.8625488e+01
   1.6545260e+06   2.6794434e+01
   1.6550990e+06   2.4353027e+01
   1.6561390e+06   2.4902344e+01
   1.6566150e+06   2.5207520e+01
   1.6578420e+06   2.7160645e+01
   1.6583590e+06   2.4536133e+01
   1.6590230e+06   2.3559570e+01
   1.6596190e+06   2.9968262e+01
   1.6601310e+06   2.7526855e+01
   1.6605600e+06   2.5573730e+01
   1.6611590e+06   2.9785156e+01
   1.6619330e+06   2.6062012e+01
   1.6624850e+06   2.3620605e+01
   1.6630600e+06   2.7709961e+01
   1.6636950e+06   3.3630371e+01
   1.6648930e+06   2.4047852e+01
   1.6653260e+06   2.4353027e+01
   1.6669410e+06   2.7465820e+01
   1.6675060e+06   2.3925781e+01
   1.6681880e+06   2.5939941e+01
   1.6698780e+06   2.5878906e+01
   1.6704670e+06   2.4902344e+01
   1.6714160e+06   2.4902344e+01
   1.6721470e+06   2.5085449e+01
   1.6734740e+06   2.3437500e+01
   1.6740800e+06   2.6367188e+01
   1.6748680e+06   2.4047852e+01
   1.6753690e+06   2.5207520e+01
   1.6758590e+06   2.4047852e+01
   1.6764480e+06   3.2409668e+01
   1.6771800e+06   2.4353027e+01
   1.6777710e+06   2.4780273e+01
   1.6789910e+06   2.3498535e+01
   1.6795730e+06   2.3437500e+01
   1.6807240e+06   2.6489258e+01
   1.6812870e+06   2.6977539e+01
   1.6818280e+06   2.3620605e+01
   1.6825080e+06   2.5146484e+01
   1.6836410e+06   2.6123047e+01
   1.6840500e+06   2.4658203e+01
   1.6853800e+06   2.4719238e+01
   1.6863440e+06   2.4719238e+01
   1.6871210e+06   2.6611328e+01
   1.6877820e+06   2.8137207e+01
   1.6884130e+06   2.4108887e+01
   1.6891270e+06   2.8015137e+01
   1.6897360e+06   2.6977539e+01
   1.6903240e+06   2.3864746e+01
   1.6914790e+06   2.6428223e+01
   1.6920190e+06   2.5512695e+01
   1.6923750e+06   2.5939941e+01
   1.6933870e+06   2.8869629e+01
   1.6939290e+06   2.4475098e+01
   1.6944140e+06   2.4963379e+01
   1.6953400e+06   2.7160645e+01
   1.6959110e+06   2.6306152e+01
   1.6964010e+06   2.7832031e+01
   1.6969300e+06   2.5390625e+01
   1.6982240e+06   2.6123047e+01
   1.6988460e+06   2.8320312e+01
   1.6993770e+06   2.3437500e+01
   1.7003160e+06   2.5268555e+01
   1.7014780e+06   2.9052734e+01
   1.7027200e+06   2.9235840e+01
   1.7033910e+06   2.4719238e+01
   1.7038370e+06   2.4719238e+01
   1.7043770e+06   2.5878906e+01
   1.7048850e+06   2.5573730e+01
   1.7055160e+06   2.3925781e+01
   1.7066930e+06   2.4353027e+01
   1.7072690e+06   2.4536133e+01
   1.7085870e+06   2.6489258e+01
   1.7090390e+06   2.4719238e+01
   1.7098460e+06   2.5451660e+01
   1.7111200e+06   2.4475098e+01
   1.7118990e+06   2.4353027e+01
   1.7124260e+06   2.6672363e+01
   1.7129670e+06   2.4475098e+01
   1.7134430e+06   2.3986816e+01
   1.7142330e+06   2.5695801e+01
   1.7152380e+06   2.5756836e+01
   1.7159190e+06   2.7221680e+01
   1.7165850e+06   2.7465820e+01
   1.7171910e+06   2.3559570e+01
   1.7181470e+06   2.4841309e+01
   1.7192050e+06   2.4353027e+01
   1.7196760e+06   2.4536133e+01
   1.7202110e+06   2.3498535e+01
   1.7209940e+06   2.8442383e+01
   1.7216380e+06   2.4475098e+01
   1.7222050e+06   2.7832031e+01
   1.7228520e+06   2.4658203e+01
   1.7239530e+06   2.7160645e+01
   1.7243210e+06   2.9602051e+01
   1.7248970e+06   2.5756836e+01
   1.7254740e+06   2.7648926e+01
   1.7260650e+06   2.5207520e+01
   1.7265200e+06   2.4230957e+01
   1.7271700e+06   2.6794434e+01
   1.7283520e+06   2.7038574e+01
   1.7289380e+06   2.7648926e+01
   1.7295210e+06   2.9052734e+01
   1.7299830e+06   2.4169922e+01
   1.7307080e+06   2.5024414e+01
   1.7312650e+06   2.5329590e+01
   1.7321490e+06   2.8747559e+01
   1.7326720e+06   2.3864746e+01
   1.7332060e+06   2.4169922e+01
   1.7338250e+06   2.5573730e+01
   1.7349580e+06   2.4963379e+01
   1.7355780e+06   2.5146484e+01
   1.7368880e+06   2.7282715e+01
   1.7376000e+06   2.4169922e+01
   1.7381730e+06   2.8686523e+01
   1.7387970e+06   2.4353027e+01
   1.7393820e+06   2.6550293e+01
   1.7414760e+06   2.3559570e+01
   1.7422100e+06   2.6916504e+01
   1.7426650e+06   2.4902344e+01
   1.7442040e+06   2.9907227e+01
   1.7450240e+06   2.6611328e+01
   1.7456500e+06   2.9663086e+01
   1.7467680e+06   2.6000977e+01
   1.7473120e+06   2.6916504e+01
   1.7480440e+06   2.4841309e+01
   1.7488320e+06   2.5390625e+01
   1.7496290e+06   2.4291992e+01
   1.7507840e+06   2.7343750e+01
   1.7515210e+06   2.6611328e+01
   1.7520450e+06   2.4108887e+01
   1.7529300e+06   2.4963379e+01
   1.7534730e+06   2.3864746e+01
   1.7542960e+06   2.9724121e+01
   1.7548050e+06   2.6367188e+01
   1.7554550e+06   2.9174805e+01
   1.7560970e+06   2.4047852e+01
   1.7566000e+06   2.3925781e+01
   1.7574850e+06   2.5146484e+01
   1.7582180e+06   2.7954102e+01
   1.7589210e+06   2.6611328e+01
   1.7595100e+06   2.6062012e+01
   1.7601390e+06   2.4597168e+01
   1.7620670e+06   2.3864746e+01
   1.7626430e+06   2.6611328e+01
   1.7631650e+06   2.5024414e+01
   1.7638580e+06   2.8991699e+01
   1.7650930e+06   2.8076172e+01
   1.7658270e+06   2.5024414e+01
   1.7666760e+06   2.4719238e+01
   1.7674880e+06   2.6306152e+01
   1.7681080e+06   2.5146484e+01
   1.7693040e+06   2.4230957e+01
   1.7699520e+06   2.7404785e+01
   1.7705290e+06   2.4291992e+01
   1.7717300e+06   2.6306152e+01
   1.7732720e+06   2.5451660e+01
   1.7749940e+06   2.4291992e+01
   1.7756560e+06   2.4414062e+01
   1.7763420e+06   2.5024414e+01
   1.7771360e+06   2.5817871e+01
   1.7778390e+06   3.2287598e+01
   1.7782990e+06   2.8442383e+01
   1.7791200e+06   2.5695801e+01
   1.7803100e+06   2.7526855e+01
   1.7809980e+06   2.4658203e+01
   1.7814530e+06   2.3498535e+01
   1.7823510e+06   2.8259277e+01
   1.7833310e+06   2.8808594e+01
   1.7838340e+06   2.4108887e+01
   1.7843150e+06   2.5573730e+01
   1.7850620e+06   2.4597168e+01
   1.7855290e+06   2.3864746e+01
   1.7865940e+06   2.7099609e+01
   1.7875110e+06   3.0212402e+01
   1.7880510e+06   2.3620605e+01
   1.7886000e+06   2.5878906e+01
   1.7892550e+06   2.9785156e+01
   1.7900040e+06   2.4963379e+01
   1.7912430e+06   2.8808594e+01
   1.7917140e+06   2.9968262e+01
   1.7926610e+06   2.5695801e+01
   1.7933750e+06   2.9907227e+01
   1.7939100e+06   2.4108887e+01
   1.7946270e+06   2.5329590e+01
   1.7962530e+06   2.4414062e+01
   1.7968880e+06   2.4841309e+01
   1.7974100e+06   2.7038574e+01
   1.7980930e+06   3.0334473e+01
   1.7986110e+06   2.9357910e+01
   1.7992580e+06   2.3742676e+01
   1.8001520e+06   2.9418945e+01
   1.8005590e+06   2.8869629e+01
   1.8013780e+06   2.3559570e+01
   1.8018090e+06   2.3559570e+01
   1.8022950e+06   2.4047852e+01
   1.8033900e+06   2.7648926e+01
   1.8040940e+06   2.4780273e+01
   1.8047600e+06   2.7770996e+01
   1.8057380e+06   2.7343750e+01
   1.8063640e+06   2.3620605e+01
   1.8073270e+06   2.5268555e+01
   1.8079320e+06   2.6062012e+01
   1.8085740e+06   2.8198242e+01
   1.8095780e+06   2.5451660e+01
   1.8101280e+06   2.3864746e+01
   1.8118410e+06   2.5451660e+01
   1.8123040e+06   2.3986816e+01
   1.8130410e+06   2.6794434e+01
   1.8140530e+06   2.5817871e+01
   1.8146400e+06   2.4230957e+01
   1.8154970e+06   2.4169922e+01
   1.8159980e+06   2.5085449e+01
   1.8164910e+06   2.5512695e+01
   1.8171080e+06   2.4780273e+01
   1.8180570e+06   2.6916504e+01
   1.8189390e+06   2.5573730e+01
   1.8193700e+06   2.6306152e+01
   1.8199690e+06   2.4475098e+01
   1.8210660e+06   2.6733398e+01
   1.8216160e+06   2.5573730e+01
   1.8226090e+06   2.6184082e+01
   1.8238900e+06   2.8137207e+01
   1.8244520e+06   2.6000977e+01
   1.8252600e+06   2.3986816e+01
   1.8259580e+06   2.5756836e+01
   1.8265540e+06   2.9541016e+01
   1.8270750e+06   2.8320312e+01
   1.8279110e+06   2.4475098e+01
   1.8284970e+06   2.4780273e+01
   1.8300490e+06   2.4780273e+01
   1.8306640e+06   2.6672363e+01
   1.8314520e+06   2.6489258e+01
   1.8330770e+06   2.6794434e+01
   1.8338690e+06   2.4291992e+01
   1.8345670e+06   2.4597168e+01
   1.8357320e+06   2.4536133e+01
   1.8362840e+06   2.3437500e+01
   1.8370330e+06   2.4719238e+01
   1.8377770e+06   3.0090332e+01
   1.8383160e+06   2.6916504e+01
   1.8392890e+06   2.5451660e+01
   1.8401730e+06   2.4414062e+01
   1.8410300e+06   2.5634766e+01
   1.8415700e+06   2.8076172e+01
   1.8423130e+06   2.5085449e+01
   1.8427640e+06   2.3986816e+01
   1.8434600e+06   2.5268555e+01
   1.8439230e+06   2.5146484e+01
   1.8445110e+06   2.5268555e+01
   1.8457570e+06   2.6977539e+01
   1.8470070e+06   2.5695801e+01
   1.8477610e+06   2.6184082e+01
   1.8482160e+06   2.7770996e+01
   1.8491260e+06   2.6855469e+01
   1.8503820e+06   2.4291992e+01
   1.8511770e+06   2.6184082e+01
   1.8518350e+06   2.6550293e+01
   1.8526840e+06   2.4047852e+01
   1.8532070e+06   2.6672363e+01
   1.8537030e+06   2.4841309e+01
   1.8544080e+06   2.9602051e+01
   1.8549650e+06   2.7526855e+01
   1.8559400e+06   2.7709961e+01
   1.8565030e+06   2.4353027e+01
   1.8570100e+06   2.7221680e+01
   1.8577770e+06   2.7770996e+01
   1.8583680e+06   2.4902344e+01
   1.8588630e+06   2.6977539e+01
   1.8597920e+06   3.0395508e+01
   1.8603320e+06   2.8869629e+01
   1.8612260e+06   2.3620605e+01
   1.8617120e+06   2.6794434e+01
   1.8624810e+06   2.6306152e+01
   1.8630660e+06   2.7893066e+01
   1.8638870e+06   2.6428223e+01
   1.8650870e+06   2.7465820e+01
   1.8655560e+06   2.5573730e+01
   1.8663030e+06   2.8686523e+01
   1.8673460e+06   2.9541016e+01
   1.8680030e+06   3.0700684e+01
   1.8688080e+06   2.6550293e+01
   1.8694820e+06   2.7404785e+01
   1.8700800e+06   2.6245117e+01
   1.8707460e+06   2.4719238e+01
   1.8712600e+06   3.0151367e+01
   1.8718970e+06   2.7221680e+01
   1.8725940e+06   2.8503418e+01
   1.8733410e+06   2.6733398e+01
   1.8742790e+06   2.4414062e+01
   1.8747130e+06   2.8015137e+01
   1.8759780e+06   2.6306152e+01
   1.8767230e+06   2.5573730e+01
   1.8773640e+06   2.5268555e+01
   1.8782500e+06   2.8869629e+01
   1.8793930e+06   2.3986816e+01
   1.8798070e+06   2.4047852e+01
   1.8803200e+06   2.5207520e+01
   1.8807890e+06   2.4658203e+01
   1.8817330e+06   2.5024414e+01
   1.8823200e+06   3.1555176e+01
   1.8831120e+06   2.3864746e+01
   1.8838140e+06   2.9174805e+01
   1.8843640e+06   2.8442383e+01
   1.8850580e+06   2.6062012e+01
   1.8854380e+06   2.4475098e+01
   1.8860560e+06   2.6855469e+01
   1.8868710e+06   2.3620605e+01
   1.8877460e+06   2.3681641e+01
   1.8886190e+06   2.8625488e+01
   1.8892760e+06   2.7160645e+01
   1.8897650e+06   3.4423828e+01
   1.8903600e+06   2.7465820e+01
   1.8911620e+06   2.5878906e+01
   1.8924730e+06   2.4780273e+01
   1.8930460e+06   2.6428223e+01
   1.8938180e+06   2.3986816e+01
   1.8957730e+06   2.6184082e+01
   1.8962640e+06   3.0822754e+01
   1.8969290e+06   2.4353027e+01
   1.8973930e+06   2.8198242e+01
   1.8979650e+06   2.8625488e+01
   1.8984940e+06   2.5939941e+01
   1.8990370e+06   2.5451660e+01
   1.8998150e+06   2.8198242e+01
   1.9008900e+06   2.6000977e+01
   1.9019560e+06   2.5146484e+01
   1.9024970e+06   2.3803711e+01
   1.9032070e+06   3.1494141e+01
   1.9036130e+06   2.4963379e+01
   1.9044890e+06   2.5817871e+01
   1.9053090e+06   2.6794434e+01
   1.9059060e+06   3.4362793e+01
   1.9064100e+06   2.7832031e+01
   1.9074470e+06   2.6611328e+01
   1.9080020e+06   2.3986816e+01
   1.9086300e+06   2.4047852e+01
   1.9095800e+06   2.5878906e+01
   1.9106620e+06   2.7038574e+01
   1.9117790e+06   2.9418945e+01
   1.9123510e+06   2.8930664e+01
   1.9129120e+06   2.6794434e+01
   1.9133980e+06   2.5024414e+01
   1.9140400e+06   2.4475098e+01
   1.9147560e+06   2.4658203e+01
   1.9154180e+06   2.3864746e+01
   1.9159460e+06   2.4719238e+01
   1.9165800e+06   2.4108887e+01
   1.9171480e+06   2.8625488e+01
   1.9182680e+06   2.3986816e+01
   1.9187220e+06   2.5207520e+01
   1.9192650e+06   2.6184082e+01
   1.9199100e+06   2.5146484e+01
   1.9204720e+06   2.4169922e+01
   1.9214910e+06   2.8381348e+01
   1.9219410e+06   2.5695801e+01
   1.9226360e+06   2.6306152e+01
   1.9231110e+06   2.5634766e+01
   1.9236660e+06   2.4291992e+01
   1.9242180e+06   2.6611328e+01
   1.9248210e+06   2.6977539e+01
   1.9254150e+06   2.7893066e+01
   1.9260550e+06   2.5024414e+01
   1.9266620e+06   2.5817871e+01
   1.9273140e+06   2.4169922e+01
   1.9279230e+06   3.0761719e+01
   1.9294040e+06   2.8259277e+01
   1.9303130e+06   2.3559570e+01
   1.9308730e+06   2.9174805e+01
   1.9314640e+06   2.5939941e+01
   1.9322610e+06   2.3620605e+01
   1.9333910e+06   2.3437500e+01
   1.9339980e+06   2.6855469e+01
   1.9347870e+06   2.4597168e+01
   1.9355770e+06   2.9479980e+01
   1.9367120e+06   2.6123047e+01
   1.9379770e+06   2.4169922e+01
   1.9384400e+06   2.6855469e+01
   1.9397300e+06   2.7343750e+01
   1.9402960e+06   2.9113770e+01
   1.9408970e+06   2.6062012e+01
   1.9420670e+06   2.4475098e+01
   1.9426400e+06   2.4780273e+01
   1.9431130e+06   2.6916504e+01
   1.9438690e+06   2.5207520e+01
   1.9445730e+06   2.6794434e+01
   1.9454380e+06   2.6062012e+01
   1.9463910e+06   2.6794434e+01
   1.9471140e+06   2.7221680e+01
   1.9476440e+06   2.7587891e+01
   1.9481980e+06   2.6794434e+01
   1.9486040e+06   2.9235840e+01
   1.9490980e+06   2.6123047e+01
   1.9501730e+06   2.3681641e+01
   1.9507980e+06   2.3498535e+01
   1.9516870e+06   2.6611328e+01
   1.9522770e+06   2.4902344e+01
   1.9527430e+06   2.5268555e+01
   1.9532430e+06   2.6428223e+01
   1.9547880e+06   2.7526855e+01
   1.9553100e+06   2.5634766e+01
   1.9560540e+06   2.8137207e+01
   1.9565540e+06   2.3559570e+01
   1.9577930e+06   2.3925781e+01
   1.9585360e+06   2.6489258e+01
   1.9590970e+06   2.5268555e+01
   1.9597980e+06   2.4108887e+01
   1.9602870e+06   2.7709961e+01
   1.9607930e+06   2.3437500e+01
   1.9615170e+06   2.7160645e+01
   1.9622290e+06   2.6794434e+01
   1.9631840e+06   2.3803711e+01
   1.9636910e+06   2.4414062e+01
   1.9652140e+06   2.3620605e+01
   1.9657430e+06   2.4536133e+01
   1.9670630e+06   2.7526855e+01
   1.9675430e+06   2.5634766e+01
   1.9694840e+06   2.3803711e+01
   1.9700470e+06   2.4475098e+01
   1.9716590e+06   2.6184082e+01
   1.9721800e+06   2.3498535e+01
   1.9728240e+06   2.4597168e+01
   1.9735600e+06   2.3437500e+01
   1.9741540e+06   2.9541016e+01
   1.9750000e+06   2.3803711e+01
   1.9755530e+06   2.4475098e+01
   1.9761770e+06   2.5573730e+01
   1.9772340e+06   2.7099609e+01
   1.9780980e+06   2.3925781e+01
   1.9788650e+06   2.7404785e+01
   1.9794740e+06   2.3681641e+01
   1.9802680e+06   2.7648926e+01
   1.9808920e+06   2.5695801e+01
   1.9816320e+06   2.5634766e+01
   1.9833350e+06   2.6733398e+01
   1.9840360e+06   2.8137207e+01
   1.9845950e+06   2.7587891e+01
   1.9851460e+06   2.7282715e+01
   1.9857470e+06   2.6123047e+01
   1.9863870e+06   2.6794434e+01
   1.9870160e+06   2.4658203e+01
   1.9877990e+06   2.6184082e+01
   1.9884690e+06   2.5573730e+01
   1.9892130e+06   2.7954102e+01
   1.9903440e+06   2.8991699e+01
   1.9908450e+06   3.0944824e+01
   1.9912340e+06   2.8381348e+01
   1.9920650e+06   2.6489258e+01
   1.9928040e+06   2.3437500e+01
   1.9940950e+06   3.0517578e+01
   1.9947840e+06   2.4475098e+01
   1.9956290e+06   2.7282715e+01
   1.9968270e+06   2.4108887e+01
   1.9974930e+06   2.6611328e+01
   1.9980570e+06   2.8015137e+01
   1.9986480e+06   2.4658203e+01
   1.9995730e+06   2.4291992e+01
   2.0000800e+06   2.3681641e+01
   2.0007210e+06   2.6855469e+01
   2.0019040e+06   2.3986816e+01
   2.0025160e+06   2.3864746e+01
   2.0031750e+06   2.7770996e+01
   2.0042430e+06   2.3742676e+01
   2.0051000e+06   3.1127930e+01
   2.0057070e+06   2.6733398e+01
   2.0065390e+06   2.6916504e+01
   2.0069660e+06   2.5573730e+01
   2.0075550e+06   2.5451660e+01
   2.0081450e+06   2.6000977e+01
   2.0090480e+06   2.8930664e+01
   2.0097550e+06   2.3437500e+01
   2.0106690e+06   2.5268555e+01
   2.0112370e+06   2.7099609e+01
   2.0128440e+06   3.0822754e+01
   2.0142000e+06   2.7465820e+01
   2.0150170e+06   2.5268555e+01
   2.0160120e+06   2.3437500e+01
   2.0167000e+06   2.8198242e+01
   2.0173460e+06   2.5512695e+01
   2.0178740e+06   2.8137207e+01
   2.0193800e+06   2.5268555e+01
   2.0202770e+06   3.0212402e+01
   2.0209560e+06   2.6062012e+01
   2.0215900e+06   2.4230957e+01
   2.0229010e+06   2.4108887e+01
   2.0236540e+06   2.5329590e+01
   2.0241870e+06   2.9235840e+01
   2.0249250e+06   2.5268555e+01
   2.0255180e+06   2.8503418e+01
   2.0267080e+06   2.8320312e+01
   2.0272680e+06   2.9724121e+01
   2.0286470e+06   2.3620605e+01
   2.0299850e+06   2.3803711e+01
   2.0308790e+06   2.4597168e+01
   2.0313290e+06   2.5939941e+01
   2.0327010e+06   2.4475098e+01
   2.0331320e+06   2.4047852e+01
   2.0337730e+06   2.6000977e+01
   2.0342950e+06   2.4536133e+01
   2.0348100e+06   2.5024414e+01
   2.0356580e+06   2.3925781e+01
   2.0364230e+06   2.9296875e+01
   2.0371290e+06   2.4169922e+01
   2.0375700e+06   2.3559570e+01
   2.0395820e+06   2.6855469e+01
   2.0408070e+06   2.4353027e+01
   2.0413420e+06   2.6123047e+01
   2.0420450e+06   2.5878906e+01
   2.0427010e+06   2.7099609e+01
   2.0434330e+06   3.0639648e+01
   2.0448030e+06   2.6184082e+01
   2.0454000e+06   2.5451660e+01
   2.0462240e+06   3.4667969e+01
   2.0471140e+06   2.4108887e+01
   2.0477170e+06   2.7648926e+01
   2.0490440e+06   2.4902344e+01
   2.0496580e+06   2.7343750e+01
   2.0504450e+06   2.9785156e+01
   2.0511070e+06   2.6977539e+01
   2.0520100e+06   2.9296875e+01
   2.0533580e+06   2.8686523e+01
   2.0538270e+06   2.5024414e+01
   2.0544910e+06   2.5085449e+01
   2.0552360e+06   2.5207520e+01
   2.0559720e+06   2.5207520e+01
   2.0566740e+06   2.4780273e+01
   2.0572190e+06   2.4475098e+01
   2.0579870e+06   2.9113770e+01
   2.0587450e+06   2.5146484e+01
   2.0599320e+06   2.5817871e+01
   2.0605170e+06   3.1250000e+01
   2.0613550e+06   2.8076172e+01
   2.0620270e+06   2.9357910e+01
   2.0628110e+06   2.4597168e+01
   2.0636060e+06   2.3803711e+01
   2.0644340e+06   2.6977539e+01
   2.0653750e+06   2.7099609e+01
   2.0659460e+06   2.4353027e+01
   2.0665480e+06   2.4841309e+01
   2.0670830e+06   2.6733398e+01
   2.0677010e+06   2.7099609e+01
   2.0683920e+06   2.4291992e+01
   2.0688800e+06   2.4902344e+01
   2.0698290e+06   3.2104492e+01
   2.0707390e+06   2.6611328e+01
   2.0717230e+06   2.4108887e+01
   2.0725320e+06   2.8747559e+01
   2.0733350e+06   2.6184082e+01
   2.0746750e+06   2.5085449e+01
   2.0752900e+06   2.6306152e+01
   2.0771520e+06   2.7709961e+01
   2.0778310e+06   2.4108887e+01
   2.0784120e+06   2.5451660e+01
   2.0790900e+06   2.4475098e+01
   2.0798780e+06   3.2043457e+01
   2.0807550e+06   2.3803711e+01
   2.0813800e+06   2.5939941e+01
   2.0821930e+06   2.4230957e+01
   2.0829080e+06   2.7404785e+01
   2.0840830e+06   2.7709961e+01
   2.0847410e+06   2.5451660e+01
   2.0861620e+06   2.4780273e+01
   2.0868510e+06   2.3620605e+01
   2.0877820e+06   2.6062012e+01
   2.0889260e+06   2.4230957e+01
   2.0895160e+06   2.3925781e+01
   2.0904090e+06   2.5878906e+01
   2.0911980e+06   2.4719238e+01
   2.0916570e+06   2.5329590e+01
   2.0922570e+06   2.4169922e+01
   2.0933070e+06   2.3681641e+01
   2.0938190e+06   2.3559570e+01
   2.0945530e+06   2.5390625e+01
   2.0951310e+06   2.4597168e+01
   2.0971640e+06   2.5146484e+01
   2.0981220e+06   3.0151367e+01
   2.0989030e+06   2.6000977e+01
   2.0994300e+06   2.4353027e+01
   2.1008660e+06   2.3559570e+01
   2.1013910e+06   2.6916504e+01
   2.1025360e+06   2.9357910e+01
   2.1032530e+06   2.3620605e+01
   2.1039430e+06   2.4780273e+01
   2.1044610e+06   2.6977539e+01
   2.1049820e+06   2.4169922e+01
   2.1055280e+06   2.3620605e+01
   2.1063950e+06   2.9235840e+01
   2.1071940e+06   2.5756836e+01
   2.1080210e+06   2.7099609e+01
   2.1087070e+06   2.4047852e+01
   2.1093510e+06   2.7465820e+01
   2.1101260e+06   2.4414062e+01
   2.1107340e+06   2.4353027e+01
   2.1119700e+06   2.8991699e+01
   2.1127150e+06   2.7038574e+01
   2.1134460e+06   2.7526855e+01
   2.1146360e+06   2.7832031e+01
   2.1155170e+06   2.4047852e+01
   2.1164850e+06   2.4353027e+01
   2.1170820e+06   2.3559570e+01
   2.1181400e+06   2.3803711e+01
   2.1187430e+06   3.1677246e+01
   2.1193370e+06   2.9724121e+01
   2.1199820e+06   2.7038574e+01
   2.1205220e+06   2.6245117e+01
   2.1214810e+06   2.3559570e+01
   2.1221420e+06   2.5390625e+01
   2.1232160e+06   2.5939941e+01
   2.1237430e+06   2.6245117e+01
   2.1244580e+06   2.7770996e+01
   2.1250510e+06   2.5451660e+01
   2.1259950e+06   2.5146484e+01
   2.1264660e+06   2.4658203e+01
   2.1273980e+06   2.4169922e+01
   2.1279530e+06   2.4841309e+01
   2.1287940e+06   2.7038574e+01
   2.1296670e+06   2.6550293e+01
   2.1301940e+06   2.4047852e+01
   2.1306610e+06   3.0212402e+01
   2.1316810e+06   3.2226562e+01
   2.1334410e+06   2.9235840e+01
   2.1339450e+06   2.3559570e+01
   2.1354220e+06   2.6306152e+01
   2.1360530e+06   2.4902344e+01
   2.1366500e+06   2.4963379e+01
   2.1375260e+06   2.6367188e+01
   2.1380970e+06   2.4902344e+01
   2.1390660e+06   2.5024414e+01
   2.1402440e+06   2.7648926e+01
   2.1416150e+06   2.5695801e+01
   2.1421160e+06   2.6794434e+01
   2.1430720e+06   2.7587891e+01
   2.1436230e+06   2.4169922e+01
   2.1442660e+06   2.4963379e+01
   2.1449030e+06   2.7221680e+01
   2.1462690e+06   2.7587891e+01
   2.1477430e+06   2.3620605e+01
   2.1482970e+06   2.5329590e+01
   2.1498210e+06   2.5085449e+01
   2.1509970e+06   2.4475098e+01
   2.1519470e+06   2.6123047e+01
   2.1529860e+06   2.4230957e+01
   2.1537690e+06   2.4963379e+01
   2.1549470e+06   2.6489258e+01
   2.1555110e+06   2.6489258e+01
   2.1569720e+06   2.7343750e+01
   2.1576230e+06   2.3803711e+01
   2.1585650e+06   2.4841309e+01
   2.1592920e+06   2.5939941e+01
   2.1598960e+06   2.7526855e+01
   2.1605700e+06   2.7832031e+01
   2.1613480e+06   2.8442383e+01
   2.1622940e+06   2.9113770e+01
   2.1628770e+06   2.4169922e+01
   2.1648360e+06   2.4169922e+01
   2.1654200e+06   2.5695801e+01
   2.1659770e+06   2.9602051e+01
   2.1672700e+06   2.5756836e+01
   2.1678240e+06   2.4658203e+01
   2.1684960e+06   2.3437500e+01
   2.1693260e+06   2.5573730e+01
   2.1703700e+06   2.3986816e+01
   2.1711760e+06   2.3559570e+01
   2.1719260e+06   2.5268555e+01
   2.1725730e+06   2.4291992e+01
   2.1731490e+06   2.6672363e+01
   2.1743120e+06   2.3986816e+01
   2.1748060e+06   2.5085449e+01
   2.1755660e+06   2.7709961e+01
   2.1764170e+06   2.4902344e+01
   2.1768560e+06   2.6245117e+01
   2.1776750e+06   2.4597168e+01
   2.1782810e+06   2.8198242e+01
   2.1788470e+06   2.3620605e+01
   2.1803760e+06   2.7343750e+01
   2.1813600e+06   2.5268555e+01
   2.1822660e+06   2.5207520e+01
   2.1830220e+06   2.8808594e+01
   2.1837680e+06   2.4291992e+01
   2.1843210e+06   2.5939941e+01
   2.1849350e+06   2.6489258e+01
   2.1856580e+06   2.3437500e+01
   2.1868180e+06   2.5634766e+01
   2.1879850e+06   2.7160645e+01
   2.1884680e+06   2.7038574e+01
   2.1890810e+06   2.7954102e+01
   2.1899140e+06   2.3925781e+01
   2.1905090e+06   2.6184082e+01
   2.1916470e+06   2.7893066e+01
   2.1921740e+06   2.5268555e+01
   2.1926820e+06   2.9235840e+01
   2.1951800e+06   3.0029297e+01
   2.1957950e+06   2.4475098e+01
   2.1962970e+06   2.6428223e+01
   2.1969720e+06   2.3742676e+01
   2.1979560e+06   2.5451660e+01
   2.1985270e+06   2.5634766e+01
   2.1991800e+06   2.7526855e+01
   2.1998100e+06   2.5451660e+01
   2.2003840e+06   2.6550293e+01
   2.2010270e+06   2.6733398e+01
   2.2027070e+06   3.3203125e+01
   2.2035500e+06   2.5390625e+01
   2.2041670e+06   2.4536133e+01
   2.2047330e+06   2.4230957e+01
   2.2056730e+06   2.3803711e+01
   2.2061870e+06   2.8320312e+01
   2.2069670e+06   2.5207520e+01
   2.2079150e+06   2.6062012e+01
   2.2087450e+06   2.6123047e+01
   2.2092650e+06   2.5024414e+01
   2.2107980e+06   2.6245117e+01
   2.2113070e+06   2.8625488e+01
   2.2120930e+06   3.1005859e+01
   2.2129540e+06   2.3681641e+01
   2.2136430e+06   2.6062012e+01
   2.2142630e+06   2.6794434e+01
   2.2148790e+06   2.4169922e+01
   2.2159400e+06   2.6733398e+01
   2.2168780e+06   2.6245117e+01
   2.2185670e+06   2.3498535e+01
   2.2191620e+06   2.5939941e+01
   2.2201320e+06   2.4230957e+01
   2.2208030e+06   2.5024414e+01
   2.2216340e+06   2.7343750e+01
   2.2223690e+06   2.7099609e+01
   2.2233470e+06   2.4841309e+01
   2.2243360e+06   2.5451660e+01
   2.2248970e+06   2.7282715e+01
   2.2258890e+06   2.6794434e+01
   2.2266080e+06   2.7709961e+01
   2.2271690e+06   3.2897949e+01
   2.2287190e+06   2.6367188e+01
   2.2293760e+06   2.5451660e+01
   2.2307760e+06   2.8503418e+01
   2.2312970e+06   2.3620605e+01
   2.2318760e+06   2.8625488e+01
   2.2330050e+06   2.5573730e+01
   2.2334910e+06   3.0944824e+01
   2.2342130e+06   2.6733398e+01
   2.2349100e+06   2.4963379e+01
   2.2355680e+06   2.3864746e+01
   2.2362890e+06   2.6855469e+01
   2.2368450e+06   2.7404785e+01
   2.2372820e+06   3.1066895e+01
   2.2381400e+06   2.4536133e+01
   2.2390300e+06   2.5390625e+01
   2.2396880e+06   3.0578613e+01
   2.2404470e+06   2.7770996e+01
   2.2413630e+06   2.5817871e+01
   2.2423030e+06   2.8442383e+01
   2.2430120e+06   2.4475098e+01
   2.2440830e+06   2.3559570e+01
   2.2447570e+06   2.3986816e+01
   2.2458890e+06   2.5390625e+01
   2.2467550e+06   2.6550293e+01
   2.2475230e+06   2.3803711e+01
   2.2482490e+06   2.6123047e+01
   2.2488740e+06   2.9907227e+01
   2.2499310e+06   2.5573730e+01
   2.2504970e+06   2.7770996e+01
   2.2512520e+06   2.6611328e+01
   2.2517720e+06   2.4963379e+01
   2.2526400e+06   2.4414062e+01
   2.2536010e+06   2.4780273e+01
   2.2543110e+06   3.1555176e+01
   2.2550430e+06   2.5390625e+01
   2.2556100e+06   2.8076172e+01
   2.2561460e+06   2.5085449e+01
   2.2571760e+06   2.4108887e+01
   2.2576700e+06   2.7526855e+01
   2.2586210e+06   2.6428223e+01
   2.2593740e+06   2.5329590e+01
   2.2613500e+06   2.3864746e+01
   2.2619220e+06   2.3620605e+01
   2.2625890e+06   2.3925781e+01
   2.2632520e+06   2.5329590e+01
   2.2646730e+06   2.8137207e+01
   2.2652230e+06   2.7954102e+01
   2.2666910e+06   2.4841309e+01
   2.2687480e+06   3.0090332e+01
   2.2707010e+06   2.5207520e+01
   2.2712370e+06   2.6794434e+01
   2.2719770e+06   2.7160645e+01
   2.2726240e+06   2.3437500e+01
   2.2732570e+06   2.7709961e+01
   2.2741050e+06   2.5817871e+01
   2.2747390e+06   2.5390625e+01
   2.2756730e+06   2.5451660e+01
   2.2763900e+06   3.1127930e+01
   2.2771310e+06   2.7954102e+01
   2.2782010e+06   2.4658203e+01
   2.2788750e+06   2.3559570e+01
   2.2794890e+06   3.1127930e+01
   2.2799650e+06   3.1066895e+01
   2.2806250e+06   2.6672363e+01
   2.2818910e+06   2.3681641e+01
   2.2825490e+06   2.3986816e+01
   2.2834290e+06   2.6123047e+01
   2.2844830e+06   2.4780273e+01
   2.2851240e+06   2.5634766e+01
   2.2873580e+06   2.5878906e+01
   2.2878470e+06   3.0151367e+01
   2.2892120e+06   2.7404785e+01
   2.2897780e+06   2.7526855e+01
   2.2905500e+06   2.3986816e+01
   2.2916660e+06   2.6367188e+01
   2.2926910e+06   2.5939941e+01
   2.2936980e+06   3.0639648e+01
   2.2943500e+06   2.5878906e+01
   2.2949240e+06   2.5817871e+01
   2.2954430e+06   2.3986816e+01
   2.2969320e+06   2.4719238e+01
   2.2981600e+06   3.0212402e+01
   2.2990370e+06   2.4291992e+01
   2.2999160e+06   2.6062012e+01
   2.3004500e+06   2.6428223e+01
   2.3012060e+06   2.4108887e+01
   2.3017560e+06   2.5329590e+01
   2.3033930e+06   2.6794434e+01
   2.3046980e+06   2.5939941e+01
   2.3053600e+06   2.6489258e+01
   2.3059860e+06   2.5024414e+01
   2.3069700e+06   2.5268555e+01
   2.3076180e+06   2.6489258e+01
   2.3086180e+06   2.7893066e+01
   2.3096710e+06   2.4230957e+01
   2.3107910e+06   2.6733398e+01
   2.3116130e+06   2.6306152e+01
   2.3121620e+06   2.7954102e+01
   2.3128150e+06   2.9785156e+01
   2.3142080e+06   2.4658203e+01
   2.3151280e+06   2.9235840e+01
   2.3159820e+06   2.5329590e+01
   2.3165390e+06   2.7648926e+01
   2.3171690e+06   2.3559570e+01
   2.3178530e+06   2.8747559e+01
   2.3188350e+06   2.4963379e+01
   2.3195790e+06   2.6184082e+01
   2.3200420e+06   2.3803711e+01
   2.3206760e+06   2.4658203e+01
   2.3221110e+06   2.4902344e+01
   2.3227770e+06   2.7709961e+01
   2.3233310e+06   2.4230957e+01
   2.3242110e+06   2.4658203e+01
   2.3254900e+06   2.5451660e+01
   2.3258650e+06   2.6367188e+01
   2.3268900e+06   2.7099609e+01
   2.3275690e+06   2.4414062e+01
   2.3286380e+06   2.5085449e+01
   2.3296950e+06   2.5512695e+01
   2.3303680e+06   2.6062012e+01
   2.3317880e+06   2.6611328e+01
   2.3323390e+06   2.3925781e+01
   2.3336390e+06   2.3986816e+01
   2.3352380e+06   2.9357910e+01
   2.3357130e+06   2.9235840e+01
   2.3366130e+06   2.3986816e+01
   2.3373510e+06   2.5085449e+01
   2.3384820e+06   2.5451660e+01
   2.3393120e+06   2.3498535e+01
   2.3398180e+06   2.3620605e+01
   2.3408120e+06   2.5573730e+01
   2.3412750e+06   2.6794434e+01
   2.3436980e+06   2.5756836e+01
   2.3446860e+06   2.6977539e+01
   2.3457990e+06   2.5329590e+01
   2.3466370e+06   2.4597168e+01
   2.3472270e+06   2.4902344e+01
   2.3480120e+06   2.6611328e+01
   2.3487760e+06   2.6550293e+01
   2.3494540e+06   2.3864746e+01
   2.3501180e+06   2.4902344e+01
   2.3505750e+06   2.5329590e+01
   2.3514960e+06   2.7648926e+01
   2.3523910e+06   2.3437500e+01
   2.3530620e+06   2.4597168e+01
   2.3541630e+06   3.5827637e+01
   2.3546800e+06   2.3742676e+01
   2.3553350e+06   3.1188965e+01
   2.3563880e+06   2.4719238e+01
   2.3572260e+06   3.0822754e+01
   2.3578420e+06   2.3559570e+01
   2.3585340e+06   2.5939941e+01
   2.3593600e+06   2.6672363e+01
   2.3598420e+06   3.0090332e+01
   2.3620190e+06   3.1921387e+01
   2.3636160e+06   2.8442383e+01
   2.3652540e+06   2.9052734e+01
   2.3657140e+06   2.3742676e+01
   2.3668990e+06   2.4108887e+01
   2.3677950e+06   2.3986816e+01
   2.3684370e+06   2.5085449e+01
   2.3692180e+06   2.4719238e+01
   2.3698670e+06   3.2531738e+01
   2.3704250e+06   2.6000977e+01
   2.3718420e+06   2.8625488e+01
   2.3725220e+06   2.4353027e+01
   2.3734010e+06   2.6916504e+01
   2.3742740e+06   2.5451660e+01
   2.3753370e+06   2.3925781e+01
   2.3771500e+06   2.9602051e+01
   2.3775470e+06   2.7160645e+01
   2.3781390e+06   2.7099609e+01
   2.3789630e+06   2.3864746e+01
   2.3795170e+06   2.9296875e+01
   2.3800630e+06   2.7099609e+01
   2.3809100e+06   2.7587891e+01
   2.3821120e+06   2.8076172e+01
   2.3827140e+06   2.5756836e+01
   2.3833660e+06   2.3864746e+01
   2.3841520e+06   2.6611328e+01
   2.3847330e+06   2.5817871e+01
   2.3866570e+06   2.7587891e+01
   2.3871900e+06   2.6000977e+01
   2.3881320e+06   2.5329590e+01
   2.3886820e+06   2.4597168e+01
   2.3893720e+06   2.7648926e+01
   2.3901740e+06   2.7465820e+01
   2.3908960e+06   2.8686523e+01
   2.3915610e+06   2.5207520e+01
   2.3921880e+06   2.8930664e+01
   2.3929130e+06   2.5024414e+01
   2.3935100e+06   2.8625488e+01
   2.3941290e+06   2.3925781e+01
   2.3948690e+06   2.5756836e+01
   2.3955380e+06   2.5451660e+01
   2.3963420e+06   2.6184082e+01
   2.3970170e+06   2.4963379e+01
   2.3975010e+06   2.4536133e+01
   2.3982450e+06   2.6672363e+01
   2.3988180e+06   2.5329590e+01
   2.3994510e+06   2.5634766e+01
   2.4001980e+06   2.7770996e+01
   2.4009420e+06   2.8381348e+01
   2.4020340e+06   2.3498535e+01
   2.4026840e+06   2.7648926e+01
   2.4033830e+06   2.5756836e+01
   2.4053100e+06   2.8869629e+01
   2.4059630e+06   3.5034180e+01
   2.4067720e+06   2.4658203e+01
   2.4077910e+06   2.3864746e+01
   2.4097160e+06   2.6550293e+01
   2.4108270e+06   2.8930664e+01
   2.4113960e+06   2.7038574e+01
   2.4123420e+06   2.4719238e+01
   2.4129170e+06   2.5939941e+01
   2.4138540e+06   2.5146484e+01
   2.4144220e+06   2.8320312e+01
   2.4152780e+06   2.7343750e+01
   2.4160180e+06   2.5634766e+01
   2.4169010e+06   2.5329590e+01
   2.4174370e+06   2.6489258e+01
   2.4182310e+06   2.3681641e+01
   2.4188400e+06   2.7526855e+01
   2.4195490e+06   2.4291992e+01
   2.4202150e+06   2.5085449e+01
   2.4210250e+06   2.5085449e+01
   2.4217520e+06   2.5207520e+01
   2.4229070e+06   2.8442383e+01
   2.4235980e+06   2.8137207e+01
   2.4243760e+06   2.3803711e+01
   2.4250150e+06   2.4658203e+01
   2.4261980e+06   2.9846191e+01
   2.4269980e+06   2.7038574e+01
   2.4284550e+06   2.4353027e+01
   2.4298500e+06   3.3142090e+01
   2.4304780e+06   2.8320312e+01
   2.4315280e+06   2.9418945e+01
   2.4320760e+06   2.5939941e+01
   2.4326610e+06   2.7954102e+01
   2.4332210e+06   2.7893066e+01
   2.4338480e+06   2.6428223e+01
   2.4345160e+06   2.6000977e+01
   2.4355970e+06   2.6428223e+01
   2.4363120e+06   2.6977539e+01
   2.4381530e+06   2.8076172e+01
   2.4390780e+06   2.7404785e+01
   2.4396350e+06   3.2348633e+01
   2.4410050e+06   2.5634766e+01
   2.4416150e+06   2.4841309e+01
   2.4422960e+06   2.4291992e+01
   2.4428620e+06   2.4658203e+01
   2.4440940e+06   2.5634766e+01
   2.4449690e+06   2.3559570e+01
   2.4459980e+06   2.8381348e+01
   2.4467860e+06   2.4414062e+01
   2.4478410e+06   2.5024414e+01
   2.4490840e+06   2.7221680e+01
   2.4499830e+06   2.3986816e+01
   2.4507530e+06   2.5939941e+01
   2.4515210e+06   2.6062012e+01
   2.4524260e+06   2.7404785e+01
   2.4541350e+06   2.5939941e+01
   2.4554250e+06   2.5695801e+01
   2.4561380e+06   2.3742676e+01
   2.4566990e+06   2.4780273e+01
   2.4574680e+06   2.4291992e+01
   2.4582950e+06   2.8137207e+01
   2.4590230e+06   2.4780273e+01
   2.4597840e+06   2.9785156e+01
   2.4608680e+06   2.6306152e+01
   2.4623050e+06   2.4230957e+01
   2.4627640e+06   2.9418945e+01
   2.4634140e+06   2.4414062e+01
   2.4640090e+06   2.5207520e+01
   2.4649660e+06   2.4230957e+01
   2.4654540e+06   2.6611328e+01
   2.4659910e+06   2.4169922e+01
   2.4672920e+06   2.6855469e+01
   2.4679760e+06   2.7526855e+01
   2.4686470e+06   2.6855469e+01
   2.4692520e+06   2.9174805e+01
   2.4701380e+06   3.0639648e+01
   2.4707480e+06   2.3498535e+01
   2.4713830e+06   2.6245117e+01
   2.4726610e+06   2.6489258e+01
   2.4738420e+06   2.4536133e+01
   2.4743800e+06   2.5207520e+01
   2.4748250e+06   2.4841309e+01
   2.4757640e+06   2.6611328e+01
   2.4763010e+06   2.4414062e+01
   2.4766900e+06   2.5451660e+01
   2.4776950e+06   2.4536133e+01
   2.4782930e+06   2.6306152e+01
   2.4790200e+06   2.3681641e+01
   2.4795910e+06   2.5573730e+01
   2.4805070e+06   2.4536133e+01
   2.4813420e+06   2.4475098e+01
   2.4819580e+06   2.5329590e+01
   2.4825850e+06   2.5329590e+01
   2.4837240e+06   2.5939941e+01
   2.4842660e+06   2.3620605e+01
   2.4851450e+06   2.5146484e+01
   2.4858030e+06   2.7893066e+01
   2.4866750e+06   2.8808594e+01
   2.4874700e+06   2.5573730e+01
   2.4879500e+06   2.6184082e+01
   2.4894690e+06   3.1799316e+01
   2.4899640e+06   2.5634766e+01
   2.4906220e+06   2.6855469e+01
   2.4910980e+06   2.3498535e+01
   2.4928030e+06   2.6184082e+01
   2.4941500e+06   2.6672363e+01
   2.4948970e+06   2.6855469e+01
   2.4957380e+06   2.9846191e+01
   2.4973220e+06   2.3559570e+01
   2.4977420e+06   2.6123047e+01
   2.4985060e+06   2.4108887e+01
   2.4995230e+06   2.6489258e+01
   2.5009850e+06   2.3742676e+01
   2.5020010e+06   2.9174805e+01
   2.5025970e+06   2.3559570e+01
   2.5038890e+06   2.5390625e+01
   2.5043720e+06   2.7099609e+01
   2.5049070e+06   2.3620605e+01
   2.5060930e+06   2.4475098e+01
   2.5069490e+06   2.8808594e+01
   2.5076390e+06   2.5573730e+01
   2.5082020e+06   2.4475098e+01
   2.5093370e+06   2.3864746e+01
   2.5099320e+06   2.7465820e+01
   2.5105690e+06   2.6611328e+01
   2.5113740e+06   2.5939941e+01
   2.5119140e+06   2.4536133e+01
   2.5125410e+06   2.7709961e+01
   2.5132020e+06   2.5451660e+01
   2.5141860e+06   2.9846191e+01
   2.5148020e+06   2.7954102e+01
   2.5155910e+06   2.6184082e+01
   2.5163480e+06   2.5146484e+01
   2.5169460e+06   2.8076172e+01
   2.5176350e+06   3.0456543e+01
   2.5189290e+06   2.9541016e+01
   2.5194470e+06   2.4230957e+01
   2.5201120e+06   2.9907227e+01
   2.5208910e+06   2.4169922e+01
   2.5214120e+06   3.0151367e+01
   2.5225660e+06   2.4169922e+01
   2.5232550e+06   2.4047852e+01
   2.5242970e+06   2.6000977e+01
   2.5248380e+06   2.3742676e+01
   2.5256440e+06   2.5756836e+01
   2.5268630e+06   2.4597168e+01
   2.5273580e+06   2.5634766e+01
   2.5278720e+06   2.4475098e+01
   2.5287790e+06   2.7099609e+01
   2.5302160e+06   2.8991699e+01
   2.5308640e+06   2.4536133e+01
   2.5314240e+06   2.4108887e+01
   2.5320160e+06   2.4230957e+01
   2.5327900e+06   2.8991699e+01
   2.5335570e+06   2.7770996e+01
   2.5348280e+06   2.6916504e+01
   2.5358250e+06   2.6184082e+01
   2.5365730e+06   2.3620605e+01
   2.5375500e+06   2.5573730e+01
   2.5382190e+06   3.0090332e+01
   2.5393320e+06   2.4169922e+01
   2.5398880e+06   2.4108887e+01
   2.5403840e+06   2.7709961e+01
   2.5409000e+06   2.3681641e+01
   2.5419220e+06   2.5024414e+01
   2.5433920e+06   2.4658203e+01
   2.5441500e+06   2.9785156e+01
   2.5449850e+06   2.3925781e+01
   2.5454320e+06   2.3681641e+01
   2.5464440e+06   2.8625488e+01
   2.5484120e+06   2.5268555e+01
   2.5491280e+06   2.5756836e+01
   2.5497450e+06   2.7709961e+01
   2.5504020e+06   3.0883789e+01
   2.5509950e+06   2.5756836e+01
   2.5516560e+06   2.8259277e+01
   2.5531950e+06   2.9357910e+01
   2.5536180e+06   2.6367188e+01
   2.5541970e+06   2.6672363e+01
   2.5547340e+06   2.4475098e+01
   2.5552240e+06   2.5573730e+01
   2.5559620e+06   2.7343750e+01
   2.5565310e+06   2.9541016e+01
   2.5573470e+06   2.5085449e+01
   2.5578530e+06   2.9602051e+01
   2.5591840e+06   2.8991699e+01
   2.5600190e+06   2.4780273e+01
   2.5613280e+06   2.5085449e+01
   2.5619700e+06   2.6000977e+01
   2.5624950e+06   2.4475098e+01
   2.5631500e+06   2.5695801e+01
   2.5637370e+06   2.6855469e+01
   2.5650470e+06   2.6367188e+01
   2.5656190e+06   2.6550293e+01
   2.5667870e+06   2.8991699e+01
   2.5672050e+06   2.3498535e+01
   2.5682040e+06   2.6306152e+01
   2.5687110e+06   2.7221680e+01
   2.5693030e+06   2.9724121e+01
   2.5700010e+06   2.4780273e+01
   2.5704830e+06   2.3986816e+01
   2.5711130e+06   2.3742676e+01
   2.5716160e+06   2.4658203e+01
   2.5720590e+06   2.6489258e+01
   2.5727270e+06   2.7587891e+01
   2.5731960e+06   2.6184082e+01
   2.5739990e+06   2.8869629e+01
   2.5747770e+06   2.5878906e+01
   2.5761840e+06   2.7038574e+01
   2.5771340e+06   2.6367188e+01
   2.5775640e+06   2.5085449e+01
   2.5780530e+06   3.1127930e+01
   2.5788850e+06   2.3864746e+01
   2.5797700e+06   2.7404785e+01
   2.5803610e+06   2.3437500e+01
   2.5809300e+06   2.3681641e+01
   2.5815990e+06   2.4353027e+01
   2.5833240e+06   2.8503418e+01
   2.5839730e+06   2.6428223e+01
   2.5847710e+06   2.8015137e+01
   2.5853550e+06   2.9296875e+01
   2.5859480e+06   2.5268555e+01
   2.5865260e+06   2.8076172e+01
   2.5872900e+06   2.4291992e+01
   2.5878400e+06   2.7160645e+01
   2.5884030e+06   2.7221680e+01
   2.5904810e+06   2.6245117e+01
   2.5909760e+06   2.6977539e+01
   2.5916540e+06   2.4475098e+01
   2.5923560e+06   3.0029297e+01
   2.5928950e+06   2.3437500e+01
   2.5935250e+06   2.4902344e+01
   2.5944550e+06   2.5756836e+01
   2.5951090e+06   2.4658203e+01
   2.5960030e+06   2.5878906e+01
   2.5965900e+06   2.4108887e+01
   2.5972900e+06   2.8564453e+01
   2.5980040e+06   2.3986816e+01
   2.5986710e+06   2.7282715e+01
   2.5991280e+06   2.6367188e+01
   2.5999980e+06   2.4597168e+01
   2.6009250e+06   2.7038574e+01
   2.6015120e+06   2.5024414e+01
   2.6022820e+06   2.7832031e+01
   2.6032370e+06   2.4597168e+01
   2.6049180e+06   2.6855469e+01
   2.6054800e+06   2.9846191e+01
   2.6062460e+06   2.4414062e+01
   2.6072540e+06   2.3742676e+01
   2.6080120e+06   2.3559570e+01
   2.6086770e+06   2.5024414e+01
   2.6094850e+06   2.5512695e+01
   2.6100720e+06   2.4047852e+01
   2.6114670e+06   2.4414062e+01
   2.6120960e+06   2.4902344e+01
   2.6127380e+06   2.9602051e+01
   2.6131380e+06   2.3620605e+01
   2.6139210e+06   2.7893066e+01
   2.6143390e+06   3.0822754e+01
   2.6151820e+06   2.7465820e+01
   2.6158580e+06   2.4536133e+01
   2.6171010e+06   2.9663086e+01
   2.6178970e+06   2.6916504e+01
   2.6185900e+06   3.1188965e+01
   2.6192340e+06   2.5573730e+01
   2.6196730e+06   3.0700684e+01
   2.6203050e+06   2.6855469e+01
   2.6210030e+06   2.3803711e+01
   2.6215390e+06   2.4902344e+01
   2.6224680e+06   2.4475098e+01
   2.6242850e+06   2.9052734e+01
   2.6256150e+06   2.9846191e+01
   2.6267800e+06   2.5573730e+01
   2.6273720e+06   2.3437500e+01
   2.6283410e+06   2.7893066e+01
   2.6301160e+06   2.7832031e+01
   2.6310000e+06   2.4963379e+01
   2.6314560e+06   2.5024414e+01
   2.6326650e+06   2.6855469e+01
   2.6332180e+06   2.6672363e+01
   2.6341090e+06   2.7465820e+01
   2.6347680e+06   2.7709961e+01
   2.6352460e+06   2.6184082e+01
   2.6358780e+06   2.3498535e+01
   2.6370430e+06   3.0456543e+01
   2.6377620e+06   2.4047852e+01
   2.6384610e+06   2.4780273e+01
   2.6392400e+06   2.4719238e+01
   2.6401770e+06   2.7648926e+01
   2.6409280e+06   2.4841309e+01
   2.6416750e+06   2.4658203e+01
   2.6432620e+06   2.7954102e+01
   2.6443280e+06   2.4353027e+01
   2.6450220e+06   2.3986816e+01
   2.6462880e+06   3.4606934e+01
   2.6470200e+06   2.4536133e+01
   2.6475760e+06   2.3498535e+01
   2.6482940e+06   2.7709961e+01
   2.6497360e+06   2.6489258e+01
   2.6506850e+06   2.8625488e+01
   2.6513130e+06   2.9235840e+01
   2.6523910e+06   2.8503418e+01
   2.6529450e+06   2.4047852e+01
   2.6535320e+06   2.5390625e+01
   2.6543520e+06   2.6489258e+01
   2.6551470e+06   3.0517578e+01
   2.6559620e+06   2.8076172e+01
   2.6566910e+06   2.4291992e+01
   2.6591780e+06   2.5207520e+01
   2.6601670e+06   2.7099609e+01
   2.6612410e+06   2.9357910e+01
   2.6618500e+06   2.9113770e+01
   2.6627100e+06   2.3742676e+01
   2.6638040e+06   2.4902344e+01
   2.6643580e+06   2.8198242e+01
   2.6649020e+06   2.6855469e+01
   2.6654450e+06   2.7648926e+01
   2.6661590e+06   2.4108887e+01
   2.6667410e+06   2.6123047e+01
   2.6673440e+06   2.4230957e+01
   2.6680820e+06   2.9846191e+01
   2.6695930e+06   2.5207520e+01
   2.6701640e+06   2.3864746e+01
   2.6708010e+06   2.6794434e+01
   2.6714360e+06   2.9174805e+01
   2.6720530e+06   2.7832031e+01
   2.6728580e+06   2.5207520e+01
   2.6735130e+06   2.4169922e+01
   2.6745030e+06   2.3864746e+01
   2.6752730e+06   2.5634766e+01
   2.6758400e+06   2.5756836e+01
   2.6764760e+06   2.6184082e+01
   2.6769970e+06   2.4230957e+01
   2.6775550e+06   2.4169922e+01
   2.6783280e+06   3.0334473e+01
   2.6789210e+06   2.5085449e+01
   2.6799550e+06   2.3681641e+01
   2.6807170e+06   2.5451660e+01
   2.6811970e+06   2.5756836e+01
   2.6819030e+06   2.3925781e+01
   2.6829660e+06   2.4597168e+01
   2.6845330e+06   3.0456543e+01
   2.6850840e+06   2.6550293e+01
   2.6859270e+06   2.6550293e+01
   2.6868970e+06   2.6855469e+01
   2.6874180e+06   2.4353027e+01
   2.6897040e+06   2.5573730e+01
   2.6908290e+06   2.3742676e+01
   2.6920790e+06   2.5512695e+01
   2.6929370e+06   2.5817871e+01
   2.6934960e+06   3.2043457e+01
   2.6941340e+06   2.5573730e+01
   2.6949170e+06   2.6550293e+01
   2.6955860e+06   2.4108887e+01
   2.6971560e+06   2.4108887e+01
   2.6978430e+06   2.4230957e+01
   2.6990980e+06   2.6245117e+01
   2.6996690e+06   2.4291992e+01
   2.7006390e+06   2.5573730e+01
   2.7012640e+06   3.1677246e+01
   2.7016820e+06   2.7404785e+01
   2.7024900e+06   2.8381348e+01
   2.7029720e+06   2.7160645e+01
   2.7035110e+06   2.5390625e+01
   2.7046020e+06   2.4108887e+01
   2.7052500e+06   2.5024414e+01
   2.7062770e+06   2.8747559e+01
   2.7068770e+06   2.5268555e+01
   2.7078860e+06   2.4353027e+01
   2.7083580e+06   2.4108887e+01
   2.7089330e+06   2.5817871e+01
   2.7098560e+06   2.9602051e+01
   2.7104980e+06   2.4414062e+01
   2.7110610e+06   2.6855469e+01
   2.7116800e+06   2.4841309e+01
   2.7129710e+06   2.3864746e+01
   2.7136180e+06   2.7343750e+01
   2.7145450e+06   2.4230957e+01
   2.7155280e+06   2.8503418e+01
   2.7160230e+06   2.5634766e+01
   2.7169120e+06   3.0334473e+01
   2.7179150e+06   2.7099609e+01
   2.7190070e+06   2.8686523e+01
   2.7196000e+06   2.7587891e+01
   2.7201610e+06   2.7587891e+01
   2.7209850e+06   2.4841309e+01
   2.7215590e+06   2.5634766e+01
   2.7229440e+06   3.1188965e+01
   2.7235440e+06   2.3559570e+01
   2.7242660e+06   2.7465820e+01
   2.7255160e+06   2.9907227e+01
   2.7268550e+06   2.4475098e+01
   2.7281420e+06   2.4597168e+01
   2.7292170e+06   2.7770996e+01
   2.7298250e+06   2.9113770e+01
   2.7306250e+06   2.6855469e+01
   2.7311420e+06   2.7404785e+01
   2.7319630e+06   2.3498535e+01
   2.7325280e+06   2.5695801e+01
   2.7336300e+06   2.3986816e+01
   2.7342190e+06   3.0334473e+01
   2.7351490e+06   2.5146484e+01
   2.7358720e+06   2.6062012e+01
   2.7364690e+06   2.3803711e+01
   2.7375160e+06   2.7648926e+01
   2.7384920e+06   2.7404785e+01
   2.7389690e+06   2.7526855e+01
   2.7396200e+06   3.1005859e+01
   2.7406010e+06   2.6123047e+01
   2.7412950e+06   2.4780273e+01
   2.7421090e+06   2.5512695e+01
   2.7435990e+06   2.3986816e+01
   2.7441450e+06   2.7587891e+01
   2.7453470e+06   2.5817871e+01
   2.7457270e+06   2.5146484e+01
   2.7464650e+06   2.6794434e+01
   2.7472330e+06   2.6428223e+01
   2.7478650e+06   2.6611328e+01
   2.7485820e+06   2.5085449e+01
   2.7497650e+06   2.7343750e+01
   2.7504580e+06   2.4108887e+01
   2.7510010e+06   2.4475098e+01
   2.7518410e+06   2.6794434e+01
   2.7523290e+06   2.5817871e+01
   2.7533900e+06   2.3620605e+01
   2.7540130e+06   2.3681641e+01
   2.7546970e+06   2.4230957e+01
   2.7559620e+06   2.5146484e+01
   2.7564650e+06   2.4475098e+01
   2.7570950e+06   2.9479980e+01
   2.7576850e+06   2.5512695e+01
   2.7587620e+06   2.4902344e+01
   2.7595170e+06   2.5268555e+01
   2.7611450e+06   2.5695801e+01
   2.7618530e+06   2.8991699e+01
   2.7624650e+06   2.5146484e+01
   2.7630320e+06   2.4658203e+01
   2.7639330e+06   2.3620605e+01
   2.7647400e+06   2.6428223e+01
   2.7655970e+06   2.4597168e+01
   2.7670400e+06   2.3681641e+01
   2.7675030e+06   2.8137207e+01
   2.7686480e+06   2.8076172e+01
   2.7692560e+06   2.5024414e+01
   2.7699100e+06   2.6000977e+01
   2.7711950e+06   2.6000977e+01
   2.7716610e+06   2.4536133e+01
   2.7722610e+06   2.4597168e+01
   2.7728930e+06   2.4902344e+01
   2.7736220e+06   2.7526855e+01
   2.7742400e+06   3.0517578e+01
   2.7746940e+06   3.3142090e+01
   2.7754550e+06   2.4780273e+01
   2.7763970e+06   2.6123047e+01
   2.7770090e+06   2.7954102e+01
   2.7776710e+06   2.7038574e+01
   2.7782060e+06   2.6672363e+01
   2.7791020e+06   2.6550293e+01
   2.7803520e+06   2.9479980e+01
   2.7811940e+06   2.6367188e+01
   2.7817410e+06   2.5939941e+01
   2.7824230e+06   2.8686523e+01
   2.7830770e+06   2.8747559e+01
   2.7840080e+06   2.6733398e+01
   2.7852920e+06   2.6062012e+01
   2.7856610e+06   2.5817871e+01
   2.7862700e+06   2.6000977e+01
   2.7877620e+06   2.8625488e+01
   2.7884230e+06   2.7465820e+01
   2.7892840e+06   2.5573730e+01
   2.7897810e+06   3.0883789e+01
   2.7905220e+06   2.6184082e+01
   2.7912580e+06   2.6245117e+01
   2.7919170e+06   2.8320312e+01
   2.7926880e+06   2.4841309e+01
   2.7934700e+06   2.3437500e+01
   2.7944910e+06   2.3986816e+01
   2.7952520e+06   2.4597168e+01
   2.7958160e+06   2.8198242e+01
   2.7971400e+06   2.6489258e+01
   2.7978390e+06   2.3742676e+01
   2.7985160e+06   2.7648926e+01
   2.7991540e+06   2.3803711e+01
   2.8006840e+06   2.6855469e+01
   2.8012950e+06   2.5329590e+01
   2.8020590e+06   2.7832031e+01
   2.8030210e+06   2.5268555e+01
   2.8037020e+06   2.4414063e+01
   2.8044560e+06   2.7343750e+01
   2.8050500e+06   2.4475098e+01
   2.8056090e+06   2.8015137e+01
   2.8064060e+06   2.6733398e+01
   2.8070150e+06   2.6367188e+01
   2.8084440e+06   2.3742676e+01
   2.8095010e+06   2.6794434e+01
   2.8100830e+06   2.5329590e+01
   2.8117410e+06   2.6916504e+01
   2.8123570e+06   2.7954102e+01
   2.8133580e+06   2.7465820e+01
   2.8140850e+06   2.4902344e+01
   2.8146210e+06   2.5634766e+01
   2.8153890e+06   2.8015137e+01
   2.8159780e+06   3.2836914e+01
   2.8166350e+06   2.8625488e+01
   2.8175880e+06   2.6245117e+01
   2.8191380e+06   2.5634766e+01
   2.8198240e+06   3.1188965e+01
   2.8208700e+06   2.6428223e+01
   2.8220040e+06   2.4108887e+01
   2.8225090e+06   2.3437500e+01
   2.8236290e+06   2.5695801e+01
   2.8242990e+06   2.8686523e+01
   2.8253110e+06   2.7160645e+01
   2.8260420e+06   2.4475098e+01
   2.8277040e+06   2.6062012e+01
   2.8282180e+06   2.6000977e+01
   2.8289410e+06   2.6062012e+01
   2.8303360e+06   2.5878906e+01
   2.8307920e+06   2.4108887e+01
   2.8324710e+06   2.5939941e+01
   2.8342900e+06   2.4719238e+01
   2.8348760e+06   3.0700684e+01
   2.8354660e+06   2.5146484e+01
   2.8359990e+06   2.3803711e+01
   2.8369230e+06   2.8137207e+01
   2.8381920e+06   2.4719238e+01
   2.8386710e+06   2.4353027e+01
   2.8398900e+06   2.5573730e+01
   2.8407040e+06   2.8503418e+01
   2.8414940e+06   2.4291992e+01
   2.8422560e+06   2.8686523e+01
   2.8435620e+06   2.5817871e+01
   2.8443110e+06   2.5512695e+01
   2.8448030e+06   2.5817871e+01
   2.8456320e+06   2.6306152e+01
   2.8463490e+06   2.4169922e+01
   2.8473850e+06   2.3986816e+01
   2.8480300e+06   2.6611328e+01
   2.8485860e+06   2.8869629e+01
   2.8492140e+06   2.6855469e+01
   2.8499610e+06   2.6550293e+01
   2.8508080e+06   2.4414062e+01
   2.8516070e+06   3.1005859e+01
   2.8526460e+06   3.0456543e+01
   2.8536370e+06   2.6794434e+01
   2.8542380e+06   2.6062012e+01
   2.8549120e+06   3.1372070e+01
   2.8554890e+06   2.8869629e+01
   2.8567900e+06   2.3559570e+01
   2.8574430e+06   2.4963379e+01
   2.8580900e+06   2.3864746e+01
   2.8588050e+06   2.5085449e+01
   2.8607430e+06   2.9602051e+01
   2.8612290e+06   2.6855469e+01
   2.8619230e+06   2.6184082e+01
   2.8626470e+06   2.6062012e+01
   2.8640150e+06   2.9907227e+01
   2.8646430e+06   2.8076172e+01
   2.8651570e+06   2.4902344e+01
   2.8660480e+06   2.8015137e+01
   2.8669820e+06   2.8320312e+01
   2.8684370e+06   2.7221680e+01
   2.8699460e+06   2.8503418e+01
   2.8706460e+06   2.6550293e+01
   2.8713120e+06   2.6062012e+01
   2.8720720e+06   3.3142090e+01
   2.8728950e+06   2.8198242e+01
   2.8738590e+06   2.7648926e+01
   2.8744810e+06   2.9663086e+01
   2.8750910e+06   2.7526855e+01
   2.8758990e+06   2.5939941e+01
   2.8765850e+06   2.4658203e+01
   2.8777250e+06   2.6672363e+01
   2.8784920e+06   3.0151367e+01
   2.8791210e+06   2.3559570e+01
   2.8796980e+06   2.4353027e+01
   2.8806830e+06   2.4475098e+01
   2.8816280e+06   2.7893066e+01
   2.8828310e+06   2.4108887e+01
   2.8848730e+06   2.5146484e+01
   2.8855250e+06   2.4719238e+01
   2.8860900e+06   3.1738281e+01
   2.8880180e+06   2.4475098e+01
   2.8886170e+06   2.6062012e+01
   2.8891300e+06   3.0639648e+01
   2.8898230e+06   2.4475098e+01
   2.8903430e+06   2.3681641e+01
   2.8912550e+06   2.8442383e+01
   2.8917220e+06   2.3620605e+01
   2.8921970e+06   3.0944824e+01
   2.8929380e+06   2.7954102e+01
   2.8935130e+06   2.7404785e+01
   2.8944630e+06   2.4047852e+01
   2.8954380e+06   2.6855469e+01
   2.8960150e+06   3.2531738e+01
   2.8966030e+06   2.5512695e+01
   2.8976850e+06   2.4047852e+01
   2.9002600e+06   2.9663086e+01
   2.9012810e+06   2.7465820e+01
   2.9019780e+06   2.3620605e+01
   2.9026140e+06   2.5207520e+01
   2.9032800e+06   2.7221680e+01
   2.9041620e+06   2.3803711e+01
   2.9049490e+06   2.3803711e+01
   2.9057820e+06   2.5390625e+01
   2.9065600e+06   2.4536133e+01
   2.9077470e+06   2.6550293e+01
   2.9083660e+06   2.9418945e+01
   2.9106340e+06   3.1921387e+01
   2.9117740e+06   2.6794434e+01
   2.9122740e+06   2.6489258e+01
   2.9127840e+06   2.4902344e+01
   2.9138020e+06   2.7038574e+01
   2.9144920e+06   2.3864746e+01
   2.9160280e+06   2.8198242e+01
   2.9169010e+06   2.8198242e+01
   2.9174520e+06   2.9418945e+01
   2.9182980e+06   2.4230957e+01
   2.9188590e+06   2.9296875e+01
   2.9195850e+06   2.7526855e+01
   2.9206700e+06   2.4719238e+01
   2.9214370e+06   2.7770996e+01
   2.9220800e+06   3.1127930e+01
   2.9229930e+06   2.3803711e+01
   2.9242440e+06   3.0212402e+01
   2.9250170e+06   2.9113770e+01
   2.9255400e+06   2.3742676e+01
   2.9261480e+06   2.5573730e+01
   2.9269220e+06   2.5512695e+01
   2.9280220e+06   2.3498535e+01
   2.9285690e+06   2.9113770e+01
   2.9290870e+06   2.3437500e+01
   2.9297260e+06   2.9296875e+01
   2.9306410e+06   2.8137207e+01
   2.9317260e+06   2.9968262e+01
   2.9326140e+06   2.4536133e+01
   2.9336890e+06   2.4414062e+01
   2.9341780e+06   2.7893066e+01
   2.9348230e+06   2.6184082e+01
   2.9353380e+06   2.6977539e+01
   2.9359970e+06   2.4902344e+01
   2.9373040e+06   2.9663086e+01
   2.9378000e+06   2.3986816e+01
   2.9387540e+06   2.7954102e+01
   2.9397550e+06   2.4719238e+01
   2.9408680e+06   2.5451660e+01
   2.9417720e+06   2.5512695e+01
   2.9426550e+06   2.6000977e+01
   2.9433110e+06   2.5329590e+01
   2.9443710e+06   2.6794434e+01
   2.9454900e+06   2.5573730e+01
   2.9462640e+06   2.8930664e+01
   2.9471190e+06   2.4902344e+01
   2.9476880e+06   2.3437500e+01
   2.9483650e+06   2.8564453e+01
   2.9489190e+06   2.4353027e+01
   2.9497560e+06   2.5390625e+01
   2.9503690e+06   2.5390625e+01
   2.9509690e+06   2.7038574e+01
   2.9517650e+06   2.9541016e+01
   2.9525550e+06   2.4536133e+01
   2.9531900e+06   2.4230957e+01
   2.9539240e+06   2.3559570e+01
   2.9548240e+06   2.6977539e+01
   2.9553960e+06   2.5817871e+01
   2.9558900e+06   2.8198242e+01
   2.9570010e+06   2.3742676e+01
   2.9576360e+06   3.3142090e+01
   2.9581490e+06   2.3803711e+01
   2.9588560e+06   2.3986816e+01
   2.9593590e+06   2.4963379e+01
   2.9602700e+06   2.8869629e+01
   2.9608850e+06   2.7587891e+01
   2.9620530e+06   2.7832031e+01
   2.9626400e+06   2.5634766e+01
   2.9632030e+06   3.0151367e+01
   2.9640780e+06   2.4230957e+01
   2.9648450e+06   2.8198242e+01
   2.9659840e+06   2.4414062e+01
   2.9666390e+06   2.6428223e+01
   2.9672620e+06   2.7282715e+01
   2.9678750e+06   3.0517578e+01
   2.9685560e+06   2.3742676e+01
   2.9694280e+06   2.4780273e+01
   2.9700790e+06   3.0090332e+01
   2.9709790e+06   2.4658203e+01
   2.9714180e+06   2.7038574e+01
   2.9720770e+06   2.4780273e+01
   2.9728650e+06   2.6306152e+01
   2.9737310e+06   2.5207520e+01
   2.9742330e+06   2.6306152e+01
   2.9749150e+06   2.6306152e+01
   2.9755630e+06   2.6611328e+01
   2.9764020e+06   2.6794434e+01
   2.9776680e+06   2.5695801e+01
   2.9782990e+06   2.7099609e+01
   2.9790300e+06   2.4597168e+01
   2.9802000e+06   2.5756836e+01
   2.9808840e+06   2.5695801e+01
   2.9814450e+06   2.9968262e+01
   2.9821370e+06   2.6428223e+01
   2.9828330e+06   2.4169922e+01
   2.9834900e+06   2.6794434e+01
   2.9846510e+06   2.8808594e+01
   2.9853070e+06   2.6428223e+01
   2.9860000e+06   2.3681641e+01
   2.9868990e+06   2.3925781e+01
   2.9873250e+06   2.4841309e+01
   2.9883790e+06   2.4414062e+01
   2.9890230e+06   2.7465820e+01
   2.9905360e+06   2.3742676e+01
   2.9911640e+06   2.3925781e+01
   2.9917980e+06   2.4597168e+01
   2.9927030e+06   2.7893066e+01
   2.9932660e+06   2.4291992e+01
   2.9937170e+06   2.4780273e+01
   2.9949180e+06   2.7587891e+01
   2.9955450e+06   2.4536133e+01
   2.9968980e+06   2.6794434e+01
   2.9978910e+06   2.3742676e+01
   2.9986990e+06   2.7038574e+01
   2.9994870e+06   2.7404785e+01
