   5.9980000e+06   0.0000000e+00
   1.4750000e+03   3.8391113e+01
   2.8290000e+03   3.4362793e+01
   4.6190000e+03   3.5522461e+01
   6.0520000e+03   3.2287598e+01
   8.0270000e+03   3.4484863e+01
   8.8840000e+03   3.7109375e+01
   9.8720000e+03   3.5522461e+01
   1.0537000e+04   3.2714844e+01
   1.2414000e+04   3.2836914e+01
   1.2819000e+04   2.1362305e+01
   1.3496000e+04   2.1667480e+01
   1.5807000e+04   2.0507812e+01
   2.0101000e+04   4.1564941e+01
   2.0640000e+04   1.9653320e+01
   2.0916000e+04   3.3935547e+01
   2.1260000e+04   3.6865234e+01
   2.1858000e+04   4.2358398e+01
   2.2200000e+04   3.2104492e+01
   2.3286000e+04   3.3935547e+01
   2.3601000e+04   3.9001465e+01
   2.4290000e+04   2.9907227e+01
   2.5066000e+04   3.3447266e+01
   2.5547000e+04   3.4118652e+01
   2.5803000e+04   3.1005859e+01
   2.6115000e+04   3.7414551e+01
   3.0855000e+04   3.6865234e+01
   3.4646000e+04   3.5583496e+01
   4.0861000e+04   3.8940430e+01
   4.4445000e+04   3.5766602e+01
   4.7058000e+04   3.2226562e+01
   5.8344000e+04   3.0517578e+01
   6.1011000e+04   3.1311035e+01
   6.2832000e+04   3.6560059e+01
   6.6163000e+04   3.1555176e+01
   6.8019000e+04   4.0649414e+01
   6.9386000e+04   3.3569336e+01
   7.3195000e+04   3.5095215e+01
   7.5453000e+04   3.6621094e+01
   7.6269000e+04   3.4851074e+01
   7.7802000e+04   3.6315918e+01
   8.0220000e+04   1.9775391e+01
   8.0483000e+04   3.1433105e+01
   8.1497000e+04   3.5949707e+01
   8.3700000e+04   3.4606934e+01
   8.4448000e+04   3.5522461e+01
   8.4627000e+04   3.6193848e+01
   8.4838000e+04   3.8940430e+01
   8.5666000e+04   2.9846191e+01
   8.6653000e+04   3.3813477e+01
   8.9525000e+04   3.7841797e+01
   9.1533000e+04   3.3264160e+01
   9.2543000e+04   4.4311523e+01
   9.5237000e+04   3.5827637e+01
   9.6841000e+04   3.1921387e+01
   9.7875000e+04   3.6560059e+01
   9.8562000e+04   3.5827637e+01
   9.9736000e+04   3.5156250e+01
   1.0195800e+05   3.3996582e+01
   1.0364500e+05   3.5400391e+01
   1.0808600e+05   2.0263672e+01
   1.0828100e+05   3.4179688e+01
   1.0934200e+05   3.6621094e+01
   1.1050100e+05   4.3518066e+01
   1.1127000e+05   3.1066895e+01
   1.1436200e+05   3.1799316e+01
   1.1555000e+05   4.2358398e+01
   1.1573500e+05   2.0751953e+01
   1.1760800e+05   3.6621094e+01
   1.2056700e+05   3.4179688e+01
   1.2298400e+05   3.2043457e+01
   1.2518900e+05   3.1494141e+01
   1.2572700e+05   3.1616211e+01
   1.2676700e+05   4.0161133e+01
   1.2880600e+05   3.6987305e+01
   1.2894900e+05   2.0568848e+01
   1.3088400e+05   3.4545898e+01
   1.3258700e+05   3.2653809e+01
   1.3303200e+05   3.4240723e+01
   1.3409400e+05   4.1320801e+01
   1.3498400e+05   1.9409180e+01
   1.3550200e+05   3.9062500e+01
   1.3623500e+05   1.9714355e+01
   1.3806900e+05   3.1311035e+01
   1.3906100e+05   2.1057129e+01
   1.4138200e+05   3.4912109e+01
   1.4325300e+05   3.3935547e+01
   1.4354000e+05   3.4729004e+01
   1.4444300e+05   3.6743164e+01
   1.4648800e+05   3.1433105e+01
   1.4814000e+05   3.4057617e+01
   1.5115700e+05   3.2531738e+01
   1.5229200e+05   3.8085938e+01
   1.5353700e+05   3.5217285e+01
   1.5483400e+05   3.7780762e+01
   1.5672200e+05   3.1433105e+01
   1.5957600e+05   3.1250000e+01
   1.6168800e+05   3.4790039e+01
   1.6277400e+05   3.8574219e+01
   1.6467500e+05   3.1677246e+01
   1.6667100e+05   3.9611816e+01
   1.6963700e+05   3.2653809e+01
   1.7212200e+05   4.2114258e+01
   1.7355400e+05   3.1433105e+01
   1.7553700e+05   3.7536621e+01
   1.7841200e+05   4.2358398e+01
   1.7951300e+05   3.7597656e+01
   1.8052900e+05   3.9428711e+01
   1.8304700e+05   3.3935547e+01
   1.8691100e+05   4.1198730e+01
   1.8836500e+05   3.4240723e+01
   1.8877200e+05   1.9226074e+01
   1.8957800e+05   4.2663574e+01
   1.9092500e+05   3.7231445e+01
   1.9216000e+05   3.8879395e+01
   1.9408300e+05   3.2775879e+01
   1.9550500e+05   3.4423828e+01
   1.9669300e+05   4.0954590e+01
   1.9813800e+05   3.5705566e+01
   1.9970900e+05   3.3325195e+01
   2.0046800e+05   3.8208008e+01
   2.0104000e+05   2.0874023e+01
   2.0277600e+05   1.9958496e+01
   2.0291800e+05   3.7353516e+01
   2.0344600e+05   1.9287109e+01
   2.0414400e+05   3.5034180e+01
   2.0519700e+05   3.4301758e+01
   2.0625300e+05   3.1982422e+01
   2.0681900e+05   1.9836426e+01
   2.0872600e+05   2.8442383e+01
   2.1019900e+05   2.1545410e+01
   2.1146700e+05   3.6010742e+01
   2.1222800e+05   3.1433105e+01
   2.1326800e+05   3.6499023e+01
   2.1427200e+05   3.3447266e+01
   2.1523100e+05   2.3193359e+01
   2.1627400e+05   3.1555176e+01
   2.1870700e+05   3.6987305e+01
   2.1992500e+05   3.6804199e+01
   2.2078900e+05   3.6621094e+01
   2.2284400e+05   3.6132812e+01
   2.2292200e+05   2.0263672e+01
   2.2515900e+05   3.1860352e+01
   2.2611500e+05   4.2358398e+01
   2.2924400e+05   3.7292480e+01
   2.3035800e+05   2.9479980e+01
   2.3109100e+05   3.6132812e+01
   2.3167400e+05   3.3386230e+01
   2.3219400e+05   3.4606934e+01
   2.3258300e+05   3.6071777e+01
   2.3397900e+05   3.6865234e+01
   2.3456000e+05   3.1982422e+01
   2.3499200e+05   3.9733887e+01
   2.3601900e+05   3.0761719e+01
   2.3713100e+05   3.7048340e+01
   2.3740000e+05   2.2644043e+01
   2.3956100e+05   3.8146973e+01
   2.4153000e+05   2.9296875e+01
   2.4161500e+05   1.9470215e+01
   2.4226900e+05   3.1738281e+01
   2.4420400e+05   2.8198242e+01
   2.4801500e+05   2.4475098e+01
   2.6115200e+05   4.0039062e+01
   2.6266600e+05   3.1921387e+01
   2.6360700e+05   3.3142090e+01
   2.6526800e+05   3.5095215e+01
   2.6916400e+05   3.6132813e+01
   2.7060200e+05   3.6376953e+01
   2.7191900e+05   3.7658691e+01
   2.7320800e+05   3.1860352e+01
   2.7615700e+05   3.4973145e+01
   2.7696800e+05   3.6010742e+01
   2.7975900e+05   3.6132812e+01
   2.8210500e+05   3.6926270e+01
   2.8357900e+05   3.8391113e+01
   2.8517500e+05   4.3212891e+01
   2.8653500e+05   4.2236328e+01
   2.8776600e+05   3.6193848e+01
   2.8790900e+05   1.9958496e+01
   2.9048000e+05   3.1921387e+01
   2.9321800e+05   3.3020020e+01
   2.9522900e+05   3.6499023e+01
   2.9730200e+05   3.3264160e+01
   2.9931800e+05   3.7109375e+01
   3.0114200e+05   4.4555664e+01
   3.0210900e+05   3.2348633e+01
   3.0323800e+05   4.0527344e+01
   3.0671800e+05   3.6132813e+01
   3.0756100e+05   3.3264160e+01
   3.0876300e+05   4.0100098e+01
   3.1139300e+05   3.7536621e+01
   3.1470600e+05   2.9907227e+01
   3.1660400e+05   3.5949707e+01
   3.1739100e+05   3.2592773e+01
   3.2104400e+05   3.2531738e+01
   3.2191000e+05   4.2358398e+01
   3.2361900e+05   3.0456543e+01
   3.2545600e+05   3.3752441e+01
   3.2688000e+05   3.5766602e+01
   3.2795400e+05   3.2958984e+01
   3.2952000e+05   3.2653809e+01
   3.3020800e+05   3.5095215e+01
   3.3145200e+05   3.3691406e+01
   3.3195700e+05   4.0710449e+01
   3.3452000e+05   3.0639648e+01
   3.3561700e+05   3.3386230e+01
   3.3787800e+05   3.4912109e+01
   3.3933300e+05   3.5949707e+01
   3.4077400e+05   3.6193848e+01
   3.4210000e+05   3.5217285e+01
   3.4311000e+05   3.6621094e+01
   3.4410500e+05   3.5339355e+01
   3.4523900e+05   4.0222168e+01
   3.4609100e+05   3.6132812e+01
   3.4714000e+05   3.5095215e+01
   3.4801200e+05   3.7719727e+01
   3.4880400e+05   2.0690918e+01
   3.4907300e+05   3.0456543e+01
   3.5073900e+05   3.6254883e+01
   3.5243400e+05   1.9958496e+01
   3.5259200e+05   4.0222168e+01
   3.5297900e+05   3.7109375e+01
   3.5337500e+05   3.2409668e+01
   3.5415600e+05   3.3264160e+01
   3.5564500e+05   3.2043457e+01
   3.5808300e+05   2.8930664e+01
   3.5940500e+05   3.3142090e+01
   3.6148000e+05   3.5034180e+01
   3.6154500e+05   2.0263672e+01
   3.6249600e+05   2.0080566e+01
   3.6296400e+05   2.1789551e+01
   3.6436600e+05   1.9470215e+01
   3.6584700e+05   2.3010254e+01
   3.6760700e+05   1.9897461e+01
   3.6831200e+05   3.6132813e+01
   3.8158500e+05   3.7170410e+01
   3.8339300e+05   2.1362305e+01
   3.8389600e+05   3.4362793e+01
   3.8720800e+05   3.5949707e+01
   3.8834500e+05   3.3447266e+01
   3.9303900e+05   2.1728516e+01
   3.9321600e+05   3.6499023e+01
   3.9416900e+05   1.9226074e+01
   3.9456500e+05   3.5461426e+01
   3.9569200e+05   2.0324707e+01
   3.9824900e+05   3.2531738e+01
   4.0133300e+05   1.9531250e+01
   4.0145000e+05   3.3996582e+01
   4.0276000e+05   3.1250000e+01
   4.0371300e+05   3.4851074e+01
   4.0764200e+05   4.1320801e+01
   4.0867000e+05   3.9916992e+01
   4.1174800e+05   3.4423828e+01
   4.1565700e+05   3.9123535e+01
   4.1720100e+05   3.4851074e+01
   4.1845700e+05   1.9531250e+01
   4.1986200e+05   3.6926270e+01
   4.2241200e+05   3.7109375e+01
   4.2396400e+05   3.3691406e+01
   4.2510500e+05   4.1503906e+01
   4.2737700e+05   3.4240723e+01
   4.2827700e+05   3.4912109e+01
   4.2915000e+05   3.7780762e+01
   4.3154100e+05   3.0700684e+01
   4.3362100e+05   3.2165527e+01
   4.3470300e+05   3.2226562e+01
   4.3704600e+05   3.1982422e+01
   4.3876300e+05   3.4729004e+01
   4.3913300e+05   1.9958496e+01
   4.4169000e+05   4.1687012e+01
   4.4287400e+05   3.2287598e+01
   4.4377600e+05   2.6245117e+01
   4.4529700e+05   3.6865234e+01
   4.4649600e+05   3.1555176e+01
   4.4871500e+05   3.4729004e+01
   4.4991100e+05   3.9794922e+01
   4.5193900e+05   3.3630371e+01
   4.5271500e+05   3.7292480e+01
   4.5403600e+05   3.6376953e+01
   4.5500400e+05   3.4362793e+01
   4.5611200e+05   3.5339355e+01
   4.5869700e+05   3.9611816e+01
   4.5979300e+05   3.5766602e+01
   4.6114200e+05   4.1259766e+01
   4.6267800e+05   3.3020020e+01
   4.6368700e+05   3.4057617e+01
   4.6543600e+05   3.1738281e+01
   4.6714900e+05   3.5095215e+01
   4.6854700e+05   3.4606934e+01
   4.7122000e+05   3.9916992e+01
   4.7250300e+05   3.4912109e+01
   4.7347200e+05   3.9855957e+01
   4.7494800e+05   3.1982422e+01
   4.7556300e+05   2.0935059e+01
   4.7642800e+05   3.0883789e+01
   4.7737500e+05   3.1860352e+01
   4.7782700e+05   3.9611816e+01
   4.7914200e+05   4.6630859e+01
   4.8151000e+05   3.2287598e+01
   4.8238400e+05   3.5034180e+01
   4.8353700e+05   3.7109375e+01
   4.8484900e+05   3.2653809e+01
   4.8656400e+05   3.1555176e+01
   4.8965900e+05   3.7353516e+01
   4.9104500e+05   3.4118652e+01
   4.9272700e+05   3.5156250e+01
   4.9434000e+05   3.4545898e+01
   4.9516000e+05   3.8269043e+01
   4.9632700e+05   3.0639648e+01
   4.9802200e+05   3.8146973e+01
   4.9813200e+05   3.9123535e+01
   4.9882500e+05   3.4667969e+01
   4.9935900e+05   3.7597656e+01
   5.0060500e+05   3.7780762e+01
   5.0210300e+05   3.1921387e+01
   5.0355500e+05   3.3264160e+01
   5.0454900e+05   2.6306152e+01
   5.0622200e+05   3.3325195e+01
   5.0799000e+05   3.1127930e+01
   5.0855300e+05   3.8391113e+01
   5.0863900e+05   2.2583008e+01
   5.0924600e+05   3.8024902e+01
   5.0987800e+05   3.5400391e+01
   5.1089100e+05   3.6560059e+01
   5.1330000e+05   3.6437988e+01
   5.1442400e+05   2.9113770e+01
   5.1521700e+05   1.9470215e+01
   5.1621700e+05   3.3264160e+01
   5.1843700e+05   3.0822754e+01
   5.2007900e+05   3.3508301e+01
   5.2113600e+05   3.4240723e+01
   5.2318800e+05   3.3386230e+01
   5.2466400e+05   3.9978027e+01
   5.2579200e+05   3.5644531e+01
   5.2908200e+05   3.9855957e+01
   5.3050300e+05   3.5339355e+01
   5.3146100e+05   3.7963867e+01
   5.3239400e+05   3.4545898e+01
   5.3539400e+05   3.8818359e+01
   5.3623800e+05   4.2907715e+01
   5.3858600e+05   3.5339355e+01
   5.3927800e+05   3.6621094e+01
   5.4020000e+05   3.4851074e+01
   5.4137200e+05   3.5156250e+01
   5.4236200e+05   3.5095215e+01
   5.4337100e+05   3.3691406e+01
   5.4520800e+05   2.8625488e+01
   5.4533900e+05   1.9348145e+01
   5.4717900e+05   2.8076172e+01
   5.4799300e+05   3.9428711e+01
   5.4857200e+05   3.2165527e+01
   5.4914200e+05   3.5400391e+01
   5.5016500e+05   3.9550781e+01
   5.5185000e+05   3.6560059e+01
   5.5236400e+05   2.1911621e+01
   5.5275100e+05   4.2419434e+01
   5.5455900e+05   3.3264160e+01
   5.5661800e+05   3.3264160e+01
   5.5914900e+05   3.2592773e+01
   5.6000400e+05   3.8818359e+01
   5.6071300e+05   3.4179688e+01
   5.6212000e+05   3.6376953e+01
   5.6316100e+05   3.2531738e+01
   5.6575400e+05   3.0822754e+01
   5.6680300e+05   3.9794922e+01
   5.6753900e+05   3.3447266e+01
   5.6878500e+05   3.7109375e+01
   5.7121700e+05   2.3681641e+01
   5.7129800e+05   3.3935547e+01
   5.7399800e+05   3.3447266e+01
   5.7607000e+05   3.4667969e+01
   5.7709800e+05   3.2043457e+01
   5.7863500e+05   3.7597656e+01
   5.7962800e+05   4.0893555e+01
   5.8114600e+05   3.7963867e+01
   5.8248700e+05   3.6621094e+01
   5.8387700e+05   3.9306641e+01
   5.8415300e+05   3.8818359e+01
   5.8675100e+05   2.0507812e+01
   5.8727700e+05   3.0151367e+01
   5.9046100e+05   3.4790039e+01
   5.9260300e+05   4.0588379e+01
   5.9345000e+05   3.6804199e+01
   5.9457400e+05   3.3874512e+01
   5.9692200e+05   3.3142090e+01
   5.9849300e+05   3.5888672e+01
   6.0010800e+05   3.7780762e+01
   6.0123000e+05   3.3020020e+01
   6.0314200e+05   3.5949707e+01
   6.0454400e+05   3.3569336e+01
   6.0634400e+05   3.3264160e+01
   6.0845300e+05   3.2226562e+01
   6.1001000e+05   3.6621094e+01
   6.1390400e+05   3.0029297e+01
   6.1873600e+05   3.6437988e+01
   6.2114300e+05   3.4118652e+01
   6.2172500e+05   1.9958496e+01
   6.2400800e+05   3.6621094e+01
   6.2538900e+05   2.0690918e+01
   6.2543800e+05   3.3447266e+01
   6.2667200e+05   2.0874023e+01
   6.2773900e+05   4.0649414e+01
   6.2978700e+05   3.6499023e+01
   6.3160300e+05   3.2531738e+01
   6.3289100e+05   3.6682129e+01
   6.3510400e+05   3.8330078e+01
   6.3676100e+05   3.1494141e+01
   6.3783200e+05   3.8452148e+01
   6.3903600e+05   3.6254883e+01
   6.3989100e+05   2.3193359e+01
   6.4255600e+05   3.7719727e+01
   6.4346600e+05   3.8635254e+01
   6.4583700e+05   3.8330078e+01
   6.4679400e+05   3.5827637e+01
   6.4889700e+05   3.5034180e+01
   6.4985500e+05   3.9428711e+01
   6.5181100e+05   3.3447266e+01
   6.5288000e+05   3.6682129e+01
   6.5415400e+05   3.8452148e+01
   6.5482000e+05   3.6560059e+01
   6.5623600e+05   4.1198730e+01
   6.5687600e+05   3.1799316e+01
   6.5764200e+05   3.4240723e+01
   6.5837500e+05   3.2714844e+01
   6.6188900e+05   3.2104492e+01
   6.6272300e+05   3.2775879e+01
   6.6388900e+05   3.9489746e+01
   6.6529100e+05   3.1555176e+01
   6.6626700e+05   3.2226562e+01
   6.6872900e+05   3.5644531e+01
   6.6964300e+05   4.0039063e+01
   6.7155000e+05   3.1555176e+01
   6.7367400e+05   3.7109375e+01
   6.7429600e+05   4.1992188e+01
   6.7479800e+05   3.4973145e+01
   6.7506500e+05   3.8452148e+01
   6.7550200e+05   3.8146973e+01
   6.7610400e+05   3.3081055e+01
   6.7693700e+05   3.3386230e+01
   6.7841500e+05   3.5461426e+01
   6.7934200e+05   3.2531738e+01
   6.8238000e+05   3.2165527e+01
   6.8352200e+05   3.4606934e+01
   6.8500200e+05   3.6499023e+01
   6.8727800e+05   3.4851074e+01
   6.8873800e+05   3.3996582e+01
   6.8976700e+05   3.4606934e+01
   6.8995700e+05   1.9409180e+01
   6.9082400e+05   3.8513184e+01
   6.9429500e+05   3.5034180e+01
   6.9507700e+05   3.2897949e+01
   6.9774300e+05   2.9235840e+01
   6.9891200e+05   3.1372070e+01
   7.0196000e+05   3.3386230e+01
   7.0267600e+05   3.2287598e+01
   7.0375000e+05   3.3203125e+01
   7.0437700e+05   2.9479980e+01
   7.0556200e+05   3.6315918e+01
   7.0603900e+05   1.9409180e+01
   7.0773000e+05   3.5949707e+01
   7.0864800e+05   3.3081055e+01
   7.0948900e+05   2.9968262e+01
   7.1011200e+05   3.4423828e+01
   7.1104500e+05   3.5217285e+01
   7.1214100e+05   3.7963867e+01
   7.1218400e+05   2.3742676e+01
   7.1223700e+05   3.5400391e+01
   7.1350000e+05   3.6499023e+01
   7.1445200e+05   3.4057617e+01
   7.1535800e+05   3.7536621e+01
   7.1643400e+05   2.8869629e+01
   7.1755300e+05   3.6743164e+01
   7.2076500e+05   3.5705566e+01
   7.2204300e+05   3.5827637e+01
   7.2319300e+05   3.5888672e+01
   7.2541200e+05   3.4179688e+01
   7.2575200e+05   2.0751953e+01
   7.2664300e+05   3.0151367e+01
   7.2899000e+05   3.5705566e+01
   7.3006200e+05   3.7963867e+01
   7.3216600e+05   3.7231445e+01
   7.3282200e+05   3.9123535e+01
   7.3377300e+05   3.4240723e+01
   7.3520800e+05   1.9348145e+01
   7.3620700e+05   3.4790039e+01
   7.3678300e+05   3.1555176e+01
   7.3790300e+05   3.6193848e+01
   7.3969500e+05   3.7719727e+01
   7.3992800e+05   3.4851074e+01
   7.4231900e+05   2.1972656e+01
   7.5140500e+05   4.0649414e+01
   7.5265700e+05   3.5766602e+01
   7.5451600e+05   3.5461426e+01
   7.5608200e+05   3.7963867e+01
   7.5889200e+05   4.4982910e+01
   7.6054500e+05   3.4545898e+01
   7.6243100e+05   3.4606934e+01
   7.6440300e+05   4.3518066e+01
   7.6513900e+05   3.5827637e+01
   7.6533000e+05   3.5766602e+01
   7.6667000e+05   3.8024902e+01
   7.7140000e+05   3.8452148e+01
   7.7354200e+05   3.2897949e+01
   7.7601700e+05   3.5034180e+01
   7.7842000e+05   4.1809082e+01
   7.8028300e+05   3.4423828e+01
   7.8141400e+05   4.0954590e+01
   7.8234100e+05   3.6376953e+01
   7.8285100e+05   4.0344238e+01
   7.8462300e+05   3.4973145e+01
   7.8622300e+05   2.1545410e+01
   7.8647100e+05   3.7353516e+01
   7.8666600e+05   3.6560059e+01
   7.8701700e+05   3.8024902e+01
   7.8751400e+05   3.5644531e+01
   7.8854600e+05   3.2897949e+01
   7.9145500e+05   3.6193848e+01
   7.9265600e+05   3.7841797e+01
   7.9387300e+05   4.0649414e+01
   7.9702000e+05   3.7109375e+01
   7.9816500e+05   3.7658691e+01
   8.0095200e+05   3.5583496e+01
   8.0311300e+05   4.2785645e+01
   8.0520700e+05   3.4301758e+01
   8.0601500e+05   3.6926270e+01
   8.0846300e+05   3.9916992e+01
   8.0964800e+05   3.5461426e+01
   8.1048100e+05   3.7353516e+01
   8.1230300e+05   3.5095215e+01
   8.1425500e+05   3.4729004e+01
   8.1539800e+05   3.7902832e+01
   8.1545900e+05   2.1118164e+01
   8.1710700e+05   4.1259766e+01
   8.1825800e+05   3.9367676e+01
   8.1953900e+05   3.6743164e+01
   8.2047900e+05   4.1870117e+01
   8.2148200e+05   4.1809082e+01
   8.2300400e+05   3.4667969e+01
   8.2418000e+05   3.2348633e+01
   8.2640600e+05   3.9733887e+01
   8.2742900e+05   3.7231445e+01
   8.2850600e+05   4.1015625e+01
   8.3069900e+05   3.7597656e+01
   8.3228800e+05   2.5024414e+01
   8.3265800e+05   3.5278320e+01
   8.3315200e+05   4.1198730e+01
   8.3373300e+05   3.5522461e+01
   8.3461700e+05   3.7658691e+01
   8.3688700e+05   3.2775879e+01
   8.3808500e+05   3.5461426e+01
   8.4030100e+05   3.7292480e+01
   8.4250800e+05   3.5949707e+01
   8.4348000e+05   3.6254883e+01
   8.4578300e+05   3.3630371e+01
   8.4663400e+05   3.2409668e+01
   8.4757600e+05   3.9672852e+01
   8.4913700e+05   3.3630371e+01
   8.5362400e+05   3.3752441e+01
   8.5510500e+05   3.5217285e+01
   8.5627600e+05   3.3935547e+01
   8.5709000e+05   3.4973145e+01
   8.5864200e+05   3.6315918e+01
   8.5988900e+05   3.1860352e+01
   8.6145900e+05   3.2470703e+01
   8.6219200e+05   3.2836914e+01
   8.6361300e+05   5.4199219e+01
   8.6362300e+05   2.6489258e+01
   8.6429300e+05   3.7841797e+01
   8.6512800e+05   3.3203125e+01
   8.6621700e+05   3.5583496e+01
   8.6883700e+05   3.4484863e+01
   8.7102500e+05   3.3325195e+01
   8.7204800e+05   3.4301758e+01
   8.7352700e+05   3.6743164e+01
   8.7442000e+05   4.0588379e+01
   8.7658100e+05   3.3935547e+01
   8.7815300e+05   2.7221680e+01
   8.7885500e+05   3.5400391e+01
   8.7960700e+05   2.0019531e+01
   8.8028700e+05   3.8513184e+01
   8.8308700e+05   3.2409668e+01
   8.8414100e+05   3.5583496e+01
   8.8528300e+05   3.0822754e+01
   8.8785400e+05   3.1616211e+01
   8.8905400e+05   3.7658691e+01
   8.9069400e+05   3.1005859e+01
   8.9187200e+05   2.1301270e+01
   8.9222400e+05   3.7414551e+01
   8.9313600e+05   3.7292480e+01
   8.9585000e+05   3.8513184e+01
   8.9723300e+05   3.6499023e+01
   8.9805900e+05   3.4973145e+01
   8.9861400e+05   4.2968750e+01
   9.0081100e+05   3.3386230e+01
   9.0226800e+05   3.9916992e+01
   9.0448600e+05   3.5034180e+01
   9.0582900e+05   3.4912109e+01
   9.0623900e+05   1.9409180e+01
   9.0722500e+05   3.7841797e+01
   9.0770100e+05   3.2226562e+01
   9.0932100e+05   3.4973145e+01
   9.1059600e+05   3.6132812e+01
   9.1274100e+05   3.1677246e+01
   9.1499500e+05   3.7902832e+01
   9.1572100e+05   3.7841797e+01
   9.1678600e+05   3.3386230e+01
   9.1751200e+05   3.0578613e+01
   9.1838300e+05   3.8085938e+01
   9.1999400e+05   3.3569336e+01
   9.2226400e+05   4.5471191e+01
   9.2239400e+05   3.3630371e+01
   9.2272200e+05   3.7109375e+01
   9.2408300e+05   3.1799316e+01
   9.2592100e+05   3.9062500e+01
   9.2735700e+05   4.1564941e+01
   9.2817800e+05   2.4230957e+01
   9.2869700e+05   4.0222168e+01
   9.2952800e+05   3.4606934e+01
   9.3159100e+05   3.5034180e+01
   9.3361800e+05   3.6132812e+01
   9.3385800e+05   3.7231445e+01
   9.3422200e+05   2.0690918e+01
   9.3429200e+05   5.4077148e+01
   9.3435200e+05   3.9733887e+01
   9.3474100e+05   3.4240723e+01
   9.3539500e+05   3.9123535e+01
   9.3595100e+05   3.6804199e+01
   9.3661000e+05   3.6071777e+01
   9.3770000e+05   3.2165527e+01
   9.3921800e+05   3.3569336e+01
   9.4064400e+05   3.2653809e+01
   9.4488400e+05   3.4851074e+01
   9.4613500e+05   3.5644531e+01
   9.4812400e+05   3.8940430e+01
   9.5109300e+05   3.1372070e+01
   9.5248400e+05   3.5095215e+01
   9.5334700e+05   2.0996094e+01
   9.5349700e+05   2.8198242e+01
   9.5492700e+05   3.2470703e+01
   9.5652800e+05   3.5888672e+01
   9.5727600e+05   3.7475586e+01
   9.5812700e+05   3.7780762e+01
   9.5943800e+05   3.1860352e+01
   9.6092800e+05   3.5034180e+01
   9.6376300e+05   3.5766602e+01
   9.6523900e+05   3.7353516e+01
   9.6669900e+05   3.6926270e+01
   9.6807300e+05   3.0944824e+01
   9.6898500e+05   3.3020020e+01
   9.7112700e+05   3.2287598e+01
   9.7195300e+05   4.5471191e+01
   9.7312700e+05   3.9978027e+01
   9.7435200e+05   3.4912109e+01
   9.7613900e+05   3.4729004e+01
   9.7851800e+05   3.5766602e+01
   9.7911400e+05   3.4240723e+01
   9.8000200e+05   3.7353516e+01
   9.8101200e+05   1.9470215e+01
   9.8110100e+05   3.3813477e+01
   9.8301200e+05   3.5156250e+01
   9.8322000e+05   2.2521973e+01
   9.8481300e+05   3.4118652e+01
   9.8533000e+05   2.8930664e+01
   9.8601500e+05   3.1860352e+01
   9.8756700e+05   3.5949707e+01
   9.8894000e+05   3.9611816e+01
   9.8996700e+05   3.5888672e+01
   9.9266500e+05   3.2287598e+01
   9.9345300e+05   3.6499023e+01
   9.9387000e+05   2.1484375e+01
   9.9393600e+05   5.0659180e+01
   9.9528500e+05   3.8024902e+01
   9.9573700e+05   3.4057617e+01
   9.9615500e+05   3.7658691e+01
   9.9683700e+05   3.1738281e+01
   9.9915200e+05   3.2958984e+01
   1.0002450e+06   3.2958984e+01
   1.0016160e+06   3.3935547e+01
   1.0017870e+06   1.9531250e+01
   1.0031760e+06   3.9489746e+01
   1.0071120e+06   3.6804199e+01
   1.0075340e+06   3.1982422e+01
   1.0077560e+06   3.9428711e+01
   1.0077880e+06   2.1118164e+01
   1.0093270e+06   4.2480469e+01
   1.0123590e+06   5.2001953e+01
   1.0123800e+06   2.0446777e+01
   1.0124210e+06   4.4494629e+01
   1.0144930e+06   3.3630371e+01
   1.0167190e+06   3.6376953e+01
   1.0175730e+06   3.3203125e+01
   1.0180870e+06   3.5766602e+01
   1.0186260e+06   3.4301758e+01
   1.0189020e+06   3.7902832e+01
   1.0190110e+06   2.0019531e+01
   1.0197620e+06   3.5339355e+01
   1.0202510e+06   3.1982422e+01
   1.0206750e+06   3.1738281e+01
   1.0210030e+06   3.2409668e+01
   1.0213980e+06   3.3752441e+01
   1.0220980e+06   3.0639648e+01
   1.0228780e+06   3.2104492e+01
   1.0236330e+06   3.6926270e+01
   1.0248950e+06   3.6071777e+01
   1.0267450e+06   3.4301758e+01
   1.0289290e+06   3.4240723e+01
   1.0310040e+06   3.8391113e+01
   1.0333790e+06   3.7780762e+01
   1.0345580e+06   3.9428711e+01
   1.0353470e+06   3.7292480e+01
   1.0354880e+06   2.9418945e+01
   1.0355040e+06   2.2338867e+01
   1.0355440e+06   5.6579590e+01
   1.0355700e+06   4.1687012e+01
   1.0357020e+06   3.0761719e+01
   1.0358660e+06   3.7353516e+01
   1.0374100e+06   3.2653809e+01
   1.0380560e+06   3.7536621e+01
   1.0385450e+06   3.3203125e+01
   1.0391400e+06   2.9418945e+01
   1.0408720e+06   3.5644531e+01
   1.0414160e+06   3.3325195e+01
   1.0419950e+06   3.7109375e+01
   1.0423570e+06   5.4931641e+01
   1.0428060e+06   3.0273438e+01
   1.0432020e+06   3.3752441e+01
   1.0434380e+06   3.3630371e+01
   1.0438030e+06   3.4973145e+01
   1.0452460e+06   3.2653809e+01
   1.0470880e+06   3.7902832e+01
   1.0478220e+06   3.3691406e+01
   1.0483360e+06   3.9306641e+01
   1.0485890e+06   3.4362793e+01
   1.0489920e+06   3.6560059e+01
   1.0501530e+06   3.7414551e+01
   1.0521520e+06   3.5400391e+01
   1.0570160e+06   3.5095215e+01
   1.0608460e+06   3.6987305e+01
   1.0623400e+06   1.9653320e+01
   1.0624110e+06   2.2399902e+01
   1.0626490e+06   2.1179199e+01
   1.0632820e+06   4.0527344e+01
   1.0639310e+06   2.0690918e+01
   1.0639560e+06   5.1208496e+01
   1.0640310e+06   4.3029785e+01
   1.0640790e+06   4.5104980e+01
   1.0641110e+06   1.9897461e+01
   1.0641440e+06   4.0649414e+01
   1.0641720e+06   1.9531250e+01
   1.0642080e+06   2.1606445e+01
   1.0643370e+06   4.0649414e+01
   1.0644330e+06   3.4851074e+01
   1.0645170e+06   2.1606445e+01
   1.0649350e+06   3.7719727e+01
   1.0652320e+06   3.2348633e+01
   1.0655290e+06   3.1494141e+01
   1.0672390e+06   2.9113770e+01
   1.0680880e+06   3.4484863e+01
   1.0692120e+06   3.0456543e+01
   1.0706280e+06   3.0212402e+01
   1.0709020e+06   2.0446777e+01
   1.0710070e+06   2.1911621e+01
   1.0714920e+06   3.5644531e+01
   1.0716960e+06   3.9184570e+01
   1.0719650e+06   3.3142090e+01
   1.0724240e+06   3.2897949e+01
   1.0740570e+06   3.5644531e+01
   1.0742780e+06   3.6926270e+01
   1.0752300e+06   4.0039063e+01
   1.0803490e+06   6.3476562e+01
   1.0804140e+06   5.0903320e+01
   1.0804660e+06   4.2846680e+01
   1.0805260e+06   2.1423340e+01
   1.0807880e+06   3.5095215e+01
   1.0808660e+06   3.4729004e+01
   1.0809260e+06   2.3681641e+01
   1.0810230e+06   3.7536621e+01
   1.0814640e+06   3.8146973e+01
   1.0823370e+06   3.2226562e+01
   1.0831040e+06   3.2409668e+01
   1.0839990e+06   3.0151367e+01
   1.0844920e+06   1.9897461e+01
   1.0849390e+06   3.0761719e+01
   1.0854730e+06   2.7282715e+01
   1.0874230e+06   3.2287598e+01
   1.0886260e+06   3.7170410e+01
   1.0892960e+06   3.0334473e+01
   1.0896970e+06   3.1738281e+01
   1.0912470e+06   3.3447266e+01
   1.0937410e+06   3.5461426e+01
   1.0940100e+06   3.3630371e+01
   1.0943260e+06   3.6071777e+01
   1.1046770e+06   6.4025879e+01
   1.1047200e+06   2.9541016e+01
   1.1047470e+06   3.4057617e+01
   1.1047750e+06   4.5654297e+01
   1.1047970e+06   4.9987793e+01
   1.1048110e+06   1.9470215e+01
   1.1048430e+06   2.0324707e+01
   1.1048760e+06   2.1667480e+01
   1.1048990e+06   1.9836426e+01
   1.1050370e+06   3.6804199e+01
   1.1052590e+06   3.7719727e+01
   1.1056290e+06   3.7231445e+01
   1.1060100e+06   3.9672852e+01
   1.1063740e+06   3.3325195e+01
   1.1091150e+06   3.3508301e+01
   1.1116000e+06   1.9409180e+01
   1.1116510e+06   2.4414062e+01
   1.1124860e+06   3.6987305e+01
   1.1135280e+06   2.2827148e+01
   1.1136510e+06   2.0874023e+01
   1.1145930e+06   3.8879395e+01
   1.1176090e+06   1.9226074e+01
   1.1176510e+06   3.5217285e+01
   1.1181610e+06   3.2043457e+01
   1.1197360e+06   1.9531250e+01
   1.1198030e+06   3.9489746e+01
   1.1278560e+06   1.9714355e+01
   1.1278810e+06   4.5593262e+01
   1.1279320e+06   5.3283691e+01
   1.1279560e+06   3.5888672e+01
   1.1279810e+06   3.6926270e+01
   1.1280090e+06   4.7973633e+01
   1.1280580e+06   3.8574219e+01
   1.1280910e+06   2.0019531e+01
   1.1281130e+06   2.2033691e+01
   1.1282720e+06   3.2836914e+01
   1.1283150e+06   2.5817871e+01
   1.1283840e+06   2.1179199e+01
   1.1286230e+06   2.2155762e+01
   1.1287200e+06   3.4667969e+01
   1.1290710e+06   3.9184570e+01
   1.1293490e+06   4.2419434e+01
   1.1296020e+06   3.6865234e+01
   1.1340360e+06   5.7556152e+01
   1.1355750e+06   1.9592285e+01
   1.1356390e+06   3.2104492e+01
   1.1366350e+06   2.3315430e+01
   1.1367920e+06   2.0385742e+01
   1.1387930e+06   2.1057129e+01
   1.1388860e+06   5.0109863e+01
   1.1409960e+06   2.0996094e+01
   1.1410170e+06   2.1179199e+01
   1.1431630e+06   1.9409180e+01
   1.1431900e+06   2.8442383e+01
   1.1432330e+06   3.1677246e+01
   1.1432660e+06   2.0812988e+01
   1.1432810e+06   4.2907715e+01
   1.1434140e+06   3.1127930e+01
   1.1436190e+06   3.5583496e+01
   1.1462590e+06   4.8217773e+01
   1.1553920e+06   4.3518066e+01
   1.1554110e+06   2.9663086e+01
   1.1554320e+06   5.3527832e+01
   1.1554640e+06   6.1096191e+01
   1.1555040e+06   5.0781250e+01
   1.1555290e+06   2.5512695e+01
   1.1555460e+06   5.6701660e+01
   1.1555880e+06   4.4006348e+01
   1.1556010e+06   1.9714355e+01
   1.1556230e+06   2.7343750e+01
   1.1558600e+06   2.5390625e+01
   1.1558720e+06   2.1728516e+01
   1.1559620e+06   4.7668457e+01
   1.1560200e+06   2.9907227e+01
   1.1560410e+06   2.3193359e+01
   1.1574280e+06   3.6804199e+01
   1.1618970e+06   5.7312012e+01
   1.1619510e+06   2.0751953e+01
   1.1619780e+06   4.5898438e+01
   1.1620210e+06   3.0334473e+01
   1.1651590e+06   4.4677734e+01
   1.1651730e+06   2.3925781e+01
   1.1652770e+06   1.9409180e+01
   1.1652930e+06   4.5471191e+01
   1.1659820e+06   3.9550781e+01
   1.1684990e+06   2.1423340e+01
   1.1685350e+06   3.5522461e+01
   1.1685500e+06   1.9470215e+01
   1.1685670e+06   1.9348145e+01
   1.1686210e+06   6.5795898e+01
   1.1686540e+06   4.0588379e+01
   1.1686680e+06   2.1484375e+01
   1.1687130e+06   3.4667969e+01
   1.1687430e+06   2.1057129e+01
   1.1691160e+06   3.2714844e+01
   1.1728730e+06   5.2368164e+01
   1.1728960e+06   3.4606934e+01
   1.1729320e+06   4.9438477e+01
   1.1729720e+06   4.7912598e+01
   1.1729860e+06   4.8950195e+01
   1.1730010e+06   2.8564453e+01
   1.1730310e+06   4.5104980e+01
   1.1730470e+06   1.9287109e+01
   1.1730680e+06   2.6000977e+01
   1.1730880e+06   3.5217285e+01
   1.1731020e+06   2.5878906e+01
   1.1731270e+06   2.0263672e+01
   1.1732200e+06   2.0507812e+01
   1.1733820e+06   3.3081055e+01
   1.1742430e+06   3.4423828e+01
   1.1772950e+06   1.9409180e+01
   1.1773600e+06   5.4077148e+01
   1.1773700e+06   2.1789551e+01
   1.1773960e+06   2.9052734e+01
   1.1774320e+06   2.0202637e+01
   1.1774500e+06   4.2114258e+01
   1.1783370e+06   3.7719727e+01
   1.1801420e+06   2.2399902e+01
   1.1801980e+06   4.9438477e+01
   1.1802240e+06   3.2958984e+01
   1.1802820e+06   3.0456543e+01
   1.1803010e+06   4.3518066e+01
   1.1803240e+06   3.1616211e+01
   1.1803500e+06   2.4902344e+01
   1.1806670e+06   3.2775879e+01
   1.1909230e+06   4.6936035e+01
   1.1909340e+06   2.1850586e+01
   1.1909540e+06   3.4362793e+01
   1.1909900e+06   5.7800293e+01
   1.1910230e+06   5.0537109e+01
   1.1910590e+06   4.6325684e+01
   1.1910900e+06   4.3945312e+01
   1.1911290e+06   3.3569336e+01
   1.1911500e+06   2.1545410e+01
   1.1911820e+06   2.8381348e+01
   1.1912420e+06   2.0629883e+01
   1.1913300e+06   3.3081055e+01
   1.1913460e+06   3.6376953e+01
   1.1914100e+06   2.0202637e+01
   1.1914380e+06   2.6672363e+01
   1.1914590e+06   4.4189453e+01
   1.1915020e+06   2.2033691e+01
   1.1916480e+06   1.9836426e+01
   1.1919030e+06   4.3151855e+01
   1.1920180e+06   2.7954102e+01
   1.1922260e+06   3.3203125e+01
   1.1924960e+06   3.7109375e+01
   1.1926820e+06   3.4973145e+01
   1.1927390e+06   2.0507813e+01
   1.1956300e+06   2.1362305e+01
   1.1960630e+06   3.3996582e+01
   1.1967290e+06   2.0568848e+01
   1.1967590e+06   4.9499512e+01
   1.1967800e+06   3.1188965e+01
   1.1996210e+06   5.0659180e+01
   1.1996670e+06   2.4597168e+01
   1.1996780e+06   5.0720215e+01
   1.1997100e+06   3.4179688e+01
   1.1997270e+06   4.2419434e+01
   1.1997530e+06   3.1433105e+01
   1.1997940e+06   4.2114258e+01
   1.1998260e+06   4.4494629e+01
   1.2001940e+06   3.3264160e+01
   1.2004370e+06   3.2653809e+01
   1.2047020e+06   5.0659180e+01
   1.2047380e+06   2.1911621e+01
   1.2047640e+06   4.3151855e+01
   1.2047990e+06   3.8513184e+01
   1.2048120e+06   4.8950195e+01
   1.2048390e+06   3.5400391e+01
   1.2048700e+06   4.5104980e+01
   1.2049030e+06   2.4536133e+01
   1.2049150e+06   2.2644043e+01
   1.2049390e+06   2.4780273e+01
   1.2049550e+06   4.5166016e+01
   1.2052060e+06   3.8574219e+01
   1.2623580e+06   2.2216797e+01
   1.2623870e+06   2.5207520e+01
   1.2624220e+06   8.2946777e+01
   1.2624320e+06   3.9306641e+01
   1.2624730e+06   3.9062500e+01
   1.2624850e+06   4.1137695e+01
   1.2625180e+06   3.2836914e+01
   1.2625280e+06   2.1301270e+01
   1.2625530e+06   2.1789551e+01
   1.2625910e+06   2.4780273e+01
   1.2626060e+06   2.0874023e+01
   1.2626690e+06   1.9531250e+01
   1.2627960e+06   4.2114258e+01
   1.2628490e+06   3.7963867e+01
   1.2628930e+06   4.0039062e+01
   1.2631220e+06   5.1025391e+01
   1.2672950e+06   5.0537109e+01
   1.2674380e+06   2.0690918e+01
   1.2676640e+06   5.5480957e+01
   1.2676890e+06   4.1381836e+01
   1.2678920e+06   4.9682617e+01
   1.2679720e+06   1.9714355e+01
   1.2680320e+06   4.4433594e+01
   1.2685550e+06   3.7780762e+01
   1.2687950e+06   1.9409180e+01
   1.2688290e+06   4.5959473e+01
   1.2688450e+06   1.9897461e+01
   1.2690020e+06   4.0039062e+01
   1.2690500e+06   4.2358398e+01
   1.2690760e+06   1.9958496e+01
   1.2694700e+06   3.6010742e+01
   1.2697170e+06   2.0202637e+01
   1.2703410e+06   3.7109375e+01
   1.2715240e+06   3.2348633e+01
   1.2725370e+06   3.9001465e+01
   1.2849650e+06   4.4555664e+01
   1.2849850e+06   2.0324707e+01
   1.2849970e+06   3.5644531e+01
   1.2850300e+06   2.6000977e+01
   1.2850560e+06   6.7260742e+01
   1.2851240e+06   5.9936523e+01
   1.2851640e+06   2.1423340e+01
   1.2851910e+06   3.3508301e+01
   1.2852450e+06   2.1545410e+01
   1.2852870e+06   3.3996582e+01
   1.2856890e+06   3.8818359e+01
   1.2857260e+06   4.1931152e+01
   1.2861450e+06   3.8696289e+01
   1.2905970e+06   4.6142578e+01
   1.2907070e+06   4.3090820e+01
   1.2907550e+06   3.4118652e+01
   1.2908020e+06   4.3151855e+01
   1.3468700e+06   3.5095215e+01
   1.3502240e+06   3.1372070e+01
   1.3549840e+06   3.9733887e+01
   1.3576550e+06   3.2104492e+01
   1.3604500e+06   4.6569824e+01
   1.3639370e+06   3.6560059e+01
   1.3641430e+06   2.0324707e+01
   1.3642710e+06   4.1564941e+01
   1.3646920e+06   4.6997070e+01
   1.3655870e+06   4.0283203e+01
   1.3660930e+06   3.4240723e+01
   1.3667480e+06   3.5827637e+01
   1.3674860e+06   3.4729004e+01
   1.3684550e+06   3.2165527e+01
   1.3696060e+06   4.4067383e+01
   1.3716110e+06   3.5522461e+01
   1.3731350e+06   3.5766602e+01
   1.3756710e+06   3.4240723e+01
   1.3776120e+06   3.2531738e+01
   1.3807340e+06   3.3081055e+01
   1.3829420e+06   3.9733887e+01
   1.3846580e+06   3.6621094e+01
   1.3867810e+06   3.5461426e+01
   1.3886020e+06   2.2155762e+01
   1.3888290e+06   1.9409180e+01
   1.3902890e+06   3.6254883e+01
   1.3909870e+06   3.7536621e+01
   1.3917900e+06   3.4179688e+01
   1.3927600e+06   3.8024902e+01
   1.3937660e+06   3.4484863e+01
   1.3948530e+06   3.7414551e+01
   1.3963830e+06   3.1738281e+01
   1.3985140e+06   4.1015625e+01
   1.4009050e+06   2.1118164e+01
   1.4013560e+06   3.3813477e+01
   1.4024050e+06   3.7963867e+01
   1.4037800e+06   3.6743164e+01
   1.4047130e+06   1.9836426e+01
   1.4068200e+06   1.9287109e+01
   1.4070020e+06   4.0039063e+01
   1.4084320e+06   3.9611816e+01
   1.4109730e+06   3.4423828e+01
   1.4125200e+06   3.5461426e+01
   1.4150710e+06   3.2897949e+01
   1.4176810e+06   4.9987793e+01
   1.4177470e+06   4.4860840e+01
   1.4183120e+06   3.6804199e+01
   1.4189900e+06   3.7170410e+01
   1.4198130e+06   4.2724609e+01
   1.4212260e+06   3.2470703e+01
   1.4234570e+06   3.1494141e+01
   1.4248950e+06   3.9062500e+01
   1.4269470e+06   3.1616211e+01
   1.4289980e+06   3.6071777e+01
   1.4320580e+06   4.1931152e+01
   1.4338230e+06   3.2836914e+01
   1.4353870e+06   3.1860352e+01
   1.4372860e+06   3.1799316e+01
   1.4388250e+06   3.3569336e+01
   1.4401540e+06   3.8818359e+01
   1.4425890e+06   3.8085938e+01
   1.4452590e+06   3.8085938e+01
   1.4461790e+06   1.9836426e+01
   1.4481080e+06   3.1921387e+01
   1.4485730e+06   2.2277832e+01
   1.4491270e+06   3.3203125e+01
   1.4502380e+06   2.1789551e+01
   1.4515650e+06   3.1250000e+01
   1.4526280e+06   3.3935547e+01
   1.4540380e+06   3.2470703e+01
   1.4554420e+06   3.3325195e+01
   1.4567180e+06   3.0273438e+01
   1.4586220e+06   3.8391113e+01
   1.4601650e+06   3.4545898e+01
   1.4610670e+06   2.1850586e+01
   1.4622220e+06   3.3630371e+01
   1.4629350e+06   3.2287598e+01
   1.4638160e+06   1.9226074e+01
   1.4638810e+06   2.9907227e+01
   1.4654110e+06   4.1870117e+01
   1.4659830e+06   3.8085938e+01
   1.4667650e+06   4.1076660e+01
   1.4683480e+06   3.7841797e+01
   1.4700230e+06   3.3508301e+01
   1.4711240e+06   3.1860352e+01
   1.4726210e+06   3.7719727e+01
   1.4742670e+06   3.6010742e+01
   1.4751790e+06   3.0944824e+01
   1.4762100e+06   3.1738281e+01
   1.4777230e+06   3.5461426e+01
   1.4785570e+06   3.6743164e+01
   1.4793970e+06   3.9367676e+01
   1.4800080e+06   3.5034180e+01
   1.4819230e+06   3.9489746e+01
   1.4838450e+06   3.1433105e+01
   1.4843920e+06   3.6254883e+01
   1.4854650e+06   3.4240723e+01
   1.4860130e+06   3.2897949e+01
   1.4875540e+06   4.0283203e+01
   1.4894190e+06   3.2897949e+01
   1.4901410e+06   2.1301270e+01
   1.4907900e+06   3.1677246e+01
   1.4926570e+06   3.1860352e+01
   1.4942650e+06   3.2348633e+01
   1.4965130e+06   3.2409668e+01
   1.4970990e+06   3.3203125e+01
   1.4983830e+06   3.9306641e+01
   1.5006930e+06   3.3386230e+01
   1.5013590e+06   3.8085938e+01
   1.5032440e+06   3.5827637e+01
   1.5042710e+06   1.9531250e+01
   1.5055310e+06   1.9226074e+01
   1.5058210e+06   3.0334473e+01
   1.5069210e+06   3.7963867e+01
   1.5088070e+06   3.0761719e+01
   1.5099340e+06   2.0019531e+01
   1.5113750e+06   3.6926270e+01
   1.5119600e+06   3.2897949e+01
   1.5130530e+06   3.9672852e+01
   1.5139850e+06   3.2470703e+01
   1.5146460e+06   3.1127930e+01
   1.5190810e+06   3.2836914e+01
   1.5205770e+06   4.5898438e+01
   1.5212270e+06   3.6437988e+01
   1.5231480e+06   3.3264160e+01
   1.5240060e+06   4.0954590e+01
   1.5256780e+06   3.2653809e+01
   1.5284610e+06   3.4545898e+01
   1.5292160e+06   4.3090820e+01
   1.5294580e+06   3.1372070e+01
   1.5297760e+06   3.5339355e+01
   1.5300760e+06   4.1259766e+01
   1.5305100e+06   3.7902832e+01
   1.5320790e+06   3.4301758e+01
   1.5329780e+06   1.9348145e+01
   1.5345180e+06   3.6682129e+01
   1.5361910e+06   3.3386230e+01
   1.5393410e+06   3.1127930e+01
   1.5435360e+06   3.1616211e+01
   1.5442840e+06   3.5949707e+01
   1.5463670e+06   3.2043457e+01
   1.5489090e+06   3.3447266e+01
   1.5523930e+06   3.9733887e+01
   1.5556590e+06   2.7893066e+01
   1.5590960e+06   3.7048340e+01
   1.5606400e+06   2.2644043e+01
   1.5618390e+06   1.9592285e+01
   1.5624050e+06   3.2592773e+01
   1.5636240e+06   3.4729004e+01
   1.5654450e+06   2.3437500e+01
   1.5667010e+06   3.7231445e+01
   1.5671390e+06   2.5024414e+01
   1.5690390e+06   3.6560059e+01
   1.5694320e+06   3.4423828e+01
   1.5702860e+06   2.0629883e+01
   1.5710110e+06   3.1127930e+01
   1.5728190e+06   3.7536621e+01
   1.5771620e+06   3.3569336e+01
   1.5797730e+06   3.6804199e+01
   1.5823970e+06   2.0141602e+01
   1.5826770e+06   3.9978027e+01
   1.5849140e+06   3.3325195e+01
   1.5869670e+06   4.4311523e+01
   1.5878670e+06   3.3691406e+01
   1.5897370e+06   4.4555664e+01
   1.5910490e+06   3.2287598e+01
   1.5933080e+06   2.1850586e+01
   1.5945550e+06   3.6193848e+01
   1.5949880e+06   3.7719727e+01
   1.5954260e+06   3.7170410e+01
   1.5958890e+06   3.3691406e+01
   1.5966740e+06   3.6560059e+01
   1.5982540e+06   3.7841797e+01
   1.6000080e+06   3.5278320e+01
   1.6020520e+06   3.4057617e+01
   1.6032060e+06   3.2470703e+01
   1.6058840e+06   3.2653809e+01
   1.6079890e+06   3.1127930e+01
   1.6094280e+06   3.4118652e+01
   1.6128140e+06   3.9001465e+01
   1.6152620e+06   4.2724609e+01
   1.6168840e+06   3.5461426e+01
   1.6204820e+06   3.3325195e+01
   1.6216410e+06   3.9428711e+01
   1.6229930e+06   3.5949707e+01
   1.6255800e+06   3.7414551e+01
   1.6265790e+06   3.7048340e+01
   1.6291240e+06   3.3203125e+01
   1.6301560e+06   4.5837402e+01
   1.6318290e+06   2.0324707e+01
   1.6327880e+06   3.2836914e+01
   1.6331770e+06   3.3569336e+01
   1.6337060e+06   3.4118652e+01
   1.6343780e+06   3.1860352e+01
   1.6357130e+06   3.5583496e+01
   1.6368260e+06   3.5949707e+01
   1.6384770e+06   2.7465820e+01
   1.6405200e+06   3.8635254e+01
   1.6425140e+06   4.1442871e+01
   1.6439010e+06   3.7536621e+01
   1.6467210e+06   3.8452148e+01
   1.6494880e+06   3.3508301e+01
   1.6504070e+06   2.9296875e+01
   1.6518400e+06   3.8024902e+01
   1.6524840e+06   3.6315918e+01
   1.6533620e+06   3.1921387e+01
   1.6562990e+06   3.8513184e+01
   1.6573750e+06   3.3752441e+01
   1.6582470e+06   2.0324707e+01
   1.6583890e+06   2.1362305e+01
   1.6588000e+06   2.8625488e+01
   1.6598540e+06   3.1799316e+01
   1.6600380e+06   3.6987305e+01
   1.6601930e+06   3.4240723e+01
   1.6603470e+06   3.4423828e+01
   1.6606770e+06   3.5705566e+01
   1.6611250e+06   3.7719727e+01
   1.6619980e+06   3.6560059e+01
   1.6627460e+06   3.2226562e+01
   1.6643440e+06   4.3945312e+01
   1.6648360e+06   2.1179199e+01
   1.6662440e+06   4.1931152e+01
   1.6691310e+06   3.2775879e+01
   1.6718990e+06   3.6254883e+01
   1.6737990e+06   3.2470703e+01
   1.6751800e+06   3.5766602e+01
   1.6782910e+06   3.2470703e+01
   1.6802940e+06   3.3935547e+01
   1.6829390e+06   3.5522461e+01
   1.6839110e+06   2.0080566e+01
   1.6861500e+06   3.9733887e+01
   1.6870770e+06   1.9775391e+01
   1.6873040e+06   3.7048340e+01
   1.6880430e+06   2.0080566e+01
   1.6896260e+06   3.5949707e+01
   1.6923570e+06   3.3325195e+01
   1.6937210e+06   3.7048340e+01
   1.6950770e+06   2.3132324e+01
   1.6953460e+06   3.1433105e+01
   1.6969400e+06   4.2724609e+01
   1.6984450e+06   3.3386230e+01
   1.7025150e+06   4.1076660e+01
   1.7040610e+06   2.1789551e+01
   1.7049020e+06   1.9958496e+01
   1.7051000e+06   1.9775391e+01
   1.7063120e+06   1.9836426e+01
   1.7241170e+06   3.3996582e+01
   1.7259630e+06   3.8146973e+01
   1.7277320e+06   3.6804199e+01
   1.7290660e+06   3.8391113e+01
   1.7332560e+06   3.4362793e+01
   1.7374370e+06   1.9775391e+01
   1.7376090e+06   3.5156250e+01
   1.7399980e+06   3.4851074e+01
   1.7428100e+06   1.9287109e+01
   1.7430460e+06   3.5278320e+01
   1.7460010e+06   3.5644531e+01
   1.7494450e+06   4.1992188e+01
   1.7511190e+06   4.0893555e+01
   1.7533900e+06   3.2409668e+01
   1.7550040e+06   3.8940430e+01
   1.7577180e+06   4.1442871e+01
   1.7604280e+06   3.5888672e+01
   1.7612930e+06   3.1311035e+01
   1.7615870e+06   3.8024902e+01
   1.7628660e+06   3.6071777e+01
   1.7642580e+06   3.4851074e+01
   1.7649820e+06   3.5278320e+01
   1.7670640e+06   3.6193848e+01
   1.7680440e+06   3.9001465e+01
   1.7689290e+06   2.0568848e+01
   1.7703090e+06   3.7902832e+01
   1.7714250e+06   3.2287598e+01
   1.7737240e+06   3.8208008e+01
   1.7755090e+06   2.9113770e+01
   1.7778850e+06   1.9470215e+01
   1.7781550e+06   3.2897949e+01
   1.7796660e+06   3.2409668e+01
   1.7802470e+06   1.9775391e+01
   1.7809110e+06   3.1433105e+01
   1.7835580e+06   3.5339355e+01
   1.7846490e+06   1.9836426e+01
   1.7932930e+06   3.3203125e+01
   1.7961070e+06   3.2043457e+01
   1.7967910e+06   3.7963867e+01
   1.7984450e+06   3.2348633e+01
   1.8161220e+06   2.7465820e+01
   1.8210310e+06   3.0883789e+01
   1.8249320e+06   3.1372070e+01
   1.8266510e+06   3.7170410e+01
   1.8298840e+06   2.1057129e+01
   1.8300920e+06   3.8696289e+01
   1.8322380e+06   3.0578613e+01
   1.8358660e+06   3.5766602e+01
   1.8371300e+06   3.5217285e+01
   1.8385910e+06   3.3630371e+01
   1.8417970e+06   4.2785645e+01
   1.8437020e+06   3.7048340e+01
   1.8440150e+06   1.9592285e+01
   1.8450360e+06   4.0100098e+01
   1.8451950e+06   1.9775391e+01
   1.8490170e+06   1.9348145e+01
   1.8507490e+06   1.9287109e+01
   1.8519850e+06   2.2460938e+01
   1.8542000e+06   4.3090820e+01
   1.8543830e+06   2.0080566e+01
   1.8544860e+06   3.2470703e+01
   1.8555030e+06   3.0944824e+01
   1.8563240e+06   4.4250488e+01
   1.8567910e+06   3.5827637e+01
   1.8571090e+06   4.4494629e+01
   1.8574290e+06   3.4973145e+01
   1.8810180e+06   3.7292480e+01
   1.8825280e+06   3.1250000e+01
   1.8867360e+06   1.9287109e+01
   1.8909400e+06   3.3813477e+01
   1.8941960e+06   3.7170410e+01
   1.8965790e+06   4.2053223e+01
   1.8994400e+06   3.4118652e+01
   1.9016990e+06   3.6926270e+01
   1.9043770e+06   3.5217285e+01
   1.9057600e+06   3.6743164e+01
   1.9088390e+06   4.0588379e+01
   1.9103890e+06   3.7475586e+01
   1.9128890e+06   3.6437988e+01
   1.9137060e+06   3.4179688e+01
   1.9150670e+06   4.1076660e+01
   1.9167940e+06   3.8146973e+01
   1.9189190e+06   4.6386719e+01
   1.9217170e+06   3.2165527e+01
   1.9221890e+06   3.5339355e+01
   1.9236520e+06   3.9062500e+01
   1.9245640e+06   3.8146973e+01
   1.9262690e+06   4.1259766e+01
   1.9267740e+06   1.9897461e+01
   1.9278710e+06   3.1921387e+01
   1.9295020e+06   3.5095215e+01
   1.9313560e+06   3.8024902e+01
   1.9329590e+06   3.8879395e+01
   1.9349700e+06   3.1677246e+01
   1.9359300e+06   3.5827637e+01
   1.9370560e+06   2.0141602e+01
   1.9382010e+06   4.0405273e+01
   1.9390680e+06   3.8940430e+01
   1.9407330e+06   3.6804199e+01
   1.9450880e+06   1.9714355e+01
   1.9455270e+06   3.6987305e+01
   1.9477720e+06   1.9836426e+01
   1.9478130e+06   4.8889160e+01
   1.9486070e+06   3.2409668e+01
   1.9486350e+06   2.2399902e+01
   1.9499490e+06   2.0324707e+01
   1.9499830e+06   3.4362793e+01
   1.9506170e+06   3.8635254e+01
   1.9507490e+06   3.1616211e+01
   1.9509640e+06   2.2094727e+01
   1.9511520e+06   3.4729004e+01
   1.9513590e+06   3.7597656e+01
   1.9515500e+06   3.8024902e+01
   1.9519330e+06   3.7719727e+01
   1.9521220e+06   3.4423828e+01
   1.9522720e+06   3.8879395e+01
   1.9523460e+06   2.0080566e+01
   1.9524070e+06   3.4667969e+01
   1.9526270e+06   3.3203125e+01
   1.9529040e+06   3.3630371e+01
   1.9530880e+06   3.5766602e+01
   1.9533680e+06   2.9907227e+01
   1.9539190e+06   2.6489258e+01
   1.9827400e+06   1.9287109e+01
   1.9836080e+06   2.1179199e+01
   1.9901910e+06   2.1667480e+01
   2.0029430e+06   4.4982910e+01
   2.0044030e+06   3.0456543e+01
   2.0073640e+06   3.6865234e+01
   2.0085700e+06   4.0771484e+01
   2.0099730e+06   4.2297363e+01
   2.0110370e+06   3.6743164e+01
   2.0117890e+06   3.6499023e+01
   2.0127840e+06   3.1921387e+01
   2.0137120e+06   3.0944824e+01
   2.0157650e+06   3.4912109e+01
   2.0169660e+06   4.2297363e+01
   2.0189620e+06   3.9001465e+01
   2.0204120e+06   3.6071777e+01
   2.0220350e+06   3.7231445e+01
   2.0235090e+06   3.3935547e+01
   2.0247600e+06   3.4973145e+01
   2.0258970e+06   3.9062500e+01
   2.0275290e+06   3.5400391e+01
   2.0284010e+06   2.1118164e+01
   2.0287940e+06   3.6499023e+01
   2.0300060e+06   3.4301758e+01
   2.0320590e+06   3.4484863e+01
   2.0338940e+06   4.5898438e+01
   2.0359720e+06   3.5217285e+01
   2.0370930e+06   3.6499023e+01
   2.0376180e+06   3.8208008e+01
   2.0385050e+06   2.0385742e+01
   2.0408700e+06   1.9287109e+01
   2.0477340e+06   3.5156250e+01
   2.0507980e+06   3.9367676e+01
   2.0530050e+06   3.4790039e+01
   2.0549510e+06   3.5034180e+01
   2.0566930e+06   3.3020020e+01
   2.0578080e+06   3.7719727e+01
   2.0599140e+06   3.3386230e+01
   2.0615180e+06   3.9123535e+01
   2.0627280e+06   3.3996582e+01
   2.0645200e+06   3.0761719e+01
   2.0669730e+06   3.2958984e+01
   2.0684210e+06   3.8146973e+01
   2.0696150e+06   3.5766602e+01
   2.0720540e+06   3.6376953e+01
   2.0737580e+06   3.4790039e+01
   2.0748510e+06   3.6071777e+01
   2.0769530e+06   4.2968750e+01
   2.0788050e+06   3.7292480e+01
   2.0808860e+06   4.2114258e+01
   2.0819140e+06   1.9958496e+01
   2.0829180e+06   3.7414551e+01
   2.0855880e+06   3.8696289e+01
   2.0866790e+06   1.9836426e+01
   2.0869490e+06   3.3447266e+01
   2.0897370e+06   3.6315918e+01
   2.0908640e+06   3.6804199e+01
   2.0922720e+06   4.5043945e+01
   2.0942950e+06   4.5043945e+01
   2.0957260e+06   4.1381836e+01
   2.0979420e+06   3.1677246e+01
   2.0990620e+06   3.5827637e+01
   2.1007640e+06   4.1442871e+01
   2.1018510e+06   3.4240723e+01
   2.1027840e+06   3.6071777e+01
   2.1035740e+06   3.5339355e+01
   2.1053690e+06   3.1372070e+01
   2.1055920e+06   3.4057617e+01
   2.1057890e+06   3.5888672e+01
   2.1065130e+06   2.0935059e+01
   2.1087530e+06   3.3935547e+01
   2.1092450e+06   2.1728516e+01
   2.1093280e+06   3.5583496e+01
   2.1095880e+06   2.5085449e+01
   2.1096240e+06   3.2409668e+01
   2.1114660e+06   3.6743164e+01
   2.1119890e+06   3.6499023e+01
   2.1128080e+06   4.2663574e+01
   2.1135730e+06   3.0883789e+01
   2.1169570e+06   3.1677246e+01
   2.1202050e+06   3.5766602e+01
   2.1220260e+06   3.3264160e+01
   2.1274020e+06   4.3212891e+01
   2.1309870e+06   3.4362793e+01
   2.1343790e+06   3.7658691e+01
   2.1382250e+06   3.4729004e+01
   2.1394230e+06   3.2348633e+01
   2.1402410e+06   3.4606934e+01
   2.1410360e+06   2.1057129e+01
   2.1414010e+06   3.6437988e+01
   2.1431330e+06   3.6560059e+01
   2.1460010e+06   1.9287109e+01
   2.1462200e+06   3.5217285e+01
   2.1481030e+06   3.5278320e+01
   2.1497370e+06   3.3203125e+01
   2.1504360e+06   3.4545898e+01
   2.1515510e+06   2.4047852e+01
   2.1529580e+06   3.4729004e+01
   2.1564990e+06   2.3986816e+01
   2.1566980e+06   3.2653809e+01
   2.1577660e+06   3.4545898e+01
   2.1596680e+06   1.9226074e+01
   2.1603780e+06   4.0405273e+01
   2.1620280e+06   3.4484863e+01
   2.1638880e+06   3.7109375e+01
   2.1649110e+06   3.3508301e+01
   2.1663800e+06   3.0822754e+01
   2.1694110e+06   4.1442871e+01
   2.1721100e+06   3.3264160e+01
   2.1729420e+06   4.0100098e+01
   2.1739070e+06   3.2836914e+01
   2.1754000e+06   3.6254883e+01
   2.1763870e+06   3.4667969e+01
   2.1776770e+06   3.7963867e+01
   2.1788300e+06   3.1738281e+01
   2.1799620e+06   2.1057129e+01
   2.1803620e+06   3.5034180e+01
   2.1810090e+06   3.6682129e+01
   2.1828790e+06   3.3630371e+01
   2.1841400e+06   3.7658691e+01
   2.1852600e+06   3.3020020e+01
   2.1882360e+06   4.1076660e+01
   2.1893240e+06   3.8879395e+01
   2.1912210e+06   4.0344238e+01
   2.1929280e+06   4.1015625e+01
   2.1941340e+06   2.0080566e+01
   2.1945020e+06   3.0700684e+01
   2.1952220e+06   3.7719727e+01
   2.1968440e+06   3.6193848e+01
   2.1998940e+06   4.5898438e+01
   2.2009580e+06   3.6132812e+01
   2.2013180e+06   3.3264160e+01
   2.2015380e+06   2.2033691e+01
   2.2017230e+06   1.9348145e+01
   2.2021010e+06   3.0700684e+01
   2.2037310e+06   1.9470215e+01
   2.2043310e+06   1.9348145e+01
   2.2078050e+06   3.3996582e+01
   2.2090520e+06   3.4790039e+01
   2.2106000e+06   3.7292480e+01
   2.2118660e+06   3.7109375e+01
   2.2127410e+06   3.6315918e+01
   2.2138340e+06   3.6254883e+01
   2.2149340e+06   3.4484863e+01
   2.2163190e+06   3.5278320e+01
   2.2180820e+06   3.2714844e+01
   2.2191950e+06   4.2602539e+01
   2.2214940e+06   3.2287598e+01
   2.2230880e+06   3.9367676e+01
   2.2243730e+06   3.2714844e+01
   2.2280180e+06   3.4362793e+01
   2.2301720e+06   3.0944824e+01
   2.2318240e+06   4.0283203e+01
   2.2341130e+06   3.4851074e+01
   2.2361510e+06   3.0639648e+01
   2.2370660e+06   3.3691406e+01
   2.2394140e+06   3.3386230e+01
   2.2414720e+06   3.9062500e+01
   2.2438510e+06   3.5522461e+01
   2.2466920e+06   3.7475586e+01
   2.2476700e+06   3.6743164e+01
   2.2484040e+06   1.9653320e+01
   2.2510100e+06   3.6376953e+01
   2.2520810e+06   4.4189453e+01
   2.2529310e+06   3.6437988e+01
   2.2542500e+06   2.4475098e+01
   2.2556540e+06   3.9123535e+01
   2.2566170e+06   3.7353516e+01
   2.2574880e+06   3.9184570e+01
   2.2597880e+06   3.5156250e+01
   2.2602740e+06   1.9653320e+01
   2.2606670e+06   3.5583496e+01
   2.2617500e+06   3.0395508e+01
   2.2631470e+06   2.0080566e+01
   2.2635600e+06   3.5217285e+01
   2.2651860e+06   3.8818359e+01
   2.2659650e+06   3.4118652e+01
   2.2685380e+06   3.2836914e+01
   2.2698020e+06   3.3813477e+01
   2.2708610e+06   3.9672852e+01
   2.2723980e+06   3.8513184e+01
   2.2740630e+06   3.2409668e+01
   2.2746400e+06   3.8879395e+01
   2.2760320e+06   2.9968262e+01
   2.2783160e+06   2.7770996e+01
   2.2797960e+06   3.7780762e+01
   2.2812340e+06   4.4311523e+01
   2.2827540e+06   3.8574219e+01
   2.2845800e+06   3.7536621e+01
   2.2855660e+06   3.5522461e+01
   2.2869890e+06   3.7048340e+01
   2.2871920e+06   1.9653320e+01
   2.2890270e+06   3.8208008e+01
   2.2897590e+06   3.1982422e+01
   2.2910270e+06   2.5878906e+01
   2.2914210e+06   4.3273926e+01
   2.2919510e+06   1.9348145e+01
   2.2926960e+06   3.0700684e+01
   2.2935960e+06   3.9428711e+01
   2.2951900e+06   1.9775391e+01
   2.2954640e+06   3.4240723e+01
   2.2969650e+06   3.4667969e+01
   2.3003530e+06   3.6987305e+01
   2.3012900e+06   3.8452148e+01
   2.3019890e+06   3.5522461e+01
   2.3033630e+06   3.5766602e+01
   2.3040790e+06   2.2399902e+01
   2.3048170e+06   3.6193848e+01
   2.3068340e+06   3.5705566e+01
   2.3075370e+06   3.9245605e+01
   2.3090860e+06   3.3874512e+01
   2.3099330e+06   3.2348633e+01
   2.3119910e+06   3.7292480e+01
   2.3135210e+06   3.6193848e+01
   2.3145740e+06   3.6987305e+01
   2.3157790e+06   3.7902832e+01
   2.3164590e+06   3.2775879e+01
   2.3212510e+06   3.6315918e+01
   2.3237530e+06   3.4973145e+01
   2.3246300e+06   3.7536621e+01
   2.3257990e+06   3.7597656e+01
   2.3277580e+06   3.1433105e+01
   2.3299600e+06   3.3508301e+01
   2.3313620e+06   3.3203125e+01
   2.3328130e+06   3.7963867e+01
   2.3346080e+06   3.3325195e+01
   2.3366960e+06   3.4423828e+01
   2.3376310e+06   1.9226074e+01
   2.3396800e+06   3.7902832e+01
   2.3412230e+06   3.3447266e+01
   2.3425800e+06   3.5888672e+01
   2.3436570e+06   4.1625977e+01
   2.3459220e+06   4.0954590e+01
   2.3475480e+06   2.6306152e+01
   2.3496030e+06   3.6926270e+01
   2.3503770e+06   3.8391113e+01
   2.3509420e+06   3.6376953e+01
   2.3514250e+06   3.7841797e+01
   2.3526470e+06   3.7475586e+01
   2.3529160e+06   3.2470703e+01
   2.3529900e+06   1.9470215e+01
   2.3530200e+06   3.6621094e+01
   2.3531460e+06   1.9409180e+01
   2.3531980e+06   2.3254395e+01
   2.3532400e+06   1.9348145e+01
   2.3534030e+06   3.3996582e+01
   2.3536870e+06   3.2531738e+01
   2.3540510e+06   3.4240723e+01
   2.3544090e+06   3.1738281e+01
   2.3545970e+06   3.5888672e+01
   2.3548380e+06   3.5766602e+01
   2.3551330e+06   3.6743164e+01
   2.3555440e+06   3.8879395e+01
   2.3565210e+06   3.6193848e+01
   2.3574950e+06   3.9611816e+01
   2.3584920e+06   3.5278320e+01
   2.3600330e+06   3.1860352e+01
   2.3619200e+06   3.4606934e+01
   2.3640210e+06   3.8818359e+01
   2.3678270e+06   4.2846680e+01
   2.3691490e+06   3.6254883e+01
   2.3701200e+06   1.9226074e+01
   2.3711440e+06   3.6560059e+01
   2.3734540e+06   3.6743164e+01
   2.3768770e+06   3.4179688e+01
   2.3777850e+06   3.2897949e+01
   2.3794340e+06   3.3386230e+01
   2.3839810e+06   3.7902832e+01
   2.3863840e+06   4.4128418e+01
   2.3890180e+06   3.8024902e+01
   2.3914580e+06   3.5827637e+01
   2.3930870e+06   2.9785156e+01
   2.3944870e+06   3.6010742e+01
   2.3959890e+06   3.7536621e+01
   2.3971150e+06   3.2653809e+01
   2.3993280e+06   3.2592773e+01
   2.4002180e+06   3.4606934e+01
   2.4040330e+06   4.2602539e+01
   2.4049650e+06   3.8208008e+01
   2.4056780e+06   4.1931152e+01
   2.4068470e+06   4.1748047e+01
   2.4081280e+06   1.9653320e+01
   2.4087430e+06   3.9916992e+01
   2.4104220e+06   3.3508301e+01
   2.4123190e+06   3.3874512e+01
   2.4137040e+06   3.3264160e+01
   2.4141580e+06   3.9550781e+01
   2.4143030e+06   3.8024902e+01
   2.4145660e+06   3.8940430e+01
   2.4155850e+06   3.5400391e+01
   2.4162830e+06   3.7353516e+01
   2.4191960e+06   3.9367676e+01
   2.4207760e+06   4.0100098e+01
   2.4211950e+06   3.2287598e+01
   2.4217980e+06   3.2836914e+01
   2.4227550e+06   3.5156250e+01
   2.4236170e+06   3.5400391e+01
   2.4253740e+06   3.7902832e+01
   2.4278290e+06   3.1127930e+01
   2.4293050e+06   3.2958984e+01
   2.4306740e+06   3.3386230e+01
   2.4312870e+06   3.3447266e+01
   2.4326390e+06   3.7658691e+01
   2.4341320e+06   3.6682129e+01
   2.4357580e+06   2.8991699e+01
   2.4374170e+06   3.3386230e+01
   2.4396510e+06   3.5339355e+01
   2.4410170e+06   3.6926270e+01
   2.4422630e+06   3.2409668e+01
   2.4437310e+06   3.2531738e+01
   2.4437560e+06   1.9348145e+01
   2.4463500e+06   3.4790039e+01
   2.4480240e+06   3.8024902e+01
   2.4493140e+06   3.3935547e+01
   2.4521720e+06   3.7414551e+01
   2.4549740e+06   3.4423828e+01
   2.4559080e+06   3.3081055e+01
   2.4568370e+06   3.4851074e+01
   2.4577200e+06   2.0935059e+01
   2.4596870e+06   2.1545410e+01
   2.4603900e+06   3.8024902e+01
   2.4611040e+06   4.0100098e+01
   2.4616500e+06   3.6743164e+01
   2.4626530e+06   3.7048340e+01
   2.4638720e+06   3.9306641e+01
   2.4651130e+06   3.2958984e+01
   2.4663520e+06   3.6926270e+01
   2.4677710e+06   3.6621094e+01
   2.4696840e+06   3.7658691e+01
   2.4708410e+06   3.3752441e+01
   2.4721050e+06   4.0588379e+01
   2.4733600e+06   4.0588379e+01
   2.4743070e+06   3.6010742e+01
   2.4753090e+06   3.2958984e+01
   2.4778140e+06   3.3386230e+01
   2.4791190e+06   3.7902832e+01
   2.4800570e+06   3.8330078e+01
   2.4810420e+06   3.7902832e+01
   2.4821120e+06   3.8574219e+01
   2.4828200e+06   3.0334473e+01
   2.4837930e+06   4.0283203e+01
   2.4859600e+06   4.1015625e+01
   2.4884320e+06   4.3029785e+01
   2.4895340e+06   3.1799316e+01
   2.4904650e+06   3.4240723e+01
   2.4924720e+06   3.2287598e+01
   2.4940120e+06   3.6499023e+01
   2.4953360e+06   3.6926270e+01
   2.4976860e+06   3.7231445e+01
   2.4990130e+06   3.4729004e+01
   2.5009470e+06   4.0283203e+01
   2.5022540e+06   3.8818359e+01
   2.5038150e+06   3.5522461e+01
   2.5049360e+06   3.6376953e+01
   2.5083320e+06   1.9592285e+01
   2.5084970e+06   3.1188965e+01
   2.5086030e+06   3.4912109e+01
   2.5093630e+06   4.0222168e+01
   2.5120190e+06   3.0700684e+01
   2.5140210e+06   3.1494141e+01
   2.5152320e+06   3.8208008e+01
   2.5164840e+06   3.7231445e+01
   2.5186040e+06   4.0527344e+01
   2.5201260e+06   3.4545898e+01
   2.5212950e+06   3.5888672e+01
   2.5227220e+06   3.5156250e+01
   2.5242820e+06   3.5217285e+01
   2.5245540e+06   2.1057129e+01
   2.5255430e+06   3.3935547e+01
   2.5273560e+06   3.8574219e+01
   2.5286890e+06   3.8696289e+01
   2.5309800e+06   1.9836426e+01
   2.5315240e+06   2.1057129e+01
   2.5321980e+06   3.3691406e+01
   2.5333320e+06   4.0344238e+01
   2.5338220e+06   1.9348145e+01
   2.5338500e+06   3.5766602e+01
   2.5346080e+06   2.3742676e+01
   2.5346740e+06   3.6560059e+01
   2.5347470e+06   3.9794922e+01
   2.5348920e+06   3.1616211e+01
   2.5350920e+06   3.2653809e+01
   2.5353040e+06   3.2653809e+01
   2.5357040e+06   3.1982422e+01
   2.5365880e+06   3.3691406e+01
   2.5377700e+06   3.5949707e+01
   2.5397760e+06   3.6010742e+01
   2.5408080e+06   3.5766602e+01
   2.5424700e+06   3.3386230e+01
   2.5446360e+06   3.2897949e+01
   2.5455180e+06   1.9836426e+01
   2.5462190e+06   3.9062500e+01
   2.5489410e+06   3.2470703e+01
   2.5501990e+06   3.5522461e+01
   2.5511470e+06   3.9550781e+01
   2.5534430e+06   3.5888672e+01
   2.5559280e+06   3.4851074e+01
   2.5572120e+06   3.9184570e+01
   2.5590940e+06   3.4423828e+01
   2.5612630e+06   3.3264160e+01
   2.5618730e+06   3.1677246e+01
   2.5633810e+06   3.3325195e+01
   2.5647580e+06   4.0832520e+01
   2.5664750e+06   3.3081055e+01
   2.5676220e+06   3.6499023e+01
   2.5691620e+06   3.6682129e+01
   2.5696920e+06   3.4729004e+01
   2.5725250e+06   3.8513184e+01
   2.5734130e+06   4.0405273e+01
   2.5750540e+06   3.9855957e+01
   2.5792950e+06   4.0161133e+01
   2.5807550e+06   3.6865234e+01
   2.5829490e+06   3.4057617e+01
   2.5845610e+06   3.7963867e+01
   2.5868010e+06   3.0517578e+01
   2.5892570e+06   3.5949707e+01
   2.5902290e+06   3.5400391e+01
   2.5933910e+06   3.6804199e+01
   2.5946060e+06   3.6865234e+01
   2.5974130e+06   3.8085938e+01
   2.5975660e+06   2.1850586e+01
   2.5983900e+06   4.1198730e+01
   2.6002980e+06   3.3874512e+01
   2.6018520e+06   3.3020020e+01
   2.6043650e+06   4.2419434e+01
   2.6064340e+06   3.5766602e+01
   2.6076450e+06   3.7536621e+01
   2.6088330e+06   3.6071777e+01
   2.6097230e+06   4.0771484e+01
   2.6112580e+06   3.1250000e+01
   2.6122560e+06   3.3996582e+01
   2.6134120e+06   4.2297363e+01
   2.6140080e+06   3.6437988e+01
   2.6162050e+06   3.3874512e+01
   2.6179820e+06   2.9846191e+01
   2.6186840e+06   3.6682129e+01
   2.6200440e+06   3.6254883e+01
   2.6201920e+06   3.8146973e+01
   2.6209800e+06   3.6499023e+01
   2.6228040e+06   3.4423828e+01
   2.6238880e+06   3.1188965e+01
   2.6239270e+06   2.1545410e+01
   2.6239700e+06   2.0812988e+01
   2.6244970e+06   3.7902832e+01
   2.6354130e+06   4.2724609e+01
   2.6402180e+06   3.9794922e+01
   2.6511650e+06   3.6499023e+01
   2.6520770e+06   3.8208008e+01
   2.6558000e+06   3.4667969e+01
   2.6567670e+06   3.2714844e+01
   2.6583090e+06   3.7902832e+01
   2.6604060e+06   3.9184570e+01
   2.6626580e+06   3.1311035e+01
   2.6648810e+06   3.8757324e+01
   2.6664480e+06   4.2724609e+01
   2.6685250e+06   3.9001465e+01
   2.6686430e+06   2.1301270e+01
   2.6698070e+06   4.2297363e+01
   2.6720810e+06   1.9653320e+01
   2.6722300e+06   3.5217285e+01
   2.6731420e+06   4.0710449e+01
   2.6751750e+06   3.2958984e+01
   2.6761810e+06   4.2236328e+01
   2.6799210e+06   4.0466309e+01
   2.6809180e+06   3.3813477e+01
   2.6819110e+06   3.5949707e+01
   2.6824310e+06   3.7170410e+01
   2.6831570e+06   3.2958984e+01
   2.6835900e+06   3.5644531e+01
   2.6843460e+06   3.6621094e+01
   2.6862080e+06   3.8085938e+01
   2.6870530e+06   3.2958984e+01
   2.6873680e+06   3.6132812e+01
   2.6890200e+06   3.5949707e+01
   2.6898470e+06   3.6926270e+01
   2.6905440e+06   3.1250000e+01
   2.6913730e+06   3.8940430e+01
   2.6927100e+06   3.4790039e+01
   2.6931070e+06   3.9428711e+01
   2.6943540e+06   3.5339355e+01
   2.6952050e+06   3.6560059e+01
   2.6960170e+06   3.6560059e+01
   2.6973630e+06   3.0029297e+01
   2.6982680e+06   4.1503906e+01
   2.6993670e+06   3.4545898e+01
   2.7005860e+06   3.4362793e+01
   2.7009860e+06   3.6804199e+01
   2.7024840e+06   3.6621094e+01
   2.7038880e+06   3.6804199e+01
   2.7046830e+06   3.6132813e+01
   2.7056300e+06   4.0466309e+01
   2.7085880e+06   3.7048340e+01
   2.7099010e+06   3.1921387e+01
   2.7111880e+06   3.3752441e+01
   2.7119730e+06   3.7292480e+01
   2.7128550e+06   3.5095215e+01
   2.7139460e+06   3.7048340e+01
   2.7147190e+06   4.1320801e+01
   2.7159450e+06   3.0639648e+01
   2.7166630e+06   3.8696289e+01
   2.7180740e+06   4.2480469e+01
   2.7190970e+06   3.2653809e+01
   2.7198420e+06   3.7292480e+01
   2.7216760e+06   3.5034180e+01
   2.7252720e+06   2.0446777e+01
   2.7556530e+06   2.1972656e+01
   2.7671170e+06   2.4658203e+01
   2.7701300e+06   3.8269043e+01
   2.7714000e+06   3.5095215e+01
   2.7733220e+06   3.8818359e+01
   2.7757950e+06   3.3264160e+01
   2.7761320e+06   3.5522461e+01
   2.7764360e+06   3.6987305e+01
   2.7770930e+06   3.5278320e+01
   2.7774910e+06   3.8940430e+01
   2.7781780e+06   3.4484863e+01
   2.7788830e+06   3.5034180e+01
   2.7797160e+06   3.9733887e+01
   2.7805740e+06   2.1728516e+01
   2.7807940e+06   4.1870117e+01
   2.7818280e+06   3.6132812e+01
   2.7849280e+06   3.6254883e+01
   2.7862260e+06   2.2338867e+01
   2.7863580e+06   1.9592285e+01
   2.7871370e+06   4.1198730e+01
   2.7873520e+06   4.0039062e+01
   2.7876610e+06   3.7963867e+01
   2.7890850e+06   3.8024902e+01
   2.7921390e+06   3.9794922e+01
   2.7935250e+06   3.2226562e+01
   2.7938740e+06   2.0935059e+01
   2.7943600e+06   3.4606934e+01
   2.7960580e+06   3.3935547e+01
   2.7989700e+06   2.0446777e+01
   2.7992120e+06   3.2775879e+01
   2.8019640e+06   3.5583496e+01
   2.8042950e+06   4.0832520e+01
   2.8055000e+06   4.0222168e+01
   2.8064830e+06   3.8574219e+01
   2.8072820e+06   3.1433105e+01
   2.8077770e+06   3.7109375e+01
   2.8080510e+06   3.4851074e+01
   2.8088230e+06   3.6193848e+01
   2.8099030e+06   3.4790039e+01
   2.8108350e+06   3.8452148e+01
   2.8113260e+06   3.3142090e+01
   2.8139310e+06   3.7353516e+01
   2.8159380e+06   3.3935547e+01
   2.8184470e+06   4.0344238e+01
   2.8192260e+06   3.1616211e+01
   2.8206310e+06   1.9226074e+01
   2.8214950e+06   3.4851074e+01
   2.8225310e+06   4.3823242e+01
   2.8237440e+06   3.2958984e+01
   2.8254000e+06   3.6682129e+01
   2.8262850e+06   3.5339355e+01
   2.8279150e+06   3.5888672e+01
   2.8295320e+06   3.5827637e+01
   2.8306220e+06   4.3701172e+01
   2.8312750e+06   4.0710449e+01
   2.8333530e+06   3.7597656e+01
   2.8349100e+06   3.4362793e+01
   2.8364220e+06   4.1320801e+01
   2.8371140e+06   2.1301270e+01
   2.8396120e+06   3.1311035e+01
   2.8408350e+06   3.0517578e+01
   2.8440950e+06   3.2043457e+01
   2.8461230e+06   3.8696289e+01
   2.8472180e+06   3.7963867e+01
   2.8480750e+06   3.3569336e+01
   2.8509770e+06   3.8757324e+01
   2.8526020e+06   3.7963867e+01
   2.8552040e+06   4.0161133e+01
   2.8568470e+06   3.4729004e+01
   2.8588830e+06   3.5034180e+01
   2.8598790e+06   3.6010742e+01
   2.8602750e+06   3.5766602e+01
   2.8604040e+06   3.4118652e+01
   2.8613430e+06   3.3752441e+01
   2.8620590e+06   3.7536621e+01
   2.8625680e+06   1.9836426e+01
   2.8631560e+06   3.3203125e+01
   2.8631730e+06   2.2583008e+01
   2.8635920e+06   3.1555176e+01
   2.8637300e+06   3.4301758e+01
   2.8641020e+06   3.9367676e+01
   2.8646920e+06   3.3752441e+01
   2.8659300e+06   3.3447266e+01
   2.8678510e+06   3.7231445e+01
   2.8691450e+06   3.4057617e+01
   2.8695930e+06   1.9287109e+01
   2.8708260e+06   3.2348633e+01
   2.8716740e+06   3.7475586e+01
   2.8731000e+06   2.8015137e+01
   2.8771390e+06   3.3081055e+01
   2.8798100e+06   3.3691406e+01
   2.8814510e+06   3.7170410e+01
   2.8841880e+06   4.0710449e+01
   2.8850430e+06   3.8391113e+01
   2.8883400e+06   3.6926270e+01
   2.8892250e+06   2.0202637e+01
   2.8912830e+06   3.1860352e+01
   2.8919310e+06   4.1625977e+01
   2.8932740e+06   3.6254883e+01
   2.8947610e+06   3.3203125e+01
   2.8948500e+06   3.5583496e+01
   2.8950050e+06   4.2175293e+01
   2.8958580e+06   4.0588379e+01
   2.8963770e+06   3.9062500e+01
   2.8968760e+06   3.2897949e+01
   2.8991610e+06   3.5156250e+01
   2.9002140e+06   4.0588379e+01
   2.9008580e+06   3.3081055e+01
   2.9036610e+06   3.5461426e+01
   2.9048930e+06   3.8269043e+01
   2.9057520e+06   4.1931152e+01
   2.9068130e+06   3.5888672e+01
   2.9087640e+06   3.5705566e+01
   2.9090480e+06   3.1494141e+01
   2.9099420e+06   3.3203125e+01
   2.9113770e+06   3.5766602e+01
   2.9125600e+06   3.8391113e+01
   2.9148630e+06   4.1015625e+01
   2.9162110e+06   3.3630371e+01
   2.9190290e+06   3.3630371e+01
   2.9199150e+06   3.7780762e+01
   2.9225960e+06   4.0649414e+01
   2.9230290e+06   3.5400391e+01
   2.9239990e+06   3.8696289e+01
   2.9249510e+06   3.6132812e+01
   2.9251330e+06   3.5644531e+01
   2.9254670e+06   3.4545898e+01
   2.9258050e+06   3.7658691e+01
   2.9258690e+06   2.2460938e+01
   2.9259200e+06   3.3874512e+01
   2.9260930e+06   2.3803711e+01
   2.9261280e+06   4.0344238e+01
   2.9267930e+06   3.7902832e+01
   2.9269780e+06   3.1066895e+01
   2.9278440e+06   3.8208008e+01
   2.9280210e+06   3.6071777e+01
   2.9288490e+06   3.5217285e+01
   2.9322140e+06   3.7658691e+01
   2.9352290e+06   2.0629883e+01
   2.9354500e+06   2.0202637e+01
   2.9366750e+06   3.3630371e+01
   2.9378310e+06   3.3752441e+01
   2.9399190e+06   3.8696289e+01
   2.9436710e+06   3.7231445e+01
   2.9438260e+06   1.9592285e+01
   2.9453080e+06   3.6621094e+01
   2.9466020e+06   4.0588379e+01
   2.9466750e+06   3.6682129e+01
   2.9470390e+06   4.1442871e+01
   2.9486170e+06   2.0446777e+01
   2.9487050e+06   2.3010254e+01
   2.9488100e+06   4.6447754e+01
   2.9497570e+06   3.9550781e+01
   2.9518840e+06   3.3447266e+01
   2.9546760e+06   3.3142090e+01
   2.9562010e+06   3.4667969e+01
   2.9581140e+06   3.7414551e+01
   2.9618100e+06   3.1921387e+01
   2.9657920e+06   4.3273926e+01
   2.9692870e+06   3.4912109e+01
   2.9715330e+06   3.6804199e+01
   2.9734550e+06   3.8452148e+01
   2.9758280e+06   4.3518066e+01
   2.9773020e+06   3.3813477e+01
   2.9780700e+06   3.2409668e+01
   2.9783010e+06   1.9592285e+01
   2.9785640e+06   3.8696289e+01
   2.9795010e+06   3.5644531e+01
   2.9810680e+06   3.4240723e+01
   2.9827050e+06   3.6987305e+01
   2.9841660e+06   3.6010742e+01
   2.9857280e+06   3.5217285e+01
   2.9871210e+06   3.6865234e+01
   2.9880060e+06   3.5217285e+01
   2.9888500e+06   2.2766113e+01
   2.9889000e+06   1.9348145e+01
   2.9892550e+06   3.5583496e+01
   2.9902470e+06   3.5949707e+01
   2.9905940e+06   4.3823242e+01
   2.9907280e+06   1.9531250e+01
   2.9921810e+06   3.6071777e+01
   2.9928160e+06   3.5705566e+01
   2.9941820e+06   3.9123535e+01
   2.9966670e+06   3.4851074e+01
   2.9988280e+06   3.6560059e+01
   3.0001350e+06   3.3874512e+01
   3.0004910e+06   2.0446777e+01
   3.0013930e+06   3.8024902e+01
   3.0025280e+06   3.4179688e+01
   3.0033330e+06   3.5888672e+01
   3.0043660e+06   3.3203125e+01
   3.0076360e+06   3.4667969e+01
   3.0098680e+06   3.6376953e+01
   3.0099210e+06   2.1789551e+01
   3.0100180e+06   3.8269043e+01
   3.0108380e+06   3.6315918e+01
   3.0155670e+06   3.3447266e+01
   3.0156550e+06   1.9226074e+01
   3.0172850e+06   3.7414551e+01
   3.0220170e+06   3.8330078e+01
   3.0251740e+06   4.0527344e+01
   3.0266050e+06   3.8146973e+01
   3.0275780e+06   3.8391113e+01
   3.0284550e+06   4.0832520e+01
   3.0329040e+06   3.5156250e+01
   3.0330230e+06   1.9653320e+01
   3.0341480e+06   3.6560059e+01
   3.0352250e+06   3.8452148e+01
   3.0370560e+06   4.6752930e+01
   3.0380920e+06   4.1687012e+01
   3.0392750e+06   3.9001465e+01
   3.0441830e+06   3.6560059e+01
   3.0446140e+06   1.9409180e+01
   3.0460130e+06   4.1870117e+01
   3.0488790e+06   3.3325195e+01
   3.0514860e+06   3.5034180e+01
   3.0524480e+06   3.6437988e+01
   3.0538990e+06   3.8757324e+01
   3.0563390e+06   3.9123535e+01
   3.0578380e+06   3.5034180e+01
   3.0592350e+06   4.4189453e+01
   3.0605530e+06   3.6743164e+01
   3.0648980e+06   3.3508301e+01
   3.0656990e+06   3.8085938e+01
   3.0668140e+06   4.0161133e+01
   3.0668770e+06   4.0466309e+01
   3.0673150e+06   3.6437988e+01
   3.0678020e+06   3.4301758e+01
   3.0684640e+06   3.2836914e+01
   3.0707110e+06   3.3630371e+01
   3.0724710e+06   2.0690918e+01
   3.0733370e+06   3.7475586e+01
   3.0745580e+06   4.6630859e+01
   3.0767200e+06   3.8635254e+01
   3.0787910e+06   3.7597656e+01
   3.0796170e+06   3.8269043e+01
   3.0827390e+06   3.5705566e+01
   3.0848980e+06   3.7353516e+01
   3.0861910e+06   3.9550781e+01
   3.0874280e+06   3.6987305e+01
   3.0877360e+06   1.9714355e+01
   3.0883620e+06   3.1555176e+01
   3.0898170e+06   4.8217773e+01
   3.0915620e+06   3.7170410e+01
   3.0951370e+06   3.3325195e+01
   3.0979900e+06   3.2104492e+01
   3.0990110e+06   4.0649414e+01
   3.1013290e+06   3.5217285e+01
   3.1038500e+06   3.7048340e+01
   3.1054410e+06   3.8940430e+01
   3.1076820e+06   3.8085938e+01
   3.1102210e+06   3.6804199e+01
   3.1125880e+06   4.0100098e+01
   3.1128580e+06   2.1057129e+01
   3.1132120e+06   4.2358398e+01
   3.1136070e+06   4.0100098e+01
   3.1141560e+06   3.4606934e+01
   3.1147740e+06   2.3803711e+01
   3.1148000e+06   2.0263672e+01
   3.1150970e+06   4.0954590e+01
   3.1151340e+06   2.1667480e+01
   3.1157280e+06   4.2541504e+01
   3.1158300e+06   4.0954590e+01
   3.1161090e+06   1.9897461e+01
   3.1162460e+06   2.5451660e+01
   3.1166820e+06   1.9714355e+01
   3.1175780e+06   4.0893555e+01
   3.1189420e+06   3.9611816e+01
   3.1214060e+06   3.6499023e+01
   3.1224260e+06   4.1687012e+01
   3.1233120e+06   3.4973145e+01
   3.1255720e+06   3.4667969e+01
   3.1275410e+06   3.6682129e+01
   3.1287610e+06   3.3325195e+01
   3.1293230e+06   3.8391113e+01
   3.1316560e+06   3.3996582e+01
   3.1346180e+06   3.5217285e+01
   3.1357680e+06   3.3386230e+01
   3.1402530e+06   3.1982422e+01
   3.1441330e+06   3.9489746e+01
   3.1448630e+06   2.1240234e+01
   3.1463420e+06   3.9672852e+01
   3.1478500e+06   3.8085938e+01
   3.1494920e+06   3.2531738e+01
   3.1507150e+06   3.8574219e+01
   3.1515150e+06   3.8391113e+01
   3.1519360e+06   3.6621094e+01
   3.1529170e+06   3.5827637e+01
   3.1538140e+06   3.2897949e+01
   3.1556040e+06   4.0832520e+01
   3.1574650e+06   4.0893555e+01
   3.1592340e+06   3.5888672e+01
   3.1602170e+06   1.9714355e+01
   3.1639060e+06   3.7658691e+01
   3.1654490e+06   3.0700684e+01
   3.1681160e+06   3.8513184e+01
   3.1685050e+06   2.5207520e+01
   3.1687200e+06   4.1320801e+01
   3.1693100e+06   1.9714355e+01
   3.1707630e+06   3.6254883e+01
   3.1730920e+06   3.7597656e+01
   3.1739540e+06   3.8330078e+01
   3.1762260e+06   4.5288086e+01
   3.1785340e+06   3.9306641e+01
   3.1815070e+06   4.0161133e+01
   3.1825920e+06   3.3813477e+01
   3.1840610e+06   3.7780762e+01
   3.1855570e+06   3.8757324e+01
   3.1883040e+06   3.5217285e+01
   3.1891950e+06   3.1250000e+01
   3.1903980e+06   3.4729004e+01
   3.1914090e+06   3.7414551e+01
   3.1961120e+06   3.3874512e+01
   3.1966390e+06   4.0954590e+01
   3.1974390e+06   1.9897461e+01
   3.1982450e+06   3.8818359e+01
   3.1990660e+06   4.3090820e+01
   3.1992700e+06   3.6437988e+01
   3.1995980e+06   3.7536621e+01
   3.2002750e+06   3.7841797e+01
   3.2012180e+06   3.5034180e+01
   3.2023400e+06   3.5888672e+01
   3.2053610e+06   1.9653320e+01
   3.2067270e+06   3.6193848e+01
   3.2082420e+06   3.9123535e+01
   3.2099740e+06   4.5471191e+01
   3.2112920e+06   3.3508301e+01
   3.2129130e+06   3.5156250e+01
   3.2144220e+06   3.9855957e+01
   3.2155170e+06   4.1320801e+01
   3.2178340e+06   3.4118652e+01
   3.2198590e+06   4.2785645e+01
   3.2201780e+06   2.1362305e+01
   3.2205750e+06   3.7780762e+01
   3.2224590e+06   1.9714355e+01
   3.2224990e+06   2.1667480e+01
   3.2266350e+06   3.6254883e+01
   3.2286630e+06   3.6010742e+01
   3.2301120e+06   3.4973145e+01
   3.2345070e+06   3.8085938e+01
   3.2374000e+06   1.9348145e+01
   3.2375130e+06   3.4973145e+01
   3.2382390e+06   3.7109375e+01
   3.2394880e+06   2.6916504e+01
   3.2396350e+06   2.1118164e+01
   3.2396450e+06   3.4240723e+01
   3.2397810e+06   2.3193359e+01
   3.2398410e+06   4.2358398e+01
   3.2401450e+06   3.8085938e+01
   3.2432970e+06   3.6193848e+01
   3.2460940e+06   3.5583496e+01
   3.2505090e+06   4.0832520e+01
   3.2519030e+06   4.1992188e+01
   3.2547670e+06   3.9062500e+01
   3.2552550e+06   3.6193848e+01
   3.2587410e+06   3.6254883e+01
   3.2596840e+06   3.4057617e+01
   3.2614770e+06   2.0385742e+01
   3.2635310e+06   3.4545898e+01
   3.2660280e+06   1.9592285e+01
   3.2660540e+06   3.9794922e+01
   3.2681900e+06   3.9489746e+01
   3.2709820e+06   3.5705566e+01
   3.2721730e+06   3.6499023e+01
   3.2730310e+06   4.2907715e+01
   3.2791050e+06   4.2541504e+01
   3.2803570e+06   1.9653320e+01
   3.2809400e+06   3.9794922e+01
   3.2815240e+06   3.4973145e+01
   3.2822840e+06   3.3264160e+01
   3.2835850e+06   3.8879395e+01
   3.2847640e+06   4.4433594e+01
   3.2855930e+06   3.4606934e+01
   3.2880700e+06   3.2775879e+01
   3.2890690e+06   3.3447266e+01
   3.2945090e+06   3.1921387e+01
   3.2971690e+06   3.9184570e+01
   3.2975480e+06   4.5471191e+01
   3.2983170e+06   4.1992188e+01
   3.3010090e+06   4.0893555e+01
   3.3039990e+06   3.4973145e+01
   3.3048540e+06   3.8818359e+01
   3.3051560e+06   2.0629883e+01
   3.3084580e+06   4.2480469e+01
   3.3103340e+06   3.5034180e+01
   3.3113290e+06   3.4240723e+01
   3.3153300e+06   3.5522461e+01
   3.3169480e+06   4.0344238e+01
   3.3186820e+06   3.9001465e+01
   3.3223120e+06   3.7048340e+01
   3.3224390e+06   1.9958496e+01
   3.3232700e+06   2.4047852e+01
   3.3233890e+06   3.9916992e+01
   3.3240380e+06   3.8513184e+01
   3.3245050e+06   4.1259766e+01
   3.3249030e+06   2.0568848e+01
   3.3257870e+06   1.9226074e+01
   3.3278230e+06   3.8818359e+01
   3.3304870e+06   4.0222168e+01
   3.3320450e+06   3.5827637e+01
   3.3332440e+06   3.8879395e+01
   3.3338190e+06   3.6376953e+01
   3.3363120e+06   3.3569336e+01
   3.3390580e+06   3.8452148e+01
   3.3399700e+06   3.5461426e+01
   3.3412480e+06   3.7414551e+01
   3.3447220e+06   3.7231445e+01
   3.3460560e+06   3.7475586e+01
   3.3471260e+06   4.2236328e+01
   3.3485050e+06   3.9123535e+01
   3.3491530e+06   3.8024902e+01
   3.3520570e+06   3.5156250e+01
   3.3522460e+06   3.5827637e+01
   3.3526890e+06   3.6132812e+01
   3.3527640e+06   2.2216797e+01
   3.3528780e+06   2.5146484e+01
   3.3533070e+06   3.5400391e+01
   3.3534440e+06   3.6193848e+01
   3.3538960e+06   3.6193848e+01
   3.3567680e+06   3.4912109e+01
   3.3599110e+06   3.7658691e+01
   3.3608600e+06   2.3376465e+01
   3.3620760e+06   4.3273926e+01
   3.3644110e+06   3.9611816e+01
   3.3665240e+06   3.1494141e+01
   3.3666690e+06   1.9958496e+01
   3.3686110e+06   3.8940430e+01
   3.3702280e+06   3.6743164e+01
   3.3727740e+06   3.4118652e+01
   3.3754020e+06   3.7292480e+01
   3.3771000e+06   3.9855957e+01
   3.3806300e+06   3.9794922e+01
   3.3821390e+06   3.6071777e+01
   3.3829670e+06   3.0700684e+01
   3.3838730e+06   3.5583496e+01
   3.3852670e+06   1.9592285e+01
   3.3856930e+06   3.9428711e+01
   3.3869140e+06   3.5583496e+01
   3.3883650e+06   1.9409180e+01
   3.3884500e+06   3.7109375e+01
   3.3892250e+06   3.4057617e+01
   3.3894030e+06   3.6865234e+01
   3.3895480e+06   4.2907715e+01
   3.3897710e+06   2.8930664e+01
   3.3900230e+06   3.9306641e+01
   3.3905280e+06   3.8940430e+01
   3.3918280e+06   3.5644531e+01
   3.3929230e+06   3.8330078e+01
   3.3932430e+06   1.9592285e+01
   3.3963730e+06   3.5156250e+01
   3.3999540e+06   3.9672852e+01
   3.4023930e+06   3.5278320e+01
   3.4058210e+06   4.1870117e+01
   3.4068690e+06   3.8452148e+01
   3.4105900e+06   4.1625977e+01
   3.4141680e+06   3.6437988e+01
   3.4148740e+06   3.5400391e+01
   3.4163980e+06   4.0893555e+01
   3.4170280e+06   4.1809082e+01
   3.4175170e+06   3.7292480e+01
   3.4178560e+06   4.1748047e+01
   3.4179830e+06   3.3508301e+01
   3.4180320e+06   2.1301270e+01
   3.4182170e+06   3.6865234e+01
   3.4183180e+06   3.9123535e+01
   3.4184170e+06   3.7902832e+01
   3.4194200e+06   3.5583496e+01
   3.4224300e+06   3.9855957e+01
   3.4241920e+06   3.4790039e+01
   3.4274680e+06   3.6437988e+01
   3.4359860e+06   1.9470215e+01
   3.4383170e+06   3.6376953e+01
   3.4428110e+06   3.5949707e+01
   3.4431540e+06   2.2460938e+01
   3.4432090e+06   4.3762207e+01
   3.4436320e+06   3.5278320e+01
   3.4437410e+06   3.6682129e+01
   3.4439680e+06   3.3203125e+01
   3.4441410e+06   4.2663574e+01
   3.4445810e+06   3.8818359e+01
   3.4453890e+06   3.4484863e+01
   3.4506280e+06   3.4057617e+01
   3.4544980e+06   4.2968750e+01
   3.4559780e+06   3.5583496e+01
   3.4589520e+06   4.1076660e+01
   3.4606720e+06   3.7658691e+01
   3.4620180e+06   3.4057617e+01
   3.4671570e+06   3.7780762e+01
   3.4673520e+06   2.4108887e+01
   3.4681030e+06   3.5949707e+01
   3.4698900e+06   3.8818359e+01
   3.4716510e+06   4.1870117e+01
   3.4742920e+06   4.3518066e+01
   3.4768440e+06   3.5461426e+01
   3.4781550e+06   3.5278320e+01
   3.4794630e+06   4.0100098e+01
   3.4801790e+06   1.9653320e+01
   3.4814390e+06   3.5461426e+01
   3.4816760e+06   2.2705078e+01
   3.4831150e+06   3.3996582e+01
   3.4875160e+06   4.0100098e+01
   3.4888770e+06   3.5278320e+01
   3.4902190e+06   4.0588379e+01
   3.4932950e+06   3.6499023e+01
   3.4976070e+06   4.2419434e+01
   3.4999280e+06   3.7109375e+01
   3.5012150e+06   3.8452148e+01
   3.5026110e+06   3.7109375e+01
   3.5043750e+06   3.9428711e+01
   3.5054500e+06   3.4973145e+01
   3.5056830e+06   3.1982422e+01
   3.5070010e+06   3.9978027e+01
   3.5070940e+06   2.1057129e+01
   3.5071460e+06   4.1687012e+01
   3.5076440e+06   3.6315918e+01
   3.5078820e+06   3.7292480e+01
   3.5084090e+06   3.6315918e+01
   3.5133500e+06   3.5156250e+01
   3.5155450e+06   3.7902832e+01
   3.5197850e+06   3.2775879e+01
   3.5212360e+06   2.1362305e+01
   3.5293920e+06   3.6926270e+01
   3.5306600e+06   1.9226074e+01
   3.5307270e+06   2.4169922e+01
   3.5308350e+06   2.2277832e+01
   3.5347700e+06   4.1137695e+01
   3.5380520e+06   3.6437988e+01
   3.5396860e+06   3.3264160e+01
   3.5408470e+06   3.6071777e+01
   3.5427610e+06   3.5827637e+01
   3.5449720e+06   1.9470215e+01
   3.5450670e+06   2.1667480e+01
   3.5461750e+06   3.6987305e+01
   3.5466440e+06   3.5644531e+01
   3.5467180e+06   4.1198730e+01
   3.5468020e+06   2.2216797e+01
   3.5468700e+06   4.2419434e+01
   3.5468850e+06   1.9226074e+01
   3.5469120e+06   6.3781738e+01
   3.5470480e+06   3.6621094e+01
   3.5472720e+06   3.5217285e+01
   3.5477690e+06   4.1625977e+01
   3.5572380e+06   3.2287598e+01
   3.5582760e+06   3.9367676e+01
   3.5603890e+06   3.7902832e+01
   3.5616820e+06   4.2785645e+01
   3.5639440e+06   3.6987305e+01
   3.5664170e+06   3.0029297e+01
   3.5675730e+06   3.8452148e+01
   3.5705080e+06   3.7231445e+01
   3.5714830e+06   3.7292480e+01
   3.5734160e+06   3.2775879e+01
   3.5771280e+06   3.7780762e+01
   3.5786710e+06   3.9306641e+01
   3.5816680e+06   4.0771484e+01
   3.5818150e+06   3.5156250e+01
   3.5825820e+06   3.7048340e+01
   3.5828060e+06   3.9306641e+01
   3.5859910e+06   3.6987305e+01
   3.5902640e+06   4.1992188e+01
   3.5918580e+06   3.7902832e+01
   3.5955250e+06   4.1137695e+01
   3.5977270e+06   3.5217285e+01
   3.5996860e+06   3.9062500e+01
   3.6014300e+06   3.9672852e+01
   3.6059740e+06   3.1372070e+01
   3.6075810e+06   3.2775879e+01
   3.6089540e+06   3.6071777e+01
   3.6126330e+06   4.2297363e+01
   3.6159730e+06   3.4362793e+01
   3.6176580e+06   4.4555664e+01
   3.6184560e+06   3.7536621e+01
   3.6193320e+06   3.7536621e+01
   3.6197310e+06   4.4067383e+01
   3.6198390e+06   4.0405273e+01
   3.6198570e+06   2.0446777e+01
   3.6201820e+06   3.5522461e+01
   3.6211130e+06   3.5400391e+01
   3.6262550e+06   3.7902832e+01
   3.6296300e+06   4.3395996e+01
   3.6315190e+06   4.1381836e+01
   3.6340580e+06   3.5400391e+01
   3.6360110e+06   3.4912109e+01
   3.6384010e+06   4.0588379e+01
   3.6415580e+06   4.2419434e+01
   3.6429840e+06   1.9531250e+01
   3.6433100e+06   2.4841309e+01
   3.6433930e+06   3.0151367e+01
   3.6446450e+06   4.1320801e+01
   3.6497050e+06   4.0832520e+01
   3.6506580e+06   3.5766602e+01
   3.6526600e+06   3.0822754e+01
   3.6529820e+06   3.4912109e+01
   3.6569880e+06   4.1442871e+01
   3.6585710e+06   3.7231445e+01
   3.6628730e+06   2.0629883e+01
   3.6630660e+06   3.6987305e+01
   3.6660810e+06   1.9226074e+01
   3.6662390e+06   4.8156738e+01
   3.6662900e+06   2.5085449e+01
   3.6663250e+06   3.4240723e+01
   3.6663560e+06   2.1057129e+01
   3.6665290e+06   1.9348145e+01
   3.6666820e+06   3.9001465e+01
   3.6668260e+06   3.8574219e+01
   3.6670510e+06   3.4851074e+01
   3.6758030e+06   2.1057129e+01
   3.6761030e+06   3.5583496e+01
   3.6775770e+06   3.8574219e+01
   3.6844960e+06   3.2165527e+01
   3.6853200e+06   3.3752441e+01
   3.6880850e+06   3.5156250e+01
   3.6884030e+06   2.0690918e+01
   3.6899110e+06   3.5278320e+01
   3.6899700e+06   2.0874023e+01
   3.6900200e+06   2.3193359e+01
   3.6903760e+06   4.1503906e+01
   3.6907980e+06   4.1442871e+01
   3.6911090e+06   4.1381836e+01
   3.6927620e+06   3.6376953e+01
   3.6987720e+06   3.3264160e+01
   3.7009140e+06   4.0710449e+01
   3.7046510e+06   4.0344238e+01
   3.7086240e+06   3.8208008e+01
   3.7102600e+06   4.1625977e+01
   3.7116690e+06   4.0832520e+01
   3.7127820e+06   2.0385742e+01
   3.7132480e+06   4.4067383e+01
   3.7138940e+06   3.1738281e+01
   3.7150920e+06   4.1442871e+01
   3.7198540e+06   3.3630371e+01
   3.7217240e+06   4.0710449e+01
   3.7235680e+06   3.9306641e+01
   3.7249480e+06   4.4494629e+01
   3.7264670e+06   3.4912109e+01
   3.7272880e+06   3.9489746e+01
   3.7292970e+06   3.6437988e+01
   3.7304290e+06   4.2236328e+01
   3.7308670e+06   3.7963867e+01
   3.7313590e+06   3.3874512e+01
   3.7334580e+06   3.9855957e+01
   3.7388320e+06   3.7902832e+01
   3.7406840e+06   3.8269043e+01
   3.7464780e+06   3.7048340e+01
   3.7480050e+06   4.0893555e+01
   3.7505220e+06   4.6325684e+01
   3.7517840e+06   3.6193848e+01
   3.7541500e+06   4.2297363e+01
   3.7572180e+06   2.0507813e+01
   3.7578820e+06   3.7536621e+01
   3.7579880e+06   2.1362305e+01
   3.7580200e+06   4.3701172e+01
   3.7581010e+06   2.0507812e+01
   3.7581280e+06   4.6386719e+01
   3.7585550e+06   3.8146973e+01
   3.7588270e+06   4.0100098e+01
   3.7591450e+06   4.2846680e+01
   3.7690350e+06   2.0263672e+01
   3.7693270e+06   3.6376953e+01
   3.7711150e+06   4.0832520e+01
   3.7722530e+06   2.8808594e+01
   3.7731800e+06   4.0466309e+01
   3.7739500e+06   3.7353516e+01
   3.7755110e+06   3.3508301e+01
   3.7798780e+06   3.4484863e+01
   3.7819180e+06   4.2846680e+01
   3.7833680e+06   3.2409668e+01
   3.7844130e+06   4.0039062e+01
   3.7850070e+06   1.9958496e+01
   3.7851040e+06   3.8696289e+01
   3.7863520e+06   3.7292480e+01
   3.7871900e+06   3.3508301e+01
   3.7903950e+06   4.1687012e+01
   3.7946620e+06   3.7475586e+01
   3.7975950e+06   3.5949707e+01
   3.7983640e+06   4.1687012e+01
   3.7984480e+06   3.9428711e+01
   3.8003810e+06   3.6682129e+01
   3.8012220e+06   4.3212891e+01
   3.8023810e+06   3.6926270e+01
   3.8053630e+06   3.5888672e+01
   3.8073220e+06   4.2236328e+01
   3.8100160e+06   5.2001953e+01
   3.8101470e+06   4.2114258e+01
   3.8102350e+06   2.0385742e+01
   3.8102800e+06   3.7353516e+01
   3.8103630e+06   4.1503906e+01
   3.8106500e+06   3.7048340e+01
   3.8117540e+06   3.7231445e+01
   3.8149790e+06   3.5034180e+01
   3.8170680e+06   3.5156250e+01
   3.8173340e+06   3.9062500e+01
   3.8176990e+06   3.7353516e+01
   3.8213350e+06   4.1809082e+01
   3.8237520e+06   1.9531250e+01
   3.8239150e+06   3.2836914e+01
   3.8239780e+06   3.7475586e+01
   3.8241020e+06   3.7475586e+01
   3.8242360e+06   3.6560059e+01
   3.8247100e+06   3.9184570e+01
   3.8257920e+06   4.0100098e+01
   3.8278640e+06   2.1911621e+01
   3.8283060e+06   4.1870117e+01
   3.8292460e+06   3.4729004e+01
   3.8301670e+06   3.7048340e+01
   3.8322300e+06   2.1057129e+01
   3.8323030e+06   1.9592285e+01
   3.8325870e+06   3.7475586e+01
   3.8326780e+06   3.6437988e+01
   3.8329100e+06   4.1687012e+01
   3.8333790e+06   3.7597656e+01
   3.8351230e+06   4.0222168e+01
   3.8389490e+06   3.7963867e+01
   3.8412960e+06   2.1362305e+01
   3.8420210e+06   3.6132812e+01
   3.8443910e+06   2.0690918e+01
   3.8446690e+06   4.0710449e+01
   3.8459940e+06   3.5217285e+01
   3.8474180e+06   2.0446777e+01
   3.8475560e+06   1.9836426e+01
   3.8479500e+06   3.5461426e+01
   3.8482240e+06   4.5715332e+01
   3.8489080e+06   3.6193848e+01
   3.8533470e+06   2.1423340e+01
   3.8534010e+06   1.9287109e+01
   3.8534380e+06   2.1545410e+01
   3.8534660e+06   5.5236816e+01
   3.8535230e+06   4.5837402e+01
   3.8535350e+06   1.9897461e+01
   3.8536220e+06   1.9836426e+01
   3.8536480e+06   3.9611816e+01
   3.8538730e+06   3.3813477e+01
   3.8541670e+06   3.6132812e+01
   3.8546290e+06   3.8574219e+01
   3.8572190e+06   1.9897461e+01
   3.8594750e+06   3.2592773e+01
   3.8605740e+06   2.1179199e+01
   3.8618290e+06   3.5156250e+01
   3.8629710e+06   2.3681641e+01
   3.8631150e+06   2.2766113e+01
   3.8631600e+06   2.1118164e+01
   3.8634780e+06   4.1137695e+01
   3.8638700e+06   4.3212891e+01
   3.8660770e+06   4.4189453e+01
   3.8665150e+06   3.5461426e+01
   3.8671830e+06   3.5095215e+01
   3.8687130e+06   2.0019531e+01
   3.8691770e+06   3.8757324e+01
   3.8699910e+06   3.7963867e+01
   3.8718360e+06   3.7597656e+01
   3.8739220e+06   2.1545410e+01
   3.8740010e+06   2.4597168e+01
   3.8741460e+06   4.3945312e+01
   3.8743080e+06   3.7048340e+01
   3.8744190e+06   3.4790039e+01
   3.8747310e+06   3.9916992e+01
   3.8806290e+06   3.8818359e+01
   3.8828030e+06   2.1911621e+01
   3.8829310e+06   1.9226074e+01
   3.8834280e+06   3.5827637e+01
   3.8859360e+06   2.0385742e+01
   3.8859500e+06   4.2480469e+01
   3.8859910e+06   1.9531250e+01
   3.8864160e+06   2.0324707e+01
   3.8864380e+06   4.2480469e+01
   3.8893260e+06   1.9348145e+01
   3.8900240e+06   4.0649414e+01
   3.8922530e+06   2.4169922e+01
   3.8925070e+06   3.4057617e+01
   3.8928260e+06   3.4667969e+01
   3.8954390e+06   1.9226074e+01
   3.8958020e+06   4.1137695e+01
   3.8987460e+06   1.9531250e+01
   3.8987570e+06   2.0812988e+01
   3.8991020e+06   3.4484863e+01
   3.8995570e+06   3.9794922e+01
   3.9030790e+06   3.7414551e+01
   3.9034080e+06   3.8208008e+01
   3.9067600e+06   1.9897461e+01
   3.9070950e+06   3.8635254e+01
   3.9072480e+06   3.5583496e+01
   3.9075580e+06   4.3457031e+01
   3.9077830e+06   4.0832520e+01
   3.9103370e+06   2.1240234e+01
   3.9113820e+06   3.3569336e+01
   3.9137540e+06   2.0080566e+01
   3.9137870e+06   2.0019531e+01
   3.9138260e+06   2.1667480e+01
   3.9140760e+06   3.8330078e+01
   3.9142160e+06   3.9672852e+01
   3.9176980e+06   2.0019531e+01
   3.9182270e+06   3.6621094e+01
   3.9229150e+06   2.0690918e+01
   3.9229550e+06   3.7170410e+01
   3.9230910e+06   3.8635254e+01
   3.9232530e+06   3.6987305e+01
   3.9233990e+06   3.9123535e+01
   3.9237900e+06   4.2114258e+01
   3.9291460e+06   2.0446777e+01
   3.9292820e+06   2.0690918e+01
   3.9295560e+06   3.6071777e+01
   3.9299880e+06   3.8024902e+01
   3.9328340e+06   2.0202637e+01
   3.9329550e+06   1.9348145e+01
   3.9331410e+06   3.9550781e+01
   3.9334050e+06   4.0588379e+01
   3.9367860e+06   2.0935059e+01
   3.9369050e+06   4.8278809e+01
   3.9372480e+06   3.9672852e+01
   3.9373700e+06   3.9123535e+01
   3.9378670e+06   4.3334961e+01
   3.9408120e+06   2.0446777e+01
   3.9412570e+06   4.0588379e+01
   3.9417840e+06   3.7597656e+01
   3.9464130e+06   2.0935059e+01
   3.9464520e+06   5.7006836e+01
   3.9465710e+06   3.9550781e+01
   3.9466340e+06   2.0568848e+01
   3.9467960e+06   4.0649414e+01
   3.9469220e+06   3.6132812e+01
   3.9471420e+06   3.5827637e+01
   3.9475600e+06   3.9245605e+01
   3.9535110e+06   2.0080566e+01
   3.9540980e+06   4.1931152e+01
   3.9570850e+06   5.5969238e+01
   3.9571110e+06   2.4536133e+01
   3.9574900e+06   3.8452148e+01
   3.9576790e+06   3.0212402e+01
   3.9616130e+06   1.9409180e+01
   3.9616720e+06   5.1086426e+01
   3.9617610e+06   4.1442871e+01
   3.9618070e+06   2.2766113e+01
   3.9619910e+06   3.5400391e+01
   3.9620940e+06   4.0222168e+01
   3.9623250e+06   3.6071777e+01
   3.9658740e+06   2.1301270e+01
   3.9689080e+06   2.0202637e+01
   3.9694330e+06   3.2897949e+01
   3.9733350e+06   5.9997559e+01
   3.9734240e+06   2.1423340e+01
   3.9735940e+06   3.5766602e+01
   3.9737650e+06   3.6804199e+01
   3.9779690e+06   2.3071289e+01
   3.9780590e+06   2.1423340e+01
   3.9783170e+06   3.8330078e+01
   3.9785460e+06   3.9489746e+01
   3.9826450e+06   5.6945801e+01
   3.9828360e+06   4.1076660e+01
   3.9830560e+06   3.6376953e+01
   3.9832030e+06   4.1015625e+01
   3.9836630e+06   3.6743164e+01
   3.9873300e+06   2.3925781e+01
   3.9873820e+06   5.3710938e+01
   3.9875180e+06   2.0874023e+01
   3.9876510e+06   3.3996582e+01
   3.9878880e+06   3.5095215e+01
   3.9932200e+06   2.0202637e+01
   3.9932700e+06   1.9287109e+01
   3.9933040e+06   5.4931641e+01
   3.9934090e+06   2.2827148e+01
   3.9934280e+06   3.6621094e+01
   3.9934390e+06   2.3254395e+01
   3.9935000e+06   1.9836426e+01
   3.9937370e+06   3.8024902e+01
   3.9939230e+06   3.9550781e+01
   3.9943100e+06   3.2897949e+01
   4.0016700e+06   5.2246094e+01
   4.0017830e+06   2.0568848e+01
   4.0018910e+06   4.0649414e+01
   4.0020800e+06   3.7780762e+01
   4.0022830e+06   4.1442871e+01
   4.0025930e+06   3.9123535e+01
   4.0065270e+06   5.4992676e+01
   4.0066050e+06   1.9531250e+01
   4.0068460e+06   3.8818359e+01
   4.0072260e+06   4.1992188e+01
   4.0116270e+06   1.9531250e+01
   4.0116710e+06   6.0913086e+01
   4.0117540e+06   4.6142578e+01
   4.0121510e+06   4.0283203e+01
   4.0127290e+06   3.8452148e+01
   4.0181320e+06   1.9531250e+01
   4.0182240e+06   4.9438477e+01
   4.0182930e+06   4.3151855e+01
   4.0183560e+06   1.9409180e+01
   4.0183800e+06   3.8208008e+01
   4.0186100e+06   3.4301758e+01
   4.0188130e+06   3.7414551e+01
   4.0190430e+06   4.2114258e+01
   4.0242740e+06   5.1269531e+01
   4.0243760e+06   1.9470215e+01
   4.0245750e+06   3.6560059e+01
   4.0248240e+06   3.5278320e+01
   4.0253560e+06   3.4973145e+01
   4.0291250e+06   2.0507812e+01
   4.0291750e+06   2.3315430e+01
   4.0291940e+06   4.8400879e+01
   4.0292960e+06   5.2734375e+01
   4.0293450e+06   2.0263672e+01
   4.0293740e+06   4.7790527e+01
   4.0296810e+06   4.0222168e+01
   4.0299170e+06   4.1198730e+01
   4.0305190e+06   3.2531738e+01
   4.0349220e+06   4.8217773e+01
   4.0350630e+06   1.9958496e+01
   4.0352410e+06   3.1982422e+01
   4.0354690e+06   3.2043457e+01
   4.0404600e+06   2.1667480e+01
   4.0404890e+06   5.0781250e+01
   4.0405960e+06   4.4006348e+01
   4.0409210e+06   3.6865234e+01
   4.0411390e+06   3.6376953e+01
   4.0414420e+06   3.4545898e+01
   4.0469630e+06   2.2705078e+01
   4.0470400e+06   2.0080566e+01
   4.0471060e+06   5.7922363e+01
   4.0471820e+06   7.9223633e+01
   4.0474680e+06   3.2470703e+01
   4.0475820e+06   4.3701172e+01
   4.0478470e+06   3.4240723e+01
   4.0536270e+06   2.1362305e+01
   4.0536960e+06   5.3588867e+01
   4.0537760e+06   4.6081543e+01
   4.0538100e+06   2.0385742e+01
   4.0538410e+06   2.2338867e+01
   4.0538770e+06   4.1076660e+01
   4.0540740e+06   3.5339355e+01
   4.0542550e+06   4.2114258e+01
   4.0546560e+06   4.1687012e+01
   4.0607420e+06   1.9958496e+01
   4.0608150e+06   4.1137695e+01
   4.0608760e+06   1.9409180e+01
   4.0609550e+06   5.3833008e+01
   4.0610290e+06   1.9714355e+01
   4.0610860e+06   1.9409180e+01
   4.0611980e+06   3.3447266e+01
   4.0613730e+06   3.9489746e+01
   4.0616260e+06   4.2175293e+01
   4.0620100e+06   4.0893555e+01
   4.0695820e+06   2.3986816e+01
   4.0696280e+06   3.2653809e+01
   4.0696400e+06   4.4067383e+01
   4.0696960e+06   2.0324707e+01
   4.0697070e+06   3.6682129e+01
   4.0697410e+06   5.4199219e+01
   4.0697750e+06   3.2836914e+01
   4.0698930e+06   3.5644531e+01
   4.0700370e+06   3.1677246e+01
   4.0705060e+06   3.9428711e+01
   4.0709880e+06   4.2175293e+01
   4.0774250e+06   4.6752930e+01
   4.0774940e+06   2.0690918e+01
   4.0775470e+06   5.6518555e+01
   4.0775790e+06   4.3701172e+01
   4.0776060e+06   1.9592285e+01
   4.0778110e+06   3.7780762e+01
   4.0779960e+06   3.6193848e+01
   4.0788410e+06   3.9733887e+01
   4.0839130e+06   2.0019531e+01
   4.0839540e+06   5.3894043e+01
   4.0839790e+06   2.6855469e+01
   4.0840160e+06   3.3813477e+01
   4.0840490e+06   3.5705566e+01
   4.0840720e+06   2.3498535e+01
   4.0841080e+06   4.8339844e+01
   4.0841590e+06   2.0263672e+01
   4.0841790e+06   4.2663574e+01
   4.0842600e+06   3.3874512e+01
   4.0844220e+06   3.2348633e+01
   4.0849250e+06   4.0344238e+01
   4.0933330e+06   5.3100586e+01
   4.0933730e+06   1.9348145e+01
   4.0933860e+06   4.2480469e+01
   4.0934390e+06   4.2297363e+01
   4.0934710e+06   4.1564941e+01
   4.0935170e+06   1.9409180e+01
   4.0936030e+06   1.9775391e+01
   4.0940060e+06   3.2043457e+01
   4.0949480e+06   3.6010742e+01
   4.0996280e+06   4.9499512e+01
   4.1039150e+06   2.2460938e+01
   4.1039330e+06   6.3903809e+01
   4.1039790e+06   5.2795410e+01
   4.1040150e+06   2.0446777e+01
   4.1040580e+06   6.9763184e+01
   4.1041050e+06   2.0568848e+01
   4.1041190e+06   1.9775391e+01
   4.1041620e+06   4.1687012e+01
   4.1042690e+06   2.0812988e+01
   4.1042890e+06   3.2714844e+01
   4.1044590e+06   3.4057617e+01
   4.1051320e+06   3.9184570e+01
   4.1108070e+06   4.8339844e+01
   4.1108660e+06   5.8044434e+01
   4.1109120e+06   3.9123535e+01
   4.1109580e+06   4.4921875e+01
   4.1109940e+06   4.0527344e+01
   4.1112630e+06   3.8757324e+01
   4.1119840e+06   4.4372559e+01
   4.1201400e+06   2.0812988e+01
   4.1201520e+06   5.9448242e+01
   4.1201820e+06   3.3447266e+01
   4.1202360e+06   5.2673340e+01
   4.1202520e+06   4.7668457e+01
   4.1203090e+06   4.3579102e+01
   4.1203230e+06   2.9235840e+01
   4.1203470e+06   1.9470215e+01
   4.1203660e+06   1.9287109e+01
   4.1203930e+06   2.4597168e+01
   4.1204690e+06   2.8991699e+01
   4.1205690e+06   4.1748047e+01
   4.1206160e+06   3.9001465e+01
   4.1208050e+06   4.0039063e+01
   4.1268490e+06   4.5837402e+01
   4.1269610e+06   4.6936035e+01
   4.1326890e+06   5.2001953e+01
   4.1327250e+06   4.4921875e+01
   4.1327900e+06   6.8237305e+01
   4.1328270e+06   4.1625977e+01
   4.1328890e+06   3.8818359e+01
   4.1329110e+06   2.3681641e+01
   4.1329610e+06   3.8452148e+01
   4.1330960e+06   3.8208008e+01
   4.1333050e+06   4.0649414e+01
   4.1333200e+06   4.4189453e+01
   4.1403460e+06   1.9348145e+01
   4.1403760e+06   6.2377930e+01
   4.1404340e+06   3.4118652e+01
   4.1405040e+06   4.5837402e+01
   4.1405300e+06   2.1484375e+01
   4.1405810e+06   3.3386230e+01
   4.1406580e+06   3.8208008e+01
   4.1410220e+06   3.4118652e+01
   4.1484330e+06   4.4616699e+01
   4.1484660e+06   5.2307129e+01
   4.1485220e+06   4.9621582e+01
   4.1485340e+06   2.7709961e+01
   4.1485620e+06   1.9287109e+01
   4.1485790e+06   3.6437988e+01
   4.1485890e+06   3.3630371e+01
   4.1486120e+06   2.4169922e+01
   4.1486220e+06   2.4902344e+01
   4.1486640e+06   4.4982910e+01
   4.1488890e+06   3.6926270e+01
   4.1489330e+06   4.6691895e+01
   4.1490210e+06   4.1259766e+01
   4.1491230e+06   4.1625977e+01
   4.1575630e+06   3.5217285e+01
   4.1576040e+06   3.6621094e+01
   4.1576450e+06   1.9775391e+01
   4.1576630e+06   3.1188965e+01
   4.1576970e+06   2.2338867e+01
   4.1577310e+06   3.6926270e+01
   4.1578300e+06   2.0263672e+01
   4.1578820e+06   3.5339355e+01
   4.1579180e+06   3.6804199e+01
   4.1581000e+06   4.0588379e+01
   4.1582850e+06   3.6682129e+01
   4.1660430e+06   5.8959961e+01
   4.1660990e+06   4.6203613e+01
   4.1661430e+06   4.1931152e+01
   4.1662130e+06   2.0080566e+01
   4.1662270e+06   4.0344238e+01
   4.1662550e+06   4.0344238e+01
   4.1663860e+06   3.0151367e+01
   4.1664100e+06   3.3203125e+01
   4.1665130e+06   3.8391113e+01
   4.1665790e+06   3.4423828e+01
   4.1668060e+06   3.8696289e+01
   4.1733040e+06   2.7526855e+01
   4.1733320e+06   5.1757813e+01
   4.1734060e+06   4.5654297e+01
   4.1734650e+06   4.5593262e+01
   4.1735200e+06   1.9836426e+01
   4.1735730e+06   4.2785645e+01
   4.1736940e+06   3.6376953e+01
   4.1739770e+06   4.8156738e+01
   4.1796830e+06   1.9409180e+01
   4.1797140e+06   4.7241211e+01
   4.1797620e+06   3.6499023e+01
   4.1798160e+06   3.8024902e+01
   4.1798590e+06   5.3161621e+01
   4.1798710e+06   2.8686523e+01
   4.1798910e+06   2.0080566e+01
   4.1799210e+06   2.2583008e+01
   4.1799430e+06   5.3771973e+01
   4.1799560e+06   2.7160645e+01
   4.1799900e+06   2.6794434e+01
   4.1800080e+06   1.9348145e+01
   4.1800630e+06   3.8452148e+01
   4.1801850e+06   4.2297363e+01
   4.1805370e+06   3.6193848e+01
   4.1877810e+06   1.9653320e+01
   4.1878430e+06   2.1972656e+01
   4.1878530e+06   5.9692383e+01
   4.1879110e+06   3.6804199e+01
   4.1879550e+06   3.6987305e+01
   4.1879850e+06   2.2705078e+01
   4.1880390e+06   4.4921875e+01
   4.1881930e+06   3.6010742e+01
   4.1882060e+06   3.8391113e+01
   4.1884980e+06   3.7658691e+01
   4.1970570e+06   5.3039551e+01
   4.1970910e+06   3.4851074e+01
   4.1971210e+06   4.0100098e+01
   4.1971370e+06   5.6823730e+01
   4.1971510e+06   3.7902832e+01
   4.1971970e+06   3.9672852e+01
   4.1972570e+06   2.2399902e+01
   4.1972860e+06   2.4658203e+01
   4.1973110e+06   1.9592285e+01
   4.1973860e+06   3.0944824e+01
   4.1974250e+06   2.0324707e+01
   4.1975030e+06   4.6997070e+01
   4.1975780e+06   3.2592773e+01
   4.1976630e+06   3.7231445e+01
   4.1977980e+06   4.2175293e+01
   4.2034870e+06   5.0109863e+01
   4.2035680e+06   5.5725098e+01
   4.2036570e+06   4.2236328e+01
   4.2037150e+06   1.9714355e+01
   4.2037670e+06   5.0170898e+01
   4.2038900e+06   4.0344238e+01
   4.2040100e+06   3.6621094e+01
   4.2041610e+06   3.7902832e+01
   4.2043230e+06   3.4667969e+01
   4.2046200e+06   3.6926270e+01
   4.2109180e+06   4.1809082e+01
   4.2109570e+06   3.8574219e+01
   4.2109910e+06   2.2399902e+01
   4.2110070e+06   3.5888672e+01
   4.2110380e+06   2.2888184e+01
   4.2110550e+06   2.2277832e+01
   4.2110770e+06   3.2470703e+01
   4.2111070e+06   1.9470215e+01
   4.2111310e+06   2.3132324e+01
   4.2111820e+06   4.6447754e+01
   4.2112000e+06   2.1484375e+01
   4.2112640e+06   2.6489258e+01
   4.2114010e+06   3.5095215e+01
   4.2114760e+06   3.3386230e+01
   4.2115480e+06   4.0344238e+01
   4.2199260e+06   4.4250488e+01
   4.2199540e+06   2.0507812e+01
   4.2199790e+06   3.7902832e+01
   4.2200030e+06   2.2521973e+01
   4.2200350e+06   4.1442871e+01
   4.2200840e+06   2.4536133e+01
   4.2200980e+06   4.0588379e+01
   4.2201380e+06   3.7597656e+01
   4.2201980e+06   4.2297363e+01
   4.2202310e+06   2.8869629e+01
   4.2204780e+06   4.2846680e+01
   4.2207190e+06   3.6987305e+01
   4.2281960e+06   4.8828125e+01
   4.2282130e+06   1.9592285e+01
   4.2282540e+06   3.5156250e+01
   4.2282940e+06   3.8452148e+01
   4.2283670e+06   3.3813477e+01
   4.2284060e+06   3.3386230e+01
   4.2284170e+06   4.1809082e+01
   4.2286100e+06   3.1982422e+01
   4.2288250e+06   3.3569336e+01
   4.2290990e+06   4.2724609e+01
   4.2296100e+06   4.0405273e+01
   4.2380540e+06   6.1096191e+01
   4.2380910e+06   3.0944824e+01
   4.2381210e+06   4.8461914e+01
   4.2381490e+06   3.8513184e+01
   4.2382140e+06   2.2521973e+01
   4.2382330e+06   2.0202637e+01
   4.2382500e+06   3.5217285e+01
   4.2382820e+06   4.6447754e+01
   4.2385480e+06   3.4301758e+01
   4.2386240e+06   4.1564941e+01
   4.2388860e+06   4.0039062e+01
   4.2486250e+06   5.6518555e+01
   4.2486800e+06   5.4504395e+01
   4.2486960e+06   2.3986816e+01
   4.2487270e+06   2.1789551e+01
   4.2487540e+06   2.1301270e+01
   4.2487790e+06   2.4780273e+01
   4.2487940e+06   2.7465820e+01
   4.2488280e+06   2.0080566e+01
   4.2488600e+06   2.2277832e+01
   4.2488940e+06   3.6987305e+01
   4.2490740e+06   4.0405273e+01
   4.2492140e+06   3.4423828e+01
   4.2492290e+06   4.3090820e+01
   4.2493810e+06   4.2602539e+01
   4.2495920e+06   4.2724609e+01
   4.2591910e+06   2.3437500e+01
   4.2592100e+06   4.6630859e+01
   4.2592480e+06   3.6132812e+01
   4.2593130e+06   3.9123535e+01
   4.2593750e+06   4.2968750e+01
   4.2593850e+06   2.0080566e+01
   4.2594650e+06   2.6550293e+01
   4.2595320e+06   3.3020020e+01
   4.2596990e+06   3.9001465e+01
   4.2599420e+06   4.8217773e+01
   4.2687130e+06   1.9653320e+01
   4.2694540e+06   5.8227539e+01
   4.2695030e+06   4.6813965e+01
   4.2695660e+06   3.5705566e+01
   4.2696160e+06   3.8085938e+01
   4.2696540e+06   4.6264648e+01
   4.2696700e+06   2.4353027e+01
   4.2697120e+06   2.8198242e+01
   4.2699270e+06   3.7170410e+01
   4.2700510e+06   3.9367676e+01
   4.2701910e+06   6.4453125e+01
   4.2709430e+06   3.8757324e+01
   4.2789870e+06   5.0903320e+01
   4.2790380e+06   4.1503906e+01
   4.2790660e+06   2.2216797e+01
   4.2791060e+06   3.3447266e+01
   4.2791250e+06   2.1240234e+01
   4.2791460e+06   3.9733887e+01
   4.2791730e+06   5.0170898e+01
   4.2792120e+06   2.2460938e+01
   4.2792820e+06   4.1931152e+01
   4.2795660e+06   6.6406250e+01
   4.2902990e+06   1.9714355e+01
   4.2903160e+06   4.7119141e+01
   4.2903530e+06   4.0161133e+01
   4.2904150e+06   4.4616699e+01
   4.2904680e+06   2.1484375e+01
   4.2904790e+06   2.7648926e+01
   4.2905090e+06   2.1240234e+01
   4.2905240e+06   2.1911621e+01
   4.2906200e+06   3.6315918e+01
   4.2907120e+06   2.8869629e+01
   4.2908300e+06   3.2836914e+01
   4.2909430e+06   4.4006348e+01
   4.2914140e+06   4.2907715e+01
   4.2924350e+06   3.3569336e+01
   4.3015370e+06   5.0048828e+01
   4.3015860e+06   3.9489746e+01
   4.3016320e+06   4.7790527e+01
   4.3016600e+06   2.8015137e+01
   4.3016820e+06   2.4841309e+01
   4.3017060e+06   2.6855469e+01
   4.3018010e+06   4.2419434e+01
   4.3019260e+06   3.9794922e+01
   4.3019570e+06   3.2470703e+01
   4.3021750e+06   3.4362793e+01
   4.3026060e+06   3.8635254e+01
   4.3110510e+06   1.9592285e+01
   4.3112090e+06   1.9653320e+01
   4.3112410e+06   4.7363281e+01
   4.3113040e+06   5.3955078e+01
   4.3113490e+06   1.9653320e+01
   4.3113740e+06   2.8930664e+01
   4.3114400e+06   2.0263672e+01
   4.3114660e+06   3.6315918e+01
   4.3115020e+06   3.9611816e+01
   4.3117250e+06   4.2846680e+01
   4.3118780e+06   4.9804688e+01
   4.3220530e+06   5.4077148e+01
   4.3221100e+06   3.7231445e+01
   4.3221270e+06   2.1972656e+01
   4.3221630e+06   3.5949707e+01
   4.3221960e+06   4.4189453e+01
   4.3222210e+06   3.9611816e+01
   4.3222460e+06   3.5339355e+01
   4.3223160e+06   3.2592773e+01
   4.3226870e+06   3.8391113e+01
   4.3231200e+06   3.4118652e+01
   4.3353710e+06   2.1728516e+01
   4.3354260e+06   6.3049316e+01
   4.3354720e+06   3.3630371e+01
   4.3355090e+06   3.6560059e+01
   4.3355330e+06   4.8950195e+01
   4.3355680e+06   2.2216797e+01
   4.3356100e+06   4.2480469e+01
   4.3356300e+06   3.8757324e+01
   4.3356910e+06   2.1301270e+01
   4.3357930e+06   4.4616699e+01
   4.3359970e+06   3.9733887e+01
   4.3362620e+06   3.4790039e+01
   4.3367190e+06   3.5705566e+01
   4.3459820e+06   1.9592285e+01
   4.3460260e+06   4.2663574e+01
   4.3461000e+06   4.6386719e+01
   4.3462160e+06   5.3771973e+01
   4.3462400e+06   1.9958496e+01
   4.3462850e+06   3.8757324e+01
   4.3463920e+06   4.4799805e+01
   4.3466890e+06   3.2409668e+01
   4.3472530e+06   4.2114258e+01
   4.3550740e+06   5.6640625e+01
   4.3551310e+06   4.4311523e+01
   4.3551970e+06   2.5695801e+01
   4.3552360e+06   2.1911621e+01
   4.3555930e+06   4.8645020e+01
   4.3641070e+06   5.0476074e+01
   4.3641320e+06   2.1057129e+01
   4.3641660e+06   4.2602539e+01
   4.3642440e+06   4.6997070e+01
   4.3642990e+06   4.7180176e+01
   4.3645550e+06   4.3640137e+01
   4.3658900e+06   3.5400391e+01
   4.3695430e+06   4.9255371e+01
   4.3759380e+06   1.9653320e+01
   4.3759960e+06   3.8513184e+01
   4.3760270e+06   1.9409180e+01
   4.3760760e+06   2.3803711e+01
   4.3761090e+06   5.1269531e+01
   4.3761680e+06   1.9409180e+01
   4.3768420e+06   4.5227051e+01
   4.3847000e+06   2.1911621e+01
   4.3847360e+06   4.9255371e+01
   4.3848370e+06   5.2978516e+01
   4.3916850e+06   2.1728516e+01
   4.3947780e+06   2.0263672e+01
   4.3948280e+06   5.2795410e+01
   4.3949590e+06   5.4321289e+01
   4.3950940e+06   4.6691895e+01
   4.3953360e+06   1.9348145e+01
   4.4086930e+06   5.1025391e+01
   4.4087810e+06   4.9316406e+01
   4.4170460e+06   2.2338867e+01
   4.4291340e+06   2.0690918e+01
   4.4292200e+06   2.1850586e+01
   4.4292420e+06   5.5297852e+01
   4.4292690e+06   2.1484375e+01
   4.4361920e+06   1.9531250e+01
   4.4484490e+06   2.1057129e+01
   4.4487280e+06   2.1789551e+01
   4.4494690e+06   3.9062500e+01
   4.4728630e+06   3.5095215e+01
   4.4782400e+06   3.7719727e+01
   4.4790800e+06   1.9226074e+01
   4.4836180e+06   4.0283203e+01
   4.4850530e+06   2.2338867e+01
   4.4864620e+06   3.7170410e+01
   4.4886490e+06   3.7109375e+01
   4.4943040e+06   3.9550781e+01
   4.4962340e+06   4.0527344e+01
   4.4988800e+06   3.4790039e+01
   4.5007700e+06   3.9794922e+01
   4.5042470e+06   4.3701172e+01
   4.5072490e+06   3.7231445e+01
   4.5098090e+06   2.0874023e+01
   4.5126790e+06   3.5583496e+01
   4.5159200e+06   3.5461426e+01
   4.5191130e+06   4.5898438e+01
   4.5224020e+06   2.1179199e+01
   4.5255940e+06   3.4973145e+01
   4.5310070e+06   4.1992188e+01
   4.5330510e+06   4.1809082e+01
   4.5386190e+06   3.9611816e+01
   4.5419370e+06   3.1311035e+01
   4.5446720e+06   1.9226074e+01
   4.5450120e+06   4.7058105e+01
   4.5477660e+06   4.1870117e+01
   4.5516740e+06   3.3020020e+01
   4.5531540e+06   3.9550781e+01
   4.5533850e+06   3.8085937e+01
   4.5541370e+06   1.9470215e+01
   4.5550810e+06   3.5705566e+01
   4.5577920e+06   2.3254395e+01
   4.5579240e+06   2.2399902e+01
   4.5585570e+06   4.0710449e+01
   4.5589650e+06   3.7597656e+01
   4.5591740e+06   3.9733887e+01
   4.5598120e+06   3.9245605e+01
   4.5606750e+06   3.9367676e+01
   4.5638960e+06   4.0832520e+01
   4.5654860e+06   5.1818848e+01
   4.5655460e+06   4.4433594e+01
   4.5656150e+06   4.7180176e+01
   4.5656410e+06   2.2216797e+01
   4.5657180e+06   1.9409180e+01
   4.5662830e+06   4.8645020e+01
   4.5663120e+06   1.9836426e+01
   4.5664230e+06   4.7607422e+01
   4.5664350e+06   1.9226074e+01
   4.5730390e+06   4.1198730e+01
   4.5787890e+06   3.2348633e+01
   4.5816670e+06   1.9653320e+01
   4.5846070e+06   3.5949707e+01
   4.5878260e+06   4.2907715e+01
   4.5924150e+06   3.7963867e+01
   4.5946860e+06   2.3864746e+01
   4.5955770e+06   3.7170410e+01
   4.6002420e+06   2.0629883e+01
   4.6006030e+06   4.5410156e+01
   4.6030030e+06   1.9897461e+01
   4.6055450e+06   3.3386230e+01
   4.6060840e+06   2.1423340e+01
   4.6063010e+06   1.9348145e+01
   4.6066680e+06   1.9775391e+01
   4.6069060e+06   3.8513184e+01
   4.6070900e+06   3.4423828e+01
   4.6072680e+06   3.7658691e+01
   4.6073990e+06   4.2114258e+01
   4.6079870e+06   3.8208008e+01
   4.6088110e+06   5.6640625e+01
   4.6092250e+06   4.0466309e+01
   4.6094390e+06   3.9184570e+01
   4.6145300e+06   3.7841797e+01
   4.6197290e+06   2.1301270e+01
   4.6362910e+06   3.6315918e+01
   4.6378800e+06   3.8513184e+01
   4.6379880e+06   3.4667969e+01
   4.6391290e+06   4.0344238e+01
   4.6439740e+06   3.5339355e+01
   4.6457940e+06   1.9836426e+01
   4.6458260e+06   2.0019531e+01
   4.6484090e+06   2.0446777e+01
   4.6619510e+06   4.1992188e+01
   4.6677260e+06   3.7292480e+01
   4.6723700e+06   3.7841797e+01
   4.6728230e+06   2.3315430e+01
   4.6736900e+06   4.0344238e+01
   4.6737720e+06   3.8757324e+01
   4.6741330e+06   3.8818359e+01
   4.6743270e+06   4.2297363e+01
   4.6744760e+06   3.9306641e+01
   4.6747110e+06   3.8452148e+01
   4.6749780e+06   3.6071777e+01
   4.6770360e+06   3.9916992e+01
   4.6801540e+06   3.7597656e+01
   4.6855880e+06   1.9714355e+01
   4.6856700e+06   2.0141602e+01
   4.6869240e+06   1.9592285e+01
   4.6870620e+06   4.1381836e+01
   4.6883340e+06   1.9775391e+01
   4.6884080e+06   1.9470215e+01
   4.6938240e+06   4.1381836e+01
   4.6967070e+06   3.7963867e+01
   4.6999980e+06   3.7048340e+01
   4.7029350e+06   2.4230957e+01
   4.7032900e+06   4.0893555e+01
   4.7035270e+06   3.9245605e+01
   4.7038210e+06   2.0080566e+01
   4.7040400e+06   4.2846680e+01
   4.7040940e+06   3.1494141e+01
   4.7041110e+06   2.0141602e+01
   4.7042300e+06   3.2714844e+01
   4.7042450e+06   1.9592285e+01
   4.7044920e+06   3.7841797e+01
   4.7050740e+06   3.6560059e+01
   4.7053430e+06   3.6682129e+01
   4.7056150e+06   3.7597656e+01
   4.7056320e+06   1.9775391e+01
   4.7062520e+06   3.5339355e+01
   4.7064830e+06   3.4973145e+01
   4.7067050e+06   3.3752441e+01
   4.7070500e+06   4.1809082e+01
   4.7071380e+06   2.1118164e+01
   4.7237720e+06   2.0996094e+01
   4.7254690e+06   1.9287109e+01
   4.7256030e+06   4.4921875e+01
   4.7262700e+06   2.0080566e+01
   4.7263540e+06   2.6245117e+01
   4.7270330e+06   4.1748047e+01
   4.7272460e+06   4.6081543e+01
   4.7274280e+06   4.1137695e+01
   4.7324900e+06   4.7302246e+01
   4.7432390e+06   3.6254883e+01
   4.7483940e+06   2.0019531e+01
   4.7528160e+06   1.9836426e+01
   4.7535400e+06   2.0141602e+01
   4.7536790e+06   1.9714355e+01
   4.7558400e+06   3.9245605e+01
   4.7593440e+06   3.6926270e+01
   4.7607580e+06   2.1118164e+01
   4.7608000e+06   2.1484375e+01
   4.7608260e+06   4.0283203e+01
   4.7609670e+06   3.9245605e+01
   4.7613240e+06   4.1687012e+01
   4.7616140e+06   3.4118652e+01
   4.7619480e+06   2.0141602e+01
   4.7623190e+06   3.9855957e+01
   4.7624220e+06   3.4912109e+01
   4.7626300e+06   3.8146973e+01
   4.7633550e+06   3.9367676e+01
   4.7643230e+06   2.1606445e+01
   4.7643460e+06   1.9592285e+01
   4.7644650e+06   3.7048340e+01
   4.7647540e+06   2.2216797e+01
   4.7647700e+06   1.9653320e+01
   4.7647870e+06   3.1311035e+01
   4.7649750e+06   3.9916992e+01
   4.7794090e+06   2.0141602e+01
   4.7879500e+06   1.9226074e+01
   4.7883650e+06   3.5034180e+01
   4.7884910e+06   1.9470215e+01
   4.7885380e+06   3.7841797e+01
   4.7908880e+06   4.0222168e+01
   4.7934970e+06   3.8574219e+01
   4.7967580e+06   4.2419434e+01
   4.7969010e+06   2.0385742e+01
   4.8021930e+06   3.5400391e+01
   4.8032350e+06   2.0629883e+01
   4.8057780e+06   2.3559570e+01
   4.8092660e+06   3.6071777e+01
   4.8131880e+06   3.6376953e+01
   4.8145750e+06   3.7658691e+01
   4.8166100e+06   2.1484375e+01
   4.8168130e+06   4.1748047e+01
   4.8171760e+06   4.0222168e+01
   4.8171900e+06   2.2766113e+01
   4.8173270e+06   2.4780273e+01
   4.8173510e+06   2.2399902e+01
   4.8174100e+06   3.9123535e+01
   4.8174360e+06   1.9348145e+01
   4.8176740e+06   3.7963867e+01
   4.8177830e+06   3.9245605e+01
   4.8180970e+06   3.7048340e+01
   4.8313400e+06   2.1667480e+01
   4.8353300e+06   1.9226074e+01
   4.8369560e+06   2.1850586e+01
   4.8373320e+06   4.8522949e+01
   4.8373730e+06   2.2644043e+01
   4.8394810e+06   1.9531250e+01
   4.8411920e+06   2.1972656e+01
   4.8412250e+06   3.5888672e+01
   4.8412490e+06   2.0690918e+01
   4.8415090e+06   2.2033691e+01
   4.8415330e+06   3.6926270e+01
   4.8415670e+06   3.8879395e+01
   4.8417370e+06   3.7658691e+01
   4.8419680e+06   3.8574219e+01
   4.8421840e+06   3.7780762e+01
   4.8504550e+06   2.0080566e+01
   4.8505940e+06   1.9226074e+01
   4.8506750e+06   2.0324707e+01
   4.8561560e+06   4.4067383e+01
   4.8606370e+06   3.6987305e+01
   4.8644170e+06   2.5512695e+01
   4.8645160e+06   2.0690918e+01
   4.8645940e+06   2.9602051e+01
   4.8668880e+06   3.7414551e+01
   4.8692060e+06   4.2053223e+01
   4.8692930e+06   4.6081543e+01
   4.8693100e+06   1.9714355e+01
   4.8695870e+06   3.5522461e+01
   4.8699580e+06   3.4545898e+01
   4.8702580e+06   2.1789551e+01
   4.8703520e+06   2.4291992e+01
   4.8704420e+06   1.9287109e+01
   4.8707770e+06   3.7475586e+01
   4.8709910e+06   2.5878906e+01
   4.8712300e+06   2.1667480e+01
   4.8716380e+06   3.6743164e+01
   4.8778690e+06   3.3691406e+01
   4.8826190e+06   4.3701172e+01
   4.8832940e+06   2.0141602e+01
   4.8875130e+06   2.0019531e+01
   4.8877470e+06   1.9348145e+01
   4.8878060e+06   4.4372559e+01
   4.8880920e+06   3.6193848e+01
   4.8881420e+06   2.1240234e+01
   4.8882240e+06   4.1076660e+01
   4.8884120e+06   2.3803711e+01
   4.8884880e+06   2.3925781e+01
   4.8955030e+06   3.6437988e+01
   4.9024780e+06   3.2165527e+01
   4.9073130e+06   3.5278320e+01
   4.9086170e+06   2.0385742e+01
   4.9097190e+06   3.7170410e+01
   4.9111790e+06   2.0874023e+01
   4.9112330e+06   1.9836426e+01
   4.9112540e+06   1.9409180e+01
   4.9112980e+06   2.0202637e+01
   4.9118010e+06   2.5085449e+01
   4.9118290e+06   2.5329590e+01
   4.9141180e+06   3.6560059e+01
   4.9158900e+06   4.0344238e+01
   4.9175410e+06   3.7902832e+01
   4.9192000e+06   3.8024902e+01
   4.9207600e+06   3.7353516e+01
   4.9243310e+06   3.4545898e+01
   4.9264460e+06   1.9592285e+01
   4.9298840e+06   3.2043457e+01
   4.9328700e+06   2.0812988e+01
   4.9329530e+06   2.1057129e+01
   4.9332160e+06   2.1301270e+01
   4.9333890e+06   3.6193848e+01
   4.9336860e+06   2.2033691e+01
   4.9339600e+06   2.3559570e+01
   4.9342300e+06   1.9714355e+01
   4.9346870e+06   3.6315918e+01
   4.9348400e+06   4.6875000e+01
   4.9350710e+06   3.9245605e+01
   4.9351580e+06   2.0080566e+01
   4.9354290e+06   2.1911621e+01
   4.9354510e+06   3.9916992e+01
   4.9355750e+06   4.3090820e+01
   4.9359120e+06   3.4790039e+01
   4.9427150e+06   4.0466309e+01
   4.9441980e+06   4.2968750e+01
   4.9470500e+06   3.1921387e+01
   4.9500240e+06   3.6315918e+01
   4.9509670e+06   2.0202637e+01
   4.9524880e+06   4.4494629e+01
   4.9551490e+06   1.9836426e+01
   4.9558270e+06   2.4230957e+01
   4.9560510e+06   2.2705078e+01
   4.9561400e+06   4.7790527e+01
   4.9563360e+06   2.3925781e+01
   4.9565420e+06   3.6254883e+01
   4.9565610e+06   2.0629883e+01
   4.9565970e+06   2.2094727e+01
   4.9600930e+06   4.0527344e+01
   4.9678670e+06   3.8452148e+01
   4.9703770e+06   3.9184570e+01
   4.9722940e+06   2.3132324e+01
   4.9725670e+06   2.0446777e+01
   4.9727170e+06   2.3132324e+01
   4.9734400e+06   3.9489746e+01
   4.9746120e+06   2.1545410e+01
   4.9748270e+06   3.8879395e+01
   4.9772330e+06   4.3090820e+01
   4.9792060e+06   4.2541504e+01
   4.9849350e+06   4.1870117e+01
   4.9857920e+06   3.6315918e+01
   4.9863840e+06   3.8269043e+01
   4.9867160e+06   2.2521973e+01
   4.9869110e+06   3.6315918e+01
   4.9869330e+06   2.1667480e+01
   4.9870120e+06   2.0935059e+01
   4.9872910e+06   3.3386230e+01
   4.9873560e+06   2.4047852e+01
   4.9874160e+06   4.1198730e+01
   4.9874440e+06   1.9836426e+01
   4.9878560e+06   1.9470215e+01
   4.9881390e+06   3.9062500e+01
   4.9887550e+06   4.0466309e+01
   4.9925240e+06   3.4973145e+01
   4.9931870e+06   3.6376953e+01
   4.9949180e+06   4.2114258e+01
   4.9958920e+06   3.8940430e+01
   5.0000500e+06   3.4118652e+01
   5.0009680e+06   4.2297363e+01
   5.0021710e+06   4.0344238e+01
   5.0061970e+06   3.9062500e+01
   5.0063320e+06   1.9592285e+01
   5.0068180e+06   3.8452148e+01
   5.0072840e+06   2.3254395e+01
   5.0150910e+06   1.9287109e+01
   5.0157970e+06   2.3193359e+01
   5.0161600e+06   2.3681641e+01
   5.0163880e+06   2.0141602e+01
   5.0164640e+06   2.1606445e+01
   5.0169560e+06   4.1748047e+01
   5.0207910e+06   3.3935547e+01
   5.0218140e+06   4.1931152e+01
   5.0260860e+06   3.7841797e+01
   5.0272030e+06   3.5156250e+01
   5.0339920e+06   3.7536621e+01
   5.0340710e+06   2.3254395e+01
   5.0342030e+06   2.1118164e+01
   5.0343350e+06   1.9592285e+01
   5.0343750e+06   2.1118164e+01
   5.0346590e+06   4.1198730e+01
   5.0347980e+06   3.4729004e+01
   5.0436870e+06   4.3029785e+01
   5.0564920e+06   4.2602539e+01
   5.0565190e+06   1.9348145e+01
   5.0566100e+06   4.6752930e+01
   5.0566600e+06   2.0080566e+01
   5.0572790e+06   2.0751953e+01
   5.0573260e+06   2.0996094e+01
   5.0674820e+06   3.4484863e+01
   5.0705360e+06   4.3090820e+01
   5.0707180e+06   3.4851074e+01
   5.0713220e+06   3.8391113e+01
   5.0715040e+06   3.9123535e+01
   5.0718870e+06   2.1911621e+01
   5.0722080e+06   2.1301270e+01
   5.0741280e+06   4.2114258e+01
   5.0842920e+06   1.9836426e+01
   5.0885060e+06   2.1423340e+01
   5.0885640e+06   4.9194336e+01
   5.0886350e+06   2.0324707e+01
   5.0887420e+06   2.4047852e+01
   5.0888150e+06   3.5827637e+01
   5.0891950e+06   3.8940430e+01
   5.0893140e+06   3.8269043e+01
   5.0980610e+06   3.7536621e+01
   5.1033290e+06   1.9531250e+01
   5.1034820e+06   3.3935547e+01
   5.1036110e+06   1.9226074e+01
   5.1037390e+06   4.4250488e+01
   5.1038120e+06   1.9226074e+01
   5.1038400e+06   1.9348145e+01
   5.1039130e+06   1.9409180e+01
   5.1040920e+06   1.9958496e+01
   5.1041340e+06   2.5939941e+01
   5.1050840e+06   2.1728516e+01
   5.1111950e+06   3.9367676e+01
   5.1208860e+06   4.2297363e+01
   5.1209300e+06   1.9836426e+01
   5.1210170e+06   4.2663574e+01
   5.1212440e+06   2.3498535e+01
   5.1217710e+06   3.6987305e+01
   5.1227080e+06   2.0568848e+01
   5.1227800e+06   2.2705078e+01
   5.1235320e+06   2.1911621e+01
   5.1236650e+06   3.8146973e+01
   5.1241100e+06   4.0832520e+01
   5.1247400e+06   3.2897949e+01
   5.1363010e+06   4.3457031e+01
   5.1384780e+06   1.9226074e+01
   5.1386190e+06   4.0222168e+01
   5.1388900e+06   2.0324707e+01
   5.1389060e+06   3.5278320e+01
   5.1391690e+06   2.0507812e+01
   5.1499040e+06   2.0385742e+01
   5.1572170e+06   3.9184570e+01
   5.1574730e+06   1.9531250e+01
   5.1577710e+06   3.4118652e+01
   5.1580610e+06   2.0202637e+01
   5.1582980e+06   2.4291992e+01
   5.1593010e+06   3.5888672e+01
   5.1593960e+06   4.2846680e+01
   5.1644800e+06   4.2846680e+01
   5.1658020e+06   2.1118164e+01
   5.1707890e+06   4.1809082e+01
   5.1723110e+06   3.9916992e+01
   5.1780720e+06   3.8085937e+01
   5.1814060e+06   2.1301270e+01
   5.1828300e+06   2.1423340e+01
   5.1829820e+06   2.1179199e+01
   5.1832890e+06   2.1667480e+01
   5.1900790e+06   4.2175293e+01
   5.1906140e+06   2.3559570e+01
   5.1944950e+06   3.2409668e+01
   5.1974840e+06   3.8635254e+01
   5.1980310e+06   2.6672363e+01
   5.1981520e+06   2.0446777e+01
   5.1981650e+06   2.2338867e+01
   5.1982160e+06   4.2663574e+01
   5.1985970e+06   2.2644043e+01
   5.1992240e+06   3.8330078e+01
   5.1996690e+06   3.9123535e+01
   5.2136620e+06   1.9653320e+01
   5.2138690e+06   2.1057129e+01
   5.2144080e+06   4.6386719e+01
   5.2144360e+06   2.0263672e+01
   5.2144580e+06   2.1118164e+01
   5.2148630e+06   4.6325684e+01
   5.2259820e+06   3.9794922e+01
   5.2308190e+06   2.0568848e+01
   5.2313380e+06   3.9611816e+01
   5.2315120e+06   2.3925781e+01
   5.2316230e+06   1.9897461e+01
   5.2318480e+06   1.9836426e+01
   5.2320990e+06   1.9653320e+01
   5.2446140e+06   3.9062500e+01
   5.2487490e+06   2.0812988e+01
   5.2493020e+06   2.0446777e+01
   5.2502500e+06   3.7414551e+01
   5.2503080e+06   2.3559570e+01
   5.2503450e+06   2.4230957e+01
   5.2504170e+06   2.4963379e+01
   5.2571170e+06   3.9489746e+01
   5.2622080e+06   3.8208008e+01
   5.2679840e+06   2.1972656e+01
   5.2680350e+06   1.9470215e+01
   5.2688440e+06   4.2541504e+01
   5.2690410e+06   2.1240234e+01
   5.2690550e+06   4.4616699e+01
   5.2692520e+06   2.7770996e+01
   5.2693100e+06   2.2338867e+01
   5.2693260e+06   4.0649414e+01
   5.2693530e+06   2.1362305e+01
   5.2693980e+06   2.1606445e+01
   5.2696150e+06   3.3935547e+01
   5.2696540e+06   2.3193359e+01
   5.2697160e+06   2.4780273e+01
   5.2698020e+06   2.1301270e+01
   5.2698390e+06   3.9245605e+01
   5.2698540e+06   2.0629883e+01
   5.2700540e+06   4.1992188e+01
   5.2700900e+06   2.1667480e+01
   5.2857530e+06   4.0771484e+01
   5.2881310e+06   2.3254395e+01
   5.2890770e+06   4.6325684e+01
   5.2891720e+06   2.1423340e+01
   5.2893840e+06   3.8208008e+01
   5.3019580e+06   3.7048340e+01
   5.3070590e+06   4.2236328e+01
   5.3084770e+06   1.9348145e+01
   5.3088990e+06   2.5573730e+01
   5.3091430e+06   2.4169922e+01
   5.3094020e+06   3.6743164e+01
   5.3094740e+06   2.2583008e+01
   5.3097190e+06   3.7109375e+01
   5.3099550e+06   4.6936035e+01
   5.3099800e+06   2.3498535e+01
   5.3101980e+06   2.2644043e+01
   5.3105940e+06   3.8024902e+01
   5.3107140e+06   2.1423340e+01
   5.3109680e+06   2.0690918e+01
   5.3235750e+06   3.3996582e+01
   5.3274520e+06   3.7841797e+01
   5.3294760e+06   4.1442871e+01
   5.3294960e+06   1.9470215e+01
   5.3303000e+06   3.2897949e+01
   5.3304360e+06   1.9836426e+01
   5.3307130e+06   3.8879395e+01
   5.3309310e+06   3.4973145e+01
   5.3323690e+06   2.0080566e+01
   5.3323930e+06   2.4414062e+01
   5.3328330e+06   2.1728516e+01
   5.3474600e+06   3.7292480e+01
   5.3523620e+06   2.0263672e+01
   5.3533160e+06   2.5573730e+01
   5.3533280e+06   4.1992188e+01
   5.3539320e+06   4.6081543e+01
   5.3545880e+06   2.1667480e+01
   5.3630270e+06   4.4067383e+01
   5.3658770e+06   1.9287109e+01
   5.3685110e+06   3.5949707e+01
   5.3685660e+06   2.0141602e+01
   5.3687140e+06   1.9348145e+01
   5.3693570e+06   3.8635254e+01
   5.3699830e+06   2.1606445e+01
   5.3702450e+06   2.2949219e+01
   5.3704570e+06   2.0263672e+01
   5.3747500e+06   3.8818359e+01
   5.3772810e+06   4.6142578e+01
   5.3839100e+06   3.3752441e+01
   5.3867620e+06   3.8635254e+01
   5.3868330e+06   3.8818359e+01
   5.3875240e+06   3.3935547e+01
   5.3877320e+06   2.0629883e+01
   5.3976540e+06   2.0141602e+01
   5.3980480e+06   3.8513184e+01
   5.3982610e+06   2.0812988e+01
   5.3993010e+06   4.8034668e+01
   5.3993770e+06   2.3986816e+01
   5.4066490e+06   3.5827637e+01
   5.4105540e+06   4.4738770e+01
   5.4169040e+06   1.9836426e+01
   5.4169800e+06   1.9226074e+01
   5.4172130e+06   2.5451660e+01
   5.4172610e+06   3.6071777e+01
   5.4239160e+06   1.9226074e+01
   5.4247000e+06   4.0405273e+01
   5.4248950e+06   2.4963379e+01
   5.4249050e+06   1.9958496e+01
   5.4253280e+06   1.9531250e+01
   5.4253620e+06   2.1606445e+01
   5.4253820e+06   4.8706055e+01
   5.4325570e+06   2.0996094e+01
   5.4392100e+06   5.0476074e+01
   5.4432170e+06   4.3945312e+01
   5.4439420e+06   1.9836426e+01
   5.4440820e+06   1.9226074e+01
   5.4441250e+06   4.1992188e+01
   5.4441470e+06   1.9897461e+01
   5.4451330e+06   1.9653320e+01
   5.4516870e+06   3.4667969e+01
   5.4571100e+06   1.9897461e+01
   5.4593060e+06   3.7292480e+01
   5.4594520e+06   5.1391602e+01
   5.4597920e+06   4.4128418e+01
   5.4603180e+06   3.6132812e+01
   5.4669590e+06   1.9958496e+01
   5.4674320e+06   2.0324707e+01
   5.4683890e+06   4.1015625e+01
   5.4690770e+06   1.9775391e+01
   5.4748490e+06   4.4311523e+01
   5.4793040e+06   4.1381836e+01
   5.4840040e+06   3.6865234e+01
   5.4878410e+06   3.8757324e+01
   5.4948310e+06   2.5085449e+01
   5.4948500e+06   4.3151855e+01
   5.4948720e+06   1.9226074e+01
   5.4949140e+06   1.9836426e+01
   5.4951350e+06   4.2663574e+01
   5.5006920e+06   3.9672852e+01
   5.5042580e+06   4.2663574e+01
   5.5071710e+06   2.2094727e+01
   5.5072490e+06   3.8452148e+01
   5.5079050e+06   2.1484375e+01
   5.5080320e+06   4.2358398e+01
   5.5087540e+06   1.9287109e+01
   5.5155770e+06   4.1564941e+01
   5.5160760e+06   2.0751953e+01
   5.5161060e+06   4.1503906e+01
   5.5161680e+06   5.1330566e+01
   5.5162840e+06   3.7170410e+01
   5.5213830e+06   3.4118652e+01
   5.5222600e+06   1.9470215e+01
   5.5225440e+06   4.1625977e+01
   5.5269860e+06   1.9470215e+01
   5.5349800e+06   2.1911621e+01
   5.5383230e+06   4.0405273e+01
   5.5384390e+06   1.9653320e+01
   5.5384910e+06   4.2053223e+01
   5.5386320e+06   3.7963867e+01
   5.5388300e+06   2.5939941e+01
   5.5390090e+06   3.9611816e+01
   5.5390780e+06   3.4606934e+01
   5.5409760e+06   2.0874023e+01
   5.5462280e+06   3.9672852e+01
   5.5487010e+06   3.9184570e+01
   5.5526940e+06   3.8452148e+01
   5.5538820e+06   1.9592285e+01
   5.5550560e+06   2.3010254e+01
   5.5550750e+06   4.5471191e+01
   5.5551590e+06   4.0100098e+01
   5.5552350e+06   2.0996094e+01
   5.5555410e+06   4.1564941e+01
   5.5557900e+06   3.6926270e+01
   5.5646390e+06   3.6743164e+01
   5.5668200e+06   2.1667480e+01
   5.5737610e+06   3.5888672e+01
   5.5827730e+06   1.9897461e+01
   5.5828030e+06   4.2419434e+01
   5.5832670e+06   4.5715332e+01
   5.5833040e+06   2.0263672e+01
   5.5840060e+06   1.9226074e+01
   5.5841230e+06   2.9479980e+01
   5.5844050e+06   2.2583008e+01
   5.5848600e+06   2.5268555e+01
   5.5929810e+06   3.8696289e+01
   5.6004570e+06   1.9226074e+01
   5.6021720e+06   4.1137695e+01
   5.6133540e+06   3.8024902e+01
   5.6163640e+06   2.7526855e+01
   5.6164180e+06   1.9409180e+01
   5.6172350e+06   4.2236328e+01
   5.6213870e+06   2.0080566e+01
   5.6228280e+06   1.9714355e+01
   5.6229600e+06   3.9550781e+01
   5.6257540e+06   4.3518066e+01
   5.6265940e+06   2.0812988e+01
   5.6306390e+06   1.9958496e+01
   5.6350750e+06   3.9001465e+01
   5.6375870e+06   2.0202637e+01
   5.6414890e+06   3.9916992e+01
   5.6435050e+06   4.2602539e+01
   5.6445200e+06   3.5644531e+01
   5.6582160e+06   3.8757324e+01
   5.6784700e+06   4.4250488e+01
   5.6815470e+06   2.0202637e+01
   5.6863500e+06   2.0141602e+01
   5.6865170e+06   2.0812988e+01
   5.6865770e+06   4.2663574e+01
   5.6867820e+06   4.1748047e+01
   5.6868380e+06   3.9794922e+01
   5.6872020e+06   4.3823242e+01
   5.6872560e+06   4.1564941e+01
   5.6958730e+06   2.3132324e+01
   5.6970800e+06   1.9714355e+01
   5.7084750e+06   1.9409180e+01
   5.7329900e+06   2.2644043e+01
   5.7463290e+06   2.1850586e+01
   5.7557140e+06   2.0568848e+01
   5.7558040e+06   2.0446777e+01
   5.7558300e+06   1.9409180e+01
   5.7559640e+06   1.9714355e+01
   5.7772530e+06   2.7648926e+01
   5.7850100e+06   2.0812988e+01
   5.7850540e+06   5.3833008e+01
   5.7850750e+06   2.0385742e+01
   5.7936490e+06   2.0202637e+01
   5.7941410e+06   3.8513184e+01
   5.7947860e+06   3.7231445e+01
   5.7969770e+06   3.5705566e+01
   5.7982490e+06   4.0405273e+01
   5.8019550e+06   2.1789551e+01
   5.8021590e+06   2.0385742e+01
   5.8065810e+06   2.1118164e+01
   5.8066000e+06   2.5756836e+01
   5.8066410e+06   5.2734375e+01
   5.8066840e+06   3.5339355e+01
   5.8067100e+06   4.4677734e+01
   5.8067320e+06   2.0812988e+01
   5.8067560e+06   1.9348145e+01
   5.8070110e+06   3.9245605e+01
   5.8120990e+06   5.8410645e+01
   5.8121550e+06   1.9592285e+01
   5.8121810e+06   1.9531250e+01
   5.8122230e+06   2.0324707e+01
   5.8122560e+06   2.1667480e+01
   5.8176820e+06   2.0568848e+01
   5.8177100e+06   6.5673828e+01
   5.8177700e+06   2.7954102e+01
   5.8178060e+06   2.1179199e+01
   5.8186580e+06   3.9733887e+01
   5.8244270e+06   2.0141602e+01
   5.8244620e+06   2.0935059e+01
   5.8244770e+06   2.6123047e+01
   5.8245010e+06   3.8085938e+01
   5.8245390e+06   2.8381348e+01
   5.8245510e+06   3.2043457e+01
   5.8245970e+06   2.6000977e+01
   5.8246200e+06   2.0263672e+01
   5.8246640e+06   2.0935059e+01
   5.8295010e+06   2.0202637e+01
   5.8295610e+06   2.1057129e+01
   5.8304840e+06   3.9672852e+01
   5.8348720e+06   3.0273437e+01
   5.8348830e+06   7.5439453e+01
   5.8349970e+06   2.0568848e+01
   5.8353390e+06   4.0466309e+01
   5.8358410e+06   4.7302246e+01
   5.8415730e+06   4.4494629e+01
   5.8417430e+06   2.7282715e+01
   5.8418060e+06   3.3264160e+01
   5.8418160e+06   6.1706543e+01
   5.8418600e+06   5.4321289e+01
   5.8419060e+06   4.1564941e+01
   5.8419520e+06   4.5227051e+01
   5.8419980e+06   6.9946289e+01
   5.8420230e+06   2.9602051e+01
   5.8420350e+06   2.5512695e+01
   5.8420850e+06   4.3273926e+01
   5.8421880e+06   4.1564941e+01
   5.8423370e+06   3.5888672e+01
   5.8423690e+06   1.9653320e+01
   5.8514930e+06   2.2094727e+01
   5.8515430e+06   4.6630859e+01
   5.8515900e+06   5.7678223e+01
   5.8516430e+06   4.6508789e+01
   5.8516690e+06   2.7954102e+01
   5.8517110e+06   4.9926758e+01
   5.8517480e+06   2.3986816e+01
   5.8518450e+06   2.0446777e+01
   5.8519330e+06   2.1118164e+01
   5.8520220e+06   3.9428711e+01
   5.8521170e+06   2.9663086e+01
   5.8521670e+06   3.6804199e+01
   5.8522250e+06   4.7729492e+01
   5.8522960e+06   2.0080566e+01
   5.8523660e+06   3.5278320e+01
   5.8526740e+06   4.0283203e+01
   5.8591970e+06   4.4433594e+01
   5.8593450e+06   1.9775391e+01
   5.8593770e+06   2.0141602e+01
   5.8594370e+06   5.0170898e+01
   5.8595140e+06   1.9287109e+01
   5.8684450e+06   2.6977539e+01
   5.8684760e+06   6.5917969e+01
   5.8684980e+06   6.1706543e+01
   5.8685280e+06   2.0996094e+01
   5.8685420e+06   3.4240723e+01
   5.8685710e+06   3.0273438e+01
   5.8685960e+06   4.0588379e+01
   5.8686120e+06   2.1972656e+01
   5.8686620e+06   4.4189453e+01
   5.8686790e+06   2.2583008e+01
   5.8687320e+06   5.0415039e+01
   5.8689010e+06   3.9245605e+01
   5.8689270e+06   2.3925781e+01
   5.8689920e+06   5.1818848e+01
   5.8690330e+06   2.6672363e+01
   5.8691170e+06   2.9541016e+01
   5.8692350e+06   2.7282715e+01
   5.8693280e+06   2.8320313e+01
   5.8694170e+06   2.4414062e+01
   5.8696070e+06   2.6000977e+01
   5.8770010e+06   2.1179199e+01
   5.8770840e+06   1.9653320e+01
   5.8771860e+06   2.6245117e+01
   5.8772470e+06   2.0874023e+01
   5.8772850e+06   2.0202637e+01
   5.8773320e+06   5.1330566e+01
   5.8821260e+06   1.9470215e+01
   5.8858240e+06   2.1972656e+01
   5.8859060e+06   2.2216797e+01
   5.8859590e+06   4.4799805e+01
   5.8859760e+06   2.3437500e+01
   5.8860010e+06   1.9897461e+01
   5.8860430e+06   5.9326172e+01
   5.8860780e+06   4.4921875e+01
   5.8871870e+06   4.6813965e+01
   5.8953100e+06   5.2490234e+01
   5.8953270e+06   3.1616211e+01
   5.8953470e+06   2.5756836e+01
   5.8953810e+06   3.6743164e+01
   5.8954000e+06   4.1259766e+01
   5.8954130e+06   2.8503418e+01
   5.8954360e+06   4.1687012e+01
   5.8954830e+06   4.1870117e+01
   5.8955200e+06   2.0080566e+01
   5.8955580e+06   4.7607422e+01
   5.8955780e+06   2.2399902e+01
   5.8956060e+06   4.2053223e+01
   5.8956350e+06   2.9663086e+01
   5.8957230e+06   3.2958984e+01
   5.8957820e+06   2.0568848e+01
   5.8957960e+06   3.3447266e+01
   5.8959110e+06   2.0996094e+01
   5.8959600e+06   3.0151367e+01
   5.8960330e+06   2.0141602e+01
   5.8961260e+06   3.7780762e+01
   5.8962920e+06   2.7343750e+01
   5.8964480e+06   4.1381836e+01
   5.8966270e+06   2.4658203e+01
   5.9038060e+06   4.4616699e+01
   5.9073840e+06   5.1757812e+01
   5.9074030e+06   2.4414062e+01
   5.9074300e+06   2.6123047e+01
   5.9074930e+06   4.9987793e+01
   5.9075400e+06   2.2827148e+01
   5.9075960e+06   2.1545410e+01
   5.9076960e+06   4.0161133e+01
   5.9151870e+06   6.5917969e+01
   5.9152060e+06   2.3071289e+01
   5.9152400e+06   5.8532715e+01
   5.9152720e+06   2.6611328e+01
   5.9152870e+06   2.7832031e+01
   5.9153060e+06   3.0761719e+01
   5.9153330e+06   2.2827148e+01
   5.9153560e+06   3.3447266e+01
   5.9153670e+06   3.6682129e+01
   5.9153850e+06   3.1066895e+01
   5.9154220e+06   5.3222656e+01
   5.9154680e+06   4.4860840e+01
   5.9154780e+06   2.4841309e+01
   5.9155040e+06   4.3640137e+01
   5.9155510e+06   3.9916992e+01
   5.9157020e+06   4.2480469e+01
   5.9157790e+06   4.1503906e+01
   5.9157930e+06   2.0385742e+01
   5.9158530e+06   2.0019531e+01
   5.9158760e+06   2.2644043e+01
   5.9158940e+06   2.8381348e+01
   5.9159960e+06   3.5522461e+01
   5.9160720e+06   2.2583008e+01
   5.9163440e+06   3.1188965e+01
   5.9221630e+06   2.0141602e+01
   5.9222470e+06   5.9570313e+01
   5.9243780e+06   4.9255371e+01
   5.9245230e+06   4.0100098e+01
   5.9245580e+06   2.3010254e+01
   5.9245810e+06   2.0141602e+01
   5.9280070e+06   2.0935059e+01
   5.9280780e+06   4.8889160e+01
   5.9281070e+06   1.9226074e+01
   5.9281920e+06   2.2888184e+01
   5.9282190e+06   3.6987305e+01
   5.9282970e+06   1.9531250e+01
   5.9323560e+06   2.4230957e+01
   5.9324120e+06   4.4433594e+01
   5.9324230e+06   2.0935059e+01
   5.9324440e+06   2.6672363e+01
   5.9325060e+06   4.9804688e+01
   5.9326240e+06   4.7241211e+01
   5.9326590e+06   2.0874023e+01
   5.9330390e+06   3.9428711e+01
   5.9431340e+06   4.8339844e+01
   5.9431610e+06   2.2155762e+01
   5.9431900e+06   5.1086426e+01
   5.9432380e+06   3.1433105e+01
   5.9432630e+06   3.9428711e+01
   5.9433030e+06   2.5390625e+01
   5.9433140e+06   3.0761719e+01
   5.9433440e+06   4.2297363e+01
   5.9433670e+06   2.3010254e+01
   5.9433850e+06   3.7719727e+01
   5.9434000e+06   2.0690918e+01
   5.9434220e+06   3.0029297e+01
   5.9434710e+06   4.8583984e+01
   5.9434970e+06   1.9714355e+01
   5.9435120e+06   1.9775391e+01
   5.9435280e+06   3.2104492e+01
   5.9435930e+06   2.4230957e+01
   5.9436690e+06   3.2287598e+01
   5.9437110e+06   2.2644043e+01
   5.9437830e+06   3.7780762e+01
   5.9437980e+06   2.8625488e+01
   5.9438870e+06   2.4658203e+01
   5.9439160e+06   3.3508301e+01
   5.9439770e+06   2.6977539e+01
   5.9441040e+06   3.4362793e+01
   5.9442080e+06   3.6926270e+01
   5.9511480e+06   4.4494629e+01
   5.9511740e+06   2.9785156e+01
   5.9512320e+06   4.7851562e+01
   5.9512770e+06   2.8015137e+01
   5.9513310e+06   3.2714844e+01
   5.9513900e+06   3.5522461e+01
   5.9516450e+06   4.1015625e+01
   5.9549700e+06   4.6264648e+01
   5.9550050e+06   2.7770996e+01
   5.9550410e+06   1.9958496e+01
   5.9550710e+06   3.1127930e+01
   5.9550910e+06   3.6743164e+01
   5.9552310e+06   2.0324707e+01
   5.9591110e+06   1.9287109e+01
   5.9592000e+06   5.2246094e+01
   5.9592190e+06   2.1057129e+01
   5.9592550e+06   2.3193359e+01
   5.9593070e+06   2.1240234e+01
   5.9593290e+06   3.7231445e+01
   5.9593590e+06   3.0334473e+01
   5.9593980e+06   2.1606445e+01
   5.9677610e+06   1.9714355e+01
   5.9679350e+06   5.0598145e+01
   5.9679600e+06   2.6916504e+01
   5.9679770e+06   3.1494141e+01
   5.9680170e+06   2.7221680e+01
   5.9680280e+06   2.7648926e+01
   5.9680650e+06   4.5837402e+01
   5.9681030e+06   5.4077148e+01
   5.9681500e+06   4.6630859e+01
   5.9681920e+06   3.6804199e+01
   5.9682150e+06   2.2338867e+01
   5.9682500e+06   2.0690918e+01
   5.9682680e+06   4.1870117e+01
   5.9683940e+06   2.2277832e+01
   5.9684180e+06   3.8208008e+01
   5.9684960e+06   4.7729492e+01
   5.9685650e+06   2.6428223e+01
   5.9686210e+06   3.5705566e+01
   5.9687400e+06   4.3823242e+01
   5.9688140e+06   3.1555176e+01
   5.9688830e+06   3.3142090e+01
   5.9690770e+06   3.5278320e+01
   5.9693080e+06   2.9235840e+01
   5.9708120e+06   3.2470703e+01
   5.9757530e+06   4.2358398e+01
   5.9757790e+06   2.2094727e+01
   5.9758300e+06   2.4963379e+01
   5.9758520e+06   2.3620605e+01
   5.9758850e+06   4.6752930e+01
   5.9759160e+06   1.9287109e+01
   5.9759840e+06   2.1362305e+01
   5.9762790e+06   4.8706055e+01
   5.9804830e+06   2.1850586e+01
   5.9805060e+06   5.2001953e+01
   5.9805540e+06   4.8339844e+01
   5.9806120e+06   4.3884277e+01
   5.9806540e+06   4.4738770e+01
   5.9806780e+06   2.3498535e+01
   5.9807130e+06   4.0649414e+01
   5.9807720e+06   3.8757324e+01
   5.9808640e+06   4.1015625e+01
   5.9809180e+06   4.0161133e+01
   5.9810160e+06   4.4067383e+01
   5.9811340e+06   4.6508789e+01
   5.9813070e+06   3.4362793e+01
   5.9877120e+06   2.1667480e+01
   5.9877350e+06   4.4311523e+01
   5.9877670e+06   2.9418945e+01
   5.9877940e+06   4.9316406e+01
   5.9878330e+06   1.9348145e+01
   5.9878450e+06   5.3955078e+01
   5.9878850e+06   2.4719238e+01
   5.9879070e+06   3.3447266e+01
   5.9879270e+06   2.9113770e+01
   5.9879710e+06   2.4841309e+01
   5.9879830e+06   4.4921875e+01
   5.9880300e+06   4.1564941e+01
   5.9880920e+06   4.0710449e+01
   5.9881560e+06   1.9775391e+01
   5.9881840e+06   3.7475586e+01
   5.9883540e+06   3.7780762e+01
   5.9884580e+06   4.0222168e+01
   5.9886170e+06   3.8452148e+01
   5.9889050e+06   3.9001465e+01
   5.9951640e+06   5.2185059e+01
   5.9951840e+06   2.7770996e+01
   5.9952020e+06   5.3039551e+01
   5.9952350e+06   3.4606934e+01
   5.9952550e+06   2.4047852e+01
   5.9952660e+06   4.8339844e+01
   5.9953280e+06   4.0039062e+01
   5.9953790e+06   1.9775391e+01
   5.9954010e+06   4.5532227e+01
   5.9954330e+06   2.4353027e+01
   5.9955890e+06   3.5034180e+01
   5.9957780e+06   4.0527344e+01
   5.9960840e+06   3.7292480e+01
