   5.9980000e+06   0.0000000e+00
   1.0040000e+03   1.7761230e+01
   2.1120000e+03   1.8249512e+01
   8.9450000e+03   1.8188477e+01
   1.2414000e+04   1.8493652e+01
   1.3628000e+04   1.7822266e+01
   1.5769000e+04   1.7456055e+01
   1.6488000e+04   2.0446777e+01
   1.6912000e+04   1.8127441e+01
   1.7861000e+04   1.9470215e+01
   3.4218000e+04   2.0507813e+01
   4.3951000e+04   1.8493652e+01
   4.6740000e+04   1.8005371e+01
   4.7777000e+04   2.1423340e+01
   5.6210000e+04   1.7822266e+01
   5.9903000e+04   1.8981934e+01
   6.0461000e+04   1.8615723e+01
   6.0661000e+04   2.1240234e+01
   6.0801000e+04   1.7333984e+01
   6.9066000e+04   1.9348145e+01
   7.1462000e+04   1.7395020e+01
   7.6081000e+04   2.0568848e+01
   7.8797000e+04   1.9165039e+01
   8.2065000e+04   1.8615723e+01
   8.2352000e+04   2.2521973e+01
   8.2454000e+04   1.8676758e+01
   8.3878000e+04   2.5512695e+01
   8.3895000e+04   2.1118164e+01
   8.3916000e+04   2.0385742e+01
   8.3954000e+04   2.3559570e+01
   8.4633000e+04   1.7883301e+01
   9.7985000e+04   1.8066406e+01
   9.8235000e+04   1.9958496e+01
   9.8534000e+04   2.0751953e+01
   1.1510800e+05   1.8676758e+01
   1.2530100e+05   2.1179199e+01
   1.2798000e+05   1.8005371e+01
   1.2831600e+05   1.8249512e+01
   1.2914900e+05   1.8310547e+01
   1.2921700e+05   2.5695801e+01
   1.2971000e+05   1.7761230e+01
   1.3452400e+05   2.1240234e+01
   1.3516800e+05   2.0446777e+01
   1.3665500e+05   1.7517090e+01
   1.3714000e+05   2.1728516e+01
   1.3718600e+05   1.9226074e+01
   1.3724600e+05   1.8249512e+01
   1.3911300e+05   1.9104004e+01
   1.3986200e+05   1.7395020e+01
   1.4298200e+05   1.7639160e+01
   1.4339400e+05   2.0141602e+01
   1.5316400e+05   2.2277832e+01
   1.6555500e+05   1.8432617e+01
   1.7334700e+05   2.1118164e+01
   1.7914000e+05   1.9104004e+01
   1.8897800e+05   1.7700195e+01
   1.9247500e+05   1.8005371e+01
   2.0419100e+05   1.8371582e+01
   2.0823800e+05   1.8981934e+01
   2.0944100e+05   1.9592285e+01
   2.1026900e+05   1.9958496e+01
   2.1034300e+05   2.1301270e+01
   2.1036600e+05   1.8859863e+01
   2.1278500e+05   1.8981934e+01
   2.2211700e+05   2.0690918e+01
   2.3169800e+05   1.8005371e+01
   2.3661100e+05   1.8859863e+01
   2.4232900e+05   1.9531250e+01
   2.4237400e+05   1.7456055e+01
   2.4252700e+05   1.8249512e+01
   2.4596200e+05   2.6916504e+01
   2.4605700e+05   1.7822266e+01
   2.4829300e+05   1.8859863e+01
   2.4847100e+05   1.8188477e+01
   2.6342900e+05   1.8127441e+01
   2.7010600e+05   1.9836426e+01
   2.8313000e+05   1.9409180e+01
   2.8648600e+05   1.7639160e+01
   2.8987800e+05   2.2583008e+01
   3.0235800e+05   1.7761230e+01
   3.0557700e+05   1.9897461e+01
   3.1632100e+05   1.7578125e+01
   3.1740700e+05   2.0385742e+01
   3.1833600e+05   1.7700195e+01
   3.1933500e+05   1.7822266e+01
   3.1951900e+05   1.7822266e+01
   3.2334000e+05   2.0263672e+01
   3.2618400e+05   1.9104004e+01
   3.3066000e+05   1.9042969e+01
   3.3108600e+05   1.8127441e+01
   3.3145700e+05   1.7578125e+01
   3.3160700e+05   1.8310547e+01
   3.3166300e+05   2.3437500e+01
   3.3187600e+05   2.2644043e+01
   3.4263200e+05   1.8371582e+01
   3.4288800e+05   1.8737793e+01
   3.4535900e+05   1.8859863e+01
   3.4995500e+05   1.8127441e+01
   3.5297700e+05   1.9287109e+01
   3.5364900e+05   1.7639160e+01
   3.6014900e+05   2.3864746e+01
   3.6021900e+05   2.6428223e+01
   3.6576100e+05   1.8554688e+01
   3.6612200e+05   1.8127441e+01
   3.6650800e+05   1.7517090e+01
   3.7948500e+05   1.8371582e+01
   3.8697400e+05   1.8981934e+01
   3.8806300e+05   1.8676758e+01
   3.9144900e+05   2.1179199e+01
   3.9425400e+05   1.7333984e+01
   3.9839400e+05   1.7517090e+01
   4.0291000e+05   1.8615723e+01
   4.0304600e+05   2.0263672e+01
   4.0458100e+05   1.9042969e+01
   4.0745000e+05   1.7761230e+01
   4.2241900e+05   1.7578125e+01
   4.2276000e+05   1.7944336e+01
   4.2814200e+05   1.8554688e+01
   4.3477100e+05   1.9653320e+01
   4.4011800e+05   1.8798828e+01
   4.4342700e+05   1.9775391e+01
   4.4526800e+05   2.0202637e+01
   4.4528400e+05   1.9531250e+01
   4.4532400e+05   2.0935059e+01
   4.5444500e+05   2.2460938e+01
   4.6069800e+05   1.8005371e+01
   4.6606900e+05   1.9042969e+01
   4.7007300e+05   1.8127441e+01
   4.7256200e+05   1.9287109e+01
   4.7270600e+05   1.8371582e+01
   4.8102400e+05   1.8676758e+01
   4.8775700e+05   1.7639160e+01
   4.8912200e+05   1.7822266e+01
   4.9597900e+05   1.7700195e+01
   4.9841400e+05   1.8676758e+01
   4.9861400e+05   1.7761230e+01
   5.0632300e+05   1.9897461e+01
   5.0640500e+05   2.0507812e+01
   5.0688600e+05   1.8310547e+01
   5.0807300e+05   1.8066406e+01
   5.0859800e+05   2.0324707e+01
   5.0862500e+05   2.0568848e+01
   5.0863800e+05   2.2338867e+01
   5.0866800e+05   2.4597168e+01
   5.0882000e+05   1.9836426e+01
   5.0916600e+05   2.0935059e+01
   5.2887100e+05   1.8615723e+01
   5.3164600e+05   1.7395020e+01
   5.3166700e+05   1.9287109e+01
   5.3170100e+05   3.1188965e+01
   5.3172000e+05   2.5207520e+01
   5.3209500e+05   2.2583008e+01
   5.3993300e+05   1.8981934e+01
   5.4528800e+05   1.7700195e+01
   5.4552900e+05   1.8737793e+01
   5.4901900e+05   1.8249512e+01
   5.5003500e+05   2.5146484e+01
   5.5016100e+05   1.7639160e+01
   5.5051900e+05   1.7761230e+01
   5.5751700e+05   2.2399902e+01
   5.6564700e+05   1.7578125e+01
   5.6937300e+05   2.0690918e+01
   5.7122500e+05   1.8615723e+01
   5.7127300e+05   1.9653320e+01
   5.8295100e+05   1.9226074e+01
   5.8404500e+05   2.4047852e+01
   5.8590200e+05   1.7883301e+01
   5.9355300e+05   1.8310547e+01
   6.0568700e+05   1.7883301e+01
   6.0961700e+05   1.9897461e+01
   6.1641900e+05   1.9714355e+01
   6.3218200e+05   1.8310547e+01
   6.3724600e+05   1.9104004e+01
   6.3726500e+05   1.8188477e+01
   6.3731700e+05   2.6245117e+01
   6.3985200e+05   2.4414062e+01
   6.3988400e+05   2.1667480e+01
   6.3990600e+05   1.8615723e+01
   6.3991900e+05   1.8127441e+01
   6.3995700e+05   2.4047852e+01
   6.4071700e+05   2.4841309e+01
   6.4881100e+05   1.8676758e+01
   6.5318500e+05   2.0629883e+01
   6.5493600e+05   1.8005371e+01
   6.5628200e+05   2.1545410e+01
   6.5734600e+05   2.0141602e+01
   6.5794700e+05   2.3010254e+01
   6.5898500e+05   2.0690918e+01
   6.5901100e+05   1.8554688e+01
   6.5903100e+05   2.2521973e+01
   6.5914400e+05   1.9714355e+01
   6.5925000e+05   1.9653320e+01
   6.6401100e+05   1.8554688e+01
   6.7176300e+05   1.7395020e+01
   6.7196200e+05   1.9531250e+01
   6.7202700e+05   2.0202637e+01
   6.7449500e+05   3.2836914e+01
   6.7451500e+05   2.5756836e+01
   6.7454900e+05   2.7526855e+01
   6.7459400e+05   1.8127441e+01
   6.7483600e+05   2.1362305e+01
   6.7511600e+05   1.7700195e+01
   6.9198300e+05   1.9897461e+01
   6.9203100e+05   2.0385742e+01
   6.9205500e+05   2.2338867e+01
   6.9236000e+05   2.3315430e+01
   6.9844200e+05   2.0080566e+01
   7.0644000e+05   2.0629883e+01
   7.0745300e+05   1.7517090e+01
   7.1178800e+05   2.0141602e+01
   7.1231200e+05   1.9714355e+01
   7.1288400e+05   2.0996094e+01
   7.1291500e+05   2.1606445e+01
   7.1292800e+05   1.8249512e+01
   7.1296600e+05   1.7822266e+01
   7.1299900e+05   1.9470215e+01
   7.1659900e+05   2.2583008e+01
   7.2933900e+05   1.7333984e+01
   7.3662400e+05   1.8310547e+01
   7.3896300e+05   2.2399902e+01
   7.3903300e+05   1.8554688e+01
   7.4193500e+05   1.8798828e+01
   7.4354400e+05   1.8981934e+01
   7.5401300e+05   1.8493652e+01
   7.5522400e+05   2.2338867e+01
   7.6293800e+05   1.7822266e+01
   7.6314400e+05   1.8249512e+01
   7.6562900e+05   1.8371582e+01
   7.7138000e+05   1.8676758e+01
   7.7408100e+05   1.8066406e+01
   7.8035400e+05   1.7456055e+01
   7.8140900e+05   2.0263672e+01
   7.8197200e+05   1.9714355e+01
   7.8341800e+05   2.2460938e+01
   7.8343100e+05   1.7456055e+01
   7.8346100e+05   1.7761230e+01
   7.8382400e+05   2.0446777e+01
   7.8601900e+05   1.9042969e+01
   7.8608000e+05   1.7883301e+01
   7.8615000e+05   1.8310547e+01
   7.8617600e+05   1.9653320e+01
   7.9327900e+05   1.9592285e+01
   8.0115300e+05   1.8554688e+01
   8.0125200e+05   2.0385742e+01
   8.0214000e+05   2.1728516e+01
   8.0223300e+05   2.4536133e+01
   8.0225300e+05   1.7578125e+01
   8.0228200e+05   2.0202637e+01
   8.0237600e+05   1.7700195e+01
   8.0259100e+05   1.7395020e+01
   8.1081500e+05   1.8005371e+01
   8.1565600e+05   2.0141602e+01
   8.1569500e+05   1.9348145e+01
   8.2602600e+05   1.8615723e+01
   8.2628700e+05   1.8249512e+01
   8.2873700e+05   1.7883301e+01
   8.2879300e+05   1.7333984e+01
   8.2917300e+05   1.7944336e+01
   8.3956300e+05   2.2155762e+01
   8.3961300e+05   2.9174805e+01
   8.3984100e+05   1.9226074e+01
   8.4633700e+05   1.8554688e+01
   8.5066900e+05   1.8371582e+01
   8.5073800e+05   2.2766113e+01
   8.5075300e+05   2.5512695e+01
   8.5077900e+05   2.5573730e+01
   8.5571800e+05   2.5268555e+01
   8.5575500e+05   2.2583008e+01
   8.5579400e+05   2.9235840e+01
   8.5597100e+05   1.7883301e+01
   8.6317700e+05   1.7578125e+01
   8.6384300e+05   1.7944336e+01
   8.6430700e+05   1.7395020e+01
   8.7486400e+05   1.8432617e+01
   8.7733100e+05   1.7944336e+01
   8.7742300e+05   1.9775391e+01
   8.7745200e+05   1.8005371e+01
   8.7747600e+05   1.7517090e+01
   8.8973600e+05   1.7456055e+01
   8.8983500e+05   2.0019531e+01
   8.9823200e+05   1.8859863e+01
   9.0212100e+05   2.1240234e+01
   9.0249900e+05   2.8930664e+01
   9.0624700e+05   2.0690918e+01
   9.0626900e+05   2.3376465e+01
   9.0628300e+05   2.7221680e+01
   9.0631800e+05   2.3925781e+01
   9.0632900e+05   1.8676758e+01
   9.0638600e+05   1.8432617e+01
   9.0645100e+05   2.4291992e+01
   9.0668500e+05   1.8310547e+01
   9.0709700e+05   2.3254395e+01
   9.1654800e+05   1.8432617e+01
   9.1751500e+05   2.2338867e+01
   9.1762300e+05   2.1179199e+01
   9.1769900e+05   2.0812988e+01
   9.1779500e+05   1.9409180e+01
   9.1912100e+05   1.9775391e+01
   9.1917400e+05   2.4047852e+01
   9.1920100e+05   1.8310547e+01
   9.1921300e+05   2.5573730e+01
   9.3212100e+05   1.8432617e+01
   9.3216800e+05   2.0690918e+01
   9.3218100e+05   2.1850586e+01
   9.3221200e+05   1.9592285e+01
   9.3240100e+05   1.7944336e+01
   9.3418000e+05   1.8127441e+01
   9.3421900e+05   2.4536133e+01
   9.3424000e+05   3.5766602e+01
   9.3426300e+05   2.7954102e+01
   9.3428200e+05   3.9550781e+01
   9.3430800e+05   2.2094727e+01
   9.3432700e+05   3.8879395e+01
   9.3434900e+05   1.8188477e+01
   9.3444100e+05   2.9602051e+01
   9.3446500e+05   2.1484375e+01
   9.3455700e+05   2.2644043e+01
   9.3466400e+05   2.0141602e+01
   9.3484400e+05   1.7761230e+01
   9.5342800e+05   1.8310547e+01
   9.5344100e+05   2.1728516e+01
   9.5346900e+05   1.8981934e+01
   9.5349700e+05   1.9531250e+01
   9.5356900e+05   2.2460938e+01
   9.5393300e+05   2.2399902e+01
   9.5419100e+05   2.0080566e+01
   9.5434400e+05   2.5024414e+01
   9.5466300e+05   1.9470215e+01
   9.6692300e+05   1.8493652e+01
   9.6703600e+05   1.9287109e+01
   9.6706000e+05   2.0080566e+01
   9.6711200e+05   2.3010254e+01
   9.6714500e+05   1.8859863e+01
   9.6731700e+05   3.3569336e+01
   9.6742000e+05   2.2644043e+01
   9.8314300e+05   1.8432617e+01
   9.8316300e+05   2.0446777e+01
   9.8318800e+05   2.9663086e+01
   9.8321300e+05   2.0263672e+01
   9.8322400e+05   2.6245117e+01
   9.8326000e+05   2.3315430e+01
   9.8328400e+05   2.3559570e+01
   9.8332500e+05   1.8798828e+01
   9.8341000e+05   1.7822266e+01
   9.8353700e+05   2.1423340e+01
   9.8384100e+05   2.1179199e+01
   9.9390800e+05   2.1484375e+01
   9.9393500e+05   2.3010254e+01
   9.9395600e+05   2.4108887e+01
   9.9397100e+05   1.9104004e+01
   9.9398800e+05   1.9470215e+01
   9.9402000e+05   2.2216797e+01
   9.9405100e+05   2.1789551e+01
   9.9408900e+05   2.0141602e+01
   9.9421000e+05   1.9226074e+01
   9.9422700e+05   2.2033691e+01
   9.9494800e+05   2.1789551e+01
   9.9826400e+05   1.7517090e+01
   1.0078410e+06   1.9042969e+01
   1.0122550e+06   2.1301270e+01
   1.0123050e+06   1.8005371e+01
   1.0123170e+06   2.1301270e+01
   1.0123540e+06   3.0761719e+01
   1.0123830e+06   2.2888184e+01
   1.0124240e+06   1.8493652e+01
   1.0124570e+06   1.9592285e+01
   1.0125180e+06   2.1972656e+01
   1.0126040e+06   2.3010254e+01
   1.0128530e+06   1.9775391e+01
   1.0130920e+06   1.8981934e+01
   1.0156070e+06   2.2460938e+01
   1.0156490e+06   2.3193359e+01
   1.0157330e+06   1.7333984e+01
   1.0157960e+06   1.9775391e+01
   1.0160110e+06   2.0812988e+01
   1.0160950e+06   2.3864746e+01
   1.0161390e+06   1.8066406e+01
   1.0166470e+06   2.3315430e+01
   1.0170490e+06   2.1850586e+01
   1.0190180e+06   2.0019531e+01
   1.0190610e+06   4.4982910e+01
   1.0190730e+06   2.8198242e+01
   1.0191040e+06   3.5217285e+01
   1.0191460e+06   2.2583008e+01
   1.0192330e+06   2.0629883e+01
   1.0193710e+06   2.4353027e+01
   1.0344110e+06   2.0751953e+01
   1.0345680e+06   1.7333984e+01
   1.0348900e+06   2.0385742e+01
   1.0353730e+06   2.4475098e+01
   1.0353950e+06   3.3752441e+01
   1.0354130e+06   2.1728516e+01
   1.0354260e+06   1.7395020e+01
   1.0354530e+06   1.8310547e+01
   1.0354950e+06   4.1870117e+01
   1.0355380e+06   2.2338867e+01
   1.0355480e+06   2.7160645e+01
   1.0355960e+06   2.7038574e+01
   1.0358790e+06   2.5512695e+01
   1.0361410e+06   2.2460938e+01
   1.0361900e+06   1.8981934e+01
   1.0363020e+06   1.9226074e+01
   1.0367840e+06   2.3193359e+01
   1.0420920e+06   2.0568848e+01
   1.0421080e+06   1.8493652e+01
   1.0421400e+06   2.2155762e+01
   1.0421550e+06   1.9653320e+01
   1.0422120e+06   3.2470703e+01
   1.0422520e+06   2.4719238e+01
   1.0422650e+06   2.7770996e+01
   1.0422980e+06   3.0029297e+01
   1.0423250e+06   1.9470215e+01
   1.0423460e+06   3.3447266e+01
   1.0423770e+06   2.2766113e+01
   1.0424010e+06   3.2043457e+01
   1.0424260e+06   1.8249512e+01
   1.0424580e+06   2.2644043e+01
   1.0424980e+06   2.5329590e+01
   1.0427350e+06   2.0263672e+01
   1.0429330e+06   2.2460938e+01
   1.0431730e+06   2.1240234e+01
   1.0471540e+06   2.1972656e+01
   1.0471930e+06   2.1484375e+01
   1.0472250e+06   2.0324707e+01
   1.0473590e+06   1.9958496e+01
   1.0474570e+06   1.9958496e+01
   1.0476060e+06   1.8920898e+01
   1.0638910e+06   2.3742676e+01
   1.0639130e+06   2.6611328e+01
   1.0639300e+06   2.0935059e+01
   1.0639450e+06   3.6804199e+01
   1.0639640e+06   1.8066406e+01
   1.0639770e+06   4.2419434e+01
   1.0639970e+06   2.7587891e+01
   1.0640070e+06   2.0263672e+01
   1.0640330e+06   3.4118652e+01
   1.0640720e+06   2.0874023e+01
   1.0641050e+06   1.9531250e+01
   1.0641280e+06   3.3508301e+01
   1.0641550e+06   1.9165039e+01
   1.0641770e+06   2.1545410e+01
   1.0642060e+06   1.8249512e+01
   1.0642350e+06   2.0141602e+01
   1.0643700e+06   1.8615723e+01
   1.0644130e+06   2.0141602e+01
   1.0644280e+06   2.6672363e+01
   1.0644560e+06   2.2766113e+01
   1.0644930e+06   2.3925781e+01
   1.0645360e+06   2.5024414e+01
   1.0645510e+06   2.0690918e+01
   1.0645860e+06   1.7639160e+01
   1.0646030e+06   1.7395020e+01
   1.0646230e+06   3.0883789e+01
   1.0647060e+06   2.3315430e+01
   1.0648850e+06   1.7456055e+01
   1.0649190e+06   2.3315430e+01
   1.0649620e+06   1.9042969e+01
   1.0650100e+06   2.0141602e+01
   1.0652270e+06   1.8432617e+01
   1.0657180e+06   1.8005371e+01
   1.0708240e+06   2.5817871e+01
   1.0708480e+06   1.7639160e+01
   1.0708680e+06   2.3193359e+01
   1.0708950e+06   2.2644043e+01
   1.0709080e+06   1.7761230e+01
   1.0709650e+06   1.9226074e+01
   1.0709780e+06   2.0629883e+01
   1.0711680e+06   2.6062012e+01
   1.0716150e+06   2.0690918e+01
   1.0802690e+06   2.9418945e+01
   1.0803020e+06   2.2949219e+01
   1.0803220e+06   3.1921387e+01
   1.0803370e+06   2.8808594e+01
   1.0803540e+06   3.3752441e+01
   1.0803700e+06   3.5461426e+01
   1.0803930e+06   3.4606934e+01
   1.0804160e+06   3.3203125e+01
   1.0804690e+06   2.1484375e+01
   1.0805780e+06   2.0874023e+01
   1.0806010e+06   2.0996094e+01
   1.0806570e+06   1.8249512e+01
   1.0807970e+06   2.6489258e+01
   1.0808920e+06   2.5329590e+01
   1.0809350e+06   1.8066406e+01
   1.0809920e+06   1.9287109e+01
   1.0810040e+06   2.0812988e+01
   1.0810620e+06   1.9165039e+01
   1.0810890e+06   2.2399902e+01
   1.0811040e+06   1.7822266e+01
   1.0811360e+06   2.7404785e+01
   1.0811780e+06   1.9104004e+01
   1.0812200e+06   1.8249512e+01
   1.0813110e+06   2.2583008e+01
   1.0813770e+06   2.1972656e+01
   1.0816130e+06   2.2277832e+01
   1.0818590e+06   2.3681641e+01
   1.0886160e+06   2.3193359e+01
   1.0886390e+06   2.1362305e+01
   1.0886540e+06   1.7761230e+01
   1.0886740e+06   2.3498535e+01
   1.0887140e+06   1.7578125e+01
   1.0887610e+06   2.0385742e+01
   1.0890190e+06   1.8615723e+01
   1.0907870e+06   1.8676758e+01
   1.0908070e+06   2.8747559e+01
   1.0908360e+06   1.9104004e+01
   1.0908670e+06   3.4545898e+01
   1.0909140e+06   1.8615723e+01
   1.0909490e+06   2.2766113e+01
   1.0910720e+06   1.9653320e+01
   1.0911920e+06   2.1728516e+01
   1.0935990e+06   2.4658203e+01
   1.0936220e+06   3.0944824e+01
   1.0936380e+06   3.3935547e+01
   1.0936710e+06   2.8259277e+01
   1.0937000e+06   2.3864746e+01
   1.0937130e+06   2.5146484e+01
   1.0938030e+06   1.7700195e+01
   1.0938860e+06   1.8188477e+01
   1.0942060e+06   2.2399902e+01
   1.0959690e+06   2.4353027e+01
   1.1045780e+06   1.8005371e+01
   1.1046280e+06   3.4729004e+01
   1.1046530e+06   3.6132812e+01
   1.1046780e+06   3.2653809e+01
   1.1046880e+06   3.3935547e+01
   1.1047140e+06   3.5034180e+01
   1.1047320e+06   2.6855469e+01
   1.1047710e+06   5.1696777e+01
   1.1047820e+06   2.2094727e+01
   1.1048140e+06   1.7578125e+01
   1.1048280e+06   2.9113770e+01
   1.1048420e+06   1.8981934e+01
   1.1048850e+06   3.6621094e+01
   1.1049080e+06   1.8066406e+01
   1.1050260e+06   2.0263672e+01
   1.1051430e+06   1.8005371e+01
   1.1052330e+06   1.8066406e+01
   1.1052670e+06   2.0507812e+01
   1.1052940e+06   1.7700195e+01
   1.1053130e+06   1.7944336e+01
   1.1053470e+06   2.1789551e+01
   1.1053690e+06   1.8371582e+01
   1.1054080e+06   1.8127441e+01
   1.1055720e+06   1.8859863e+01
   1.1056020e+06   2.4353027e+01
   1.1057970e+06   2.1911621e+01
   1.1058750e+06   2.3376465e+01
   1.1058850e+06   2.0935059e+01
   1.1061540e+06   2.3986816e+01
   1.1068460e+06   2.0019531e+01
   1.1097610e+06   2.1301270e+01
   1.1115810e+06   2.8503418e+01
   1.1116300e+06   2.8259277e+01
   1.1117240e+06   1.9714355e+01
   1.1117560e+06   2.2705078e+01
   1.1136100e+06   2.2521973e+01
   1.1136590e+06   3.8757324e+01
   1.1136910e+06   2.0202637e+01
   1.1137030e+06   2.2094727e+01
   1.1137470e+06   2.0385742e+01
   1.1137700e+06   1.8493652e+01
   1.1140720e+06   1.9836426e+01
   1.1154040e+06   1.8127441e+01
   1.1175750e+06   1.9409180e+01
   1.1176140e+06   2.1850586e+01
   1.1176370e+06   2.6428223e+01
   1.1176680e+06   1.7700195e+01
   1.1176880e+06   2.3986816e+01
   1.1177030e+06   1.8615723e+01
   1.1177340e+06   1.9775391e+01
   1.1177770e+06   2.0812988e+01
   1.1178160e+06   2.1057129e+01
   1.1179500e+06   1.9714355e+01
   1.1278520e+06   2.4475098e+01
   1.1278800e+06   3.0456543e+01
   1.1279010e+06   2.4169922e+01
   1.1279140e+06   2.0751953e+01
   1.1279350e+06   2.3254395e+01
   1.1279460e+06   1.9958496e+01
   1.1279760e+06   2.7893066e+01
   1.1280230e+06   2.5695801e+01
   1.1280480e+06   3.4851074e+01
   1.1281130e+06   2.4047852e+01
   1.1281450e+06   1.7883301e+01
   1.1282010e+06   2.1606445e+01
   1.1282380e+06   1.9897461e+01
   1.1284830e+06   1.9165039e+01
   1.1285260e+06   1.7578125e+01
   1.1285650e+06   1.8737793e+01
   1.1285970e+06   1.9226074e+01
   1.1286730e+06   3.0700684e+01
   1.1287520e+06   2.6123047e+01
   1.1287850e+06   2.1118164e+01
   1.1288430e+06   1.9470215e+01
   1.1288740e+06   1.7333984e+01
   1.1289560e+06   1.8371582e+01
   1.1289920e+06   1.7395020e+01
   1.1290680e+06   2.2888184e+01
   1.1291340e+06   1.7639160e+01
   1.1291690e+06   1.9653320e+01
   1.1293680e+06   1.8737793e+01
   1.1307580e+06   1.8188477e+01
   1.1339630e+06   2.0202637e+01
   1.1339810e+06   2.5146484e+01
   1.1340010e+06   3.2470703e+01
   1.1340250e+06   1.7517090e+01
   1.1340480e+06   2.0507812e+01
   1.1340730e+06   1.9531250e+01
   1.1341990e+06   2.0629883e+01
   1.1345920e+06   2.0446777e+01
   1.1367770e+06   2.2277832e+01
   1.1368130e+06   2.5878906e+01
   1.1368270e+06   4.0161133e+01
   1.1368640e+06   3.5400391e+01
   1.1368990e+06   2.1362305e+01
   1.1369310e+06   2.5146484e+01
   1.1369550e+06   2.0446777e+01
   1.1370500e+06   2.4658203e+01
   1.1373660e+06   2.1423340e+01
   1.1387550e+06   2.1789551e+01
   1.1387750e+06   2.4230957e+01
   1.1387980e+06   1.8188477e+01
   1.1388340e+06   2.1667480e+01
   1.1388520e+06   2.0385742e+01
   1.1388780e+06   2.5390625e+01
   1.1389020e+06   2.6428223e+01
   1.1389190e+06   2.6428223e+01
   1.1389720e+06   1.7822266e+01
   1.1390490e+06   1.8005371e+01
   1.1392850e+06   1.9409180e+01
   1.1409850e+06   1.9348145e+01
   1.1410100e+06   2.4047852e+01
   1.1410500e+06   2.5024414e+01
   1.1410640e+06   2.1972656e+01
   1.1410880e+06   1.7639160e+01
   1.1411210e+06   2.2277832e+01
   1.1413610e+06   1.7944336e+01
   1.1430830e+06   1.9104004e+01
   1.1431440e+06   1.8798828e+01
   1.1431850e+06   2.3620605e+01
   1.1432090e+06   2.0019531e+01
   1.1432260e+06   1.8981934e+01
   1.1432470e+06   2.1301270e+01
   1.1432800e+06   3.6437988e+01
   1.1433210e+06   2.4475098e+01
   1.1433460e+06   1.7944336e+01
   1.1433620e+06   2.0202637e+01
   1.1434070e+06   1.9165039e+01
   1.1442930e+06   2.0202637e+01
   1.1462100e+06   2.2399902e+01
   1.1462380e+06   2.4658203e+01
   1.1462630e+06   3.3203125e+01
   1.1462770e+06   3.9916992e+01
   1.1463790e+06   1.8432617e+01
   1.1464850e+06   1.8676758e+01
   1.1553280e+06   2.3071289e+01
   1.1553570e+06   2.4353027e+01
   1.1553750e+06   3.4912109e+01
   1.1553890e+06   3.6010742e+01
   1.1554150e+06   2.3864746e+01
   1.1554370e+06   3.2287598e+01
   1.1554600e+06   3.0517578e+01
   1.1554980e+06   2.5878906e+01
   1.1555160e+06   3.3386230e+01
   1.1555650e+06   2.1118164e+01
   1.1559350e+06   2.2338867e+01
   1.1560010e+06   2.2644043e+01
   1.1560920e+06   1.8310547e+01
   1.1561830e+06   1.9409180e+01
   1.1564380e+06   2.3254395e+01
   1.1564520e+06   1.8737793e+01
   1.1564750e+06   1.9287109e+01
   1.1565820e+06   2.5817871e+01
   1.1579240e+06   1.7639160e+01
   1.1590610e+06   1.9226074e+01
   1.1617740e+06   1.9836426e+01
   1.1617870e+06   2.0507812e+01
   1.1618080e+06   2.1240234e+01
   1.1618680e+06   2.0446777e+01
   1.1618860e+06   3.0395508e+01
   1.1619290e+06   1.9897461e+01
   1.1619630e+06   2.2949219e+01
   1.1619810e+06   1.7700195e+01
   1.1620250e+06   2.0996094e+01
   1.1620720e+06   2.4841309e+01
   1.1620830e+06   1.9531250e+01
   1.1621080e+06   1.9897461e+01
   1.1623500e+06   1.7517090e+01
   1.1630310e+06   1.7761230e+01
   1.1637640e+06   1.8005371e+01
   1.1639230e+06   1.8493652e+01
   1.1642620e+06   1.9592285e+01
   1.1650800e+06   2.0324707e+01
   1.1651060e+06   2.6489258e+01
   1.1651430e+06   2.4414062e+01
   1.1651750e+06   2.3925781e+01
   1.1652150e+06   2.2460938e+01
   1.1652320e+06   2.0080566e+01
   1.1652600e+06   2.4169922e+01
   1.1653080e+06   2.0812988e+01
   1.1653180e+06   2.7954102e+01
   1.1684520e+06   1.8615723e+01
   1.1684880e+06   1.9287109e+01
   1.1685010e+06   2.6916504e+01
   1.1685370e+06   2.0202637e+01
   1.1685740e+06   1.9409180e+01
   1.1686020e+06   2.3803711e+01
   1.1686170e+06   3.0639648e+01
   1.1686390e+06   2.0935059e+01
   1.1686710e+06   3.1616211e+01
   1.1686980e+06   2.1728516e+01
   1.1687540e+06   2.2399902e+01
   1.1691950e+06   1.8066406e+01
   1.1728140e+06   1.9409180e+01
   1.1728490e+06   3.0090332e+01
   1.1728610e+06   2.1972656e+01
   1.1728850e+06   3.2348633e+01
   1.1729240e+06   3.1005859e+01
   1.1729520e+06   2.1972656e+01
   1.1729900e+06   1.9531250e+01
   1.1730200e+06   2.2460938e+01
   1.1730360e+06   2.3376465e+01
   1.1730500e+06   2.6306152e+01
   1.1730690e+06   3.3264160e+01
   1.1730860e+06   1.9836426e+01
   1.1731020e+06   1.9836426e+01
   1.1731470e+06   1.7944336e+01
   1.1733130e+06   1.7333984e+01
   1.1734410e+06   1.8737793e+01
   1.1734800e+06   1.8676758e+01
   1.1736060e+06   2.0751953e+01
   1.1737650e+06   1.8188477e+01
   1.1738280e+06   1.7761230e+01
   1.1772620e+06   2.2155762e+01
   1.1772840e+06   3.2226562e+01
   1.1772950e+06   2.4047852e+01
   1.1773180e+06   2.3315430e+01
   1.1773350e+06   2.2460938e+01
   1.1773660e+06   3.3447266e+01
   1.1773960e+06   3.1066895e+01
   1.1774080e+06   1.9470215e+01
   1.1774560e+06   1.9531250e+01
   1.1778710e+06   2.0019531e+01
   1.1801470e+06   1.7822266e+01
   1.1801700e+06   2.9357910e+01
   1.1802300e+06   2.3315430e+01
   1.1802540e+06   2.3315430e+01
   1.1802730e+06   2.7709961e+01
   1.1803180e+06   2.1179199e+01
   1.1803390e+06   2.3254395e+01
   1.1803500e+06   1.8066406e+01
   1.1803770e+06   1.7395020e+01
   1.1908150e+06   1.9653320e+01
   1.1908570e+06   2.3193359e+01
   1.1908810e+06   4.3273926e+01
   1.1908920e+06   2.6062012e+01
   1.1909080e+06   3.8024902e+01
   1.1909360e+06   3.0212402e+01
   1.1909630e+06   2.4841309e+01
   1.1909770e+06   2.3559570e+01
   1.1910200e+06   3.0761719e+01
   1.1910330e+06   2.8198242e+01
   1.1910880e+06   2.1301270e+01
   1.1911050e+06   1.7456055e+01
   1.1911590e+06   1.7822266e+01
   1.1912880e+06   1.9897461e+01
   1.1913320e+06   2.1850586e+01
   1.1913820e+06   2.4230957e+01
   1.1914400e+06   1.9348145e+01
   1.1915000e+06   1.7883301e+01
   1.1915860e+06   1.8188477e+01
   1.1916440e+06   1.8066406e+01
   1.1917430e+06   2.0629883e+01
   1.1919720e+06   1.9775391e+01
   1.1921170e+06   2.1240234e+01
   1.1923280e+06   2.1057129e+01
   1.1934860e+06   1.8981934e+01
   1.1940200e+06   1.8615723e+01
   1.1947240e+06   1.8249512e+01
   1.1955400e+06   1.8432617e+01
   1.1959870e+06   1.7517090e+01
   1.1966050e+06   1.8310547e+01
   1.1966660e+06   1.9897461e+01
   1.1967000e+06   2.0935059e+01
   1.1967170e+06   2.1301270e+01
   1.1967570e+06   2.7160645e+01
   1.1968170e+06   2.6000977e+01
   1.1968750e+06   2.0019531e+01
   1.1969560e+06   2.4291992e+01
   1.1995440e+06   1.9653320e+01
   1.1995960e+06   2.3681641e+01
   1.1996140e+06   3.4667969e+01
   1.1996380e+06   2.6245117e+01
   1.1996520e+06   1.8371582e+01
   1.1996840e+06   2.4963379e+01
   1.1997060e+06   2.7587891e+01
   1.1997190e+06   2.5634766e+01
   1.1997390e+06   1.9470215e+01
   1.1997620e+06   2.1972656e+01
   1.1997890e+06   2.1850586e+01
   1.1998130e+06   1.7822266e+01
   1.1998650e+06   2.0996094e+01
   1.1999410e+06   1.9409180e+01
   1.2002580e+06   1.8798828e+01
   1.2045960e+06   1.7700195e+01
   1.2046290e+06   2.4597168e+01
   1.2046490e+06   2.1240234e+01
   1.2046900e+06   2.9602051e+01
   1.2047340e+06   1.8615723e+01
   1.2047500e+06   2.7709961e+01
   1.2048000e+06   1.8859863e+01
   1.2048160e+06   2.0080566e+01
   1.2048780e+06   2.2827148e+01
   1.2049240e+06   2.7465820e+01
   1.2049800e+06   2.0446777e+01
   1.2049970e+06   1.8249512e+01
   1.2052420e+06   2.1728516e+01
   1.2054550e+06   1.8371582e+01
   1.2057440e+06   2.2033691e+01
   1.2070430e+06   1.7517090e+01
   1.2622770e+06   1.9592285e+01
   1.2622910e+06   3.3752441e+01
   1.2623140e+06   4.0344238e+01
   1.2623260e+06   2.2399902e+01
   1.2623560e+06   3.1616211e+01
   1.2624040e+06   1.9714355e+01
   1.2624320e+06   3.6193848e+01
   1.2624750e+06   2.7099609e+01
   1.2624910e+06   2.1179199e+01
   1.2625120e+06   3.2165527e+01
   1.2625460e+06   2.1484375e+01
   1.2628340e+06   2.6245117e+01
   1.2629360e+06   1.7333984e+01
   1.2631560e+06   1.7700195e+01
   1.2632580e+06   2.2949219e+01
   1.2633020e+06   2.8259277e+01
   1.2633910e+06   2.9357910e+01
   1.2634150e+06   1.8066406e+01
   1.2634960e+06   2.7587891e+01
   1.2637240e+06   1.8676758e+01
   1.2637920e+06   1.8920898e+01
   1.2642270e+06   1.7456055e+01
   1.2642980e+06   1.8859863e+01
   1.2647610e+06   1.9897461e+01
   1.2658460e+06   2.0080566e+01
   1.2662160e+06   1.7944336e+01
   1.2662690e+06   2.0385742e+01
   1.2671580e+06   2.0996094e+01
   1.2671850e+06   2.3498535e+01
   1.2674560e+06   1.8798828e+01
   1.2677680e+06   1.9836426e+01
   1.2678000e+06   1.7333984e+01
   1.2681390e+06   1.9409180e+01
   1.2681560e+06   2.0080566e+01
   1.2681720e+06   2.5634766e+01
   1.2681950e+06   2.5451660e+01
   1.2682070e+06   2.5451660e+01
   1.2683400e+06   1.9287109e+01
   1.2689680e+06   1.8005371e+01
   1.2691210e+06   1.8981934e+01
   1.2693970e+06   2.0202637e+01
   1.2699160e+06   1.8371582e+01
   1.2699510e+06   2.5085449e+01
   1.2702500e+06   2.2766113e+01
   1.2849590e+06   1.7944336e+01
   1.2849950e+06   2.1850586e+01
   1.2850080e+06   4.1992188e+01
   1.2850320e+06   2.5451660e+01
   1.2850640e+06   4.3884277e+01
   1.2850740e+06   2.5390625e+01
   1.2851040e+06   2.1850586e+01
   1.2851230e+06   3.1677246e+01
   1.2851330e+06   2.2033691e+01
   1.2851610e+06   4.0832520e+01
   1.2852080e+06   1.8981934e+01
   1.2852210e+06   2.2949219e+01
   1.2852410e+06   2.3498535e+01
   1.2852610e+06   1.7761230e+01
   1.2852850e+06   1.8615723e+01
   1.2853280e+06   1.7944336e+01
   1.2855600e+06   1.8371582e+01
   1.2856520e+06   2.4597168e+01
   1.2856670e+06   2.1484375e+01
   1.2857910e+06   1.8981934e+01
   1.2861250e+06   1.7700195e+01
   1.2861870e+06   1.8920898e+01
   1.2866590e+06   1.8371582e+01
   1.2871160e+06   1.8676758e+01
   1.2873730e+06   2.2277832e+01
   1.2883060e+06   2.1911621e+01
   1.2901690e+06   1.8737793e+01
   1.2902570e+06   1.7395020e+01
   1.2907530e+06   2.4963379e+01
   1.2907720e+06   4.0588379e+01
   1.2908020e+06   1.9714355e+01
   1.2908170e+06   1.9165039e+01
   1.2908480e+06   2.7404785e+01
   1.2908940e+06   2.1545410e+01
   1.2909070e+06   1.7700195e+01
   1.2909500e+06   2.0263672e+01
   1.2909740e+06   2.2399902e+01
   1.2913910e+06   1.8127441e+01
   1.3637440e+06   1.9409180e+01
   1.3637580e+06   3.0639648e+01
   1.3637810e+06   1.8676758e+01
   1.3638000e+06   3.6193848e+01
   1.3638100e+06   2.9724121e+01
   1.3638310e+06   1.7761230e+01
   1.3638690e+06   2.5329590e+01
   1.3639140e+06   1.8554688e+01
   1.3639560e+06   2.0019531e+01
   1.3639790e+06   2.2583008e+01
   1.3640730e+06   1.7395020e+01
   1.3641630e+06   2.0690918e+01
   1.3642170e+06   1.9714355e+01
   1.3643270e+06   2.1057129e+01
   1.3643910e+06   2.3925781e+01
   1.3882030e+06   2.5085449e+01
   1.3882270e+06   2.4108887e+01
   1.3882420e+06   1.9531250e+01
   1.3882590e+06   2.3803711e+01
   1.3882870e+06   2.7648926e+01
   1.3883000e+06   3.3325195e+01
   1.3883280e+06   2.2583008e+01
   1.3883660e+06   2.8259277e+01
   1.3883870e+06   2.3620605e+01
   1.3884920e+06   2.2033691e+01
   1.3885380e+06   1.8615723e+01
   1.3887250e+06   1.7395020e+01
   1.3887490e+06   1.8188477e+01
   1.3887950e+06   1.8005371e+01
   1.3892550e+06   2.1118164e+01
   1.3893690e+06   1.8005371e+01
   1.4166380e+06   2.0080566e+01
   1.4167350e+06   2.2827148e+01
   1.4167680e+06   2.5146484e+01
   1.4167860e+06   2.0141602e+01
   1.4168360e+06   2.0996094e+01
   1.4168610e+06   1.7456055e+01
   1.4170300e+06   2.6184082e+01
   1.4172240e+06   2.1972656e+01
   1.4172710e+06   1.8127441e+01
   1.4176340e+06   2.3193359e+01
   1.4460500e+06   1.7944336e+01
   1.4460850e+06   1.7578125e+01
   1.4461090e+06   1.7700195e+01
   1.4461620e+06   1.8554688e+01
   1.4462040e+06   2.4780273e+01
   1.4463560e+06   1.8798828e+01
   1.4465270e+06   1.9714355e+01
   1.4465570e+06   1.7700195e+01
   1.4467780e+06   2.0080566e+01
   1.4468380e+06   2.2827148e+01
   1.4638480e+06   2.5207520e+01
   1.4639330e+06   1.7883301e+01
   1.4639710e+06   1.7517090e+01
   1.4639940e+06   1.8859863e+01
   1.4640780e+06   1.8127441e+01
   1.4641990e+06   2.1728516e+01
   1.4647060e+06   1.7333984e+01
   1.4728330e+06   1.9958496e+01
   1.4729020e+06   1.7456055e+01
   1.4729140e+06   2.2155762e+01
   1.4730770e+06   1.9653320e+01
   1.4733550e+06   2.0263672e+01
   1.4949510e+06   1.9714355e+01
   1.4951030e+06   1.8981934e+01
   1.4951310e+06   1.8920898e+01
   1.4952320e+06   2.2766113e+01
   1.5165220e+06   1.9226074e+01
   1.5170800e+06   1.7456055e+01
   1.5283560e+06   1.8066406e+01
   1.5285940e+06   2.0751953e+01
   1.5595120e+06   1.8371582e+01
   1.5928740e+06   1.9409180e+01
   1.5932910e+06   2.6550293e+01
   1.6287870e+06   1.8310547e+01
   1.6296210e+06   1.8981934e+01
   1.6307540e+06   1.7456055e+01
   1.6315510e+06   2.1789551e+01
   1.6316280e+06   1.7517090e+01
   1.6588970e+06   1.9287109e+01
   1.6590340e+06   1.8005371e+01
   1.6591070e+06   1.8920898e+01
   1.6792060e+06   2.8747559e+01
   1.6918900e+06   1.8676758e+01
   1.6985300e+06   2.0385742e+01
   1.7037150e+06   2.3864746e+01
   1.7037590e+06   1.8310547e+01
   1.7608620e+06   1.9287109e+01
   1.7644430e+06   1.9714355e+01
   1.7647820e+06   2.0141602e+01
   1.7648390e+06   1.8493652e+01
   1.7649340e+06   2.2216797e+01
   1.7661430e+06   1.8188477e+01
   1.7706150e+06   1.9897461e+01
   1.7836560e+06   1.7761230e+01
   1.7836830e+06   1.9592285e+01
   1.7837180e+06   2.7282715e+01
   1.7900000e+06   1.9531250e+01
   1.7909700e+06   1.8432617e+01
   1.8255270e+06   1.8615723e+01
   1.8264350e+06   1.9836426e+01
   1.8337580e+06   1.8859863e+01
   1.8339600e+06   2.3376465e+01
   1.8379900e+06   1.8310547e+01
   1.8417050e+06   2.0385742e+01
   1.8441790e+06   1.7822266e+01
   1.8442910e+06   1.8493652e+01
   1.8450670e+06   1.7456055e+01
   1.8772480e+06   1.7761230e+01
   1.8808170e+06   1.8737793e+01
   1.8823050e+06   2.2094727e+01
   1.8852890e+06   1.7822266e+01
   1.8923500e+06   1.8615723e+01
   1.8965110e+06   1.7333984e+01
   1.9007580e+06   1.8981934e+01
   1.9133220e+06   1.9042969e+01
   1.9274540e+06   1.8859863e+01
   1.9410530e+06   1.8859863e+01
   1.9410790e+06   2.2888184e+01
   1.9413050e+06   1.9042969e+01
   1.9415930e+06   1.8249512e+01
   1.9417440e+06   1.8127441e+01
   1.9608720e+06   1.8676758e+01
   1.9673670e+06   1.7761230e+01
   1.9732600e+06   1.8188477e+01
   1.9751560e+06   1.8676758e+01
   1.9785900e+06   2.0263672e+01
   1.9887770e+06   1.7700195e+01
   1.9928720e+06   1.7333984e+01
   2.0109770e+06   1.8493652e+01
   2.0189850e+06   1.7333984e+01
   2.0254410e+06   2.2094727e+01
   2.0284330e+06   1.9836426e+01
   2.0364560e+06   2.0935059e+01
   2.0365610e+06   1.9775391e+01
   2.0371230e+06   1.7944336e+01
   2.0615410e+06   1.8310547e+01
   2.0676830e+06   1.8676758e+01
   2.0698200e+06   1.7883301e+01
   2.0757490e+06   1.7395020e+01
   2.0760990e+06   1.8310547e+01
   2.0851760e+06   1.7395020e+01
   2.0895790e+06   2.0935059e+01
   2.0907270e+06   2.1484375e+01
   2.0944130e+06   1.8615723e+01
   2.1007530e+06   1.7639160e+01
   2.1046520e+06   1.8066406e+01
   2.1047190e+06   2.1301270e+01
   2.1047660e+06   1.9470215e+01
   2.1048100e+06   1.9836426e+01
   2.1048460e+06   2.0080566e+01
   2.1232370e+06   1.8310547e+01
   2.1273180e+06   1.8798828e+01
   2.1311320e+06   1.7517090e+01
   2.1380190e+06   1.8615723e+01
   2.1399350e+06   1.7578125e+01
   2.1410580e+06   1.9348145e+01
   2.1419830e+06   2.0812988e+01
   2.1431290e+06   2.0874023e+01
   2.1460220e+06   1.8066406e+01
   2.1496660e+06   1.9958496e+01
   2.1546490e+06   1.9226074e+01
   2.1644870e+06   1.9958496e+01
   2.1717790e+06   1.7578125e+01
   2.1729490e+06   1.8432617e+01
   2.1770820e+06   1.8249512e+01
   2.1921750e+06   1.9470215e+01
   2.1941890e+06   1.8432617e+01
   2.2006320e+06   1.8127441e+01
   2.2016220e+06   2.9479980e+01
   2.2016820e+06   2.0446777e+01
   2.2125500e+06   1.7456055e+01
   2.2143580e+06   2.0629883e+01
   2.2192110e+06   1.7578125e+01
   2.2318780e+06   1.8066406e+01
   2.2340590e+06   1.8554688e+01
   2.2367690e+06   1.7517090e+01
   2.2509660e+06   1.9348145e+01
   2.2552170e+06   1.7883301e+01
   2.2595200e+06   2.0874023e+01
   2.2599690e+06   2.0385742e+01
   2.2606880e+06   1.7639160e+01
   2.2631600e+06   2.1301270e+01
   2.2643170e+06   1.8798828e+01
   2.2656060e+06   1.7639160e+01
   2.2734510e+06   1.9531250e+01
   2.2743590e+06   1.8493652e+01
   2.2840610e+06   1.7700195e+01
   2.2860980e+06   1.7639160e+01
   2.3006350e+06   1.7944336e+01
   2.3014980e+06   1.8432617e+01
   2.3032550e+06   1.7456055e+01
   2.3035690e+06   1.7333984e+01
   2.3064670e+06   1.9470215e+01
   2.3079640e+06   1.8310547e+01
   2.3084600e+06   1.7944336e+01
   2.3163380e+06   1.8127441e+01
   2.3227940e+06   1.8554688e+01
   2.3349660e+06   1.7639160e+01
   2.3421320e+06   1.8005371e+01
   2.3533930e+06   1.8432617e+01
   2.3679330e+06   1.9287109e+01
   2.3772860e+06   1.8432617e+01
   2.3989740e+06   1.7395020e+01
   2.4023490e+06   1.9653320e+01
   2.4026020e+06   1.7517090e+01
   2.4053280e+06   1.7761230e+01
   2.4137570e+06   2.1057129e+01
   2.4153700e+06   1.9287109e+01
   2.4213620e+06   2.0935059e+01
   2.4223300e+06   1.7517090e+01
   2.4230720e+06   1.9714355e+01
   2.4234070e+06   1.7395020e+01
   2.4308470e+06   1.7395020e+01
   2.4317490e+06   1.8737793e+01
   2.4321200e+06   2.0629883e+01
   2.4330440e+06   2.3010254e+01
   2.4350830e+06   2.4963379e+01
   2.4363690e+06   1.8127441e+01
   2.4400640e+06   1.9714355e+01
   2.4493650e+06   1.8737793e+01
   2.4556070e+06   1.8371582e+01
   2.4575200e+06   1.8005371e+01
   2.4649680e+06   1.9653320e+01
   2.4720680e+06   1.7761230e+01
   2.4731860e+06   1.9592285e+01
   2.4741340e+06   2.1362305e+01
   2.4801260e+06   1.9409180e+01
   2.4827450e+06   1.8737793e+01
   2.4902180e+06   1.7761230e+01
   2.4943190e+06   1.8493652e+01
   2.5008620e+06   1.8432617e+01
   2.5057500e+06   2.2644043e+01
   2.5086190e+06   2.0019531e+01
   2.5086470e+06   2.0019531e+01
   2.5086740e+06   1.9897461e+01
   2.5088820e+06   1.8066406e+01
   2.5161370e+06   1.8981934e+01
   2.5223570e+06   2.2155762e+01
   2.5347860e+06   2.3193359e+01
   2.5348080e+06   2.8503418e+01
   2.5348230e+06   2.4353027e+01
   2.5350660e+06   2.0568848e+01
   2.5353730e+06   2.2460938e+01
   2.5356910e+06   1.9287109e+01
   2.5357730e+06   1.8798828e+01
   2.5358910e+06   1.9531250e+01
   2.5396720e+06   1.9531250e+01
   2.5406140e+06   2.1728516e+01
   2.5500120e+06   2.1423340e+01
   2.5585050e+06   2.4719238e+01
   2.5585340e+06   1.9042969e+01
   2.5585740e+06   1.8676758e+01
   2.5826460e+06   1.7395020e+01
   2.5970200e+06   1.7761230e+01
   2.6064220e+06   2.0690918e+01
   2.6073650e+06   1.8859863e+01
   2.6082500e+06   1.8432617e+01
   2.6084600e+06   1.9592285e+01
   2.6090220e+06   1.7333984e+01
   2.6202260e+06   1.8493652e+01
   2.6237120e+06   1.7639160e+01
   2.6237650e+06   2.0629883e+01
   2.6237820e+06   1.9897461e+01
   2.6238680e+06   1.7822266e+01
   2.6248550e+06   1.7456055e+01
   2.6268260e+06   1.8493652e+01
   2.6280810e+06   1.8432617e+01
   2.6518210e+06   1.9897461e+01
   2.6523830e+06   1.7639160e+01
   2.6556270e+06   1.9836426e+01
   2.6566210e+06   1.8310547e+01
   2.6605240e+06   1.8310547e+01
   2.6609300e+06   2.0629883e+01
   2.6757390e+06   1.9958496e+01
   2.6798960e+06   1.8859863e+01
   2.6862230e+06   1.8310547e+01
   2.6871360e+06   1.7639160e+01
   2.6892270e+06   1.8432617e+01
   2.6956640e+06   1.7944336e+01
   2.6991960e+06   1.8859863e+01
   2.7048210e+06   1.9531250e+01
   2.7091150e+06   1.9958496e+01
   2.7117320e+06   1.7944336e+01
   2.7120200e+06   2.0141602e+01
   2.7127290e+06   2.0263672e+01
   2.7147100e+06   1.9104004e+01
   2.7157900e+06   1.7333984e+01
   2.7168190e+06   1.8737793e+01
   2.7210350e+06   1.9348145e+01
   2.7210940e+06   1.8371582e+01
   2.7218860e+06   1.7456055e+01
   2.7223990e+06   2.0446777e+01
   2.7224890e+06   1.8371582e+01
   2.7225010e+06   1.8737793e+01
   2.7358410e+06   1.7395020e+01
   2.7392220e+06   1.7883301e+01
   2.7410190e+06   2.1179199e+01
   2.7433070e+06   1.9165039e+01
   2.7471030e+06   1.9836426e+01
   2.7546730e+06   1.7761230e+01
   2.7548850e+06   1.9592285e+01
   2.7584040e+06   1.9042969e+01
   2.7698750e+06   1.7395020e+01
   2.7708770e+06   1.8005371e+01
   2.7821410e+06   1.7700195e+01
   2.7862620e+06   2.4475098e+01
   2.7862830e+06   2.4902344e+01
   2.7863090e+06   3.3813477e+01
   2.7942910e+06   1.9714355e+01
   2.7990790e+06   1.8371582e+01
   2.8067620e+06   1.9165039e+01
   2.8108100e+06   2.4780273e+01
   2.8134860e+06   1.8554688e+01
   2.8299220e+06   1.7883301e+01
   2.8306560e+06   1.9104004e+01
   2.8306780e+06   1.7578125e+01
   2.8467140e+06   1.9897461e+01
   2.8476320e+06   1.8554688e+01
   2.8599080e+06   1.8676758e+01
   2.8633640e+06   1.9042969e+01
   2.8642030e+06   2.0324707e+01
   2.8642330e+06   1.7822266e+01
   2.8642540e+06   1.7456055e+01
   2.8726900e+06   2.1911621e+01
   2.8797090e+06   1.7578125e+01
   2.8844310e+06   1.8310547e+01
   2.8911100e+06   1.8066406e+01
   2.8915210e+06   1.7456055e+01
   2.8969270e+06   1.8066406e+01
   2.8984860e+06   1.8310547e+01
   2.9048720e+06   1.8127441e+01
   2.9069390e+06   1.7578125e+01
   2.9088560e+06   1.7333984e+01
   2.9098590e+06   1.7822266e+01
   2.9159450e+06   1.8249512e+01
   2.9227690e+06   1.9165039e+01
   2.9242760e+06   2.0996094e+01
   2.9260620e+06   1.7883301e+01
   2.9261040e+06   2.5207520e+01
   2.9261300e+06   2.0019531e+01
   2.9261810e+06   1.9958496e+01
   2.9385880e+06   1.9958496e+01
   2.9446050e+06   1.7395020e+01
   2.9487170e+06   1.8310547e+01
   2.9487500e+06   2.6611328e+01
   2.9487730e+06   1.9348145e+01
   2.9487950e+06   1.7395020e+01
   2.9710360e+06   2.0080566e+01
   2.9710590e+06   2.1362305e+01
   2.9714070e+06   2.4047852e+01
   2.9714550e+06   1.7395020e+01
   2.9736650e+06   1.7456055e+01
   2.9759400e+06   1.9836426e+01
   2.9770560e+06   1.8005371e+01
   2.9787520e+06   2.1545410e+01
   2.9794200e+06   2.0874023e+01
   2.9837380e+06   1.8615723e+01
   2.9892670e+06   1.9287109e+01
   2.9896780e+06   1.9531250e+01
   2.9919260e+06   1.9836426e+01
   2.9929570e+06   1.9714355e+01
   2.9974370e+06   2.1789551e+01
   3.0013920e+06   1.9470215e+01
   3.0018270e+06   1.7517090e+01
   3.0033100e+06   1.7639160e+01
   3.0038130e+06   1.8005371e+01
   3.0099310e+06   1.7822266e+01
   3.0158720e+06   1.9409180e+01
   3.0160190e+06   2.0019531e+01
   3.0181380e+06   1.9592285e+01
   3.0207600e+06   1.7578125e+01
   3.0211490e+06   1.9165039e+01
   3.0215500e+06   2.1667480e+01
   3.0218150e+06   1.7761230e+01
   3.0218800e+06   2.3986816e+01
   3.0322380e+06   1.9226074e+01
   3.0346450e+06   1.9897461e+01
   3.0347220e+06   2.2216797e+01
   3.0441860e+06   2.0935059e+01
   3.0446310e+06   1.7639160e+01
   3.0533810e+06   1.9104004e+01
   3.0547870e+06   1.7944336e+01
   3.0584310e+06   1.7761230e+01
   3.0588040e+06   1.7822266e+01
   3.0590510e+06   1.9470215e+01
   3.0659300e+06   1.8005371e+01
   3.0669160e+06   1.8249512e+01
   3.0669880e+06   1.8066406e+01
   3.0724730e+06   2.2277832e+01
   3.0726820e+06   1.7517090e+01
   3.0783710e+06   1.8615723e+01
   3.0787500e+06   1.7883301e+01
   3.0876940e+06   1.9348145e+01
   3.0877570e+06   1.8981934e+01
   3.0895120e+06   2.3376465e+01
   3.0896220e+06   1.9104004e+01
   3.0897840e+06   1.9042969e+01
   3.0913440e+06   1.8249512e+01
   3.0917300e+06   1.7944336e+01
   3.0917840e+06   1.9531250e+01
   3.0987170e+06   1.7761230e+01
   3.1008880e+06   1.9531250e+01
   3.1011260e+06   1.8493652e+01
   3.1036920e+06   1.7517090e+01
   3.1054240e+06   2.7343750e+01
   3.1054500e+06   1.7822266e+01
   3.1148400e+06   1.8859863e+01
   3.1151640e+06   1.8432617e+01
   3.1284530e+06   2.1362305e+01
   3.1291590e+06   1.8005371e+01
   3.1362990e+06   1.7639160e+01
   3.1399640e+06   1.7578125e+01
   3.1404940e+06   1.9104004e+01
   3.1456520e+06   1.8981934e+01
   3.1554880e+06   1.9714355e+01
   3.1570470e+06   1.8249512e+01
   3.1586560e+06   1.9226074e+01
   3.1639220e+06   1.8005371e+01
   3.1740590e+06   1.8615723e+01
   3.1779530e+06   1.8188477e+01
   3.1812920e+06   2.5756836e+01
   3.1878560e+06   1.8798828e+01
   3.1917790e+06   2.2949219e+01
   3.1918400e+06   1.9104004e+01
   3.2066370e+06   1.8310547e+01
   3.2074080e+06   1.8859863e+01
   3.2093620e+06   2.0751953e+01
   3.2178060e+06   1.8249512e+01
   3.2182840e+06   1.9897461e+01
   3.2194200e+06   1.7700195e+01
   3.2260530e+06   1.8554688e+01
   3.2267890e+06   1.7639160e+01
   3.2271240e+06   1.8005371e+01
   3.2284940e+06   1.8920898e+01
   3.2288080e+06   1.9226074e+01
   3.2291160e+06   1.7395020e+01
   3.2340280e+06   1.7761230e+01
   3.2342280e+06   1.7395020e+01
   3.2398180e+06   2.1728516e+01
   3.2416860e+06   1.7395020e+01
   3.2471990e+06   1.9958496e+01
   3.2500920e+06   1.7944336e+01
   3.2539950e+06   2.0690918e+01
   3.2546050e+06   2.3681641e+01
   3.2547580e+06   1.7456055e+01
   3.2576540e+06   2.0385742e+01
   3.2578030e+06   1.9165039e+01
   3.2590630e+06   1.8493652e+01
   3.2592220e+06   1.9409180e+01
   3.2810910e+06   2.5024414e+01
   3.2847200e+06   1.9531250e+01
   3.2892580e+06   1.8371582e+01
   3.2904930e+06   2.0141602e+01
   3.2905770e+06   2.7587891e+01
   3.2942070e+06   1.8554688e+01
   3.2942920e+06   1.7761230e+01
   3.2966540e+06   1.8615723e+01
   3.2968520e+06   1.9165039e+01
   3.2969340e+06   1.8066406e+01
   3.2973030e+06   1.7395020e+01
   3.2973970e+06   2.0690918e+01
   3.2997130e+06   1.8493652e+01
   3.3050430e+06   1.9409180e+01
   3.3054860e+06   1.8249512e+01
   3.3066280e+06   1.7639160e+01
   3.3088310e+06   1.8127441e+01
   3.3100180e+06   1.9409180e+01
   3.3100520e+06   2.5756836e+01
   3.3110060e+06   2.0019531e+01
   3.3135480e+06   1.8554688e+01
   3.3148880e+06   2.0202637e+01
   3.3149580e+06   1.8859863e+01
   3.3165870e+06   1.7639160e+01
   3.3283010e+06   1.7517090e+01
   3.3316760e+06   1.8249512e+01
   3.3318340e+06   1.8493652e+01
   3.3321060e+06   1.8493652e+01
   3.3336420e+06   2.1362305e+01
   3.3395970e+06   1.7761230e+01
   3.3396770e+06   2.1057129e+01
   3.3520800e+06   1.8737793e+01
   3.3528390e+06   2.2033691e+01
   3.3528610e+06   3.9794922e+01
   3.3536320e+06   2.0324707e+01
   3.3564380e+06   2.0629883e+01
   3.3609360e+06   1.8066406e+01
   3.3611440e+06   1.9897461e+01
   3.3652530e+06   1.9897461e+01
   3.3731190e+06   2.0629883e+01
   3.3733800e+06   2.3132324e+01
   3.3738650e+06   2.0874023e+01
   3.3751100e+06   1.8981934e+01
   3.3766340e+06   2.1179199e+01
   3.3800910e+06   1.8432617e+01
   3.3804320e+06   1.7333984e+01
   3.3818200e+06   1.9592285e+01
   3.3823460e+06   2.2338867e+01
   3.3823850e+06   1.8371582e+01
   3.3860350e+06   1.8310547e+01
   3.3860550e+06   1.7761230e+01
   3.3861140e+06   1.8371582e+01
   3.3886610e+06   1.7822266e+01
   3.3887030e+06   1.7944336e+01
   3.3955620e+06   2.5207520e+01
   3.3994260e+06   1.8310547e+01
   3.3998170e+06   2.0263672e+01
   3.4023930e+06   1.7700195e+01
   3.4064010e+06   1.8005371e+01
   3.4066330e+06   1.8249512e+01
   3.4066950e+06   2.0812988e+01
   3.4070320e+06   2.4475098e+01
   3.4122550e+06   1.7456055e+01
   3.4135000e+06   2.1606445e+01
   3.4183110e+06   2.1057129e+01
   3.4245880e+06   2.1057129e+01
   3.4295630e+06   1.7517090e+01
   3.4375040e+06   1.7517090e+01
   3.4408560e+06   1.7333984e+01
   3.4498920e+06   1.9775391e+01
   3.4502830e+06   1.8981934e+01
   3.4526940e+06   1.7578125e+01
   3.4530730e+06   1.8798828e+01
   3.4601090e+06   2.1240234e+01
   3.4604680e+06   1.7883301e+01
   3.4618380e+06   1.7517090e+01
   3.4649740e+06   2.2583008e+01
   3.4712360e+06   1.7822266e+01
   3.4751280e+06   1.7639160e+01
   3.4785230e+06   2.0263672e+01
   3.4816760e+06   1.9165039e+01
   3.4816860e+06   1.8432617e+01
   3.4817200e+06   1.8859863e+01
   3.4818300e+06   1.9775391e+01
   3.4894740e+06   2.0019531e+01
   3.4896350e+06   1.9653320e+01
   3.5022920e+06   1.9958496e+01
   3.5029940e+06   1.7944336e+01
   3.5057630e+06   1.7639160e+01
   3.5072650e+06   2.3071289e+01
   3.5072780e+06   1.7944336e+01
   3.5073040e+06   2.4414062e+01
   3.5148760e+06   1.8310547e+01
   3.5153600e+06   2.0019531e+01
   3.5158430e+06   1.8310547e+01
   3.5189030e+06   1.8859863e+01
   3.5192780e+06   1.7578125e+01
   3.5194910e+06   2.0935059e+01
   3.5197550e+06   1.7578125e+01
   3.5235990e+06   2.4230957e+01
   3.5315480e+06   2.2094727e+01
   3.5317190e+06   1.8188477e+01
   3.5327830e+06   1.9042969e+01
   3.5328410e+06   2.0812988e+01
   3.5393560e+06   1.7761230e+01
   3.5394940e+06   1.9836426e+01
   3.5404250e+06   1.8920898e+01
   3.5404760e+06   1.8066406e+01
   3.5404900e+06   1.8798828e+01
   3.5405620e+06   1.8737793e+01
   3.5406480e+06   1.7822266e+01
   3.5454770e+06   1.8188477e+01
   3.5455070e+06   1.8615723e+01
   3.5468610e+06   2.2155762e+01
   3.5468790e+06   2.5512695e+01
   3.5468990e+06   4.1320801e+01
   3.5469250e+06   2.5146484e+01
   3.5469350e+06   1.8676758e+01
   3.5470090e+06   2.0141602e+01
   3.5471670e+06   1.7578125e+01
   3.5473250e+06   1.9226074e+01
   3.5567630e+06   1.8615723e+01
   3.5571230e+06   1.7944336e+01
   3.5615390e+06   1.7456055e+01
   3.5635150e+06   1.9348145e+01
   3.5635870e+06   1.8493652e+01
   3.5640160e+06   1.8249512e+01
   3.5648340e+06   1.7333984e+01
   3.5649730e+06   1.8737793e+01
   3.5663600e+06   1.9653320e+01
   3.5664030e+06   1.9348145e+01
   3.5664700e+06   2.2033691e+01
   3.5732170e+06   1.7517090e+01
   3.5753150e+06   3.0029297e+01
   3.5756530e+06   1.8127441e+01
   3.5768830e+06   1.8859863e+01
   3.5830640e+06   1.9897461e+01
   3.5831510e+06   2.3437500e+01
   3.5831690e+06   2.2399902e+01
   3.5832570e+06   2.0874023e+01
   3.5835650e+06   1.9775391e+01
   3.5837870e+06   1.9531250e+01
   3.5838740e+06   2.0690918e+01
   3.5973000e+06   1.7395020e+01
   3.5987330e+06   1.7822266e+01
   3.5999040e+06   2.4536133e+01
   3.5999610e+06   1.8005371e+01
   3.6066310e+06   1.7333984e+01
   3.6199670e+06   1.7395020e+01
   3.6200020e+06   2.2583008e+01
   3.6200690e+06   2.2888184e+01
   3.6339060e+06   2.2094727e+01
   3.6341340e+06   1.8066406e+01
   3.6342150e+06   2.2949219e+01
   3.6349820e+06   1.9958496e+01
   3.6433610e+06   2.8259277e+01
   3.6433710e+06   2.3193359e+01
   3.6437530e+06   1.9042969e+01
   3.6525280e+06   1.9042969e+01
   3.6525850e+06   1.9592285e+01
   3.6578630e+06   1.9958496e+01
   3.6579870e+06   1.7700195e+01
   3.6580400e+06   1.7883301e+01
   3.6608300e+06   2.4108887e+01
   3.6664610e+06   2.5878906e+01
   3.6664880e+06   3.0151367e+01
   3.6665290e+06   2.1301270e+01
   3.6665490e+06   1.7761230e+01
   3.6665740e+06   1.7456055e+01
   3.6668440e+06   1.8859863e+01
   3.6765400e+06   1.9836426e+01
   3.6766710e+06   1.7944336e+01
   3.6833740e+06   2.0263672e+01
   3.6846630e+06   1.9104004e+01
   3.6848660e+06   1.7944336e+01
   3.6876280e+06   1.7883301e+01
   3.6886330e+06   1.8920898e+01
   3.6888760e+06   2.0690918e+01
   3.6896890e+06   1.9348145e+01
   3.6901560e+06   2.5207520e+01
   3.6901760e+06   1.9042969e+01
   3.6901870e+06   2.4414062e+01
   3.6902250e+06   2.0446777e+01
   3.6904870e+06   1.7883301e+01
   3.6907070e+06   2.0935059e+01
   3.6907920e+06   1.9104004e+01
   3.6988550e+06   1.9897461e+01
   3.7032400e+06   2.0080566e+01
   3.7032860e+06   1.8310547e+01
   3.7033250e+06   1.8859863e+01
   3.7068080e+06   1.8310547e+01
   3.7068560e+06   1.8920898e+01
   3.7116970e+06   1.7333984e+01
   3.7120930e+06   1.7822266e+01
   3.7133950e+06   2.0568848e+01
   3.7134400e+06   2.0629883e+01
   3.7134830e+06   1.8371582e+01
   3.7136520e+06   2.0812988e+01
   3.7138130e+06   1.7822266e+01
   3.7138920e+06   2.1545410e+01
   3.7141570e+06   2.1972656e+01
   3.7260940e+06   1.8676758e+01
   3.7262700e+06   2.0019531e+01
   3.7267580e+06   1.8737793e+01
   3.7277540e+06   1.8310547e+01
   3.7306030e+06   2.5390625e+01
   3.7306480e+06   1.8005371e+01
   3.7306630e+06   2.9235840e+01
   3.7306800e+06   2.3132324e+01
   3.7307110e+06   1.8676758e+01
   3.7307260e+06   1.8066406e+01
   3.7309630e+06   2.0812988e+01
   3.7311310e+06   1.9836426e+01
   3.7454710e+06   1.9287109e+01
   3.7456530e+06   2.3132324e+01
   3.7456880e+06   2.3071289e+01
   3.7457270e+06   1.8859863e+01
   3.7460390e+06   1.9348145e+01
   3.7567970e+06   1.8981934e+01
   3.7580700e+06   2.6977539e+01
   3.7580830e+06   4.5959473e+01
   3.7580970e+06   3.9184570e+01
   3.7581200e+06   2.3315430e+01
   3.7581410e+06   1.8737793e+01
   3.7581550e+06   2.2460938e+01
   3.7581770e+06   3.4362793e+01
   3.7582140e+06   3.1311035e+01
   3.7582660e+06   2.2827148e+01
   3.7583040e+06   2.7343750e+01
   3.7586440e+06   2.2399902e+01
   3.7710700e+06   1.7883301e+01
   3.7714620e+06   1.8798828e+01
   3.7721780e+06   2.1911621e+01
   3.7722160e+06   2.4047852e+01
   3.7722550e+06   1.8615723e+01
   3.7722750e+06   2.2338867e+01
   3.7725390e+06   1.8859863e+01
   3.7730270e+06   2.0629883e+01
   3.7795070e+06   1.8676758e+01
   3.7831560e+06   2.1423340e+01
   3.7832780e+06   1.8310547e+01
   3.7849100e+06   1.9470215e+01
   3.7849440e+06   2.1484375e+01
   3.7849750e+06   1.8859863e+01
   3.7849980e+06   2.6977539e+01
   3.7850250e+06   2.0202637e+01
   3.7850510e+06   1.8615723e+01
   3.7850970e+06   1.9165039e+01
   3.7851360e+06   1.7517090e+01
   3.7854170e+06   1.8554688e+01
   3.7857910e+06   2.1667480e+01
   3.7982580e+06   1.9531250e+01
   3.7982840e+06   2.3315430e+01
   3.7983180e+06   2.0019531e+01
   3.7983530e+06   2.3132324e+01
   3.7983820e+06   4.0832520e+01
   3.7984040e+06   1.9470215e+01
   3.7984320e+06   2.9785156e+01
   3.7984430e+06   2.0202637e+01
   3.7985310e+06   3.2165527e+01
   3.7986900e+06   2.3559570e+01
   3.7990060e+06   1.7822266e+01
   3.8098830e+06   1.8493652e+01
   3.8099750e+06   2.7893066e+01
   3.8100350e+06   1.8737793e+01
   3.8100520e+06   2.6611328e+01
   3.8100790e+06   2.3315430e+01
   3.8100960e+06   2.4658203e+01
   3.8101190e+06   3.5278320e+01
   3.8101420e+06   2.6428223e+01
   3.8101650e+06   4.1198730e+01
   3.8101830e+06   2.4169922e+01
   3.8102050e+06   2.1484375e+01
   3.8102670e+06   3.9489746e+01
   3.8103900e+06   2.2338867e+01
   3.8106620e+06   2.0385742e+01
   3.8111580e+06   1.7395020e+01
   3.8148750e+06   1.8737793e+01
   3.8167130e+06   1.8188477e+01
   3.8167500e+06   2.2583008e+01
   3.8169140e+06   1.8615723e+01
   3.8177210e+06   1.8127441e+01
   3.8201710e+06   1.9287109e+01
   3.8202110e+06   2.2888184e+01
   3.8235140e+06   1.8615723e+01
   3.8236090e+06   3.1188965e+01
   3.8236820e+06   1.9409180e+01
   3.8237690e+06   2.0080566e+01
   3.8239250e+06   2.1057129e+01
   3.8239350e+06   1.7333984e+01
   3.8241880e+06   2.0080566e+01
   3.8243050e+06   1.7822266e+01
   3.8278040e+06   1.8432617e+01
   3.8278340e+06   1.7456055e+01
   3.8278840e+06   2.2338867e+01
   3.8279180e+06   1.7517090e+01
   3.8279840e+06   1.9531250e+01
   3.8280040e+06   1.8127441e+01
   3.8280270e+06   1.7639160e+01
   3.8281260e+06   1.7578125e+01
   3.8282480e+06   2.1545410e+01
   3.8283240e+06   2.1423340e+01
   3.8322260e+06   1.8066406e+01
   3.8323010e+06   2.1606445e+01
   3.8323150e+06   1.7517090e+01
   3.8323650e+06   3.2409668e+01
   3.8323870e+06   1.9470215e+01
   3.8324030e+06   1.8737793e+01
   3.8324160e+06   1.9714355e+01
   3.8324380e+06   2.3132324e+01
   3.8324670e+06   2.5756836e+01
   3.8324930e+06   2.2155762e+01
   3.8325090e+06   2.7038574e+01
   3.8325320e+06   3.0517578e+01
   3.8325470e+06   2.1484375e+01
   3.8326250e+06   2.3620605e+01
   3.8327990e+06   1.8676758e+01
   3.8373130e+06   1.8432617e+01
   3.8374430e+06   1.7883301e+01
   3.8394200e+06   1.8432617e+01
   3.8412480e+06   1.8859863e+01
   3.8413280e+06   2.2399902e+01
   3.8413690e+06   3.0090332e+01
   3.8441640e+06   1.7822266e+01
   3.8442380e+06   1.9470215e+01
   3.8442860e+06   1.7761230e+01
   3.8443020e+06   2.7709961e+01
   3.8446570e+06   2.3681641e+01
   3.8473420e+06   2.1728516e+01
   3.8473850e+06   1.8188477e+01
   3.8474080e+06   2.2949219e+01
   3.8474480e+06   1.9531250e+01
   3.8474700e+06   2.0629883e+01
   3.8474860e+06   2.3010254e+01
   3.8475020e+06   1.8615723e+01
   3.8475370e+06   1.8737793e+01
   3.8475640e+06   1.8798828e+01
   3.8476340e+06   2.0202637e+01
   3.8477340e+06   1.8981934e+01
   3.8479040e+06   2.3681641e+01
   3.8502170e+06   1.7395020e+01
   3.8502950e+06   1.7578125e+01
   3.8533000e+06   2.3742676e+01
   3.8533170e+06   2.6550293e+01
   3.8533290e+06   2.5878906e+01
   3.8533680e+06   3.4851074e+01
   3.8534090e+06   3.8452148e+01
   3.8534230e+06   3.3325195e+01
   3.8534580e+06   2.4902344e+01
   3.8534760e+06   4.2419434e+01
   3.8535010e+06   3.5949707e+01
   3.8535290e+06   2.8137207e+01
   3.8535400e+06   3.0578613e+01
   3.8535620e+06   3.7475586e+01
   3.8535850e+06   1.9836426e+01
   3.8535960e+06   2.0935059e+01
   3.8536200e+06   1.8554688e+01
   3.8606050e+06   2.0874023e+01
   3.8606470e+06   1.7333984e+01
   3.8606610e+06   1.8127441e+01
   3.8629680e+06   2.2338867e+01
   3.8630030e+06   1.7700195e+01
   3.8630830e+06   2.2460938e+01
   3.8631220e+06   1.8005371e+01
   3.8631480e+06   1.7822266e+01
   3.8631940e+06   2.1484375e+01
   3.8634060e+06   2.0324707e+01
   3.8659580e+06   2.0629883e+01
   3.8660360e+06   1.8310547e+01
   3.8660950e+06   2.3986816e+01
   3.8661390e+06   2.1728516e+01
   3.8687220e+06   2.6306152e+01
   3.8687680e+06   2.3803711e+01
   3.8687970e+06   2.7221680e+01
   3.8692850e+06   1.8737793e+01
   3.8713030e+06   2.1667480e+01
   3.8713480e+06   2.4047852e+01
   3.8714180e+06   2.0568848e+01
   3.8717010e+06   1.7456055e+01
   3.8739150e+06   1.8310547e+01
   3.8739870e+06   2.0263672e+01
   3.8740140e+06   2.8442383e+01
   3.8740300e+06   2.8686523e+01
   3.8740670e+06   2.1728516e+01
   3.8741020e+06   3.4729004e+01
   3.8741120e+06   2.0385742e+01
   3.8742600e+06   2.3010254e+01
   3.8746360e+06   2.0324707e+01
   3.8775170e+06   1.8005371e+01
   3.8776150e+06   2.1118164e+01
   3.8796370e+06   2.2949219e+01
   3.8797290e+06   2.0996094e+01
   3.8797640e+06   1.8493652e+01
   3.8797910e+06   2.2766113e+01
   3.8800350e+06   1.7883301e+01
   3.8827110e+06   2.5939941e+01
   3.8827800e+06   2.5695801e+01
   3.8828480e+06   1.7700195e+01
   3.8829060e+06   2.0385742e+01
   3.8831430e+06   1.8981934e+01
   3.8858210e+06   1.7578125e+01
   3.8859140e+06   1.7822266e+01
   3.8859320e+06   1.7517090e+01
   3.8859540e+06   2.3010254e+01
   3.8859740e+06   1.9409180e+01
   3.8859870e+06   2.1728516e+01
   3.8860080e+06   2.7954102e+01
   3.8860530e+06   1.7639160e+01
   3.8862330e+06   1.8249512e+01
   3.8892240e+06   1.7578125e+01
   3.8892680e+06   1.8493652e+01
   3.8893210e+06   1.8188477e+01
   3.8894270e+06   1.8737793e+01
   3.8894870e+06   2.0996094e+01
   3.8921050e+06   1.9653320e+01
   3.8921470e+06   2.7526855e+01
   3.8921800e+06   2.0812988e+01
   3.8922040e+06   2.1606445e+01
   3.8922150e+06   1.9958496e+01
   3.8922380e+06   2.1057129e+01
   3.8922760e+06   1.7395020e+01
   3.8922980e+06   1.8432617e+01
   3.8925320e+06   1.8188477e+01
   3.8952820e+06   2.2033691e+01
   3.8953240e+06   2.8686523e+01
   3.8953600e+06   2.6977539e+01
   3.8954630e+06   1.9348145e+01
   3.8958300e+06   1.8554688e+01
   3.8986920e+06   1.8981934e+01
   3.8987300e+06   2.1911621e+01
   3.8987440e+06   1.8798828e+01
   3.8987670e+06   1.7639160e+01
   3.8987820e+06   2.9846191e+01
   3.8987980e+06   2.8747559e+01
   3.8988080e+06   2.7648926e+01
   3.8988380e+06   2.6062012e+01
   3.8989080e+06   2.1484375e+01
   3.9025600e+06   1.7944336e+01
   3.9026220e+06   1.9653320e+01
   3.9026590e+06   1.8127441e+01
   3.9026770e+06   2.5512695e+01
   3.9027060e+06   1.9897461e+01
   3.9027190e+06   2.0507812e+01
   3.9027580e+06   2.4414062e+01
   3.9027980e+06   1.7700195e+01
   3.9031140e+06   2.0263672e+01
   3.9067410e+06   1.8310547e+01
   3.9067850e+06   2.3986816e+01
   3.9068140e+06   2.2521973e+01
   3.9068270e+06   2.0080566e+01
   3.9068620e+06   3.1921387e+01
   3.9069090e+06   2.2460938e+01
   3.9069330e+06   1.7883301e+01
   3.9069930e+06   1.7578125e+01
   3.9103180e+06   2.1240234e+01
   3.9103490e+06   2.1728516e+01
   3.9136760e+06   1.9531250e+01
   3.9137190e+06   1.8005371e+01
   3.9137380e+06   2.0874023e+01
   3.9137590e+06   2.1911621e+01
   3.9137890e+06   3.1555176e+01
   3.9138130e+06   1.9592285e+01
   3.9138360e+06   2.1911621e+01
   3.9140680e+06   1.8005371e+01
   3.9175410e+06   1.9104004e+01
   3.9175690e+06   1.9470215e+01
   3.9175860e+06   3.0151367e+01
   3.9176190e+06   2.4475098e+01
   3.9176510e+06   1.8554688e+01
   3.9176610e+06   4.1381836e+01
   3.9177760e+06   1.7822266e+01
   3.9179330e+06   2.0996094e+01
   3.9227080e+06   1.9653320e+01
   3.9227670e+06   1.8859863e+01
   3.9227930e+06   3.5278320e+01
   3.9228200e+06   3.0212402e+01
   3.9228500e+06   2.5756836e+01
   3.9228690e+06   2.1911621e+01
   3.9228800e+06   4.0344238e+01
   3.9229060e+06   2.5390625e+01
   3.9229210e+06   1.7700195e+01
   3.9229460e+06   4.1748047e+01
   3.9229630e+06   2.0690918e+01
   3.9233000e+06   1.8920898e+01
   3.9264870e+06   1.9836426e+01
   3.9290590e+06   2.1911621e+01
   3.9291440e+06   1.9348145e+01
   3.9291590e+06   1.7944336e+01
   3.9292380e+06   2.2338867e+01
   3.9293230e+06   1.7333984e+01
   3.9294800e+06   2.0019531e+01
   3.9327170e+06   2.4047852e+01
   3.9327360e+06   1.9042969e+01
   3.9327670e+06   2.1484375e+01
   3.9327880e+06   2.0324707e+01
   3.9328140e+06   2.1850586e+01
   3.9328300e+06   3.1921387e+01
   3.9328580e+06   1.9531250e+01
   3.9331400e+06   1.7456055e+01
   3.9368210e+06   2.2705078e+01
   3.9368470e+06   2.3315430e+01
   3.9368970e+06   2.4108887e+01
   3.9369120e+06   4.5898438e+01
   3.9369330e+06   1.8005371e+01
   3.9369510e+06   1.8432617e+01
   3.9369760e+06   2.0385742e+01
   3.9370030e+06   1.8798828e+01
   3.9370420e+06   1.9714355e+01
   3.9371640e+06   1.7944336e+01
   3.9407320e+06   2.1484375e+01
   3.9407620e+06   1.8371582e+01
   3.9407850e+06   2.2155762e+01
   3.9408400e+06   1.9714355e+01
   3.9408690e+06   2.1423340e+01
   3.9408810e+06   1.9714355e+01
   3.9411380e+06   2.0141602e+01
   3.9463590e+06   1.8432617e+01
   3.9463910e+06   1.7822266e+01
   3.9464090e+06   2.4414062e+01
   3.9464280e+06   2.0568848e+01
   3.9464480e+06   3.7536621e+01
   3.9464800e+06   2.5085449e+01
   3.9465030e+06   2.5939941e+01
   3.9465260e+06   2.1240234e+01
   3.9465430e+06   2.0874023e+01
   3.9465640e+06   2.0324707e+01
   3.9465770e+06   2.6794434e+01
   3.9466080e+06   1.8920898e+01
   3.9466190e+06   2.3559570e+01
   3.9468050e+06   1.9592285e+01
   3.9472380e+06   2.2705078e+01
   3.9509120e+06   1.8493652e+01
   3.9510260e+06   1.8005371e+01
   3.9534370e+06   1.7333984e+01
   3.9534510e+06   2.0385742e+01
   3.9534840e+06   2.2094727e+01
   3.9535000e+06   1.9470215e+01
   3.9535390e+06   2.4902344e+01
   3.9539240e+06   1.8493652e+01
   3.9570110e+06   1.8188477e+01
   3.9570560e+06   1.9836426e+01
   3.9570740e+06   2.4597168e+01
   3.9571070e+06   2.8442383e+01
   3.9571220e+06   1.7456055e+01
   3.9571480e+06   2.1850586e+01
   3.9572040e+06   2.4536133e+01
   3.9575870e+06   2.3986816e+01
   3.9615970e+06   2.5878906e+01
   3.9616220e+06   2.1240234e+01
   3.9616550e+06   3.6987305e+01
   3.9616660e+06   2.2827148e+01
   3.9616880e+06   1.8554688e+01
   3.9617140e+06   2.2888184e+01
   3.9617250e+06   4.5959473e+01
   3.9617740e+06   2.2705078e+01
   3.9618110e+06   1.7333984e+01
   3.9618470e+06   1.7700195e+01
   3.9657460e+06   1.8798828e+01
   3.9657970e+06   2.3193359e+01
   3.9664490e+06   1.7883301e+01
   3.9689860e+06   2.8869629e+01
   3.9690280e+06   2.4841309e+01
   3.9690470e+06   1.8676758e+01
   3.9690750e+06   1.8493652e+01
   3.9732350e+06   2.8381348e+01
   3.9732500e+06   1.7333984e+01
   3.9733110e+06   3.5705566e+01
   3.9733210e+06   2.6977539e+01
   3.9733440e+06   2.8320312e+01
   3.9733550e+06   2.6123047e+01
   3.9733770e+06   1.9287109e+01
   3.9733940e+06   2.3742676e+01
   3.9734180e+06   2.2644043e+01
   3.9735500e+06   2.1118164e+01
   3.9779190e+06   1.7822266e+01
   3.9779440e+06   2.6123047e+01
   3.9779950e+06   2.4353027e+01
   3.9780400e+06   1.8249512e+01
   3.9781020e+06   2.1972656e+01
   3.9781620e+06   1.7395020e+01
   3.9825010e+06   2.1362305e+01
   3.9825520e+06   2.9479980e+01
   3.9825630e+06   2.5817871e+01
   3.9826100e+06   1.8676758e+01
   3.9826240e+06   2.3376465e+01
   3.9826340e+06   3.8757324e+01
   3.9826580e+06   2.4475098e+01
   3.9827000e+06   2.6550293e+01
   3.9827200e+06   1.9409180e+01
   3.9827640e+06   1.7456055e+01
   3.9827890e+06   2.1423340e+01
   3.9832520e+06   1.9104004e+01
   3.9872930e+06   2.3498535e+01
   3.9873210e+06   1.7822266e+01
   3.9873870e+06   3.3081055e+01
   3.9874620e+06   3.6315918e+01
   3.9932190e+06   2.7709961e+01
   3.9932450e+06   1.8371582e+01
   3.9932550e+06   2.0751953e+01
   3.9932910e+06   2.2094727e+01
   3.9933110e+06   1.8127441e+01
   3.9933270e+06   2.1789551e+01
   3.9933630e+06   3.5339355e+01
   3.9933770e+06   2.1057129e+01
   3.9934010e+06   2.4108887e+01
   3.9934170e+06   1.9592285e+01
   3.9934540e+06   2.0141602e+01
   3.9934890e+06   2.7221680e+01
   3.9935140e+06   1.8066406e+01
   3.9937350e+06   2.0324707e+01
   3.9937890e+06   2.4047852e+01
   4.0016050e+06   2.4047852e+01
   4.0016260e+06   1.8920898e+01
   4.0016420e+06   2.2460938e+01
   4.0016790e+06   2.5939941e+01
   4.0016890e+06   2.8259277e+01
   4.0017040e+06   2.6672363e+01
   4.0017440e+06   2.4597168e+01
   4.0017670e+06   2.0996094e+01
   4.0017910e+06   1.8615723e+01
   4.0019490e+06   1.7333984e+01
   4.0063870e+06   2.1545410e+01
   4.0064320e+06   1.8432617e+01
   4.0064530e+06   1.7822266e+01
   4.0064820e+06   2.0751953e+01
   4.0065340e+06   2.1728516e+01
   4.0065550e+06   2.0263672e+01
   4.0065820e+06   2.2521973e+01
   4.0115180e+06   2.0690918e+01
   4.0115510e+06   1.9592285e+01
   4.0115860e+06   1.9042969e+01
   4.0115970e+06   3.3386230e+01
   4.0116130e+06   1.8676758e+01
   4.0116360e+06   2.7282715e+01
   4.0116690e+06   2.8015137e+01
   4.0117030e+06   1.8493652e+01
   4.0117330e+06   3.2714844e+01
   4.0117580e+06   1.9714355e+01
   4.0118420e+06   2.0629883e+01
   4.0122340e+06   1.8493652e+01
   4.0180980e+06   2.0019531e+01
   4.0181380e+06   2.0324707e+01
   4.0181530e+06   3.6193848e+01
   4.0181690e+06   2.4108887e+01
   4.0181860e+06   2.1728516e+01
   4.0182140e+06   1.7761230e+01
   4.0182420e+06   2.0446777e+01
   4.0182810e+06   2.6916504e+01
   4.0182930e+06   1.9592285e+01
   4.0183170e+06   1.9775391e+01
   4.0183580e+06   2.7343750e+01
   4.0183790e+06   2.7893066e+01
   4.0184220e+06   2.4047852e+01
   4.0184400e+06   2.1484375e+01
   4.0185790e+06   1.7944336e+01
   4.0241690e+06   2.1301270e+01
   4.0242380e+06   1.8188477e+01
   4.0242490e+06   2.0874023e+01
   4.0242870e+06   2.1301270e+01
   4.0243100e+06   1.9104004e+01
   4.0243580e+06   1.7761230e+01
   4.0246330e+06   1.8676758e+01
   4.0291060e+06   1.8188477e+01
   4.0291590e+06   2.1484375e+01
   4.0291930e+06   4.1381836e+01
   4.0292220e+06   2.3559570e+01
   4.0292330e+06   4.5593262e+01
   4.0292570e+06   2.3071289e+01
   4.0292780e+06   1.8676758e+01
   4.0292880e+06   1.8188477e+01
   4.0293110e+06   2.9968262e+01
   4.0293340e+06   2.4597168e+01
   4.0293740e+06   1.9836426e+01
   4.0293850e+06   3.2226562e+01
   4.0294710e+06   1.7700195e+01
   4.0348390e+06   1.8249512e+01
   4.0348670e+06   2.6855469e+01
   4.0348970e+06   1.9348145e+01
   4.0349310e+06   2.2827148e+01
   4.0349460e+06   2.4414062e+01
   4.0349840e+06   2.4963379e+01
   4.0349940e+06   2.3376465e+01
   4.0351260e+06   2.1362305e+01
   4.0404130e+06   3.5522461e+01
   4.0404280e+06   1.8249512e+01
   4.0404470e+06   1.8554688e+01
   4.0404750e+06   1.8798828e+01
   4.0404900e+06   2.2399902e+01
   4.0405020e+06   2.1240234e+01
   4.0405390e+06   2.4902344e+01
   4.0405590e+06   2.4230957e+01
   4.0405710e+06   2.0874023e+01
   4.0406000e+06   2.7526855e+01
   4.0406180e+06   2.4108887e+01
   4.0406690e+06   2.0446777e+01
   4.0407270e+06   1.9653320e+01
   4.0409570e+06   2.0202637e+01
   4.0469800e+06   1.8188477e+01
   4.0470150e+06   2.1179199e+01
   4.0470530e+06   3.6804199e+01
   4.0470640e+06   3.6743164e+01
   4.0471070e+06   2.2827148e+01
   4.0471450e+06   2.8686523e+01
   4.0471760e+06   1.7517090e+01
   4.0472050e+06   2.6245117e+01
   4.0472170e+06   2.3315430e+01
   4.0524310e+06   3.1188965e+01
   4.0536300e+06   1.7333984e+01
   4.0536420e+06   2.0263672e+01
   4.0536730e+06   2.0996094e+01
   4.0536970e+06   3.5949707e+01
   4.0537120e+06   1.8920898e+01
   4.0537220e+06   2.4719238e+01
   4.0537420e+06   4.0405273e+01
   4.0537830e+06   2.3254395e+01
   4.0538090e+06   2.1362305e+01
   4.0538260e+06   2.2399902e+01
   4.0538650e+06   2.0385742e+01
   4.0539080e+06   1.8737793e+01
   4.0539510e+06   1.7639160e+01
   4.0542900e+06   2.1057129e+01
   4.0574980e+06   2.1911621e+01
   4.0607630e+06   2.0568848e+01
   4.0607870e+06   1.7639160e+01
   4.0607970e+06   1.9409180e+01
   4.0608210e+06   1.9714355e+01
   4.0608550e+06   3.3325195e+01
   4.0608840e+06   2.6916504e+01
   4.0609020e+06   1.8310547e+01
   4.0609200e+06   1.8981934e+01
   4.0609420e+06   2.1057129e+01
   4.0609550e+06   1.7883301e+01
   4.0609810e+06   3.2836914e+01
   4.0610460e+06   2.4719238e+01
   4.0610590e+06   1.7456055e+01
   4.0610860e+06   2.1667480e+01
   4.0613730e+06   1.8737793e+01
   4.0695430e+06   2.4047852e+01
   4.0695560e+06   1.7822266e+01
   4.0695930e+06   1.8920898e+01
   4.0696140e+06   2.7893066e+01
   4.0696400e+06   2.6672363e+01
   4.0696620e+06   1.9714355e+01
   4.0696760e+06   2.3254395e+01
   4.0697030e+06   2.6611328e+01
   4.0697370e+06   3.0517578e+01
   4.0697580e+06   2.4536133e+01
   4.0697760e+06   1.7333984e+01
   4.0697940e+06   1.9104004e+01
   4.0698280e+06   2.2155762e+01
   4.0698740e+06   2.4597168e+01
   4.0699260e+06   2.2644043e+01
   4.0703380e+06   2.1667480e+01
   4.0773940e+06   1.7639160e+01
   4.0774350e+06   1.9042969e+01
   4.0774550e+06   2.6184082e+01
   4.0774810e+06   1.8859863e+01
   4.0775070e+06   1.7517090e+01
   4.0775270e+06   2.0446777e+01
   4.0775420e+06   1.7883301e+01
   4.0775760e+06   2.7587891e+01
   4.0775860e+06   2.1911621e+01
   4.0838590e+06   2.5329590e+01
   4.0838750e+06   2.1911621e+01
   4.0839280e+06   3.2775879e+01
   4.0839490e+06   1.9531250e+01
   4.0839600e+06   1.8737793e+01
   4.0839740e+06   1.9836426e+01
   4.0839910e+06   3.2775879e+01
   4.0840230e+06   2.7587891e+01
   4.0840510e+06   2.6428223e+01
   4.0840610e+06   2.4414062e+01
   4.0840800e+06   2.1301270e+01
   4.0840950e+06   2.2888184e+01
   4.0841250e+06   2.6489258e+01
   4.0841450e+06   1.8127441e+01
   4.0841740e+06   2.7893066e+01
   4.0841930e+06   2.3254395e+01
   4.0842050e+06   1.7578125e+01
   4.0844250e+06   1.7578125e+01
   4.0932740e+06   2.3864746e+01
   4.0932850e+06   3.8208008e+01
   4.0933190e+06   2.3864746e+01
   4.0933340e+06   2.0690918e+01
   4.0933500e+06   2.4047852e+01
   4.0933640e+06   3.2348633e+01
   4.0933790e+06   3.0883789e+01
   4.0933920e+06   3.3874512e+01
   4.0934070e+06   3.0517578e+01
   4.0934430e+06   3.7475586e+01
   4.0934620e+06   2.0874023e+01
   4.0934970e+06   2.0202637e+01
   4.0935180e+06   2.1606445e+01
   4.0935390e+06   2.1667480e+01
   4.0935630e+06   1.7639160e+01
   4.0936400e+06   2.2338867e+01
   4.0936700e+06   2.2460938e+01
   4.0937290e+06   1.8188477e+01
   4.0937610e+06   2.6428223e+01
   4.0937810e+06   2.1545410e+01
   4.0938430e+06   1.9592285e+01
   4.0939510e+06   2.7343750e+01
   4.0939790e+06   2.1301270e+01
   4.1038350e+06   1.7578125e+01
   4.1038560e+06   2.1484375e+01
   4.1038910e+06   2.0202637e+01
   4.1039190e+06   2.0874023e+01
   4.1039390e+06   2.1179199e+01
   4.1039520e+06   1.8371582e+01
   4.1039630e+06   2.9296875e+01
   4.1039860e+06   1.8859863e+01
   4.1040120e+06   2.6184082e+01
   4.1040310e+06   1.7578125e+01
   4.1040690e+06   2.9052734e+01
   4.1040850e+06   2.3132324e+01
   4.1041010e+06   2.0568848e+01
   4.1041650e+06   1.9470215e+01
   4.1041960e+06   1.8188477e+01
   4.1042340e+06   2.2094727e+01
   4.1044960e+06   1.8859863e+01
   4.1106900e+06   1.8371582e+01
   4.1107230e+06   1.8676758e+01
   4.1107970e+06   2.8686523e+01
   4.1108160e+06   2.4047852e+01
   4.1108540e+06   1.9104004e+01
   4.1108780e+06   2.4780273e+01
   4.1108940e+06   1.9165039e+01
   4.1109300e+06   1.8676758e+01
   4.1109450e+06   2.2399902e+01
   4.1109560e+06   2.4719238e+01
   4.1109760e+06   2.0996094e+01
   4.1109980e+06   2.0690918e+01
   4.1111060e+06   2.2521973e+01
   4.1200900e+06   1.7395020e+01
   4.1201030e+06   2.3803711e+01
   4.1201350e+06   2.6062012e+01
   4.1201450e+06   2.9296875e+01
   4.1201630e+06   1.7456055e+01
   4.1201790e+06   2.4841309e+01
   4.1201950e+06   2.1118164e+01
   4.1202140e+06   1.7395020e+01
   4.1202390e+06   2.4475098e+01
   4.1202790e+06   1.7883301e+01
   4.1203000e+06   1.9653320e+01
   4.1203350e+06   2.0141602e+01
   4.1203500e+06   1.9775391e+01
   4.1203630e+06   2.2033691e+01
   4.1203870e+06   2.1240234e+01
   4.1204010e+06   1.8066406e+01
   4.1204560e+06   2.1789551e+01
   4.1206360e+06   1.7639160e+01
   4.1206490e+06   2.8137207e+01
   4.1207200e+06   2.0080566e+01
   4.1207460e+06   1.7700195e+01
   4.1325730e+06   1.7822266e+01
   4.1325950e+06   2.4108887e+01
   4.1326110e+06   1.7578125e+01
   4.1326360e+06   2.5634766e+01
   4.1326580e+06   3.8696289e+01
   4.1326750e+06   3.0334473e+01
   4.1327080e+06   3.7109375e+01
   4.1327380e+06   2.4230957e+01
   4.1327550e+06   2.5024414e+01
   4.1327690e+06   3.0517578e+01
   4.1327990e+06   2.0996094e+01
   4.1328330e+06   2.9479980e+01
   4.1328510e+06   1.9042969e+01
   4.1328650e+06   1.9042969e+01
   4.1329130e+06   1.9287109e+01
   4.1329330e+06   1.9104004e+01
   4.1329520e+06   2.6062012e+01
   4.1329730e+06   1.8432617e+01
   4.1330360e+06   2.0324707e+01
   4.1332530e+06   1.8432617e+01
   4.1333590e+06   2.3010254e+01
   4.1402630e+06   1.8615723e+01
   4.1403160e+06   1.7333984e+01
   4.1403260e+06   2.1728516e+01
   4.1403570e+06   2.7709961e+01
   4.1403730e+06   1.7883301e+01
   4.1404070e+06   3.1616211e+01
   4.1404260e+06   3.2775879e+01
   4.1404400e+06   1.9470215e+01
   4.1404860e+06   1.8249512e+01
   4.1405030e+06   2.6184082e+01
   4.1405260e+06   3.1921387e+01
   4.1405420e+06   1.9531250e+01
   4.1405740e+06   2.6000977e+01
   4.1406130e+06   1.7639160e+01
   4.1406450e+06   1.7578125e+01
   4.1406820e+06   1.7395020e+01
   4.1483420e+06   2.0874023e+01
   4.1483590e+06   2.8076172e+01
   4.1483890e+06   1.7822266e+01
   4.1484410e+06   2.9785156e+01
   4.1484520e+06   1.7578125e+01
   4.1484690e+06   3.3935547e+01
   4.1484830e+06   1.8981934e+01
   4.1485110e+06   2.2888184e+01
   4.1485390e+06   2.1789551e+01
   4.1485530e+06   2.3193359e+01
   4.1485760e+06   1.9653320e+01
   4.1485920e+06   1.7395020e+01
   4.1486310e+06   2.1911621e+01
   4.1486470e+06   2.3620605e+01
   4.1487200e+06   2.5024414e+01
   4.1489790e+06   2.2705078e+01
   4.1490530e+06   2.3986816e+01
   4.1490920e+06   2.4719238e+01
   4.1496200e+06   1.7578125e+01
   4.1574620e+06   1.9165039e+01
   4.1574810e+06   1.8798828e+01
   4.1575040e+06   2.0874023e+01
   4.1575340e+06   3.5095215e+01
   4.1575500e+06   3.0029297e+01
   4.1575680e+06   2.1179199e+01
   4.1575850e+06   2.9174805e+01
   4.1576180e+06   3.3508301e+01
   4.1576430e+06   2.0385742e+01
   4.1576530e+06   1.9836426e+01
   4.1577010e+06   2.0263672e+01
   4.1577610e+06   2.3620605e+01
   4.1577990e+06   1.9226074e+01
   4.1578270e+06   1.8432617e+01
   4.1578710e+06   1.7944336e+01
   4.1578950e+06   2.2644043e+01
   4.1580910e+06   2.0874023e+01
   4.1659880e+06   2.0874023e+01
   4.1660260e+06   3.3630371e+01
   4.1660570e+06   2.2705078e+01
   4.1660800e+06   1.9470215e+01
   4.1661120e+06   2.5207520e+01
   4.1661330e+06   3.2104492e+01
   4.1661630e+06   1.7333984e+01
   4.1661820e+06   2.0141602e+01
   4.1662760e+06   2.7282715e+01
   4.1663030e+06   2.1423340e+01
   4.1663690e+06   2.7221680e+01
   4.1665840e+06   1.9409180e+01
   4.1667130e+06   1.7517090e+01
   4.1732330e+06   2.0385742e+01
   4.1732730e+06   2.0263672e+01
   4.1732920e+06   3.1616211e+01
   4.1733110e+06   2.1789551e+01
   4.1733450e+06   2.9174805e+01
   4.1733800e+06   1.9836426e+01
   4.1734090e+06   2.7404785e+01
   4.1734200e+06   3.5766602e+01
   4.1734450e+06   2.0263672e+01
   4.1736340e+06   1.7700195e+01
   4.1796310e+06   2.2338867e+01
   4.1796710e+06   1.8493652e+01
   4.1796830e+06   1.8676758e+01
   4.1796950e+06   2.4658203e+01
   4.1797180e+06   1.9836426e+01
   4.1797390e+06   2.9113770e+01
   4.1797940e+06   2.3986816e+01
   4.1798370e+06   1.9592285e+01
   4.1798890e+06   1.8310547e+01
   4.1799020e+06   2.2766113e+01
   4.1799410e+06   1.8493652e+01
   4.1799650e+06   1.7578125e+01
   4.1800210e+06   2.2766113e+01
   4.1800940e+06   2.3803711e+01
   4.1801780e+06   1.8371582e+01
   4.1802750e+06   2.1606445e+01
   4.1803290e+06   1.9592285e+01
   4.1877610e+06   1.9226074e+01
   4.1877760e+06   2.3925781e+01
   4.1878060e+06   2.0629883e+01
   4.1878280e+06   2.4230957e+01
   4.1878380e+06   2.0874023e+01
   4.1878600e+06   2.0568848e+01
   4.1878910e+06   1.7822266e+01
   4.1879190e+06   2.1667480e+01
   4.1879480e+06   2.0385742e+01
   4.1879620e+06   3.1799316e+01
   4.1879850e+06   2.6306152e+01
   4.1880440e+06   2.6794434e+01
   4.1880740e+06   2.9541016e+01
   4.1881100e+06   1.7395020e+01
   4.1881370e+06   1.8981934e+01
   4.1882000e+06   1.7761230e+01
   4.1969890e+06   2.0751953e+01
   4.1970260e+06   4.5471191e+01
   4.1970580e+06   3.8024902e+01
   4.1970850e+06   2.1118164e+01
   4.1971020e+06   3.0395508e+01
   4.1971330e+06   2.1850586e+01
   4.1971960e+06   1.7395020e+01
   4.1972090e+06   3.7658691e+01
   4.1972310e+06   2.6672363e+01
   4.1972560e+06   1.9714355e+01
   4.1972810e+06   1.9165039e+01
   4.1973130e+06   2.0690918e+01
   4.1973260e+06   2.3681641e+01
   4.1974480e+06   1.9958496e+01
   4.1975120e+06   1.7517090e+01
   4.1976030e+06   1.9042969e+01
   4.1977020e+06   2.3132324e+01
   4.1980050e+06   3.3325195e+01
   4.2034010e+06   1.7700195e+01
   4.2034110e+06   2.2155762e+01
   4.2034620e+06   1.9897461e+01
   4.2108580e+06   1.8554688e+01
   4.2108830e+06   1.9592285e+01
   4.2108980e+06   2.4291992e+01
   4.2109130e+06   2.0080566e+01
   4.2109350e+06   3.7719727e+01
   4.2109470e+06   2.6977539e+01
   4.2109600e+06   2.3681641e+01
   4.2110200e+06   2.8808594e+01
   4.2111030e+06   1.9714355e+01
   4.2111140e+06   1.8798828e+01
   4.2111390e+06   1.7822266e+01
   4.2111750e+06   1.8798828e+01
   4.2111860e+06   1.7395020e+01
   4.2112120e+06   2.6550293e+01
   4.2112410e+06   1.8615723e+01
   4.2113620e+06   1.7700195e+01
   4.2114100e+06   2.2521973e+01
   4.2114470e+06   1.8249512e+01
   4.2114770e+06   2.0202637e+01
   4.2115050e+06   1.7456055e+01
   4.2116210e+06   1.7700195e+01
   4.2116950e+06   2.8259277e+01
   4.2198350e+06   2.5268555e+01
   4.2198660e+06   5.2246094e+01
   4.2198990e+06   2.5146484e+01
   4.2199350e+06   3.2043457e+01
   4.2199730e+06   2.1911621e+01
   4.2199930e+06   2.6977539e+01
   4.2200270e+06   2.1423340e+01
   4.2200490e+06   2.1789551e+01
   4.2200680e+06   1.8371582e+01
   4.2200870e+06   1.9470215e+01
   4.2201090e+06   3.6926270e+01
   4.2201400e+06   1.8005371e+01
   4.2201930e+06   2.2888184e+01
   4.2202130e+06   1.9409180e+01
   4.2204420e+06   2.1362305e+01
   4.2207150e+06   1.7578125e+01
   4.2281300e+06   2.3925781e+01
   4.2281560e+06   2.4597168e+01
   4.2281730e+06   3.4912109e+01
   4.2282070e+06   2.4108887e+01
   4.2282220e+06   2.1728516e+01
   4.2282850e+06   2.1423340e+01
   4.2283100e+06   2.8930664e+01
   4.2283530e+06   2.2094727e+01
   4.2283900e+06   2.8015137e+01
   4.2284500e+06   2.0507812e+01
   4.2285200e+06   2.5634766e+01
   4.2289070e+06   1.8066406e+01
   4.2290530e+06   2.3254395e+01
   4.2379670e+06   2.1301270e+01
   4.2379860e+06   3.5888672e+01
   4.2379970e+06   2.1972656e+01
   4.2380340e+06   3.6926270e+01
   4.2380500e+06   2.3010254e+01
   4.2380640e+06   1.7883301e+01
   4.2380770e+06   2.0446777e+01
   4.2380920e+06   1.9042969e+01
   4.2381240e+06   2.0202637e+01
   4.2381340e+06   2.4230957e+01
   4.2381930e+06   1.7517090e+01
   4.2382080e+06   2.6977539e+01
   4.2383000e+06   1.8188477e+01
   4.2383160e+06   2.3132324e+01
   4.2383580e+06   1.8249512e+01
   4.2385070e+06   2.0935059e+01
   4.2385520e+06   1.8859863e+01
   4.2387700e+06   2.1789551e+01
   4.2485670e+06   1.8981934e+01
   4.2485890e+06   2.5451660e+01
   4.2486170e+06   3.0456543e+01
   4.2486510e+06   3.5339355e+01
   4.2486730e+06   3.2104492e+01
   4.2487000e+06   2.8076172e+01
   4.2487160e+06   2.0629883e+01
   4.2487410e+06   1.8981934e+01
   4.2487920e+06   2.3010254e+01
   4.2488060e+06   2.0202637e+01
   4.2488230e+06   1.9653320e+01
   4.2488840e+06   3.1982422e+01
   4.2489040e+06   2.2521973e+01
   4.2489210e+06   2.1667480e+01
   4.2489520e+06   2.0080566e+01
   4.2490110e+06   2.0080566e+01
   4.2491400e+06   1.7456055e+01
   4.2493140e+06   2.7832031e+01
   4.2493560e+06   1.8371582e+01
   4.2494440e+06   1.7639160e+01
   4.2495340e+06   2.1057129e+01
   4.2591460e+06   2.5695801e+01
   4.2591740e+06   2.8381348e+01
   4.2591900e+06   2.1728516e+01
   4.2592170e+06   2.6916504e+01
   4.2592330e+06   2.8869629e+01
   4.2592540e+06   3.3020020e+01
   4.2592770e+06   2.3925781e+01
   4.2592990e+06   2.3620605e+01
   4.2593240e+06   1.8859863e+01
   4.2593400e+06   2.3742676e+01
   4.2593650e+06   2.5512695e+01
   4.2593750e+06   2.0935059e+01
   4.2594210e+06   1.7456055e+01
   4.2594430e+06   2.0141602e+01
   4.2595290e+06   1.7395020e+01
   4.2595590e+06   2.7465820e+01
   4.2597080e+06   1.8005371e+01
   4.2597880e+06   1.9226074e+01
   4.2600190e+06   1.8737793e+01
   4.2600700e+06   1.9775391e+01
   4.2601780e+06   1.9470215e+01
   4.2693580e+06   1.8920898e+01
   4.2693770e+06   2.4169922e+01
   4.2694050e+06   4.0954590e+01
   4.2694390e+06   2.1728516e+01
   4.2694690e+06   5.0292969e+01
   4.2695040e+06   2.1789551e+01
   4.2695290e+06   1.8920898e+01
   4.2695630e+06   1.9226074e+01
   4.2695950e+06   1.7944336e+01
   4.2696200e+06   1.8981934e+01
   4.2696430e+06   1.7700195e+01
   4.2696800e+06   2.7832031e+01
   4.2697530e+06   2.4108887e+01
   4.2697710e+06   2.2583008e+01
   4.2698820e+06   1.9409180e+01
   4.2700970e+06   1.8371582e+01
   4.2701460e+06   2.1057129e+01
   4.2788740e+06   2.0080566e+01
   4.2788880e+06   2.2644043e+01
   4.2789240e+06   2.2399902e+01
   4.2789430e+06   2.8442383e+01
   4.2789570e+06   2.7282715e+01
   4.2789930e+06   4.4738770e+01
   4.2790060e+06   2.3803711e+01
   4.2790490e+06   1.9042969e+01
   4.2790640e+06   1.8127441e+01
   4.2790850e+06   2.6550293e+01
   4.2791720e+06   1.8493652e+01
   4.2791910e+06   1.8554687e+01
   4.2792320e+06   2.4353027e+01
   4.2793450e+06   1.8493652e+01
   4.2794660e+06   2.2338867e+01
   4.2796110e+06   1.7944336e+01
   4.2796630e+06   1.8493652e+01
   4.2796760e+06   2.0019531e+01
   4.2901880e+06   1.8615723e+01
   4.2902340e+06   2.5573730e+01
   4.2902590e+06   3.0639648e+01
   4.2902830e+06   4.0588379e+01
   4.2903000e+06   1.9958496e+01
   4.2903260e+06   1.9531250e+01
   4.2903470e+06   2.2949219e+01
   4.2903590e+06   3.1982422e+01
   4.2903890e+06   1.7517090e+01
   4.2904270e+06   2.5024414e+01
   4.2904590e+06   2.5390625e+01
   4.2904820e+06   2.2888184e+01
   4.2905070e+06   1.7761230e+01
   4.2905300e+06   2.7526855e+01
   4.2905870e+06   1.8066406e+01
   4.2906130e+06   2.2460938e+01
   4.2908950e+06   2.2155762e+01
   4.2910090e+06   2.0507812e+01
   4.2910500e+06   1.9226074e+01
   4.2914270e+06   1.7700195e+01
   4.3014690e+06   2.2216797e+01
   4.3014950e+06   3.9794922e+01
   4.3015200e+06   2.8625488e+01
   4.3015410e+06   3.1738281e+01
   4.3015650e+06   3.2592773e+01
   4.3015820e+06   2.3376465e+01
   4.3016180e+06   2.6977539e+01
   4.3016620e+06   1.9348145e+01
   4.3017170e+06   2.2338867e+01
   4.3017290e+06   1.9958496e+01
   4.3017690e+06   2.3071289e+01
   4.3017930e+06   1.8554688e+01
   4.3018300e+06   1.7578125e+01
   4.3018890e+06   2.2827148e+01
   4.3020110e+06   2.1667480e+01
   4.3021990e+06   1.9958496e+01
   4.3025540e+06   2.4658203e+01
   4.3111580e+06   2.1179199e+01
   4.3111850e+06   3.1250000e+01
   4.3111970e+06   2.5329590e+01
   4.3112100e+06   1.9042969e+01
   4.3112300e+06   2.7282715e+01
   4.3112570e+06   2.4902344e+01
   4.3113040e+06   1.7761230e+01
   4.3113300e+06   1.7944336e+01
   4.3113550e+06   2.1179199e+01
   4.3113820e+06   1.8310547e+01
   4.3114200e+06   1.9226074e+01
   4.3114430e+06   1.7700195e+01
   4.3114790e+06   2.4902344e+01
   4.3116570e+06   1.7944336e+01
   4.3118200e+06   1.9287109e+01
   4.3120550e+06   2.2155762e+01
   4.3128140e+06   1.8920898e+01
   4.3219270e+06   1.9165039e+01
   4.3219570e+06   1.8249512e+01
   4.3219820e+06   3.6193848e+01
   4.3220130e+06   2.6184082e+01
   4.3220310e+06   1.8798828e+01
   4.3220480e+06   2.6306152e+01
   4.3220870e+06   2.6855469e+01
   4.3221100e+06   2.4108887e+01
   4.3221540e+06   2.6550293e+01
   4.3222190e+06   2.3986816e+01
   4.3222680e+06   1.9104004e+01
   4.3224710e+06   1.7395020e+01
   4.3225450e+06   1.9653320e+01
   4.3225770e+06   1.7578125e+01
   4.3226290e+06   2.2338867e+01
   4.3226840e+06   2.1057129e+01
   4.3227480e+06   2.3620605e+01
   4.3231400e+06   1.8310547e+01
   4.3234730e+06   1.8737793e+01
   4.3353200e+06   1.9470215e+01
   4.3353400e+06   2.9968262e+01
   4.3353760e+06   2.5939941e+01
   4.3354010e+06   2.6611328e+01
   4.3354210e+06   3.0578613e+01
   4.3354450e+06   2.6123047e+01
   4.3354720e+06   4.1259766e+01
   4.3354850e+06   2.0874023e+01
   4.3355000e+06   2.8625488e+01
   4.3355430e+06   1.7333984e+01
   4.3355580e+06   2.0507812e+01
   4.3355870e+06   1.9104004e+01
   4.3356050e+06   3.0944824e+01
   4.3356640e+06   1.9592285e+01
   4.3357080e+06   1.7395020e+01
   4.3359350e+06   1.9409180e+01
   4.3359520e+06   2.4841309e+01
   4.3360530e+06   1.8127441e+01
   4.3361370e+06   2.0324707e+01
   4.3361530e+06   2.3803711e+01
   4.3361700e+06   1.8493652e+01
   4.3363520e+06   1.8005371e+01
   4.3459050e+06   2.3681641e+01
   4.3459310e+06   2.4108887e+01
   4.3459530e+06   3.2592773e+01
   4.3459810e+06   2.1789551e+01
   4.3460090e+06   2.8808594e+01
   4.3460300e+06   1.9653320e+01
   4.3460520e+06   3.5888672e+01
   4.3460750e+06   1.9287109e+01
   4.3461030e+06   1.9836426e+01
   4.3461600e+06   2.0263672e+01
   4.3461900e+06   1.8310547e+01
   4.3462070e+06   1.9592285e+01
   4.3464930e+06   1.9714355e+01
   4.3466450e+06   1.7944336e+01
   4.3471270e+06   2.2583008e+01
   4.3475860e+06   1.8371582e+01
   4.3548660e+06   1.9042969e+01
   4.3548920e+06   2.7709961e+01
   4.3549160e+06   2.0507812e+01
   4.3549360e+06   3.3081055e+01
   4.3549480e+06   1.8859863e+01
   4.3549690e+06   2.2949219e+01
   4.3550390e+06   1.8859863e+01
   4.3550640e+06   1.7883301e+01
   4.3550790e+06   1.9592285e+01
   4.3551260e+06   1.8981934e+01
   4.3551630e+06   2.0629883e+01
   4.3552160e+06   1.9287109e+01
   4.3553620e+06   2.2888184e+01
   4.3639020e+06   2.1545410e+01
   4.3639440e+06   2.0996094e+01
   4.3639630e+06   2.8381348e+01
   4.3639790e+06   4.0283203e+01
   4.3639980e+06   1.9348145e+01
   4.3640100e+06   2.5939941e+01
   4.3640200e+06   1.7944336e+01
   4.3640450e+06   2.7526855e+01
   4.3640750e+06   2.1362305e+01
   4.3641010e+06   2.1789551e+01
   4.3641240e+06   1.9592285e+01
   4.3641430e+06   1.7456055e+01
   4.3641660e+06   1.9714355e+01
   4.3641870e+06   2.1301270e+01
   4.3642660e+06   1.7333984e+01
   4.3642860e+06   2.2521973e+01
   4.3644040e+06   1.8859863e+01
   4.3649500e+06   1.9348145e+01
   4.3690440e+06   1.8310547e+01
   4.3691440e+06   2.5207520e+01
   4.3691580e+06   1.8432617e+01
   4.3691940e+06   1.9409180e+01
   4.3692460e+06   1.7578125e+01
   4.3692790e+06   1.7333984e+01
   4.3758120e+06   2.1179199e+01
   4.3758430e+06   1.9775391e+01
   4.3758640e+06   2.9174805e+01
   4.3758950e+06   2.2766113e+01
   4.3759070e+06   2.1606445e+01
   4.3759230e+06   4.1503906e+01
   4.3759550e+06   2.3925781e+01
   4.3759780e+06   2.2155762e+01
   4.3760100e+06   1.8127441e+01
   4.3760290e+06   1.8615723e+01
   4.3760810e+06   1.9897461e+01
   4.3761060e+06   2.1301270e+01
   4.3761310e+06   1.7822266e+01
   4.3761680e+06   2.1606445e+01
   4.3762240e+06   1.7395020e+01
   4.3845360e+06   3.2958984e+01
   4.3845570e+06   3.6621094e+01
   4.3845790e+06   2.6062012e+01
   4.3845920e+06   2.5207520e+01
   4.3846270e+06   3.0578613e+01
   4.3846640e+06   2.1667480e+01
   4.3846880e+06   2.4597168e+01
   4.3847310e+06   2.1850586e+01
   4.3847430e+06   1.9226074e+01
   4.3847670e+06   1.8066406e+01
   4.3848100e+06   2.3559570e+01
   4.3849510e+06   1.8554688e+01
   4.3849710e+06   1.9348145e+01
   4.3850350e+06   1.9287109e+01
   4.3946280e+06   1.9104004e+01
   4.3946550e+06   2.7770996e+01
   4.3946730e+06   2.2583008e+01
   4.3947090e+06   2.8503418e+01
   4.3947210e+06   2.2949219e+01
   4.3947310e+06   1.7700195e+01
   4.3947570e+06   3.6621094e+01
   4.3948160e+06   3.2531738e+01
   4.3948520e+06   1.9836426e+01
   4.3948990e+06   2.4597168e+01
   4.3949320e+06   1.7395020e+01
   4.3950010e+06   2.0385742e+01
   4.3950780e+06   2.1057129e+01
   4.3951470e+06   2.1484375e+01
   4.3953980e+06   2.0690918e+01
   4.4085650e+06   2.4414062e+01
   4.4085930e+06   3.8269043e+01
   4.4086050e+06   1.8005371e+01
   4.4086230e+06   2.9663086e+01
   4.4086560e+06   3.9733887e+01
   4.4086770e+06   1.8859863e+01
   4.4086970e+06   2.0263672e+01
   4.4087070e+06   2.1118164e+01
   4.4087590e+06   2.5756836e+01
   4.4088330e+06   1.8493652e+01
   4.4088830e+06   2.0629883e+01
   4.4088990e+06   1.8493652e+01
   4.4089770e+06   1.8737793e+01
   4.4092320e+06   1.9958496e+01
   4.4099750e+06   1.7456055e+01
   4.4290430e+06   2.6672363e+01
   4.4290650e+06   2.1789551e+01
   4.4290780e+06   3.5034180e+01
   4.4291090e+06   3.5339355e+01
   4.4291220e+06   2.0935059e+01
   4.4291470e+06   1.8859863e+01
   4.4291720e+06   1.8188477e+01
   4.4291890e+06   2.0751953e+01
   4.4292190e+06   3.0944824e+01
   4.4292350e+06   2.1728516e+01
   4.4292540e+06   1.7700195e+01
   4.4292650e+06   2.2399902e+01
   4.4293260e+06   1.8554688e+01
   4.4294070e+06   2.3986816e+01
   4.4296240e+06   2.0751953e+01
   4.4298540e+06   1.7578125e+01
   4.4300560e+06   1.8615723e+01
   4.4483390e+06   2.8320312e+01
   4.4483530e+06   1.9653320e+01
   4.4483650e+06   2.5146484e+01
   4.4483790e+06   3.0761719e+01
   4.4483910e+06   2.5695801e+01
   4.4484260e+06   2.8564453e+01
   4.4484370e+06   2.2460938e+01
   4.4484600e+06   2.3071289e+01
   4.4484760e+06   2.7893066e+01
   4.4485700e+06   1.8127441e+01
   4.4486970e+06   1.8371582e+01
   4.4487370e+06   2.3010254e+01
   4.4847560e+06   1.8676758e+01
   4.4847710e+06   1.8737793e+01
   4.4848060e+06   2.8808594e+01
   4.4848500e+06   2.6184082e+01
   4.4848860e+06   2.4291992e+01
   4.4850020e+06   1.9470215e+01
   4.4850400e+06   1.7883301e+01
   4.4851420e+06   1.8615723e+01
   4.4851880e+06   1.7700195e+01
   4.4854950e+06   1.8371582e+01
   4.4855440e+06   2.2155762e+01
   4.5270900e+06   2.0446777e+01
   4.5272240e+06   1.7395020e+01
   4.5273370e+06   2.3681641e+01
   4.5274530e+06   1.7639160e+01
   4.5275630e+06   2.0874023e+01
   4.5588130e+06   1.8066406e+01
   4.5591170e+06   2.2888184e+01
   4.5591870e+06   1.9897461e+01
   4.5610380e+06   1.7822266e+01
   4.5611740e+06   1.7761230e+01
   4.5616500e+06   1.9287109e+01
   4.5746530e+06   1.8432617e+01
   4.5747450e+06   1.8676758e+01
   4.7028330e+06   1.8310547e+01
   4.7035600e+06   1.7395020e+01
   4.7107780e+06   1.9226074e+01
   4.7274120e+06   1.7944336e+01
   4.7839640e+06   1.8676758e+01
   4.7847370e+06   1.8798828e+01
   4.8132330e+06   1.7578125e+01
   4.8322620e+06   1.8371582e+01
   4.8550120e+06   1.7700195e+01
   4.8600300e+06   1.7578125e+01
   4.8609800e+06   1.9653320e+01
   4.8683640e+06   1.7639160e+01
   4.8838890e+06   1.9348145e+01
   4.8951160e+06   1.7944336e+01
   4.9090380e+06   1.7456055e+01
   4.9161080e+06   1.7578125e+01
   4.9258660e+06   1.9226074e+01
   4.9294180e+06   2.0812988e+01
   4.9312440e+06   1.9104004e+01
   4.9345750e+06   1.8615723e+01
   4.9363000e+06   1.9104004e+01
   4.9363700e+06   1.8615723e+01
   4.9478700e+06   1.7333984e+01
   4.9498430e+06   1.8615723e+01
   4.9622880e+06   1.9104004e+01
   4.9674790e+06   1.8554688e+01
   4.9689010e+06   1.8676758e+01
   4.9693210e+06   1.8981934e+01
   4.9696120e+06   2.4169922e+01
   4.9707690e+06   1.8371582e+01
   4.9732810e+06   1.8676758e+01
   4.9805420e+06   2.0507812e+01
   4.9839680e+06   1.8005371e+01
   4.9846660e+06   1.9226074e+01
   4.9901750e+06   1.9348145e+01
   5.0019010e+06   1.8249512e+01
   5.0241270e+06   1.9287109e+01
   5.0257780e+06   1.7578125e+01
   5.0321140e+06   1.7333984e+01
   5.0327230e+06   1.7761230e+01
   5.0348280e+06   1.8127441e+01
   5.0348690e+06   1.7944336e+01
   5.0424800e+06   1.7395020e+01
   5.0445420e+06   1.8005371e+01
   5.0454300e+06   1.7944336e+01
   5.0485050e+06   1.9042969e+01
   5.0539770e+06   1.9042969e+01
   5.0541250e+06   2.0629883e+01
   5.0659530e+06   1.8188477e+01
   5.0668810e+06   1.7822266e+01
   5.0673680e+06   1.8798828e+01
   5.0713850e+06   1.8188477e+01
   5.0826690e+06   2.0385742e+01
   5.0831060e+06   1.7761230e+01
   5.0878510e+06   2.0324707e+01
   5.0894630e+06   1.7456055e+01
   5.0908770e+06   2.0324707e+01
   5.0941030e+06   2.0629883e+01
   5.0947040e+06   1.8310547e+01
   5.1097710e+06   1.8371582e+01
   5.1101320e+06   1.8981934e+01
   5.1166810e+06   1.8737793e+01
   5.1316280e+06   1.8371582e+01
   5.1366080e+06   1.8188477e+01
   5.1381320e+06   1.8737793e+01
   5.1513230e+06   1.7700195e+01
   5.1627360e+06   1.7395020e+01
   5.1706340e+06   1.9409180e+01
   5.1720750e+06   1.7639160e+01
   5.1777010e+06   1.9470215e+01
   5.1906610e+06   1.7517090e+01
   5.1970700e+06   1.8310547e+01
   5.1980540e+06   1.7761230e+01
   5.1981430e+06   2.5329590e+01
   5.2092570e+06   1.7395020e+01
   5.2093360e+06   1.8310547e+01
   5.2191710e+06   2.0080566e+01
   5.2203680e+06   2.0080566e+01
   5.2215530e+06   1.7761230e+01
   5.2218180e+06   1.7883301e+01
   5.2257460e+06   1.8188477e+01
   5.2260580e+06   1.7578125e+01
   5.2436260e+06   1.8310547e+01
   5.2442360e+06   1.9287109e+01
   5.2448140e+06   1.9714355e+01
   5.2467770e+06   1.8127441e+01
   5.2503060e+06   2.1057129e+01
   5.2551830e+06   1.7517090e+01
   5.2646660e+06   1.8737793e+01
   5.2662000e+06   1.8371582e+01
   5.2803330e+06   1.8127441e+01
   5.2852320e+06   1.7700195e+01
   5.2860610e+06   1.9714355e+01
   5.2899990e+06   1.9226074e+01
   5.2900660e+06   1.9409180e+01
   5.2968480e+06   1.9042969e+01
   5.3031670e+06   1.9836426e+01
   5.3046090e+06   1.8493652e+01
   5.3071510e+06   1.7395020e+01
   5.3073430e+06   1.9470215e+01
   5.3088650e+06   1.8676758e+01
   5.3185200e+06   1.8066406e+01
   5.3223070e+06   1.8066406e+01
   5.3312030e+06   1.8493652e+01
   5.3396780e+06   1.9897461e+01
   5.3405320e+06   2.0690918e+01
   5.3422290e+06   1.8798828e+01
   5.3618960e+06   1.7456055e+01
   5.3703740e+06   1.7517090e+01
   5.3741870e+06   1.8188477e+01
   5.3759110e+06   1.9042969e+01
   5.3769230e+06   1.8920898e+01
   5.3798760e+06   2.2766113e+01
   5.3813160e+06   1.9775391e+01
   5.3834070e+06   1.9042969e+01
   5.3836920e+06   1.7395020e+01
   5.3845480e+06   1.7822266e+01
   5.3892520e+06   1.8859863e+01
   5.3980220e+06   1.7395020e+01
   5.3994170e+06   1.7333984e+01
   5.3995260e+06   1.7517090e+01
   5.4126040e+06   2.0263672e+01
   5.4173090e+06   1.8493652e+01
   5.4236430e+06   1.9714355e+01
   5.4255000e+06   2.1789551e+01
   5.4334900e+06   1.7456055e+01
   5.4595330e+06   1.7456055e+01
   5.4874140e+06   2.0690918e+01
   5.4890550e+06   1.8432617e+01
   5.4957650e+06   2.1362305e+01
   5.5039350e+06   1.7944336e+01
   5.5075530e+06   1.8920898e+01
   5.5162380e+06   1.7578125e+01
   5.5268980e+06   1.7333984e+01
   5.5290810e+06   1.8920898e+01
   5.5459930e+06   1.8188477e+01
   5.5467670e+06   1.8493652e+01
   5.5483690e+06   1.7761230e+01
   5.5606770e+06   1.8798828e+01
   5.5611900e+06   1.9348145e+01
   5.5665250e+06   2.7709961e+01
   5.5673410e+06   1.9287109e+01
   5.5706030e+06   1.7395020e+01
   5.5774740e+06   1.7456055e+01
   5.5908210e+06   1.8493652e+01
   5.5914380e+06   1.8981934e+01
   5.5978920e+06   1.8615723e+01
   5.5985990e+06   1.7700195e+01
   5.6003940e+06   2.1728516e+01
   5.6163950e+06   2.1911621e+01
   5.6166390e+06   2.7465820e+01
   5.6260790e+06   2.0507812e+01
   5.6261710e+06   1.9836426e+01
   5.6262420e+06   1.9104004e+01
   5.6348200e+06   1.7883301e+01
   5.6417220e+06   1.9714355e+01
   5.6704480e+06   1.7639160e+01
   5.6706040e+06   2.2766113e+01
   5.6706580e+06   1.7700195e+01
   5.6800800e+06   1.9714355e+01
   5.6930900e+06   1.8066406e+01
   5.6957700e+06   1.7517090e+01
   5.7197510e+06   1.9958496e+01
   5.7199700e+06   1.8249512e+01
   5.7329640e+06   2.2949219e+01
   5.7330390e+06   1.7517090e+01
   5.7456570e+06   1.7333984e+01
   5.7555740e+06   1.9714355e+01
   5.7556150e+06   2.1911621e+01
   5.7557250e+06   1.8005371e+01
   5.7557460e+06   2.0385742e+01
   5.7558430e+06   1.7944336e+01
   5.7567820e+06   1.8493652e+01
   5.7698150e+06   1.9165039e+01
   5.7698330e+06   2.2399902e+01
   5.7699510e+06   1.7517090e+01
   5.7700810e+06   1.8371582e+01
   5.7772160e+06   1.9104004e+01
   5.7794730e+06   1.8737793e+01
   5.7849720e+06   1.9958496e+01
   5.7850330e+06   1.9287109e+01
   5.8018890e+06   2.0629883e+01
   5.8019450e+06   1.9226074e+01
   5.8020200e+06   1.7822266e+01
   5.8020480e+06   2.0263672e+01
   5.8020740e+06   1.9226074e+01
   5.8020910e+06   2.3864746e+01
   5.8064820e+06   2.0568848e+01
   5.8065530e+06   2.2521973e+01
   5.8066060e+06   2.0690918e+01
   5.8066500e+06   1.7517090e+01
   5.8066900e+06   1.8188477e+01
   5.8067290e+06   2.0751953e+01
   5.8067400e+06   2.9357910e+01
   5.8067760e+06   1.8737793e+01
   5.8067940e+06   1.9531250e+01
   5.8119660e+06   1.8188477e+01
   5.8120170e+06   2.2705078e+01
   5.8120480e+06   2.1057129e+01
   5.8120620e+06   1.8005371e+01
   5.8121690e+06   1.8371582e+01
   5.8121840e+06   1.9653320e+01
   5.8122440e+06   2.1728516e+01
   5.8122650e+06   1.7822266e+01
   5.8175460e+06   2.3132324e+01
   5.8175780e+06   2.3071289e+01
   5.8176110e+06   1.8920898e+01
   5.8176720e+06   2.0202637e+01
   5.8176980e+06   1.7700195e+01
   5.8177170e+06   1.7944336e+01
   5.8177640e+06   1.7517090e+01
   5.8178400e+06   1.9042969e+01
   5.8243460e+06   1.9104004e+01
   5.8244270e+06   1.9958496e+01
   5.8244400e+06   2.3254395e+01
   5.8244830e+06   2.2460938e+01
   5.8245100e+06   1.8493652e+01
   5.8245530e+06   1.9836426e+01
   5.8245680e+06   2.1057129e+01
   5.8245870e+06   2.4047852e+01
   5.8246170e+06   2.2338867e+01
   5.8246760e+06   2.1606445e+01
   5.8294010e+06   2.1423340e+01
   5.8295610e+06   1.7639160e+01
   5.8346710e+06   1.9531250e+01
   5.8347570e+06   2.0507812e+01
   5.8348250e+06   1.9775391e+01
   5.8348490e+06   1.9104004e+01
   5.8349230e+06   2.0141602e+01
   5.8349460e+06   2.4658203e+01
   5.8350000e+06   1.7700195e+01
   5.8416840e+06   1.8066406e+01
   5.8417420e+06   1.7822266e+01
   5.8417740e+06   1.7944336e+01
   5.8418150e+06   1.9226074e+01
   5.8418410e+06   1.8188477e+01
   5.8418590e+06   1.9409180e+01
   5.8418740e+06   1.8005371e+01
   5.8418850e+06   2.4047852e+01
   5.8419210e+06   2.8015137e+01
   5.8419500e+06   2.6184082e+01
   5.8419720e+06   2.4658203e+01
   5.8419860e+06   2.0629883e+01
   5.8420000e+06   1.8737793e+01
   5.8420490e+06   2.0690918e+01
   5.8514350e+06   1.9470215e+01
   5.8514480e+06   1.7700195e+01
   5.8514940e+06   1.9714355e+01
   5.8515130e+06   2.5817871e+01
   5.8515480e+06   1.8798828e+01
   5.8515710e+06   2.2827148e+01
   5.8515990e+06   2.5207520e+01
   5.8516310e+06   2.4963379e+01
   5.8516540e+06   3.3264160e+01
   5.8516800e+06   2.6611328e+01
   5.8517070e+06   2.6672363e+01
   5.8517220e+06   2.7099609e+01
   5.8517360e+06   2.1118164e+01
   5.8517680e+06   1.9226074e+01
   5.8517800e+06   2.4841309e+01
   5.8518170e+06   2.0202637e+01
   5.8518400e+06   1.9409180e+01
   5.8518670e+06   2.1240234e+01
   5.8520230e+06   1.9042969e+01
   5.8593290e+06   1.9226074e+01
   5.8594600e+06   2.0080566e+01
   5.8683960e+06   2.0324707e+01
   5.8684760e+06   2.2338867e+01
   5.8684930e+06   1.8798828e+01
   5.8685090e+06   3.4057617e+01
   5.8685340e+06   2.3620605e+01
   5.8685550e+06   3.4240723e+01
   5.8685750e+06   2.2399902e+01
   5.8685980e+06   3.4545898e+01
   5.8686110e+06   2.3681641e+01
   5.8686410e+06   2.1179199e+01
   5.8686870e+06   2.3986816e+01
   5.8687020e+06   2.8381348e+01
   5.8687360e+06   2.3803711e+01
   5.8687550e+06   1.7761230e+01
   5.8688480e+06   2.5390625e+01
   5.8688620e+06   1.8188477e+01
   5.8689440e+06   2.1240234e+01
   5.8690520e+06   1.9470215e+01
   5.8690850e+06   1.8920898e+01
   5.8774200e+06   1.8005371e+01
   5.8859360e+06   2.0996094e+01
   5.8860060e+06   1.9042969e+01
   5.8860200e+06   1.7333984e+01
   5.8860450e+06   2.8015137e+01
   5.8860900e+06   2.0568848e+01
   5.8861210e+06   2.4230957e+01
   5.8953200e+06   2.0568848e+01
   5.8953320e+06   2.4108887e+01
   5.8953610e+06   2.7282715e+01
   5.8953720e+06   2.6062012e+01
   5.8953940e+06   3.0517578e+01
   5.8954260e+06   2.4841309e+01
   5.8954410e+06   2.1545410e+01
   5.8954630e+06   3.0273438e+01
   5.8954800e+06   2.8076172e+01
   5.8955060e+06   1.9470215e+01
   5.8955520e+06   2.2460938e+01
   5.8955620e+06   3.4301758e+01
   5.8956010e+06   2.7465820e+01
   5.8956580e+06   2.5329590e+01
   5.8956810e+06   2.0019531e+01
   5.8957030e+06   2.0812988e+01
   5.8958180e+06   2.1057129e+01
   5.8958380e+06   1.9958496e+01
   5.8958930e+06   1.9226074e+01
   5.8959140e+06   1.7883301e+01
   5.8959750e+06   3.4667969e+01
   5.8960460e+06   1.7883301e+01
   5.8961000e+06   1.8127441e+01
   5.8962270e+06   1.7883301e+01
   5.9037940e+06   1.7944336e+01
   5.9075230e+06   1.8737793e+01
   5.9075930e+06   1.9714355e+01
   5.9076900e+06   1.8615723e+01
   5.9151490e+06   1.9165039e+01
   5.9151810e+06   1.8981934e+01
   5.9152350e+06   2.6367188e+01
   5.9152470e+06   2.9541016e+01
   5.9152730e+06   3.9794922e+01
   5.9152950e+06   2.5817871e+01
   5.9153100e+06   3.7902832e+01
   5.9153300e+06   2.2827148e+01
   5.9153700e+06   2.3620605e+01
   5.9154000e+06   1.9836426e+01
   5.9155230e+06   3.3630371e+01
   5.9156130e+06   2.4841309e+01
   5.9156770e+06   2.9418945e+01
   5.9158360e+06   1.7333984e+01
   5.9158560e+06   1.8310547e+01
   5.9158850e+06   1.9531250e+01
   5.9159220e+06   2.7770996e+01
   5.9159700e+06   1.7333984e+01
   5.9160030e+06   2.7709961e+01
   5.9160130e+06   2.0874023e+01
   5.9160440e+06   1.9958496e+01
   5.9160950e+06   2.0263672e+01
   5.9161840e+06   2.3498535e+01
   5.9243960e+06   1.7883301e+01
   5.9246960e+06   1.9592285e+01
   5.9248180e+06   1.7517090e+01
   5.9280640e+06   1.7456055e+01
   5.9281510e+06   1.8554688e+01
   5.9282530e+06   1.7578125e+01
   5.9282630e+06   1.7517090e+01
   5.9282770e+06   2.1850586e+01
   5.9283490e+06   1.8310547e+01
   5.9283590e+06   2.1423340e+01
   5.9325040e+06   1.8737793e+01
   5.9325290e+06   1.8005371e+01
   5.9325550e+06   1.9226074e+01
   5.9325690e+06   1.7517090e+01
   5.9325880e+06   1.8310547e+01
   5.9326200e+06   1.8127441e+01
   5.9326550e+06   2.3071289e+01
   5.9433250e+06   5.4565430e+01
   5.9433390e+06   3.4057617e+01
   5.9433530e+06   2.8259277e+01
   5.9433670e+06   3.7902832e+01
   5.9433810e+06   3.6376953e+01
   5.9434080e+06   2.0996094e+01
   5.9434540e+06   2.0751953e+01
   5.9434740e+06   2.0935059e+01
   5.9435000e+06   2.1118164e+01
   5.9435260e+06   2.4291992e+01
   5.9435780e+06   2.0141602e+01
   5.9436410e+06   2.1057129e+01
   5.9436570e+06   2.8869629e+01
   5.9437380e+06   1.7578125e+01
   5.9437770e+06   2.0507812e+01
   5.9438780e+06   1.9409180e+01
   5.9439210e+06   1.8066406e+01
   5.9439470e+06   1.8005371e+01
   5.9439650e+06   2.0263672e+01
   5.9440380e+06   1.9165039e+01
   5.9441580e+06   1.8737793e+01
   5.9442380e+06   2.0935059e+01
   5.9443560e+06   1.8615723e+01
   5.9444570e+06   2.4291992e+01
   5.9511510e+06   1.8371582e+01
   5.9513180e+06   1.7333984e+01
   5.9513420e+06   1.7883301e+01
   5.9548610e+06   1.8066406e+01
   5.9549290e+06   1.9775391e+01
   5.9549810e+06   1.7883301e+01
   5.9550310e+06   2.2827148e+01
   5.9550490e+06   2.0263672e+01
   5.9550850e+06   2.4475098e+01
   5.9551120e+06   2.3986816e+01
   5.9551380e+06   1.8737793e+01
   5.9551570e+06   2.4291992e+01
   5.9551720e+06   1.7944336e+01
   5.9552130e+06   2.1118164e+01
   5.9591650e+06   2.3620605e+01
   5.9592700e+06   1.8310547e+01
   5.9593250e+06   1.8920898e+01
   5.9593680e+06   1.9165039e+01
   5.9594070e+06   1.8371582e+01
   5.9678850e+06   2.4536133e+01
   5.9679330e+06   2.2033691e+01
   5.9679520e+06   2.7770996e+01
   5.9679770e+06   3.3630371e+01
   5.9680130e+06   2.6916504e+01
   5.9680230e+06   2.3376465e+01
   5.9680420e+06   3.0700684e+01
   5.9680620e+06   1.8005371e+01
   5.9680770e+06   1.8981934e+01
   5.9680940e+06   2.2277832e+01
   5.9681170e+06   2.0019531e+01
   5.9681450e+06   2.3132324e+01
   5.9681620e+06   2.4230957e+01
   5.9681850e+06   2.0874023e+01
   5.9682130e+06   2.5390625e+01
   5.9682250e+06   3.7963867e+01
   5.9682620e+06   2.9724121e+01
   5.9683110e+06   2.5390625e+01
   5.9683760e+06   2.2277832e+01
   5.9684450e+06   1.7333984e+01
   5.9684720e+06   1.8920898e+01
   5.9685070e+06   1.9104004e+01
   5.9685630e+06   2.2521973e+01
   5.9685900e+06   1.9836426e+01
   5.9686330e+06   2.5512695e+01
   5.9686800e+06   2.0935059e+01
   5.9687130e+06   2.1606445e+01
   5.9689190e+06   1.9531250e+01
   5.9691830e+06   1.7395020e+01
   5.9693590e+06   1.9042969e+01
   5.9759370e+06   1.8005371e+01
   5.9804620e+06   1.8188477e+01
   5.9805220e+06   1.8249512e+01
   5.9805430e+06   2.3803711e+01
   5.9805650e+06   3.3081055e+01
   5.9805840e+06   3.5949707e+01
   5.9805950e+06   2.4291992e+01
   5.9806050e+06   2.0996094e+01
   5.9806240e+06   3.0517578e+01
   5.9806370e+06   3.0883789e+01
   5.9806700e+06   3.1982422e+01
   5.9806820e+06   1.9287109e+01
   5.9807060e+06   1.9409180e+01
   5.9807320e+06   3.4729004e+01
   5.9807650e+06   1.9958496e+01
   5.9807780e+06   2.3315430e+01
   5.9808020e+06   1.8432617e+01
   5.9808280e+06   1.8737793e+01
   5.9808410e+06   3.3508301e+01
   5.9809120e+06   2.3864746e+01
   5.9810780e+06   2.1484375e+01
   5.9877970e+06   1.7639160e+01
   5.9878170e+06   2.3315430e+01
   5.9878410e+06   3.0883789e+01
   5.9878670e+06   3.6560059e+01
   5.9878770e+06   2.1362305e+01
   5.9879080e+06   2.1118164e+01
   5.9879280e+06   2.3803711e+01
   5.9879560e+06   2.2216797e+01
   5.9879680e+06   2.2155762e+01
   5.9880170e+06   2.6611328e+01
   5.9880460e+06   2.0629883e+01
   5.9880680e+06   1.8371582e+01
   5.9880890e+06   2.3132324e+01
   5.9881080e+06   1.7639160e+01
   5.9881210e+06   2.4536133e+01
   5.9881600e+06   1.7944336e+01
   5.9881940e+06   2.8076172e+01
   5.9882060e+06   2.3864746e+01
   5.9882850e+06   2.4230957e+01
   5.9885230e+06   2.4108887e+01
   5.9886360e+06   1.7517090e+01
   5.9887800e+06   1.7761230e+01
   5.9951330e+06   1.8310547e+01
   5.9952150e+06   2.7465820e+01
   5.9952410e+06   3.1921387e+01
   5.9952600e+06   2.8808594e+01
   5.9952900e+06   2.4353027e+01
   5.9953010e+06   4.6875000e+01
   5.9953270e+06   1.8798828e+01
   5.9953450e+06   2.7832031e+01
   5.9953720e+06   1.8188477e+01
   5.9954040e+06   2.5573730e+01
   5.9954240e+06   1.8798828e+01
   5.9954450e+06   1.7639160e+01
